date,收盘价(前复权)(元),股息率(Tushare)(%),十年,股债性价比,温度计
2003-01-02,1.8700,2.0648,3.0781,0.6708,14.4044
2003-01-03,1.8700,2.0668,3.1402,0.6582,15.0088
2003-01-06,1.8800,2.0586,3.2379,0.6358,16.0413
2003-01-07,1.8800,2.0627,3.1941,0.6458,15.5125
2003-01-08,1.9700,1.9667,3.1692,0.6206,17.1997
2003-01-09,2.0000,1.9373,3.3369,0.5806,19.8439
2003-01-10,1.9700,1.9667,3.1219,0.6300,16.5701
2003-01-13,1.9400,1.9913,3.0967,0.6430,15.6384
2003-01-14,2.1400,1.8103,3.1497,0.5748,20.4231
2003-01-15,2.0900,1.8491,3.1259,0.5915,19.0380
2003-01-16,2.1200,1.8214,3.2081,0.5678,21.1785
2003-01-17,2.1300,1.8182,3.2389,0.5614,21.7074
2003-01-20,2.1600,1.7930,3.1604,0.5673,21.2037
2003-01-21,2.0900,1.8474,3.2106,0.5754,20.3727
2003-01-22,2.0900,1.8507,3.0718,0.6025,18.4840
2003-01-23,2.0900,1.8540,3.0720,0.6035,18.3581
2003-01-24,2.1200,1.8214,3.0137,0.6044,18.2574
2003-01-27,2.1600,1.7899,3.0528,0.5863,19.4409
2003-01-28,2.1600,1.7869,3.0326,0.5892,19.2395
2003-01-29,2.1700,1.7807,3.1265,0.5696,21.0023
2003-02-10,2.1100,1.8311,3.1675,0.5781,20.0453
2003-02-11,2.1300,1.8198,3.0664,0.5935,18.9625
2003-02-12,2.1300,1.8135,3.1915,0.5682,21.0778
2003-02-13,2.1000,1.8425,3.1980,0.5761,20.2720
2003-02-14,2.1200,1.8279,3.2047,0.5704,20.8764
2003-02-17,2.0900,1.8474,3.1263,0.5909,19.1136
2003-02-18,2.0900,1.8524,3.2831,0.5642,21.5059
2003-02-19,2.1100,1.8311,3.2237,0.5680,21.1030
2003-02-20,2.1000,1.8376,3.1959,0.5750,20.3979
2003-02-21,2.0400,1.8965,3.1681,0.5986,18.6855
2003-02-24,2.0300,1.9087,2.9318,0.6510,15.2858
2003-02-25,2.0700,1.8708,3.4377,0.5442,23.8479
2003-02-28,2.1000,1.8376,3.1225,0.5885,19.3402
2003-03-03,2.1200,1.8262,2.9806,0.6127,17.7537
2003-03-04,2.1300,1.8150,3.1687,0.5728,20.5490
2003-03-05,2.1100,1.8311,2.9242,0.6262,16.7464
2003-03-06,2.0700,1.8691,3.0171,0.6195,17.3004
2003-03-07,2.0600,1.8742,3.2311,0.5801,19.8942
2003-03-10,2.0200,1.9193,2.9959,0.6406,15.7643
2003-03-11,2.0200,1.9140,2.9064,0.6585,14.9836
2003-03-12,2.0300,1.9087,3.2010,0.5963,18.7610
2003-03-13,2.0200,1.9176,3.4914,0.5492,23.2435
2003-03-14,2.0300,1.9035,3.0836,0.6173,17.5523
2003-03-17,2.0300,1.9052,3.1414,0.6065,18.0811
2003-03-18,2.0200,1.9176,3.0897,0.6206,17.1745
2003-03-19,2.0500,1.8827,3.1057,0.6062,18.1315
2003-03-20,2.0400,1.8930,3.1698,0.5972,18.7358
2003-03-21,2.0900,1.8474,2.8760,0.6424,15.6636
2003-03-24,2.1000,1.8458,3.1577,0.5845,19.5417
2003-03-25,2.0500,1.8861,3.1115,0.6062,18.1566
2003-03-26,2.0600,1.8742,2.8754,0.6518,15.2606
2003-03-27,2.1700,1.7838,3.2573,0.5476,23.4702
2003-03-28,2.1600,1.7869,3.0180,0.5921,19.0128
2003-03-31,2.2000,1.7565,2.9228,0.6010,18.5596
2003-04-01,2.2000,1.7551,2.8838,0.6086,17.9552
2003-04-02,2.2400,1.7258,2.9212,0.5908,19.1388
2003-04-03,2.2100,1.7491,2.9597,0.5910,19.0884
2003-04-04,2.2600,1.7087,2.9595,0.5774,20.0705
2003-04-07,2.2500,1.7201,2.9189,0.5893,19.2143
2003-04-08,2.2400,1.7244,2.7718,0.6221,17.1242
2003-04-09,2.3100,1.6715,2.9295,0.5706,20.8512
2003-04-10,2.2900,1.6878,3.3455,0.5045,27.8267
2003-04-11,2.3000,1.6783,3.0019,0.5591,21.8837
2003-04-14,2.3400,1.6515,3.3415,0.4942,29.1111
2003-04-15,2.3400,1.6541,2.8954,0.5713,20.6749
2003-04-16,2.5700,1.5040,2.9654,0.5072,27.5749
2003-04-17,2.5100,1.5386,3.3637,0.4574,34.9282
2003-04-18,2.4100,1.6066,2.9659,0.5417,24.0997
2003-04-21,2.3700,1.6345,2.8122,0.5812,19.7431
2003-04-22,2.4100,1.6054,3.3122,0.4847,30.0680
2003-04-23,2.3500,1.6462,2.8198,0.5838,19.6172
2003-04-24,2.2300,1.7316,3.4933,0.4957,28.9348
2003-04-25,2.2200,1.7418,2.8707,0.6068,18.0559
2003-04-28,2.3700,1.6294,2.9733,0.5480,23.3442
2003-04-29,2.3000,1.6783,2.8340,0.5922,18.9877
2003-05-12,2.3500,1.6449,2.7021,0.6087,17.8796
2003-05-13,2.2300,1.7316,2.9153,0.5940,18.9121
2003-05-14,2.2500,1.7158,2.8497,0.6021,18.5344
2003-05-15,2.2900,1.6906,2.8648,0.5901,19.1639
2003-05-16,2.3500,1.6436,2.6620,0.6174,17.5271
2003-05-19,2.3900,1.6179,2.8939,0.5591,21.9088
2003-05-20,2.3400,1.6528,2.8340,0.5832,19.6676
2003-05-21,2.3100,1.6715,2.8850,0.5794,19.9950
2003-05-22,2.3400,1.6528,2.9155,0.5669,21.2793
2003-05-23,2.3500,1.6449,2.7987,0.5877,19.3654
2003-05-26,2.3800,1.6268,2.8539,0.5700,20.9519
2003-05-27,2.3800,1.6281,2.8527,0.5707,20.8008
2003-05-28,2.3600,1.6423,2.8799,0.5703,20.9015
2003-05-29,2.3600,1.6384,2.8693,0.5710,20.7504
2003-05-30,2.3400,1.6502,2.8717,0.5746,20.4482
2003-06-02,2.3200,1.6661,2.8461,0.5854,19.4661
2003-06-03,2.2900,1.6865,2.7828,0.6060,18.2070
2003-06-04,2.3300,1.6594,2.8751,0.5772,20.0957
2003-06-05,2.3000,1.6837,2.8853,0.5835,19.6424
2003-06-06,2.2500,1.7201,2.9811,0.5770,20.1209
2003-06-09,2.2200,1.7447,2.8948,0.6027,18.4588
2003-06-10,2.2300,1.7374,2.8086,0.6186,17.3760
2003-06-11,2.2600,1.7087,2.7466,0.6221,17.1493
2003-06-12,2.2400,1.7287,2.8471,0.6072,18.0307
2003-06-13,2.2700,1.7059,2.9415,0.5799,19.9446
2003-06-16,2.2400,1.7272,2.9529,0.5849,19.5165
2003-06-17,2.2100,1.7476,2.9917,0.5841,19.5920
2003-06-18,2.2200,1.7462,2.8482,0.6131,17.7285
2003-06-20,2.1400,1.8071,2.9221,0.6184,17.4012
2003-06-23,2.1300,1.8150,3.0084,0.6033,18.3833
2003-06-24,2.1500,1.8008,2.9306,0.6145,17.6782
2003-06-25,2.1200,1.8262,2.8583,0.6389,15.8398
2003-06-26,2.1200,1.8214,2.8538,0.6382,15.9154
2003-06-27,2.0800,1.8641,3.0098,0.6193,17.3256
2003-06-30,2.0700,1.8674,3.0821,0.6059,18.2322
2003-07-01,2.0700,1.8691,2.9856,0.6260,16.7716
2003-07-02,2.1100,1.8327,2.9407,0.6232,16.9982
2003-07-03,2.1100,1.8311,3.2163,0.5693,21.0526
2003-07-04,2.0900,1.8491,2.9671,0.6232,17.0234
2003-07-07,2.0800,1.8557,2.8642,0.6479,15.4369
2003-07-08,2.1100,1.8327,2.9663,0.6178,17.4515
2003-07-09,2.0800,1.8557,3.1218,0.5944,18.8366
2003-07-10,2.1300,1.8182,3.0194,0.6022,18.5092
2003-07-11,2.1100,1.8311,2.9361,0.6237,16.9731
2003-07-14,2.0800,1.8590,2.9337,0.6337,16.2176
2003-07-15,2.0900,1.8507,2.9050,0.6371,15.9909
2003-07-16,2.1000,1.8425,2.8744,0.6410,15.7391
2003-07-17,2.1100,1.8311,2.9423,0.6223,17.0990
2003-07-18,2.0400,1.8982,2.9065,0.6531,15.1851
2003-07-21,1.9900,1.9427,2.9592,0.6565,15.0844
2003-07-22,1.9700,1.9611,2.8903,0.6785,14.3037
2003-07-23,2.0100,1.9265,2.8749,0.6701,14.4800
2003-07-24,1.9800,1.9574,2.9626,0.6607,14.7570
2003-07-25,1.9600,1.9723,2.9083,0.6782,14.3289
2003-07-28,1.9400,1.9932,2.9299,0.6803,14.2030
2003-07-29,1.9500,1.9799,2.8954,0.6838,14.0519
2003-07-30,1.9900,1.9482,2.9350,0.6638,14.7066
2003-07-31,1.9800,1.9519,2.9294,0.6663,14.6311
2003-08-01,2.0200,1.9176,2.9460,0.6509,15.3110
2003-08-04,2.0300,1.9035,2.9823,0.6383,15.8902
2003-08-05,2.0200,1.9158,2.9060,0.6593,14.9333
2003-08-06,2.0100,1.9211,2.9110,0.6599,14.8325
2003-08-07,2.0500,1.8913,2.9750,0.6357,16.0665
2003-08-11,2.0100,1.9283,2.9402,0.6558,15.1095
2003-08-12,2.0100,1.9247,2.9035,0.6629,14.7318
2003-08-13,1.9800,1.9501,2.8305,0.6890,13.9763
2003-08-14,1.9800,1.9556,2.8604,0.6837,14.0771
2003-08-19,2.0300,1.9070,2.8873,0.6605,14.7822
2003-08-20,2.0000,1.9301,2.8358,0.6806,14.1526
2003-08-21,2.0300,1.9087,2.8580,0.6678,14.5555
2003-08-22,2.0100,1.9265,2.8825,0.6683,14.5303
2003-08-25,1.9600,1.9686,2.8483,0.6911,13.8756
2003-08-27,1.9600,1.9780,2.8531,0.6933,13.8001
2003-08-28,1.9100,2.0304,2.9125,0.6971,13.6238
2003-08-29,1.9300,2.0048,2.8310,0.7082,13.0949
2003-09-01,1.9500,1.9875,2.8366,0.7007,13.4475
2003-09-02,1.9300,2.0029,2.9039,0.6897,13.9260
2003-09-03,1.9300,1.9990,2.8351,0.7051,13.1957
2003-09-04,1.9400,1.9971,2.9013,0.6883,14.0267
2003-09-05,1.9100,2.0284,2.9126,0.6964,13.6741
2003-09-08,1.8900,2.0464,3.0028,0.6815,14.1274
2003-09-09,1.8800,2.0607,2.9273,0.7040,13.2964
2003-09-10,1.8900,2.0464,2.8804,0.7105,12.9690
2003-09-11,1.9100,2.0304,2.9241,0.6944,13.7497
2003-09-12,1.8600,2.0772,2.9758,0.6980,13.5734
2003-09-15,1.7900,2.1550,2.7846,0.7739,10.6774
2003-09-16,1.8100,2.1350,2.9086,0.7340,12.3646
2003-09-17,1.7600,2.2008,3.0240,0.7278,12.5409
2003-09-18,1.7700,2.1823,3.0180,0.7231,12.6920
2003-09-19,1.7700,2.1846,3.0789,0.7095,12.9942
2003-09-22,1.7500,2.2055,3.1364,0.7032,13.3216
2003-09-23,1.7800,2.1708,3.3278,0.6523,15.2355
2003-09-24,1.7700,2.1800,3.1280,0.6969,13.6490
2003-09-25,1.7500,2.2149,3.2146,0.6890,13.9511
2003-09-26,1.7400,2.2173,3.0704,0.7222,12.7172
2003-09-29,1.7200,2.2833,3.5568,0.6420,15.7139
2003-09-30,1.7400,2.2584,3.2369,0.6977,13.5986
2003-10-08,1.7500,2.2510,3.2024,0.7029,13.3468
2003-10-09,1.7400,2.2584,3.0988,0.7288,12.5157
2003-10-10,1.7800,2.2031,3.1277,0.7044,13.2712
2003-10-13,1.7700,2.2173,3.4612,0.6406,15.7895
2003-10-14,1.7400,2.2633,3.4475,0.6565,15.0592
2003-10-15,1.7200,2.2909,3.2226,0.7109,12.9438
2003-10-17,1.7100,2.3011,3.3422,0.6885,14.0015
2003-10-20,1.7000,2.3113,3.4005,0.6797,14.2282
2003-10-21,1.6800,2.3401,3.1024,0.7543,11.9869
2003-10-22,1.7100,2.2960,3.2566,0.7050,13.2209
2003-10-23,1.7000,2.3165,3.5915,0.6450,15.5628
2003-10-24,1.6900,2.3322,3.9011,0.5978,18.7107
2003-10-27,1.6500,2.3804,3.1761,0.7495,12.1632
2003-10-28,1.6700,2.3560,3.4101,0.6909,13.9008
2003-10-29,1.6300,2.4053,3.4410,0.6990,13.5230
2003-10-30,1.5600,2.5225,3.4781,0.7253,12.5913
2003-10-31,1.5500,2.5442,3.3235,0.7655,11.3573
2003-11-03,1.5500,2.5348,3.3150,0.7646,11.4077
2003-11-04,1.5900,2.4684,3.2792,0.7527,12.0373
2003-11-05,1.5500,2.5286,3.2197,0.7854,10.4508
2003-11-06,1.5300,2.5758,3.2523,0.7920,10.3752
2003-11-07,1.5000,2.6248,3.4230,0.7668,11.2818
2003-11-10,1.5200,2.5887,3.5310,0.7331,12.4402
2003-11-11,1.5200,2.5855,3.7020,0.6984,13.5482
2003-11-12,1.4800,2.6483,3.2513,0.8145,9.9471
2003-11-13,1.4800,2.6619,3.6270,0.7339,12.3898
2003-11-14,1.4900,2.6449,3.6561,0.7234,12.6668
2003-11-17,1.4600,2.6861,3.5571,0.7551,11.9114
2003-11-18,1.4500,2.7036,3.7474,0.7215,12.7424
2003-11-19,1.5000,2.6281,3.7764,0.6959,13.6993
2003-11-20,1.5700,2.5042,3.7358,0.6703,14.4548
2003-11-21,1.5300,2.5631,3.7608,0.6815,14.1022
2003-11-24,1.5900,2.4772,3.7557,0.6596,14.8577
2003-11-25,1.6500,2.3832,3.7882,0.6291,16.5953
2003-11-26,1.6300,2.4081,3.9439,0.6106,17.8293
2003-11-28,1.5900,2.4713,3.9330,0.6283,16.6709
2003-12-01,1.6300,2.4081,3.8123,0.6317,16.3939
2003-12-02,1.6200,2.4279,3.9896,0.6086,17.9804
2003-12-03,1.6200,2.4336,3.8603,0.6304,16.5450
2003-12-04,1.6400,2.3942,3.9480,0.6064,18.1063
2003-12-05,1.6300,2.4081,3.5479,0.6787,14.2785
2003-12-08,1.6100,2.4422,3.8465,0.6349,16.1420
2003-12-09,1.6000,2.4596,3.7795,0.6508,15.3362
2003-12-10,1.6400,2.4025,3.8946,0.6169,17.5774
2003-12-11,1.6700,2.3534,3.6811,0.6393,15.8147
2003-12-12,1.7200,2.2909,3.8544,0.5944,18.8617
2003-12-15,1.6900,2.3243,3.8466,0.6042,18.2825
2003-12-16,1.6700,2.3560,3.7200,0.6333,16.2931
2003-12-17,1.6500,2.3777,3.8502,0.6176,17.5019
2003-12-18,1.6400,2.4025,3.6396,0.6601,14.8074
2003-12-19,1.6000,2.4567,3.7960,0.6472,15.4621
2003-12-22,1.6600,2.3750,3.7390,0.6352,16.1168
2003-12-23,1.6700,2.3587,3.6918,0.6389,15.8650
2003-12-24,1.7000,2.3191,3.7619,0.6165,17.6278
2003-12-25,1.6700,2.3587,3.9065,0.6038,18.3077
2003-12-26,1.6600,2.3641,3.7904,0.6237,16.9479
2003-12-29,1.6300,2.4081,3.8508,0.6254,16.7968
2003-12-30,1.6500,2.3804,3.7711,0.6312,16.4442
2003-12-31,1.6200,2.4336,3.3602,0.7242,12.6165
2004-01-02,1.6400,2.3969,3.1524,0.7603,11.6343
2004-01-05,1.6900,2.3217,3.8984,0.5956,18.7862
2004-01-06,1.7700,2.2197,4.2513,0.5221,25.8625
2004-01-07,1.7800,2.2055,3.7457,0.5888,19.2899
2004-01-08,1.7900,2.2008,3.8526,0.5713,20.7001
2004-01-09,1.7100,2.2934,3.8937,0.5890,19.2647
2004-01-12,1.7400,2.2535,3.7339,0.6035,18.3329
2004-01-13,1.7400,2.2559,3.9283,0.5743,20.4734
2004-01-14,1.7100,2.2934,3.6318,0.6315,16.4190
2004-01-15,1.7300,2.2758,3.7471,0.6073,18.0055
2004-01-16,1.7600,2.2316,3.7248,0.5991,18.6351
2004-01-29,1.8100,2.1731,3.7954,0.5726,20.5993
2004-01-30,1.7600,2.2316,3.8706,0.5766,20.2216
2004-02-02,1.8400,2.1416,3.8742,0.5528,22.6895
2004-02-03,1.8700,2.1068,3.8597,0.5458,23.7472
2004-02-04,1.9000,2.0689,3.9247,0.5271,25.2581
2004-02-05,1.9100,2.0586,3.8131,0.5399,24.2760
2004-02-06,1.9900,1.9705,3.9176,0.5030,28.0030
2004-02-09,2.0100,1.9556,3.8086,0.5135,26.8950
2004-02-10,2.0400,1.9283,3.8094,0.5062,27.6505
2004-02-11,2.0200,1.9501,3.6915,0.5283,25.2329
2004-02-12,1.9900,1.9705,3.8403,0.5131,26.9202
2004-02-13,1.9500,2.0204,3.8469,0.5252,25.3589
2004-02-16,2.0100,1.9537,3.7942,0.5149,26.6683
2004-02-17,2.0100,1.9593,3.8259,0.5121,26.9957
2004-02-18,2.0000,1.9667,3.8753,0.5075,27.5497
2004-02-19,2.0100,1.9556,3.8225,0.5116,27.0713
2004-02-20,2.1100,1.8624,3.8289,0.4864,29.9421
2004-02-23,2.0700,1.8982,3.8481,0.4933,29.2370
2004-02-24,2.0100,1.9519,3.7621,0.5188,26.1899
2004-02-25,1.9600,2.0106,3.8337,0.5245,25.5603
2004-02-26,1.9600,2.0029,3.7724,0.5309,25.0567
2004-02-27,1.9700,1.9990,3.8105,0.5246,25.5351
2004-03-01,1.9700,1.9971,3.8553,0.5180,26.3410
2004-03-02,1.9800,1.9818,3.9244,0.5050,27.7764
2004-03-03,2.0100,1.9519,3.9102,0.4992,28.4311
2004-03-04,2.1000,1.8725,3.7857,0.4946,29.0355
2004-03-05,2.0300,1.9409,3.8959,0.4982,28.4815
2004-03-08,1.9800,1.9894,3.7271,0.5338,24.7293
2004-03-09,1.9800,1.9856,3.8364,0.5176,26.3662
2004-03-10,2.0300,1.9391,3.8651,0.5017,28.1793
2004-03-11,2.0500,1.9193,3.8973,0.4925,29.2873
2004-03-12,2.0200,1.9427,3.9098,0.4969,28.7081
2004-03-15,2.0800,1.8878,3.8422,0.4913,29.3377
2004-03-16,2.0700,1.9000,3.7146,0.5115,27.0964
2004-03-17,2.1300,1.8441,3.8129,0.4836,30.1939
2004-03-18,2.0900,1.8827,3.8639,0.4873,29.8413
2004-03-19,2.1200,1.8540,4.0840,0.4540,35.6837
2004-03-22,2.1500,1.8311,3.8717,0.4729,31.6797
2004-03-23,2.1000,1.8691,3.8858,0.4810,30.6472
2004-03-24,2.0700,1.9017,3.9508,0.4813,30.5968
2004-03-25,2.0700,1.9035,3.9207,0.4855,29.9924
2004-03-26,2.0600,1.9087,3.8891,0.4908,29.4888
2004-03-29,2.0000,1.9649,3.9486,0.4976,28.6074
2004-03-30,2.0200,1.9501,3.9180,0.4977,28.5822
2004-03-31,2.0200,1.9427,3.9169,0.4960,28.8592
2004-04-01,2.0300,1.9373,3.9984,0.4845,30.1435
2004-04-05,2.0100,1.9556,3.9144,0.4996,28.4059
2004-04-06,2.0200,1.9446,3.9210,0.4959,28.8844
2004-04-07,1.9900,1.9705,4.0357,0.4883,29.6903
2004-04-08,1.9700,1.9932,3.9325,0.5069,27.6253
2004-04-09,1.9400,2.0224,3.8125,0.5305,25.1070
2004-04-12,1.9500,2.0146,4.2585,0.4731,31.6041
2004-04-13,1.8800,2.0919,4.0871,0.5118,27.0209
2004-04-14,1.8300,2.1528,4.0197,0.5356,24.5782
2004-04-15,1.8600,2.1154,4.0298,0.5249,25.4344
2004-04-16,1.8500,2.1241,4.1717,0.5092,27.3986
2004-04-19,1.7700,2.2149,4.3781,0.5059,27.7008
2004-04-20,1.7800,2.2078,4.3421,0.5085,27.4742
2004-04-21,1.8100,2.1754,4.4034,0.4940,29.1614
2004-04-22,1.8200,2.1573,4.3105,0.5005,28.3052
2004-04-23,1.7800,2.2078,4.3191,0.5112,27.1468
2004-04-26,1.7800,2.2126,4.2202,0.5243,25.5855
2004-04-27,1.7400,2.2559,4.1195,0.5476,23.4953
2004-04-28,1.7500,2.2413,4.1827,0.5359,24.5530
2004-04-29,1.7500,2.2413,4.7672,0.4702,32.1078
2004-04-30,1.7700,2.2197,4.2841,0.5181,26.2906
2004-05-10,1.7200,2.2833,4.4457,0.5136,26.8698
2004-05-11,1.7400,2.2609,4.4969,0.5028,28.0534
2004-05-12,1.7700,2.2173,4.4111,0.5027,28.0786
2004-05-13,1.7700,2.2221,4.3940,0.5057,27.7260
2004-05-14,1.7300,2.2708,4.2026,0.5403,24.1753
2004-05-17,1.7200,2.2909,4.0394,0.5671,21.2541
2004-05-18,1.7600,2.2389,4.0367,0.5546,22.4629
2004-05-19,1.7500,2.2462,4.1587,0.5401,24.2005
2004-05-20,1.7300,2.2683,4.5566,0.4978,28.5570
2004-05-21,1.7400,2.2559,4.4170,0.5107,27.2475
2004-05-24,1.7300,2.2708,4.3252,0.5250,25.4092
2004-05-25,1.7100,2.2960,4.0558,0.5661,21.3296
2004-05-26,1.6800,2.3374,4.2675,0.5477,23.4198
2004-05-27,1.7500,2.2510,4.4654,0.5041,27.9275
2004-05-28,1.7600,2.2389,4.2909,0.5218,25.9381
2004-05-31,1.8300,2.1528,4.6123,0.4668,32.9640
2004-06-01,1.8300,2.1461,4.2120,0.5095,27.3483
2004-06-02,1.8900,2.0835,4.1946,0.4967,28.7585
2004-06-03,1.8400,2.1328,4.1249,0.5171,26.4417
2004-06-04,1.8300,2.1505,4.1287,0.5209,26.0388
2004-06-07,1.7900,2.2008,4.2625,0.5163,26.5424
2004-06-08,1.7500,2.2510,4.3123,0.5220,25.8877
2004-06-09,1.7300,2.2758,4.4238,0.5144,26.7439
2004-06-10,1.7200,2.2808,4.4352,0.5142,26.7943
2004-06-11,1.7200,2.2808,4.4333,0.5145,26.7187
2004-06-14,1.6900,2.3295,4.6821,0.4975,28.6326
2004-06-15,1.7700,2.2268,4.4172,0.5041,27.8771
2004-06-16,1.7500,2.2486,4.5856,0.4904,29.5392
2004-06-17,1.7100,2.3011,4.4614,0.5158,26.6180
2004-06-18,1.7300,2.2758,4.2855,0.5310,25.0063
2004-06-21,1.7200,2.2808,4.2874,0.5320,24.9056
2004-06-22,1.7300,2.2733,4.2854,0.5305,25.0818
2004-06-23,1.7200,2.2884,4.1158,0.5560,22.2614
2004-06-24,1.6900,2.3217,4.1205,0.5635,21.5563
2004-06-25,1.6800,2.3348,4.1599,0.5613,21.7326
2004-06-28,1.6000,2.4625,4.4138,0.5579,21.9844
2004-06-29,1.6300,2.4081,4.2664,0.5644,21.4807
2004-07-01,1.6600,2.3641,4.4671,0.5292,25.1826
2004-07-02,1.6500,2.3832,4.5468,0.5241,25.6107
2004-07-05,1.6400,2.3969,4.4168,0.5427,23.9738
2004-07-06,1.6500,2.3859,4.4557,0.5355,24.6034
2004-07-07,1.6200,2.4193,4.6316,0.5223,25.8121
2004-07-08,1.6200,2.4336,4.6531,0.5230,25.7366
2004-07-09,1.6000,2.4508,4.4895,0.5459,23.7220
2004-07-12,1.5800,2.4951,4.6172,0.5404,24.1501
2004-07-13,1.5800,2.4802,4.8227,0.5143,26.7691
2004-07-14,1.5700,2.5012,5.0474,0.4955,28.9851
2004-07-15,1.5900,2.4654,4.9666,0.4964,28.8340
2004-07-16,1.6300,2.4109,4.6250,0.5213,25.9884
2004-07-19,1.6300,2.4109,4.6158,0.5223,25.8373
2004-07-20,1.6100,2.4479,4.6903,0.5219,25.9129
2004-07-21,1.5900,2.4684,4.6153,0.5348,24.6789
2004-07-22,1.5600,2.5164,4.5430,0.5539,22.6140
2004-07-23,1.5500,2.5442,4.9046,0.5187,26.2151
2004-07-26,1.5400,2.5536,4.7049,0.5428,23.9486
2004-07-27,1.5300,2.5758,4.7444,0.5429,23.9234
2004-07-28,1.5400,2.5567,4.5839,0.5578,22.0348
2004-07-29,1.5600,2.5256,4.5844,0.5509,22.9413
2004-07-30,1.5400,2.5536,4.6018,0.5549,22.4125
2004-08-02,1.5300,2.5694,4.5823,0.5607,21.7829
2004-08-03,1.5200,2.5790,4.6329,0.5567,22.1607
2004-08-04,1.5500,2.5286,4.9229,0.5136,26.8446
2004-08-05,1.5400,2.5599,4.4481,0.5755,20.3475
2004-08-06,1.5400,2.5567,4.4800,0.5707,20.8260
2004-08-09,1.5400,2.5504,4.6375,0.5500,23.0924
2004-08-10,1.5500,2.5442,4.6546,0.5466,23.6213
2004-08-11,1.5400,2.5599,4.9325,0.5190,26.1647
2004-08-12,1.5100,2.5984,4.7544,0.5465,23.6464
2004-08-13,1.5200,2.5790,4.7084,0.5477,23.3946
2004-08-16,1.5300,2.5694,4.7610,0.5397,24.3012
2004-08-17,1.5300,2.5662,4.8876,0.5250,25.3840
2004-08-18,1.5400,2.5473,4.9165,0.5181,26.3158
2004-08-19,1.5400,2.5599,4.9514,0.5170,26.4669
2004-08-20,1.5500,2.5379,4.9654,0.5111,27.1720
2004-08-23,1.5400,2.5599,4.8886,0.5236,25.6359
2004-08-24,1.5400,2.5473,4.9250,0.5172,26.4165
2004-08-25,1.5300,2.5631,5.0239,0.5102,27.2979
2004-08-26,1.5200,2.5887,5.0648,0.5111,27.1972
2004-08-27,1.5100,2.6017,5.1082,0.5093,27.3735
2004-08-30,1.5300,2.5694,4.9779,0.5162,26.5676
2004-08-31,1.5500,2.5379,5.1676,0.4911,29.3629
2004-09-01,1.5200,2.5822,5.0037,0.5161,26.5928
2004-09-02,1.5200,2.5855,5.0886,0.5081,27.4994
2004-09-03,1.5100,2.5952,5.1487,0.5040,27.9527
2004-09-06,1.5100,2.5984,5.1459,0.5049,27.8016
2004-09-07,1.5400,2.5536,5.1358,0.4972,28.6578
2004-09-08,1.5400,2.5599,5.1422,0.4978,28.5319
2004-09-09,1.5100,2.6116,5.1501,0.5071,27.6001
2004-09-10,1.5300,2.5662,5.3727,0.4776,31.0249
2004-09-13,1.5000,2.6182,5.2062,0.5029,28.0282
2004-09-14,1.5400,2.5599,5.2588,0.4868,29.8917
2004-09-15,1.5800,2.4861,5.2149,0.4767,31.1005
2004-09-16,1.5800,2.4802,5.1743,0.4793,30.8235
2004-09-17,1.6200,2.4307,5.1718,0.4700,32.1581
2004-09-20,1.6600,2.3614,5.2687,0.4482,36.9428
2004-09-21,1.6500,2.3859,5.0207,0.4752,31.3019
2004-09-22,1.6600,2.3750,5.2731,0.4504,36.4895
2004-09-23,1.7000,2.3191,5.1776,0.4479,37.0184
2004-09-24,1.6300,2.4109,5.1429,0.4688,32.3848
2004-09-27,1.5800,2.4951,5.1556,0.4840,30.1687
2004-09-28,1.5600,2.5194,5.1374,0.4904,29.5140
2004-09-29,1.5400,2.5536,5.1657,0.4943,29.0607
2004-09-30,1.5500,2.5379,5.1266,0.4950,29.0103
2004-10-08,1.5600,2.5256,5.3191,0.4748,31.4530
2004-10-11,1.5600,2.5133,5.0682,0.4959,28.9096
2004-10-12,1.5300,2.5726,5.0575,0.5087,27.4490
2004-10-13,1.5500,2.5411,4.9650,0.5118,27.0461
2004-10-14,1.4900,2.6315,4.9812,0.5283,25.2078
2004-10-15,1.5000,2.6248,5.0177,0.5231,25.7114
2004-10-18,1.4700,2.6722,4.9760,0.5370,24.5026
2004-10-19,1.4800,2.6551,5.0155,0.5294,25.1322
2004-10-20,1.4500,2.7107,4.9828,0.5440,23.8731
2004-10-21,1.3300,2.9543,4.9709,0.5943,18.8869
2004-10-22,1.3000,3.0277,5.0224,0.6028,18.4336
2004-10-25,1.3100,2.9927,4.9166,0.6087,17.9048
2004-10-26,1.3200,2.9670,4.9979,0.5936,18.9373
2004-10-27,1.3300,2.9627,4.9144,0.6029,18.4085
2004-10-28,1.3300,2.9585,5.1274,0.5770,20.1461
2004-10-29,1.3600,2.8884,4.8246,0.5987,18.6603
2004-11-01,1.3700,2.8644,5.0730,0.5646,21.4556
2004-11-02,1.3500,2.9210,5.1175,0.5708,20.7756
2004-11-03,1.3500,2.9127,5.1649,0.5639,21.5311
2004-11-04,1.3200,2.9798,5.1333,0.5805,19.8691
2004-11-05,1.3200,2.9755,5.1609,0.5765,20.2468
2004-11-08,1.3000,3.0145,5.1915,0.5807,19.7683
2004-11-09,1.3000,3.0189,5.1584,0.5852,19.4913
2004-11-10,1.3500,2.9168,5.1843,0.5626,21.6318
2004-11-11,1.3400,2.9334,5.2714,0.5565,22.1858
2004-11-12,1.3300,2.9543,5.2956,0.5579,22.0096
2004-11-15,1.3500,2.9168,5.2664,0.5539,22.6391
2004-11-16,1.3700,2.8763,5.1902,0.5542,22.5132
2004-11-17,1.3400,2.9292,5.2479,0.5582,21.9340
2004-11-18,1.3600,2.8803,5.2584,0.5478,23.3694
2004-11-19,1.4100,2.7948,5.2413,0.5332,24.8048
2004-11-22,1.4000,2.8062,5.3590,0.5236,25.6610
2004-11-23,1.3800,2.8486,5.3341,0.5340,24.7041
2004-11-24,1.3600,2.8924,5.2740,0.5484,23.2939
2004-11-25,1.3700,2.8763,5.3029,0.5424,24.0242
2004-11-26,1.3600,2.8843,5.4071,0.5334,24.7797
2004-11-29,1.3400,2.9334,5.3187,0.5515,22.9161
2004-11-30,1.3400,2.9375,5.3419,0.5499,23.1176
2004-12-01,1.3200,2.9841,5.2554,0.5678,21.1282
2004-12-02,1.3300,2.9585,5.3109,0.5571,22.1103
2004-12-03,1.3300,2.9501,5.3427,0.5522,22.8154
2004-12-06,1.3200,2.9670,5.4127,0.5482,23.3191
2004-12-07,1.3300,2.9585,5.3266,0.5554,22.3369
2004-12-08,1.3200,2.9755,5.3685,0.5543,22.4880
2004-12-09,1.3500,2.9210,5.2732,0.5539,22.5888
2004-12-10,1.3200,2.9841,5.1744,0.5767,20.1964
2004-12-14,1.3000,3.0145,5.2528,0.5739,20.4986
2004-12-15,1.3200,2.9755,5.2611,0.5656,21.3548
2004-12-16,1.3300,2.9627,5.2419,0.5652,21.3800
2004-12-17,1.3100,2.9970,5.2252,0.5736,20.5238
2004-12-20,1.3000,3.0189,5.1804,0.5828,19.6928
2004-12-21,1.3000,3.0189,5.3170,0.5678,21.1534
2004-12-22,1.3200,2.9712,5.2851,0.5622,21.6822
2004-12-23,1.3100,3.0101,5.3439,0.5633,21.5815
2004-12-24,1.2900,3.0366,5.2720,0.5760,20.2972
2004-12-27,1.2800,3.0681,5.2118,0.5887,19.3150
2004-12-28,1.2700,3.0956,4.4611,0.6939,13.7749
2004-12-29,1.2600,3.1096,4.7165,0.6593,14.9081
2004-12-30,1.2500,3.1474,5.2506,0.5994,18.6099
2004-12-31,1.2500,3.1426,4.7332,0.6639,14.6814
2008-01-02,7.9300,0.0160,4.4363,0.0036,99.5215
2008-01-03,7.8000,0.0163,4.4263,0.0037,99.3704
2008-01-04,8.0100,0.0158,4.4013,0.0036,99.5467
2008-01-07,8.1800,0.0155,4.3948,0.0035,99.6223
2008-01-08,8.4400,0.0137,4.4024,0.0031,99.8237
2008-01-09,8.5900,0.0135,4.4022,0.0031,99.8741
2008-01-10,8.7600,0.0132,4.4067,0.0030,99.9496
2008-01-11,9.2100,0.0125,4.3893,0.0028,100.0000
2008-01-14,9.0700,0.0127,4.4020,0.0029,99.9748
2008-01-15,8.7800,0.0132,4.4022,0.0030,99.9245
2008-01-16,8.3100,0.0139,4.4028,0.0032,99.7985
2008-01-17,8.5400,0.0135,4.3978,0.0031,99.8489
2008-01-18,8.5400,0.0135,4.4030,0.0031,99.8993
2008-01-21,7.8900,0.0146,4.3777,0.0033,99.7734
2008-01-22,7.4800,0.0154,4.3679,0.0035,99.6474
2008-01-23,7.8900,0.0146,4.2883,0.0034,99.7482
2008-01-24,7.8100,0.0148,4.2433,0.0035,99.6978
2008-01-25,7.9600,0.0145,4.2440,0.0034,99.7230
2008-01-28,7.4000,0.0156,4.2226,0.0037,99.3453
2008-01-29,7.4600,0.0155,4.2539,0.0036,99.4460
2008-01-30,7.0900,0.0163,4.2502,0.0038,99.2949
2008-01-31,6.9500,0.0166,4.1937,0.0040,99.2193
2008-02-01,7.2200,0.0160,4.1308,0.0039,99.2697
2008-02-04,7.9200,0.0146,4.1311,0.0035,99.5971
2008-02-05,7.7900,0.0148,4.1458,0.0036,99.5719
2008-02-13,7.6000,0.0152,4.1559,0.0037,99.4208
2008-02-14,7.7300,0.0150,4.1561,0.0036,99.4963
2008-02-15,7.5300,0.0153,4.1791,0.0037,99.3956
2008-02-18,7.6200,0.0152,4.1924,0.0036,99.4712
2008-02-19,7.7900,0.0148,4.2176,0.0035,99.6726
2008-02-20,7.2700,0.0159,4.1744,0.0038,99.3201
2008-02-21,7.1000,0.0163,4.1818,0.0039,99.2445
2008-02-22,6.7300,0.0172,4.1600,0.0041,99.0934
2008-02-25,6.4200,0.0180,4.1439,0.0043,99.0431
2008-02-26,6.5700,0.0176,4.1413,0.0042,99.0682
2008-02-27,6.8500,0.0169,4.1436,0.0041,99.1438
2008-02-28,6.8500,0.0169,4.1283,0.0041,99.1186
2008-02-29,6.9200,0.0167,4.1283,0.0040,99.1942
2008-03-03,6.8900,0.0168,4.1285,0.0041,99.1690
2008-03-04,6.2100,0.0186,4.1521,0.0045,98.9675
2008-03-05,6.1400,0.0188,4.1635,0.0045,98.9423
2008-03-06,6.3300,0.0183,4.1768,0.0044,99.0179
2008-03-07,6.2000,0.0186,4.1760,0.0045,98.9927
2008-03-10,5.7400,0.0201,4.1768,0.0048,98.5646
2008-03-11,5.6400,0.0205,4.1953,0.0049,98.3631
2008-03-12,5.4100,0.0214,4.1954,0.0051,98.0106
2008-03-13,5.4400,0.0212,4.1700,0.0051,98.0358
2008-03-14,5.2000,0.0222,4.1500,0.0053,97.6328
2008-03-17,5.2300,0.0221,4.1248,0.0054,97.5825
2008-03-18,5.2600,0.0219,4.1151,0.0053,97.7084
2008-03-19,5.6400,0.0205,4.0750,0.0050,98.1113
2008-03-20,6.0600,0.0191,4.0800,0.0047,98.7912
2008-03-21,5.9200,0.0195,4.0800,0.0048,98.6401
2008-03-24,5.5400,0.0209,4.0770,0.0051,97.9602
2008-03-25,5.7400,0.0201,4.0511,0.0050,98.2372
2008-03-26,5.8300,0.0198,4.0404,0.0049,98.3128
2008-03-27,5.7500,0.0201,4.0009,0.0050,98.1365
2008-03-28,6.0700,0.0190,4.0116,0.0047,98.7409
2008-03-31,5.8900,0.0196,4.0460,0.0048,98.5394
2008-04-01,5.8300,0.0198,4.0563,0.0049,98.3883
2008-04-02,6.0400,0.0191,4.0517,0.0047,98.7661
2008-04-03,6.1100,0.0189,4.0444,0.0047,98.8164
2008-04-07,6.2700,0.0184,4.0450,0.0045,98.9171
2008-04-08,6.2000,0.0186,4.0451,0.0046,98.8668
2008-04-09,5.7900,0.0199,4.0451,0.0049,98.2876
2008-04-10,5.8600,0.0197,4.0405,0.0049,98.4135
2008-04-11,5.9500,0.0194,4.0457,0.0048,98.6150
2008-04-14,5.3600,0.0216,4.0436,0.0053,97.6580
2008-04-15,5.3500,0.0216,4.0244,0.0054,97.5321
2008-04-16,5.1900,0.0223,4.0184,0.0055,97.4062
2008-04-17,4.8400,0.0239,4.0185,0.0059,96.7766
2008-04-18,4.7700,0.0242,4.0085,0.0060,96.6255
2008-04-21,4.6800,0.0247,4.0087,0.0062,96.2730
2008-04-22,4.9200,0.0235,4.0090,0.0059,96.8774
2008-04-23,5.2200,0.0221,4.0244,0.0055,97.4817
2008-04-24,5.7400,0.0201,4.0601,0.0050,98.2624
2008-04-25,5.8400,0.0198,4.0654,0.0049,98.4639
2008-04-28,5.8200,0.0199,4.0707,0.0049,98.3380
2008-04-29,5.8400,0.0198,4.0736,0.0049,98.5142
2008-04-30,6.1900,0.0187,4.0725,0.0046,98.8920
2008-05-05,6.1900,0.0187,4.0631,0.0046,98.8416
2008-05-06,6.0000,0.0193,4.0632,0.0047,98.7157
2008-05-07,5.6200,0.0206,4.1350,0.0050,98.1869
2008-05-08,5.7500,0.0201,4.1253,0.0049,98.4387
2008-05-09,5.4500,0.0212,4.1210,0.0051,97.9098
2008-05-12,5.6100,0.0206,4.1517,0.0050,98.2120
2008-05-13,5.4600,0.0212,4.1486,0.0051,97.9854
2008-05-14,5.8200,0.0198,4.1653,0.0048,98.6653
2008-05-15,5.6800,0.0203,4.1691,0.0049,98.4890
2008-05-16,5.8000,0.0199,4.1493,0.0048,98.5898
2008-05-19,5.8500,0.0198,4.1669,0.0048,98.6905
2008-05-20,5.4700,0.0211,4.1676,0.0051,98.0735
2008-05-21,5.5100,0.0209,4.1677,0.0050,98.1617
2008-05-22,5.3600,0.0216,4.1631,0.0052,97.8847
2008-05-23,5.3300,0.0217,4.1632,0.0052,97.8343
2008-05-26,5.1900,0.0223,4.1636,0.0054,97.6077
2008-05-27,5.2300,0.0221,4.1618,0.0053,97.7336
2008-05-28,5.4700,0.0211,4.1676,0.0051,98.0735
2008-05-29,5.2100,0.0222,4.1636,0.0053,97.6832
2008-05-30,5.2700,0.0219,4.1589,0.0053,97.7588
2008-06-02,5.4000,0.0214,4.1626,0.0051,97.9350
2008-06-03,5.3100,0.0217,4.1588,0.0052,97.8091
2008-06-04,5.3400,0.0216,4.1589,0.0052,97.8595
2008-06-05,5.2700,0.0219,4.1591,0.0053,97.7839
2008-06-06,5.1700,0.0223,4.1617,0.0054,97.5573
2008-06-10,4.6500,0.0248,4.2069,0.0059,96.8270
2008-06-11,4.4300,0.0261,4.3193,0.0060,96.5752
2008-06-13,4.4200,0.0261,4.3128,0.0061,96.5248
2008-06-16,4.5100,0.0256,4.3179,0.0059,96.8018
2008-06-17,4.4300,0.0261,4.3354,0.0060,96.7011
2008-06-18,4.6100,0.0250,4.3356,0.0058,97.0033
2008-06-19,4.2200,0.0274,4.3358,0.0063,96.0715
2008-06-20,4.3900,0.0263,4.4213,0.0059,96.7514
2008-06-23,4.4800,0.0258,4.4716,0.0058,96.9781
2008-06-24,4.5000,0.0257,4.4626,0.0058,97.0285
2008-06-25,4.5700,0.0253,4.4582,0.0057,97.2047
2008-06-26,4.5100,0.0256,4.5182,0.0057,97.2299
2008-06-27,4.0600,0.0285,4.5580,0.0063,96.1471
2008-06-30,4.0400,0.0286,4.5285,0.0063,96.0967
2008-07-01,3.9200,0.0295,4.5309,0.0065,95.9456
2008-07-02,3.9100,0.0296,4.5360,0.0065,95.9204
2008-07-03,3.9600,0.0292,4.5311,0.0064,95.9708
2008-07-04,3.9700,0.0279,4.5313,0.0062,96.2982
2008-07-07,4.2500,0.0261,4.5529,0.0057,97.1040
2008-07-08,4.2100,0.0263,4.5331,0.0058,96.9277
2008-07-09,4.4500,0.0249,4.5059,0.0055,97.4314
2008-07-10,4.4400,0.0250,4.4725,0.0056,97.3306
2008-07-11,4.3600,0.0254,4.4562,0.0057,97.1292
2008-07-14,4.4200,0.0251,4.4328,0.0057,97.2551
2008-07-15,4.1500,0.0268,4.4332,0.0060,96.5500
2008-07-16,3.9300,0.0282,4.4338,0.0064,96.0212
2008-07-17,3.9000,0.0285,4.4340,0.0064,95.9960
2008-07-18,4.0500,0.0274,4.4236,0.0062,96.2226
2008-07-21,4.1500,0.0267,4.4190,0.0060,96.6004
2008-07-22,4.1600,0.0266,4.4135,0.0060,96.6759
2008-07-23,4.1200,0.0269,4.4136,0.0061,96.4493
2008-07-24,4.3400,0.0255,4.4137,0.0058,96.9529
2008-07-25,4.4000,0.0252,4.4342,0.0057,97.1544
2008-07-28,4.5500,0.0244,4.4374,0.0055,97.4566
2008-07-29,4.4400,0.0250,4.4400,0.0056,97.2803
2008-07-30,4.5000,0.0247,4.4351,0.0056,97.3558
2008-07-31,4.3400,0.0255,4.4401,0.0057,97.0536
2008-08-01,4.5700,0.0243,4.4601,0.0054,97.5069
2008-08-04,4.4800,0.0248,4.4612,0.0056,97.3810
2008-08-05,4.3900,0.0253,4.4565,0.0057,97.1796
2008-08-06,4.3500,0.0255,4.4411,0.0057,97.0788
2008-08-07,4.3800,0.0253,4.5238,0.0056,97.3055
2008-08-08,4.1800,0.0265,4.4988,0.0059,96.8522
2008-08-11,4.0300,0.0275,4.5596,0.0060,96.6507
2008-08-12,4.0300,0.0275,4.5139,0.0061,96.4744
2008-08-13,4.0300,0.0275,4.5038,0.0061,96.4241
2008-08-14,4.0300,0.0275,4.4736,0.0061,96.3233
2008-08-15,4.0900,0.0271,4.4133,0.0061,96.3485
2008-08-18,3.9700,0.0279,4.4141,0.0063,96.0463
2008-08-19,4.0200,0.0276,4.4042,0.0063,96.1219
2008-08-20,4.3500,0.0255,4.3944,0.0058,96.9025
2008-08-21,4.2200,0.0263,4.3689,0.0060,96.7263
2008-08-22,4.1600,0.0267,4.3554,0.0061,96.3737
2008-08-25,4.2100,0.0264,4.3431,0.0061,96.4996
2008-08-26,4.1800,0.0265,4.3292,0.0061,96.3989
2008-08-27,4.1700,0.0266,4.3096,0.0062,96.2478
2008-08-28,4.1900,0.0265,4.2753,0.0062,96.1974
2008-08-29,4.2200,0.0263,4.2234,0.0062,96.1722
2008-09-01,3.9600,0.0280,4.1363,0.0068,95.8952
2008-09-02,3.9100,0.0284,4.1714,0.0068,95.8701
2008-09-03,3.8000,0.0292,4.1411,0.0071,95.7945
2008-09-04,3.8200,0.0290,4.1643,0.0070,95.8449
2008-09-05,3.8100,0.0291,4.1703,0.0070,95.8197
2008-09-08,3.6900,0.0300,4.1705,0.0072,95.7693
2008-09-09,3.6400,0.0305,4.1429,0.0074,95.7441
2008-09-10,3.5900,0.0309,4.1015,0.0075,95.7190
2008-09-11,3.3600,0.0330,4.0631,0.0081,95.6938
2008-09-12,3.3400,0.0332,3.9712,0.0084,95.6686
2008-09-16,3.0100,0.0369,3.8000,0.0097,95.5175
2008-09-17,2.7300,0.0406,3.7119,0.0109,95.3916
2008-09-18,2.7800,0.0399,3.7120,0.0107,95.4420
2008-09-19,3.0600,0.0363,3.6900,0.0098,95.4923
2008-09-22,3.3600,0.0330,3.7594,0.0088,95.6434
2008-09-23,3.1500,0.0352,3.7612,0.0094,95.5930
2008-09-24,3.0700,0.0361,3.7601,0.0096,95.5427
2008-09-25,3.2000,0.0347,3.7276,0.0093,95.6182
2008-09-26,3.1300,0.0354,3.7282,0.0095,95.5679
2008-10-06,2.9000,0.0382,3.6809,0.0104,95.4671
2008-10-07,2.9200,0.0380,3.5309,0.0108,95.4168
2008-10-08,2.7600,0.0402,3.3499,0.0120,95.3664
2008-10-09,2.7100,0.0409,3.1500,0.0130,95.0390
2008-10-10,2.5200,0.0441,3.0510,0.0145,94.5102
2008-10-13,2.7700,0.0400,3.1260,0.0128,95.1146
2008-10-14,2.7500,0.0403,3.1593,0.0128,95.1398
2008-10-16,2.5900,0.0429,3.1267,0.0137,94.7620
2008-10-17,2.6900,0.0412,3.1768,0.0130,95.0642
2008-10-20,2.8400,0.0391,3.1820,0.0123,95.2909
2008-10-21,2.7700,0.0400,3.1826,0.0126,95.2153
2008-10-22,2.7500,0.0404,3.1922,0.0127,95.1901
2008-10-23,2.6200,0.0423,3.1978,0.0132,94.9635
2008-10-24,2.5100,0.0441,3.1931,0.0138,94.7117
2008-10-27,2.2600,0.0490,3.1522,0.0155,94.1073
2008-10-28,2.4000,0.0462,3.1042,0.0149,94.3087
2008-10-29,2.3000,0.0482,3.0694,0.0157,93.9814
2008-10-30,2.3600,0.0469,3.0703,0.0153,94.1828
2008-10-31,2.2800,0.0488,3.0751,0.0159,93.9562
2008-11-03,2.2900,0.0486,3.0549,0.0159,93.9310
2008-11-04,2.2700,0.0489,3.0569,0.0160,93.8806
2008-11-05,2.4100,0.0462,3.0676,0.0151,94.2332
2008-11-06,2.3000,0.0485,3.0424,0.0159,93.9058
2008-11-07,2.3900,0.0465,2.9767,0.0156,94.0569
2008-11-10,2.6300,0.0423,2.9005,0.0146,94.4347
2008-11-11,2.5900,0.0429,2.9221,0.0147,94.4095
2008-11-12,2.6600,0.0418,2.8969,0.0144,94.5354
2008-11-13,2.8000,0.0397,2.8639,0.0139,94.6613
2008-11-14,2.8900,0.0385,2.9482,0.0131,94.9887
2008-11-17,3.0000,0.0371,2.9984,0.0124,95.2657
2008-11-18,2.7500,0.0404,2.9974,0.0135,94.8879
2008-11-19,2.9900,0.0373,3.0885,0.0121,95.3160
2008-11-20,2.8700,0.0388,3.0531,0.0127,95.1649
2008-11-21,2.7900,0.0399,3.0049,0.0133,94.9383
2008-11-24,2.6600,0.0418,3.0638,0.0136,94.8376
2008-11-25,2.6300,0.0423,3.1728,0.0133,94.9131
2008-11-26,2.5900,0.0430,3.1034,0.0139,94.6865
2008-11-27,2.5800,0.0432,2.9064,0.0149,94.3339
2008-11-28,2.4500,0.0454,2.9905,0.0152,94.2080
2008-12-01,2.4800,0.0448,3.0378,0.0147,94.3843
2008-12-02,2.4800,0.0448,3.0306,0.0148,94.3591
2008-12-03,2.6300,0.0423,2.9467,0.0144,94.5606
2008-12-04,2.7200,0.0408,2.9343,0.0139,94.6361
2008-12-05,2.8100,0.0396,2.9061,0.0136,94.8628
2008-12-08,2.9600,0.0376,2.9053,0.0129,95.0894
2008-12-09,2.8400,0.0392,3.0072,0.0130,95.0139
2008-12-10,3.0600,0.0363,3.0130,0.0120,95.3412
2008-12-11,2.9500,0.0377,3.0040,0.0125,95.2405
2008-12-12,2.7900,0.0399,2.9237,0.0136,94.8124
2008-12-15,2.7800,0.0400,2.9186,0.0137,94.7872
2008-12-16,2.7700,0.0402,2.9243,0.0137,94.7368
2008-12-17,2.7300,0.0408,2.8100,0.0145,94.4598
2008-12-18,2.8900,0.0385,2.7043,0.0142,94.5857
2008-12-19,2.8700,0.0388,2.7384,0.0142,94.6109
2008-12-22,2.8100,0.0397,2.7390,0.0145,94.4850
2008-12-23,2.7700,0.0401,2.6887,0.0149,94.2836
2008-12-24,2.7600,0.0404,2.7045,0.0149,94.2584
2008-12-25,2.6600,0.0418,2.7047,0.0155,94.1325
2008-12-26,2.6500,0.0420,2.7301,0.0154,94.1576
2008-12-29,2.5800,0.0431,2.7559,0.0156,94.0317
2008-12-30,2.5900,0.0430,2.7566,0.0156,94.0821
2008-12-31,2.5800,0.0432,2.7521,0.0157,94.0065
2009-01-05,2.6500,0.2654,2.7300,0.0972,87.9879
2009-01-06,2.8100,0.2502,2.6909,0.0930,88.1894
2009-01-07,2.7200,0.2580,2.6711,0.0966,88.0635
2009-01-08,2.6200,0.2684,2.6716,0.1005,87.8872
2009-01-09,2.6800,0.2616,2.6722,0.0979,87.9627
2009-01-12,2.6900,0.2614,2.7000,0.0968,88.0131
2009-01-13,2.5800,0.2721,2.8257,0.0963,88.0886
2009-01-14,2.7800,0.2526,2.8818,0.0877,88.2146
2009-01-15,2.8100,0.2502,2.9897,0.0837,88.2397
2009-01-16,2.8900,0.2426,2.9940,0.0810,88.2649
2009-01-19,3.0300,0.2319,3.0123,0.0770,88.2901
2009-01-20,3.1000,0.2268,3.0995,0.0732,88.3153
2009-01-21,3.2100,0.2186,3.1398,0.0696,88.4160
2009-01-22,3.2100,0.2186,3.0619,0.0714,88.3657
2009-01-23,3.1700,0.2214,3.0367,0.0729,88.3405
2009-02-02,3.1800,0.2210,3.1433,0.0703,88.3908
2009-02-03,3.2600,0.2156,3.1766,0.0679,88.4412
2009-02-04,3.5500,0.1976,3.2946,0.0600,88.5671
2009-02-05,3.4900,0.2013,3.4013,0.0592,88.6678
2009-02-06,3.5900,0.1954,3.2967,0.0593,88.6427
2009-02-09,3.7500,0.1874,3.2690,0.0573,88.7686
2009-02-10,3.7200,0.1886,3.3001,0.0571,88.7938
2009-02-11,3.7600,0.1867,3.2323,0.0578,88.7434
2009-02-12,3.6200,0.1940,3.1271,0.0620,88.4664
2009-02-13,3.7100,0.1893,3.1321,0.0604,88.5167
2009-02-16,3.9100,0.1796,3.1547,0.0569,88.8189
2009-02-17,3.9100,0.1795,3.1897,0.0563,88.8441
2009-02-18,3.8100,0.1841,3.1703,0.0581,88.7182
2009-02-19,3.6600,0.1916,3.1385,0.0610,88.4916
2009-02-20,3.7100,0.1891,3.1583,0.0599,88.5923
2009-02-23,4.0800,0.1719,3.1555,0.0545,88.9952
2009-02-25,4.1300,0.1701,3.1412,0.0542,89.0456
2009-02-26,3.7600,0.1867,3.1447,0.0594,88.6175
2009-03-02,3.8100,0.1841,3.1582,0.0583,88.6930
2009-03-03,3.6800,0.1907,3.1755,0.0601,88.5419
2009-03-04,4.0400,0.1738,3.2075,0.0542,89.0204
2009-03-05,4.1300,0.1701,3.2310,0.0526,89.3226
2009-03-06,4.0800,0.1719,3.2291,0.0532,89.2470
2009-03-09,4.0000,0.1755,3.2036,0.0548,88.9197
2009-03-10,4.0500,0.1735,3.1780,0.0546,88.9700
2009-03-11,3.9900,0.1758,3.1331,0.0561,88.8693
2009-03-12,4.1200,0.1704,3.1524,0.0541,89.0708
2009-03-13,4.0400,0.1739,3.1480,0.0552,88.8945
2009-03-16,4.1500,0.1690,3.1534,0.0536,89.1211
2009-03-17,4.3300,0.1622,3.1249,0.0519,89.4233
2009-03-18,4.2800,0.1640,3.1000,0.0529,89.2974
2009-03-19,4.3000,0.1632,3.0768,0.0530,89.2722
2009-03-20,4.1800,0.1681,3.0772,0.0546,88.9449
2009-03-23,4.2500,0.1652,3.0831,0.0536,89.1463
2009-03-24,4.2700,0.1644,3.1295,0.0525,89.3478
2009-03-25,4.3000,0.1631,3.1297,0.0521,89.3981
2009-03-26,4.5000,0.1560,3.1606,0.0494,89.8514
2009-03-27,4.4600,0.1574,3.1594,0.0498,89.7003
2009-03-30,4.3700,0.1607,3.1608,0.0508,89.5240
2009-03-31,4.3400,0.1617,3.1612,0.0512,89.4989
2009-04-01,4.4100,0.1591,3.1618,0.0503,89.6248
2009-04-02,4.5500,0.1542,3.1714,0.0486,90.0025
2009-04-03,4.5600,0.1538,3.1805,0.0484,90.1032
2009-04-07,4.5400,0.1548,3.1805,0.0487,89.9773
2009-04-08,4.3800,0.1605,3.1869,0.0504,89.5996
2009-04-09,4.4500,0.1576,3.1949,0.0493,89.8766
2009-04-10,4.5300,0.1551,3.1954,0.0485,90.0529
2009-04-13,4.5600,0.1539,3.1953,0.0482,90.1788
2009-04-14,4.5400,0.1547,3.2044,0.0483,90.1284
2009-04-15,4.4400,0.1581,3.2114,0.0492,89.9270
2009-04-16,4.4500,0.1576,3.1841,0.0495,89.7507
2009-04-17,4.3300,0.1623,3.1634,0.0513,89.4737
2009-04-20,4.4000,0.1597,3.1412,0.0508,89.5492
2009-04-21,4.3000,0.1632,3.1616,0.0516,89.4485
2009-04-22,4.1600,0.1688,3.1609,0.0534,89.1967
2009-04-23,4.1400,0.1694,3.1618,0.0536,89.1715
2009-04-24,4.1800,0.1681,3.1571,0.0532,89.2219
2009-04-27,4.1300,0.1701,3.1579,0.0539,89.0959
2009-04-28,4.2500,0.1652,3.1532,0.0524,89.3730
2009-04-29,4.5000,0.1561,3.1286,0.0499,89.6751
2009-04-30,4.4500,0.1579,3.1072,0.0508,89.5744
2009-05-04,4.5700,0.1538,3.1092,0.0495,89.8011
2009-05-05,4.5700,0.1536,3.1036,0.0495,89.7759
2009-05-06,4.7000,0.1494,3.0795,0.0485,90.0781
2009-05-07,4.8900,0.1436,3.0739,0.0467,90.3299
2009-05-08,4.9500,0.1417,3.0701,0.0462,90.3551
2009-05-11,4.8100,0.1460,3.0698,0.0476,90.2040
2009-05-12,4.8800,0.1440,3.0662,0.0470,90.3047
2009-05-13,4.8600,0.1444,3.0365,0.0476,90.2292
2009-05-14,4.7500,0.1479,3.0318,0.0488,89.9522
2009-05-15,4.7700,0.1473,3.0321,0.0486,90.0277
2009-05-19,4.8700,0.1440,3.0384,0.0474,90.2795
2009-05-20,4.8000,0.1464,3.0386,0.0482,90.1536
2009-05-21,4.6200,0.1520,3.0388,0.0500,89.6500
2009-05-22,4.6600,0.1507,3.0434,0.0495,89.7255
2009-05-25,4.6800,0.1501,3.0441,0.0493,89.9018
2009-05-26,4.6600,0.1508,3.0546,0.0494,89.8262
2009-05-27,4.8600,0.1444,3.0390,0.0475,90.2543
2009-06-01,4.9900,0.1408,3.0615,0.0460,90.3803
2009-06-02,5.0300,0.1394,3.0515,0.0457,90.4054
2009-06-03,5.4400,0.1291,3.0650,0.0421,90.4306
2009-06-04,5.5500,0.1264,3.1349,0.0403,90.5062
2009-06-05,5.4500,0.1288,3.1474,0.0409,90.4558
2009-06-15,5.9900,0.1171,3.1947,0.0367,90.8839
2009-06-16,6.1500,0.1141,3.1476,0.0362,91.0098
2009-06-17,6.0500,0.1161,3.1332,0.0371,90.7580
2009-06-18,5.9700,0.1176,3.1536,0.0373,90.6321
2009-06-19,6.0100,0.1168,3.1543,0.0370,90.8084
2009-06-22,6.0200,0.1167,3.1876,0.0366,90.9091
2009-06-23,6.0200,0.1166,3.2325,0.0361,91.1609
2009-06-24,5.8400,0.1203,3.2397,0.0371,90.7076
2009-06-25,5.8300,0.1205,3.2525,0.0370,90.7832
2009-06-26,5.8800,0.1193,3.2628,0.0366,90.9343
2009-06-30,5.9400,0.1181,3.2403,0.0364,90.9595
2009-07-01,6.3300,0.1108,3.2300,0.0343,91.5638
2009-07-02,6.3500,0.1106,3.2277,0.0343,91.5890
2009-07-03,6.4300,0.1092,3.2534,0.0336,91.8660
2009-07-06,6.5100,0.1079,3.2702,0.0330,91.9668
2009-07-07,6.2100,0.1131,3.2706,0.0346,91.4631
2009-07-08,6.1500,0.1141,3.2709,0.0349,91.4127
2009-07-09,6.1700,0.1137,3.3068,0.0344,91.5387
2009-07-10,6.2100,0.1131,3.3056,0.0342,91.6142
2009-07-13,6.0300,0.1164,3.3060,0.0352,91.3372
2009-07-14,6.2300,0.1128,3.3322,0.0339,91.7653
2009-07-15,6.2600,0.1121,3.3816,0.0331,91.8912
2009-07-16,6.4200,0.1094,3.4421,0.0318,92.3193
2009-07-17,6.3900,0.1098,3.4510,0.0318,92.2689
2009-07-20,6.4500,0.1088,3.4780,0.0313,92.5208
2009-07-21,6.2500,0.1123,3.4697,0.0324,92.0927
2009-07-22,6.2900,0.1117,3.4522,0.0324,92.1179
2009-07-23,6.3100,0.1113,3.4511,0.0323,92.1682
2009-07-24,6.1800,0.1135,3.4588,0.0328,91.9919
2009-07-27,6.2900,0.1116,3.5091,0.0318,92.2941
2009-07-28,6.2900,0.1116,3.4866,0.0320,92.1934
2009-07-29,6.4800,0.1083,3.5020,0.0309,92.6467
2009-07-30,7.1300,0.0984,3.4905,0.0282,93.3770
2009-08-03,7.0400,0.0997,3.5034,0.0285,93.2511
2009-08-04,6.8200,0.1029,3.5150,0.0293,93.0244
2009-08-05,6.8500,0.1024,3.5165,0.0291,93.0496
2009-08-06,6.5400,0.1074,3.5167,0.0305,92.7726
2009-08-07,6.4100,0.1095,3.5168,0.0311,92.5711
2009-08-10,6.2600,0.1122,3.5177,0.0319,92.2438
2009-08-11,6.2900,0.1117,3.5180,0.0318,92.3697
2009-08-12,6.0900,0.1152,3.5209,0.0327,92.0171
2009-08-13,6.3400,0.1107,3.5187,0.0315,92.4704
2009-08-14,6.1800,0.1135,3.5180,0.0323,92.1430
2009-08-17,5.7800,0.1215,3.5231,0.0345,91.4883
2009-08-18,5.8400,0.1202,3.5242,0.0341,91.6646
2009-08-19,5.6600,0.1240,3.5255,0.0352,91.3624
2009-08-20,5.8700,0.1195,3.5162,0.0340,91.7401
2009-08-21,6.0100,0.1168,3.5276,0.0331,91.9164
2009-08-24,5.9700,0.1176,3.4886,0.0337,91.8157
2009-08-25,5.5400,0.1267,3.4966,0.0362,91.0350
2009-08-26,5.6200,0.1250,3.4850,0.0359,91.2113
2009-08-27,5.4900,0.1280,3.4847,0.0367,90.8335
2009-08-28,5.2200,0.1345,3.4800,0.0386,90.5565
2009-08-31,4.9600,0.1417,3.4805,0.0407,90.4810
2009-09-01,5.1800,0.1356,3.4810,0.0390,90.5314
2009-09-02,5.4100,0.1299,3.4982,0.0371,90.6824
2009-09-03,5.6300,0.1248,3.4862,0.0358,91.3120
2009-09-04,5.6500,0.1243,3.4698,0.0358,91.2616
2009-09-07,5.6700,0.1238,3.4317,0.0361,91.1357
2009-09-08,5.7100,0.1229,3.4268,0.0359,91.2365
2009-09-09,5.7100,0.1229,3.4323,0.0358,91.2868
2009-09-10,5.6400,0.1245,3.4510,0.0361,91.1106
2009-09-11,5.9400,0.1182,3.4652,0.0341,91.6394
2009-09-14,5.9900,0.1172,3.4631,0.0338,91.7905
2009-09-15,5.9600,0.1177,3.4581,0.0340,91.7149
2009-09-16,5.8000,0.1211,3.4535,0.0351,91.3876
2009-09-17,5.8600,0.1199,3.4636,0.0346,91.4379
2009-09-18,5.5900,0.1257,3.4741,0.0362,91.0602
2009-09-21,5.5700,0.1261,3.5132,0.0359,91.1861
2009-09-22,5.3700,0.1307,3.5212,0.0371,90.7328
2009-09-23,5.3200,0.1321,3.5126,0.0376,90.6069
2009-09-24,5.5400,0.1268,3.5096,0.0361,91.0854
2009-09-25,5.4900,0.1279,3.5101,0.0364,90.9846
2009-09-28,5.3000,0.1326,3.4917,0.0380,90.5817
2009-09-29,5.3800,0.1305,3.5000,0.0373,90.6573
2009-09-30,5.4500,0.1288,3.5132,0.0367,90.8587
2009-10-09,5.7400,0.1224,3.5542,0.0344,91.5135
2009-10-12,5.7200,0.1228,3.6043,0.0341,91.6898
2009-10-13,5.7500,0.1220,3.6305,0.0336,91.8408
2009-10-14,5.7800,0.1214,3.6787,0.0330,91.9416
2009-10-15,5.8400,0.1203,3.7000,0.0325,92.0675
2009-10-16,5.8100,0.1209,3.7058,0.0326,92.0423
2009-10-19,6.0100,0.1169,3.6789,0.0318,92.3445
2009-10-20,6.1000,0.1151,3.6773,0.0313,92.4956
2009-10-21,6.1600,0.1139,3.6933,0.0308,92.6971
2009-10-22,6.0600,0.1159,3.6587,0.0317,92.4200
2009-10-23,6.2100,0.1130,3.6920,0.0306,92.7222
2009-10-26,6.2100,0.1130,3.6925,0.0306,92.7474
2009-10-27,5.9900,0.1171,3.6905,0.0317,92.3949
2009-10-28,5.9600,0.1178,3.6855,0.0320,92.2186
2009-10-29,6.0500,0.1160,3.6818,0.0315,92.4452
2009-10-30,6.1200,0.1146,3.6886,0.0311,92.5963
2009-11-02,6.7400,0.1042,3.6920,0.0282,93.3518
2009-11-03,6.7900,0.1033,3.6944,0.0280,93.4777
2009-11-04,6.9200,0.1015,3.7038,0.0274,93.7044
2009-11-05,6.8200,0.1029,3.7247,0.0276,93.5784
2009-11-06,6.8400,0.1027,3.7303,0.0275,93.6036
2009-11-09,6.7700,0.1037,3.7313,0.0278,93.5281
2009-11-10,7.0300,0.0999,3.7281,0.0268,93.8051
2009-11-11,6.9700,0.1007,3.6988,0.0272,93.7295
2009-11-12,6.8500,0.1024,3.6918,0.0277,93.5533
2009-11-13,6.9200,0.1015,3.6921,0.0275,93.6288
2009-11-16,7.1400,0.0983,3.6927,0.0266,93.8555
2009-11-17,7.0900,0.0990,3.6956,0.0268,93.8303
2009-11-18,7.0300,0.0998,3.6885,0.0271,93.7547
2009-11-19,7.0700,0.0993,3.6866,0.0269,93.7799
2009-11-20,6.9800,0.1006,3.6648,0.0275,93.6792
2009-11-23,6.9600,0.1009,3.6703,0.0275,93.6540
2009-11-24,6.8500,0.1025,3.6504,0.0281,93.4022
2009-11-25,6.8600,0.1023,3.6510,0.0280,93.4525
2009-11-26,6.4700,0.1086,3.6459,0.0298,92.9489
2009-11-27,6.3600,0.1105,3.5759,0.0309,92.6719
2009-11-30,6.6100,0.1062,3.5569,0.0299,92.8985
2009-12-01,6.5900,0.1065,3.5723,0.0298,92.9237
2009-12-02,6.6400,0.1057,3.5725,0.0296,92.9992
2009-12-03,6.5300,0.1076,3.5929,0.0299,92.8733
2009-12-04,6.8900,0.1019,3.5983,0.0283,93.3014
2009-12-07,6.9100,0.1016,3.6200,0.0281,93.4273
2009-12-08,6.7500,0.1040,3.6292,0.0287,93.1755
2009-12-09,6.7200,0.1045,3.6251,0.0288,93.1503
2009-12-10,6.7800,0.1035,3.6258,0.0285,93.2007
2009-12-11,6.8100,0.1031,3.6257,0.0284,93.2763
2009-12-14,6.9500,0.1011,3.6348,0.0278,93.5029
2009-12-15,6.8300,0.1027,3.6314,0.0283,93.3266
2009-12-16,6.7700,0.1037,3.6339,0.0285,93.2259
2009-12-17,6.6800,0.1051,3.6365,0.0289,93.1252
2009-12-18,6.5200,0.1077,3.6393,0.0296,92.9741
2009-12-21,6.4200,0.1094,3.6508,0.0300,92.8481
2009-12-22,6.1900,0.1134,3.6507,0.0311,92.6215
2009-12-23,6.1400,0.1143,3.6589,0.0312,92.5460
2009-12-24,6.3400,0.1107,3.6565,0.0303,92.7978
2009-12-29,6.4300,0.1092,3.6426,0.0300,92.8230
2009-12-30,6.6500,0.1057,3.6429,0.0290,93.1000
2009-12-31,6.6400,0.1057,3.6422,0.0290,93.0748
2013-01-04,4.3900,0.6254,3.6062,0.1734,80.9620
2013-01-07,4.4700,0.6135,3.5965,0.1706,81.5160
2013-01-08,4.3900,0.6250,3.5943,0.1739,80.8109
2013-01-09,4.3500,0.6305,3.5750,0.1764,80.3576
2013-01-10,4.3600,0.6301,3.5950,0.1753,80.5591
2013-01-11,4.2700,0.6435,3.5999,0.1788,79.9799
2013-01-14,4.6900,0.5851,3.6023,0.1624,82.5737
2013-01-15,4.8300,0.5679,3.6008,0.1577,82.6492
2013-01-16,4.8900,0.5612,3.6047,0.1557,82.8003
2013-01-17,4.8700,0.5637,3.5986,0.1566,82.7248
2013-01-18,5.0300,0.5456,3.5834,0.1523,82.9766
2013-01-21,5.4100,0.5076,3.5743,0.1420,84.2861
2013-01-22,5.6200,0.4883,3.5705,0.1368,85.0919
2013-01-23,5.5000,0.4988,3.5682,0.1398,84.5379
2013-01-24,5.3400,0.5141,3.5816,0.1435,84.0342
2013-01-25,5.2600,0.5222,3.5837,0.1457,83.7069
2013-01-28,5.7800,0.4746,3.6042,0.1317,85.4697
2013-01-29,5.8700,0.4677,3.6116,0.1295,85.6208
2013-01-30,5.8500,0.4688,3.6053,0.1300,85.5956
2013-01-31,5.7900,0.4739,3.6054,0.1314,85.5200
2013-02-01,6.1600,0.4458,3.6004,0.1238,86.1748
2013-02-04,6.0400,0.4543,3.6016,0.1261,86.0237
2013-02-05,5.9800,0.4591,3.5910,0.1278,85.7970
2013-02-06,6.0000,0.4575,3.5922,0.1274,85.8222
2013-02-07,5.7200,0.4796,3.5928,0.1335,85.2934
2013-02-08,5.7000,0.4819,3.5859,0.1344,85.1926
2013-02-18,5.7400,0.4785,3.5929,0.1332,85.3437
2013-02-19,5.7100,0.4805,3.5931,0.1337,85.2682
2013-02-20,5.5700,0.4926,3.5632,0.1382,84.9408
2013-02-21,5.3800,0.5102,3.5623,0.1432,84.1602
2013-02-22,5.2500,0.5230,3.5708,0.1465,83.5558
2013-02-25,5.4900,0.4998,3.5821,0.1395,84.6134
2013-02-26,5.7200,0.4796,3.5948,0.1334,85.3186
2013-02-27,5.7700,0.4757,3.5904,0.1325,85.4193
2013-02-28,6.3100,0.4348,3.5957,0.1209,86.5021
2013-03-01,6.3300,0.4337,3.5878,0.1209,86.5273
2013-03-04,5.9700,0.4598,3.5785,0.1285,85.6963
2013-03-05,6.5700,0.4179,3.5760,0.1169,86.7791
2013-03-06,6.6600,0.4124,3.5802,0.1152,86.8295
2013-03-07,6.5200,0.4212,3.5813,0.1176,86.6784
2013-03-08,6.2700,0.4374,3.5816,0.1221,86.3762
2013-03-11,6.2100,0.4419,3.5830,0.1233,86.2503
2013-03-12,5.9600,0.4604,3.5897,0.1283,85.7718
2013-03-13,6.0600,0.4527,3.5898,0.1261,86.0489
2013-03-14,5.9500,0.4615,3.5919,0.1285,85.7215
2013-03-15,6.0900,0.4505,3.5919,0.1254,86.1244
2013-03-18,5.8600,0.4684,3.5971,0.1302,85.5704
2013-03-19,5.9000,0.4651,3.5922,0.1295,85.6459
2013-03-20,6.3400,0.4329,3.5722,0.1212,86.4518
2013-03-21,6.3000,0.4355,3.5819,0.1216,86.4014
2013-03-22,6.3200,0.4342,3.5816,0.1212,86.4266
2013-03-25,6.2500,0.4394,3.5770,0.1228,86.3259
2013-03-26,6.0800,0.4517,3.5717,0.1265,85.9985
2013-03-27,6.0800,0.4515,3.5611,0.1268,85.9229
2013-03-28,5.5000,0.4995,3.5505,0.1407,84.4875
2013-03-29,5.5200,0.4970,3.5392,0.1404,84.5127
2013-04-01,5.6000,0.4904,3.5303,0.1389,84.7897
2013-04-02,5.6100,0.4892,3.5106,0.1393,84.6386
2013-04-03,5.6100,0.4890,3.5005,0.1397,84.5883
2013-04-08,5.4700,0.5018,3.4905,0.1438,84.0091
2013-04-09,5.4700,0.5015,3.4705,0.1445,83.8832
2013-04-10,5.3200,0.5155,3.4624,0.1489,83.3291
2013-04-11,5.3300,0.5152,3.4705,0.1485,83.3795
2013-04-12,5.1900,0.5291,3.4655,0.1527,82.9514
2013-04-15,5.0900,0.5388,3.4405,0.1566,82.7499
2013-04-16,5.1500,0.5333,3.4005,0.1568,82.6996
2013-04-17,5.0800,0.5408,3.4131,0.1584,82.6240
2013-04-18,5.2400,0.5236,3.4431,0.1521,83.0018
2013-04-19,5.5600,0.4941,3.4503,0.1432,84.1853
2013-04-22,5.5500,0.4943,3.4867,0.1418,84.3364
2013-04-23,5.2400,0.5241,3.4629,0.1513,83.1277
2013-04-24,5.3200,0.5155,3.4498,0.1494,83.2788
2013-04-25,5.1700,0.5311,3.4314,0.1548,82.8507
2013-04-26,5.1300,0.5348,3.4313,0.1559,82.7751
2013-05-02,5.1900,0.5288,3.4119,0.1550,82.8255
2013-05-03,5.4200,0.5068,3.4212,0.1481,83.4299
2013-05-06,5.5700,0.4924,3.4354,0.1433,84.1098
2013-05-07,5.5600,0.4938,3.4261,0.1441,83.9335
2013-05-08,5.5900,0.4907,3.4345,0.1429,84.2357
2013-05-09,5.5300,0.4968,3.4317,0.1448,83.8328
2013-05-10,5.5400,0.4953,3.4212,0.1448,83.8076
2013-05-13,5.4700,0.5020,3.4238,0.1466,83.5306
2013-05-14,5.2900,0.5184,3.4248,0.1514,83.1025
2013-05-15,5.3000,0.5181,3.4218,0.1514,83.0773
2013-05-16,5.5700,0.4924,3.4219,0.1439,83.9839
2013-05-17,5.6000,0.4904,3.4213,0.1433,84.0846
2013-05-20,5.7600,0.4766,3.4253,0.1391,84.6638
2013-05-21,5.7900,0.4739,3.4253,0.1384,84.9156
2013-05-22,5.8100,0.4726,3.4153,0.1384,84.8905
2013-05-23,5.6300,0.4873,3.4130,0.1428,84.2609
2013-05-24,5.6800,0.4833,3.4181,0.1414,84.3868
2013-05-27,5.6000,0.4897,3.4166,0.1433,84.1350
2013-05-28,5.9300,0.4630,3.4206,0.1354,85.1675
2013-05-29,5.8400,0.4699,3.4340,0.1368,85.0416
2013-05-30,5.8200,0.4717,3.4340,0.1374,84.9912
2013-05-31,5.7600,0.4764,3.4399,0.1385,84.8653
2013-06-03,5.7400,0.4782,3.4478,0.1387,84.8401
2013-06-04,5.8000,0.4733,3.4603,0.1368,85.0667
2013-06-05,5.7100,0.4805,3.4615,0.1388,84.8149
2013-06-06,5.5300,0.4968,3.4651,0.1434,84.0594
2013-06-07,5.3600,0.5120,3.4822,0.1470,83.4802
2013-06-13,5.1600,0.5322,3.4591,0.1539,82.9262
2013-06-14,5.2300,0.5247,3.4689,0.1513,83.1529
2013-06-17,5.2800,0.5198,3.4785,0.1494,83.2536
2013-06-18,5.4200,0.5068,3.4818,0.1456,83.7321
2013-06-19,5.2800,0.5198,3.5516,0.1464,83.5810
2013-06-20,4.9500,0.5590,3.7016,0.1510,83.1780
2013-06-21,5.0000,0.5541,3.6014,0.1539,82.9010
2013-06-24,4.5000,0.6158,3.5999,0.1711,81.4656
2013-06-25,4.4200,0.6263,3.5999,0.1740,80.7857
2013-06-26,4.3200,0.6404,3.5500,0.1804,79.8539
2013-06-27,4.2500,0.6510,3.5231,0.1848,79.1740
2013-06-28,4.4200,0.6269,3.5125,0.1785,80.0050
2013-07-01,4.3200,0.6410,3.5245,0.1819,79.7532
2013-07-02,4.2500,0.6510,3.5243,0.1847,79.1992
2013-07-03,4.1300,0.6699,3.5302,0.1898,77.7890
2013-07-04,4.1500,0.6670,3.5102,0.1900,77.7134
2013-07-05,4.1500,0.6670,3.5127,0.1899,77.7638
2013-07-08,3.9800,0.6952,3.5177,0.1976,75.4974
2013-07-09,3.9900,0.6944,3.5202,0.1973,75.6233
2013-07-10,4.1600,0.6649,3.5802,0.1857,78.9474
2013-07-11,4.5800,0.6044,3.5902,0.1683,81.9693
2013-07-12,4.5800,0.6044,3.6001,0.1679,82.1204
2013-07-15,4.6600,0.5947,3.6102,0.1647,82.4226
2013-07-16,4.6000,0.6021,3.6190,0.1664,82.2715
2013-07-17,4.4900,0.6164,3.6690,0.1680,82.0700
2013-07-18,4.3500,0.6365,3.6903,0.1725,81.0879
2013-07-19,4.1800,0.6628,3.7051,0.1789,79.9547
2013-07-22,4.1700,0.6635,3.7401,0.1774,80.2317
2013-07-23,4.4100,0.6275,3.7602,0.1669,82.2463
2013-07-24,4.3200,0.6404,3.7952,0.1687,81.8937
2013-07-25,4.3500,0.6371,3.7102,0.1717,81.2642
2013-07-26,4.2700,0.6483,3.7152,0.1745,80.6850
2013-07-29,4.1700,0.6642,3.7228,0.1784,80.0554
2013-07-30,4.2900,0.6457,3.7227,0.1734,80.9116
2013-07-31,4.2500,0.6517,3.7214,0.1751,80.5842
2013-08-01,4.3900,0.6300,3.7053,0.1700,81.5915
2013-08-02,4.3500,0.6365,3.7034,0.1719,81.1886
2013-08-05,4.4000,0.6288,3.7104,0.1695,81.7678
2013-08-06,4.3900,0.6300,3.7153,0.1696,81.7426
2013-08-07,4.4000,0.6294,3.7703,0.1669,82.2211
2013-08-08,4.3800,0.6320,3.8455,0.1643,82.4981
2013-08-09,4.3600,0.6345,3.8407,0.1652,82.3974
2013-08-12,4.5800,0.6050,3.8513,0.1571,82.6744
2013-08-13,4.6500,0.5952,3.9252,0.1516,83.0269
2013-08-14,4.6200,0.5992,3.9516,0.1516,83.0521
2013-08-15,4.5200,0.6127,3.9602,0.1547,82.8758
2013-08-16,4.6900,0.5907,3.9401,0.1499,83.2284
2013-08-19,4.7800,0.5792,4.0103,0.1444,83.9083
2013-08-20,4.8700,0.5682,4.0881,0.1390,84.7142
2013-08-21,4.8300,0.5729,4.0382,0.1419,84.3113
2013-08-22,4.8500,0.5708,4.0302,0.1416,84.3616
2013-08-23,4.7100,0.5885,3.9916,0.1474,83.4550
2013-08-26,4.8300,0.5734,3.9555,0.1450,83.7572
2013-08-27,4.8200,0.5744,3.9654,0.1449,83.7824
2013-08-28,4.7100,0.5880,4.0222,0.1462,83.6061
2013-08-29,4.7100,0.5874,4.0300,0.1458,83.6817
2013-08-30,4.7000,0.5891,4.0354,0.1460,83.6313
2013-09-02,4.7600,0.5814,4.0356,0.1441,83.9587
2013-09-03,4.9600,0.5580,4.0404,0.1381,84.9660
2013-09-04,4.9100,0.5641,4.0550,0.1391,84.6890
2013-09-05,4.8900,0.5666,4.0550,0.1397,84.5631
2013-09-09,5.3700,0.5153,4.0550,0.1271,85.8726
2013-09-10,5.5100,0.5024,4.0650,0.1236,86.1999
2013-09-11,5.6200,0.4925,4.1341,0.1191,86.6532
2013-09-12,5.9700,0.4640,4.1291,0.1124,87.0310
2013-09-13,5.8500,0.4731,4.1406,0.1143,86.9051
2013-09-16,5.8500,0.4735,4.1201,0.1149,86.8547
2013-09-17,5.6700,0.4887,4.0721,0.1200,86.5777
2013-09-18,5.6700,0.4887,4.0502,0.1207,86.5525
2013-09-23,5.7100,0.4852,4.0095,0.1210,86.4770
2013-09-24,5.4400,0.5094,4.0201,0.1267,85.9733
2013-09-25,5.3300,0.5195,4.0202,0.1292,85.6711
2013-09-26,5.1700,0.5360,3.9901,0.1343,85.2178
2013-09-27,5.2700,0.5252,4.0002,0.1313,85.5452
2013-09-30,5.2600,0.5261,3.9954,0.1317,85.4948
2013-10-08,5.4100,0.5119,3.9903,0.1283,85.7467
2013-10-09,5.5600,0.4980,4.0316,0.1235,86.2251
2013-10-10,5.4400,0.5090,4.0166,0.1267,85.9481
2013-10-11,5.6200,0.4925,4.0265,0.1223,86.3510
2013-10-14,5.5300,0.5004,4.0663,0.1231,86.3007
2013-10-15,5.4100,0.5119,4.0791,0.1255,86.0992
2013-10-16,5.3200,0.5204,4.0966,0.1270,85.8978
2013-10-17,5.3200,0.5208,4.0966,0.1271,85.8474
2013-10-18,5.4100,0.5123,4.1055,0.1248,86.1496
2013-10-21,5.4600,0.5069,4.1105,0.1233,86.2755
2013-10-22,5.3400,0.5187,4.1305,0.1256,86.0740
2013-10-23,5.5700,0.4968,4.1491,0.1197,86.6281
2013-10-24,5.7600,0.4808,4.1940,0.1146,86.8799
2013-10-25,5.9500,0.4654,4.2140,0.1104,87.1065
2013-10-28,5.8200,0.4760,4.2040,0.1132,86.9806
2013-10-29,6.2600,0.4426,4.2173,0.1049,87.5346
2013-10-30,6.3800,0.4340,4.2173,0.1029,87.7109
2013-10-31,6.1600,0.4496,4.1806,0.1075,87.3332
2013-11-01,6.1400,0.4506,4.1556,0.1084,87.2576
2013-11-04,6.0100,0.4609,4.1731,0.1104,87.0813
2013-11-05,6.0500,0.4575,4.2106,0.1087,87.2073
2013-11-06,5.8300,0.4753,4.2206,0.1126,87.0058
2013-11-07,5.8800,0.4710,4.2945,0.1097,87.1317
2013-11-08,5.9100,0.4689,4.3186,0.1086,87.2324
2013-11-11,5.9400,0.4664,4.4034,0.1059,87.4087
2013-11-12,6.2200,0.4448,4.4146,0.1008,87.8368
2013-11-13,5.9100,0.4689,4.4628,0.1051,87.5094
2013-11-14,5.8200,0.4756,4.5006,0.1057,87.4339
2013-11-15,5.9200,0.4678,4.6006,0.1017,87.7613
2013-11-18,6.2400,0.4436,4.6619,0.0952,88.1390
2013-11-19,6.1200,0.4522,4.6722,0.0968,88.0383
2013-11-20,6.2000,0.4467,4.7222,0.0946,88.1642
2013-11-21,6.1800,0.4484,4.7009,0.0954,88.1138
2013-11-22,6.0600,0.4572,4.6509,0.0983,87.9375
2013-11-25,5.9800,0.4630,4.6159,0.1003,87.9124
2013-11-26,5.9700,0.4640,4.6059,0.1007,87.8620
2013-11-27,6.0100,0.4606,4.5511,0.1012,87.8116
2013-11-28,6.0300,0.4589,4.4313,0.1036,87.6605
2013-11-29,6.0300,0.4596,4.3612,0.1054,87.4591
2013-12-02,6.0900,0.4545,4.4812,0.1014,87.7865
2013-12-03,6.0000,0.4616,4.4412,0.1039,87.6102
2013-12-04,6.0300,0.4596,4.4262,0.1038,87.6354
2013-12-05,5.9500,0.4654,4.4962,0.1035,87.6857
2013-12-06,5.8900,0.4703,4.5162,0.1041,87.5850
2013-12-09,5.8400,0.4738,4.5413,0.1043,87.5598
2013-12-10,5.8900,0.4703,4.6012,0.1022,87.7361
2013-12-11,5.6900,0.4868,4.6213,0.1053,87.4843
2013-12-12,5.6400,0.4914,4.5913,0.1070,87.3583
2013-12-13,5.5600,0.4980,4.5411,0.1097,87.1569
2013-12-16,5.6500,0.4902,4.5539,0.1076,87.3080
2013-12-17,5.6400,0.4914,4.5639,0.1077,87.2828
2013-12-18,5.6500,0.4898,4.5814,0.1069,87.3835
2013-12-19,5.5400,0.5000,4.6016,0.1087,87.1821
2013-12-20,5.2800,0.5248,4.6016,0.1140,86.9302
2013-12-23,5.2900,0.5230,4.6017,0.1137,86.9554
2013-12-24,5.1800,0.5342,4.5566,0.1172,86.7036
2013-12-25,5.1900,0.5333,4.5666,0.1168,86.8043
2013-12-26,5.0700,0.5459,4.5579,0.1198,86.6029
2013-12-27,5.2100,0.5319,4.5437,0.1171,86.7540
2013-12-30,5.2000,0.5324,4.5437,0.1172,86.7288
2013-12-31,5.4300,0.5102,4.5518,0.1121,87.0562
2014-01-02,5.4200,0.8688,4.6018,0.1888,78.0912
2014-01-03,5.2900,0.8906,4.6415,0.1919,77.1594
2014-01-06,5.1700,0.9105,4.6569,0.1955,76.1773
2014-01-07,5.1500,0.9136,4.6420,0.1968,75.7995
2014-01-08,5.2100,0.9035,4.5919,0.1968,75.8751
2014-01-09,5.2400,0.7740,4.5969,0.1684,81.9441
2014-01-10,5.2400,0.7740,4.6016,0.1682,82.0196
2014-01-13,5.1400,0.7886,4.5970,0.1715,81.3649
2014-01-14,5.1900,0.7806,4.6020,0.1696,81.7175
2014-01-15,5.1700,0.7839,4.5523,0.1722,81.1383
2014-01-16,5.1800,0.7826,4.5871,0.1706,81.4908
2014-01-17,5.0900,0.7969,4.5969,0.1734,80.9872
2014-01-20,5.0100,0.8096,4.5923,0.1763,80.4080
2014-01-21,5.0300,0.8053,4.5423,0.1773,80.2569
2014-01-22,5.2200,0.7759,4.5023,0.1723,81.1131
2014-01-23,5.1800,0.7819,4.4825,0.1744,80.7353
2014-01-24,5.1700,0.7846,4.5123,0.1739,80.8361
2014-01-27,5.0500,0.8032,4.4802,0.1793,79.9295
2014-01-28,5.0900,0.7955,4.5027,0.1767,80.3072
2014-01-29,5.1200,0.7914,4.5102,0.1755,80.5339
2014-01-30,5.0500,0.8025,4.5019,0.1783,80.0806
2014-02-07,5.0400,0.8039,4.4781,0.1795,79.9043
2014-02-10,5.1300,0.7907,4.4831,0.1764,80.3324
2014-02-11,5.3200,0.7623,4.4881,0.1698,81.6671
2014-02-12,5.2900,0.7662,4.4783,0.1711,81.4404
2014-02-13,5.4100,0.7486,4.4783,0.1672,82.1959
2014-02-14,5.3500,0.7573,4.4781,0.1691,81.8434
2014-02-17,5.3000,0.7643,4.5135,0.1693,81.8182
2014-02-18,5.1700,0.7846,4.5385,0.1729,81.0627
2014-02-19,5.3200,0.7623,4.5535,0.1674,82.1456
2014-02-20,5.2100,0.7779,4.5336,0.1716,81.3145
2014-02-21,5.1400,0.7886,4.5234,0.1743,80.7605
2014-02-24,4.9400,0.8197,4.4836,0.1828,79.5518
2014-02-25,4.8800,0.8301,4.4336,0.1872,78.6200
2014-02-26,4.9200,0.8234,4.4496,0.1851,79.1236
2014-02-27,4.9800,0.8139,4.3896,0.1854,79.0733
2014-02-28,4.9300,0.8219,4.4276,0.1856,78.9726
2014-03-03,4.8900,0.8286,4.4576,0.1859,78.9222
2014-03-04,4.8600,0.8332,4.5026,0.1850,79.1488
2014-03-05,4.7400,0.8550,4.5176,0.1893,77.9401
2014-03-06,4.7700,0.8494,4.5145,0.1881,78.3430
2014-03-07,4.7800,0.8470,4.5142,0.1876,78.5444
2014-03-10,4.5700,0.8873,4.5043,0.1970,75.7492
2014-03-11,4.5400,0.8934,4.5125,0.1980,75.3714
2014-03-12,4.5900,0.8839,4.5024,0.1963,75.9758
2014-03-13,4.6800,0.8663,4.5024,0.1924,77.0083
2014-03-14,4.5700,0.8864,4.4924,0.1973,75.5729
2014-03-17,4.6400,0.8737,4.4820,0.1949,76.4039
2014-03-18,4.6000,0.8813,4.5095,0.1954,76.2025
2014-03-19,4.5400,0.8934,4.5095,0.1981,75.3463
2014-03-20,4.4700,0.9058,4.5195,0.2004,74.8426
2014-03-21,4.7800,0.8478,4.5044,0.1882,78.2926
2014-03-24,4.7800,0.8478,4.5148,0.1878,78.4689
2014-03-25,4.7000,0.8630,4.5192,0.1910,77.5120
2014-03-26,4.7400,0.8550,4.4992,0.1900,77.6379
2014-03-27,4.7700,0.8494,4.5109,0.1883,78.2423
2014-03-28,4.7800,0.8486,4.5104,0.1881,78.3682
2014-03-31,4.7700,0.8494,4.5004,0.1887,78.1415
2014-04-01,4.7800,0.8470,4.4954,0.1884,78.2171
2014-04-02,4.8300,0.8385,4.4904,0.1867,78.7963
2014-04-03,4.7700,0.8494,4.4904,0.1892,77.9652
2014-04-04,4.7800,0.8478,4.4904,0.1888,78.0660
2014-04-08,5.0000,0.8110,4.4499,0.1823,79.6777
2014-04-09,4.9600,0.8175,4.4771,0.1826,79.5769
2014-04-10,5.0300,0.8053,4.4571,0.1807,79.8288
2014-04-11,5.0500,0.8025,4.4521,0.1803,79.8791
2014-04-14,5.0000,0.8110,4.4248,0.1833,79.5014
2014-04-15,4.8600,0.8339,4.4001,0.1895,77.8645
2014-04-16,4.8700,0.8324,4.3601,0.1909,77.5371
2014-04-17,4.8300,0.8393,4.2749,0.1963,75.9506
2014-04-18,4.7800,0.8470,4.2997,0.1970,75.7240
2014-04-21,4.7400,0.8558,4.2997,0.1990,75.1448
2014-04-22,4.9000,0.8271,4.2997,0.1924,77.0587
2014-04-23,5.0100,0.8096,4.3297,0.1870,78.6955
2014-04-24,4.9800,0.8146,4.3394,0.1877,78.5193
2014-04-25,4.9800,0.8132,4.3294,0.1878,78.4437
2014-04-28,4.8900,0.8294,4.3301,0.1915,77.2601
2014-04-29,4.9400,0.8197,4.3202,0.1897,77.8142
2014-04-30,4.9400,0.8212,4.3002,0.1910,77.4868
2014-05-05,4.8700,0.8324,4.3002,0.1936,76.6306
2014-05-06,4.8500,0.8354,4.2803,0.1952,76.3032
2014-05-07,4.8100,0.8431,4.2803,0.1970,75.7744
2014-05-08,4.8400,0.8370,4.2303,0.1979,75.4218
2014-05-09,4.9000,0.8279,4.1205,0.2009,74.8174
2014-05-12,5.0200,0.8067,4.1205,0.1958,76.1017
2014-05-13,4.9800,0.8146,4.1505,0.1963,76.0010
2014-05-14,5.0100,0.8089,4.1704,0.1940,76.5298
2014-05-15,4.9600,0.8175,4.1915,0.1950,76.3787
2014-05-16,4.9900,0.8117,4.1919,0.1936,76.6054
2014-05-19,4.9900,0.8117,4.1708,0.1946,76.4795
2014-05-20,4.9800,0.8139,4.1770,0.1949,76.4291
2014-05-21,5.0200,0.8074,4.1770,0.1933,76.7313
2014-05-22,5.0500,0.8032,4.1770,0.1923,77.0839
2014-05-23,5.1300,0.7900,4.1574,0.1900,77.6756
2014-05-26,5.1300,0.7900,4.1674,0.1896,77.8393
2014-05-27,5.1300,0.7900,4.1574,0.1900,77.6756
2014-05-28,5.1400,0.7886,4.1457,0.1902,77.6127
2014-05-29,5.0900,0.7955,4.1159,0.1933,76.7565
2014-05-30,5.0900,0.7955,4.0714,0.1954,76.2277
2014-06-03,5.1000,0.7948,4.0214,0.1976,75.4722
2014-06-04,5.0200,0.8074,4.0114,0.2013,74.7922
2014-06-05,5.0600,0.8004,4.0314,0.1985,75.2707
2014-06-06,5.0400,0.8039,4.0614,0.1979,75.3966
2014-06-09,5.0900,0.7969,4.0714,0.1957,76.1269
2014-06-10,5.2100,0.7786,4.0614,0.1917,77.2350
2014-06-11,5.2200,0.7766,4.0614,0.1912,77.4364
2014-06-12,5.2400,0.7851,4.0640,0.1932,76.8068
2014-06-13,5.4600,0.7533,4.0840,0.1845,79.2496
2014-06-16,5.4600,0.7526,4.0640,0.1852,79.0985
2014-06-17,5.4100,0.7593,4.0540,0.1873,78.5948
2014-06-18,5.3200,0.7732,4.0540,0.1907,77.5875
2014-06-19,5.2700,0.7795,4.0408,0.1929,76.9076
2014-06-20,5.3100,0.7740,4.0515,0.1910,77.4616
2014-06-23,5.2700,0.7803,4.0515,0.1926,76.9579
2014-06-24,5.2800,0.7779,4.0515,0.1920,77.1342
2014-06-25,5.2700,0.7803,4.0557,0.1924,77.0335
2014-06-26,5.2900,0.7763,4.0472,0.1918,77.1846
2014-06-27,5.2900,0.7763,4.0485,0.1918,77.2098
2014-06-30,5.3400,0.7693,4.0612,0.1894,77.9149
2014-07-01,5.3200,0.7732,4.0812,0.1895,77.8897
2014-07-02,5.3300,0.7708,4.1212,0.1870,78.6704
2014-07-03,5.3700,0.7654,4.1503,0.1844,79.2747
2014-07-04,5.3400,0.7693,4.1747,0.1843,79.3251
2014-07-07,5.3200,0.7732,4.1212,0.1876,78.5696
2014-07-08,5.3500,0.7677,4.1162,0.1865,78.8215
2014-07-09,5.2000,0.7900,4.1276,0.1914,77.3357
2014-07-10,5.2100,0.7884,4.1298,0.1909,77.5623
2014-07-11,5.2100,0.7884,4.1198,0.1914,77.3609
2014-07-14,5.2400,0.7843,4.1298,0.1899,77.7386
2014-07-16,5.1800,0.7933,4.2171,0.1881,78.3934
2014-07-17,5.1700,0.7949,4.2670,0.1863,78.8466
2014-07-18,5.1800,0.7941,4.3019,0.1846,79.2244
2014-07-21,5.1500,0.7983,4.3017,0.1856,79.0229
2014-07-22,5.2500,0.7835,4.2717,0.1834,79.4762
2014-07-23,5.2600,0.7811,4.2967,0.1818,79.7784
2014-07-24,5.4800,0.7503,4.2967,0.1746,80.6346
2014-07-25,5.5100,0.7459,4.2711,0.1746,80.6094
2014-07-28,5.8100,0.7072,4.2713,0.1656,82.3218
2014-07-29,5.8300,0.7046,4.2805,0.1646,82.4477
2014-07-30,5.8000,0.7092,4.2905,0.1653,82.3722
2014-07-31,5.8600,0.7013,4.2655,0.1644,82.4729
2014-08-01,5.7700,0.7125,4.2569,0.1674,82.1707
2014-08-04,5.8900,0.6975,4.2530,0.1640,82.5233
2014-08-05,5.8300,0.7046,4.2576,0.1655,82.3470
2014-08-06,5.7400,0.7158,4.2463,0.1686,81.9189
2014-08-07,5.6600,0.7260,4.2563,0.1706,81.5412
2014-08-08,5.6800,0.7233,4.2712,0.1693,81.7930
2014-08-11,5.7700,0.7118,4.2815,0.1663,82.2967
2014-08-12,5.7200,0.7192,4.2815,0.1680,82.0952
2014-08-13,5.7400,0.7158,4.2550,0.1682,81.9945
2014-08-14,5.6800,0.7233,4.2100,0.1718,81.2138
2014-08-15,5.7000,0.7206,4.2002,0.1716,81.3397
2014-08-18,5.7400,0.7158,4.2153,0.1698,81.6923
2014-08-19,5.7000,0.7206,4.2422,0.1699,81.6419
2014-08-20,5.6400,0.7281,4.2523,0.1712,81.3901
2014-08-21,5.5700,0.7373,4.2512,0.1734,80.9368
2014-08-22,5.5800,0.7366,4.2560,0.1731,81.0123
2014-08-25,5.5000,0.7467,4.2524,0.1756,80.4835
2014-08-26,5.4900,0.7481,4.2462,0.1762,80.4331
2014-08-27,5.5200,0.7445,4.2310,0.1760,80.4583
2014-08-28,5.4700,0.7511,4.2254,0.1778,80.1813
2014-08-29,5.5300,0.7437,4.2361,0.1756,80.5087
2014-09-01,5.5500,0.7401,4.2405,0.1745,80.6598
2014-09-02,5.6300,0.7295,4.2490,0.1717,81.2893
2014-09-03,5.6600,0.7260,4.2640,0.1703,81.5664
2014-09-04,5.6900,0.7226,4.2814,0.1688,81.8685
2014-09-05,5.7000,0.7212,4.2928,0.1680,82.0448
2014-09-09,5.6400,0.7288,4.2868,0.1700,81.6167
2014-09-10,5.5700,0.7380,4.2934,0.1719,81.1634
2014-09-11,5.5900,0.7351,4.2937,0.1712,81.4153
2014-09-12,5.5900,0.7351,4.2793,0.1718,81.2390
2014-09-15,5.5600,0.7394,4.2597,0.1736,80.8864
2014-09-16,5.5300,0.7437,4.2634,0.1744,80.7101
2014-09-17,5.5300,0.7430,4.2008,0.1769,80.2820
2014-09-18,5.5700,0.7380,4.1438,0.1781,80.1058
2014-09-19,5.6000,0.7344,4.0310,0.1822,79.7028
2014-09-22,5.4200,0.7578,4.0110,0.1889,78.0156
2014-09-23,5.4500,0.7548,3.9911,0.1891,77.9904
2014-09-24,5.5400,0.7416,4.0425,0.1835,79.4510
2014-09-25,5.4900,0.7489,4.0025,0.1871,78.6452
2014-09-26,5.4600,0.7533,4.0092,0.1879,78.4185
2014-09-29,5.4600,0.7533,3.9925,0.1887,78.1667
2014-09-30,5.4700,0.7518,3.9824,0.1888,78.1163
2014-10-08,5.5300,0.7430,3.9930,0.1861,78.8970
2014-10-09,5.5000,0.7474,4.0014,0.1868,78.7711
2014-10-10,5.4800,0.7503,4.0131,0.1870,78.7207
2014-10-13,5.4500,0.7548,3.9953,0.1889,78.0408
2014-10-14,5.4600,0.7533,3.9015,0.1931,76.8320
2014-10-15,5.4800,0.7503,3.8215,0.1963,75.9255
2014-10-16,5.5000,0.7474,3.8116,0.1961,76.0766
2014-10-17,5.4600,0.7533,3.8110,0.1977,75.4470
2014-10-20,5.4800,0.7496,3.7441,0.2002,74.9433
2014-10-21,5.4400,0.7555,3.7323,0.2024,74.6915
2014-10-22,5.4500,0.7548,3.7929,0.1990,75.1700
2014-10-23,5.5200,0.7445,3.8108,0.1954,76.2528
2014-10-24,5.4900,0.7489,3.8013,0.1970,75.6988
2014-10-27,5.4000,0.7608,3.7756,0.2015,74.7167
2014-10-28,5.4800,0.7496,3.7424,0.2003,74.8678
2014-10-29,5.5500,0.7401,3.7176,0.1991,75.1196
2014-10-30,5.6200,0.7309,3.7688,0.1939,76.5550
2014-10-31,5.9500,0.6912,3.7559,0.1840,79.3755
2014-11-03,5.9900,0.6862,3.7007,0.1854,79.0481
2014-11-04,5.8500,0.7026,3.6412,0.1930,76.8824
2014-11-05,5.8300,0.7046,3.6117,0.1951,76.3536
2014-11-06,5.8400,0.7033,3.6223,0.1942,76.5047
2014-11-07,5.8800,0.6988,3.5631,0.1961,76.0514
2014-11-10,6.0100,0.6843,3.5132,0.1948,76.4543
2014-11-11,6.0800,0.6764,3.4981,0.1934,76.6809
2014-11-12,6.0400,0.6807,3.5560,0.1914,77.3105
2014-11-13,5.9600,0.6899,3.5924,0.1920,77.1090
2014-11-14,5.8900,0.6975,3.6466,0.1913,77.3860
2014-11-17,5.8000,0.7085,3.6609,0.1935,76.6558
2014-11-18,5.7200,0.7185,3.6070,0.1992,75.0944
2014-11-19,5.7300,0.7172,3.6154,0.1984,75.3211
2014-11-20,5.7300,0.7172,3.6521,0.1964,75.9003
2014-11-21,5.8200,0.7059,3.6514,0.1933,76.7061
2014-11-24,5.8100,0.7072,3.4767,0.2034,74.6160
2014-11-25,5.9200,0.6943,3.5216,0.1972,75.6485
2014-11-26,6.0400,0.6801,3.5228,0.1931,76.8572
2014-11-27,6.1000,0.6740,3.5243,0.1912,77.4112
2014-11-28,6.7100,0.6128,3.5249,0.1738,80.8612
2014-12-01,6.5700,0.6254,3.5145,0.1779,80.1561
2014-12-02,7.0700,0.5811,3.5553,0.1634,82.5485
2014-12-03,7.0600,0.5819,3.6238,0.1606,82.5988
2014-12-04,7.5300,0.5461,3.6633,0.1491,83.3040
2014-12-05,7.8300,0.5247,3.7759,0.1390,84.7394
2014-12-08,8.2100,0.5006,3.7918,0.1320,85.4445
2014-12-09,7.3900,0.5560,3.7532,0.1481,83.4047
2014-12-10,7.6500,0.5372,3.7111,0.1448,83.8580
2014-12-11,7.5100,0.5477,3.7282,0.1469,83.5054
2014-12-12,7.5200,0.5469,3.7513,0.1458,83.6565
2014-12-15,7.3200,0.5614,3.7815,0.1485,83.3543
2014-12-16,7.7600,0.5298,3.7522,0.1412,84.4120
2014-12-17,8.2800,0.4963,3.7377,0.1328,85.3941
2014-12-18,8.0300,0.5120,3.7614,0.1361,85.1171
2014-12-19,8.0900,0.5082,3.7106,0.1370,85.0164
2014-12-22,8.2700,0.4970,3.7030,0.1342,85.2430
2014-12-23,7.9500,0.5168,3.6604,0.1412,84.4372
2014-12-24,7.5900,0.5418,3.5975,0.1506,83.2032
2014-12-25,7.9200,0.5190,3.6305,0.1430,84.2105
2014-12-26,8.1400,0.5049,3.6339,0.1389,84.7645
2014-12-29,8.0400,0.5110,3.6213,0.1411,84.4624
2014-12-30,8.3600,0.4918,3.6213,0.1358,85.1423
2014-12-31,8.5400,0.4813,3.6219,0.1329,85.3689
2015-01-05,8.6400,0.8323,3.6251,0.2296,71.7703
2015-01-06,8.5100,0.8450,3.6353,0.2324,71.5437
2015-01-07,8.3500,0.8613,3.6408,0.2366,71.1911
2015-01-08,8.0700,0.8913,3.6415,0.2448,70.2594
2015-01-09,8.1300,0.8842,3.6348,0.2433,70.4105
2015-01-12,7.9600,0.9027,3.6371,0.2482,69.3780
2015-01-13,7.9100,0.9083,3.5836,0.2535,68.7232
2015-01-14,7.9800,0.9003,3.5411,0.2542,68.6477
2015-01-15,8.2800,0.8686,3.5464,0.2449,70.1838
2015-01-16,8.2900,0.8675,3.5017,0.2477,69.4787
2015-01-19,7.4600,0.9641,3.4750,0.2774,66.5324
2015-01-20,7.4600,0.9641,3.4711,0.2778,66.5072
2015-01-21,7.7700,0.9246,3.4672,0.2667,67.9929
2015-01-22,7.7100,0.9324,3.4521,0.2701,67.6656
2015-01-23,7.7600,0.9259,3.4520,0.2682,67.8922
2015-01-26,7.7300,0.9298,3.4341,0.2708,67.6404
2015-01-27,7.5400,0.9531,3.4309,0.2778,66.4820
2015-01-28,7.5800,0.9483,3.4767,0.2728,67.3382
2015-01-29,7.4900,0.9592,3.4966,0.2743,66.9605
2015-01-30,7.5100,0.9572,3.5019,0.2733,67.1619
2015-02-02,7.3500,0.9782,3.4729,0.2817,66.0035
2015-02-03,7.5200,0.9558,3.4533,0.2768,66.6583
2015-02-04,7.3900,0.9725,3.4589,0.2812,66.0791
2015-02-05,7.4300,0.9669,3.4018,0.2842,65.6006
2015-02-06,7.2800,0.9869,3.4325,0.2875,65.0214
2015-02-09,7.2900,0.9862,3.4236,0.2881,64.9207
2015-02-10,7.4200,0.9683,3.4299,0.2823,65.7769
2015-02-11,7.4000,0.9711,3.3955,0.2860,65.2480
2015-02-12,7.4700,0.9620,3.3865,0.2841,65.6258
2015-02-13,7.5200,0.9558,3.3552,0.2849,65.4747
2015-02-16,7.5100,0.9579,3.3374,0.2870,65.1473
2015-02-17,7.5400,0.9531,3.3373,0.2856,65.3236
2015-02-25,7.4400,0.9662,3.3490,0.2885,64.7696
2015-02-26,7.5900,0.9476,3.3594,0.2821,65.8524
2015-02-27,7.5400,0.9531,3.3745,0.2824,65.7265
2015-03-02,7.5600,0.9503,3.3883,0.2805,66.1798
2015-03-03,7.3300,0.9804,3.4022,0.2882,64.8955
2015-03-04,7.3200,0.9826,3.3869,0.2901,64.4170
2015-03-05,7.2100,0.9965,3.4369,0.2899,64.4926
2015-03-06,7.2500,0.9921,3.4753,0.2855,65.3488
2015-03-09,7.6300,0.9423,3.4922,0.2698,67.7411
2015-03-10,7.4200,0.9683,3.5228,0.2749,66.8346
2015-03-11,7.4700,0.9620,3.4466,0.2791,66.3561
2015-03-12,7.8700,0.9132,3.4412,0.2654,68.1944
2015-03-13,8.0800,0.8895,3.4879,0.2550,68.6225
2015-03-16,8.3100,0.8652,3.5301,0.2451,70.1083
2015-03-17,8.3000,0.8658,3.5428,0.2444,70.2846
2015-03-18,8.3600,0.8597,3.5519,0.2420,70.5616
2015-03-19,8.1900,0.8778,3.5348,0.2483,69.3528
2015-03-20,8.2600,0.8703,3.4958,0.2490,69.2269
2015-03-23,8.3200,0.8641,3.4933,0.2474,69.5543
2015-03-24,8.2800,0.8686,3.4841,0.2493,69.1010
2015-03-25,8.0400,0.8943,3.5037,0.2552,68.5973
2015-03-26,8.1500,0.8824,3.5440,0.2490,69.1765
2015-03-27,8.1300,0.8842,3.5678,0.2478,69.4535
2015-03-30,8.4400,0.8514,3.5849,0.2375,71.1156
2015-03-31,8.4900,0.8466,3.6483,0.2321,71.5941
2015-04-01,8.6000,0.8354,3.5997,0.2321,71.5689
2015-04-02,8.5200,0.8439,3.5438,0.2381,71.0652
2015-04-03,8.5500,0.8412,3.5720,0.2355,71.2415
2015-04-07,9.0600,0.7932,3.5987,0.2204,73.2057
2015-04-08,9.6600,0.7440,3.6938,0.2014,74.7671
2015-04-09,9.7000,0.7407,3.7040,0.2000,74.9685
2015-04-10,10.6800,0.6734,3.6947,0.1823,79.6525
2015-04-13,10.7900,0.6718,3.6685,0.1831,79.5266
2015-04-14,10.6400,0.6817,3.6211,0.1883,78.2674
2015-04-15,10.8600,0.6673,3.5954,0.1856,78.9977
2015-04-16,11.0900,0.6536,3.5600,0.1836,79.4258
2015-04-17,11.0500,0.6563,3.5627,0.1842,79.3503
2015-04-20,10.6400,0.6817,3.4554,0.1973,75.5981
2015-04-21,10.8100,0.6710,3.4055,0.1970,75.6736
2015-04-22,11.0600,0.6555,3.4052,0.1925,76.9831
2015-04-23,10.8700,0.6669,3.4151,0.1953,76.2780
2015-04-24,10.5300,0.6884,3.4454,0.1998,75.0441
2015-04-27,10.7100,0.6767,3.3952,0.1993,75.0693
2015-04-28,10.9000,0.6653,3.3804,0.1968,75.8247
2015-04-29,10.8600,0.6673,3.4000,0.1963,76.0262
2015-04-30,10.9000,0.6653,3.3503,0.1986,75.2455
2015-05-04,10.7800,0.6726,3.3804,0.1990,75.1952
2015-05-05,10.3500,0.7006,3.4006,0.2060,74.3390
2015-05-06,10.2600,0.7068,3.4560,0.2045,74.5404
2015-05-07,10.2200,0.7091,3.4401,0.2061,74.2886
2015-05-08,10.3400,0.7010,3.3703,0.2080,74.1375
2015-05-11,10.4600,0.6931,3.3752,0.2054,74.4901
2015-05-12,10.4100,0.6962,3.4002,0.2048,74.5152
2015-05-13,10.3600,0.6997,3.4002,0.2058,74.4145
2015-05-14,10.3700,0.6993,3.3803,0.2069,74.2130
2015-05-15,10.0800,0.7192,3.3907,0.2121,73.8353
2015-05-18,9.9100,0.7320,3.4109,0.2146,73.6842
2015-05-19,10.1700,0.7127,3.4311,0.2077,74.1627
2015-05-20,10.2700,0.7059,3.4282,0.2059,74.3893
2015-05-21,10.3000,0.6742,3.4257,0.1968,75.8499
2015-05-22,10.6200,0.6543,3.4160,0.1915,77.2853
2015-05-25,10.8300,0.6413,3.4310,0.1869,78.7459
2015-05-26,10.8400,0.6406,3.5214,0.1819,79.7280
2015-05-27,10.7500,0.6460,3.5055,0.1843,79.2999
2015-05-28,10.1100,0.6868,3.5652,0.1926,76.9328
2015-05-29,10.0000,0.6949,3.5954,0.1933,76.7817
2015-06-01,10.3800,0.6696,3.6404,0.1839,79.4007
2015-06-02,10.2900,0.6751,3.5880,0.1882,78.3178
2015-06-03,10.3300,0.6725,3.6111,0.1862,78.8718
2015-06-04,10.6800,0.6503,3.5912,0.1811,79.8036
2015-06-05,10.6400,0.6531,3.5814,0.1824,79.6021
2015-06-08,11.2800,0.6157,3.5613,0.1729,81.0375
2015-06-09,11.0800,0.6270,3.5565,0.1763,80.3828
2015-06-10,10.8800,0.6383,3.5912,0.1777,80.2065
2015-06-11,10.7500,0.6460,3.6197,0.1785,80.0302
2015-06-12,10.7700,0.6448,3.6226,0.1780,80.1309
2015-06-15,10.3900,0.6687,3.6681,0.1823,79.6273
2015-06-16,10.2100,0.6807,3.6099,0.1886,78.1919
2015-06-17,10.2600,0.6768,3.6052,0.1877,78.4941
2015-06-18,10.0400,0.6922,3.5730,0.1937,76.5802
2015-06-19,9.5500,0.7277,3.5825,0.2031,74.6663
2015-06-23,9.7600,0.7121,3.6054,0.1975,75.5225
2015-06-24,9.8700,0.7041,3.6079,0.1952,76.3284
2015-06-25,9.7000,0.7159,3.6028,0.1987,75.2203
2015-06-26,8.9900,0.7731,3.6080,0.2143,73.7094
2015-06-29,8.8500,0.7851,3.6030,0.2179,73.4072
2015-06-30,9.4900,0.7322,3.5976,0.2035,74.5908
2015-07-01,9.0800,0.7648,3.6127,0.2117,73.8857
2015-07-02,8.9700,0.7743,3.6223,0.2138,73.7598
2015-07-03,8.5300,0.8145,3.5719,0.2280,72.0222
2015-07-06,9.0600,0.7670,3.4917,0.2197,73.2813
2015-07-07,9.5600,0.7267,3.4361,0.2115,73.9109
2015-07-08,8.6100,0.8071,3.4307,0.2353,71.2667
2015-07-09,9.3000,0.7466,3.4358,0.2173,73.5079
2015-07-10,9.7000,0.7164,3.4885,0.2054,74.4649
2015-07-13,9.4200,0.7373,3.5014,0.2106,74.0116
2015-07-14,9.0500,0.7676,3.5341,0.2172,73.5331
2015-07-15,8.8600,0.7840,3.5495,0.2209,73.1302
2015-07-16,8.8700,0.7828,3.5208,0.2223,72.8532
2015-07-17,9.0200,0.7703,3.5123,0.2193,73.3317
2015-07-20,8.8700,0.7828,3.5009,0.2236,72.6769
2015-07-21,8.8500,0.7845,3.5214,0.2228,72.7776
2015-07-22,8.8200,0.7874,3.5145,0.2240,72.6517
2015-07-23,8.9200,0.7788,3.4751,0.2241,72.6265
2015-07-24,8.7300,0.7957,3.4602,0.2300,71.7452
2015-07-27,8.1200,0.8558,3.4602,0.2473,69.5795
2015-07-28,8.2300,0.8436,3.4401,0.2452,70.0831
2015-07-29,8.2200,0.8449,3.4302,0.2463,69.8313
2015-07-30,8.0000,0.8684,3.4402,0.2524,68.8240
2015-07-31,8.0700,0.8613,3.4752,0.2478,69.4284
2015-08-03,8.3700,0.8304,3.4700,0.2393,70.8386
2015-08-04,8.3900,0.8278,3.4700,0.2386,70.9897
2015-08-05,8.2200,0.8456,3.4701,0.2437,70.3853
2015-08-06,8.1800,0.8497,3.4600,0.2456,69.9572
2015-08-07,8.2300,0.8443,3.4553,0.2443,70.3097
2015-08-10,8.4300,0.8240,3.4755,0.2371,71.1408
2015-08-11,8.3800,0.8291,3.5256,0.2352,71.2919
2015-08-12,8.2000,0.8469,3.5402,0.2392,70.8638
2015-08-13,8.2000,0.8469,3.5153,0.2409,70.6623
2015-08-14,8.2500,0.8423,3.5052,0.2403,70.7127
2015-08-17,8.1800,0.8490,3.5176,0.2414,70.6371
2015-08-18,8.0100,0.8677,3.5126,0.2470,69.6802
2015-08-19,7.9800,0.8705,3.5201,0.2473,69.6046
2015-08-20,7.8600,0.8835,3.5051,0.2521,68.8492
2015-08-21,7.5000,0.9257,3.4951,0.2649,68.2448
2015-08-24,6.7500,1.0286,3.4701,0.2964,63.1831
2015-08-25,6.1700,1.1254,3.4577,0.3255,55.9053
2015-08-26,6.4700,1.0743,3.4290,0.3133,57.9199
2015-08-27,7.0500,0.9858,3.3902,0.2908,64.2659
2015-08-28,7.0700,0.9830,3.3803,0.2908,64.2156
2015-08-31,7.2200,0.9617,3.3252,0.2892,64.6688
2015-09-01,7.5500,0.9201,3.3002,0.2788,66.4064
2015-09-02,7.7300,0.8992,3.3002,0.2725,67.4137
2015-09-07,7.1100,0.9776,3.3353,0.2931,63.8882
2015-09-08,7.1800,0.9678,3.3603,0.2880,64.9710
2015-09-09,7.2400,0.9591,3.3478,0.2865,65.1977
2015-09-10,7.2100,0.9635,3.3453,0.2880,64.9459
2015-09-11,7.1500,0.9714,3.3404,0.2908,64.1904
2015-09-14,7.0900,0.9794,3.3303,0.2941,63.8126
2015-09-15,6.9000,1.0072,3.3104,0.3043,61.0677
2015-09-16,7.1100,0.9767,3.3103,0.2950,63.6615
2015-09-17,7.0300,0.9885,3.3204,0.2977,62.8557
2015-09-18,7.0500,0.9848,3.3105,0.2975,62.9313
2015-09-21,7.0600,0.9839,3.3204,0.2963,63.2083
2015-09-22,7.1500,0.9714,3.3255,0.2921,64.0141
2015-09-23,6.9800,0.9950,3.3354,0.2983,62.6291
2015-09-24,6.9900,0.9940,3.3180,0.2996,62.2513
2015-09-25,6.8800,1.0091,3.3101,0.3049,60.8663
2015-09-28,6.8700,1.0110,3.2906,0.3072,60.0353
2015-09-29,6.7700,1.0256,3.2457,0.3160,57.3407
2015-09-30,6.8400,1.0149,3.2362,0.3136,57.8444
2015-10-08,6.9800,0.9950,3.2409,0.3070,60.1108
2015-10-09,7.1100,0.9767,3.1486,0.3102,58.9524
2015-10-12,7.3300,0.9480,3.1488,0.3011,61.7980
2015-10-13,7.2600,0.9565,3.1064,0.3079,59.7079
2015-10-14,7.1600,0.9696,3.0414,0.3188,56.7867
2015-10-15,7.2900,0.9531,3.0814,0.3093,59.2546
2015-10-16,7.3300,0.9480,3.1216,0.3037,61.1685
2015-10-19,7.3500,0.9455,3.1214,0.3029,61.2944
2015-10-20,7.3900,0.9405,3.0615,0.3072,60.0856
2015-10-21,7.3200,0.9489,3.0616,0.3099,59.0783
2015-10-22,7.3900,0.9396,3.0516,0.3079,59.7331
2015-10-23,7.4800,0.9282,3.0400,0.3053,60.7907
2015-10-26,7.5200,0.9241,3.0200,0.3060,60.5137
2015-10-27,7.4900,0.9274,2.9800,0.3112,58.6502
2015-10-28,7.3500,0.9446,2.9870,0.3162,57.2904
2015-10-29,7.3500,0.9446,3.0500,0.3097,59.1287
2015-10-30,7.4100,0.9372,3.0600,0.3063,60.3374
2015-11-02,7.2700,0.9557,3.0525,0.3131,58.0458
2015-11-03,7.2100,0.9635,3.0800,0.3128,58.3228
2015-11-04,7.6300,0.9107,3.1351,0.2905,64.3415
2015-11-05,7.8800,0.8820,3.1150,0.2831,65.7013
2015-11-06,8.0800,0.8593,3.1250,0.2750,66.8094
2015-11-09,8.4400,0.8227,3.2099,0.2563,68.5218
2015-11-10,8.3200,0.8350,3.2001,0.2609,68.3959
2015-11-11,8.1900,0.8483,3.1226,0.2717,67.4893
2015-11-12,8.0900,0.8586,3.1351,0.2739,67.0612
2015-11-13,7.9900,0.8698,3.1251,0.2783,66.4316
2015-11-16,8.0500,0.8627,3.1352,0.2752,66.7590
2015-11-17,8.1600,0.8517,3.1252,0.2725,67.3886
2015-11-18,8.1000,0.8572,3.1402,0.2730,67.3130
2015-11-19,8.1600,0.8517,3.1402,0.2712,67.6152
2015-11-20,8.1900,0.8483,3.1251,0.2714,67.5397
2015-11-23,8.1200,0.8551,3.1302,0.2732,67.2123
2015-11-24,8.0100,0.8669,3.1077,0.2790,66.3813
2015-11-25,8.0400,0.8641,3.0853,0.2801,66.2302
2015-11-26,7.9800,0.8705,3.0503,0.2854,65.3740
2015-11-27,7.6500,0.9076,3.0603,0.2966,63.1075
2015-11-30,7.6600,0.9068,3.0404,0.2983,62.6542
2015-12-01,7.6700,0.9061,3.0504,0.2970,62.9816
2015-12-02,8.1600,0.8510,3.0454,0.2794,66.2805
2015-12-03,8.1200,0.8551,3.0304,0.2822,65.8021
2015-12-04,7.9100,0.8784,3.0254,0.2903,64.3918
2015-12-07,7.9300,0.8762,3.0280,0.2894,64.6185
2015-12-08,7.8000,0.8901,3.0005,0.2967,63.0823
2015-12-09,7.8200,0.8879,2.9968,0.2963,63.2334
2015-12-10,7.8000,0.8901,3.0018,0.2965,63.1327
2015-12-11,7.7200,0.8999,2.9931,0.3007,61.9239
2015-12-14,7.8800,0.8820,3.0306,0.2910,64.1652
2015-12-15,7.7800,0.8931,3.0157,0.2962,63.2838
2015-12-16,7.7600,0.8954,3.0007,0.2984,62.6039
2015-12-17,7.8800,0.8820,2.9857,0.2954,63.5105
2015-12-18,7.9800,0.8705,2.9408,0.2960,63.3342
2015-12-21,8.1600,0.8510,2.8811,0.2954,63.5356
2015-12-22,8.1100,0.8565,2.8610,0.2994,62.3772
2015-12-23,8.1400,0.8531,2.8460,0.2998,62.2261
2015-12-24,8.0500,0.8627,2.8010,0.3080,59.6827
2015-12-25,8.1000,0.8579,2.8061,0.3057,60.6396
2015-12-28,7.8200,0.8887,2.7961,0.3178,56.8874
2015-12-29,7.8900,0.8806,2.8061,0.3138,57.7940
2015-12-30,7.9000,0.8798,2.8261,0.3113,58.5998
2015-12-31,7.8200,0.8879,2.8212,0.3147,57.6429
2016-01-04,7.3900,1.2262,2.8710,0.4271,41.0728
2016-01-05,7.4400,1.2187,2.8911,0.4215,41.9794
2016-01-06,7.5200,1.2050,2.8861,0.4175,42.8356
2016-01-07,7.1400,1.2699,2.8511,0.4454,37.4465
2016-01-08,7.2600,1.2494,2.8362,0.4405,38.1516
2016-01-11,7.0200,1.2912,2.8187,0.4581,34.7016
2016-01-12,7.0500,1.2852,2.7887,0.4609,34.1224
2016-01-13,6.9900,1.2972,2.7237,0.4763,31.2012
2016-01-14,7.0300,1.2900,2.7513,0.4689,32.3344
2016-01-15,6.8300,1.3282,2.7464,0.4836,30.2191
2016-01-18,6.7900,1.3346,2.7764,0.4807,30.6724
2016-01-19,6.9900,1.2972,2.7964,0.4639,33.4928
2016-01-20,6.8800,1.3181,2.8114,0.4688,32.3596
2016-01-21,6.7300,1.3462,2.7914,0.4823,30.4205
2016-01-22,6.7900,1.3359,2.7741,0.4816,30.5213
2016-01-25,6.7700,1.3397,2.8590,0.4686,32.4352
2016-01-26,6.4400,1.4076,2.8616,0.4919,29.3125
2016-01-27,6.4500,1.4062,2.9016,0.4846,30.0932
2016-01-28,6.3200,1.4338,2.8866,0.4967,28.7837
2016-01-29,6.5300,1.3893,2.8419,0.4889,29.6651
2016-02-01,6.3900,1.4177,2.8368,0.4998,28.3808
2016-02-02,6.4900,1.3963,2.8818,0.4845,30.1184
2016-02-03,6.4300,1.4105,2.8918,0.4878,29.7658
2016-02-04,6.4900,1.3963,2.8550,0.4891,29.6399
2016-02-05,6.4700,1.4005,2.8535,0.4908,29.4636
2016-02-15,6.3900,1.4191,2.8371,0.5002,28.3304
2016-02-16,6.5300,1.3879,2.8376,0.4891,29.6147
2016-02-17,6.6200,1.3688,2.8351,0.4828,30.3198
2016-02-18,6.5800,1.3769,2.8351,0.4857,29.9673
2016-02-19,6.5500,1.3838,2.8251,0.4898,29.5643
2016-02-22,6.7100,1.3502,2.8426,0.4750,31.4027
2016-02-23,6.6000,1.3728,2.8451,0.4825,30.3450
2016-02-24,6.6200,1.3688,2.8676,0.4773,31.0501
2016-02-25,6.3100,1.4367,2.8651,0.5014,28.2297
2016-02-26,6.3900,1.4191,2.8551,0.4970,28.6830
2016-02-29,6.2400,1.4533,2.8502,0.5099,27.3231
2016-03-01,6.3300,1.4323,2.8527,0.5021,28.1038
2016-03-02,6.5900,1.3756,2.8752,0.4784,30.9242
2016-03-03,6.6000,1.3742,2.9002,0.4738,31.5538
2016-03-04,6.7900,1.3359,2.8952,0.4614,33.9965
2016-03-07,6.7500,1.3436,2.9303,0.4585,34.6764
2016-03-08,6.7100,1.3515,2.9352,0.4604,34.1728
2016-03-09,6.6400,1.3661,2.8928,0.4722,31.8056
2016-03-10,6.6200,1.3688,2.8653,0.4777,30.9997
2016-03-11,6.6300,1.3674,2.8453,0.4806,30.7227
2016-03-14,6.6900,1.3541,2.8504,0.4751,31.3271
2016-03-15,6.7300,1.3462,2.8404,0.4739,31.5286
2016-03-16,6.7500,1.3423,2.8054,0.4785,30.8990
2016-03-17,6.8000,1.3333,2.8154,0.4736,31.5789
2016-03-18,6.8800,1.3181,2.8229,0.4669,32.9388
2016-03-21,7.0500,1.2864,2.8305,0.4545,35.6333
2016-03-22,7.0000,1.2960,2.8304,0.4579,34.7771
2016-03-23,6.9800,1.2984,2.8307,0.4587,34.6009
2016-03-24,6.8600,1.3206,2.8309,0.4665,33.0395
2016-03-25,6.9100,1.3119,2.8311,0.4634,33.5684
2016-03-28,6.8400,1.3257,2.8665,0.4625,33.7698
2016-03-29,6.8100,1.3320,2.8510,0.4672,32.8129
2016-03-30,6.9800,1.2984,2.8362,0.4578,34.8275
2016-03-31,6.9400,1.3058,2.8419,0.4595,34.4498
2016-04-01,6.9600,1.3033,2.8422,0.4586,34.6512
2016-04-05,6.9800,1.2984,2.8637,0.4534,35.8096
2016-04-06,7.0000,1.2960,2.8689,0.4517,36.0866
2016-04-07,6.9100,1.3119,2.9049,0.4516,36.1118
2016-04-08,6.9000,1.3144,2.9158,0.4508,36.3385
2016-04-11,7.0000,1.2960,2.9091,0.4455,37.4213
2016-04-12,6.9600,1.3021,2.9100,0.4475,37.0687
2016-04-13,7.0500,1.2852,2.9271,0.4391,38.5042
2016-04-14,7.0700,1.2817,2.9352,0.4367,39.0330
2016-04-15,7.1000,1.2769,2.9151,0.4380,38.7812
2016-04-18,7.0000,1.2948,2.9047,0.4458,37.3961
2016-04-19,7.0300,1.2900,2.9060,0.4439,37.6228
2016-04-20,6.8600,1.3206,2.9258,0.4514,36.2377
2016-04-21,6.8600,1.3219,2.9208,0.4526,35.9607
2016-04-22,6.8800,1.3169,2.9309,0.4493,36.7414
2016-04-25,6.8500,1.3232,2.9362,0.4507,36.4140
2016-04-26,6.9100,1.3119,2.9212,0.4491,36.7666
2016-04-27,6.9000,1.3144,2.9108,0.4516,36.1370
2016-04-28,6.9600,1.3033,2.8863,0.4515,36.1622
2016-04-29,6.9000,1.3144,2.8913,0.4546,35.5578
2016-05-03,6.9700,1.3009,2.8890,0.4503,36.5399
2016-05-04,7.0000,1.2960,2.8965,0.4474,37.0939
2016-05-05,7.0000,1.2960,2.9017,0.4466,37.2198
2016-05-06,6.8600,1.3206,2.9016,0.4551,35.4319
2016-05-09,6.7500,1.3423,2.8818,0.4658,33.1906
2016-05-10,6.7100,1.3515,2.9000,0.4660,33.1654
2016-05-11,6.7700,1.3397,2.9075,0.4608,34.1476
2016-05-12,6.7700,1.3385,2.8975,0.4619,33.8706
2016-05-13,6.7500,1.3423,2.9050,0.4621,33.8202
2016-05-16,6.7600,1.3410,2.9275,0.4581,34.7268
2016-05-17,6.7200,1.3489,2.9300,0.4604,34.1979
2016-05-18,6.7200,1.3489,2.9550,0.4565,35.1549
2016-05-19,6.6900,1.3554,2.9600,0.4579,34.7520
2016-05-20,6.7200,1.3489,2.9500,0.4573,35.0290
2016-05-23,6.7100,1.3515,2.9550,0.4574,34.9534
2016-05-24,6.6600,1.3607,2.9350,0.4636,33.5180
2016-05-25,6.6800,1.3581,2.9401,0.4619,33.8957
2016-05-26,6.6700,1.3594,2.9401,0.4624,33.7950
2016-05-27,6.7000,1.3528,2.9451,0.4593,34.5253
2016-05-30,6.7100,1.3515,2.9776,0.4539,35.7089
2016-05-31,6.8800,1.3169,2.9851,0.4412,38.0257
2016-06-01,6.8400,1.3257,2.9952,0.4426,37.8242
2016-06-02,6.8300,1.3282,3.0127,0.4409,38.0761
2016-06-03,6.8500,1.3232,3.0152,0.4388,38.6049
2016-06-06,6.8600,1.3219,3.0041,0.4400,38.2775
2016-06-07,6.8600,1.3206,3.0071,0.4392,38.4790
2016-06-08,6.8500,1.3232,3.0077,0.4399,38.3027
2016-06-13,6.7400,1.3449,2.9979,0.4486,36.8673
2016-06-14,6.7900,1.3359,2.9654,0.4505,36.4644
2016-06-15,6.8100,1.3308,2.9604,0.4495,36.7162
2016-06-16,6.8100,1.3510,2.9455,0.4587,34.6260
2016-06-17,6.8200,1.3494,2.9379,0.4593,34.5505
2016-06-20,6.8400,1.3462,2.9481,0.4566,35.0793
2016-06-21,6.8400,1.3447,2.9405,0.4573,35.0038
2016-06-22,6.9400,1.3262,2.9307,0.4525,35.9859
2016-06-23,6.8800,1.3369,2.9307,0.4562,35.2304
2016-06-24,6.8100,1.3510,2.8808,0.4690,32.2841
2016-06-27,6.8400,1.3447,2.8310,0.4750,31.3775
2016-06-28,6.8600,1.3416,2.8610,0.4689,32.3092
2016-06-29,6.9100,1.3323,2.8586,0.4661,33.1403
2016-06-30,6.9200,1.3308,2.8411,0.4684,32.4603
2016-07-01,6.9200,1.3292,2.8038,0.4741,31.5034
2016-07-04,7.0000,1.3141,2.8314,0.4641,33.4173
2016-07-05,7.0000,1.3141,2.8514,0.4609,34.0972
2016-07-06,6.9900,1.3171,2.8365,0.4643,33.3669
2016-07-07,6.9800,1.3186,2.8066,0.4698,32.1833
2016-07-08,6.9500,1.3247,2.8016,0.4728,31.7049
2016-07-11,6.9600,1.3232,2.8268,0.4681,32.5359
2016-07-12,7.0600,1.3038,2.8368,0.4596,34.3742
2016-07-13,7.1500,1.2878,2.8494,0.4520,36.0614
2016-07-14,7.1100,1.2950,2.8395,0.4561,35.2808
2016-07-15,7.1500,1.2878,2.8271,0.4555,35.3563
2016-07-18,7.1900,1.2807,2.8271,0.4530,35.8852
2016-07-19,7.1300,1.2907,2.8197,0.4577,34.8527
2016-07-20,7.1200,1.2921,2.7996,0.4615,33.9713
2016-07-21,7.1500,1.2878,2.7806,0.4631,33.6691
2016-07-22,7.1100,1.2950,2.7907,0.4640,33.4425
2016-07-25,7.1400,1.2893,2.8068,0.4593,34.5001
2016-07-26,7.2400,1.2709,2.7913,0.4553,35.4067
2016-07-27,7.1600,1.2850,2.7967,0.4595,34.4749
2016-07-28,7.2200,1.2751,2.7867,0.4576,34.8779
2016-07-29,7.3100,1.2584,2.7768,0.4532,35.8348
2016-08-01,7.3800,1.2476,2.7830,0.4483,36.8925
2016-08-02,7.3500,1.2516,2.7792,0.4503,36.5147
2016-08-03,7.3000,1.2612,2.7718,0.4550,35.4571
2016-08-04,7.1500,1.2878,2.7694,0.4650,33.2662
2016-08-05,7.1900,1.2807,2.7534,0.4651,33.2410
2016-08-08,7.2400,1.2709,2.7472,0.4626,33.7446
2016-08-09,7.2700,1.2653,2.7125,0.4665,33.0647
2016-08-10,7.2700,1.2667,2.6950,0.4700,32.1330
2016-08-11,7.3300,1.2557,2.6875,0.4672,32.7877
2016-08-12,7.5500,1.2187,2.6701,0.4564,35.1801
2016-08-15,7.6900,1.1960,2.6401,0.4530,35.8600
2016-08-16,7.5700,1.2161,2.6651,0.4563,35.2052
2016-08-17,7.5900,1.2123,2.6901,0.4507,36.3636
2016-08-18,7.5500,1.2187,2.6801,0.4547,35.5326
2016-08-19,7.5600,1.2174,2.7001,0.4509,36.2881
2016-08-22,7.4700,1.2317,2.6801,0.4596,34.3994
2016-08-23,7.4700,1.2317,2.7201,0.4528,35.9104
2016-08-24,7.5000,1.2277,2.7301,0.4497,36.6406
2016-08-25,7.5000,1.2264,2.7201,0.4509,36.3133
2016-08-26,7.5100,1.2251,2.6927,0.4550,35.4822
2016-08-29,7.4900,1.2291,2.7064,0.4541,35.6585
2016-08-30,7.5300,1.2226,2.7527,0.4441,37.5724
2016-08-31,7.5400,1.2200,2.7425,0.4448,37.5472
2016-09-01,7.5100,1.2251,2.7452,0.4463,37.2828
2016-09-02,7.5100,1.2251,2.7452,0.4463,37.2828
2016-09-05,7.4900,1.2291,2.7503,0.4469,37.1695
2016-09-06,7.4800,1.2304,2.7628,0.4453,37.4969
2016-09-07,7.4700,1.2317,2.7853,0.4422,37.8998
2016-09-08,7.4700,1.2317,2.7753,0.4438,37.6479
2016-09-09,7.4600,1.2343,2.7678,0.4459,37.3709
2016-09-12,7.2800,1.2639,2.7916,0.4528,35.9355
2016-09-13,7.3100,1.2598,2.7654,0.4556,35.3312
2016-09-14,7.2000,1.2779,2.7579,0.4634,33.6187
2016-09-19,7.2500,1.2695,2.7605,0.4599,34.3238
2016-09-20,7.2200,1.2751,2.7431,0.4648,33.3165
2016-09-21,7.2200,1.2751,2.7518,0.4634,33.5936
2016-09-22,7.2800,1.2639,2.7456,0.4603,34.2231
2016-09-23,7.2700,1.2653,2.7318,0.4632,33.6439
2016-09-26,7.1900,1.2807,2.7157,0.4716,31.8811
2016-09-27,7.2000,1.2779,2.7144,0.4708,32.0322
2016-09-28,7.1900,1.2793,2.7244,0.4696,32.2085
2016-09-29,7.2000,1.2779,2.7282,0.4684,32.4855
2016-09-30,7.2100,1.2765,2.7258,0.4683,32.5107
2016-10-10,7.2500,1.2695,2.6735,0.4748,31.4279
2016-10-11,7.2700,1.2653,2.6835,0.4715,31.9315
2016-10-12,7.2600,1.2681,2.7098,0.4680,32.6114
2016-10-13,7.2100,1.2765,2.7010,0.4726,31.7300
2016-10-14,7.2300,1.2737,2.6952,0.4726,31.7552
2016-10-17,7.1900,1.2793,2.6904,0.4755,31.2516
2016-10-18,7.2300,1.2737,2.6965,0.4724,31.7804
2016-10-19,7.2200,1.2751,2.6664,0.4782,30.9494
2016-10-20,7.2100,1.2765,2.6518,0.4814,30.5716
2016-10-21,7.2600,1.2681,2.6451,0.4794,30.7983
2016-10-24,7.3400,1.2530,2.6595,0.4711,32.0071
2016-10-25,7.3200,1.2571,2.6859,0.4680,32.5863
2016-10-26,7.2700,1.2653,2.7200,0.4652,33.2158
2016-10-27,7.2800,1.2639,2.7068,0.4669,32.9136
2016-10-28,7.2900,1.2626,2.7027,0.4672,32.8381
2016-10-31,7.2700,1.2653,2.7425,0.4614,34.0217
2016-11-01,7.2700,1.2667,2.7375,0.4627,33.7195
2016-11-02,7.2100,1.2765,2.7372,0.4664,33.0899
2016-11-03,7.2600,1.2681,2.7301,0.4645,33.3417
2016-11-04,7.2400,1.2709,2.7339,0.4649,33.2914
2016-11-07,7.2500,1.2695,2.7475,0.4621,33.8454
2016-11-08,7.2700,1.2653,2.7634,0.4579,34.8023
2016-11-09,7.2100,1.2765,2.7651,0.4616,33.9461
2016-11-10,7.2700,1.2667,2.7926,0.4536,35.7593
2016-11-11,7.3000,1.2612,2.8150,0.4480,36.9932
2016-11-14,7.3300,1.2557,2.8577,0.4394,38.4034
2016-11-15,7.3400,1.2544,2.8501,0.4401,38.2523
2016-11-16,7.3400,1.2544,2.8652,0.4378,38.8315
2016-11-17,7.3200,1.2571,2.9055,0.4327,39.9396
2016-11-18,7.3000,1.2612,2.8901,0.4364,39.0582
2016-11-21,7.3400,1.2530,2.8851,0.4343,39.5870
2016-11-22,7.4400,1.2369,2.8689,0.4311,40.2669
2016-11-23,7.5100,1.2251,2.8451,0.4306,40.3425
2016-11-24,7.5300,1.2226,2.8502,0.4290,40.8210
2016-11-25,7.6500,1.2035,2.8650,0.4201,42.2815
2016-11-28,7.6500,1.2022,2.8502,0.4218,41.9038
2016-11-29,7.6500,1.2035,2.8906,0.4163,43.1126
2016-11-30,7.5900,1.2123,2.9502,0.4109,43.8177
2016-12-01,7.6300,1.2060,2.9893,0.4034,45.3538
2016-12-02,7.5900,1.2123,2.9895,0.4055,44.7746
2016-12-05,7.5200,1.2239,3.0302,0.4039,45.1272
2016-12-06,7.5400,1.2200,3.1151,0.3916,47.9476
2016-12-07,7.5400,1.2213,3.0877,0.3955,47.1166
2016-12-08,7.5700,1.2161,3.0753,0.3954,47.1670
2016-12-09,7.6700,1.1998,3.0853,0.3889,48.4261
2016-12-12,7.5500,1.2187,3.1458,0.3874,48.8038
2016-12-13,7.4900,1.2291,3.1863,0.3857,49.0053
2016-12-14,7.4700,1.2317,3.2186,0.3827,49.5593
2016-12-15,7.3500,1.2516,3.3315,0.3757,50.6170
2016-12-16,7.3500,1.2516,3.2803,0.3816,49.8363
2016-12-19,7.3100,1.2584,3.3316,0.3777,50.3651
2016-12-20,7.2400,1.2709,3.3739,0.3767,50.4659
2016-12-21,7.2800,1.2639,3.2815,0.3852,49.0557
2016-12-22,7.2700,1.2667,3.1908,0.3970,46.7389
2016-12-23,7.2200,1.2751,3.1769,0.4014,45.7316
2016-12-26,7.2500,1.2695,3.1551,0.4024,45.6056
2016-12-27,7.2200,1.2751,3.1628,0.4032,45.4042
2016-12-28,7.2000,1.2779,3.1223,0.4093,44.0947
2016-12-29,7.2200,1.2751,3.0471,0.4185,42.6593
2016-12-30,7.2300,1.2723,3.0115,0.4225,41.7779
2017-01-03,7.2800,1.3919,3.1054,0.4482,36.9177
2017-01-04,7.2800,1.3919,3.1823,0.4374,38.9323
2017-01-05,7.2900,1.3904,3.2086,0.4333,39.8136
2017-01-06,7.2600,1.3965,3.1953,0.4370,38.9574
2017-01-09,7.2700,1.3934,3.1692,0.4397,38.3782
2017-01-10,7.2700,1.3934,3.1792,0.4383,38.7560
2017-01-11,7.2700,1.3950,3.2055,0.4352,39.3352
2017-01-12,7.2700,1.3934,3.1888,0.4370,38.9826
2017-01-13,7.2800,1.3919,3.2022,0.4347,39.4863
2017-01-16,7.2700,1.3950,3.2496,0.4293,40.7202
2017-01-17,7.2700,1.3934,3.2692,0.4262,41.2994
2017-01-18,7.2900,1.3904,3.2682,0.4254,41.5261
2017-01-19,7.3000,1.3889,3.2584,0.4263,41.2742
2017-01-20,7.3300,1.3829,3.2440,0.4263,41.2491
2017-01-23,7.3300,1.3829,3.2429,0.4264,41.2239
2017-01-24,7.3700,1.3754,3.2837,0.4189,42.5334
2017-01-25,7.3600,1.3769,3.3463,0.4115,43.7169
2017-01-26,7.4200,1.3666,3.3465,0.4084,44.2710
2017-02-03,7.3600,1.3769,3.4214,0.4024,45.5805
2017-02-06,7.4000,1.3695,3.4905,0.3924,47.8721
2017-02-07,7.3900,1.3710,3.4866,0.3932,47.7713
2017-02-08,7.3900,1.3710,3.4591,0.3963,46.8396
2017-02-09,7.4000,1.3695,3.4148,0.4010,45.8575
2017-02-10,7.4200,1.3666,3.4368,0.3976,46.5626
2017-02-13,7.4800,1.3549,3.4192,0.3963,46.8648
2017-02-14,7.4700,1.3564,3.4107,0.3977,46.5374
2017-02-15,7.5100,1.3492,3.4058,0.3961,46.9151
2017-02-16,7.5200,1.3478,3.3559,0.4016,45.6560
2017-02-17,7.4600,1.3578,3.3311,0.4076,44.4472
2017-02-20,7.6000,1.3337,3.2812,0.4065,44.5732
2017-02-21,7.6100,1.3323,3.3013,0.4036,45.3035
2017-02-22,7.6100,1.3323,3.2839,0.4057,44.7494
2017-02-23,7.5600,1.3407,3.2714,0.4098,43.9940
2017-02-24,7.5500,1.3421,3.2916,0.4077,44.4221
2017-02-27,7.5000,1.3521,3.2871,0.4113,43.7673
2017-02-28,7.5400,1.3449,3.2921,0.4085,44.2458
2017-03-01,7.5400,1.3435,3.3252,0.4040,45.0768
2017-03-02,7.5000,1.3521,3.3483,0.4038,45.1775
2017-03-03,7.4700,1.3564,3.3573,0.4040,45.1020
2017-03-06,7.5100,1.3492,3.3615,0.4014,45.7064
2017-03-07,7.5100,1.3492,3.3643,0.4010,45.8826
2017-03-08,7.4900,1.3535,3.4088,0.3971,46.7137
2017-03-09,7.4600,1.3593,3.4151,0.3980,46.4870
2017-03-10,7.4700,1.3564,3.4156,0.3971,46.6885
2017-03-13,7.5000,1.3506,3.3851,0.3990,46.1848
2017-03-14,7.5000,1.3506,3.3653,0.4013,45.7567
2017-03-15,7.5400,1.3449,3.3524,0.4012,45.8323
2017-03-16,7.5700,1.3393,3.3097,0.4047,44.9257
2017-03-17,7.4000,1.3695,3.3124,0.4134,43.3644
2017-03-20,7.3500,1.3784,3.3141,0.4159,43.1377
2017-03-21,7.3400,1.3799,3.3141,0.4164,43.0874
2017-03-22,7.2800,1.3919,3.3068,0.4209,42.0549
2017-03-23,7.3100,1.3859,3.3034,0.4195,42.4326
2017-03-24,7.3100,1.3874,3.2529,0.4265,41.1987
2017-03-27,7.2700,1.3950,3.2451,0.4299,40.5691
2017-03-28,7.2500,1.3980,3.2626,0.4285,40.8461
2017-03-29,7.2400,1.3996,3.2695,0.4281,40.9469
2017-03-30,7.2200,1.4042,3.2890,0.4269,41.1231
2017-03-31,7.2900,1.3904,3.2828,0.4235,41.6520
2017-04-05,7.3200,1.3844,3.3102,0.4182,42.6845
2017-04-06,7.3100,1.3859,3.3109,0.4186,42.6341
2017-04-07,7.3100,1.3859,3.2966,0.4204,42.1808
2017-04-10,7.3000,1.3889,3.3166,0.4188,42.5585
2017-04-11,7.2700,1.3934,3.3209,0.4196,42.4075
2017-04-12,7.2500,1.3980,3.3283,0.4200,42.3067
2017-04-13,7.2500,1.3980,3.3220,0.4208,42.1053
2017-04-14,7.2200,1.4042,3.3599,0.4179,42.7600
2017-04-17,7.2300,1.4011,3.4160,0.4102,43.9184
2017-04-18,7.1900,1.4088,3.4064,0.4136,43.3392
2017-04-19,7.0800,1.4310,3.4065,0.4201,42.2564
2017-04-20,7.0900,1.4294,3.4240,0.4175,42.8859
2017-04-21,7.1300,1.4214,3.4614,0.4106,43.8932
2017-04-24,7.1000,1.4278,3.4991,0.4080,44.3465
2017-04-25,7.1500,1.4167,3.4568,0.4098,43.9688
2017-04-26,7.1500,1.4182,3.4519,0.4108,43.8429
2017-04-27,7.1300,1.4214,3.4494,0.4121,43.6162
2017-04-28,7.1500,1.4182,3.4668,0.4091,44.1451
2017-05-02,7.1100,1.4262,3.4870,0.4090,44.1702
2017-05-03,7.0800,1.4310,3.5219,0.4063,44.5983
2017-05-04,6.9500,1.4588,3.5517,0.4107,43.8680
2017-05-05,6.8600,1.4774,3.5592,0.4151,43.2385
2017-05-08,6.8100,1.4877,3.6042,0.4128,43.4903
2017-05-09,6.8700,1.4757,3.6325,0.4062,44.6235
2017-05-10,6.8900,1.4706,3.6900,0.3985,46.3611
2017-05-11,6.9200,1.4655,3.6400,0.4026,45.5553
2017-05-12,7.0700,1.4326,3.6525,0.3922,47.8973
2017-05-15,7.0400,1.4391,3.6100,0.3986,46.3108
2017-05-16,7.0300,1.4423,3.6225,0.3982,46.4618
2017-05-17,6.9700,1.4538,3.6275,0.4008,45.9582
2017-05-18,6.9400,1.4605,3.6075,0.4049,44.8502
2017-05-19,6.9100,1.4672,3.6250,0.4047,44.9005
2017-05-22,6.9000,1.4689,3.6601,0.4013,45.7819
2017-05-23,6.9900,1.4505,3.6725,0.3950,47.3181
2017-05-24,7.0000,1.4472,3.6601,0.3954,47.1921
2017-05-25,7.2300,1.4011,3.6476,0.3841,49.2067
2017-05-26,7.2300,1.4011,3.6501,0.3839,49.2823
2017-05-31,7.3100,1.3859,3.6102,0.3839,49.2571
2017-06-01,7.3100,1.3874,3.6152,0.3838,49.3327
2017-06-02,7.2900,1.3904,3.6277,0.3833,49.4586
2017-06-05,7.1800,1.4120,3.6152,0.3906,48.1491
2017-06-06,7.1900,1.4104,3.6328,0.3882,48.6024
2017-06-07,7.2600,1.3965,3.6427,0.3834,49.4334
2017-06-08,7.2600,1.3965,3.6478,0.3828,49.5341
2017-06-09,7.2700,1.3934,3.6303,0.3838,49.3075
2017-06-12,7.2400,1.3996,3.5841,0.3905,48.1743
2017-06-13,7.2500,1.3980,3.5754,0.3910,48.0484
2017-06-14,7.2200,1.4042,3.5354,0.3972,46.6381
2017-06-15,7.1900,1.4104,3.5554,0.3967,46.7640
2017-06-16,7.1700,1.4135,3.5680,0.3962,46.8900
2017-06-19,7.2600,1.3965,3.5006,0.3989,46.2100
2017-06-20,7.2500,1.3980,3.4881,0.4008,45.9330
2017-06-21,7.2700,1.3934,3.5406,0.3935,47.6454
2017-06-22,7.3500,1.3784,3.5607,0.3871,48.8290
2017-06-23,7.3500,1.3784,3.5457,0.3888,48.4513
2017-06-26,7.3900,1.3710,3.5134,0.3902,48.2246
2017-06-27,7.4400,1.3622,3.5084,0.3883,48.5772
2017-06-28,7.5000,1.3521,3.5333,0.3827,49.5845
2017-06-29,7.5000,1.3521,3.5483,0.3811,49.8867
2017-06-30,7.4600,1.3578,3.5683,0.3805,50.0126
2017-07-03,7.4700,1.3564,3.6033,0.3764,50.5162
2017-07-04,7.4200,1.3651,3.6009,0.3791,50.2644
2017-07-05,7.4500,1.3607,3.5760,0.3805,50.0378
2017-07-06,7.4700,1.3564,3.5660,0.3804,50.0630
2017-07-07,7.5300,1.3464,3.5897,0.3751,50.6422
2017-07-10,7.6200,1.3295,3.5911,0.3702,51.0954
2017-07-11,8.1500,1.2439,3.5836,0.3471,53.1856
2017-07-12,8.2200,1.2331,3.5749,0.3449,53.4374
2017-07-13,8.6600,1.1697,3.5643,0.3282,55.7039
2017-07-14,8.6600,1.1697,3.5637,0.3282,55.6283
2017-07-17,8.5900,1.1795,3.5626,0.3311,55.1247
2017-07-18,8.7800,1.1538,3.5851,0.3218,56.4845
2017-07-19,8.8200,1.1497,3.5901,0.3202,56.6608
2017-07-20,8.7200,1.1623,3.5740,0.3252,55.9557
2017-07-21,8.7800,1.1708,3.5829,0.3268,55.8046
2017-07-24,8.8300,1.1644,3.5769,0.3255,55.8801
2017-07-25,8.8700,1.1591,3.5920,0.3227,56.3586
2017-07-26,8.6600,1.1872,3.6170,0.3282,55.6031
2017-07-27,8.5400,1.2040,3.6021,0.3342,54.6714
2017-07-28,8.6600,1.1872,3.6034,0.3295,55.4017
2017-07-31,8.6100,1.1949,3.6260,0.3295,55.3261
2017-08-01,8.9100,1.1549,3.6373,0.3175,56.9378
2017-08-02,8.9900,1.1435,3.6311,0.3149,57.5674
2017-08-03,8.8800,1.1580,3.6262,0.3193,56.7363
2017-08-04,9.0100,1.1415,3.6262,0.3148,57.5925
2017-08-07,8.8700,1.1591,3.6626,0.3165,57.1644
2017-08-08,8.9100,1.1538,3.6538,0.3158,57.4163
2017-08-09,8.6600,1.1883,3.6600,0.3247,56.1068
2017-08-10,8.5700,1.2006,3.6375,0.3301,55.2254
2017-08-11,8.0800,1.2725,3.6163,0.3519,52.5057
2017-08-14,8.2400,1.2476,3.5925,0.3473,53.1604
2017-08-15,8.3200,1.2367,3.5801,0.3454,53.3871
2017-08-16,8.3400,1.2331,3.5988,0.3426,53.6641
2017-08-17,8.4100,1.2236,3.5926,0.3406,53.9159
2017-08-18,8.4200,1.2213,3.5951,0.3397,54.0922
2017-08-21,8.4400,1.2189,3.6181,0.3369,54.3944
2017-08-22,8.5900,1.1972,3.6201,0.3307,55.1498
2017-08-23,8.7900,1.1697,3.6152,0.3236,56.2831
2017-08-24,8.8200,1.1665,3.6252,0.3218,56.5097
2017-08-25,8.9600,1.1476,3.6327,0.3159,57.3659
2017-08-28,9.1600,1.1233,3.6502,0.3077,59.8842
2017-08-29,9.4100,1.0925,3.6303,0.3009,61.8484
2017-08-30,9.2200,1.1155,3.6303,0.3073,60.0101
2017-08-31,9.1000,1.1303,3.6265,0.3117,58.5243
2017-09-01,9.0400,1.1374,3.6353,0.3129,58.2977
2017-09-04,9.4500,1.0879,3.6454,0.2984,62.5535
2017-09-05,9.3900,1.0954,3.6641,0.2990,62.4780
2017-09-06,9.4400,1.0897,3.6554,0.2981,62.7550
2017-09-07,9.2300,1.1145,3.6155,0.3083,59.5820
2017-09-08,9.2700,1.1097,3.6005,0.3082,59.6072
2017-09-11,9.1800,1.1204,3.6156,0.3099,59.1035
2017-09-12,9.3100,1.1049,3.6181,0.3054,60.7404
2017-09-13,9.2200,1.1155,3.6356,0.3068,60.1612
2017-09-14,9.1300,1.1263,3.5982,0.3130,58.0962
2017-09-15,9.1100,1.1293,3.5982,0.3139,57.7436
2017-09-18,9.0800,1.1333,3.6220,0.3129,58.2725
2017-09-19,8.9800,1.1456,3.6158,0.3168,57.1141
2017-09-20,9.1100,1.1293,3.6209,0.3119,58.4236
2017-09-21,9.2400,1.1126,3.6334,0.3062,60.3626
2017-09-22,9.2300,1.1145,3.6209,0.3078,59.8086
2017-09-25,9.1100,1.1293,3.5985,0.3138,57.7688
2017-09-26,8.9100,1.1538,3.6172,0.3190,56.7615
2017-09-27,8.8200,1.1665,3.6235,0.3219,56.4593
2017-09-28,8.7800,1.1719,3.6136,0.3243,56.1571
2017-09-29,8.9600,1.1476,3.6136,0.3176,56.9126
2017-10-09,9.1200,1.1283,3.6477,0.3093,59.2294
2017-10-10,9.2500,1.1116,3.6470,0.3048,60.8915
2017-10-11,9.3000,1.1058,3.6540,0.3026,61.4203
2017-10-12,9.3200,1.1039,3.6765,0.3003,62.0499
2017-10-13,9.1600,1.1224,3.6740,0.3055,60.6900
2017-10-16,9.3500,1.1001,3.7054,0.2969,63.0320
2017-10-17,9.2800,1.1077,3.7409,0.2961,63.3090
2017-10-18,9.4300,1.0907,3.7366,0.2919,64.0896
2017-10-19,9.3800,1.0963,3.7167,0.2950,63.6867
2017-10-20,9.2600,1.1106,3.7217,0.2984,62.5787
2017-10-23,9.0300,1.1394,3.7231,0.3060,60.4885
2017-10-24,9.1900,1.1194,3.7220,0.3008,61.8988
2017-10-25,9.0900,1.1313,3.7768,0.2995,62.3017
2017-10-26,9.0200,1.1404,3.7769,0.3019,61.5462
2017-10-27,9.3300,1.1029,3.8266,0.2882,64.8703
2017-10-30,9.3300,1.1029,3.9115,0.2820,65.9280
2017-10-31,9.3100,1.1049,3.8917,0.2839,65.6762
2017-11-01,9.2000,1.1184,3.8630,0.2895,64.5933
2017-11-02,9.3100,1.1049,3.8718,0.2854,65.3991
2017-11-03,9.1900,1.1194,3.8816,0.2884,64.8199
2017-11-06,9.1000,1.1303,3.8694,0.2921,63.9889
2017-11-07,9.6200,1.0696,3.8813,0.2756,66.7338
2017-11-08,9.7800,1.0511,3.8725,0.2714,67.5648
2017-11-09,9.9500,1.0341,3.8863,0.2661,68.0433
2017-11-10,9.9200,1.0366,3.9000,0.2658,68.1189
2017-11-13,10.4100,0.9884,3.9500,0.2502,69.0128
2017-11-14,10.4500,0.9846,3.9525,0.2491,69.1262
2017-11-15,10.4100,0.9884,3.9500,0.2502,69.0128
2017-11-16,10.5700,0.9733,3.9225,0.2481,69.4032
2017-11-17,10.6300,0.9674,3.9200,0.2468,69.7557
2017-11-20,11.5000,0.8947,3.9400,0.2271,72.2740
2017-11-21,11.6600,0.8824,3.9500,0.2234,72.7021
2017-11-22,12.1800,0.8444,3.9850,0.2119,73.8605
2017-11-23,11.5800,0.8885,3.9851,0.2230,72.7525
2017-11-24,11.7500,0.8757,3.9463,0.2219,72.9287
2017-11-27,11.2400,0.9153,3.9501,0.2317,71.6444
2017-11-28,11.0500,0.9307,3.9601,0.2350,71.3170
2017-11-29,11.1500,0.9226,3.9101,0.2360,71.2163
2017-11-30,10.7900,0.9529,3.8901,0.2450,70.1587
2017-12-01,10.4900,0.9808,3.8852,0.2524,68.7988
2017-12-04,10.7300,0.9586,3.8902,0.2464,69.8061
2017-12-05,10.7300,0.9586,3.8752,0.2474,69.5291
2017-12-06,10.5500,0.9748,3.8752,0.2515,68.8995
2017-12-07,10.3500,0.9938,3.8927,0.2553,68.5721
2017-12-08,10.5600,0.9740,3.9102,0.2491,69.1513
2017-12-11,10.8900,0.9444,3.9303,0.2403,70.7378
2017-12-12,10.5000,0.9793,3.9378,0.2487,69.2521
2017-12-13,10.5900,0.9711,3.9303,0.2471,69.6298
2017-12-14,10.4900,0.9808,3.9104,0.2508,68.9499
2017-12-15,10.2600,1.0024,3.8904,0.2577,68.4714
2017-12-18,10.2900,1.0000,3.8904,0.2570,68.4966
2017-12-19,10.7100,0.9601,3.9005,0.2461,69.8816
2017-12-20,10.7000,0.9615,3.9005,0.2465,69.7809
2017-12-21,10.9200,0.9417,3.9005,0.2414,70.6119
2017-12-22,10.9100,0.9430,3.8780,0.2432,70.4608
2017-12-25,10.6900,0.9623,3.8731,0.2485,69.3024
2017-12-26,11.0200,0.9334,3.8881,0.2401,70.7630
2017-12-27,10.7200,0.9594,3.8956,0.2463,69.8565
2017-12-28,10.6600,0.9652,3.8857,0.2484,69.3276
2017-12-29,10.7300,0.9586,3.8807,0.2470,69.7054
2018-01-02,11.0500,1.1533,3.9008,0.2957,63.4601
2018-01-03,10.7500,1.1853,3.9162,0.3027,61.3951
2018-01-04,10.6900,1.1925,3.9319,0.3033,61.2188
2018-01-05,10.7300,1.1880,3.9212,0.3030,61.2440
2018-01-08,10.4500,1.2191,3.9110,0.3117,58.4739
2018-01-09,10.5500,1.2080,3.8909,0.3105,58.9020
2018-01-10,10.8700,1.1730,3.9201,0.2992,62.4276
2018-01-11,10.8100,1.1791,3.9546,0.2982,62.7046
2018-01-12,10.9300,1.1661,3.9337,0.2964,63.1579
2018-01-15,11.4500,1.1127,3.9650,0.2806,66.1294
2018-01-16,11.4500,1.1127,3.9596,0.2810,66.1043
2018-01-17,11.4800,1.1103,3.9597,0.2804,66.2050
2018-01-18,11.8700,1.0734,3.9797,0.2697,67.7663
2018-01-19,11.9400,1.0676,3.9754,0.2686,67.8670
2018-01-22,11.6500,1.0942,3.9522,0.2769,66.6331
2018-01-23,11.8200,1.0785,3.9414,0.2736,67.1367
2018-01-24,11.8100,1.0792,3.9507,0.2732,67.2375
2018-01-25,11.4500,1.1127,3.9435,0.2822,65.8272
2018-01-26,11.3300,1.1246,3.9365,0.2857,65.2984
2018-01-29,11.0800,1.1499,3.9368,0.2921,64.0393
2018-01-30,11.0100,1.1575,3.9292,0.2946,63.7119
2018-01-31,11.3300,1.1246,3.9140,0.2873,65.0466
2018-02-01,11.3200,1.1262,3.9066,0.2883,64.8451
2018-02-02,11.3300,1.1246,3.9092,0.2877,64.9962
2018-02-05,11.7400,1.0859,3.9167,0.2772,66.5827
2018-02-06,11.2900,1.1286,3.8825,0.2907,64.2911
2018-02-07,10.4200,1.2229,3.8700,0.3160,57.3155
2018-02-08,10.1200,1.2600,3.8801,0.3247,56.0564
2018-02-09,9.4300,1.3516,3.8800,0.3484,52.9841
2018-02-12,9.4500,1.3481,3.8750,0.3479,53.0597
2018-02-13,9.6300,1.3233,3.8700,0.3419,53.7144
2018-02-14,9.6800,1.3167,3.8702,0.3402,53.9663
2018-02-22,10.0500,1.2681,3.8752,0.3272,55.7290
2018-02-23,10.1700,1.2530,3.8702,0.3238,56.2579
2018-02-26,10.1900,1.2510,3.8452,0.3253,55.9305
2018-02-27,9.9100,1.2866,3.8201,0.3368,54.4195
2018-02-28,9.7200,1.3112,3.8202,0.3432,53.5885
2018-03-01,9.7100,1.3123,3.8201,0.3435,53.5130
2018-03-02,9.6400,1.3222,3.8352,0.3448,53.4626
2018-03-05,9.5700,1.3322,3.8453,0.3464,53.3115
2018-03-06,9.7600,1.3058,3.8253,0.3414,53.8152
2018-03-07,9.7200,1.3112,3.8203,0.3432,53.6137
2018-03-08,9.7700,1.3047,3.8203,0.3415,53.7648
2018-03-09,9.7500,1.3069,3.8278,0.3414,53.7900
2018-03-12,9.7000,1.3134,3.8243,0.3434,53.5382
2018-03-13,9.7000,1.3145,3.8362,0.3427,53.6389
2018-03-14,9.6200,1.3255,3.8413,0.3451,53.4122
2018-03-15,9.4500,1.3493,3.8257,0.3527,52.3546
2018-03-16,9.3900,1.3574,3.8154,0.3558,52.0776
2018-03-19,9.5400,1.3356,3.8104,0.3505,52.6316
2018-03-20,9.5300,1.3367,3.7906,0.3526,52.3798
2018-03-21,9.6000,1.3277,3.7630,0.3528,52.2790
2018-03-22,9.4100,1.3551,3.7480,0.3616,51.6998
2018-03-23,9.1500,1.3933,3.7005,0.3765,50.4911
2018-03-26,8.8200,1.4456,3.7307,0.3875,48.7535
2018-03-27,8.8200,1.4442,3.7432,0.3858,48.9549
2018-03-28,8.7800,1.4509,3.7406,0.3879,48.6527
2018-03-29,8.9100,1.4299,3.7456,0.3818,49.7608
2018-03-30,8.7900,1.4495,3.7407,0.3875,48.7283
2018-04-02,8.6400,1.4753,3.7357,0.3949,47.3432
2018-04-03,8.5200,1.4962,3.7507,0.3989,46.2352
2018-04-04,8.7700,1.4535,3.7234,0.3904,48.1994
2018-04-09,8.8900,1.4338,3.6959,0.3879,48.6275
2018-04-10,9.2100,1.3835,3.7159,0.3723,50.9192
2018-04-11,9.5400,1.3356,3.7109,0.3599,51.7754
2018-04-12,9.2900,1.3715,3.7109,0.3696,51.2214
2018-04-13,9.3300,1.3656,3.7062,0.3685,51.2969
2018-04-16,8.9500,1.4234,3.6561,0.3893,48.3254
2018-04-17,9.0400,1.4095,3.6512,0.3860,48.9297
2018-04-18,9.2800,1.3739,3.5013,0.3924,47.8469
2018-04-19,9.2500,1.3775,3.5064,0.3929,47.7965
2018-04-20,9.1600,1.3921,3.5215,0.3953,47.2425
2018-04-23,9.3300,1.3656,3.6019,0.3791,50.2392
2018-04-24,9.5700,1.3322,3.5855,0.3716,50.9947
2018-04-25,9.4200,1.3527,3.6118,0.3745,50.7177
2018-04-26,9.2100,1.3835,3.6344,0.3807,49.9370
2018-04-27,8.7500,1.4562,3.6364,0.4005,45.9834
2018-05-02,8.7800,1.4522,3.6665,0.3961,46.9655
2018-05-03,8.6700,1.4698,3.6467,0.4030,45.4294
2018-05-04,8.6200,1.4794,3.6319,0.4073,44.5480
2018-05-07,8.7200,1.4616,3.6518,0.4002,46.0337
2018-05-08,8.8800,1.4351,3.6922,0.3887,48.4765
2018-05-09,8.8500,1.4403,3.7074,0.3885,48.5520
2018-05-10,8.8800,1.4351,3.6924,0.3887,48.5016
2018-05-11,8.8800,1.4351,3.6882,0.3891,48.3505
2018-05-14,9.0200,1.4132,3.6937,0.3826,49.6349
2018-05-15,8.9700,1.4209,3.7151,0.3825,49.6600
2018-05-16,8.7900,1.4495,3.7076,0.3910,48.0735
2018-05-17,8.7300,1.4603,3.7120,0.3934,47.6958
2018-05-18,8.8400,1.4416,3.7099,0.3886,48.5268
2018-05-21,8.8300,1.4429,3.6939,0.3906,48.1239
2018-05-22,8.7600,1.4549,3.6700,0.3964,46.8144
2018-05-23,8.5900,1.4836,3.6400,0.4076,44.4724
2018-05-24,8.5600,1.4892,3.6501,0.4080,44.3717
2018-05-25,8.5400,1.4920,3.6126,0.4130,43.4651
2018-05-28,8.5400,1.4920,3.6101,0.4133,43.4148
2018-05-29,8.3700,1.5222,3.6001,0.4228,41.7275
2018-05-30,8.1300,1.5675,3.5976,0.4357,39.2344
2018-05-31,8.2100,1.5521,3.6129,0.4296,40.6195
2018-06-01,8.2200,1.5505,3.6202,0.4283,40.8965
2018-06-04,8.2800,1.5385,3.6532,0.4211,42.0297
2018-06-05,8.2800,1.5400,3.6602,0.4207,42.1556
2018-06-06,8.1800,1.5582,3.6602,0.4257,41.4757
2018-06-07,8.3700,1.5236,3.6702,0.4151,43.1881
2018-06-08,8.1600,1.5613,3.6453,0.4283,40.8713
2018-06-11,8.1000,1.5737,3.6502,0.4311,40.2921
2018-06-12,8.1200,1.5706,3.6853,0.4262,41.3246
2018-06-13,8.0300,1.5879,3.6627,0.4335,39.7633
2018-06-14,8.1200,1.5690,3.6227,0.4331,39.8640
2018-06-15,8.2000,1.5536,3.6028,0.4312,40.2166
2018-06-19,7.9600,1.6008,3.5603,0.4496,36.6658
2018-06-20,7.9900,1.5943,3.6054,0.4422,37.9250
2018-06-21,7.9500,1.6024,3.5753,0.4482,36.9680
2018-06-22,7.9500,1.6041,3.5604,0.4505,36.4392
2018-06-25,7.6300,1.6702,3.5803,0.4665,33.0144
2018-06-26,7.5500,1.6880,3.5804,0.4715,31.9819
2018-06-27,7.3300,1.7382,3.5529,0.4892,29.5895
2018-06-28,7.2000,1.7713,3.5304,0.5017,28.1541
2018-06-29,7.3300,1.7382,3.4756,0.5001,28.3556
2018-07-02,6.9500,1.8351,3.4668,0.5293,25.1574
2018-07-03,6.9900,1.8224,3.4955,0.5214,25.9632
2018-07-04,6.9500,1.8351,3.5107,0.5227,25.7618
2018-07-05,6.9400,1.8372,3.5005,0.5248,25.5099
2018-07-06,6.9900,1.8245,3.5259,0.5175,26.3913
2018-07-09,7.2800,1.7497,3.5432,0.4938,29.1866
2018-07-10,7.2400,1.7595,3.5431,0.4966,28.8089
2018-07-11,7.0800,1.7995,3.5107,0.5126,26.9705
2018-07-12,7.2800,1.7793,3.5158,0.5061,27.6756
2018-07-13,7.2800,1.7793,3.4858,0.5104,27.2727
2018-07-16,7.1600,1.8099,3.4808,0.5200,26.1395
2018-07-17,7.1500,1.8119,3.4808,0.5205,26.0640
2018-07-18,7.1300,1.8161,3.4708,0.5233,25.6862
2018-07-19,7.1600,1.8099,3.4409,0.5260,25.2833
2018-07-20,7.4700,1.7344,3.5135,0.4936,29.2118
2018-07-23,7.7200,1.6773,3.5186,0.4767,31.1257
2018-07-24,7.7100,1.6809,3.5615,0.4720,31.8308
2018-07-25,7.6900,1.6844,3.5614,0.4730,31.6545
2018-07-26,7.5800,1.7081,3.5361,0.4830,30.2695
2018-07-27,7.5800,1.7081,3.5212,0.4851,30.0428
2018-07-30,7.7000,1.6826,3.5213,0.4778,30.9746
2018-07-31,7.7200,1.6773,3.4812,0.4818,30.4961
2018-08-01,7.5000,1.7268,3.4638,0.4985,28.4563
2018-08-02,7.3300,1.7673,3.4713,0.5091,27.4238
2018-08-03,7.3000,1.7733,3.4567,0.5130,26.9454
2018-08-06,7.3300,1.7673,3.4568,0.5113,27.1216
2018-08-07,7.5200,1.7230,3.4876,0.4940,29.1362
2018-08-08,7.4200,1.7459,3.5222,0.4957,28.9600
2018-08-09,7.6200,1.7008,3.5476,0.4794,30.7731
2018-08-10,7.5700,1.7118,3.5525,0.4819,30.4709
2018-08-13,7.4200,1.7459,3.5826,0.4873,29.8162
2018-08-14,7.3800,1.7556,3.5519,0.4943,29.0859
2018-08-15,7.2100,1.7975,3.5829,0.5017,28.2045
2018-08-16,7.2000,1.7995,3.6141,0.4979,28.5067
2018-08-17,7.2200,1.7934,3.6524,0.4910,29.3881
2018-08-20,7.3800,1.7556,3.6326,0.4833,30.2443
2018-08-21,7.5700,1.7118,3.6300,0.4716,31.9063
2018-08-22,7.6200,1.7008,3.6075,0.4715,31.9567
2018-08-23,7.6700,1.6880,3.6101,0.4676,32.7122
2018-08-24,8.2200,1.5753,3.6278,0.4342,39.6877
2018-08-27,8.5500,1.5149,3.6303,0.4173,42.9363
2018-08-28,8.4400,1.5355,3.6101,0.4253,41.5512
2018-08-29,8.4200,1.5385,3.6101,0.4262,41.3498
2018-08-30,8.3000,1.5613,3.5801,0.4361,39.1337
2018-08-31,8.3000,1.5597,3.5751,0.4363,39.0834
2018-09-03,8.3500,1.5505,3.5951,0.4313,40.1914
2018-09-04,8.5500,1.5149,3.6101,0.4196,42.3823
2018-09-05,8.2400,1.5721,3.6101,0.4355,39.2848
2018-09-06,8.1700,1.5848,3.6101,0.4390,38.5293
2018-09-07,8.2100,1.5784,3.6301,0.4348,39.4107
2018-09-10,8.1000,1.5992,3.6551,0.4375,38.8693
2018-09-11,8.1200,1.5943,3.6751,0.4338,39.7129
2018-09-12,8.1000,1.5992,3.6551,0.4375,38.8693
2018-09-13,8.1600,1.5863,3.6526,0.4343,39.6122
2018-09-14,8.0700,1.6057,3.6351,0.4417,37.9501
2018-09-17,7.9400,1.6305,3.6327,0.4488,36.8169
2018-09-18,8.2600,1.5675,3.6452,0.4300,40.5188
2018-09-19,8.3900,1.5430,3.6727,0.4201,42.2312
2018-09-20,8.3900,1.5445,3.7003,0.4174,42.9111
2018-09-21,8.7500,1.4808,3.6752,0.4029,45.4797
2018-09-25,8.6500,1.4976,3.6754,0.4075,44.4976
2018-09-26,8.7800,1.4753,3.6503,0.4042,45.0264
2018-09-27,8.8000,1.4711,3.6253,0.4058,44.6991
2018-09-28,9.0600,1.4299,3.6153,0.3955,47.1418
2018-10-08,8.5700,1.5120,3.6155,0.4182,42.7096
2018-10-09,8.6600,1.4962,3.6156,0.4138,43.3140
2018-10-10,8.5700,1.5120,3.6156,0.4182,42.7348
2018-10-11,8.0800,1.6024,3.5806,0.4475,37.0436
2018-10-12,8.4400,1.5340,3.5831,0.4281,40.9217
2018-10-15,8.2900,1.5628,3.5857,0.4358,39.1841
2018-10-16,8.5000,1.5236,3.5757,0.4261,41.3750
2018-10-17,8.4700,1.5295,3.5807,0.4272,41.0476
2018-10-18,8.2700,1.5659,3.5508,0.4410,38.0509
2018-10-19,8.8200,1.4684,3.5658,0.4118,43.6918
2018-10-22,9.1400,1.4170,3.5910,0.3946,47.4692
2018-10-23,8.8900,1.4576,3.5709,0.4082,44.2961
2018-10-24,9.0500,1.4312,3.5409,0.4042,45.0013
2018-10-25,9.2500,1.3995,3.5409,0.3952,47.2929
2018-10-26,9.1600,1.4132,3.5410,0.3991,46.1597
2018-10-29,8.8100,1.4698,3.5111,0.4186,42.6089
2018-10-30,8.9400,1.4495,3.5161,0.4122,43.5910
2018-10-31,8.9400,1.4482,3.5086,0.4128,43.5155
2018-11-01,8.8800,1.4589,3.4936,0.4176,42.8104
2018-11-02,9.0900,1.4247,3.5461,0.4018,45.6308
2018-11-05,8.9500,1.4469,3.5312,0.4097,44.0443
2018-11-06,8.8900,1.4576,3.5113,0.4151,43.2133
2018-11-07,8.8600,1.4616,3.4813,0.4198,42.3319
2018-11-08,8.9300,1.4509,3.4813,0.4168,43.0118
2018-11-09,8.6500,1.4976,3.4763,0.4308,40.3173
2018-11-12,8.6600,1.4962,3.4865,0.4291,40.7454
2018-11-13,8.6400,1.4991,3.4740,0.4315,40.1158
2018-11-14,8.5600,1.5134,3.4218,0.4423,37.8746
2018-11-15,8.7100,1.4878,3.3915,0.4387,38.6301
2018-11-16,8.6600,1.4948,3.3515,0.4460,37.3458
2018-11-19,8.8900,1.4562,3.3772,0.4312,40.2418
2018-11-20,8.6600,1.4948,3.3771,0.4426,37.7990
2018-11-21,8.7000,1.4892,3.3716,0.4417,37.9753
2018-11-22,8.6500,1.4976,3.3917,0.4415,38.0005
2018-11-23,8.4600,1.5310,3.3917,0.4514,36.2125
2018-11-26,8.4800,1.5280,3.4151,0.4474,37.1191
2018-11-27,8.3400,1.5521,3.4000,0.4565,35.1297
2018-11-28,8.4300,1.5370,3.3700,0.4561,35.2556
2018-11-29,8.3600,1.5490,3.3600,0.4610,34.0468
2018-11-30,8.4900,1.5251,3.3550,0.4546,35.6082
2018-12-03,8.6800,1.4920,3.3500,0.4454,37.4717
2018-12-04,8.6800,1.4920,3.3050,0.4514,36.1874
2018-12-05,8.5700,1.5120,3.2750,0.4617,33.9209
2018-12-06,8.4000,1.5415,3.2751,0.4707,32.0574
2018-12-07,8.4300,1.5370,3.2853,0.4678,32.6618
2018-12-10,8.3400,1.5536,3.2678,0.4754,31.2768
2018-12-11,8.3900,1.5445,3.2652,0.4730,31.6293
2018-12-12,8.3900,1.5430,3.2703,0.4718,31.8560
2018-12-13,8.5200,1.5207,3.3311,0.4565,35.1045
2018-12-14,8.3400,1.5536,3.3468,0.4642,33.3921
2018-12-17,8.4400,1.5355,3.3713,0.4555,35.3815
2018-12-18,8.3000,1.5613,3.3714,0.4631,33.6943
2018-12-19,8.1500,1.5895,3.3412,0.4757,31.2264
2018-12-20,7.9600,1.6272,3.3003,0.4930,29.2622
2018-12-21,7.7500,1.6720,3.3168,0.5041,27.9023
2018-12-24,7.7200,1.6773,3.3483,0.5009,28.2548
2018-12-25,7.6600,1.6916,3.3113,0.5109,27.2224
2018-12-26,7.6200,1.6989,3.3011,0.5146,26.6935
2018-12-27,7.6100,1.7026,3.2709,0.5205,26.0891
2018-12-28,7.6900,1.6844,3.2315,0.5212,26.0136
2019-01-02,7.5300,1.4799,3.1734,0.4663,33.1151
2019-01-03,7.6100,1.4655,3.1410,0.4666,32.9892
2019-01-04,7.9900,1.3949,3.1513,0.4426,37.7739
2019-01-07,7.9800,1.3963,3.1507,0.4432,37.6983
2019-01-08,7.9200,1.4079,3.1211,0.4511,36.2629
2019-01-09,8.1500,1.3682,3.1106,0.4399,38.3279
2019-01-10,8.2800,1.3465,3.1006,0.4343,39.6626
2019-01-11,8.3600,1.3333,3.1058,0.4293,40.6950
2019-01-14,8.2900,1.3452,3.1297,0.4298,40.5943
2019-01-15,8.3900,1.3281,3.1383,0.4232,41.7023
2019-01-16,8.5900,1.2977,3.0745,0.4221,41.8534
2019-01-17,8.4000,1.3268,3.0760,0.4313,40.1410
2019-01-18,8.5500,1.3039,3.0910,0.4218,41.8786
2019-01-21,8.4800,1.3153,3.1037,0.4238,41.6016
2019-01-22,8.4300,1.3230,3.1071,0.4258,41.4505
2019-01-23,8.4800,1.3140,3.1190,0.4213,42.0045
2019-01-24,8.6200,1.2928,3.1338,0.4125,43.5407
2019-01-25,9.0200,1.2364,3.1398,0.3938,47.5951
2019-01-28,8.9700,1.2431,3.1397,0.3959,47.0159
2019-01-29,9.0200,1.2364,3.1246,0.3957,47.0410
2019-01-30,8.9800,1.2420,3.1151,0.3987,46.2856
2019-01-31,9.1000,1.2252,3.1037,0.3948,47.4440
2019-02-01,9.1800,1.2143,3.1032,0.3913,47.9980
2019-02-11,9.1900,1.2132,3.0670,0.3956,47.0914
2019-02-12,9.1700,1.2154,3.0748,0.3953,47.2677
2019-02-13,9.3300,1.1951,3.0719,0.3890,48.3757
2019-02-14,9.2200,1.2089,3.0726,0.3934,47.6706
2019-02-15,8.9800,1.2420,3.0794,0.4033,45.3790
2019-02-18,9.3100,1.1972,3.1094,0.3850,49.0808
2019-02-19,9.2400,1.2067,3.1279,0.3858,48.9801
2019-02-20,9.3500,1.1919,3.1196,0.3821,49.7104
2019-02-21,9.3100,1.1972,3.1361,0.3817,49.7859
2019-02-22,9.4600,1.1785,3.1451,0.3747,50.6925
2019-02-25,10.2900,1.0837,3.1787,0.3409,53.8907
2019-02-26,10.0000,1.1148,3.1878,0.3497,52.8330
2019-02-27,10.1600,1.0968,3.1689,0.3461,53.3367
2019-02-28,10.1300,1.1003,3.1731,0.3468,53.2611
2019-03-01,10.4600,1.0658,3.1870,0.3344,54.6210
2019-03-04,10.6500,1.0470,3.2023,0.3270,55.7542
2019-03-05,10.7100,1.0413,3.2149,0.3239,56.2327
2019-03-06,10.7200,1.0398,3.2021,0.3247,56.0816
2019-03-07,10.4400,1.0675,3.1572,0.3381,54.2181
2019-03-08,10.0800,1.1057,3.1423,0.3519,52.5308
2019-03-11,10.1000,1.1039,3.1374,0.3519,52.5560
2019-03-12,10.1300,1.1003,3.1424,0.3501,52.7575
2019-03-13,10.1400,1.0994,3.1375,0.3504,52.7071
2019-03-14,10.1900,1.0941,3.1475,0.3476,53.1100
2019-03-15,10.2500,1.0880,3.1376,0.3468,53.2360
2019-03-18,10.5800,1.0534,3.1377,0.3357,54.4951
2019-03-19,10.4800,1.0633,3.1377,0.3389,54.1677
2019-03-20,10.4500,1.0667,3.1453,0.3391,54.1425
2019-03-21,10.4000,1.0717,3.1291,0.3425,53.6892
2019-03-22,10.3200,1.0802,3.1080,0.3476,53.1352
2019-03-25,9.9300,1.1230,3.0831,0.3642,51.5235
2019-03-26,9.9200,1.1240,3.0633,0.3669,51.3725
2019-03-27,10.1500,1.0985,3.0882,0.3557,52.1027
2019-03-28,10.0200,1.1129,3.0634,0.3633,51.5487
2019-03-29,10.5100,1.0608,3.0683,0.3457,53.3619
2019-04-01,10.8000,1.0319,3.1332,0.3293,55.4268
2019-04-02,10.9500,1.0180,3.1681,0.3213,56.5349
2019-04-03,11.0200,1.0119,3.2331,0.3130,58.1717
2019-04-04,11.3600,0.9812,3.2679,0.3003,62.0750
2019-04-08,11.4400,0.9742,3.2482,0.2999,62.1758
2019-04-09,11.3200,0.9848,3.2882,0.2995,62.3269
2019-04-10,11.2500,0.9905,3.2932,0.3008,61.8736
2019-04-11,11.1000,1.0044,3.2784,0.3064,60.2619
2019-04-12,11.0000,1.0134,3.3334,0.3040,61.1433
2019-04-15,11.2200,0.9934,3.3736,0.2945,63.7623
2019-04-16,11.9500,0.9328,3.3937,0.2749,66.8597
2019-04-17,11.7600,0.9477,3.3938,0.2792,66.3309
2019-04-18,11.7500,0.9484,3.3589,0.2824,65.7517
2019-04-19,12.0700,0.9233,3.3741,0.2736,67.1116
2019-04-22,11.6000,0.9611,3.4091,0.2819,65.9783
2019-04-23,11.5300,0.9666,3.3993,0.2844,65.5754
2019-04-24,11.8400,0.9418,3.4343,0.2742,67.0108
2019-04-25,11.5800,0.9625,3.4193,0.2815,66.0287
2019-04-26,11.3000,0.9862,3.4043,0.2897,64.5681
2019-04-29,11.5600,0.9645,3.4268,0.2815,66.0539
2019-04-30,11.3500,0.9819,3.3869,0.2899,64.5429
2019-05-06,10.5500,1.0567,3.3550,0.3150,57.5422
2019-05-07,10.6200,1.0502,3.3551,0.3130,58.1214
2019-05-08,10.3300,1.0794,3.3426,0.3229,56.3334
2019-05-09,9.9700,1.1184,3.3116,0.3377,54.2936
2019-05-10,10.3900,1.0726,3.3017,0.3249,55.9809
2019-05-13,10.0800,1.1057,3.2709,0.3380,54.2433
2019-05-14,10.2400,1.0889,3.2859,0.3314,55.0743
2019-05-15,10.5900,1.0526,3.2762,0.3213,56.5852
2019-05-16,10.5300,1.0584,3.2662,0.3240,56.2075
2019-05-17,10.2000,1.0932,3.2665,0.3347,54.5958
2019-05-20,10.1500,1.0985,3.2717,0.3358,54.4699
2019-05-21,10.3000,1.0828,3.2990,0.3282,55.6535
2019-05-22,10.1600,1.0968,3.3264,0.3297,55.2757
2019-05-23,10.0700,1.1066,3.3100,0.3343,54.6462
2019-05-24,10.1200,1.1012,3.3125,0.3324,54.9232
2019-05-27,10.1400,1.0994,3.3500,0.3282,55.6787
2019-05-28,10.2400,1.0889,3.3100,0.3290,55.5528
2019-05-29,10.1600,1.0968,3.2875,0.3336,54.7469
2019-05-30,10.0200,1.1129,3.2750,0.3398,54.0418
2019-05-31,9.9800,1.1166,3.2751,0.3409,53.8655
2019-06-03,9.7500,1.1429,3.2401,0.3527,52.3294
2019-06-04,9.7100,1.1477,3.2101,0.3575,51.9265
2019-06-05,9.8100,1.1362,3.2100,0.3540,52.2035
2019-06-06,9.7700,1.1409,3.2136,0.3550,52.1531
2019-06-10,10.1200,1.1021,3.2251,0.3417,53.7396
2019-06-11,10.3700,1.0751,3.2651,0.3293,55.4520
2019-06-12,10.3000,1.0819,3.2601,0.3319,54.9987
2019-06-13,10.3200,1.0802,3.2451,0.3329,54.8225
2019-06-14,10.2400,1.0889,3.2302,0.3371,54.3692
2019-06-17,10.3900,1.0734,3.2252,0.3328,54.8476
2019-06-18,10.4900,1.0625,3.2302,0.3289,55.5779
2019-06-19,10.7100,1.0406,3.2427,0.3209,56.6104
2019-06-20,11.3100,0.9855,3.2352,0.3046,60.9418
2019-06-21,11.1800,0.9971,3.2303,0.3087,59.4057
2019-06-24,11.2200,0.9934,3.2453,0.3061,60.4382
2019-06-25,11.0100,1.0127,3.2353,0.3130,58.1466
2019-06-26,11.0800,1.0172,3.2453,0.3134,57.8696
2019-06-27,11.3600,0.9920,3.2553,0.3047,60.9166
2019-06-28,11.4100,0.9869,3.2254,0.3060,60.5641
2019-07-01,11.5400,0.9763,3.2254,0.3027,61.3699
2019-07-02,11.7500,0.9591,3.1704,0.3025,61.4455
2019-07-03,11.6100,0.9707,3.1554,0.3076,59.9093
2019-07-04,11.5900,0.9721,3.1479,0.3088,59.3553
2019-07-05,11.5300,0.9770,3.1705,0.3082,59.6323
2019-07-08,11.2600,1.0007,3.1805,0.3146,57.6681
2019-07-09,11.2600,1.0007,3.1680,0.3159,57.3911
2019-07-10,11.2300,1.0029,3.1706,0.3163,57.2148
2019-07-11,11.2200,1.0044,3.1680,0.3170,57.0889
2019-07-12,11.7000,0.9632,3.1531,0.3055,60.7152
2019-07-15,11.6000,0.9714,3.1782,0.3056,60.6648
2019-07-16,11.3900,0.9891,3.1732,0.3117,58.4991
2019-07-17,11.3400,0.9934,3.1757,0.3128,58.3480
2019-07-18,11.3200,0.9949,3.1608,0.3148,57.6177
2019-07-19,11.5900,0.9721,3.1559,0.3080,59.6575
2019-07-22,11.4700,0.9819,3.1484,0.3119,58.4488
2019-07-23,11.4000,0.9884,3.1484,0.3139,57.7185
2019-07-24,11.5000,0.9798,3.1710,0.3090,59.3301
2019-07-25,11.7600,0.9577,3.1635,0.3027,61.3196
2019-07-26,11.7900,0.9557,3.1661,0.3019,61.6218
2019-07-29,11.8400,0.9517,3.1836,0.2989,62.5031
2019-07-30,11.9000,0.9464,3.1761,0.2980,62.7802
2019-07-31,11.7000,0.9625,3.1552,0.3051,60.8411
2019-08-01,11.6800,0.9645,3.1487,0.3063,60.3123
2019-08-02,11.3800,0.9898,3.0914,0.3202,56.6860
2019-08-05,11.0600,1.0187,3.0563,0.3333,54.7721
2019-08-06,11.0800,1.0172,3.0613,0.3323,54.9484
2019-08-07,11.2200,1.0044,3.0514,0.3292,55.5024
2019-08-08,11.9100,0.9457,3.0465,0.3104,58.9272
2019-08-09,12.0300,0.9366,3.0216,0.3100,59.0531
2019-08-12,12.5200,0.8994,3.0391,0.2959,63.3594
2019-08-13,12.3300,0.9133,3.0041,0.3040,61.1181
2019-08-14,12.4000,0.9084,3.0105,0.3017,61.6469
2019-08-15,12.3800,0.9103,3.0115,0.3023,61.4707
2019-08-16,12.3400,0.9127,3.0217,0.3020,61.5210
2019-08-19,12.3600,0.9115,3.0191,0.3019,61.5714
2019-08-20,12.4200,0.9072,3.0317,0.2992,62.4024
2019-08-21,11.9700,0.9411,3.0567,0.3079,59.7582
2019-08-22,11.8500,0.9503,3.0543,0.3111,58.7258
2019-08-23,12.1400,0.9283,3.0644,0.3029,61.2692
2019-08-26,11.8000,0.9543,3.0494,0.3129,58.2473
2019-08-27,11.8500,0.9503,3.0520,0.3114,58.5747
2019-08-28,11.8200,0.9530,3.0520,0.3123,58.3984
2019-08-29,11.7000,0.9625,3.0321,0.3174,56.9882
2019-08-30,11.7300,0.9604,3.0573,0.3141,57.6933
2019-09-02,11.9700,0.9411,3.0723,0.3063,60.2871
2019-09-03,11.8500,0.9510,3.0624,0.3105,58.8517
2019-09-04,11.9600,0.9418,3.0473,0.3091,59.3050
2019-09-05,12.0800,0.9327,3.0173,0.3091,59.2798
2019-09-06,12.2700,0.9183,3.0173,0.3043,60.9922
2019-09-09,12.1700,0.9258,3.0250,0.3060,60.4634
2019-09-10,12.0500,0.9347,3.0425,0.3072,60.0604
2019-09-11,12.0600,0.9340,3.0525,0.3060,60.5389
2019-09-12,12.1600,0.9264,3.0876,0.3000,62.1506
2019-09-16,11.9700,0.9411,3.0926,0.3043,61.0426
2019-09-17,11.8000,0.8680,3.1076,0.2793,66.3057
2019-09-18,11.9400,0.8578,3.1278,0.2743,66.9856
2019-09-19,12.2900,0.8329,3.1053,0.2682,67.9174
2019-09-20,12.7100,0.8058,3.0980,0.2601,68.4211
2019-09-23,12.7400,0.8037,3.1005,0.2592,68.4462
2019-09-24,12.5700,0.8143,3.1205,0.2610,68.3455
2019-09-25,13.0500,0.7848,3.1157,0.2519,68.8743
2019-09-26,13.0100,0.7868,3.1381,0.2507,68.9751
2019-09-27,13.1700,0.7568,3.1482,0.2404,70.6875
2019-09-30,12.9100,0.7719,3.1411,0.2457,69.9320
2019-10-08,13.4200,0.7428,3.1063,0.2391,70.9141
2019-10-09,13.4600,0.7405,3.1089,0.2382,71.0400
2019-10-10,13.4500,0.7410,3.1289,0.2368,71.1660
2019-10-11,13.9200,0.7158,3.1564,0.2268,72.3747
2019-10-14,14.2600,0.6988,3.1641,0.2209,73.1554
2019-10-15,14.2300,0.7004,3.1668,0.2212,73.0546
2019-10-16,13.9100,0.7167,3.1693,0.2261,72.5006
2019-10-17,13.8300,0.7206,3.1569,0.2283,71.9970
2019-10-18,13.6800,0.7289,3.1870,0.2287,71.8962
2019-10-21,13.9900,0.7125,3.2196,0.2213,73.0295
2019-10-22,13.6000,0.7328,3.2196,0.2276,72.1481
2019-10-23,13.6300,0.7315,3.2122,0.2277,72.0725
2019-10-24,13.9700,0.7133,3.2196,0.2215,72.9791
2019-10-25,13.9800,0.7129,3.2372,0.2202,73.2309
2019-10-28,13.8000,0.7223,3.2924,0.2194,73.3065
2019-10-29,14.0100,0.7116,3.3029,0.2154,73.6087
2019-10-30,13.6100,0.7324,3.3125,0.2211,73.0798
2019-10-31,13.4700,0.7401,3.2880,0.2251,72.5510
2019-11-01,13.9700,0.7137,3.2757,0.2179,73.4324
2019-11-04,14.0200,0.7112,3.2954,0.2158,73.5835
2019-11-05,14.2100,0.7017,3.2454,0.2162,73.5583
2019-11-06,14.0500,0.7095,3.2555,0.2179,73.3820
2019-11-07,13.9900,0.7125,3.2736,0.2177,73.4576
2019-11-08,13.7900,0.7227,3.2765,0.2206,73.1806
2019-11-11,13.4900,0.7391,3.2463,0.2277,72.0977
2019-11-12,13.5300,0.7369,3.2550,0.2264,72.4503
2019-11-13,13.5300,0.7369,3.2370,0.2276,72.1229
2019-11-14,13.5200,0.7373,3.2555,0.2265,72.4251
2019-11-15,13.5400,0.7364,3.2355,0.2276,72.1733
2019-11-18,13.6300,0.7315,3.1993,0.2286,71.9214
2019-11-19,13.5900,0.7333,3.1743,0.2310,71.6948
2019-11-20,13.1300,0.7592,3.1747,0.2391,70.8889
2019-11-21,13.1400,0.7587,3.1749,0.2390,70.9393
2019-11-22,12.9100,0.7719,3.1747,0.2431,70.4860
2019-11-25,13.0900,0.7616,3.1875,0.2389,70.9645
2019-11-26,12.9400,0.7704,3.1675,0.2432,70.4357
2019-11-27,12.8100,0.7778,3.1700,0.2454,70.0327
2019-11-28,12.8300,0.7768,3.1650,0.2454,70.0076
2019-11-29,12.6700,0.7870,3.1650,0.2487,69.2773
2019-12-02,12.7200,0.7834,3.2062,0.2443,70.3349
2019-12-03,12.8000,0.7789,3.1746,0.2454,70.0579
2019-12-04,12.6800,0.7860,3.1751,0.2476,69.5039
2019-12-05,12.7800,0.7799,3.1776,0.2454,69.9824
2019-12-06,12.9200,0.7714,3.1751,0.2430,70.5112
2019-12-09,12.7700,0.7809,3.1903,0.2448,70.2342
2019-12-10,12.7000,0.7850,3.1776,0.2470,69.6550
2019-12-11,12.9700,0.7684,3.1702,0.2424,70.5364
2019-12-12,12.9200,0.7714,3.1652,0.2437,70.3601
2019-12-13,13.3500,0.7465,3.1828,0.2345,71.3926
2019-12-16,13.3600,0.7460,3.1854,0.2342,71.4178
2019-12-17,13.6700,0.7293,3.2133,0.2270,72.3244
2019-12-18,13.6300,0.7311,3.2139,0.2275,72.1984
2019-12-19,13.7100,0.7271,3.2139,0.2262,72.4754
2019-12-20,13.7400,0.7253,3.1808,0.2280,72.0473
2019-12-23,13.4500,0.7410,3.1661,0.2340,71.4430
2019-12-24,13.5900,0.7337,3.1535,0.2327,71.5185
2019-12-25,13.5000,0.7382,3.1463,0.2346,71.3674
2019-12-26,13.6400,0.7306,3.1137,0.2346,71.3422
2019-12-27,13.7800,0.7236,3.1292,0.2312,71.6696
2019-12-30,13.7300,0.7262,3.1322,0.2318,71.6192
2019-12-31,13.6300,0.7315,3.1365,0.2332,71.4681
2020-01-02,13.9700,0.7605,3.1485,0.2415,70.5868
2020-01-03,14.2300,0.7468,3.1428,0.2376,71.0904
2020-01-06,14.1400,0.7516,3.1352,0.2397,70.8134
2020-01-07,14.2100,0.7481,3.1379,0.2384,71.0149
2020-01-08,13.8000,0.7701,3.1337,0.2457,69.9068
2020-01-09,13.9100,0.7641,3.1184,0.2450,70.1335
2020-01-10,13.8300,0.7687,3.0819,0.2494,69.0758
2020-01-13,14.0700,0.7551,3.0840,0.2448,70.2090
2020-01-14,13.8800,0.7655,3.0994,0.2470,69.7305
2020-01-15,13.6800,0.7766,3.0897,0.2514,68.9247
2020-01-16,13.5300,0.7856,3.0918,0.2541,68.6729
2020-01-17,13.5800,0.7828,3.0832,0.2539,68.6981
2020-01-20,13.6300,0.7799,3.0776,0.2534,68.7484
2020-01-21,13.2500,0.8019,3.0337,0.2643,68.2700
2020-01-22,13.3300,0.7974,3.0282,0.2633,68.2951
2020-01-23,12.8700,0.8256,2.9932,0.2758,66.7086
2020-02-03,11.5900,0.9171,2.8231,0.3249,56.0060
2020-02-04,12.0900,0.8787,2.8551,0.3078,59.8590
2020-02-05,12.1200,0.8769,2.8440,0.3083,59.5316
2020-02-06,12.2400,0.8686,2.8392,0.3059,60.6145
2020-02-07,12.1100,0.8775,2.8024,0.3131,57.9703
2020-02-10,12.0100,0.8848,2.7872,0.3175,56.9630
2020-02-11,12.2500,0.8675,2.8340,0.3061,60.4130
2020-02-12,12.2400,0.8686,2.8333,0.3066,60.1864
2020-02-13,12.1400,0.8757,2.8201,0.3105,58.8769
2020-02-14,12.4500,0.8536,2.8631,0.2981,62.7298
2020-02-17,12.7300,0.8347,2.8928,0.2885,64.7444
2020-02-18,12.5900,0.8441,2.8664,0.2945,63.7371
2020-02-19,12.6200,0.8418,2.8776,0.2925,63.9637
2020-02-20,12.9100,0.8229,2.8857,0.2852,65.4243
2020-02-21,12.9100,0.8235,2.8470,0.2893,64.6437
2020-02-24,12.6200,0.8424,2.8120,0.2996,62.2765
2020-02-25,12.4600,0.8530,2.8220,0.3023,61.4958
2020-02-26,12.4200,0.8559,2.7973,0.3060,60.5893
2020-02-27,12.5200,0.8491,2.7702,0.3065,60.2115
2020-02-28,12.0100,0.8848,2.7376,0.3232,56.3082
2020-03-02,12.2500,0.8675,2.7428,0.3163,57.2400
2020-03-03,12.1900,0.8716,2.7478,0.3172,57.0637
2020-03-04,12.1700,0.8734,2.6730,0.3267,55.8298
2020-03-05,12.7500,0.8336,2.6829,0.3107,58.8013
2020-03-06,12.4500,0.8536,2.6280,0.3248,56.0312
2020-03-09,11.9700,0.8879,2.5205,0.3523,52.4553
2020-03-10,12.2300,0.8692,2.6130,0.3326,54.8728
2020-03-11,12.1700,0.8734,2.6079,0.3349,54.5455
2020-03-12,12.1600,0.8740,2.6379,0.3313,55.0995
2020-03-13,12.0300,0.8836,2.6759,0.3302,55.2002
2020-03-16,11.3900,0.9331,2.6758,0.3487,52.9086
2020-03-17,11.1100,0.9567,2.7135,0.3526,52.4049
2020-03-18,10.5300,1.0094,2.7136,0.3720,50.9695
2020-03-19,10.1300,1.0490,2.7299,0.3843,49.1816
2020-03-20,10.3700,1.0247,2.6815,0.3821,49.6852
2020-03-23,10.0600,1.0559,2.6315,0.4013,45.8071
2020-03-24,10.4500,1.0174,2.6289,0.3870,48.8542
2020-03-25,10.6600,0.9969,2.6289,0.3792,50.2141
2020-03-26,10.8200,0.9824,2.5940,0.3787,50.3148
2020-03-27,10.8900,0.9756,2.6090,0.3739,50.7681
2020-03-30,10.7200,0.9915,2.6142,0.3793,50.1889
2020-03-31,10.6000,1.0023,2.5899,0.3870,48.8794
2020-04-01,10.6800,0.9953,2.5550,0.3895,48.3002
2020-04-02,10.7400,0.9892,2.5854,0.3826,49.6097
2020-04-03,10.4500,1.0174,2.5965,0.3918,47.9224
2020-04-07,10.6700,0.9961,2.5112,0.3967,46.7892
2020-04-08,10.5900,1.0039,2.4824,0.4044,44.9761
2020-04-09,10.5500,1.0070,2.5226,0.3992,46.1345
2020-04-10,10.5900,1.0031,2.5403,0.3949,47.3936
2020-04-13,10.4300,1.0190,2.5658,0.3971,46.6633
2020-04-14,10.6500,0.9976,2.5591,0.3898,48.2750
2020-04-15,10.6600,0.9969,2.5455,0.3916,47.9728
2020-04-16,10.5000,1.0118,2.5276,0.4003,46.0086
2020-04-17,10.6800,0.9953,2.5590,0.3889,48.4009
2020-04-20,10.7600,0.9877,2.5920,0.3811,49.8615
2020-04-21,11.1400,0.9539,2.5791,0.3699,51.1458
2020-04-22,10.9600,0.9697,2.5567,0.3793,50.1637
2020-04-23,10.9600,0.9697,2.5227,0.3844,49.1564
2020-04-24,10.9700,0.9690,2.5100,0.3861,48.9046
2020-04-27,11.1800,0.9503,2.5345,0.3749,50.6673
2020-04-28,11.2000,0.9489,2.5254,0.3757,50.5918
2020-04-29,11.6100,0.9151,2.5009,0.3659,51.3976
2020-04-30,11.5400,0.9210,2.5380,0.3629,51.5991
2020-05-06,11.4100,0.9317,2.5809,0.3610,51.7250
2020-05-07,11.3400,0.9372,2.6298,0.3564,52.0524
2020-05-08,11.5600,0.9197,2.6207,0.3509,52.6064
2020-05-11,11.6000,0.9164,2.6698,0.3432,53.5633
2020-05-12,11.4200,0.9304,2.6603,0.3497,52.8079
2020-05-13,11.2900,0.9413,2.7076,0.3477,53.0849
2020-05-14,11.0200,0.9646,2.6989,0.3574,51.9516
2020-05-15,10.9600,0.9697,2.6820,0.3616,51.6746
2020-05-18,10.9300,0.9719,2.7253,0.3566,51.9768
2020-05-19,11.0700,0.9603,2.7272,0.3521,52.4805
2020-05-20,11.1900,0.9496,2.6900,0.3530,52.2538
2020-05-21,11.1000,0.9574,2.6850,0.3566,52.0020
2020-05-22,10.7000,0.9930,2.6176,0.3794,50.1385
2020-05-25,10.7400,0.9899,2.6852,0.3687,51.2717
2020-05-26,10.8000,0.9839,2.7402,0.3591,51.8257
2020-05-27,10.7700,0.9869,2.7527,0.3585,51.8761
2020-05-28,11.0100,0.9816,2.7201,0.3609,51.7502
2020-05-29,10.9500,0.9869,2.7053,0.3648,51.4984
2020-06-01,11.2200,0.9632,2.7253,0.3534,52.2287
2020-06-02,11.4200,0.9468,2.7852,0.3399,54.0166
2020-06-03,11.4100,0.9475,2.7901,0.3396,54.1174
2020-06-04,11.4300,0.9454,2.8301,0.3341,54.7217
2020-06-05,11.4500,0.9441,2.8475,0.3316,55.0491
2020-06-08,11.4800,0.9420,2.8101,0.3352,54.5203
2020-06-09,11.5200,0.9385,2.8031,0.3348,54.5706
2020-06-10,11.3700,0.9510,2.8201,0.3372,54.3440
2020-06-11,11.0200,0.9809,2.7701,0.3541,52.1783
2020-06-12,10.9500,0.9877,2.7451,0.3598,51.8006
2020-06-15,10.8000,1.0008,2.7878,0.3590,51.8509
2020-06-16,10.8600,0.9953,2.8402,0.3504,52.6819
2020-06-17,10.8300,0.9984,2.8802,0.3466,53.2863
2020-06-18,10.7500,1.0055,2.8527,0.3525,52.4301
2020-06-19,10.7900,1.0023,2.8752,0.3486,52.9590
2020-06-22,10.6500,1.0150,2.9153,0.3482,53.0093
2020-06-23,10.6200,1.0182,2.9127,0.3496,52.8582
2020-06-24,10.7900,1.0023,2.8614,0.3503,52.7323
2020-06-29,10.7900,1.0023,2.8504,0.3516,52.5812
2020-06-30,10.7900,1.0023,2.8230,0.3550,52.1279
2020-07-01,11.0600,0.9779,2.8456,0.3437,53.4878
2020-07-02,11.3200,0.9553,2.8584,0.3342,54.6965
2020-07-03,12.0100,0.9003,2.8974,0.3107,58.7761
2020-07-06,13.2100,0.8182,2.9959,0.2731,67.2627
2020-07-07,13.0400,0.8288,3.0158,0.2748,66.8849
2020-07-08,13.2800,0.8141,3.0632,0.2658,68.1440
2020-07-09,13.0900,0.8261,3.0809,0.2681,67.9426
2020-07-10,12.5200,0.8634,3.0305,0.2849,65.4495
2020-07-13,12.5500,0.8616,3.0557,0.2820,65.9028
2020-07-14,12.3700,0.8740,3.0057,0.2908,64.2407
2020-07-15,12.0200,0.8991,2.9559,0.3042,61.0929
2020-07-16,11.9200,0.9067,2.9459,0.3078,59.8338
2020-07-17,11.9100,0.9073,2.9507,0.3075,59.9345
2020-07-20,12.4100,0.8710,2.9311,0.2972,62.9564
2020-07-21,12.2100,0.8854,2.9011,0.3052,60.8159
2020-07-22,12.1400,0.8903,2.8861,0.3085,59.4812
2020-07-23,11.8100,0.9157,2.9064,0.3151,57.5170
2020-07-24,11.3800,0.9503,2.8612,0.3321,54.9736
2020-07-27,11.1600,0.9690,2.8791,0.3366,54.4447
2020-07-28,11.2400,0.9617,2.9214,0.3292,55.4772
2020-07-29,11.4100,0.9475,2.9415,0.3221,56.4090
2020-07-30,11.2700,0.9596,2.9364,0.3268,55.7794
2020-07-31,11.2400,0.9617,2.9664,0.3242,56.1823
2020-08-03,11.4500,0.9441,2.9466,0.3204,56.6356
2020-08-04,11.8300,0.9138,2.9365,0.3112,58.7006
2020-08-05,11.5900,0.9324,2.9592,0.3151,57.4918
2020-08-06,11.7100,0.9230,2.9816,0.3096,59.1790
2020-08-07,11.5400,0.9365,2.9918,0.3130,58.0710
2020-08-10,11.7500,0.9197,2.9543,0.3113,58.6250
2020-08-11,11.9100,0.9080,2.9544,0.3073,59.9849
2020-08-12,12.1200,0.8922,2.9620,0.3012,61.7477
2020-08-13,11.9500,0.9048,2.9555,0.3061,60.3878
2020-08-14,12.1900,0.8866,2.9369,0.3019,61.5966
2020-08-17,12.8000,0.8446,2.9421,0.2871,65.1221
2020-08-18,12.7700,0.8468,2.9771,0.2844,65.5502
2020-08-19,12.7200,0.8496,2.9921,0.2839,65.6510
2020-08-20,12.2900,0.8793,2.9973,0.2934,63.8630
2020-08-21,12.1800,0.8879,2.9823,0.2977,62.8053
2020-08-24,12.1800,0.8873,2.9998,0.2958,63.4349
2020-08-25,12.3000,0.8787,3.0424,0.2888,64.6940
2020-08-26,12.1100,0.8928,3.0511,0.2926,63.9386
2020-08-27,12.1800,0.8873,3.0599,0.2900,64.4422
2020-08-28,12.7500,0.8480,3.0672,0.2765,66.6835
2020-08-31,12.7100,0.8508,3.0177,0.2819,65.9532
2020-09-01,12.7600,0.8474,3.0478,0.2780,66.4568
2020-09-02,12.9100,0.8374,3.1027,0.2699,67.6908
2020-09-03,12.5600,0.8610,3.1051,0.2773,66.5575
2020-09-04,12.6100,0.8576,3.1228,0.2746,66.9101
2020-09-07,12.5900,0.8587,3.1454,0.2730,67.2878
2020-09-08,13.0000,0.8315,3.1230,0.2663,68.0181
2020-09-09,12.8200,0.8435,3.0805,0.2738,67.0864
2020-09-10,12.9300,0.8364,3.0833,0.2713,67.5900
2020-09-11,12.6500,0.8547,3.1346,0.2727,67.3634
2020-09-14,12.8900,0.8385,3.1532,0.2659,68.0685
2020-09-15,12.9300,0.8358,3.1083,0.2689,67.8167
2020-09-16,13.0100,0.8309,3.1260,0.2658,68.0937
2020-09-17,13.1200,0.8240,3.1334,0.2630,68.3203
2020-09-18,13.5400,0.7984,3.1162,0.2562,68.5470
2020-09-21,13.3600,0.8089,3.0999,0.2609,68.3707
2020-09-22,13.1200,0.8240,3.0863,0.2670,67.9678
2020-09-23,13.1700,0.8208,3.0890,0.2657,68.1692
2020-09-24,12.7400,0.8485,3.0840,0.2751,66.7842
2020-09-25,12.8000,0.8446,3.1295,0.2699,67.7159
2020-09-28,12.9000,0.8380,3.1092,0.2695,67.7915
2020-09-29,12.4700,0.8669,3.1292,0.2770,66.6079
2020-09-30,12.7800,0.8457,3.1482,0.2686,67.8419
2020-10-09,12.7900,0.8452,3.1873,0.2652,68.2196
2020-10-12,13.4000,0.8069,3.1861,0.2533,68.7736
2020-10-13,13.5300,0.7989,3.1950,0.2500,69.0506
2020-10-14,13.5100,0.8004,3.2150,0.2490,69.2017
2020-10-15,13.9500,0.7747,3.2300,0.2398,70.7882
2020-10-16,14.4100,0.7503,3.2202,0.2330,71.4933
2020-10-19,14.7300,0.7340,3.2005,0.2293,71.7955
2020-10-20,14.7800,0.7315,3.1955,0.2289,71.8459
2020-10-21,15.0900,0.7163,3.1855,0.2249,72.6014
2020-10-22,14.8000,0.7306,3.1707,0.2304,71.7200
2020-10-23,15.2800,0.7076,3.1957,0.2214,73.0043
2020-10-26,14.9100,0.7248,3.1934,0.2270,72.2992
2020-10-27,14.9700,0.7224,3.1609,0.2285,71.9466
2020-10-28,14.8600,0.7277,3.1810,0.2288,71.8711
2020-10-29,14.9700,0.7220,3.1860,0.2266,72.3999
2020-10-30,14.9600,0.7228,3.1810,0.2272,72.2236
2020-11-02,14.8600,0.7277,3.1785,0.2289,71.8207
2020-11-03,15.1300,0.7143,3.1762,0.2249,72.5762
2020-11-04,15.4400,0.7003,3.1687,0.2210,73.1050
2020-11-05,14.9100,0.7248,3.1912,0.2271,72.2488
2020-11-06,14.8600,0.7273,3.2063,0.2268,72.3495
2020-11-09,15.0300,0.7192,3.2363,0.2222,72.8784
2020-11-10,15.2600,0.7084,3.2241,0.2197,73.2561
2020-11-11,15.0100,0.7204,3.2391,0.2224,72.8280
2020-11-12,14.8800,0.7265,3.2614,0.2228,72.8028
2020-11-13,14.4800,0.7468,3.2715,0.2283,71.9718
2020-11-16,14.6400,0.7386,3.2741,0.2256,72.5258
2020-11-17,15.0200,0.7196,3.2866,0.2189,73.3568
2020-11-18,15.5500,0.6950,3.3240,0.2091,74.0871
2020-11-19,15.8800,0.6806,3.3487,0.2032,74.6411
2020-11-20,15.8900,0.6803,3.3100,0.2055,74.4397
2020-11-23,16.5300,0.6539,3.2650,0.2003,74.8930
2020-11-24,16.3100,0.6627,3.2900,0.2014,74.7419
2020-11-25,16.0600,0.6731,3.2675,0.2060,74.3641
2020-11-26,16.4300,0.6579,3.2850,0.2003,74.9182
2020-11-27,16.6000,0.6513,3.3000,0.1974,75.5477
2020-11-30,16.6300,0.6499,3.2500,0.2000,74.9937
2020-12-01,16.8900,0.6399,3.2725,0.1955,76.1521
2020-12-02,16.5400,0.6536,3.2925,0.1985,75.2959
2020-12-03,16.4700,0.6566,3.2851,0.1999,75.0189
2020-12-04,16.2600,0.6647,3.2651,0.2036,74.5656
2020-12-07,15.9300,0.6785,3.2701,0.2075,74.1879
2020-12-08,15.7700,0.6857,3.2551,0.2107,73.9864
2020-12-09,15.7700,0.6857,3.2726,0.2095,74.0619
2020-12-10,15.7200,0.6879,3.2601,0.2110,73.9612
2020-12-11,15.6100,0.6927,3.2951,0.2102,74.0368
2020-12-14,15.9100,0.6795,3.2851,0.2068,74.2382
2020-12-15,15.7900,0.6846,3.2777,0.2089,74.1123
2020-12-16,16.0200,0.6749,3.2752,0.2061,74.3138
2020-12-17,15.9700,0.6770,3.2802,0.2064,74.2634
2020-12-18,15.4700,0.6988,3.2902,0.2124,73.7849
2020-12-21,15.4000,0.7018,3.2652,0.2149,73.6590
2020-12-22,15.0800,0.7167,3.2278,0.2220,72.9036
2020-12-23,15.1700,0.7128,3.2153,0.2217,72.9539
2020-12-24,15.3900,0.7026,3.2303,0.2175,73.4827
2020-12-25,15.2000,0.7112,3.1878,0.2231,72.7273
2020-12-28,15.8800,0.6806,3.1629,0.2152,73.6338
2020-12-29,16.1500,0.6693,3.1554,0.2121,73.8101
2020-12-30,16.1800,0.6682,3.1204,0.2141,73.7346
2020-12-31,16.3000,0.6634,3.1429,0.2111,73.9360
2021-01-04,15.6700,1.1720,3.1780,0.3688,51.2465
2021-01-05,15.3100,1.1998,3.1305,0.3833,49.4838
2021-01-06,16.4800,1.1145,3.1256,0.3566,52.0272
2021-01-07,16.7700,1.0955,3.1256,0.3505,52.6568
2021-01-08,16.7300,1.0982,3.1456,0.3491,52.8834
2021-01-11,17.1700,1.0697,3.1632,0.3382,54.1929
2021-01-12,17.7000,1.0381,3.1457,0.3300,55.2506
2021-01-13,17.4400,1.0531,3.1157,0.3380,54.2684
2021-01-14,17.0000,1.0808,3.1059,0.3480,53.0345
2021-01-15,17.7000,1.0381,3.1508,0.3295,55.3765
2021-01-18,19.1300,0.9604,3.1658,0.3034,61.1937
2021-01-19,18.8200,0.9758,3.1609,0.3087,59.3805
2021-01-20,18.9300,0.9702,3.1610,0.3069,60.1360
2021-01-21,18.7300,0.9807,3.1335,0.3130,58.1969
2021-01-22,18.5600,0.9896,3.1185,0.3173,57.0385
2021-01-25,18.9500,0.9693,3.1323,0.3095,59.2042
2021-01-26,18.8500,0.9745,3.1585,0.3085,59.4561
2021-01-27,19.4500,0.9445,3.1636,0.2986,62.5283
2021-01-28,19.2200,0.9557,3.1961,0.2990,62.4528
2021-01-29,19.4600,0.9441,3.1786,0.2970,63.0068
2021-02-01,20.6900,0.8880,3.1712,0.2800,66.2554
2021-02-02,19.6200,0.9364,3.1862,0.2939,63.8378
2021-02-03,21.0200,0.8737,3.2112,0.2721,67.4389
2021-02-04,20.7300,0.8862,3.2347,0.2740,67.0360
2021-02-05,21.0100,0.8744,3.2164,0.2719,67.4641
2021-02-08,20.9000,0.8790,3.2370,0.2715,67.5145
2021-02-09,20.7100,0.8869,3.2303,0.2746,66.9353
2021-02-10,20.0700,0.9152,3.2449,0.2820,65.8776
2021-02-18,20.4800,0.8971,3.2831,0.2732,67.1871
2021-02-19,20.1000,0.9140,3.2578,0.2806,66.1546
2021-02-22,18.8600,0.9741,3.2736,0.2976,62.8809
2021-02-23,18.4800,0.9941,3.2635,0.3046,60.9670
2021-02-24,18.6700,0.9838,3.2627,0.3015,61.6973
2021-02-25,18.6100,0.9869,3.2723,0.3016,61.6721
2021-02-26,18.0200,1.0196,3.2798,0.3109,58.7509
2021-03-01,18.0700,1.0163,3.2475,0.3129,58.2221
2021-03-02,18.2400,1.0069,3.2474,0.3101,59.0280
2021-03-03,19.3900,0.9474,3.2553,0.2910,64.1400
2021-03-04,19.3100,0.9511,3.2655,0.2913,64.1148
2021-03-05,18.8200,0.9758,3.2457,0.3006,61.9491
2021-03-08,18.2000,1.0093,3.2404,0.3115,58.5495
2021-03-09,17.5700,1.0456,3.2478,0.3219,56.4341
2021-03-10,17.1900,1.0686,3.2353,0.3303,55.1750
2021-03-11,17.9200,1.0249,3.2506,0.3153,57.4666
2021-03-12,18.1000,1.0149,3.2613,0.3112,58.6754
2021-03-15,18.2000,1.0093,3.2740,0.3083,59.5568
2021-03-16,18.2500,1.0065,3.2614,0.3086,59.4309
2021-03-17,17.8600,1.0283,3.2564,0.3158,57.4415
2021-03-18,18.3100,1.0032,3.2592,0.3078,59.7834
2021-03-19,17.2500,1.0650,3.2364,0.3291,55.5276
2021-03-22,18.1600,1.0116,3.2309,0.3131,58.0206
2021-03-23,17.8900,1.0268,3.2105,0.3198,56.7112
2021-03-24,17.3000,1.0619,3.1930,0.3326,54.8980
2021-03-25,17.4800,1.0506,3.1882,0.3295,55.3513
2021-03-26,17.8100,1.0312,3.1985,0.3224,56.3838
2021-03-29,18.1100,1.0144,3.1962,0.3174,57.0133
2021-03-30,18.4800,0.9941,3.2060,0.3101,59.0028
2021-03-31,18.5500,0.9905,3.1887,0.3106,58.8265
2021-04-01,18.3500,1.0009,3.1960,0.3132,57.9451
2021-04-02,18.1200,1.0140,3.2013,0.3167,57.1393
2021-04-06,18.2700,1.0055,3.2087,0.3134,57.8947
2021-04-07,18.2300,1.0074,3.2215,0.3127,58.3732
2021-04-08,18.1700,1.0111,3.2221,0.3138,57.8192
2021-04-09,17.9500,1.0235,3.2121,0.3186,56.8119
2021-04-12,17.4400,1.0531,3.1948,0.3296,55.3009
2021-04-13,17.5100,1.0491,3.1626,0.3317,55.0239
2021-04-14,17.4200,1.0547,3.1651,0.3332,54.7973
2021-04-15,17.1600,1.0707,3.1728,0.3375,54.3188
2021-04-16,17.0700,1.0760,3.1631,0.3402,53.9914
2021-04-19,17.8200,1.0307,3.1559,0.3266,55.8549
2021-04-20,18.2800,1.0051,3.1554,0.3185,56.8371
2021-04-21,19.3900,0.9474,3.1530,0.3005,62.0247
2021-04-22,19.3600,0.9487,3.1614,0.3001,62.1254
2021-04-23,19.6200,0.9360,3.1719,0.2951,63.6364
2021-04-26,19.3300,0.9503,3.2024,0.2967,63.0572
2021-04-27,19.3300,0.9503,3.2078,0.2962,63.2586
2021-04-28,19.6800,0.9336,3.1979,0.2919,64.0645
2021-04-29,19.8800,0.9241,3.1872,0.2899,64.5178
2021-04-30,19.6200,0.9360,3.1640,0.2958,63.4097
2021-05-06,19.8000,0.9277,3.1507,0.2944,63.7875
2021-05-07,20.2700,0.9064,3.1589,0.2869,65.1725
2021-05-10,20.1100,0.9137,3.1460,0.2904,64.3667
2021-05-11,19.8300,0.9265,3.1380,0.2953,63.5608
2021-05-12,19.8400,0.9257,3.1310,0.2957,63.4853
2021-05-13,19.4400,0.9450,3.1366,0.3013,61.7225
2021-05-14,19.8000,0.9348,3.1422,0.2975,62.9061
2021-05-17,20.0400,0.9237,3.1524,0.2930,63.9134
2021-05-18,20.3000,0.9121,3.1457,0.2900,64.4674
2021-05-19,20.0400,0.9237,3.1298,0.2951,63.6112
2021-05-20,20.2300,0.9152,3.1001,0.2952,63.5860
2021-05-21,19.9500,0.9281,3.0876,0.3006,61.9743
2021-05-24,19.9400,0.9284,3.0850,0.3009,61.8232
2021-05-25,20.8900,0.8862,3.0850,0.2873,65.0718
2021-05-26,21.2400,0.8717,3.0600,0.2849,65.4999
2021-05-27,21.0500,0.8794,3.0725,0.2862,65.2229
2021-05-28,20.8100,0.8898,3.0825,0.2887,64.7192
2021-05-31,20.5500,0.9008,3.0450,0.2958,63.3845
2021-06-01,20.3100,0.9114,3.0400,0.2998,62.2010
2021-06-02,20.2900,0.9125,3.0650,0.2977,62.8305
2021-06-03,20.1900,0.9171,3.0550,0.3002,62.1002
2021-06-04,20.8400,0.8883,3.0925,0.2872,65.0970
2021-06-07,20.6400,0.8971,3.1100,0.2885,64.7948
2021-06-08,20.8300,0.8887,3.1100,0.2858,65.2732
2021-06-09,20.9300,0.8844,3.1051,0.2848,65.5251
2021-06-10,20.5500,0.9008,3.1000,0.2906,64.3163
2021-06-11,19.8500,0.9328,3.1276,0.2982,62.6794
2021-06-15,19.7200,0.9388,3.1176,0.3011,61.7729
2021-06-16,19.7500,0.9372,3.1301,0.2994,62.3521
2021-06-17,19.6200,0.9437,3.1401,0.3005,61.9995
2021-06-18,19.2400,0.9625,3.1202,0.3085,59.5064
2021-06-21,18.8200,0.9838,3.0953,0.3178,56.8623
2021-06-22,19.5100,0.9491,3.0877,0.3074,59.9597
2021-06-23,19.6500,0.9421,3.0853,0.3054,60.7656
2021-06-24,19.6000,0.9445,3.0828,0.3064,60.2367
2021-06-25,19.8400,0.9332,3.0827,0.3027,61.3447
2021-06-28,19.3500,0.9570,3.0903,0.3097,59.1539
2021-06-29,18.9700,0.9758,3.0853,0.3163,57.2652
2021-06-30,19.2100,0.9637,3.0778,0.3131,57.9955
2021-07-01,19.7000,0.9397,3.0878,0.3043,61.0174
2021-07-02,18.5200,0.9995,3.0803,0.3245,56.1320
2021-07-05,18.7300,0.9882,3.0754,0.3213,56.5601
2021-07-06,19.3500,0.9570,3.0854,0.3102,58.9776
2021-07-07,19.1500,0.9667,3.0554,0.3164,57.1896
2021-07-08,18.2700,1.0135,2.9830,0.3398,54.0670
2021-07-09,18.0600,1.0249,3.0105,0.3404,53.9411
2021-07-12,17.9700,1.0302,2.9431,0.3500,52.7827
2021-07-13,17.9400,1.0322,2.9256,0.3528,52.3042
2021-07-14,17.6300,1.0501,2.9356,0.3577,51.9013
2021-07-15,18.3600,1.0083,2.9557,0.3411,53.8403
2021-07-16,18.1200,1.0216,2.9432,0.3471,53.2108
2021-07-19,18.0100,1.0278,2.9483,0.3486,52.9338
2021-07-20,17.4900,1.0583,2.9258,0.3617,51.6495
2021-07-21,17.3700,1.0660,2.9184,0.3653,51.4480
2021-07-22,17.3100,1.0697,2.9284,0.3653,51.4228
2021-07-23,17.0700,1.0846,2.9134,0.3723,50.9443
2021-07-26,15.9700,1.1596,2.8711,0.4039,45.1524
2021-07-27,15.0800,1.2275,2.9110,0.4217,41.9290
2021-07-28,15.0700,1.2282,2.9312,0.4190,42.4830
2021-07-29,15.2500,1.2138,2.8840,0.4209,42.0801
2021-07-30,15.0200,1.2323,2.8363,0.4345,39.5366
2021-08-02,15.3000,1.2104,2.8212,0.4290,40.7706
2021-08-03,15.1900,1.2186,2.8337,0.4300,40.4936
2021-08-04,15.1300,1.2240,2.8338,0.4319,40.0151
2021-08-05,15.0100,1.2330,2.7988,0.4405,38.1264
2021-08-06,15.1700,1.2206,2.8139,0.4338,39.7381
2021-08-09,16.1900,1.1438,2.8615,0.3997,46.0589
2021-08-10,16.7600,1.1049,2.8766,0.3841,49.2319
2021-08-11,16.8200,1.1005,2.8841,0.3816,49.8111
2021-08-12,16.8900,1.0960,2.8566,0.3837,49.3578
2021-08-13,16.8900,1.0960,2.8792,0.3807,49.9622
2021-08-16,16.9400,1.0927,2.8943,0.3775,50.3903
2021-08-17,16.7000,1.1083,2.8819,0.3846,49.1312
2021-08-18,17.5100,1.0572,2.8494,0.3710,51.0703
2021-08-19,17.2700,1.0718,2.8395,0.3775,50.4155
2021-08-20,16.4900,1.1226,2.8520,0.3936,47.6202
2021-08-23,16.3900,1.1295,2.8672,0.3939,47.5699
2021-08-24,16.4400,1.1260,2.8522,0.3948,47.4188
2021-08-25,16.2700,1.1378,2.8547,0.3986,46.3359
2021-08-26,15.6800,1.1809,2.8848,0.4094,44.0695
2021-08-27,15.6200,1.1854,2.8698,0.4131,43.4399
2021-08-30,15.0500,1.2302,2.8505,0.4316,40.0907
2021-08-31,15.1200,1.2247,2.8450,0.4305,40.3928
2021-09-01,15.1800,1.2192,2.8226,0.4319,39.9899
2021-09-02,15.6300,1.1848,2.8301,0.4186,42.5837
2021-09-03,15.3200,1.2084,2.8327,0.4266,41.1483
2021-09-06,15.6700,1.1816,2.8354,0.4167,43.0370
2021-09-07,16.3400,1.1331,2.8604,0.3961,46.9403
2021-09-08,16.3300,1.1336,2.8705,0.3949,47.3684
2021-09-09,16.1400,1.1474,2.8730,0.3994,46.1093
2021-09-10,17.4700,1.0598,2.8656,0.3698,51.1710
2021-09-13,17.1600,1.0787,2.8908,0.3731,50.8436
2021-09-14,16.4500,1.1255,2.8858,0.3900,48.2498
2021-09-15,16.5800,1.1168,2.9009,0.3850,49.1060
2021-09-16,16.2000,1.1426,2.8885,0.3956,47.0662
2021-09-17,15.7400,1.1765,2.8785,0.4087,44.1954
2021-09-22,15.2700,1.2125,2.8639,0.4234,41.6772
2021-09-23,15.0100,1.2330,2.8565,0.4316,40.0655
2021-09-24,14.7300,1.2565,2.8719,0.4375,38.9071
2021-09-27,14.9200,1.2408,2.8825,0.4305,40.4180
2021-09-28,15.2600,1.2131,2.8769,0.4217,41.9542
2021-09-29,15.4100,1.2011,2.8646,0.4193,42.4578
2021-09-30,15.2300,1.2158,2.8776,0.4225,41.7527
2021-10-08,15.8300,1.1695,2.9131,0.4015,45.6812
2021-10-11,16.4800,1.1237,2.9580,0.3799,50.0881
2021-10-12,16.4300,1.1266,2.9657,0.3799,50.1133
2021-10-13,16.6300,1.1134,2.9578,0.3764,50.5414
2021-10-14,16.3100,1.1348,2.9581,0.3836,49.4082
2021-10-15,16.7000,1.1089,2.9683,0.3736,50.7933
2021-10-18,16.3800,1.1301,3.0426,0.3714,51.0199
2021-10-19,16.6200,1.1139,3.0102,0.3700,51.1206
2021-10-20,16.3400,1.1331,2.9978,0.3780,50.3400
2021-10-21,16.9900,1.0900,2.9702,0.3670,51.3473
2021-10-22,17.0200,1.0878,2.9953,0.3632,51.5739
2021-10-25,17.0900,1.0835,2.9879,0.3626,51.6243
2021-10-26,17.0300,1.0873,2.9780,0.3651,51.4732
2021-10-27,16.9200,1.0944,2.9781,0.3675,51.3221
2021-10-28,16.7500,1.1055,2.9682,0.3724,50.8940
2021-10-29,16.5600,1.1179,2.9732,0.3760,50.5666
2021-11-01,16.4700,1.1243,2.9435,0.3820,49.7356
2021-11-02,15.4400,1.1991,2.9259,0.4098,44.0191
2021-11-03,15.3100,1.2091,2.9385,0.4115,43.7421
2021-11-04,15.1800,1.2199,2.9261,0.4169,42.9867
2021-11-05,14.9800,1.2358,2.8911,0.4274,40.9972
2021-11-08,14.7900,1.2514,2.9013,0.4313,40.1662
2021-11-09,14.8900,1.2436,2.8988,0.4290,40.7958
2021-11-10,14.7800,1.2529,2.9139,0.4300,40.5439
2021-11-11,15.5800,1.1880,2.9365,0.4046,44.9509
2021-11-12,15.5200,1.1932,2.9391,0.4060,44.6487
2021-11-15,15.6500,1.1829,2.9269,0.4041,45.0516
2021-11-16,15.4700,1.1965,2.9244,0.4091,44.1199
2021-11-17,15.3800,1.2038,2.9295,0.4109,43.7925
2021-11-18,15.1200,1.2247,2.9146,0.4202,42.2060
2021-11-19,15.4100,1.2011,2.9302,0.4099,43.9436
2021-11-22,15.3900,1.2031,2.8876,0.4166,43.0622
2021-11-23,15.1800,1.2192,2.8875,0.4222,41.8031
2021-11-24,15.1800,1.2199,2.8600,0.4265,41.1735
2021-11-25,15.0100,1.2330,2.8550,0.4319,40.0403
2021-11-26,14.9300,1.2400,2.8200,0.4397,38.3531
2021-11-29,14.8700,1.2450,2.8250,0.4407,38.1012
2021-11-30,14.8100,1.2500,2.8250,0.4425,37.8494
2021-12-01,14.9800,1.2358,2.8401,0.4351,39.3855
2021-12-02,14.9400,1.2393,2.8601,0.4333,39.8388
2021-12-03,14.9900,1.2351,2.8701,0.4303,40.4684
2021-12-06,15.3700,1.2044,2.8176,0.4275,40.9720
2021-12-07,15.6800,1.1809,2.8451,0.4151,43.2637
2021-12-08,15.6900,1.1803,2.8551,0.4134,43.3896
2021-12-09,15.8800,1.1658,2.8526,0.4087,44.2206
2021-12-10,15.6100,1.1861,2.8426,0.4173,42.9615
2021-12-13,15.5200,1.1932,2.8552,0.4179,42.7852
2021-12-14,14.9300,1.2400,2.8477,0.4354,39.3100
2021-12-15,14.9000,1.2422,2.8502,0.4358,39.2093
2021-12-16,15.0500,1.2302,2.8577,0.4305,40.3677
2021-12-17,14.9200,1.2408,2.8512,0.4352,39.3604
2021-12-20,14.8800,1.2443,2.8533,0.4361,39.1589
2021-12-21,14.9400,1.2393,2.8508,0.4347,39.4611
2021-12-22,14.7700,1.2536,2.8303,0.4429,37.7235
2021-12-23,14.7100,1.2587,2.8143,0.4473,37.1443
2021-12-24,14.7000,1.2594,2.8203,0.4465,37.2450
2021-12-27,14.6200,1.2660,2.8128,0.4501,36.5651
2021-12-28,14.5800,1.2697,2.8004,0.4534,35.7844
2021-12-29,14.2300,1.3015,2.7854,0.4673,32.7625
2021-12-30,14.2800,1.2961,2.7654,0.4687,32.4100
2021-12-31,14.0000,1.3228,2.7754,0.4766,31.1508
2022-01-04,14.1500,1.0804,2.7855,0.3879,48.6779
2022-01-05,14.5600,1.0496,2.8045,0.3743,50.7429
2022-01-06,14.5400,1.0514,2.8205,0.3728,50.8688
2022-01-07,14.6100,1.0465,2.8181,0.3713,51.0451
2022-01-10,14.6000,1.0471,2.8056,0.3732,50.8184
2022-01-11,14.7900,1.0339,2.7957,0.3698,51.1962
2022-01-12,14.4400,1.0588,2.7957,0.3787,50.2896
2022-01-13,14.4200,1.0601,2.7858,0.3805,49.9874
2022-01-14,13.8700,1.1023,2.7935,0.3946,47.4943
2022-01-17,13.7700,1.1097,2.7860,0.3983,46.4115
2022-01-18,14.0300,1.0896,2.7415,0.3974,46.6129
2022-01-19,14.0100,1.0909,2.7314,0.3994,46.0841
2022-01-20,14.7200,1.0387,2.7271,0.3809,49.9119
2022-01-21,14.7300,1.0375,2.7100,0.3828,49.5089
2022-01-24,14.6100,1.0465,2.6751,0.3912,48.0232
2022-01-25,14.3100,1.0682,2.6979,0.3959,46.9907
2022-01-26,14.1400,1.0811,2.7146,0.3983,46.4367
2022-01-27,13.8400,1.1043,2.7348,0.4038,45.2027
2022-01-28,13.4400,1.1371,2.7021,0.4208,42.1304
2022-02-07,13.9200,1.0982,2.7256,0.4029,45.4545
2022-02-08,14.2900,1.0695,2.7227,0.3928,47.8217
2022-02-09,14.3200,1.0676,2.7328,0.3907,48.0987
2022-02-10,14.4300,1.0594,2.7328,0.3877,48.7031
2022-02-11,14.5200,1.0526,2.7891,0.3774,50.4407
2022-02-14,14.0800,1.0856,2.8018,0.3875,48.7786
2022-02-15,13.8300,1.1057,2.7968,0.3953,47.2173
2022-02-16,13.9400,1.0969,2.7892,0.3933,47.7462
2022-02-17,13.9400,1.0962,2.7799,0.3943,47.5447
2022-02-18,14.2400,1.0733,2.7975,0.3837,49.3830
2022-02-21,14.0200,1.0902,2.8300,0.3852,49.0305
2022-02-22,13.7800,1.1091,2.8200,0.3933,47.7210
2022-02-23,13.7500,1.1118,2.7900,0.3985,46.3863
2022-02-24,13.5100,1.1314,2.7875,0.4059,44.6739
2022-02-25,13.5000,1.1321,2.7750,0.4080,44.3969
2022-02-28,13.3800,1.1429,2.7750,0.4119,43.6666
2022-03-01,13.5200,1.1307,2.8025,0.4035,45.3286
2022-03-02,13.3200,1.1480,2.8175,0.4075,44.5228
2022-03-03,13.3400,1.1458,2.8300,0.4049,44.8250
2022-03-04,13.0200,1.1742,2.8125,0.4175,42.8607
2022-03-07,12.5000,1.2228,2.8126,0.4348,39.4359
2022-03-08,12.1500,1.2579,2.8276,0.4449,37.5220
2022-03-09,11.7500,1.3006,2.8426,0.4575,34.9030
2022-03-10,12.3700,1.2354,2.8502,0.4334,39.7885
2022-03-11,12.6500,1.2081,2.7902,0.4330,39.9144
2022-03-14,12.3100,1.2422,2.7677,0.4488,36.8421
2022-03-15,11.6200,1.3158,2.8177,0.4670,32.8633
2022-03-16,12.1500,1.2579,2.7952,0.4500,36.5903
2022-03-17,12.2700,1.2457,2.7876,0.4469,37.1947
2022-03-18,12.4800,1.2245,2.7927,0.4385,38.7308
2022-03-21,12.3900,1.2337,2.8127,0.4386,38.6553
2022-03-22,12.8900,1.1858,2.8302,0.4190,42.5082
2022-03-23,12.7400,1.2000,2.8302,0.4240,41.5764
2022-03-24,12.9100,1.1842,2.8052,0.4221,41.8283
2022-03-25,12.7200,1.2016,2.7972,0.4296,40.6447
2022-03-28,12.6100,1.2121,2.7903,0.4344,39.5618
2022-03-29,12.4700,1.2262,2.7853,0.4402,38.2020
2022-03-30,12.9200,1.1834,2.7703,0.4272,41.0224
2022-03-31,13.0600,1.1704,2.7878,0.4198,42.3571
2022-04-01,13.3800,1.1429,2.7743,0.4120,43.6414
2022-04-06,13.9200,1.0982,2.7604,0.3978,46.5122
2022-04-07,13.8300,1.1057,2.7394,0.4036,45.2531
2022-04-08,13.9300,1.0976,2.7529,0.3987,46.2604
2022-04-11,13.6300,1.1215,2.7680,0.4052,44.7998
2022-04-12,13.5200,1.1307,2.7705,0.4081,44.3213
2022-04-13,13.4200,1.1392,2.7631,0.4123,43.5659
2022-04-14,13.6200,1.1222,2.7656,0.4058,44.7243
2022-04-15,13.9400,1.0962,2.7578,0.3975,46.5878
2022-04-18,13.5000,1.1321,2.8107,0.4028,45.5301
2022-04-19,13.4300,1.1385,2.8208,0.4036,45.2783
2022-04-20,13.4600,1.1356,2.8330,0.4008,45.9078
2022-04-21,13.4300,1.1385,2.8259,0.4029,45.5049
2022-04-22,13.6400,1.1208,2.8409,0.3945,47.5195
2022-04-25,12.6100,1.2121,2.8160,0.4304,40.4432
2022-04-26,12.5100,1.2220,2.8260,0.4324,39.9647
2022-04-27,13.2900,1.1502,2.8411,0.4048,44.8753
2022-04-28,13.2900,1.1502,2.8486,0.4038,45.2279
2022-04-29,13.0100,1.1749,2.8386,0.4139,43.2888
2022-05-05,13.0100,1.1749,2.8282,0.4154,43.1629
2022-05-06,12.7000,1.2032,2.8273,0.4256,41.5009
2022-05-09,12.3600,1.2371,2.8154,0.4394,38.4286
2022-05-10,12.3900,1.2337,2.8089,0.4392,38.4538
2022-05-11,12.4200,1.2303,2.8240,0.4357,39.2596
2022-05-12,12.2100,1.2517,2.8055,0.4462,37.3206
2022-05-13,12.4100,1.2320,2.8140,0.4378,38.8063
2022-05-16,12.2400,1.2491,2.8216,0.4427,37.7487
2022-05-17,12.4900,1.2237,2.8178,0.4343,39.6374
2022-05-18,12.5300,1.2203,2.7801,0.4389,38.5545
2022-05-19,12.4200,1.2312,2.7774,0.4433,37.6731
2022-05-20,12.7600,1.1984,2.7900,0.4295,40.6699
2022-05-23,12.5900,1.2138,2.7675,0.4386,38.6804
2022-05-24,12.2300,1.2500,2.7650,0.4521,36.0363
2022-05-25,12.2200,1.2509,2.7575,0.4536,35.7341
2022-05-26,12.0500,1.2685,2.7100,0.4681,32.5611
2022-05-27,12.0400,1.2694,2.6974,0.4706,32.0826
2022-05-30,11.9600,1.2784,2.7225,0.4696,32.2589
2022-05-31,12.0300,1.2712,2.7426,0.4635,33.5432
2022-06-01,11.9600,1.2784,2.7551,0.4640,33.4676
2022-06-02,11.8500,1.2903,2.7601,0.4675,32.7373
2022-06-06,12.0300,1.2703,2.7776,0.4573,34.9786
2022-06-07,12.0300,1.2712,2.7576,0.4610,34.0720
2022-06-08,12.0300,1.2712,2.7661,0.4596,34.4246
2022-06-09,12.1900,1.2544,2.7576,0.4549,35.5074
2022-06-10,12.1600,1.2570,2.7526,0.4567,35.0541
2022-06-13,11.8100,1.2940,2.7652,0.4680,32.6366
2022-06-14,11.9900,1.2748,2.7702,0.4602,34.2987
2022-06-15,12.5200,1.2212,2.7827,0.4389,38.5797
2022-06-16,12.2600,1.2465,2.7728,0.4495,36.6910
2022-06-17,12.2700,1.2457,2.7752,0.4489,36.7917
2022-06-20,12.1800,1.2552,2.7853,0.4507,36.3888
2022-06-21,12.2000,1.2526,2.7853,0.4497,36.6155
2022-06-22,11.9600,1.2784,2.7773,0.4603,34.2735
2022-06-23,12.0600,1.2676,2.7803,0.4559,35.3060
2022-06-24,12.0800,1.2649,2.7978,0.4521,36.0111
2022-06-27,12.3100,1.2422,2.8329,0.4385,38.7056
2022-06-28,12.4200,1.2303,2.8414,0.4330,39.8892
2022-06-29,12.4300,1.2295,2.8294,0.4345,39.5115
2022-06-30,12.7200,1.2016,2.8205,0.4260,41.4253
2022-07-01,12.6700,1.2064,2.8255,0.4270,41.0980
2022-07-04,12.6900,1.2048,2.8445,0.4236,41.6268
2022-07-05,12.6600,1.2072,2.8333,0.4261,41.4002
2022-07-06,12.3400,1.2388,2.8356,0.4369,39.0078
2022-07-07,12.2500,1.2483,2.8356,0.4402,38.2271
2022-07-08,12.3500,1.2380,2.8384,0.4362,39.1085
2022-07-11,12.2800,1.2448,2.8266,0.4404,38.1768
2022-07-12,12.2500,1.2483,2.8117,0.4440,37.5976
2022-07-13,11.8600,1.2885,2.8067,0.4591,34.5757
2022-07-14,11.3500,1.3463,2.7907,0.4824,30.3702
2022-07-15,11.2400,1.3595,2.7857,0.4880,29.7406
2022-07-18,11.3700,1.3443,2.7837,0.4829,30.2946
2022-07-19,11.4000,1.3413,2.7859,0.4815,30.5465
2022-07-20,11.3700,1.3443,2.7710,0.4851,30.0176
2022-07-21,11.0500,1.3836,2.7635,0.5007,28.2800
2022-07-22,11.0700,1.4052,2.7870,0.5042,27.8519
2022-07-25,11.0800,1.4041,2.7790,0.5053,27.7512
2022-07-26,11.1600,1.3943,2.7700,0.5034,27.9778
2022-07-27,11.0600,1.4073,2.7701,0.5080,27.5246
2022-07-28,11.1400,1.3975,2.7850,0.5018,28.1289
2022-07-29,10.9600,1.4196,2.7560,0.5151,26.6432
2022-08-01,10.7400,1.4493,2.7292,0.5310,25.0315
2022-08-02,10.6000,1.4682,2.7314,0.5375,24.4523
2022-08-03,10.4000,1.4963,2.7218,0.5497,23.1680
2022-08-04,10.5100,1.4803,2.7192,0.5444,23.7975
2022-08-05,10.6400,1.4622,2.7339,0.5348,24.6537
2022-08-08,10.5500,1.4754,2.7409,0.5383,24.4019
2022-08-09,10.4800,1.4851,2.7400,0.5420,24.0494
2022-08-10,10.4300,1.4925,2.7366,0.5454,23.7723
2022-08-11,10.6800,1.4575,2.7317,0.5336,24.7545
2022-08-12,10.7000,1.4540,2.7347,0.5317,24.9307
2022-08-15,10.4700,1.4864,2.6582,0.5592,21.8585
2022-08-16,10.4900,1.4839,2.6346,0.5632,21.6066
2022-08-17,10.7200,1.4516,2.6124,0.5557,22.2866
2022-08-18,10.5900,1.4694,2.5800,0.5695,21.0274
2022-08-19,10.8700,1.4320,2.5875,0.5534,22.6643
2022-08-22,10.8100,1.4400,2.5925,0.5554,22.3118
2022-08-23,10.6700,1.4587,2.6075,0.5594,21.8333
2022-08-24,10.7200,1.4516,2.6100,0.5562,22.2362
2022-08-25,10.9100,1.4263,2.6390,0.5405,24.1249
2022-08-26,10.9000,1.4274,2.6430,0.5401,24.2256
2022-08-29,10.7400,1.4493,2.6225,0.5526,22.7399
2022-08-30,10.7900,1.4423,2.6130,0.5520,22.8658
2022-08-31,11.0200,1.4118,2.6225,0.5383,24.3767
2022-09-01,10.9000,1.4274,2.6125,0.5464,23.6968
2022-09-02,10.8200,1.4388,2.6226,0.5486,23.2687
2022-09-05,10.8700,1.4320,2.6180,0.5470,23.5961
2022-09-06,10.8100,1.4400,2.6140,0.5509,22.9665
2022-09-07,10.6600,1.4599,2.6215,0.5569,22.1355
2022-09-08,10.6900,1.4563,2.6256,0.5547,22.4377
2022-09-09,11.0000,1.4151,2.6350,0.5370,24.4775
2022-09-13,11.2000,1.3900,2.6427,0.5260,25.3085
2022-09-14,11.0100,1.4140,2.6625,0.5311,24.9811
2022-09-15,11.2400,1.3846,2.6625,0.5200,26.1143
2022-09-16,10.8600,1.4331,2.6730,0.5361,24.5278
2022-09-19,10.8700,1.4320,2.6750,0.5353,24.6286
2022-09-20,10.6700,1.4587,2.6640,0.5476,23.5205
2022-09-21,10.7500,1.4481,2.6451,0.5475,23.5457
2022-09-22,10.6300,1.4646,2.6501,0.5527,22.7147
2022-09-23,10.6300,1.4646,2.6802,0.5465,23.6716
2022-09-26,10.3700,1.5000,2.7154,0.5524,22.7650
2022-09-27,10.5000,1.4815,2.7051,0.5477,23.4450
2022-09-28,10.4700,1.4864,2.7401,0.5425,23.9990
2022-09-29,10.2500,1.5177,2.7501,0.5519,22.8910
2022-09-30,10.2400,1.5203,2.7601,0.5508,22.9917
2022-10-10,9.9200,1.5693,2.7402,0.5727,20.5742
2022-10-11,9.9200,1.5679,2.7426,0.5717,20.6497
2022-10-12,10.0300,1.5517,2.7352,0.5673,21.2289
2022-10-13,9.8000,1.5873,2.7252,0.5825,19.7180
2022-10-14,9.9700,1.5611,2.6977,0.5787,20.0201
2022-10-17,9.9200,1.5679,2.7002,0.5807,19.8061
2022-10-18,9.9200,1.5679,2.7002,0.5807,19.8061
2022-10-19,9.7600,1.5943,2.7052,0.5893,19.1891
2022-10-20,9.6800,1.6071,2.7175,0.5914,19.0632
2022-10-21,9.5900,1.6231,2.7278,0.5950,18.8114
2022-10-24,9.1800,1.6949,2.7153,0.6242,16.8975
2022-10-25,9.2100,1.6901,2.7278,0.6196,17.2752
2022-10-26,9.2200,1.6886,2.7025,0.6248,16.8723
2022-10-27,9.2300,1.6854,2.6953,0.6253,16.8220
2022-10-28,9.0100,1.7274,2.6653,0.6481,15.4117
2022-10-31,8.9400,1.7408,2.6433,0.6586,14.9584
2022-11-01,9.2200,1.6870,2.6629,0.6335,16.2679
2022-11-02,9.1900,1.6933,2.6854,0.6306,16.5198
2022-11-03,9.0300,1.7241,2.6776,0.6439,15.6132
2022-11-04,9.3500,1.6636,2.7023,0.6156,17.6530
2022-11-07,9.4100,1.6544,2.7003,0.6127,17.7789
2022-11-08,9.3800,1.6590,2.6853,0.6178,17.4767
2022-11-09,9.4100,1.6529,2.6953,0.6133,17.7033
2022-11-10,9.4000,1.6559,2.7028,0.6127,17.8041
2022-11-11,9.8800,1.5748,2.7354,0.5757,20.3223
2022-11-14,10.3300,1.5063,2.8354,0.5312,24.9559
2022-11-15,10.3800,1.4988,2.8155,0.5323,24.8804
2022-11-16,10.2200,1.5228,2.8329,0.5375,24.4271
2022-11-17,10.1100,1.5398,2.8026,0.5494,23.2183
2022-11-18,10.0200,1.5531,2.8250,0.5498,23.1428
2022-11-21,9.9100,1.5707,2.8180,0.5574,22.0851
2022-11-22,10.2200,1.5228,2.8276,0.5385,24.3515
2022-11-23,10.2200,1.5228,2.7975,0.5443,23.8227
2022-11-24,10.1800,1.5293,2.7950,0.5472,23.5709
2022-11-25,10.5200,1.4790,2.8300,0.5226,25.7870
2022-11-28,10.2100,1.5241,2.8600,0.5329,24.8552
2022-11-29,11.2300,1.3857,2.8800,0.4811,30.6220
2022-11-30,11.2600,1.3814,2.8850,0.4788,30.8738
2022-12-01,11.3300,1.3740,2.8600,0.4804,30.7479
2022-12-02,11.1500,1.3953,2.8676,0.4866,29.9169
2022-12-05,11.7000,1.3304,2.8902,0.4603,34.2483
2022-12-06,11.6100,1.3403,2.9152,0.4598,34.3490
2022-12-07,11.3700,1.3688,2.8702,0.4769,31.0753
2022-12-08,11.5500,1.3473,2.8853,0.4670,32.8884
2022-12-09,11.8400,1.3139,2.8903,0.4546,35.5830
2022-12-12,11.3300,1.3730,2.8902,0.4751,31.3523
2022-12-13,11.4500,1.3595,2.8952,0.4696,32.2337
2022-12-14,11.4400,1.3605,2.8655,0.4748,31.4782
2022-12-15,11.3300,1.3740,2.8829,0.4766,31.1760
2022-12-16,11.5300,1.3493,2.8856,0.4676,32.6870
2022-12-19,11.2700,1.3804,2.8632,0.4821,30.4457
2022-12-20,11.0300,1.4107,2.8732,0.4910,29.4132
2022-12-21,11.1400,1.3964,2.8606,0.4881,29.7154
2022-12-22,11.2000,1.3900,2.8503,0.4877,29.7910
2022-12-23,11.2200,1.3867,2.8251,0.4908,29.4384
2022-12-26,11.0400,1.4096,2.8378,0.4967,28.7333
2022-12-27,11.3300,1.3730,2.8657,0.4791,30.8487
2022-12-28,11.3600,1.3699,2.8503,0.4806,30.6976
2022-12-29,11.2600,1.3814,2.8376,0.4868,29.8665
2022-12-30,11.3800,1.3678,2.8353,0.4824,30.3954
2023-01-03,11.9000,1.6558,2.8228,0.5866,19.4158
2023-01-04,12.3800,1.5922,2.8103,0.5666,21.3045
2023-01-05,12.5200,1.5746,2.8304,0.5563,22.2110
2023-01-06,12.6400,1.5595,2.8328,0.5505,23.0169
2023-01-09,12.8000,1.5405,2.8428,0.5419,24.0745
2023-01-10,12.4800,1.5789,2.8602,0.5520,22.8406
2023-01-11,12.6800,1.5542,2.8603,0.5434,23.8983
2023-01-12,12.6800,1.5542,2.8778,0.5401,24.2508
2023-01-13,12.9200,1.5251,2.9010,0.5257,25.3337
2023-01-16,13.0400,1.5119,2.9167,0.5184,26.2654
2023-01-17,12.9400,1.5230,2.9017,0.5249,25.4848
2023-01-18,13.0600,1.5089,2.9222,0.5164,26.5173
2023-01-19,13.0500,1.5109,2.9145,0.5184,26.2402
2023-01-20,13.0800,1.5069,2.9331,0.5138,26.8194
2023-01-30,13.1000,1.5050,2.9133,0.5166,26.4921
2023-01-31,12.9600,1.5210,2.8977,0.5249,25.4596
2023-02-01,12.7100,1.5510,2.9101,0.5330,24.8300
2023-02-02,12.6200,1.5616,2.8970,0.5390,24.3264
2023-02-03,12.3800,1.5922,2.8943,0.5501,23.0421
2023-02-06,12.1000,1.6286,2.9017,0.5613,21.7577
2023-02-07,12.2900,1.6045,2.8964,0.5540,22.5384
2023-02-08,12.1400,1.6239,2.8973,0.5605,21.8081
2023-02-09,12.2200,1.6136,2.8912,0.5581,21.9592
2023-02-10,12.0900,1.6309,2.9003,0.5623,21.6570
2023-02-13,11.9500,1.6498,2.8943,0.5700,20.9771
2023-02-14,12.0700,1.6332,2.8914,0.5648,21.4052
2023-02-15,11.8200,1.6679,2.8918,0.5768,20.1712
2023-02-16,11.7600,1.6765,2.8907,0.5800,19.9194
2023-02-17,11.6100,1.6977,2.8920,0.5870,19.3906
2023-02-20,12.2300,1.6113,2.9170,0.5524,22.7902
2023-02-21,12.1900,1.6170,2.9190,0.5540,22.5636
2023-02-22,12.1200,1.6262,2.9175,0.5574,22.0599
2023-02-23,12.1500,1.6228,2.9220,0.5554,22.3621
2023-02-24,11.9800,1.6450,2.9126,0.5648,21.4304
2023-02-27,11.8400,1.6654,2.9117,0.5720,20.6245
2023-02-28,11.9100,1.6546,2.9017,0.5702,20.9267
2023-03-01,12.2500,1.6090,2.8977,0.5553,22.3873
2023-03-02,12.3100,1.6011,2.9111,0.5500,23.0672
2023-03-03,12.3500,1.5955,2.9026,0.5497,23.1932
2023-03-06,11.9700,1.6462,2.8826,0.5711,20.7253
2023-03-07,11.8400,1.6654,2.8726,0.5798,19.9698
2023-03-08,11.7000,1.6851,2.8828,0.5845,19.5669
2023-03-09,11.4100,1.7273,2.8752,0.6008,18.5847
2023-03-10,11.3600,1.7352,2.8627,0.6061,18.1818
2023-03-13,11.2800,1.7471,2.8703,0.6087,17.9300
2023-03-14,11.1300,1.7716,2.8652,0.6183,17.4263
2023-03-15,11.2800,1.7471,2.8652,0.6098,17.8544
2023-03-16,11.0800,1.7785,2.8552,0.6229,17.0486
2023-03-17,11.0200,1.7882,2.8602,0.6252,16.8471
2023-03-20,10.8700,1.8138,2.8504,0.6363,16.0161
2023-03-21,10.9800,1.7953,2.8604,0.6276,16.6960
2023-03-22,11.0600,1.7826,2.8577,0.6238,16.9227
2023-03-23,11.1500,1.7674,2.8652,0.6169,17.6026
2023-03-24,11.0800,1.7785,2.8676,0.6202,17.2249
2023-03-27,10.8900,1.8095,2.8551,0.6338,16.1924
2023-03-28,10.9300,1.8038,2.8556,0.6317,16.3687
2023-03-29,10.8300,1.8196,2.8532,0.6377,15.9658
2023-03-30,10.9600,1.7981,2.8603,0.6286,16.6457
2023-03-31,10.8300,1.8196,2.8528,0.6378,15.9406
2023-04-03,10.9500,1.7995,2.8604,0.6291,16.6205
2023-04-04,10.9400,1.8024,2.8584,0.6306,16.4946
2023-04-06,10.8800,1.8124,2.8605,0.6336,16.2428
2023-04-07,10.9100,1.8067,2.8464,0.6347,16.1672
2023-04-10,10.9600,1.7981,2.8455,0.6319,16.3435
2023-04-11,10.8400,1.8182,2.8203,0.6447,15.5880
2023-04-12,10.7900,1.8269,2.8158,0.6488,15.3614
2023-04-13,10.8600,1.8153,2.8277,0.6420,15.6887
2023-04-14,10.9700,1.7967,2.8281,0.6353,16.0917
2023-04-17,11.1800,1.7633,2.8432,0.6202,17.2501
2023-04-18,11.2400,1.7538,2.8319,0.6193,17.3508
2023-04-19,11.1100,1.7743,2.8333,0.6262,16.7212
2023-04-20,11.0200,1.7882,2.8332,0.6312,16.4694
2023-04-21,10.8100,1.8240,2.8258,0.6455,15.5376
2023-04-24,10.4600,1.8843,2.8176,0.6688,14.5052
2023-04-25,10.6200,1.8567,2.8157,0.6594,14.8829
2023-04-26,10.4800,1.8812,2.8058,0.6705,14.4296
2023-04-27,10.6000,1.8597,2.7852,0.6677,14.6059
2023-04-28,10.8500,1.8167,2.7788,0.6538,15.1347
2023-05-04,11.0100,1.7910,2.7613,0.6486,15.3866
2023-05-05,11.1600,1.7661,2.7338,0.6460,15.4873
2023-05-08,11.5200,1.7117,2.7484,0.6228,17.0738
2023-05-09,11.3800,1.7325,2.7383,0.6327,16.3183
2023-05-10,11.1000,1.7757,2.7210,0.6526,15.2103
2023-05-11,11.1100,1.7743,2.7010,0.6569,15.0340
2023-05-12,10.9100,1.8067,2.7058,0.6677,14.5807
2023-05-15,11.0900,1.7771,2.7190,0.6536,15.1599
2023-05-16,10.9100,1.8067,2.7129,0.6660,14.6563
2023-05-17,10.8000,1.8255,2.7210,0.6709,14.3792
2023-05-18,10.8000,1.8255,2.7184,0.6715,14.3541
2023-05-19,10.6700,1.8476,2.7151,0.6805,14.1778
2023-05-22,10.7000,1.8417,2.7132,0.6788,14.2533
2023-05-23,10.5600,1.8673,2.6962,0.6926,13.8504
2023-05-24,10.3800,1.8984,2.7037,0.7021,13.3719
2023-05-25,10.3100,1.9111,2.7065,0.7061,13.1705
2023-05-26,10.4600,1.8843,2.7205,0.6926,13.8252
2023-05-29,10.3600,1.9032,2.6950,0.7062,13.1453
2023-05-30,10.2600,1.9208,2.7000,0.7114,12.8935
2023-05-31,10.0300,1.9655,2.6850,0.7320,12.4654
2023-06-01,10.0200,1.9672,2.6825,0.7333,12.4150
2023-06-02,10.3100,1.9111,2.6951,0.7091,13.0194
2023-06-05,10.3000,1.9144,2.6926,0.7110,12.9187
2023-06-06,10.2400,1.9257,2.6826,0.7178,12.7927
2023-06-07,10.3200,1.9095,2.6827,0.7118,12.8683
2023-06-08,10.4800,1.8812,2.6822,0.7014,13.3971
2023-06-09,10.2700,1.9192,2.6703,0.7187,12.7676
2023-06-12,10.1900,1.9338,2.6704,0.7242,12.6417
2023-06-13,10.1800,1.9371,2.6227,0.7386,12.2891
2023-06-14,10.1600,1.9878,2.6178,0.7593,11.6847
2023-06-15,10.2800,1.9638,2.6482,0.7416,12.2135
2023-06-16,10.3000,1.9604,2.6626,0.7363,12.3143
2023-06-19,10.1400,1.9913,2.6876,0.7409,12.2387
2023-06-20,10.0600,2.0070,2.6751,0.7503,12.1380
2023-06-21,10.0500,2.0088,2.6701,0.7523,12.0876
2023-06-26,9.9000,2.0394,2.6677,0.7645,11.4833
2023-06-27,9.9900,2.0213,2.6676,0.7577,11.7603
2023-06-28,10.0100,2.0177,2.6651,0.7571,11.8106
2023-06-29,9.9000,2.0394,2.6526,0.7688,11.0803
2023-06-30,9.9500,2.0303,2.6351,0.7705,10.9041
2023-07-03,10.1800,1.9843,2.6402,0.7516,12.1128
2023-07-04,10.1000,2.0000,2.6477,0.7554,11.8610
2023-07-05,10.0400,2.0106,2.6402,0.7615,11.5840
2023-07-06,9.9500,2.0285,2.6392,0.7686,11.1055
2023-07-07,9.9200,2.0357,2.6403,0.7710,10.8159
2023-07-10,9.9200,2.0357,2.6403,0.7710,10.8159
2023-07-11,9.9300,2.0339,2.6353,0.7718,10.7530
2023-07-12,9.9500,2.0285,2.6378,0.7690,11.0551
2023-07-13,10.1200,1.9948,2.6413,0.7552,11.8862
2023-07-14,10.1500,1.9895,2.6444,0.7523,12.0625
2023-07-17,10.0200,2.0159,2.6364,0.7646,11.4329
2023-07-18,9.9600,2.0267,2.6234,0.7725,10.7278
2023-07-19,10.0200,2.0159,2.6233,0.7685,11.1559
2023-07-20,10.0300,2.0141,2.6214,0.7683,11.1811
2023-07-21,10.0400,2.0106,2.6079,0.7710,10.8537
2023-07-24,9.9700,2.0249,2.5934,0.7808,10.5263
2023-07-25,10.3800,1.9454,2.6630,0.7305,12.4906
2023-07-26,10.3400,1.9537,2.6430,0.7392,12.2639
2023-07-27,10.4100,1.9404,2.6395,0.7351,12.3395
2023-07-28,10.8600,1.8597,2.6533,0.7009,13.4223
2023-07-31,10.9100,1.8506,2.6597,0.6958,13.7245
2023-08-01,10.7700,1.8750,2.6607,0.7047,13.2460
2023-08-02,10.6500,1.8953,2.6525,0.7145,12.8179
2023-08-03,10.9200,1.8491,2.6435,0.6995,13.4979
2023-08-04,10.8900,1.8537,2.6469,0.7003,13.4727
2023-08-07,10.7700,1.8750,2.6462,0.7086,13.0446
2023-08-08,10.7200,1.8843,2.6454,0.7123,12.8431
2023-08-09,10.7800,1.8735,2.6461,0.7080,13.1201
2023-08-10,10.7700,1.8750,2.6475,0.7082,13.0698
2023-08-11,10.5300,1.9176,2.6381,0.7269,12.5661
2023-08-14,10.3400,1.9537,2.6212,0.7453,12.1884
2023-08-15,10.3900,1.9437,2.5759,0.7546,11.9617
2023-08-16,10.3900,1.9437,2.5649,0.7578,11.7351
2023-08-17,10.2500,1.9706,2.5678,0.7674,11.2062
2023-08-18,10.2400,1.9723,2.5639,0.7693,11.0300
2023-08-21,10.0300,2.0141,2.5403,0.7929,10.3500
2023-08-22,10.0700,2.0053,2.5564,0.7844,10.4760
2023-08-23,9.9600,2.0267,2.5535,0.7937,10.3249
2023-08-24,9.8600,2.0485,2.5543,0.8020,10.1989
2023-08-25,9.9500,2.0303,2.5702,0.7899,10.4256
2023-08-28,10.2000,1.9792,2.5837,0.7660,11.3322
2023-08-29,10.0200,2.0159,2.5700,0.7844,10.5011
2023-08-30,9.8600,2.0485,2.5600,0.8002,10.2493
2023-08-31,9.8600,2.0485,2.5575,0.8010,10.2241
2023-09-01,10.0300,2.0141,2.5850,0.7791,10.5515
2023-09-04,10.2400,1.9723,2.6124,0.7550,11.9365
2023-09-05,10.0900,2.0018,2.6150,0.7655,11.3825
2023-09-06,10.1200,1.9948,2.6375,0.7563,11.8358
2023-09-07,10.0300,2.0124,2.6350,0.7637,11.5336
2023-09-08,9.9800,2.0231,2.6375,0.7671,11.2566
2023-09-11,10.0400,2.0106,2.6300,0.7645,11.4581
2023-09-12,9.9900,2.0213,2.6230,0.7706,10.8789
2023-09-13,9.9600,2.0267,2.6150,0.7750,10.6270
2023-09-14,10.0000,2.0195,2.6075,0.7745,10.6522
2023-09-15,9.9400,2.0321,2.6400,0.7697,10.9544
2023-09-18,9.9500,2.0303,2.6500,0.7662,11.3070
2023-09-19,9.9300,2.0339,2.6625,0.7639,11.5084
2023-09-20,9.8700,2.0448,2.6650,0.7673,11.2314
2023-09-21,9.7900,2.0633,2.6576,0.7764,10.5767
2023-09-22,9.9500,2.0285,2.6776,0.7576,11.7854
2023-09-25,9.9400,2.0321,2.6976,0.7533,12.0121
2023-09-26,9.8800,2.0430,2.6951,0.7580,11.7099
2023-09-27,9.8900,2.0412,2.6877,0.7595,11.6595
2023-09-28,9.9200,2.0357,2.6751,0.7610,11.6092
2023-10-09,9.8400,2.0522,2.6702,0.7686,11.1307
2023-10-10,9.7600,2.0690,2.6811,0.7717,10.7781
2023-10-11,9.7200,2.0765,2.6976,0.7698,10.9292
2023-10-12,9.8400,2.0522,2.6911,0.7626,11.5588
2023-10-13,9.7400,2.0727,2.6702,0.7762,10.6019
2023-10-16,9.7500,2.0708,2.6777,0.7734,10.7026
2023-10-17,9.7600,2.0690,2.6882,0.7697,11.0048
2023-10-18,9.7000,2.0822,2.7052,0.7697,10.9796
2023-10-19,9.3900,2.1509,2.7177,0.7914,10.4004
2023-10-20,9.3900,2.1509,2.7052,0.7951,10.2997
2023-10-23,9.3000,2.1714,2.7047,0.8028,10.1738
2023-10-24,9.3400,2.1611,2.7177,0.7952,10.2745
2023-10-25,9.1900,2.1965,2.7052,0.8120,9.9723
2023-10-26,9.2200,2.1902,2.7152,0.8066,10.0730
2023-10-27,9.2500,2.1818,2.7133,0.8041,10.0982
2023-10-30,9.2500,2.1818,2.7141,0.8039,10.1234
2023-10-31,9.2600,2.1797,2.6938,0.8092,10.0227
2023-11-01,9.2800,2.1756,2.6853,0.8102,9.9975
2023-11-02,9.2800,2.1756,2.6553,0.8193,9.8968
2023-11-03,9.2800,2.1756,2.6613,0.8175,9.9219
2023-11-06,9.4700,2.1328,2.6554,0.8032,10.1486
2023-11-07,9.3900,2.1509,2.6632,0.8076,10.0478
2023-11-08,9.3000,2.1714,2.6464,0.8205,9.8464
2023-11-09,9.2900,2.1735,2.6494,0.8204,9.8716
2023-11-10,9.1200,2.2136,2.6444,0.8371,9.6701
2023-11-13,9.0800,2.2244,2.6454,0.8409,9.5946
2023-11-14,9.1000,2.2201,2.6573,0.8355,9.7205
2023-11-15,9.1800,2.1986,2.6633,0.8255,9.8212
2023-11-16,9.0700,2.2266,2.6558,0.8384,9.6449
2023-11-17,8.9900,2.2463,2.6524,0.8469,9.5442
2023-11-20,9.0200,2.2375,2.6584,0.8417,9.5694
2023-11-21,9.1000,2.2179,2.6684,0.8312,9.7960
2023-11-22,9.0000,2.2441,2.6823,0.8366,9.6953
2023-11-23,8.9900,2.2463,2.7023,0.8313,9.7708
2023-11-24,8.9400,2.2574,2.7053,0.8344,9.7457
2023-11-27,8.8600,2.2777,2.7108,0.8402,9.6197
2023-11-28,8.8100,2.2915,2.6898,0.8519,9.5190
2023-11-29,8.6100,2.3457,2.6826,0.8744,9.4938
2023-11-30,8.5700,2.3554,2.6680,0.8828,9.4686
2023-12-01,8.5600,2.3602,2.6625,0.8865,9.4183
2023-12-04,8.5300,2.3676,2.6725,0.8859,9.4435
2023-12-05,8.4000,2.4051,2.6650,0.9025,9.3679
2023-12-06,8.4100,2.4000,2.6725,0.8980,9.3931
2023-12-07,8.3600,2.4153,2.6640,0.9066,9.3427
2023-12-08,8.2400,2.4516,2.6636,0.9204,9.2924
2023-12-11,8.2800,2.4385,2.6440,0.9223,9.2672
2023-12-12,8.3400,2.4204,2.6375,0.9177,9.3176
2023-12-13,8.1100,2.4891,2.6226,0.9491,9.1665
2023-12-14,8.1000,2.4918,2.6376,0.9447,9.1916
2023-12-15,8.1600,2.4756,2.6227,0.9439,9.2168
2023-12-18,8.0900,2.4973,2.6126,0.9559,9.1161
2023-12-19,8.0600,2.5055,2.6191,0.9566,9.0909
2023-12-20,8.0000,2.5249,2.6222,0.9629,9.0154
2023-12-21,8.1200,2.4864,2.5901,0.9600,9.0405
2023-12-22,8.1500,2.4783,2.5877,0.9577,9.0657
2023-12-25,8.1400,2.4810,2.5678,0.9662,8.9902
2023-12-26,8.0600,2.5055,2.5804,0.9710,8.9650
2023-12-27,8.0800,2.5000,2.5577,0.9774,8.9398
2023-12-28,8.3700,2.4127,2.5694,0.9390,9.2420
2023-12-29,8.3200,2.4281,2.5553,0.9502,9.1413
2024-01-02,8.1600,3.0945,2.5601,1.2087,6.0942
2024-01-03,8.1500,3.0978,2.5531,1.2133,5.9431
2024-01-04,8.0700,3.1284,2.5368,1.2332,5.3639
2024-01-05,8.2100,3.0744,2.5175,1.2212,5.7416
2024-01-08,8.1000,3.1148,2.5136,1.2392,5.2128
2024-01-09,8.1300,3.1046,2.4862,1.2487,4.8602
2024-01-10,8.0500,3.1353,2.4982,1.2550,4.7091
2024-01-11,8.1200,3.1080,2.4992,1.2436,5.0113
2024-01-12,8.1400,3.1012,2.5172,1.2320,5.4394
2024-01-15,8.1600,3.0945,2.5212,1.2274,5.5402
2024-01-16,8.2700,3.0514,2.5252,1.2084,6.1194
2024-01-17,8.1700,3.0878,2.5077,1.2313,5.4646
2024-01-18,8.1500,3.0978,2.5092,1.2346,5.3135
2024-01-19,8.1200,3.1080,2.5027,1.2419,5.0869
2024-01-22,8.0600,3.1319,2.4922,1.2567,4.6336
2024-01-23,8.1100,3.1114,2.5042,1.2425,5.0365
2024-01-24,8.2600,3.0547,2.5042,1.2198,5.7920
2024-01-25,8.4100,3.0000,2.4984,1.2008,6.3208
2024-01-26,8.5200,2.9626,2.4994,1.1853,6.6986
2024-01-29,8.5900,2.9381,2.4940,1.1781,7.0008
2024-01-30,8.4100,3.0000,2.4557,1.2216,5.7164
2024-01-31,8.3800,3.0127,2.4330,1.2383,5.2380
2024-02-01,8.3300,3.0287,2.4354,1.2436,4.9861
2024-02-02,8.2100,3.0744,2.4244,1.2681,4.3818
2024-02-05,8.3100,3.0384,2.4002,1.2659,4.4321
2024-02-06,8.5700,2.9442,2.4525,1.2005,6.3460
2024-02-07,8.5100,2.9657,2.4153,1.2279,5.5150
2024-02-08,8.5600,2.9473,2.4379,1.2090,6.0690
2024-02-19,8.6900,2.9052,2.4344,1.1934,6.4216
2024-02-20,8.7000,2.9022,2.4134,1.2025,6.2453
2024-02-21,9.5600,2.6389,2.4119,1.0941,8.6124
2024-02-22,9.6500,2.6147,2.4033,1.0880,8.6880
2024-02-23,9.6100,2.6267,2.4009,1.0940,8.6376
2024-02-26,9.3300,2.7066,2.3789,1.1378,7.9325
2024-02-27,9.3000,2.7143,2.3809,1.1400,7.8821
2024-02-28,9.2900,2.7169,2.3376,1.1623,7.3281
2024-02-29,9.3800,2.6912,2.3375,1.1513,7.5296
2024-03-01,9.2900,2.7169,2.3675,1.1476,7.7059
2024-03-04,9.1500,2.7590,2.3475,1.1753,7.0511
2024-03-05,9.2400,2.7325,2.3169,1.1794,6.9504
2024-03-06,9.1500,2.7590,2.2650,1.2181,5.8172
2024-03-07,9.1900,2.7457,2.2776,1.2055,6.1949
2024-03-08,9.1900,2.7457,2.2825,1.2029,6.2201
2024-03-11,9.2700,2.7221,2.3050,1.1810,6.8497
2024-03-12,9.3500,2.6989,2.3476,1.1496,7.6051
2024-03-13,9.1500,2.7590,2.3326,1.1828,6.7993
2024-03-14,9.0600,2.7859,2.3425,1.1893,6.5475
2024-03-15,9.3900,2.6887,2.3200,1.1589,7.4540
2024-03-18,9.3300,2.7040,2.2926,1.1794,6.9252
2024-03-19,9.2100,2.7404,2.2801,1.2019,6.2705
2024-03-20,9.2500,2.7273,2.2951,1.1883,6.5978
2024-03-21,9.2700,2.7221,2.2851,1.1912,6.4971
2024-03-22,9.1700,2.7510,2.3051,1.1934,6.3964
2024-03-25,9.2100,2.7404,2.3151,1.1837,6.7237
2024-03-26,9.3900,2.6887,2.3175,1.1602,7.4037
2024-03-27,9.3300,2.7066,2.2876,1.1832,6.7489
2024-03-28,9.2900,2.7169,2.3026,1.1799,6.8748
2024-03-29,9.3200,2.7091,2.2901,1.1830,6.7741
2024-04-01,9.4200,2.6786,2.3082,1.1605,7.3785
2024-04-02,9.3400,2.7014,2.2927,1.1783,6.9756
2024-04-03,9.2600,2.7247,2.2837,1.1931,6.4467
2024-04-08,9.2400,2.7325,2.2822,1.1973,6.3712
2024-04-09,9.2100,2.7404,2.2802,1.2018,6.2956
2024-04-10,9.1000,2.7724,2.2972,1.2069,6.1697
2024-04-11,9.0800,2.7805,2.2928,1.2127,5.9935
2024-04-12,8.9100,2.8330,2.2837,1.2405,5.1372
2024-04-15,9.1100,2.7697,2.2798,1.2149,5.8927
2024-04-16,9.1000,2.7724,2.2723,1.2201,5.7668
2024-04-17,9.4100,2.6836,2.2608,1.1870,6.6482
2024-04-18,9.5600,2.6389,2.2537,1.1709,7.1015
2024-04-19,9.4700,2.6660,2.2540,1.1828,6.8245
2024-04-22,9.3000,2.7143,2.2435,1.2099,6.0438
2024-04-23,9.3300,2.7040,2.2260,1.2147,5.9179
2024-04-24,9.3300,2.7066,2.2727,1.1909,6.5223
2024-04-25,9.4000,2.6861,2.2612,1.1879,6.6230
2024-04-26,9.3900,2.6887,2.3084,1.1647,7.2526
2024-04-29,9.5700,2.6364,2.3530,1.1204,8.3606
2024-04-30,9.5600,2.6413,2.3028,1.1470,7.7311
2024-05-06,9.6400,2.6171,2.3081,1.1339,8.0836
2024-05-07,9.6400,2.6195,2.2896,1.1441,7.7814
2024-05-08,9.5000,2.6561,2.2955,1.1571,7.4792
2024-05-09,9.5300,2.6487,2.3186,1.1424,7.8570
2024-05-10,9.6900,2.6051,2.3122,1.1267,8.2599
2024-05-13,9.7200,2.5980,2.2900,1.1345,8.0584
2024-05-14,9.6600,2.6123,2.2938,1.1389,7.9073
2024-05-15,9.5900,2.6316,2.3020,1.1432,7.8318
2024-05-16,9.8900,2.5515,2.3147,1.1023,8.5873
2024-05-17,10.1100,2.4956,2.3077,1.0814,8.8139
2024-05-20,10.0800,2.5044,2.3105,1.0839,8.7887
2024-05-21,10.2300,2.4675,2.3141,1.0663,8.8643
2024-05-22,10.2400,2.4654,2.3123,1.0662,8.8894
2024-05-23,10.1000,2.5000,2.3063,1.0840,8.7635
2024-05-24,10.0200,2.5199,2.3134,1.0893,8.6628
2024-05-27,10.1900,2.4761,2.3084,1.0726,8.8391
2024-05-28,10.1000,2.5000,2.2994,1.0872,8.7132
2024-05-29,9.9700,2.5311,2.2776,1.1113,8.4865
2024-05-30,9.8500,2.5629,2.2826,1.1228,8.3102
2024-05-31,9.8400,2.5653,2.2926,1.1189,8.4110
2024-06-03,9.7200,2.5956,2.2853,1.1358,8.0081
2024-06-04,9.7600,2.5862,2.2854,1.1316,8.1592
2024-06-05,9.6300,2.6219,2.2808,1.1496,7.6303
2024-06-06,9.6500,2.6147,2.2828,1.1454,7.7562
2024-06-07,9.7300,2.5933,2.2833,1.1358,8.0332
2024-06-11,9.6300,2.6219,2.2791,1.1504,7.5800
2024-06-12,9.6400,2.6195,2.2760,1.1509,7.5548
2024-06-13,9.5600,2.6389,2.2678,1.1636,7.3029
2024-06-14,9.6600,2.7996,2.2558,1.2411,5.1121
2024-06-17,9.5800,2.8218,2.2609,1.2481,4.8854
2024-06-18,9.5600,2.8274,2.2537,1.2546,4.7343
2024-06-19,9.6300,2.8079,2.2429,1.2519,4.8099
2024-06-20,9.5400,2.8358,2.2445,1.2634,4.5077
2024-06-21,9.4900,2.8500,2.2571,1.2627,4.5832
2024-06-24,9.4700,2.8557,2.2451,1.2720,4.2810
2024-06-25,9.5600,2.8274,2.2350,1.2651,4.4573
2024-06-26,9.5600,2.8274,2.2225,1.2722,4.2559
2024-06-27,9.6100,2.8134,2.2081,1.2741,4.1299
2024-06-28,9.6300,2.8079,2.2058,1.2730,4.2055
2024-07-01,9.8200,2.7536,2.2486,1.2246,5.5905
2024-07-02,9.8700,2.7404,2.2369,1.2251,5.5653
2024-07-03,9.7800,2.7643,2.2426,1.2326,5.3891
2024-07-04,9.7400,2.7778,2.2502,1.2345,5.3387
2024-07-05,9.4600,2.8586,2.2754,1.2563,4.6588
2024-07-08,9.4200,2.8701,2.2904,1.2531,4.7847
2024-07-09,9.5600,2.8302,2.2698,1.2469,4.9610
2024-07-10,9.6200,2.8107,2.2707,1.2378,5.2632
2024-07-11,9.6100,2.8134,2.2648,1.2422,5.0617
2024-07-12,9.7800,2.7643,2.2604,1.2229,5.6913
2024-07-15,9.8000,2.7590,2.2541,1.2240,5.6409
2024-07-16,9.7700,2.7670,2.2613,1.2236,5.6661
2024-07-17,9.8700,2.7404,2.2598,1.2127,6.0186
2024-07-18,9.8800,2.7378,2.2673,1.2075,6.1445
2024-07-19,9.8400,2.7483,2.2614,1.2153,5.8675
2024-07-22,9.7100,2.7859,2.2461,1.2403,5.1624
2024-07-23,9.6600,2.7996,2.2322,1.2542,4.7595
2024-07-24,9.6100,2.8134,2.2381,1.2570,4.6084
2024-07-25,9.5700,2.8246,2.2168,1.2742,4.1048
2024-07-26,9.5200,2.8415,2.1944,1.2949,3.9033
2024-07-29,9.5900,2.8190,2.1574,1.3067,3.8278
2024-07-30,9.5600,2.8274,2.1480,1.3163,3.7018
2024-07-31,9.7400,2.7751,2.1494,1.2911,3.9537
2024-08-01,9.7400,2.7751,2.1297,1.3030,3.8529
2024-08-02,9.6200,2.8107,2.1277,1.3210,3.6515
2024-08-05,9.5400,2.8358,2.1376,1.3266,3.5256
2024-08-06,9.4200,2.8701,2.1491,1.3355,3.4248
2024-08-07,9.4200,2.8701,2.1414,1.3403,3.3996
2024-08-08,9.4300,2.8672,2.1810,1.3146,3.7270
2024-08-09,9.5300,2.8386,2.1986,1.2911,3.9788
2024-08-12,9.5000,2.8472,2.2508,1.2650,4.4825
2024-08-13,9.4400,2.8643,2.2255,1.2870,4.0292
2024-08-14,9.4100,2.8730,2.1966,1.3079,3.8026
2024-08-15,9.5200,2.8415,2.2050,1.2887,4.0040
2024-08-16,9.6100,2.8134,2.1978,1.2801,4.0544
2024-08-19,9.7600,2.7697,2.1816,1.2696,4.3566
2024-08-20,9.8100,2.7563,2.1710,1.2696,4.3314
2024-08-21,9.8200,2.7536,2.1670,1.2707,4.3062
2024-08-22,9.8500,2.7457,2.1582,1.2722,4.2307
2024-08-23,9.9300,2.7221,2.1547,1.2633,4.5329
2024-08-26,9.9500,2.7169,2.1628,1.2562,4.6840
2024-08-27,9.9000,2.7325,2.1903,1.2475,4.9106
2024-08-28,9.8000,2.7590,2.1673,1.2730,4.1803
2024-08-29,9.6100,2.8134,2.1703,1.2963,3.8781
2024-08-30,9.6400,2.8051,2.1704,1.2924,3.9285
2024-09-02,9.5900,2.8190,2.1457,1.3138,3.7522
2024-09-03,9.5600,2.8274,2.1432,1.3192,3.6767
2024-09-04,9.5100,2.8443,2.1336,1.3331,3.4752
2024-09-05,9.5600,2.8302,2.1338,1.3264,3.5507
2024-09-06,9.5600,2.8274,2.1388,1.3220,3.6263
2024-09-09,9.3500,2.8934,2.1267,1.3605,3.3745
2024-09-10,9.3900,2.8788,2.1143,1.3616,3.3493
2024-09-11,9.1600,2.9534,2.1044,1.4034,3.1478
2024-09-12,9.2400,2.9261,2.0998,1.3935,3.1982
2024-09-13,9.2000,2.9381,2.0724,1.4177,3.0471
2024-09-18,9.2700,2.9171,2.0403,1.4297,2.9464
2024-09-19,9.3100,2.9052,2.0450,1.4206,3.0219
2024-09-20,9.3900,2.8788,2.0431,1.4090,3.0975
2024-09-23,9.5300,2.8386,2.0381,1.3928,3.2486
2024-09-24,9.8400,2.7483,2.0728,1.3259,3.5759
2024-09-25,9.9600,2.7143,2.0437,1.3281,3.5004
2024-09-26,10.5800,2.5561,2.0787,1.2297,5.4898
2024-09-27,10.8400,2.4956,2.1714,1.1493,7.6555
2024-09-30,11.5900,2.3342,2.1518,1.0848,8.7384
2024-10-08,12.2200,2.2127,2.1928,1.0091,8.9146
2024-10-09,11.0800,2.4401,2.1760,1.1214,8.3354
2024-10-10,11.6200,2.3790,2.1441,1.1096,8.5369
2024-10-11,11.3600,2.4317,2.1392,1.1367,7.9829
2024-10-14,11.6500,2.3710,2.1368,1.1096,8.5117
2024-10-15,11.5400,2.3950,2.1254,1.1268,8.2347
2024-10-16,11.6900,2.3632,2.1331,1.1079,8.5621
2024-10-17,11.5900,2.3849,2.1084,1.1311,8.1843
2024-10-18,11.6700,2.3671,2.1209,1.1161,8.4362
2024-10-21,11.4500,2.4132,2.1211,1.1377,7.9577
2024-10-22,11.4300,2.4173,2.1458,1.1265,8.2851
2024-10-23,11.5000,2.4030,2.1559,1.1146,8.4613
2024-10-24,11.3900,2.4255,2.1661,1.1198,8.3858
2024-10-25,11.3500,2.4338,2.1539,1.1300,8.2095
2024-10-28,11.2900,2.4485,2.1617,1.1327,8.1340
2024-10-29,11.1900,2.4697,2.1598,1.1435,7.8066
2024-10-30,10.9800,2.5177,2.1597,1.1658,7.1770
2024-10-31,11.0300,2.5044,2.1476,1.1661,7.1519
2024-11-01,11.0800,2.4934,2.1406,1.1648,7.2274
2024-11-04,11.1100,2.4869,2.1275,1.1689,7.1267
2024-11-05,11.3000,2.4464,2.1106,1.1591,7.4289
2024-11-06,11.2000,2.4675,2.1234,1.1621,7.3533
2024-11-07,11.5500,2.3929,2.1115,1.1333,8.1088
2024-11-08,11.3600,2.4317,2.1067,1.1543,7.5044
2024-11-11,11.2500,2.4569,2.0920,1.1744,7.0763
2024-11-12,11.1900,2.4697,2.0729,1.1914,6.4719
2024-11-13,11.2600,2.4548,2.0876,1.1759,7.0259
2024-11-14,11.1900,2.4697,2.0808,1.1869,6.6734
2024-11-15,11.0900,2.4913,2.0948,1.1893,6.5727
2024-11-18,11.3900,2.4255,2.1117,1.1486,7.6807
2024-11-19,11.3300,2.4401,2.0947,1.1649,7.2022
2024-11-20,11.2900,2.4485,2.1025,1.1646,7.2778
2024-11-21,11.2400,2.4590,2.0843,1.1798,6.9000
2024-11-22,10.9400,2.5266,2.0832,1.2128,5.9683
2024-11-25,10.8400,2.5492,2.0682,1.2326,5.4143
2024-11-26,10.9300,2.5288,2.0657,1.2242,5.6157
2024-11-27,11.0400,2.5022,2.0553,1.2174,5.8424
2024-11-28,11.0000,2.5132,2.0304,1.2378,5.2883
2024-11-29,11.0300,2.5044,2.0206,1.2394,5.1876
2024-12-02,11.0400,2.5022,1.9810,1.2631,4.5580
2024-12-03,11.1400,2.4804,1.9886,1.2473,4.9358
2024-12-04,11.1100,2.4869,1.9612,1.2681,4.4070
2024-12-05,11.0900,2.4913,1.9462,1.2801,4.0796
2024-12-06,11.3100,2.4443,1.9539,1.2510,4.8351
2024-12-09,11.3200,2.4422,1.9168,1.2741,4.1551
2024-12-10,11.4300,2.4173,1.8468,1.3089,3.7774
2024-12-11,11.3700,2.4297,1.8218,1.3337,3.4500
2024-12-12,11.4900,2.4051,1.8172,1.3235,3.6011
2024-12-13,11.2100,2.4654,1.7771,1.3873,3.2989
2024-12-16,11.2200,2.4633,1.7215,1.4309,2.9212
2024-12-17,11.1800,2.4718,1.7237,1.4340,2.8960
2024-12-18,11.3000,2.4464,1.7564,1.3928,3.2234
2024-12-19,11.2400,2.4590,1.7417,1.4118,3.0723
2024-12-20,11.2700,2.4527,1.7018,1.4412,2.8708
2024-12-23,11.3700,2.4297,1.7019,1.4276,2.9715
2024-12-24,11.5000,2.4030,1.7166,1.3999,3.1730
2024-12-25,11.5600,2.3909,1.7365,1.3768,3.3241
2024-12-26,11.5000,2.4030,1.7122,1.4035,3.1226
2024-12-27,11.4700,2.4091,1.6929,1.4231,2.9967
2024-12-30,11.5900,2.3849,1.7128,1.3924,3.2737
2024-12-31,11.3400,2.4359,1.6752,1.4541,2.8456
2025-01-02,11.0800,8.4427,1.6077,5.2514,0.6547
2025-01-03,11.0300,8.4798,1.6041,5.2863,0.4785
2025-01-06,11.0900,8.4353,1.5966,5.2833,0.5037
2025-01-07,11.1600,8.3840,1.6093,5.2097,0.8058
2025-01-08,11.1500,8.3913,1.6069,5.2220,0.7807
2025-01-09,11.0500,8.4649,1.6368,5.1716,0.9066
2025-01-10,10.9600,8.5398,1.6338,5.2270,0.7555
2025-01-13,10.8600,8.6161,1.6592,5.1929,0.8310
2025-01-14,11.0300,8.4798,1.6446,5.1561,1.0073
2025-01-15,11.1300,8.4059,1.6330,5.1475,1.0325
2025-01-16,11.2200,8.3405,1.6394,5.0875,1.1836
2025-01-17,11.1000,8.4279,1.6593,5.0792,1.2088
2025-01-20,11.0700,8.4501,1.6747,5.0457,1.3095
2025-01-21,10.9900,8.5172,1.6496,5.1632,0.9569
2025-01-22,10.7500,8.7015,1.6602,5.2412,0.6799
2025-01-23,10.9800,8.5247,1.6645,5.1215,1.1332
2025-01-24,11.0000,8.5097,1.6565,5.1372,1.0577
2025-01-27,11.1200,8.4133,1.6299,5.1619,0.9821
2025-02-05,11.0200,8.4872,1.6207,5.2367,0.7051
2025-02-06,11.0100,8.4947,1.5958,5.3232,0.3274
2025-02-07,11.0300,8.4798,1.6032,5.2893,0.4533
2025-02-10,11.0800,8.4427,1.6342,5.1663,0.9318
2025-02-11,11.0700,8.4501,1.6274,5.1924,0.8562
2025-02-12,11.0700,8.4501,1.6336,5.1727,0.8814
2025-02-13,11.1500,8.3913,1.6346,5.1335,1.0829
2025-02-14,11.2000,8.3550,1.6546,5.0496,1.2843
2025-02-17,11.4200,8.1919,1.6934,4.8375,2.2161
2025-02-18,11.4500,8.1710,1.7006,4.8048,2.2664
2025-02-19,11.3500,8.2408,1.6626,4.9566,1.7376
2025-02-20,11.3100,8.2762,1.6850,4.9117,1.9391
2025-02-21,11.2900,8.2904,1.7200,4.8200,2.2412
2025-02-24,11.2400,8.3261,1.7625,4.7240,2.4427
2025-02-25,11.1200,8.4133,1.7275,4.8702,2.0902
2025-02-26,11.1700,8.3767,1.7251,4.8558,2.1657
2025-02-27,11.2700,8.3046,1.7576,4.7250,2.4175
2025-02-28,11.1800,8.3695,1.7152,4.8796,2.0146
2025-03-03,11.1600,8.3840,1.6955,4.9449,1.7880
2025-03-04,11.1600,8.3840,1.7079,4.9090,1.9642
2025-03-05,11.3100,8.2762,1.7083,4.8447,2.1909
2025-03-06,11.2800,8.2975,1.7455,4.7537,2.2916
2025-03-07,11.3200,8.2691,1.8002,4.5934,2.5686
2025-03-10,11.2400,8.3261,1.8128,4.5930,2.5938
2025-03-11,11.2600,8.3118,1.8853,4.4087,2.7701
2025-03-12,11.4900,8.1435,1.8334,4.4417,2.7197
2025-03-13,11.4800,8.1503,1.8565,4.3901,2.8204
2025-03-14,11.6100,8.0618,1.8317,4.4013,2.7953
2025-03-17,11.1500,8.3913,1.8957,4.4265,2.7449
2025-03-18,11.1400,8.3986,1.8885,4.4472,2.6945
2025-03-19,11.1700,8.3767,1.8708,4.4776,2.6694
2025-03-20,11.1400,8.3986,1.8309,4.5871,2.6190
2025-03-21,11.0700,8.4501,1.8458,4.5780,2.6442
2025-03-24,11.0300,8.4798,1.8413,4.6053,2.5434
2025-03-25,11.0800,8.4427,1.8183,4.6432,2.5183
2025-03-26,11.0300,8.4798,1.7943,4.7260,2.3923
2025-03-27,11.0400,8.4723,1.8062,4.6907,2.4679
2025-03-28,11.0100,8.5022,1.8126,4.6906,2.4931
2025-03-31,10.9200,8.5702,1.8129,4.7273,2.3672
2025-04-01,10.9300,8.5626,1.8104,4.7297,2.3420
2025-04-02,11.0200,8.4872,1.7887,4.7449,2.3168
2025-04-03,11.0000,8.5097,1.7180,4.9533,1.7628
2025-04-07,10.3700,9.0187,1.6318,5.5268,0.0252
2025-04-08,10.4900,8.9187,1.6633,5.3621,0.1763
2025-04-09,10.4700,8.9352,1.6508,5.4126,0.0755
2025-04-10,10.5700,8.8532,1.6444,5.3838,0.1511
2025-04-11,10.5600,8.8613,1.6568,5.3484,0.2015
2025-04-14,10.6000,8.8289,1.6584,5.3237,0.3022
2025-04-15,10.6200,8.8128,1.6583,5.3144,0.3777
2025-04-16,10.6700,8.7727,1.6430,5.3394,0.2266
2025-04-17,10.7200,8.7251,1.6522,5.2809,0.5288
2025-04-18,10.8400,8.6315,1.6493,5.2334,0.7303
2025-04-21,10.6900,8.7568,1.6664,5.2549,0.6296
2025-04-22,10.7000,8.7409,1.6509,5.2946,0.4029
2025-04-23,10.6800,8.7648,1.6611,5.2765,0.5792
2025-04-24,10.6900,8.7489,1.6640,5.2578,0.6044
2025-04-25,10.6800,8.7648,1.6606,5.2781,0.5540
2025-04-28,10.6700,8.7727,1.6483,5.3223,0.3526
2025-04-29,10.6500,8.7887,1.6241,5.4114,0.1007
2025-04-30,10.5800,8.8451,1.6243,5.4455,0.0504
2025-05-06,10.6300,8.8047,1.6298,5.4023,0.1259
2025-05-07,10.6900,8.7489,1.6418,5.3288,0.2770
2025-05-08,10.7400,8.7094,1.6331,5.3330,0.2518
2025-05-09,10.8100,8.6547,1.6351,5.2931,0.4281
2025-05-12,10.8200,8.6470,1.6880,5.1226,1.1080
2025-05-13,10.9500,8.5474,1.6704,5.1170,1.1584
2025-05-14,11.0800,8.4427,1.6736,5.0446,1.3347
2025-05-15,11.0400,8.4723,1.6798,5.0436,1.3599
2025-05-16,11.0300,8.4798,1.6793,5.0496,1.2591
2025-05-19,11.0200,8.4872,1.6893,5.0241,1.3850
2025-05-20,11.0400,8.4723,1.7004,4.9825,1.5865
2025-05-21,11.1300,8.4059,1.7100,4.9157,1.8887
2025-05-22,11.2000,8.3550,1.7186,4.8615,2.1405
2025-05-23,11.1100,8.4206,1.7208,4.8934,1.9894
2025-05-26,11.0700,8.4501,1.7201,4.9126,1.9139
2025-05-27,11.1400,8.3986,1.7261,4.8657,2.1153
2025-05-28,11.1800,8.3695,1.6832,4.9724,1.6620
2025-05-29,11.1100,8.4206,1.6877,4.9894,1.5361
2025-05-30,11.2100,8.3478,1.6712,4.9951,1.5110
2025-06-03,11.4500,8.1710,1.6764,4.8741,2.0650
2025-06-04,11.4800,8.1503,1.6704,4.8793,2.0398
2025-06-05,11.3200,8.2691,1.6741,4.9394,1.8131
2025-06-06,11.3400,8.2479,1.6547,4.9845,1.5613
2025-06-09,11.3500,8.2408,1.6559,4.9766,1.6369
2025-06-10,11.4500,8.1710,1.6569,4.9315,1.8383
2025-06-11,11.4900,8.1435,1.6420,4.9595,1.7124
2025-06-12,11.6800,8.2620,1.6475,5.0149,1.4354
2025-06-13,11.5800,8.3333,1.6440,5.0689,1.2339
2025-06-16,11.7900,8.1849,1.6432,4.9811,1.6117
2025-06-17,11.7600,8.2058,1.6364,5.0145,1.4606
2025-06-18,11.7700,8.1988,1.6384,5.0042,1.4858
2025-06-19,11.7000,8.2479,1.6425,5.0216,1.4102
2025-06-20,11.8400,8.1503,1.6396,4.9709,1.6872
2025-06-23,11.9300,8.0889,1.6418,4.9268,1.8635
