date,收盘价(前复权)(元),股息率(Tushare)(%),十年,股债性价比,温度计
2003-01-02,0.8800,8.6847,3.0781,2.8214,0.0187
2003-01-09,0.8800,5.7463,3.3369,1.7220,20.0900
2003-01-10,0.9100,5.5613,3.1219,1.7814,18.0847
2003-01-13,0.8800,5.7463,3.0967,1.8556,15.5547
2003-01-14,0.9700,5.2249,3.1497,1.6589,22.6574
2003-01-15,0.9500,5.3289,3.1259,1.7048,20.6897
2003-01-16,0.9500,5.3556,3.2081,1.6694,22.1327
2003-01-17,0.9700,5.2557,3.2389,1.6227,24.1567
2003-01-20,0.9400,5.3879,3.1604,1.7048,20.6709
2003-01-21,0.9200,5.5326,3.2106,1.7232,20.0337
2003-01-22,0.9200,5.5441,3.0718,1.8048,17.1289
2003-01-23,0.9100,5.5787,3.0720,1.8160,16.7541
2003-01-24,0.9400,5.4206,3.0137,1.7987,17.3913
2003-01-27,0.9500,5.3183,3.0528,1.7421,19.3966
2003-01-28,0.9600,5.2660,3.0326,1.7365,19.5465
2003-01-29,0.9800,5.1945,3.1265,1.6614,22.4700
2003-02-10,0.9600,5.3078,3.1675,1.6757,21.8141
2003-02-11,0.9700,5.2505,3.0664,1.7123,20.3711
2003-02-12,0.9800,5.1945,3.1915,1.6276,24.0442
2003-02-13,0.9600,5.2868,3.1980,1.6532,23.0697
2003-02-14,0.9600,5.2764,3.2047,1.6465,23.3133
2003-02-17,0.9500,5.3609,3.1263,1.7148,20.2586
2003-02-18,0.9400,5.3825,3.2831,1.6395,23.6132
2003-02-19,0.9500,5.3342,3.2237,1.6547,22.9948
2003-02-20,0.9400,5.3825,3.1959,1.6842,21.4768
2003-02-21,0.9100,5.5613,3.1681,1.7554,18.8906
2003-02-24,0.9100,5.5556,2.9318,1.8949,14.4490
2003-02-25,0.9300,5.4816,3.4377,1.5946,25.0937
2003-02-26,0.9300,5.4649,3.2151,1.6998,20.9145
2003-02-27,0.9500,5.3556,3.2240,1.6612,22.4888
2003-02-28,0.9300,5.4537,3.1225,1.7466,19.2466
2003-03-03,0.9400,5.4042,2.9806,1.8131,16.8666
2003-03-04,0.9600,5.3025,3.1687,1.6734,21.9828
2003-03-05,0.9500,5.3556,2.9242,1.8315,16.2481
2003-03-06,0.9300,5.4371,3.0171,1.8021,17.3163
2003-03-07,0.9300,5.4371,3.2311,1.6827,21.5705
2003-03-10,0.9200,5.5155,2.9959,1.8410,15.8921
2003-03-11,0.9200,5.5155,2.9064,1.8977,14.3553
2003-03-12,0.9300,5.4704,3.2010,1.7090,20.5210
2003-03-13,0.9200,5.5042,3.4914,1.5765,25.6747
2003-03-14,0.9300,5.4760,3.0836,1.7758,18.2534
2003-03-17,0.9300,5.4760,3.1414,1.7432,19.3403
2003-03-18,0.9400,5.3987,3.0897,1.7473,19.2091
2003-03-19,0.9700,5.2300,3.1057,1.6840,21.4955
2003-03-20,0.9700,5.2300,3.1698,1.6499,23.1822
2003-03-21,0.9900,5.1298,2.8760,1.7837,18.0285
2003-03-24,0.9900,5.1151,3.1577,1.6199,24.3628
2003-03-25,0.9800,5.1845,3.1115,1.6662,22.2826
2003-03-26,0.9900,5.1103,2.8754,1.7772,18.2159
2003-03-27,1.0400,4.9044,3.2573,1.5057,27.9048
2003-03-28,1.0400,4.8954,3.0180,1.6221,24.1942
2003-03-31,1.0600,4.8032,2.9228,1.6434,23.4820
2003-04-01,1.0600,4.7989,2.8838,1.6641,22.3951
2003-04-02,1.0600,4.7860,2.9212,1.6384,23.6694
2003-04-03,1.0400,4.8954,2.9597,1.6540,23.0322
2003-04-04,1.0700,4.7520,2.9595,1.6057,24.7189
2003-04-07,1.0800,4.7186,2.9189,1.6166,24.4565
2003-04-08,1.0800,4.7103,2.7718,1.6994,20.9333
2003-04-09,1.1100,4.5774,2.9295,1.5625,26.2744
2003-04-10,1.1200,4.5540,3.3455,1.3612,35.0262
2003-04-11,1.1300,4.5080,3.0019,1.5017,28.1484
2003-04-14,1.1700,4.3225,3.3415,1.2936,38.4558
2003-04-15,1.1800,4.2982,2.8954,1.4845,28.8231
2003-04-16,1.2300,4.1452,2.9654,1.3979,32.7774
2003-04-17,1.2100,4.2037,3.3637,1.2497,40.0300
2003-04-18,1.1600,4.3719,2.9659,1.4741,29.4228
2003-04-21,1.1500,4.4261,2.8122,1.5739,25.8433
2003-04-22,1.1500,4.4115,3.3122,1.3319,36.4880
2003-04-23,1.1300,4.4816,2.8198,1.5893,25.2624
2003-04-24,1.0800,4.7103,3.4933,1.3484,35.6447
2003-04-28,1.1900,4.2810,2.9733,1.4398,31.2031
2003-05-12,1.3000,3.9063,2.7021,1.4457,30.9408
2003-05-13,1.2300,4.1228,2.9153,1.4142,32.0652
2003-05-14,1.2700,4.0027,2.8497,1.4046,32.4213
2003-05-15,1.2800,3.9789,2.8648,1.3889,33.3583
2003-05-16,1.2800,3.9554,2.6620,1.4859,28.7106
2003-05-19,1.2600,4.0419,2.8939,1.3967,32.8336
2003-05-20,1.2200,4.1484,2.8340,1.4638,30.0600
2003-05-21,1.2300,4.1228,2.8850,1.4290,31.5030
2003-05-22,1.2900,3.9264,2.9155,1.3467,35.7571
2003-05-23,1.2900,3.9292,2.7987,1.4039,32.4400
2003-05-26,1.3100,3.8808,2.8539,1.3598,35.1012
2003-05-27,1.3200,3.8557,2.8527,1.3516,35.4760
2003-05-28,1.2800,3.9789,2.8799,1.3816,33.8081
2003-05-29,1.2700,3.9997,2.8693,1.3940,33.1147
2003-05-30,1.2700,3.9967,2.8717,1.3918,33.2271
2003-06-02,1.2800,3.9818,2.8461,1.3990,32.6837
2003-06-03,1.2500,4.0696,2.7828,1.4624,30.1349
2003-06-04,1.2700,4.0057,2.8751,1.3932,33.1897
2003-06-05,1.2500,4.0603,2.8853,1.4072,32.3463
2003-06-06,1.2300,4.1292,2.9811,1.3851,33.5832
2003-06-09,1.2000,4.2471,2.8948,1.4671,29.8913
2003-06-10,1.1900,4.2504,2.8086,1.5134,27.5675
2003-06-11,1.2300,4.1452,2.7466,1.5092,27.7549
2003-06-12,1.2100,4.1971,2.8471,1.4742,29.4040
2003-06-13,1.2100,4.1873,2.9415,1.4235,31.7279
2003-06-16,1.1900,4.2810,2.9529,1.4498,30.7534
2003-06-17,1.1600,4.3683,2.9917,1.4601,30.2474
2003-06-18,1.1600,4.3612,2.8482,1.5312,26.9865
2003-06-20,1.1400,4.4408,2.9221,1.5197,27.3613
2003-06-23,1.1300,4.5233,3.0084,1.5036,28.0547
2003-06-24,1.1300,4.5463,2.9306,1.5513,26.5367
2003-06-25,1.1100,4.6288,2.8583,1.6194,24.3816
2003-06-26,1.1200,4.5657,2.8538,1.5999,24.8126
2003-06-27,1.1100,4.6010,3.0098,1.5287,27.1177
2003-06-30,1.1200,4.5892,3.0821,1.4890,28.5982
2003-07-01,1.1300,4.5502,2.9856,1.5240,27.3051
2003-07-02,1.1600,4.4334,2.9407,1.5076,27.8298
2003-07-03,1.1500,4.4592,3.2163,1.3864,33.4333
2003-07-04,1.1200,4.5735,2.9671,1.5414,26.7241
2003-07-07,1.1200,4.5774,2.8642,1.5981,24.8876
2003-07-08,1.1300,4.5348,2.9663,1.5288,27.0990
2003-07-09,1.1100,4.6208,3.1218,1.4802,29.1604
2003-07-10,1.1500,4.4630,3.0194,1.4781,29.2541
2003-07-11,1.1500,4.4555,2.9361,1.5175,27.3988
2003-07-14,1.1400,4.4741,2.9337,1.5251,27.2301
2003-07-15,1.1500,4.4481,2.9050,1.5312,27.0052
2003-07-16,1.1600,4.4079,2.8744,1.5335,26.8928
2003-07-17,1.1800,4.3541,2.9423,1.4798,29.1792
2003-07-18,1.1400,4.4929,2.9065,1.5458,26.6304
2003-07-21,1.1300,4.5386,2.9592,1.5337,26.8741
2003-07-22,1.1000,4.6570,2.8903,1.6113,24.5877
2003-07-23,1.1100,4.6328,2.8749,1.6115,24.5690
2003-07-24,1.1000,4.6489,2.9626,1.5692,25.9183
2003-07-25,1.0800,4.7436,2.9083,1.6311,23.9505
2003-07-28,1.0600,4.8118,2.9299,1.6423,23.5570
2003-07-29,1.0700,4.7817,2.8954,1.6515,23.0885
2003-07-30,1.0600,4.8118,2.9350,1.6395,23.6319
2003-07-31,1.0600,4.8292,2.9294,1.6485,23.2009
2003-08-01,1.0700,4.7817,2.9460,1.6231,24.1379
2003-08-04,1.0900,4.6896,2.9823,1.5725,25.8996
2003-08-05,1.0900,4.7103,2.9060,1.6209,24.2879
2003-08-06,1.0700,4.7903,2.9110,1.6456,23.3883
2003-08-07,1.0800,4.7394,2.9750,1.5931,25.1499
2003-08-11,1.0700,4.7946,2.9402,1.6307,23.9693
2003-08-12,1.0800,4.7520,2.9035,1.6366,23.6882
2003-08-13,1.0600,4.8248,2.8305,1.7046,20.7084
2003-08-14,1.0500,4.8687,2.8604,1.7021,20.8208
2003-08-19,1.0400,4.9315,2.8873,1.7080,20.5585
2003-08-20,1.0300,4.9588,2.8358,1.7486,19.1342
2003-08-21,1.0300,4.9959,2.8580,1.7480,19.1529
2003-08-22,1.0100,5.0908,2.8825,1.7661,18.6094
2003-08-25,0.9900,5.1845,2.8483,1.8202,16.5855
2003-08-26,0.9900,5.1744,2.8856,1.7932,17.6537
2003-08-27,0.9900,5.1845,2.8531,1.8171,16.7166
2003-08-28,0.9700,5.2660,2.9125,1.8081,16.9978
2003-08-29,0.9900,5.1744,2.8310,1.8278,16.3418
2003-09-01,1.0000,5.0957,2.8366,1.7964,17.5412
2003-09-02,0.9900,5.1945,2.9039,1.7888,17.8223
2003-09-03,0.9900,5.1795,2.8351,1.8269,16.3606
2003-09-04,0.9900,5.1895,2.9013,1.7887,17.8411
2003-09-05,0.9600,5.3131,2.9126,1.8242,16.4730
2003-09-08,0.9600,5.3449,3.0028,1.7800,18.1409
2003-09-09,0.9500,5.3663,2.9273,1.8332,16.1732
2003-09-10,0.9600,5.3131,2.8804,1.8446,15.7984
2003-09-11,0.9700,5.2868,2.9241,1.8080,17.0165
2003-09-12,0.9500,5.3663,2.9758,1.8033,17.2226
2003-09-15,0.9300,5.4985,2.7846,1.9746,10.3823
2003-09-16,0.9200,5.5671,2.9086,1.9140,13.7556
2003-09-17,0.9000,5.6853,3.0240,1.8801,14.9925
2003-09-18,0.9100,5.6553,3.0180,1.8739,15.0862
2003-09-19,0.9300,5.5098,3.0789,1.7895,17.7849
2003-09-22,0.9100,5.6020,3.1364,1.7861,17.9160
2003-09-23,0.9500,5.3663,3.3278,1.6126,24.5315
2003-09-24,0.9600,5.3609,3.1280,1.7138,20.2961
2003-09-25,0.9500,5.3987,3.2146,1.6794,21.6829
2003-09-26,0.9400,5.4261,3.0704,1.7672,18.5345
2003-09-29,0.9100,5.6493,3.5568,1.5883,25.2999
2003-09-30,0.9100,5.6197,3.2369,1.7361,19.5652
2003-10-08,0.9100,5.6315,3.2024,1.7585,18.8343
2003-10-09,0.9100,5.6434,3.0988,1.8212,16.5480
2003-10-10,0.9300,5.5326,3.1277,1.7689,18.4595
2003-10-13,0.9300,5.5098,3.4612,1.5919,25.1874
2003-10-14,0.9100,5.6256,3.4475,1.6318,23.8568
2003-10-15,0.8800,5.8086,3.2226,1.8025,17.2976
2003-10-16,0.8800,5.8339,3.3946,1.7186,20.1837
2003-10-17,0.8900,5.7279,3.3422,1.7138,20.3148
2003-10-20,0.8800,5.8276,3.4005,1.7137,20.3336
2003-10-21,0.8600,5.9506,3.1024,1.9181,13.5682
2003-10-22,0.8900,5.7711,3.2566,1.7721,18.3471
2003-10-23,0.8800,5.8086,3.5915,1.6173,24.4190
2003-10-24,0.8700,5.8852,3.9011,1.5086,27.7924
2003-10-27,0.8600,5.9440,3.1761,1.8715,15.1237
2003-10-28,0.8800,5.8149,3.4101,1.7052,20.6522
2003-10-29,0.9100,5.6020,3.4410,1.6280,24.0255
2003-10-30,0.9000,5.6913,3.4781,1.6363,23.7069
2003-10-31,0.9000,5.7035,3.3235,1.7161,20.2211
2003-11-03,0.9100,5.6256,3.3150,1.6970,21.0457
2003-11-04,0.9300,5.4929,3.2792,1.6751,21.8328
2003-11-05,0.9300,5.5098,3.2197,1.7113,20.4648
2003-11-06,0.9000,5.6974,3.2523,1.7518,19.0030
2003-11-07,0.8800,5.8276,3.4230,1.7025,20.7646
2003-11-10,0.8900,5.7773,3.5310,1.6362,23.7256
2003-11-11,0.8800,5.8339,3.7020,1.5759,25.7496
2003-11-12,0.8400,6.1067,3.2513,1.8782,15.0300
2003-11-13,0.8300,6.1347,3.6270,1.6914,21.1957
2003-11-14,0.8400,6.0652,3.6561,1.6589,22.6387
2003-11-17,0.8300,6.1417,3.5571,1.7266,19.9400
2003-11-18,0.8200,6.2419,3.7474,1.6657,22.3201
2003-11-19,0.8400,6.1206,3.7764,1.6207,24.3253
2003-11-20,0.8600,5.9308,3.7358,1.5876,25.3373
2003-11-21,0.8500,6.0040,3.7608,1.5965,25.0000
2003-11-24,0.9000,5.6733,3.7557,1.5106,27.6799
2003-11-25,0.9100,5.6138,3.7882,1.4819,29.0480
2003-11-26,0.9100,5.6256,3.9439,1.4264,31.5780
2003-11-28,0.8900,5.7463,3.9330,1.4610,30.1912
2003-12-01,0.9300,5.5326,3.8123,1.4512,30.6034
2003-12-02,0.9200,5.5962,3.9896,1.4027,32.4588
2003-12-03,0.9200,5.5787,3.8603,1.4451,30.9970
2003-12-04,0.9400,5.4482,3.9480,1.3800,33.9205
2003-12-05,0.9400,5.4649,3.5479,1.5403,26.7616
2003-12-08,0.9200,5.5556,3.8465,1.4443,31.0157
2003-12-09,0.9200,5.5904,3.7795,1.4791,29.2166
2003-12-10,0.9500,5.4042,3.8946,1.3876,33.3958
2003-12-11,0.9800,5.2454,3.6811,1.4250,31.6154
2003-12-15,0.9800,5.2454,3.8466,1.3636,34.8388
2003-12-16,0.9600,5.3342,3.7200,1.4339,31.3906
2003-12-17,0.9500,5.3663,3.8502,1.3938,33.1334
2003-12-18,0.9600,5.3609,3.6396,1.4729,29.5165
2003-12-19,0.9600,5.3556,3.7960,1.4109,32.2526
2003-12-22,0.9900,5.1744,3.7390,1.3839,33.6769
2003-12-23,1.0000,5.1200,3.6918,1.3869,33.4145
2003-12-24,1.0100,5.0812,3.7619,1.3507,35.5135
2003-12-25,0.9900,5.1496,3.9065,1.3182,37.4063
2003-12-26,1.0000,5.1151,3.7904,1.3495,35.5697
2003-12-29,0.9900,5.1895,3.8508,1.3476,35.7384
2003-12-30,1.0000,5.0957,3.7711,1.3513,35.4948
2003-12-31,1.0100,5.0860,3.3602,1.5136,27.5487
2004-01-02,1.0000,4.1429,3.1524,1.3142,37.6124
2004-01-05,1.0500,3.9438,3.8984,1.0116,50.2249
2004-01-06,1.0900,3.8292,4.2513,0.9007,52.9985
2004-01-07,1.1100,3.7630,3.7457,1.0046,50.4685
2004-01-08,1.1100,3.7403,3.8526,0.9709,51.5742
2004-01-09,1.1000,3.7925,3.8937,0.9740,51.5180
2004-01-12,1.1400,3.6402,3.7339,0.9749,51.4805
2004-01-13,1.1200,3.7021,3.9283,0.9424,52.1927
2004-01-14,1.0900,3.8191,3.6318,1.0516,48.7444
2004-01-15,1.0900,3.8292,3.7471,1.0219,49.8313
2004-01-16,1.0900,3.8158,3.7248,1.0244,49.7376
2004-01-29,1.1200,3.7243,3.7954,0.9813,51.3306
2004-01-30,1.0800,3.8667,3.8706,0.9990,50.8058
2004-02-02,1.1200,3.7275,3.8742,0.9621,51.7991
2004-02-03,1.1400,3.6585,3.8597,0.9479,52.1177
2004-02-04,1.1500,3.6250,3.9247,0.9236,52.4738
2004-02-05,1.1700,3.5568,3.8131,0.9328,52.3051
2004-02-06,1.1700,3.5597,3.9176,0.9086,52.7549
2004-02-09,1.1800,3.5223,3.8086,0.9248,52.4363
2004-02-10,1.1500,3.6250,3.8094,0.9516,52.0427
2004-02-11,1.1200,3.7021,3.6915,1.0029,50.5435
2004-02-12,1.1000,3.7793,3.8403,0.9841,51.2181
2004-02-13,1.1000,3.7662,3.8469,0.9790,51.3868
2004-02-16,1.1400,3.6463,3.7942,0.9610,51.8366
2004-02-17,1.1300,3.6927,3.8259,0.9652,51.7429
2004-02-18,1.1200,3.7053,3.8753,0.9561,52.0052
2004-02-19,1.1000,3.7826,3.8225,0.9896,51.0870
2004-02-20,1.1200,3.7179,3.8289,0.9710,51.5555
2004-02-23,1.0800,3.8564,3.8481,1.0022,50.5810
2004-02-24,1.0500,3.9617,3.7621,1.0531,48.5757
2004-02-25,1.0200,4.0807,3.8337,1.0644,48.1259
2004-02-26,1.0300,4.0428,3.7724,1.0717,47.8823
2004-02-27,1.0400,4.0092,3.8105,1.0521,48.7069
2004-03-01,1.0300,4.0315,3.8553,1.0457,48.9318
2004-03-02,1.0400,3.9835,3.9244,1.0151,50.0937
2004-03-03,1.0300,4.0390,3.9102,1.0329,49.4003
2004-03-04,1.0400,4.0055,3.7857,1.0581,48.3883
2004-03-05,1.0200,4.0692,3.8959,1.0445,48.9693
2004-03-08,0.9900,4.1908,3.7271,1.1244,45.3711
2004-03-09,0.9900,4.2070,3.8364,1.0966,46.7016
2004-03-10,1.0300,4.0503,3.8651,1.0479,48.8568
2004-03-11,1.0300,4.0315,3.8973,1.0344,49.3253
2004-03-12,1.0100,4.1038,3.9098,1.0496,48.8381
2004-03-15,1.0600,3.9367,3.8422,1.0246,49.7189
2004-03-16,1.0600,3.9260,3.7146,1.0569,48.4258
2004-03-17,1.0700,3.8944,3.8129,1.0214,49.8688
2004-03-18,1.0500,3.9762,3.8639,1.0291,49.5502
2004-03-19,1.0500,3.9545,4.0840,0.9683,51.6679
2004-03-22,1.0800,3.8394,3.8717,0.9917,51.0307
2004-03-23,1.0700,3.8839,3.8858,0.9995,50.7496
2004-03-24,1.0500,3.9545,3.9508,1.0009,50.6559
2004-03-25,1.0600,3.9189,3.9207,0.9995,50.7309
2004-03-26,1.0600,3.9367,3.8891,1.0122,50.1687
2004-03-29,1.0500,3.9545,3.9486,1.0015,50.6184
2004-03-31,1.0400,4.0055,3.9169,1.0226,49.7939
2004-04-01,1.0600,3.9154,3.9984,0.9792,51.3681
2004-04-05,1.0700,3.8839,3.9144,0.9922,51.0120
2004-04-06,1.0700,3.9013,3.9210,0.9950,50.9558
2004-04-07,1.0500,3.9726,4.0357,0.9844,51.1994
2004-04-08,1.0100,4.1038,3.9325,1.0436,49.0255
2004-04-09,1.0000,4.1468,3.8125,1.0877,47.2264
2004-04-12,1.0000,4.1389,4.2585,0.9719,51.5367
2004-04-13,0.9800,4.2233,4.0871,1.0333,49.3441
2004-04-14,0.9700,4.2899,4.0197,1.0672,48.0322
2004-04-15,0.9600,4.3112,4.0298,1.0698,47.9573
2004-04-16,0.9800,4.2233,4.1717,1.0124,50.1499
2004-04-19,0.9700,4.2689,4.3781,0.9751,51.4618
2004-04-20,0.9800,4.2315,4.3421,0.9745,51.4993
2004-04-21,0.9600,4.3284,4.4034,0.9830,51.2556
2004-04-22,0.9600,4.3241,4.3105,1.0032,50.5060
2004-04-23,0.9400,4.4118,4.3191,1.0215,49.8501
2004-04-26,0.9600,4.3500,4.2202,1.0308,49.5127
2004-04-27,0.9600,4.3241,4.1195,1.0497,48.8193
2004-04-28,0.9400,4.4162,4.1827,1.0558,48.4633
2004-04-29,0.9400,4.4479,4.7672,0.9330,52.2864
2004-04-30,0.9200,4.5218,4.2841,1.0555,48.4820
2004-05-10,0.9000,4.6227,4.4457,1.0398,49.1942
2004-05-11,0.9000,4.6375,4.4969,1.0313,49.4753
2004-05-12,0.9200,4.5360,4.4111,1.0283,49.5877
2004-05-13,0.9200,4.5171,4.3940,1.0280,49.6064
2004-05-14,0.9000,4.6081,4.2026,1.0965,46.7204
2004-05-17,0.8900,4.6875,4.0394,1.1604,43.0660
2004-05-18,0.9000,4.6277,4.0367,1.1464,43.8156
2004-05-19,0.9000,4.6326,4.1587,1.1140,45.9333
2004-05-20,0.8900,4.7027,4.5566,1.0321,49.4378
2004-05-21,0.9100,4.6474,4.4170,1.0522,48.6882
2004-05-24,0.9000,4.6774,4.3252,1.0814,47.4700
2004-05-25,0.8900,4.7129,4.0558,1.1620,42.9535
2004-05-26,0.9000,4.6624,4.2675,1.0925,46.9453
2004-05-27,0.9200,4.5935,4.4654,1.0287,49.5690
2004-05-28,0.9100,4.6375,4.2909,1.0808,47.5075
2004-06-01,0.9200,4.5693,4.2120,1.0848,47.3763
2004-06-02,0.9200,4.5789,4.1946,1.0916,47.0390
2004-06-03,0.9000,4.6875,4.1249,1.1364,44.5090
2004-06-04,0.9000,4.6724,4.1287,1.1317,44.7901
2004-06-07,0.8900,4.7078,4.2625,1.1045,46.3831
2004-06-08,0.8700,4.8333,4.3123,1.1208,45.4835
2004-06-09,0.8600,4.8876,4.4238,1.1048,46.3643
2004-06-10,0.8700,4.8333,4.4352,1.0898,47.1139
2004-06-11,0.8500,4.9544,4.4333,1.1175,45.7084
2004-06-14,0.8300,5.0581,4.6821,1.0803,47.5450
2004-06-15,0.8600,4.8658,4.4172,1.1016,46.4580
2004-06-16,0.8700,4.8549,4.5856,1.0587,48.3508
2004-06-17,0.8500,4.9488,4.4614,1.1092,46.1207
2004-06-18,0.8400,5.0231,4.2855,1.1721,42.5787
2004-06-21,0.8600,4.9208,4.2874,1.1477,43.6657
2004-06-22,0.8500,4.9320,4.2854,1.1509,43.4408
2004-06-23,0.8600,4.9097,4.1158,1.1929,41.7354
2004-06-24,0.8500,4.9432,4.1205,1.1997,41.4543
2004-06-25,0.8400,5.0058,4.1599,1.2033,41.3606
2004-06-28,0.8400,5.0289,4.4138,1.1394,44.3591
2004-06-29,0.8500,4.9264,4.2664,1.1547,43.2159
2004-06-30,0.8500,4.9488,4.3480,1.1382,44.3966
2004-07-01,0.8700,4.8280,4.4671,1.0808,47.4888
2004-07-02,0.8700,4.8226,4.5468,1.0607,48.2384
2004-07-05,0.8800,4.7593,4.4168,1.0775,47.7136
2004-07-06,0.8900,4.7386,4.4557,1.0635,48.1447
2004-07-07,0.8800,4.7855,4.6316,1.0332,49.3628
2004-07-08,0.8900,4.7386,4.6531,1.0184,50.0000
2004-07-09,0.8900,4.7541,4.4895,1.0589,48.3321
2004-07-12,0.8700,4.8603,4.6172,1.0527,48.6319
2004-07-13,0.8700,4.8387,4.8227,1.0033,50.4873
2004-07-14,0.8800,4.7855,5.0474,0.9481,52.0990
2004-07-15,0.9000,4.6674,4.9666,0.9398,52.2489
2004-07-16,0.9100,4.6326,4.6250,1.0016,50.5997
2004-07-19,0.9200,4.5741,4.6158,0.9910,51.0682
2004-07-20,0.9100,4.6326,4.6903,0.9877,51.1619
2004-07-21,0.9100,4.6277,4.6153,1.0027,50.5622
2004-07-22,0.8900,4.7334,4.5430,1.0419,49.1004
2004-07-23,0.9000,4.6976,4.9046,0.9578,51.9303
2004-07-26,0.9000,4.6825,4.7049,0.9952,50.9370
2004-07-27,0.9000,4.6926,4.7444,0.9891,51.1057
2004-07-28,0.8800,4.8013,4.5839,1.0474,48.9130
2004-07-29,0.8900,4.7334,4.5844,1.0325,49.4190
2004-07-30,0.8800,4.7750,4.6018,1.0376,49.2691
2004-08-02,0.8700,4.8280,4.5823,1.0536,48.5382
2004-08-03,0.8300,5.0996,4.6329,1.1007,46.5142
2004-08-04,0.8400,5.0173,4.9229,1.0192,49.9063
2004-08-05,0.8100,5.1663,4.4481,1.1615,42.9910
2004-08-06,0.8200,5.1237,4.4800,1.1437,44.0405
2004-08-09,0.8300,5.0640,4.6375,1.0920,46.9828
2004-08-10,0.8400,5.0000,4.6546,1.0742,47.8448
2004-08-11,0.8400,5.0231,4.9325,1.0184,50.0187
2004-08-12,0.8300,5.0818,4.7544,1.0689,47.9760
2004-08-13,0.8400,4.9943,4.7084,1.0607,48.2009
2004-08-16,0.8400,5.0000,4.7610,1.0502,48.7819
2004-08-17,0.8400,5.0173,4.8876,1.0265,49.6439
2004-08-18,0.8500,4.9658,4.9165,1.0100,50.2624
2004-08-19,0.8400,4.9885,4.9514,1.0075,50.3748
2004-08-20,0.8500,4.9432,4.9654,0.9955,50.9183
2004-08-23,0.8300,5.0758,4.8886,1.0383,49.2504
2004-08-24,0.8300,5.0464,4.9250,1.0246,49.7001
2004-08-25,0.8300,5.0640,5.0239,1.0080,50.3373
2004-08-26,0.8300,5.0699,5.0648,1.0010,50.6372
2004-08-27,0.8200,5.1056,5.1082,0.9995,50.7684
2004-08-30,0.8300,5.0640,4.9779,1.0173,50.0375
2004-08-31,0.8500,4.9771,5.1676,0.9631,51.7616
2004-09-01,0.8200,5.1176,5.0037,1.0228,49.7751
2004-09-02,0.8300,5.0877,5.0886,0.9998,50.7121
2004-09-03,0.8200,5.1297,5.1487,0.9963,50.8621
2004-09-06,0.8100,5.1786,5.1459,1.0064,50.3936
2004-09-07,0.8200,5.1237,5.1358,0.9976,50.8433
2004-09-08,0.8200,5.1418,5.1422,0.9999,50.6747
2004-09-09,0.8100,5.1909,5.1501,1.0079,50.3561
2004-09-10,0.8100,5.1971,5.3727,0.9673,51.7241
2004-09-13,0.7900,5.3049,5.2062,1.0190,49.9625
2004-09-14,0.8200,5.1479,5.2588,0.9789,51.4055
2004-09-15,0.8400,5.0000,5.2149,0.9588,51.8741
2004-09-16,0.8500,4.9544,5.1743,0.9575,51.9678
2004-09-17,0.8700,4.8173,5.1718,0.9315,52.3238
2004-09-20,0.9000,4.6674,5.2687,0.8859,53.4858
2004-09-21,0.8900,4.7334,5.0207,0.9428,52.1739
2004-09-22,0.8600,4.8876,5.2731,0.9269,52.3988
2004-09-23,0.8900,4.7334,5.1776,0.9142,52.6424
2004-09-24,0.8700,4.8441,5.1429,0.9419,52.2114
2004-09-27,0.8400,5.0000,5.1556,0.9698,51.6304
2004-09-28,0.8500,4.9771,5.1374,0.9688,51.6492
2004-09-29,0.8300,5.0818,5.1657,0.9838,51.2369
2004-09-30,0.8200,5.1237,5.1266,0.9994,50.7871
2004-10-08,0.8200,5.1116,5.3191,0.9610,51.8553
2004-10-11,0.8200,5.1297,5.0682,1.0121,50.1874
2004-10-12,0.8000,5.2536,5.0575,1.0388,49.2129
2004-10-13,0.8000,5.2284,4.9650,1.0531,48.5945
2004-10-14,0.8000,5.2791,4.9812,1.0598,48.2946
2004-10-15,0.8000,5.2920,5.0177,1.0547,48.5007
2004-10-18,0.7800,5.4104,4.9760,1.0873,47.2826
2004-10-19,0.7800,5.4037,5.0155,1.0774,47.7324
2004-10-20,0.7600,5.5414,4.9828,1.1121,46.0270
2004-10-21,0.7100,5.9589,4.9709,1.1988,41.4918
2004-10-22,0.7100,5.9345,5.0224,1.1816,42.1852
2004-10-25,0.7000,6.0501,4.9166,1.2305,40.5172
2004-10-26,0.7100,5.9184,4.9979,1.1842,42.0727
2004-10-27,0.7200,5.8389,4.9144,1.1881,41.8853
2004-10-28,0.7300,5.7923,5.1274,1.1297,44.9775
2004-10-29,0.7200,5.8704,4.8246,1.2168,40.8921
2004-11-01,0.7100,5.9508,5.0730,1.1730,42.5037
2004-11-02,0.7200,5.8468,5.1175,1.1425,44.1342
2004-11-03,0.7200,5.8077,5.1649,1.1245,45.3523
2004-11-04,0.7100,5.8943,5.1333,1.1482,43.6469
2004-11-05,0.7200,5.8468,5.1609,1.1329,44.6964
2004-11-08,0.7200,5.8389,5.1915,1.1247,45.3336
2004-11-09,0.7200,5.8784,5.1584,1.1396,44.3403
2004-11-10,0.7400,5.6714,5.1843,1.0940,46.8516
2004-11-11,0.7400,5.7237,5.2714,1.0858,47.3201
2004-11-12,0.7400,5.7087,5.2956,1.0780,47.6949
2004-11-15,0.7300,5.7312,5.2664,1.0883,47.1514
2004-11-16,0.7400,5.6937,5.1902,1.0970,46.6829
2004-11-17,0.7300,5.7769,5.2479,1.1008,46.4955
2004-11-18,0.7300,5.7769,5.2584,1.0986,46.6079
2004-11-19,0.7400,5.7012,5.2413,1.0877,47.2076
2004-11-22,0.7400,5.6714,5.3590,1.0583,48.3696
2004-11-23,0.7300,5.7616,5.3341,1.0801,47.5637
2004-11-24,0.7300,5.8000,5.2740,1.0997,46.5517
2004-11-25,0.7200,5.8784,5.3029,1.1085,46.1394
2004-11-26,0.7200,5.8704,5.4071,1.0857,47.3388
2004-11-29,0.7100,5.9508,5.3187,1.1188,45.6147
2004-11-30,0.7000,6.0083,5.3419,1.1247,45.3148
2004-12-01,0.7000,6.0166,5.2554,1.1448,43.9468
2004-12-02,0.7000,6.0000,5.3109,1.1298,44.9588
2004-12-03,0.7000,6.0166,5.3427,1.1261,45.1837
2004-12-06,0.7000,6.0083,5.4127,1.1100,46.1019
2004-12-07,0.7100,5.9671,5.3266,1.1202,45.5210
2004-12-08,0.7100,5.9345,5.3685,1.1054,46.3081
2004-12-09,0.7200,5.8546,5.2732,1.1103,46.0832
2004-12-10,0.7100,5.9345,5.1744,1.1469,43.7406
2004-12-13,0.7000,5.9753,5.2915,1.1292,45.0150
2004-12-14,0.7000,6.0417,5.2528,1.1502,43.4783
2004-12-15,0.6900,6.0585,5.2611,1.1516,43.3846
2004-12-16,0.7000,6.0249,5.2419,1.1494,43.5720
2004-12-17,0.6900,6.0669,5.2252,1.1611,43.0097
2004-12-20,0.6800,6.1528,5.1804,1.1877,41.9040
2004-12-21,0.6800,6.2321,5.3170,1.1721,42.5975
2004-12-22,0.6900,6.1268,5.2851,1.1593,43.1222
2004-12-23,0.6900,6.1096,5.3439,1.1433,44.0967
2004-12-24,0.6900,6.1181,5.2720,1.1605,43.0472
2004-12-27,0.6800,6.1878,5.2118,1.1873,41.9415
2004-12-28,0.6800,6.1966,4.4611,1.3890,33.3396
2004-12-29,0.6800,6.2143,4.7165,1.3176,37.4625
2004-12-30,0.6800,6.2143,5.2506,1.1835,42.1289
2004-12-31,0.6800,6.2143,4.7332,1.3129,37.7061
2005-01-04,0.6700,6.9549,5.2221,1.3318,36.5067
2005-01-05,0.6500,7.0679,5.0084,1.4112,32.2339
2005-01-06,0.6500,7.1632,5.1707,1.3853,33.5270
2005-01-07,0.6500,7.1418,5.1533,1.3859,33.4708
2005-01-10,0.6700,6.9048,5.1988,1.3282,36.7129
2005-01-11,0.6800,6.8260,5.1536,1.3245,36.9565
2005-01-12,0.6700,6.8651,5.1645,1.3293,36.6567
2005-01-13,0.6700,6.8750,5.2205,1.3169,37.5000
2005-01-14,0.6700,6.9147,4.9943,1.3845,33.6207
2005-01-17,0.6600,7.0368,4.9739,1.4147,32.0465
2005-01-18,0.6700,6.9549,5.0648,1.3732,34.2391
2005-01-19,0.6600,7.0575,5.0085,1.4091,32.3276
2005-01-20,0.6500,7.1205,4.9256,1.4456,30.9595
2005-01-21,0.7100,6.4750,4.9313,1.3130,37.6874
2005-01-24,0.7400,6.2549,4.9654,1.2597,39.7114
2005-01-25,0.7200,6.4056,5.0338,1.2725,39.2804
2005-01-26,0.7200,6.4488,5.0081,1.2877,38.6807
2005-01-27,0.7100,6.5548,4.9684,1.3193,37.2751
2005-01-28,0.7200,6.4315,4.9038,1.3115,37.7811
2005-01-31,0.7100,6.4925,4.8982,1.3255,36.9003
2005-02-01,0.7300,6.3800,4.8877,1.3053,38.0247
2005-02-02,0.7600,6.0723,4.9248,1.2330,40.4610
2005-02-03,0.7400,6.2467,4.9044,1.2737,39.2241
2005-02-04,0.7900,5.8929,4.9390,1.1931,41.7166
2005-02-16,0.7800,5.9515,4.7565,1.2512,39.9550
2005-02-17,0.7600,6.0801,4.8378,1.2568,39.9175
2005-02-18,0.7500,6.1346,4.8342,1.2690,39.4490
2005-02-21,0.7800,5.9294,4.8450,1.2238,40.6484
2005-02-22,0.7800,5.9001,4.6593,1.2663,39.5240
2005-02-23,0.7700,6.0493,4.7866,1.2638,39.5615
2005-02-24,0.7600,6.0723,4.7130,1.2884,38.6244
2005-02-25,0.7700,6.0038,4.6127,1.3016,38.2496
2005-02-28,0.7500,6.1822,4.8334,1.2791,39.0742
2005-03-01,0.7400,6.2795,4.7203,1.3303,36.6004
2005-03-02,0.7400,6.2961,4.7212,1.3336,36.3756
2005-03-03,0.7500,6.1902,4.6723,1.3249,36.9190
2005-03-04,0.7400,6.2467,4.7638,1.3113,37.7999
2005-03-07,0.7400,6.2549,4.7254,1.3237,37.0127
2005-03-08,0.7500,6.1504,4.7335,1.2993,38.3058
2005-03-09,0.7300,6.3210,4.6366,1.3633,34.8576
2005-03-10,0.7200,6.4228,4.6433,1.3832,33.7331
2005-03-11,0.7200,6.4575,4.6187,1.3981,32.7586
2005-03-14,0.7100,6.4925,4.5979,1.4121,32.1214
2005-03-15,0.6900,6.6830,4.5642,1.4642,29.9850
2005-03-16,0.6900,6.6830,4.5725,1.4616,30.1537
2005-03-17,0.6900,6.7111,4.4573,1.5056,27.9235
2005-03-18,0.7000,6.6551,4.4315,1.5018,28.1297
2005-03-21,0.7000,6.6091,4.4033,1.5009,28.2046
2005-03-22,0.6600,6.9956,4.4321,1.5784,25.6559
2005-03-23,0.6700,6.9247,4.5281,1.5293,27.0802
2005-03-24,0.6700,6.9247,4.4631,1.5515,26.5180
2005-03-25,0.6600,6.9752,4.4635,1.5627,26.2556
2005-03-28,0.6700,6.9348,4.3783,1.5839,25.4498
2005-03-29,0.6700,6.9147,4.3433,1.5920,25.1687
2005-03-30,0.6500,7.0889,4.1636,1.7026,20.7459
2005-03-31,0.6700,6.9147,4.1203,1.6782,21.7579
2005-04-01,0.7000,6.6091,4.2679,1.5486,26.5930
2005-04-04,0.6800,6.8357,4.1076,1.6642,22.3763
2005-04-05,0.6800,6.8162,4.1051,1.6604,22.5637
2005-04-06,0.7000,6.6551,4.1641,1.5982,24.8688
2005-04-07,0.7200,6.4662,4.0798,1.5849,25.3936
2005-04-08,0.7300,6.3630,4.0903,1.5556,26.4055
2005-04-11,0.7200,6.3885,4.1600,1.5357,26.8178
2005-04-12,0.7100,6.4837,4.0229,1.6117,24.5502
2005-04-13,0.7200,6.3971,4.0652,1.5736,25.8808
2005-04-14,0.7100,6.5102,4.0287,1.6160,24.4753
2005-04-15,0.7000,6.5909,4.0379,1.6323,23.8381
2005-04-18,0.6900,6.7017,3.9734,1.6866,21.3831
2005-04-19,0.7000,6.6366,3.9847,1.6655,22.3388
2005-04-20,0.6700,6.9247,4.0468,1.7112,20.4835
2005-04-21,0.6700,6.9147,3.9981,1.7295,19.8088
2005-04-22,0.6700,6.8750,4.0433,1.7003,20.8583
2005-04-25,0.6800,6.8357,3.9550,1.7284,19.8463
2005-04-26,0.6800,6.7969,4.0442,1.6807,21.6642
2005-04-28,0.6600,6.9651,4.0137,1.7353,19.6402
2005-04-29,0.6800,6.8162,4.0665,1.6762,21.7954
2005-05-09,0.6700,6.9348,4.0161,1.7267,19.9213
2005-05-10,0.6800,6.7969,3.9652,1.7141,20.2774
2005-05-11,0.6800,6.7776,3.9218,1.7282,19.8838
2005-05-12,0.6700,7.0161,3.9595,1.7720,18.3846
2005-05-13,0.6800,6.9752,3.8822,1.7967,17.5225
2005-05-16,0.6800,6.9549,3.9832,1.7461,19.3028
2005-05-17,0.6800,6.8948,3.9350,1.7522,18.9843
2005-05-18,0.6800,6.9348,3.8757,1.7893,17.8036
2005-05-19,0.6900,6.7969,3.8430,1.7686,18.4783
2005-05-20,0.6800,6.8750,3.7997,1.8094,16.9790
2005-05-23,0.6700,7.0264,3.6930,1.9026,14.1492
2005-05-24,0.6700,6.9854,3.7293,1.8731,15.1049
2005-05-25,0.6700,7.0161,3.6810,1.9060,13.9430
2005-05-26,0.6600,7.0994,3.7374,1.8996,14.2804
2005-05-27,0.6600,7.1418,3.7519,1.9035,14.0742
2005-05-30,0.6700,7.0471,3.8097,1.8498,15.6109
2005-05-31,0.6600,7.1418,3.8469,1.8565,15.5172
2005-06-01,0.6500,7.2610,3.8036,1.9090,13.8868
2005-06-02,0.6400,7.3843,3.7773,1.9549,11.4318
2005-06-03,0.6500,7.2500,3.7774,1.9193,13.4558
2005-06-06,0.6600,7.1632,3.7150,1.9282,12.8373
2005-06-07,0.6600,7.1847,3.7696,1.9060,13.9618
2005-06-08,0.7100,6.6643,3.7747,1.7655,18.6282
2005-06-09,0.7000,6.7205,3.7642,1.7854,17.9535
2005-06-10,0.7100,6.6736,3.7272,1.7905,17.7286
2005-06-13,0.7000,6.7300,3.7023,1.8178,16.6979
2005-06-14,0.7000,6.7680,3.7634,1.7984,17.4288
2005-06-15,0.6900,6.8455,3.5681,1.9185,13.5307
2005-06-16,0.7200,6.5369,3.4959,1.8699,15.2174
2005-06-17,0.7300,6.4142,3.4813,1.8425,15.8733
2005-06-20,0.7400,6.3294,3.5217,1.7973,17.4850
2005-06-21,0.7500,6.2961,3.5434,1.7769,18.2346
2005-06-22,0.7600,6.1982,3.5291,1.7563,18.8531
2005-06-23,0.7500,6.2961,3.4210,1.8404,15.9295
2005-06-24,0.7500,6.2795,3.5004,1.7939,17.5975
2005-06-27,0.7500,6.2467,3.7683,1.6577,22.7324
2005-06-29,0.7400,6.3546,3.5861,1.7720,18.3658
2005-06-30,0.7500,6.2549,3.6530,1.7123,20.3898
2005-07-01,0.7200,6.5014,3.5783,1.8169,16.7354
2005-07-04,0.7300,6.4401,3.5905,1.7936,17.6162
2005-07-05,0.7300,6.4662,3.5329,1.8303,16.3043
2005-07-06,0.7300,6.4575,3.5360,1.8262,16.3793
2005-07-07,0.7200,6.5102,3.3891,1.9209,13.2871
2005-07-08,0.7100,6.6274,3.3102,2.0021,9.7264
2005-07-11,0.7200,6.5369,3.3298,1.9632,10.8696
2005-07-12,0.7700,6.0801,3.2836,1.8517,15.5922
2005-07-13,0.7600,6.1902,3.2273,1.9181,13.5495
2005-07-14,0.7600,6.1583,3.2041,1.9220,13.2121
2005-07-15,0.7700,6.1425,3.2849,1.8699,15.1987
2005-07-18,0.7800,6.0646,3.3014,1.8370,16.0420
2005-07-19,0.7800,6.0417,3.3426,1.8075,17.0540
2005-07-20,0.7800,6.0570,3.3833,1.7903,17.7474
2005-07-21,0.7800,6.0417,3.3861,1.7843,17.9910
2005-07-22,0.8100,5.8496,3.3633,1.7392,19.4715
2005-07-25,0.8100,5.7860,3.4366,1.6836,21.5142
2005-07-26,0.8200,5.7581,3.4747,1.6572,22.8261
2005-07-27,0.8200,5.7651,3.5569,1.6208,24.3066
2005-07-28,0.8100,5.7790,3.3667,1.7165,20.2024
2005-07-29,0.8200,5.7374,3.3874,1.6937,21.1019
2005-08-01,0.8000,5.8856,3.2113,1.8328,16.2106
2005-08-02,0.8100,5.8283,3.2981,1.7672,18.5532
2005-08-03,0.8100,5.8212,3.2242,1.8055,17.1102
2005-08-04,0.8100,5.8425,3.1522,1.8535,15.5735
2005-08-05,0.8300,5.6829,3.1511,1.8035,17.2039
2005-08-08,0.8300,5.6494,3.1784,1.7774,18.1972
2005-08-09,0.8400,5.6294,3.2738,1.7195,20.1462
2005-08-10,0.8500,5.5318,3.2313,1.7119,20.4273
2005-08-11,0.8600,5.4623,3.2997,1.6554,22.9010
2005-08-12,0.8400,5.6228,3.2928,1.7076,20.5772
2005-08-15,0.8500,5.5318,3.3398,1.6563,22.8636
2005-08-16,0.8400,5.6360,3.3064,1.7046,20.7271
2005-08-17,0.8400,5.5965,3.3434,1.6739,21.9265
2005-08-18,0.8100,5.8141,3.2974,1.7632,18.7031
2005-08-19,0.8200,5.7100,3.3922,1.6833,21.5330
2005-08-22,0.8200,5.7100,3.3074,1.7264,19.9588
2005-08-23,0.8200,5.7651,3.2609,1.7679,18.5157
2005-08-24,0.8300,5.6494,3.3213,1.7010,20.8396
2005-08-25,0.8400,5.6162,3.4579,1.6242,24.0817
2005-08-26,0.8400,5.6228,3.4414,1.6339,23.8006
2005-08-29,0.8300,5.6627,3.4528,1.6400,23.5945
2005-08-30,0.8300,5.6560,3.5014,1.6154,24.4940
2005-08-31,0.8300,5.6427,3.5608,1.5847,25.4123
2005-09-01,0.8500,5.5510,3.5110,1.5810,25.5622
2005-09-02,0.8500,5.5446,3.5395,1.5665,26.0682
2005-09-05,0.8400,5.5900,3.5278,1.5846,25.4310
2005-09-06,0.8300,5.6964,3.4421,1.6549,22.9198
2005-09-07,0.8300,5.6694,3.4427,1.6468,23.2759
2005-09-08,0.8400,5.6030,3.3796,1.6579,22.6949
2005-09-09,0.8300,5.6427,3.3622,1.6783,21.7391
2005-09-12,0.8500,5.5575,3.3343,1.6668,22.2451
2005-09-13,0.8500,5.5382,3.2859,1.6854,21.4393
2005-09-14,0.8700,5.4068,3.3046,1.6361,23.7444
2005-09-15,0.8700,5.4007,3.3103,1.6315,23.8943
2005-09-16,0.8800,5.3764,3.1838,1.6887,21.2706
2005-09-19,0.8700,5.4068,3.2322,1.6728,22.0390
2005-09-20,0.8600,5.4937,3.3878,1.6216,24.2504
2005-09-21,0.8400,5.6360,3.3698,1.6725,22.0577
2005-09-22,0.8100,5.7860,3.2080,1.8036,17.1852
2005-09-23,0.8000,5.8568,3.2703,1.7909,17.7099
2005-09-26,0.8100,5.8283,3.3604,1.7344,19.6964
2005-09-27,0.7900,5.9367,3.3999,1.7461,19.2841
2005-09-29,0.8100,5.8496,3.1869,1.8355,16.0982
2005-09-30,0.8200,5.7651,3.2404,1.7791,18.1597
2005-10-10,0.8300,5.7032,3.1841,1.7911,17.6912
2005-10-11,0.8300,5.6494,2.9987,1.8839,14.8613
2005-10-12,0.8400,5.6294,3.0104,1.8700,15.1799
2005-10-13,0.8400,5.6294,2.9959,1.8790,15.0112
2005-10-14,0.8100,5.8141,3.0171,1.9270,12.9685
2005-10-17,0.8200,5.7651,2.9694,1.9415,12.0877
2005-10-18,0.8000,5.8712,2.9479,1.9917,10.0262
2005-10-19,0.8300,5.6964,2.9127,1.9557,11.3756
2005-10-20,0.8600,5.4499,2.8718,1.8977,14.3366
2005-10-21,0.8600,5.4874,2.8919,1.8975,14.3741
2005-10-24,0.8600,5.4811,2.7938,1.9619,10.9445
2005-10-25,0.8500,5.5575,2.9220,1.9020,14.1867
2005-10-26,0.8200,5.7443,2.8096,2.0445,8.8643
2005-10-27,0.8200,5.7651,2.8717,2.0076,9.5765
2005-10-28,0.8200,5.7651,2.9417,1.9598,11.0570
2005-10-31,0.8400,5.6162,3.0613,1.8346,16.1169
2005-11-01,0.8500,5.5640,2.9800,1.8671,15.2924
2005-11-02,0.8400,5.6030,2.9790,1.8808,14.9363
2005-11-03,0.8100,5.8354,3.0094,1.9391,12.3313
2005-11-04,0.8200,5.7651,3.1710,1.8181,16.6604
2005-11-07,0.8000,5.8640,3.0234,1.9395,12.2751
2005-11-08,0.8200,5.7720,3.1039,1.8596,15.4798
2005-11-09,0.8200,5.7168,3.1317,1.8255,16.3981
2005-11-10,0.8200,5.7720,3.1441,1.8358,16.0795
2005-11-11,0.8200,5.7443,3.1598,1.8179,16.6792
2005-11-14,0.8000,5.8856,3.1996,1.8395,16.0045
2005-11-15,0.8000,5.8712,3.1920,1.8393,16.0232
2005-11-16,0.8100,5.7930,3.5099,1.6505,23.1259
2005-11-17,0.8100,5.7930,3.4509,1.6787,21.7204
2005-11-18,0.8500,5.5318,3.4946,1.5830,25.4873
2005-11-21,0.8500,5.5575,3.4832,1.5955,25.0562
2005-11-22,0.8300,5.6560,3.3614,1.6826,21.5892
2005-11-23,0.8500,5.5704,3.3553,1.6602,22.5825
2005-11-24,0.8600,5.4874,3.4622,1.5849,25.3748
2005-11-25,0.8600,5.4811,3.4343,1.5960,25.0187
2005-11-28,0.8500,5.5254,3.4318,1.6101,24.6252
2005-11-29,0.8500,5.5318,3.3613,1.6457,23.3508
2005-11-30,0.8700,5.4313,3.3255,1.6332,23.8193
2005-12-01,0.8600,5.5063,3.3169,1.6601,22.6012
2005-12-02,0.8600,5.4499,3.2544,1.6746,21.8516
2005-12-05,0.8600,5.4874,3.3185,1.6536,23.0510
2005-12-06,0.8700,5.3946,3.2601,1.6547,22.9760
2005-12-07,0.8700,5.3825,3.2690,1.6465,23.2946
2005-12-08,0.8700,5.4437,3.2844,1.6574,22.7699
2005-12-09,0.8900,5.2815,3.3271,1.5874,25.3561
2005-12-12,0.9000,5.2525,3.2389,1.6217,24.2316
2005-12-13,0.9000,5.2525,3.2956,1.5938,25.1124
2005-12-14,0.9200,5.1341,3.2309,1.5891,25.2811
2005-12-15,0.9200,5.1286,3.2145,1.5955,25.0750
2005-12-16,0.9200,5.1396,3.1767,1.6179,24.4003
2005-12-19,0.9200,5.1452,3.1542,1.6312,23.9318
2005-12-20,0.9400,5.0052,3.1905,1.5688,25.9370
2005-12-21,0.9400,4.9948,3.1296,1.5960,25.0375
2005-12-22,0.9600,4.9228,3.2789,1.5014,28.1859
2005-12-23,0.9600,4.9127,3.1474,1.5609,26.3118
2005-12-26,0.9700,4.8382,3.2171,1.5039,27.9985
2005-12-27,0.9500,4.9534,3.2485,1.5248,27.2676
2005-12-28,0.9500,4.9534,3.1641,1.5655,26.1244
2005-12-29,0.9600,4.9127,3.1746,1.5475,26.6117
2005-12-30,0.9600,4.9077,3.2236,1.5224,27.3426
2006-01-04,1.0100,5.0927,3.0720,1.6578,22.7136
2006-01-05,1.0300,5.0096,2.9971,1.6715,22.0952
2006-01-06,1.0600,4.8694,3.0848,1.5785,25.6372
2006-01-09,1.0400,4.9292,3.0634,1.6091,24.6814
2006-01-10,1.0500,4.9153,3.0476,1.6128,24.5127
2006-01-11,1.0500,4.9014,3.0678,1.5977,24.9250
2006-01-12,1.0500,4.8739,3.0432,1.6016,24.7564
2006-01-13,1.0300,5.0096,3.0229,1.6572,22.8073
2006-01-16,0.9900,5.1837,3.0311,1.7102,20.5022
2006-01-17,1.0100,5.0680,3.0129,1.6821,21.6267
2006-01-18,1.0800,4.7671,2.9972,1.5905,25.2436
2006-01-19,1.1000,4.6900,2.9916,1.5677,25.9933
2006-01-20,1.0900,4.6985,3.0439,1.5436,26.6492
2006-01-23,1.0800,4.7498,3.0789,1.5427,26.6679
2006-01-24,1.0800,4.7758,2.9676,1.6093,24.6627
2006-01-25,1.1100,4.6318,2.9589,1.5654,26.1432
2006-02-06,1.1400,4.5234,3.0107,1.5024,28.1109
2006-02-07,1.1100,4.6359,2.9412,1.5762,25.6934
2006-02-08,1.1200,4.6032,2.9715,1.5491,26.5555
2006-02-09,1.0900,4.7325,2.8715,1.6481,23.2196
2006-02-10,1.0900,4.7154,2.8673,1.6445,23.4633
2006-02-13,1.0900,4.7197,2.8475,1.6575,22.7511
2006-02-14,1.1000,4.6858,2.8723,1.6314,23.9130
2006-02-16,1.1100,4.6236,2.8750,1.6082,24.7001
2006-02-17,1.1400,4.5078,2.9412,1.5326,26.9490
2006-02-20,1.1500,4.4577,2.9124,1.5306,27.0427
2006-02-21,1.1700,4.3866,2.9955,1.4644,29.9663
2006-02-22,1.1600,4.4125,2.9172,1.5126,27.6049
2006-02-23,1.1800,4.3500,2.9937,1.4531,30.5285
2006-02-24,1.2000,4.2822,2.9451,1.4540,30.4910
2006-03-09,1.0800,4.7411,2.8800,1.6462,23.3321
2006-03-10,1.0700,4.8155,2.8900,1.6663,22.2639
2006-03-13,1.0800,4.7411,2.9000,1.6349,23.7819
2006-03-14,1.0500,4.9060,2.9000,1.6917,21.1769
2006-03-15,1.0600,4.8558,2.9100,1.6687,22.2076
2006-03-16,1.0700,4.8155,2.9100,1.6548,22.9573
2006-03-17,1.0600,4.8468,2.9200,1.6599,22.6199
2006-03-20,1.0700,4.8066,2.9300,1.6405,23.5757
2006-05-12,1.3100,1.1753,3.0200,0.3892,67.4850
2006-05-15,1.2900,1.1905,3.0300,0.3929,67.0352
2006-05-16,1.2800,1.1952,3.0200,0.3958,66.6604
2006-05-17,1.3000,1.1823,3.0000,0.3941,66.8385
2006-05-18,1.2700,1.2048,3.0000,0.4016,65.8171
2006-05-19,1.2900,1.1893,2.9900,0.3978,66.5105
2006-05-22,1.2600,1.2158,3.0000,0.4053,65.5172
2006-05-23,1.2200,1.2618,3.0200,0.4178,64.3366
2006-05-24,1.2800,1.2000,3.0000,0.4000,66.1169
2006-05-25,1.2900,1.2060,3.0000,0.4020,65.7984
2006-05-26,1.3200,1.1742,3.0000,0.3914,67.2414
2006-05-29,1.3300,1.1730,3.0300,0.3871,67.7474
2006-05-31,1.2900,1.2036,3.0200,0.3985,66.3793
2006-06-01,1.3200,1.1799,3.0300,0.3894,67.4663
2006-06-02,1.3000,1.2000,3.0500,0.3934,66.9415
2006-06-05,1.2900,1.2097,3.0300,0.3992,66.2669
2006-06-06,1.2700,1.2257,3.0200,0.4059,65.4423
2006-06-07,1.1800,1.3216,3.0500,0.4333,63.7369
2006-06-08,1.1600,1.3408,3.0500,0.4396,63.4745
2006-06-09,1.1300,1.3714,3.0300,0.4526,63.0435
2006-06-12,1.1800,1.3230,3.0500,0.4338,63.6807
2006-06-13,1.1500,1.3498,3.0800,0.4382,63.5495
2006-06-14,1.1300,1.3761,3.0900,0.4453,63.3058
2006-06-16,1.2100,1.2903,3.1000,0.4162,64.4865
2006-06-19,1.1900,1.3029,3.1200,0.4176,64.3741
2006-06-20,1.2300,1.2645,3.1000,0.4079,65.3298
2006-06-21,1.2200,1.2766,3.1500,0.4053,65.4985
2006-06-22,1.2400,1.2513,3.1200,0.4011,65.8921
2006-06-23,1.2700,1.2220,3.1300,0.3904,67.3726
2006-06-26,1.3000,1.2000,3.1500,0.3810,68.4220
2006-06-27,1.2700,1.2245,3.1500,0.3887,67.5600
2006-06-28,1.2600,1.2320,3.1500,0.3911,67.2976
2006-06-29,1.2800,1.2146,3.1500,0.3856,67.9348
2006-06-30,1.2800,1.2109,3.1650,0.3826,68.1222
2006-07-03,1.3300,1.1650,3.1590,0.3688,69.6777
2006-07-04,1.3100,1.1846,3.1500,0.3761,69.0405
2006-07-05,1.2500,1.2410,3.1800,0.3903,67.3913
2006-07-06,1.2600,1.2333,3.1720,0.3888,67.5412
2006-07-07,1.2400,1.2579,3.1800,0.3956,66.6792
2006-07-10,1.2500,1.2410,3.1729,0.3911,67.2789
2006-07-11,1.2600,1.2295,3.1689,0.3880,67.5975
2006-07-12,1.2600,1.2358,3.2000,0.3862,67.8973
2006-07-13,1.2000,1.2931,3.2300,0.4003,66.0607
2006-07-14,1.2100,1.2821,3.2350,0.3963,66.5855
2006-07-17,1.2100,1.2821,3.2000,0.4007,66.0045
2006-07-18,1.2100,1.2834,3.2000,0.4011,65.8733
2006-07-19,1.2000,1.3001,3.1900,0.4076,65.3673
2006-07-20,1.2000,1.2945,3.2000,0.4045,65.6297
2006-07-21,1.2200,1.2780,3.2000,0.3994,66.2481
2006-07-24,1.2200,1.2698,3.2500,0.3907,67.3351
2006-07-25,1.2100,1.2889,3.2400,0.3978,66.4918
2006-07-26,1.2100,1.2889,3.2500,0.3966,66.5480
2006-07-27,1.1900,1.3058,3.2750,0.3987,66.3606
2006-07-28,1.1700,1.3245,3.2500,0.4075,65.3861
2006-07-31,1.1400,1.3636,3.2600,0.4183,64.2804
2006-08-01,1.1400,1.3699,3.2500,0.4215,64.0930
2006-08-02,1.1300,1.3793,3.2500,0.4244,64.0367
2006-08-03,1.1500,1.3529,3.2400,0.4176,64.3928
2006-08-04,1.1400,1.3590,3.2500,0.4182,64.3178
2006-08-07,1.1500,1.3514,3.2500,0.4158,64.5802
2006-08-08,1.1800,1.3172,3.2500,0.4053,65.4798
2006-08-09,1.1700,1.3333,3.2600,0.4090,65.2361
2006-08-10,1.1900,1.3029,3.2600,0.3997,66.1919
2006-08-11,1.2000,1.2959,3.2550,0.3981,66.4168
2006-08-14,1.2000,1.3001,3.2450,0.4006,66.0232
2006-08-15,1.2200,1.2766,3.2450,0.3934,66.9603
2006-08-16,1.2300,1.2605,3.2400,0.3890,67.5037
2006-08-17,1.2100,1.2848,3.2400,0.3965,66.5667
2006-08-18,1.2000,1.2917,3.2000,0.4037,65.6672
2006-08-21,1.2200,1.2766,3.2600,0.3916,67.2226
2006-08-22,1.2400,1.2526,3.2540,0.3849,67.9723
2006-08-23,1.2500,1.2410,3.2510,0.3817,68.2534
2006-08-24,1.2500,1.2397,3.2480,0.3817,68.2909
2006-08-25,1.2400,1.2513,3.2389,0.3863,67.8598
2006-08-28,1.2800,1.2109,3.2560,0.3719,69.4340
2006-08-29,1.2700,1.2282,3.2500,0.3779,68.7969
2006-08-30,1.2600,1.2320,3.2400,0.3802,68.5907
2006-08-31,1.2700,1.2208,3.2380,0.3770,68.9093
2006-09-01,1.2400,1.2500,3.2300,0.3870,67.7661
2006-09-04,1.2600,1.2320,3.2300,0.3814,68.3471
2006-09-05,1.2800,1.2133,3.2250,0.3762,69.0030
2006-09-06,1.3000,1.1964,3.2100,0.3727,69.3403
2006-09-07,1.3000,1.1940,3.2010,0.3730,69.3216
2006-09-08,1.3300,1.1707,3.2000,0.3658,69.8838
2006-09-11,1.3700,1.1321,3.2000,0.3538,70.4648
2006-09-12,1.3600,1.1429,3.1800,0.3594,70.3148
2006-09-13,1.3700,1.1353,3.1800,0.3570,70.3898
2006-09-14,1.3600,1.1472,3.1720,0.3617,70.2024
2006-09-15,1.3600,1.1461,3.1700,0.3615,70.2211
2006-09-18,1.3300,1.1707,3.1550,0.3711,69.5277
2006-09-19,1.3500,1.1550,3.1500,0.3667,69.8276
2006-09-20,1.3700,1.1310,3.1300,0.3613,70.2399
2006-09-21,1.4100,1.1019,3.1100,0.3543,70.4460
2006-09-22,1.3800,1.1278,3.0500,0.3698,69.6027
2006-09-25,1.3400,1.1605,3.0000,0.3868,67.7849
2006-09-26,1.3200,1.1823,3.0000,0.3941,66.8385
2006-09-27,1.3500,1.1538,3.0000,0.3846,68.0285
2006-09-28,1.3600,1.1472,3.0000,0.3824,68.1972
2006-09-29,1.3800,1.1299,3.0000,0.3766,68.9468
2006-10-09,1.5100,1.0274,3.0000,0.3425,70.6709
2006-10-10,1.5300,1.0169,2.9900,0.3401,70.7084
2006-10-11,1.5500,1.0025,2.9700,0.3375,70.8583
2006-10-12,1.5700,0.9901,2.9552,0.3350,70.9708
2006-10-13,1.5800,0.9852,2.9541,0.3335,70.9895
2006-10-16,1.6100,0.9677,2.9567,0.3273,71.0645
2006-10-17,1.5600,0.9959,2.9533,0.3372,70.8958
2006-10-18,1.6700,0.9295,2.9535,0.3147,71.6267
2006-10-19,1.6800,0.9266,2.9540,0.3137,71.7579
2006-10-20,1.7000,0.9125,2.9523,0.3091,72.0390
2006-10-23,1.6500,0.9404,2.9492,0.3189,71.3268
2006-10-24,1.7000,0.9146,2.9385,0.3112,71.8703
2006-10-25,1.7900,0.8702,2.9498,0.2950,73.0322
2006-10-26,1.8200,0.8559,2.9374,0.2914,73.3321
2006-10-27,1.7800,0.8746,2.9397,0.2975,72.7511
2006-10-30,1.7400,0.8955,2.9406,0.3045,72.3763
2006-10-31,1.8100,0.8584,2.9512,0.2909,73.4070
2006-11-01,1.7900,0.8677,2.9545,0.2937,73.2384
2006-11-02,1.7300,0.9002,2.9557,0.3046,72.3576
2006-11-03,1.7600,0.8837,2.9561,0.2989,72.6762
2006-11-06,1.7600,0.8837,2.9844,0.2961,72.8636
2006-11-07,1.8600,0.8351,2.9890,0.2794,74.4003
2006-11-08,1.8100,0.8584,2.9781,0.2882,73.6507
2006-11-09,1.9100,0.8147,2.9720,0.2741,75.0375
2006-11-10,1.9600,0.7916,2.9595,0.2675,76.0682
2006-11-13,1.8700,0.8322,2.9494,0.2822,74.1567
2006-11-14,1.9400,0.8005,2.9682,0.2697,75.7684
2006-11-15,1.9700,0.7879,2.9688,0.2654,76.4243
2006-11-22,2.1300,0.6578,3.0518,0.2155,81.8591
2006-11-23,2.1400,0.6518,3.0609,0.2129,82.2151
2006-11-24,2.0800,0.6721,3.0655,0.2192,81.4468
2006-11-27,2.0200,0.6938,3.0200,0.2297,80.8096
2006-11-28,2.0500,0.6806,2.9886,0.2277,80.9970
2006-11-29,2.0600,0.6772,2.9811,0.2272,81.0532
2006-11-30,2.1800,0.6410,2.9781,0.2152,81.9715
2006-12-01,2.1400,0.6522,2.9936,0.2179,81.5217
2006-12-04,2.2300,0.6279,2.9895,0.2100,82.5337
2006-12-05,2.2400,0.6243,2.9912,0.2087,82.6274
2006-12-06,2.2000,0.6346,2.9851,0.2126,82.2714
2006-12-07,2.2100,0.6320,2.9947,0.2110,82.4213
2006-12-08,2.1200,0.6590,3.0351,0.2171,81.6529
2006-12-11,2.1900,0.6372,3.0527,0.2087,82.6087
2006-12-12,2.2400,0.6243,3.0393,0.2054,82.9460
2006-12-13,2.2000,0.6353,3.0461,0.2086,82.6649
2006-12-14,2.1800,0.6399,3.0335,0.2109,82.4400
2006-12-15,2.2900,0.6112,3.0402,0.2010,83.3583
2006-12-18,2.3400,0.5987,3.0307,0.1975,83.7706
2006-12-19,2.3100,0.6064,3.0232,0.2006,83.4145
2006-12-20,2.2800,0.6129,3.0267,0.2025,83.2459
2006-12-21,2.2300,0.6272,3.0199,0.2077,82.7211
2006-12-22,2.2500,0.6204,3.0364,0.2043,83.0960
2006-12-25,2.3800,0.5876,3.0408,0.1932,84.2579
2006-12-26,2.3500,0.5947,3.0419,0.1955,84.0517
2006-12-27,2.5100,0.5569,3.0408,0.1831,85.9820
2006-12-28,2.6100,0.5348,3.0260,0.1767,87.5375
2006-12-29,2.7600,0.5062,3.0202,0.1676,88.9243
2007-01-04,2.7800,0.5446,3.0239,0.1801,86.7129
2007-01-05,2.7000,0.5611,3.0211,0.1857,85.4010
2007-01-08,2.7500,0.5500,3.0356,0.1812,86.5255
2007-01-09,2.9500,0.5128,3.0231,0.1696,88.7369
2007-01-10,3.0600,0.4946,3.0102,0.1643,89.1304
2007-01-11,3.0100,0.5033,3.0047,0.1675,88.9430
2007-01-12,2.9300,0.5171,3.0202,0.1712,88.4558
2007-01-15,3.1000,0.4880,3.0167,0.1618,89.5802
2007-01-16,3.0800,0.4915,3.0175,0.1629,89.4115
2007-01-17,2.9700,0.5095,3.0176,0.1688,88.8306
2007-01-18,2.7700,0.5464,3.0273,0.1805,86.6567
2007-01-19,2.8300,0.5356,3.0320,0.1766,87.5562
2007-01-22,2.9300,0.5173,3.0277,0.1709,88.5120
2007-01-23,3.2200,0.4703,3.0373,0.1548,90.1237
2007-01-24,3.2000,0.4732,3.0267,0.1563,90.0487
2007-01-25,3.1600,0.4796,3.0320,0.1582,89.8988
2007-01-26,3.4400,0.4397,3.0374,0.1448,90.5172
2007-01-29,3.5200,0.4298,3.0427,0.1413,90.5547
2007-01-30,3.4100,0.4439,3.0559,0.1453,90.4798
2007-01-31,3.2400,0.4677,3.0671,0.1525,90.2736
2007-02-01,3.1900,0.4753,3.0676,0.1549,90.1049
2007-02-02,2.9800,0.5081,3.0598,0.1661,89.0930
2007-02-05,2.8100,0.5386,3.0765,0.1751,87.8186
2007-02-06,3.0000,0.5044,3.0705,0.1643,89.1492
2007-02-07,3.1100,0.4870,3.0704,0.1586,89.8426
2007-02-08,3.0500,0.4969,3.0814,0.1613,89.6739
2007-02-09,2.9200,0.5185,3.1171,0.1663,89.0555
2007-02-12,3.1300,0.4841,3.1355,0.1544,90.1799
2007-02-13,3.1900,0.4745,3.1367,0.1513,90.3111
2007-02-14,3.2400,0.4667,3.1370,0.1488,90.3673
2007-02-15,3.3200,0.4562,3.1365,0.1454,90.4610
2007-02-16,3.3000,0.4585,3.1361,0.1462,90.4235
2007-02-26,3.1400,0.4817,3.1200,0.1544,90.1987
2007-02-27,2.8300,0.5349,3.1468,0.1700,88.6994
2007-02-28,2.8900,0.5236,3.1466,0.1664,89.0367
2007-03-01,2.8300,0.5344,3.1553,0.1694,88.7556
2007-03-02,2.8400,0.5324,3.1683,0.1680,88.8681
2007-03-05,2.8100,0.5398,3.1726,0.1701,88.6432
2007-03-06,3.0600,0.4952,3.1790,0.1558,90.0862
2007-03-07,3.1000,0.4890,3.1900,0.1533,90.2361
2007-03-08,3.1300,0.4839,3.2192,0.1503,90.3486
2007-03-09,3.2200,0.4709,3.2230,0.1461,90.4423
2007-03-12,3.1100,0.4870,3.2278,0.1509,90.3298
2007-03-13,3.0600,0.4950,3.2051,0.1544,90.1424
2007-03-14,2.9700,0.5101,3.2332,0.1578,89.9925
2007-03-15,3.1200,0.4847,3.2876,0.1474,90.3861
2007-03-16,2.9900,0.5057,3.3042,0.1530,90.2549
2007-03-19,3.2900,0.4607,3.3370,0.1381,90.6109
2007-03-20,3.2400,0.4669,3.3600,0.1390,90.5922
2007-03-21,3.3900,0.4466,3.4000,0.1314,90.8921
2007-03-22,3.4100,0.4447,3.3950,0.1310,90.9108
2007-03-23,3.3400,0.4537,3.4235,0.1325,90.7796
2007-03-26,3.3500,0.4525,3.4200,0.1323,90.7984
2007-03-27,3.2800,0.4617,3.4200,0.1350,90.6859
2007-03-28,3.3600,0.4505,3.4245,0.1316,90.8733
2007-03-29,3.4600,0.4379,3.4386,0.1273,91.3231
2007-03-30,3.4600,0.4374,3.4338,0.1274,91.3043
2007-04-02,3.6300,0.4168,3.4300,0.1215,91.8103
2007-04-03,3.6300,0.4175,3.4277,0.1218,91.7729
2007-04-04,3.6900,0.4104,3.4400,0.1193,92.0352
2007-04-05,3.7700,0.4017,3.4441,0.1166,92.4100
2007-04-06,3.6600,0.4137,3.4615,0.1195,91.9978
2007-04-09,3.7100,0.4086,3.4880,0.1171,92.3163
2007-04-10,3.8000,0.3990,3.4829,0.1146,92.6162
2007-04-11,3.9600,0.3825,3.4930,0.1095,93.4595
2007-04-12,3.8900,0.3890,3.4936,0.1113,93.0847
2007-04-13,3.8700,0.3917,3.5202,0.1113,93.1034
2007-04-16,3.9800,0.3807,3.5327,0.1078,93.7781
2007-04-17,3.8700,0.3917,3.5391,0.1107,93.2346
2007-04-18,3.7300,0.4057,3.5600,0.1140,92.6724
2007-04-19,3.5000,0.4324,3.5700,0.1211,91.8666
2007-04-20,3.6200,0.4181,3.5800,0.1168,92.3538
2007-04-23,3.7100,0.4086,3.5900,0.1138,92.6912
2007-04-24,3.6200,0.4183,3.6139,0.1157,92.4850
2007-04-25,3.7300,0.4055,3.6349,0.1116,92.9535
2007-04-26,3.6800,0.4118,3.5931,0.1146,92.5975
2007-04-27,3.5600,0.4251,3.5914,0.1184,92.1477
2007-04-30,3.4900,0.4345,3.5916,0.1210,91.9040
2007-05-08,3.6500,0.4155,3.5933,0.1156,92.5037
2007-05-09,3.7400,0.4045,3.5906,0.1127,92.8411
2007-05-10,3.8000,0.3990,3.6300,0.1099,93.3846
2007-05-11,3.8000,0.3990,3.6800,0.1084,93.6094
2007-05-14,3.7900,0.3994,3.7000,0.1079,93.7406
2007-05-15,3.5100,0.4317,3.7992,0.1136,92.7286
2007-05-16,3.5500,0.4272,3.8300,0.1115,92.9723
2007-05-17,3.6200,0.4183,3.8300,0.1092,93.5157
2007-05-18,3.5900,0.4213,3.8300,0.1100,93.3658
2007-05-21,3.5700,0.4242,3.9660,0.1070,93.9280
2007-05-23,3.5900,0.4219,4.0640,0.1038,94.3591
2007-05-24,3.7700,0.4015,4.0300,0.0996,94.9213
2007-05-25,3.8200,0.3970,4.0500,0.0980,95.2961
2007-05-28,3.8400,0.3942,4.0700,0.0969,95.5022
2007-05-29,3.8500,0.3932,4.0800,0.0964,95.6147
2007-05-30,3.9800,0.3808,4.0700,0.0936,95.9333
2007-05-31,4.3700,0.3462,4.0600,0.0853,96.7954
2007-06-01,4.2800,0.3540,4.0800,0.0868,96.7016
2007-06-04,4.2000,0.3603,4.1393,0.0870,96.6642
2007-06-05,4.2500,0.3564,4.1309,0.0863,96.7204
2007-06-06,4.1800,0.3622,4.1442,0.0874,96.6267
2007-06-07,4.2400,0.3571,4.1427,0.0862,96.7579
2007-06-08,4.0900,0.3698,4.1624,0.0888,96.5705
2007-06-11,4.1900,0.3616,4.1376,0.0874,96.6454
2007-06-12,4.2000,0.3608,4.2199,0.0855,96.7766
2007-06-13,4.3600,0.3475,4.2320,0.0821,96.8516
2007-06-14,4.4300,0.3418,4.2669,0.0801,96.8703
2007-06-15,4.6500,0.3254,4.3483,0.0748,97.0202
2007-06-18,4.7900,0.3159,4.3496,0.0726,97.1702
2007-06-19,4.7900,0.3161,4.3969,0.0719,97.2451
2007-06-20,4.5800,0.3310,4.4408,0.0745,97.0390
2007-06-21,4.7200,0.3211,4.4700,0.0718,97.2826
2007-06-22,4.8500,0.3126,4.4400,0.0704,97.3951
2007-06-25,4.9100,0.3086,4.4200,0.0698,97.5262
2007-06-26,4.8200,0.3142,4.4000,0.0714,97.3576
2007-06-27,5.0100,0.3024,4.3985,0.0688,97.5825
2007-06-28,4.8700,0.3109,4.4538,0.0698,97.5450
2007-06-29,4.7400,0.3194,4.4500,0.0718,97.3013
2007-07-02,4.6000,0.3294,4.4500,0.0740,97.0765
2007-07-03,4.6500,0.3256,4.4726,0.0728,97.1514
2007-07-04,4.4400,0.3409,4.4745,0.0762,96.9828
2007-07-05,4.3500,0.3483,4.4750,0.0778,96.9078
2007-07-06,4.4900,0.3374,4.4261,0.0762,96.9640
2007-07-09,4.6200,0.3280,4.4172,0.0743,97.0577
2007-07-10,4.6900,0.3232,4.4896,0.0720,97.2264
2007-07-11,4.7200,0.3206,4.4773,0.0716,97.3388
2007-07-12,4.8300,0.3133,4.4777,0.0700,97.4888
2007-07-13,4.7200,0.3207,4.4634,0.0719,97.2639
2007-07-16,4.5200,0.3350,4.4540,0.0752,97.0015
2007-07-17,4.7100,0.3217,4.4542,0.0722,97.1889
2007-07-18,4.7600,0.3195,4.4547,0.0717,97.3201
2007-07-19,4.8600,0.3127,4.4550,0.0702,97.4513
2007-07-20,5.3500,0.2846,4.4551,0.0639,97.8448
2007-07-23,5.4200,0.2804,4.4770,0.0626,97.9198
2007-07-24,5.4400,0.2794,4.4651,0.0626,97.9385
2007-07-25,5.5100,0.2763,4.3300,0.0638,97.8636
2007-07-26,5.3900,0.2824,4.3086,0.0655,97.7886
2007-07-27,5.2700,0.2888,4.3399,0.0665,97.7136
2007-07-30,5.3400,0.2850,4.2848,0.0665,97.7324
2007-07-31,5.2400,0.2904,4.3401,0.0669,97.6762
2007-08-01,5.2600,0.2894,4.2857,0.0675,97.6387
2007-08-02,5.4400,0.2795,4.2594,0.0656,97.7699
2007-08-03,5.7600,0.2642,4.2855,0.0616,97.9573
2007-08-06,5.8600,0.2595,4.3861,0.0592,98.2384
2007-08-07,5.7400,0.2651,4.3775,0.0606,98.0885
2007-08-08,5.7300,0.2656,4.3166,0.0615,97.9760
2007-08-09,5.8800,0.2586,4.3178,0.0599,98.1822
2007-08-10,5.8000,0.2621,4.3378,0.0604,98.1072
2007-08-13,5.7300,0.2656,4.3570,0.0610,98.0135
2007-08-14,5.9200,0.2570,4.3568,0.0590,98.2571
2007-08-15,5.9800,0.2543,4.3541,0.0584,98.2946
2007-08-16,5.7600,0.2640,4.3529,0.0606,98.0697
2007-08-17,5.4700,0.2780,4.3038,0.0646,97.8073
2007-08-20,5.8500,0.2599,4.2636,0.0610,98.0510
2007-08-21,6.1000,0.2492,4.2445,0.0587,98.2759
2007-08-22,6.4300,0.2366,4.2270,0.0560,98.3883
2007-08-23,6.5000,0.2340,4.2064,0.0556,98.4258
2007-08-24,6.8600,0.2218,4.2164,0.0526,98.7444
2007-08-27,6.7700,0.2247,4.1360,0.0543,98.4820
2007-08-28,6.7700,0.2247,4.2049,0.0534,98.6319
2007-08-29,6.7500,0.2253,4.2766,0.0527,98.7256
2007-08-30,6.8900,0.2207,4.2739,0.0516,99.0255
2007-08-31,7.1600,0.2125,4.2743,0.0497,99.3441
2007-09-03,7.2900,0.2085,4.2350,0.0492,99.4190
2007-09-04,7.0800,0.2150,4.2328,0.0508,99.1754
2007-09-05,6.9200,0.2197,4.2440,0.0518,98.9880
2007-09-06,6.9300,0.2195,4.2677,0.0514,99.0817
2007-09-07,6.7600,0.2251,4.2872,0.0525,98.7819
2007-09-10,6.9200,0.2197,4.2946,0.0512,99.1004
2007-09-11,6.6300,0.2294,4.3615,0.0526,98.7631
2007-09-12,6.4800,0.2349,4.3788,0.0536,98.5757
2007-09-13,6.6300,0.2296,4.3892,0.0523,98.8756
2007-09-14,6.6300,0.2296,4.4893,0.0511,99.1192
2007-09-17,6.7100,0.2267,4.5421,0.0499,99.3066
2007-09-18,6.4900,0.2342,4.5436,0.0515,99.0442
2007-09-19,6.4400,0.2360,4.5474,0.0519,98.9318
2007-09-20,6.4700,0.2350,4.5477,0.0517,99.0067
2007-09-21,6.3700,0.2386,4.4950,0.0531,98.7069
2007-09-24,6.5300,0.2328,4.4930,0.0518,98.9693
2007-09-25,6.4700,0.2351,4.4859,0.0524,98.8381
2007-09-26,6.3400,0.2399,4.4450,0.0540,98.5382
2007-09-27,6.5600,0.2319,4.4200,0.0525,98.8006
2007-09-28,6.8300,0.2226,4.3900,0.0507,99.2129
2007-10-08,7.1700,0.2121,4.3664,0.0486,99.5315
2007-10-09,7.1600,0.2126,4.3700,0.0486,99.4753
2007-10-10,7.0400,0.2159,4.3737,0.0494,99.4003
2007-10-11,7.2800,0.2088,4.3732,0.0477,99.6814
2007-10-12,7.1600,0.2125,4.3723,0.0486,99.4940
2007-10-15,7.0200,0.2166,4.3746,0.0495,99.3816
2007-10-16,7.1700,0.2122,4.3743,0.0485,99.5502
2007-10-17,7.1200,0.2135,4.4500,0.0480,99.6439
2007-10-18,6.7200,0.2263,4.4600,0.0507,99.1942
2007-10-19,6.6600,0.2282,4.4700,0.0511,99.1379
2007-10-22,6.7700,0.2247,4.4800,0.0502,99.2504
2007-10-23,6.8400,0.2222,4.4850,0.0495,99.3628
2007-10-24,7.1500,0.2126,4.4850,0.0474,99.7376
2007-10-25,7.1700,0.2122,4.4850,0.0473,99.7564
2007-10-26,7.5600,0.2013,4.4850,0.0449,99.9625
2007-10-29,7.5500,0.2013,4.4800,0.0449,99.9250
2007-10-30,7.5200,0.2024,4.4840,0.0451,99.9063
2007-10-31,7.6500,0.1988,4.4937,0.0442,99.9813
2007-11-01,7.7700,0.1958,4.5000,0.0435,100.0000
2007-11-02,7.5300,0.2020,4.5000,0.0449,99.9438
2007-11-05,7.1500,0.2128,4.5263,0.0470,99.7939
2007-11-06,7.0500,0.2156,4.5248,0.0476,99.7001
2007-11-07,7.2500,0.2099,4.5441,0.0462,99.8688
2007-11-08,6.8900,0.2208,4.5441,0.0486,99.5127
2007-11-09,6.9900,0.2177,4.5743,0.0476,99.7189
2007-11-12,7.2200,0.2108,4.5863,0.0460,99.8876
2007-11-13,6.8800,0.2210,4.5861,0.0482,99.5877
2007-11-14,7.0200,0.2168,4.5922,0.0472,99.7751
2007-11-15,7.1300,0.2133,4.5973,0.0464,99.8501
2007-11-16,6.8800,0.2211,4.5974,0.0481,99.6064
2007-11-19,6.6100,0.2301,4.5822,0.0502,99.2316
2007-11-20,6.5400,0.2324,4.5569,0.0510,99.1567
2007-11-21,6.4200,0.2368,4.5450,0.0521,98.9130
2007-11-22,6.1100,0.2491,4.5500,0.0547,98.4633
2007-11-23,6.2500,0.2435,4.5400,0.0536,98.5945
2007-11-26,6.2200,0.2444,4.5350,0.0539,98.5570
2007-11-27,6.2100,0.2451,4.5247,0.0542,98.5007
2007-11-28,6.2400,0.2437,4.5089,0.0540,98.5195
2007-11-29,6.7300,0.2260,4.5084,0.0501,99.2691
2007-11-30,6.7500,0.2252,4.5086,0.0499,99.2879
2007-12-03,6.9800,0.2178,4.5085,0.0483,99.5690
2007-12-04,6.9200,0.2198,4.5085,0.0488,99.4565
2007-12-05,7.0200,0.2166,4.5096,0.0480,99.6252
2007-12-06,7.2600,0.2096,4.5038,0.0465,99.8313
2007-12-07,7.2400,0.2102,4.5043,0.0467,99.8126
2007-12-10,7.0600,0.2154,4.4996,0.0479,99.6627
2007-12-11,6.9100,0.2203,4.5116,0.0488,99.4378
2007-12-12,6.5000,0.2341,4.5118,0.0519,98.9505
2007-12-13,6.3100,0.2411,4.5067,0.0535,98.6132
2007-12-14,6.4400,0.2362,4.4251,0.0534,98.6882
2007-12-17,6.0500,0.2513,4.4282,0.0567,98.3696
2007-12-18,5.9900,0.2540,4.4279,0.0574,98.3508
2007-12-19,6.1600,0.2467,4.4280,0.0557,98.4070
2007-12-20,6.4300,0.2365,4.4282,0.0534,98.6694
2007-12-21,6.3900,0.2379,4.4526,0.0534,98.6507
2007-12-24,6.5200,0.2334,4.4517,0.0524,98.8193
2007-12-25,6.5400,0.2326,4.4528,0.0522,98.8943
2007-12-26,6.5200,0.2333,4.4541,0.0524,98.8568
2007-12-27,6.7100,0.2266,4.4005,0.0515,99.0630
2007-12-28,6.8700,0.2213,4.4357,0.0499,99.3253
2008-01-02,6.9700,0.2801,4.4363,0.0631,97.9010
2008-01-03,6.6200,0.2949,4.4263,0.0666,97.6949
2008-01-04,6.9000,0.2830,4.4013,0.0643,97.8261
2008-01-07,7.2900,0.2679,4.3948,0.0610,98.0322
2008-01-08,7.3400,0.2660,4.4024,0.0604,98.1259
2008-01-09,7.4000,0.2638,4.4022,0.0599,98.1634
2008-01-10,7.4100,0.2633,4.4067,0.0597,98.2009
2008-01-11,8.0200,0.2435,4.3893,0.0555,98.4445
2008-01-14,7.7000,0.2534,4.4020,0.0576,98.3321
2008-01-15,7.7000,0.2536,4.4022,0.0576,98.3133
2008-01-16,7.2600,0.2687,4.4028,0.0610,97.9948
2008-01-17,7.3500,0.2656,4.3978,0.0604,98.1447
2008-01-18,7.4200,0.2629,4.4030,0.0597,98.2196
2008-01-21,7.0400,0.2775,4.3777,0.0634,97.8823
2008-01-22,6.5100,0.3000,4.3679,0.0687,97.6199
2008-01-23,6.7900,0.2873,4.2883,0.0670,97.6574
2008-01-24,6.7000,0.2915,4.2433,0.0687,97.6012
2008-01-25,6.9200,0.2820,4.2440,0.0664,97.7511
2008-01-28,6.5800,0.2965,4.2226,0.0702,97.4325
2008-01-29,6.5600,0.2977,4.2539,0.0700,97.4700
2008-01-30,6.2100,0.3143,4.2502,0.0739,97.0952
2008-01-31,5.9900,0.3261,4.1937,0.0778,96.9265
2008-02-01,6.1500,0.3176,4.1308,0.0769,96.9453
2008-02-04,6.7600,0.2887,4.1311,0.0699,97.5075
2008-02-05,6.6900,0.2918,4.1458,0.0704,97.4138
2008-02-13,6.3700,0.3062,4.1559,0.0737,97.1139
2008-02-14,6.5100,0.2998,4.1561,0.0721,97.2076
2008-02-15,6.3500,0.3073,4.1791,0.0735,97.1327
2008-02-18,6.5400,0.2987,4.1924,0.0712,97.3763
2008-02-19,6.6500,0.2936,4.2176,0.0696,97.5637
2008-02-20,5.9800,0.3262,4.1744,0.0781,96.8891
2008-02-21,5.6300,0.3470,4.1818,0.0830,96.8328
2008-02-22,5.2000,0.3752,4.1600,0.0902,96.2894
2008-02-25,5.0800,0.3846,4.1439,0.0928,96.0082
2008-02-26,5.2700,0.3705,4.1413,0.0895,96.4580
2008-02-27,5.2900,0.3693,4.1436,0.0891,96.5142
2008-02-28,5.3200,0.3668,4.1283,0.0889,96.5517
2008-02-29,5.4800,0.3560,4.1283,0.0862,96.7391
2008-03-03,5.5700,0.3502,4.1285,0.0848,96.8141
2008-03-04,5.0700,0.3848,4.1521,0.0927,96.0270
2008-03-05,5.1000,0.3831,4.1635,0.0920,96.1207
2008-03-06,5.2200,0.3741,4.1768,0.0896,96.4205
2008-03-07,5.1300,0.3803,4.1760,0.0911,96.2519
2008-03-10,4.7500,0.4114,4.1768,0.0985,95.1837
2008-03-11,4.6100,0.4231,4.1953,0.1009,94.6402
2008-03-12,4.3300,0.4505,4.1954,0.1074,93.8531
2008-03-13,4.4000,0.4442,4.1700,0.1065,93.9468
2008-03-14,4.2200,0.4624,4.1500,0.1114,93.0285
2008-03-17,4.2500,0.4598,4.1248,0.1115,93.0097
2008-03-18,4.2400,0.4604,4.1151,0.1119,92.9160
2008-03-20,4.5200,0.4323,4.0800,0.1060,94.0405
2008-03-21,4.4600,0.4376,4.0800,0.1073,93.8718
2008-03-24,4.0100,0.4862,4.0770,0.1193,92.0540
2008-03-25,4.0900,0.4773,4.0511,0.1178,92.2601
2008-03-26,4.3000,0.4540,4.0404,0.1124,92.8786
2008-03-27,4.3300,0.4510,4.0009,0.1127,92.8223
2008-03-28,4.6600,0.4188,4.0116,0.1044,94.2654
2008-03-31,4.6100,0.4237,4.0460,0.1047,94.1717
2008-04-01,4.6000,0.4243,4.0563,0.1046,94.2466
2008-04-02,4.7200,0.4132,4.0517,0.1020,94.4715
2008-04-03,4.7500,0.4110,4.0444,0.1016,94.5840
2008-04-07,4.8800,0.4002,4.0450,0.0989,95.0712
2008-04-08,4.8600,0.4018,4.0451,0.0993,94.9963
2008-04-09,4.4800,0.4357,4.0451,0.1077,93.7969
2008-04-10,4.4800,0.4359,4.0405,0.1079,93.7594
2008-04-11,4.5300,0.4308,4.0457,0.1065,93.9843
2008-04-14,4.1900,0.4658,4.0436,0.1152,92.5600
2008-04-15,4.1800,0.4676,4.0244,0.1162,92.4475
2008-04-16,4.0700,0.4791,4.0184,0.1192,92.0915
2008-04-17,3.9700,0.4916,4.0185,0.1223,91.6979
2008-04-18,3.9700,0.4915,4.0085,0.1226,91.6604
2008-04-21,4.0400,0.4832,4.0087,0.1205,91.9228
2008-04-22,4.2400,0.4600,4.0090,0.1147,92.5787
2008-04-23,4.5900,0.4250,4.0244,0.1056,94.0967
2008-04-24,5.0500,0.3882,4.0601,0.0956,95.6897
2008-04-25,4.9800,0.3935,4.0654,0.0968,95.5397
2008-04-28,4.9700,0.3947,4.0707,0.0970,95.4273
2008-04-29,5.0600,0.3873,4.0736,0.0951,95.7271
2008-04-30,5.5100,0.3561,4.0725,0.0874,96.6079
2008-05-05,5.5500,0.3533,4.0631,0.0870,96.6829
2008-05-06,5.3800,0.3646,4.0632,0.0897,96.4018
2008-05-07,4.9800,0.3935,4.1350,0.0952,95.7084
2008-05-08,5.0300,0.3899,4.1253,0.0945,95.8208
2008-05-09,4.7700,0.4109,4.1210,0.0997,94.8838
2008-05-12,4.9800,0.3941,4.1517,0.0949,95.7646
2008-05-13,4.8500,0.4043,4.1486,0.0975,95.3898
2008-05-14,5.2700,0.3718,4.1653,0.0893,96.4768
2008-05-15,5.1100,0.3836,4.1691,0.0920,96.1394
2008-05-16,5.2000,0.3768,4.1493,0.0908,96.2706
2008-05-19,5.1400,0.3818,4.1669,0.0916,96.1769
2008-05-20,4.8600,0.4036,4.1676,0.0968,95.5210
2008-05-21,4.8600,0.4037,4.1677,0.0969,95.4835
2008-05-22,4.7100,0.4166,4.1631,0.1001,94.8088
2008-05-23,4.8000,0.4083,4.1632,0.0981,95.2774
2008-05-26,4.6300,0.4233,4.1636,0.1017,94.5277
2008-05-27,4.6300,0.4231,4.1618,0.1017,94.5465
2008-05-28,4.8500,0.4040,4.1676,0.0969,95.4460
2008-05-29,4.6800,0.4188,4.1636,0.1006,94.7151
2008-05-30,4.7800,0.4103,4.1589,0.0987,95.1274
2008-06-02,4.8300,0.4057,4.1626,0.0975,95.3711
2008-06-03,4.8800,0.4022,4.1588,0.0967,95.5772
2008-06-04,4.8200,0.4066,4.1589,0.0978,95.3148
2008-06-05,4.8900,0.4008,4.1591,0.0964,95.6334
2008-06-06,4.8600,0.4033,4.1617,0.0969,95.4648
2008-06-10,4.3800,0.4481,4.2069,0.1065,93.9655
2008-06-11,4.2000,0.4666,4.3193,0.1080,93.7031
2008-06-12,4.1000,0.4782,4.3009,0.1112,93.1409
2008-06-13,4.0600,0.4834,4.3128,0.1121,92.8973
2008-06-16,4.0800,0.4808,4.3179,0.1114,93.0660
2008-06-17,4.0900,0.4790,4.3354,0.1105,93.2721
2008-06-18,4.2900,0.4573,4.3356,0.1055,94.1529
2008-06-19,3.9100,0.5010,4.3358,0.1155,92.5225
2008-06-20,4.1500,0.4729,4.4213,0.1070,93.9093
2008-06-23,4.0800,0.4802,4.4716,0.1074,93.8343
2008-06-24,4.1600,0.4710,4.4626,0.1055,94.1342
2008-06-25,4.2400,0.4630,4.4582,0.1039,94.3403
2008-06-26,4.1700,0.4704,4.5182,0.1041,94.3028
2008-06-27,3.9100,0.5019,4.5580,0.1101,93.3471
2008-06-30,3.7400,0.5245,4.5285,0.1158,92.4663
2008-07-01,3.4200,0.5732,4.5309,0.1265,91.3793
2008-07-02,3.4300,0.5712,4.5360,0.1259,91.4168
2008-07-03,3.4700,0.5651,4.5311,0.1247,91.5480
2008-07-04,3.5600,0.5508,4.5313,0.1216,91.7916
2008-07-07,3.8100,0.5149,4.5529,0.1131,92.7661
2008-07-08,3.8100,0.5153,4.5331,0.1137,92.7099
2008-07-09,3.9800,0.4923,4.5059,0.1093,93.4970
2008-07-10,4.0300,0.4871,4.4725,0.1089,93.5532
2008-07-11,3.9600,0.4954,4.4562,0.1112,93.1597
2008-07-14,3.9900,0.4910,4.4328,0.1108,93.2159
2008-07-15,3.7100,0.5286,4.4332,0.1192,92.0727
2008-07-16,3.5400,0.5545,4.4338,0.1251,91.4730
2008-07-17,3.4700,0.5651,4.4340,0.1274,91.2856
2008-07-18,3.6200,0.5417,4.4236,0.1225,91.6792
2008-07-21,3.7600,0.5214,4.4190,0.1180,92.2039
2008-07-22,3.7400,0.5242,4.4135,0.1188,92.1102
2008-07-23,3.7200,0.5269,4.4136,0.1194,92.0165
2008-07-24,4.0300,0.4871,4.4137,0.1104,93.2909
2008-07-25,4.0600,0.4826,4.4342,0.1088,93.5720
2008-07-28,4.0900,0.4798,4.4374,0.1081,93.6657
2008-07-29,4.0000,0.4900,4.4400,0.1104,93.3096
2008-07-30,3.9800,0.4923,4.4351,0.1110,93.1972
2008-07-31,3.8600,0.5081,4.4401,0.1144,92.6349
2008-08-01,4.0600,0.4832,4.4601,0.1083,93.6469
2008-08-04,3.9600,0.4954,4.4612,0.1110,93.1784
2008-08-05,3.9500,0.4963,4.4565,0.1114,93.0472
2008-08-06,4.0300,0.4869,4.4411,0.1096,93.4408
2008-08-07,3.9400,0.4982,4.5238,0.1101,93.3283
2008-08-08,3.6800,0.5325,4.4988,0.1184,92.1664
2008-08-11,3.7200,0.5266,4.5596,0.1155,92.5412
2008-08-12,3.6600,0.5357,4.5139,0.1187,92.1289
2008-08-13,3.6100,0.5425,4.5038,0.1205,91.9790
2008-08-14,3.5900,0.5466,4.4736,0.1222,91.7166
2008-08-15,3.6100,0.5427,4.4133,0.1230,91.6417
2008-08-18,3.4200,0.5735,4.4141,0.1299,91.0420
2008-08-19,3.4900,0.5620,4.4042,0.1276,91.2294
2008-08-20,3.8400,0.5110,4.3944,0.1163,92.4288
2008-08-21,3.7300,0.5264,4.3689,0.1205,91.9415
2008-08-22,3.6100,0.5435,4.3554,0.1248,91.5292
2008-08-25,3.6100,0.5430,4.3431,0.1250,91.4918
2008-08-26,3.5300,0.5561,4.3292,0.1285,91.1357
2008-08-27,3.5700,0.5497,4.3096,0.1276,91.2481
2008-08-28,3.6200,0.5412,4.2753,0.1266,91.3606
2008-08-29,3.7300,0.5252,4.2234,0.1244,91.6042
2008-09-01,3.5200,0.5577,4.1363,0.1348,90.7046
2008-09-02,3.4100,0.5749,4.1714,0.1378,90.6297
2008-09-03,3.2600,0.6013,4.1411,0.1452,90.4985
2008-09-04,3.2200,0.6092,4.1643,0.1463,90.4048
2008-09-05,3.0600,0.6414,4.1703,0.1538,90.2174
2008-09-08,3.0000,0.6530,4.1705,0.1566,90.0300
2008-09-09,3.0100,0.6515,4.1429,0.1573,90.0112
2008-09-10,2.9300,0.6689,4.1015,0.1631,89.3366
2008-09-11,2.7100,0.7243,4.0631,0.1783,87.2376
2008-09-12,2.7100,0.7243,3.9712,0.1824,86.2069
2008-09-16,2.4400,0.8046,3.8000,0.2117,82.3088
2008-09-17,2.2700,0.8650,3.7119,0.2330,80.4348
2008-09-18,2.3600,0.8319,3.7120,0.2241,81.1282
2008-09-19,2.5900,0.7561,3.6900,0.2049,83.0210
2008-09-22,2.8500,0.6872,3.7594,0.1828,86.0945
2008-09-23,2.6600,0.7368,3.7612,0.1959,84.0330
2008-09-24,2.6100,0.7517,3.7601,0.1999,83.5645
2008-09-25,2.6600,0.7359,3.7276,0.1974,83.8456
2008-09-26,2.6500,0.7387,3.7282,0.1981,83.7144
2008-10-06,2.3900,0.8207,3.6809,0.2230,81.2031
2008-10-07,2.3600,0.8325,3.5309,0.2358,80.1724
2008-10-08,2.2000,0.8917,3.3499,0.2662,76.2556
2008-10-09,2.1900,0.8958,3.1500,0.2844,73.9693
2008-10-10,2.0900,0.9381,3.0510,0.3075,72.1702
2008-10-13,2.3000,0.8528,3.1260,0.2728,75.2249
2008-10-14,2.2700,0.8656,3.1593,0.2740,75.0562
2008-10-15,2.3700,0.8289,3.1062,0.2669,76.1807
2008-10-16,2.2400,0.8768,3.1267,0.2804,74.3066
2008-10-17,2.2700,0.8643,3.1768,0.2721,75.4310
2008-10-20,2.3900,0.8189,3.1820,0.2574,77.5487
2008-10-21,2.3100,0.8497,3.1826,0.2670,76.1432
2008-10-22,2.2600,0.8695,3.1922,0.2724,75.3561
2008-10-23,2.1900,0.8938,3.1978,0.2795,74.3816
2008-10-24,2.0600,0.9504,3.1931,0.2976,72.7136
2008-10-27,1.8700,1.0480,3.1522,0.3325,71.0270
2008-10-28,2.0600,0.9536,3.1042,0.3072,72.2451
2008-10-29,2.0200,0.9729,3.0694,0.3170,71.4768
2008-10-30,2.0700,0.9481,3.0703,0.3088,72.0577
2008-10-31,2.0000,0.9828,3.0751,0.3196,71.3081
2008-11-03,2.0300,0.9656,3.0549,0.3161,71.5142
2008-11-04,2.0400,0.9599,3.0569,0.3140,71.7016
2008-11-05,2.1700,0.9043,3.0676,0.2948,73.0697
2008-11-06,2.0600,0.9512,3.0424,0.3126,71.7766
2008-11-07,2.1700,0.9043,2.9767,0.3038,72.4513
2008-11-10,2.3900,0.8218,2.9005,0.2833,74.0817
2008-11-11,2.3500,0.8349,2.9221,0.2857,73.8943
2008-11-12,2.4100,0.8137,2.8969,0.2809,74.2879
2008-11-13,2.5200,0.7791,2.8639,0.2720,75.4498
2008-11-14,2.5400,0.7718,2.9482,0.2618,76.9865
2008-11-17,2.5900,0.7561,2.9984,0.2522,78.1109
2008-11-18,2.3300,0.8404,2.9974,0.2804,74.3253
2008-11-19,2.5100,0.7817,3.0885,0.2531,77.9610
2008-11-21,2.4100,0.8131,3.0049,0.2706,75.6372
2008-11-24,2.2600,0.8695,3.0638,0.2838,74.0255
2008-11-25,2.2300,0.8781,3.1728,0.2768,74.7001
2008-11-26,2.2100,0.8883,3.1034,0.2862,73.8381
2008-11-27,2.2000,0.8931,2.9064,0.3073,72.2264
2008-11-28,2.0400,0.9623,2.9905,0.3218,71.1957
2008-12-01,2.0700,0.9466,3.0378,0.3116,71.8141
2008-12-02,2.0500,0.9560,3.0306,0.3154,71.5517
2008-12-03,2.1900,0.8945,2.9467,0.3036,72.4700
2008-12-04,2.2700,0.8637,2.9343,0.2943,73.1447
2008-12-05,2.3100,0.8503,2.9061,0.2926,73.2571
2008-12-08,2.5100,0.7812,2.9053,0.2689,75.8808
2008-12-09,2.4000,0.8154,3.0072,0.2711,75.5810
2008-12-10,2.6200,0.7478,3.0130,0.2482,78.5982
2008-12-11,2.5300,0.7765,3.0040,0.2585,77.4363
2008-12-12,2.3600,0.8313,2.9237,0.2843,73.9880
2008-12-15,2.3800,0.8224,2.9186,0.2818,74.1942
2008-12-16,2.3900,0.8218,2.9243,0.2810,74.2691
2008-12-17,2.3500,0.8361,2.8100,0.2975,72.7324
2008-12-18,2.5200,0.7780,2.7043,0.2877,73.7256
2008-12-19,2.4900,0.7865,2.7384,0.2872,73.7444
2008-12-22,2.4200,0.8103,2.7390,0.2958,72.9948
2008-12-23,2.3200,0.8447,2.6887,0.3142,71.6642
2008-12-24,2.3400,0.8398,2.7045,0.3105,71.9078
2008-12-25,2.2900,0.8579,2.7047,0.3172,71.4580
2008-12-26,2.2800,0.8604,2.7301,0.3152,71.6079
2008-12-29,2.2400,0.8755,2.7559,0.3177,71.4205
2008-12-30,2.2600,0.8669,2.7566,0.3145,71.6454
2008-12-31,2.2500,0.8708,2.7521,0.3164,71.4955
2009-01-05,2.3300,0.8971,2.7300,0.3286,71.0457
2009-01-06,2.4600,0.8500,2.6909,0.3159,71.5330
2009-01-07,2.4300,0.8613,2.6711,0.3225,71.1582
2009-01-08,2.3200,0.9017,2.6716,0.3375,70.8771
2009-01-09,2.3900,0.8735,2.6722,0.3269,71.0832
2009-01-12,2.4300,0.8607,2.7000,0.3188,71.3456
2009-01-13,2.3800,0.8797,2.8257,0.3113,71.8328
2009-01-14,2.5700,0.8140,2.8818,0.2825,74.1379
2009-01-15,2.5700,0.8145,2.9897,0.2724,75.3373
2009-01-16,2.6500,0.7879,2.9940,0.2632,76.8178
2009-01-19,2.7100,0.7712,3.0123,0.2560,77.6237
2009-01-20,2.7500,0.7597,3.0995,0.2451,78.8606
2009-01-21,2.7800,0.7518,3.1398,0.2394,79.7226
2009-01-22,2.8000,0.7468,3.0619,0.2439,79.1417
2009-01-23,2.8400,0.7374,3.0367,0.2428,79.2541
2009-02-02,2.7700,0.7546,3.1433,0.2401,79.5727
2009-02-03,2.8400,0.7374,3.1766,0.2321,80.5660
2009-02-04,2.9800,0.7021,3.2946,0.2131,82.1964
2009-02-05,2.9100,0.7193,3.4013,0.2115,82.3651
2009-02-06,2.9800,0.7009,3.2967,0.2126,82.2526
2009-02-09,3.0200,0.6918,3.2690,0.2116,82.3276
2009-02-10,3.0200,0.6934,3.3001,0.2101,82.5150
2009-02-11,2.9800,0.7009,3.2323,0.2168,81.6717
2009-02-12,2.8800,0.7270,3.1271,0.2325,80.5097
2009-02-13,2.9600,0.7073,3.1321,0.2258,81.1094
2009-02-16,3.0800,0.6792,3.1547,0.2153,81.9340
2009-02-17,3.0200,0.6926,3.1897,0.2171,81.6342
2009-02-18,2.8900,0.7244,3.1703,0.2285,80.9220
2009-02-19,2.8300,0.7379,3.1385,0.2351,80.2661
2009-02-20,2.8600,0.7309,3.1583,0.2314,80.6784
2009-02-23,2.9900,0.7001,3.1555,0.2219,81.2594
2009-02-24,2.7900,0.7491,3.1508,0.2377,79.9663
2009-02-25,2.9000,0.7202,3.1412,0.2293,80.8471
2009-02-26,2.9200,0.7151,3.1447,0.2274,81.0345
2009-02-27,3.0200,0.6922,3.1508,0.2197,81.3906
2009-03-02,2.9900,0.6985,3.1582,0.2212,81.2969
2009-03-03,2.8800,0.7265,3.1755,0.2288,80.9033
2009-03-04,3.1700,0.6606,3.2075,0.2060,82.8898
2009-03-05,3.2600,0.6414,3.2310,0.1985,83.6769
2009-03-06,3.3000,0.6334,3.2291,0.1962,83.9955
2009-03-09,3.1500,0.6642,3.2036,0.2073,82.7399
2009-03-10,3.2200,0.6502,3.1780,0.2046,83.0772
2009-03-11,3.1600,0.6621,3.1331,0.2113,82.3838
2009-03-12,3.1100,0.6733,3.1524,0.2136,82.1214
2009-03-13,3.0900,0.6766,3.1480,0.2149,81.9903
2009-03-16,3.2300,0.6478,3.1534,0.2054,82.9273
2009-03-17,3.3400,0.6267,3.1249,0.2006,83.4333
2009-03-18,3.3000,0.6347,3.1000,0.2047,83.0397
2009-03-19,3.3500,0.6248,3.0768,0.2031,83.1897
2009-03-20,3.2800,0.6374,3.0772,0.2071,82.7774
2009-03-23,3.4300,0.6090,3.0831,0.1975,83.8268
2009-03-24,3.4800,0.6010,3.1295,0.1920,84.3703
2009-03-25,3.5300,0.5929,3.1297,0.1894,84.5952
2009-03-26,3.6900,0.5669,3.1606,0.1794,87.0127
2009-03-27,3.7700,0.5552,3.1594,0.1757,87.7061
2009-03-30,3.7400,0.5594,3.1608,0.1770,87.4438
2009-03-31,3.7300,0.5615,3.1612,0.1776,87.3501
2009-04-01,3.7100,0.5643,3.1618,0.1785,87.2001
2009-04-02,3.7200,0.5630,3.1714,0.1775,87.3688
2009-04-03,3.7800,0.5527,3.1805,0.1738,88.0622
2009-04-07,3.7200,0.5623,3.1805,0.1768,87.5187
2009-04-08,3.5600,0.5878,3.1869,0.1844,85.6822
2009-04-09,3.7400,0.5587,3.1949,0.1749,87.8561
2009-04-10,3.7800,0.5539,3.1954,0.1733,88.1747
2009-04-13,3.8300,0.5463,3.1953,0.1710,88.4745
2009-04-14,3.8600,0.5412,3.2044,0.1689,88.8118
2009-04-15,3.8300,0.5468,3.2114,0.1703,88.5870
2009-04-16,3.8200,0.5480,3.1841,0.1721,88.3808
2009-04-17,3.7400,0.5587,3.1634,0.1766,87.5750
2009-04-20,3.8300,0.5460,3.1412,0.1738,88.0435
2009-04-21,3.7500,0.5572,3.1616,0.1762,87.6499
2009-04-22,3.6800,0.5677,3.1609,0.1796,86.9190
2009-04-23,3.6800,0.5680,3.1618,0.1796,86.8816
2009-04-24,3.6300,0.5759,3.1571,0.1824,86.1882
2009-04-27,3.5400,0.5911,3.1579,0.1872,85.0262
2009-04-28,3.5800,0.5847,3.1532,0.1854,85.4760
2009-04-29,3.9200,0.5337,3.1286,0.1706,88.5495
2009-04-30,3.9400,0.5312,3.1072,0.1710,88.4933
2009-05-04,4.0500,0.5167,3.1092,0.1662,89.0742
2009-05-06,4.1600,0.5026,3.0795,0.1632,89.2991
2009-05-07,4.1800,0.5003,3.0739,0.1628,89.4490
2009-05-08,4.2200,0.4959,3.0701,0.1615,89.5990
2009-05-11,4.2300,0.4943,3.0698,0.1610,89.7114
2009-05-12,4.3100,0.4847,3.0662,0.1581,89.9363
2009-05-13,4.3000,0.4863,3.0365,0.1602,89.7864
2009-05-14,4.2200,0.4959,3.0318,0.1636,89.2429
2009-05-15,4.2700,0.4896,3.0321,0.1615,89.6177
2009-05-18,4.2800,0.4888,3.0277,0.1614,89.6364
2009-05-19,4.4200,0.4736,3.0384,0.1559,90.0675
2009-05-20,4.3500,0.4813,3.0386,0.1584,89.8801
2009-05-21,4.2100,0.4963,3.0388,0.1633,89.2804
2009-05-22,4.2100,0.4963,3.0434,0.1631,89.3553
2009-05-25,4.2300,0.4947,3.0441,0.1625,89.5240
2009-05-26,4.1800,0.5001,3.0546,0.1637,89.2241
2009-05-27,4.3600,0.4798,3.0390,0.1579,89.9738
2009-06-01,4.5000,0.4653,3.0615,0.1520,90.2924
2009-06-02,4.4400,0.4712,3.0515,0.1544,90.1612
2009-06-03,4.8800,0.4284,3.0650,0.1398,90.5735
2009-06-04,5.1100,0.4094,3.1349,0.1306,90.9670
2009-06-05,5.1500,0.4065,3.1474,0.1292,91.0607
2009-06-08,5.2000,0.4023,3.1543,0.1275,91.2669
2009-06-09,5.1100,0.4123,3.1481,0.1310,90.9483
2009-06-10,5.0300,0.4186,3.1660,0.1322,90.8171
2009-06-11,5.0400,0.4178,3.1700,0.1318,90.8546
2009-06-12,4.9000,0.4303,3.1868,0.1350,90.6672
2009-06-15,5.1400,0.4104,3.1947,0.1285,91.1169
2009-06-16,5.0500,0.4176,3.1476,0.1327,90.7421
2009-06-17,5.0700,0.4155,3.1332,0.1326,90.7609
2009-06-18,5.1300,0.4110,3.1536,0.1303,91.0232
2009-06-19,5.2300,0.4033,3.1543,0.1279,91.1732
2009-06-22,5.3100,0.3971,3.1876,0.1246,91.5855
2009-06-23,5.3800,0.3916,3.2325,0.1211,91.8478
2009-06-24,5.3600,0.3933,3.2397,0.1214,91.8291
2009-06-25,5.3100,0.3971,3.2525,0.1221,91.7354
2009-06-26,5.5100,0.3826,3.2628,0.1173,92.2976
2009-06-29,5.5600,0.3788,3.2456,0.1167,92.3726
2009-06-30,5.5200,0.3819,3.2403,0.1179,92.2226
2009-07-01,5.7900,0.3642,3.2300,0.1128,92.8036
2009-07-02,5.8700,0.3591,3.2277,0.1113,93.1222
2009-07-03,5.9800,0.3526,3.2534,0.1084,93.6282
2009-07-06,6.0900,0.3461,3.2702,0.1058,94.0592
2009-07-07,5.8900,0.3581,3.2706,0.1095,93.4783
2009-07-08,5.8300,0.3616,3.2709,0.1106,93.2534
2009-07-09,5.8600,0.3596,3.3068,0.1087,93.5907
2009-07-10,5.8100,0.3630,3.3056,0.1098,93.4033
2009-07-13,5.6200,0.3751,3.3060,0.1135,92.7474
2009-07-14,5.8000,0.3633,3.3322,0.1090,93.5345
2009-07-15,5.8200,0.3624,3.3816,0.1072,93.8906
2009-07-16,6.0100,0.3507,3.4421,0.1019,94.4903
2009-07-17,6.0100,0.3508,3.4510,0.1017,94.5652
2009-07-20,6.0600,0.3476,3.4780,0.0999,94.8276
2009-07-21,5.9600,0.3535,3.4697,0.1019,94.5090
2009-07-22,6.0300,0.3493,3.4522,0.1012,94.6214
2009-07-23,6.1300,0.3441,3.4511,0.0997,94.9025
2009-07-24,6.0600,0.3480,3.4588,0.1006,94.6964
2009-07-27,6.1600,0.3422,3.5091,0.0975,95.3523
2009-07-28,6.1300,0.3435,3.4866,0.0985,95.1462
2009-07-29,6.0000,0.3515,3.5020,0.1004,94.7526
2009-07-30,6.4500,0.3269,3.4905,0.0937,95.8958
2009-07-31,6.5100,0.3236,3.5030,0.0924,96.0832
2009-08-03,6.5000,0.3244,3.5034,0.0926,96.0457
2009-08-04,6.3100,0.3341,3.5150,0.0950,95.7459
2009-08-05,6.1400,0.3430,3.5165,0.0975,95.3336
2009-08-06,6.0400,0.3491,3.5167,0.0993,95.0150
2009-08-07,5.9600,0.3535,3.5168,0.1005,94.7339
2009-08-10,5.8600,0.3599,3.5177,0.1023,94.4528
2009-08-11,5.8400,0.3612,3.5180,0.1027,94.4340
2009-08-12,5.5400,0.3802,3.5209,0.1080,93.7219
2009-08-13,5.7200,0.3681,3.5187,0.1046,94.2091
2009-08-14,5.6400,0.3735,3.5180,0.1062,94.0030
2009-08-17,5.3600,0.3935,3.5231,0.1117,92.9348
2009-08-18,5.3600,0.3930,3.5242,0.1115,92.9910
2009-08-19,5.1200,0.4120,3.5255,0.1169,92.3351
2009-08-20,5.3300,0.3951,3.5162,0.1124,92.8598
2009-08-21,5.4400,0.3871,3.5276,0.1097,93.4220
2009-08-24,5.3600,0.3935,3.4886,0.1128,92.7849
2009-08-25,4.9800,0.4231,3.4966,0.1210,91.8853
2009-08-26,4.9600,0.4249,3.4850,0.1219,91.7541
2009-08-27,4.8300,0.4361,3.4847,0.1251,91.4543
2009-08-28,4.5600,0.4627,3.4800,0.1330,90.7234
2009-08-31,4.2800,0.4928,3.4805,0.1416,90.5360
2009-09-01,4.4400,0.4742,3.4810,0.1362,90.6484
2009-09-02,4.6200,0.4562,3.4982,0.1304,91.0045
2009-09-03,4.8500,0.4346,3.4862,0.1247,91.5667
2009-09-04,4.8400,0.4359,3.4698,0.1256,91.4355
2009-09-07,4.7800,0.4409,3.4317,0.1285,91.0982
2009-09-08,4.8500,0.4348,3.4268,0.1269,91.3418
2009-09-09,4.8100,0.4380,3.4323,0.1276,91.2106
2009-09-10,4.7300,0.4453,3.4510,0.1290,91.0795
2009-09-11,5.1600,0.4083,3.4652,0.1178,92.2414
2009-09-14,5.1800,0.4066,3.4631,0.1174,92.2789
2009-09-15,5.2200,0.4035,3.4581,0.1167,92.3913
2009-09-16,5.0700,0.4161,3.4535,0.1205,91.9603
2009-09-17,5.1500,0.4089,3.4636,0.1181,92.1852
2009-09-18,4.9100,0.4297,3.4741,0.1237,91.6229
2009-09-21,4.7600,0.4429,3.5132,0.1261,91.3981
2009-09-22,4.5700,0.4612,3.5212,0.1310,90.9295
2009-09-23,4.6000,0.4581,3.5126,0.1304,90.9858
2009-09-24,4.8100,0.4382,3.5096,0.1249,91.5105
2009-09-25,4.6800,0.4499,3.5101,0.1282,91.1544
2009-09-28,4.5800,0.4603,3.4917,0.1318,90.8358
2009-09-29,4.7200,0.4469,3.5000,0.1277,91.1919
2009-09-30,4.7100,0.4016,3.5132,0.1143,92.6537
2009-10-09,5.0300,0.3759,3.5542,0.1058,94.0780
2009-10-12,4.9700,0.3805,3.6043,0.1056,94.1154
2009-10-13,5.0700,0.3735,3.6305,0.1029,94.3966
2009-10-14,5.1000,0.3706,3.6787,0.1007,94.6777
2009-10-15,5.1300,0.3691,3.7000,0.0998,94.8651
2009-10-16,5.1700,0.3657,3.7058,0.0987,95.1087
2009-10-19,5.3500,0.3535,3.6789,0.0961,95.6709
2009-10-20,5.4700,0.3459,3.6773,0.0941,95.8583
2009-10-21,5.4300,0.3484,3.6933,0.0943,95.8396
2009-10-22,5.3800,0.3518,3.6587,0.0962,95.6522
2009-10-23,5.4900,0.3443,3.6920,0.0933,95.9520
2009-10-26,5.4700,0.3456,3.6925,0.0936,95.9145
2009-10-27,5.2700,0.3588,3.6905,0.0972,95.4085
2009-10-28,5.2300,0.3615,3.6855,0.0981,95.2586
2009-10-29,5.1700,0.3658,3.6818,0.0994,94.9588
2009-10-30,5.2100,0.3630,3.6886,0.0984,95.2399
2009-11-02,5.5100,0.3435,3.6920,0.0930,95.9895
2009-11-03,5.5500,0.3406,3.6944,0.0922,96.1019
2009-11-04,5.6700,0.3334,3.7038,0.0900,96.3268
2009-11-05,5.6500,0.3351,3.7247,0.0900,96.3456
2009-11-06,5.6700,0.3339,3.7303,0.0895,96.4393
2009-11-09,5.6400,0.3356,3.7313,0.0899,96.3831
2009-11-10,5.6300,0.3359,3.7281,0.0901,96.3081
2009-11-11,5.5800,0.3393,3.6988,0.0917,96.1582
2009-11-12,5.5400,0.3415,3.6918,0.0925,96.0645
2009-11-13,5.6100,0.3369,3.6921,0.0912,96.1957
2009-11-16,5.7600,0.3287,3.6927,0.0890,96.5330
2009-11-17,5.7600,0.3282,3.6956,0.0888,96.5892
2009-11-18,5.7500,0.3291,3.6885,0.0892,96.4955
2009-11-19,5.7100,0.3316,3.6866,0.0899,96.3643
2009-11-20,5.6600,0.3341,3.6648,0.0912,96.2144
2009-11-23,5.6600,0.3345,3.6703,0.0911,96.2331
2009-11-24,5.5200,0.3429,3.6504,0.0939,95.8771
2009-11-25,5.5600,0.3404,3.6510,0.0932,95.9708
2009-11-26,5.2700,0.3588,3.6459,0.0984,95.2211
2009-11-27,5.1400,0.3677,3.5759,0.1028,94.4153
2009-11-30,5.2800,0.3584,3.5569,0.1008,94.6589
2009-12-01,5.2900,0.3577,3.5723,0.1001,94.7901
2009-12-02,5.3400,0.3543,3.5725,0.0992,95.0525
2009-12-03,5.3000,0.3569,3.5929,0.0993,94.9775
2009-12-04,5.5600,0.3401,3.5983,0.0945,95.8021
2009-12-07,5.5200,0.3428,3.6200,0.0947,95.7834
2009-12-08,5.3900,0.3512,3.6292,0.0968,95.5585
2009-12-09,5.2500,0.3602,3.6251,0.0994,94.9400
2009-12-10,5.3000,0.3572,3.6258,0.0985,95.1649
2009-12-11,5.3000,0.3569,3.6257,0.0984,95.2024
2009-12-14,5.3900,0.3512,3.6348,0.0966,95.5960
2009-12-15,5.2800,0.3585,3.6314,0.0987,95.0900
2009-12-16,5.2500,0.3607,3.6339,0.0993,95.0337
2009-12-17,5.1300,0.3687,3.6365,0.1014,94.6027
2009-12-18,4.9700,0.3807,3.6393,0.1046,94.2279
2009-12-21,4.9500,0.3821,3.6508,0.1047,94.1904
2009-12-22,4.8000,0.3944,3.6507,0.1080,93.6844
2009-12-23,4.8100,0.3934,3.6589,0.1075,93.8156
2009-12-24,4.9600,0.3814,3.6565,0.1043,94.2841
2009-12-25,4.8800,0.3878,3.6543,0.1061,94.0217
2009-12-28,4.9800,0.3799,3.6500,0.1041,94.3216
2009-12-29,5.0200,0.3770,3.6426,0.1035,94.3778
2009-12-30,5.1900,0.3648,3.6429,0.1001,94.7714
2009-12-31,5.2000,0.3638,3.6422,0.0999,94.8463
2010-01-04,5.0800,0.6959,3.6603,0.1901,84.5015
2010-01-05,5.1200,0.6907,3.6606,0.1887,84.7264
2010-01-06,5.0200,0.7046,3.6425,0.1934,84.2391
2010-01-07,4.9100,0.7207,3.6543,0.1972,83.8643
2010-01-08,4.9600,0.7127,3.6614,0.1947,84.0705
2010-01-11,4.9600,0.7127,3.6696,0.1942,84.1454
2010-01-12,4.9900,0.7090,3.6694,0.1932,84.2766
2010-01-13,4.7500,0.7436,3.7053,0.2007,83.3958
2010-01-14,4.7900,0.7384,3.6868,0.2003,83.4708
2010-01-15,4.8000,0.7358,3.6871,0.1996,83.6207
2010-01-18,4.8500,0.7286,3.6852,0.1977,83.7519
2010-01-19,4.8800,0.7246,3.6559,0.1982,83.6957
2010-01-20,4.7400,0.7451,3.6400,0.2047,83.0585
2010-01-21,4.9100,0.7204,3.6558,0.1971,83.9018
2010-01-22,5.0100,0.7056,3.6300,0.1944,84.1079
2010-01-25,4.9100,0.7207,3.6000,0.2002,83.5082
2010-01-26,4.9600,0.7127,3.5838,0.1989,83.6394
2010-01-27,4.7600,0.7425,3.5648,0.2083,82.7024
2010-01-28,4.7200,0.7485,3.5879,0.2086,82.6462
2010-01-29,4.7000,0.7516,3.5800,0.2099,82.5712
2010-02-01,4.6100,0.7672,3.5406,0.2167,81.6904
2010-02-02,4.6100,0.7664,3.4956,0.2192,81.4280
2010-02-03,4.7700,0.7414,3.4648,0.2140,82.0652
2010-02-04,4.7100,0.7501,3.5006,0.2143,82.0277
2010-02-05,4.6600,0.7593,3.4733,0.2186,81.4655
2010-02-08,4.6100,0.7672,3.4706,0.2211,81.3156
2010-02-09,4.6600,0.7593,3.4743,0.2185,81.4843
2010-02-10,4.7200,0.7493,3.4615,0.2165,81.7279
2010-02-11,4.7100,0.7508,3.4516,0.2175,81.5592
2010-02-12,4.7500,0.7444,3.4570,0.2153,81.8966
2010-02-22,4.7200,0.7493,3.5149,0.2132,82.1777
2010-02-23,4.6700,0.7566,3.5100,0.2156,81.8403
2010-02-24,4.7100,0.7501,3.4646,0.2165,81.7091
2010-02-25,4.9700,0.7110,3.4448,0.2064,82.8711
2010-03-11,5.1100,0.6923,3.4559,0.2003,83.4520
2010-03-12,5.0400,0.7009,3.4526,0.2030,83.2084
2010-03-15,4.9600,0.7131,3.4484,0.2068,82.8148
2010-03-16,5.0800,0.6959,3.4331,0.2027,83.2271
2010-03-17,5.2000,0.6805,3.3829,0.2012,83.3208
2010-03-18,5.2000,0.6796,3.3639,0.2020,83.2834
2010-03-19,5.2300,0.6764,3.3805,0.2001,83.5457
2010-03-22,5.3200,0.6640,3.4216,0.1941,84.1642
2010-03-23,5.2700,0.6703,3.4062,0.1968,83.9393
2010-03-24,5.2800,0.6694,3.3961,0.1971,83.8831
2010-03-25,5.1800,0.6824,3.4168,0.1997,83.6019
2010-03-26,5.3400,0.6625,3.4582,0.1916,84.4265
2010-03-29,5.5100,0.6417,3.4784,0.1845,85.6634
2010-03-31,5.4600,0.6473,3.4818,0.1859,85.3448
2010-04-01,5.4800,0.6454,3.4742,0.1858,85.3823
2010-04-02,5.4900,0.6437,3.4800,0.1850,85.5322
2010-04-06,5.5100,0.6414,3.5021,0.1831,85.9633
2010-04-07,5.4600,0.6473,3.5182,0.1840,85.7384
2010-04-08,5.4100,0.6531,3.5549,0.1837,85.8321
2010-04-09,5.5000,0.6428,3.5468,0.1812,86.5067
2010-04-12,5.3800,0.6574,3.5343,0.1860,85.3073
2010-04-13,5.5200,0.6403,3.5031,0.1828,86.1132
2010-04-14,5.4900,0.6445,3.5043,0.1839,85.7571
2010-04-15,5.4600,0.6476,3.5071,0.1847,85.6259
2010-04-16,5.2900,0.6685,3.4813,0.1920,84.3891
2010-04-19,4.9300,0.7172,3.4116,0.2102,82.4963
2010-04-20,4.9200,0.7179,3.4086,0.2106,82.4588
2010-04-21,5.0000,0.7069,3.4354,0.2058,82.9085
2010-04-22,4.8400,0.7304,3.4093,0.2142,82.0465
2010-04-23,4.8900,0.7232,3.4106,0.2120,82.2901
2010-04-26,4.9100,0.7207,3.3715,0.2138,82.0840
2010-04-27,4.8200,0.7333,3.3768,0.2172,81.6154
2010-04-29,4.8400,0.7304,3.3607,0.2173,81.5780
2010-04-30,4.9400,0.7162,3.3565,0.2134,82.1402
2010-05-04,4.8400,0.7304,3.3826,0.2159,81.8028
2010-05-05,4.8700,0.7261,3.3636,0.2159,81.8216
2010-05-06,4.5600,0.7745,3.3485,0.2313,80.7159
2010-05-07,4.4500,0.7950,3.2721,0.2430,79.2354
2010-05-10,4.5500,0.7769,3.3027,0.2352,80.2286
2010-05-11,4.5000,0.7865,3.2983,0.2385,79.8538
2010-05-12,4.6000,0.7684,3.2781,0.2344,80.3598
2010-05-13,4.7300,0.7482,3.2686,0.2289,80.8846
2010-05-14,4.6500,0.7601,3.2687,0.2325,80.4910
2010-05-17,4.4700,0.7903,3.2257,0.2450,78.8793
2010-05-18,4.6400,0.7621,3.2118,0.2373,80.0225
2010-05-19,4.6200,0.7656,3.1865,0.2403,79.5352
2010-05-20,4.5300,0.7798,3.2078,0.2431,79.2166
2010-05-21,4.6100,0.7668,3.1972,0.2398,79.6102
2010-05-24,4.7300,0.7470,3.2277,0.2314,80.6409
2010-05-25,4.5900,0.7704,3.2030,0.2405,79.4978
2010-05-26,4.5800,0.7717,3.2272,0.2391,79.7976
2010-05-27,4.6300,0.7637,3.2416,0.2356,80.2099
2010-05-28,4.5900,0.7708,3.2529,0.2370,80.0975
2010-05-31,4.4400,0.7954,3.2430,0.2453,78.8418
2010-06-01,4.4200,0.8006,3.2726,0.2446,79.0105
2010-06-02,4.4100,0.8014,3.2748,0.2447,78.9543
2010-06-03,4.3600,0.8102,3.2478,0.2495,78.5420
2010-06-04,4.3600,0.8116,3.2512,0.2496,78.5232
2010-06-07,4.2300,0.8360,3.2260,0.2591,77.3613
2010-06-08,4.1700,0.8475,3.2432,0.2613,77.0802
2010-06-09,4.4400,0.7971,3.2845,0.2427,79.2916
2010-06-10,4.3000,0.8280,3.2891,0.2517,78.1484
2010-06-11,4.3400,0.8208,3.3320,0.2463,78.7669
2010-06-17,4.3500,0.8190,3.3296,0.2460,78.7856
2010-06-18,4.3700,0.8161,3.3836,0.2412,79.4415
2010-06-21,4.5500,0.7834,3.3925,0.2309,80.7346
2010-06-22,4.5500,0.7828,3.3807,0.2315,80.6034
2010-06-23,4.4800,0.7960,3.4129,0.2332,80.4160
2010-06-24,4.5000,0.7910,3.4179,0.2314,80.6597
2010-06-25,4.5200,0.7877,3.3822,0.2329,80.4535
2010-06-28,4.5300,0.7861,3.3435,0.2351,80.2474
2010-06-29,4.3200,0.8244,3.2909,0.2505,78.4295
2010-06-30,4.2700,0.8341,3.2790,0.2544,77.7924
2010-07-01,4.2400,0.8402,3.2848,0.2558,77.6424
2010-07-02,4.2900,0.8298,3.2665,0.2540,77.8486
2010-07-05,4.2500,0.8384,3.2517,0.2578,77.4925
2010-07-06,4.3400,0.8202,3.2168,0.2550,77.6987
2010-07-07,4.3200,0.8244,3.2233,0.2558,77.6612
2010-07-08,4.3300,0.8226,3.2382,0.2540,77.8673
2010-07-09,4.4700,0.7971,3.2347,0.2464,78.7481
2010-07-12,4.5300,0.7861,3.2146,0.2445,79.0480
2010-07-13,4.4500,0.8005,3.1767,0.2520,78.1297
2010-07-14,4.5300,0.7872,3.1744,0.2480,78.6169
2010-07-15,4.4300,0.8045,3.1817,0.2529,78.0360
2010-07-16,4.4400,0.8017,3.1976,0.2507,78.3358
2010-07-19,4.5600,0.7807,3.1901,0.2447,78.9355
2010-07-20,4.6000,0.7743,3.2086,0.2413,79.3853
2010-07-21,4.6000,0.7743,3.2144,0.2409,79.4603
2010-07-22,4.6500,0.7664,3.2161,0.2383,79.8726
2010-07-23,4.6900,0.7603,3.2528,0.2337,80.3973
2010-07-26,4.6800,0.7618,3.2813,0.2322,80.5472
2010-07-27,4.5900,0.7764,3.2816,0.2366,80.1349
2010-07-28,4.7300,0.7527,3.2982,0.2282,80.9408
2010-07-29,4.7400,0.7522,3.2993,0.2280,80.9783
2010-07-30,4.7000,0.7572,3.2996,0.2295,80.8283
2010-08-02,4.8100,0.7414,3.3131,0.2238,81.1657
2010-08-03,4.6800,0.7608,3.3105,0.2298,80.7909
2010-08-04,4.6400,0.7670,3.2971,0.2326,80.4723
2010-08-05,4.5600,0.7807,3.2967,0.2368,80.1162
2010-08-06,4.6100,0.7722,3.2922,0.2346,80.3036
2010-08-09,4.5900,0.7769,3.2975,0.2356,80.1912
2010-08-10,4.4200,0.8062,3.2972,0.2445,79.0667
2010-08-11,4.4300,0.8034,3.2685,0.2458,78.8043
2010-08-12,4.3600,0.8167,3.2230,0.2534,77.9048
2010-08-13,4.3900,0.8108,3.2374,0.2504,78.4670
2010-08-16,4.4900,0.7932,3.2504,0.2440,79.1229
2010-08-17,4.5300,0.7872,3.2461,0.2425,79.3103
2010-08-18,4.4900,0.7932,3.2450,0.2444,79.0855
2010-08-19,4.5400,0.7850,3.2501,0.2415,79.3666
2010-08-20,4.4600,0.7994,3.2389,0.2468,78.6732
2010-08-23,4.5000,0.7910,3.2346,0.2445,79.0292
2010-08-24,4.5200,0.7888,3.2229,0.2447,78.9168
2010-08-25,4.4100,0.8085,3.2154,0.2514,78.1672
2010-08-26,4.3900,0.8120,3.2322,0.2512,78.2046
2010-08-27,4.3900,0.8114,3.2379,0.2506,78.3733
2010-08-30,4.4300,0.8045,3.2304,0.2490,78.5607
2010-08-31,4.3900,0.8108,3.2301,0.2510,78.2421
2010-09-01,4.3900,0.8108,3.2358,0.2506,78.4108
2010-09-02,4.4200,0.8062,3.2418,0.2487,78.5795
2010-09-03,4.3800,0.8131,3.2406,0.2509,78.2984
2010-09-06,4.4700,0.7971,3.2580,0.2447,78.9918
2010-09-07,4.4500,0.8011,3.2739,0.2447,78.9730
2010-09-08,4.3600,0.8167,3.2632,0.2503,78.4858
2010-09-09,4.2500,0.8378,3.2681,0.2564,77.5675
2010-09-10,4.2400,0.8396,3.2989,0.2545,77.7361
2010-09-13,4.2400,0.8409,3.3251,0.2529,78.0172
2010-09-14,4.2400,0.8402,3.3205,0.2530,77.9798
2010-09-15,4.1900,0.8510,3.3443,0.2545,77.7736
2010-09-16,4.0900,0.8712,3.3401,0.2608,77.1552
2010-09-17,4.0700,0.8753,3.3504,0.2613,77.0990
2010-09-21,4.0600,0.8766,3.3391,0.2625,76.9490
2010-09-27,4.0600,0.8773,3.3378,0.2628,76.8553
2010-09-28,3.9500,0.9017,3.3371,0.2702,75.6934
2010-09-29,3.9200,0.9082,3.3310,0.2727,75.2624
2010-09-30,4.0700,0.8753,3.3183,0.2638,76.6867
2010-10-08,4.2000,0.8491,3.3342,0.2547,77.7174
2010-10-11,4.3600,0.8167,3.4040,0.2399,79.5915
2010-10-12,4.3800,0.8126,3.4179,0.2377,79.9850
2010-10-13,4.5400,0.7856,3.4271,0.2292,80.8658
2010-10-14,4.5200,0.7883,3.4275,0.2300,80.7721
2010-10-15,4.7900,0.7438,3.4247,0.2172,81.5967
2010-10-18,4.8200,0.5912,3.4182,0.1730,88.2684
2010-10-19,4.8200,0.5908,3.4205,0.1727,88.3058
2010-10-20,4.8000,0.5943,3.6201,0.1642,89.1679
2010-10-21,4.6100,0.6177,3.6370,0.1698,88.7181
2010-10-22,4.5700,0.6237,3.6358,0.1715,88.4370
2010-10-25,4.6200,0.6165,3.6407,0.1693,88.7744
2010-10-26,4.5900,0.6207,3.6944,0.1680,88.8868
2010-10-27,4.5300,0.6289,3.6975,0.1701,88.6619
2010-10-28,4.5800,0.6228,3.6863,0.1689,88.7931
2010-10-29,4.5500,0.6267,3.6821,0.1702,88.6057
2010-11-01,4.6000,0.6194,3.6941,0.1677,88.9055
2010-11-02,4.5500,0.6258,3.7497,0.1669,88.9805
2010-11-03,4.6100,0.6177,3.8113,0.1621,89.5427
2010-11-04,4.6200,0.6173,3.8434,0.1606,89.7489
2010-11-05,4.6200,0.6165,3.8458,0.1603,89.7676
2010-11-08,4.6800,0.6086,3.8392,0.1585,89.8613
2010-11-09,4.5600,0.6254,3.8445,0.1627,89.4865
2010-11-10,4.4300,0.6427,3.9204,0.1639,89.2054
2010-11-11,4.4700,0.6373,3.9530,0.1612,89.6927
2010-11-12,4.2000,0.6782,3.9534,0.1715,88.4183
2010-11-15,4.2500,0.6707,3.9450,0.1700,88.6807
2010-11-16,4.0900,0.6964,3.9065,0.1783,87.2189
2010-11-17,4.1200,0.6911,3.8600,0.1790,87.1064
2010-11-18,4.1400,0.6880,3.8336,0.1795,86.9753
2010-11-19,4.1200,0.6917,3.8700,0.1787,87.1252
2010-11-22,4.0400,0.7051,3.9161,0.1801,86.7691
2010-11-23,3.9800,0.7168,3.9317,0.1823,86.2256
2010-11-24,4.0200,0.7095,3.9533,0.1795,86.9565
2010-11-25,4.0800,0.6981,3.9674,0.1760,87.6874
2010-11-26,4.1000,0.6959,4.0123,0.1734,88.1372
2010-11-29,4.0700,0.7002,3.9959,0.1752,87.7811
2010-11-30,3.9900,0.7151,3.9710,0.1801,86.7316
2010-12-01,4.0000,0.7123,3.8919,0.1830,86.0195
2010-12-02,4.0200,0.7095,3.8609,0.1838,85.8133
2010-12-03,4.0300,0.7079,3.8699,0.1829,86.0757
2010-12-06,4.1000,0.6954,3.8696,0.1797,86.8441
2010-12-07,4.1000,0.6948,3.8435,0.1808,86.5817
2010-12-08,4.0500,0.7029,3.8609,0.1821,86.3193
2010-12-09,3.9900,0.7145,3.9023,0.1831,86.0007
2010-12-10,4.0100,0.7101,3.8888,0.1826,86.1507
2010-12-13,4.0800,0.6981,3.8509,0.1813,86.4880
2010-12-14,4.0700,0.7007,3.8521,0.1819,86.3381
2010-12-15,4.0600,0.7013,3.8150,0.1838,85.7759
2010-12-16,4.0200,0.7095,3.8044,0.1865,85.1762
2010-12-17,3.9900,0.7134,3.8058,0.1875,84.9138
2010-12-20,3.9000,0.7301,3.7850,0.1929,84.3328
2010-12-21,4.0200,0.7095,3.7956,0.1869,85.0825
2010-12-22,3.9400,0.7237,3.8004,0.1904,84.4828
2010-12-23,3.9900,0.7145,3.8108,0.1875,84.8951
2010-12-24,4.0000,0.7123,3.8136,0.1868,85.1012
2010-12-27,3.9300,0.7254,3.8913,0.1864,85.1949
2010-12-28,3.8900,0.7330,3.9118,0.1874,84.9325
2010-12-29,3.8900,0.7324,3.9019,0.1877,84.8763
2010-12-30,3.8700,0.7372,3.8800,0.1900,84.5390
2010-12-31,3.8900,0.7324,3.8799,0.1888,84.6514
2011-01-04,3.9600,0.7320,3.8606,0.1896,84.5577
2011-01-05,3.9900,0.7263,3.8132,0.1905,84.4640
2011-01-06,3.9800,0.7286,3.8339,0.1900,84.5202
2011-01-07,4.1600,0.6977,3.8237,0.1825,86.1694
2011-01-10,4.1000,0.7063,3.8449,0.1837,85.8508
2011-01-11,4.2100,0.6889,3.8703,0.1780,87.3126
2011-01-12,4.2400,0.6843,3.8550,0.1775,87.3876
2011-01-13,4.1900,0.6920,3.8831,0.1782,87.2751
2011-01-14,4.1300,0.7025,3.9156,0.1794,86.9940
2011-01-17,3.9600,0.7320,3.9651,0.1846,85.6447
2011-01-18,3.9900,0.7274,3.9954,0.1821,86.3006
2011-01-19,4.0300,0.7200,3.9752,0.1811,86.5442
2011-01-20,3.9200,0.7396,3.9749,0.1861,85.2886
2011-01-21,4.0000,0.7240,3.9837,0.1817,86.3568
2011-01-24,4.0000,0.7246,3.9918,0.1815,86.4318
2011-01-25,4.0400,0.7172,4.0152,0.1786,87.1439
2011-01-26,4.0500,0.7167,3.9991,0.1792,87.0502
2011-01-27,4.0300,0.7195,4.0058,0.1796,86.9003
2011-01-28,3.9900,0.7274,4.0096,0.1814,86.4693
2011-01-31,3.9900,0.7257,4.0187,0.1806,86.6379
2011-02-01,4.0100,0.7234,4.0186,0.1800,86.7879
2011-02-09,3.9700,0.7309,4.1006,0.1782,87.2564
2011-02-10,4.0100,0.7228,4.1158,0.1756,87.7249
2011-02-11,4.0000,0.7240,4.1062,0.1763,87.6124
2011-02-14,4.1300,0.7025,4.0552,0.1732,88.2309
2011-02-15,4.0900,0.7084,4.0454,0.1751,87.7999
2011-02-16,4.0700,0.7123,4.0450,0.1761,87.6687
2011-02-17,4.1100,0.7057,4.0449,0.1745,87.9310
2011-02-18,4.1000,0.7079,4.0450,0.1750,87.8373
2011-02-21,4.0900,0.7095,4.0702,0.1743,87.9873
2011-02-22,3.9700,0.7297,4.0400,0.1806,86.6192
2011-02-23,3.9600,0.7320,3.9946,0.1832,85.9445
2011-02-24,3.9600,0.7326,3.9132,0.1872,84.9888
2011-02-25,3.9700,0.7297,3.9566,0.1844,85.7009
2011-02-28,3.9900,0.7263,3.9314,0.1847,85.6072
2011-03-01,4.0700,0.7128,3.9259,0.1816,86.4130
2011-03-02,4.1400,0.7004,3.9233,0.1785,87.1627
2011-03-03,4.2200,0.6863,3.9279,0.1747,87.9123
2011-03-04,4.2600,0.6807,3.9388,0.1728,88.2871
2011-03-07,4.2700,0.6782,3.9351,0.1723,88.3433
2011-03-08,4.2800,0.6772,3.9078,0.1733,88.1934
2011-03-09,4.2700,0.6782,3.8879,0.1744,87.9498
2011-03-10,4.1600,0.6972,3.9321,0.1773,87.4063
2011-03-11,4.1100,0.7046,3.9328,0.1792,87.0690
2011-03-14,4.1200,0.7036,3.9074,0.1801,86.7504
2011-03-15,4.0500,0.7150,3.8659,0.1850,85.5697
2011-03-16,4.0900,0.7095,3.8600,0.1838,85.7946
2011-03-17,4.0400,0.7178,3.8326,0.1873,84.9700
2011-03-18,4.0500,0.7156,3.8489,0.1859,85.3261
2011-03-21,4.0600,0.7134,3.8774,0.1840,85.7196
2011-03-22,4.1400,0.7004,3.8987,0.1796,86.8628
2011-03-23,4.1700,0.6951,3.9037,0.1781,87.2939
2011-03-24,4.1400,0.7004,3.8762,0.1807,86.6004
2011-03-25,4.2100,0.6889,3.8714,0.1779,87.3313
2011-03-28,4.2200,0.6868,3.8807,0.1770,87.4625
2011-03-29,4.2800,0.6777,3.9044,0.1736,88.0810
2011-03-30,4.3500,0.6665,3.9069,0.1706,88.5307
2011-03-31,4.2800,0.6777,3.9120,0.1732,88.2121
2011-04-01,4.4400,0.6528,3.9126,0.1668,88.9993
2011-04-06,4.5800,0.6327,3.9203,0.1614,89.6552
2011-04-07,4.5700,0.6344,3.9167,0.1620,89.5615
2011-04-08,4.5600,0.6357,3.9081,0.1627,89.5052
2011-04-11,4.5600,0.6353,3.8928,0.1632,89.3178
2011-04-12,4.5300,0.6397,3.8700,0.1653,89.1117
2011-04-13,4.7100,0.6158,3.8703,0.1591,89.8238
2011-04-14,4.7000,0.6170,3.8707,0.1594,89.8051
2011-04-15,4.7400,0.6121,3.8709,0.1581,89.9175
2011-04-18,4.7100,0.6154,3.8960,0.1580,89.9550
2011-04-19,4.5800,0.6335,3.8911,0.1628,89.4303
2011-04-20,4.5600,0.6362,3.8913,0.1635,89.2616
2011-04-21,4.5700,0.6344,3.8912,0.1630,89.3741
2011-04-22,4.5400,0.6388,3.8966,0.1639,89.1867
2011-04-25,4.5700,0.6349,3.8961,0.1630,89.3928
2011-04-26,4.6300,0.6258,3.8960,0.1606,89.7301
2011-04-27,4.5900,0.6314,3.8812,0.1627,89.4678
2011-04-29,4.4800,0.6464,3.8713,0.1670,88.9618
2011-05-03,4.4900,0.6460,3.8752,0.1667,89.0180
2011-05-04,4.3400,0.6674,3.8772,0.1721,88.3621
2011-05-05,4.3600,0.6650,3.8715,0.1718,88.3996
2011-05-06,4.3400,0.6679,3.8308,0.1744,87.9685
2011-05-09,4.3200,0.6708,3.8378,0.1748,87.8936
2011-05-10,4.3900,0.6608,3.8326,0.1724,88.3246
2011-05-11,4.3600,0.6650,3.8334,0.1735,88.1184
2011-05-12,4.2900,0.6762,3.8211,0.1770,87.4813
2011-05-13,4.3400,0.6674,3.8363,0.1740,88.0060
2011-05-16,4.3000,0.6743,3.8432,0.1755,87.7436
2011-05-17,4.3700,0.6636,3.8318,0.1732,88.2496
2011-05-18,4.4400,0.6524,3.8338,0.1702,88.6244
2011-05-19,4.4400,0.6528,3.8309,0.1704,88.5682
2011-05-20,4.4700,0.6482,3.8429,0.1687,88.8493
2011-05-23,4.3500,0.6660,3.8400,0.1734,88.1559
2011-05-24,4.3500,0.6665,3.8414,0.1735,88.0997
2011-05-25,4.2700,0.6787,3.8382,0.1768,87.5000
2011-05-26,4.2900,0.6762,3.8352,0.1763,87.6312
2011-05-27,4.3000,0.6743,3.8217,0.1764,87.5937
2011-05-30,4.3300,0.6689,3.8256,0.1748,87.8748
2011-05-31,4.3500,0.6660,3.8311,0.1738,88.0247
2011-06-01,4.3200,0.6718,3.8311,0.1754,87.7624
2011-06-02,4.1500,0.6988,3.8337,0.1823,86.2631
2011-06-03,4.1700,0.7037,3.8337,0.1836,85.8883
2011-06-07,4.1700,0.7030,3.8341,0.1834,85.9070
2011-06-08,4.1000,0.7158,3.8572,0.1856,85.4385
2011-06-09,4.0000,0.7328,3.8726,0.1892,84.6139
2011-06-10,4.0200,0.7290,3.8940,0.1872,85.0075
2011-06-13,4.0500,0.7253,3.9036,0.1858,85.3636
2011-06-14,4.1000,0.7158,3.9406,0.1816,86.3756
2011-06-15,4.0200,0.7305,3.9986,0.1827,86.1319
2011-06-16,3.9700,0.7389,3.9839,0.1855,85.4573
2011-06-17,3.9500,0.7427,3.9803,0.1866,85.1574
2011-06-20,3.9900,0.7358,3.9413,0.1867,85.1199
2011-06-21,4.0000,0.7335,3.9003,0.1881,84.8201
2011-06-22,3.9800,0.7373,3.9555,0.1864,85.2136
2011-06-23,4.0200,0.7290,3.9691,0.1837,85.8696
2011-06-24,4.1700,0.7030,3.8963,0.1804,86.6754
2011-06-27,4.1600,0.7051,3.8703,0.1822,86.2819
2011-06-28,4.1300,0.7101,3.8800,0.1830,86.0382
2011-06-29,4.0300,0.7275,3.8833,0.1873,84.9513
2011-06-30,4.0700,0.7216,3.8857,0.1857,85.4198
2011-07-01,4.0200,0.7290,3.8775,0.1880,84.8388
2011-07-04,4.1700,0.7030,3.8842,0.1810,86.5630
2011-07-05,4.1500,0.7065,3.8909,0.1816,86.3943
2011-07-06,4.1000,0.7158,3.9116,0.1830,86.0570
2011-07-07,4.1000,0.7151,3.9021,0.1833,85.9258
2011-07-08,4.1900,0.7003,3.8881,0.1801,86.6942
2011-07-11,4.1500,0.7065,3.8923,0.1815,86.4505
2011-07-12,4.0800,0.7187,3.8899,0.1848,85.5885
2011-07-13,4.1400,0.7093,3.8913,0.1823,86.2444
2011-07-14,4.1700,0.7030,3.9204,0.1793,87.0315
2011-07-15,4.1700,0.7037,3.9278,0.1792,87.0877
2011-07-18,4.1300,0.7101,3.9558,0.1795,86.9378
2011-07-19,4.0700,0.7209,4.0088,0.1798,86.8253
2011-07-20,4.0700,0.7216,4.0715,0.1772,87.4250
2011-07-21,4.0200,0.7298,4.0889,0.1785,87.1814
2011-07-22,4.0100,0.7320,4.0671,0.1800,86.8066
2011-07-25,3.9000,0.7530,4.0663,0.1852,85.4948
2011-07-26,3.8900,0.7538,4.0753,0.1850,85.5510
2011-07-27,3.8800,0.7562,4.0855,0.1851,85.5135
2011-07-28,3.8100,0.7701,4.0627,0.1896,84.5765
2011-07-29,3.8800,0.7554,4.0477,0.1866,85.1387
2011-08-01,3.8500,0.7619,4.0502,0.1881,84.8013
2011-08-02,3.8300,0.7668,4.0615,0.1888,84.6327
2011-08-03,3.8300,0.7668,4.1201,0.1861,85.2699
2011-08-04,3.8300,0.7651,4.0911,0.1870,85.0637
2011-08-05,3.7300,0.7863,4.0423,0.1945,84.0892
2011-08-08,3.6100,0.8134,4.0007,0.2033,83.1709
2011-08-09,3.6700,0.8005,3.9554,0.2024,83.2646
2011-08-10,3.6800,0.7969,3.9639,0.2010,83.3771
2011-08-11,3.7600,0.7803,3.9291,0.1986,83.6582
2011-08-12,3.7300,0.7863,3.9268,0.2002,83.4895
2011-08-15,3.8700,0.7578,3.9231,0.1932,84.2954
2011-08-16,3.8600,0.7594,3.9492,0.1923,84.3516
2011-08-17,3.8300,0.7651,3.9432,0.1940,84.2016
2011-08-18,3.7700,0.7786,3.9560,0.1968,83.9205
2011-08-19,3.7300,0.7872,3.9331,0.2001,83.5270
2011-08-22,3.7100,0.7907,3.9325,0.2011,83.3396
2011-08-23,3.7900,0.7735,3.9356,0.1965,83.9580
2011-08-24,3.7600,0.7803,3.9501,0.1975,83.8081
2011-08-25,3.9200,0.7490,3.9750,0.1884,84.7639
2011-08-26,3.9100,0.7506,3.9886,0.1882,84.7826
2011-08-29,3.7900,0.7735,4.0994,0.1887,84.7076
2011-08-30,3.8000,0.7726,4.1303,0.1871,85.0450
2011-08-31,3.8400,0.7643,4.1050,0.1862,85.2324
2011-09-01,3.8700,0.7578,4.0708,0.1862,85.2511
2011-09-02,3.8400,0.7643,4.0700,0.1878,84.8576
2011-09-05,3.7800,0.7760,4.0501,0.1916,84.4078
2011-09-06,3.7600,0.7794,4.0107,0.1943,84.1267
2011-09-07,3.8400,0.7643,4.0500,0.1887,84.6889
2011-09-08,3.8300,0.7668,4.0650,0.1886,84.7451
2011-09-09,3.8400,0.7635,4.0452,0.1887,84.6702
2011-09-13,3.7800,0.7760,4.0208,0.1930,84.3141
2011-09-14,3.7600,0.7803,4.0210,0.1941,84.1829
2011-09-15,3.7000,0.7934,4.0495,0.1959,84.0142
2011-09-16,3.7100,0.7907,4.0752,0.1940,84.2204
2011-09-19,3.6400,0.8060,4.0801,0.1975,83.7894
2011-09-20,3.6600,0.8014,4.0801,0.1964,83.9768
2011-09-21,3.7600,0.7811,4.0908,0.1909,84.4453
2011-09-22,3.6400,0.8051,4.0676,0.1979,83.7331
2011-09-23,3.6100,0.8134,3.9662,0.2051,82.9835
2011-09-26,3.4900,0.8413,3.8878,0.2164,81.7466
2011-09-27,3.5200,0.8334,3.9158,0.2128,82.2339
2011-09-28,3.4800,0.8423,3.9203,0.2149,82.0090
2011-09-29,3.4900,0.8403,3.8840,0.2163,81.7654
2011-09-30,3.5300,0.8315,3.8605,0.2154,81.8778
2011-10-10,3.4800,0.8433,3.7706,0.2237,81.1844
2011-10-11,3.5400,0.8285,3.7593,0.2204,81.3718
2011-10-12,3.6600,0.8023,3.8005,0.2111,82.4025
2011-10-13,3.6700,0.8005,3.8205,0.2095,82.5900
2011-10-14,3.6500,0.8041,3.7707,0.2132,82.1589
2011-10-17,3.6900,0.7960,3.7906,0.2100,82.5525
2011-10-18,3.6300,0.8087,3.7407,0.2162,81.7841
2011-10-19,3.6500,0.8032,3.7311,0.2153,81.9528
2011-10-20,3.6100,0.8134,3.7266,0.2183,81.5030
2011-10-21,3.6700,0.7987,3.7385,0.2136,82.1027
2011-10-24,3.7900,0.7752,3.7533,0.2065,82.8336
2011-10-25,3.7900,0.7752,3.7960,0.2042,83.1147
2011-10-26,3.7900,0.7735,3.7918,0.2040,83.1334
2011-10-27,3.8300,0.7668,3.8032,0.2016,83.3021
2011-10-28,3.8800,0.7570,3.7870,0.1999,83.5832
2011-10-31,3.8100,0.7710,3.7607,0.2050,83.0022
2011-11-01,3.7900,0.7735,3.7395,0.2068,82.7961
2011-11-02,3.8700,0.7586,3.7208,0.2039,83.1522
2011-11-03,3.8200,0.7685,3.7233,0.2064,82.8523
2011-11-04,3.8500,0.7627,3.7158,0.2053,82.9648
2011-11-07,3.7900,0.7735,3.7333,0.2072,82.7586
2011-11-08,3.8100,0.7710,3.6988,0.2084,82.6837
2011-11-09,3.8300,0.7660,3.6436,0.2102,82.4775
2011-11-10,3.7400,0.7846,3.5563,0.2206,81.3343
2011-11-11,3.7500,0.7820,3.5916,0.2177,81.5405
2011-11-14,3.8100,0.7710,3.5807,0.2153,81.9153
2011-11-15,3.7900,0.7735,3.6563,0.2116,82.3463
2011-11-16,3.6900,0.7960,3.6260,0.2195,81.4093
2011-11-17,3.6600,0.8014,3.6360,0.2204,81.3531
2011-11-18,3.6400,0.8069,3.6412,0.2216,81.2781
2011-11-21,3.6100,0.8124,3.6598,0.2220,81.2406
2011-11-22,3.6200,0.8115,3.6412,0.2229,81.2219
2011-11-23,3.5900,0.8171,3.5914,0.2275,81.0157
2011-11-24,3.6000,0.8162,3.6103,0.2261,81.0907
2011-11-25,3.5600,0.8237,3.6115,0.2281,80.9595
2011-11-28,3.5500,0.8257,3.6402,0.2268,81.0720
2011-11-29,3.6100,0.8134,3.6315,0.2240,81.1469
2011-11-30,3.5100,0.8354,3.6091,0.2315,80.6222
2011-12-01,3.6400,0.8060,3.5005,0.2303,80.7534
2011-12-02,3.6400,0.8069,3.4720,0.2324,80.5285
2011-12-05,3.6400,0.8069,3.4420,0.2344,80.3223
2011-12-06,3.6100,0.8134,3.4790,0.2338,80.3786
2011-12-07,3.6300,0.8087,3.4890,0.2318,80.5847
2011-12-08,3.6300,0.8087,3.4953,0.2314,80.6972
2011-12-09,3.6000,0.8162,3.4817,0.2344,80.3411
2011-12-12,3.5800,0.8199,3.4927,0.2347,80.2849
2011-12-13,3.5500,0.8276,3.4982,0.2366,80.1537
2011-12-14,3.5500,0.8257,3.4807,0.2372,80.0600
2011-12-15,3.5100,0.8363,3.4890,0.2397,79.6664
2011-12-16,3.5600,0.8237,3.4637,0.2378,79.9288
2011-12-19,3.5600,0.8247,3.4702,0.2377,80.0037
2011-12-20,3.5500,0.8266,3.4655,0.2385,79.8351
2011-12-21,3.5200,0.8324,3.4709,0.2398,79.6289
2011-12-22,3.5200,0.8324,3.4752,0.2395,79.6852
2011-12-23,3.5300,0.8315,3.4803,0.2389,79.8163
2011-12-26,3.5000,0.8383,3.4653,0.2419,79.3478
2011-12-27,3.4900,0.8413,3.4603,0.2431,79.1792
2011-12-28,3.4600,0.8473,3.4603,0.2449,78.8981
2011-12-29,3.4500,0.8504,3.4453,0.2468,78.6544
2011-12-30,3.5100,0.8363,3.4303,0.2438,79.1604
2012-01-04,3.4800,1.4635,3.4395,0.4255,63.9430
2012-01-05,3.5700,1.4229,3.4304,0.4148,64.6364
2012-01-06,3.6000,1.4131,3.3970,0.4160,64.5615
2012-01-09,3.7000,1.3752,3.3806,0.4068,65.4235
2012-01-10,3.7500,1.3570,3.4030,0.3988,66.3418
2012-01-11,3.7200,1.3675,3.4208,0.3998,66.1732
2012-01-12,3.7600,1.3540,3.4020,0.3980,66.4355
2012-01-13,3.7400,1.3615,3.4108,0.3992,66.2856
2012-01-16,3.7100,1.3721,3.4233,0.4008,65.9858
2012-01-17,3.8000,1.3378,3.4045,0.3930,67.0165
2012-01-18,3.7400,1.3615,3.3957,0.4009,65.9483
2012-01-19,3.8000,1.3378,3.3758,0.3963,66.6042
2012-01-20,3.8900,1.3065,3.3808,0.3864,67.8411
2012-01-30,3.8100,1.3349,3.4005,0.3926,67.0727
2012-01-31,3.8100,1.3349,3.4064,0.3919,67.1664
2012-02-01,3.7500,1.3555,3.4318,0.3950,66.7166
2012-02-02,3.8800,1.3093,3.4410,0.3805,68.5532
2012-02-03,3.9000,1.3038,3.4360,0.3795,68.6469
2012-02-06,3.8800,1.3107,3.4785,0.3768,68.9280
2012-02-07,3.8200,1.3320,3.4810,0.3826,68.1034
2012-02-08,3.9000,1.3024,3.5098,0.3711,69.5090
2012-02-09,3.8800,1.3093,3.5409,0.3698,69.6214
2012-02-10,3.8700,1.3135,3.5210,0.3730,69.3028
2012-02-13,3.8300,1.3277,3.5148,0.3777,68.8343
2012-02-14,3.8000,1.3392,3.5160,0.3809,68.4595
2012-02-15,3.8100,1.3334,3.5335,0.3774,68.8718
2012-02-16,3.8000,1.3392,3.5361,0.3787,68.7219
2012-02-17,3.8300,1.3291,3.5361,0.3759,69.0780
2012-02-20,3.8300,1.3291,3.5116,0.3785,68.7406
2012-02-21,3.8300,1.3263,3.5164,0.3772,68.8906
2012-02-22,3.8500,1.3206,3.5276,0.3744,69.2091
2012-02-23,3.8600,1.3192,3.5254,0.3742,69.2279
2012-02-24,3.9300,1.2942,3.5164,0.3680,69.7151
2012-02-27,3.9200,1.2983,3.5501,0.3657,69.9025
2012-02-28,3.9900,1.2741,3.5464,0.3593,70.3336
2012-02-29,3.9400,1.2901,3.5340,0.3651,69.9588
2012-03-01,3.9500,1.2888,3.5500,0.3630,70.1274
2012-03-02,4.0000,1.2701,3.5616,0.3566,70.4085
2012-03-05,3.9600,1.2847,3.5614,0.3607,70.2774
2012-03-06,3.9000,1.3038,3.5465,0.3676,69.7526
2012-03-07,3.8600,1.3177,3.5316,0.3731,69.2841
2012-03-08,3.9100,1.3010,3.5316,0.3684,69.6964
2012-03-09,3.9100,1.2997,3.5367,0.3675,69.7714
2012-03-12,3.8800,1.3121,3.5242,0.3723,69.3778
2012-03-13,3.9100,1.2997,3.5401,0.3671,69.7901
2012-03-14,3.8700,1.3149,3.5451,0.3709,69.5465
2012-03-15,3.8000,1.3392,3.5589,0.3763,68.9843
2012-03-16,3.8200,1.3306,3.5483,0.3750,69.1342
2012-03-19,3.8300,1.3263,3.5590,0.3727,69.3591
2012-03-20,3.7700,1.3495,3.5601,0.3791,68.6844
2012-03-21,3.7500,1.3555,3.5608,0.3807,68.5157
2012-03-22,3.7700,1.3495,3.5502,0.3801,68.6094
2012-03-23,3.7400,1.3585,3.5267,0.3852,67.9535
2012-03-26,3.7700,1.3480,3.5247,0.3824,68.1784
2012-03-27,3.7700,1.3495,3.5403,0.3812,68.3658
2012-03-28,3.7100,1.3721,3.5223,0.3895,67.4288
2012-03-29,3.6700,1.3876,3.5143,0.3948,66.7541
2012-03-30,3.6900,1.3782,3.5054,0.3932,66.9978
2012-04-05,3.6900,1.3782,3.5191,0.3916,67.2039
2012-04-06,3.6900,1.3767,3.5203,0.3911,67.3163
2012-04-09,3.6500,1.3923,3.5352,0.3938,66.9040
2012-04-10,3.6900,1.3798,3.5366,0.3901,67.4100
2012-04-11,3.6700,1.3844,3.5308,0.3921,67.1102
2012-04-12,3.7700,1.3495,3.5407,0.3811,68.3846
2012-04-13,3.7800,1.3466,3.5277,0.3817,68.2721
2012-04-16,3.7400,1.3585,3.5318,0.3846,68.0097
2012-04-17,3.6900,1.3782,3.5291,0.3905,67.3538
2012-04-18,3.7700,1.3495,3.5366,0.3816,68.3096
2012-04-19,3.7700,1.3495,3.5518,0.3799,68.6282
2012-04-20,3.8500,1.3220,3.5414,0.3733,69.2654
2012-04-23,3.8200,1.3320,3.5407,0.3762,69.0217
2012-04-24,3.8800,1.3121,3.5302,0.3717,69.4528
2012-04-25,3.8600,1.3163,3.5369,0.3722,69.3966
2012-04-26,3.8700,1.3135,3.5357,0.3715,69.4903
2012-04-27,3.8900,1.3079,3.5389,0.3696,69.6402
2012-05-02,3.9500,1.2874,3.5449,0.3632,70.1087
2012-05-03,3.9100,1.3010,3.5454,0.3670,69.8088
2012-05-04,3.9200,1.2969,3.5512,0.3652,69.9400
2012-05-07,3.8900,1.3065,3.5518,0.3678,69.7339
2012-05-08,3.8700,1.3149,3.5520,0.3702,69.5652
2012-05-09,3.8000,1.3378,3.5414,0.3778,68.8156
2012-05-10,3.7900,1.3436,3.5287,0.3808,68.4783
2012-05-11,3.7900,1.3436,3.4907,0.3849,67.9910
2012-05-14,3.7500,1.3555,3.4461,0.3933,66.9790
2012-05-15,3.7400,1.3615,3.4050,0.3999,66.1357
2012-05-16,3.6800,1.3813,3.3618,0.4109,65.0112
2012-05-17,3.7100,1.3721,3.4116,0.4022,65.7796
2012-05-18,3.6600,1.3891,3.3614,0.4133,64.7676
2012-05-21,3.6700,1.3876,3.3866,0.4097,65.1424
2012-05-22,3.7000,1.3736,3.3948,0.4046,65.5922
2012-05-23,3.6700,1.3844,3.3825,0.4093,65.2174
2012-05-24,3.6600,1.3907,3.3619,0.4137,64.6927
2012-05-25,3.6300,1.4002,3.3019,0.4241,64.0555
2012-05-28,3.6700,1.3876,3.3418,0.4152,64.6177
2012-05-29,3.7000,1.3752,3.3718,0.4079,65.3486
2012-05-30,3.6400,1.3954,3.3766,0.4133,64.7489
2012-05-31,3.6200,1.4034,3.3443,0.4196,64.1867
2012-06-01,3.6300,1.4018,3.3416,0.4195,64.2054
2012-06-04,3.5500,1.4328,3.3469,0.4281,63.8868
2012-06-05,3.5400,1.4378,3.3568,0.4283,63.8493
2012-06-06,3.5600,1.4278,3.3600,0.4249,63.9805
2012-06-07,3.5400,1.4378,3.3751,0.4260,63.9243
2012-06-08,3.4500,1.4757,3.3101,0.4458,63.2871
2012-06-11,3.4500,1.4757,3.3491,0.4406,63.4370
2012-06-12,3.4300,1.4846,3.3747,0.4399,63.4558
2012-06-14,3.4200,1.4882,3.4009,0.4376,63.6057
2012-06-15,3.5000,1.4531,3.3932,0.4282,63.8681
2012-06-18,3.5000,1.4548,3.4107,0.4265,63.9055
2012-06-19,3.5100,1.4497,3.4093,0.4252,63.9618
2012-06-20,3.5100,1.4480,3.4101,0.4246,64.0180
2012-06-21,3.4900,1.4583,3.4001,0.4289,63.8306
2012-06-25,3.4500,1.4740,3.3677,0.4377,63.5870
2012-06-26,3.4500,1.5270,3.3653,0.4537,63.0060
2012-06-27,3.4500,1.5289,3.3252,0.4598,62.6687
2012-06-28,3.4300,1.5365,3.3253,0.4621,62.5562
2012-06-29,3.4800,1.5139,3.3253,0.4553,62.9498
2012-07-02,3.4700,1.5213,3.3353,0.4561,62.9123
2012-07-03,3.4700,1.5213,3.3204,0.4582,62.8373
2012-07-04,3.4800,1.5157,3.3195,0.4566,62.8936
2012-07-05,3.4600,1.5251,3.3193,0.4595,62.6874
2012-07-06,3.4200,1.5443,3.2960,0.4685,62.2751
2012-07-09,3.2900,1.6047,3.2709,0.4906,61.2819
2012-07-10,3.3000,1.5984,3.2549,0.4911,61.2256
2012-07-11,3.3000,1.5963,3.2398,0.4927,61.1694
2012-07-12,3.2900,1.6047,3.2502,0.4937,61.1319
2012-07-13,3.3100,1.5922,3.2591,0.4885,61.3381
2012-07-16,3.2700,1.6131,3.2752,0.4925,61.1882
2012-07-17,3.3000,1.6005,3.2850,0.4872,61.4880
2012-07-18,3.2900,1.6047,3.2858,0.4884,61.3756
2012-07-19,3.3000,1.6005,3.2860,0.4871,61.5067
2012-07-20,3.2600,1.6173,3.2810,0.4929,61.1507
2012-07-23,3.1900,1.6520,3.2760,0.5043,60.9820
2012-07-24,3.2000,1.6498,3.2759,0.5036,61.0007
2012-07-25,3.1800,1.6610,3.2760,0.5070,60.9633
2012-07-26,3.1700,1.6632,3.2763,0.5076,60.9445
2012-07-27,3.2100,1.6432,3.2764,0.5015,61.0382
2012-07-30,3.2400,1.6280,3.2755,0.4970,61.0570
2012-07-31,3.2800,1.6067,3.2915,0.4881,61.3943
2012-08-01,3.2800,1.6088,3.2921,0.4887,61.3193
2012-08-02,3.3200,1.5881,3.2861,0.4833,61.6192
2012-08-03,3.3200,1.5901,3.2902,0.4833,61.6004
2012-08-06,3.3100,1.5943,3.3100,0.4817,61.6942
2012-08-07,3.3000,1.6005,3.3300,0.4806,61.7879
2012-08-08,3.3100,1.5922,3.3545,0.4746,62.0315
2012-08-09,3.3200,1.5881,3.3023,0.4809,61.7316
2012-08-10,3.3400,1.5779,3.2825,0.4807,61.7691
2012-08-13,3.3200,1.5881,3.3029,0.4808,61.7504
2012-08-14,3.3400,1.5779,3.3105,0.4766,61.9565
2012-08-15,3.2500,1.6237,3.3402,0.4861,61.5442
2012-08-16,3.2300,1.6345,3.3467,0.4884,61.3568
2012-08-17,3.2400,1.6302,3.3342,0.4889,61.3006
2012-08-20,3.2200,1.6367,3.3564,0.4876,61.4505
2012-08-21,3.2200,1.6388,3.3578,0.4881,61.4130
2012-08-22,3.2200,1.6367,3.3935,0.4823,61.6754
2012-08-23,3.2200,1.6367,3.3702,0.4856,61.5630
2012-08-24,3.2100,1.6432,3.3364,0.4925,61.2069
2012-08-27,3.1700,1.6632,3.3498,0.4965,61.0757
2012-08-28,3.2600,1.6194,3.3634,0.4815,61.7129
2012-08-29,3.2400,1.6302,3.3943,0.4803,61.8066
2012-08-30,3.2600,1.6173,3.3904,0.4770,61.8628
2012-08-31,3.2600,1.6173,3.3928,0.4767,61.9378
2012-09-03,3.2500,1.6237,3.4001,0.4775,61.8441
2012-09-04,3.2000,1.6498,3.3836,0.4876,61.4693
2012-09-05,3.1400,1.6814,3.3887,0.4962,61.0945
2012-09-06,3.1600,1.6677,3.3963,0.4910,61.2631
2012-09-07,3.2600,1.6194,3.4162,0.4740,62.0877
2012-09-10,3.2400,1.6280,3.4611,0.4704,62.2376
2012-09-11,3.2100,1.6432,3.4714,0.4734,62.1064
2012-09-12,3.2100,1.6454,3.4909,0.4713,62.2001
2012-09-13,3.1900,1.6520,3.4834,0.4742,62.0690
2012-09-14,3.2200,1.6367,3.5485,0.4612,62.6499
2012-09-17,3.1800,1.6610,3.5717,0.4650,62.4438
2012-09-18,3.1500,1.6745,3.5216,0.4755,61.9940
2012-09-19,3.1500,1.6768,3.5166,0.4768,61.9190
2012-09-20,3.1000,1.7023,3.5171,0.4840,61.5817
2012-09-21,3.0900,1.7070,3.4998,0.4877,61.4318
2012-09-24,3.0700,1.7166,3.4956,0.4911,61.2444
2012-09-25,3.0700,1.7190,3.4676,0.4957,61.1132
2012-09-26,3.0500,1.7310,3.4444,0.5026,61.0195
2012-09-27,3.1400,1.6814,3.4525,0.4870,61.5255
2012-09-28,3.1600,1.6677,3.4575,0.4823,61.6567
2012-10-08,3.1400,1.6814,3.4814,0.4830,61.6379
2012-10-09,3.1900,1.6520,3.4921,0.4731,62.1252
2012-10-10,3.1900,1.6543,3.5036,0.4722,62.1814
2012-10-11,3.1800,1.6610,3.4990,0.4747,62.0127
2012-10-12,3.1900,1.6520,3.4807,0.4746,62.0502
2012-10-15,3.1800,1.6610,3.4730,0.4783,61.8253
2012-10-16,3.2000,1.6498,3.4903,0.4727,62.1627
2012-10-17,3.2400,1.6302,3.5036,0.4653,62.4063
2012-10-18,3.2700,1.6152,3.5190,0.4590,62.7436
2012-10-19,3.2500,1.6237,3.5350,0.4593,62.7061
2012-10-22,3.2800,1.6088,3.5293,0.4558,62.9310
2012-10-23,3.2400,1.6259,3.5454,0.4586,62.7624
2012-10-24,3.2500,1.6216,3.5478,0.4571,62.8748
2012-10-25,3.2300,1.6345,3.5672,0.4582,62.8186
2012-10-26,3.2000,1.6498,3.5727,0.4618,62.5937
2012-10-29,3.2000,1.6476,3.5668,0.4619,62.5750
2012-10-30,3.2100,1.6454,3.5648,0.4616,62.6124
2012-10-31,3.2200,1.6388,3.5739,0.4585,62.7811
2012-11-01,3.2700,1.6110,3.5984,0.4477,63.1934
2012-11-02,3.2900,1.6026,3.5852,0.4470,63.2309
2012-11-05,3.3100,1.5922,3.5872,0.4439,63.3621
2012-11-06,3.2900,1.6026,3.5771,0.4480,63.1559
2012-11-07,3.3000,1.6005,3.5644,0.4490,63.1184
2012-11-08,3.2300,1.6323,3.5609,0.4584,62.7999
2012-11-09,3.2300,1.6345,3.5594,0.4592,62.7249
2012-11-12,3.2700,1.6131,3.5585,0.4533,63.0247
2012-11-13,3.2100,1.6432,3.5470,0.4633,62.5187
2012-11-14,3.2100,1.6410,3.5356,0.4641,62.4625
2012-11-15,3.1800,1.6587,3.5279,0.4702,62.2564
2012-11-16,3.1500,1.6722,3.5133,0.4760,61.9753
2012-11-19,3.1600,1.6700,3.5010,0.4770,61.8816
2012-11-20,3.1500,1.6745,3.5111,0.4769,61.9003
2012-11-21,3.2000,1.6476,3.5205,0.4680,62.2939
2012-11-22,3.1900,1.6543,3.5357,0.4679,62.3126
2012-11-23,3.2200,1.6388,3.5428,0.4626,62.5375
2012-11-26,3.2000,1.6476,3.5511,0.4640,62.4813
2012-11-27,3.2000,1.6498,3.5570,0.4638,62.5000
2012-11-28,3.1900,1.6543,3.5535,0.4655,62.3876
2012-11-29,3.1800,1.6610,3.5311,0.4704,62.2189
2012-11-30,3.2000,1.6498,3.5332,0.4669,62.3313
2012-12-03,3.1500,1.6745,3.5397,0.4731,62.1439
2012-12-04,3.1800,1.6565,3.5498,0.4666,62.3501
2012-12-05,3.3800,1.5619,3.5622,0.4385,63.5120
2012-12-06,3.3800,1.5599,3.5580,0.4384,63.5307
2012-12-07,3.5400,1.4900,3.5689,0.4175,64.4115
2012-12-10,3.5700,1.4775,3.5707,0.4138,64.6739
2012-12-11,3.5500,1.4864,3.5658,0.4168,64.4490
2012-12-12,3.6000,1.4652,3.5666,0.4108,65.0300
2012-12-13,3.5500,1.4846,3.5649,0.4164,64.4678
2012-12-14,3.8100,1.3829,3.5781,0.3865,67.8036
2012-12-17,3.8900,1.3570,3.5814,0.3789,68.7031
2012-12-18,3.9200,1.3466,3.5843,0.3757,69.0967
2012-12-19,3.8800,1.3600,3.5942,0.3784,68.7594
2012-12-20,3.8800,1.3585,3.6086,0.3765,68.9655
2012-12-21,3.8400,1.3721,3.6060,0.3805,68.5345
2012-12-24,3.9000,1.3540,3.6009,0.3760,69.0592
2012-12-25,4.0500,1.3024,3.5955,0.3622,70.1649
2012-12-26,4.0500,1.3010,3.5925,0.3621,70.1837
2012-12-27,4.0200,1.3107,3.5803,0.3661,69.8651
2012-12-28,4.1100,1.2834,3.5752,0.3590,70.3523
2012-12-31,4.2500,1.2407,3.5738,0.3472,70.6147
2013-01-04,4.2900,2.9940,3.6062,0.8302,55.4348
2013-01-07,4.4200,2.9070,3.5965,0.8083,56.0345
2013-01-08,4.3400,2.9644,3.5943,0.8248,55.6222
2013-01-09,4.3500,2.9586,3.5750,0.8276,55.5472
2013-01-10,4.3000,2.9880,3.5950,0.8312,55.3973
2013-01-11,4.2100,3.0550,3.5999,0.8486,54.8726
2013-01-14,4.4400,2.8986,3.6023,0.8047,56.1844
2013-01-15,4.4300,2.9042,3.6008,0.8065,56.1282
2013-01-16,4.3400,2.9644,3.6047,0.8224,55.7159
2013-01-17,4.3000,2.9910,3.5986,0.8312,55.3786
2013-01-18,4.3500,2.9528,3.5834,0.8240,55.6597
2013-01-21,4.4600,2.8846,3.5743,0.8070,56.0907
2013-01-22,4.4900,2.8626,3.5705,0.8017,56.2594
2013-01-23,4.5400,2.8302,3.5682,0.7932,56.6904
2013-01-24,4.5500,2.8275,3.5816,0.7895,56.7279
2013-01-25,4.5700,2.8143,3.5837,0.7853,56.7841
2013-01-28,4.7900,2.6834,3.6042,0.7445,57.7211
2013-01-29,4.8400,2.6549,3.6116,0.7351,58.2834
2013-01-30,4.8200,2.6690,3.6053,0.7403,58.0022
2013-01-31,4.9200,2.6132,3.6054,0.7248,58.5457
2013-02-01,5.1200,2.5105,3.6004,0.6973,59.5577
2013-02-04,5.1700,2.4855,3.6016,0.6901,59.8576
2013-02-05,5.0900,2.5274,3.5910,0.7038,59.2579
2013-02-06,5.1400,2.5000,3.5922,0.6960,59.6327
2013-02-07,4.9000,2.6247,3.5928,0.7305,58.4520
2013-02-08,4.8600,2.6455,3.5859,0.7378,58.1709
2013-02-18,4.8300,2.6643,3.5929,0.7415,57.8898
2013-02-19,4.7600,2.7027,3.5931,0.7522,57.5525
2013-02-20,4.6300,2.7752,3.5632,0.7789,56.9340
2013-02-21,4.3800,2.9354,3.5623,0.8240,55.6784
2013-02-22,4.3500,2.9586,3.5708,0.8286,55.5285
2013-02-25,4.4200,2.9070,3.5821,0.8115,55.9595
2013-02-26,4.4300,2.9042,3.5948,0.8079,56.0720
2013-02-27,4.4500,2.8874,3.5904,0.8042,56.2219
2013-02-28,4.7400,2.7125,3.5957,0.7544,57.4963
2013-03-01,4.7900,2.6858,3.5878,0.7486,57.5900
2013-03-04,4.4500,2.8874,3.5785,0.8069,56.1094
2013-03-05,4.7400,2.7100,3.5760,0.7578,57.4400
2013-03-06,4.7600,2.7003,3.5802,0.7542,57.5337
2013-03-07,4.6100,2.7881,3.5813,0.7785,56.9528
2013-03-08,4.5900,2.8011,3.5816,0.7821,56.8966
2013-03-11,4.4900,2.8653,3.5830,0.7997,56.3906
2013-03-12,4.4100,2.9155,3.5897,0.8122,55.9033
2013-03-13,4.3900,2.9268,3.5898,0.8153,55.8658
2013-03-14,4.4800,2.8708,3.5919,0.7992,56.4093
2013-03-15,4.5000,2.8544,3.5919,0.7947,56.6717
2013-03-18,4.4900,2.8626,3.5971,0.7958,56.5967
2013-03-19,4.5600,2.8169,3.5922,0.7842,56.8403
2013-03-20,4.8000,2.6810,3.5722,0.7505,57.5712
2013-03-21,4.7600,2.7027,3.5819,0.7545,57.4775
2013-03-22,4.7400,2.7125,3.5816,0.7573,57.4588
2013-03-25,4.7300,2.7174,3.5770,0.7597,57.4025
2013-03-26,4.5900,2.8037,3.5717,0.7850,56.8216
2013-03-27,4.6100,2.7881,3.5611,0.7829,56.8778
2013-03-28,4.2900,2.9940,3.5505,0.8433,55.1162
2013-03-29,4.3400,2.9615,3.5392,0.8368,55.2661
2013-04-01,4.3100,2.9851,3.5303,0.8456,55.0037
2013-04-02,4.3000,2.9910,3.5106,0.8520,54.7226
2013-04-03,4.3100,2.9821,3.5005,0.8519,54.7414
2013-04-08,4.2500,3.0242,3.4905,0.8664,54.3291
2013-04-09,4.3000,2.9880,3.4705,0.8610,54.4603
2013-04-10,4.2900,3.0000,3.4624,0.8665,54.3103
2013-04-11,4.2900,2.9940,3.4705,0.8627,54.4040
2013-04-12,4.2600,3.0181,3.4655,0.8709,54.1042
2013-04-15,4.2100,3.0519,3.4405,0.8871,53.4670
2013-04-16,4.1700,3.0801,3.4005,0.9058,52.8486
2013-04-17,4.1100,3.1283,3.4131,0.9166,52.5675
2013-04-18,4.1300,3.1153,3.4431,0.9048,52.8861
2013-04-19,4.3500,2.9586,3.4503,0.8575,54.5727
2013-04-22,4.3800,2.9354,3.4867,0.8419,55.1537
2013-04-23,4.2200,3.0488,3.4629,0.8804,53.7669
2013-04-24,4.3000,2.9910,3.4498,0.8670,54.2916
2013-04-25,4.2500,3.0272,3.4314,0.8822,53.6544
2013-04-26,4.2300,3.0364,3.4313,0.8849,53.5607
2013-05-02,4.2100,3.0550,3.4119,0.8954,53.2234
2013-05-03,4.2900,2.9970,3.4212,0.8760,53.8981
2013-05-06,4.3400,2.9615,3.4354,0.8621,54.4415
2013-05-07,4.3100,2.9821,3.4261,0.8704,54.1229
2013-05-08,4.3100,2.9851,3.4345,0.8692,54.1979
2013-05-09,4.2700,3.0090,3.4317,0.8768,53.8793
2013-05-10,4.3000,2.9910,3.4212,0.8743,53.9730
2013-05-13,4.2900,2.9940,3.4238,0.8745,53.9543
2013-05-14,4.2700,3.0090,3.4248,0.8786,53.8231
2013-05-15,4.2800,3.0030,3.4218,0.8776,53.8606
2013-05-16,4.3500,2.9557,3.4219,0.8638,54.3853
2013-05-17,4.3900,2.9297,3.4213,0.8563,54.6102
2013-05-20,4.4600,2.8818,3.4253,0.8413,55.1724
2013-05-21,4.4300,2.9014,3.4253,0.8470,54.9288
2013-05-22,4.4400,2.8958,3.4153,0.8479,54.9100
2013-05-23,4.3500,2.9557,3.4130,0.8660,54.3478
2013-05-24,4.3700,2.9412,3.4181,0.8605,54.4790
2013-05-27,4.4100,2.9155,3.4166,0.8533,54.6664
2013-05-28,4.5200,2.8436,3.4206,0.8313,55.3598
2013-05-29,4.5100,2.8517,3.4340,0.8304,55.4160
2013-05-30,4.5200,2.8463,3.4340,0.8289,55.4723
2013-05-31,4.4900,2.8653,3.4399,0.8330,55.3223
2013-06-03,4.4500,3.0488,3.4478,0.8843,53.5795
2013-06-04,4.4100,3.0801,3.4603,0.8901,53.4108
2013-06-05,4.3700,3.1088,3.4615,0.8981,53.1484
2013-06-06,4.2800,3.1746,3.4651,0.9162,52.6049
2013-06-07,4.2300,3.2086,3.4822,0.9214,52.5112
2013-06-13,4.0800,3.3259,3.4591,0.9615,51.8178
2013-06-14,4.0800,3.3259,3.4689,0.9588,51.8928
2013-06-17,4.0800,3.3296,3.4785,0.9572,51.9865
2013-06-18,4.1000,3.3076,3.4818,0.9500,52.0802
2013-06-19,4.0200,3.3746,3.5516,0.9502,52.0615
2013-06-20,3.8100,3.5629,3.7016,0.9625,51.7804
2013-06-21,3.7500,3.6232,3.6014,1.0061,50.4123
2013-06-24,3.4000,3.9894,3.5999,1.1082,46.1582
2013-06-25,3.5300,3.8462,3.5999,1.0684,47.9948
2013-06-26,3.5200,3.8610,3.5500,1.0876,47.2451
2013-06-27,3.5600,3.8071,3.5231,1.0806,47.5262
2013-06-28,3.7500,3.6232,3.5125,1.0315,49.4565
2013-07-01,3.7000,3.6720,3.5245,1.0418,49.1192
2013-07-02,3.6900,3.6810,3.5243,1.0445,48.9880
2013-07-03,3.6400,3.7313,3.5302,1.0570,48.4070
2013-07-04,3.6700,3.6946,3.5102,1.0525,48.6507
2013-07-05,3.6700,3.6991,3.5127,1.0531,48.5570
2013-07-08,3.5800,3.7927,3.5177,1.0782,47.6762
2013-07-09,3.5800,3.7879,3.5202,1.0760,47.8073
2013-07-10,3.6700,3.6991,3.5802,1.0332,49.3816
2013-07-11,4.0100,3.3860,3.5902,0.9431,52.1552
2013-07-12,3.8400,3.5336,3.6001,0.9815,51.3118
2013-07-15,3.8700,3.5047,3.6102,0.9708,51.5930
2013-07-16,3.8600,3.5129,3.6190,0.9707,51.6117
2013-07-17,3.8200,3.5503,3.6690,0.9676,51.7054
2013-07-18,3.7100,3.6585,3.6903,0.9914,51.0495
2013-07-19,3.6300,3.7360,3.7051,1.0083,50.2999
2013-07-22,3.6000,3.7736,3.7401,1.0090,50.2811
2013-07-23,3.6800,3.6855,3.7602,0.9801,51.3493
2013-07-24,3.6200,3.7500,3.7952,0.9881,51.1432
2013-07-25,3.6300,3.7406,3.7102,1.0082,50.3186
2013-07-26,3.6100,3.7641,3.7152,1.0132,50.1312
2013-07-29,3.5000,3.8760,3.7228,1.0412,49.1379
2013-07-30,3.5500,3.8265,3.7227,1.0279,49.6252
2013-07-31,3.5600,3.8168,3.7214,1.0256,49.6627
2013-08-01,3.6100,3.7547,3.7053,1.0133,50.1124
2013-08-02,3.6100,3.7594,3.7034,1.0151,50.0750
2013-08-05,3.6500,3.7221,3.7104,1.0032,50.5247
2013-08-06,3.6300,3.7360,3.7153,1.0056,50.4498
2013-08-07,3.6200,3.7453,3.7703,0.9934,50.9933
2013-08-08,3.6100,3.7547,3.8455,0.9764,51.4243
2013-08-09,3.6200,3.7453,3.8407,0.9752,51.4430
2013-08-12,3.7600,3.6101,3.8513,0.9374,52.2676
2013-08-13,3.8100,3.5629,3.9252,0.9077,52.7924
2013-08-14,3.7600,3.6101,3.9516,0.9136,52.6612
2013-08-15,3.7200,3.6496,3.9602,0.9216,52.4925
2013-08-16,3.7600,3.6101,3.9401,0.9162,52.5862
2013-08-19,3.8200,3.5503,4.0103,0.8853,53.5232
2013-08-20,3.8500,3.5253,4.0881,0.8623,54.4228
2013-08-21,3.8200,3.5503,4.0382,0.8792,53.8043
2013-08-22,3.8200,3.5545,4.0302,0.8820,53.6919
2013-08-23,3.8100,3.5629,3.9916,0.8926,53.2796
2013-08-26,3.9500,3.4325,3.9555,0.8678,54.2729
2013-08-27,4.0500,3.3520,3.9654,0.8453,55.0225
2013-08-28,4.0700,3.3333,4.0222,0.8287,55.5097
2013-08-29,4.0400,3.3632,4.0300,0.8345,55.3036
2013-08-30,4.0700,3.3370,4.0354,0.8269,55.5660
2013-09-02,4.0600,3.3445,4.0356,0.8287,55.4910
2013-09-03,4.1100,3.3003,4.0404,0.8168,55.8283
2013-09-04,4.1300,3.2823,4.0550,0.8094,56.0157
2013-09-05,4.1300,3.2859,4.0550,0.8103,55.9970
2013-09-06,4.3300,3.1348,4.0455,0.7749,57.0465
2013-09-09,4.7600,2.8490,4.0550,0.7026,59.3141
2013-09-10,5.1600,2.6316,4.0650,0.6474,60.7196
2013-09-11,5.1000,2.6619,4.1341,0.6439,60.7759
2013-09-12,5.5400,2.4490,4.1291,0.5931,60.9258
2013-09-13,5.3900,2.5189,4.1406,0.6083,60.9070
2013-09-16,5.2000,2.6110,4.1201,0.6337,60.8696
2013-09-17,4.9000,2.7701,4.0721,0.6803,60.1387
2013-09-18,4.9800,2.7273,4.0502,0.6734,60.3448
2013-09-23,5.0600,2.6834,4.0095,0.6693,60.4385
2013-09-24,4.8900,2.7752,4.0201,0.6903,59.8388
2013-09-25,4.8800,2.7829,4.0202,0.6922,59.8201
2013-09-26,4.6000,2.9499,3.9901,0.7393,58.0772
2013-09-27,4.6300,2.9297,4.0002,0.7324,58.3958
2013-09-30,4.5600,2.9732,3.9954,0.7442,57.7399
2013-10-08,4.6300,2.9326,3.9903,0.7349,58.3208
2013-10-09,4.6500,2.9211,4.0316,0.7246,58.5645
2013-10-10,4.5100,3.0060,4.0166,0.7484,57.6087
2013-10-11,4.7700,2.8436,4.0265,0.7062,59.1454
2013-10-14,4.6600,2.9155,4.0663,0.7170,58.7519
2013-10-15,4.5700,2.9674,4.0791,0.7275,58.4895
2013-10-16,4.4800,3.0272,4.0966,0.7390,58.1147
2013-10-17,4.4400,3.0550,4.0966,0.7457,57.7024
2013-10-18,4.4700,3.0364,4.1055,0.7396,58.0397
2013-10-21,4.5800,2.9644,4.1105,0.7212,58.6769
2013-10-22,4.4900,3.0211,4.1305,0.7314,58.4145
2013-10-23,4.5300,2.9940,4.1491,0.7216,58.6394
2013-10-24,4.5100,3.0060,4.1940,0.7167,58.7706
2013-10-25,4.5600,2.9791,4.2140,0.7070,59.1079
2013-10-28,4.5900,2.9557,4.2040,0.7031,59.2766
2013-10-29,4.7400,2.8626,4.2173,0.6788,60.1762
2013-10-30,4.7900,2.8329,4.2173,0.6717,60.4010
2013-10-31,4.6700,2.9042,4.1806,0.6947,59.6889
2013-11-01,4.7100,2.8791,4.1556,0.6928,59.7826
2013-11-04,4.6600,2.9126,4.1731,0.6979,59.5202
2013-11-05,4.6100,2.9412,4.2106,0.6985,59.4828
2013-11-06,4.5400,2.9910,4.2206,0.7087,58.9768
2013-11-07,4.5500,2.9851,4.2945,0.6951,59.6514
2013-11-08,4.5100,3.0060,4.3186,0.6961,59.6139
2013-11-11,4.5100,3.0090,4.4034,0.6833,60.0450
2013-11-12,4.5800,2.9644,4.4146,0.6715,60.4198
2013-11-13,4.3600,3.1120,4.4628,0.6973,59.5390
2013-11-14,4.2900,3.1612,4.5006,0.7024,59.3328
2013-11-15,4.3800,3.0992,4.6006,0.6737,60.3261
2013-11-18,4.5700,2.9703,4.6619,0.6371,60.8321
2013-11-19,4.5100,3.0090,4.6722,0.6440,60.7571
2013-11-20,4.5500,2.9851,4.7222,0.6321,60.8883
2013-11-21,4.5600,2.9791,4.7009,0.6337,60.8508
2013-11-22,4.5500,2.9821,4.6509,0.6412,60.8133
2013-11-25,4.4900,3.0211,4.6159,0.6545,60.5885
2013-11-26,4.4800,3.0303,4.6059,0.6579,60.5697
2013-11-27,4.4900,3.0211,4.5511,0.6638,60.4948
2013-11-28,4.5100,3.0120,4.4313,0.6797,60.1574
2013-11-29,4.5200,3.0030,4.3612,0.6886,59.8951
2013-12-02,4.6700,2.9070,4.4812,0.6487,60.7009
2013-12-03,4.6400,2.9240,4.4412,0.6584,60.5510
2013-12-04,4.7000,2.8846,4.4262,0.6517,60.6634
2013-12-05,4.6800,2.8986,4.4962,0.6447,60.7384
2013-12-06,4.6200,2.9354,4.5162,0.6500,60.6822
2013-12-09,4.5700,2.9674,4.5413,0.6534,60.6447
2013-12-10,4.5900,2.9586,4.6012,0.6430,60.7946
2013-12-11,4.4900,3.0211,4.6213,0.6537,60.6259
2013-12-12,4.4700,3.0364,4.5913,0.6613,60.5322
2013-12-13,4.4500,3.0519,4.5411,0.6721,60.3823
2013-12-16,4.4100,3.0801,4.5539,0.6764,60.2511
2013-12-17,4.3800,3.0960,4.5639,0.6784,60.2136
2013-12-18,4.3900,3.0896,4.5814,0.6744,60.3073
2013-12-19,4.3500,3.1217,4.6016,0.6784,60.1949
2013-12-20,4.2300,3.2051,4.6016,0.6965,59.5765
2013-12-23,4.2300,3.2120,4.6017,0.6980,59.5015
2013-12-24,4.2300,3.2120,4.5566,0.7049,59.2204
2013-12-25,4.1900,3.2362,4.5666,0.7087,58.9580
2013-12-26,4.1100,3.3003,4.5579,0.7241,58.5832
2013-12-27,4.1800,3.2468,4.5437,0.7146,58.8081
2013-12-30,4.1600,3.2609,4.5437,0.7177,58.7331
2013-12-31,4.2700,3.1813,4.5518,0.6989,59.4640
2014-01-02,4.2200,5.8950,4.6018,1.2810,38.9055
2014-01-03,4.1300,6.0175,4.6415,1.2965,38.3808
2014-01-06,4.1600,5.9848,4.6569,1.2851,38.7556
2014-01-07,4.1300,6.0175,4.6420,1.2963,38.3996
2014-01-08,4.1600,5.9783,4.5919,1.3019,38.2121
2014-01-09,4.2000,5.9203,4.5969,1.2879,38.6619
2014-01-10,4.2600,5.8448,4.6016,1.2702,39.3366
2014-01-13,4.2500,5.8573,4.5970,1.2742,39.1679
2014-01-14,4.2500,5.8511,4.6020,1.2714,39.3178
2014-01-15,4.1800,5.9588,4.5523,1.3090,37.8936
2014-01-16,4.1500,5.9913,4.5871,1.3061,38.0060
2014-01-17,4.1300,6.0307,4.5969,1.3119,37.7436
2014-01-20,4.1000,6.0639,4.5923,1.3204,37.2189
2014-01-21,4.1400,6.0044,4.5423,1.3219,37.1627
2014-01-22,4.2300,5.8887,4.5023,1.3079,37.9685
2014-01-23,4.1700,5.9653,4.4825,1.3308,36.5630
2014-01-24,4.1800,5.9588,4.5123,1.3206,37.2001
2014-01-27,4.1300,6.0307,4.4802,1.3461,35.7759
2014-01-28,4.1600,5.9848,4.5027,1.3292,36.6754
2014-01-29,4.2000,5.9203,4.5102,1.3126,37.7249
2014-01-30,4.1500,5.9978,4.5019,1.3323,36.4693
2014-02-07,4.1500,5.9913,4.4781,1.3379,36.2069
2014-02-10,4.2000,5.9203,4.4831,1.3206,37.1814
2014-02-11,4.3200,5.7652,4.4881,1.2846,38.7744
2014-02-12,4.3000,5.7895,4.4783,1.2928,38.4745
2014-02-13,4.3400,5.7292,4.4783,1.2793,39.0180
2014-02-14,4.3400,5.7351,4.4781,1.2807,38.9430
2014-02-17,4.3100,5.7773,4.5135,1.2800,38.9805
2014-02-18,4.1900,5.9395,4.5385,1.3087,37.9498
2014-02-19,4.2900,5.7956,4.5535,1.2728,39.2616
2014-02-20,4.2500,5.8573,4.5336,1.2920,38.5307
2014-02-21,4.2000,5.9203,4.5234,1.3088,37.9123
2014-02-24,4.0800,6.1043,4.4836,1.3615,34.9888
2014-02-25,3.9900,6.2288,4.4336,1.4049,32.4025
2014-02-26,4.0000,6.2147,4.4496,1.3967,32.8523
2014-02-27,4.0400,6.1521,4.3896,1.4015,32.4775
2014-02-28,4.0300,6.1728,4.4276,1.3942,33.0772
2014-03-03,4.0000,6.2147,4.4576,1.3942,33.0585
2014-03-04,4.0100,6.2007,4.5026,1.3771,34.0330
2014-03-05,3.9400,6.3218,4.5176,1.3994,32.6462
2014-03-06,3.9800,6.2500,4.5145,1.3844,33.6394
2014-03-07,3.9500,6.3001,4.5142,1.3956,32.9273
2014-03-10,3.8200,6.5166,4.5043,1.4468,30.8658
2014-03-11,3.8300,6.5012,4.5125,1.4407,31.1469
2014-03-12,3.8700,6.4252,4.5024,1.4271,31.5217
2014-03-13,4.0000,6.2217,4.5024,1.3819,33.7894
2014-03-14,4.0700,6.1179,4.4924,1.3618,34.9513
2014-03-18,4.0200,6.1867,4.5095,1.3719,34.3141
2014-03-19,4.0900,6.0773,4.5095,1.3477,35.7196
2014-03-20,4.0700,6.1179,4.5195,1.3537,35.3636
2014-03-21,4.4700,5.5612,4.5044,1.2346,40.4423
2014-03-24,4.4300,5.6122,4.5148,1.2431,40.2361
2014-03-25,4.4100,5.6410,4.5192,1.2482,40.0487
2014-03-26,4.3300,5.7411,4.4992,1.2760,39.1304
2014-03-27,4.3800,5.6760,4.5109,1.2583,39.8238
2014-03-28,4.3700,5.6877,4.5104,1.2610,39.6552
2014-03-31,4.4000,5.6584,4.5004,1.2573,39.8801
2014-04-01,4.4000,5.6526,4.4954,1.2574,39.8613
2014-04-02,4.5000,5.5332,4.4904,1.2322,40.4985
2014-04-03,4.3700,5.6877,4.4904,1.2666,39.5052
2014-04-04,4.4000,5.6526,4.4904,1.2588,39.7676
2014-04-08,4.5900,5.4241,4.4499,1.2189,40.8171
2014-04-09,4.5700,5.4455,4.4771,1.2163,40.9108
2014-04-10,4.6300,5.3763,4.4571,1.2062,41.2294
2014-04-11,4.6400,5.3659,4.4521,1.2053,41.3043
2014-04-14,4.5800,5.4348,4.4248,1.2283,40.5735
2014-04-15,4.4600,5.5838,4.4001,1.2690,39.4303
2014-04-16,4.4800,5.5556,4.3601,1.2742,39.1492
2014-04-17,4.4200,5.6352,4.2749,1.3182,37.4250
2014-04-18,4.4200,5.6237,4.2997,1.3079,37.9873
2014-04-21,4.3900,5.6643,4.2997,1.3174,37.4813
2014-04-22,4.4800,5.5556,4.2997,1.2921,38.5120
2014-04-23,4.4700,5.5668,4.3297,1.2857,38.7369
2014-04-24,4.4700,5.5724,4.3394,1.2841,38.7931
2014-04-25,4.4500,5.5894,4.3294,1.2910,38.5495
2014-04-28,4.3700,5.6877,4.3301,1.3135,37.6499
2014-04-29,4.4300,5.6122,4.3202,1.2991,38.3246
2014-04-30,4.4200,5.6295,4.3002,1.3091,37.8561
2014-05-05,4.4100,5.6468,4.3002,1.3131,37.6687
2014-05-06,4.3900,5.6701,4.2803,1.3247,36.9378
2014-05-07,4.3700,5.6936,4.2803,1.3302,36.6192
2014-05-08,4.4100,5.6410,4.2303,1.3335,36.4130
2014-05-09,4.4200,5.6352,4.1205,1.3676,34.6327
2014-05-12,4.4900,5.5388,4.1205,1.3442,35.9445
2014-05-13,4.4800,5.5556,4.1505,1.3385,36.1694
2014-05-14,4.4400,5.6065,4.1704,1.3444,35.9070
2014-05-15,4.4000,5.6526,4.1915,1.3486,35.6259
2014-05-16,4.4100,5.6410,4.1919,1.3457,35.8133
2014-05-19,4.3100,5.7773,4.1708,1.3852,33.5645
2014-05-20,4.3200,5.7592,4.1770,1.3788,33.9955
2014-05-21,4.3400,5.7292,4.1770,1.3716,34.3422
2014-05-22,4.3400,5.7292,4.1770,1.3716,34.3422
2014-05-23,4.3900,5.6701,4.1574,1.3639,34.8201
2014-05-26,4.4100,5.6468,4.1674,1.3550,35.2886
2014-05-27,4.3700,5.6936,4.1574,1.3695,34.5202
2014-05-28,4.3800,5.6818,4.1457,1.3705,34.4453
2014-05-29,4.3500,5.7173,4.1159,1.3891,33.3208
2014-05-30,4.3300,5.7471,4.0714,1.4116,32.1777
2014-06-03,4.3200,5.7652,4.0214,1.4336,31.4280
2014-06-04,4.2800,5.8201,4.0114,1.4509,30.6409
2014-06-05,4.3500,5.7173,4.0314,1.4182,31.8403
2014-06-06,4.3000,5.7834,4.0614,1.4240,31.6717
2014-06-09,4.3200,5.7652,4.0714,1.4160,31.9903
2014-06-10,4.3600,5.7113,4.0614,1.4062,32.3651
2014-06-11,4.3400,5.7351,4.0614,1.4121,32.1027
2014-06-12,4.3200,5.7652,4.0640,1.4186,31.8216
2014-06-13,4.4000,5.6526,4.0840,1.3841,33.6582
2014-06-16,4.4400,5.6065,4.0640,1.3796,33.9393
2014-06-17,4.4000,5.6526,4.0540,1.3943,33.0116
2014-06-18,4.4000,5.6526,4.0540,1.3943,33.0116
2014-06-19,4.3600,5.7054,4.0408,1.4119,32.1402
2014-06-20,4.3900,5.6701,4.0515,1.3995,32.6087
2014-06-23,4.3700,5.6936,4.0515,1.4053,32.3838
2014-06-24,4.3900,6.0841,4.0515,1.5017,28.1672
2014-06-25,4.3600,6.1247,4.0557,1.5101,27.7174
2014-06-26,4.3700,6.1179,4.0472,1.5116,27.6612
2014-06-27,4.3600,6.1315,4.0485,1.5145,27.4925
2014-06-30,4.3900,6.0773,4.0612,1.4964,28.3171
2014-07-01,4.4000,6.0706,4.0812,1.4875,28.6357
2014-07-02,4.4000,6.0706,4.1212,1.4730,29.4978
2014-07-03,4.4000,6.0639,4.1503,1.4611,30.1724
2014-07-04,4.4000,6.0639,4.1747,1.4525,30.5660
2014-07-07,4.3900,6.0773,4.1212,1.4746,29.3478
2014-07-08,4.3900,6.0773,4.1162,1.4764,29.3103
2014-07-09,4.3300,6.1659,4.1276,1.4938,28.4295
2014-07-10,4.3300,6.1659,4.1298,1.4930,28.4858
2014-07-11,4.3400,6.1521,4.1198,1.4933,28.4483
2014-07-14,4.3700,6.1111,4.1298,1.4798,29.1979
2014-07-15,4.3700,6.1043,4.1571,1.4684,29.8351
2014-07-16,4.3800,6.0976,4.2171,1.4459,30.9220
2014-07-17,4.3700,6.1179,4.2670,1.4338,31.4093
2014-07-18,4.3800,6.0976,4.3019,1.4174,31.9153
2014-07-21,4.3600,6.1247,4.3017,1.4238,31.7091
2014-07-22,4.4000,6.0706,4.2717,1.4211,31.7841
2014-07-23,4.4100,6.0573,4.2967,1.4098,32.2901
2014-07-24,4.5300,5.9013,4.2967,1.3734,34.1829
2014-07-25,4.5600,5.8573,4.2711,1.3714,34.3703
2014-07-28,4.7400,5.6352,4.2713,1.3193,37.2564
2014-07-29,4.7500,5.6237,4.2805,1.3138,37.6312
2014-07-30,4.7100,5.6643,4.2905,1.3202,37.2376
2014-07-31,4.7600,5.6122,4.2655,1.3157,37.5562
2014-08-01,4.7400,5.6352,4.2569,1.3238,36.9940
2014-08-04,4.8200,5.5444,4.2530,1.3036,38.1184
2014-08-05,4.7900,5.5724,4.2576,1.3088,37.9310
2014-08-06,4.7300,5.6468,4.2463,1.3298,36.6379
2014-08-07,4.6400,5.7531,4.2563,1.3517,35.4385
2014-08-08,4.6300,5.7652,4.2712,1.3498,35.5510
2014-08-11,4.7100,5.6701,4.2815,1.3243,36.9753
2014-08-12,4.6800,5.7054,4.2815,1.3326,36.4318
2014-08-13,4.6700,5.7232,4.2550,1.3451,35.8696
2014-08-14,4.6600,5.7292,4.2100,1.3609,35.0450
2014-08-15,4.7000,5.6818,4.2002,1.3527,35.4198
2014-08-18,4.7200,5.6584,4.2153,1.3423,36.0570
2014-08-19,4.7100,5.6643,4.2422,1.3352,36.2819
2014-08-20,4.6800,5.7054,4.2523,1.3417,36.0757
2014-08-21,4.6100,5.7895,4.2512,1.3619,34.9325
2014-08-22,4.6300,5.7652,4.2560,1.3546,35.3261
2014-08-25,4.5800,5.8263,4.2524,1.3701,34.5015
2014-08-26,4.5900,5.8140,4.2462,1.3692,34.5390
2014-08-27,4.5900,5.8201,4.2310,1.3756,34.1079
2014-08-28,4.5400,5.8761,4.2254,1.3907,33.2646
2014-08-29,4.6000,5.8078,4.2361,1.3710,34.4265
2014-09-01,4.6100,5.7956,4.2405,1.3667,34.6889
2014-09-02,4.6600,5.7292,4.2490,1.3484,35.6634
2014-09-03,4.7000,5.6818,4.2640,1.3325,36.4505
2014-09-04,4.7100,5.6643,4.2814,1.3230,37.1064
2014-09-05,4.7300,5.6468,4.2928,1.3154,37.5937
2014-09-09,4.7100,5.6701,4.2868,1.3227,37.1252
2014-09-10,4.6600,5.7351,4.2934,1.3358,36.2256
2014-09-11,4.6600,5.7292,4.2937,1.3343,36.3006
2014-09-12,4.6600,5.7292,4.2793,1.3388,36.1507
2014-09-15,4.6600,5.7292,4.2597,1.3450,35.8883
2014-09-16,4.6700,5.7173,4.2634,1.3410,36.1132
2014-09-17,4.6500,5.7471,4.2008,1.3681,34.6139
2014-09-18,4.7200,5.6526,4.1438,1.3641,34.8013
2014-09-19,4.7800,5.5838,4.0310,1.3852,33.5457
2014-09-22,4.6700,5.7232,4.0110,1.4269,31.5405
2014-09-23,4.6800,5.7113,3.9911,1.4310,31.4655
2014-09-24,4.7400,5.6352,4.0425,1.3940,33.0960
2014-09-25,4.7100,5.6643,4.0025,1.4152,32.0090
2014-09-26,4.7200,5.6584,4.0092,1.4114,32.2151
2014-09-29,4.7400,5.6352,3.9925,1.4114,32.1964
2014-09-30,4.7300,5.6410,3.9824,1.4165,31.9528
2014-10-08,4.7800,5.5894,3.9930,1.3998,32.5712
2014-10-09,4.7800,5.5838,4.0014,1.3955,32.9460
2014-10-10,4.7700,5.5951,4.0131,1.3942,33.0397
2014-10-13,4.7200,5.6526,3.9953,1.4148,32.0277
2014-10-14,4.7200,5.6584,3.9015,1.4503,30.7159
2014-10-15,4.7500,5.6180,3.8215,1.4701,29.7414
2014-10-16,4.8000,5.5612,3.8116,1.4590,30.3598
2014-10-17,4.7800,5.5838,3.8110,1.4652,29.9288
2014-10-20,4.8100,5.5556,3.7441,1.4838,28.9168
2014-10-21,4.7500,5.6237,3.7323,1.5068,27.8861
2014-10-22,4.7500,5.6237,3.7929,1.4827,28.9918
2014-10-23,4.7300,5.6410,3.8108,1.4803,29.1417
2014-10-24,4.7000,5.6818,3.8013,1.4947,28.3921
2014-10-27,4.6000,5.8078,3.7756,1.5382,26.7991
2014-10-28,4.6600,5.7351,3.7424,1.5325,26.9678
2014-10-29,4.7100,5.6701,3.7176,1.5252,27.2114
2014-10-30,4.7600,5.6065,3.7688,1.4876,28.6169
2014-10-31,4.9500,5.3922,3.7559,1.4357,31.3156
2014-11-03,4.9300,5.4134,3.7007,1.4628,30.1162
2014-11-04,4.8900,5.4618,3.6412,1.5000,28.2234
2014-11-05,4.8500,5.5055,3.6117,1.5244,27.2864
2014-11-06,4.8700,5.4835,3.6223,1.5138,27.5300
2014-11-07,4.9400,5.4028,3.5631,1.5163,27.4363
2014-11-10,5.1200,5.2133,3.5132,1.4839,28.8793
2014-11-11,5.3000,5.0366,3.4981,1.4398,31.2219
2014-11-12,5.3700,4.9774,3.5560,1.3997,32.5900
2014-11-13,5.3100,5.0274,3.5924,1.3995,32.6274
2014-11-14,5.2900,5.0459,3.6466,1.3837,33.6957
2014-11-17,5.2200,5.1163,3.6609,1.3976,32.8148
2014-11-18,5.0700,5.2632,3.6070,1.4592,30.3411
2014-11-19,5.0800,5.2531,3.6154,1.4530,30.5472
2014-11-20,5.1300,5.2034,3.6521,1.4248,31.6342
2014-11-21,5.2400,5.0973,3.6514,1.3960,32.8898
2014-11-24,5.2700,5.0645,3.4767,1.4567,30.4535
2014-11-25,5.3800,4.9639,3.5216,1.4096,32.3088
2014-11-26,5.5000,4.8587,3.5228,1.3792,33.9580
2014-11-27,5.5700,4.7909,3.5243,1.3594,35.1387
2014-11-28,6.0200,4.4355,3.5249,1.2583,39.8051
2014-12-01,5.9000,4.5230,3.5145,1.2870,38.7181
2014-12-02,6.2500,4.2735,3.5553,1.2020,41.4168
2014-12-03,6.1100,4.3720,3.6238,1.2065,41.2106
2014-12-04,6.4400,4.1447,3.6633,1.1314,44.8276
2014-12-05,6.5700,4.0650,3.7759,1.0766,47.7886
2014-12-08,6.7100,3.9826,3.7918,1.0503,48.7631
2014-12-09,6.1400,4.3478,3.7532,1.1584,43.1409
2014-12-10,6.3900,4.1793,3.7111,1.1262,45.1462
2014-12-11,6.3400,4.2146,3.7282,1.1305,44.8838
2014-12-12,6.3000,4.2373,3.7513,1.1296,44.9963
2014-12-15,6.2000,4.3103,3.7815,1.1398,44.2841
2014-12-16,6.4500,4.1384,3.7522,1.1029,46.4393
2014-12-17,6.8500,3.8979,3.7377,1.0429,49.0442
2014-12-18,6.7400,3.9597,3.7614,1.0527,48.6132
2014-12-19,6.8400,3.9035,3.7106,1.0520,48.7256
2014-12-22,7.1300,3.7466,3.7030,1.0118,50.2061
2014-12-23,6.8500,3.8979,3.6604,1.0649,48.1072
2014-12-24,6.5400,4.0862,3.5975,1.1358,44.5652
2014-12-25,6.9200,3.8596,3.6305,1.0631,48.1634
2014-12-26,7.1700,3.7238,3.6339,1.0247,49.6814
2014-12-29,7.2600,3.6789,3.6213,1.0159,50.0562
2014-12-30,7.4600,3.5807,3.6213,0.9888,51.1244
2014-12-31,7.6200,3.5054,3.6219,0.9678,51.6867
2015-01-05,7.8000,4.1070,3.6251,1.1329,44.6777
2015-01-06,7.8300,4.0918,3.6353,1.1256,45.2399
2015-01-07,7.6800,4.1746,3.6408,1.1466,43.7781
2015-01-08,7.4000,4.3279,3.6415,1.1885,41.8478
2015-01-09,7.4900,4.2774,3.6348,1.1768,42.3538
2015-01-12,7.3900,4.3364,3.6371,1.1923,41.7541
2015-01-13,7.3700,4.3478,3.5836,1.2132,40.9670
2015-01-14,7.5200,4.2608,3.5411,1.2032,41.3793
2015-01-15,7.8300,4.0943,3.5464,1.1545,43.2346
2015-01-16,8.0000,4.0073,3.5017,1.1444,43.9843
2015-01-19,7.2000,4.4534,3.4750,1.2816,38.8868
2015-01-20,7.2800,4.4000,3.4711,1.2676,39.4865
2015-01-21,7.6400,4.1931,3.4672,1.2094,41.0982
2015-01-22,7.5900,4.2226,3.4521,1.2232,40.6859
2015-01-23,7.5900,4.2226,3.4520,1.2232,40.6672
2015-01-26,7.4900,4.2774,3.4341,1.2456,40.1237
2015-01-27,7.2900,4.3971,3.4309,1.2816,38.8681
2015-01-28,7.1900,4.4564,3.4767,1.2818,38.8493
2015-01-29,7.0000,4.5770,3.4966,1.3090,37.8748
2015-01-30,7.0300,4.5612,3.5019,1.3025,38.1747
2015-02-02,6.8200,4.7009,3.4729,1.3536,35.3823
2015-02-03,7.0200,4.5675,3.4533,1.3226,37.1439
2015-02-04,6.8900,4.6544,3.4589,1.3456,35.8321
2015-02-05,6.8900,4.6544,3.4018,1.3682,34.5765
2015-02-06,6.8400,4.6842,3.4325,1.3647,34.7826
2015-02-09,6.8800,4.6610,3.4236,1.3614,35.0075
2015-02-10,7.0100,4.5738,3.4299,1.3335,36.3943
2015-02-11,7.0000,4.5770,3.3955,1.3480,35.7009
2015-02-12,6.9700,4.5993,3.3865,1.3581,35.1574
2015-02-13,7.0100,4.5738,3.3552,1.3632,34.8763
2015-02-16,6.9900,4.5833,3.3374,1.3733,34.2016
2015-02-17,7.0300,4.5612,3.3373,1.3667,34.6702
2015-02-25,6.9300,4.6218,3.3490,1.3801,33.9018
2015-02-26,7.1000,4.5144,3.3594,1.3438,36.0007
2015-02-27,7.0600,4.5423,3.3745,1.3461,35.7946
2015-03-02,7.0300,4.5580,3.3883,1.3452,35.8508
2015-03-03,6.8000,4.7143,3.4022,1.3857,33.4895
2015-03-04,6.7500,4.7448,3.3869,1.4009,32.5150
2015-03-05,6.5900,4.8601,3.4369,1.4141,32.0840
2015-03-06,6.6200,4.8423,3.4753,1.3933,33.1709
2015-03-09,7.0500,4.5486,3.4922,1.3025,38.1559
2015-03-10,6.8500,4.6809,3.5228,1.3287,36.6942
2015-03-11,6.9200,4.6316,3.4466,1.3438,35.9820
2015-03-12,7.3400,4.3651,3.4412,1.2685,39.4678
2015-03-13,7.4200,4.3165,3.4879,1.2376,40.3486
2015-03-16,7.5100,4.2663,3.5301,1.2085,41.1357
2015-03-17,7.5500,4.2471,3.5428,1.1988,41.4730
2015-03-18,7.7100,4.1562,3.5519,1.1701,42.6724
2015-03-19,7.5900,4.2199,3.5348,1.1938,41.6792
2015-03-20,7.6500,4.1905,3.4958,1.1987,41.5105
2015-03-23,7.7300,4.1483,3.4933,1.1875,41.9228
2015-03-24,7.6200,4.2065,3.4841,1.2073,41.1919
2015-03-25,7.4000,4.3307,3.5037,1.2360,40.4048
2015-03-26,7.4600,4.2969,3.5440,1.2124,41.0232
2015-03-27,7.4600,4.2969,3.5678,1.2044,41.3231
2015-03-30,7.7800,4.1199,3.5849,1.1492,43.5907
2015-03-31,7.6700,4.1799,3.6483,1.1457,43.8718
2015-04-01,7.7400,4.1379,3.5997,1.1495,43.5532
2015-04-02,7.8600,4.0791,3.5438,1.1511,43.4220
2015-04-03,7.8700,4.0741,3.5720,1.1406,44.2654
2015-04-07,8.1100,3.9497,3.5987,1.0975,46.6454
2015-04-08,8.2600,3.8778,3.6938,1.0498,48.8006
2015-04-09,8.1900,3.9123,3.7040,1.0562,48.4445
2015-04-10,8.5100,3.7650,3.6947,1.0190,49.9438
2015-04-13,8.7500,3.6606,3.6685,0.9978,50.8246
2015-04-14,8.6900,3.6892,3.6211,1.0188,49.9813
2015-04-15,8.7200,3.6748,3.5954,1.0221,49.8126
2015-04-16,9.0600,3.5389,3.5600,0.9941,50.9745
2015-04-17,9.0300,3.5484,3.5627,0.9960,50.8808
2015-04-20,8.6900,3.6872,3.4554,1.0671,48.0697
2015-04-21,8.8200,3.6344,3.4055,1.0672,48.0510
2015-04-22,8.9800,3.5676,3.4052,1.0477,48.8756
2015-04-23,8.8500,3.6224,3.4151,1.0607,48.2196
2015-04-24,8.5800,3.7330,3.4454,1.0835,47.3951
2015-04-27,8.8200,3.6324,3.3952,1.0699,47.9385
2015-04-28,8.8900,3.6066,3.3804,1.0669,48.0885
2015-04-29,9.0000,3.5618,3.4000,1.0476,48.8943
2015-04-30,8.7700,3.6525,3.3503,1.0902,47.0765
2015-05-04,8.6500,3.7058,3.3804,1.0963,46.7579
2015-05-05,8.2900,3.8642,3.4006,1.1363,44.5277
2015-05-06,8.2800,3.8687,3.4560,1.1194,45.5585
2015-05-07,8.2900,3.8664,3.4401,1.1239,45.3898
2015-05-08,8.3100,3.8574,3.3703,1.1445,43.9655
2015-05-11,8.3900,3.8217,3.3752,1.1323,44.7526
2015-05-12,8.3700,3.8283,3.4002,1.1259,45.2024
2015-05-13,8.2900,3.8664,3.4002,1.1371,44.4903
2015-05-14,8.2500,3.8846,3.3803,1.1492,43.6094
2015-05-15,8.1500,3.9333,3.3907,1.1600,43.0847
2015-05-18,7.9500,4.0293,3.4109,1.1813,42.2039
2015-05-19,8.2700,3.8732,3.4311,1.1289,45.0525
2015-05-20,8.3300,3.8484,3.4282,1.1226,45.4273
2015-05-21,8.4100,3.8106,3.4257,1.1124,46.0082
2015-05-22,8.6200,3.7162,3.4160,1.0879,47.1889
2015-05-25,8.8100,3.6384,3.4310,1.0604,48.2759
2015-05-26,8.9300,3.5889,3.5214,1.0192,49.9250
2015-05-27,8.7700,3.6525,3.5055,1.0419,49.0817
2015-05-28,8.2700,3.8732,3.5652,1.0864,47.3013
2015-05-29,8.2700,3.8732,3.5954,1.0773,47.7699
2015-06-01,8.7100,3.6810,3.6404,1.0112,50.2436
2015-06-02,8.6600,3.6996,3.5880,1.0311,49.4940
2015-06-03,8.6900,3.6872,3.6111,1.0211,49.8876
2015-06-04,9.0500,3.5427,3.5912,0.9865,51.1807
2015-06-05,8.9500,3.5811,3.5814,0.9999,50.6934
2015-06-17,8.8400,3.6264,3.6052,1.0059,50.4310
2015-06-18,8.6000,3.7246,3.5730,1.0424,49.0630
2015-06-19,8.2900,3.8664,3.5825,1.0792,47.6387
2015-06-23,8.6500,3.8778,3.6054,1.0756,47.8261
2015-06-24,8.7700,3.8261,3.6079,1.0605,48.2571
2015-06-25,8.4900,3.9497,3.6028,1.0963,46.7391
2015-06-26,8.0600,4.1640,3.6080,1.1541,43.2534
2015-06-29,8.0900,4.1483,3.6030,1.1513,43.4033
2015-06-30,8.6200,3.8915,3.5976,1.0817,47.4513
2015-07-01,8.2900,4.0441,3.6127,1.1194,45.5772
2015-07-02,8.3200,4.0318,3.6223,1.1130,45.9708
2015-07-03,8.0700,4.1588,3.5719,1.1643,42.8223
2015-07-06,8.7500,3.8328,3.4917,1.0977,46.6267
2015-07-07,8.9300,3.7564,3.4361,1.0932,46.9078
2015-07-08,8.1100,4.1379,3.4307,1.2061,41.2481
2015-07-09,8.6100,3.8938,3.4358,1.1333,44.6402
2015-07-10,8.7800,3.8194,3.4885,1.0949,46.7954
2015-07-13,8.6600,3.8732,3.5014,1.1062,46.2706
2015-07-14,8.5100,3.9403,3.5341,1.1149,45.8771
2015-07-15,8.6800,3.8664,3.5495,1.0893,47.1327
2015-07-16,8.6200,3.8915,3.5208,1.1053,46.3268
2015-07-17,8.6500,3.8778,3.5123,1.1041,46.4018
2015-07-20,8.4800,3.9568,3.5009,1.1302,44.9213
2015-07-21,8.3200,4.0293,3.5214,1.1442,44.0030
2015-07-22,8.2100,4.0842,3.5145,1.1621,42.9348
2015-07-23,8.3500,4.0170,3.4751,1.1559,43.1784
2015-07-24,8.2000,4.0892,3.4602,1.1818,42.1664
2015-07-27,7.5800,4.4266,3.4602,1.2793,39.0367
2015-07-28,7.7500,4.3307,3.4401,1.2589,39.7489
2015-07-29,7.7700,4.3165,3.4302,1.2584,39.7864
2015-07-30,7.5700,4.4295,3.4402,1.2876,38.6994
2015-07-31,7.6600,4.3796,3.4752,1.2602,39.6739
2015-08-03,7.9000,4.2444,3.4700,1.2232,40.7046
2015-08-04,7.9400,4.2254,3.4700,1.2177,40.8358
2015-08-05,7.7800,4.3109,3.4701,1.2423,40.2549
2015-08-06,7.8200,4.2913,3.4600,1.2403,40.2736
2015-08-07,7.8600,4.2663,3.4553,1.2347,40.4235
2015-08-10,8.0200,4.1825,3.4755,1.2034,41.3418
2015-08-11,7.9100,4.2389,3.5256,1.2023,41.3981
2015-08-12,7.8200,4.2885,3.5402,1.2114,41.0420
2015-08-13,7.8500,4.2718,3.5153,1.2152,40.9483
2015-08-14,7.8700,4.2608,3.5052,1.2156,40.9295
2015-08-17,7.7900,4.3081,3.5176,1.2247,40.6109
2015-08-18,7.5600,4.4385,3.5126,1.2636,39.5802
2015-08-19,7.6200,4.4000,3.5201,1.2500,39.9925
2015-08-20,7.4600,4.4959,3.5051,1.2827,38.8306
2015-08-21,7.2300,4.6414,3.4951,1.3280,36.7504
2015-08-24,6.5400,5.1282,3.4701,1.4778,29.2729
2015-08-25,6.3000,5.3269,3.4577,1.5406,26.7429
2015-08-26,6.6200,5.0691,3.4290,1.4783,29.2354
2015-08-27,7.1000,4.7210,3.3902,1.3925,33.2084
2015-08-28,7.2400,4.6348,3.3803,1.3711,34.3891
2015-08-31,7.6000,4.4118,3.3252,1.3268,36.8441
2015-09-01,7.7900,4.3053,3.3002,1.3046,38.0622
2015-09-02,7.5700,4.4325,3.3002,1.3431,36.0195
2015-09-07,7.3700,4.5517,3.3353,1.3647,34.7639
2015-09-08,7.6500,4.3825,3.3603,1.3042,38.0997
2015-09-09,7.7000,4.3536,3.3478,1.3004,38.2684
2015-09-10,7.7500,4.3279,3.3453,1.2937,38.4183
2015-09-11,7.9100,4.2416,3.3404,1.2698,39.3741
2015-09-14,8.1000,4.1431,3.3303,1.2441,40.1987
2015-09-15,7.8600,4.2691,3.3104,1.2896,38.6057
2015-09-16,7.8400,4.2774,3.3103,1.2921,38.4933
2015-09-17,7.6800,4.3680,3.3204,1.3155,37.5750
2015-09-18,7.6400,4.3912,3.3105,1.3264,36.8628
2015-09-21,7.6100,4.4088,3.3204,1.3278,36.7879
2015-09-22,7.6500,4.3854,3.3255,1.3187,37.3501
2015-09-23,7.6000,4.4147,3.3354,1.3236,37.0315
2015-09-24,7.7600,4.3222,3.3180,1.3027,38.1372
2015-09-25,7.9200,4.2335,3.3101,1.2790,39.0930
2015-09-28,8.0900,4.1457,3.2906,1.2599,39.6927
2015-09-29,8.1200,4.1327,3.2457,1.2733,39.2429
2015-09-30,8.4500,3.9687,3.2362,1.2263,40.5922
2015-10-08,8.0700,4.1588,3.2409,1.2832,38.8118
2015-10-09,8.0800,4.1509,3.1486,1.3183,37.3876
2015-10-12,8.1600,4.1096,3.1488,1.3051,38.0435
2015-10-13,8.1200,4.1327,3.1064,1.3304,36.5817
2015-10-14,8.0800,4.1509,3.0414,1.3648,34.7451
2015-10-26,8.2700,4.0541,3.0200,1.3424,36.0382
2015-10-27,8.2900,4.0441,2.9800,1.3571,35.2136
2015-10-28,8.2900,4.0466,2.9870,1.3547,35.3073
2015-10-29,8.4300,3.9783,3.0500,1.3044,38.0810
2015-10-30,8.3300,4.0268,3.0600,1.3159,37.5375
2015-11-02,8.3400,4.0219,3.0525,1.3176,37.4438
2015-11-03,8.3700,4.0097,3.0800,1.3019,38.2309
2015-11-04,8.5600,3.9192,3.1351,1.2501,39.9738
2015-11-05,9.0000,3.7267,3.1150,1.1964,41.5667
2015-11-06,9.0900,3.6913,3.1250,1.1812,42.2414
2015-11-09,9.2200,3.6364,3.2099,1.1329,44.7151
2015-11-10,9.3400,3.5928,3.2001,1.1227,45.4085
2015-11-11,9.0100,3.7225,3.1226,1.1921,41.7729
2015-11-12,8.8200,3.8018,3.1351,1.2127,41.0045
2015-11-13,8.9300,3.7543,3.1251,1.2013,41.4355
2015-11-16,8.8500,3.7887,3.1352,1.2084,41.1732
2015-11-17,8.8600,3.7844,3.1252,1.2109,41.0607
2015-11-18,8.8400,3.7953,3.1402,1.2086,41.1169
2015-11-19,9.1000,3.6872,3.1402,1.1742,42.4100
2015-11-20,9.3900,3.5734,3.1251,1.1435,44.0592
2015-11-23,9.6900,3.4627,3.1302,1.1062,46.2331
2015-11-24,9.6800,3.4646,3.1077,1.1148,45.8958
2015-11-25,10.0000,3.3554,3.0853,1.0875,47.2639
2015-11-26,9.8400,3.4073,3.0503,1.1170,45.7646
2015-11-27,9.4200,3.5618,3.0603,1.1639,42.8786
2015-11-30,9.4800,3.5389,3.0404,1.1640,42.8411
2015-12-01,9.4800,3.5370,3.0504,1.1595,43.1034
2015-12-02,10.0900,3.3249,3.0454,1.0918,47.0202
2015-12-03,9.7800,3.4286,3.0304,1.1314,44.8463
2015-12-04,9.5100,3.5275,3.0254,1.1660,42.7849
2015-12-07,9.8800,3.3933,3.0280,1.1206,45.5022
2015-12-08,10.2200,3.2836,3.0005,1.0944,46.8328
2015-12-09,9.7700,3.4321,2.9968,1.1453,43.9093
2015-12-10,9.7900,3.4250,3.0018,1.1410,44.2466
2015-12-11,9.4500,3.5484,2.9931,1.1855,42.0352
2015-12-14,9.3800,3.5772,3.0306,1.1804,42.2976
2015-12-15,9.3100,3.6046,3.0157,1.1953,41.6042
2015-12-16,9.2400,3.6304,3.0007,1.2099,41.0795
2015-12-17,9.4000,3.5695,2.9857,1.1955,41.5855
2015-12-18,9.5600,3.5088,2.9408,1.1931,41.6979
2015-12-21,9.7300,3.4483,2.8811,1.1969,41.5480
2015-12-22,9.6100,3.4921,2.8610,1.2206,40.7796
2015-12-23,9.6000,3.4958,2.8460,1.2283,40.5547
2015-12-24,9.6800,3.4664,2.8010,1.2376,40.3673
2015-12-25,9.8200,3.4161,2.8061,1.2174,40.8733
2015-12-28,9.5000,3.5294,2.7961,1.2623,39.6177
2015-12-29,9.5200,3.5219,2.8061,1.2551,39.9363
2015-12-30,9.4400,3.5541,2.8261,1.2576,39.8426
2015-12-31,9.2900,3.6125,2.8212,1.2805,38.9618
2016-01-04,9.0500,4.2528,2.8710,1.4813,29.0855
2016-01-05,9.1300,4.2149,2.8911,1.4579,30.3973
2016-01-06,9.2000,4.1823,2.8861,1.4491,30.7721
2016-01-07,8.9000,4.3232,2.8511,1.5163,27.4175
2016-01-08,8.8900,4.3282,2.8362,1.5261,27.1552
2016-01-11,8.6700,4.4399,2.8187,1.5752,25.7871
2016-01-12,8.8700,4.3381,2.7887,1.5556,26.4243
2016-01-13,8.8400,4.3531,2.7237,1.5982,24.8501
2016-01-14,9.1100,4.2243,2.7513,1.5354,26.8366
2016-01-15,8.9300,4.3060,2.7464,1.5679,25.9558
2016-01-18,8.9900,4.2817,2.7764,1.5422,26.6867
2016-01-19,9.0300,4.2600,2.7964,1.5234,27.3238
2016-01-20,8.7700,4.3884,2.8114,1.5609,26.2931
2016-01-21,8.4300,4.5657,2.7914,1.6356,23.7631
2016-01-22,8.6500,4.4477,2.7741,1.6033,24.7376
2016-01-25,8.6600,4.4451,2.8590,1.5548,26.4618
2016-01-26,8.4700,4.5438,2.8616,1.5879,25.3186
2016-01-27,8.4800,4.5384,2.9016,1.5641,26.1994
2016-01-28,8.4300,4.5657,2.8866,1.5817,25.5435
2016-01-29,8.5900,4.4793,2.8419,1.5762,25.7121
2016-02-01,8.3900,4.5879,2.8368,1.6173,24.4378
2016-02-02,8.5200,4.5167,2.8818,1.5673,26.0495
2016-02-03,8.4400,4.5575,2.8918,1.5760,25.7309
2016-02-04,8.7900,4.3757,2.8550,1.5326,26.9303
2016-02-05,9.3400,4.1186,2.8535,1.4434,31.0907
2016-02-15,9.3800,4.1030,2.8371,1.4462,30.9033
2016-03-11,8.6200,4.4608,2.8453,1.5678,25.9745
2016-03-14,8.5700,4.4899,2.8504,1.5752,25.7684
2016-03-15,8.6500,4.4477,2.8404,1.5659,26.1057
2016-03-16,9.1600,4.1986,2.8054,1.4966,28.2984
2016-03-17,9.0000,4.2768,2.8154,1.5191,27.3801
2016-03-18,9.0700,4.2433,2.8229,1.5032,28.0735
2016-03-21,9.1800,4.1916,2.8305,1.4809,29.1229
2016-03-22,9.2200,3.9587,2.8304,1.3986,32.7211
2016-03-23,9.2100,3.9630,2.8307,1.4000,32.5525
2016-03-24,9.0100,4.0547,2.8309,1.4323,31.4468
2016-03-25,9.0200,4.0502,2.8311,1.4306,31.4843
2016-03-28,8.8700,4.1175,2.8665,1.4364,31.2781
2016-03-29,8.8700,4.1175,2.8510,1.4442,31.0345
2016-03-30,9.0800,4.0207,2.8362,1.4176,31.8966
2016-03-31,9.1100,4.0073,2.8419,1.4101,32.2714
2016-04-01,9.2400,3.9521,2.8422,1.3905,33.2834
2016-04-05,9.2300,3.9543,2.8637,1.3808,33.8643
2016-04-06,9.1300,4.0006,2.8689,1.3945,32.9835
2016-04-07,8.9900,4.0616,2.9049,1.3982,32.7399
2016-04-08,8.9400,4.0824,2.9158,1.4001,32.5337
2016-04-11,8.9800,4.0662,2.9091,1.3978,32.7961
2016-04-12,8.9500,4.0778,2.9100,1.4013,32.4963
2016-04-13,9.0200,4.0502,2.9271,1.3837,33.7144
2016-04-14,9.0500,4.0365,2.9352,1.3752,34.1454
2016-04-15,9.0900,4.0162,2.9151,1.3777,34.0142
2016-04-18,9.0500,4.0343,2.9047,1.3889,33.3771
2016-04-19,9.1000,4.0140,2.9060,1.3813,33.8456
2016-04-20,9.1300,4.0006,2.9258,1.3674,34.6514
2016-04-21,9.2100,3.9652,2.9208,1.3576,35.1949
2016-04-22,9.2700,3.9391,2.9309,1.3440,35.9633
2016-04-25,9.0900,4.0185,2.9362,1.3686,34.5577
2016-04-26,9.1100,4.0095,2.9212,1.3726,34.2579
2016-04-27,9.0800,4.0230,2.9108,1.3821,33.7706
2016-04-28,9.1000,4.0140,2.8863,1.3907,33.2459
2016-04-29,9.0600,4.0297,2.8913,1.3937,33.1522
2016-05-03,9.2100,3.9652,2.8890,1.3725,34.2766
2016-05-04,9.1900,3.9740,2.8965,1.3720,34.2954
2016-05-05,9.1800,3.9784,2.9017,1.3711,34.4078
2016-05-06,9.0100,4.0525,2.9016,1.3966,32.8711
2016-05-09,8.9000,4.1034,2.8818,1.4239,31.6904
2016-05-10,8.8800,4.1104,2.9000,1.4174,31.9340
2016-05-11,8.8700,4.1175,2.9075,1.4162,31.9715
2016-05-12,8.8500,4.1269,2.8975,1.4243,31.6529
2016-05-13,8.7600,4.1676,2.9050,1.4346,31.3718
2016-05-16,8.7900,4.1556,2.9275,1.4195,31.8028
2016-05-17,8.7700,4.1652,2.9300,1.4216,31.7654
2016-05-18,8.9200,4.0917,2.9550,1.3847,33.6019
2016-05-19,8.8200,4.1412,2.9600,1.3991,32.6649
2016-05-20,8.8700,4.1175,2.9500,1.3958,32.9085
2016-05-23,8.9200,4.0940,2.9550,1.3854,33.5082
2016-05-24,8.9200,4.0940,2.9350,1.3949,32.9648
2016-05-25,8.9800,4.0662,2.9401,1.3830,33.7519
2016-05-26,9.0000,4.0593,2.9401,1.3807,33.8831
2016-05-27,9.0200,4.0502,2.9451,1.3752,34.1267
2016-05-30,9.1200,4.0028,2.9776,1.3443,35.9258
2016-05-31,9.3000,3.9284,2.9851,1.3160,37.5187
2016-06-01,9.2400,3.9500,2.9952,1.3188,37.3313
2016-06-02,9.1600,3.9872,3.0127,1.3235,37.0502
2016-06-03,9.1500,3.9895,3.0152,1.3231,37.0877
2016-06-06,9.1600,3.9872,3.0041,1.3273,36.8066
2016-06-07,9.1600,3.9872,3.0071,1.3259,36.8816
2016-06-08,9.1400,3.9939,3.0077,1.3279,36.7691
2016-06-13,9.0400,4.0411,2.9979,1.3480,35.6822
2016-06-14,9.0400,4.0388,2.9654,1.3620,34.9138
2016-06-15,9.0200,4.0502,2.9604,1.3681,34.5952
2016-06-16,9.0500,4.0365,2.9455,1.3704,34.4640
2016-06-17,9.0300,4.0433,2.9379,1.3763,34.0892
2016-06-20,9.0700,4.0252,2.9481,1.3654,34.7076
2016-06-21,9.0400,4.0411,2.9405,1.3743,34.1642
2016-06-22,9.0900,4.0162,2.9307,1.3704,34.4828
2016-06-23,9.0500,4.1551,2.9307,1.4178,31.8778
2016-06-24,8.7900,4.2748,2.8808,1.4839,28.8981
2016-06-27,8.8100,4.2664,2.8310,1.5070,27.8673
2016-06-28,8.7900,4.2748,2.8610,1.4942,28.4108
2016-06-29,8.9200,4.2141,2.8586,1.4742,29.3853
2016-06-30,8.9600,4.1951,2.8411,1.4766,29.2916
2016-07-01,9.1600,4.1029,2.8038,1.4633,30.0787
2016-07-04,9.1700,4.1003,2.8314,1.4482,30.7909
2016-07-05,9.0900,4.1367,2.8514,1.4508,30.6972
2016-07-06,9.0000,4.1764,2.8365,1.4724,29.5540
2016-07-07,8.9600,4.1951,2.8066,1.4947,28.3733
2016-07-08,8.8900,4.2277,2.8016,1.5090,27.7736
2016-07-11,8.8800,4.2332,2.8268,1.4975,28.2609
2016-07-12,9.0000,4.1764,2.8368,1.4722,29.6102
2016-07-13,9.0900,4.1367,2.8494,1.4518,30.5847
2016-07-14,9.0300,4.1604,2.8395,1.4652,29.9100
2016-07-15,9.0400,4.1577,2.8271,1.4707,29.7226
2016-07-18,9.0700,4.1419,2.8271,1.4651,29.9475
2016-07-19,9.0500,4.1525,2.8197,1.4727,29.5352
2016-07-20,9.0600,4.1472,2.7996,1.4814,29.0667
2016-07-21,9.1100,4.1262,2.7806,1.4839,28.8606
2016-07-22,8.9900,4.1790,2.7907,1.4975,28.2796
2016-07-25,9.0300,4.1630,2.8068,1.4832,28.9543
2016-07-26,9.0600,4.1498,2.7913,1.4867,28.6732
2016-07-27,9.1300,4.1158,2.7967,1.4717,29.6664
2016-07-28,9.0200,4.1657,2.7867,1.4949,28.3546
2016-07-29,9.0300,4.1604,2.7768,1.4983,28.2421
2016-08-01,9.0900,4.1341,2.7830,1.4855,28.7294
2016-08-02,9.0600,4.1472,2.7792,1.4922,28.5045
2016-08-03,9.0200,4.1684,2.7718,1.5039,28.0172
2016-08-04,8.9700,4.1898,2.7694,1.5129,27.5862
2016-08-05,9.0500,4.1525,2.7534,1.5081,27.8111
2016-08-08,9.0600,4.1498,2.7472,1.5106,27.6987
2016-08-09,9.0900,4.1367,2.7125,1.5251,27.2489
2016-08-10,9.1100,4.1262,2.6950,1.5311,27.0240
2016-08-11,9.2500,4.0646,2.6875,1.5124,27.6237
2016-08-12,9.4100,3.9926,2.6701,1.4953,28.3358
2016-08-15,9.7500,3.8559,2.6401,1.4605,30.2099
2016-08-16,9.6100,3.9113,2.6651,1.4676,29.8726
2016-08-17,9.5700,3.9254,2.6901,1.4592,30.3223
2016-08-18,9.4600,3.9731,2.6801,1.4824,29.0105
2016-08-19,9.4500,3.9780,2.7001,1.4733,29.4603
2016-08-22,9.4400,3.9804,2.6801,1.4852,28.7481
2016-08-23,9.4400,3.9828,2.7201,1.4642,30.0037
2016-08-24,9.4300,3.9852,2.7301,1.4597,30.2849
2016-08-25,9.4000,3.9974,2.7201,1.4696,29.7601
2016-08-26,9.4000,3.9974,2.6927,1.4845,28.8043
2016-08-29,9.3400,4.0245,2.7064,1.4870,28.6544
2016-08-30,9.4400,3.9828,2.7527,1.4469,30.8471
2016-08-31,9.4800,3.9635,2.7425,1.4452,30.9783
2016-09-01,9.4400,3.9804,2.7452,1.4499,30.7346
2016-09-02,9.4800,3.9635,2.7452,1.4438,31.0720
2016-09-05,9.4900,3.9611,2.7503,1.4402,31.1657
2016-09-06,9.4400,3.9804,2.7628,1.4407,31.1282
2016-09-07,9.4800,3.9635,2.7853,1.4230,31.7466
2016-09-08,9.5500,3.9348,2.7753,1.4178,31.8591
2016-09-09,9.5300,3.9443,2.7678,1.4251,31.5967
2016-09-12,9.4400,3.9828,2.7916,1.4267,31.5592
2016-09-13,9.4700,3.9707,2.7654,1.4359,31.2969
2016-09-14,9.4400,3.9828,2.7579,1.4441,31.0532
2016-09-19,9.4700,3.9683,2.7605,1.4375,31.2594
2016-09-20,9.4700,3.9683,2.7431,1.4466,30.8846
2016-09-21,9.4700,3.9707,2.7518,1.4429,31.1094
2016-09-22,9.5100,3.9515,2.7456,1.4392,31.2406
2016-09-23,9.4800,3.9635,2.7318,1.4509,30.6597
2016-09-26,9.4800,3.9635,2.7157,1.4595,30.3036
2016-09-27,9.4800,3.9635,2.7144,1.4602,30.2286
2016-09-28,9.4800,3.9635,2.7244,1.4548,30.4723
2016-09-29,9.4900,3.9587,2.7282,1.4510,30.6222
2016-09-30,9.4900,3.9611,2.7258,1.4532,30.5097
2016-10-10,9.5200,3.9467,2.6735,1.4762,29.3291
2016-10-11,9.5300,3.9420,2.6835,1.4690,29.7789
2016-10-12,9.5000,3.9563,2.7098,1.4600,30.2661
2016-10-13,9.4500,3.9755,2.7010,1.4719,29.6477
2016-10-14,9.4700,3.9683,2.6952,1.4724,29.5727
2016-10-17,9.3600,4.0146,2.6904,1.4922,28.5232
2016-10-18,9.4000,3.9974,2.6965,1.4824,29.0292
2016-10-19,9.3600,4.0146,2.6664,1.5056,27.9423
2016-10-20,9.3700,4.0097,2.6518,1.5121,27.6424
2016-10-21,9.3800,4.0073,2.6451,1.5150,27.4550
2016-10-24,9.4800,3.9659,2.6595,1.4912,28.5420
2016-10-25,9.4500,3.9780,2.6859,1.4811,29.1042
2016-10-26,9.3900,4.0023,2.7200,1.4714,29.7039
2016-10-27,9.3200,4.0345,2.7068,1.4905,28.5795
2016-10-28,9.3700,4.0097,2.7027,1.4836,28.9355
2016-10-31,9.3600,4.0146,2.7425,1.4638,30.0412
2016-11-01,9.3800,4.0073,2.7375,1.4639,30.0225
2016-11-02,9.3200,4.0320,2.7372,1.4730,29.4790
2016-11-03,9.4100,3.9950,2.7301,1.4633,30.0975
2016-11-04,9.4400,3.9828,2.7339,1.4568,30.4348
2016-11-07,9.4500,3.9780,2.7475,1.4479,30.8096
2016-11-08,9.4800,3.9659,2.7634,1.4352,31.3343
2016-11-09,9.4700,3.9683,2.7651,1.4351,31.3531
2016-11-10,9.5300,3.9420,2.7926,1.4116,32.1589
2016-11-11,9.5500,3.9372,2.8150,1.3987,32.7024
2016-11-14,9.5500,3.9348,2.8577,1.3769,34.0517
2016-11-15,9.5500,3.9372,2.8501,1.3814,33.8268
2016-11-16,9.5500,3.9348,2.8652,1.3733,34.2204
2016-11-17,9.5500,3.9348,2.9055,1.3543,35.3448
2016-11-18,9.5500,3.9348,2.8901,1.3615,34.9700
2016-11-21,9.5700,3.9254,2.8851,1.3606,35.0637
2016-11-22,9.6000,3.9160,2.8689,1.3650,34.7264
2016-11-23,9.7400,3.8581,2.8451,1.3561,35.2511
2016-11-24,9.7200,3.8673,2.8502,1.3569,35.2324
2016-11-25,9.8300,3.8220,2.8650,1.3340,36.3381
2016-11-28,9.9000,3.7954,2.8502,1.3316,36.5255
2016-11-29,9.9300,3.7844,2.8906,1.3092,37.8373
2016-11-30,9.8700,3.8064,2.9502,1.2902,38.5682
2016-12-01,9.8700,3.8086,2.9893,1.2741,39.1867
2016-12-02,9.8400,3.8198,2.9895,1.2777,39.1117
2016-12-05,9.9500,3.7756,3.0302,1.2460,40.1049
2016-12-06,9.9100,3.7932,3.1151,1.2177,40.8546
2016-12-07,9.8200,3.8265,3.0877,1.2393,40.3111
2016-12-08,9.8600,3.8109,3.0753,1.2392,40.3298
2016-12-09,9.9800,3.7669,3.0853,1.2209,40.7609
2016-12-12,10.0600,3.7346,3.1458,1.1872,41.9603
2016-12-13,9.8800,3.8042,3.1863,1.1939,41.6604
2016-12-14,9.8900,3.8020,3.2186,1.1813,42.2226
2016-12-15,9.6100,3.9113,3.3315,1.1740,42.4288
2016-12-16,9.5900,3.9207,3.2803,1.1952,41.6229
2016-12-19,9.5100,3.9539,3.3316,1.1868,41.9978
2016-12-20,9.3700,4.0122,3.3739,1.1892,41.8291
2016-12-21,9.3900,4.0023,3.2815,1.2197,40.7984
2016-12-22,9.3200,4.0345,3.1908,1.2644,39.5427
2016-12-23,9.3200,4.0345,3.1769,1.2699,39.3553
2016-12-26,9.3500,4.0196,3.1551,1.2740,39.2054
2016-12-27,9.2900,4.0470,3.1628,1.2796,38.9993
2016-12-28,9.2600,4.0596,3.1223,1.3002,38.2871
2016-12-29,9.2500,4.0646,3.0471,1.3339,36.3568
2016-12-30,9.3300,4.0295,3.0115,1.3380,36.1882
2017-01-03,9.3800,2.8723,3.1054,0.9249,52.4175
2017-01-04,9.4000,2.8670,3.1823,0.9009,52.9798
2017-01-05,9.3800,2.8723,3.2086,0.8952,53.2421
2017-01-06,9.3100,2.8936,3.1953,0.9056,52.8673
2017-01-09,9.3200,2.8900,3.1692,0.9119,52.6799
2017-01-10,9.3200,2.8918,3.1792,0.9096,52.7174
2017-01-11,9.3000,2.8972,3.2055,0.9038,52.9048
2017-01-12,9.2800,2.9044,3.1888,0.9108,52.6987
2017-01-13,9.3600,2.8776,3.2022,0.8986,53.0922
2017-01-16,9.5300,2.8272,3.2496,0.8700,54.1417
2017-01-17,9.4400,2.8548,3.2692,0.8732,54.0105
2017-01-18,9.4800,2.8409,3.2682,0.8693,54.1792
2017-01-19,9.5200,2.8306,3.2584,0.8687,54.2166
2017-01-20,9.5500,2.8204,3.2440,0.8694,54.1604
2017-01-23,9.5300,2.8255,3.2429,0.8713,54.0855
2017-01-24,9.6000,2.8052,3.2837,0.8543,54.6477
2017-01-25,9.6000,2.8052,3.3463,0.8383,55.2286
2017-01-26,9.6300,2.7968,3.3465,0.8357,55.2849
2017-02-03,9.5700,2.8153,3.4214,0.8229,55.6972
2017-02-06,9.5900,2.8102,3.4905,0.8051,56.1657
2017-02-07,9.5900,2.8085,3.4866,0.8055,56.1469
2017-02-08,9.5900,2.8085,3.4591,0.8119,55.9220
2017-02-09,9.6200,2.8001,3.4148,0.8200,55.7346
2017-02-10,9.6600,2.7901,3.4368,0.8118,55.9408
2017-02-13,9.7000,2.7785,3.4192,0.8126,55.8846
2017-02-14,9.6400,2.7951,3.4107,0.8195,55.7534
2017-02-15,9.6900,2.7802,3.4058,0.8163,55.8471
2017-02-16,9.6600,2.7901,3.3559,0.8314,55.3411
2017-02-17,9.5700,2.8136,3.3311,0.8446,55.0600
2017-02-20,9.7300,2.7687,3.2812,0.8438,55.0975
2017-02-21,9.7100,2.7736,3.3013,0.8402,55.1912
2017-02-22,9.6400,2.7951,3.2839,0.8512,54.7789
2017-02-23,9.6000,2.8052,3.2714,0.8575,54.5540
2017-02-24,9.6200,2.8018,3.2916,0.8512,54.7601
2017-02-27,9.5500,2.8221,3.2871,0.8585,54.5352
2017-02-28,9.5500,2.8221,3.2921,0.8572,54.5915
2017-03-01,9.5300,2.8272,3.3252,0.8502,54.8163
2017-03-02,9.4400,2.8530,3.3483,0.8521,54.7039
2017-03-03,9.4100,2.8635,3.3573,0.8529,54.6852
2017-03-06,9.4400,2.8530,3.3615,0.8487,54.8538
2017-03-07,9.4500,2.8496,3.3643,0.8470,54.9475
2017-03-08,9.4300,2.8565,3.4088,0.8380,55.2474
2017-03-09,9.3300,2.8864,3.4151,0.8452,55.0412
2017-03-10,9.3400,2.8847,3.4156,0.8446,55.0787
2017-03-13,9.4000,2.8652,3.3851,0.8464,54.9663
2017-03-14,9.3600,2.8793,3.3653,0.8556,54.6289
2017-03-15,9.3400,2.8829,3.3524,0.8600,54.4978
2017-03-16,9.3700,2.8740,3.3097,0.8684,54.2541
2017-03-17,9.3200,2.8900,3.3124,0.8725,54.0480
2017-03-20,9.2900,2.9008,3.3141,0.8753,53.9168
2017-03-21,9.2100,2.9261,3.3141,0.8829,53.6357
2017-03-22,9.0800,2.9669,3.3068,0.8972,53.1672
2017-03-23,9.1400,2.9482,3.3034,0.8925,53.2984
2017-03-24,9.1800,2.9335,3.2529,0.9018,52.9423
2017-03-27,9.2300,2.9188,3.2451,0.8994,53.0547
2017-03-28,9.2100,2.9243,3.2626,0.8963,53.1859
2017-03-29,9.1300,2.9501,3.2695,0.9023,52.9235
2017-03-30,9.1000,2.9613,3.2890,0.9004,53.0172
2017-03-31,9.2100,2.9243,3.2828,0.8908,53.3921
2017-04-05,9.3000,2.8972,3.3102,0.8752,53.9355
2017-04-06,9.2600,2.9080,3.3109,0.8783,53.8418
2017-04-07,9.2600,2.9080,3.2966,0.8821,53.6732
2017-04-10,9.1900,2.9316,3.3166,0.8839,53.5982
2017-04-11,9.1400,2.9464,3.3209,0.8872,53.4483
2017-04-12,9.1400,2.9464,3.3283,0.8853,53.5420
2017-04-13,9.0600,2.9726,3.3220,0.8948,53.2609
2017-04-14,8.9200,3.0186,3.3599,0.8984,53.1109
2017-04-17,8.9500,3.0089,3.4160,0.8808,53.7481
2017-04-18,8.8000,3.0600,3.4064,0.8983,53.1297
2017-04-19,8.6900,3.0985,3.4065,0.9096,52.7361
2017-04-20,8.5800,3.1401,3.4240,0.9171,52.5300
2017-04-21,8.6600,3.1108,3.4614,0.8987,53.0735
2017-04-24,8.6300,3.1212,3.4991,0.8920,53.3546
2017-04-25,8.6600,3.1108,3.4568,0.8999,53.0360
2017-04-26,8.6600,3.1108,3.4519,0.9012,52.9610
2017-04-27,8.7500,3.0781,3.4494,0.8924,53.3171
2017-04-28,8.7500,3.0781,3.4668,0.8879,53.4295
2017-05-02,8.7200,3.0883,3.4870,0.8857,53.5045
2017-05-03,8.6800,3.1047,3.5219,0.8815,53.7294
2017-05-04,8.6200,3.1254,3.5517,0.8800,53.7856
2017-05-05,8.5900,3.1379,3.5592,0.8816,53.7106
2017-05-08,8.5500,3.1506,3.6042,0.8741,53.9918
2017-05-09,8.4900,3.1720,3.6325,0.8732,54.0292
2017-05-10,8.4100,3.2045,3.6900,0.8684,54.2354
2017-05-11,8.4900,3.1741,3.6400,0.8720,54.0667
2017-05-12,8.7500,3.0781,3.6525,0.8427,55.1349
2017-05-15,8.7900,3.0660,3.6100,0.8493,54.8351
2017-05-16,8.7900,3.0660,3.6225,0.8464,54.9850
2017-05-17,8.7500,3.0781,3.6275,0.8485,54.8913
2017-05-18,8.6400,3.1191,3.6075,0.8646,54.3666
2017-05-19,8.6400,3.1171,3.6250,0.8599,54.5165
2017-05-22,8.6500,3.1129,3.6601,0.8505,54.7976
2017-05-23,8.8800,3.0342,3.6725,0.8262,55.6034
2017-05-24,8.9000,3.0264,3.6601,0.8269,55.5847
2017-05-25,9.8000,2.7853,3.6476,0.7636,57.3463
2017-05-26,9.7300,2.8048,3.6501,0.7684,57.2526
2017-05-31,9.7300,2.8048,3.6102,0.7769,56.9715
2017-06-01,9.7900,2.7875,3.6152,0.7711,57.1589
2017-06-02,9.7700,2.7939,3.6277,0.7702,57.1964
2017-06-05,9.7300,2.8026,3.6152,0.7752,57.0277
2017-06-06,9.7000,2.8136,3.6328,0.7745,57.0652
2017-06-07,9.7300,2.8048,3.6427,0.7700,57.2151
2017-06-08,9.7300,2.8048,3.6478,0.7689,57.2339
2017-06-09,9.8000,2.7853,3.6303,0.7672,57.2714
2017-06-12,9.6800,2.8180,3.5841,0.7863,56.7466
2017-06-13,9.5400,2.8605,3.5754,0.8001,56.3531
2017-06-14,9.4400,2.8904,3.5354,0.8176,55.7909
2017-06-15,9.3800,2.9090,3.5554,0.8182,55.7721
2017-06-16,9.3600,2.9161,3.5680,0.8173,55.8096
2017-06-19,9.3900,2.9044,3.5006,0.8297,55.4535
2017-06-20,9.3100,2.9303,3.4881,0.8401,55.2099
2017-06-21,9.3500,2.9185,3.5406,0.8243,55.6409
2017-06-22,9.5200,2.8651,3.5607,0.8046,56.2031
2017-06-23,9.5800,2.8492,3.5457,0.8036,56.2406
2017-06-26,9.5800,2.8492,3.5134,0.8110,55.9783
2017-06-27,9.6200,2.8357,3.5084,0.8083,56.0532
2017-06-28,9.6900,2.8158,3.5333,0.7969,56.5217
2017-06-29,9.6700,2.8224,3.5483,0.7954,56.6529
2017-06-30,9.5800,2.8470,3.5683,0.7979,56.4843
2017-07-03,9.5200,2.8674,3.6033,0.7958,56.6154
2017-07-04,9.5100,2.8696,3.6009,0.7969,56.5405
2017-07-05,9.5600,2.8537,3.5760,0.7980,56.4655
2017-07-06,9.5900,2.8447,3.5660,0.7977,56.5030
2017-07-07,9.5500,2.8583,3.5897,0.7963,56.5780
2017-07-10,9.4900,2.8742,3.5911,0.8004,56.3156
2017-07-11,9.7000,2.8136,3.5836,0.7851,56.8028
2017-07-12,9.7400,2.8005,3.5749,0.7834,56.8591
2017-07-13,10.0500,2.7139,3.5643,0.7614,57.3651
2017-07-14,10.3000,2.6500,3.5637,0.7436,57.7774
2017-07-17,10.4200,2.6173,3.5626,0.7347,58.3396
2017-07-18,10.2700,2.6579,3.5851,0.7414,57.9273
2017-07-19,10.3700,2.6307,3.5901,0.7328,58.3771
2017-07-20,10.3200,2.6442,3.5740,0.7398,58.0210
2017-07-21,10.1900,2.6776,3.5829,0.7473,57.6274
2017-07-24,10.3600,2.6345,3.5769,0.7365,58.2646
2017-07-25,10.2300,2.6657,3.5920,0.7421,57.8523
2017-07-26,10.1400,2.6916,3.6170,0.7442,57.7586
2017-07-27,10.1400,2.6916,3.6021,0.7472,57.6462
2017-07-28,10.2000,2.6736,3.6034,0.7420,57.8711
2017-07-31,10.1200,2.6957,3.6260,0.7434,57.7961
2017-08-01,10.1700,2.6816,3.6373,0.7373,58.2271
2017-08-02,10.1800,2.6796,3.6311,0.7380,58.1522
2017-08-03,9.9100,2.7534,3.6262,0.7593,57.4213
2017-08-04,9.7500,2.7983,3.6262,0.7717,57.1214
2017-08-07,9.8000,2.7853,3.6626,0.7605,57.3838
2017-08-08,9.7500,2.7983,3.6538,0.7659,57.2901
2017-08-09,9.6700,2.8224,3.6600,0.7711,57.1402
2017-08-10,9.6900,2.8158,3.6375,0.7741,57.0840
2017-08-11,9.6100,2.8402,3.6163,0.7854,56.7654
2017-08-14,9.5200,2.8674,3.5925,0.7982,56.4468
2017-08-15,9.5400,2.8605,3.5801,0.7990,56.4280
2017-08-16,9.4600,2.8834,3.5988,0.8012,56.2781
2017-08-17,9.4900,2.8742,3.5926,0.8000,56.3718
2017-08-18,9.4800,2.8788,3.5951,0.8008,56.2969
2017-08-21,9.4800,2.8788,3.6181,0.7957,56.6342
2017-08-22,9.4200,2.8973,3.6201,0.8003,56.3343
2017-08-23,9.5200,2.8651,3.6152,0.7925,56.7091
2017-08-24,9.4500,2.8881,3.6252,0.7967,56.5592
2017-08-25,9.6800,2.8180,3.6327,0.7757,57.0090
2017-08-28,9.7700,2.7939,3.6502,0.7654,57.3276
2017-08-29,9.8200,2.7789,3.6303,0.7655,57.3088
2017-08-30,9.7500,2.7983,3.6303,0.7708,57.1777
2017-08-31,9.6300,2.8335,3.6265,0.7813,56.9153
2017-09-01,9.6700,2.8202,3.6353,0.7758,56.9903
2017-09-04,9.6800,2.8180,3.6454,0.7730,57.1027
2017-09-05,9.8700,2.7639,3.6641,0.7543,57.5150
2017-09-06,9.8200,2.6607,3.6554,0.7279,58.4708
2017-09-07,9.7300,2.6835,3.6155,0.7422,57.8336
2017-09-08,9.8700,2.6464,3.6005,0.7350,58.3021
2017-09-11,9.8400,2.6545,3.6156,0.7342,58.3583
2017-09-12,9.8800,2.6444,3.6181,0.7309,58.4333
2017-09-13,9.7500,2.6793,3.6356,0.7370,58.2459
2017-09-14,9.7300,2.6835,3.5982,0.7458,57.6837
2017-09-15,9.7200,2.6876,3.5982,0.7469,57.6649
2017-09-18,9.7800,2.6710,3.6220,0.7374,58.1897
2017-09-19,9.7700,2.6730,3.6158,0.7393,58.0960
2017-09-20,9.7600,2.6772,3.6209,0.7394,58.0585
2017-09-21,9.7500,2.6793,3.6334,0.7374,58.2084
2017-09-22,9.7700,2.6751,3.6209,0.7388,58.1334
2017-09-25,9.8000,2.6648,3.5985,0.7405,57.9835
2017-09-26,9.7400,2.6814,3.6172,0.7413,57.9460
2017-09-27,9.7300,2.6835,3.6235,0.7406,57.9648
2017-09-28,9.7300,2.6855,3.6136,0.7432,57.8148
2017-09-29,9.7500,2.6793,3.6136,0.7414,57.9085
2017-10-09,9.8800,2.6444,3.6477,0.7249,58.5270
2017-10-10,9.9200,2.6322,3.6470,0.7217,58.6207
2017-10-11,9.8900,2.6403,3.6540,0.7226,58.6019
2017-10-12,9.8900,2.6423,3.6765,0.7187,58.7144
2017-10-13,9.8000,2.6648,3.6740,0.7253,58.5082
2017-10-16,9.8800,2.6444,3.7054,0.7137,58.8268
2017-10-17,9.8400,2.6545,3.7409,0.7096,58.9205
2017-10-18,9.9000,2.6383,3.7366,0.7061,59.1829
2017-10-19,9.9500,2.6262,3.7167,0.7066,59.1267
2017-10-20,9.8600,2.6504,3.7217,0.7121,58.8456
2017-10-23,9.7300,2.6855,3.7231,0.7213,58.6582
2017-10-24,9.7400,2.6814,3.7220,0.7204,58.6957
2017-10-25,9.7700,2.6730,3.7768,0.7077,59.0330
2017-10-26,9.7100,2.6897,3.7769,0.7121,58.8643
2017-10-27,9.7300,2.6835,3.8266,0.7013,59.4078
2017-10-30,9.6200,2.7151,3.9115,0.6941,59.7264
2017-10-31,9.5500,2.7345,3.8917,0.7026,59.2954
2017-11-01,9.5000,2.7498,3.8630,0.7118,58.8831
2017-11-02,9.4900,2.7520,3.8718,0.7108,58.9018
2017-11-03,9.5300,2.7410,3.8816,0.7062,59.1642
2017-11-06,9.4500,2.7652,3.8694,0.7146,58.7894
2017-11-07,9.5000,2.7498,3.8813,0.7085,58.9955
2017-11-08,9.5300,2.7410,3.8725,0.7078,59.0142
2017-11-09,9.5100,2.7476,3.8863,0.7070,59.0892
2017-11-10,9.5700,2.7302,3.9000,0.7001,59.4453
2017-11-13,9.7000,2.6939,3.9500,0.6820,60.0825
2017-11-14,9.5500,2.7367,3.9525,0.6924,59.8013
2017-11-15,9.5500,2.7367,3.9500,0.6928,59.7639
2017-11-16,9.3900,2.7831,3.9225,0.7095,58.9393
2017-11-17,9.6800,2.6981,3.9200,0.6883,59.9138
2017-11-20,9.7300,2.6835,3.9400,0.6811,60.1199
2017-11-21,9.8000,2.6648,3.9500,0.6746,60.2886
2017-11-22,10.0200,2.6064,3.9850,0.6541,60.6072
2017-11-23,9.8900,2.6403,3.9851,0.6625,60.5135
2017-11-24,9.9200,2.6343,3.9463,0.6675,60.4573
2017-11-27,9.9200,2.6322,3.9501,0.6664,60.4760
2017-11-28,9.8000,2.6648,3.9601,0.6729,60.3636
2017-11-29,9.8000,2.6648,3.9101,0.6815,60.1012
2017-11-30,9.7800,2.6710,3.8901,0.6866,59.9700
2017-12-01,9.7800,2.6710,3.8852,0.6875,59.9325
2017-12-04,9.7900,2.6689,3.8902,0.6861,60.0075
2017-12-05,9.9800,2.6182,3.8752,0.6756,60.2699
2017-12-06,9.8200,2.6607,3.8752,0.6866,59.9888
2017-12-07,9.8200,2.6607,3.8927,0.6835,60.0262
2017-12-08,9.8000,2.6668,3.9102,0.6820,60.0637
2017-12-11,9.8300,2.6586,3.9303,0.6764,60.2324
2017-12-12,9.6600,2.7045,3.9378,0.6868,59.9513
2017-12-13,9.6500,2.7066,3.9303,0.6886,59.8763
2017-12-14,9.6100,2.7173,3.9104,0.6949,59.6702
2017-12-15,9.5600,2.7324,3.8904,0.7023,59.3516
2017-12-18,9.5800,2.7259,3.8904,0.7007,59.4265
2017-12-19,9.6600,2.7045,3.9005,0.6934,59.7451
2017-12-20,9.6400,2.7087,3.9005,0.6944,59.7076
2017-12-21,9.6200,2.7151,3.9005,0.6961,59.5952
2017-12-22,9.5600,2.7324,3.8780,0.7046,59.2391
2017-12-25,9.5400,2.7389,3.8731,0.7072,59.0705
2017-12-26,9.5800,2.7280,3.8881,0.7016,59.3703
2017-12-27,9.5600,2.7324,3.8956,0.7014,59.3891
2017-12-28,9.5000,2.7498,3.8857,0.7077,59.0517
2017-12-29,9.5400,2.7389,3.8807,0.7058,59.2016
2018-01-02,9.6400,1.1580,3.9008,0.2969,72.8261
2018-01-03,9.5900,1.1635,3.9162,0.2971,72.7699
2018-01-04,9.5900,1.1635,3.9319,0.2959,72.9760
2018-01-05,9.6100,1.1608,3.9212,0.2960,72.8823
2018-01-08,9.6100,1.1617,3.9110,0.2970,72.8073
2018-01-09,9.6200,1.1599,3.8909,0.2981,72.6949
2018-01-10,9.8600,1.1314,3.9201,0.2886,73.6132
2018-01-11,9.8000,1.1384,3.9546,0.2879,73.6882
2018-01-12,9.7800,1.1410,3.9337,0.2901,73.4633
2018-01-15,9.8600,1.1314,3.9650,0.2853,73.9318
2018-01-16,9.7700,1.1419,3.9596,0.2884,73.6319
2018-01-17,9.9200,1.1245,3.9597,0.2840,74.0067
2018-01-18,10.0300,1.1126,3.9797,0.2796,74.3628
2018-01-19,10.0300,1.1126,3.9754,0.2799,74.3441
2018-01-22,9.6700,1.1535,3.9522,0.2919,73.2946
2018-01-23,9.7700,1.1419,3.9414,0.2897,73.5382
2018-01-24,10.2800,1.0855,3.9507,0.2748,74.9063
2018-01-25,10.3400,1.0791,3.9435,0.2736,75.0937
2018-01-26,10.1600,1.0985,3.9365,0.2791,74.4190
2018-01-29,10.2000,1.0944,3.9368,0.2780,74.5502
2018-01-30,9.9300,1.1236,3.9292,0.2860,73.8568
2018-01-31,9.9800,1.1185,3.9140,0.2858,73.8756
2018-02-01,10.0800,1.1075,3.9066,0.2835,74.0630
2018-02-02,9.9500,1.1210,3.9092,0.2868,73.7819
2018-02-05,10.2200,1.0919,3.9167,0.2788,74.4940
2018-02-06,10.2100,1.0928,3.8825,0.2815,74.2316
2018-02-07,10.1900,1.0952,3.8700,0.2830,74.1004
2018-02-08,9.9200,1.1245,3.8801,0.2898,73.5195
2018-02-09,9.6800,1.1526,3.8800,0.2971,72.7886
2018-02-12,9.4600,1.1794,3.8750,0.3044,72.3951
2018-02-13,9.4800,1.1775,3.8700,0.3043,72.4138
2018-02-14,9.4400,1.1822,3.8702,0.3055,72.3013
2018-02-22,9.5700,1.1663,3.8752,0.3010,72.5450
2018-02-23,9.6400,1.1580,3.8702,0.2992,72.6387
2018-02-26,9.6400,1.1571,3.8452,0.3009,72.5637
2018-02-27,9.6100,1.1608,3.8201,0.3039,72.4325
2018-02-28,9.4400,1.1822,3.8202,0.3095,71.9828
2018-03-01,9.4500,1.1813,3.8201,0.3092,72.0015
2018-03-02,9.4000,1.1870,3.8352,0.3095,71.9640
2018-03-05,9.4100,1.1860,3.8453,0.3084,72.0952
2018-03-06,9.4600,1.1794,3.8253,0.3083,72.1327
2018-03-07,9.4600,1.1794,3.8203,0.3087,72.0765
2018-03-08,9.4500,1.1813,3.8203,0.3092,72.0202
2018-03-09,9.4500,1.1803,3.8278,0.3083,72.1139
2018-03-12,9.4700,1.1784,3.8243,0.3081,72.1514
2018-03-13,9.4600,1.1794,3.8362,0.3074,72.1889
2018-03-14,9.3900,1.1889,3.8413,0.3095,71.9453
2018-03-15,9.3900,1.1889,3.8257,0.3108,71.8891
2018-03-16,9.3200,1.1976,3.8154,0.3139,71.7391
2018-03-19,9.3300,1.1966,3.8104,0.3140,71.6829
2018-03-20,9.3300,1.1956,3.7906,0.3154,71.5705
2018-03-21,9.3100,1.1986,3.7630,0.3185,71.3831
2018-03-22,9.2800,1.2025,3.7480,0.3208,71.2519
2018-03-23,8.8700,1.2579,3.7005,0.3399,70.7646
2018-03-26,8.8000,1.2688,3.7307,0.3401,70.7271
2018-03-27,8.8000,1.2677,3.7432,0.3387,70.8021
2018-03-28,8.7700,1.2731,3.7406,0.3403,70.6897
2018-03-29,8.8000,1.2677,3.7456,0.3385,70.8208
2018-03-30,8.8300,1.2644,3.7407,0.3380,70.8396
2018-04-02,8.8700,1.2579,3.7357,0.3367,70.9520
2018-04-03,8.7600,1.2742,3.7507,0.3397,70.7834
2018-04-04,8.7300,1.2776,3.7234,0.3431,70.6522
2018-04-09,8.7100,1.2809,3.6959,0.3466,70.6334
2018-04-10,8.9200,1.2515,3.7159,0.3368,70.9333
2018-04-11,9.0200,1.2368,3.7109,0.3333,71.0082
2018-04-12,8.9200,1.2505,3.7109,0.3370,70.9145
2018-04-13,8.8600,1.2601,3.7062,0.3400,70.7459
2018-04-16,8.7500,1.2754,3.6561,0.3488,70.5772
2018-04-17,8.7500,1.2754,3.6512,0.3493,70.5397
2018-04-18,8.8900,1.2558,3.5013,0.3587,70.3711
2018-04-19,8.9400,1.2483,3.5064,0.3560,70.4273
2018-04-20,8.8000,1.2688,3.5215,0.3603,70.2961
2018-04-23,8.7900,1.2699,3.6019,0.3526,70.4835
2018-04-24,8.9200,1.2505,3.5855,0.3488,70.5960
2018-04-25,8.8300,1.2633,3.6118,0.3498,70.5210
2018-04-26,8.7700,1.2731,3.6344,0.3503,70.5022
2018-04-27,8.8000,1.2688,3.6364,0.3489,70.5585
2018-05-02,8.3600,1.3355,3.6665,0.3642,70.0712
2018-05-03,8.2700,1.3489,3.6467,0.3699,69.5840
2018-05-04,8.2000,1.3601,3.6319,0.3745,69.1717
2018-05-07,8.2100,1.3589,3.6518,0.3721,69.4153
2018-05-08,8.3000,1.3452,3.6922,0.3643,70.0150
2018-05-09,8.2800,1.3477,3.7074,0.3635,70.0900
2018-05-10,8.3000,1.3452,3.6924,0.3643,70.0337
2018-05-11,8.3000,1.3452,3.6882,0.3647,69.9775
2018-05-14,8.3300,1.3391,3.6937,0.3625,70.1462
2018-05-15,8.3300,1.3403,3.7151,0.3608,70.2586
2018-05-16,8.2300,1.3551,3.7076,0.3655,69.9213
2018-05-17,8.2000,1.3601,3.7120,0.3664,69.8463
2018-05-18,8.2600,1.3514,3.7099,0.3643,70.0525
2018-05-21,8.2900,1.3465,3.6939,0.3645,69.9963
2018-05-22,8.2400,1.3539,3.6700,0.3689,69.6589
2018-05-23,8.1800,1.3639,3.6400,0.3747,69.1529
2018-05-24,8.1700,1.3652,3.6501,0.3740,69.2466
2018-05-25,8.1100,1.3754,3.6126,0.3807,68.4970
2018-05-28,8.1500,1.3690,3.6101,0.3792,68.6657
2018-05-29,8.0600,1.3844,3.6001,0.3845,68.0472
2018-05-30,7.9100,1.4110,3.5976,0.3922,67.0915
2018-05-31,7.9900,1.3962,3.6129,0.3864,67.8223
2018-06-01,8.0900,1.3792,3.6202,0.3810,68.4033
2018-06-04,8.1400,1.3703,3.6532,0.3751,69.1154
2018-06-05,8.0800,1.3818,3.6602,0.3775,68.8531
2018-06-06,7.9900,1.3962,3.6602,0.3815,68.3283
2018-06-07,8.0500,1.3870,3.6702,0.3779,68.7781
2018-06-08,7.8900,1.4137,3.6453,0.3878,67.6162
2018-06-11,7.8900,1.4137,3.6502,0.3873,67.6912
2018-06-12,7.8400,1.4232,3.6853,0.3862,67.9160
2018-06-13,7.7300,1.4427,3.6627,0.3939,66.8666
2018-06-14,7.7400,1.4413,3.6227,0.3979,66.4730
2018-06-15,7.8000,1.4301,3.6028,0.3969,66.5292
2018-06-19,7.5200,1.4849,3.5603,0.4171,64.4303
2018-06-20,7.4900,1.4894,3.6054,0.4131,64.8051
2018-06-21,7.4500,1.4985,3.5753,0.4191,64.2241
2018-06-22,7.3900,1.5093,3.5604,0.4239,64.0742
2018-06-25,7.2400,1.5408,3.5803,0.4304,63.7744
2018-06-26,7.1800,1.5538,3.5804,0.4340,63.6619
2018-06-27,7.1000,1.5721,3.5529,0.4425,63.3996
2018-06-28,7.2000,1.5506,3.5304,0.4392,63.4933
2018-06-29,7.2400,1.5408,3.4756,0.4433,63.3808
2018-07-02,7.0400,1.5856,3.4668,0.4574,62.8561
2018-07-03,7.0800,1.5754,3.4955,0.4507,63.0622
2018-07-04,7.0500,1.5822,3.5107,0.4507,63.0810
2018-07-05,7.0200,1.5907,3.5005,0.4544,62.9685
2018-07-06,7.1000,1.5721,3.5259,0.4459,63.2684
2018-07-09,7.2700,1.5344,3.5432,0.4331,63.7556
2018-07-10,7.2500,1.5392,3.5431,0.4344,63.6432
2018-07-11,7.1100,1.5704,3.5107,0.4473,63.2121
2018-07-12,7.2500,1.5392,3.5158,0.4378,63.5682
2018-07-13,7.2700,1.5522,3.4858,0.4453,63.3246
2018-07-16,7.2000,1.5654,3.4808,0.4497,63.0997
2018-07-17,7.2300,1.5604,3.4808,0.4483,63.1372
2018-07-18,7.2800,1.5489,3.4708,0.4463,63.2496
2018-07-19,7.3200,1.5408,3.4409,0.4478,63.1747
2018-07-20,7.5600,1.4924,3.5135,0.4248,63.9993
2018-07-23,7.6300,1.4789,3.5186,0.4203,64.1304
2018-07-24,7.6700,1.4701,3.5615,0.4128,64.8801
2018-07-25,7.6700,1.4701,3.5614,0.4128,64.8613
2018-07-26,7.6300,1.4789,3.5361,0.4182,64.2991
2018-07-27,7.6500,1.4745,3.5212,0.4187,64.2429
2018-07-30,7.7600,1.4541,3.5213,0.4129,64.8426
2018-07-31,7.7900,1.4484,3.4812,0.4161,64.5427
2018-08-01,7.5900,1.4864,3.4638,0.4291,63.8118
2018-08-02,7.5000,1.5046,3.4713,0.4334,63.7181
2018-08-03,7.5300,1.4985,3.4567,0.4335,63.6994
2018-08-06,7.5900,1.4864,3.4568,0.4300,63.7931
2018-08-07,7.7400,1.4570,3.4876,0.4178,64.3553
2018-08-08,7.6900,1.4657,3.5222,0.4161,64.5240
2018-08-09,7.7600,1.4527,3.5476,0.4095,65.1799
2018-08-10,7.7100,1.4628,3.5525,0.4118,64.9738
2018-08-13,7.6400,1.4760,3.5826,0.4120,64.9550
2018-08-14,7.7000,1.4642,3.5519,0.4122,64.9363
2018-08-15,7.5800,1.4879,3.5829,0.4153,64.5990
2018-08-16,7.7000,1.4642,3.6141,0.4051,65.5547
2018-08-17,7.6400,1.4760,3.6524,0.4041,65.6484
2018-08-20,7.7700,1.4513,3.6326,0.3995,66.2106
2018-08-21,7.7500,1.4556,3.6300,0.4010,65.9295
2018-08-22,7.7200,1.4599,3.6075,0.4047,65.5735
2018-08-23,7.7100,1.4628,3.6101,0.4052,65.5360
2018-08-24,7.8900,1.4301,3.6278,0.3942,66.7916
2018-08-27,7.9100,1.4260,3.6303,0.3928,67.0540
2018-08-28,7.8900,1.4301,3.6101,0.3961,66.6229
2018-08-29,7.9000,1.4274,3.6101,0.3954,66.6979
2018-08-30,7.7900,1.4484,3.5801,0.4046,65.6109
2018-08-31,7.9100,1.4260,3.5751,0.3989,66.3231
2018-09-03,7.8400,1.4385,3.5951,0.4001,66.0795
2018-09-04,7.9400,1.4205,3.6101,0.3935,66.9228
2018-09-05,7.7500,1.4556,3.6101,0.4032,65.7046
2018-09-06,7.7600,1.4527,3.6101,0.4024,65.7234
2018-09-07,7.8000,1.4456,3.6301,0.3982,66.3981
2018-09-10,7.7900,1.4470,3.6551,0.3959,66.6417
2018-09-11,7.6700,1.4701,3.6751,0.4000,66.0982
2018-09-12,7.6900,1.4672,3.6551,0.4014,65.8358
2018-09-13,7.8800,1.4315,3.6526,0.3919,67.1289
2018-09-14,7.8600,1.4357,3.6351,0.3950,66.7354
2018-09-17,7.7700,1.4513,3.6327,0.3995,66.2294
2018-09-18,7.8600,1.4357,3.6452,0.3939,66.8853
2018-09-19,7.8400,1.4385,3.6727,0.3917,67.1852
2018-09-20,7.8200,1.4413,3.7003,0.3895,67.4475
2018-09-21,8.0300,1.4042,3.6752,0.3821,68.2346
2018-09-25,7.9200,1.4232,3.6754,0.3872,67.7099
2018-09-26,7.9700,1.4150,3.6503,0.3876,67.6537
2018-09-27,8.0200,1.4056,3.6253,0.3877,67.6349
2018-09-28,8.1300,1.3870,3.6153,0.3836,68.0847
2018-10-08,7.7800,1.4498,3.6155,0.4010,65.9108
2018-10-09,7.7700,1.4513,3.6156,0.4014,65.8546
2018-10-10,7.7900,1.4484,3.6156,0.4006,66.0420
2018-10-11,7.5000,1.5031,3.5806,0.4198,64.1492
2018-10-12,7.6800,1.4686,3.5831,0.4099,65.1049
2018-10-15,7.6800,1.4686,3.5857,0.4096,65.1612
2018-10-16,7.6900,1.4657,3.5757,0.4099,65.0862
2018-10-17,7.8800,1.4315,3.5807,0.3998,66.1544
2018-10-18,7.8000,1.4456,3.5508,0.4071,65.4048
2018-10-19,7.9500,1.4191,3.5658,0.3980,66.4543
2018-10-22,8.1300,1.3870,3.5910,0.3862,67.8786
2018-10-23,8.0000,1.4096,3.5709,0.3947,66.7729
2018-10-24,8.2200,1.3715,3.5409,0.3873,67.6724
2018-10-25,8.3000,1.3589,3.5409,0.3838,68.0660
2018-10-26,8.3600,1.3489,3.5410,0.3809,68.4408
2018-10-29,8.2600,1.3652,3.5111,0.3888,67.5225
2018-10-30,8.3800,1.3452,3.5161,0.3826,68.1597
2018-10-31,8.4100,1.3416,3.5086,0.3824,68.2159
2018-11-01,8.3400,1.3526,3.4936,0.3872,67.7286
2018-11-02,8.5600,1.3176,3.5461,0.3716,69.4715
2018-11-05,8.5300,1.3223,3.5312,0.3745,69.1904
2018-11-06,8.4400,1.3355,3.5113,0.3803,68.5720
2018-11-07,8.3400,1.3514,3.4813,0.3882,67.5787
2018-11-08,8.4700,1.3319,3.4813,0.3826,68.1409
2018-11-09,8.2300,1.3703,3.4763,0.3942,66.8103
2018-11-12,8.2700,1.3639,3.4865,0.3912,67.2601
2018-11-13,8.2800,1.3614,3.4740,0.3919,67.1477
2018-11-14,8.1900,1.3767,3.4218,0.4023,65.7421
2018-11-15,8.2500,1.3677,3.3915,0.4033,65.6859
2018-11-16,8.2400,1.3690,3.3515,0.4085,65.2736
2018-11-19,8.3300,1.3539,3.3772,0.4009,65.9670
2018-11-20,8.1800,1.3780,3.3771,0.4080,65.3111
2018-11-21,8.1600,1.3818,3.3716,0.4098,65.1237
2018-11-22,8.1500,1.3844,3.3917,0.4082,65.2924
2018-11-23,8.0400,1.4029,3.3917,0.4136,64.7114
2018-11-26,8.0400,1.4029,3.4151,0.4108,65.0487
2018-11-27,8.0300,1.4042,3.4000,0.4130,64.8238
2018-11-28,8.1000,1.3923,3.3700,0.4131,64.7864
2018-11-29,8.1400,1.3857,3.3600,0.4124,64.9175
2018-11-30,8.2000,1.3754,3.3550,0.4100,65.0675
2018-12-03,8.4400,1.3367,3.3500,0.3990,66.3043
2018-12-04,8.4800,1.3295,3.3050,0.4023,65.7609
2018-12-05,8.4200,1.3391,3.2750,0.4089,65.2549
2018-12-06,8.3400,1.3514,3.2751,0.4126,64.8988
2018-12-07,8.3400,1.3526,3.2853,0.4117,64.9925
2018-12-10,8.2900,1.3601,3.2678,0.4162,64.5052
2018-12-11,8.2100,1.3741,3.2652,0.4208,64.1117
2018-12-12,8.2100,1.3728,3.2703,0.4198,64.1679
2018-12-13,8.2700,1.3639,3.3311,0.4094,65.1987
2018-12-14,8.1300,1.3870,3.3468,0.4144,64.6552
2018-12-17,8.2500,1.3664,3.3713,0.4053,65.4610
2018-12-18,8.0900,1.3936,3.3714,0.4134,64.7301
2018-12-19,8.0700,1.3976,3.3412,0.4183,64.2616
2018-12-20,7.8500,1.4371,3.3003,0.4354,63.6244
2018-12-21,7.7100,1.4628,3.3168,0.4410,63.4183
2018-12-24,7.5900,1.4864,3.3483,0.4439,63.3433
2018-12-25,7.5000,1.5046,3.3113,0.4544,62.9873
2018-12-26,7.4000,1.5233,3.3011,0.4615,62.6312
2018-12-27,7.4000,1.5249,3.2709,0.4662,62.3688
2018-12-28,7.5000,1.5031,3.2315,0.4651,62.4250
2019-01-02,7.4300,1.0309,3.1734,0.3249,71.1019
2019-01-03,7.5100,1.0194,3.1410,0.3245,71.1207
2019-01-04,7.6300,1.0040,3.1513,0.3186,71.3643
2019-01-07,7.6400,1.0020,3.1507,0.3180,71.4018
2019-01-08,7.6300,1.0040,3.1211,0.3217,71.2144
2019-01-09,7.6500,1.0010,3.1106,0.3218,71.1769
2019-01-10,7.6300,1.0040,3.1006,0.3238,71.1394
2019-01-11,7.6900,0.9950,3.1058,0.3204,71.2706
2019-01-14,7.7000,0.9940,3.1297,0.3176,71.4393
2019-01-15,7.7400,0.9891,3.1383,0.3152,71.5892
2019-01-16,7.7600,0.9872,3.0745,0.3211,71.2331
2019-01-17,7.7900,0.9833,3.0760,0.3197,71.2894
2019-01-18,7.9900,0.9588,3.0910,0.3102,71.9265
2019-01-21,7.9200,0.9662,3.1037,0.3113,71.8516
2019-01-22,7.8500,0.9756,3.1071,0.3140,71.7204
2019-01-23,7.8600,0.9737,3.1190,0.3122,71.7954
2019-01-24,7.9500,0.9634,3.1338,0.3074,72.2076
2019-01-25,8.0400,0.9524,3.1398,0.3033,72.5075
2019-01-28,7.9800,0.9597,3.1397,0.3057,72.2826
2019-01-29,8.1000,0.9452,3.1246,0.3025,72.5262
2019-01-30,8.0400,0.9524,3.1151,0.3057,72.2639
2019-01-31,8.2100,0.9320,3.1037,0.3003,72.6012
2019-02-01,8.2500,0.9285,3.1032,0.2992,72.6574
2019-02-11,8.1900,0.9346,3.0670,0.3047,72.3201
2019-02-12,8.2100,0.9328,3.0748,0.3034,72.4888
2019-02-13,8.3100,0.9208,3.0719,0.2997,72.6199
2019-02-14,8.2800,0.9242,3.0726,0.3008,72.5825
2019-02-15,8.1600,0.9381,3.0794,0.3046,72.3388
2019-02-18,8.3000,0.9225,3.1094,0.2967,72.8448
2019-02-19,8.2700,0.9259,3.1279,0.2960,72.9198
2019-02-20,8.2900,0.9234,3.1196,0.2960,72.9385
2019-02-21,8.2600,0.9268,3.1361,0.2955,73.0135
2019-02-22,8.4300,0.9083,3.1451,0.2888,73.5945
2019-02-25,9.1300,0.8389,3.1787,0.2639,76.6492
2019-02-26,8.9200,0.8584,3.1878,0.2693,75.8433
2019-02-27,9.0600,0.8453,3.1689,0.2667,76.1994
2019-02-28,8.9900,0.8518,3.1731,0.2684,75.9183
2019-03-01,9.2000,0.8319,3.1870,0.2610,77.1364
2019-03-04,9.2000,0.8319,3.2023,0.2598,77.2301
2019-03-05,9.1700,0.8347,3.2149,0.2596,77.2676
2019-03-06,9.2000,0.8319,3.2021,0.2598,77.2114
2019-03-07,9.1000,0.8418,3.1572,0.2666,76.2181
2019-03-08,8.8000,0.8696,3.1423,0.2767,74.7189
2019-03-11,8.7800,0.8718,3.1374,0.2779,74.5877
2019-03-12,8.7600,0.8741,3.1424,0.2782,74.5315
2019-03-13,8.7600,0.8741,3.1375,0.2786,74.5127
2019-03-14,8.7700,0.8726,3.1475,0.2772,74.6439
2019-03-15,8.7500,0.8749,3.1376,0.2788,74.4753
2019-03-18,8.8700,0.8628,3.1377,0.2750,74.8688
2019-03-19,8.8400,0.8658,3.1377,0.2759,74.7751
2019-03-20,8.8400,0.8658,3.1453,0.2753,74.8501
2019-03-21,8.7700,0.8726,3.1291,0.2789,74.4565
2019-03-22,8.7200,0.8780,3.1080,0.2825,74.1192
2019-03-25,8.4400,0.9066,3.0831,0.2941,73.1822
2019-03-26,8.4900,0.9017,3.0633,0.2944,73.1259
2019-03-27,8.4800,0.9025,3.0882,0.2922,73.2759
2019-03-28,8.4400,0.9066,3.0634,0.2959,72.9573
2019-03-29,8.6400,0.8865,3.0683,0.2889,73.5757
2019-04-01,8.7600,0.8741,3.1332,0.2790,74.4378
2019-04-02,8.7600,0.8741,3.1681,0.2759,74.7939
2019-04-03,8.8000,0.8696,3.2331,0.2690,75.8621
2019-04-04,8.9700,0.8540,3.2679,0.2613,77.0427
2019-04-08,8.9700,0.8532,3.2482,0.2627,76.9115
2019-04-09,8.8300,0.8666,3.2882,0.2635,76.7054
2019-04-10,8.7900,0.8711,3.2932,0.2645,76.5555
2019-04-11,8.7800,0.8718,3.2784,0.2659,76.3306
2019-04-12,8.8000,0.8703,3.3334,0.2611,77.1177
2019-04-15,8.7800,0.8718,3.3736,0.2584,77.4550
2019-04-16,9.1500,0.8368,3.3937,0.2466,78.7294
2019-04-17,9.1200,0.8396,3.3938,0.2474,78.6357
2019-04-18,9.1200,0.8396,3.3589,0.2500,78.5045
2019-04-19,9.1900,0.8326,3.3741,0.2468,78.6919
2019-04-22,8.9700,0.8540,3.4091,0.2505,78.4483
2019-04-23,8.9600,0.8547,3.3993,0.2514,78.1859
2019-04-24,8.9000,0.8606,3.4343,0.2506,78.3921
2019-04-25,8.8300,0.8666,3.4193,0.2534,77.8861
2019-04-26,8.6700,0.8834,3.4043,0.2595,77.3051
2019-04-29,8.7900,0.8711,3.4268,0.2542,77.8298
2019-04-30,9.1600,0.8354,3.3869,0.2467,78.7106
2019-05-06,9.0300,0.8475,3.3550,0.2526,78.0735
2019-05-07,9.0300,0.8475,3.3551,0.2526,78.0922
2019-05-08,8.8100,0.8688,3.3426,0.2599,77.1927
2019-05-09,8.5100,0.8993,3.3116,0.2716,75.5247
2019-05-10,8.6700,0.8834,3.3017,0.2676,76.0495
2019-05-13,8.6600,0.8842,3.2709,0.2703,75.6747
2019-05-14,8.5800,0.8921,3.2859,0.2715,75.5435
2019-05-15,8.6700,0.8834,3.2762,0.2696,75.7871
2019-05-16,8.6500,0.8850,3.2662,0.2710,75.6184
2019-05-17,8.6100,0.8897,3.2665,0.2724,75.3748
2019-05-20,8.6800,0.8818,3.2717,0.2695,75.8058
2019-05-21,8.6700,0.8834,3.2990,0.2678,76.0120
2019-05-22,8.5400,0.8961,3.3264,0.2694,75.8246
2019-05-23,8.5000,0.9009,3.3100,0.2722,75.3936
2019-05-24,8.5100,0.9001,3.3125,0.2717,75.4873
2019-05-27,8.5900,0.8913,3.3500,0.2661,76.3118
2019-05-28,8.6400,0.8857,3.3100,0.2676,76.0307
2019-05-29,8.5100,0.8993,3.2875,0.2736,75.1499
2019-05-30,8.5100,0.9001,3.2750,0.2748,74.8876
2019-05-31,8.5200,0.8985,3.2751,0.2743,74.9625
2019-06-03,8.6400,0.8865,3.2401,0.2736,75.1312
2019-06-04,8.6900,0.8811,3.2101,0.2745,74.9438
2019-06-05,8.7400,0.8764,3.2100,0.2730,75.1874
2019-06-06,8.7800,0.8718,3.2136,0.2713,75.5622
2019-06-10,8.8900,0.8613,3.2251,0.2671,76.1057
2019-06-11,9.0200,0.8757,3.2651,0.2682,75.9558
2019-06-12,9.1600,0.8621,3.2601,0.2644,76.5742
2019-06-13,9.2400,0.8547,3.2451,0.2634,76.7616
2019-06-14,9.3100,0.8482,3.2302,0.2626,76.9303
2019-06-17,9.2900,0.8496,3.2252,0.2634,76.7241
2019-06-18,9.3300,0.8460,3.2302,0.2619,76.9678
2019-06-19,9.3800,0.8418,3.2427,0.2596,77.2864
2019-06-20,9.6300,0.8197,3.2352,0.2534,77.9235
2019-06-21,9.5400,0.8271,3.2303,0.2560,77.6049
2019-06-24,9.5000,0.8313,3.2453,0.2562,77.5862
2019-06-25,9.2000,0.8576,3.2353,0.2651,76.4805
2019-06-26,9.2000,0.8576,3.2453,0.2643,76.5930
2019-06-27,9.1900,0.8591,3.2553,0.2639,76.6679
2019-06-28,9.2200,0.8562,3.2254,0.2655,76.4055
2019-07-01,9.2400,0.8540,3.2254,0.2648,76.5180
2019-07-02,9.1700,0.8613,3.1704,0.2717,75.5060
2019-07-03,9.1300,0.8651,3.1554,0.2742,75.0000
2019-07-04,9.1700,0.8606,3.1479,0.2734,75.1687
2019-07-05,9.1300,0.8643,3.1705,0.2726,75.2999
2019-07-08,8.9700,0.8803,3.1805,0.2768,74.6814
2019-07-09,8.9800,0.8795,3.1680,0.2776,74.6064
2019-07-10,8.9600,0.8811,3.1706,0.2779,74.5690
2019-07-11,9.0000,0.8772,3.1680,0.2769,74.6627
2019-07-12,9.0900,0.8681,3.1531,0.2753,74.8313
2019-07-15,9.0800,0.8696,3.1782,0.2736,75.1124
2019-07-16,9.1200,0.8658,3.1732,0.2728,75.2061
2019-07-17,9.0600,0.8711,3.1757,0.2743,74.9813
2019-07-18,9.0700,0.8703,3.1608,0.2753,74.8126
2019-07-19,9.1400,0.8636,3.1559,0.2736,75.0750
2019-07-22,9.0600,0.8711,3.1484,0.2767,74.7376
2019-07-23,9.0700,0.8703,3.1484,0.2764,74.7564
2019-07-24,9.1500,0.8628,3.1710,0.2721,75.4123
2019-07-25,9.3800,0.8418,3.1635,0.2661,76.2931
2019-07-26,9.3700,0.8425,3.1661,0.2661,76.2744
2019-07-29,9.3600,0.8432,3.1836,0.2649,76.4993
2019-07-30,9.3600,0.8432,3.1761,0.2655,76.3681
2019-07-31,9.3700,0.8425,3.1552,0.2670,76.1244
2019-08-01,9.2000,0.8584,3.1487,0.2726,75.2811
2019-08-02,9.0600,0.8711,3.0914,0.2818,74.1754
2019-08-05,8.8700,0.8897,3.0563,0.2911,73.3508
2019-08-06,8.7500,0.9017,3.0613,0.2945,73.0885
2019-08-07,8.7400,0.9033,3.0514,0.2960,72.9010
2019-08-08,8.8900,0.8881,3.0465,0.2915,73.3133
2019-08-09,8.9800,0.8795,3.0216,0.2911,73.3696
2019-08-12,9.0200,0.8749,3.0391,0.2879,73.6694
2019-08-13,8.9400,0.8826,3.0041,0.2938,73.2009
2019-08-14,8.9000,0.8865,3.0105,0.2945,73.1072
2019-08-15,8.9100,0.8857,3.0115,0.2941,73.1634
2019-08-16,8.8600,0.8913,3.0217,0.2950,73.0510
2019-08-19,8.9800,0.8787,3.0191,0.2910,73.3883
2019-08-20,8.9800,0.8795,3.0317,0.2901,73.4445
2019-08-21,9.0100,0.8764,3.0567,0.2867,73.8006
2019-08-22,9.0200,0.8749,3.0543,0.2864,73.8193
2019-08-23,9.1500,0.8628,3.0644,0.2816,74.2129
2019-08-26,8.9200,0.8850,3.0494,0.2902,73.4258
2019-08-27,8.9200,0.8850,3.0520,0.2900,73.4820
2019-08-28,8.9400,0.8834,3.0520,0.2894,73.5570
2019-08-29,8.8700,0.8905,3.0321,0.2937,73.2196
2019-08-30,8.9000,0.8865,3.0573,0.2900,73.5007
2019-09-02,8.9500,0.8818,3.0723,0.2870,73.7631
2019-09-03,8.9600,0.8811,3.0624,0.2877,73.7069
2019-09-04,9.0700,0.8703,3.0473,0.2856,73.9130
2019-09-05,9.1700,0.8606,3.0173,0.2852,73.9505
2019-09-06,9.2300,0.8554,3.0173,0.2835,74.0442
2019-09-09,9.2800,0.8511,3.0250,0.2814,74.2504
2019-09-10,9.3500,0.8439,3.0425,0.2774,74.6252
2019-09-11,9.4300,0.8368,3.0525,0.2741,75.0187
2019-09-12,9.4700,0.8333,3.0876,0.2699,75.7309
2019-09-16,9.4200,0.8382,3.0926,0.2710,75.5997
2019-09-17,9.3200,0.8467,3.1076,0.2725,75.3186
2019-09-18,9.4200,0.8382,3.1278,0.2680,75.9933
2019-09-19,9.4300,0.8375,3.1053,0.2697,75.7496
2019-09-20,9.4300,0.8368,3.0980,0.2701,75.7121
2019-09-23,9.2800,0.8511,3.1005,0.2745,74.9250
2019-09-24,9.2800,0.8511,3.1205,0.2727,75.2436
2019-09-25,9.3200,0.8467,3.1157,0.2718,75.4685
2019-09-26,9.4500,0.8354,3.1381,0.2662,76.2369
2019-09-27,9.3900,0.8403,3.1482,0.2669,76.1619
2019-09-30,9.3500,0.8446,3.1411,0.2689,75.8996
2019-10-08,9.3900,0.8403,3.1063,0.2705,75.6559
2019-10-09,9.4700,0.8340,3.1089,0.2683,75.9370
2019-10-10,9.4400,0.8361,3.1289,0.2672,76.0870
2019-10-11,9.8300,0.8032,3.1564,0.2545,77.7549
2019-10-14,10.2200,0.7728,3.1641,0.2442,79.1042
2019-10-15,10.3300,0.7639,3.1668,0.2412,79.4040
2019-10-16,10.3300,0.7645,3.1693,0.2412,79.4228
2019-10-17,10.4000,0.7593,3.1569,0.2405,79.5165
2019-10-18,10.0900,0.7825,3.1870,0.2455,78.8231
2019-10-21,10.1900,0.7746,3.2196,0.2406,79.4790
2019-10-22,10.2100,0.7734,3.2196,0.2402,79.5540
2019-10-23,10.1500,0.7776,3.2122,0.2421,79.3291
2019-10-24,10.3300,0.7639,3.2196,0.2373,80.0412
2019-10-25,10.1800,0.7752,3.2372,0.2395,79.7039
2019-10-28,10.0300,0.7874,3.2924,0.2392,79.7789
2019-10-29,10.0800,0.7831,3.3029,0.2371,80.0787
2019-10-30,9.9400,0.7943,3.3125,0.2398,79.6477
2019-10-31,9.8800,0.7994,3.2880,0.2431,79.1979
2019-11-01,10.0700,0.7843,3.2757,0.2394,79.7414
2019-11-04,10.0600,0.7849,3.2954,0.2382,79.8913
2019-11-05,10.2200,0.7722,3.2454,0.2379,79.9100
2019-11-06,10.2000,0.7740,3.2555,0.2378,79.9475
2019-11-07,10.0700,0.7837,3.2736,0.2394,79.7601
2019-11-08,9.9200,0.7955,3.2765,0.2428,79.2729
2019-11-11,9.7000,0.8137,3.2463,0.2507,78.3546
2019-11-12,9.6600,0.8170,3.2550,0.2510,78.2609
2019-11-13,9.6500,0.8177,3.2370,0.2526,78.0547
2019-11-14,9.5800,0.8237,3.2555,0.2530,77.9985
2019-11-15,9.5900,0.8230,3.2355,0.2544,77.8111
2019-11-18,9.6600,0.8170,3.1993,0.2554,77.6799
2019-11-19,9.6500,0.8177,3.1743,0.2576,77.5300
2019-11-20,9.5000,0.8306,3.1747,0.2616,77.0240
2019-11-21,9.4400,0.8361,3.1749,0.2633,76.7804
2019-11-22,9.4700,0.8340,3.1747,0.2627,76.8928
2019-11-25,9.5300,0.8285,3.1875,0.2599,77.1739
2019-11-26,9.5200,0.8292,3.1675,0.2618,77.0052
2019-11-27,9.4700,0.8340,3.1700,0.2631,76.8366
2019-11-28,9.4400,0.8361,3.1650,0.2642,76.6304
2019-11-29,9.4000,0.8396,3.1650,0.2653,76.4618
2019-12-02,9.3700,0.8425,3.2062,0.2628,76.8741
2019-12-03,9.3600,0.8432,3.1746,0.2656,76.3493
2019-12-04,9.2800,0.8511,3.1751,0.2681,75.9745
2019-12-05,9.3900,0.8410,3.1776,0.2647,76.5367
2019-12-06,9.4100,0.8389,3.1751,0.2642,76.6117
2019-12-09,9.3900,0.8403,3.1903,0.2634,76.7429
2019-12-10,9.3600,0.8432,3.1776,0.2654,76.4430
2019-12-11,9.4600,0.8347,3.1702,0.2633,76.7991
2019-12-12,9.3900,0.8403,3.1652,0.2655,76.3868
2019-12-13,9.5700,0.8251,3.1828,0.2592,77.3426
2019-12-16,9.5800,0.8244,3.1854,0.2588,77.3988
2019-12-17,9.7800,0.8071,3.2133,0.2512,78.2234
2019-12-18,9.7900,0.8065,3.2139,0.2509,78.2796
2019-12-19,9.8000,0.8058,3.2139,0.2507,78.3171
2019-12-20,9.8000,0.8052,3.1808,0.2531,77.9423
2019-12-23,9.6300,0.8197,3.1661,0.2589,77.3801
2019-12-24,9.6900,0.8143,3.1535,0.2582,77.4738
2019-12-25,9.6600,0.8170,3.1463,0.2597,77.2489
2019-12-26,9.7000,0.8137,3.1137,0.2613,77.0615
2019-12-27,9.7300,0.8117,3.1292,0.2594,77.3238
2019-12-30,9.7400,0.8104,3.1322,0.2587,77.4175
2019-12-31,9.7700,0.8084,3.1365,0.2577,77.5112
2020-01-02,9.8400,2.8067,3.1485,0.8914,53.3733
2020-01-03,9.9500,2.7778,3.1428,0.8839,53.6169
2020-01-06,9.8400,2.8090,3.1352,0.8960,53.2046
2020-01-07,9.8700,2.8000,3.1379,0.8923,53.3358
2020-01-08,9.7300,2.8409,3.1337,0.9066,52.8298
2020-01-09,9.7700,2.8294,3.1184,0.9073,52.8111
2020-01-10,9.7800,2.8249,3.0819,0.9166,52.5487
2020-01-13,9.8000,2.8203,3.0840,0.9145,52.6237
2020-01-14,9.8100,2.8158,3.0994,0.9085,52.7736
2020-01-15,9.6700,2.8571,3.0897,0.9247,52.4550
2020-01-16,9.6300,2.8689,3.0918,0.9279,52.3801
2020-01-17,9.6500,2.8618,3.0832,0.9282,52.3613
2020-01-20,9.6700,2.8571,3.0776,0.9284,52.3426
2020-01-21,9.5400,2.8974,3.0337,0.9551,52.0240
2020-01-22,9.2900,2.9737,3.0282,0.9820,51.2931
2020-01-23,8.9600,3.0837,2.9932,1.0302,49.5315
2020-02-03,8.2700,3.3429,2.8231,1.1841,42.0915
2020-02-04,8.4200,3.2833,2.8551,1.1500,43.5345
2020-02-05,8.4500,3.2710,2.8440,1.1501,43.4970
2020-02-06,8.5200,3.2437,2.8392,1.1425,44.1529
2020-02-07,8.5700,3.2228,2.8024,1.1500,43.5157
2020-02-10,8.5000,3.2498,2.7872,1.1660,42.7661
2020-02-11,8.5700,3.2228,2.8340,1.1372,44.4715
2020-02-12,8.5700,3.2228,2.8333,1.1375,44.4528
2020-02-13,8.4900,3.2528,2.8201,1.1534,43.2909
2020-02-14,8.5700,3.2228,2.8631,1.1256,45.2211
2020-02-17,8.8300,3.1306,2.8928,1.0822,47.4325
2020-02-18,8.7300,3.1646,2.8664,1.1040,46.4205
2020-02-19,8.7700,3.1503,2.8776,1.0948,46.8141
2020-02-20,8.8700,3.1167,2.8857,1.0800,47.5825
2020-02-21,8.9200,3.0973,2.8470,1.0879,47.1702
2020-02-24,8.8100,3.1362,2.8120,1.1153,45.8396
2020-02-25,8.7500,3.1560,2.8220,1.1184,45.6334
2020-02-26,8.8400,3.1250,2.7973,1.1171,45.7459
2020-02-27,8.8500,3.1222,2.7702,1.1271,45.0900
2020-02-28,8.5700,3.2258,2.7376,1.1783,42.3351
2020-03-02,8.7200,3.1703,2.7428,1.1559,43.1972
2020-03-03,8.7300,3.1646,2.7478,1.1517,43.3658
2020-03-04,8.7100,3.1732,2.6730,1.1871,41.9790
2020-03-05,8.9400,3.0919,2.6829,1.1524,43.3283
2020-03-06,8.7800,3.1475,2.6280,1.1977,41.5292
2020-03-09,8.5100,3.2468,2.5205,1.2882,38.6432
2020-03-10,8.5800,3.2199,2.6130,1.2323,40.4798
2020-03-11,8.5000,3.2498,2.6079,1.2461,40.0862
2020-03-12,8.4000,3.2895,2.6379,1.2470,40.0675
2020-03-13,8.4500,3.2710,2.6759,1.2224,40.7234
2020-03-16,8.3000,3.3302,2.6758,1.2446,40.1612
2020-03-17,8.2300,3.3557,2.7135,1.2367,40.3861
2020-03-18,8.0600,3.4280,2.7136,1.2633,39.5990
2020-03-19,7.8500,3.5211,2.7299,1.2898,38.5870
2020-03-20,7.9700,3.4688,2.6815,1.2936,38.4370
2020-03-23,7.7700,3.5569,2.6315,1.3517,35.4573
2020-03-24,7.9400,3.4791,2.6289,1.3234,37.0690
2020-03-25,8.0100,3.4483,2.6289,1.3117,37.7624
2020-03-26,8.0800,3.4213,2.5940,1.3189,37.3126
2020-03-27,8.0800,3.4180,2.6090,1.3101,37.8186
2020-03-30,8.1200,3.4047,2.6142,1.3024,38.1934
2020-03-31,8.0100,3.4483,2.5899,1.3314,36.5442
2020-04-01,7.9700,3.4688,2.5550,1.3577,35.1762
2020-04-02,8.0500,3.4314,2.5854,1.3272,36.8253
2020-04-03,8.0100,3.4483,2.5965,1.3281,36.7316
2020-04-07,8.1200,3.4047,2.5112,1.3558,35.2699
2020-04-08,8.0800,3.4180,2.4824,1.3769,34.0705
2020-04-09,8.0500,3.4314,2.5226,1.3603,35.0825
2020-04-10,8.0600,3.4280,2.5403,1.3494,35.5885
2020-04-13,7.9800,3.4619,2.5658,1.3492,35.6072
2020-04-14,8.0900,3.4146,2.5591,1.3343,36.3193
2020-04-15,8.0400,3.4381,2.5455,1.3507,35.5322
2020-04-16,8.0200,3.4449,2.5276,1.3629,34.8951
2020-04-17,8.0500,3.4314,2.5590,1.3409,36.1319
2020-04-20,7.9800,3.4619,2.5920,1.3356,36.2444
2020-04-21,7.9200,3.4895,2.5791,1.3530,35.4010
2020-04-22,7.9500,3.4757,2.5567,1.3594,35.1199
2020-04-23,7.9400,3.4791,2.5227,1.3791,33.9768
2020-04-24,7.9400,3.4791,2.5100,1.3861,33.4520
2020-04-27,8.1600,3.3849,2.5345,1.3355,36.2631
2020-04-28,8.1500,3.3882,2.5254,1.3416,36.0945
2020-04-29,8.3800,3.2988,2.5009,1.3190,37.2939
2020-04-30,8.3900,3.2926,2.5380,1.2973,38.3433
2020-05-06,8.2600,3.3461,2.5809,1.2965,38.3621
2020-05-07,8.2000,3.3686,2.6298,1.2809,38.9243
2020-05-08,8.2400,3.3525,2.6207,1.2792,39.0555
2020-05-11,8.2300,3.3557,2.6698,1.2569,39.8988
2020-05-12,8.1600,3.3849,2.6603,1.2724,39.2991
2020-05-13,8.1900,3.3719,2.7076,1.2453,40.1424
2020-05-14,8.1300,3.3981,2.6989,1.2591,39.7301
2020-05-15,8.1200,3.4047,2.6820,1.2695,39.3928
2020-05-18,8.1500,3.3915,2.7253,1.2445,40.1799
2020-05-19,8.1700,3.3816,2.7272,1.2400,40.2924
2020-05-20,8.2200,3.3622,2.6900,1.2499,40.0112
2020-05-21,8.1500,3.3882,2.6850,1.2619,39.6364
2020-05-22,8.0000,3.4517,2.6176,1.3187,37.3688
2020-05-25,8.1100,3.4080,2.6852,1.2692,39.4115
2020-05-26,8.1100,3.4080,2.7402,1.2437,40.2174
2020-05-27,8.1700,3.3816,2.7527,1.2285,40.5360
2020-05-28,8.3100,3.3238,2.7201,1.2219,40.7421
2020-05-29,8.3400,3.3113,2.7053,1.2240,40.6297
2020-06-01,8.4100,3.2864,2.7253,1.2059,41.2669
2020-06-02,8.4300,3.2772,2.7852,1.1766,42.3726
2020-06-03,8.4500,3.2710,2.7901,1.1724,42.5412
2020-06-04,8.4000,3.2895,2.8301,1.1623,42.9160
2020-06-05,8.4200,3.2802,2.8475,1.1520,43.3471
2020-06-08,8.3800,3.2988,2.8101,1.1739,42.4663
2020-06-09,8.4300,3.2772,2.8031,1.1691,42.6912
2020-06-10,8.3500,3.3081,2.8201,1.1730,42.4850
2020-06-11,8.2700,3.3397,2.7701,1.2056,41.2856
2020-06-12,8.3300,3.3175,2.7451,1.2085,41.1544
2020-06-15,8.1700,3.3816,2.7878,1.2130,40.9858
2020-06-16,8.2500,3.3493,2.8402,1.1792,42.3163
2020-06-17,8.2700,3.3429,2.8802,1.1606,43.0285
2020-06-18,8.2900,3.3333,2.8527,1.1685,42.7286
2020-06-19,8.3800,3.2988,2.8752,1.1473,43.7219
2020-06-22,8.3300,3.3175,2.9153,1.1380,44.4340
2020-06-23,8.2700,3.3397,2.9127,1.1466,43.7969
2020-06-24,8.3700,3.3019,2.8614,1.1539,43.2721
2020-06-29,8.3400,3.3113,2.8504,1.1617,42.9723
2020-06-30,8.3500,3.3081,2.8230,1.1718,42.6162
2020-07-01,8.4800,3.2588,2.8456,1.1452,43.9280
2020-07-02,8.7200,3.1674,2.8584,1.1081,46.1769
2020-07-03,8.8300,3.1278,2.8974,1.0795,47.6199
2020-07-06,9.6300,2.8689,2.9959,0.9576,51.9490
2020-07-07,9.5600,2.8902,3.0158,0.9584,51.9115
2020-07-08,9.5800,2.8830,3.0632,0.9412,52.2301
2020-07-09,9.4700,2.9191,3.0809,0.9475,52.1364
2020-07-10,9.1600,3.0172,3.0305,0.9956,50.8996
2020-07-13,9.2000,3.0017,3.0557,0.9823,51.2744
2020-07-14,8.9800,3.0756,3.0057,1.0233,49.7564
2020-07-15,8.8300,3.1306,2.9559,1.0591,48.3133
2020-07-16,8.8400,3.1250,2.9459,1.0608,48.1822
2020-07-17,8.9000,3.1056,2.9507,1.0525,48.6694
2020-07-20,9.0900,3.0382,2.9311,1.0365,49.3066
2020-07-21,9.1100,3.0329,2.9011,1.0454,48.9505
2020-07-22,9.1700,3.0120,2.8861,1.0436,49.0067
2020-07-23,9.0200,3.2288,2.9064,1.1109,46.0645
2020-07-24,8.6700,3.3589,2.8612,1.1739,42.4475
2020-07-27,8.6300,3.3751,2.8791,1.1723,42.5600
2020-07-28,8.6500,3.3686,2.9214,1.1531,43.3096
2020-07-29,8.7500,3.3302,2.9415,1.1321,44.7714
2020-07-30,8.6600,3.3654,2.9364,1.1461,43.8343
2020-07-31,8.6200,3.3784,2.9664,1.1389,44.3778
2020-08-03,8.6700,3.3621,2.9466,1.1410,44.2279
2020-08-04,8.8700,3.2833,2.9365,1.1181,45.6709
2020-08-05,8.7500,3.3302,2.9592,1.1254,45.2774
2020-08-06,8.7700,3.3238,2.9816,1.1148,45.9145
2020-08-07,8.6800,3.3557,2.9918,1.1216,45.4460
2020-08-10,8.7600,3.3270,2.9543,1.1262,45.1649
2020-08-11,8.7200,3.3429,2.9544,1.1315,44.8088
2020-08-12,8.7900,3.3144,2.9620,1.1190,45.5960
2020-08-13,8.7500,3.3302,2.9555,1.1268,45.1087
2020-08-14,8.8200,3.3050,2.9369,1.1253,45.2961
2020-08-17,9.0200,3.2288,2.9421,1.0974,46.6642
2020-08-18,8.9000,3.2741,2.9771,1.0998,46.5330
2020-08-19,8.8100,3.3081,2.9921,1.1056,46.2894
2020-08-20,8.7200,3.3429,2.9973,1.1153,45.8208
2020-08-21,8.7400,3.3333,2.9823,1.1177,45.6897
2020-08-24,8.7100,3.3461,2.9998,1.1154,45.8021
2020-08-25,8.7000,3.3493,3.0424,1.1009,46.4768
2020-08-26,8.6300,3.3751,3.0511,1.1062,46.2519
2020-08-27,8.6200,3.3816,3.0599,1.1051,46.3456
2020-08-28,8.7100,3.3461,3.0672,1.0909,47.0577
2020-08-31,8.6200,3.3784,3.0177,1.1195,45.5397
2020-09-01,8.5700,3.4014,3.0478,1.1160,45.7834
2020-09-02,8.4700,3.4381,3.1027,1.1081,46.1957
2020-09-03,8.4200,3.4585,3.1051,1.1138,45.9520
2020-09-04,8.3800,3.4757,3.1228,1.1130,45.9895
2020-09-07,8.3300,3.4965,3.1454,1.1116,46.0457
2020-09-08,8.3700,3.4826,3.1230,1.1151,45.8583
2020-09-09,8.3300,3.4965,3.0805,1.1350,44.6027
2020-09-10,8.2900,3.5141,3.0833,1.1397,44.3216
2020-09-11,8.2600,3.5282,3.1346,1.1256,45.2586
2020-09-14,8.2400,3.5353,3.1532,1.1212,45.4648
2020-09-15,8.2100,3.5497,3.1083,1.1420,44.1904
2020-09-16,8.2100,3.5497,3.1260,1.1355,44.5840
2020-09-17,8.1800,3.5605,3.1334,1.1363,44.5465
2020-09-18,8.2700,3.5211,3.1162,1.1299,44.9400
2020-09-21,8.1900,3.5569,3.0999,1.1474,43.7031
2020-09-22,8.0700,3.6082,3.0863,1.1691,42.7099
2020-09-23,8.0200,3.6345,3.0890,1.1766,42.3913
2020-09-24,7.9100,3.6842,3.0840,1.1946,41.6417
2020-09-25,7.8800,3.6959,3.1295,1.1810,42.2601
2020-09-28,7.8700,3.6998,3.1092,1.1900,41.8103
2020-09-29,7.8500,3.7116,3.1292,1.1861,42.0165
2020-09-30,7.8200,3.7274,3.1482,1.1840,42.1102
2020-10-09,7.8400,3.7155,3.1873,1.1657,42.8036
2020-10-12,7.9800,3.6496,3.1861,1.1455,43.8906
2020-10-13,7.9400,3.6688,3.1950,1.1483,43.6282
2020-10-14,7.9300,3.6726,3.2150,1.1423,44.1717
2020-10-15,8.0100,3.6382,3.2300,1.1264,45.1274
2020-10-16,8.0900,3.6008,3.2202,1.1182,45.6522
2020-10-19,8.0300,3.6269,3.2005,1.1332,44.6589
2020-10-20,7.9700,3.6534,3.1955,1.1433,44.0780
2020-10-21,8.0700,3.6082,3.1855,1.1327,44.7339
2020-10-22,8.0300,3.6269,3.1707,1.1439,44.0217
2020-10-23,8.0700,3.6082,3.1957,1.1291,45.0337
2020-10-26,7.9900,3.6458,3.1934,1.1417,44.2091
2020-10-27,7.8900,3.6920,3.1609,1.1680,42.7474
2020-10-28,7.8200,3.7234,3.1810,1.1705,42.6537
2020-10-29,7.8000,3.7353,3.1860,1.1724,42.5225
2020-10-30,7.7100,3.7797,3.1810,1.1882,41.8666
2020-11-02,7.7000,3.7838,3.1785,1.1904,41.7916
2020-11-03,7.7400,3.7634,3.1762,1.1849,42.0540
2020-11-04,7.7700,3.7473,3.1687,1.1826,42.1477
2020-11-05,7.7900,3.7393,3.1912,1.1718,42.6349
2020-11-06,7.8200,3.7274,3.2063,1.1625,42.8973
2020-11-09,7.8500,3.7116,3.2363,1.1469,43.7594
2020-11-10,7.8700,3.6998,3.2241,1.1475,43.6844
2020-11-11,7.9600,3.6611,3.2391,1.1303,44.9025
2020-11-12,7.8500,3.7116,3.2614,1.1380,44.4153
2020-11-13,7.7900,3.7393,3.2715,1.1430,44.1154
2020-11-16,7.8700,3.7037,3.2741,1.1312,44.8651
2020-11-17,7.9300,3.6726,3.2866,1.1174,45.7271
2020-11-18,8.0700,3.6082,3.3240,1.0855,47.3576
2020-11-19,8.1100,3.5934,3.3487,1.0731,47.8636
2020-11-20,8.0500,3.6194,3.3100,1.0935,46.8703
2020-11-23,8.2400,3.5353,3.2650,1.0828,47.4138
2020-11-24,8.2000,3.5533,3.2900,1.0800,47.6012
2020-11-25,8.1700,3.5678,3.2675,1.0919,47.0015
2020-11-26,8.3100,3.5070,3.2850,1.0676,48.0135
2020-11-27,8.4900,3.4314,3.3000,1.0398,49.1754
2020-11-30,8.3700,3.4791,3.2500,1.0705,47.9198
2020-12-01,8.5700,3.3981,3.2725,1.0384,49.2316
2020-12-02,8.5300,3.4146,3.2925,1.0371,49.2879
2020-12-03,8.5200,3.4180,3.2851,1.0405,49.1567
2020-12-04,8.4700,3.4415,3.2651,1.0540,48.5195
2020-12-07,8.3200,3.5035,3.2701,1.0714,47.9010
2020-12-08,8.3100,3.5070,3.2551,1.0774,47.7511
2020-12-09,8.2500,3.5318,3.2726,1.0792,47.6574
2020-12-10,8.1700,3.5641,3.2601,1.0932,46.8891
2020-12-11,8.0700,3.6082,3.2951,1.0950,46.7766
2020-12-14,8.1200,3.5897,3.2851,1.0927,46.9265
2020-12-15,8.0800,3.6045,3.2777,1.0997,46.5705
2020-12-16,8.0300,3.6269,3.2752,1.1074,46.2144
2020-12-17,8.1300,3.5824,3.2802,1.0921,46.9640
2020-12-18,8.1200,3.5861,3.2902,1.0899,47.0952
2020-12-21,8.1200,3.5897,3.2652,1.0994,46.5892
2020-12-22,8.0000,3.6420,3.2278,1.1283,45.0712
2020-12-23,7.9500,3.6649,3.2153,1.1398,44.3028
2020-12-24,7.9500,3.6649,3.2303,1.1345,44.6214
2020-12-25,7.9700,3.6534,3.1878,1.1461,43.8531
2020-12-28,7.9700,3.6573,3.1629,1.1563,43.1597
2020-12-29,7.9300,3.6726,3.1554,1.1639,42.8598
2020-12-30,7.9100,3.6842,3.1204,1.1807,42.2789
2020-12-31,8.0600,3.6157,3.1429,1.1504,43.4595
2021-01-04,8.0700,6.1919,3.1780,1.9484,11.8253
2021-01-05,8.0600,6.1983,3.1305,1.9800,10.2886
2021-01-06,8.1700,6.1100,3.1256,1.9548,11.4505
2021-01-07,8.1700,6.1162,3.1256,1.9568,11.3193
2021-01-08,8.1800,6.1038,3.1456,1.9404,12.2001
2021-01-11,8.0700,6.1919,3.1632,1.9575,11.2256
2021-01-12,8.1400,6.1350,3.1457,1.9503,11.6192
2021-01-13,8.1900,6.0976,3.1157,1.9571,11.2819
2021-01-14,8.2200,6.0790,3.1059,1.9572,11.2631
2021-01-15,8.2600,6.0484,3.1508,1.9196,13.4183
2021-01-18,8.3900,5.9524,3.1658,1.8802,14.9738
2021-01-19,8.4600,5.9055,3.1609,1.8683,15.2361
2021-01-20,8.3100,6.0120,3.1610,1.9019,14.2054
2021-01-21,8.3000,6.0181,3.1335,1.9206,13.3058
2021-01-22,8.1500,6.1287,3.1185,1.9653,10.7946
2021-01-25,8.0900,6.1728,3.1323,1.9707,10.5322
2021-01-26,8.0600,6.1983,3.1585,1.9624,10.9070
2021-01-27,8.1000,6.1665,3.1636,1.9492,11.6942
2021-01-28,8.0400,6.2112,3.1961,1.9434,11.9753
2021-01-29,8.2900,6.0241,3.1786,1.8952,14.4303
2021-02-01,8.6900,5.7471,3.1712,1.8123,16.9040
2021-02-02,8.5100,5.8708,3.1862,1.8426,15.8546
2021-02-03,8.5400,5.8480,3.2112,1.8211,16.5667
2021-02-04,8.5600,5.8366,3.2347,1.8044,17.1664
2021-02-05,8.9200,5.5970,3.2164,1.7401,19.4528
2021-02-08,8.9200,5.5970,3.2370,1.7291,19.8276
2021-02-09,8.8900,5.6180,3.2303,1.7392,19.4903
2021-02-10,8.9000,5.6127,3.2449,1.7297,19.7901
2021-02-18,9.0100,5.5402,3.2831,1.6875,21.3456
2021-02-19,9.1300,5.4695,3.2578,1.6789,21.7016
2021-02-22,8.9200,5.6022,3.2736,1.7113,20.4460
2021-02-23,8.9700,5.5659,3.2635,1.7055,20.6334
2021-02-24,8.8200,5.6604,3.2627,1.7349,19.6777
2021-02-25,8.9900,5.5556,3.2723,1.6978,21.0082
2021-02-26,8.7700,5.6926,3.2798,1.7357,19.6027
2021-03-01,8.8100,5.6711,3.2475,1.7463,19.2654
2021-03-02,8.7200,5.7307,3.2474,1.7647,18.6469
2021-03-03,9.0900,5.4945,3.2553,1.6879,21.3081
2021-03-04,9.0600,5.5147,3.2655,1.6888,21.2519
2021-03-05,9.0400,5.5249,3.2457,1.7022,20.7834
2021-03-08,8.9500,5.5814,3.2404,1.7224,20.0712
2021-03-09,8.9300,5.5918,3.2478,1.7217,20.1087
2021-03-10,8.9200,5.5970,3.2353,1.7300,19.7714
2021-03-11,9.0700,5.5046,3.2506,1.6934,21.1207
2021-03-12,9.0700,5.5046,3.2613,1.6879,21.3268
2021-03-15,9.2600,5.3957,3.2740,1.6480,23.2571
2021-03-16,9.2500,5.4005,3.2614,1.6559,22.8823
2021-03-17,9.0900,5.4945,3.2564,1.6873,21.3643
2021-03-18,9.1800,5.4397,3.2592,1.6690,22.1514
2021-03-19,8.8700,5.6338,3.2364,1.7408,19.4340
2021-03-22,8.9500,5.5814,3.2309,1.7275,19.9025
2021-03-23,8.9700,5.5659,3.2105,1.7337,19.7151
2021-03-24,8.8900,5.6180,3.1930,1.7595,18.7969
2021-03-25,8.8500,5.6444,3.1882,1.7704,18.4033
2021-03-26,8.8400,5.6497,3.1985,1.7664,18.5720
2021-03-29,8.7200,5.7252,3.1962,1.7913,17.6724
2021-03-30,9.1600,5.4496,3.2060,1.6998,20.8958
2021-03-31,9.1500,5.4595,3.1887,1.7121,20.4085
2021-04-01,9.0600,5.5096,3.1960,1.7239,19.9963
2021-04-02,8.9600,5.5762,3.2013,1.7419,19.4153
2021-04-06,8.9100,5.6075,3.2087,1.7476,19.1717
2021-04-07,8.8700,5.6338,3.2215,1.7488,19.1154
2021-04-08,8.8700,5.6285,3.2221,1.7468,19.2279
2021-04-09,8.8200,5.6657,3.2121,1.7639,18.6657
2021-04-12,8.9300,5.5918,3.1948,1.7503,19.0592
2021-04-13,8.9600,5.5762,3.1626,1.7632,18.7219
2021-04-14,8.8200,5.6657,3.1651,1.7901,17.7661
2021-04-15,8.6800,5.7526,3.1728,1.8131,16.8853
2021-04-16,8.7700,5.6926,3.1631,1.7997,17.3538
2021-04-19,8.8100,5.6711,3.1559,1.7970,17.5037
2021-04-20,8.7400,5.7143,3.1554,1.8110,16.9415
2021-04-21,8.8100,5.6711,3.1530,1.7986,17.4100
2021-04-22,8.6800,5.7526,3.1614,1.8196,16.6042
2021-04-23,8.6800,5.7526,3.1719,1.8136,16.8291
2021-04-26,8.5700,5.8252,3.2024,1.8190,16.6417
2021-04-27,8.5500,5.8423,3.2078,1.8213,16.5292
2021-04-28,8.5300,5.8537,3.1979,1.8305,16.2856
2021-04-29,8.7700,5.6926,3.1872,1.7861,17.9348
2021-04-30,8.3700,5.9701,3.1640,1.8869,14.7114
2021-05-06,8.4100,5.9406,3.1507,1.8855,14.7864
2021-05-07,8.3500,5.9820,3.1589,1.8937,14.5427
2021-05-10,8.2800,6.0301,3.1460,1.9168,13.6432
2021-05-11,8.3700,5.9701,3.1380,1.9025,14.1679
2021-05-12,8.4200,5.9288,3.1310,1.8936,14.5615
2021-05-13,8.4000,5.9465,3.1366,1.8958,14.4115
2021-05-14,8.4800,5.8881,3.1422,1.8739,15.0675
2021-05-17,8.5000,5.8766,3.1524,1.8642,15.3673
2021-05-18,8.5100,5.8708,3.1457,1.8663,15.3111
2021-05-19,8.4200,5.9288,3.1298,1.8943,14.5052
2021-05-20,8.4600,5.9055,3.1001,1.9049,13.9993
2021-05-21,8.4000,5.9465,3.0876,1.9259,13.0435
2021-05-24,8.4000,5.9465,3.0850,1.9276,12.9498
2021-05-25,8.5900,5.8139,3.0850,1.8846,14.8238
2021-05-26,8.6200,5.7971,3.0600,1.8945,14.4865
2021-05-27,8.5700,5.8309,3.0725,1.8978,14.3178
2021-05-28,8.6200,5.7971,3.0825,1.8806,14.9550
2021-05-31,8.5500,5.8423,3.0450,1.9187,13.5120
2021-06-01,8.4800,5.8881,3.0400,1.9369,12.4438
2021-06-02,8.5100,5.8708,3.0650,1.9154,13.6807
2021-06-03,8.5200,5.8651,3.0550,1.9198,13.3621
2021-06-04,8.5200,5.8651,3.0925,1.8966,14.3928
2021-06-07,8.5200,5.8651,3.1100,1.8859,14.7676
2021-06-08,8.5800,5.8196,3.1100,1.8713,15.1424
2021-06-09,8.5000,5.8766,3.1051,1.8926,14.5990
2021-06-10,8.5200,5.8651,3.1000,1.8920,14.6364
2021-06-11,8.4700,5.8997,3.1276,1.8863,14.7301
2021-06-15,8.3500,5.9820,3.1176,1.9188,13.4933
2021-06-16,8.3700,5.9701,3.1301,1.9073,13.9243
2021-06-17,8.3600,5.9761,3.1401,1.9032,14.0930
2021-06-18,8.4100,5.9406,3.1202,1.9039,14.0555
2021-06-21,8.3600,5.9761,3.0953,1.9307,12.7061
2021-06-22,8.3200,6.0000,3.0877,1.9432,11.9940
2021-06-23,8.3200,6.0060,3.0853,1.9467,11.8816
2021-06-24,8.3400,5.9880,3.0828,1.9424,12.0502
2021-06-25,8.3900,5.9524,3.0827,1.9309,12.6874
2021-06-28,8.3300,5.9940,3.0903,1.9396,12.2564
2021-06-29,8.3100,6.0120,3.0853,1.9486,11.7691
2021-06-30,8.3200,6.0000,3.0778,1.9494,11.6754
2021-07-01,8.3500,5.9820,3.0878,1.9373,12.3876
2021-07-02,8.2700,6.0423,3.0803,1.9616,10.9633
2021-07-05,8.2600,6.0484,3.0754,1.9667,10.7196
2021-07-06,8.3200,6.0060,3.0854,1.9466,11.9003
2021-07-07,8.3500,5.9820,3.0554,1.9578,11.1882
2021-07-08,8.2700,6.0362,2.9830,2.0235,9.2204
2021-07-09,8.2500,6.0545,3.0105,2.0111,9.4640
2021-07-12,8.2500,6.0545,2.9431,2.0572,8.7144
2021-07-13,8.2900,6.0241,2.9256,2.0591,8.6582
2021-07-14,8.1800,6.1038,2.9356,2.0792,8.2834
2021-07-15,8.2700,6.0362,2.9557,2.0422,8.9205
2021-07-16,8.3100,6.0120,2.9432,2.0427,8.9018
2021-07-19,8.3300,5.9940,2.9483,2.0330,9.0517
2021-07-20,8.3200,6.0060,2.9258,2.0528,8.7706
2021-07-21,8.3500,6.2827,2.9184,2.1528,6.8778
2021-07-22,8.4300,6.2241,2.9284,2.1254,7.6462
2021-07-23,8.3800,6.2630,2.9134,2.1497,7.0465
2021-07-26,8.1700,6.4240,2.8711,2.2375,4.6289
2021-07-27,8.0000,6.5574,2.9110,2.2526,4.3103
2021-07-28,8.0500,6.5146,2.9312,2.2225,5.0975
2021-07-29,7.9700,6.5789,2.8840,2.2812,3.7481
2021-07-30,7.9000,6.6445,2.8363,2.3427,2.7924
2021-08-02,7.9800,6.5717,2.8212,2.3294,2.9610
2021-08-03,7.9700,6.5789,2.8337,2.3217,3.0922
2021-08-04,7.9300,6.6152,2.8338,2.3344,2.8861
2021-08-05,7.9100,6.6298,2.7988,2.3688,2.5112
2021-08-06,7.9400,6.6079,2.8139,2.3483,2.7174
2021-08-09,8.0200,6.5431,2.8615,2.2866,3.7106
2021-08-10,8.0400,6.5217,2.8766,2.2672,3.9543
2021-08-11,8.0500,6.5146,2.8841,2.2588,4.0855
2021-08-12,8.0200,6.5431,2.8566,2.2905,3.5607
2021-08-13,8.0300,6.5359,2.8792,2.2700,3.8793
2021-08-16,8.0600,6.5076,2.8943,2.2484,4.3666
2021-08-17,8.0400,6.5288,2.8819,2.2654,3.9730
2021-08-18,8.1600,6.4309,2.8494,2.2569,4.1417
2021-08-19,8.0700,6.5005,2.8395,2.2893,3.5795
2021-08-20,8.1100,6.4725,2.8520,2.2695,3.8981
2021-08-23,8.0400,6.5217,2.8672,2.2746,3.8606
2021-08-24,8.0500,6.5146,2.8522,2.2841,3.7294
2021-08-25,8.0400,6.5288,2.8547,2.2870,3.6919
2021-08-26,7.9900,6.5645,2.8848,2.2755,3.8418
2021-08-27,8.0200,6.5431,2.8698,2.2800,3.7669
2021-08-30,7.8300,6.6964,2.8505,2.3492,2.6987
2021-08-31,7.9100,6.6298,2.8450,2.3303,2.9235
2021-09-01,8.0300,6.5359,2.8226,2.3156,3.2421
2021-09-02,8.0700,6.5005,2.8301,2.2969,3.4483
2021-09-03,8.0800,6.4935,2.8327,2.2923,3.5420
2021-09-06,8.0500,6.5146,2.8354,2.2976,3.4295
2021-09-07,8.1700,6.4240,2.8604,2.2458,4.4228
2021-09-08,8.1700,6.4240,2.8705,2.2379,4.6102
2021-09-09,8.1300,6.4516,2.8730,2.2456,4.4415
2021-09-10,8.2300,6.3762,2.8656,2.2251,4.9475
2021-09-13,8.2100,6.3898,2.8908,2.2104,5.4348
2021-09-14,8.0500,6.5146,2.8858,2.2575,4.1042
2021-09-15,8.0400,6.5288,2.9009,2.2506,4.3291
2021-09-16,7.9700,6.5789,2.8885,2.2776,3.8231
2021-09-17,7.9700,6.5862,2.8785,2.2881,3.6169
2021-09-22,7.9000,6.6445,2.8639,2.3201,3.1297
2021-09-23,7.9000,6.6445,2.8565,2.3261,2.9985
2021-09-24,7.8900,6.6519,2.8719,2.3162,3.2234
2021-09-27,7.8900,6.6519,2.8825,2.3077,3.3358
2021-09-28,7.9000,6.6445,2.8769,2.3096,3.2984
2021-09-29,7.8900,6.6519,2.8646,2.3221,3.0735
2021-09-30,7.8700,6.6667,2.8776,2.3168,3.1859
2021-10-08,7.9400,6.6079,2.9131,2.2683,3.9355
2021-10-11,8.0000,6.5574,2.9580,2.2168,5.2661
2021-10-12,7.9900,6.5645,2.9657,2.2135,5.3411
2021-10-13,7.9300,6.6152,2.9578,2.2365,4.6852
2021-10-14,7.9000,6.6372,2.9581,2.2437,4.4790
2021-10-15,7.9300,6.6152,2.9683,2.2286,4.8538
2021-10-18,7.8900,6.6519,3.0426,2.1863,6.1094
2021-10-19,7.8800,6.6593,3.0102,2.2122,5.3598
2021-10-20,7.8900,6.6519,2.9978,2.2189,5.2099
2021-10-21,7.9000,6.6372,2.9702,2.2346,4.7226
2021-10-22,7.9300,6.6152,2.9953,2.2085,5.5285
2021-10-25,7.9000,6.6445,2.9879,2.2238,5.0600
2021-10-26,7.9000,6.6445,2.9780,2.2312,4.8351
2021-10-27,7.8600,6.6741,2.9781,2.2411,4.5540
2021-10-28,7.8300,6.6964,2.9682,2.2560,4.1979
2021-10-29,7.8200,6.7114,2.9732,2.2573,4.1229
2021-11-01,7.6200,6.8807,2.9435,2.3376,2.8486
2021-11-02,7.4700,7.0258,2.9259,2.4012,2.2864
2021-11-03,7.4600,7.0340,2.9385,2.3937,2.3426
2021-11-04,7.4400,7.0505,2.9261,2.4095,2.1364
2021-11-05,7.4600,7.0340,2.8911,2.4330,1.7991
2021-11-08,7.4200,7.0671,2.9013,2.4358,1.7429
2021-11-09,7.4700,7.0258,2.8988,2.4237,2.0052
2021-11-10,7.4100,7.0755,2.9139,2.4282,1.9115
2021-11-11,7.5400,6.9605,2.9365,2.3703,2.4738
2021-11-12,7.5600,6.9364,2.9391,2.3600,2.6237
2021-11-15,7.6500,6.8571,2.9269,2.3428,2.7736
2021-11-16,7.6300,6.8728,2.9244,2.3502,2.6612
2021-11-17,7.5600,6.9364,2.9295,2.3678,2.5300
2021-11-18,7.4800,7.0093,2.9146,2.4049,2.2489
2021-11-19,7.5600,6.9364,2.9302,2.3672,2.5487
2021-11-22,7.5200,6.9767,2.8876,2.4161,2.0802
2021-11-23,7.5500,6.9525,2.8875,2.4078,2.2114
2021-11-24,7.5900,6.9124,2.8600,2.4169,2.0615
2021-11-25,7.5500,6.9444,2.8550,2.4324,1.8366
2021-11-26,7.4800,7.0093,2.8200,2.4856,1.2181
2021-11-29,7.5100,6.9849,2.8250,2.4725,1.3681
2021-11-30,7.4400,7.0505,2.8250,2.4958,1.0682
2021-12-01,7.4800,7.0093,2.8401,2.4680,1.4243
2021-12-02,7.5000,6.9930,2.8601,2.4450,1.6679
2021-12-03,7.5100,6.9849,2.8701,2.4337,1.7804
2021-12-06,7.5200,6.9767,2.8176,2.4761,1.2744
2021-12-07,7.5900,6.9124,2.8451,2.4296,1.8553
2021-12-08,7.5800,6.9204,2.8551,2.4239,1.9678
2021-12-09,7.6500,6.8571,2.8526,2.4038,2.2676
2021-12-10,7.6700,6.8415,2.8426,2.4068,2.2301
2021-12-13,7.5600,6.9364,2.8552,2.4294,1.8741
2021-12-14,7.4900,7.0012,2.8477,2.4585,1.5555
2021-12-15,7.4800,7.0175,2.8502,2.4621,1.4618
2021-12-16,7.5200,6.9767,2.8577,2.4414,1.7241
2021-12-17,7.4800,7.0093,2.8512,2.4584,1.5742
2021-12-20,7.5000,6.9930,2.8533,2.4508,1.6304
2021-12-21,7.5300,6.9686,2.8508,2.4444,1.6867
2021-12-22,7.4900,7.0012,2.8303,2.4737,1.3493
2021-12-23,7.5000,6.9930,2.8143,2.4848,1.2369
2021-12-24,7.4700,7.0258,2.8203,2.4912,1.1619
2021-12-27,7.4800,7.0093,2.8128,2.4919,1.1244
2021-12-28,7.4900,7.0012,2.8004,2.5001,1.0120
2021-12-29,7.4700,7.0258,2.7854,2.5224,0.8246
2021-12-30,7.4700,7.0258,2.7654,2.5406,0.5247
2021-12-31,7.4600,7.0340,2.7754,2.5344,0.5810
2022-01-04,7.4900,5.6009,2.7855,2.0107,9.4828
2022-01-05,7.5500,5.5556,2.8045,1.9810,10.2324
2022-01-06,7.4900,5.6009,2.8205,1.9858,10.1199
2022-01-07,7.6200,5.5109,2.8181,1.9555,11.3943
2022-01-10,7.6200,5.5046,2.8056,1.9620,10.9258
2022-01-11,7.6300,5.4983,2.7957,1.9667,10.7384
2022-01-12,7.6000,5.5236,2.7957,1.9757,10.3636
2022-01-13,7.6200,5.5046,2.7858,1.9759,10.3448
2022-01-14,7.5100,5.5879,2.7935,2.0003,9.7639
2022-01-17,7.4900,5.6009,2.7860,2.0104,9.5015
2022-01-18,7.5500,5.5620,2.7415,2.0288,9.1454
2022-01-19,7.5500,5.5556,2.7314,2.0340,9.0330
2022-01-20,7.6900,5.4545,2.7271,2.0001,9.7826
2022-01-21,7.6600,5.4795,2.7100,2.0220,9.2766
2022-01-24,7.6000,5.5236,2.6751,2.0648,8.5270
2022-01-25,7.4800,5.6075,2.6979,2.0785,8.3021
2022-01-26,7.4900,5.6009,2.7146,2.0633,8.5457
2022-01-27,7.3900,5.6805,2.7348,2.0771,8.3771
2022-01-28,7.3500,5.7075,2.7021,2.1122,7.8711
2022-02-07,7.4500,5.6338,2.7256,2.0670,8.4708
2022-02-08,7.5600,5.5491,2.7227,2.0381,9.0142
2022-02-09,7.5500,5.5556,2.7328,2.0329,9.0705
2022-02-10,7.6000,5.5236,2.7328,2.0212,9.2954
2022-02-11,7.6400,5.4920,2.7891,1.9691,10.5885
2022-02-14,7.5200,5.5814,2.8018,1.9921,10.0075
2022-02-15,7.4800,5.6140,2.7968,2.0073,9.5952
2022-02-16,7.5100,5.5879,2.7892,2.0034,9.6702
2022-02-17,7.4800,5.6075,2.7799,2.0172,9.3891
2022-02-18,7.5800,5.5363,2.7975,1.9790,10.3261
2022-02-21,7.5200,5.5814,2.8300,1.9722,10.4385
2022-02-22,7.5000,5.5944,2.8200,1.9838,10.1762
2022-02-23,7.4700,5.6206,2.7900,2.0146,9.4453
2022-02-24,7.3800,5.6872,2.7875,2.0403,8.9580
2022-02-25,7.3700,5.6939,2.7750,2.0519,8.8081
2022-02-28,7.3400,5.7211,2.7750,2.0617,8.5645
2022-03-01,7.3800,5.6872,2.8025,2.0293,9.1267
2022-03-02,7.3600,5.7007,2.8175,2.0233,9.2391
2022-03-03,7.4000,5.6738,2.8300,2.0049,9.6327
2022-03-04,7.3400,5.7143,2.8125,2.0318,9.0892
2022-03-07,7.2500,5.7901,2.8126,2.0586,8.6957
2022-03-08,7.0700,5.9406,2.8276,2.1009,8.0772
2022-03-09,6.9100,6.0759,2.8426,2.1374,7.3463
2022-03-10,6.9300,6.0606,2.8502,2.1264,7.5900
2022-03-11,7.0000,5.9925,2.7902,2.1477,7.1214
2022-03-14,6.9200,6.0683,2.7677,2.1925,5.9408
2022-03-15,6.6700,6.2910,2.8177,2.2327,4.7789
2022-03-16,6.7900,6.1776,2.7952,2.2101,5.4723
2022-03-17,6.7700,6.2015,2.7876,2.2247,5.0037
2022-03-18,6.9100,6.0759,2.7927,2.1756,6.3718
2022-03-21,6.7900,6.1856,2.8127,2.1992,5.8658
2022-03-22,6.8500,6.1303,2.8302,2.1660,6.5405
2022-03-23,6.8200,6.1538,2.8302,2.1743,6.3906
2022-03-24,6.8200,6.1538,2.8052,2.1937,5.9220
2022-03-25,6.8200,6.1538,2.7972,2.2000,5.8471
2022-03-28,6.8700,6.1069,2.7903,2.1886,6.0345
2022-03-29,6.8400,6.1381,2.7853,2.2037,5.7346
2022-03-30,6.9300,6.0606,2.7703,2.1877,6.0720
2022-03-31,7.0000,6.0000,2.7878,2.1522,6.9153
2022-04-01,7.0600,5.9480,2.7743,2.1440,7.1964
2022-04-06,7.1400,5.8752,2.7604,2.1284,7.4963
2022-04-07,7.0600,5.9480,2.7394,2.1713,6.4655
2022-04-08,7.0900,5.9186,2.7529,2.1500,7.0090
2022-04-11,7.0000,5.9925,2.7680,2.1649,6.5967
2022-04-12,7.0900,5.9186,2.7705,2.1363,7.3838
2022-04-13,7.0800,5.9259,2.7631,2.1447,7.1777
2022-04-14,7.0900,5.9186,2.7656,2.1401,7.2714
2022-04-15,7.1300,5.8896,2.7578,2.1356,7.4025
2022-04-18,7.0200,5.9776,2.8107,2.1267,7.5712
2022-04-19,7.1200,5.8968,2.8208,2.0905,8.1709
2022-04-20,7.0900,5.9186,2.8330,2.0892,8.1897
2022-04-21,7.0600,5.9480,2.8259,2.1048,8.0210
2022-04-22,7.0700,5.9332,2.8409,2.0885,8.2084
2022-04-25,6.8400,6.1381,2.8160,2.1797,6.2969
2022-04-26,6.8800,6.0991,2.8260,2.1582,6.7654
2022-04-27,6.8500,6.1303,2.8411,2.1577,6.8403
2022-04-28,6.9900,6.0075,2.8486,2.1089,7.9273
2022-04-29,7.0200,5.9776,2.8386,2.1058,8.0022
2022-05-05,6.9900,6.0075,2.8282,2.1241,7.6837
2022-05-06,6.8600,6.1146,2.8273,2.1627,6.6154
2022-05-09,6.8400,6.1381,2.8154,2.1802,6.2781
2022-05-10,6.8600,6.1146,2.8089,2.1769,6.3531
2022-05-11,6.8700,6.1069,2.8240,2.1625,6.6529
2022-05-12,6.8800,6.0991,2.8055,2.1740,6.4093
2022-05-13,7.0400,5.9627,2.8140,2.1189,7.7961
2022-05-16,6.9700,6.0226,2.8216,2.1345,7.4213
2022-05-17,7.0100,5.9850,2.8178,2.1240,7.7024
2022-05-18,6.9500,6.0377,2.7801,2.1718,6.4468
2022-05-19,6.9200,6.0683,2.7774,2.1849,6.1469
2022-05-20,7.0300,5.9701,2.7900,2.1398,7.2901
2022-05-23,6.9500,6.0377,2.7675,2.1816,6.2031
2022-05-24,6.8900,6.0914,2.7650,2.2030,5.7534
2022-05-25,6.8900,6.0914,2.7575,2.2090,5.4910
2022-05-26,6.9100,6.0759,2.7100,2.2420,4.5352
2022-05-27,7.0000,6.0000,2.6974,2.2244,5.0225
2022-05-30,6.8900,6.0914,2.7225,2.2374,4.6477
2022-05-31,6.9400,6.0453,2.7426,2.2042,5.6972
2022-06-01,6.9200,6.0683,2.7551,2.2026,5.7909
2022-06-02,6.9000,6.0836,2.7601,2.2041,5.7159
2022-06-06,6.8700,6.1069,2.7776,2.1986,5.9033
2022-06-07,6.8900,6.0914,2.7576,2.2089,5.5097
2022-06-08,6.8700,6.1069,2.7661,2.2078,5.5847
2022-06-09,6.9500,6.0377,2.7576,2.1895,5.9970
2022-06-10,6.9300,6.0530,2.7526,2.1990,5.8846
2022-06-13,6.7900,6.1776,2.7652,2.2341,4.7414
2022-06-14,6.8800,6.0991,2.7702,2.2017,5.8283
2022-06-15,7.0200,5.9776,2.7827,2.1481,7.1027
2022-06-16,6.9300,6.0606,2.7728,2.1857,6.1282
2022-06-17,6.9700,6.0226,2.7752,2.1701,6.4843
2022-06-20,6.9200,6.0683,2.7853,2.1787,6.3156
2022-06-21,6.9700,6.0226,2.7853,2.1623,6.6717
2022-06-22,6.9300,6.0606,2.7773,2.1822,6.1844
2022-06-23,6.9700,6.0226,2.7803,2.1662,6.5217
2022-06-24,6.9500,6.0377,2.7978,2.1580,6.7841
2022-06-27,6.9700,6.0226,2.8329,2.1259,7.6274
2022-06-28,7.0300,5.9701,2.8414,2.1011,8.0585
2022-06-29,7.0400,5.9627,2.8294,2.1074,7.9835
2022-06-30,7.0000,5.9925,2.8205,2.1246,7.6649
2022-07-01,6.9900,6.0075,2.8255,2.1262,7.6087
2022-07-04,6.9600,6.0301,2.8445,2.1199,7.7774
2022-07-05,6.9800,6.0150,2.8333,2.1230,7.7211
2022-07-06,6.9100,6.0759,2.8356,2.1427,7.2339
2022-07-07,6.8800,6.0991,2.8356,2.1509,6.9528
2022-07-08,6.8900,6.0914,2.8384,2.1461,7.1589
2022-07-11,6.8800,6.0991,2.8266,2.1578,6.8028
2022-07-12,6.9200,6.0683,2.8117,2.1582,6.7466
2022-07-13,6.8600,6.1146,2.8067,2.1786,6.3343
2022-07-14,6.8100,6.1617,2.7907,2.2079,5.5660
2022-07-15,6.7100,6.2581,2.7857,2.2465,4.4040
2022-07-18,6.8100,6.1617,2.7837,2.2135,5.3223
2022-07-19,6.8300,6.1460,2.7859,2.2061,5.6597
2022-07-20,6.8100,6.1617,2.7710,2.2236,5.0787
2022-07-21,6.7700,6.5484,2.7635,2.3696,2.4925
2022-07-22,6.7800,6.5306,2.7870,2.3432,2.7549
2022-07-25,6.7800,6.5306,2.7790,2.3500,2.6799
2022-07-26,6.8100,6.5041,2.7700,2.3481,2.7361
2022-07-27,6.7700,6.5395,2.7701,2.3607,2.6049
2022-07-28,6.7700,6.5484,2.7850,2.3513,2.6424
2022-07-29,6.7000,6.6116,2.7560,2.3990,2.3051
2022-08-01,6.6700,6.6390,2.7292,2.4326,1.8178
2022-08-02,6.5900,6.7227,2.7314,2.4613,1.4805
2022-08-03,6.5300,6.7892,2.7218,2.4944,1.0870
2022-08-04,6.5400,6.7701,2.7192,2.4897,1.1807
2022-08-05,6.6000,6.7133,2.7339,2.4556,1.5930
2022-08-08,6.5700,6.7416,2.7409,2.4596,1.5180
2022-08-09,6.5700,6.7416,2.7400,2.4604,1.4993
2022-08-10,6.5400,6.7701,2.7366,2.4739,1.3306
2022-08-11,6.6300,6.6852,2.7317,2.4473,1.6492
2022-08-12,6.6800,6.6298,2.7347,2.4243,1.9490
2022-08-15,6.6500,6.6574,2.6582,2.5045,0.9558
2022-08-16,6.6400,6.6759,2.6346,2.5339,0.6372
2022-08-17,6.7200,6.5934,2.6124,2.5239,0.8058
2022-08-18,6.6500,6.6574,2.5800,2.5804,0.2811
2022-08-19,6.6500,6.6667,2.5875,2.5765,0.2999
2022-08-22,6.6700,6.6390,2.5925,2.5608,0.3748
2022-08-23,6.6200,6.6946,2.6075,2.5674,0.3561
2022-08-24,6.6000,6.7133,2.6100,2.5721,0.3373
2022-08-25,6.6500,6.6667,2.6390,2.5262,0.7496
2022-08-26,6.6600,6.6482,2.6430,2.5154,0.8808
2022-08-29,6.6000,6.7133,2.6225,2.5599,0.3936
2022-08-30,6.6400,6.6759,2.6130,2.5549,0.4123
2022-08-31,6.7100,6.6025,2.6225,2.5176,0.8433
2022-09-01,6.6700,6.6390,2.6125,2.5412,0.5060
2022-09-02,6.6500,6.6574,2.6226,2.5385,0.5435
2022-09-05,6.7000,6.6116,2.6180,2.5254,0.7684
2022-09-06,6.7000,6.6116,2.6140,2.5293,0.7121
2022-09-07,6.6600,6.6482,2.6215,2.5360,0.5622
2022-09-08,6.6800,6.6298,2.6256,2.5251,0.7871
2022-09-09,6.7500,6.5663,2.6350,2.4920,1.1057
2022-09-13,6.7800,6.5306,2.6427,2.4712,1.3868
2022-09-14,6.7200,6.5934,2.6625,2.4764,1.2556
2022-09-15,6.7600,6.5574,2.6625,2.4629,1.4430
2022-09-16,6.5900,6.7227,2.6730,2.5150,0.8996
2022-09-19,6.6100,6.7039,2.6750,2.5061,0.9370
2022-09-20,6.5600,6.7511,2.6640,2.5342,0.6184
2022-09-21,6.5800,6.7321,2.6451,2.5451,0.4498
2022-09-22,6.5700,6.7416,2.6501,2.5439,0.4685
2022-09-23,6.6100,6.7039,2.6802,2.5013,0.9933
2022-09-26,6.5200,6.7989,2.7154,2.5038,0.9745
2022-09-27,6.5300,6.7892,2.7051,2.5098,0.9183
2022-09-28,6.5300,6.7797,2.7401,2.4743,1.3118
2022-09-29,6.4500,6.8669,2.7501,2.4970,1.0307
2022-09-30,6.5000,6.8182,2.7601,2.4703,1.4055
2022-10-10,6.4900,6.8279,2.7402,2.4918,1.1432
2022-10-11,6.4700,6.8474,2.7426,2.4967,1.0495
2022-10-12,6.5100,6.8085,2.7352,2.4892,1.1994
2022-10-13,6.4600,6.8571,2.7252,2.5162,0.8621
2022-10-14,6.4900,6.8279,2.6977,2.5310,0.6934
2022-10-17,6.4800,6.8376,2.7002,2.5323,0.6653
2022-10-18,6.4800,6.8376,2.7002,2.5323,0.6653
2022-10-19,6.4300,6.8867,2.7052,2.5457,0.4310
2022-10-20,6.4300,6.8867,2.7175,2.5342,0.5997
2022-10-21,6.3900,6.9364,2.7278,2.5429,0.4873
2022-10-24,6.2900,7.0485,2.7153,2.5958,0.2624
2022-10-25,6.3100,7.0175,2.7278,2.5726,0.3186
2022-10-26,6.2900,7.0381,2.7025,2.6043,0.2436
2022-10-27,6.2900,7.0381,2.6953,2.6112,0.2061
2022-10-28,6.2800,7.0588,2.6653,2.6484,0.1124
2022-10-31,6.1300,7.2289,2.6433,2.7348,0.0375
2022-11-01,6.2200,7.1217,2.6629,2.6744,0.0750
2022-11-02,6.1900,7.1535,2.6854,2.6638,0.0937
2022-11-03,6.1500,7.2072,2.6776,2.6917,0.0562
2022-11-04,6.2700,7.0692,2.7023,2.6160,0.1874
2022-11-07,6.2900,7.0485,2.7003,2.6103,0.2249
2022-11-08,6.2700,7.0692,2.6853,2.6326,0.1312
2022-11-09,6.2700,7.0692,2.6953,2.6228,0.1499
2022-11-10,6.2600,7.0796,2.7028,2.6194,0.1687
2022-11-11,6.4100,6.9164,2.7354,2.5285,0.7309
2022-11-14,6.4900,6.8279,2.8354,2.4081,2.1739
2022-11-15,6.5200,6.7989,2.8155,2.4148,2.0990
2022-11-16,6.4900,6.8279,2.8329,2.4102,2.1177
2022-11-17,6.4400,6.8768,2.8026,2.4537,1.6117
2022-11-18,6.3800,6.9465,2.8250,2.4589,1.5367
2022-11-21,6.3500,6.9767,2.8180,2.4758,1.2931
2022-11-22,6.4800,6.8376,2.8276,2.4182,2.0427
2022-11-23,6.5100,6.8085,2.7975,2.4338,1.7616
2022-11-24,6.4900,6.8279,2.7950,2.4429,1.7054
2022-11-25,6.6200,6.6946,2.8300,2.3656,2.5675
2022-11-28,6.5300,6.7892,2.8600,2.3738,2.4550
2022-11-29,6.7100,6.6025,2.8800,2.2925,3.5232
2022-11-30,6.6600,6.6482,2.8850,2.3044,3.3921
2022-12-01,6.6600,6.6482,2.8600,2.3245,3.0547
2022-12-02,6.6700,6.6390,2.8676,2.3152,3.2796
2022-12-05,6.7900,6.5217,2.8902,2.2565,4.1792
2022-12-06,6.7900,6.5217,2.9152,2.2371,4.6664
2022-12-07,6.7700,6.5395,2.8702,2.2784,3.7856
2022-12-08,6.8100,6.5041,2.8853,2.2542,4.2166
2022-12-09,6.7600,6.5574,2.8903,2.2688,3.9168
2022-12-12,6.7000,6.6116,2.8902,2.2876,3.6544
2022-12-13,6.7600,6.5574,2.8952,2.2649,3.9918
2022-12-14,6.7600,6.5574,2.8655,2.2884,3.5982
2022-12-15,6.6800,6.6298,2.8829,2.2997,3.4108
2022-12-16,6.7800,6.5306,2.8856,2.2632,4.0105
2022-12-19,6.6800,6.6298,2.8632,2.3155,3.2609
2022-12-20,6.5900,6.7227,2.8732,2.3398,2.8298
2022-12-21,6.6400,6.6759,2.8606,2.3337,2.9048
2022-12-22,6.6800,6.6298,2.8503,2.3260,3.0172
2022-12-23,6.6400,6.6759,2.8251,2.3631,2.5862
2022-12-26,6.5500,6.7606,2.8378,2.3823,2.4175
2022-12-27,6.6600,6.6482,2.8657,2.3199,3.1484
2022-12-28,6.7400,6.5753,2.8503,2.3069,3.3733
2022-12-29,6.6800,6.6298,2.8376,2.3364,2.8673
2022-12-30,6.7200,6.5934,2.8353,2.3255,3.0360
2023-01-03,6.6700,5.6708,2.8228,2.0089,9.5390
2023-01-04,6.7500,5.6088,2.8103,1.9958,9.9138
2023-01-05,6.7800,5.5782,2.8304,1.9708,10.5135
2023-01-06,6.7700,5.5858,2.8328,1.9718,10.4760
2023-01-09,6.7700,5.5858,2.8428,1.9649,10.8133
2023-01-10,6.7200,5.6319,2.8602,1.9691,10.6259
2023-01-11,6.7400,5.6164,2.8603,1.9636,10.8508
2023-01-12,6.7100,5.6396,2.8778,1.9597,11.0945
2023-01-13,6.7700,5.5858,2.9010,1.9255,13.0810
2023-01-16,6.7700,5.5935,2.9167,1.9177,13.6057
2023-01-17,6.7400,5.6164,2.9017,1.9356,12.5000
2023-01-18,6.7500,5.6088,2.9222,1.9194,13.4370
2023-01-19,6.7700,5.5935,2.9145,1.9192,13.4745
2023-01-20,6.7900,5.5707,2.9331,1.8993,14.2991
2023-01-30,6.8300,5.5405,2.9133,1.9018,14.2241
2023-01-31,6.8000,5.5631,2.8977,1.9198,13.3996
2023-02-01,6.7900,5.5707,2.9101,1.9143,13.7369
2023-02-02,6.7900,5.5707,2.8970,1.9229,13.1747
2023-02-03,6.7100,5.6396,2.8943,1.9485,11.7879
2023-02-06,6.6900,5.6552,2.9017,1.9489,11.7129
2023-02-07,6.6800,5.6630,2.8964,1.9552,11.4130
2023-02-08,6.6700,5.6708,2.8973,1.9573,11.2444
2023-02-09,6.7000,5.6474,2.8912,1.9533,11.4880
2023-02-10,6.6800,5.6630,2.9003,1.9526,11.5255
2023-02-13,6.6700,5.6708,2.8943,1.9593,11.1132
2023-02-14,6.6800,5.6630,2.8914,1.9586,11.1507
2023-02-15,6.6500,5.6944,2.8918,1.9692,10.5697
2023-02-16,6.6400,5.7024,2.8907,1.9727,10.4010
2023-02-17,6.5800,5.7504,2.8920,1.9884,10.1012
2023-02-20,6.7000,5.6474,2.9170,1.9360,12.4813
2023-02-21,6.7300,5.6241,2.9190,1.9267,12.9873
2023-02-22,6.6800,5.6630,2.9175,1.9410,12.1252
2023-02-23,6.6700,5.6708,2.9220,1.9407,12.1439
2023-02-24,6.6300,5.7103,2.9126,1.9606,11.0382
2023-02-27,6.6100,5.7263,2.9117,1.9667,10.7571
2023-02-28,6.6300,5.7103,2.9017,1.9679,10.6822
2023-03-01,6.7000,5.6474,2.8977,1.9489,11.7316
2023-03-02,6.7100,5.6396,2.9111,1.9373,12.4063
2023-03-03,6.7800,5.5782,2.9026,1.9218,13.2309
2023-03-06,6.7700,5.5935,2.8826,1.9404,12.1814
2023-03-07,6.7500,5.6088,2.8726,1.9525,11.5442
2023-03-08,6.7500,5.6088,2.8828,1.9456,11.9190
2023-03-09,6.7100,5.6396,2.8752,1.9615,10.9820
2023-03-10,6.6000,5.7343,2.8627,2.0031,9.6889
2023-03-13,6.5200,5.8074,2.8703,2.0233,9.2579
2023-03-14,6.4800,5.8405,2.8652,2.0384,8.9955
2023-03-15,6.5300,5.7910,2.8652,2.0212,9.3141
2023-03-16,6.5700,5.7584,2.8552,2.0168,9.4078
2023-03-17,6.5600,5.7665,2.8602,2.0161,9.4265
2023-03-20,6.5800,5.7504,2.8504,2.0174,9.3703
2023-03-21,6.5800,5.7504,2.8604,2.0103,9.5202
2023-03-22,6.6300,5.7103,2.8577,1.9982,9.8763
2023-03-23,6.6500,5.6865,2.8652,1.9847,10.1387
2023-03-24,6.6500,5.6865,2.8676,1.9830,10.2136
2023-03-27,6.6000,5.7343,2.8551,2.0084,9.5577
2023-03-28,6.6300,5.7103,2.8556,1.9997,9.8201
2023-03-29,6.6100,5.7263,2.8532,2.0070,9.6139
2023-03-30,6.6400,5.7024,2.8603,1.9936,9.9513
2023-03-31,6.6400,5.7024,2.8528,1.9989,9.8388
2023-04-03,6.6400,5.7024,2.8604,1.9936,9.9700
2023-04-04,6.6500,5.6865,2.8584,1.9894,10.0450
2023-04-06,6.6300,5.7103,2.8605,1.9963,9.8951
2023-04-07,6.6700,5.6708,2.8464,1.9923,9.9888
2023-04-10,6.6500,5.6865,2.8455,1.9984,9.8576
2023-04-11,6.6300,5.7103,2.8203,2.0247,9.2016
2023-04-12,6.6500,5.6865,2.8158,2.0195,9.3328
2023-04-13,6.6900,5.6552,2.8277,1.9999,9.8013
2023-04-14,6.7100,5.6396,2.8281,1.9941,9.9325
2023-04-17,6.8200,5.5480,2.8432,1.9513,11.5817
2023-04-18,6.9600,5.4377,2.8319,1.9202,13.3246
2023-04-19,6.9500,5.4449,2.8333,1.9218,13.2496
2023-04-20,7.0900,5.3385,2.8332,1.8843,14.8426
2023-04-21,7.0100,5.4018,2.8258,1.9116,13.8118
2023-04-24,6.9100,5.4740,2.8176,1.9428,12.0127
2023-04-25,6.9800,5.4233,2.8157,1.9261,13.0060
2023-04-26,6.8900,5.4960,2.8058,1.9588,11.1319
2023-04-27,6.9000,5.4813,2.7852,1.9680,10.6634
2023-04-28,7.0100,5.3947,2.7788,1.9414,12.1064
2023-05-04,7.0900,5.3385,2.7613,1.9333,12.5750
2023-05-05,7.1600,5.2835,2.7338,1.9327,12.6124
2023-05-08,7.4500,5.0805,2.7484,1.8485,15.7046
2023-05-09,7.3500,5.1508,2.7383,1.8810,14.9175
2023-05-10,7.1100,5.3247,2.7210,1.9569,11.3006
2023-05-11,7.0800,5.3455,2.7010,1.9791,10.3073
2023-05-12,7.0300,5.3806,2.7058,1.9885,10.0825
2023-05-15,7.1000,5.3316,2.7190,1.9609,11.0007
2023-05-16,7.0800,5.3455,2.7129,1.9704,10.5510
2023-05-17,7.0200,5.3876,2.7210,1.9800,10.2699
2023-05-18,7.0900,5.3385,2.7184,1.9638,10.8321
2023-05-19,6.9600,5.4377,2.7151,2.0028,9.7076
2023-05-22,6.9600,5.4377,2.7132,2.0042,9.6514
2023-05-23,6.8800,5.5034,2.6962,2.0412,8.9393
2023-05-24,6.7300,5.6241,2.7037,2.0801,8.2646
2023-05-25,6.7500,5.6088,2.7065,2.0723,8.4145
2023-05-26,6.7600,5.6011,2.7205,2.0588,8.6769
2023-05-29,6.8400,5.5331,2.6950,2.0531,8.7519
2023-05-30,6.8000,5.5631,2.7000,2.0604,8.6019
2023-05-31,6.7800,5.5782,2.6850,2.0775,8.3583
2023-06-01,6.7200,5.6319,2.6825,2.0995,8.0960
2023-06-02,6.7800,5.5782,2.6951,2.0698,8.4520
2023-06-05,6.8400,5.5331,2.6926,2.0549,8.7331
2023-06-06,6.8100,5.5556,2.6826,2.0710,8.4333
2023-06-07,6.8900,5.4960,2.6827,2.0487,8.8456
2023-06-08,6.9900,5.4161,2.6822,2.0193,9.3516
2023-06-09,6.9800,5.4233,2.6703,2.0310,9.1079
2023-06-12,6.8600,5.5182,2.6704,2.0664,8.5082
2023-06-13,6.8900,5.4960,2.6227,2.0956,8.1522
2023-06-14,6.8300,5.5405,2.6178,2.1165,7.8336
2023-06-15,6.8800,5.5034,2.6482,2.0782,8.3396
2023-06-16,6.8600,5.5182,2.6626,2.0725,8.3958
2023-06-19,6.7700,5.5858,2.6876,2.0784,8.3208
2023-06-20,6.7300,5.6241,2.6751,2.1024,8.0397
2023-06-21,6.7100,5.6396,2.6701,2.1121,7.8898
2023-06-26,6.6100,5.7263,2.6677,2.1465,7.1402
2023-06-27,6.6400,5.7024,2.6676,2.1377,7.3276
2023-06-28,6.6500,5.6865,2.6651,2.1337,7.4588
2023-06-29,6.6300,5.7103,2.6526,2.1527,6.8966
2023-06-30,6.6800,5.6630,2.6351,2.1491,7.0840
2023-07-03,6.7600,5.6011,2.6402,2.1215,7.7586
2023-07-04,6.7200,5.6319,2.6477,2.1271,7.5525
2023-07-05,6.6900,5.6552,2.6402,2.1420,7.2526
2023-07-06,6.6500,5.6865,2.6392,2.1546,6.8591
2023-07-07,6.6600,5.6787,2.6403,2.1508,6.9809
2023-07-10,6.6600,5.6787,2.6403,2.1508,6.9809
2023-07-11,6.7200,5.6319,2.6353,2.1371,7.3651
2023-07-12,6.6900,5.6552,2.6378,2.1439,7.2151
2023-07-13,6.8300,5.5405,2.6413,2.0976,8.1147
2023-07-14,6.8700,5.5108,2.6444,2.0840,8.2459
2023-07-17,6.8500,5.5256,2.6364,2.0959,8.1334
2023-07-18,6.8200,5.5480,2.6234,2.1148,7.8523
2023-07-19,6.8400,5.5331,2.6233,2.1092,7.9085
2023-07-20,6.8500,5.5256,2.6214,2.1079,7.9460
2023-07-21,6.8700,5.7584,2.6079,2.2081,5.5472
2023-07-24,6.8800,5.7504,2.5934,2.2173,5.2474
2023-07-25,7.0100,5.6396,2.6630,2.1178,7.8148
2023-07-26,7.0300,5.6241,2.6430,2.1279,7.5150
2023-07-27,7.1100,5.5631,2.6395,2.1076,7.9648
2023-07-28,7.2300,5.4667,2.6533,2.0603,8.6394
2023-07-31,7.3300,5.3947,2.6597,2.0283,9.1642
2023-08-01,7.3300,5.3947,2.6607,2.0275,9.1829
2023-08-02,7.2200,5.4813,2.6525,2.0665,8.4895
2023-08-03,7.2900,5.4233,2.6435,2.0516,8.8268
2023-08-04,7.3100,5.4090,2.6469,2.0435,8.8831
2023-08-07,7.2500,5.4521,2.6462,2.0604,8.6207
2023-08-08,7.2500,5.4521,2.6454,2.0610,8.5832
2023-08-09,7.2800,5.4305,2.6461,2.0523,8.7894
2023-08-10,7.1600,5.5256,2.6475,2.0871,8.2271
2023-08-11,6.9700,5.6708,2.6381,2.1496,7.0652
2023-08-14,6.8500,5.7746,2.6212,2.2030,5.7721
2023-08-15,6.9200,5.7183,2.5759,2.2199,5.1537
2023-08-16,6.8900,5.7423,2.5649,2.2388,4.5915
2023-08-17,6.8500,5.7746,2.5678,2.2489,4.3478
2023-08-18,6.8200,5.7992,2.5639,2.2619,4.0667
2023-08-21,6.7100,5.8908,2.5403,2.3189,3.1672
2023-08-22,6.7600,5.8488,2.5564,2.2879,3.6357
2023-08-23,6.7700,5.8405,2.5535,2.2873,3.6732
2023-08-24,6.7400,5.8655,2.5543,2.2963,3.4858
2023-08-25,6.8000,5.8156,2.5702,2.2627,4.0292
2023-08-28,6.9000,5.7343,2.5837,2.2194,5.1912
2023-08-29,6.8200,5.7992,2.5700,2.2565,4.1604
2023-08-30,6.7800,5.8321,2.5600,2.2782,3.8043
2023-08-31,6.7300,5.8739,2.5575,2.2967,3.4670
2023-09-01,6.7600,5.8488,2.5850,2.2626,4.0480
2023-09-04,6.8600,5.7665,2.6124,2.2074,5.6222
2023-09-05,6.7900,5.8239,2.6150,2.2271,4.9100
2023-09-06,6.8400,5.7828,2.6375,2.1925,5.9595
2023-09-07,6.7900,5.8239,2.6350,2.2102,5.4535
2023-09-08,6.7500,5.8571,2.6375,2.2207,5.1349
2023-09-11,6.7900,5.8239,2.6300,2.2144,5.2849
2023-09-12,6.8100,5.8074,2.6230,2.2140,5.3036
2023-09-13,6.8000,5.8156,2.6150,2.2239,5.0412
2023-09-14,6.8600,5.7665,2.6075,2.2115,5.4160
2023-09-15,6.8700,5.7584,2.6400,2.1812,6.2406
2023-09-18,6.8200,5.7992,2.6500,2.1884,6.0532
2023-09-19,6.8800,5.7504,2.6625,2.1598,6.7091
2023-09-20,6.8800,5.7504,2.6650,2.1577,6.8216
2023-09-21,6.8500,5.7746,2.6576,2.1729,6.4280
2023-09-22,6.9300,5.7103,2.6776,2.1326,7.4775
2023-09-25,6.9100,5.7263,2.6976,2.1227,7.7399
2023-09-26,6.9000,5.7343,2.6951,2.1277,7.5337
2023-09-27,6.8800,5.7504,2.6877,2.1395,7.3088
2023-09-28,6.8500,5.7746,2.6751,2.1586,6.7279
2023-10-09,6.7800,5.8321,2.6702,2.1841,6.1657
2023-10-10,6.7600,5.8488,2.6811,2.1815,6.2219
2023-10-11,6.7700,5.8405,2.6976,2.1651,6.5780
2023-10-12,6.8900,5.7423,2.6911,2.1338,7.4400
2023-10-13,6.8500,5.7746,2.6702,2.1626,6.6342
2023-10-16,6.8200,5.7992,2.6777,2.1657,6.5592
2023-10-17,6.8400,5.7828,2.6882,2.1512,6.9340
2023-10-18,6.8000,5.8156,2.7052,2.1498,7.0277
2023-10-19,6.6000,5.9942,2.7177,2.2056,5.6784
2023-10-20,6.6300,5.9680,2.7052,2.2061,5.6409
2023-10-23,6.5900,6.0029,2.7047,2.2194,5.1724
2023-10-24,6.5800,6.0117,2.7177,2.2121,5.3786
2023-10-25,6.6800,5.9163,2.7052,2.1870,6.0907
2023-10-26,6.7100,5.8908,2.7152,2.1696,6.5030
2023-10-27,6.7400,5.8655,2.7133,2.1618,6.6904
2023-10-30,6.5600,6.0294,2.7141,2.2215,5.1162
2023-10-31,6.5800,6.0117,2.6938,2.2317,4.8163
2023-11-01,6.6200,5.9767,2.6853,2.2257,4.9288
2023-11-02,6.6900,5.9078,2.6553,2.2249,4.9663
2023-11-03,6.6500,5.9507,2.6613,2.2360,4.7039
2023-11-06,6.6900,5.9078,2.6554,2.2248,4.9850
2023-11-07,6.6700,5.9334,2.6632,2.2279,4.8726
2023-11-08,6.6600,5.9420,2.6464,2.2453,4.4603
2023-11-09,6.6800,5.9163,2.6494,2.2331,4.7601
2023-11-10,6.6400,5.9593,2.6444,2.2536,4.2354
2023-11-13,6.6400,5.9593,2.6454,2.2527,4.2916
2023-11-14,6.6400,5.9593,2.6573,2.2426,4.5165
2023-11-15,6.7100,5.8908,2.6633,2.2118,5.3973
2023-11-16,6.6800,5.9163,2.6558,2.2277,4.8913
2023-11-17,6.6200,5.9767,2.6524,2.2533,4.2541
2023-11-20,6.6700,5.9334,2.6584,2.2319,4.7976
2023-11-21,6.7100,5.8908,2.6684,2.2076,5.6034
2023-11-22,6.6900,5.9078,2.6823,2.2025,5.8096
2023-11-23,6.6800,5.9163,2.7023,2.1894,6.0157
2023-11-24,6.7000,5.8993,2.7053,2.1806,6.2594
2023-11-27,6.6600,5.9420,2.7108,2.1920,5.9783
2023-11-28,6.6300,5.9680,2.6898,2.2188,5.2286
2023-11-29,6.5800,6.0117,2.6826,2.2410,4.5727
2023-11-30,6.6100,5.9854,2.6680,2.2434,4.4978
2023-12-01,6.6100,5.9854,2.6625,2.2480,4.3853
2023-12-04,6.5700,6.0206,2.6725,2.2528,4.2729
2023-12-05,6.4700,6.1103,2.6650,2.2928,3.5045
2023-12-06,6.3800,6.2027,2.6725,2.3209,3.1109
2023-12-07,6.3800,6.2027,2.6640,2.3283,2.9798
2023-12-08,6.4300,6.1469,2.6636,2.3077,3.3171
2023-12-11,6.4800,6.1012,2.6440,2.3076,3.3546
2023-12-12,6.4700,6.1103,2.6375,2.3167,3.2046
2023-12-13,6.4700,6.1103,2.6226,2.3299,2.9423
2023-12-14,6.4000,6.1747,2.6376,2.3410,2.8111
2023-12-15,6.3400,6.2405,2.6227,2.3794,2.4363
2023-12-18,6.3500,6.2310,2.6126,2.3850,2.3988
2023-12-19,6.3300,6.2500,2.6191,2.3863,2.3801
2023-12-20,6.3000,6.2787,2.6222,2.3944,2.3238
2023-12-21,6.3400,6.2405,2.5901,2.4094,2.1552
2023-12-22,6.3500,6.2310,2.5877,2.4079,2.1927
2023-12-25,6.3500,6.2310,2.5678,2.4266,1.9303
2023-12-26,6.3300,6.2500,2.5804,2.4221,2.0240
2023-12-27,6.3700,6.2121,2.5577,2.4288,1.8928
2023-12-28,6.4400,6.1377,2.5694,2.3888,2.3613
2023-12-29,6.3900,6.1934,2.5553,2.4237,1.9865
2024-01-02,6.3700,4.8485,2.5601,1.8939,14.5240
2024-01-03,6.4000,4.8193,2.5531,1.8876,14.6739
2024-01-04,6.3900,4.8338,2.5368,1.9055,13.9805
2024-01-05,6.4400,4.7904,2.5175,1.9028,14.1117
2024-01-08,6.3600,4.8558,2.5136,1.9318,12.6499
2024-01-09,6.3800,4.8411,2.4862,1.9472,11.8628
2024-01-10,6.3400,4.8706,2.4982,1.9496,11.6567
2024-01-11,6.3000,4.9005,2.4992,1.9608,11.0195
2024-01-12,6.2700,4.9231,2.5172,1.9558,11.3568
2024-01-15,6.2800,4.9155,2.5212,1.9497,11.6379
2024-01-16,6.3600,4.8558,2.5252,1.9229,13.1559
2024-01-17,6.3000,4.9005,2.5077,1.9542,11.4693
2024-01-18,6.3300,4.8780,2.5092,1.9440,11.9565
2024-01-19,6.3600,4.8558,2.5027,1.9402,12.2189
2024-01-22,6.3600,4.8558,2.4922,1.9484,11.8066
2024-01-23,6.3900,4.8338,2.5042,1.9303,12.7249
2024-01-24,6.4700,4.7690,2.5042,1.9044,14.0367
2024-01-25,6.5300,4.7267,2.4984,1.8919,14.6552
2024-01-26,6.6300,4.6579,2.4994,1.8636,15.4423
2024-01-29,6.6600,4.6377,2.4940,1.8595,15.4985
2024-01-30,6.5900,4.6852,2.4557,1.9079,13.9055
2024-01-31,6.5900,4.6852,2.4330,1.9257,13.0622
2024-02-01,6.5600,4.7059,2.4354,1.9323,12.6312
2024-02-02,6.6000,4.6784,2.4244,1.9297,12.7436
2024-02-05,6.6500,4.6444,2.4002,1.9350,12.5187
2024-02-06,6.7500,4.5714,2.4525,1.8640,15.4048
2024-02-07,6.6900,4.6110,2.4153,1.9091,13.8681
2024-02-08,6.7100,4.5977,2.4379,1.8859,14.7489
2024-02-19,6.8700,4.4944,2.4344,1.8462,15.7609
2024-02-20,6.8500,4.5070,2.4134,1.8675,15.2736
2024-02-21,6.9800,4.4199,2.4119,1.8325,16.2294
2024-02-22,6.9500,4.4383,2.4033,1.8468,15.7421
2024-02-23,7.0200,4.3956,2.4009,1.8308,16.2669
2024-02-26,6.8500,4.5070,2.3789,1.8946,14.4678
2024-02-27,6.8900,4.4818,2.3809,1.8824,14.8988
2024-02-28,6.8500,4.5070,2.3376,1.9280,12.8748
2024-02-29,6.9000,4.4755,2.3375,1.9147,13.7181
2024-03-01,6.8600,4.5007,2.3675,1.9010,14.2616
2024-03-04,6.8200,4.5262,2.3475,1.9281,12.8561
2024-03-05,6.9100,4.4693,2.3169,1.9290,12.7624
2024-03-06,6.8700,4.4944,2.2650,1.9843,10.1574
2024-03-07,6.8900,4.4818,2.2776,1.9678,10.7009
2024-03-08,6.8700,4.4944,2.2825,1.9691,10.6072
2024-03-11,6.8600,4.5007,2.3050,1.9526,11.5067
2024-03-12,6.8500,4.5070,2.3476,1.9198,13.3808
2024-03-13,6.7900,4.5455,2.3326,1.9487,11.7504
2024-03-14,6.7900,4.5455,2.3425,1.9404,12.1627
2024-03-15,6.8400,4.5134,2.3200,1.9454,11.9378
2024-03-18,6.8400,4.5134,2.2926,1.9687,10.6447
2024-03-19,6.7600,4.5649,2.2801,2.0021,9.7451
2024-03-20,6.7800,4.5519,2.2951,1.9833,10.1949
2024-03-21,6.8500,4.5070,2.2851,1.9723,10.4198
2024-03-22,6.7900,4.5455,2.3051,1.9719,10.4573
2024-03-25,6.8100,4.5326,2.3151,1.9578,11.2069
2024-03-26,6.9000,4.4755,2.3175,1.9312,12.6687
2024-03-27,6.9200,4.4630,2.2876,1.9510,11.6004
2024-03-28,6.9200,4.4630,2.3026,1.9382,12.3501
2024-03-29,6.8800,4.4881,2.2901,1.9598,11.0757
2024-04-01,6.9700,4.4260,2.3082,1.9175,13.6244
2024-04-02,7.0100,4.4017,2.2927,1.9199,13.3433
2024-04-03,6.9700,4.4260,2.2837,1.9381,12.3688
2024-04-08,7.0200,4.3956,2.2822,1.9260,13.0247
2024-04-09,7.0000,4.4077,2.2802,1.9330,12.5937
2024-04-10,7.0100,4.4017,2.2972,1.9161,13.6619
2024-04-11,6.9800,4.4199,2.2928,1.9277,12.9123
2024-04-12,6.8800,4.4881,2.2837,1.9653,10.7759
2024-04-15,7.0400,4.3836,2.2798,1.9228,13.1934
2024-04-16,7.0000,4.4077,2.2723,1.9398,12.2376
2024-04-17,7.0800,4.3597,2.2608,1.9284,12.7999
2024-04-18,7.0700,4.3656,2.2537,1.9371,12.4250
2024-04-19,7.0800,4.3597,2.2540,1.9342,12.5562
2024-04-22,7.0300,4.3896,2.2435,1.9566,11.3381
2024-04-23,7.0800,4.3597,2.2260,1.9585,11.1694
2024-04-24,7.1000,4.3478,2.2727,1.9131,13.7744
2024-04-25,7.1500,4.3185,2.2612,1.9098,13.8306
2024-04-26,7.1600,4.3127,2.3084,1.8683,15.2549
2024-04-29,7.1600,4.3127,2.3530,1.8329,16.1919
2024-04-30,7.4300,4.1558,2.3028,1.8047,17.1477
2024-05-06,7.5700,4.0764,2.3081,1.7661,18.5907
2024-05-07,7.5400,4.0921,2.2896,1.7873,17.8598
2024-05-08,7.5200,4.1026,2.2955,1.7872,17.8786
2024-05-09,7.5200,4.1026,2.3186,1.7694,18.4408
2024-05-10,7.6600,4.0302,2.3122,1.7430,19.3591
2024-05-13,7.6800,4.0201,2.2900,1.7555,18.8718
2024-05-14,7.6000,4.0609,2.2938,1.7704,18.4220
2024-05-15,7.6100,4.0558,2.3020,1.7619,18.7781
2024-05-16,7.7400,3.9900,2.3147,1.7238,20.0150
2024-05-17,7.8700,3.9216,2.3077,1.6994,20.9520
2024-05-20,8.0300,3.8462,2.3105,1.6647,22.3576
2024-05-21,8.1200,3.8005,2.3141,1.6423,23.5382
2024-05-22,8.2300,3.7515,2.3123,1.6224,24.1754
2024-05-23,8.2200,3.7559,2.3063,1.6285,24.0067
2024-05-24,8.1400,3.7915,2.3134,1.6389,23.6507
2024-05-27,8.2400,3.7471,2.3084,1.6232,24.1192
2024-05-28,8.2400,3.7471,2.2994,1.6296,23.9880
2024-05-29,8.1900,3.7691,2.2776,1.6549,22.9385
2024-05-30,8.1000,3.8095,2.2826,1.6689,22.1702
2024-05-31,8.0400,3.8369,2.2926,1.6736,21.9453
2024-06-03,7.9900,3.8647,2.2853,1.6911,21.2144
2024-06-04,8.0300,3.8462,2.2854,1.6829,21.5517
2024-06-05,8.0000,3.8601,2.2808,1.6924,21.1394
2024-06-06,7.9600,3.8788,2.2828,1.6991,20.9708
2024-06-07,8.0200,3.8508,2.2833,1.6865,21.4018
2024-06-11,7.8600,3.9264,2.2791,1.7228,20.0525
2024-06-12,7.8200,3.9457,2.2760,1.7336,19.7339
2024-06-13,7.8400,3.9360,2.2678,1.7356,19.6214
2024-06-14,7.8500,3.9312,2.2558,1.7427,19.3778
2024-06-17,7.8100,3.9506,2.2609,1.7474,19.1904
2024-06-18,7.8000,3.9555,2.2537,1.7551,18.9093
2024-06-19,7.9300,3.8929,2.2429,1.7357,19.5840
2024-06-20,7.9100,3.9024,2.2445,1.7387,19.5277
2024-06-21,7.8800,3.9168,2.2571,1.7353,19.6589
2024-06-24,7.8600,3.9264,2.2451,1.7489,19.0967
2024-06-25,7.9100,3.9024,2.2350,1.7460,19.3216
2024-06-26,7.9200,3.8977,2.2225,1.7537,18.9280
2024-06-27,7.9300,3.8929,2.2081,1.7630,18.7406
2024-06-28,7.9400,3.8882,2.2058,1.7627,18.7594
2024-07-01,7.9900,3.8647,2.2486,1.7187,20.1649
2024-07-02,8.2300,3.7515,2.2369,1.6771,21.7766
2024-07-03,8.2300,3.7515,2.2426,1.6728,22.0202
2024-07-04,8.2000,3.7647,2.2502,1.6731,22.0015
2024-07-05,8.0400,3.8369,2.2754,1.6863,21.4205
2024-07-08,8.1300,3.7960,2.2904,1.6574,22.7886
2024-07-09,8.3300,3.7037,2.2698,1.6317,23.8756
2024-07-10,8.3800,3.6824,2.2707,1.6217,24.2129
2024-07-11,8.3000,3.7209,2.2648,1.6429,23.5195
2024-07-12,8.5300,3.6199,2.2604,1.6014,24.7751
2024-07-15,8.5700,3.6036,2.2541,1.5987,24.8313
2024-07-16,8.5500,3.6117,2.2613,1.5972,24.9813
2024-07-17,8.7200,3.5398,2.2598,1.5664,26.0870
2024-07-18,8.7700,3.6488,2.2673,1.6093,24.6439
2024-07-19,8.7300,3.6655,2.2614,1.6209,24.2691
2024-07-22,8.5800,3.7296,2.2461,1.6605,22.5262
2024-07-23,8.5900,3.7253,2.2322,1.6689,22.1889
2024-07-24,8.5500,3.7427,2.2381,1.6723,22.0765
2024-07-25,8.5200,3.7559,2.2168,1.6943,21.0832
2024-07-26,8.3300,3.8415,2.1944,1.7506,19.0405
2024-07-29,8.5300,3.7515,2.1574,1.7389,19.5090
2024-07-30,8.3900,3.8141,2.1480,1.7757,18.2721
2024-07-31,8.4000,3.8095,2.1494,1.7724,18.3283
2024-08-01,8.5700,3.7340,2.1297,1.7533,18.9468
2024-08-02,8.4700,3.7780,2.1277,1.7756,18.2909
2024-08-05,8.3800,3.8186,2.1376,1.7864,17.8973
2024-08-06,8.2400,3.8835,2.1491,1.8070,17.0915
2024-08-07,8.3100,3.8508,2.1414,1.7983,17.4475
2024-08-08,8.3800,3.8186,2.1810,1.7508,19.0217
2024-08-09,8.5300,3.7515,2.1986,1.7063,20.5960
2024-08-12,8.5800,3.7296,2.2508,1.6570,22.8448
2024-08-13,8.5900,3.7253,2.2255,1.6739,21.9078
2024-08-14,8.5700,3.7340,2.1966,1.6999,20.8771
2024-08-15,8.7400,3.6613,2.2050,1.6605,22.5450
2024-08-16,8.8500,3.6158,2.1978,1.6452,23.4258
2024-08-19,9.0200,3.5477,2.1816,1.6262,24.0630
2024-08-20,8.9100,3.5915,2.1710,1.6543,23.0135
2024-08-21,8.9600,3.5714,2.1670,1.6481,23.2384
2024-08-22,9.0100,3.5516,2.1582,1.6456,23.3696
2024-08-23,9.0000,3.5556,2.1547,1.6502,23.1447
2024-08-26,8.8800,3.6036,2.1628,1.6662,22.3013
2024-08-27,8.8800,3.6036,2.1903,1.6453,23.4070
2024-08-28,8.8200,3.6281,2.1673,1.6740,21.8891
2024-08-29,8.5500,3.7427,2.1703,1.7245,19.9775
2024-08-30,8.4300,3.7960,2.1704,1.7490,19.0780
2024-09-02,8.3900,3.8141,2.1457,1.7776,18.1784
2024-09-03,8.2500,3.8788,2.1432,1.8098,16.9603
2024-09-04,8.3200,3.8462,2.1336,1.8027,17.2601
2024-09-05,8.3200,3.8462,2.1338,1.8025,17.2789
2024-09-06,8.4300,3.7960,2.1388,1.7748,18.3096
2024-09-09,8.3800,3.8186,2.1267,1.7956,17.5787
2024-09-10,8.5000,3.7647,2.1143,1.7806,18.1034
2024-09-11,8.2500,3.8788,2.1044,1.8432,15.8171
2024-09-12,8.4700,3.7780,2.0998,1.7992,17.3726
2024-09-13,8.3500,3.8323,2.0724,1.8492,15.6672
2024-09-18,8.3200,3.8462,2.0403,1.8851,14.8051
2024-09-19,8.5200,3.7559,2.0450,1.8366,16.0607
2024-09-20,8.5100,3.7603,2.0431,1.8405,15.9108
2024-09-23,8.6300,3.7080,2.0381,1.8193,16.6229
2024-09-24,9.0900,3.5204,2.0728,1.6984,20.9895
2024-09-25,9.4900,3.3720,2.0437,1.6499,23.1634
2024-09-26,9.8400,3.2520,2.0787,1.5644,26.1619
2024-09-27,9.8700,3.2421,2.1714,1.4931,28.4670
2024-09-30,10.1300,3.1589,2.1518,1.4680,29.8538
2024-10-08,10.5000,3.0476,2.1928,1.3898,33.3021
2024-10-09,9.9100,3.2291,2.1760,1.4840,28.8418
2024-10-10,10.3100,3.1038,2.1441,1.4476,30.8283
2024-10-11,10.1600,3.1496,2.1392,1.4723,29.5915
2024-10-14,10.4000,3.0769,2.1368,1.4400,31.1844
2024-10-15,10.2500,3.1220,2.1254,1.4689,29.8163
2024-10-16,10.3400,3.0948,2.1331,1.4508,30.6784
2024-10-17,10.2200,3.1311,2.1084,1.4851,28.7669
2024-10-18,10.1500,3.1527,2.1209,1.4865,28.6919
2024-10-21,10.1600,3.1496,2.1211,1.4849,28.7856
2024-10-22,10.1300,3.1589,2.1458,1.4721,29.6289
2024-10-23,10.1800,3.1434,2.1559,1.4580,30.3786
2024-10-24,10.1400,3.1558,2.1661,1.4569,30.4160
2024-10-25,10.0800,3.1746,2.1539,1.4739,29.4415
2024-10-28,10.0600,3.1809,2.1617,1.4715,29.6852
2024-10-29,9.9900,3.2032,2.1598,1.4831,28.9730
2024-10-30,9.9400,3.2193,2.1597,1.4906,28.5607
2024-10-31,9.8400,3.2520,2.1476,1.5142,27.5112
2024-11-01,9.9400,3.2193,2.1406,1.5039,27.9798
2024-11-04,9.9900,3.2032,2.1275,1.5056,27.9610
2024-11-05,10.0600,3.1809,2.1106,1.5071,27.8486
2024-11-06,9.9500,3.2161,2.1234,1.5146,27.4738
2024-11-07,10.2800,3.1128,2.1115,1.4742,29.3666
2024-11-08,10.0600,3.1809,2.1067,1.5099,27.7361
2024-11-11,9.7200,3.2922,2.0920,1.5737,25.8621
2024-11-12,9.6600,3.3126,2.0729,1.5981,24.9063
2024-11-13,9.6300,3.3229,2.0876,1.5917,25.2061
2024-11-14,9.6500,3.3161,2.0808,1.5937,25.1312
2024-11-15,9.5400,3.3543,2.0948,1.6013,24.7939
2024-11-18,9.8300,3.2553,2.1117,1.5416,26.7054
2024-11-19,9.7900,3.2686,2.0947,1.5604,26.3493
2024-11-20,9.7100,3.2956,2.1025,1.5675,26.0120
2024-11-21,9.7200,3.2922,2.0843,1.5795,25.5997
2024-11-22,9.4800,3.3755,2.0832,1.6203,24.3441
2024-11-25,9.3300,3.4298,2.0682,1.6584,22.6762
2024-11-26,9.3100,3.4372,2.0657,1.6639,22.4138
2024-11-27,9.4300,3.3934,2.0553,1.6510,23.1072
2024-11-28,9.4400,3.3898,2.0304,1.6695,22.1139
2024-11-29,9.4600,3.3827,2.0206,1.6741,21.8703
2024-12-02,9.4900,3.3720,1.9810,1.7022,20.8021
2024-12-03,9.6500,3.3161,1.9886,1.6676,22.2264
2024-12-04,9.7500,3.2821,1.9612,1.6735,21.9640
2024-12-05,9.6400,3.3195,1.9462,1.7056,20.6147
2024-12-06,9.7000,3.2990,1.9539,1.6884,21.2894
2024-12-09,9.6600,3.3126,1.9168,1.7282,19.8651
2024-12-10,9.8000,3.2653,1.8468,1.7681,18.4970
2024-12-11,9.6300,3.3229,1.8218,1.8240,16.4918
2024-12-12,9.8200,3.2587,1.8172,1.7933,17.6349
2024-12-13,9.6600,3.3126,1.7771,1.8640,15.3861
2024-12-16,9.6400,3.3195,1.7215,1.9283,12.8186
2024-12-17,9.5300,3.3578,1.7237,1.9480,11.8441
2024-12-18,9.5400,3.3543,1.7564,1.9098,13.8493
2024-12-19,9.5300,3.3578,1.7417,1.9279,12.8936
2024-12-20,9.5800,3.3403,1.7018,1.9628,10.8883
2024-12-23,9.9300,3.2226,1.7019,1.8935,14.5802
2024-12-24,10.1300,3.1589,1.7166,1.8402,15.9483
2024-12-25,10.3500,3.0918,1.7365,1.7805,18.1222
2024-12-26,10.3400,3.0948,1.7122,1.8075,17.0352
2024-12-27,10.3600,3.0888,1.6929,1.8246,16.4543
2024-12-30,10.4700,3.0564,1.7128,1.7844,17.9723
2024-12-31,10.2900,3.1098,1.6752,1.8564,15.5360
2025-01-02,10.1300,3.1688,1.6077,1.9710,10.4948
2025-01-03,10.0600,3.1909,1.6041,1.9892,10.0637
2025-01-06,10.1500,3.1626,1.5966,1.9808,10.2511
2025-01-07,10.2700,3.1256,1.6093,1.9422,12.0690
2025-01-08,10.3000,3.1165,1.6069,1.9394,12.3126
2025-01-09,10.1900,3.1501,1.6368,1.9245,13.1184
2025-01-10,10.1300,3.1688,1.6338,1.9395,12.2939
2025-01-13,10.0000,3.2100,1.6592,1.9347,12.5375
2025-01-14,10.1600,3.1594,1.6446,1.9211,13.2684
2025-01-15,10.2100,3.1440,1.6330,1.9253,13.0997
2025-01-16,10.2100,3.1440,1.6394,1.9178,13.5870
2025-01-17,10.2700,3.1256,1.6593,1.8837,14.8801
2025-01-20,10.3700,3.0955,1.6747,1.8484,15.7234
2025-01-21,10.3700,3.0955,1.6496,1.8765,15.0487
2025-01-22,10.0300,3.2004,1.6602,1.9277,12.9310
2025-01-23,10.3100,3.1135,1.6645,1.8705,15.1612
2025-01-24,10.3900,3.0895,1.6565,1.8651,15.3486
2025-01-27,10.6500,3.0141,1.6299,1.8493,15.6484
2025-02-05,10.4100,3.0836,1.6207,1.9026,14.1304
2025-02-06,10.4300,3.0777,1.5958,1.9286,12.7811
2025-02-07,10.3400,3.1044,1.6032,1.9364,12.4625
2025-02-10,10.2700,3.1256,1.6342,1.9126,13.7931
2025-02-11,10.3000,3.1165,1.6274,1.9150,13.6994
2025-02-12,10.4100,3.0836,1.6336,1.8876,14.6927
2025-02-13,10.3100,3.1135,1.6346,1.9047,14.0180
2025-02-14,10.4100,3.0836,1.6546,1.8637,15.4235
2025-02-17,10.2700,3.1256,1.6934,1.8458,15.7796
2025-02-18,10.5000,3.0571,1.7006,1.7977,17.4663
2025-02-19,10.4400,3.0747,1.6626,1.8493,15.6297
2025-02-20,10.3900,3.0895,1.6850,1.8335,16.1357
2025-02-21,10.2900,3.1195,1.7200,1.8137,16.8103
2025-02-24,10.2100,3.1440,1.7625,1.7838,18.0097
2025-02-25,10.1000,3.1782,1.7275,1.8398,15.9858
2025-02-26,10.1800,3.1532,1.7251,1.8278,16.3231
2025-02-27,10.2400,3.1348,1.7576,1.7836,18.0472
2025-02-28,10.1700,3.1563,1.7152,1.8402,15.9670
2025-03-03,10.1500,3.1626,1.6955,1.8653,15.3298
2025-03-04,10.1000,3.1782,1.7079,1.8609,15.4610
2025-03-05,10.2500,3.1317,1.7083,1.8332,16.1544
2025-03-06,10.1300,3.1688,1.7455,1.8154,16.7916
2025-03-07,10.1400,3.1657,1.8002,1.7585,18.8156
2025-03-10,10.1000,3.1782,1.8128,1.7532,18.9655
2025-03-11,10.1200,3.1719,1.8853,1.6824,21.6079
2025-03-12,10.1200,3.1719,1.8334,1.7301,19.7526
2025-03-13,10.2200,3.1409,1.8565,1.6918,21.1582
2025-03-14,10.4200,3.0806,1.8317,1.6818,21.6454
2025-03-17,10.6000,3.0283,1.8957,1.5975,24.9625
2025-03-18,10.6400,3.0169,1.8885,1.5975,24.9438
2025-03-19,10.6500,3.0141,1.8708,1.6111,24.6064
2025-03-20,10.6600,3.0113,1.8309,1.6447,23.4445
2025-03-21,10.4700,3.0659,1.8458,1.6610,22.5075
2025-03-24,10.6100,3.0254,1.8413,1.6431,23.5007
2025-03-25,10.6100,3.0254,1.8183,1.6639,22.4325
2025-03-26,10.4700,3.0659,1.7943,1.7087,20.5397
2025-03-27,10.5500,3.0427,1.8062,1.6846,21.4580
2025-03-28,10.4400,3.0747,1.8126,1.6963,21.0645
2025-03-31,10.4300,3.0777,1.8129,1.6977,21.0270
2025-04-01,10.3500,3.1014,1.8104,1.7131,20.3523
2025-04-02,10.4600,3.0688,1.7887,1.7157,20.2399
2025-04-03,10.4800,3.0630,1.7180,1.7829,18.0660
2025-04-07,9.6500,3.3264,1.6318,2.0385,8.9768
2025-04-08,10.2000,3.1471,1.6633,1.8921,14.6177
2025-04-09,10.0100,3.2068,1.6508,1.9426,12.0315
2025-04-10,10.0000,3.2100,1.6444,1.9521,11.5630
2025-04-11,10.0700,3.1877,1.6568,1.9240,13.1372
2025-04-14,10.1800,3.1532,1.6584,1.9014,14.2429
2025-04-15,10.4700,3.0659,1.6583,1.8488,15.6859
2025-04-16,10.6000,3.0283,1.6430,1.8432,15.8358
2025-04-17,10.7500,2.9860,1.6522,1.8073,17.0727
2025-04-18,10.8100,2.9695,1.6493,1.8005,17.3351
2025-04-21,10.5700,3.0369,1.6664,1.8224,16.5105
2025-04-22,10.7100,2.9972,1.6509,1.8155,16.7729
2025-04-23,10.6700,3.0084,1.6611,1.8111,16.9228
2025-04-24,10.7400,2.9888,1.6640,1.7962,17.5600
2025-04-25,10.5900,3.0312,1.6606,1.8254,16.4168
2025-04-28,10.7400,2.9888,1.6483,1.8133,16.8478
2025-04-29,10.8300,2.9640,1.6241,1.8250,16.4355
2025-04-30,10.9600,2.9288,1.6243,1.8031,17.2414
2025-05-06,11.1700,2.8738,1.6298,1.7633,18.6844
2025-05-07,11.3700,2.8232,1.6418,1.7196,20.1274
2025-05-08,11.6300,2.7601,1.6331,1.6901,21.2331
2025-05-09,11.8000,2.7203,1.6351,1.6637,22.4513
2025-05-12,11.7100,2.7412,1.6880,1.6239,24.1004
2025-05-13,12.0800,2.6573,1.6704,1.5908,25.2249
2025-05-14,12.1500,2.6420,1.6736,1.5786,25.6184
2025-05-15,12.2900,2.6119,1.6798,1.5549,26.4430
2025-05-16,12.1000,2.6529,1.6793,1.5798,25.5810
2025-05-19,12.0000,2.6750,1.6893,1.5835,25.4685
2025-05-20,12.2700,2.6161,1.7004,1.5385,26.7804
2025-05-21,12.2700,2.6161,1.7100,1.5299,27.0615
2025-05-22,12.4300,2.5825,1.7186,1.5027,28.0922
2025-05-23,12.2300,2.6247,1.7208,1.5253,27.1927
2025-05-26,12.0500,2.6639,1.7201,1.5487,26.5742
2025-05-27,12.1900,2.6333,1.7261,1.5256,27.1739
2025-05-28,12.2200,2.6268,1.6832,1.5606,26.3306
2025-05-29,12.1700,2.6376,1.6877,1.5628,26.2369
2025-05-30,12.3300,2.6034,1.6712,1.5578,26.3681
2025-06-03,12.5400,2.5598,1.6764,1.5270,27.1364
2025-06-04,12.3800,2.5929,1.6704,1.5523,26.4993
2025-06-05,12.3200,2.6055,1.6741,1.5564,26.3868
2025-06-06,12.3200,2.6055,1.6547,1.5746,25.8246
2025-06-09,12.3100,2.6076,1.6559,1.5747,25.8058
2025-06-10,12.3600,2.5971,1.6569,1.5674,26.0307
2025-06-11,12.3500,2.5992,1.6420,1.5829,25.5060
2025-06-12,12.4600,2.5762,1.6475,1.5637,26.2181
2025-06-13,12.3400,2.6013,1.6440,1.5823,25.5247
2025-06-16,12.5800,2.5517,1.6432,1.5529,26.4805
2025-06-17,12.5400,2.5598,1.6364,1.5643,26.1807
2025-06-18,12.7800,2.5117,1.6384,1.5330,26.9115
2025-06-19,12.7400,2.5196,1.6425,1.5340,26.8553
2025-06-20,13.0200,2.4654,1.6396,1.5037,28.0360
2025-06-23,13.3100,2.4117,1.6418,1.4689,29.7976
