date,收盘价(前复权)(元),股息率(Tushare)(%),十年,股债性价比,温度计
2002-01-04,0.5200,1.1028,3.2096,0.3436,71.9011
2002-01-08,0.5200,1.1116,3.5225,0.3156,75.7294
2002-01-09,0.5200,1.1108,3.5896,0.3094,76.3799
2002-01-10,0.5200,1.1148,3.5784,0.3115,76.1197
2002-01-11,0.5100,1.1287,3.4532,0.3269,74.0383
2002-01-14,0.5000,1.1541,3.5114,0.3287,73.8710
2002-01-15,0.4900,1.1798,3.5023,0.3369,72.9418
2002-01-16,0.4900,1.1762,3.4414,0.3418,72.2542
2002-01-17,0.4700,1.2278,3.4511,0.3558,70.7489
2002-01-18,0.4700,1.2327,3.2968,0.3739,67.6083
2002-01-21,0.4400,1.3049,3.2563,0.4007,63.5941
2002-01-22,0.4500,1.2715,3.3182,0.3832,65.9729
2002-01-23,0.4800,1.1862,3.1897,0.3719,67.9985
2002-01-24,0.4900,1.1753,3.2581,0.3607,70.0613
2002-01-25,0.4900,1.1843,3.0795,0.3846,65.7684
2002-01-28,0.4600,1.2590,3.1584,0.3986,63.8729
2002-01-29,0.4700,1.2278,3.8100,0.3223,74.7631
2002-01-30,0.4700,1.2308,3.2152,0.3828,66.0658
2002-01-31,0.5000,1.1524,3.2186,0.3580,70.3958
2002-02-01,0.5000,1.1620,3.2016,0.3629,69.8383
2002-02-04,0.5000,1.1541,3.2180,0.3586,70.3215
2002-02-05,0.5000,1.1481,3.1893,0.3600,70.1357
2002-02-06,0.4900,1.1726,3.1897,0.3676,69.0764
2002-02-07,0.5000,1.1515,3.2491,0.3544,70.8790
2002-02-08,0.5000,1.1507,3.2085,0.3586,70.3029
2002-02-25,0.4800,1.1926,3.1616,0.3772,67.0507
2002-02-26,0.4700,1.2123,3.1512,0.3847,65.6755
2002-02-27,0.4800,1.1880,3.1481,0.3774,67.0136
2002-02-28,0.4800,1.2047,3.1315,0.3847,65.6941
2002-03-01,0.4700,1.2191,3.1155,0.3913,64.9136
2002-03-04,0.4800,1.2085,3.0828,0.3920,64.7649
2002-03-05,0.4800,1.1880,3.0850,0.3851,65.6384
2002-03-06,0.4900,1.1834,3.0864,0.3834,65.9543
2002-03-07,0.5000,1.1524,3.0840,0.3737,67.6268
2002-03-08,0.5000,1.1576,3.0656,0.3776,66.9764
2002-03-11,0.5100,1.1362,3.0730,0.3697,68.5560
2002-03-12,0.4900,1.1664,3.0044,0.3882,65.2667
2002-03-13,0.5100,1.1354,2.9872,0.3801,66.4932
2002-03-14,0.5100,1.1346,2.9798,0.3808,66.3817
2002-03-15,0.5000,1.1567,3.0188,0.3832,65.9915
2002-03-18,0.5100,1.1329,3.0232,0.3747,67.4224
2002-03-19,0.5100,1.1181,2.9442,0.3798,66.5861
2002-03-20,0.5200,1.1164,3.0009,0.3720,67.9613
2002-03-21,0.5100,1.1230,2.9508,0.3806,66.4189
2002-03-22,0.5100,1.1388,2.9468,0.3865,65.4339
2002-03-25,0.5100,1.1263,2.9166,0.3862,65.5083
2002-03-26,0.5000,1.1602,2.9052,0.3994,63.7242
2002-03-27,0.5000,1.1550,3.0714,0.3761,67.2180
2002-03-28,0.5000,1.1559,3.0536,0.3785,66.8091
2002-03-29,0.4800,1.1880,2.8551,0.4161,62.5348
2002-04-01,0.4900,1.1655,2.7433,0.4249,62.0331
2002-04-02,0.4900,1.1682,2.7048,0.4319,61.4198
2002-04-03,0.5000,1.1396,2.9179,0.3906,65.0065
2002-04-04,0.5100,1.1321,2.7323,0.4143,62.7021
2002-04-05,0.5100,1.1329,3.2699,0.3465,71.6038
2002-04-08,0.5100,1.1312,2.7346,0.4137,62.7207
2002-04-09,0.5000,1.1455,2.7982,0.4094,62.9809
2002-04-11,0.5000,1.1594,2.6737,0.4336,61.3641
2002-04-12,0.5000,1.1464,2.6736,0.4288,61.7172
2002-04-15,0.5000,1.1559,2.6374,0.4383,61.1968
2002-04-16,0.4900,1.1637,2.5653,0.4536,60.2490
2002-04-17,0.5000,1.1567,2.6181,0.4418,60.9738
2002-04-18,0.5000,1.1541,2.5275,0.4566,60.0818
2002-04-19,0.5000,1.1498,2.5800,0.4457,60.7322
2002-04-22,0.5000,5.7184,2.5865,2.2109,12.6742
2002-04-23,0.4900,1.1646,2.5637,0.4543,60.2304
2002-04-24,0.4800,1.1880,2.6050,0.4560,60.1561
2002-04-25,0.4800,1.1880,2.5478,0.4663,59.4871
2002-04-26,0.4900,1.1726,1.9775,0.5930,55.8632
2002-04-29,0.5000,1.1576,2.5363,0.4564,60.1004
2002-04-30,0.5000,1.1413,2.5022,0.4561,60.1375
2002-05-08,0.5000,1.1438,2.5363,0.4510,60.4906
2002-05-09,0.5000,1.1404,2.5192,0.4527,60.3791
2002-05-10,0.5000,1.1550,2.4972,0.4625,59.7101
2002-05-13,0.4900,1.1655,2.5072,0.4649,59.5800
2002-05-14,0.4900,1.1762,2.5447,0.4622,59.7473
2002-05-15,0.4800,1.1880,2.5035,0.4745,58.9110
2002-05-16,0.4700,1.2162,2.4959,0.4873,58.6322
2002-05-17,0.4800,1.2038,2.5423,0.4735,58.9853
2002-05-20,0.4700,1.2337,2.4837,0.4967,58.0561
2002-05-21,0.4700,1.2171,2.4961,0.4876,58.5951
2002-05-22,0.4600,1.2417,2.5476,0.4874,58.6136
2002-05-23,0.4600,1.2518,2.5547,0.4900,58.4650
2002-05-24,0.4400,1.3206,2.4983,0.5286,56.5694
2002-05-28,0.4400,1.2928,2.4178,0.5347,56.5137
2002-05-29,0.4300,1.3425,2.4199,0.5548,56.2721
2002-05-30,0.4300,1.3332,2.3924,0.5573,56.2163
2002-05-31,0.4200,1.3860,2.3810,0.5821,56.0119
2002-06-03,0.4100,1.3986,2.3353,0.5989,55.7889
2002-06-04,0.4200,1.3579,2.7385,0.4959,58.0933
2002-06-05,0.4200,1.3736,2.8028,0.4901,58.4464
2002-06-06,0.4400,1.3138,2.4016,0.5471,56.3464
2002-06-07,0.4400,1.3071,2.6786,0.4880,58.5579
2002-06-10,0.4400,1.3127,2.4376,0.5385,56.4765
2002-06-11,0.4400,1.3071,2.4831,0.5264,56.6066
2002-06-12,0.4400,1.3149,2.4339,0.5402,56.4393
2002-06-13,0.4300,1.3251,2.4341,0.5444,56.3836
2002-06-14,0.4300,1.3366,2.4564,0.5441,56.4022
2002-06-17,0.4300,1.3274,2.4467,0.5425,56.4207
2002-06-18,0.4400,1.3016,2.3741,0.5482,56.3278
2002-06-19,0.4400,1.3103,2.4818,0.5280,56.5880
2002-06-20,0.4400,1.3116,2.4517,0.5350,56.4951
2002-06-21,0.4600,1.2705,2.4606,0.5163,56.9597
2002-06-24,0.5000,1.1553,2.4936,0.4633,59.6358
2002-06-25,0.5300,1.1011,2.7081,0.4066,63.2596
2002-06-26,0.5200,1.1214,2.6982,0.4156,62.5906
2002-06-27,0.5200,1.1195,2.5912,0.4320,61.4012
2002-06-28,0.5400,1.0728,2.5798,0.4158,62.5720
2002-07-01,0.5300,1.0939,2.5719,0.4253,61.9773
2002-07-02,0.5400,1.0694,2.5258,0.4234,62.1074
2002-07-03,0.5400,1.0651,2.6252,0.4057,63.3340
2002-07-04,0.5300,1.0832,2.5196,0.4299,61.6428
2002-07-05,0.5400,1.0737,2.6093,0.4115,62.8694
2002-07-08,0.5400,1.0702,2.5264,0.4236,62.0888
2002-07-09,0.5400,1.0780,2.5154,0.4286,61.7357
2002-07-10,0.5200,1.1111,2.5941,0.4283,61.7729
2002-07-11,0.5200,1.1056,2.5707,0.4301,61.6242
2002-07-12,0.5300,1.0984,2.5536,0.4301,61.5871
2002-07-15,0.5200,1.1084,2.8396,0.3903,65.0437
2002-07-16,0.5300,1.1011,2.7022,0.4075,63.0738
2002-07-17,0.5400,1.0806,2.7554,0.3922,64.7463
2002-07-18,0.5400,1.0797,2.7564,0.3917,64.8578
2002-07-19,0.5400,1.0737,2.9312,0.3663,69.2994
2002-07-22,0.5300,1.1002,2.9691,0.3705,68.2773
2002-07-23,0.5300,5.4387,2.8758,1.8912,24.7166
2002-07-24,0.5300,1.0850,2.9785,0.3643,69.6153
2002-07-25,0.5400,1.0789,2.7816,0.3879,65.3038
2002-07-26,0.5400,1.0797,2.8931,0.3732,67.7941
2002-07-29,0.5500,1.0550,2.7962,0.3773,67.0322
2002-07-30,0.5700,1.0189,2.8115,0.3624,69.8941
2002-07-31,0.5500,1.0476,2.8690,0.3651,69.5038
2002-08-01,0.5600,1.0395,2.9805,0.3488,71.3622
2002-08-02,0.5600,1.0403,3.0287,0.3435,71.9197
2002-08-05,0.5500,1.0601,3.0054,0.3527,71.0091
2002-08-06,0.5500,1.0452,2.9415,0.3553,70.7861
2002-08-07,0.5500,1.0452,2.9900,0.3496,71.2507
2002-08-08,0.5500,1.0542,2.8753,0.3666,69.2622
2002-08-09,0.5400,1.0634,3.1741,0.3350,73.1277
2002-08-12,0.5400,1.0634,3.0804,0.3452,71.7710
2002-08-13,0.5400,1.0694,2.9737,0.3596,70.1542
2002-08-14,0.5500,1.0617,3.0038,0.3535,70.9348
2002-08-15,0.5400,1.0694,2.9880,0.3579,70.4330
2002-08-16,0.5400,1.0806,3.3451,0.3230,74.6330
2002-08-19,0.5400,1.0719,3.3411,0.3208,74.8374
2002-08-20,0.5600,1.0354,3.3896,0.3055,76.7887
2002-08-21,0.5600,1.0379,3.3991,0.3053,76.8073
2002-08-22,0.5600,1.0379,2.8007,0.3706,68.2587
2002-08-26,0.5600,1.0362,3.3751,0.3070,76.6772
2002-08-27,0.5600,1.0403,3.3321,0.3122,76.0639
2002-08-28,0.5600,1.0299,3.3262,0.3096,76.3427
2002-08-29,0.5600,1.0346,3.0539,0.3388,72.6073
2002-08-30,0.5600,1.0338,3.0595,0.3379,72.7560
2002-09-02,0.5600,1.0379,3.1491,0.3296,73.7224
2002-09-03,0.5600,1.0243,2.8736,0.3565,70.6003
2002-09-04,0.5600,1.0354,2.9627,0.3495,71.2693
2002-09-05,0.5500,1.0567,3.5311,0.2993,77.2533
2002-09-06,0.5400,1.0694,3.4072,0.3139,75.9524
2002-09-09,0.5300,1.0824,3.4970,0.3095,76.3613
2002-09-10,0.5300,1.0868,3.3954,0.3201,75.0232
2002-09-11,0.5400,1.0806,2.9574,0.3654,69.4666
2002-09-12,0.5300,1.0824,3.0011,0.3607,70.0799
2002-09-13,0.5400,1.0815,3.5097,0.3081,76.4914
2002-09-16,0.5200,1.1102,3.1667,0.3506,71.1578
2002-09-17,0.5200,1.1065,3.2284,0.3427,72.0684
2002-09-18,0.5200,1.1130,2.9506,0.3772,67.0693
2002-09-19,0.5300,1.0912,3.2036,0.3406,72.3471
2002-09-20,0.5200,1.1074,3.2078,0.3452,71.7525
2002-09-23,0.5200,5.4929,3.0333,1.8109,25.1998
2002-09-24,0.5200,5.4929,3.0304,1.8126,25.1812
2002-09-25,0.5200,5.4747,3.2877,1.6652,25.8502
2002-09-26,0.5200,5.4793,2.9575,1.8527,25.0139
2002-09-27,0.5100,5.6333,3.1266,1.8017,25.2555
2002-10-08,0.5100,5.6429,3.1328,1.8012,25.2741
2002-10-09,0.5000,5.7210,3.1919,1.7923,25.3113
2002-10-10,0.5000,5.7760,3.0882,1.8703,24.9210
2002-10-11,0.4900,5.8578,3.1010,1.8890,24.7538
2002-10-14,0.4800,5.9102,3.0843,1.9162,24.4750
2002-10-15,0.4800,6.0068,3.0876,1.9455,23.9918
2002-10-16,0.4800,5.9049,3.0828,1.9154,24.4936
2002-10-17,0.4800,5.9850,3.0918,1.9358,24.1405
2002-10-18,0.4800,5.9420,2.9690,2.0013,22.7653
2002-10-21,0.4800,5.9260,3.1401,1.8872,24.7909
2002-10-22,0.4900,5.8013,3.1594,1.8362,25.0697
2002-10-23,0.4900,5.8475,3.0967,1.8883,24.7723
2002-10-24,0.4800,5.9420,2.9092,2.0425,20.5352
2002-10-25,0.4800,5.9367,3.0202,1.9657,23.5272
2002-10-28,0.4800,6.0068,2.8949,2.0750,19.0671
2002-10-29,0.4800,5.9049,3.1323,1.8852,24.8281
2002-10-30,0.4800,5.9635,3.1979,1.8648,24.9582
2002-10-31,0.4800,5.9474,2.9978,1.9839,23.2299
2002-11-01,0.4800,5.9581,3.2675,1.8234,25.1069
2002-11-04,0.4900,5.8526,3.2400,1.8064,25.2369
2002-11-05,0.5000,5.7659,3.3014,1.7465,25.6272
2002-11-06,0.5000,5.7508,3.3012,1.7420,25.6830
2002-11-07,0.5000,5.6915,3.3167,1.7160,25.7945
2002-11-08,0.4900,5.7810,3.3773,1.7117,25.8316
2002-11-11,0.4900,5.8320,3.2947,1.7701,25.4785
2002-11-12,0.4900,5.8526,3.2886,1.7797,25.3856
2002-11-13,0.4900,5.8475,3.3020,1.7709,25.4600
2002-11-14,0.4800,5.9154,3.3067,1.7889,25.3484
2002-11-15,0.4800,5.8996,3.2957,1.7901,25.3299
2002-11-18,0.4800,6.0068,3.2822,1.8301,25.0883
2002-11-19,0.4800,5.9260,3.2926,1.7998,25.2927
2002-11-20,0.4700,6.0954,3.2619,1.8687,24.9396
2002-11-21,0.4700,6.1406,3.2960,1.8630,24.9954
2002-11-22,0.4700,6.1293,3.2490,1.8865,24.8095
2002-11-25,0.4700,6.1066,3.2596,1.8734,24.8839
2002-11-26,0.4600,6.1750,3.2682,1.8894,24.7352
2002-11-27,0.4600,6.1808,3.2826,1.8829,24.8467
2002-11-28,0.4700,6.0674,3.3000,1.8386,25.0511
2002-11-29,0.4700,6.0452,3.5248,1.7150,25.8130
2002-12-03,0.4600,6.1693,3.3357,1.8495,25.0325
2002-12-04,0.4600,6.1924,3.3227,1.8637,24.9768
2002-12-05,0.4500,6.3714,3.2596,1.9547,23.7874
2002-12-06,0.4500,6.4146,3.3433,1.9186,24.4378
2002-12-09,0.4400,6.4333,3.3361,1.9284,24.3077
2002-12-10,0.4400,6.4838,3.1527,2.0566,19.8476
2002-12-11,0.4300,6.6135,3.1962,2.0692,19.3644
2002-12-12,0.4300,6.6267,3.3755,1.9632,23.5458
2002-12-13,0.4300,6.5871,3.2664,2.0166,21.7989
2002-12-16,0.4400,6.5610,3.3202,1.9761,23.3228
2002-12-17,0.4400,6.5610,3.3332,1.9684,23.4715
2002-12-18,0.4400,6.4902,2.9758,2.1810,13.5663
2002-12-19,0.4400,6.4585,3.1929,2.0228,21.5573
2002-12-20,0.4400,6.4585,3.1941,2.0220,21.6131
2002-12-23,0.4400,6.4522,3.2778,1.9685,23.4529
2002-12-24,0.4400,6.5286,2.8596,2.2830,10.5742
2002-12-25,0.4300,6.5806,3.1451,2.0923,18.0636
2002-12-26,0.4300,6.7278,3.2320,2.0816,18.7512
2002-12-27,0.4200,6.8392,3.5878,1.9062,24.6237
2002-12-30,0.4000,7.0732,3.4611,2.0436,20.4609
2002-12-31,0.4000,7.1964,3.1776,2.2647,11.2247
2003-01-02,0.3800,3.3810,3.0781,1.0984,38.4501
2003-01-03,0.3900,3.3622,3.1402,1.0707,39.6952
2003-01-06,0.3900,3.3622,3.2379,1.0384,40.8288
2003-01-07,0.3800,3.3848,3.1941,1.0597,40.1227
2003-01-08,0.4000,3.2496,3.1692,1.0254,41.3306
2003-01-09,0.4100,3.1809,3.3369,0.9533,44.1925
2003-01-10,0.4100,3.2114,3.1219,1.0287,41.1634
2003-01-13,0.4000,3.2531,3.0967,1.0505,40.4014
2003-01-14,0.4300,3.0061,3.1497,0.9544,44.1182
2003-01-15,0.4200,3.0674,3.1259,0.9813,43.0589
2003-01-16,0.4400,2.9882,3.2081,0.9315,44.8801
2003-01-17,0.4300,2.9942,3.2389,0.9244,45.1403
2003-01-20,0.4400,2.9472,3.1604,0.9325,44.7872
2003-01-21,0.4300,3.0182,3.2106,0.9401,44.6571
2003-01-22,0.4300,3.0121,3.0718,0.9806,43.0775
2003-01-23,0.4300,3.0121,3.0720,0.9805,43.1147
2003-01-24,0.4400,2.9415,3.0137,0.9760,43.2076
2003-01-27,0.4500,2.9158,3.0528,0.9551,44.0810
2003-01-28,0.4600,2.8469,3.0326,0.9388,44.6943
2003-01-29,0.4700,2.7607,3.1265,0.8830,46.8686
2003-02-10,0.4600,2.8202,3.1675,0.8904,46.5899
2003-02-11,0.4700,2.7914,3.0664,0.9103,45.6978
2003-02-12,0.4700,2.7607,3.1915,0.8650,47.5562
2003-02-13,0.4600,2.8070,3.1980,0.8777,47.1102
2003-02-14,0.4600,2.8018,3.2047,0.8743,47.2589
2003-02-17,0.4600,2.8496,3.1263,0.9115,45.6421
2003-02-18,0.4600,2.8604,3.2831,0.8712,47.3704
2003-02-19,0.4600,2.8388,3.2237,0.8806,46.9429
2003-02-20,0.4500,2.8768,3.1959,0.9002,46.1810
2003-02-21,0.4400,2.9588,3.1681,0.9339,44.7686
2003-02-24,0.4300,2.9942,2.9318,1.0213,41.4979
2003-02-25,0.4500,2.9158,3.4377,0.8482,47.8350
2003-02-26,0.4500,2.9215,3.2151,0.9087,45.8093
2003-02-27,0.4500,2.8740,3.2240,0.8914,46.5155
2003-03-03,0.4500,2.8795,2.9806,0.9661,43.5978
2003-03-04,0.4500,2.8658,3.1687,0.9044,46.0509
2003-03-05,0.4500,2.8878,2.9242,0.9876,42.8917
2003-03-06,0.4400,2.9501,3.0171,0.9778,43.1518
2003-03-07,0.4400,2.9559,3.2311,0.9148,45.5120
2003-03-10,0.4400,2.9823,2.9959,0.9955,42.6872
2003-03-11,0.4400,2.9676,2.9064,1.0211,41.5350
2003-03-12,0.4400,2.9530,3.2010,0.9225,45.2146
2003-03-13,0.4400,2.9676,3.4914,0.8500,47.7792
2003-03-14,0.4400,2.9764,3.0836,0.9652,43.6536
2003-03-17,0.4400,2.9793,3.1414,0.9484,44.4155
2003-03-18,0.4400,2.9705,3.0897,0.9614,43.8394
2003-03-19,0.4600,2.8415,3.1057,0.9149,45.4748
2003-03-20,0.4600,2.8281,3.1698,0.8922,46.4783
2003-03-21,0.4700,2.7759,2.8760,0.9652,43.6722
2003-03-24,0.4700,2.7431,3.1577,0.8687,47.4633
2003-03-25,0.4700,2.7581,3.1115,0.8864,46.6828
2003-03-26,0.4900,2.6489,2.8754,0.9212,45.2890
2003-03-27,0.5100,2.5763,3.2573,0.7909,48.9128
2003-03-28,0.5000,2.6076,3.0180,0.8640,47.5748
2003-03-31,0.5100,2.5479,2.9228,0.8717,47.3518
2003-04-01,0.5100,2.5523,2.8838,0.8850,46.7943
2003-04-02,0.5100,2.5479,2.9212,0.8722,47.2960
2003-04-03,0.5000,2.5807,2.9597,0.8719,47.3332
2003-04-04,0.5300,2.4665,2.9595,0.8334,48.0580
2003-04-07,0.5300,2.4484,2.9189,0.8388,48.0022
2003-04-08,0.5400,2.3996,2.7718,0.8657,47.5376
2003-04-09,0.5600,2.3147,2.9295,0.7901,48.9314
2003-04-10,0.5700,2.2901,3.3455,0.6845,53.4101
2003-04-11,0.6100,2.1478,3.0019,0.7155,51.1429
2003-04-14,0.6700,1.9650,3.3415,0.5881,55.9376
2003-04-15,0.6700,1.9633,2.8954,0.6781,53.7261
2003-04-16,0.6800,1.9289,2.9654,0.6505,55.0455
2003-04-17,0.6500,2.0198,3.3637,0.6005,55.7703
2003-04-18,0.6200,2.1120,2.9659,0.7121,51.4588
2003-04-21,0.6400,2.0521,2.8122,0.7297,50.5668
2003-04-22,0.6300,2.0704,3.3122,0.6251,55.4358
2003-04-23,0.6100,2.1353,2.8198,0.7573,49.8235
2003-04-24,0.5800,2.2364,3.4933,0.6402,55.2500
2003-04-25,0.5800,2.2408,2.8707,0.7806,49.1173
2003-04-28,0.6400,2.0394,2.9733,0.6859,53.3358
2003-04-29,0.6400,2.0466,2.8340,0.7222,50.8270
2003-05-12,0.6700,1.9633,2.7021,0.7266,50.7155
2003-05-13,0.6400,2.0484,2.9153,0.7026,52.1650
2003-05-14,0.6500,2.0145,2.8497,0.7069,51.9049
2003-05-15,0.6500,2.0128,2.8648,0.7026,52.1836
2003-05-16,0.6600,1.9818,2.6620,0.7445,50.1208
2003-05-19,0.6500,2.0041,2.8939,0.6925,52.8898
2003-05-20,0.6400,2.0412,2.8340,0.7203,50.8827
2003-05-21,0.6400,2.0412,2.8850,0.7075,51.8305
2003-05-22,0.6500,2.0041,2.9155,0.6874,53.2986
2003-05-23,0.6500,2.0006,2.7987,0.7148,51.2172
2003-05-26,0.6600,1.9716,2.8539,0.6908,53.0199
2003-05-27,0.6700,1.9468,2.8527,0.6824,53.5402
2003-05-28,0.6500,2.0163,2.8799,0.7001,52.3323
2003-05-29,0.6400,2.0269,2.8693,0.7064,51.9792
2003-05-30,0.6400,2.0502,2.8717,0.7139,51.3102
2003-06-02,0.6400,2.0466,2.8461,0.7191,50.9571
2003-06-03,0.6300,2.0760,2.7828,0.7460,50.0650
2003-06-04,0.6400,2.0394,2.8751,0.7093,51.7004
2003-06-05,0.6300,2.0667,2.8853,0.7163,51.0686
2003-06-06,0.6200,2.1062,2.9811,0.7065,51.9606
2003-06-09,0.6000,2.1755,2.8948,0.7515,49.9164
2003-06-10,0.6000,2.1694,2.8086,0.7724,49.3217
2003-06-11,0.6200,2.1139,2.7466,0.7696,49.4332
2003-06-12,0.6100,2.1255,2.8471,0.7465,50.0279
2003-06-13,0.6100,2.1255,2.9415,0.7226,50.8084
2003-06-17,0.6000,2.1899,2.9917,0.7320,50.4925
2003-06-18,0.6000,2.1837,2.8482,0.7667,49.5447
2003-06-20,0.5800,2.2451,2.9221,0.7683,49.4889
2003-06-23,0.5700,2.2873,3.0084,0.7603,49.6562
2003-06-24,0.5700,2.2783,2.9306,0.7774,49.1916
2003-06-25,0.5700,2.2941,2.8583,0.8026,48.5969
2003-06-26,0.5800,2.2716,2.8538,0.7960,48.7084
2003-06-27,0.5700,2.3078,3.0098,0.7668,49.5261
2003-06-30,0.5600,2.3217,3.0821,0.7533,49.8978
2003-07-01,0.5700,2.3078,2.9856,0.7730,49.3031
2003-07-02,0.5800,2.2364,2.9407,0.7605,49.6376
2003-07-03,0.5800,2.2517,3.2163,0.7001,52.3509
2003-07-04,0.5700,2.2783,2.9671,0.7679,49.5075
2003-07-07,0.5800,2.2605,2.8642,0.7892,48.9500
2003-07-08,0.5800,2.2451,2.9663,0.7569,49.8420
2003-07-09,0.5700,2.2805,3.1218,0.7305,50.5296
2003-07-10,0.5900,2.2300,3.0194,0.7386,50.2881
2003-07-11,0.5900,2.2321,2.9361,0.7602,49.6748
2003-07-14,0.5800,2.2473,2.9337,0.7660,49.5819
2003-07-15,0.5900,2.2321,2.9050,0.7684,49.4704
2003-07-16,0.6000,2.1940,2.8744,0.7633,49.6004
2003-07-17,0.6000,2.1653,2.9423,0.7359,50.3438
2003-07-18,0.5800,2.2429,2.9065,0.7717,49.3403
2003-07-21,0.5700,2.2828,2.9592,0.7714,49.3589
2003-07-22,0.5700,2.2918,2.8903,0.7929,48.8571
2003-07-23,0.5700,2.2873,2.8749,0.7956,48.7642
2003-07-24,0.5600,2.3147,2.9626,0.7813,49.0987
2003-07-25,0.5600,2.3170,2.9083,0.7967,48.6898
2003-07-28,0.5500,2.3765,2.9299,0.8111,48.3925
2003-07-29,0.5600,2.3524,2.8954,0.8125,48.3553
2003-07-30,0.5600,2.3547,2.9350,0.8023,48.6155
2003-07-31,0.5500,2.3595,2.9294,0.8055,48.5226
2003-08-01,0.5600,2.3240,2.9460,0.7889,48.9686
2003-08-04,0.5700,2.2941,2.9823,0.7692,49.4518
2003-08-05,0.5700,2.3124,2.9060,0.7957,48.7270
2003-08-06,0.5600,2.3334,2.9110,0.8016,48.6341
2003-08-07,0.5700,2.3009,2.9750,0.7734,49.2659
2003-08-11,0.5600,2.3170,2.9402,0.7880,48.9872
2003-08-12,0.5700,2.3101,2.9035,0.7956,48.7456
2003-08-13,0.5600,2.3357,2.8305,0.8252,48.1323
2003-08-14,0.5600,2.3524,2.8604,0.8224,48.2252
2003-08-19,0.5500,2.3595,2.8873,0.8172,48.2996
2003-08-20,0.5400,2.4036,2.8358,0.8476,47.8536
2003-08-21,0.5400,2.4112,2.8580,0.8437,47.9651
2003-08-22,0.5100,2.5690,2.8825,0.8912,46.5527
2003-08-25,0.5000,2.6244,2.8483,0.9214,45.2704
2003-08-26,0.5000,2.6274,2.8856,0.9105,45.6792
2003-08-27,0.5000,2.5950,2.8531,0.9095,45.7536
2003-08-28,0.5000,2.6214,2.9125,0.9001,46.1996
2003-08-29,0.5100,2.5805,2.8310,0.9115,45.6235
2003-09-01,0.5100,2.5408,2.8366,0.8957,46.3668
2003-09-02,0.5100,2.5690,2.9039,0.8847,46.8129
2003-09-03,0.5000,2.5979,2.8351,0.9163,45.4005
2003-09-04,0.5100,2.5863,2.9013,0.8914,46.5341
2003-09-05,0.5000,2.6185,2.9126,0.8990,46.2368
2003-09-08,0.4900,2.6853,3.0028,0.8943,46.4226
2003-09-09,0.4900,2.6884,2.9273,0.9184,45.3076
2003-09-10,0.4900,2.6545,2.8804,0.9216,45.2518
2003-09-11,0.5000,2.5979,2.9241,0.8884,46.6456
2003-09-12,0.4900,2.6822,2.9758,0.9013,46.1438
2003-09-15,0.4800,2.7491,2.7846,0.9873,42.9102
2003-09-16,0.4800,2.7458,2.9086,0.9440,44.5642
2003-09-17,0.4600,2.8194,3.0240,0.9323,44.8058
2003-09-18,0.4700,2.8057,3.0180,0.9297,44.8987
2003-09-19,0.4700,2.7922,3.0789,0.9069,45.9022
2003-09-22,0.4600,2.8471,3.1364,0.9078,45.8279
2003-09-23,0.4700,2.7721,3.3278,0.8330,48.0766
2003-09-24,0.4700,2.7622,3.1280,0.8831,46.8500
2003-09-25,0.4700,2.7989,3.2146,0.8707,47.4075
2003-09-26,0.4600,2.8125,3.0704,0.9160,45.4191
2003-09-29,0.4600,2.8612,3.5568,0.8044,48.5597
2003-09-30,0.4600,2.8401,3.2369,0.8774,47.1474
2003-10-08,0.4600,2.8506,3.2024,0.8901,46.6084
2003-10-09,0.4600,2.7444,3.0988,0.8856,46.7571
2003-10-10,0.4700,2.6783,3.1277,0.8563,47.6863
2003-10-13,0.4700,2.6815,3.4612,0.7747,49.2474
2003-10-14,0.4600,2.7309,3.4475,0.7921,48.8757
2003-10-15,0.4600,2.7309,3.2226,0.8474,47.8721
2003-10-16,0.4600,2.7546,3.3946,0.8115,48.3739
2003-10-17,0.4600,2.7512,3.3422,0.8232,48.2067
2003-10-20,0.4600,2.7546,3.4005,0.8101,48.4482
2003-10-21,0.4600,2.7580,3.1024,0.8890,46.6270
2003-10-22,0.4700,2.6591,3.2566,0.8165,48.3182
2003-10-23,0.4700,2.6815,3.5915,0.7466,50.0093
2003-10-24,0.4700,2.6687,3.9011,0.6841,53.4473
2003-10-27,0.4800,2.6370,3.1761,0.8303,48.0951
2003-10-28,0.4800,2.5909,3.4101,0.7598,49.6934
2003-10-29,0.4900,2.5522,3.4410,0.7417,50.2509
2003-10-30,0.4800,2.6308,3.4781,0.7564,49.8606
2003-10-31,0.4800,2.6370,3.3235,0.7934,48.8385
2003-11-03,0.4800,2.5969,3.3150,0.7834,49.0615
2003-11-04,0.5000,2.5290,3.2792,0.7712,49.3774
2003-11-05,0.5000,2.5005,3.2197,0.7766,49.2288
2003-11-06,0.4900,2.5552,3.2523,0.7857,49.0429
2003-11-07,0.4800,2.5939,3.4230,0.7578,49.8049
2003-11-10,0.4900,2.5699,3.5310,0.7278,50.6226
2003-11-11,0.4900,2.5699,3.7020,0.6942,52.8340
2003-11-12,0.4700,2.6913,3.2513,0.8278,48.1137
2003-11-13,0.4700,2.6945,3.6270,0.7429,50.1951
2003-11-14,0.4700,2.6591,3.6561,0.7273,50.6597
2003-11-17,0.4600,2.7011,3.5571,0.7594,49.7491
2003-11-18,0.4600,2.7276,3.7474,0.7279,50.6040
2003-11-19,0.4700,2.6815,3.7764,0.7101,51.6075
2003-11-20,0.4800,2.6153,3.7358,0.7001,52.4066
2003-11-21,0.4800,2.6214,3.7608,0.6970,52.5553
2003-11-24,0.5000,2.5118,3.7557,0.6688,54.1907
2003-11-25,0.5000,2.5147,3.7882,0.6638,54.5066
2003-11-26,0.4900,2.5377,3.9439,0.6434,55.2314
2003-11-28,0.4900,2.5522,3.9330,0.6489,55.1013
2003-12-01,0.5000,2.4921,3.8123,0.6537,54.9898
2003-12-02,0.5000,2.5261,3.9896,0.6332,55.3429
2003-12-03,0.5000,2.5175,3.8603,0.6522,55.0084
2003-12-04,0.5200,2.4348,3.9480,0.6167,55.5659
2003-12-05,0.5100,2.4509,3.5479,0.6908,53.0571
2003-12-08,0.5000,2.4949,3.8465,0.6486,55.1385
2003-12-09,0.5000,2.5319,3.7795,0.6699,54.1163
2003-12-10,0.5100,2.4536,3.8946,0.6300,55.3800
2003-12-11,0.5200,2.4110,3.6811,0.6550,54.9340
2003-12-12,0.5400,2.3204,3.8544,0.6020,55.7517
2003-12-15,0.5400,2.3400,3.8466,0.6083,55.6774
2003-12-16,0.5300,2.3474,3.7200,0.6310,55.3615
2003-12-17,0.5300,2.3903,3.8502,0.6208,55.4915
2003-12-18,0.5300,2.3649,3.6396,0.6498,55.0827
2003-12-19,0.5300,2.3499,3.7960,0.6190,55.5473
2003-12-22,0.5500,2.2870,3.7390,0.6117,55.6216
2003-12-23,0.5500,2.2917,3.6918,0.6208,55.5101
2003-12-24,0.5600,2.2500,3.7619,0.5981,55.8075
2003-12-25,0.5500,2.2847,3.9065,0.5848,55.9747
2003-12-26,0.5500,2.2941,3.7904,0.6052,55.6960
2003-12-29,0.5400,2.3229,3.8508,0.6032,55.7146
2003-12-30,0.5400,2.3156,3.7711,0.6140,55.6030
2003-12-31,0.5300,2.3524,3.3602,0.7001,52.3694
2004-01-02,0.5400,0.4469,3.1524,0.1418,93.4213
2004-01-05,0.5700,0.4235,3.8984,0.1086,95.2797
2004-01-06,0.5900,0.4097,4.2513,0.0964,95.9301
2004-01-07,0.6200,0.3871,3.7457,0.1033,95.3726
2004-01-09,0.6000,0.4012,3.8937,0.1030,95.4098
2004-01-12,0.6400,0.3769,3.7339,0.1009,95.5399
2004-01-13,0.6400,0.3676,3.9283,0.0936,96.1531
2004-01-14,0.6300,0.3762,3.6318,0.1036,95.3540
2004-01-15,0.6200,0.3830,3.7471,0.1022,95.4655
2004-01-16,0.6300,0.3782,3.7248,0.1015,95.5027
2004-01-29,0.6400,0.3705,3.7954,0.0976,95.7629
2004-01-30,0.6100,0.3880,3.8706,0.1002,95.5956
2004-02-02,0.6300,0.3748,3.8742,0.0967,95.8930
2004-02-03,0.6600,0.3606,3.8597,0.0934,96.1717
2004-02-04,0.6800,0.3495,3.9247,0.0891,96.3947
2004-02-05,0.6700,0.3503,3.8131,0.0919,96.2275
2004-02-06,0.6700,0.3548,3.9176,0.0906,96.3018
2004-02-09,0.6700,0.3521,3.8086,0.0924,96.2089
2004-02-10,0.6600,0.3597,3.8094,0.0944,96.1345
2004-02-11,0.6500,0.3663,3.6915,0.0992,95.6514
2004-02-12,0.6400,0.3698,3.8403,0.0963,95.9859
2004-02-13,0.6400,0.3692,3.8469,0.0960,96.0230
2004-02-16,0.6600,0.3584,3.7942,0.0945,96.1160
2004-02-17,0.6400,0.3692,3.8259,0.0965,95.9115
2004-02-18,0.6500,0.3663,3.8753,0.0945,96.0974
2004-02-19,0.6300,1.3573,3.8225,0.3551,70.8233
2004-02-20,0.6400,0.3689,3.8289,0.0963,95.9487
2004-02-23,0.6200,0.3834,3.8481,0.0996,95.6328
2004-02-24,0.6000,0.3939,3.7621,0.1047,95.3169
2004-02-25,0.5900,0.3999,3.8337,0.1043,95.3354
2004-02-26,0.6100,0.3848,3.7724,0.1020,95.4841
2004-02-27,0.6100,1.4078,3.8105,0.3695,68.5746
2004-03-01,0.6000,1.4236,3.8553,0.3693,68.6118
2004-03-02,0.6100,1.4052,3.9244,0.3581,70.3773
2004-03-03,0.6000,1.4317,3.9102,0.3661,69.3366
2004-03-04,0.6100,1.4013,3.7857,0.3702,68.4259
2004-03-05,0.6000,1.4170,3.8959,0.3637,69.7082
2004-03-08,0.5900,1.4551,3.7271,0.3904,65.0251
2004-03-09,0.5800,1.4692,3.8364,0.3830,66.0286
2004-03-10,0.6100,1.4039,3.8651,0.3632,69.7826
2004-03-11,0.6100,1.3987,3.8973,0.3589,70.2472
2004-03-12,0.6100,1.4052,3.9098,0.3594,70.1728
2004-03-15,0.6300,1.3573,3.8422,0.3533,70.9534
2004-03-16,0.6300,1.3573,3.7146,0.3654,69.4481
2004-03-17,0.6400,1.3417,3.8129,0.3519,71.0649
2004-03-18,0.6200,1.3808,3.8639,0.3574,70.4888
2004-03-19,0.6200,1.3696,4.0840,0.3354,73.0719
2004-03-22,0.6300,1.3525,3.8717,0.3493,71.2879
2004-03-23,0.6200,1.3708,3.8858,0.3528,70.9905
2004-03-24,0.6100,1.3974,3.9508,0.3537,70.9162
2004-03-25,0.6200,1.3833,3.9207,0.3528,70.9719
2004-03-26,0.6200,1.3783,3.8891,0.3544,70.8976
2004-03-30,0.6100,1.4026,3.9180,0.3580,70.4144
2004-03-31,0.6100,1.4026,3.9169,0.3581,70.3587
2004-04-01,0.6200,1.3833,3.9984,0.3460,71.6781
2004-04-05,0.6100,1.2536,3.9144,0.3203,75.0046
2004-04-06,0.6200,1.2398,3.9210,0.3162,75.6365
2004-04-07,0.6100,1.2641,4.0357,0.3132,75.9896
2004-04-08,0.6000,1.2796,3.9325,0.3254,74.1684
2004-04-09,0.6000,1.2771,3.8125,0.3350,73.1463
2004-04-12,0.5900,1.2942,4.2585,0.3039,76.9931
2004-04-13,0.5900,1.2878,4.0871,0.3151,75.8223
2004-04-14,0.5800,1.3053,4.0197,0.3247,74.3728
2004-04-15,0.5900,1.2928,4.0298,0.3208,74.8560
2004-04-16,0.5900,1.2842,4.1717,0.3078,76.5843
2004-04-19,0.5900,1.3129,4.3781,0.2999,77.1975
2004-04-20,0.5900,1.2993,4.3421,0.2992,77.2719
2004-04-21,0.5900,1.3078,4.4034,0.2970,77.5506
2004-04-22,0.5900,1.3044,4.3105,0.3026,77.0489
2004-04-23,0.5800,1.3322,4.3191,0.3084,76.4728
2004-04-26,0.5700,1.3448,4.2202,0.3187,75.1533
2004-04-27,0.5800,1.3322,4.1195,0.3234,74.5772
2004-04-28,0.5900,1.3010,4.1827,0.3110,76.2126
2004-04-29,0.5900,1.2993,4.7672,0.2725,80.4869
2004-04-30,0.6100,1.2663,4.2841,0.2956,77.8294
2004-05-10,0.5900,1.3061,4.4457,0.2938,78.0152
2004-05-11,0.6000,1.2809,4.4969,0.2848,79.2418
2004-05-12,0.6100,1.2583,4.4111,0.2853,79.1674
2004-05-13,0.6100,1.2647,4.3940,0.2878,78.7958
2004-05-14,0.5900,1.2942,4.2026,0.3080,76.5657
2004-05-17,0.5900,1.3129,4.0394,0.3250,74.2799
2004-05-18,0.5900,1.2942,4.0367,0.3206,74.9117
2004-05-19,0.5900,1.3010,4.1587,0.3128,76.0268
2004-05-20,0.5900,1.2993,4.5566,0.2851,79.1860
2004-05-21,0.5900,1.2993,4.4170,0.2942,77.9595
2004-05-24,0.5900,1.2976,4.3252,0.3000,77.1790
2004-05-25,0.5800,1.3216,4.0558,0.3259,74.0940
2004-05-26,0.5800,1.3182,4.2675,0.3089,76.4542
2004-05-27,0.5900,1.3027,4.4654,0.2917,78.4613
2004-05-28,0.5800,1.3216,4.2909,0.3080,76.5099
2004-05-31,0.5900,1.3044,4.6123,0.2828,79.3719
2004-06-01,0.6000,1.2859,4.2120,0.3053,76.8259
2004-06-02,0.5900,1.3010,4.1946,0.3102,76.2869
2004-06-03,0.5800,1.3322,4.1249,0.3230,74.6701
2004-06-04,0.5800,1.3358,4.1287,0.3235,74.5400
2004-06-07,0.5700,1.3394,4.2625,0.3142,75.8967
2004-06-08,0.5200,1.4739,4.3123,0.3418,72.2171
2004-06-09,0.5000,1.5351,4.4238,0.3470,71.5109
2004-06-10,0.5200,1.4915,4.4352,0.3363,72.9790
2004-06-11,0.4900,1.5814,4.4333,0.3567,70.5817
2004-06-14,0.4800,1.5991,4.6821,0.3415,72.2914
2004-06-15,0.5100,1.5234,4.4172,0.3449,71.7896
2004-06-16,0.5000,1.5446,4.5856,0.3368,72.9604
2004-06-17,0.4800,1.5889,4.4614,0.3561,70.6746
2004-06-18,0.4800,1.5915,4.2855,0.3714,68.0914
2004-06-21,0.4900,1.5616,4.2874,0.3642,69.6339
2004-06-22,0.4900,1.5714,4.2854,0.3667,69.2251
2004-06-23,0.4900,1.5814,4.1158,0.3842,65.7870
2004-06-24,0.4800,1.6146,4.1205,0.3918,64.8207
2004-06-25,0.4800,1.6199,4.1599,0.3894,65.1180
2004-06-28,0.4800,1.6120,4.4138,0.3652,69.4852
2004-06-29,0.4900,1.5839,4.2664,0.3712,68.1286
2004-06-30,0.4800,1.5940,4.3480,0.3666,69.2808
2004-07-01,0.4900,1.5591,4.4671,0.3490,71.3436
2004-07-02,0.5000,1.5351,4.5468,0.3376,72.8303
2004-07-05,0.5000,1.5210,4.4168,0.3444,71.8268
2004-07-06,0.5100,1.5141,4.4557,0.3398,72.4587
2004-07-07,0.5000,1.5471,4.6316,0.3340,73.2763
2004-07-08,0.5000,1.5328,4.6531,0.3294,73.7595
2004-07-09,0.5000,1.5375,4.4895,0.3425,72.1056
2004-07-12,0.4900,1.5715,4.6172,0.3404,72.3843
2004-07-13,0.4900,1.5641,4.8227,0.3243,74.4471
2004-07-14,0.5000,1.5471,5.0474,0.3065,76.7329
2004-07-15,0.5100,1.5027,4.9666,0.3026,77.0675
2004-07-16,0.5200,1.4650,4.6250,0.3168,75.5250
2004-07-19,0.5200,1.4629,4.6158,0.3169,75.5064
2004-07-20,0.5200,1.4825,4.6903,0.3161,75.6737
2004-07-21,0.5200,1.4892,4.6153,0.3227,74.6887
2004-07-22,0.5100,1.5187,4.5430,0.3343,73.2578
2004-07-23,0.5100,1.5072,4.9046,0.3073,76.6400
2004-07-26,0.5000,1.5210,4.7049,0.3233,74.6144
2004-07-27,0.5000,1.5375,4.7444,0.3241,74.4657
2004-07-28,0.5000,1.5210,4.5839,0.3318,73.4250
2004-07-29,0.5100,1.4936,4.5844,0.3258,74.1126
2004-07-30,0.5000,1.5234,4.6018,0.3310,73.6109
2004-08-02,0.5000,1.5210,4.5823,0.3319,73.3878
2004-08-03,0.5000,1.5423,4.6329,0.3329,73.3135
2004-08-04,0.5100,1.5118,4.9229,0.3071,76.6586
2004-08-05,0.5000,1.5447,4.4481,0.3473,71.4923
2004-08-06,0.5000,1.5304,4.4800,0.3416,72.2728
2004-08-09,0.5100,1.5072,4.6375,0.3250,74.2985
2004-08-10,0.5200,1.4825,4.6546,0.3185,75.1905
2004-08-11,0.5100,1.5004,4.9325,0.3042,76.9560
2004-08-12,0.5100,1.4981,4.7544,0.3151,75.8038
2004-08-13,0.5200,1.4892,4.7084,0.3163,75.5993
2004-08-16,0.5200,1.4803,4.7610,0.3109,76.2312
2004-08-17,0.5200,1.4672,4.8876,0.3002,77.1604
2004-08-18,0.5300,1.4607,4.9165,0.2971,77.5135
2004-08-19,0.5300,1.4501,4.9514,0.2929,78.2011
2004-08-20,0.5400,1.4334,4.9654,0.2887,78.7028
2004-08-23,0.5300,1.4522,4.8886,0.2971,77.5321
2004-08-24,0.5300,1.4607,4.9250,0.2966,77.6064
2004-08-25,0.5200,1.4847,5.0239,0.2955,77.8666
2004-08-26,0.5200,1.4737,5.0648,0.2910,78.5542
2004-08-27,0.5100,1.5072,5.1082,0.2951,77.9223
2004-08-30,0.5100,1.4914,4.9779,0.2996,77.2161
2004-08-31,0.5200,1.4672,5.1676,0.2839,79.3161
2004-09-01,0.5100,1.4914,5.0037,0.2981,77.3834
2004-09-02,0.5200,1.4869,5.0886,0.2922,78.3683
2004-09-03,0.5100,1.5049,5.1487,0.2923,78.3497
2004-09-06,0.5100,1.5072,5.1459,0.2929,78.1825
2004-09-07,0.5100,1.4936,5.1358,0.2908,78.5728
2004-09-08,0.5000,1.5304,5.1422,0.2976,77.4391
2004-09-09,0.4900,1.5592,5.1501,0.3028,77.0303
2004-09-13,0.4800,1.6123,5.2062,0.3097,76.3055
2004-09-14,0.4900,1.5543,5.2588,0.2956,77.8480
2004-09-15,0.5100,1.4959,5.2149,0.2869,78.8701
2004-09-16,0.5200,1.4781,5.1743,0.2857,79.1117
2004-09-17,0.5400,1.4334,5.1718,0.2772,79.8922
2004-09-20,0.5600,1.3759,5.2687,0.2611,81.9922
2004-09-21,0.5400,1.4090,5.0207,0.2806,79.5763
2004-09-22,0.5300,1.4586,5.2731,0.2766,79.9851
2004-09-23,0.5500,1.3913,5.1776,0.2687,80.8957
2004-09-24,0.5300,1.4417,5.1429,0.2803,79.5949
2004-09-27,0.5200,1.4694,5.1556,0.2850,79.2232
2004-09-28,0.5200,1.4759,5.1374,0.2873,78.8329
2004-09-29,0.5200,1.4847,5.1657,0.2874,78.8143
2004-09-30,0.5100,1.5004,5.1266,0.2927,78.2940
2004-10-08,0.5100,1.4981,5.3191,0.2816,79.4276
2004-10-11,0.5100,1.5160,5.0682,0.2991,77.2905
2004-10-12,0.4900,1.5736,5.0575,0.3111,76.1940
2004-10-13,0.4900,1.5515,4.9650,0.3125,76.0453
2004-10-14,0.4900,1.5637,4.9812,0.3139,75.9338
2004-10-15,0.4800,1.5837,5.0177,0.3156,75.7108
2004-10-18,0.4800,1.5837,4.9760,0.3183,75.2462
2004-10-19,0.4800,1.5862,5.0155,0.3163,75.6179
2004-10-20,0.4700,1.6440,4.9828,0.3299,73.6852
2004-10-21,0.4400,1.7451,4.9709,0.3511,71.1206
2004-10-22,0.4500,1.7209,5.0224,0.3426,72.0870
2004-10-25,0.4400,1.7574,4.9166,0.3574,70.4702
2004-10-26,0.4500,1.6945,4.9979,0.3390,72.5330
2004-10-27,0.4600,1.6716,4.9144,0.3401,72.4215
2004-10-28,0.4500,1.6916,5.1274,0.3299,73.7038
2004-10-29,0.4600,1.6801,4.8246,0.3482,71.4180
2004-11-01,0.4500,1.7120,5.0730,0.3375,72.8489
2004-11-02,0.4500,1.6945,5.1175,0.3311,73.5923
2004-11-03,0.4600,1.6801,5.1649,0.3253,74.1870
2004-11-04,0.4500,1.7061,5.1333,0.3324,73.3507
2004-11-05,0.4500,1.7120,5.1609,0.3317,73.4436
2004-11-08,0.4500,1.7090,5.1915,0.3292,73.8153
2004-11-09,0.4500,1.7090,5.1584,0.3313,73.5179
2004-11-10,0.4700,1.6331,5.1843,0.3150,75.8409
2004-11-11,0.4600,1.6549,5.2714,0.3139,75.9153
2004-11-12,0.4600,1.6494,5.2956,0.3115,76.1383
2004-11-15,0.4700,1.6440,5.2664,0.3122,76.0825
2004-11-16,0.4700,1.6385,5.1902,0.3157,75.6923
2004-11-17,0.4600,1.6660,5.2479,0.3175,75.3949
2004-11-18,0.4600,1.6632,5.2584,0.3163,75.5807
2004-11-19,0.4700,1.6358,5.2413,0.3121,76.1011
2004-11-22,0.4700,1.6358,5.3590,0.3052,76.8445
2004-11-23,0.4600,1.6577,5.3341,0.3108,76.2498
2004-11-24,0.4600,1.6716,5.2740,0.3170,75.4878
2004-11-25,0.4600,1.6688,5.3029,0.3147,75.8781
2004-11-26,0.4600,1.6716,5.4071,0.3091,76.4170
2004-11-29,0.4500,1.6945,5.3187,0.3186,75.1719
2004-11-30,0.4500,1.6945,5.3419,0.3172,75.4321
2004-12-01,0.4500,1.7061,5.2554,0.3246,74.4285
2004-12-02,0.4400,1.7269,5.3109,0.3252,74.2241
2004-12-03,0.4400,1.7239,5.3427,0.3227,74.7073
2004-12-06,0.4500,1.7209,5.4127,0.3179,75.2834
2004-12-07,0.4500,1.7149,5.3266,0.3220,74.7816
2004-12-08,0.4500,1.7179,5.3685,0.3200,75.0418
2004-12-09,0.4500,1.7003,5.2732,0.3224,74.7259
2004-12-10,0.4500,1.7149,5.1744,0.3314,73.4993
2004-12-13,0.4400,1.7329,5.2915,0.3275,74.0011
2004-12-14,0.4400,1.7420,5.2528,0.3316,73.4622
2004-12-15,0.4400,1.7269,5.2611,0.3282,73.9268
2004-12-16,0.4500,1.7032,5.2419,0.3249,74.3356
2004-12-17,0.4500,1.7209,5.2252,0.3293,73.7967
2004-12-20,0.4400,1.7420,5.1804,0.3363,72.9976
2004-12-21,0.4400,1.7359,5.3170,0.3265,74.0755
2004-12-22,0.4500,1.7032,5.2851,0.3223,74.7445
2004-12-23,0.4400,1.7451,5.3439,0.3266,74.0569
2004-12-27,0.4200,1.8354,5.2118,0.3522,71.0463
2004-12-28,0.4200,1.8354,4.4611,0.4114,62.8879
2004-12-29,0.4200,1.8422,4.7165,0.3906,64.9879
2004-12-30,0.4200,1.8219,5.2506,0.3470,71.5480
2004-12-31,0.4200,1.8253,4.7332,0.3856,65.5269
2005-01-04,0.4200,5.4619,5.2221,1.0459,40.5501
2005-01-05,0.4100,5.5969,5.0084,1.1175,37.5581
2005-01-06,0.4000,5.6724,5.1707,1.0970,38.5244
2005-01-07,0.4000,5.6833,5.1533,1.1028,38.1528
2005-01-10,0.4100,5.5338,5.1988,1.0644,39.8811
2005-01-11,0.4200,5.4217,5.1536,1.0520,40.3642
2005-01-12,0.4200,5.4721,5.1645,1.0596,40.1412
2005-01-13,0.4100,5.4925,5.2205,1.0521,40.3457
2005-01-14,0.4100,5.5338,4.9943,1.1080,37.9298
2005-01-17,0.4100,5.5757,4.9739,1.1210,37.4280
2005-01-18,0.4000,5.6290,5.0648,1.1114,37.7811
2005-01-19,0.4000,5.7276,5.0085,1.1436,36.3687
2005-01-20,0.3900,5.8296,4.9256,1.1835,33.8227
2005-01-21,0.4200,5.4117,4.9313,1.0974,38.5059
2005-01-24,0.4200,5.4018,4.9654,1.0879,38.9519
2005-01-25,0.4100,5.5027,5.0338,1.0932,38.6917
2005-01-26,0.4200,5.4721,5.0081,1.0926,38.7289
2005-01-27,0.4100,5.5757,4.9684,1.1222,37.3165
2005-01-28,0.4100,5.6076,4.9038,1.1435,36.4245
2005-01-31,0.4000,5.6506,4.8982,1.1536,35.7740
2005-02-01,0.4100,5.5547,4.8877,1.1365,36.7218
2005-02-02,0.4400,5.2014,4.9248,1.0562,40.2713
2005-02-03,0.4300,5.3333,4.9044,1.0875,38.9705
2005-02-04,0.4600,4.9478,4.9390,1.0018,42.3527
2005-02-16,0.4600,4.9478,4.7565,1.0402,40.7731
2005-02-17,0.4600,4.9562,4.8378,1.0245,41.4049
2005-02-18,0.4400,5.1289,4.8342,1.0610,40.0483
2005-02-21,0.4600,4.8903,4.8450,1.0093,42.1297
2005-02-22,0.4700,4.8104,4.6593,1.0324,41.0518
2005-02-23,0.4700,4.8822,4.7866,1.0200,41.5908
2005-02-24,0.4700,4.8183,4.7130,1.0223,41.4793
2005-02-25,0.4700,4.8262,4.6127,1.0463,40.5129
2005-02-28,0.4600,4.9645,4.8334,1.0271,41.2563
2005-03-01,0.4600,4.9729,4.7203,1.0535,40.3085
2005-03-02,0.4500,5.0671,4.7212,1.0733,39.5651
2005-03-03,0.4600,4.9898,4.6723,1.0680,39.7881
2005-03-04,0.4500,5.0324,4.7638,1.0564,40.2527
2005-03-07,0.4500,5.0153,4.7254,1.0613,40.0112
2005-03-08,0.4600,4.9313,4.7335,1.0418,40.6988
2005-03-09,0.4500,5.0584,4.6366,1.0910,38.8218
2005-03-10,0.4400,5.1649,4.6433,1.1123,37.7625
2005-03-11,0.4400,5.2198,4.6187,1.1301,36.9448
2005-03-14,0.4400,5.1558,4.5979,1.1213,37.3908
2005-03-15,0.4300,5.3044,4.5642,1.1622,35.3466
2005-03-16,0.4300,5.3140,4.5725,1.1622,35.3652
2005-03-17,0.4300,5.3430,4.4573,1.1987,32.9121
2005-03-18,0.4300,5.2384,4.4315,1.1821,33.9156
2005-03-21,0.4400,5.1739,4.4033,1.1750,34.4731
2005-03-22,0.4300,5.3140,4.4321,1.1990,32.8935
2005-03-23,0.4300,5.2949,4.5281,1.1693,34.9192
2005-03-24,0.4300,5.2571,4.4631,1.1779,34.3245
2005-03-25,0.4300,5.2477,4.4635,1.1757,34.4546
2005-03-29,0.4300,5.2571,4.3433,1.2104,32.2059
2005-03-30,0.4100,5.5442,4.1636,1.3316,28.2475
2005-03-31,0.4200,5.4518,4.1203,1.3232,28.3962
2005-04-01,0.4400,5.1830,4.2679,1.2144,31.9643
2005-04-04,0.4300,5.3420,4.1076,1.3005,28.8980
2005-04-05,0.4300,5.3131,4.1051,1.2943,29.1210
2005-04-06,0.4400,5.2004,4.1641,1.2489,30.7564
2005-04-07,0.4500,5.0749,4.0798,1.2439,30.9050
2005-04-08,0.4600,4.9470,4.0903,1.2094,32.2617
2005-04-11,0.4500,5.0144,4.1600,1.2054,32.5404
2005-04-12,0.4500,5.0837,4.0229,1.2637,30.1431
2005-04-13,0.4600,4.9720,4.0652,1.2231,31.5741
2005-04-14,0.4500,5.0749,4.0287,1.2597,30.2732
2005-04-15,0.4500,5.0662,4.0379,1.2547,30.4962
2005-04-18,0.4500,5.1531,3.9734,1.2969,29.0838
2005-04-19,0.4400,5.1748,3.9847,1.2987,29.0281
2005-04-20,0.4300,5.3093,4.0468,1.3120,28.6192
2005-04-21,0.4300,5.3323,3.9981,1.3337,28.1918
2005-04-22,0.4300,5.2864,4.0433,1.3074,28.7121
2005-04-25,0.4400,5.2750,3.9550,1.3338,28.1732
2005-04-26,0.4400,5.2637,4.0442,1.3015,28.8794
2005-04-27,0.4500,5.1423,4.0537,1.2685,29.9944
2005-04-28,0.4500,5.0995,4.0137,1.2705,29.8829
2005-04-29,0.4600,5.0471,4.0665,1.2411,30.9608
2005-05-09,0.4500,5.1639,4.0161,1.2858,29.3997
2005-05-10,0.4600,5.0367,3.9652,1.2702,29.9201
2005-05-11,0.4600,5.0367,3.9218,1.2843,29.4741
2005-05-12,0.4500,5.1639,3.9595,1.3042,28.8051
2005-05-13,0.4500,5.0890,3.8822,1.3109,28.6378
2005-05-16,0.4500,5.0575,3.9832,1.2697,29.9387
2005-05-17,0.4600,5.0059,3.9350,1.2721,29.8458
2005-05-18,0.4600,4.9957,3.8757,1.2890,29.2882
2005-05-19,0.4600,4.9957,3.8430,1.2999,28.9166
2005-05-20,0.4500,5.1102,3.7997,1.3449,28.0245
2005-05-23,0.4400,5.2524,3.6930,1.4223,27.0582
2005-05-24,0.4400,5.2189,3.7293,1.3994,27.3369
2005-05-25,0.4300,5.2978,3.6810,1.4392,26.8166
2005-05-26,0.4300,5.3440,3.7374,1.4299,26.9467
2005-05-27,0.4300,5.3791,3.7519,1.4337,26.8723
2005-05-30,0.4300,5.3323,3.8097,1.3997,27.3183
2005-05-31,0.4300,5.3323,3.8469,1.3861,27.5599
2005-06-01,0.4300,5.3556,3.8036,1.4080,27.2068
2005-06-02,0.4200,5.4147,3.7773,1.4335,26.8909
2005-06-03,0.4500,5.1639,3.7774,1.3671,27.7086
2005-06-06,0.4500,5.0575,3.7150,1.3614,27.7458
2005-06-07,0.4500,5.1423,3.7696,1.3642,27.7272
2005-06-08,0.4800,4.7721,3.7747,1.2642,30.1245
2005-06-09,0.4700,4.8476,3.7642,1.2878,29.3068
2005-06-10,0.4700,4.8668,3.7272,1.3058,28.7307
2005-06-13,0.4600,4.9553,3.7023,1.3384,28.1175
2005-06-14,0.4600,5.0161,3.7634,1.3329,28.2104
2005-06-15,0.4500,5.1102,3.5681,1.4322,26.9095
2005-06-16,0.4600,4.9957,3.4959,1.4290,26.9652
2005-06-17,0.4600,4.9957,3.4813,1.4350,26.8537
2005-06-20,0.4700,4.8765,3.5217,1.3847,27.5971
2005-06-21,0.4600,4.9957,3.5434,1.4099,27.1697
2005-06-22,0.4700,4.9156,3.5291,1.3929,27.4856
2005-06-23,0.4600,4.9855,3.4210,1.4573,26.6493
2005-06-24,0.4600,4.9653,3.5004,1.4185,27.0953
2005-06-27,0.4700,4.8960,3.7683,1.2993,28.9909
2005-06-28,0.4600,4.9653,3.6306,1.3676,27.6900
2005-06-29,0.4600,5.0264,3.5861,1.4016,27.2254
2005-06-30,0.4400,5.1748,3.6530,1.4166,27.1325
2005-07-01,0.4400,5.2637,3.5783,1.4710,26.5007
2005-07-04,0.4400,5.2179,3.5905,1.4533,26.6679
2005-07-05,0.4400,5.2626,3.5329,1.4896,26.3520
2005-07-06,0.4400,5.2514,3.5360,1.4851,26.3891
2005-07-07,0.4400,5.2290,3.3891,1.5429,26.0361
2005-07-08,0.4300,5.3313,3.3102,1.6106,25.8688
2005-07-11,0.4300,5.2967,3.3298,1.5907,25.8874
2005-07-12,0.4600,5.0254,3.2836,1.5305,26.0918
2005-07-13,0.4500,5.1092,3.2273,1.5831,25.9245
2005-07-14,0.4500,5.0880,3.2041,1.5880,25.9060
2005-07-15,0.4500,5.1198,3.2849,1.5586,25.9803
2005-07-18,0.4500,5.1092,3.3014,1.5476,26.0175
2005-07-19,0.4500,5.0880,3.3426,1.5222,26.1661
2005-07-20,0.4500,5.0669,3.3833,1.4976,26.2962
2005-07-21,0.4500,5.0669,3.3861,1.4964,26.3148
2005-07-22,0.4600,4.9443,3.3633,1.4701,26.5192
2005-07-25,0.4600,4.9543,3.4366,1.4416,26.7794
2005-07-26,0.4700,4.8659,3.4747,1.4004,27.2626
2005-07-27,0.4800,4.8086,3.5569,1.3519,27.9130
2005-07-28,0.4800,4.7712,3.3667,1.4172,27.1139
2005-07-29,0.4900,4.7161,3.3874,1.3922,27.5042
2005-08-01,0.4900,4.7344,3.2113,1.4743,26.4821
2005-08-02,0.5000,4.6098,3.2981,1.3977,27.4113
2005-08-03,0.4900,4.6447,3.2242,1.4406,26.7980
2005-08-04,0.4900,4.6623,3.1522,1.4791,26.4635
2005-08-05,0.5200,4.4589,3.1511,1.4150,27.1511
2005-08-08,0.5200,4.4508,3.1784,1.4003,27.2812
2005-08-09,0.5200,4.4267,3.2738,1.3522,27.8944
2005-08-10,0.5300,4.3329,3.2313,1.3409,28.0989
2005-08-11,0.5400,4.2874,3.2997,1.2993,28.9723
2005-08-12,0.5200,4.4347,3.2928,1.3468,27.9688
2005-08-15,0.5300,4.3482,3.3398,1.3019,28.8608
2005-08-16,0.5100,4.4834,3.3064,1.3560,27.8201
2005-08-17,0.5200,4.4108,3.3434,1.3193,28.4520
2005-08-18,0.5000,4.6184,3.2974,1.4006,27.2440
2005-08-19,0.5100,4.4916,3.3922,1.3241,28.3776
2005-08-22,0.5300,4.3405,3.3074,1.3124,28.6006
2005-08-23,0.5200,4.3793,3.2609,1.3430,28.0803
2005-08-24,0.5300,4.3329,3.3213,1.3046,28.7679
2005-08-25,0.5300,4.3405,3.4579,1.2552,30.4404
2005-08-26,0.5300,4.3329,3.4414,1.2591,30.2918
2005-08-29,0.5200,4.4589,3.4528,1.2914,29.2139
2005-08-30,0.5100,4.4916,3.5014,1.2828,29.5112
2005-08-31,0.5200,4.4589,3.5608,1.2522,30.6077
2005-09-01,0.5300,4.3100,3.5110,1.2276,31.3325
2005-09-02,0.5400,4.2725,3.5395,1.2071,32.4847
2005-09-05,0.5400,4.2949,3.5278,1.2174,31.7971
2005-09-06,0.5200,4.3793,3.4421,1.2723,29.8272
2005-09-07,0.5300,4.3176,3.4427,1.2541,30.5148
2005-09-08,0.5500,4.2065,3.3796,1.2447,30.8679
2005-09-09,0.5500,4.2065,3.3622,1.2511,30.6820
2005-09-22,0.5200,4.3934,3.2080,1.3695,27.6714
2005-09-23,0.5000,4.5737,3.2703,1.3986,27.3741
2005-09-26,0.5100,4.5231,3.3604,1.3460,27.9874
2005-09-27,0.5100,4.5314,3.3999,1.3328,28.2290
2005-09-28,0.5100,4.5147,3.2060,1.4082,27.1883
2005-09-29,0.5200,4.4573,3.1869,1.3986,27.3555
2005-09-30,0.5200,4.4092,3.2404,1.3607,27.7829
2005-10-26,0.4900,1.8165,2.8096,0.6465,55.1942
2005-10-27,0.4900,1.8061,2.8717,0.6289,55.3986
2005-10-28,0.5100,1.7512,2.9417,0.5953,55.8446
2005-10-31,0.5200,1.7274,3.0613,0.5643,56.1791
2005-11-01,0.5200,1.7134,2.9800,0.5750,56.0862
2005-11-02,0.5200,1.7227,2.9790,0.5783,56.0676
2005-11-03,0.5000,1.7708,3.0094,0.5884,55.9190
2005-11-04,0.5100,1.7610,3.1710,0.5553,56.2535
2005-11-07,0.5000,1.7858,3.0234,0.5907,55.8818
2005-11-08,0.5100,1.7561,3.1039,0.5658,56.1234
2005-11-09,0.5100,1.7561,3.1317,0.5607,56.1977
2005-11-10,0.5100,1.7464,3.1441,0.5555,56.2349
2005-11-11,0.5100,1.7512,3.1598,0.5542,56.2907
2005-11-14,0.5100,1.7464,3.1996,0.5458,56.3650
2005-11-15,0.5100,1.7561,3.1920,0.5502,56.3092
2005-11-16,0.5100,1.7512,3.5099,0.4989,57.7774
2005-11-17,0.5100,1.7561,3.4509,0.5089,57.2013
2005-11-18,0.5200,1.7274,3.4946,0.4943,58.2048
2005-11-22,0.5100,1.7659,3.3614,0.5253,56.6623
2005-11-23,0.5100,1.7416,3.3553,0.5191,56.8668
2005-11-24,0.5200,1.7227,3.4622,0.4976,57.9632
2005-11-25,0.5300,1.6996,3.4343,0.4949,58.1862
2005-11-28,0.5300,1.6996,3.4318,0.4953,58.1490
2005-11-29,0.5300,1.6951,3.3613,0.5043,57.3871
2005-11-30,0.5400,1.6424,3.3255,0.4939,58.2234
2005-12-01,0.5500,1.6339,3.3169,0.4926,58.3349
2005-12-02,0.5500,1.6381,3.2544,0.5033,57.4800
2005-12-05,0.5400,1.6509,3.3185,0.4975,57.9818
2005-12-06,0.5500,1.6255,3.2601,0.4986,57.8703
2005-12-07,0.5500,1.6255,3.2690,0.4972,58.0004
2005-12-08,0.5500,1.6381,3.2844,0.4988,57.8517
2005-12-09,0.5700,1.5653,3.3271,0.4705,59.2455
2005-12-12,0.5700,1.5770,3.2389,0.4869,58.6694
2005-12-13,0.5700,1.5576,3.2956,0.4726,59.0597
2005-12-14,0.5800,1.5313,3.2309,0.4740,58.9482
2005-12-15,0.5800,1.5425,3.2145,0.4799,58.7809
2005-12-16,0.5800,1.5538,3.1767,0.4891,58.5021
2005-12-19,0.5700,1.5576,3.1542,0.4938,58.2605
2005-12-20,0.5900,1.5203,3.1905,0.4765,58.8924
2005-12-21,0.5900,1.5239,3.1296,0.4869,58.6508
2005-12-23,0.5900,1.5130,3.1474,0.4807,58.7623
2005-12-26,0.5900,1.5023,3.2171,0.4670,59.4685
2005-12-27,0.5800,1.5350,3.2485,0.4725,59.0782
2005-12-28,0.5800,1.5538,3.1641,0.4911,58.4092
2005-12-29,0.5800,1.5387,3.1746,0.4847,58.7066
2005-12-30,0.5700,1.5615,3.2236,0.4844,58.7251
2006-01-04,0.6000,1.1765,3.0720,0.3830,66.0100
2006-01-05,0.6000,1.1765,2.9971,0.3925,64.6906
2006-01-06,0.6000,1.1737,3.0848,0.3805,66.4560
2006-01-09,0.5900,1.1848,3.0634,0.3868,65.3968
2006-01-10,0.5900,1.1876,3.0476,0.3897,65.0808
2006-01-11,0.5900,1.2019,3.0678,0.3918,64.8392
2006-01-12,0.5900,1.1961,3.0432,0.3930,64.5791
2006-01-13,0.5800,1.2255,3.0229,0.4054,63.3525
2006-01-16,0.5500,1.2787,3.0311,0.4219,62.2189
2006-01-17,0.5600,1.2658,3.0129,0.4201,62.3490
2006-01-18,0.5800,1.2195,2.9972,0.4069,63.1853
2006-01-19,0.5800,1.2165,2.9916,0.4066,63.2410
2006-01-20,0.5800,1.2255,3.0439,0.4026,63.5570
2006-01-23,0.5900,1.1848,3.0789,0.3848,65.6569
2006-01-24,0.6000,1.1792,2.9676,0.3974,64.0773
2006-01-25,0.6200,1.1312,2.9589,0.3823,66.1587
2006-02-06,0.6400,1.0941,3.0107,0.3634,69.7268
2006-02-07,0.6200,1.1312,2.9412,0.3846,65.7499
2006-02-08,0.6300,1.1261,2.9715,0.3790,66.6976
2006-02-09,0.6200,1.1338,2.8715,0.3948,64.3932
2006-02-10,0.6300,1.1261,2.8673,0.3927,64.6534
2006-02-13,0.6200,1.1286,2.8475,0.3963,64.2074
2006-02-14,0.6300,1.1136,2.8723,0.3877,65.3224
2006-02-15,0.6600,1.0729,2.9109,0.3686,68.8162
2006-02-16,0.6600,1.0729,2.8750,0.3732,67.8127
2006-02-17,0.6700,1.0482,2.9412,0.3564,70.6188
2006-02-20,0.6800,1.0395,2.9124,0.3569,70.5259
2006-02-21,0.6900,1.0183,2.9955,0.3399,72.4401
2006-02-22,0.6900,1.0183,2.9172,0.3491,71.3250
2006-02-23,0.7200,0.9823,2.9937,0.3281,73.9639
2006-02-27,0.7000,1.0000,2.9225,0.3422,72.1427
2006-02-28,0.7400,0.9505,2.9266,0.3248,74.3542
2006-03-01,0.7400,0.9505,2.9000,0.3278,73.9825
2006-03-02,0.7200,0.9804,2.9000,0.3381,72.7188
2006-03-03,0.7100,0.9940,2.8700,0.3463,71.6410
2006-03-06,0.7000,1.0020,2.9300,0.3420,72.1985
2006-03-07,0.6800,1.0330,2.9000,0.3562,70.6560
2006-03-08,0.6900,1.0246,2.8800,0.3558,70.7675
2006-03-09,0.6700,1.0460,2.8800,0.3632,69.8012
2006-03-10,0.6800,1.0373,2.8900,0.3589,70.2286
2006-03-13,0.7000,1.0101,2.9000,0.3483,71.3994
2006-03-14,0.6900,1.0288,2.9000,0.3548,70.8604
2006-03-15,0.6900,1.0183,2.9100,0.3499,71.2135
2006-03-16,0.7000,1.0080,2.9100,0.3464,71.6224
2006-03-17,0.7100,0.9980,2.9200,0.3418,72.2356
2006-03-20,0.7200,0.9727,2.9300,0.3320,73.3693
2006-03-21,0.7300,0.9671,2.9200,0.3312,73.5365
2006-03-22,0.7300,0.9615,2.9300,0.3282,73.9454
2006-03-23,0.7300,0.9709,2.9120,0.3334,73.2949
2006-03-24,0.7200,0.9823,2.9000,0.3387,72.6259
2006-03-27,0.7300,0.9652,2.9200,0.3305,73.6480
2006-03-28,0.7300,0.9597,2.9200,0.3287,73.8896
2006-03-29,0.7500,0.9416,2.9400,0.3203,74.9768
2006-03-30,0.7500,0.9416,2.9400,0.3203,74.9768
2006-04-03,0.7800,0.8993,2.9200,0.3080,76.5471
2006-04-04,0.7900,0.8909,2.9200,0.3051,76.9188
2006-04-05,0.8000,0.8846,2.9100,0.3040,76.9745
2006-04-06,0.7800,0.9055,2.9400,0.3080,76.5285
2006-04-07,0.7700,0.9171,2.9291,0.3131,76.0082
2006-04-10,0.8000,0.8846,2.9300,0.3019,77.1046
2006-04-11,0.7900,0.8878,2.9700,0.2989,77.3462
2006-04-12,0.8000,0.8846,2.9800,0.2968,77.5878
2006-04-13,0.7700,0.9154,2.9405,0.3113,76.1568
2006-04-14,0.8100,0.8677,2.9500,0.2941,77.9781
2006-04-17,0.8200,0.8708,2.9400,0.2962,77.6621
2006-04-18,0.8100,0.8815,3.0100,0.2929,78.2197
2006-04-19,0.7900,0.9015,3.0100,0.2995,77.2347
2006-04-20,0.7800,0.9154,3.0000,0.3051,76.9002
2006-04-21,0.8000,0.8903,3.0480,0.2921,78.4055
2006-04-24,0.7800,0.9084,3.0500,0.2978,77.4020
2006-04-25,0.7600,0.9321,3.0600,0.3046,76.9374
2006-04-26,0.8000,0.8925,3.0500,0.2926,78.3126
2006-04-27,0.7800,0.9084,3.0100,0.3018,77.1232
2006-04-28,0.8500,0.8400,3.0100,0.2791,79.6692
2006-05-08,0.8700,0.8207,3.0200,0.2718,80.5612
2006-05-09,0.8800,0.8059,3.0000,0.2686,80.9143
2006-05-10,0.8700,0.8188,3.0000,0.2729,80.3940
2006-05-11,0.8600,0.8303,3.0000,0.2768,79.9665
2006-05-12,0.8600,0.8245,3.0200,0.2730,80.3568
2006-05-15,0.8700,0.8132,3.0300,0.2684,81.0072
2006-05-16,0.9000,0.7916,3.0200,0.2621,81.8249
2006-05-17,0.9000,0.7864,3.0000,0.2621,81.8064
2006-05-18,0.8800,0.8041,3.0000,0.2680,81.0816
2006-05-19,0.8900,0.7951,2.9900,0.2659,81.3789
2006-05-22,0.8800,0.8077,3.0000,0.2692,80.8586
2006-05-23,0.8600,0.8303,3.0200,0.2749,80.1896
2006-05-24,0.8700,0.8132,3.0000,0.2711,80.6542
2006-05-25,0.8700,0.8151,3.0000,0.2717,80.5798
2006-05-26,0.8900,0.7987,3.0000,0.2662,81.2860
2006-05-29,0.8900,0.7969,3.0300,0.2630,81.6577
2006-05-30,0.8800,0.8077,3.0200,0.2675,81.1373
2006-05-31,0.8700,0.8170,3.0200,0.2705,80.7099
2006-06-01,0.8800,0.8114,3.0300,0.2678,81.1002
2006-06-02,0.8600,0.8303,3.0500,0.2722,80.5055
2006-06-05,0.8600,0.8264,3.0300,0.2727,80.4126
2006-06-06,0.8400,0.8420,3.0200,0.2788,79.7435
2006-06-07,0.7900,0.8948,3.0500,0.2934,78.0896
2006-06-08,0.8100,0.8815,3.0500,0.2890,78.6657
2006-06-09,0.7800,0.9061,3.0300,0.2990,77.3276
2006-06-12,0.8000,0.8903,3.0500,0.2919,78.4427
2006-06-13,0.7900,0.8993,3.0800,0.2920,78.4241
2006-06-14,0.7800,0.9154,3.0900,0.2962,77.6250
2006-06-15,0.7800,0.9107,3.1000,0.2938,78.0338
2006-06-16,0.8000,0.8837,3.1000,0.2851,79.2046
2006-06-19,0.8000,0.8881,3.1200,0.2846,79.2604
2006-06-20,0.8100,0.8729,3.1000,0.2816,79.4462
2006-06-21,0.8100,0.8793,3.1500,0.2791,79.6506
2006-06-22,0.8300,0.8541,3.1200,0.2737,80.2453
2006-06-23,0.8300,0.8561,3.1300,0.2735,80.2825
2006-06-26,0.8400,0.8420,3.1500,0.2673,81.1559
2006-06-27,0.8300,0.8521,3.1500,0.2705,80.7285
2006-06-28,0.8400,0.8500,3.1500,0.2698,80.8028
2006-06-29,0.8600,0.8226,3.1500,0.2611,82.0108
2006-06-30,0.8700,0.8170,3.1650,0.2581,82.3825
2006-07-03,0.9100,0.7846,3.1590,0.2484,83.1258
2006-07-04,0.8900,0.7951,3.1500,0.2524,82.8099
2006-07-05,0.8500,0.8360,3.1800,0.2629,81.6763
2006-07-06,0.8500,0.8321,3.1720,0.2623,81.7692
2006-07-07,0.8300,0.8540,3.1800,0.2686,80.9515
2006-07-10,0.8400,0.8439,3.1729,0.2660,81.3418
2006-07-11,0.8600,0.8225,3.1689,0.2596,82.2338
2006-07-12,0.8600,0.8225,3.2000,0.2570,82.5125
2006-07-13,0.8300,0.8581,3.2300,0.2657,81.4347
2006-07-14,0.8500,0.8321,3.2350,0.2572,82.4568
2006-07-18,0.8500,0.8321,3.2000,0.2600,82.1223
2006-07-19,0.8300,0.8561,3.1900,0.2684,81.0258
2006-07-20,0.8300,0.8561,3.2000,0.2675,81.1188
2006-07-21,0.8400,0.8459,3.2000,0.2643,81.5462
2006-07-24,0.8400,0.8499,3.2500,0.2615,81.9179
2006-07-25,0.8400,0.8419,3.2400,0.2598,82.1966
2006-07-26,0.8500,0.8380,3.2500,0.2578,82.4010
2006-07-27,0.8400,0.8459,3.2750,0.2583,82.3267
2006-07-28,0.8400,0.8459,3.2500,0.2603,82.1037
2006-07-31,0.8200,0.8665,3.2600,0.2658,81.3975
2006-08-01,0.8100,0.8771,3.2500,0.2699,80.7842
2006-08-02,0.8000,0.8858,3.2500,0.2726,80.4590
2006-08-03,0.8100,0.8793,3.2400,0.2714,80.6356
2006-08-04,0.8000,0.8858,3.2500,0.2726,80.4590
2006-08-07,0.7800,0.9060,3.2500,0.2788,79.7621
2006-08-09,0.8000,0.8924,3.2600,0.2737,80.2639
2006-08-10,0.8100,0.8814,3.2600,0.2704,80.7471
2006-08-11,0.8200,0.8686,3.2550,0.2669,81.1745
2006-08-14,0.8100,0.8814,3.2450,0.2716,80.5984
2006-08-15,0.8200,0.8623,3.2450,0.2657,81.4161
2006-08-16,0.8400,0.8479,3.2400,0.2617,81.8993
2006-08-17,0.8300,0.8602,3.2400,0.2655,81.4718
2006-08-18,0.8200,0.8644,3.2000,0.2701,80.7657
2006-08-21,0.8200,0.8623,3.2600,0.2645,81.5276
2006-08-22,0.8400,0.8499,3.2540,0.2612,81.9736
2006-08-23,0.8500,0.8399,3.2510,0.2584,82.3081
2006-08-24,0.8500,0.8321,3.2480,0.2562,82.6240
2006-08-25,0.8400,0.8419,3.2389,0.2599,82.1594
2006-08-28,0.8600,0.8225,3.2560,0.2526,82.7727
2006-08-29,0.8500,0.8360,3.2500,0.2572,82.4382
2006-08-30,0.8500,0.8380,3.2400,0.2586,82.2710
2006-08-31,0.8600,0.8302,3.2380,0.2564,82.5869
2006-09-01,0.8500,0.8341,3.2300,0.2582,82.3639
2006-09-04,0.8600,0.8225,3.2300,0.2546,82.6984
2006-09-05,0.9000,0.7933,3.2250,0.2460,83.2931
2006-09-06,0.9000,0.7933,3.2100,0.2471,83.1816
2006-09-07,0.8900,0.7951,3.2010,0.2484,83.1072
2006-09-08,0.9100,0.7828,3.2000,0.2446,83.3674
2006-09-11,0.9600,0.7391,3.2000,0.2310,84.6125
2006-09-12,0.9700,0.7360,3.1800,0.2314,84.5568
2006-09-13,0.9800,0.7256,3.1800,0.2282,84.9656
2006-09-14,0.9900,0.7183,3.1720,0.2265,85.1515
2006-09-15,0.9900,0.7212,3.1700,0.2275,85.0400
2006-09-18,0.9600,0.7376,3.1550,0.2338,84.2780
2006-09-19,0.9900,0.7212,3.1500,0.2290,84.8541
2006-09-20,1.0000,0.7097,3.1300,0.2267,85.0957
2006-09-21,1.0300,0.6865,3.1100,0.2207,85.6532
2006-09-22,1.0000,0.7125,3.0500,0.2336,84.3338
2006-09-25,1.0400,0.6852,3.0000,0.2284,84.9285
2006-09-26,1.0000,0.7140,3.0000,0.2380,83.8692
2006-09-27,1.0300,0.6918,3.0000,0.2306,84.6869
2006-09-28,1.0300,0.6878,3.0000,0.2293,84.8169
2006-09-29,1.0700,0.6623,3.0000,0.2208,85.6161
2006-10-09,1.1800,0.6020,3.0000,0.2007,87.9019
2006-10-10,1.1800,0.6020,2.9900,0.2013,87.7532
2006-10-11,1.1700,0.6092,2.9700,0.2051,87.3629
2006-10-12,1.1700,0.6092,2.9552,0.2061,87.2143
2006-10-13,1.1600,0.6102,2.9541,0.2066,87.1399
2006-10-17,1.1000,0.6432,2.9533,0.2178,85.8762
2006-10-18,1.1500,0.6176,2.9535,0.2091,86.7683
2006-10-19,1.1400,0.6230,2.9540,0.2109,86.3966
2006-10-20,1.1700,0.6092,2.9523,0.2063,87.1771
2006-10-23,1.1200,0.6363,2.9492,0.2158,86.0435
2006-10-24,1.1500,0.6187,2.9385,0.2105,86.4523
2006-10-25,1.1600,0.6113,2.9498,0.2072,87.0842
2006-10-26,1.2100,0.5891,2.9374,0.2006,87.9205
2006-10-27,1.1700,0.6050,2.9397,0.2058,87.2886
2006-10-30,1.1600,0.6102,2.9406,0.2075,87.0098
2006-10-31,1.1800,0.6020,2.9512,0.2040,87.5116
2006-11-01,1.1700,0.6050,2.9545,0.2048,87.3815
2006-11-02,1.1500,0.6197,2.9557,0.2097,86.6196
2006-11-03,1.1400,0.6208,2.9561,0.2100,86.5638
2006-11-06,1.1600,0.6144,2.9844,0.2059,87.2700
2006-11-07,1.2100,0.5871,2.9890,0.1964,88.4966
2006-11-08,1.1900,0.5979,2.9781,0.2008,87.8647
2006-11-09,1.2800,0.5560,2.9720,0.1871,89.7231
2006-11-10,1.3000,0.5483,2.9595,0.1853,90.0390
2006-11-13,1.2900,0.5492,2.9494,0.1862,89.8346
2006-11-14,1.3400,0.5312,2.9682,0.1790,91.0797
2006-11-15,1.3700,0.5174,2.9688,0.1743,91.6372
2006-11-16,1.3700,0.5181,2.9725,0.1743,91.6187
2006-11-17,1.3600,0.5234,2.9632,0.1766,91.4142
2006-11-20,1.4100,0.5028,2.9806,0.1687,92.0461
2006-11-21,1.4200,0.5007,2.9785,0.1681,92.0647
2006-11-22,1.4100,0.5028,3.0518,0.1648,92.2877
2006-11-23,1.4500,0.4910,3.0609,0.1604,92.5293
2006-11-24,1.4200,0.5014,3.0655,0.1636,92.3620
2006-11-27,1.3800,0.5144,3.0200,0.1703,91.9532
2006-11-28,1.3600,0.5234,2.9886,0.1751,91.5443
2006-11-29,1.3700,0.5189,2.9811,0.1741,91.6558
2006-11-30,1.4100,0.5049,2.9781,0.1695,91.9718
2006-12-01,1.3800,0.5136,2.9936,0.1716,91.8417
2006-12-04,1.5000,0.4734,2.9895,0.1584,92.6036
2006-12-05,1.5100,0.4691,2.9912,0.1568,92.7151
2006-12-06,1.5300,0.4630,2.9851,0.1551,92.7523
2006-12-07,1.5600,0.4553,2.9947,0.1520,92.8638
2006-12-08,1.5800,0.4485,3.0351,0.1478,93.1240
2006-12-11,1.6700,0.4260,3.0527,0.1395,93.6257
2006-12-12,1.7400,0.4080,3.0393,0.1342,94.1275
2006-12-13,1.7000,0.4180,3.0461,0.1372,93.8116
2006-12-14,1.7300,0.4098,3.0335,0.1351,94.0531
2006-12-15,1.7500,0.4066,3.0402,0.1337,94.2018
2006-12-18,1.8100,0.3936,3.0307,0.1299,94.4434
2006-12-19,1.7900,0.3975,3.0232,0.1315,94.4248
2006-12-20,1.7700,0.4024,3.0267,0.1330,94.2762
2006-12-21,1.7400,0.4080,3.0199,0.1351,94.0346
2006-12-22,1.7800,0.3997,3.0364,0.1316,94.4062
2006-12-25,1.8700,0.3806,3.0408,0.1252,94.8523
2006-12-26,1.8600,0.3826,3.0419,0.1258,94.8151
2006-12-27,1.9700,0.3609,3.0408,0.1187,95.1124
2006-12-28,1.9500,0.3639,3.0260,0.1203,95.0753
2006-12-29,2.0300,0.3500,3.0202,0.1159,95.1868
2007-01-04,2.0300,0.3498,3.0239,0.1157,95.2054
2007-01-05,1.9100,0.3716,3.0211,0.1230,94.9266
2007-01-08,1.9300,0.3685,3.0356,0.1214,95.0567
2007-01-09,2.0100,0.3536,3.0231,0.1170,95.1310
2007-01-10,2.0200,0.3511,3.0102,0.1166,95.1496
2007-01-11,1.9400,0.3659,3.0047,0.1218,95.0195
2007-01-12,1.9300,0.3685,3.0202,0.1220,94.9823
2007-01-16,2.0400,0.3487,3.0175,0.1156,95.2239
2007-01-17,2.0600,0.3450,3.0176,0.1143,95.2425
2007-01-18,1.9600,0.3629,3.0273,0.1199,95.0938
2007-01-19,2.0200,0.3522,3.0320,0.1162,95.1682
2007-01-22,2.0600,0.3444,3.0277,0.1137,95.2611
2007-01-23,2.2700,0.3130,3.0373,0.1031,95.3912
2007-01-24,2.2900,0.3097,3.0267,0.1023,95.4469
2007-01-25,2.3200,0.3060,3.0320,0.1009,95.5584
2007-01-26,2.5600,0.2781,3.0374,0.0916,96.2646
2007-01-29,2.7800,0.2554,3.0427,0.0839,96.5806
2007-01-30,2.6400,0.2695,3.0559,0.0882,96.4691
2007-01-31,2.3900,0.2971,3.0671,0.0969,95.8744
2007-02-01,2.4500,0.2906,3.0676,0.0947,96.0788
2007-02-02,2.2900,0.3103,3.0598,0.1014,95.5213
2007-02-05,2.1600,0.3294,3.0765,0.1071,95.2983
2007-02-06,2.3700,0.2996,3.0705,0.0976,95.7815
2007-02-07,2.4300,0.2929,3.0704,0.0954,96.0416
2007-02-08,2.3800,0.2988,3.0814,0.0970,95.8558
2007-02-09,2.3000,0.3086,3.1171,0.0990,95.6699
2007-02-12,2.4300,0.2920,3.1355,0.0931,96.1903
2007-02-13,2.4700,0.2875,3.1367,0.0917,96.2461
2007-02-14,2.5100,0.2827,3.1370,0.0901,96.3390
2007-02-15,2.6200,0.2709,3.1365,0.0864,96.5248
2007-02-16,2.6200,0.2711,3.1361,0.0864,96.5062
2007-02-26,2.5100,0.2827,3.1200,0.0906,96.2832
2007-02-27,2.2600,0.3141,3.1468,0.0998,95.6142
2007-03-01,2.2800,0.3116,3.1553,0.0988,95.6885
2007-03-02,2.2900,0.3105,3.1683,0.0980,95.7257
2007-03-05,2.1900,0.3252,3.1726,0.1025,95.4284
2007-03-06,2.2900,0.3097,3.1790,0.0974,95.8000
2007-03-07,2.3100,0.3073,3.1900,0.0963,95.9673
2007-03-08,2.2900,0.3097,3.2192,0.0962,96.0045
2007-03-09,2.3100,0.3073,3.2230,0.0953,96.0602
2007-03-12,2.2700,0.3132,3.2278,0.0970,95.8372
2007-03-13,2.2500,0.3157,3.2051,0.0985,95.7071
2007-03-14,2.1900,0.3243,3.2332,0.1003,95.5770
2007-03-15,2.2300,0.3191,3.2876,0.0971,95.8186
2007-03-16,2.2000,0.3238,3.3042,0.0980,95.7443
2007-03-19,2.3700,0.3001,3.3370,0.0899,96.3576
2007-03-20,2.3400,0.3034,3.3600,0.0903,96.3204
2007-03-21,2.3700,0.3003,3.4000,0.0883,96.4505
2007-03-22,2.3600,0.3013,3.3950,0.0887,96.4133
2007-03-23,2.3200,0.3068,3.4235,0.0896,96.3761
2007-03-26,2.3600,0.3006,3.4200,0.0879,96.4876
2007-03-27,2.3500,0.3021,3.4200,0.0883,96.4319
2007-03-28,2.4700,0.2880,3.4245,0.0841,96.5620
2007-03-29,2.5100,0.2832,3.4386,0.0824,96.6735
2007-03-30,2.4800,0.2871,3.4338,0.0836,96.6177
2007-04-02,2.5200,0.2818,3.4300,0.0822,96.6921
2007-04-03,2.5400,0.2801,3.4277,0.0817,96.7292
2007-04-04,2.5000,0.2845,3.4400,0.0827,96.6549
2007-04-05,2.4700,0.2880,3.4441,0.0836,96.5991
2007-04-06,2.4400,0.2913,3.4615,0.0842,96.5434
2007-04-10,2.4900,0.2859,3.4829,0.0821,96.7106
2007-04-11,2.5500,0.2788,3.4930,0.0798,96.8036
2007-04-12,2.5700,0.2764,3.4936,0.0791,96.8222
2007-04-13,2.5000,0.2848,3.5202,0.0809,96.7664
2007-04-16,2.5700,0.2768,3.5327,0.0784,96.8965
2007-04-17,2.5400,0.2796,3.5391,0.0790,96.8593
2007-04-18,2.4900,0.2852,3.5600,0.0801,96.7850
2007-04-19,2.3800,0.2983,3.5700,0.0836,96.6363
2007-04-20,2.4400,0.2908,3.5800,0.0812,96.7478
2007-04-23,2.5000,0.2839,3.5900,0.0791,96.8407
2007-04-24,2.5100,0.2834,3.6139,0.0784,96.8779
2007-04-25,2.6800,0.2655,3.6349,0.0730,96.9894
2007-04-26,2.6600,0.2671,3.5931,0.0743,96.9708
2007-04-27,2.6000,0.2734,3.5914,0.0761,96.9337
2007-04-30,2.5900,0.2745,3.5916,0.0764,96.9151
2007-05-08,2.6200,0.2718,3.5933,0.0756,96.9522
2007-05-09,2.7100,0.2620,3.5906,0.0730,97.0080
2007-05-10,2.7000,0.2632,3.6300,0.0725,97.0266
2007-05-11,2.7800,0.2556,3.6800,0.0695,97.1381
2007-05-14,2.8700,0.2473,3.7000,0.0668,97.2682
2007-05-15,2.6900,0.2639,3.7992,0.0695,97.1195
2007-05-16,2.7300,0.2599,3.8300,0.0679,97.2124
2007-05-17,2.7300,0.2601,3.8300,0.0679,97.1938
2007-05-18,2.6700,0.2663,3.8300,0.0695,97.1009
2007-05-21,2.6200,0.2709,3.9660,0.0683,97.1752
2007-05-22,2.6400,0.2697,4.0500,0.0666,97.3053
2007-05-23,2.6500,0.2683,4.0640,0.0660,97.3425
2007-05-24,2.6600,0.2677,4.0300,0.0664,97.3239
2007-05-25,2.6300,0.2703,4.0500,0.0667,97.2867
2007-05-28,2.6700,0.2659,4.0700,0.0653,97.3797
2007-05-29,2.7100,0.2618,4.0800,0.0642,97.4168
2007-05-30,2.4800,0.2866,4.0700,0.0704,97.0637
2007-05-31,2.6600,0.2669,4.0600,0.0657,97.3611
2007-06-01,2.6700,0.2661,4.0800,0.0652,97.3983
2007-06-04,2.4100,0.2949,4.1393,0.0712,97.0452
2007-06-05,2.4800,0.2864,4.1309,0.0693,97.1567
2007-06-06,2.4600,0.2889,4.1442,0.0697,97.0823
2007-06-07,2.5300,0.2805,4.1427,0.0677,97.2310
2007-06-08,2.5300,0.2807,4.1624,0.0674,97.2496
2007-06-11,2.6800,0.2653,4.1376,0.0641,97.4354
2007-06-12,2.6900,0.2642,4.2199,0.0626,97.4540
2007-06-13,2.7500,0.2585,4.2320,0.0611,97.5098
2007-06-14,2.7000,0.2637,4.2669,0.0618,97.4726
2007-06-15,2.7500,0.2585,4.3483,0.0594,97.5655
2007-06-18,2.8300,0.2511,4.3496,0.0577,97.6213
2007-06-19,2.8200,0.2522,4.3969,0.0574,97.6398
2007-06-20,2.7100,0.2618,4.4408,0.0590,97.5841
2007-06-21,2.7200,0.2609,4.4700,0.0584,97.6027
2007-06-22,2.6600,0.2667,4.4400,0.0601,97.5469
2007-06-25,2.6500,0.2684,4.4200,0.0607,97.5283
2007-06-26,2.6300,0.2699,4.4000,0.0613,97.4912
2007-06-27,2.7700,0.2143,4.3985,0.0487,97.7513
2007-06-28,2.6800,0.2215,4.4538,0.0497,97.6956
2007-06-29,2.7100,0.2194,4.4500,0.0493,97.7142
2007-07-02,2.7700,0.2143,4.4500,0.0482,97.7885
2007-07-03,2.7800,0.2136,4.4726,0.0478,97.8257
2007-07-04,2.7000,0.2200,4.4745,0.0492,97.7328
2007-07-05,2.6400,0.2251,4.4750,0.0503,97.6584
2007-07-06,2.6900,0.2205,4.4261,0.0498,97.6770
2007-07-09,2.7700,0.2145,4.4172,0.0486,97.7699
2007-07-10,2.7900,0.2130,4.4896,0.0474,97.8443
2007-07-11,2.8200,0.2104,4.4773,0.0470,97.8629
2007-07-12,2.8900,0.2052,4.4777,0.0458,97.9000
2007-07-13,2.8800,0.2066,4.4634,0.0463,97.8814
2007-07-16,2.7800,0.2140,4.4540,0.0480,97.8071
2007-07-17,2.9300,0.2024,4.4542,0.0454,97.9186
2007-07-18,2.9700,0.2000,4.4547,0.0449,97.9372
2007-07-19,2.9700,0.1996,4.4550,0.0448,97.9558
2007-07-20,3.1700,0.1874,4.4551,0.0421,98.0115
2007-07-23,3.2400,0.1830,4.4770,0.0409,98.0487
2007-07-24,3.3200,0.1786,4.4651,0.0400,98.1416
2007-07-25,3.4500,0.1720,4.3300,0.0397,98.1788
2007-07-26,3.4200,0.1735,4.3086,0.0403,98.1044
2007-07-27,3.3500,0.1773,4.3399,0.0409,98.0673
2007-07-30,3.3700,0.1761,4.2848,0.0411,98.0301
2007-07-31,3.3700,0.1763,4.3401,0.0406,98.0859
2007-08-01,3.2500,0.1828,4.2857,0.0427,97.9744
2007-08-02,3.3100,0.1795,4.2594,0.0421,97.9929
2007-08-03,3.5900,0.1654,4.2855,0.0386,98.2717
2007-08-06,3.6200,0.1642,4.3861,0.0374,98.6248
2007-08-07,3.5700,0.1663,4.3775,0.0380,98.4390
2007-08-08,3.5900,0.1655,4.3166,0.0383,98.3460
2007-08-09,3.6200,0.1640,4.3178,0.0380,98.4575
2007-08-10,3.5300,0.1683,4.3378,0.0388,98.2531
2007-08-13,3.6300,0.1637,4.3570,0.0376,98.5690
2007-08-14,3.6000,0.1651,4.3568,0.0379,98.4761
2007-08-15,3.7400,0.1588,4.3541,0.0365,98.7549
2007-08-16,3.6300,0.1635,4.3529,0.0376,98.5876
2007-08-17,3.4500,0.1723,4.3038,0.0400,98.1230
2007-08-20,3.6600,0.1622,4.2636,0.0380,98.4018
2007-08-21,3.8600,0.1539,4.2445,0.0363,98.8478
2007-08-22,3.9100,0.1520,4.2270,0.0360,98.9035
2007-08-23,3.9300,0.1511,4.2064,0.0359,98.9221
2007-08-24,4.0500,0.1467,4.2164,0.0348,99.4053
2007-08-27,4.1300,0.1438,4.1360,0.0348,99.4239
2007-08-28,4.0400,0.1469,4.2049,0.0349,99.2938
2007-08-29,3.9400,0.1508,4.2766,0.0353,99.1823
2007-08-30,4.0500,0.1466,4.2739,0.0343,99.6283
2007-08-31,4.0000,0.1483,4.2743,0.0347,99.4425
2007-09-03,4.0200,0.1478,4.2350,0.0349,99.3310
2007-09-04,3.9300,0.1510,4.2328,0.0357,99.0708
2007-09-05,3.9400,0.1509,4.2440,0.0356,99.1080
2007-09-06,4.0300,0.1475,4.2677,0.0346,99.4982
2007-09-07,3.9700,0.1497,4.2872,0.0349,99.3124
2007-09-10,4.0000,0.1486,4.2946,0.0346,99.4797
2007-09-11,3.7200,0.1596,4.3615,0.0366,98.7363
2007-09-12,3.6500,0.1625,4.3788,0.0371,98.6434
2007-09-13,3.7800,0.1572,4.3892,0.0358,99.0151
2007-09-14,3.7400,0.1588,4.4893,0.0354,99.1451
2007-09-17,3.8100,0.1560,4.5421,0.0343,99.6097
2007-09-18,3.8400,0.1547,4.5436,0.0340,99.6841
2007-09-19,3.7500,0.1583,4.5474,0.0348,99.3867
2007-09-20,3.7200,0.1597,4.5477,0.0351,99.2752
2007-09-21,3.6800,0.1614,4.4950,0.0359,98.9407
2007-09-24,3.7000,0.1603,4.4930,0.0357,99.0522
2007-09-25,3.6100,0.1646,4.4859,0.0367,98.7177
2007-09-26,3.5600,0.1669,4.4450,0.0375,98.6062
2007-09-27,3.5700,0.1663,4.4200,0.0376,98.5319
2007-09-28,3.7400,0.1586,4.3900,0.0361,98.8850
2007-10-08,3.8600,0.1538,4.3664,0.0352,99.2195
2007-10-09,3.9500,0.1503,4.3700,0.0344,99.5726
2007-10-11,4.1200,0.1443,4.3732,0.0330,99.8699
2007-10-12,3.9800,0.1492,4.3723,0.0341,99.6655
2007-10-15,3.9000,0.1523,4.3746,0.0348,99.3681
2007-10-16,3.9800,0.1493,4.3743,0.0341,99.6469
2007-10-17,3.8800,0.1530,4.4500,0.0344,99.5912
2007-10-18,3.7700,0.1577,4.4600,0.0354,99.1637
2007-10-19,3.7400,0.1588,4.4700,0.0355,99.1266
2007-10-22,3.6600,0.1622,4.4800,0.0362,98.8664
2007-10-23,3.8000,0.1563,4.4850,0.0348,99.3496
2007-10-24,3.7700,0.1575,4.4850,0.0351,99.2566
2007-10-25,3.6500,0.1627,4.4850,0.0363,98.8292
2007-10-26,3.8200,0.1555,4.4850,0.0347,99.4611
2007-10-29,3.9500,0.1503,4.4800,0.0335,99.7398
2007-10-30,3.9800,0.1491,4.4840,0.0333,99.8327
2007-10-31,4.0200,0.1476,4.4937,0.0328,99.9257
2007-11-01,4.0100,0.1479,4.5000,0.0329,99.8885
2007-11-02,3.8800,0.1529,4.5000,0.0340,99.7027
2007-11-05,3.8800,0.1532,4.5263,0.0338,99.7212
2007-11-06,3.9300,0.1510,4.5248,0.0334,99.8142
2007-11-07,4.1200,0.1442,4.5441,0.0317,99.9628
2007-11-08,3.9800,0.1493,4.5441,0.0329,99.9071
2007-11-09,4.1500,0.1432,4.5743,0.0313,99.9814
2007-11-12,4.1700,0.1424,4.5863,0.0310,100.0000
2007-11-13,3.8700,0.1533,4.5861,0.0334,99.7956
2007-11-14,3.9800,0.1493,4.5922,0.0325,99.9442
2007-11-15,3.9000,0.1522,4.5973,0.0331,99.8513
2007-11-16,3.8600,0.1539,4.5974,0.0335,99.7770
2007-11-19,3.7600,0.1578,4.5822,0.0344,99.5540
2007-11-20,3.8900,0.1527,4.5569,0.0335,99.7584
2007-11-21,3.7800,0.1569,4.5450,0.0345,99.5168
2007-11-22,3.7000,0.1604,4.5500,0.0353,99.2009
2007-11-23,3.7900,0.1566,4.5400,0.0345,99.5354
2007-11-26,3.7200,0.1597,4.5350,0.0352,99.2381
2007-11-27,3.6000,0.1649,4.5247,0.0364,98.7735
2007-11-28,3.5000,0.1695,4.5089,0.0376,98.5505
2007-11-29,3.6900,0.1609,4.5084,0.0357,99.0336
2007-11-30,3.5800,0.1661,4.5086,0.0368,98.6620
2007-12-03,3.5900,0.1655,4.5085,0.0367,98.6991
2007-12-04,3.6200,0.1639,4.5085,0.0364,98.7920
2007-12-05,3.6700,0.1618,4.5096,0.0359,98.9593
2007-12-06,3.6800,0.1614,4.5038,0.0358,98.9965
2007-12-07,3.7100,0.1602,4.5043,0.0356,99.0894
2007-12-10,3.6800,0.1613,4.4996,0.0358,98.9779
2007-12-11,3.6200,0.1640,4.5116,0.0364,98.8106
2007-12-12,3.5700,0.1662,4.5118,0.0368,98.6805
2007-12-13,3.4900,0.1702,4.5067,0.0378,98.4947
2007-12-14,3.5300,0.1683,4.4251,0.0380,98.4204
2007-12-17,3.3600,0.1767,4.4282,0.0399,98.1602
2007-12-18,3.3800,0.1756,4.4279,0.0397,98.1974
2007-12-19,3.4400,0.1727,4.4280,0.0390,98.2159
2007-12-20,3.5000,0.1699,4.4282,0.0384,98.3089
2007-12-21,3.4800,0.1708,4.4526,0.0384,98.3274
2007-12-24,3.5400,0.1676,4.4517,0.0376,98.5133
2007-12-25,3.4900,0.1700,4.4528,0.0382,98.3646
2007-12-26,3.4300,0.1731,4.4541,0.0389,98.2345
2007-12-27,3.5100,0.1692,4.4005,0.0385,98.2903
2007-12-28,3.5100,0.1692,4.4357,0.0381,98.3832
2009-01-05,1.2800,0.9268,2.7300,0.3395,72.4958
2009-01-06,1.3200,0.9007,2.6909,0.3347,73.1834
2009-01-07,1.3000,0.9158,2.6711,0.3429,72.0126
2009-01-08,1.2700,0.9358,2.6716,0.3503,71.1764
2009-01-09,1.2800,0.9268,2.6722,0.3468,71.5666
2009-01-12,1.2800,0.9268,2.7000,0.3433,71.9383
2009-01-13,1.2500,0.9520,2.8257,0.3369,72.9232
2009-01-14,1.3000,0.9136,2.8818,0.3170,75.4507
2009-01-15,1.3000,0.9158,2.9897,0.3063,76.7701
2009-01-16,1.3400,0.8862,2.9940,0.2960,77.7365
2009-01-19,1.3700,0.8702,3.0123,0.2889,78.6843
2009-01-20,1.3700,0.8702,3.0995,0.2808,79.5205
2009-01-21,1.3900,0.8547,3.1398,0.2722,80.5241
2009-01-22,1.4200,0.8361,3.0619,0.2731,80.3382
2009-01-23,1.4000,0.8472,3.0367,0.2790,79.6878
2009-02-02,1.3800,0.8585,3.1433,0.2731,80.3196
2009-02-03,1.4100,0.8435,3.1766,0.2655,81.4533
2009-02-04,1.4800,0.8030,3.2946,0.2437,83.4975
2009-02-05,1.4900,0.7980,3.4013,0.2346,84.2037
2009-02-06,1.5300,0.7754,3.2967,0.2352,84.1293
2009-02-09,1.5500,0.7677,3.2690,0.2348,84.1665
2009-02-10,1.5400,0.7708,3.3001,0.2336,84.3524
2009-02-11,1.5600,0.7631,3.2323,0.2361,84.0364
2009-02-12,1.5100,0.7881,3.1271,0.2520,82.8842
2009-02-13,1.5500,0.7662,3.1321,0.2446,83.3488
2009-02-16,1.6200,0.7340,3.1547,0.2327,84.4824
2009-02-17,1.5700,0.7571,3.1897,0.2374,83.9249
2009-02-18,1.4900,0.7996,3.1703,0.2522,82.8285
2009-02-19,1.4800,0.8046,3.1385,0.2564,82.6055
2009-02-20,1.5000,0.7914,3.1583,0.2506,82.9771
2009-02-23,1.5400,0.7708,3.1555,0.2443,83.4232
2009-02-24,1.4500,0.8218,3.1508,0.2608,82.0294
2009-02-25,1.4900,0.7963,3.1412,0.2535,82.7170
2009-02-26,1.4300,0.8307,3.1447,0.2642,81.5833
2009-02-27,1.4500,0.8201,3.1508,0.2603,82.0851
2009-03-02,1.4400,0.8254,3.1582,0.2614,81.9550
2009-03-03,1.4200,0.8379,3.1755,0.2639,81.6019
2009-03-04,1.5200,0.7833,3.2075,0.2442,83.4417
2009-03-05,1.5400,0.7708,3.2310,0.2386,83.8134
2009-03-06,1.5100,0.7881,3.2291,0.2441,83.4603
2009-03-09,1.4800,0.8046,3.2036,0.2512,82.9400
2009-03-10,1.4900,0.7980,3.1780,0.2511,82.9586
2009-03-12,1.4500,0.8183,3.1524,0.2596,82.2152
2009-03-13,1.4400,0.8271,3.1480,0.2627,81.7320
2009-03-16,1.4600,0.8149,3.1534,0.2584,82.2895
2009-03-17,1.5100,0.7898,3.1249,0.2527,82.7541
2009-03-18,1.4900,0.7963,3.1000,0.2569,82.5497
2009-03-19,1.5100,0.7881,3.0768,0.2561,82.6426
2009-03-20,1.5000,0.7947,3.0772,0.2583,82.3453
2009-03-24,1.5200,0.7802,3.1295,0.2493,83.0701
2009-03-25,1.5100,0.7865,3.1297,0.2513,82.9028
2009-03-26,1.5700,0.7571,3.1606,0.2395,83.7391
2009-03-27,1.5700,0.7586,3.1594,0.2401,83.6833
2009-03-30,1.5700,0.7556,3.1608,0.2391,83.7948
2009-03-31,1.5700,0.7571,3.1612,0.2395,83.7577
2009-04-01,1.5800,0.7512,3.1618,0.2376,83.8878
2009-04-02,1.6300,0.7312,3.1714,0.2306,84.7054
2009-04-03,1.7500,0.6807,3.1805,0.2140,86.1736
2009-04-07,1.7500,0.6783,3.1805,0.2133,86.2479
2009-04-08,1.7100,0.6968,3.1869,0.2186,85.7647
2009-04-09,1.7200,0.6930,3.1949,0.2169,85.9320
2009-04-10,1.7400,0.6819,3.1954,0.2134,86.2107
2009-04-13,1.7600,0.6736,3.1953,0.2108,86.4152
2009-04-14,1.7600,0.6736,3.2044,0.2102,86.5081
2009-04-15,1.7400,0.6844,3.2114,0.2131,86.2851
2009-04-16,1.8100,0.6552,3.1841,0.2058,87.3072
2009-04-17,1.7800,0.6689,3.1634,0.2114,86.3780
2009-04-20,1.8300,0.6508,3.1412,0.2072,87.1028
2009-04-21,1.8100,0.6563,3.1616,0.2076,86.9913
2009-04-22,1.7500,0.6807,3.1609,0.2154,86.0621
2009-04-23,1.7000,0.6980,3.1618,0.2208,85.6346
2009-04-24,1.7000,0.6980,3.1571,0.2211,85.5789
2009-04-27,1.6400,0.7230,3.1579,0.2289,84.8727
2009-04-28,1.6600,0.7162,3.1532,0.2271,85.0585
2009-04-29,1.7600,0.6771,3.1286,0.2164,85.9877
2009-04-30,1.7300,0.6880,3.1072,0.2214,85.4860
2009-05-04,1.7800,0.6689,3.1092,0.2151,86.1178
2009-05-05,1.7800,0.6677,3.1036,0.2151,86.0992
2009-05-06,1.8500,0.6410,3.0795,0.2082,86.9169
2009-05-07,1.9200,0.6184,3.0739,0.2012,87.7718
2009-05-08,1.9800,0.6010,3.0701,0.1958,88.5523
2009-05-11,1.9800,0.6000,3.0698,0.1955,88.6266
2009-05-12,2.0600,0.5758,3.0662,0.1878,89.6116
2009-05-13,2.0600,0.5758,3.0365,0.1896,89.2399
2009-05-14,2.0000,0.5935,3.0318,0.1958,88.5709
2009-05-18,2.0200,0.5899,3.0277,0.1948,88.7753
2009-05-19,2.0400,0.5819,3.0384,0.1915,89.0355
2009-05-20,2.0100,0.5926,3.0386,0.1950,88.7196
2009-05-21,1.9200,0.6203,3.0388,0.2041,87.4930
2009-05-22,1.9300,0.6164,3.0434,0.2025,87.5674
2009-05-25,1.9900,0.5972,3.0441,0.1962,88.5151
2009-05-26,1.9700,0.6124,3.0546,0.2005,87.9576
2009-05-27,2.1000,0.5732,3.0390,0.1886,89.4815
2009-06-01,2.1800,0.5526,3.0615,0.1805,90.8010
2009-06-02,2.1500,0.5598,3.0515,0.1835,90.2992
2009-06-03,2.2800,0.5290,3.0650,0.1726,91.7487
2009-06-04,2.3000,0.5240,3.1349,0.1672,92.1762
2009-06-05,2.2800,0.5290,3.1474,0.1681,92.0833
2009-06-08,2.4100,0.5002,3.1543,0.1586,92.5850
2009-06-09,2.3800,0.5061,3.1481,0.1608,92.5107
2009-06-10,2.3500,0.5128,3.1660,0.1620,92.4178
2009-06-11,2.3200,0.5198,3.1700,0.1640,92.3063
2009-06-12,2.2900,0.5254,3.1868,0.1649,92.2691
2009-06-15,2.3900,0.5047,3.1947,0.1580,92.6408
2009-06-16,2.3700,0.5081,3.1476,0.1614,92.4735
2009-06-17,2.4200,0.4969,3.1332,0.1586,92.5664
2009-06-18,2.4700,0.4869,3.1536,0.1544,92.7894
2009-06-19,2.4600,0.4893,3.1543,0.1551,92.7337
2009-06-23,2.5400,0.4731,3.2325,0.1464,93.2355
2009-06-24,2.4900,0.4844,3.2397,0.1495,92.9567
2009-06-25,2.5000,0.4814,3.2525,0.1480,93.1054
2009-06-26,2.5000,0.4814,3.2628,0.1475,93.1611
2009-06-29,2.5200,0.4772,3.2456,0.1470,93.1983
2009-06-30,2.4800,0.4856,3.2403,0.1499,92.9381
2009-07-01,2.5300,0.4766,3.2300,0.1476,93.1425
2009-07-02,2.5000,0.4808,3.2277,0.1490,93.0125
2009-07-03,2.4900,0.4844,3.2534,0.1489,93.0310
2009-07-06,2.5200,0.4784,3.2702,0.1463,93.2540
2009-07-07,2.5200,0.4772,3.2706,0.1459,93.2726
2009-07-08,2.4700,0.4875,3.2709,0.1490,92.9939
2009-07-09,2.4500,0.4906,3.3068,0.1484,93.0682
2009-07-10,2.4500,0.4912,3.3056,0.1486,93.0496
2009-07-13,2.4000,0.5015,3.3060,0.1517,92.8824
2009-07-14,2.4600,0.4900,3.3322,0.1470,93.1797
2009-07-15,2.4500,0.4912,3.3816,0.1453,93.2912
2009-07-16,2.5500,0.4725,3.4421,0.1373,93.7930
2009-07-17,2.5300,0.4760,3.4510,0.1379,93.7001
2009-07-20,2.5700,0.4685,3.4780,0.1347,94.0717
2009-07-21,2.5600,0.4696,3.4697,0.1353,93.9974
2009-07-22,2.6300,0.4579,3.4522,0.1326,94.3133
2009-07-23,2.7500,0.4376,3.4511,0.1268,94.7408
2009-07-24,2.7300,0.4411,3.4588,0.1275,94.6664
2009-07-27,2.7400,0.4396,3.5091,0.1253,94.8337
2009-07-28,2.7000,0.4462,3.4866,0.1280,94.6293
2009-07-29,2.5700,0.4679,3.5020,0.1336,94.2204
2009-07-30,2.6700,0.4504,3.4905,0.1290,94.5177
2009-07-31,2.7200,0.4421,3.5030,0.1262,94.7779
2009-08-03,2.7100,0.4441,3.5034,0.1268,94.7593
2009-08-04,2.6400,0.4557,3.5150,0.1296,94.4806
2009-08-05,2.6000,0.4634,3.5165,0.1318,94.3691
2009-08-06,2.5900,0.4651,3.5167,0.1323,94.3319
2009-08-07,2.5200,0.4772,3.5168,0.1357,93.9788
2009-08-10,2.5000,0.4808,3.5177,0.1367,93.8673
2009-08-11,2.4900,0.4844,3.5180,0.1377,93.7744
2009-08-12,2.4200,0.4982,3.5209,0.1415,93.4585
2009-08-13,2.4500,0.4912,3.5187,0.1396,93.5886
2009-08-14,2.3400,0.5149,3.5180,0.1464,93.2169
2009-08-17,2.2300,0.5387,3.5231,0.1529,92.8266
2009-08-18,2.2600,0.5334,3.5242,0.1514,92.9009
2009-08-19,2.1800,0.5534,3.5255,0.1570,92.6965
2009-08-20,2.2700,0.5298,3.5162,0.1507,92.9195
2009-08-21,2.3000,0.5226,3.5276,0.1481,93.0868
2009-08-24,2.2700,0.5305,3.4886,0.1521,92.8452
2009-08-25,2.1300,0.5648,3.4966,0.1615,92.4549
2009-08-26,2.1500,0.5607,3.4850,0.1609,92.4921
2009-08-27,2.1200,0.5673,3.4847,0.1628,92.3806
2009-08-28,2.0100,0.5982,3.4800,0.1719,91.8045
2009-08-31,1.9000,0.6336,3.4805,0.1820,90.5965
2009-09-01,1.9400,0.6213,3.4810,0.1785,91.2470
2009-09-02,2.0000,0.6028,3.4982,0.1723,91.7673
2009-09-03,2.0700,0.5819,3.4862,0.1669,92.1948
2009-09-04,2.0700,0.5819,3.4698,0.1677,92.1204
2009-09-07,2.0800,0.5801,3.4317,0.1690,92.0275
2009-09-08,2.1000,0.5732,3.4268,0.1673,92.1576
2009-09-10,2.0800,0.5784,3.4510,0.1676,92.1390
2009-09-11,2.1700,0.5542,3.4652,0.1599,92.5479
2009-09-14,2.2100,0.5440,3.4631,0.1571,92.6779
2009-09-15,2.2100,0.5448,3.4581,0.1575,92.6594
2009-09-16,2.1500,0.5590,3.4535,0.1619,92.4364
2009-09-17,2.2000,0.5479,3.4636,0.1582,92.6222
2009-09-18,2.1200,0.5690,3.4741,0.1638,92.3248
2009-09-21,2.0900,0.5749,3.5132,0.1636,92.3434
2009-09-22,2.0300,0.5917,3.5212,0.1680,92.1018
2009-09-23,2.0000,0.6019,3.5126,0.1714,91.8974
2009-09-24,2.0800,0.5792,3.5096,0.1650,92.2319
2009-09-25,2.0800,0.5792,3.5101,0.1650,92.2505
2009-09-28,2.0300,0.5917,3.4917,0.1695,91.9903
2009-09-29,2.0800,0.5784,3.5000,0.1653,92.2133
2009-09-30,2.1100,0.5706,3.5132,0.1624,92.3992
2009-10-09,2.1800,0.5510,3.5542,0.1550,92.7709
2009-10-12,2.1800,0.5534,3.6043,0.1535,92.8080
2009-10-13,2.2200,0.5425,3.6305,0.1494,92.9753
2009-10-14,2.2700,0.5298,3.6787,0.1440,93.3470
2009-10-15,2.2900,0.5261,3.7000,0.1422,93.4027
2009-10-16,2.2800,0.5290,3.7058,0.1427,93.3841
2009-10-19,2.3300,0.5163,3.6789,0.1403,93.5514
2009-10-20,2.3900,0.5041,3.6773,0.1371,93.8301
2009-10-21,2.4300,0.4963,3.6933,0.1344,94.0903
2009-10-22,2.4100,0.4989,3.6587,0.1364,93.9045
2009-10-23,2.4700,0.4869,3.6920,0.1319,94.3505
2009-10-26,2.5200,0.4772,3.6925,0.1292,94.4992
2009-10-27,2.4800,0.4862,3.6905,0.1317,94.3877
2009-10-28,2.4300,0.4950,3.6855,0.1343,94.1089
2009-10-29,2.3600,0.5108,3.6818,0.1387,93.6629
2009-10-30,2.4000,0.5008,3.6886,0.1358,93.9602
2009-11-02,2.5400,0.4748,3.6920,0.1286,94.5735
2009-11-03,2.5400,0.4748,3.6944,0.1285,94.5921
2009-11-04,2.5400,0.4742,3.7038,0.1280,94.6107
2009-11-05,2.5300,0.4754,3.7247,0.1276,94.6478
2009-11-06,2.5400,0.4731,3.7303,0.1268,94.7222
2009-11-09,2.5400,0.4742,3.7313,0.1271,94.6850
2009-11-10,2.5400,0.4737,3.7281,0.1271,94.7036
2009-11-11,2.5100,0.4802,3.6988,0.1298,94.4620
2009-11-12,2.5300,0.4754,3.6918,0.1288,94.5363
2009-11-13,2.6300,0.4573,3.6921,0.1239,94.9080
2009-11-16,2.6800,0.4493,3.6927,0.1217,95.0381
2009-11-17,2.6700,0.4504,3.6956,0.1219,95.0009
2009-11-18,2.6500,0.4536,3.6885,0.1230,94.9452
2009-11-19,2.6600,0.4530,3.6866,0.1229,94.9638
2009-11-20,2.6400,0.4568,3.6648,0.1246,94.8708
2009-11-23,2.6400,0.4568,3.6703,0.1245,94.8894
2009-11-24,2.5600,0.4696,3.6504,0.1286,94.5549
2009-11-25,2.6200,0.4601,3.6510,0.1260,94.7965
2009-11-26,2.4700,0.4881,3.6459,0.1339,94.1647
2009-11-27,2.3600,0.5108,3.5759,0.1428,93.3655
2009-11-30,2.4100,0.4995,3.5569,0.1404,93.5328
2009-12-01,2.4100,0.4995,3.5723,0.1398,93.5700
2009-12-02,2.4300,0.4950,3.5725,0.1386,93.6815
2009-12-03,2.4000,0.5015,3.5929,0.1396,93.6071
2009-12-04,2.5100,0.4802,3.5983,0.1335,94.2576
2009-12-07,2.5000,0.4808,3.6200,0.1328,94.2947
2009-12-08,2.4500,0.4906,3.6292,0.1352,94.0160
2009-12-09,2.4100,0.4995,3.6251,0.1378,93.7372
2009-12-10,2.4400,0.4944,3.6258,0.1364,93.9231
2009-12-11,2.4200,0.4969,3.6257,0.1370,93.8487
2009-12-14,2.4700,0.4875,3.6348,0.1341,94.1461
2009-12-15,2.4400,0.4944,3.6314,0.1361,93.9416
2009-12-16,2.4300,0.4956,3.6339,0.1364,93.8859
2009-12-17,2.4000,0.5008,3.6365,0.1377,93.7558
2009-12-18,2.3500,0.5128,3.6393,0.1409,93.4956
2009-12-21,2.3300,0.5170,3.6508,0.1416,93.4399
2009-12-22,2.2800,0.5290,3.6507,0.1449,93.3284
2009-12-23,2.2700,0.5312,3.6589,0.1452,93.3098
2009-12-24,2.3300,0.5163,3.6565,0.1412,93.4770
2009-12-25,2.3400,0.5149,3.6543,0.1409,93.5142
2009-12-28,2.3700,0.5088,3.6500,0.1394,93.6443
2009-12-29,2.4000,0.5021,3.6426,0.1378,93.7186
2009-12-30,2.4700,0.4875,3.6429,0.1338,94.1832
2009-12-31,2.4800,0.4862,3.6422,0.1335,94.2390
2010-01-04,2.4800,1.0088,3.6603,0.2756,80.1152
2010-01-05,2.5300,0.9913,3.6606,0.2708,80.6913
2010-01-06,2.4800,1.0114,3.6425,0.2777,79.8550
2010-01-07,2.4100,1.0390,3.6543,0.2843,79.2789
2010-01-08,2.4400,1.0283,3.6614,0.2808,79.5020
2010-01-11,2.4600,1.0165,3.6696,0.2770,79.9108
2010-01-12,2.4800,1.0114,3.6694,0.2756,80.0966
2010-01-13,2.3700,1.0582,3.7053,0.2856,79.1489
2010-01-14,2.3700,1.0568,3.6868,0.2866,78.9259
2010-01-15,2.3700,1.0568,3.6871,0.2866,78.9444
2010-01-18,2.3800,1.0540,3.6852,0.2860,79.0559
2010-01-19,2.4100,1.0376,3.6559,0.2838,79.3347
2010-01-20,2.3500,1.0667,3.6400,0.2930,78.1453
2010-01-21,2.3900,1.0485,3.6558,0.2868,78.9073
2010-01-22,2.4400,1.0283,3.6300,0.2833,79.3533
2010-01-25,2.3900,1.0485,3.6000,0.2913,78.5356
2010-01-26,2.3600,1.0596,3.5838,0.2957,77.8108
2010-01-27,2.2900,1.0929,3.5648,0.3066,76.7144
2010-01-28,2.2700,1.1034,3.5879,0.3075,76.6214
2010-01-29,2.2600,1.1065,3.5800,0.3091,76.4356
2010-02-01,2.2300,1.1252,3.5406,0.3178,75.3392
2010-02-02,2.2300,1.1236,3.4956,0.3214,74.8188
2010-02-03,2.2800,1.0974,3.4648,0.3167,75.5436
2010-02-04,2.2700,1.1034,3.5006,0.3152,75.7852
2010-02-05,2.2300,1.1220,3.4733,0.3230,74.6516
2010-02-08,2.2200,1.1268,3.4706,0.3247,74.4100
2010-02-09,2.2500,1.1142,3.4743,0.3207,74.8931
2010-02-10,2.2600,1.1065,3.4615,0.3197,75.0790
2010-02-11,2.2600,1.1065,3.4516,0.3206,74.9303
2010-02-12,2.2800,1.0989,3.4570,0.3179,75.3206
2010-02-22,2.2600,1.1065,3.5149,0.3148,75.8595
2010-02-23,2.2400,1.1173,3.5100,0.3183,75.2277
2010-02-24,2.2700,1.1019,3.4646,0.3180,75.2648
2010-02-25,2.3000,1.0870,3.4448,0.3155,75.7480
2010-02-26,2.2900,1.0914,3.3753,0.3233,74.5958
2010-03-01,2.3200,1.0782,3.3613,0.3208,74.8746
2010-03-02,2.3300,1.0753,3.3414,0.3218,74.8002
2010-03-03,2.3300,1.0738,3.3169,0.3237,74.5029
2010-03-04,2.2700,1.1019,3.3518,0.3287,73.8524
2010-03-05,2.2700,1.1034,3.3537,0.3290,73.8339
2010-03-08,2.2900,1.0944,3.3602,0.3257,74.1498
2010-03-09,2.3300,1.0767,3.3817,0.3184,75.2091
2010-03-10,2.3000,1.0870,3.4030,0.3194,75.0976
2010-03-11,2.3300,1.0724,3.4559,0.3103,76.2684
2010-03-12,2.3100,1.0825,3.4526,0.3135,75.9710
2010-03-15,2.2700,1.1034,3.4484,0.3200,75.0604
2010-03-16,2.2900,1.0914,3.4331,0.3179,75.3020
2010-03-17,2.3300,1.0738,3.3829,0.3174,75.4135
2010-03-18,2.3200,1.0782,3.3639,0.3205,74.9489
2010-03-19,2.3300,1.0738,3.3805,0.3176,75.3577
2010-03-22,2.3600,1.0596,3.4216,0.3097,76.3241
2010-03-23,2.3300,1.0767,3.4062,0.3161,75.6551
2010-03-24,2.3300,1.0753,3.3961,0.3166,75.5622
2010-03-25,2.2900,1.0914,3.4168,0.3194,75.1161
2010-03-26,2.3400,1.0695,3.4582,0.3093,76.3984
2010-03-29,2.4300,1.0296,3.4784,0.2960,77.7179
2010-03-30,2.4400,1.0256,3.4959,0.2934,78.1082
2010-03-31,2.4100,1.0403,3.4818,0.2988,77.3648
2010-04-01,2.4300,1.0323,3.4742,0.2971,77.4949
2010-04-02,2.4300,1.0309,3.4800,0.2962,77.6436
2010-04-06,2.4400,1.0283,3.5021,0.2936,78.0524
2010-04-07,2.4000,1.0417,3.5182,0.2961,77.6993
2010-04-08,2.3700,1.0582,3.5549,0.2977,77.4206
2010-04-09,2.3800,1.0540,3.5468,0.2972,77.4763
2010-04-12,2.3300,1.0724,3.5343,0.3034,77.0117
2010-04-13,2.4000,1.0417,3.5031,0.2974,77.4577
2010-04-14,2.4100,1.0403,3.5043,0.2969,77.5692
2010-04-15,2.4100,1.0376,3.5071,0.2959,77.7736
2010-04-16,2.3600,1.0624,3.4813,0.3052,76.8816
2010-04-19,2.2200,1.1299,3.4116,0.3312,73.5551
2010-04-20,2.2200,1.1283,3.4086,0.3310,73.6294
2010-04-21,2.2400,1.1189,3.4354,0.3257,74.1312
2010-04-22,2.1800,1.1494,3.4093,0.3371,72.9047
2010-04-23,2.1700,1.1561,3.4106,0.3390,72.5702
2010-04-26,2.1500,1.1662,3.3715,0.3459,71.6967
2010-04-27,2.1100,1.1869,3.3768,0.3515,71.1020
2010-04-28,2.1000,1.1905,3.3456,0.3558,70.7303
2010-04-29,2.1400,1.1679,3.3607,0.3475,71.4551
2010-04-30,2.2000,1.1396,3.3565,0.3395,72.4772
2010-05-04,2.1600,1.1594,3.3826,0.3428,72.0498
2010-05-05,2.2000,1.1396,3.3636,0.3388,72.5887
2010-05-06,2.1000,1.1923,3.3485,0.3561,70.6932
2010-05-07,2.0800,1.2030,3.2721,0.3677,69.0578
2010-05-10,2.1300,1.1730,3.3027,0.3552,70.8047
2010-05-11,2.0800,1.2012,3.2983,0.3642,69.6711
2010-05-12,2.1300,1.1730,3.2781,0.3578,70.4516
2010-05-13,2.1500,1.1645,3.2686,0.3563,70.6374
2010-05-14,2.1300,1.1747,3.2687,0.3594,70.1914
2010-05-17,2.0700,1.2103,3.2257,0.3752,67.3109
2010-05-18,2.1200,1.1834,3.2118,0.3685,68.8348
2010-05-19,2.1000,1.1905,3.1865,0.3736,67.6454
2010-05-20,2.0800,1.2012,3.2078,0.3745,67.4596
2010-05-21,2.0900,1.1958,3.1972,0.3740,67.5711
2010-05-24,2.1500,1.1662,3.2277,0.3613,70.0242
2010-05-25,2.0800,1.2048,3.2030,0.3761,67.1994
2010-05-26,2.0800,1.2048,3.2272,0.3733,67.7383
2010-05-27,2.1000,1.1905,3.2416,0.3673,69.1507
2010-05-28,2.0900,1.1976,3.2529,0.3682,68.8905
2010-05-31,2.0500,1.2232,3.2430,0.3772,67.0879
2010-06-01,2.0200,1.2422,3.2726,0.3796,66.6047
2010-06-02,2.0100,1.2461,3.2748,0.3805,66.4375
2010-06-03,1.9800,1.2638,3.2478,0.3891,65.1366
2010-06-04,1.9600,1.2800,3.2512,0.3937,64.5605
2010-06-07,1.9000,1.3180,3.2260,0.4086,63.0552
2010-06-08,1.9000,1.3201,3.2432,0.4070,63.1667
2010-06-09,1.9900,1.2598,3.2845,0.3836,65.9171
2010-06-10,1.9300,1.2987,3.2891,0.3948,64.3747
2010-06-11,1.9400,1.2924,3.3320,0.3879,65.2853
2010-06-17,1.9400,1.2903,3.3296,0.3875,65.3410
2010-06-21,2.0000,1.2520,3.3925,0.3690,68.6861
2010-06-22,2.0000,1.2520,3.3807,0.3703,68.3702
2010-06-23,1.9800,1.2678,3.4129,0.3715,68.0728
2010-06-24,1.9800,1.2638,3.4179,0.3698,68.5374
2010-06-25,1.9900,1.2579,3.3822,0.3719,67.9799
2010-06-28,1.9900,1.2598,3.3435,0.3768,67.1251
2010-06-29,1.9000,1.3180,3.2909,0.4005,63.6127
2010-06-30,1.8900,1.3223,3.2790,0.4033,63.5198
2010-07-01,1.8900,1.3267,3.2848,0.4039,63.5012
2010-07-02,1.9000,1.3158,3.2665,0.4028,63.5384
2010-07-05,1.8900,1.3223,3.2517,0.4066,63.2224
2010-07-06,1.9200,1.3029,3.2168,0.4050,63.3711
2010-07-07,1.9200,1.3051,3.2233,0.4049,63.3897
2010-07-08,1.9300,1.2945,3.2382,0.3998,63.6685
2010-07-09,1.9900,1.2598,3.2347,0.3895,65.0994
2010-07-12,2.0200,1.2422,3.2146,0.3864,65.4525
2010-07-13,2.0000,1.2520,3.1767,0.3941,64.4862
2010-07-14,2.0100,1.2442,3.1744,0.3919,64.7835
2010-07-15,2.0000,1.2626,3.1817,0.3968,64.1331
2010-07-16,1.9900,1.2674,3.1976,0.3964,64.1702
2010-07-19,2.0200,1.2484,3.1901,0.3913,64.8950
2010-07-20,2.0500,1.2323,3.2086,0.3841,65.8242
2010-07-21,2.0400,1.2392,3.2144,0.3855,65.5640
2010-07-22,2.0500,1.2300,3.2161,0.3825,66.1401
2010-07-23,2.0800,1.2143,3.2528,0.3733,67.7569
2010-07-26,2.0800,1.2143,3.2813,0.3701,68.4445
2010-07-27,2.0500,1.2277,3.2816,0.3741,67.5339
2010-07-28,2.1000,1.2034,3.2982,0.3649,69.5410
2010-07-29,2.1100,1.1947,3.2993,0.3621,69.9684
2010-07-30,2.1100,1.1926,3.2996,0.3614,70.0056
2010-08-02,2.1400,1.1758,3.3131,0.3549,70.8419
2010-08-03,2.1000,1.2012,3.3105,0.3628,69.8569
2010-08-04,2.1000,1.2034,3.2971,0.3650,69.5224
2010-08-05,2.0500,1.2300,3.2967,0.3731,67.8313
2010-08-06,2.0800,1.2143,3.2922,0.3688,68.7419
2010-08-09,2.0800,1.2143,3.2975,0.3682,68.8534
2010-08-10,2.0400,1.2369,3.2972,0.3751,67.3667
2010-08-11,2.0700,1.2210,3.2685,0.3736,67.6826
2010-08-12,2.0600,1.2232,3.2230,0.3795,66.6233
2010-08-13,2.0600,1.2232,3.2374,0.3778,66.9206
2010-08-16,2.1000,1.1990,3.2504,0.3689,68.7233
2010-08-17,2.1100,1.1969,3.2461,0.3687,68.7605
2010-08-18,2.1100,1.1947,3.2450,0.3682,68.8720
2010-08-19,2.1400,1.1799,3.2501,0.3630,69.8197
2010-08-20,2.1000,1.1990,3.2389,0.3702,68.4074
2010-08-23,2.1000,1.2012,3.2346,0.3714,68.1100
2010-08-24,2.0900,1.2055,3.2229,0.3740,67.5525
2010-08-25,2.0400,1.2346,3.2154,0.3840,65.8614
2010-08-26,2.0400,1.2346,3.2322,0.3820,66.2330
2010-08-27,2.0500,1.2300,3.2379,0.3799,66.5490
2010-08-30,2.0600,1.2232,3.2304,0.3787,66.7534
2010-08-31,2.0400,1.2369,3.2301,0.3829,66.0472
2010-09-01,2.0400,1.2369,3.2358,0.3823,66.2145
2010-09-02,2.0400,1.2346,3.2418,0.3808,66.3631
2010-09-03,2.0300,1.2438,3.2406,0.3838,65.8799
2010-09-06,2.0600,1.2232,3.2580,0.3754,67.2737
2010-09-07,2.0500,1.2277,3.2739,0.3750,67.3852
2010-09-08,2.0100,1.2531,3.2632,0.3840,65.8428
2010-09-09,1.9700,1.2771,3.2681,0.3908,64.9693
2010-09-10,1.9700,1.2771,3.2989,0.3871,65.3596
2010-09-13,1.9600,1.2845,3.3251,0.3863,65.4897
2010-09-14,1.9600,1.2845,3.3205,0.3868,65.3782
2010-09-15,1.9300,1.3072,3.3443,0.3909,64.9508
2010-09-16,1.9000,1.3307,3.3401,0.3984,63.9286
2010-09-17,1.8900,1.3333,3.3504,0.3980,64.0030
2010-09-20,1.8900,1.3333,3.3388,0.3993,63.7614
2010-09-21,1.9000,1.3307,3.3391,0.3985,63.9101
2010-09-27,1.9000,1.3307,3.3378,0.3987,63.8543
2010-09-28,1.8800,1.3414,3.3371,0.4020,63.5755
2010-09-29,1.9000,1.3307,3.3310,0.3995,63.7056
2010-09-30,1.9300,1.3072,3.3183,0.3939,64.5047
2010-10-08,1.9700,1.2796,3.3342,0.3838,65.8985
2010-10-11,2.0200,1.2508,3.4040,0.3675,69.1135
2010-10-12,2.0000,1.2579,3.4179,0.3680,68.9091
2010-10-13,2.0400,1.2346,3.4271,0.3602,70.1171
2010-10-14,2.0600,1.2232,3.4275,0.3569,70.5445
2010-10-15,2.1500,1.1716,3.4247,0.3421,72.1613
2010-10-18,2.1900,1.1494,3.4182,0.3363,73.0162
2010-10-19,2.2000,1.1455,3.4205,0.3349,73.1648
2010-10-20,2.1900,1.1494,3.6201,0.3175,75.3763
2010-10-21,2.1300,1.1820,3.6370,0.3250,74.3170
2010-10-22,2.1100,1.1947,3.6358,0.3286,73.9082
2010-10-25,2.1400,1.1779,3.6407,0.3235,74.5586
2010-10-26,2.1400,1.1799,3.6944,0.3194,75.1347
2010-10-27,2.1100,1.1969,3.6975,0.3237,74.5215
2010-10-28,2.1100,1.1969,3.6863,0.3247,74.3914
2010-10-29,2.0700,1.2210,3.6821,0.3316,73.4808
2010-11-01,2.0900,1.2077,3.6941,0.3269,74.0197
2010-11-02,2.0700,1.2188,3.7497,0.3250,74.2427
2010-11-03,2.1300,1.1862,3.8113,0.3112,76.1754
2010-11-04,2.1300,1.1820,3.8434,0.3075,76.6029
2010-11-05,2.1500,1.1737,3.8458,0.3052,76.8630
2010-11-08,2.1700,1.1614,3.8392,0.3025,77.0860
2010-11-09,2.1400,1.1779,3.8445,0.3064,76.7515
2010-11-10,2.1000,1.2034,3.9204,0.3070,76.6958
2010-11-11,2.1200,1.1905,3.9530,0.3012,77.1418
2010-11-12,2.0100,1.2531,3.9534,0.3170,75.4692
2010-11-15,2.0300,1.2438,3.9450,0.3153,75.7666
2010-11-16,1.9600,1.2870,3.9065,0.3295,73.7409
2010-11-17,1.9500,1.2920,3.8600,0.3347,73.2020
2010-11-18,1.9700,1.2821,3.8336,0.3344,73.2392
2010-11-19,1.9600,1.2845,3.8700,0.3319,73.4064
2010-11-22,1.9300,1.3098,3.9161,0.3345,73.2206
2010-11-23,1.9100,1.3175,3.9317,0.3351,73.1091
2010-11-24,1.9400,1.3021,3.9533,0.3294,73.7781
2010-11-25,1.9600,1.2895,3.9674,0.3250,74.2613
2010-11-26,1.9400,1.2995,4.0123,0.3239,74.4843
2010-11-29,1.9400,1.2995,3.9959,0.3252,74.2055
2010-11-30,1.9200,1.3149,3.9710,0.3311,73.5737
2010-12-01,1.9200,1.3149,3.8919,0.3379,72.7746
2010-12-02,1.9300,1.3072,3.8609,0.3386,72.6631
2010-12-03,1.9300,1.3072,3.8699,0.3378,72.8117
2010-12-06,1.9400,1.2995,3.8696,0.3358,73.0533
2010-12-07,1.9400,1.2995,3.8435,0.3381,72.7002
2010-12-08,1.9200,1.3149,3.8609,0.3406,72.3657
2010-12-09,1.9100,1.3228,3.9023,0.3390,72.5516
2010-12-10,1.9200,1.3123,3.8888,0.3375,72.8861
2010-12-13,1.9500,1.2945,3.8509,0.3362,73.0348
2010-12-14,1.9400,1.3021,3.8521,0.3380,72.7374
2010-12-15,1.9400,1.3021,3.8150,0.3413,72.3100
2010-12-16,1.9300,1.3098,3.8044,0.3443,71.8454
2010-12-17,1.9200,1.3123,3.8058,0.3448,71.8082
2010-12-20,1.9000,1.3254,3.7850,0.3502,71.1949
2010-12-21,1.9400,1.3021,3.7956,0.3431,71.9569
2010-12-22,1.9100,1.3175,3.8004,0.3467,71.5852
2010-12-23,1.9300,1.3098,3.8108,0.3437,71.8825
2010-12-24,1.9300,1.3072,3.8136,0.3428,72.0312
2010-12-27,1.9100,1.3175,3.8913,0.3386,72.6445
2010-12-28,1.9100,1.3201,3.9118,0.3375,72.8675
2010-12-29,1.9000,1.3280,3.9019,0.3403,72.4029
2010-12-30,1.9000,1.3307,3.8800,0.3430,71.9941
2010-12-31,1.9000,1.3280,3.8799,0.3423,72.1241
2011-01-04,1.9200,0.8218,3.8606,0.2129,86.3037
2011-01-05,1.9100,0.8267,3.8132,0.2168,85.9692
2011-01-06,1.9000,0.8284,3.8339,0.2161,86.0063
2011-01-10,1.9200,0.8202,3.8449,0.2133,86.2293
2011-01-11,1.9400,0.8138,3.8703,0.2103,86.4895
2011-01-12,1.9500,0.8091,3.8550,0.2099,86.5824
2011-01-13,1.9400,0.8106,3.8831,0.2088,86.8426
2011-01-14,1.9300,0.8170,3.9156,0.2087,86.8612
2011-01-17,1.9000,0.8317,3.9651,0.2098,86.6010
2011-01-18,1.8900,0.8350,3.9954,0.2090,86.7868
2011-01-19,1.9000,0.8317,3.9752,0.2092,86.6939
2011-01-20,1.8700,0.8435,3.9749,0.2122,86.3408
2011-01-21,1.8900,0.8333,3.9837,0.2092,86.7311
2011-01-24,1.8800,0.8384,3.9918,0.2100,86.5453
2011-01-25,1.8800,0.8384,4.0152,0.2088,86.8054
2011-01-26,1.8900,0.8350,3.9991,0.2088,86.8240
2011-01-27,1.9000,0.8317,4.0058,0.2076,86.9727
2011-01-28,1.8900,0.8350,4.0096,0.2083,86.8983
2011-01-31,1.9000,0.8284,4.0187,0.2061,87.2329
2011-02-01,1.9200,0.8218,4.0186,0.2045,87.4373
2011-02-09,1.9000,0.8284,4.1006,0.2020,87.6975
2011-02-10,1.9400,0.8138,4.1158,0.1977,88.3851
2011-02-11,1.9300,0.8154,4.1062,0.1986,88.2550
2011-02-14,1.9700,0.7982,4.0552,0.1968,88.4780
2011-02-15,1.9600,0.8044,4.0454,0.1988,88.2178
2011-02-16,1.9400,0.8106,4.0450,0.2004,87.9948
2011-02-17,1.9500,0.8091,4.0449,0.2000,88.0505
2011-02-18,1.9500,0.8091,4.0450,0.2000,88.0691
2011-02-21,1.9600,0.8044,4.0702,0.1976,88.4222
2011-02-22,1.9300,0.8170,4.0400,0.2022,87.6417
2011-02-23,1.9300,0.8170,3.9946,0.2045,87.4187
2011-02-24,1.9300,0.8186,3.9132,0.2092,86.7125
2011-02-28,1.9300,0.8154,3.9314,0.2074,87.0284
2011-03-01,1.9500,0.8091,3.9259,0.2061,87.2514
2011-03-02,1.9700,0.8013,3.9233,0.2042,87.4559
2011-03-03,2.0000,0.7876,3.9279,0.2005,87.9390
2011-03-04,2.0200,0.7788,3.9388,0.1977,88.4036
2011-03-07,2.0500,0.7688,3.9351,0.1954,88.6452
2011-03-08,2.0400,0.7730,3.9078,0.1978,88.3479
2011-03-09,2.0500,0.7702,3.8879,0.1981,88.2921
2011-03-10,1.9900,0.7906,3.9321,0.2011,87.7904
2011-03-11,1.9800,0.7952,3.9328,0.2022,87.6603
2011-03-14,1.9900,0.7906,3.9074,0.2023,87.6231
2011-03-15,1.9700,0.8013,3.8659,0.2073,87.0656
2011-03-16,1.9800,0.7967,3.8600,0.2064,87.1585
2011-03-17,1.9500,0.8075,3.8326,0.2107,86.4337
2011-03-18,1.9600,0.8059,3.8489,0.2094,86.6382
2011-03-21,1.9500,0.8075,3.8774,0.2083,86.8798
2011-03-22,2.0000,0.7891,3.8987,0.2024,87.6045
2011-03-23,2.0100,0.7847,3.9037,0.2010,87.8090
2011-03-24,2.0000,0.7876,3.8762,0.2032,87.5302
2011-03-25,2.0300,0.7759,3.8714,0.2004,87.9762
2011-03-28,2.0800,0.7562,3.8807,0.1949,88.7567
2011-03-29,2.1300,0.7401,3.9044,0.1896,89.2585
2011-03-30,2.1400,0.7375,3.9069,0.1888,89.4258
2011-03-31,2.1100,0.7454,3.9120,0.1905,89.0912
2011-04-01,2.2000,0.7172,3.9126,0.1833,90.3735
2011-04-06,2.2500,0.7015,3.9203,0.1789,91.0983
2011-04-07,2.2500,0.7015,3.9167,0.1791,91.0240
2011-04-08,2.2400,0.7026,3.9081,0.1798,90.9682
2011-04-11,2.2400,0.7038,3.8928,0.1808,90.7638
2011-04-12,2.2100,0.7123,3.8700,0.1841,90.1505
2011-04-13,2.2600,0.6968,3.8703,0.1800,90.9311
2011-04-14,2.2800,0.6921,3.8707,0.1788,91.1541
2011-04-15,2.3100,0.6831,3.8709,0.1765,91.4514
2011-04-18,2.3000,0.6853,3.8960,0.1759,91.4700
2011-04-19,2.2500,0.7015,3.8911,0.1803,90.8939
2011-04-20,2.2400,0.7050,3.8913,0.1812,90.7080
2011-04-21,2.2600,0.6968,3.8912,0.1791,91.0611
2011-04-22,2.2700,0.6933,3.8966,0.1779,91.3213
2011-04-25,2.2700,0.6933,3.8961,0.1779,91.3027
2011-04-26,2.3000,0.6842,3.8960,0.1756,91.5072
2011-04-27,2.3400,0.6731,3.8812,0.1734,91.6930
2011-04-28,2.3300,0.6753,3.8700,0.1745,91.6001
2011-04-29,2.3300,0.6775,3.8713,0.1750,91.5629
2011-05-03,2.3400,0.6742,3.8752,0.1740,91.6744
2011-05-05,2.2800,0.6910,3.8715,0.1785,91.2284
2011-05-06,2.2200,0.7110,3.8308,0.1856,89.9647
2011-05-09,2.2000,0.7159,3.8378,0.1865,89.8160
2011-05-10,2.2400,0.7026,3.8326,0.1833,90.3550
2011-05-11,2.2400,0.7050,3.8334,0.1839,90.2063
2011-05-12,2.2300,0.7074,3.8211,0.1851,90.0762
2011-05-13,2.2400,0.7026,3.8363,0.1831,90.4479
2011-05-16,2.2000,0.7172,3.8432,0.1866,89.7789
2011-05-17,2.2200,0.7110,3.8318,0.1856,90.0019
2011-05-18,2.2800,0.6921,3.8338,0.1805,90.7824
2011-05-19,2.2800,0.6898,3.8309,0.1801,90.9125
2011-05-20,2.2900,0.6876,3.8429,0.1789,91.1169
2011-05-23,2.2300,0.7062,3.8400,0.1839,90.2249
2011-05-24,2.2400,0.7038,3.8414,0.1832,90.4107
2011-05-25,2.2000,0.7172,3.8382,0.1869,89.7417
2011-05-27,2.2400,0.7050,3.8217,0.1845,90.0948
2011-05-30,2.2400,0.7038,3.8256,0.1840,90.1877
2011-05-31,2.2900,0.6876,3.8311,0.1795,91.0054
2011-06-01,2.2600,0.6968,3.8311,0.1819,90.6523
2011-06-02,2.1700,0.7259,3.8337,0.1893,89.2957
2011-06-03,2.1800,0.7234,3.8337,0.1887,89.4443
2011-06-07,2.1900,0.7184,3.8341,0.1874,89.6859
2011-06-08,2.1800,0.7246,3.8572,0.1879,89.5930
2011-06-09,2.1500,0.7467,3.8726,0.1928,88.9426
2011-06-10,2.1700,0.7401,3.8940,0.1901,89.2028
2011-06-13,2.2100,0.7259,3.9036,0.1860,89.8718
2011-06-14,2.2400,0.7172,3.9406,0.1820,90.6151
2011-06-15,2.2300,0.7209,3.9986,0.1803,90.8567
2011-06-16,2.2100,0.7246,3.9839,0.1819,90.6337
2011-06-17,2.2100,0.7259,3.9803,0.1824,90.5408
2011-06-20,2.2300,0.7196,3.9413,0.1826,90.5222
2011-06-21,2.2400,0.7172,3.9003,0.1839,90.2434
2011-06-22,2.2300,0.7184,3.9555,0.1816,90.6709
2011-06-23,2.2600,0.7098,3.9691,0.1788,91.1355
2011-06-24,2.3200,0.6910,3.8963,0.1773,91.3399
2011-06-27,2.3200,0.6910,3.8703,0.1785,91.1912
2011-06-28,2.3000,0.6979,3.8800,0.1799,90.9496
2011-06-29,2.2000,0.7284,3.8833,0.1876,89.6302
2011-06-30,2.2100,0.7272,3.8857,0.1871,89.7045
2011-07-01,2.2000,0.7297,3.8775,0.1882,89.5001
2011-07-04,2.2500,0.7123,3.8842,0.1834,90.3178
2011-07-05,2.2500,0.7123,3.8909,0.1831,90.4665
2011-07-06,2.2100,0.7259,3.9116,0.1856,89.9833
2011-07-07,2.2100,0.7246,3.9021,0.1857,89.9089
2011-07-08,2.2200,0.7221,3.8881,0.1857,89.8904
2011-07-11,2.2100,0.7272,3.8923,0.1868,89.7603
2011-07-12,2.1800,0.7362,3.8899,0.1893,89.3514
2011-07-13,2.2100,0.7259,3.8913,0.1865,89.7974
2011-07-14,2.2100,0.7259,3.9204,0.1852,90.0576
2011-07-15,2.2300,0.7196,3.9278,0.1832,90.4293
2011-07-18,2.2100,0.7259,3.9558,0.1835,90.2620
2011-07-19,2.1900,0.7336,4.0088,0.1830,90.4850
2011-07-20,2.1800,0.7349,4.0715,0.1805,90.8196
2011-07-21,2.1700,0.7401,4.0889,0.1810,90.7452
2011-07-22,2.1600,0.7414,4.0671,0.1823,90.5780
2011-07-25,2.1000,0.7645,4.0663,0.1880,89.5373
2011-07-26,2.0900,0.7659,4.0753,0.1879,89.5558
2011-07-27,2.0900,0.7659,4.0855,0.1875,89.6673
2011-07-28,2.0500,0.7832,4.0627,0.1928,88.9612
2011-07-29,2.0900,0.7659,4.0477,0.1892,89.3700
2011-08-01,2.0800,0.7716,4.0502,0.1905,89.1284
2011-08-02,2.0600,0.7788,4.0615,0.1918,89.0169
2011-08-03,2.0600,0.7774,4.1201,0.1887,89.4629
2011-08-04,2.0700,0.7759,4.0911,0.1897,89.2213
2011-08-05,2.0300,0.7906,4.0423,0.1956,88.5895
2011-08-08,1.9900,0.8059,4.0007,0.2014,87.7346
2011-08-09,2.0100,0.7997,3.9554,0.2022,87.6789
2011-08-10,2.0100,0.7967,3.9639,0.2010,87.8275
2011-08-11,2.0600,0.7803,3.9291,0.1986,88.2364
2011-08-12,2.0700,0.7745,3.9268,0.1972,88.4408
2011-08-15,2.1600,0.7427,3.9231,0.1893,89.3328
2011-08-16,2.1800,0.7349,3.9492,0.1861,89.8532
2011-08-17,2.1900,0.7310,3.9432,0.1854,90.0204
2011-08-18,2.1600,0.7440,3.9560,0.1881,89.5187
2011-08-19,2.1800,0.7375,3.9331,0.1875,89.6488
2011-08-22,2.1500,0.7454,3.9325,0.1895,89.2771
2011-08-23,2.2200,0.7221,3.9356,0.1835,90.2806
2011-08-24,2.2000,0.7284,3.9501,0.1844,90.1134
2011-08-25,2.3400,0.6842,3.9750,0.1721,91.7859
2011-08-26,2.3400,0.6842,3.9886,0.1715,91.8602
2011-08-29,2.2600,0.7098,4.0994,0.1731,91.7116
2011-08-30,2.2800,0.7038,4.1303,0.1704,91.9346
2011-08-31,2.3100,0.6956,4.1050,0.1695,92.0089
2011-09-01,2.3000,0.6968,4.0708,0.1712,91.9160
2011-09-02,2.2600,0.7110,4.0700,0.1747,91.5815
2011-09-05,2.2400,0.7172,4.0501,0.1771,91.3771
2011-09-06,2.2400,0.7159,4.0107,0.1785,91.2098
2011-09-07,2.3100,0.6944,4.0500,0.1715,91.8788
2011-09-08,2.2800,0.7026,4.0650,0.1728,91.7302
2011-09-09,2.2600,0.7098,4.0452,0.1755,91.5257
2011-09-13,2.2600,0.7110,4.0208,0.1768,91.3957
2011-09-14,2.2600,0.7098,4.0210,0.1765,91.4328
2011-09-15,2.2200,0.7221,4.0495,0.1783,91.2841
2011-09-16,2.2400,0.7159,4.0752,0.1757,91.4886
2011-09-19,2.1900,0.7323,4.0801,0.1795,90.9868
2011-09-20,2.2200,0.7234,4.0801,0.1773,91.3585
2011-09-21,2.2800,0.7026,4.0908,0.1718,91.8231
2011-09-22,2.2000,0.7284,4.0676,0.1791,91.0426
2011-09-23,2.2100,0.7272,3.9662,0.1833,90.3364
2011-09-26,2.1400,0.7494,3.8878,0.1928,88.9797
2011-09-27,2.1600,0.7414,3.9158,0.1893,89.3143
2011-09-28,2.1500,0.7467,3.9203,0.1905,89.1470
2011-09-29,2.1600,0.7427,3.8840,0.1912,89.0541
2011-09-30,2.1300,0.7548,3.8605,0.1955,88.6081
2011-10-10,2.0800,0.7716,3.7706,0.2046,87.4001
2011-10-11,2.1100,0.7590,3.7593,0.2019,87.7160
2011-10-12,2.2200,0.7234,3.8005,0.1903,89.1842
2011-10-13,2.2200,0.7221,3.8205,0.1890,89.3886
2011-10-14,2.2300,0.7184,3.7707,0.1905,89.1098
2011-10-17,2.2500,0.7123,3.7906,0.1879,89.5744
2011-10-18,2.2100,0.7259,3.7407,0.1941,88.8497
2011-10-19,2.2300,0.7196,3.7311,0.1929,88.9240
2011-10-20,2.2100,0.7272,3.7266,0.1951,88.6638
2011-10-21,2.2500,0.7135,3.7385,0.1909,89.0727
2011-10-24,2.3000,0.6968,3.7533,0.1856,89.9275
2011-10-25,2.3100,0.6944,3.7960,0.1829,90.5036
2011-10-26,2.3000,0.6979,3.7918,0.1841,90.1691
2011-10-27,2.3400,0.6864,3.8032,0.1805,90.8381
2011-10-28,2.3800,0.6753,3.7870,0.1783,91.2656
2011-10-31,2.3500,0.6819,3.7607,0.1813,90.6895
2011-11-01,2.3500,0.6819,3.7395,0.1824,90.5594
2011-11-02,2.4100,0.6645,3.7208,0.1786,91.1726
2011-11-03,2.3800,0.6742,3.7233,0.1811,90.7266
2011-11-04,2.3900,0.6699,3.7158,0.1803,90.8753
2011-11-07,2.3400,0.6842,3.7333,0.1833,90.3921
2011-11-08,2.3500,0.6819,3.6988,0.1844,90.1319
2011-11-09,2.3700,0.6764,3.6436,0.1856,89.9461
2011-11-10,2.3300,0.6887,3.5563,0.1937,88.8682
2011-11-11,2.3300,0.6887,3.5916,0.1918,88.9983
2011-11-14,2.3500,0.6819,3.5807,0.1904,89.1656
2011-11-15,2.3200,0.6910,3.6563,0.1890,89.4072
2011-11-16,2.2700,0.7074,3.6260,0.1951,88.7010
2011-11-17,2.2700,0.7062,3.6360,0.1942,88.8311
2011-11-18,2.2600,0.7098,3.6412,0.1949,88.7382
2011-11-21,2.2500,0.7123,3.6598,0.1946,88.7939
2011-11-22,2.2800,0.7050,3.6412,0.1936,88.8868
2011-11-23,2.2400,0.7159,3.5914,0.1993,88.1063
2011-11-24,2.2600,0.7110,3.6103,0.1969,88.4594
2011-11-25,2.2400,0.7159,3.6115,0.1982,88.2736
2011-11-28,2.2500,0.7135,3.6402,0.1960,88.5337
2011-11-29,2.2900,0.7015,3.6315,0.1932,88.9054
2011-11-30,2.2300,0.7184,3.6091,0.1991,88.1806
2011-12-01,2.3000,0.6968,3.5005,0.1991,88.1621
2011-12-02,2.3200,0.6910,3.4720,0.1990,88.1992
2011-12-05,2.3300,0.6887,3.4420,0.2001,88.0134
2011-12-06,2.3300,0.6887,3.4790,0.1980,88.3107
2011-12-07,2.3600,0.6808,3.4890,0.1951,88.6824
2011-12-08,2.3600,0.6797,3.4953,0.1945,88.8125
2011-12-09,2.3300,0.6887,3.4817,0.1978,88.3665
2011-12-12,2.3200,0.6910,3.4927,0.1978,88.3293
2011-12-13,2.2800,0.7026,3.4982,0.2008,87.8461
2011-12-14,2.2800,0.7050,3.4807,0.2025,87.5488
2011-12-15,2.2400,0.7159,3.4890,0.2052,87.3258
2011-12-16,2.2900,0.7015,3.4637,0.2025,87.5860
2011-12-19,2.3200,0.6910,3.4702,0.1991,88.1435
2011-12-20,2.3100,0.6933,3.4655,0.2001,88.0320
2011-12-21,2.3000,0.6968,3.4709,0.2008,87.8833
2011-12-22,2.3200,0.6921,3.4752,0.1992,88.1249
2011-12-23,2.3100,0.6944,3.4803,0.1995,88.0877
2011-12-26,2.2700,0.7074,3.4653,0.2041,87.4744
2011-12-27,2.2600,0.7098,3.4603,0.2051,87.3444
2011-12-28,2.2400,0.7159,3.4603,0.2069,87.1214
2011-12-29,2.2400,0.7159,3.4453,0.2078,86.9541
2011-12-30,2.2700,0.7074,3.4303,0.2062,87.1957
2012-01-04,2.2600,1.7065,3.4395,0.4961,58.0747
2012-01-05,2.3000,1.6750,3.4304,0.4883,58.5207
2012-01-06,2.3200,1.6584,3.3970,0.4882,58.5393
2012-01-09,2.3800,1.6181,3.3806,0.4786,58.7995
2012-01-10,2.4000,1.6051,3.4030,0.4717,59.1526
2012-01-11,2.3800,1.6207,3.4208,0.4738,58.9667
2012-01-12,2.4000,1.6051,3.4020,0.4718,59.1340
2012-01-13,2.4000,1.6051,3.4108,0.4706,59.2269
2012-01-16,2.3800,1.6181,3.4233,0.4727,59.0411
2012-01-17,2.4400,1.5773,3.4045,0.4633,59.6543
2012-01-18,2.4100,1.5974,3.3957,0.4704,59.2641
2012-01-19,2.4800,1.5528,3.3758,0.4600,59.8773
2012-01-20,2.5100,1.5314,3.3808,0.4530,60.3419
2012-01-30,2.4600,1.5674,3.4005,0.4609,59.8030
2012-01-31,2.4700,1.5576,3.4064,0.4573,60.0446
2012-02-01,2.4200,1.5898,3.4318,0.4633,59.6729
2012-02-02,2.5000,1.5408,3.4410,0.4478,60.6207
2012-02-03,2.5200,1.5267,3.4360,0.4443,60.7694
2012-02-06,2.5200,1.5291,3.4785,0.4396,61.1039
2012-02-07,2.4800,1.5552,3.4810,0.4468,60.6765
2012-02-08,2.5400,1.5152,3.5098,0.4317,61.4384
2012-02-09,2.5200,1.5267,3.5409,0.4312,61.4756
2012-02-10,2.5000,1.5385,3.5210,0.4369,61.2711
2012-02-13,2.4700,1.5576,3.5148,0.4432,60.8995
2012-02-14,2.4700,1.5601,3.5160,0.4437,60.8251
2012-02-15,2.4700,1.5576,3.5335,0.4408,61.0295
2012-02-16,2.4600,1.5625,3.5361,0.4419,60.9552
2012-02-17,2.4800,1.5528,3.5361,0.4391,61.1411
2012-02-20,2.4900,1.5456,3.5116,0.4401,61.0667
2012-02-21,2.4900,1.5456,3.5164,0.4395,61.1225
2012-02-22,2.4900,1.5456,3.5276,0.4381,61.2154
2012-02-23,2.4800,1.5504,3.5254,0.4398,61.0853
2012-02-24,2.5100,1.5314,3.5164,0.4355,61.3269
2012-02-27,2.5000,1.5385,3.5501,0.4334,61.3826
2012-02-28,2.5400,1.5175,3.5464,0.4279,61.8287
2012-02-29,2.5400,1.5175,3.5340,0.4294,61.6800
2012-03-01,2.5400,1.5175,3.5500,0.4275,61.8472
2012-03-02,2.5800,1.4948,3.5616,0.4197,62.3862
2012-03-05,2.5400,1.5152,3.5614,0.4255,61.9587
2012-03-06,2.5000,1.5408,3.5465,0.4345,61.3455
2012-03-07,2.4700,1.5601,3.5316,0.4418,61.0110
2012-03-08,2.4800,1.5552,3.5316,0.4404,61.0481
2012-03-09,2.4900,1.5456,3.5367,0.4370,61.2526
2012-03-12,2.4600,1.5674,3.5242,0.4448,60.7508
2012-03-13,2.4800,1.5504,3.5401,0.4380,61.2340
2012-03-14,2.4500,1.5723,3.5451,0.4435,60.8809
2012-03-15,2.4500,1.5723,3.5589,0.4418,60.9924
2012-03-16,2.4500,1.5699,3.5483,0.4424,60.9180
2012-03-19,2.4400,1.5798,3.5590,0.4439,60.7880
2012-03-20,2.3900,1.6129,3.5601,0.4530,60.3234
2012-03-21,2.3900,1.6129,3.5608,0.4530,60.3605
2012-03-22,2.4100,1.5949,3.5502,0.4492,60.5650
2012-03-23,2.4300,1.5873,3.5267,0.4501,60.5278
2012-03-27,2.4300,1.5848,3.5403,0.4476,60.6393
2012-03-28,2.3800,1.6155,3.5223,0.4586,59.9517
2012-03-29,2.3600,1.6340,3.5143,0.4650,59.5243
2012-03-30,2.4100,1.5949,3.5054,0.4550,60.1933
2012-04-05,2.4100,1.5949,3.5191,0.4532,60.2862
2012-04-06,2.4200,1.5924,3.5203,0.4523,60.4163
2012-04-09,2.3800,1.6181,3.5352,0.4577,60.0074
2012-04-11,2.4100,1.6000,3.5308,0.4532,60.3048
2012-04-12,2.4600,1.5649,3.5407,0.4420,60.9366
2012-04-13,2.4600,1.5649,3.5277,0.4436,60.8623
2012-04-16,2.4600,1.5674,3.5318,0.4438,60.8065
2012-04-17,2.4400,1.5748,3.5291,0.4462,60.7136
2012-04-18,2.4800,1.5528,3.5366,0.4391,61.1596
2012-04-19,2.4800,1.5504,3.5518,0.4365,61.2897
2012-04-20,2.5200,1.5267,3.5414,0.4311,61.4941
2012-04-23,2.4900,1.5432,3.5407,0.4358,61.3083
2012-04-24,2.5300,1.5198,3.5302,0.4305,61.5127
2012-04-25,2.5400,1.5175,3.5369,0.4290,61.6986
2012-04-26,2.5400,1.5152,3.5357,0.4285,61.7543
2012-04-27,2.5600,1.5038,3.5389,0.4249,62.0145
2012-05-02,2.6200,1.4706,3.5449,0.4148,62.6835
2012-05-04,2.6300,1.4663,3.5512,0.4129,62.7764
2012-05-07,2.6300,1.4663,3.5518,0.4128,62.7950
2012-05-08,2.6100,1.4771,3.5520,0.4159,62.5534
2012-05-09,2.5900,1.4881,3.5414,0.4202,62.3304
2012-05-10,2.5600,1.5038,3.5287,0.4262,61.9030
2012-05-11,2.5600,1.5060,3.4907,0.4314,61.4570
2012-05-14,2.5500,1.5106,3.4461,0.4384,61.1782
2012-05-15,2.5300,1.5198,3.4050,0.4463,60.6950
2012-05-16,2.4900,1.5480,3.3618,0.4605,59.8402
2012-05-17,2.5200,1.5267,3.4116,0.4475,60.6579
2012-05-18,2.5000,1.5385,3.3614,0.4577,60.0260
2012-05-21,2.5300,1.5244,3.3866,0.4501,60.5092
2012-05-22,2.5600,1.5060,3.3948,0.4436,60.8437
2012-05-23,2.5200,1.5267,3.3825,0.4514,60.4534
2012-05-24,2.4600,1.5625,3.3619,0.4648,59.6172
2012-05-25,2.4400,1.5798,3.3019,0.4785,58.8181
2012-05-28,2.4600,1.5625,3.3418,0.4676,59.4313
2012-05-29,2.4900,1.5456,3.3718,0.4584,59.9888
2012-05-30,2.4700,1.5576,3.3766,0.4613,59.7844
2012-05-31,2.4500,1.5699,3.3443,0.4694,59.3198
2012-06-01,2.4400,1.5773,3.3416,0.4720,59.1154
2012-06-04,2.3700,1.6234,3.3469,0.4850,58.6880
2012-06-05,2.4000,1.6026,3.3568,0.4774,58.8552
2012-06-06,2.4200,1.5898,3.3600,0.4732,59.0039
2012-06-07,2.4300,1.5848,3.3751,0.4696,59.2827
2012-06-08,2.3400,1.6447,3.3101,0.4969,58.0375
2012-06-11,2.3300,1.6529,3.3491,0.4935,58.2977
2012-06-12,2.3200,1.6584,3.3747,0.4914,58.3906
2012-06-13,2.3500,1.6393,3.3909,0.4834,58.7437
2012-06-14,2.3100,1.6639,3.4009,0.4893,58.4836
2012-06-18,2.3600,1.6287,3.4107,0.4775,58.8366
2012-06-19,2.3900,1.6103,3.4093,0.4723,59.0968
2012-06-20,2.4100,1.5949,3.4101,0.4677,59.4127
2012-06-21,2.4000,1.6026,3.4001,0.4713,59.1897
2012-06-25,2.4100,1.5974,3.3677,0.4743,58.9296
2012-06-26,2.4100,1.6750,3.3653,0.4977,57.9260
2012-06-27,2.3900,1.6920,3.3252,0.5088,57.2198
2012-06-28,2.3700,1.7036,3.3253,0.5123,57.0712
2012-06-29,2.4200,1.6694,3.3253,0.5020,57.6473
2012-07-02,2.4200,1.6722,3.3353,0.5014,57.7030
2012-07-03,2.4500,1.6529,3.3204,0.4978,57.9075
2012-07-04,2.4700,1.6393,3.3195,0.4938,58.2420
2012-07-05,2.4600,1.6447,3.3193,0.4955,58.1305
2012-07-06,2.4400,1.6556,3.2960,0.5023,57.5729
2012-07-09,2.3700,1.7094,3.2709,0.5226,56.7552
2012-07-10,2.3700,1.7036,3.2549,0.5234,56.7367
2012-07-11,2.3800,1.7007,3.2398,0.5249,56.6995
2012-07-12,2.3800,1.6978,3.2502,0.5224,56.7738
2012-07-13,2.4100,1.6750,3.2591,0.5139,57.0340
2012-07-16,2.4000,1.6835,3.2752,0.5140,57.0154
2012-07-17,2.4300,1.6639,3.2850,0.5065,57.2756
2012-07-18,2.4100,1.6779,3.2858,0.5107,57.1455
2012-07-19,2.4100,1.6807,3.2860,0.5115,57.1083
2012-07-20,2.3900,1.6892,3.2810,0.5148,56.9968
2012-07-23,2.3500,1.7182,3.2760,0.5245,56.7181
2012-07-24,2.3500,1.7241,3.2759,0.5263,56.6252
2012-07-25,2.3500,1.7241,3.2760,0.5263,56.6437
2012-07-26,2.3300,1.7331,3.2763,0.5290,56.5508
2012-07-27,2.3700,1.7094,3.2764,0.5217,56.7924
2012-07-30,2.3900,1.6949,3.2755,0.5174,56.9039
2012-07-31,2.4300,1.6639,3.2915,0.5055,57.3128
2012-08-01,2.4300,1.6639,3.2921,0.5054,57.3499
2012-08-02,2.4300,1.6611,3.2861,0.5055,57.3314
2012-08-03,2.4200,1.6694,3.2902,0.5074,57.2570
2012-08-06,2.4300,1.6667,3.3100,0.5035,57.4614
2012-08-07,2.4200,1.6722,3.3300,0.5022,57.6101
2012-08-08,2.4300,1.6611,3.3545,0.4952,58.1676
2012-08-09,2.4400,1.6584,3.3023,0.5022,57.5915
2012-08-10,2.4500,1.6502,3.2825,0.5027,57.5358
2012-08-13,2.4500,1.6529,3.3029,0.5004,57.7402
2012-08-14,2.4500,1.6474,3.3105,0.4976,57.9446
2012-08-15,2.4100,1.6807,3.3402,0.5032,57.5172
2012-08-16,2.4000,1.6863,3.3467,0.5039,57.4243
2012-08-17,2.4100,1.6750,3.3342,0.5024,57.5544
2012-08-20,2.3900,1.6892,3.3564,0.5033,57.4986
2012-08-21,2.3900,1.6920,3.3578,0.5039,57.4057
2012-08-22,2.3700,1.7094,3.3935,0.5037,57.4429
2012-08-23,2.3800,1.7007,3.3702,0.5046,57.3685
2012-08-24,2.3700,1.7036,3.3364,0.5106,57.1641
2012-08-27,2.3700,1.7094,3.3498,0.5103,57.1827
2012-08-28,2.4100,1.6779,3.3634,0.4989,57.8145
2012-08-29,2.4200,1.6722,3.3943,0.4926,58.3163
2012-08-30,2.4300,1.6667,3.3904,0.4916,58.3535
2012-08-31,2.4100,1.6750,3.3928,0.4937,58.2791
2012-09-03,2.4000,1.7301,3.4001,0.5088,57.2384
2012-09-04,2.3600,1.7606,3.3836,0.5203,56.8296
2012-09-05,2.2700,1.8282,3.3887,0.5395,56.4579
2012-09-06,2.3600,1.7606,3.3963,0.5184,56.8853
2012-09-07,2.4200,1.7153,3.4162,0.5021,57.6287
2012-09-10,2.3900,1.7361,3.4611,0.5016,57.6844
2012-09-11,2.3800,1.7422,3.4714,0.5019,57.6659
2012-09-12,2.3700,1.7483,3.4909,0.5008,57.7216
2012-09-13,2.3500,1.7637,3.4834,0.5063,57.2942
2012-09-14,2.3800,1.7422,3.5485,0.4910,58.4278
2012-09-17,2.3400,1.7699,3.5717,0.4955,58.1119
2012-09-18,2.3000,1.8051,3.5216,0.5126,57.0526
2012-09-19,2.2900,1.8116,3.5166,0.5152,56.9783
2012-09-20,2.2700,1.8282,3.5171,0.5198,56.8482
2012-09-21,2.2800,1.8215,3.4998,0.5205,56.8110
2012-09-24,2.2900,1.8083,3.4956,0.5173,56.9225
2012-09-25,2.2800,1.8215,3.4676,0.5253,56.6809
2012-09-26,2.2700,1.8282,3.4444,0.5308,56.5322
2012-09-27,2.3200,1.7857,3.4525,0.5172,56.9411
2012-09-28,2.3400,1.7699,3.4575,0.5119,57.0898
2012-10-08,2.3300,1.7794,3.4814,0.5111,57.1269
2012-10-09,2.3800,1.7422,3.4921,0.4989,57.7959
2012-10-10,2.3700,1.7513,3.5036,0.4999,57.7588
2012-10-11,2.3800,1.7452,3.4990,0.4988,57.8331
2012-10-12,2.4000,1.7301,3.4807,0.4971,58.0190
2012-10-15,2.4000,1.7301,3.4730,0.4982,57.8889
2012-10-16,2.4200,1.7153,3.4903,0.4914,58.3720
2012-10-17,2.4300,1.7094,3.5036,0.4879,58.5765
2012-10-18,2.4700,1.6779,3.5190,0.4768,58.8738
2012-10-19,2.4900,1.6667,3.5350,0.4715,59.1712
2012-10-22,2.5300,1.6420,3.5293,0.4652,59.5057
2012-10-23,2.5000,1.6611,3.5454,0.4685,59.3756
2012-10-24,2.4700,1.6779,3.5478,0.4729,59.0225
2012-10-25,2.4800,1.6750,3.5672,0.4696,59.3012
2012-10-26,2.4800,1.6722,3.5727,0.4680,59.3942
2012-10-29,2.5000,1.6584,3.5668,0.4650,59.5428
2012-10-30,2.4700,1.6779,3.5648,0.4707,59.2083
2012-10-31,2.5000,1.6611,3.5739,0.4648,59.5986
2012-11-01,2.5000,1.6584,3.5984,0.4609,59.8216
2012-11-02,2.5300,1.6393,3.5852,0.4572,60.0632
2012-11-05,2.5500,1.6260,3.5872,0.4533,60.2676
2012-11-06,2.5500,1.6260,3.5771,0.4546,60.2119
2012-11-07,2.5600,1.6234,3.5644,0.4554,60.1747
2012-11-08,2.5300,1.6393,3.5609,0.4604,59.8588
2012-11-09,2.5300,1.6367,3.5594,0.4598,59.9145
2012-11-12,2.5800,1.6051,3.5585,0.4511,60.4720
2012-11-13,2.5500,1.6287,3.5470,0.4592,59.9331
2012-11-14,2.5500,1.6260,3.5356,0.4599,59.8959
2012-11-15,2.5400,1.6313,3.5279,0.4624,59.7287
2012-11-16,2.5300,1.6420,3.5133,0.4674,59.4499
2012-11-19,2.5300,1.6420,3.5010,0.4690,59.3570
2012-11-20,2.5200,1.6474,3.5111,0.4692,59.3384
2012-11-21,2.5300,1.6367,3.5205,0.4649,59.5614
2012-11-22,2.5400,1.6313,3.5357,0.4614,59.7658
2012-11-23,2.5300,1.6393,3.5428,0.4627,59.6915
2012-11-26,2.5500,1.6287,3.5511,0.4586,59.9703
2012-11-27,2.5800,1.6077,3.5570,0.4520,60.4349
2012-11-28,2.6000,1.5949,3.5535,0.4488,60.5835
2012-11-29,2.6000,1.5974,3.5311,0.4524,60.3977
2012-11-30,2.6100,1.5898,3.5332,0.4500,60.5464
2012-12-03,2.5700,1.6155,3.5397,0.4564,60.1189
2012-12-04,2.6000,1.5924,3.5498,0.4486,60.6021
2012-12-05,2.7200,1.5244,3.5622,0.4279,61.8101
2012-12-06,2.7300,1.5175,3.5580,0.4265,61.8844
2012-12-07,2.8400,1.4599,3.5689,0.4091,63.0180
2012-12-10,2.9100,1.4245,3.5707,0.3989,63.8171
2012-12-11,2.8600,1.4493,3.5658,0.4064,63.2782
2012-12-12,2.9100,1.4265,3.5666,0.4000,63.6313
2012-12-13,2.8600,1.4514,3.5649,0.4071,63.1109
2012-12-14,3.1000,1.3387,3.5781,0.3741,67.5153
2012-12-17,3.1100,1.3333,3.5814,0.3723,67.9056
2012-12-18,3.1200,1.3298,3.5843,0.3710,68.2029
2012-12-19,3.1200,1.3316,3.5942,0.3705,68.3144
2012-12-20,3.0800,1.3459,3.6086,0.3730,67.8498
2012-12-21,3.0400,1.3643,3.6060,0.3783,66.8277
2012-12-24,3.0700,1.3514,3.6009,0.3753,67.2923
2012-12-25,3.2100,1.2903,3.5955,0.3589,70.2657
2012-12-26,3.2100,1.2903,3.5925,0.3592,70.2100
2012-12-27,3.1700,1.3089,3.5803,0.3656,69.4109
2012-12-28,3.1900,1.2987,3.5752,0.3633,69.7640
2012-12-31,3.2600,1.2723,3.5738,0.3560,70.7118
2013-01-04,3.3100,5.6391,3.6062,1.5637,25.9431
2013-01-07,3.4500,5.4087,3.5965,1.5039,26.2776
2013-01-08,3.4000,5.4945,3.5943,1.5287,26.1104
2013-01-09,3.3900,5.5012,3.5750,1.5388,26.0732
2013-01-10,3.3700,5.5351,3.5950,1.5397,26.0546
2013-01-11,3.3200,5.6180,3.5999,1.5606,25.9617
2013-01-14,3.5500,5.2632,3.6023,1.4611,26.6122
2013-01-15,3.5700,5.2326,3.6008,1.4532,26.6865
2013-01-16,3.5400,5.2693,3.6047,1.4618,26.5564
2013-01-17,3.5100,5.3254,3.5986,1.4799,26.4449
2013-01-18,3.6400,5.1253,3.5834,1.4303,26.9281
2013-01-21,3.7400,4.9945,3.5743,1.3973,27.4484
2013-01-22,3.6800,5.0676,3.5705,1.4193,27.0768
2013-01-23,3.8200,4.8913,3.5682,1.3708,27.6529
2013-01-24,3.8600,4.8387,3.5816,1.3510,27.9316
2013-01-25,3.8700,4.8232,3.5837,1.3459,28.0059
2013-01-28,4.1500,4.5000,3.6042,1.2485,30.7749
2013-01-29,4.2600,4.3860,3.6116,1.2144,31.9457
2013-01-30,4.3000,4.3436,3.6053,1.2048,32.5776
2013-01-31,4.2800,4.3647,3.6054,1.2106,32.1687
2013-02-01,4.6600,4.0071,3.6004,1.1130,37.7067
2013-02-04,4.7800,3.9029,3.6016,1.0837,39.1563
2013-02-05,4.8600,3.8429,3.5910,1.0701,39.7324
2013-02-06,4.8500,3.8462,3.5922,1.0707,39.6766
2013-02-07,4.5600,4.0909,3.5928,1.1386,36.6475
2013-02-08,4.3600,4.2776,3.5859,1.1929,33.2280
2013-02-18,4.3200,4.3186,3.5929,1.2020,32.6705
2013-02-19,4.3700,4.2694,3.5931,1.1882,33.5440
2013-02-20,4.3100,4.3311,3.5632,1.2155,31.8714
2013-02-21,4.0500,4.6059,3.5623,1.2930,29.1767
2013-02-22,3.9400,4.7368,3.5708,1.3265,28.3219
2013-02-25,3.9800,4.6875,3.5821,1.3086,28.6750
2013-02-26,4.0100,4.6584,3.5948,1.2959,29.1024
2013-02-27,4.0800,4.5778,3.5904,1.2750,29.7528
2013-02-28,4.3000,4.3436,3.5957,1.2080,32.2988
2013-03-01,4.2200,4.4204,3.5878,1.2321,31.2395
2013-03-04,3.9400,4.7418,3.5785,1.3251,28.3590
2013-03-05,4.2300,4.4118,3.5760,1.2337,31.1652
2013-03-06,4.3800,4.2654,3.5802,1.1914,33.2838
2013-03-07,4.3100,4.3311,3.5813,1.2094,32.2802
2013-03-08,4.3800,4.2614,3.5816,1.1898,33.4510
2013-03-11,4.2400,4.4031,3.5830,1.2289,31.2953
2013-03-12,4.0400,4.6201,3.5897,1.2870,29.3812
2013-03-13,4.0600,4.6012,3.5898,1.2817,29.5484
2013-03-14,4.0900,4.5639,3.5919,1.2706,29.8643
2013-03-15,4.1400,4.5045,3.5919,1.2541,30.5334
2013-03-18,4.1700,4.4776,3.5971,1.2448,30.8493
2013-03-19,4.2800,4.3647,3.5922,1.2150,31.8900
2013-03-20,4.5600,4.0909,3.5722,1.1452,36.2200
2013-03-21,4.5400,4.1133,3.5819,1.1484,36.0899
2013-03-22,4.5200,4.1284,3.5816,1.1527,35.8298
2013-03-25,4.5600,4.0909,3.5770,1.1437,36.3315
2013-03-26,4.3600,4.2857,3.5717,1.1999,32.8378
2013-03-27,4.3800,4.2654,3.5611,1.1978,33.0236
2013-03-28,3.9900,4.6778,3.5505,1.3175,28.5077
2013-03-29,4.0000,4.6680,3.5392,1.3189,28.4705
2013-04-01,4.0200,4.6488,3.5303,1.3168,28.5263
2013-04-02,3.9900,4.6729,3.5106,1.3311,28.2847
2013-04-03,4.0200,4.6488,3.5005,1.3280,28.3033
2013-04-08,3.9800,4.6924,3.4905,1.3443,28.0431
2013-04-09,4.0200,4.6392,3.4705,1.3368,28.1360
2013-04-10,4.0000,4.6680,3.4624,1.3482,27.9502
2013-04-11,4.0000,4.6632,3.4705,1.3437,28.0617
2013-04-12,3.9800,4.6875,3.4655,1.3526,27.8759
2013-04-15,4.0000,4.6632,3.4405,1.3554,27.8387
2013-04-16,3.9500,4.7269,3.4005,1.3901,27.5413
2013-04-17,3.8400,4.8649,3.4131,1.4254,27.0396
2013-04-18,3.8800,4.8128,3.4431,1.3978,27.3927
2013-04-19,4.1900,4.4510,3.4503,1.2900,29.2511
2013-04-22,4.2500,4.3945,3.4867,1.2604,30.2546
2013-04-23,4.0500,4.6107,3.4629,1.3315,28.2661
2013-04-24,4.2000,4.4423,3.4498,1.2877,29.3254
2013-04-25,4.1200,4.5317,3.4314,1.3207,28.4334
2013-04-26,4.0700,4.5825,3.4313,1.3355,28.1546
2013-05-02,4.1500,4.5000,3.4119,1.3189,28.4891
2013-05-03,4.2400,4.3988,3.4212,1.2857,29.4183
2013-05-06,4.2600,4.3817,3.4354,1.2755,29.7157
2013-05-07,4.2900,4.3478,3.4261,1.2690,29.9758
2013-05-08,4.3000,4.3394,3.4345,1.2635,30.1617
2013-05-09,4.2900,4.3478,3.4317,1.2670,30.0130
2013-05-10,4.3000,4.3436,3.4212,1.2696,29.9573
2013-05-13,4.2700,4.3732,3.4238,1.2773,29.6785
2013-05-14,4.1900,4.4510,3.4248,1.2996,28.9351
2013-05-15,4.2100,4.4379,3.4218,1.2969,29.0652
2013-05-16,4.3300,4.3062,3.4219,1.2584,30.3104
2013-05-17,4.3500,4.2939,3.4213,1.2550,30.4590
2013-05-20,4.4500,4.1978,3.4253,1.2255,31.3882
2013-05-21,4.4200,4.2214,3.4253,1.2324,31.2210
2013-05-22,4.4100,4.2293,3.4153,1.2383,31.0351
2013-05-23,4.3200,4.3228,3.4130,1.2666,30.0502
2013-05-24,4.3300,4.3145,3.4181,1.2623,30.2174
2013-05-27,4.3300,4.3062,3.4166,1.2604,30.2360
2013-05-28,4.4600,4.1899,3.4206,1.2249,31.4440
2013-05-29,4.4100,4.2333,3.4340,1.2328,31.2024
2013-05-30,4.3600,4.2816,3.4340,1.2468,30.7935
2013-05-31,4.3400,4.3021,3.4399,1.2506,30.7006
2013-06-03,4.3100,4.3353,3.4478,1.2574,30.3475
2013-06-04,4.2600,4.3774,3.4603,1.2650,30.0873
2013-06-05,4.1900,4.4554,3.4615,1.2871,29.3626
2013-06-06,4.1500,4.5000,3.4651,1.2987,29.0466
2013-06-07,4.1400,4.5045,3.4822,1.2936,29.1581
2013-06-13,4.1000,4.5547,3.4591,1.3167,28.5449
2013-06-14,4.1300,4.5181,3.4689,1.3025,28.8422
2013-06-17,4.1100,4.5409,3.4785,1.3054,28.7493
2013-06-18,4.1300,4.5226,3.4818,1.2989,29.0095
2013-06-19,4.0400,4.6154,3.5516,1.2995,28.9537
2013-06-20,3.8500,4.8439,3.7016,1.3086,28.6564
2013-06-21,3.9200,4.7619,3.6014,1.3222,28.4148
2013-06-24,3.5300,5.2879,3.5999,1.4689,26.5378
2013-06-25,3.5000,5.3318,3.5999,1.4811,26.4263
2013-06-26,3.4400,5.4217,3.5500,1.5272,26.1290
2013-06-27,3.4700,5.4811,3.5231,1.5558,25.9989
2013-06-28,3.6200,5.2509,3.5125,1.4949,26.3334
2013-07-01,3.6300,5.2386,3.5245,1.4863,26.3706
2013-07-02,3.5800,5.3066,3.5243,1.5057,26.2591
2013-07-03,3.5700,5.3318,3.5302,1.5103,26.2219
2013-07-04,3.5800,5.3066,3.5102,1.5118,26.2033
2013-07-05,3.5900,5.3004,3.5127,1.5089,26.2405
2013-07-08,3.5400,5.3635,3.5177,1.5247,26.1476
2013-07-09,3.5500,5.3571,3.5202,1.5218,26.1847
2013-07-10,3.6300,5.2326,3.5802,1.4615,26.5936
2013-07-11,3.9900,4.7619,3.5902,1.3264,28.3405
2013-07-12,3.8500,4.9396,3.6001,1.3721,27.6343
2013-07-15,3.8700,4.9127,3.6102,1.3608,27.7644
2013-07-16,3.8800,4.8966,3.6190,1.3530,27.8573
2013-07-17,3.8200,4.9779,3.6690,1.3567,27.8015
2013-07-18,3.6900,5.1546,3.6903,1.3968,27.4670
2013-07-19,3.5500,5.3508,3.7051,1.4442,26.7051
2013-07-22,3.5600,5.3444,3.7401,1.4289,26.9838
2013-07-23,3.6500,5.2083,3.7602,1.3851,27.5785
2013-07-24,3.5800,5.3129,3.7952,1.3999,27.2998
2013-07-25,3.5500,5.3571,3.7102,1.4439,26.7237
2013-07-26,3.5500,5.3571,3.7152,1.4419,26.7608
2013-07-29,3.4400,5.5215,3.7228,1.4832,26.4077
2013-07-30,3.4900,5.4414,3.7227,1.4617,26.5750
2013-07-31,3.5000,5.4348,3.7214,1.4604,26.6307
2013-08-01,3.5700,5.3191,3.7053,1.4355,26.8352
2013-08-02,3.5600,5.3444,3.7034,1.4431,26.7422
2013-08-05,3.5900,5.2941,3.7104,1.4268,27.0024
2013-08-06,3.5900,5.3004,3.7153,1.4266,27.0210
2013-08-07,3.6100,5.2693,3.7703,1.3976,27.4298
2013-08-08,3.5900,5.3004,3.8455,1.3783,27.6157
2013-08-09,3.5600,5.3444,3.8407,1.3915,27.5228
2013-08-12,3.7600,5.0619,3.8513,1.3143,28.5820
2013-08-13,3.8200,4.9724,3.9252,1.2668,30.0316
2013-08-14,3.8100,4.9889,3.9516,1.2625,30.1988
2013-08-15,3.7600,5.0619,3.9602,1.2782,29.6042
2013-08-16,3.8100,4.9889,3.9401,1.2662,30.0688
2013-08-19,3.9600,4.7974,4.0103,1.1963,33.0794
2013-08-20,3.9500,4.8077,4.0881,1.1760,34.4360
2013-08-21,3.9200,4.8544,4.0382,1.2021,32.6519
2013-08-22,3.9300,4.8387,4.0302,1.2006,32.7820
2013-08-23,3.8700,4.9127,3.9916,1.2308,31.2581
2013-08-26,3.9400,4.8232,3.9555,1.2194,31.7227
2013-08-27,3.9100,4.8596,3.9654,1.2255,31.4068
2013-08-28,3.8600,4.9234,4.0222,1.2241,31.5183
2013-08-29,3.8500,4.9342,4.0300,1.2244,31.4997
2013-08-30,3.8100,4.9834,4.0354,1.2349,31.1095
2013-09-02,3.8500,4.9396,4.0356,1.2240,31.5369
2013-09-03,3.9300,4.8335,4.0404,1.1963,33.0608
2013-09-04,3.9500,4.8180,4.0550,1.1882,33.5625
2013-09-05,3.9500,4.8077,4.0550,1.1856,33.7112
2013-09-06,3.9800,4.7771,4.0455,1.1808,34.0457
2013-09-09,4.3100,4.4118,4.0550,1.0880,38.9333
2013-09-10,4.3200,4.4732,4.0650,1.1004,38.2828
2013-09-11,4.2900,4.5000,4.1341,1.0885,38.8589
2013-09-12,4.3900,4.3945,4.1291,1.0643,39.9182
2013-09-13,4.2200,4.5732,4.1406,1.1045,38.0598
2013-09-16,4.3700,4.4204,4.1201,1.0729,39.6023
2013-09-17,4.4000,4.3902,4.0721,1.0781,39.3607
2013-09-18,4.3600,4.4291,4.0502,1.0936,38.6545
2013-09-23,4.3600,4.4335,4.0095,1.1057,37.9669
2013-09-24,4.1800,4.6249,4.0201,1.1504,35.9227
2013-09-25,4.1500,4.6584,4.0202,1.1587,35.6068
2013-09-26,4.0700,4.7418,3.9901,1.1884,33.5068
2013-09-27,4.0700,4.7468,4.0002,1.1866,33.6555
2013-09-30,4.1000,4.7071,3.9954,1.1781,34.3059
2013-10-08,4.1400,4.6680,3.9903,1.1698,34.8634
2013-10-09,4.1800,4.6153,4.0316,1.1448,36.2386
2013-10-10,4.0800,4.7367,4.0166,1.1793,34.1944
2013-10-11,4.1600,4.6438,4.0265,1.1533,35.8112
2013-10-14,4.0600,4.7567,4.0663,1.1698,34.8820
2013-10-15,4.0000,4.8282,4.0791,1.1836,33.7855
2013-10-16,3.9300,4.9179,4.0966,1.2005,32.8192
2013-10-17,3.9000,4.9558,4.0966,1.2097,32.2431
2013-10-18,3.9200,4.9287,4.1055,1.2005,32.8006
2013-10-21,3.9400,4.8965,4.1105,1.1912,33.3024
2013-10-22,3.8600,4.9999,4.1305,1.2105,32.1873
2013-10-23,3.8900,4.9613,4.1491,1.1958,33.0979
2013-10-24,3.8200,5.0504,4.1940,1.2042,32.5962
2013-10-25,3.8500,5.0110,4.2140,1.1891,33.4882
2013-10-28,3.8100,5.0674,4.2040,1.2054,32.5590
2013-10-29,3.9300,4.9179,4.2173,1.1661,35.1236
2013-10-30,3.9400,4.9018,4.2173,1.1623,35.3094
2013-10-31,3.8500,5.0222,4.1806,1.2013,32.7263
2013-11-01,3.9400,4.9072,4.1556,1.1809,34.0271
2013-11-04,3.9200,4.9233,4.1731,1.1798,34.1386
2013-11-05,3.8900,4.9613,4.2106,1.1783,34.2687
2013-11-06,3.8200,5.0560,4.2206,1.1979,32.9864
2013-11-07,3.8300,5.0391,4.2945,1.1734,34.5289
2013-11-08,3.7600,5.1310,4.3186,1.1881,33.5811
2013-11-11,3.8100,5.0731,4.4034,1.1521,35.8855
2013-11-12,3.8400,5.0334,4.4146,1.1402,36.6103
2013-11-13,3.6700,5.2630,4.4628,1.1793,34.1758
2013-11-14,3.6700,5.2692,4.5006,1.1708,34.6962
2013-11-15,3.7000,5.2142,4.6006,1.1334,36.8333
2013-11-18,3.8200,5.0560,4.6619,1.0845,39.1005
2013-11-19,3.7500,5.1545,4.6722,1.1032,38.1342
2013-11-20,3.7500,5.1545,4.7222,1.0915,38.7846
2013-11-21,3.6800,5.2446,4.7009,1.1157,37.6138
2013-11-22,3.6700,5.2569,4.6509,1.1303,36.9262
2013-11-25,3.6500,5.2878,4.6159,1.1456,36.2014
2013-11-26,3.6300,5.3127,4.6059,1.1535,35.7926
2013-11-27,3.6700,5.2692,4.5511,1.1578,35.6253
2013-11-28,3.6800,5.2446,4.4313,1.1835,33.8041
2013-11-29,3.6900,5.2385,4.3612,1.2012,32.7634
2013-12-02,3.7200,5.1962,4.4812,1.1596,35.5696
2013-12-03,3.6800,5.2446,4.4412,1.1809,34.0085
2013-12-04,3.7000,5.2263,4.4262,1.1808,34.0643
2013-12-05,3.6700,5.2569,4.4962,1.1692,34.9377
2013-12-06,3.6700,5.2630,4.5162,1.1654,35.1608
2013-12-09,3.6400,5.3002,4.5413,1.1671,34.9935
2013-12-10,3.6300,5.3127,4.6012,1.1546,35.7183
2013-12-11,3.5700,5.4085,4.6213,1.1703,34.7705
2013-12-12,3.5500,5.4346,4.5913,1.1837,33.7670
2013-12-13,3.5500,5.4412,4.5411,1.1982,32.9493
2013-12-16,3.5100,5.5011,4.5539,1.2080,32.3174
2013-12-17,3.4900,5.5349,4.5639,1.2128,32.0201
2013-12-18,3.4800,5.5486,4.5814,1.2111,32.1502
2013-12-19,3.3800,5.7105,4.6016,1.2410,30.9794
2013-12-20,3.3400,5.7839,4.6016,1.2569,30.3847
2013-12-23,3.2900,5.8669,4.6017,1.2749,29.7714
2013-12-24,3.2900,5.8669,4.5566,1.2876,29.3440
2013-12-25,3.2900,5.8669,4.5666,1.2847,29.4555
2013-12-26,3.2500,5.9444,4.5579,1.3042,28.7865
2013-12-27,3.2900,5.8669,4.5437,1.2912,29.2325
2013-12-30,3.2500,5.9444,4.5437,1.3083,28.6936
2013-12-31,3.3100,5.8289,4.5518,1.2806,29.5670
2014-01-02,3.3200,3.9844,4.6018,0.8658,47.5190
2014-01-03,3.2700,4.0472,4.6415,0.8720,47.3146
2014-01-06,3.1700,4.1677,4.6569,0.8950,46.4040
2014-01-07,3.1400,4.2133,4.6420,0.9076,45.8651
2014-01-08,3.1500,4.2018,4.5919,0.9150,45.4377
2014-01-09,3.1400,4.2133,4.5969,0.9166,45.3819
2014-01-10,3.1500,4.1961,4.6016,0.9119,45.6049
2014-01-13,3.1300,4.2191,4.5970,0.9178,45.3447
2014-01-14,3.1500,4.2018,4.6020,0.9130,45.5492
2014-01-15,3.1200,4.2307,4.5523,0.9294,44.9359
2014-01-16,3.1100,4.2540,4.5871,0.9274,45.0102
2014-01-17,3.0300,4.3625,4.5969,0.9490,44.3784
2014-01-20,2.9800,4.4315,4.5923,0.9650,43.7093
2014-01-21,3.0000,4.3999,4.5423,0.9687,43.4306
2014-01-22,3.0700,4.3076,4.5023,0.9568,44.0253
2014-01-23,3.0300,4.3687,4.4825,0.9746,43.3005
2014-01-24,3.0300,4.3625,4.5123,0.9668,43.5607
2014-01-27,3.0300,4.3687,4.4802,0.9751,43.2448
2014-01-28,3.0900,4.2836,4.5027,0.9513,44.3040
2014-01-29,3.1700,4.1733,4.5102,0.9253,45.0846
2014-01-30,3.1500,4.1961,4.5019,0.9321,44.8615
2014-02-07,3.1100,4.2482,4.4781,0.9487,44.3970
2014-02-10,3.1600,4.1790,4.4831,0.9322,44.8430
2014-02-11,3.2700,4.0366,4.4881,0.8994,46.2182
2014-02-12,3.3300,3.9690,4.4783,0.8863,46.7014
2014-02-13,3.4600,3.8165,4.4783,0.8522,47.7421
2014-02-14,3.4300,3.8547,4.4781,0.8608,47.6120
2014-02-17,3.3700,3.9235,4.5135,0.8693,47.4447
2014-02-18,3.3200,3.9792,4.5385,0.8768,47.1660
2014-02-19,3.4300,3.8499,4.5535,0.8455,47.8907
2014-02-20,3.3500,3.9486,4.5336,0.8710,47.3890
2014-02-21,3.2900,4.0155,4.5234,0.8877,46.6642
2014-02-24,3.1800,4.1508,4.4836,0.9258,45.0288
2014-02-25,3.1300,4.2191,4.4336,0.9516,44.2854
2014-02-26,3.1500,4.2018,4.4496,0.9443,44.5456
2014-02-27,3.2500,4.0632,4.3896,0.9256,45.0474
2014-02-28,3.2300,4.0902,4.4276,0.9238,45.1589
2014-03-03,3.2100,4.1230,4.4576,0.9249,45.1217
2014-03-04,3.3100,3.9895,4.5026,0.8860,46.7385
2014-03-05,3.2400,4.0848,4.5176,0.9042,46.0695
2014-03-06,3.3300,3.9741,4.5145,0.8803,46.9801
2014-03-07,3.3300,3.9690,4.5142,0.8792,46.9987
2014-03-10,3.2000,4.1341,4.5043,0.9178,45.3261
2014-03-11,3.2000,4.1286,4.5125,0.9149,45.4934
2014-03-12,3.2400,4.0794,4.5024,0.9061,45.9580
2014-03-13,3.2700,4.0366,4.5024,0.8965,46.3483
2014-03-14,3.2400,4.0848,4.4924,0.9093,45.7722
2014-03-17,3.2200,4.1011,4.4820,0.9150,45.4562
2014-03-18,3.1700,4.1733,4.5095,0.9254,45.0660
2014-03-19,3.1000,4.2599,4.5095,0.9447,44.4899
2014-03-20,3.0900,4.2777,4.5195,0.9465,44.4341
2014-03-21,3.2400,4.0740,4.5044,0.9044,46.0323
2014-03-24,3.2700,4.0419,4.5148,0.8953,46.3854
2014-03-25,3.2300,4.0956,4.5192,0.9063,45.9394
2014-03-26,3.2400,4.0794,4.4992,0.9067,45.9208
2014-03-27,3.3600,3.9385,4.5109,0.8731,47.2775
2014-03-28,3.3700,3.9235,4.5104,0.8699,47.4261
2014-03-31,3.2900,4.0208,4.5004,0.8934,46.4598
2014-04-01,3.2800,4.0313,4.4954,0.8968,46.3297
2014-04-02,3.3400,3.9537,4.4904,0.8805,46.9615
2014-04-03,3.3000,4.0051,4.4904,0.8919,46.4969
2014-04-04,3.3300,3.9638,4.4904,0.8827,46.8872
2014-04-08,3.4900,3.7837,4.4499,0.8503,47.7606
2014-04-09,3.4500,3.8260,4.4771,0.8546,47.7049
2014-04-10,3.4800,3.8024,4.4571,0.8531,47.7235
2014-04-11,3.4600,3.8212,4.4521,0.8583,47.6491
2014-04-14,3.4400,3.8403,4.4248,0.8679,47.5005
2014-04-15,3.3600,3.9335,4.4001,0.8940,46.4412
2014-04-16,3.3500,3.9486,4.3601,0.9056,45.9952
2014-04-17,3.3500,3.9486,4.2749,0.9237,45.1775
2014-04-18,3.3700,3.9185,4.2997,0.9113,45.6607
2014-04-21,3.3100,3.9947,4.2997,0.9291,44.9545
2014-04-22,3.4100,3.8741,4.2997,0.9010,46.1624
2014-04-23,3.4000,3.8839,4.3297,0.8970,46.3111
2014-04-24,3.3900,3.8986,4.3394,0.8984,46.2925
2014-04-25,3.3600,3.9385,4.3294,0.9097,45.7350
2014-04-28,3.3800,3.9135,4.3301,0.9038,46.0881
2014-04-29,3.4000,3.8839,4.3202,0.8990,46.2553
2014-04-30,3.3800,3.9135,4.3002,0.9101,45.7164
2014-05-05,3.3300,3.9689,4.3002,0.9230,45.1961
2014-05-06,3.3200,3.9792,4.2803,0.9297,44.9173
2014-05-07,3.3000,3.9999,4.2803,0.9345,44.7500
2014-05-08,3.2900,4.0155,4.2303,0.9492,44.3412
2014-05-09,3.2800,4.0260,4.1205,0.9771,43.1704
2014-05-12,3.3200,3.9792,4.1205,0.9657,43.6350
2014-05-13,3.3000,3.9999,4.1505,0.9637,43.7279
2014-05-14,3.3000,4.0103,4.1704,0.9616,43.8209
2014-05-15,3.2800,4.0260,4.1915,0.9605,43.8952
2014-05-16,3.3000,4.0103,4.1919,0.9567,44.0439
2014-05-19,3.1800,4.1508,4.1708,0.9952,42.7244
2014-05-20,3.1600,4.1790,4.1770,1.0005,42.4085
2014-05-21,3.1800,4.1620,4.1770,0.9964,42.6129
2014-05-22,3.1800,4.1564,4.1770,0.9951,42.7430
2014-05-23,3.2000,4.1286,4.1574,0.9931,42.7802
2014-05-26,3.2100,4.1120,4.1674,0.9867,42.9660
2014-05-27,3.1900,4.1397,4.1574,0.9957,42.6501
2014-05-28,3.2000,4.1341,4.1457,0.9972,42.5571
2014-05-29,3.1800,4.1508,4.1159,1.0085,42.1855
2014-05-30,3.2000,4.1341,4.0714,1.0154,41.8324
2014-06-03,3.1900,4.1397,4.0214,1.0294,41.1262
2014-06-04,3.1800,4.1620,4.0114,1.0375,40.8660
2014-06-05,3.2000,4.1286,4.0314,1.0241,41.4421
2014-06-06,3.1800,4.1620,4.0614,1.0248,41.3864
2014-06-09,3.1700,4.1733,4.0714,1.0250,41.3492
2014-06-10,3.2000,4.1341,4.0614,1.0179,41.6837
2014-06-11,3.1700,4.1733,4.0614,1.0276,41.2005
2014-06-12,3.1500,4.1961,4.0640,1.0325,41.0333
2014-06-13,3.2000,4.1341,4.0840,1.0123,42.0182
2014-06-16,3.3000,4.0103,4.0640,0.9868,42.9474
2014-06-17,3.2700,4.0419,4.0540,0.9970,42.5757
2014-06-18,3.2900,4.0208,4.0540,0.9918,42.8359
2014-06-19,3.2700,4.0366,4.0408,0.9990,42.5386
2014-06-20,3.3100,3.9947,4.0515,0.9860,42.9846
2014-06-23,3.2700,4.0366,4.0515,0.9963,42.6315
2014-06-24,3.2600,4.0525,4.0515,1.0002,42.4271
2014-06-25,3.2600,4.1065,4.0557,1.0125,41.9996
2014-06-26,3.2600,4.1065,4.0472,1.0147,41.9067
2014-06-27,3.2300,4.1463,4.0485,1.0242,41.4235
2014-06-30,3.2400,4.1330,4.0612,1.0177,41.7766
2014-07-01,3.2400,4.1330,4.0812,1.0127,41.9625
2014-07-02,3.2500,4.1197,4.1212,0.9996,42.5014
2014-07-03,3.2700,4.1000,4.1503,0.9879,42.8731
2014-07-04,3.2500,4.1197,4.1747,0.9868,42.9288
2014-07-07,3.2400,4.1330,4.1212,1.0029,42.3156
2014-07-08,3.2400,4.1396,4.1162,1.0057,42.2226
2014-07-09,3.1900,4.2006,4.1276,1.0177,41.7580
2014-07-10,3.1600,4.2423,4.1298,1.0272,41.2284
2014-07-11,3.1600,4.2423,4.1198,1.0297,41.1076
2014-07-14,3.1600,4.2423,4.1298,1.0272,41.2284
2014-07-15,3.1500,4.2564,4.1571,1.0239,41.4607
2014-07-16,3.1500,4.2493,4.2171,1.0076,42.2041
2014-07-17,3.1400,4.2705,4.2670,1.0008,42.3899
2014-07-18,3.1400,4.2705,4.3019,0.9927,42.8173
2014-07-21,3.1100,4.3136,4.3017,1.0028,42.3341
2014-07-22,3.1500,4.2564,4.2717,0.9964,42.5943
2014-07-23,3.1500,4.2564,4.2967,0.9906,42.8545
2014-07-24,3.2400,4.1396,4.2967,0.9634,43.7465
2014-07-25,3.2600,4.1131,4.2711,0.9630,43.7837
2014-07-28,3.4500,3.8770,4.2713,0.9077,45.8465
2014-07-29,3.4500,3.8829,4.2805,0.9071,45.8837
2014-07-30,3.4300,3.9006,4.2905,0.9091,45.7907
2014-07-31,3.4700,3.8595,4.2655,0.9048,46.0138
2014-08-01,3.4300,3.9065,4.2569,0.9177,45.3633
2014-08-04,3.4900,3.8364,4.2530,0.9020,46.1253
2014-08-05,3.4500,3.8829,4.2576,0.9120,45.5863
2014-08-06,3.4000,3.9425,4.2463,0.9285,44.9731
2014-08-07,3.3300,4.0166,4.2563,0.9437,44.5828
2014-08-08,3.3400,4.0103,4.2712,0.9389,44.6757
2014-08-11,3.3800,3.9608,4.2815,0.9251,45.1031
2014-08-12,3.3600,3.9916,4.2815,0.9323,44.8244
2014-08-13,3.3400,4.0103,4.2550,0.9425,44.6014
2014-08-14,3.3000,4.0546,4.2100,0.9631,43.7651
2014-08-15,3.3100,4.0419,4.2002,0.9623,43.8023
2014-08-18,3.3100,4.0419,4.2153,0.9589,43.9695
2014-08-19,3.3400,4.0103,4.2422,0.9453,44.4527
2014-08-20,3.3200,4.0355,4.2523,0.9490,44.3598
2014-08-21,3.3000,4.0610,4.2512,0.9553,44.0624
2014-08-22,3.3000,4.0546,4.2560,0.9527,44.2297
2014-08-25,3.2800,4.0869,4.2524,0.9611,43.8580
2014-08-26,3.2900,4.0675,4.2462,0.9579,44.0067
2014-08-27,3.2800,4.0869,4.2310,0.9659,43.6164
2014-08-28,3.2400,4.1396,4.2254,0.9797,43.1332
2014-08-29,3.2700,4.1000,4.2361,0.9679,43.5421
2014-09-01,3.2600,4.1065,4.2405,0.9684,43.4678
2014-09-02,3.3100,4.0482,4.2490,0.9527,44.2111
2014-09-03,3.3200,4.0292,4.2640,0.9449,44.4713
2014-09-04,3.3400,4.0103,4.2814,0.9367,44.7129
2014-09-05,3.3600,3.9854,4.2928,0.9284,44.9916
2014-09-09,3.3400,4.0103,4.2868,0.9355,44.7315
2014-09-10,3.3000,4.0546,4.2934,0.9444,44.5270
2014-09-11,3.3100,4.0419,4.2937,0.9414,44.6385
2014-09-12,3.3100,4.0419,4.2793,0.9445,44.5085
2014-09-15,3.2900,4.0675,4.2597,0.9549,44.0996
2014-09-16,3.2700,4.0934,4.2634,0.9601,43.9138
2014-09-17,3.2700,4.1000,4.2008,0.9760,43.2262
2014-09-18,3.2900,4.0739,4.1438,0.9831,43.0217
2014-09-19,3.2900,4.0675,4.0310,1.0091,42.1483
2014-09-22,3.2300,4.1530,4.0110,1.0354,40.9403
2014-09-23,3.2400,4.1396,3.9911,1.0372,40.8846
2014-09-24,3.2800,4.0869,4.0425,1.0110,42.0554
2014-09-25,3.2600,4.1065,4.0025,1.0260,41.2934
2014-09-26,3.2500,4.1197,4.0092,1.0276,41.1819
2014-09-29,3.2600,4.1131,3.9925,1.0302,41.0704
2014-09-30,3.2600,4.1131,3.9824,1.0328,41.0147
2014-10-08,3.3500,3.9978,3.9930,1.0012,42.3713
2014-10-09,3.3500,3.9978,4.0014,0.9991,42.5200
2014-10-10,3.3000,4.0546,4.0131,1.0103,42.1111
2014-10-13,3.2700,4.1000,3.9953,1.0262,41.2749
2014-10-14,3.2600,4.1065,3.9015,1.0525,40.3271
2014-10-15,3.2700,4.1000,3.8215,1.0729,39.6209
2014-10-16,3.2800,4.0804,3.8116,1.0705,39.7138
2014-10-17,3.2800,4.0869,3.8110,1.0724,39.6581
2014-10-20,3.2900,4.0739,3.7441,1.0881,38.8961
2014-10-21,3.2600,4.1131,3.7323,1.1020,38.1899
2014-10-22,3.2600,4.1131,3.7929,1.0844,39.1191
2014-10-23,3.2500,4.1263,3.8108,1.0828,39.1935
2014-10-24,3.2400,4.1330,3.8013,1.0873,39.0076
2014-10-27,3.1900,4.1938,3.7756,1.1108,37.8182
2014-10-28,3.2300,4.1530,3.7424,1.1097,37.8554
2014-10-29,3.2600,4.1065,3.7176,1.1046,38.0413
2014-10-30,3.2700,4.0934,3.7688,1.0861,39.0448
2014-10-31,3.3600,3.9854,3.7559,1.0611,40.0297
2014-11-03,3.3200,4.0292,3.7007,1.0888,38.8404
2014-11-04,3.2900,4.0675,3.6412,1.1171,37.5767
2014-11-05,3.3000,4.0546,3.6117,1.1226,37.2793
2014-11-06,3.3000,4.0546,3.6223,1.1193,37.4837
2014-11-07,3.3100,4.0482,3.5631,1.1361,36.7404
2014-11-10,3.4600,3.8712,3.5132,1.1019,38.2085
2014-11-11,3.5500,3.7744,3.4981,1.0790,39.2864
2014-11-12,3.5500,3.7688,3.5560,1.0598,40.1041
2014-11-13,3.5600,3.7578,3.5924,1.0460,40.5315
2014-11-14,3.5300,3.7911,3.6466,1.0396,40.7917
2014-11-17,3.4300,3.9006,3.6609,1.0655,39.8625
2014-11-18,3.3700,3.9730,3.6070,1.1015,38.2271
2014-11-19,3.3700,3.9792,3.6154,1.1006,38.2643
2014-11-20,3.3600,3.9854,3.6521,1.0913,38.8032
2014-11-21,3.4200,3.9184,3.6514,1.0731,39.5837
2014-11-24,3.4000,3.9425,3.4767,1.1340,36.8147
2014-11-25,3.4300,3.9065,3.5216,1.1093,37.9112
2014-11-26,3.5000,3.8307,3.5228,1.0874,38.9890
2014-11-27,3.5200,3.8023,3.5243,1.0789,39.3050
2014-11-28,3.8300,3.5015,3.5249,0.9934,42.7616
2014-12-01,3.7500,3.5696,3.5145,1.0157,41.8138
2014-12-02,4.1300,3.2447,3.5553,0.9126,45.5677
2014-12-03,4.2900,3.1224,3.6238,0.8616,47.5934
2014-12-04,4.6900,2.8549,3.6633,0.7793,49.1358
2014-12-05,4.7400,2.8235,3.7759,0.7478,49.9907
2014-12-08,4.8200,2.7777,3.7918,0.7326,50.4553
2014-12-09,4.3500,3.0811,3.7532,0.8209,48.2438
2014-12-10,4.5100,2.9706,3.7111,0.8005,48.6527
2014-12-11,4.4900,2.9809,3.7282,0.7996,48.6713
2014-12-12,4.3900,3.0482,3.7513,0.8126,48.3367
2014-12-15,4.2900,3.1186,3.7815,0.8247,48.1509
2014-12-16,4.4900,2.9809,3.7522,0.7944,48.8199
2014-12-17,4.9400,2.7102,3.7377,0.7251,50.7712
2014-12-18,5.0000,2.6763,3.7614,0.7115,51.5146
2014-12-19,5.0300,2.6652,3.7106,0.7183,50.9942
2014-12-22,5.4800,2.4420,3.7030,0.6595,54.7668
2014-12-23,5.4800,2.4444,3.6604,0.6678,54.2836
2014-12-24,5.3800,2.4918,3.5975,0.6926,52.8712
2014-12-25,5.6000,2.3897,3.6305,0.6582,54.8411
2014-12-26,5.6900,2.3547,3.6339,0.6480,55.1756
2014-12-29,5.6000,2.3920,3.6213,0.6605,54.7296
2014-12-30,5.6300,2.3809,3.6213,0.6575,54.8597
2014-12-31,5.6800,2.3590,3.6219,0.6513,55.0269
2015-01-05,5.6300,0.7730,3.6251,0.2132,86.2665
2015-01-06,5.4400,0.7964,3.6353,0.2191,85.7461
2015-01-07,5.4800,0.7896,3.6408,0.2169,85.9506
2015-01-08,5.3200,0.8136,3.6415,0.2234,85.3745
2015-01-09,5.3600,0.8136,3.6348,0.2238,85.3001
2015-01-12,5.2500,0.8307,3.6371,0.2284,84.9470
2015-01-13,5.1700,0.8434,3.5836,0.2353,84.1108
2015-01-14,5.2200,0.8349,3.5411,0.2358,84.0922
2015-01-15,5.3800,0.8112,3.5464,0.2287,84.8913
2015-01-16,5.3700,0.8128,3.5017,0.2321,84.5196
2015-01-19,4.8300,0.9030,3.4750,0.2599,82.1780
2015-01-20,4.9800,0.8754,3.4711,0.2522,82.8471
2015-01-21,5.2400,0.8315,3.4672,0.2398,83.7019
2015-01-22,5.3500,0.8152,3.4521,0.2361,83.9993
2015-01-23,5.4500,0.7995,3.4520,0.2316,84.5382
2015-01-26,5.5100,0.7911,3.4341,0.2304,84.7240
2015-01-27,5.3500,0.8144,3.4309,0.2374,83.9063
2015-01-28,5.2200,0.8349,3.4767,0.2401,83.6647
2015-01-29,5.0600,0.8617,3.4966,0.2464,83.2373
2015-01-30,4.9800,0.8763,3.5019,0.2502,83.0143
2015-02-02,4.8200,0.9050,3.4729,0.2606,82.0665
2015-02-03,4.9200,0.8866,3.4533,0.2567,82.5683
2015-02-04,4.8000,0.9079,3.4589,0.2625,81.7506
2015-02-05,4.7800,0.9129,3.4018,0.2684,81.0444
2015-02-06,4.7700,0.9149,3.4325,0.2665,81.2117
2015-02-09,4.8600,0.8981,3.4236,0.2623,81.7878
2015-02-10,4.9000,0.8895,3.4299,0.2593,82.2524
2015-02-11,4.9100,0.8875,3.3955,0.2614,81.9364
2015-02-12,4.8900,0.8923,3.3865,0.2635,81.6391
2015-02-13,4.8900,0.8923,3.3552,0.2659,81.3603
2015-02-16,4.8400,0.9001,3.3374,0.2697,80.8400
2015-02-17,4.8600,0.8981,3.3373,0.2691,80.8772
2015-02-25,4.8000,0.9089,3.3490,0.2714,80.6170
2015-02-26,4.8700,0.8952,3.3594,0.2665,81.2303
2015-02-27,4.8500,0.8991,3.3745,0.2664,81.2488
2015-03-02,4.8600,0.8981,3.3883,0.2651,81.4904
2015-03-03,4.7300,0.9221,3.4022,0.2710,80.6727
2015-03-04,4.7100,0.9262,3.3869,0.2735,80.3011
2015-03-05,4.6000,0.9484,3.4369,0.2759,80.0409
2015-03-06,4.6000,0.9473,3.4753,0.2726,80.4311
2015-03-09,4.8400,0.9001,3.4922,0.2577,82.4196
2015-03-10,4.7300,0.9221,3.5228,0.2618,81.8807
2015-03-11,4.7500,0.9190,3.4466,0.2666,81.1931
2015-03-12,4.9300,0.8847,3.4412,0.2571,82.4940
2015-03-13,4.9000,0.8895,3.4879,0.2550,82.6798
2015-03-16,4.9300,0.8838,3.5301,0.2504,82.9957
2015-03-17,4.9600,0.8791,3.5428,0.2481,83.1444
2015-03-18,5.0600,0.8617,3.5519,0.2426,83.5718
2015-03-19,5.0000,0.8726,3.5348,0.2469,83.2001
2015-03-20,5.0600,0.8617,3.4958,0.2465,83.2187
2015-03-23,5.1300,0.8503,3.4933,0.2434,83.5161
2015-03-24,5.0800,0.8582,3.4841,0.2463,83.2559
2015-03-25,4.9600,0.8800,3.5037,0.2512,82.9214
2015-03-26,4.9700,0.8772,3.5440,0.2475,83.1630
2015-03-27,5.0000,0.8726,3.5678,0.2446,83.3860
2015-03-30,5.1400,0.8477,3.5849,0.2365,83.9621
2015-03-31,5.1000,0.8555,3.6483,0.2345,84.2223
2015-04-01,5.1300,0.8503,3.5997,0.2362,83.9807
2015-04-02,5.0800,0.8557,3.5438,0.2415,83.6276
2015-04-03,5.1100,0.8513,3.5720,0.2383,83.8506
2015-04-07,5.2200,0.8325,3.5987,0.2313,84.5939
2015-04-08,5.3200,0.8177,3.6938,0.2214,85.5231
2015-04-09,5.2800,0.8234,3.7040,0.2223,85.4302
2015-04-10,5.4000,0.8050,3.6947,0.2179,85.8391
2015-04-13,5.4900,0.7926,3.6685,0.2161,86.0249
2015-04-14,5.4000,0.8057,3.6211,0.2225,85.4116
2015-04-15,5.5500,0.7836,3.5954,0.2179,85.8205
2015-04-16,5.7700,0.7530,3.5600,0.2115,86.3594
2015-04-17,5.7400,0.7571,3.5627,0.2125,86.3222
2015-04-20,5.4900,0.7919,3.4554,0.2292,84.8355
2015-04-21,5.6400,0.7712,3.4055,0.2265,85.1329
2015-04-22,5.7100,0.7613,3.4052,0.2236,85.3559
2015-04-23,5.6200,0.7741,3.4151,0.2267,85.1143
2015-04-24,5.4800,0.7934,3.4454,0.2303,84.7426
2015-04-27,5.6000,0.7763,3.3952,0.2286,84.9099
2015-04-28,5.7300,0.7592,3.3804,0.2246,85.2630
2015-04-29,5.6400,0.7712,3.4000,0.2268,85.0771
2015-04-30,5.5800,0.7792,3.3503,0.2326,84.5010
2015-05-04,5.6900,0.7641,3.3804,0.2260,85.1700
2015-05-05,5.5700,0.7807,3.4006,0.2296,84.7984
2015-05-06,5.6900,0.7641,3.4560,0.2211,85.5603
2015-05-07,5.6500,0.7698,3.4401,0.2238,85.3187
2015-05-08,5.5800,0.7799,3.3703,0.2314,84.5754
2015-05-11,5.5800,0.7792,3.3752,0.2309,84.6497
2015-05-12,5.5700,0.7807,3.4002,0.2296,84.7798
2015-05-13,5.4700,0.7949,3.4002,0.2338,84.2966
2015-05-14,5.5100,0.7888,3.3803,0.2334,84.3895
2015-05-15,5.3500,0.8129,3.3907,0.2397,83.7205
2015-05-18,5.2400,0.8300,3.4109,0.2433,83.5347
2015-05-19,5.4000,0.8057,3.4311,0.2348,84.1851
2015-05-20,5.4300,0.8003,3.4282,0.2334,84.3709
2015-05-21,5.4500,0.7972,3.4257,0.2327,84.4639
2015-05-22,5.5900,0.7785,3.4160,0.2279,85.0028
2015-05-25,5.6600,0.7676,3.4310,0.2237,85.3373
2015-05-26,5.6700,0.7669,3.5214,0.2178,85.8948
2015-05-27,5.6200,0.7741,3.5055,0.2208,85.5975
2015-05-28,5.2800,0.8234,3.5652,0.2310,84.6311
2015-05-29,5.2700,0.8258,3.5954,0.2297,84.7612
2015-06-01,5.4600,0.7957,3.6404,0.2186,85.8019
2015-06-02,5.5200,0.7873,3.5880,0.2194,85.7090
2015-06-03,5.4800,0.7934,3.6111,0.2197,85.6904
2015-06-04,5.5700,0.7807,3.5912,0.2174,85.9134
2015-06-05,5.5400,0.7851,3.5814,0.2192,85.7276
2015-06-08,5.8300,0.7455,3.5613,0.2093,86.6568
2015-06-09,5.7100,0.7620,3.5565,0.2143,86.1550
2015-06-10,5.7900,0.7516,3.5912,0.2093,86.6753
2015-06-11,5.7400,0.7571,3.6197,0.2092,86.7497
2015-06-12,5.7700,0.7530,3.6226,0.2079,86.9355
2015-06-15,5.5100,0.7896,3.6681,0.2153,86.0807
2015-06-16,5.3500,0.8129,3.6099,0.2252,85.2258
2015-06-17,5.3600,0.8113,3.6052,0.2250,85.2444
2015-06-18,5.0900,0.8549,3.5730,0.2393,83.7762
2015-06-19,4.8100,0.9034,3.5825,0.2522,82.8656
2015-06-23,4.9000,0.8879,3.6054,0.2463,83.2745
2015-06-24,5.1500,0.8435,3.6079,0.2338,84.2594
2015-06-25,4.9400,0.8803,3.6028,0.2443,83.4046
2015-06-26,4.7700,0.8418,3.6080,0.2333,84.4081
2015-06-29,4.9400,0.8123,3.6030,0.2255,85.2072
2015-06-30,5.2200,0.7690,3.5976,0.2138,86.1922
2015-07-01,5.0200,0.7995,3.6127,0.2213,85.5417
2015-07-02,5.0200,0.7995,3.6223,0.2207,85.6718
2015-07-03,4.8700,0.8246,3.5719,0.2309,84.6683
2015-07-06,5.1800,0.7752,3.4917,0.2220,85.4488
2015-07-07,5.7000,0.7124,3.4361,0.2073,87.0470
2015-07-08,5.4100,0.7501,3.4307,0.2186,85.7833
2015-07-09,5.6300,0.7218,3.4358,0.2101,86.5267
2015-07-10,5.5300,0.7343,3.4885,0.2105,86.4709
2015-07-13,5.3200,0.7628,3.5014,0.2179,85.8576
2015-07-14,5.1600,0.7872,3.5341,0.2227,85.3930
2015-07-15,5.3400,0.7606,3.5495,0.2143,86.1364
2015-07-16,5.2100,0.7800,3.5208,0.2215,85.4674
2015-07-17,5.2200,0.7776,3.5123,0.2214,85.5046
2015-07-20,5.1700,0.7856,3.5009,0.2244,85.2815
2015-07-21,5.1100,0.7946,3.5214,0.2256,85.1886
2015-07-22,5.0700,0.8004,3.5145,0.2277,85.0214
2015-07-23,5.1300,0.7921,3.4751,0.2279,84.9842
2015-07-24,5.0200,0.8097,3.4602,0.2340,84.2408
2015-07-27,4.6500,0.8736,3.4602,0.2525,82.7913
2015-07-28,4.8400,0.8390,3.4401,0.2439,83.4789
2015-07-29,4.8100,0.8437,3.4302,0.2460,83.3117
2015-07-30,4.8100,0.8446,3.4402,0.2455,83.3302
2015-07-31,4.8300,0.8409,3.4752,0.2420,83.6090
2015-08-03,4.9600,0.8184,3.4700,0.2359,84.0736
2015-08-04,5.0200,0.8089,3.4700,0.2331,84.4267
2015-08-05,4.9600,0.8193,3.4701,0.2361,84.0178
2015-08-06,4.9700,0.8166,3.4600,0.2360,84.0550
2015-08-07,4.9600,0.8193,3.4553,0.2371,83.9435
2015-08-10,5.0200,0.8097,3.4755,0.2330,84.4453
2015-08-11,4.9300,0.8237,3.5256,0.2336,84.3152
2015-08-12,4.8800,0.8326,3.5402,0.2352,84.1479
2015-08-13,4.8500,0.8381,3.5153,0.2384,83.8320
2015-08-14,4.8100,0.8437,3.5052,0.2407,83.6462
2015-08-17,4.7600,0.8531,3.5176,0.2425,83.5904
2015-08-18,4.6300,0.8776,3.5126,0.2498,83.0329
2015-08-19,4.7500,0.8560,3.5201,0.2432,83.5532
2015-08-20,4.6600,0.8726,3.5051,0.2490,83.0886
2015-08-21,4.5200,0.8982,3.4951,0.2570,82.5311
2015-08-24,4.2100,0.9651,3.4701,0.2781,79.8179
2015-08-25,3.9700,1.0232,3.4577,0.2959,77.7551
2015-08-26,4.1300,0.9837,3.4290,0.2869,78.8515
2015-08-27,4.3900,0.9254,3.3902,0.2730,80.3754
2015-08-28,4.3600,0.9322,3.3803,0.2758,80.0595
2015-08-31,4.5500,0.8919,3.3252,0.2682,81.0630
2015-09-01,4.7300,0.8579,3.3002,0.2600,82.1409
2015-09-02,4.9300,0.8237,3.3002,0.2496,83.0515
2015-09-07,4.4700,0.9078,3.3353,0.2722,80.5427
2015-09-08,4.5000,0.9024,3.3603,0.2685,80.9701
2015-09-09,4.5200,0.8993,3.3478,0.2686,80.9329
2015-09-10,4.5800,0.8867,3.3453,0.2651,81.5090
2015-09-11,4.5600,0.8898,3.3404,0.2664,81.2674
2015-09-14,4.8300,0.8418,3.3303,0.2528,82.7356
2015-09-15,4.8000,0.8455,3.3104,0.2554,82.6612
2015-09-16,4.7700,0.8512,3.3103,0.2571,82.4754
2015-09-17,4.6600,0.8726,3.3204,0.2628,81.7041
2015-09-18,4.6600,0.8726,3.3105,0.2636,81.6205
2015-09-21,4.6600,0.8726,3.3204,0.2628,81.7041
2015-09-22,4.6700,0.8706,3.3255,0.2618,81.8621
2015-09-23,4.5800,0.8878,3.3354,0.2662,81.3046
2015-09-24,4.5600,0.8909,3.3180,0.2685,80.9887
2015-09-25,4.6800,0.8676,3.3101,0.2621,81.8435
2015-09-28,4.5800,0.8878,3.2906,0.2698,80.8214
2015-09-29,4.5000,0.9024,3.2457,0.2780,79.8365
2015-09-30,4.4900,0.9046,3.2362,0.2795,79.6135
2015-10-08,4.5100,0.9014,3.2409,0.2781,79.7993
2015-10-09,4.5200,0.8993,3.1486,0.2856,79.1303
2015-10-12,4.6000,0.8837,3.1488,0.2806,79.5577
2015-10-13,4.5600,0.8898,3.1064,0.2864,79.0188
2015-10-14,4.5400,0.8950,3.0414,0.2943,77.9409
2015-10-15,4.5700,0.8888,3.0814,0.2884,78.7400
2015-10-16,4.5800,0.8867,3.1216,0.2841,79.2975
2015-10-19,4.5500,0.8919,3.1214,0.2857,79.0931
2015-10-20,4.5500,0.8919,3.0615,0.2913,78.4984
2015-10-21,4.7800,0.8493,3.0616,0.2774,79.8736
2015-10-22,4.6500,0.8736,3.0516,0.2863,79.0374
2015-10-23,4.6400,0.8756,3.0400,0.2880,78.7772
2015-10-26,4.6500,0.8736,3.0200,0.2893,78.6471
2015-10-27,4.6200,0.8796,2.9800,0.2952,77.9037
2015-10-28,4.5900,0.8847,2.9870,0.2962,77.6807
2015-10-29,4.5600,0.8909,3.0500,0.2921,78.3869
2015-10-30,4.5700,0.8888,3.0600,0.2905,78.6285
2015-11-02,4.5300,0.8961,3.0525,0.2936,78.0710
2015-11-03,4.5400,0.8950,3.0800,0.2906,78.6099
2015-11-04,4.6400,0.8746,3.1351,0.2790,79.7064
2015-11-05,4.7100,0.8627,3.1150,0.2770,79.9480
2015-11-06,4.7200,0.8598,3.1250,0.2751,80.1338
2015-11-09,4.8500,0.8372,3.2099,0.2608,82.0479
2015-11-10,4.8000,0.8455,3.2001,0.2642,81.5648
2015-11-11,4.7300,0.8588,3.1226,0.2750,80.1710
2015-11-12,4.7200,0.8608,3.1351,0.2746,80.2081
2015-11-13,4.6700,0.8696,3.1251,0.2783,79.7807
2015-11-16,4.6900,0.8666,3.1352,0.2764,80.0037
2015-11-17,4.6900,0.8656,3.1252,0.2770,79.9294
2015-11-18,4.6900,0.8656,3.1402,0.2757,80.0781
2015-11-19,4.7100,0.8617,3.1402,0.2744,80.2267
2015-11-20,4.7200,0.8598,3.1251,0.2751,80.1524
2015-11-23,4.7000,0.8647,3.1302,0.2762,80.0223
2015-11-24,4.6800,0.8686,3.1077,0.2795,79.6320
2015-11-25,4.6800,0.8686,3.0853,0.2815,79.4648
2015-11-26,4.6600,0.8716,3.0503,0.2857,79.0745
2015-11-27,4.5000,0.9035,3.0603,0.2952,77.8852
2015-11-30,4.5900,0.8857,3.0404,0.2913,78.5170
2015-12-01,4.5500,0.8919,3.0504,0.2924,78.3312
2015-12-02,4.7500,0.8550,3.0454,0.2808,79.5391
2015-12-03,4.7500,0.8560,3.0304,0.2825,79.3904
2015-12-04,4.6600,0.8726,3.0254,0.2884,78.7586
2015-12-07,4.6800,0.8676,3.0280,0.2865,79.0002
2015-12-08,4.6200,0.8786,3.0005,0.2928,78.2568
2015-12-09,4.6300,0.8776,2.9968,0.2928,78.2382
2015-12-10,4.6200,0.8786,3.0018,0.2927,78.2754
2015-12-11,4.6300,0.8776,2.9931,0.2932,78.1267
2015-12-14,4.6800,0.8686,3.0306,0.2866,78.9630
2015-12-15,4.6200,0.8796,3.0157,0.2917,78.4798
2015-12-16,4.6100,0.8816,3.0007,0.2938,77.9967
2015-12-17,4.6400,0.8746,2.9857,0.2929,78.1639
2015-12-18,4.8200,0.8427,2.9408,0.2866,78.9816
2015-12-21,5.3000,0.7667,2.8811,0.2661,81.3232
2015-12-22,5.0900,0.7979,2.8610,0.2789,79.7250
2015-12-23,5.0600,0.8029,2.8460,0.2821,79.4090
2015-12-24,4.9900,0.8140,2.8010,0.2906,78.5913
2015-12-25,5.0200,0.8097,2.8061,0.2885,78.7214
2015-12-28,4.8600,0.8363,2.7961,0.2991,77.3091
2015-12-29,4.8900,0.8299,2.8061,0.2957,77.7922
2015-12-30,5.0100,0.8106,2.8261,0.2868,78.8887
2015-12-31,5.1200,0.7929,2.8212,0.2811,79.4834
2016-01-04,4.8000,1.9832,2.8710,0.6908,53.0756
2016-01-05,4.8500,1.9636,2.8911,0.6792,53.6517
2016-01-06,4.8600,1.9572,2.8861,0.6781,53.7075
2016-01-07,4.5700,2.0823,2.8511,0.7303,50.5482
2016-01-08,4.6200,2.0584,2.8362,0.7258,50.7341
2016-01-11,4.5000,2.1168,2.8187,0.7510,49.9350
2016-01-12,4.5000,2.1143,2.7887,0.7582,49.7863
2016-01-13,4.4900,2.1193,2.7237,0.7781,49.1544
2016-01-14,4.5100,2.1093,2.7513,0.7667,49.5633
2016-01-15,4.5000,2.1143,2.7464,0.7698,49.4146
2016-01-18,4.5100,2.1093,2.7764,0.7597,49.7119
2016-01-19,4.5500,2.0921,2.7964,0.7481,49.9721
2016-01-20,4.5600,2.0872,2.8114,0.7424,50.2323
2016-01-21,4.5000,2.1168,2.7914,0.7583,49.7677
2016-01-22,4.5200,2.1068,2.7741,0.7595,49.7305
2016-01-25,4.5200,2.1044,2.8590,0.7361,50.3252
2016-01-26,4.4400,2.1421,2.8616,0.7486,49.9535
2016-01-27,4.5200,2.1044,2.9016,0.7253,50.7526
2016-01-28,4.5300,2.0994,2.8866,0.7273,50.6783
2016-01-29,4.5600,2.0848,2.8419,0.7336,50.4367
2016-02-01,4.5200,2.1068,2.8368,0.7427,50.2137
2016-02-02,4.5100,2.1093,2.8818,0.7319,50.5111
2016-02-03,4.4800,2.1218,2.8918,0.7337,50.4181
2016-02-04,4.5000,2.1168,2.8550,0.7414,50.2695
2016-02-05,4.4800,2.1243,2.8535,0.7445,50.1394
2016-02-15,4.5000,2.1168,2.8371,0.7461,50.0465
2016-02-16,4.5600,2.0872,2.8376,0.7356,50.3624
2016-02-17,4.5500,2.0921,2.8351,0.7379,50.3066
2016-02-18,4.5600,2.0848,2.8351,0.7354,50.3810
2016-02-19,4.5200,2.1044,2.8251,0.7449,50.0836
2016-02-22,4.5700,2.0823,2.8426,0.7325,50.4739
2016-02-23,4.5000,2.1143,2.8451,0.7431,50.1765
2016-02-24,4.5200,2.1068,2.8676,0.7347,50.3996
2016-02-25,4.3600,2.1813,2.8651,0.7613,49.6190
2016-02-26,4.4500,2.1550,2.8551,0.7548,49.8792
2016-02-29,4.5300,2.1193,2.8502,0.7436,50.1580
2016-03-01,4.5200,2.1243,2.8527,0.7447,50.1022
2016-03-02,4.5900,2.0921,2.8752,0.7276,50.6411
2016-03-03,4.6600,2.0584,2.9002,0.7097,51.6447
2016-03-04,5.0000,1.9194,2.8952,0.6630,54.5623
2016-03-07,4.9100,1.9529,2.9303,0.6665,54.3951
2016-03-08,4.9800,1.9277,2.9352,0.6568,54.8783
2016-03-09,5.0100,1.9174,2.8928,0.6628,54.5809
2016-03-10,4.8500,1.9788,2.8653,0.6906,53.1128
2016-03-11,4.8900,1.9636,2.8453,0.6901,53.1314
2016-03-14,4.8400,1.9832,2.8504,0.6958,52.6854
2016-03-15,4.9100,1.9529,2.8404,0.6875,53.2615
2016-03-16,5.0600,1.8970,2.8054,0.6762,53.7447
2016-03-17,4.9300,1.9465,2.8154,0.6914,53.0013
2016-03-18,4.8900,1.9615,2.8229,0.6949,52.7969
2016-03-21,4.9300,1.9465,2.8305,0.6877,53.2429
2016-03-22,4.9300,1.9487,2.8304,0.6885,53.2243
2016-03-23,4.9100,1.9550,2.8307,0.6906,53.0942
2016-03-24,4.8700,1.9701,2.8309,0.6959,52.6296
2016-03-25,4.8700,1.9701,2.8311,0.6959,52.6482
2016-03-28,4.7900,2.0054,2.8665,0.6996,52.4252
2016-03-29,4.7900,2.0031,2.8510,0.7026,52.2022
2016-03-30,4.9000,1.9593,2.8362,0.6908,53.0385
2016-03-31,4.8800,1.9658,2.8419,0.6917,52.9455
2016-04-01,4.9500,1.9381,2.8422,0.6819,53.5774
2016-04-05,4.9400,1.9423,2.8637,0.6782,53.6703
2016-04-06,4.8500,1.9788,2.8689,0.6897,53.1686
2016-04-07,4.8200,1.9920,2.9049,0.6857,53.3544
2016-04-08,4.8200,1.9920,2.9158,0.6832,53.5031
2016-04-11,4.8300,1.9876,2.9091,0.6832,53.4845
2016-04-12,4.8400,1.9832,2.9100,0.6815,53.5960
2016-04-13,4.8800,1.9658,2.9271,0.6716,53.9677
2016-04-14,4.8800,1.9658,2.9352,0.6697,54.1535
2016-04-15,4.9400,1.9444,2.9151,0.6670,54.3208
2016-04-18,4.9300,1.9487,2.9047,0.6709,54.0234
2016-04-19,4.9300,1.9465,2.9060,0.6698,54.1349
2016-04-20,5.0000,1.9215,2.9258,0.6567,54.8969
2016-04-21,4.9800,1.9256,2.9208,0.6593,54.8039
2016-04-22,5.0400,1.9051,2.9309,0.6500,55.0641
2016-04-25,5.0600,1.8970,2.9362,0.6461,55.2128
2016-04-26,5.0700,1.8930,2.9212,0.6480,55.1570
2016-04-27,5.0300,1.9071,2.9108,0.6552,54.9154
2016-04-28,5.0200,1.9112,2.8863,0.6622,54.6181
2016-04-29,4.9800,1.9256,2.8913,0.6660,54.4137
2016-05-03,5.0300,1.9092,2.8890,0.6609,54.6924
2016-05-04,5.0300,1.9092,2.8965,0.6591,54.8225
2016-05-05,5.0200,1.9133,2.9017,0.6594,54.7854
2016-05-06,4.9600,1.9339,2.9016,0.6665,54.3765
2016-05-09,4.9400,1.9423,2.8818,0.6740,53.8004
2016-05-10,4.9600,1.9339,2.9000,0.6669,54.3393
2016-05-11,4.9700,1.9298,2.9075,0.6637,54.5438
2016-05-12,4.9700,1.9318,2.8975,0.6667,54.3579
2016-05-13,4.9300,1.9487,2.9050,0.6708,54.0420
2016-05-16,4.9300,1.9465,2.9275,0.6649,54.4508
2016-05-17,4.8700,1.9723,2.9300,0.6731,53.8376
2016-05-18,4.8900,1.9615,2.9550,0.6638,54.5252
2016-05-19,4.8200,1.9898,2.9600,0.6722,53.8747
2016-05-20,4.8200,1.9898,2.9500,0.6745,53.7632
2016-05-23,4.7500,2.0190,2.9550,0.6832,53.4659
2016-05-24,4.6500,2.0631,2.9350,0.7029,52.1464
2016-05-25,4.7500,2.0212,2.9401,0.6875,53.2801
2016-05-26,4.7700,2.0121,2.9401,0.6844,53.4287
2016-05-27,4.7800,2.0099,2.9451,0.6825,53.5217
2016-05-30,4.8000,2.0009,2.9776,0.6720,53.9305
2016-05-31,4.8700,1.9701,2.9851,0.6600,54.7482
2016-06-01,4.8100,1.9942,2.9952,0.6658,54.4323
2016-06-02,4.8100,1.9964,3.0127,0.6627,54.5995
2016-06-03,4.8200,1.9920,3.0152,0.6607,54.7110
2016-06-06,4.8300,1.9876,3.0041,0.6616,54.6553
2016-06-07,4.8200,1.9898,3.0071,0.6617,54.6367
2016-06-08,4.8200,1.9898,3.0077,0.6616,54.6739
2016-06-13,4.8000,2.0009,2.9979,0.6674,54.3022
2016-06-14,4.8400,1.9832,2.9654,0.6688,54.2093
2016-06-15,4.8500,1.9788,2.9604,0.6684,54.2464
2016-06-16,4.8300,1.9854,2.9455,0.6740,53.7818
2016-06-17,4.8700,1.9723,2.9379,0.6713,53.9862
2016-06-20,4.8500,1.9788,2.9481,0.6712,54.0048
2016-06-21,4.8700,1.9723,2.9405,0.6707,54.0606
2016-06-22,4.8700,1.9723,2.9307,0.6730,53.8562
2016-06-23,4.8700,1.9701,2.9307,0.6722,53.8933
2016-06-24,4.8200,2.0258,2.8808,0.7032,52.1093
2016-06-27,4.8400,2.0190,2.8310,0.7132,51.3845
2016-06-28,4.8200,2.0258,2.8610,0.7081,51.7562
2016-06-29,4.9900,1.9593,2.8586,0.6854,53.3730
2016-06-30,4.8700,2.0054,2.8411,0.7059,52.0349
2016-07-01,4.8700,2.0054,2.8038,0.7152,51.1615
2016-07-04,4.9200,1.9854,2.8314,0.7012,52.2394
2016-07-05,4.8900,1.9964,2.8514,0.7001,52.3137
2016-07-06,4.8700,2.0054,2.8365,0.7070,51.8863
2016-07-07,4.8900,1.9987,2.8066,0.7121,51.4403
2016-07-08,4.8700,2.0054,2.8016,0.7158,51.1057
2016-07-11,4.9000,1.9920,2.8268,0.7047,52.0535
2016-07-12,4.9800,1.9615,2.8368,0.6914,52.9827
2016-07-13,5.0000,1.9550,2.8494,0.6861,53.3172
2016-07-14,5.0700,1.9256,2.8395,0.6781,53.6889
2016-07-15,5.0500,1.9360,2.8271,0.6848,53.3916
2016-07-18,5.2000,1.8772,2.8271,0.6640,54.4880
2016-07-19,5.1800,1.8851,2.8197,0.6685,54.2278
2016-07-20,5.0700,1.9277,2.7996,0.6886,53.2057
2016-07-21,5.0800,1.9235,2.7806,0.6918,52.9270
2016-07-22,5.0300,1.9423,2.7907,0.6960,52.6110
2016-07-25,5.0100,1.9487,2.8068,0.6943,52.8155
2016-07-26,5.0400,1.9402,2.7913,0.6951,52.7783
2016-07-27,5.0400,1.9381,2.7967,0.6930,52.8526
2016-07-28,4.9800,1.9615,2.7867,0.7039,52.0907
2016-07-29,5.0000,1.9550,2.7768,0.7040,52.0721
2016-08-01,5.0300,1.9423,2.7830,0.6979,52.4995
2016-08-02,5.0200,1.9465,2.7792,0.7004,52.2951
2016-08-03,4.9900,1.9572,2.7718,0.7061,52.0164
2016-08-04,4.9900,1.9593,2.7694,0.7075,51.8491
2016-08-05,5.0700,1.9256,2.7534,0.6994,52.4438
2016-08-08,5.0400,1.9402,2.7472,0.7062,51.9978
2016-08-09,5.0400,1.9381,2.7125,0.7145,51.2358
2016-08-10,5.0400,1.9381,2.6950,0.7191,50.9199
2016-08-11,5.0800,1.9235,2.6875,0.7157,51.1243
2016-08-12,5.1800,1.8870,2.6701,0.7067,51.9234
2016-08-15,5.3000,1.8443,2.6401,0.6986,52.4810
2016-08-16,5.1300,1.9031,2.6651,0.7141,51.2916
2016-08-17,5.1300,1.9031,2.6901,0.7074,51.8677
2016-08-18,5.1100,1.9133,2.6801,0.7139,51.3287
2016-08-19,5.1000,1.9174,2.7001,0.7101,51.5889
2016-08-22,5.0600,1.9298,2.6801,0.7200,50.9013
2016-08-23,5.0700,1.9256,2.7201,0.7079,51.7841
2016-08-24,5.0600,1.9318,2.7301,0.7076,51.8119
2016-08-25,5.0700,1.9256,2.7201,0.7079,51.7841
2016-08-26,5.0700,1.9256,2.6927,0.7151,51.1801
2016-08-29,5.0400,1.9381,2.7064,0.7161,51.0872
2016-08-30,5.1000,1.9153,2.7527,0.6958,52.6668
2016-08-31,5.0800,1.9235,2.7425,0.7014,52.2208
2016-09-01,5.0600,1.9298,2.7452,0.7030,52.1279
2016-09-02,5.0800,1.9235,2.7452,0.7007,52.2579
2016-09-05,5.1000,1.9153,2.7503,0.6964,52.5739
2016-09-06,5.0800,1.9215,2.7628,0.6955,52.7411
2016-09-07,5.0900,1.9194,2.7853,0.6891,53.1871
2016-09-08,5.0800,1.9215,2.7753,0.6924,52.9084
2016-09-09,5.0700,1.9256,2.7678,0.6957,52.7040
2016-09-12,5.0700,1.9256,2.7916,0.6898,53.1500
2016-09-13,5.0800,1.9235,2.7654,0.6956,52.7225
2016-09-14,5.0800,1.9235,2.7579,0.6975,52.5367
2016-09-19,5.0900,1.9194,2.7605,0.6953,52.7597
2016-09-20,5.0800,1.9215,2.7431,0.7005,52.2765
2016-09-21,5.0900,1.9194,2.7518,0.6975,52.5181
2016-09-22,5.1100,1.9112,2.7456,0.6961,52.5925
2016-09-23,5.1200,1.9092,2.7318,0.6989,52.4624
2016-09-26,5.1400,1.9235,2.7157,0.7083,51.7376
2016-09-27,5.1400,1.9235,2.7144,0.7086,51.7190
2016-09-28,5.0800,1.9465,2.7244,0.7145,51.2544
2016-09-29,5.1000,1.9402,2.7282,0.7112,51.5332
2016-09-30,5.1100,1.9339,2.7258,0.7095,51.6818
2016-10-10,5.1500,1.9194,2.6735,0.7179,51.0128
2016-10-11,5.1400,1.9235,2.6835,0.7168,51.0314
2016-10-12,5.1200,1.9318,2.7098,0.7129,51.4031
2016-10-13,5.0700,1.9487,2.7010,0.7215,50.8456
2016-10-14,5.1000,1.9381,2.6952,0.7191,50.9385
2016-10-17,5.1000,1.9381,2.6904,0.7204,50.8642
2016-10-18,5.1200,1.9318,2.6965,0.7164,51.0500
2016-10-19,5.1200,1.9298,2.6664,0.7237,50.7898
2016-10-20,5.1300,1.9277,2.6518,0.7269,50.6969
2016-10-21,5.1300,1.9277,2.6451,0.7288,50.5854
2016-10-24,5.1700,1.9112,2.6595,0.7186,50.9757
2016-10-25,5.1700,1.9133,2.6859,0.7123,51.4217
2016-10-26,5.1200,1.9298,2.7200,0.7095,51.6633
2016-10-27,5.1200,1.9318,2.7068,0.7137,51.3659
2016-10-28,5.1400,1.9235,2.7027,0.7117,51.4774
2016-10-31,5.0800,1.9465,2.7425,0.7098,51.6261
2016-11-01,5.0800,1.9444,2.7375,0.7103,51.5703
2016-11-02,5.0600,1.9550,2.7372,0.7142,51.2730
2016-11-03,5.0700,1.9487,2.7301,0.7138,51.3473
2016-11-04,5.0600,1.9550,2.7339,0.7151,51.1987
2016-11-07,5.0600,1.9550,2.7475,0.7116,51.4960
2016-11-08,5.0600,1.9529,2.7634,0.7067,51.9420
2016-11-09,5.0300,1.9658,2.7651,0.7109,51.5518
2016-11-10,5.0600,1.9550,2.7926,0.7001,52.3880
2016-11-11,5.0800,1.9465,2.8150,0.6915,52.9641
2016-11-14,5.0900,1.9423,2.8577,0.6797,53.6332
2016-11-15,5.0800,1.9444,2.8501,0.6822,53.5588
2016-11-16,5.0700,1.9487,2.8652,0.6801,53.6146
2016-11-17,5.0800,1.9465,2.9055,0.6699,54.0978
2016-11-18,5.0800,1.9465,2.8901,0.6735,53.8190
2016-11-21,5.1200,1.9298,2.8851,0.6689,54.1721
2016-11-22,5.1400,1.9235,2.8689,0.6705,54.0792
2016-11-23,5.1700,1.9112,2.8451,0.6718,53.9491
2016-11-24,5.1600,1.9153,2.8502,0.6720,53.9119
2016-11-25,5.1900,1.9031,2.8650,0.6643,54.4694
2016-11-28,5.1900,1.9051,2.8502,0.6684,54.2650
2016-11-29,5.2300,1.8910,2.8906,0.6542,54.9712
2016-11-30,5.2400,1.8851,2.9502,0.6390,55.2685
2016-12-01,5.2100,1.8991,2.9893,0.6353,55.2871
2016-12-02,5.2100,1.8991,2.9895,0.6353,55.3057
2016-12-05,5.2100,1.8991,3.0302,0.6267,55.4172
2016-12-06,5.2000,1.9011,3.1151,0.6103,55.6588
2016-12-07,5.1600,1.9153,3.0877,0.6203,55.5287
2016-12-08,5.3300,1.8538,3.0753,0.6028,55.7331
2016-12-09,5.3700,1.8424,3.0853,0.5972,55.8261
2016-12-12,5.3800,1.8386,3.1458,0.5845,55.9933
2016-12-13,5.3400,1.8519,3.1863,0.5812,56.0305
2016-12-14,5.4400,1.8181,3.2186,0.5649,56.1606
2016-12-15,5.2500,1.8831,3.3315,0.5652,56.1420
2016-12-16,5.1500,1.9194,3.2803,0.5851,55.9561
2016-12-19,5.1100,1.9339,3.3316,0.5805,56.0491
2016-12-20,5.1100,1.9360,3.3739,0.5738,56.1048
2016-12-21,5.1000,1.9381,3.2815,0.5906,55.9004
2016-12-22,5.0700,1.9508,3.1908,0.6114,55.6402
2016-12-23,5.0600,1.9550,3.1769,0.6154,55.5845
2016-12-26,5.0500,1.9593,3.1551,0.6210,55.4730
2016-12-27,5.0200,1.9701,3.1628,0.6229,55.4544
2016-12-28,5.0000,1.9788,3.1223,0.6338,55.3243
2016-12-29,5.0000,1.9766,3.0471,0.6487,55.1199
2016-12-30,5.0100,1.9723,3.0115,0.6549,54.9526
2017-01-03,5.0300,3.8419,3.1054,1.2372,31.0723
2017-01-04,5.0300,3.8419,3.1823,1.2073,32.4289
2017-01-05,5.0100,3.8546,3.2086,1.2013,32.7077
2017-01-06,4.9700,3.8846,3.1953,1.2157,31.8528
2017-01-09,4.9800,3.8803,3.1692,1.2244,31.4811
2017-01-10,4.9800,3.8760,3.1792,1.2192,31.7413
2017-01-11,4.9600,3.8932,3.2055,1.2145,31.9272
2017-01-12,4.9700,3.8889,3.1888,1.2195,31.6856
2017-01-13,5.0100,3.8546,3.2022,1.2037,32.6333
2017-01-16,5.0800,3.8043,3.2496,1.1707,34.7147
2017-01-17,5.0500,3.8251,3.2692,1.1700,34.8448
2017-01-18,5.0700,3.8126,3.2682,1.1666,35.0864
2017-01-19,5.0700,3.8126,3.2584,1.1701,34.8262
2017-01-20,5.0900,3.7961,3.2440,1.1702,34.8077
2017-01-23,5.0900,3.7961,3.2429,1.1706,34.7333
2017-01-24,5.1200,3.7756,3.2837,1.1498,35.9784
2017-01-25,5.0900,3.7961,3.3463,1.1344,36.7961
2017-01-26,5.1100,3.7838,3.3465,1.1307,36.8705
2017-02-03,5.0600,3.8168,3.4214,1.1156,37.6324
2017-02-06,5.0600,3.8210,3.4905,1.0947,38.6359
2017-02-07,5.0500,3.8293,3.4866,1.0983,38.4687
2017-02-08,5.0300,3.8377,3.4591,1.1095,37.8926
2017-02-09,5.0300,3.8377,3.4148,1.1238,37.2050
2017-02-10,5.0300,3.8419,3.4368,1.1179,37.5395
2017-02-13,5.0500,3.8293,3.4192,1.1199,37.4466
2017-02-14,5.0200,3.8462,3.4107,1.1277,37.0191
2017-02-15,5.0500,3.8251,3.4058,1.1231,37.2421
2017-02-16,5.0300,3.8377,3.3559,1.1436,36.3873
2017-02-17,4.9800,3.8760,3.3311,1.1636,35.2723
2017-02-20,5.0500,3.8293,3.2812,1.1670,35.0121
2017-02-21,5.0400,3.8335,3.3013,1.1612,35.4581
2017-02-22,5.0200,3.8504,3.2839,1.1725,34.5846
2017-02-23,5.0100,3.8546,3.2714,1.1783,34.2873
2017-02-24,5.0100,3.8589,3.2916,1.1723,34.6032
2017-02-27,4.9900,3.8717,3.2871,1.1778,34.3431
2017-02-28,4.9800,3.8760,3.2921,1.1774,34.3616
2017-03-01,4.9900,3.8717,3.3252,1.1644,35.2351
2017-03-02,4.9500,3.9019,3.3483,1.1653,35.1979
2017-03-03,4.9500,3.9019,3.3573,1.1622,35.3280
2017-03-06,4.9500,3.9063,3.3615,1.1621,35.4023
2017-03-07,4.9500,3.9019,3.3643,1.1598,35.5510
2017-03-08,4.9200,3.9238,3.4088,1.1511,35.9041
2017-03-09,4.9000,3.9459,3.4151,1.1554,35.6997
2017-03-10,4.8800,3.9593,3.4156,1.1592,35.5882
2017-03-13,4.8900,3.9503,3.3851,1.1670,35.0307
2017-03-14,4.8800,3.9593,3.3653,1.1765,34.3802
2017-03-15,4.8900,3.9503,3.3524,1.1783,34.2501
2017-03-16,4.9000,3.9414,3.3097,1.1909,33.3581
2017-03-17,4.8600,3.9728,3.3124,1.1994,32.8563
2017-03-20,4.8100,4.0184,3.3141,1.2125,32.0387
2017-03-21,4.7900,4.0369,3.3141,1.2181,31.7599
2017-03-22,4.7200,4.0936,3.3068,1.2379,31.0537
2017-03-23,4.7400,4.0745,3.3034,1.2334,31.1838
2017-03-24,4.7500,4.0698,3.2529,1.2511,30.6634
2017-03-27,4.7500,4.0650,3.2451,1.2527,30.5891
2017-03-28,4.7200,4.0936,3.2626,1.2547,30.4776
2017-03-29,4.7000,4.1080,3.2695,1.2565,30.4033
2017-03-30,4.6700,4.1371,3.2890,1.2579,30.3289
2017-03-31,4.6800,4.1274,3.2828,1.2573,30.3661
2017-04-05,4.7000,4.1128,3.3102,1.2425,30.9422
2017-04-06,4.6900,4.1225,3.3109,1.2451,30.8121
2017-04-07,4.6900,4.1176,3.2966,1.2490,30.7378
2017-04-10,4.6500,4.1518,3.3166,1.2518,30.6449
2017-04-11,4.6400,4.1617,3.3209,1.2532,30.5519
2017-04-12,4.6200,4.1816,3.3283,1.2564,30.4219
2017-04-13,4.6000,4.2017,3.3220,1.2648,30.1059
2017-04-14,4.5300,4.2683,3.3599,1.2704,29.9015
2017-04-17,4.5400,4.2527,3.4160,1.2449,30.8307
2017-04-18,4.4500,4.3424,3.4064,1.2748,29.7900
2017-04-19,4.3800,4.4081,3.4065,1.2940,29.1396
2017-04-20,4.3300,4.4643,3.4240,1.3038,28.8236
2017-04-21,4.3600,4.4304,3.4614,1.2799,29.5856
2017-04-24,4.3200,4.4700,3.4991,1.2775,29.6413
2017-04-25,4.3300,4.4643,3.4568,1.2915,29.1953
2017-04-26,4.2600,4.5396,3.4519,1.3151,28.5635
2017-04-27,4.3400,4.4473,3.4494,1.2893,29.2697
2017-04-28,4.3400,4.4473,3.4668,1.2828,29.4927
2017-05-02,4.3400,4.4529,3.4870,1.2770,29.6971
2017-05-03,4.2900,4.4987,3.5219,1.2774,29.6599
2017-05-04,4.2600,4.5396,3.5517,1.2781,29.6227
2017-05-05,4.2600,4.5396,3.5592,1.2755,29.7343
2017-05-08,4.2800,4.5161,3.6042,1.2530,30.5705
2017-05-09,4.2800,4.5161,3.6325,1.2432,30.9236
2017-05-10,4.2800,4.5161,3.6900,1.2239,31.5555
2017-05-11,4.3000,4.4929,3.6400,1.2343,31.1466
2017-05-12,4.4100,4.3805,3.6525,1.1993,32.8749
2017-05-15,4.3900,4.4025,3.6100,1.2195,31.7041
2017-05-16,4.3800,4.4081,3.6225,1.2169,31.8342
2017-05-17,4.3500,4.4416,3.6275,1.2244,31.4626
2017-05-18,4.3200,4.4757,3.6075,1.2407,30.9980
2017-05-19,4.3100,4.4814,3.6250,1.2362,31.0909
2017-05-22,4.2900,4.5045,3.6601,1.2307,31.2767
2017-05-23,4.3600,4.4360,3.6725,1.2079,32.3360
2017-05-24,4.3200,4.4757,3.6601,1.2228,31.5926
2017-05-25,4.4800,4.3157,3.6476,1.1832,33.8599
2017-05-26,4.4200,4.3695,3.6501,1.1971,33.0422
2017-05-31,4.4300,4.3587,3.6102,1.2073,32.3917
2017-06-01,4.4300,4.3641,3.6152,1.2072,32.4661
2017-06-02,4.4200,4.3750,3.6277,1.2060,32.5033
2017-06-05,4.3600,4.4304,3.6152,1.2255,31.4254
2017-06-06,4.3800,4.4136,3.6328,1.2149,31.9086
2017-06-07,4.4300,4.3641,3.6427,1.1980,32.9678
2017-06-08,4.4500,4.3424,3.6478,1.1904,33.3767
2017-06-09,4.4800,4.3103,3.6303,1.1873,33.6183
2017-06-12,4.4400,4.3478,3.5841,1.2131,32.0015
2017-06-13,4.4700,4.3263,3.5754,1.2100,32.2245
2017-06-14,4.4500,4.3424,3.5354,1.2283,31.3139
2017-06-15,4.4300,4.3641,3.5554,1.2275,31.3510
2017-06-16,4.4300,4.3587,3.5680,1.2216,31.6112
2017-06-19,4.4700,4.3210,3.5006,1.2344,31.1280
2017-06-20,4.4700,4.3210,3.4881,1.2388,31.0165
2017-06-21,4.4700,4.3210,3.5406,1.2204,31.6484
2017-06-22,4.4900,4.2998,3.5607,1.2076,32.3732
2017-06-23,4.4800,4.3157,3.5457,1.2172,31.8156
2017-06-26,4.4800,4.3103,3.5134,1.2268,31.3696
2017-06-27,4.5200,4.2787,3.5084,1.2196,31.6670
2017-06-28,4.5700,4.2322,3.5333,1.1978,33.0050
2017-06-29,4.5500,4.2424,3.5483,1.1956,33.1165
2017-06-30,4.5400,4.2579,3.5683,1.1933,33.2094
2017-07-03,4.5400,4.2527,3.6033,1.1802,34.1201
2017-07-04,4.5100,4.2840,3.6009,1.1897,33.4696
2017-07-05,4.5300,4.2683,3.5760,1.1936,33.1909
2017-07-06,4.5400,4.3424,3.5660,1.2177,31.7785
2017-07-07,4.5200,4.3587,3.5897,1.2142,31.9829
2017-07-10,4.5300,4.3532,3.5911,1.2122,32.1130
2017-07-11,4.5800,4.3050,3.5836,1.2013,32.7448
2017-07-12,4.6200,4.2683,3.5749,1.1940,33.1537
2017-07-13,4.7400,4.1617,3.5643,1.1676,34.9749
2017-07-14,4.8100,4.0936,3.5637,1.1487,36.0714
2017-07-17,4.8400,4.0745,3.5626,1.1437,36.3130
2017-07-18,4.8100,4.0936,3.5851,1.1418,36.4802
2017-07-19,4.8800,4.0369,3.5901,1.1245,37.1864
2017-07-20,4.8500,4.0650,3.5740,1.1374,36.6846
2017-07-21,4.8100,4.0984,3.5829,1.1439,36.2944
2017-07-24,4.8900,4.0276,3.5769,1.1260,37.1121
2017-07-25,4.8500,4.0603,3.5920,1.1304,36.9076
2017-07-26,4.8400,4.0745,3.6170,1.1265,37.0749
2017-07-27,4.7900,4.1176,3.6021,1.1431,36.4430
2017-07-28,4.8000,4.1032,3.6034,1.1387,36.6289
2017-07-31,4.8400,4.0698,3.6260,1.1224,37.2979
2017-08-01,4.8900,4.0276,3.6373,1.1073,37.9483
2017-08-02,4.8900,4.0323,3.6311,1.1105,37.8368
2017-08-03,4.8300,4.0793,3.6262,1.1250,37.1678
2017-08-04,4.8200,4.0888,3.6262,1.1276,37.0377
2017-08-07,4.8300,4.0840,3.6626,1.1151,37.6510
2017-08-08,4.8200,4.0888,3.6538,1.1191,37.5023
2017-08-09,4.7100,4.1866,3.6600,1.1439,36.2758
2017-08-10,4.7000,4.1966,3.6375,1.1537,35.7554
2017-08-11,4.6100,4.2787,3.6163,1.1832,33.8413
2017-08-14,4.6100,4.2787,3.5925,1.1910,33.3209
2017-08-15,4.6300,4.2527,3.5801,1.1879,33.5997
2017-08-16,4.6000,4.2840,3.5988,1.1904,33.3953
2017-08-17,4.6300,4.2579,3.5926,1.1852,33.7298
2017-08-18,4.6200,4.2631,3.5951,1.1858,33.6926
2017-08-21,4.6100,4.2735,3.6181,1.1811,33.9900
2017-08-22,4.6200,4.2683,3.6201,1.1791,34.2130
2017-08-23,4.6400,4.2476,3.6152,1.1749,34.4917
2017-08-24,4.6100,4.2735,3.6252,1.1788,34.2316
2017-08-25,4.7200,4.1766,3.6327,1.1497,35.9970
2017-08-28,4.7600,4.1420,3.6502,1.1347,36.7776
2017-08-29,4.7500,4.1518,3.6303,1.1437,36.3501
2017-08-30,4.7500,4.1469,3.6303,1.1423,36.4616
2017-08-31,4.7300,4.1667,3.6265,1.1490,36.0528
2017-09-01,4.7100,4.1816,3.6353,1.1503,35.9599
2017-09-04,4.7200,4.1766,3.6454,1.1457,36.1829
2017-09-05,4.7300,4.1667,3.6641,1.1372,36.7032
2017-09-06,4.7000,4.1966,3.6554,1.1481,36.1085
2017-09-07,4.6700,4.2169,3.6155,1.1663,35.1050
2017-09-08,4.6700,4.2169,3.6005,1.1712,34.6776
2017-09-11,4.6900,4.2017,3.6156,1.1621,35.3838
2017-09-12,4.6900,4.2017,3.6181,1.1613,35.4209
2017-09-13,4.6700,4.2220,3.6356,1.1613,35.4395
2017-09-14,4.6400,4.2476,3.5982,1.1805,34.1015
2017-09-15,4.6300,4.2527,3.5982,1.1819,33.9342
2017-09-18,4.6500,4.2424,3.6220,1.1713,34.6590
2017-09-19,4.6500,4.2424,3.6158,1.1733,34.5475
2017-09-20,4.6500,4.2424,3.6209,1.1716,34.6218
2017-09-21,4.6300,4.2527,3.6334,1.1704,34.7519
2017-09-22,4.6100,4.2787,3.6209,1.1817,33.9528
2017-09-25,4.5900,4.2892,3.5985,1.1919,33.2652
2017-09-26,4.6000,4.3478,3.6172,1.2020,32.6891
2017-09-27,4.5800,4.3695,3.6235,1.2059,32.5218
2017-09-28,4.5700,4.3805,3.6136,1.2122,32.0944
2017-09-29,4.5800,4.3641,3.6136,1.2077,32.3546
2017-10-09,4.6400,4.3103,3.6477,1.1816,33.9714
2017-10-10,4.6600,4.2892,3.6470,1.1761,34.4174
2017-10-11,4.6800,4.2735,3.6540,1.1695,34.9006
2017-10-12,4.6600,4.2892,3.6765,1.1667,35.0678
2017-10-13,4.6700,4.2840,3.6740,1.1660,35.1422
2017-10-16,4.6600,4.2892,3.7054,1.1576,35.6439
2017-10-17,4.6500,4.2998,3.7409,1.1494,36.0156
2017-10-18,4.6500,4.3050,3.7366,1.1521,35.8669
2017-10-19,4.6100,4.3371,3.7167,1.1669,35.0492
2017-10-20,4.6100,4.3371,3.7217,1.1654,35.1793
2017-10-23,4.6000,4.3478,3.7231,1.1678,34.9563
2017-10-24,4.6300,4.3210,3.7220,1.1609,35.4767
2017-10-25,4.6300,4.3210,3.7768,1.1441,36.2572
2017-10-26,4.6400,4.3103,3.7769,1.1412,36.5174
2017-10-27,4.6700,4.2787,3.8266,1.1181,37.5209
2017-10-30,4.6700,4.2840,3.9115,1.0952,38.5988
2017-10-31,4.7400,4.2220,3.8917,1.0849,39.0820
2017-11-01,4.7100,4.2476,3.8630,1.0996,38.3386
2017-11-02,4.7000,4.2579,3.8718,1.0997,38.3200
2017-11-03,4.7100,4.2424,3.8816,1.0930,38.7103
2017-11-06,4.7200,4.2373,3.8694,1.0951,38.6174
2017-11-07,4.7800,4.1866,3.8813,1.0787,39.3235
2017-11-08,4.8000,4.1667,3.8725,1.0760,39.4536
2017-11-09,4.7800,4.1816,3.8863,1.0760,39.4350
2017-11-10,4.8100,4.1617,3.9000,1.0671,39.8067
2017-11-13,4.8300,4.1420,3.9500,1.0486,40.4572
2017-11-14,4.8200,4.1469,3.9525,1.0492,40.4386
2017-11-15,4.7800,4.1866,3.9500,1.0599,40.0855
2017-11-16,4.7300,4.2271,3.9225,1.0777,39.3979
2017-11-17,4.8800,4.0984,3.9200,1.0455,40.6058
2017-11-20,4.9100,4.0745,3.9400,1.0341,40.9775
2017-11-21,4.9400,4.0509,3.9500,1.0255,41.3120
2017-11-22,5.1800,3.8589,3.9850,0.9684,43.4863
2017-11-23,5.1800,3.8589,3.9851,0.9683,43.5049
2017-11-24,5.2000,3.8462,3.9463,0.9746,43.2633
2017-11-27,5.2100,3.8419,3.9501,0.9726,43.3377
2017-11-28,5.0500,3.9593,3.9601,0.9998,42.4642
2017-11-29,5.0600,3.9548,3.9101,1.0114,42.0368
2017-11-30,5.0600,3.9548,3.8901,1.0166,41.7952
2017-12-01,5.0500,3.9638,3.8852,1.0202,41.5722
2017-12-04,5.0500,3.9593,3.8902,1.0178,41.7209
2017-12-05,5.1600,3.8760,3.8752,1.0002,42.4456
2017-12-06,5.0700,3.9459,3.8752,1.0182,41.6465
2017-12-07,5.0700,3.9459,3.8927,1.0137,41.9439
2017-12-08,5.0400,3.9683,3.9102,1.0149,41.8881
2017-12-11,5.0000,4.0000,3.9303,1.0177,41.7395
2017-12-12,4.8900,4.0888,3.9378,1.0383,40.8474
2017-12-13,4.9100,4.0698,3.9303,1.0355,40.9218
2017-12-14,4.8600,4.1128,3.9104,1.0518,40.3828
2017-12-15,4.8200,4.1469,3.8904,1.0659,39.8253
2017-12-18,4.8300,4.1371,3.8904,1.0634,39.9368
2017-12-19,4.9000,4.0840,3.9005,1.0470,40.4943
2017-12-20,4.9100,4.0745,3.9005,1.0446,40.6430
2017-12-21,4.9000,4.0793,3.9005,1.0458,40.5687
2017-12-22,4.8400,4.1322,3.8780,1.0655,39.8439
2017-12-25,4.8500,4.1225,3.8731,1.0644,39.8996
2017-12-26,4.8800,4.0984,3.8881,1.0541,40.2899
2017-12-27,4.8300,4.1371,3.8956,1.0620,39.9740
2017-12-28,4.7900,4.1716,3.8857,1.0736,39.5466
2017-12-29,4.7900,4.1716,3.8807,1.0750,39.5280
2018-01-02,4.8700,3.3451,3.9008,0.8575,47.6677
2018-01-03,4.9000,3.3217,3.9162,0.8482,47.8164
2018-01-04,4.8800,3.3372,3.9319,0.8487,47.7978
2018-01-05,4.9100,3.3140,3.9212,0.8451,47.9093
2018-01-08,4.9800,3.2683,3.9110,0.8357,48.0394
2018-01-09,4.9600,3.2834,3.8909,0.8439,47.9465
2018-01-10,5.0400,3.2313,3.9201,0.8243,48.1695
2018-01-11,5.0300,3.2386,3.9546,0.8189,48.2624
2018-01-12,5.0300,3.2386,3.9337,0.8233,48.1881
2018-01-15,5.0700,3.2131,3.9650,0.8104,48.4297
2018-01-16,5.0700,3.2095,3.9596,0.8106,48.4111
2018-01-17,5.0900,3.2022,3.9597,0.8087,48.4668
2018-01-18,5.1500,3.1632,3.9797,0.7948,48.8013
2018-01-19,5.2100,3.1284,3.9754,0.7869,49.0058
2018-01-22,5.1100,3.1879,3.9522,0.8066,48.4854
2018-01-23,5.2800,3.0844,3.9414,0.7826,49.0801
2018-01-24,5.3300,3.0547,3.9507,0.7732,49.2845
2018-01-25,5.3100,3.0678,3.9435,0.7779,49.1730
2018-01-26,5.3300,3.0579,3.9365,0.7768,49.2102
2018-01-29,5.2600,3.0978,3.9368,0.7869,49.0243
2018-01-30,5.1500,3.1632,3.9292,0.8050,48.5412
2018-01-31,5.1800,3.1457,3.9140,0.8037,48.5783
2018-02-01,5.2700,3.0911,3.9066,0.7913,48.8943
2018-02-02,5.2400,3.1080,3.9092,0.7950,48.7828
2018-02-05,5.4000,3.0159,3.9167,0.7700,49.3960
2018-02-06,5.2100,3.1284,3.8825,0.8058,48.5040
2018-02-07,5.1400,3.1667,3.8700,0.8183,48.2810
2018-02-08,4.9800,3.2721,3.8801,0.8433,47.9836
2018-02-09,4.7400,3.4379,3.8800,0.8861,46.7199
2018-02-12,4.7500,3.4255,3.8750,0.8840,46.8314
2018-02-13,4.7900,3.3969,3.8700,0.8778,47.0916
2018-02-14,4.8100,3.3848,3.8702,0.8746,47.2403
2018-02-22,4.8900,3.3333,3.8752,0.8602,47.6306
2018-02-23,5.0200,3.2423,3.8702,0.8378,48.0208
2018-02-26,5.0100,3.2497,3.8452,0.8451,47.9279
2018-02-27,4.9100,3.3178,3.8201,0.8685,47.4819
2018-02-28,4.8500,3.3569,3.8202,0.8787,47.0359
2018-03-01,4.8600,3.3529,3.8201,0.8777,47.1288
2018-03-02,4.8200,3.3808,3.8352,0.8815,46.9244
2018-03-05,4.8200,3.3808,3.8453,0.8792,47.0173
2018-03-06,4.8600,3.3529,3.8253,0.8765,47.2031
2018-03-07,4.8300,3.3688,3.8203,0.8818,46.9058
2018-03-08,4.8500,3.3569,3.8203,0.8787,47.0545
2018-03-09,4.8600,3.3490,3.8278,0.8749,47.2217
2018-03-12,4.8600,3.3529,3.8243,0.8767,47.1845
2018-03-13,4.8300,3.3688,3.8362,0.8782,47.0730
2018-03-14,4.7900,3.4010,3.8413,0.8854,46.7757
2018-03-15,4.7800,3.4091,3.8257,0.8911,46.5713
2018-03-16,4.7500,3.4296,3.8154,0.8989,46.2739
2018-03-19,4.7400,3.4379,3.8104,0.9022,46.1067
2018-03-20,4.7400,3.4337,3.7906,0.9058,45.9766
2018-03-21,4.7400,3.4379,3.7630,0.9136,45.5306
2018-03-22,4.7100,3.4545,3.7480,0.9217,45.2332
2018-03-23,4.5600,3.5714,3.7005,0.9651,43.6908
2018-03-26,4.5500,3.5804,3.7307,0.9597,43.9509
2018-03-27,4.5700,3.5625,3.7432,0.9517,44.2483
2018-03-28,4.5700,3.5670,3.7406,0.9536,44.1554
2018-03-29,4.6200,3.5272,3.7456,0.9417,44.6200
2018-03-30,4.5700,3.5670,3.7407,0.9536,44.1739
2018-04-02,4.5500,3.5804,3.7357,0.9584,43.9881
2018-04-03,4.5200,3.6030,3.7507,0.9606,43.8766
2018-04-04,4.5300,3.5985,3.7234,0.9665,43.5793
2018-04-09,4.5100,3.6076,3.6959,0.9761,43.1890
2018-04-10,4.5900,3.5448,3.7159,0.9540,44.1368
2018-04-11,4.6200,3.5272,3.7109,0.9505,44.3226
2018-04-12,4.6100,3.5316,3.7109,0.9517,44.2669
2018-04-13,4.5800,3.5581,3.7062,0.9600,43.9324
2018-04-16,4.4900,3.6306,3.6561,0.9930,42.7987
2018-04-17,4.4800,3.6352,3.6512,0.9956,42.6686
2018-04-18,4.5200,3.6030,3.5013,1.0290,41.1448
2018-04-19,4.5300,3.5939,3.5064,1.0250,41.3678
2018-04-20,4.4500,3.6585,3.5215,1.0389,40.8103
2018-04-23,4.4400,3.6680,3.6019,1.0184,41.6280
2018-04-24,4.5000,3.6168,3.5855,1.0087,42.1669
2018-04-25,4.4300,3.6774,3.6118,1.0182,41.6651
2018-04-26,4.3900,3.7109,3.6344,1.0210,41.5536
2018-04-27,4.4100,3.6917,3.6364,1.0152,41.8510
2018-05-02,4.4200,3.6822,3.6665,1.0043,42.2784
2018-05-03,4.4500,3.6585,3.6467,1.0032,42.2970
2018-05-04,4.4600,3.6492,3.6319,1.0048,42.2598
2018-05-07,4.4800,3.6352,3.6518,0.9955,42.7058
2018-05-08,4.5300,3.5985,3.6922,0.9746,43.2819
2018-05-09,4.5400,3.5894,3.7074,0.9682,43.5235
2018-05-10,4.5400,3.5894,3.6924,0.9721,43.3563
2018-05-11,4.5300,3.5939,3.6882,0.9744,43.3191
2018-05-14,4.5400,3.5849,3.6937,0.9705,43.3934
2018-05-15,4.5300,3.5985,3.7151,0.9686,43.4492
2018-05-16,4.4700,3.6398,3.7076,0.9817,43.0403
2018-05-17,4.4700,3.6398,3.7120,0.9805,43.0961
2018-05-18,4.5300,3.5985,3.7099,0.9700,43.4120
2018-05-21,4.5400,3.5894,3.6939,0.9717,43.3748
2018-05-22,4.5000,3.6168,3.6700,0.9855,43.0032
2018-05-23,4.4500,3.6585,3.6400,1.0051,42.2412
2018-05-24,4.4600,3.6492,3.6501,0.9998,42.4828
2018-05-25,4.4500,3.6632,3.6126,1.0140,41.9253
2018-05-28,4.4600,3.6492,3.6101,1.0108,42.0740
2018-05-29,4.4400,3.6680,3.6001,1.0189,41.6094
2018-05-30,4.3500,3.7451,3.5976,1.0410,40.7545
2018-05-31,4.3800,3.7206,3.6129,1.0298,41.0890
2018-06-01,4.4100,3.6965,3.6202,1.0211,41.5164
2018-06-04,4.4100,3.6917,3.6532,1.0105,42.0925
2018-06-05,4.3900,3.7061,3.6602,1.0125,41.9810
2018-06-06,4.3700,3.7255,3.6602,1.0178,41.7023
2018-06-07,4.3700,3.7255,3.6702,1.0151,41.8695
2018-06-08,4.2900,3.7949,3.6453,1.0410,40.7173
2018-06-11,4.2900,3.8000,3.6502,1.0410,40.7359
2018-06-12,4.2700,3.8153,3.6853,1.0353,40.9589
2018-06-13,4.2300,3.8462,3.6627,1.0501,40.4200
2018-06-14,4.2500,3.8306,3.6227,1.0574,40.2156
2018-06-15,4.2600,3.8255,3.6028,1.0618,39.9926
2018-06-19,4.1400,3.9310,3.5603,1.1041,38.0784
2018-06-20,4.1700,3.9041,3.6054,1.0828,39.1749
2018-06-21,4.1400,3.9310,3.5753,1.0995,38.3572
2018-06-22,4.1400,3.9365,3.5604,1.1056,37.9855
2018-06-25,4.0600,4.0084,3.5803,1.1196,37.4652
2018-06-26,4.0200,4.0483,3.5804,1.1307,36.8519
2018-06-27,3.9400,4.1364,3.5529,1.1642,35.2537
2018-06-28,3.9600,4.1126,3.5304,1.1649,35.2165
2018-06-29,4.0000,4.0714,3.4756,1.1714,34.6404
2018-07-02,3.8900,4.1850,3.4668,1.2072,32.4475
2018-07-03,3.9300,4.1485,3.4955,1.1868,33.6369
2018-07-04,3.8900,4.1912,3.5107,1.1938,33.1723
2018-07-05,3.8900,4.2411,3.5005,1.2116,32.1316
2018-07-06,3.9700,4.1594,3.5259,1.1797,34.1572
2018-07-09,4.0700,4.0598,3.5432,1.1458,36.1643
2018-07-10,4.0400,4.0878,3.5431,1.1537,35.7369
2018-07-11,3.9800,4.1521,3.5107,1.1827,33.8970
2018-07-12,4.0500,4.0808,3.5158,1.1607,35.5138
2018-07-13,4.0400,4.0878,3.4858,1.1727,34.5661
2018-07-16,4.0000,4.1304,3.4808,1.1866,33.6740
2018-07-17,4.0000,4.1233,3.4808,1.1846,33.7484
2018-07-18,4.0000,4.1304,3.4708,1.1900,33.4139
2018-07-19,4.0000,4.1233,3.4409,1.1983,32.9307
2018-07-20,4.1300,3.9983,3.5135,1.1380,36.6660
2018-07-23,4.1700,3.9583,3.5186,1.1250,37.1492
2018-07-24,4.1800,3.9517,3.5615,1.1096,37.8740
2018-07-25,4.1600,3.9649,3.5614,1.1133,37.6882
2018-07-26,4.1400,3.9849,3.5361,1.1269,37.0563
2018-07-27,4.1500,3.9782,3.5212,1.1298,36.9634
2018-07-30,4.2100,3.9256,3.5213,1.1148,37.6696
2018-07-31,4.2300,3.9062,3.4812,1.1221,37.3351
2018-08-01,4.1400,3.9916,3.4638,1.1524,35.8484
2018-08-02,4.0500,4.0738,3.4713,1.1736,34.5103
2018-08-03,4.0500,4.0808,3.4567,1.1805,34.0829
2018-08-06,4.0600,4.0668,3.4568,1.1765,34.3988
2018-08-07,4.1500,3.9782,3.4876,1.1407,36.5731
2018-08-08,4.1100,4.0186,3.5222,1.1409,36.5545
2018-08-09,4.1500,3.9782,3.5476,1.1214,37.3722
2018-08-10,4.1400,3.9849,3.5525,1.1217,37.3537
2018-08-13,4.0900,4.0323,3.5826,1.1255,37.1306
2018-08-14,4.0700,4.0529,3.5519,1.1411,36.5360
2018-08-15,4.0200,4.1090,3.5829,1.1468,36.1457
2018-08-16,4.0500,4.0808,3.6141,1.1291,36.9820
2018-08-17,4.0300,4.0948,3.6524,1.1211,37.4094
2018-08-20,4.0700,4.0529,3.6326,1.1157,37.5952
2018-08-21,4.0900,4.0323,3.6300,1.1108,37.7997
2018-08-22,4.0700,4.0529,3.6075,1.1235,37.2236
2018-08-23,4.0700,4.0529,3.6101,1.1227,37.2607
2018-08-24,4.1400,3.9849,3.6278,1.0984,38.4315
2018-08-27,4.1900,3.9386,3.6303,1.0849,39.0634
2018-08-28,4.1600,3.9716,3.6101,1.1001,38.3014
2018-08-29,4.1400,3.9849,3.6101,1.1038,38.0970
2018-08-30,4.0900,4.0323,3.5801,1.1263,37.0935
2018-08-31,4.1500,3.9782,3.5751,1.1128,37.7439
2018-09-03,4.1600,3.9716,3.5951,1.1047,38.0227
2018-09-04,4.2300,3.9062,3.6101,1.0820,39.2120
2018-09-05,4.1700,3.9583,3.6101,1.0965,38.5523
2018-09-06,4.1700,3.9583,3.6101,1.0965,38.5523
2018-09-07,4.1600,3.9649,3.6301,1.0922,38.7660
2018-09-10,4.1500,3.9782,3.6551,1.0884,38.8775
2018-09-11,4.1000,4.0254,3.6751,1.0953,38.5802
2018-09-12,4.1600,3.9716,3.6551,1.0866,39.0262
2018-09-13,4.1700,3.9583,3.6526,1.0837,39.1377
2018-09-14,4.1600,3.9716,3.6351,1.0926,38.7474
2018-09-17,4.1400,3.9916,3.6327,1.0988,38.3944
2018-09-18,4.1900,3.9386,3.6452,1.0805,39.2492
2018-09-19,4.1900,3.9386,3.6727,1.0724,39.6395
2018-09-20,4.2100,3.9256,3.7003,1.0609,40.0669
2018-09-21,4.3400,3.8000,3.6752,1.0340,40.9961
2018-09-25,4.3000,3.8430,3.6754,1.0456,40.5873
2018-09-26,4.3400,3.8061,3.6503,1.0427,40.6802
2018-09-27,4.3600,3.7879,3.6253,1.0449,40.6244
2018-09-28,4.4100,3.7461,3.6153,1.0362,40.9032
2018-10-08,4.2500,3.8871,3.6155,1.0751,39.4908
2018-10-09,4.2500,3.8871,3.6156,1.0751,39.5094
2018-10-10,4.3000,3.8430,3.6156,1.0629,39.9554
2018-10-11,4.1400,3.9849,3.5806,1.1129,37.7253
2018-10-12,4.1900,3.9386,3.5831,1.0992,38.3758
2018-10-15,4.1800,3.9517,3.5857,1.1021,38.1713
2018-10-16,4.2100,3.9256,3.5757,1.0979,38.4873
2018-10-17,4.2700,3.8618,3.5807,1.0785,39.3421
2018-10-18,4.2100,3.9191,3.5508,1.1037,38.1156
2018-10-19,4.3000,3.8430,3.5658,1.0777,39.3793
2018-10-22,4.4100,3.7461,3.5910,1.0432,40.6616
2018-10-23,4.3000,3.8430,3.5709,1.0762,39.4165
2018-10-24,4.3700,3.7818,3.5409,1.0680,39.7510
2018-10-25,4.4100,3.7461,3.5409,1.0580,40.1970
2018-10-26,4.3700,3.7818,3.5410,1.0680,39.7696
2018-10-29,4.3700,3.7758,3.5111,1.0754,39.4722
2018-10-30,4.4400,3.7167,3.5161,1.0571,40.2342
2018-10-31,4.4400,3.7167,3.5086,1.0593,40.1598
2018-11-01,4.3700,3.7758,3.4936,1.0808,39.2306
2018-11-02,4.4400,3.7167,3.5461,1.0481,40.4757
2018-11-05,4.4100,3.7402,3.5312,1.0592,40.1784
2018-11-06,4.3500,3.7939,3.5113,1.0805,39.2678
2018-11-07,4.3400,3.8061,3.4813,1.0933,38.6731
2018-11-08,4.3600,3.7879,3.4813,1.0881,38.9147
2018-11-09,4.3000,3.8430,3.4763,1.1055,38.0041
2018-11-12,4.3100,3.8306,3.4865,1.0987,38.4129
2018-11-13,4.3200,3.8245,3.4740,1.1009,38.2457
2018-11-14,4.2700,3.8681,3.4218,1.1304,36.8891
2018-11-15,4.2900,3.8493,3.3915,1.1350,36.7590
2018-11-16,4.2800,3.8555,3.3515,1.1504,35.9413
2018-11-19,4.3300,3.8122,3.3772,1.1288,37.0006
2018-11-20,4.2800,3.8555,3.3771,1.1417,36.4988
2018-11-21,4.2800,3.8555,3.3716,1.1435,36.4059
2018-11-22,4.2700,3.8681,3.3917,1.1405,36.5917
2018-11-23,4.2100,3.9191,3.3917,1.1555,35.6811
2018-11-26,4.2100,3.9191,3.4151,1.1476,36.1271
2018-11-27,4.2000,3.9321,3.4000,1.1565,35.6625
2018-11-28,4.2100,3.9191,3.3700,1.1629,35.2908
2018-11-29,4.2000,3.9321,3.3600,1.1703,34.7891
2018-11-30,4.2400,3.8934,3.3550,1.1605,35.5324
2018-12-03,4.2900,3.8493,3.3500,1.1490,36.0342
2018-12-04,4.3000,3.8368,3.3050,1.1609,35.4953
2018-12-05,4.2600,3.8744,3.2750,1.1830,33.8785
2018-12-06,4.2200,3.9127,3.2751,1.1947,33.1351
2018-12-07,4.2200,3.9127,3.2853,1.1910,33.3395
2018-12-10,4.1800,3.9452,3.2678,1.2073,32.4103
2018-12-11,4.1700,3.9583,3.2652,1.2123,32.0758
2018-12-12,4.1600,3.9649,3.2703,1.2124,32.0572
2018-12-13,4.1700,3.9583,3.3311,1.1883,33.5254
2018-12-14,4.1400,3.9916,3.3468,1.1927,33.2466
2018-12-17,4.1200,4.0118,3.3713,1.1900,33.4324
2018-12-18,4.0700,4.0598,3.3714,1.2042,32.6148
2018-12-19,4.0500,4.0808,3.3412,1.2214,31.6298
2018-12-20,4.0000,4.1233,3.3003,1.2494,30.7192
2018-12-21,3.9800,4.1521,3.3168,1.2518,30.6263
2018-12-24,3.9600,4.1667,3.3483,1.2444,30.8865
2018-12-25,3.9500,4.1813,3.3113,1.2627,30.1803
2018-12-26,3.9300,4.2035,3.3011,1.2734,29.8086
2018-12-27,3.9300,4.2035,3.2709,1.2851,29.4369
2018-12-28,3.9800,4.1449,3.2315,1.2827,29.5298
2019-01-02,3.9300,1.3274,3.1734,0.4183,62.4605
2019-01-03,3.9400,1.3228,3.1410,0.4211,62.3118
2019-01-04,4.0200,1.2976,3.1513,0.4118,62.8322
2019-01-07,4.0000,1.3021,3.1507,0.4133,62.7393
2019-01-08,4.0000,1.3043,3.1211,0.4179,62.4977
2019-01-09,4.0000,1.3021,3.1106,0.4186,62.4233
2019-01-10,3.9900,1.3066,3.1006,0.4214,62.2747
2019-01-11,4.0100,1.2998,3.1058,0.4185,62.4419
2019-01-14,3.9800,1.3089,3.1297,0.4182,62.4791
2019-01-15,4.0200,1.2953,3.1383,0.4127,62.8136
2019-01-16,4.0200,1.2953,3.0745,0.4213,62.2933
2019-01-17,4.0000,1.3021,3.0760,0.4233,62.1260
2019-01-18,4.0500,1.2864,3.0910,0.4162,62.5163
2019-01-21,4.0500,1.2887,3.1037,0.4152,62.6278
2019-01-22,4.0400,1.2909,3.1071,0.4155,62.6092
2019-01-23,4.0500,1.2887,3.1190,0.4132,62.7579
2019-01-24,4.0500,1.2864,3.1338,0.4105,62.9251
2019-01-25,4.1000,1.2712,3.1398,0.4049,63.4083
2019-01-28,4.0900,1.2755,3.1397,0.4062,63.2968
2019-01-29,4.1200,1.2648,3.1246,0.4048,63.4455
2019-01-30,4.1100,1.2690,3.1151,0.4074,63.0924
2019-01-31,4.1400,1.2605,3.1037,0.4061,63.3154
2019-02-01,4.1300,1.2626,3.1032,0.4069,63.2039
2019-02-11,4.1300,1.2626,3.0670,0.4117,62.8508
2019-02-12,4.1300,1.2626,3.0748,0.4106,62.9065
2019-02-13,4.2000,1.2417,3.0719,0.4042,63.4640
2019-02-14,4.1900,1.2438,3.0726,0.4048,63.4269
2019-02-15,4.1400,1.2605,3.0794,0.4093,62.9994
2019-02-18,4.2000,1.2417,3.1094,0.3993,63.7428
2019-02-19,4.1900,1.2438,3.1279,0.3976,64.0401
2019-02-20,4.1900,1.2438,3.1196,0.3987,63.8357
2019-02-21,4.1700,1.2500,3.1361,0.3986,63.8915
2019-02-22,4.2200,1.2356,3.1451,0.3929,64.6348
2019-02-25,4.5000,1.1574,3.1787,0.3641,69.6896
2019-02-26,4.4900,1.1610,3.1878,0.3642,69.6525
2019-02-27,4.5600,1.1433,3.1689,0.3608,70.0427
2019-02-28,4.5400,1.1485,3.1731,0.3619,69.9870
2019-03-01,4.6500,1.1211,3.1870,0.3518,71.0834
2019-03-04,4.6900,1.1128,3.2023,0.3475,71.4737
2019-03-05,4.6900,1.1111,3.2149,0.3456,71.7339
2019-03-06,4.6900,1.1111,3.2021,0.3470,71.5295
2019-03-07,4.6200,1.1278,3.1572,0.3572,70.5073
2019-03-08,4.4500,1.1719,3.1423,0.3729,67.8684
2019-03-11,4.4700,1.1664,3.1374,0.3718,68.0171
2019-03-12,4.4800,1.1628,3.1424,0.3700,68.4817
2019-03-13,4.4800,1.1646,3.1375,0.3712,68.1472
2019-03-14,4.4800,1.1646,3.1475,0.3700,68.5003
2019-03-15,4.4800,1.1628,3.1376,0.3706,68.2401
2019-03-18,4.5500,1.1468,3.1377,0.3655,69.4295
2019-03-19,4.5200,1.1538,3.1377,0.3677,69.0206
2019-03-20,4.5000,1.1574,3.1453,0.3680,68.9649
2019-03-21,4.4800,1.1628,3.1291,0.3716,68.0357
2019-03-22,4.4600,1.1682,3.1080,0.3759,67.2366
2019-03-25,4.3700,1.1924,3.0831,0.3868,65.4154
2019-03-26,4.3500,1.1981,3.0633,0.3911,64.9322
2019-03-27,4.3400,1.2000,3.0882,0.3886,65.1738
2019-03-28,4.3100,1.2097,3.0634,0.3949,64.3561
2019-03-29,4.4100,1.1830,3.0683,0.3856,65.5454
2019-04-01,4.4900,1.1610,3.1332,0.3705,68.2959
2019-04-02,4.4800,1.1628,3.1681,0.3670,69.1693
2019-04-03,4.5200,1.1538,3.2331,0.3569,70.5631
2019-04-04,4.5600,1.1433,3.2679,0.3499,71.2321
2019-04-08,4.5900,1.1346,3.2482,0.3493,71.3064
2019-04-09,4.5600,1.1433,3.2882,0.3477,71.4365
2019-04-10,4.5400,1.1485,3.2932,0.3487,71.3808
2019-04-11,4.5100,1.1556,3.2784,0.3525,71.0277
2019-04-12,4.5300,1.1521,3.3334,0.3456,71.7153
2019-04-15,4.5200,1.1538,3.3736,0.3420,72.1799
2019-04-16,4.6500,1.1211,3.3937,0.3303,73.6666
2019-04-17,4.6200,1.1295,3.3938,0.3328,73.3321
2019-04-18,4.5900,1.1346,3.3589,0.3378,72.7932
2019-04-19,4.6100,1.1312,3.3741,0.3353,73.0905
2019-04-22,4.5200,1.1538,3.4091,0.3384,72.6817
2019-04-23,4.5000,1.1592,3.3993,0.3410,72.3286
2019-04-24,4.4800,1.1646,3.4343,0.3391,72.5144
2019-04-25,4.4300,1.1755,3.4193,0.3438,71.8640
2019-04-26,4.3700,1.1943,3.4043,0.3508,71.1392
2019-04-29,4.4300,1.1755,3.4268,0.3430,71.9755
2019-04-30,4.4500,1.1719,3.3869,0.3460,71.6595
2019-05-06,4.3300,1.2039,3.3550,0.3588,70.2843
2019-05-07,4.3400,1.2019,3.3551,0.3582,70.3401
2019-05-08,4.3000,1.2116,3.3426,0.3625,69.8755
2019-05-09,4.2500,1.2255,3.3116,0.3701,68.4631
2019-05-10,4.3000,1.2116,3.3017,0.3670,69.1879
2019-05-13,4.2700,1.2215,3.2709,0.3734,67.7198
2019-05-14,4.2500,1.2275,3.2859,0.3736,67.7012
2019-05-15,4.2700,1.2195,3.2762,0.3722,67.9242
2019-05-16,4.2700,1.2215,3.2662,0.3740,67.5897
2019-05-17,4.2300,1.2336,3.2665,0.3777,66.9578
2019-05-20,4.2500,1.2275,3.2717,0.3752,67.3295
2019-05-21,4.2500,1.2255,3.2990,0.3715,68.0543
2019-05-22,4.2500,1.2275,3.3264,0.3690,68.7047
2019-05-23,4.2300,1.2336,3.3100,0.3727,67.8870
2019-05-24,4.2400,1.2295,3.3125,0.3712,68.1658
2019-05-27,4.2700,1.2215,3.3500,0.3646,69.5781
2019-05-28,4.3000,1.2136,3.3100,0.3666,69.2436
2019-05-29,4.2600,1.2235,3.2875,0.3722,67.9428
2019-05-30,4.2600,1.2235,3.2750,0.3736,67.6640
2019-05-31,4.2500,1.2275,3.2751,0.3748,67.4038
2019-06-03,4.2900,1.2156,3.2401,0.3752,67.3481
2019-06-04,4.3000,1.2136,3.2101,0.3781,66.8835
2019-06-05,4.3000,1.2116,3.2100,0.3774,66.9950
2019-06-06,4.3100,1.2097,3.2136,0.3764,67.1622
2019-06-10,4.3300,1.2039,3.2251,0.3733,67.7755
2019-06-11,4.3700,1.1943,3.2651,0.3658,69.3737
2019-06-12,4.3600,1.1962,3.2601,0.3669,69.2065
2019-06-13,4.3700,1.1943,3.2451,0.3680,68.9277
2019-06-14,4.3700,1.1924,3.2302,0.3691,68.6675
2019-06-17,4.3700,1.1943,3.2252,0.3703,68.3888
2019-06-18,4.3900,1.1886,3.2302,0.3680,68.9835
2019-06-19,4.4100,1.1830,3.2427,0.3648,69.5596
2019-06-20,4.4500,1.1719,3.2352,0.3622,69.9312
2019-06-21,4.4400,1.1737,3.2303,0.3633,69.7454
2019-06-24,4.4600,1.1700,3.2453,0.3605,70.0985
2019-06-25,4.4100,1.1830,3.2353,0.3657,69.3923
2019-06-26,4.4100,1.1830,3.2453,0.3645,69.5967
2019-06-27,4.4200,1.1792,3.2553,0.3622,69.9127
2019-06-28,4.4100,1.1811,3.2254,0.3662,69.3180
2019-07-01,4.4600,1.1682,3.2254,0.3622,69.9498
2019-07-02,4.4800,1.1646,3.1704,0.3673,69.1321
2019-07-03,4.4900,1.1610,3.1554,0.3679,69.0020
2019-07-04,4.4800,1.1646,3.1479,0.3700,68.5189
2019-07-05,4.4700,1.2315,3.1705,0.3884,65.2481
2019-07-08,4.4000,1.2500,3.1805,0.3930,64.5977
2019-07-09,4.3900,1.2542,3.1680,0.3959,64.2631
2019-07-10,4.3900,1.2542,3.1706,0.3956,64.3189
2019-07-11,4.4000,1.2521,3.1680,0.3952,64.3375
2019-07-12,4.4300,1.2438,3.1531,0.3945,64.4118
2019-07-15,4.4100,1.2479,3.1782,0.3926,64.6720
2019-07-16,4.4000,1.2500,3.1732,0.3939,64.5233
2019-07-17,4.3700,1.2584,3.1757,0.3963,64.2260
2019-07-18,4.3700,1.2584,3.1608,0.3981,63.9844
2019-07-19,4.4000,1.2500,3.1559,0.3961,64.2446
2019-07-22,4.3800,1.2563,3.1484,0.3990,63.7986
2019-07-23,4.3900,1.2542,3.1484,0.3984,63.9472
2019-07-24,4.4000,1.2500,3.1710,0.3942,64.4676
2019-07-25,4.4400,1.2397,3.1635,0.3919,64.8021
2019-07-26,4.4300,1.2417,3.1661,0.3922,64.7277
2019-07-29,4.4300,1.2417,3.1836,0.3900,65.0623
2019-07-30,4.4500,1.2356,3.1761,0.3890,65.1552
2019-07-31,4.4500,1.2356,3.1552,0.3916,64.8764
2019-08-01,4.4200,1.2458,3.1487,0.3957,64.2817
2019-08-02,4.3700,1.2584,3.0914,0.4071,63.1481
2019-08-05,4.2900,1.2821,3.0563,0.4195,62.4048
2019-08-06,4.2300,1.2998,3.0613,0.4246,62.0517
2019-08-07,4.2100,1.3066,3.0514,0.4282,61.7915
2019-08-08,4.2300,1.2998,3.0465,0.4267,61.8658
2019-08-09,4.2400,1.2976,3.0216,0.4294,61.6614
2019-08-12,4.2800,1.2864,3.0391,0.4233,62.1446
2019-08-13,4.2600,1.2931,3.0041,0.4304,61.5313
2019-08-14,4.2500,1.2953,3.0105,0.4303,61.5499
2019-08-15,4.2500,1.2953,3.0115,0.4301,61.6056
2019-08-16,4.2300,1.2998,3.0217,0.4302,61.5685
2019-08-19,4.2800,1.2864,3.0191,0.4261,61.9216
2019-08-20,4.2700,1.2887,3.0317,0.4251,61.9959
2019-08-21,4.2700,1.2887,3.0567,0.4216,62.2375
2019-08-22,4.2600,1.2909,3.0543,0.4227,62.1632
2019-08-23,4.2800,1.2864,3.0644,0.4198,62.3676
2019-08-26,4.2400,1.2976,3.0494,0.4255,61.9402
2019-08-27,4.2700,1.2887,3.0520,0.4222,62.1818
2019-08-28,4.2800,1.2864,3.0520,0.4215,62.2561
2019-08-29,4.2800,1.2864,3.0321,0.4243,62.0702
2019-08-30,4.2600,1.2909,3.0573,0.4222,62.2003
2019-09-02,4.3200,1.2755,3.0723,0.4152,62.6463
2019-09-03,4.3300,1.2712,3.0624,0.4151,62.6649
2019-09-04,4.4100,1.2479,3.0473,0.4095,62.9623
2019-09-05,4.4500,1.2376,3.0173,0.4102,62.9437
2019-09-06,4.4600,1.2336,3.0173,0.4088,63.0366
2019-09-09,4.4700,1.2315,3.0250,0.4071,63.1295
2019-09-10,4.4800,1.2295,3.0425,0.4041,63.4826
2019-09-11,4.5100,1.2195,3.0525,0.3995,63.6870
2019-09-12,4.5300,1.2156,3.0876,0.3937,64.5419
2019-09-16,4.5000,1.2235,3.0926,0.3956,64.3003
2019-09-17,4.4500,1.2376,3.1076,0.3982,63.9658
2019-09-18,4.4400,1.2397,3.1278,0.3963,64.1888
2019-09-19,4.4600,1.2336,3.1053,0.3973,64.0959
2019-09-20,4.4700,1.2315,3.0980,0.3975,64.0587
2019-09-23,4.4400,1.2397,3.1005,0.3998,63.6499
2019-09-24,4.4300,1.2417,3.1205,0.3979,64.0216
2019-09-25,4.4300,1.2438,3.1157,0.3992,63.7800
2019-09-26,4.4500,1.2376,3.1381,0.3944,64.4490
2019-09-27,4.4300,1.2417,3.1482,0.3944,64.4304
2019-09-30,4.4200,1.2458,3.1411,0.3966,64.1516
2019-10-08,4.4600,1.2336,3.1063,0.3971,64.1145
2019-10-09,4.5100,1.2215,3.1089,0.3929,64.6162
2019-10-10,4.4800,1.2275,3.1289,0.3923,64.7092
2019-10-11,4.5300,1.2156,3.1564,0.3851,65.6198
2019-10-14,4.6000,1.1962,3.1641,0.3781,66.9021
2019-10-15,4.5900,1.1981,3.1668,0.3783,66.8463
2019-10-16,4.5700,1.2039,3.1693,0.3799,66.5676
2019-10-17,4.5600,1.2058,3.1569,0.3820,66.2516
2019-10-18,4.4700,1.2315,3.1870,0.3864,65.4711
2019-10-21,4.5100,1.2195,3.2196,0.3788,66.7348
2019-10-22,4.5200,1.2175,3.2196,0.3782,66.8649
2019-10-23,4.5100,1.2215,3.2122,0.3803,66.4746
2019-10-24,4.5400,1.2116,3.2196,0.3763,67.1808
2019-10-25,4.5400,1.2116,3.2372,0.3743,67.4967
2019-10-28,4.5400,1.2136,3.2924,0.3686,68.7976
2019-10-29,4.5200,1.2175,3.3029,0.3686,68.7790
2019-10-30,4.5200,1.2175,3.3125,0.3675,69.0950
2019-10-31,4.5100,1.2195,3.2880,0.3709,68.2215
2019-11-01,4.5400,1.2136,3.2757,0.3705,68.3330
2019-11-04,4.5400,1.2116,3.2954,0.3677,69.0392
2019-11-05,4.5900,1.1981,3.2454,0.3692,68.6490
2019-11-06,4.5900,1.1981,3.2555,0.3680,68.9463
2019-11-07,4.5900,1.1981,3.2736,0.3660,69.3551
2019-11-08,4.5500,1.2097,3.2765,0.3692,68.6304
2019-11-11,4.5000,1.2235,3.2463,0.3769,67.1065
2019-11-12,4.5100,1.2195,3.2550,0.3747,67.4410
2019-11-13,4.4900,1.2255,3.2370,0.3786,66.7720
2019-11-14,4.4800,1.2295,3.2555,0.3777,66.9392
2019-11-15,4.4800,1.2295,3.2355,0.3800,66.5118
2019-11-18,4.5100,1.2215,3.1993,0.3818,66.2888
2019-11-19,4.5000,1.2235,3.1743,0.3854,65.5826
2019-11-20,4.4600,1.2336,3.1747,0.3886,65.2016
2019-11-21,4.4600,1.2336,3.1749,0.3885,65.2295
2019-11-22,4.4600,1.2336,3.1747,0.3886,65.2016
2019-11-25,4.5400,1.2136,3.1875,0.3807,66.4003
2019-11-26,4.5400,1.2116,3.1675,0.3825,66.1215
2019-11-27,4.5100,1.2195,3.1700,0.3847,65.7127
2019-11-28,4.5200,1.2175,3.1650,0.3847,65.7313
2019-11-29,4.5300,1.2156,3.1650,0.3841,65.8056
2019-12-02,4.5300,1.2156,3.2062,0.3791,66.6605
2019-12-03,4.5400,1.2136,3.1746,0.3823,66.1773
2019-12-04,4.5200,1.2175,3.1751,0.3835,65.9357
2019-12-05,4.5400,1.2136,3.1776,0.3819,66.2702
2019-12-06,4.5400,1.2116,3.1751,0.3816,66.3074
2019-12-09,4.5600,1.2077,3.1903,0.3786,66.7906
2019-12-10,4.5400,1.2116,3.1776,0.3813,66.3445
2019-12-11,4.5500,1.2097,3.1702,0.3816,66.3260
2019-12-12,4.5400,1.2116,3.1652,0.3828,66.0844
2019-12-13,4.6000,1.1962,3.1828,0.3758,67.2552
2019-12-16,4.5900,1.2000,3.1854,0.3767,67.1437
2019-12-17,4.6400,1.1867,3.2133,0.3693,68.5932
2019-12-18,4.6200,1.1924,3.2139,0.3710,68.1844
2019-12-19,4.6200,1.1905,3.2139,0.3704,68.3516
2019-12-20,4.6200,1.1905,3.1808,0.3743,67.4782
2019-12-23,4.5900,1.2000,3.1661,0.3790,66.6791
2019-12-24,4.5900,1.1981,3.1535,0.3799,66.5304
2019-12-25,4.5700,1.2039,3.1463,0.3826,66.1030
2019-12-26,4.5900,1.2000,3.1137,0.3854,65.6012
2019-12-27,4.6000,1.1962,3.1292,0.3823,66.1959
2019-12-30,4.6300,1.1886,3.1322,0.3795,66.6419
2019-12-31,4.6300,1.1886,3.1365,0.3790,66.7162
2020-01-02,4.6700,5.4245,3.1485,1.7229,25.7759
2020-01-03,4.6500,5.4416,3.1428,1.7314,25.7387
2020-01-06,4.6200,5.4762,3.1352,1.7467,25.6086
2020-01-07,4.6500,5.4502,3.1379,1.7369,25.7201
2020-01-08,4.6200,5.4849,3.1337,1.7503,25.5900
2020-01-09,4.6300,5.4675,3.1184,1.7533,25.5715
2020-01-10,4.6500,5.4502,3.0819,1.7685,25.4971
2020-01-13,4.6600,5.4331,3.0840,1.7617,25.5343
2020-01-14,4.6800,5.4075,3.0994,1.7447,25.6644
2020-01-15,4.6400,5.4589,3.0897,1.7668,25.5157
2020-01-16,4.6200,5.4762,3.0918,1.7712,25.4414
2020-01-17,4.6200,5.4849,3.0832,1.7790,25.4042
2020-01-20,4.6400,5.4589,3.0776,1.7738,25.4228
2020-01-21,4.5900,5.5200,3.0337,1.8196,25.1440
2020-01-22,4.5900,5.5112,3.0282,1.8200,25.1254
2020-01-23,4.4600,5.6743,2.9932,1.8957,24.6980
2020-02-03,4.1800,6.0633,2.8231,2.1477,15.1831
2020-02-04,4.2800,5.9177,2.8551,2.0727,19.2343
2020-02-05,4.2900,5.9075,2.8440,2.0772,18.9556
2020-02-06,4.3400,5.8376,2.8392,2.0561,19.8662
2020-02-07,4.3200,5.8574,2.8024,2.0901,18.1565
2020-02-10,4.3000,5.8874,2.7872,2.1123,17.0600
2020-02-11,4.3300,5.8475,2.8340,2.0633,19.6060
2020-02-12,4.3300,5.8475,2.8333,2.0638,19.5874
2020-02-13,4.3000,5.8874,2.8201,2.0877,18.3609
2020-02-14,4.3200,5.8574,2.8631,2.0458,20.2936
2020-02-17,4.3700,5.7886,2.8928,2.0010,22.8025
2020-02-18,4.3300,5.8475,2.8664,2.0400,20.7582
2020-02-19,4.3200,5.8574,2.8776,2.0355,20.9998
2020-02-20,4.3600,5.8081,2.8857,2.0127,22.1334
2020-02-21,4.3400,5.8376,2.8470,2.0504,20.1078
2020-02-24,4.3000,5.8874,2.8120,2.0937,17.9521
2020-02-25,4.2600,5.9380,2.8220,2.1042,17.4875
2020-02-26,4.2900,5.9075,2.7973,2.1119,17.0972
2020-02-27,4.2900,5.8974,2.7702,2.1289,16.1680
2020-02-28,4.2000,6.0315,2.7376,2.2032,12.8786
2020-03-02,4.2600,5.9380,2.7428,2.1649,14.2910
2020-03-03,4.2900,5.9075,2.7478,2.1499,15.0530
2020-03-04,4.3000,5.8874,2.6730,2.2025,12.8972
2020-03-05,4.3700,5.7983,2.6829,2.1612,14.5326
2020-03-06,4.3300,5.8475,2.6280,2.2251,12.2840
2020-03-09,4.2500,5.9585,2.5205,2.3640,8.7159
2020-03-10,4.2900,5.9075,2.6130,2.2608,11.3548
2020-03-11,4.2600,5.9380,2.6079,2.2769,10.6857
2020-03-12,4.2600,5.9483,2.6379,2.2549,11.5220
2020-03-13,4.2400,5.9689,2.6759,2.2306,12.0424
2020-03-16,4.1700,6.0739,2.6758,2.2699,10.9273
2020-03-17,4.1800,6.0526,2.7135,2.2306,12.0610
2020-03-18,4.1100,6.1607,2.7136,2.2703,10.9088
2020-03-19,4.0200,6.2956,2.7299,2.3062,10.0353
2020-03-20,4.1100,6.1607,2.6815,2.2975,10.2397
2020-03-23,4.0700,6.2274,2.6315,2.3665,8.6229
2020-03-24,4.1300,6.1279,2.6289,2.3310,9.3663
2020-03-25,4.1500,6.0954,2.6289,2.3186,9.7194
2020-03-26,4.1600,6.0847,2.5940,2.3457,9.1247
2020-03-27,4.1900,6.0420,2.6090,2.3158,9.7751
2020-03-30,4.1800,6.0526,2.6142,2.3153,9.8123
2020-03-31,4.1900,6.0420,2.5899,2.3329,9.2734
2020-04-01,4.1800,6.0633,2.5550,2.3731,8.4185
2020-04-02,4.2000,6.0315,2.5854,2.3329,9.2920
2020-04-03,4.1900,6.0420,2.5965,2.3270,9.4592
2020-04-07,4.2400,5.9689,2.5112,2.3769,8.3442
2020-04-08,4.2400,5.9689,2.4824,2.4045,7.9725
2020-04-09,4.2400,5.9689,2.5226,2.3662,8.6601
2020-04-10,4.2300,5.9792,2.5403,2.3537,8.9203
2020-04-13,4.1800,6.0526,2.5658,2.3590,8.8088
2020-04-14,4.2400,5.9689,2.5591,2.3324,9.3105
2020-04-15,4.2300,5.9896,2.5455,2.3530,8.9760
2020-04-16,4.2400,5.9689,2.5276,2.3615,8.7902
2020-04-17,4.2500,5.9585,2.5590,2.3284,9.4220
2020-04-20,4.2100,6.0209,2.5920,2.3229,9.6079
2020-04-21,4.1800,6.0526,2.5791,2.3468,9.0875
2020-04-22,4.1800,6.0526,2.5567,2.3673,8.5858
2020-04-23,4.1800,6.0633,2.5227,2.4035,7.9911
2020-04-24,4.1800,6.0526,2.5100,2.4114,7.9353
2020-04-27,4.2300,5.9896,2.5345,2.3632,8.7344
2020-04-28,4.2200,6.0000,2.5254,2.3759,8.3813
2020-04-29,4.3100,5.8773,2.5009,2.3501,9.0318
2020-04-30,4.3200,5.8574,2.5380,2.3079,9.9796
2020-05-06,4.2900,5.9075,2.5809,2.2889,10.4256
2020-05-07,4.2600,5.9483,2.6298,2.2619,11.2990
2020-05-08,4.2900,5.9075,2.6207,2.2542,11.5406
2020-05-11,4.2700,5.9278,2.6698,2.2203,12.4140
2020-05-12,4.2500,5.9585,2.6603,2.2398,11.8008
2020-05-13,4.2500,5.9585,2.7076,2.2007,12.9530
2020-05-14,4.2300,5.9792,2.6989,2.2154,12.5441
2020-05-15,4.2300,5.9896,2.6820,2.2333,11.9309
2020-05-18,4.2400,5.9689,2.7253,2.1902,13.2689
2020-05-19,4.2600,5.9483,2.7272,2.1811,13.5477
2020-05-20,4.2600,5.9483,2.6900,2.2113,12.6371
2020-05-21,4.2300,5.9896,2.6850,2.2308,12.0238
2020-05-22,4.1700,6.0739,2.6176,2.3204,9.6450
2020-05-25,4.1800,6.0526,2.6852,2.2541,11.5592
2020-05-26,4.1800,6.0526,2.7402,2.2088,12.7486
2020-05-27,4.1900,6.0420,2.7527,2.1949,13.1574
2020-05-28,4.2300,5.9896,2.7201,2.2020,12.9344
2020-05-29,4.1800,6.0633,2.7053,2.2413,11.7264
2020-06-01,4.2300,5.9896,2.7253,2.1978,13.0831
2020-06-02,4.2400,5.9689,2.7852,2.1431,15.3689
2020-06-03,4.2300,5.9792,2.7901,2.1430,15.4061
2020-06-04,4.2100,6.0105,2.8301,2.1238,16.4096
2020-06-05,4.2300,5.9896,2.8475,2.1035,17.5060
2020-06-08,4.2200,6.0000,2.8101,2.1352,15.8892
2020-06-09,4.2400,5.9689,2.8031,2.1294,16.1122
2020-06-10,4.2100,6.0105,2.8201,2.1313,16.0565
2020-06-11,4.1800,6.0633,2.7701,2.1888,13.3432
2020-06-12,4.1700,6.0739,2.7451,2.2126,12.6185
2020-06-15,4.1200,6.1388,2.7878,2.2020,12.9158
2020-06-16,4.1500,6.1062,2.8402,2.1499,15.0344
2020-06-17,4.1500,6.1062,2.8802,2.1201,16.5768
2020-06-18,4.1400,6.1170,2.8527,2.1443,15.3503
2020-06-19,4.1600,6.0847,2.8752,2.1163,16.8184
2020-06-22,4.1600,6.0847,2.9153,2.0872,18.4352
2020-06-23,4.1500,6.1062,2.9127,2.0964,17.8406
2020-06-24,4.1600,6.0847,2.8614,2.1265,16.2981
2020-06-29,4.1500,6.0954,2.8504,2.1384,15.6848
2020-06-30,4.1600,6.0847,2.8230,2.1554,14.7928
2020-07-01,4.2200,6.0000,2.8456,2.1085,17.2644
2020-07-02,4.3000,5.8874,2.8584,2.0597,19.7175
2020-07-03,4.3600,5.8081,2.8974,2.0046,22.6538
2020-07-06,4.7300,5.3571,2.9959,1.7881,25.3670
2020-07-07,4.7800,5.2914,3.0158,1.7546,25.5529
2020-07-08,4.7800,5.2914,3.0632,1.7274,25.7573
2020-07-09,4.7300,5.3571,3.0809,1.7388,25.7015
2020-07-10,4.6000,5.5024,3.0305,1.8157,25.1626
2020-07-13,4.5600,5.8974,3.0557,1.9300,24.2706
2020-07-14,4.4800,6.0105,3.0057,1.9997,22.8396
2020-07-15,4.4100,6.1062,2.9559,2.0658,19.4759
2020-07-16,4.3800,6.1388,2.9459,2.0838,18.6025
2020-07-17,4.3700,6.1607,2.9507,2.0879,18.3423
2020-07-20,4.4500,6.0526,2.9311,2.0650,19.5131
2020-07-21,4.4100,6.0954,2.9011,2.1011,17.6175
2020-07-22,4.4000,6.1170,2.8861,2.1195,16.5954
2020-07-23,4.3800,6.1497,2.9064,2.1159,16.8370
2020-07-24,4.3100,6.2500,2.8612,2.1844,13.4176
2020-07-27,4.3100,6.2500,2.8791,2.1708,14.0308
2020-07-28,4.3100,6.2387,2.9214,2.1355,15.8335
2020-07-29,4.3600,6.1717,2.9415,2.0981,17.7662
2020-07-30,4.3200,6.2274,2.9364,2.1208,16.5583
2020-07-31,4.3200,6.2274,2.9664,2.0993,17.7290
2020-08-03,4.3400,6.2050,2.9466,2.1058,17.3574
2020-08-04,4.4100,6.1062,2.9365,2.0794,18.8255
2020-08-05,4.3600,6.1717,2.9592,2.0856,18.5282
2020-08-06,4.3700,6.1607,2.9816,2.0662,19.4573
2020-08-07,4.3400,6.2050,2.9918,2.0740,19.1414
2020-08-10,4.3700,6.1607,2.9543,2.0853,18.5467
2020-08-11,4.3500,6.1828,2.9544,2.0927,18.0264
2020-08-12,4.3800,6.1388,2.9620,2.0725,19.2529
2020-08-13,4.3600,6.1717,2.9555,2.0882,18.3051
2020-08-14,4.3900,6.1279,2.9369,2.0865,18.5096
2020-08-17,4.4600,6.0315,2.9421,2.0501,20.1264
2020-08-18,4.4300,6.0739,2.9771,2.0402,20.7396
2020-08-19,4.3900,6.1279,2.9921,2.0480,20.1821
2020-08-20,4.3600,6.1717,2.9973,2.0591,19.7733
2020-08-21,4.3700,6.1607,2.9823,2.0658,19.4945
2020-08-24,4.3500,6.1828,2.9998,2.0611,19.6618
2020-08-25,4.3400,6.2050,3.0424,2.0395,20.7768
2020-08-26,4.3100,6.2387,3.0511,2.0447,20.4051
2020-08-27,4.3100,6.2387,3.0599,2.0389,20.8326
2020-08-28,4.3600,6.1717,3.0672,2.0122,22.2078
2020-08-31,4.3300,6.2162,3.0177,2.0599,19.6989
2020-09-01,4.3400,6.2050,3.0478,2.0359,20.9812
2020-09-02,4.3100,6.2387,3.1027,2.0107,22.3007
2020-09-03,4.3100,6.2387,3.1051,2.0092,22.3936
2020-09-04,4.3100,6.2500,3.1228,2.0014,22.7467
2020-09-07,4.2700,6.2956,3.1454,2.0015,22.7281
2020-09-08,4.3000,6.2613,3.1230,2.0049,22.6166
2020-09-09,4.2700,6.2956,3.0805,2.0437,20.4423
2020-09-10,4.2700,6.3071,3.0833,2.0456,20.3308
2020-09-11,4.2600,6.3187,3.1346,2.0158,21.8918
2020-09-14,4.2500,6.3303,3.1532,2.0076,22.4494
2020-09-15,4.2500,6.3303,3.1083,2.0366,20.9255
2020-09-16,4.2700,6.3071,3.1260,2.0176,21.7432
2020-09-17,4.2400,6.3419,3.1334,2.0240,21.4644
2020-09-18,4.2900,6.2727,3.1162,2.0129,22.0591
2020-09-21,4.2500,6.3303,3.0999,2.0421,20.5910
2020-09-22,4.2300,6.3653,3.0863,2.0624,19.6246
2020-09-23,4.2200,6.3771,3.0890,2.0645,19.5317
2020-09-24,4.1900,6.4246,3.0840,2.0832,18.6211
2020-09-25,4.1400,6.4972,3.1295,2.0761,19.0113
2020-09-28,4.1600,6.4728,3.1092,2.0818,18.7326
2020-09-29,4.1300,6.5094,3.1292,2.0802,18.8069
2020-09-30,4.1300,6.5094,3.1482,2.0677,19.4202
2020-10-09,4.1300,6.5094,3.1873,2.0423,20.5538
2020-10-12,4.1900,6.4246,3.1861,2.0164,21.8547
2020-10-13,4.1600,6.4607,3.1950,2.0221,21.5759
2020-10-14,4.1600,6.4728,3.2150,2.0133,22.0405
2020-10-15,4.1700,6.4486,3.2300,1.9965,22.9511
2020-10-16,4.2000,6.4007,3.2202,1.9877,23.1555
2020-10-19,4.2100,6.3889,3.2005,1.9962,22.9883
2020-10-20,4.1700,6.4486,3.1955,2.0180,21.7060
2020-10-21,4.2100,6.3889,3.1855,2.0056,22.5794
2020-10-22,4.2100,6.3889,3.1707,2.0150,21.9104
2020-10-23,4.2300,6.3653,3.1957,1.9918,23.0998
2020-10-26,4.1900,6.4246,3.1934,2.0118,22.2449
2020-10-27,4.1500,6.4850,3.1609,2.0516,20.0149
2020-10-28,4.1300,6.5094,3.1810,2.0463,20.2565
2020-10-29,4.1200,6.5341,3.1860,2.0509,20.0520
2020-10-30,4.1200,6.5341,3.1810,2.0541,19.9591
2020-11-02,4.0000,6.7251,3.1785,2.1158,16.8556
2020-11-03,4.0200,6.6860,3.1762,2.1050,17.4503
2020-11-04,4.0200,6.6990,3.1687,2.1141,16.9671
2020-11-05,4.0300,6.6731,3.1912,2.0911,18.1193
2020-11-06,4.0300,6.6731,3.2063,2.0812,18.7697
2020-11-09,4.0700,6.6092,3.2363,2.0422,20.5724
2020-11-10,4.0700,6.6092,3.2241,2.0499,20.1450
2020-11-11,4.0800,6.5966,3.2391,2.0366,20.9441
2020-11-12,4.0300,6.6731,3.2614,2.0461,20.2750
2020-11-13,4.0000,6.7251,3.2715,2.0557,19.9219
2020-11-16,4.0200,6.6860,3.2741,2.0421,20.6096
2020-11-17,4.0300,6.6731,3.2866,2.0304,21.2042
2020-11-18,4.0600,6.6219,3.3240,1.9921,23.0626
2020-11-19,4.0600,6.6219,3.3487,1.9775,23.2856
2020-11-20,4.0500,6.6474,3.3100,2.0083,22.4122
2020-11-23,4.0800,6.5966,3.2650,2.0204,21.6503
2020-11-24,4.0600,6.6219,3.2900,2.0127,22.1148
2020-11-25,4.0600,6.6346,3.2675,2.0305,21.1857
2020-11-26,4.0800,6.5966,3.2850,2.0081,22.4308
2020-11-27,4.1700,6.4486,3.3000,1.9541,23.8246
2020-11-30,4.1300,6.5094,3.2500,2.0029,22.7095
2020-12-01,4.2200,6.3771,3.2725,1.9487,23.9175
2020-12-02,4.1900,6.4246,3.2925,1.9513,23.8617
2020-12-03,4.2000,6.4007,3.2851,1.9484,23.9361
2020-12-04,4.1800,6.4366,3.2651,1.9713,23.3971
2020-12-07,4.1200,6.5341,3.2701,1.9981,22.8768
2020-12-08,4.1500,6.4850,3.2551,1.9923,23.0440
2020-12-09,4.1800,6.4366,3.2726,1.9668,23.4901
2020-12-10,4.1300,6.5094,3.2601,1.9967,22.9325
2020-12-11,4.0500,6.6474,3.2951,2.0174,21.7618
2020-12-14,4.0700,6.6092,3.2851,2.0119,22.2264
2020-12-15,4.0400,6.6602,3.2777,2.0320,21.0927
2020-12-16,4.0500,6.6474,3.2752,2.0296,21.2786
2020-12-17,4.0700,6.6092,3.2802,2.0149,21.9290
2020-12-18,4.0600,6.6346,3.2902,2.0165,21.8361
2020-12-21,4.0300,6.6731,3.2652,2.0437,20.4237
2020-12-22,3.9900,6.7383,3.2278,2.0876,18.3981
2020-12-23,3.9900,6.7383,3.2153,2.0957,17.8777
2020-12-24,4.0100,6.7121,3.2303,2.0779,18.9370
2020-12-25,4.0400,6.6602,3.1878,2.0893,18.2122
2020-12-28,4.0200,6.6860,3.1629,2.1139,16.9857
2020-12-29,4.0200,6.6860,3.1554,2.1189,16.6140
2020-12-30,4.0300,6.6731,3.1204,2.1385,15.6476
2020-12-31,4.0600,6.6346,3.1429,2.1110,17.2087
2021-01-04,4.0600,7.1154,3.1780,2.2390,11.8379
2021-01-05,4.0300,7.1567,3.1305,2.2861,10.4813
2021-01-06,4.0500,7.1291,3.1256,2.2809,10.5928
2021-01-07,4.0600,7.1154,3.1256,2.2765,10.7043
2021-01-08,4.0600,7.1017,3.1456,2.2577,11.4477
2021-01-11,4.0200,7.1845,3.1632,2.2713,10.8344
2021-01-12,4.0500,7.1291,3.1457,2.2663,11.1689
2021-01-13,4.0500,7.1291,3.1157,2.2881,10.4442
2021-01-14,4.0500,7.1291,3.1059,2.2953,10.3141
2021-01-15,4.0900,7.0611,3.1508,2.2410,11.7450
2021-01-18,4.0800,7.0746,3.1658,2.2347,11.8937
2021-01-19,4.1100,7.0209,3.1609,2.2212,12.3955
2021-01-20,4.0700,7.0881,3.1610,2.2424,11.6707
2021-01-21,4.0600,7.1017,3.1335,2.2664,11.1503
2021-01-22,4.0100,7.1984,3.1185,2.3083,9.9610
2021-01-25,4.0000,7.2125,3.1323,2.3026,10.1096
2021-01-26,4.0000,7.2125,3.1585,2.2835,10.5557
2021-01-27,4.0100,7.1984,3.1636,2.2754,10.7415
2021-01-28,3.9900,7.2266,3.1961,2.2611,11.3362
2021-01-29,3.9900,7.2407,3.1786,2.2780,10.6486
2021-02-01,4.0100,7.1984,3.1712,2.2699,10.9459
2021-02-02,3.9800,7.2549,3.1862,2.2770,10.6672
2021-02-03,3.9700,7.2692,3.2112,2.2637,11.2618
2021-02-04,3.9600,7.2835,3.2347,2.2517,11.5778
2021-02-05,4.0300,7.1567,3.2164,2.2251,12.3025
2021-02-08,4.0200,7.1705,3.2370,2.2152,12.5627
2021-02-09,4.0100,7.1984,3.2303,2.2284,12.1353
2021-02-10,4.0200,7.1705,3.2449,2.2098,12.7114
2021-02-18,4.0800,7.0746,3.2831,2.1549,14.8114
2021-02-19,4.0900,7.0476,3.2578,2.1633,14.4211
2021-02-22,4.0900,7.0476,3.2736,2.1529,14.9043
2021-02-23,4.0800,7.0746,3.2635,2.1678,14.1424
2021-02-24,4.0500,7.1291,3.2627,2.1850,13.3990
2021-02-25,4.0900,7.0476,3.2723,2.1537,14.8485
2021-02-26,4.0400,7.1429,3.2798,2.1778,13.7335
2021-03-01,4.0300,7.1567,3.2475,2.2038,12.8043
2021-03-02,4.0100,7.1984,3.2474,2.2167,12.4512
2021-03-03,4.0700,7.0881,3.2553,2.1774,13.7893
2021-03-04,4.0700,7.0881,3.2655,2.1706,14.0494
2021-03-05,4.0800,7.0746,3.2457,2.1797,13.6034
2021-03-08,4.0600,7.1154,3.2404,2.1958,13.1388
2021-03-09,4.0400,7.1429,3.2478,2.1993,13.0273
2021-03-10,4.0500,7.1291,3.2353,2.2035,12.8415
2021-03-11,4.0800,7.0746,3.2506,2.1764,13.8822
2021-03-12,4.1000,7.0342,3.2613,2.1569,14.7185
2021-03-15,4.1200,7.0076,3.2740,2.1404,15.5176
2021-03-16,4.1300,6.9943,3.2614,2.1446,15.3317
2021-03-17,4.0900,7.0611,3.2564,2.1684,14.0866
2021-03-18,4.0900,7.0476,3.2592,2.1624,14.4954
2021-03-19,4.0000,7.2125,3.2364,2.2286,12.1167
2021-03-22,4.0700,7.0881,3.2309,2.1938,13.1946
2021-03-23,4.0800,7.0746,3.2105,2.2036,12.8229
2021-03-24,4.0600,7.1017,3.1930,2.2241,12.3397
2021-03-25,4.0400,7.1429,3.1882,2.2404,11.7636
2021-03-26,4.0400,7.1429,3.1985,2.2332,11.9495
2021-03-29,4.0900,7.0611,3.1962,2.2092,12.7300
2021-03-30,4.1100,7.0209,3.2060,2.1899,13.3061
2021-03-31,3.9400,7.3267,3.1887,2.2977,10.2211
2021-04-01,3.9100,7.3852,3.1960,2.3108,9.9238
2021-04-02,3.8900,7.4148,3.2013,2.3162,9.7566
2021-04-06,3.8800,7.4447,3.2087,2.3202,9.6636
2021-04-07,3.8400,7.5051,3.2215,2.3297,9.3849
2021-04-08,3.8500,7.4899,3.2221,2.3245,9.5521
2021-04-09,3.8500,7.4899,3.2121,2.3318,9.3291
2021-04-12,3.8600,7.4747,3.1948,2.3396,9.1990
2021-04-13,3.8700,7.4597,3.1626,2.3587,8.8274
2021-04-14,3.8500,7.4899,3.1651,2.3664,8.6415
2021-04-15,3.8400,7.5203,3.1728,2.3702,8.4928
2021-04-16,3.8500,7.4899,3.1631,2.3679,8.5672
2021-04-19,3.8600,7.4747,3.1559,2.3685,8.5486
2021-04-20,3.8500,7.4899,3.1554,2.3737,8.3999
2021-04-21,3.8400,7.5051,3.1530,2.3803,8.3070
2021-04-22,3.8000,7.5975,3.1614,2.4032,8.0097
2021-04-23,3.7900,7.6132,3.1719,2.4002,8.0654
2021-04-26,3.7600,7.6763,3.2024,2.3970,8.1026
2021-04-27,3.7000,7.8059,3.2078,2.4334,7.7867
2021-04-28,3.6500,7.9060,3.1979,2.4722,7.5636
2021-04-29,3.7000,7.7895,3.1872,2.4440,7.6937
2021-04-30,3.6700,7.8723,3.1640,2.4881,7.4707
2021-05-06,3.6700,7.8723,3.1507,2.4986,7.3964
2021-05-07,3.6500,7.9060,3.1589,2.5028,7.3406
2021-05-10,3.6000,8.0260,3.1460,2.5512,6.7460
2021-05-11,3.6000,8.0087,3.1380,2.5522,6.6902
2021-05-12,3.6200,7.9741,3.1310,2.5468,6.8389
2021-05-13,3.6100,7.9914,3.1366,2.5478,6.8017
2021-05-14,3.6500,7.9060,3.1422,2.5161,7.2291
2021-05-17,3.6600,7.8891,3.1524,2.5026,7.3592
2021-05-18,3.6500,7.9060,3.1457,2.5133,7.2663
2021-05-19,3.6600,7.8891,3.1298,2.5206,7.1920
2021-05-20,3.6600,7.8891,3.1001,2.5448,6.8760
2021-05-21,3.6500,7.9060,3.0876,2.5606,6.5230
2021-05-24,3.6500,7.9060,3.0850,2.5627,6.4858
2021-05-25,3.7000,7.8059,3.0850,2.5303,7.1176
2021-05-26,3.6900,7.8224,3.0600,2.5563,6.5973
2021-05-27,3.7000,7.8059,3.0725,2.5406,6.9504
2021-05-28,3.6800,7.8390,3.0825,2.5431,6.8946
2021-05-31,3.6800,7.8390,3.0450,2.5744,6.3743
2021-06-01,3.6600,7.8891,3.0400,2.5951,6.0769
2021-06-02,3.6600,7.8891,3.0650,2.5739,6.3929
2021-06-03,3.6500,7.9060,3.0550,2.5879,6.1699
2021-06-04,3.6600,7.8891,3.0925,2.5510,6.7645
2021-06-07,3.6500,7.9060,3.1100,2.5421,6.9132
2021-06-08,3.6600,7.8891,3.1100,2.5367,7.0247
2021-06-09,3.6400,7.9229,3.1051,2.5516,6.7088
2021-06-10,3.6400,7.9229,3.1000,2.5558,6.6345
2021-06-11,3.6400,7.9229,3.1276,2.5332,7.0619
2021-06-15,3.6000,8.0260,3.1176,2.5744,6.3557
2021-06-16,3.6200,7.9741,3.1301,2.5476,6.8203
2021-06-17,3.6000,8.0087,3.1401,2.5505,6.7831
2021-06-18,3.6200,7.9741,3.1202,2.5556,6.6530
2021-06-21,3.6200,7.9741,3.0953,2.5762,6.3185
2021-06-22,3.6200,7.9741,3.0877,2.5825,6.2256
2021-06-23,3.6100,7.9914,3.0853,2.5902,6.1513
2021-06-24,3.6300,8.3333,3.0828,2.7032,5.6681
2021-06-25,3.6400,8.2960,3.0827,2.6911,5.7424
2021-06-28,3.6400,8.3146,3.0903,2.6905,5.7610
2021-06-29,3.6000,8.3900,3.0853,2.7193,5.5566
2021-06-30,3.6000,8.3900,3.0778,2.7260,5.5380
2021-07-01,3.6000,8.3900,3.0878,2.7171,5.5752
2021-07-02,3.5900,8.4282,3.0803,2.7362,5.4823
2021-07-05,3.5800,8.4475,3.0754,2.7468,5.4265
2021-07-06,3.5800,8.4475,3.0854,2.7379,5.4637
2021-07-07,3.5700,8.4668,3.0554,2.7711,5.3707
2021-07-08,3.5500,8.5057,2.9830,2.8514,4.9991
2021-07-09,3.5500,8.5253,3.0105,2.8319,5.1663
2021-07-12,3.5500,8.5253,2.9431,2.8967,4.7575
2021-07-13,3.5500,8.5253,2.9256,2.9140,4.7203
2021-07-14,3.4700,8.7059,2.9356,2.9656,4.6088
2021-07-15,3.4900,8.6651,2.9557,2.9317,4.7017
2021-07-16,3.4600,8.7264,2.9432,2.9649,4.6274
2021-07-19,3.4400,8.7886,2.9483,2.9809,4.5716
2021-07-20,3.4100,8.8729,2.9258,3.0326,4.4416
2021-07-21,3.4100,8.8517,2.9184,3.0331,4.4230
2021-07-22,3.4400,8.7886,2.9284,3.0012,4.4787
2021-07-23,3.4300,8.8095,2.9134,3.0238,4.4601
2021-07-26,3.3700,8.9806,2.8711,3.1279,3.9770
2021-07-27,3.3100,9.1358,2.9110,3.1384,3.8840
2021-07-28,3.3200,9.1133,2.9312,3.1091,4.0699
2021-07-29,3.2800,9.2269,2.8840,3.1993,3.5495
2021-07-30,3.2500,9.2965,2.8363,3.2777,2.9363
2021-08-02,3.2800,9.2269,2.8212,3.2706,2.9920
2021-08-03,3.2600,9.2732,2.8337,3.2725,2.9734
2021-08-04,3.2500,9.2965,2.8338,3.2806,2.9177
2021-08-05,3.2500,9.2965,2.7988,3.3216,2.4531
2021-08-06,3.2500,9.2965,2.8139,3.3038,2.6389
2021-08-09,3.2900,9.1811,2.8615,3.2085,3.4752
2021-08-10,3.3000,9.1584,2.8766,3.1838,3.6239
2021-08-11,3.3000,9.1584,2.8841,3.1755,3.6796
2021-08-12,3.2800,9.2040,2.8566,3.2220,3.2894
2021-08-13,3.2800,9.2269,2.8792,3.2047,3.5309
2021-08-16,3.2900,9.1811,2.8943,3.1721,3.7354
2021-08-17,3.2600,9.2732,2.8819,3.2177,3.3823
2021-08-18,3.3000,9.1584,2.8494,3.2142,3.4380
2021-08-19,3.2800,9.2269,2.8395,3.2495,3.0663
2021-08-20,3.2800,9.2269,2.8520,3.2352,3.1964
2021-08-23,3.2700,9.2500,2.8672,3.2261,3.2522
2021-08-24,3.2700,9.2500,2.8522,3.2431,3.1407
2021-08-25,3.2600,9.2732,2.8547,3.2484,3.0849
2021-08-26,3.2500,9.2965,2.8848,3.2226,3.2708
2021-08-27,3.2600,9.2732,2.8698,3.2313,3.2150
2021-08-30,3.2300,9.3671,2.8505,3.2861,2.8433
2021-08-31,3.2400,9.3199,2.8450,3.2759,2.9548
2021-09-01,3.3000,9.1584,2.8226,3.2447,3.1221
2021-09-02,3.3200,9.1133,2.8301,3.2201,3.3265
2021-09-03,3.3700,8.9588,2.8327,3.1626,3.7911
2021-09-06,3.3700,8.9806,2.8354,3.1673,3.7725
2021-09-07,3.3700,8.9588,2.8604,3.1320,3.9584
2021-09-08,3.3800,8.9372,2.8705,3.1135,4.0141
2021-09-09,3.3900,8.9157,2.8730,3.1033,4.1256
2021-09-10,3.4000,8.8942,2.8656,3.1038,4.1070
2021-09-13,3.3700,8.9806,2.8908,3.1066,4.0885
2021-09-14,3.2900,9.1811,2.8858,3.1815,3.6424
2021-09-15,3.2800,9.2040,2.9009,3.1728,3.7168
2021-09-16,3.2500,9.2965,2.8885,3.2185,3.3637
2021-09-17,3.2400,9.3199,2.8785,3.2378,3.1778
2021-09-22,3.1900,9.4872,2.8639,3.3127,2.5460
2021-09-23,3.2200,9.3909,2.8565,3.2876,2.8062
2021-09-24,3.1900,9.4629,2.8719,3.2950,2.7318
2021-09-27,3.1700,9.5361,2.8825,3.3083,2.6017
2021-09-28,3.1900,9.4629,2.8769,3.2893,2.7504
2021-09-29,3.2100,9.4148,2.8646,3.2866,2.8248
2021-09-30,3.1900,9.4629,2.8776,3.2885,2.7876
2021-10-08,3.2400,9.3434,2.9131,3.2074,3.4938
2021-10-11,3.2500,9.2965,2.9580,3.1428,3.8655
2021-10-12,3.2400,9.3434,2.9657,3.1505,3.8469
2021-10-13,3.2200,9.3909,2.9578,3.1750,3.6982
2021-10-14,3.2000,9.4388,2.9581,3.1908,3.5867
2021-10-15,3.2000,9.4388,2.9683,3.1799,3.6610
2021-10-18,3.2000,9.4388,3.0426,3.1022,4.1628
2021-10-19,3.2000,9.4388,3.0102,3.1356,3.9026
2021-10-20,3.1900,9.4629,2.9978,3.1566,3.8097
2021-10-21,3.2300,9.3671,2.9702,3.1537,3.8283
2021-10-22,3.2200,9.3909,2.9953,3.1352,3.9212
2021-10-25,3.2300,9.3671,2.9879,3.1350,3.9398
2021-10-26,3.2000,9.4388,2.9780,3.1695,3.7539
2021-10-27,3.1900,9.4872,2.9781,3.1857,3.6053
2021-10-28,3.1700,9.5361,2.9682,3.2128,3.4566
2021-10-29,3.1800,9.5116,2.9732,3.1991,3.5681
2021-11-01,3.2000,9.4388,2.9435,3.2067,3.5124
2021-11-02,3.1700,9.5361,2.9259,3.2592,3.0478
2021-11-03,3.1700,9.5361,2.9385,3.2452,3.1035
2021-11-04,3.1600,9.5607,2.9261,3.2674,3.0106
2021-11-05,3.1600,9.5607,2.8911,3.3069,2.6203
2021-11-08,3.1600,9.5607,2.9013,3.2953,2.7133
2021-11-09,3.1600,9.5607,2.8988,3.2982,2.6947
2021-11-10,3.1600,9.5607,2.9139,3.2811,2.8991
2021-11-11,3.2000,9.4388,2.9365,3.2143,3.4194
2021-11-12,3.1900,9.4629,2.9391,3.2197,3.3451
2021-11-15,3.2100,9.4148,2.9269,3.2166,3.4009
2021-11-16,3.2000,9.4388,2.9244,3.2276,3.2336
2021-11-17,3.1900,9.4872,2.9295,3.2385,3.1593
2021-11-18,3.1800,9.5116,2.9146,3.2634,3.0292
2021-11-19,3.2000,9.4388,2.9302,3.2212,3.3079
2021-11-22,3.1900,9.4872,2.8876,3.2855,2.8805
2021-11-23,3.1900,9.4872,2.8875,3.2856,2.8619
2021-11-24,3.1900,9.4629,2.8600,3.3087,2.5646
2021-11-25,3.1900,9.4872,2.8550,3.3230,2.4345
2021-11-26,3.1800,9.5116,2.8200,3.3729,2.1743
2021-11-29,3.1800,9.5116,2.8250,3.3669,2.2579
2021-11-30,3.1800,9.5116,2.8250,3.3669,2.2579
2021-12-01,3.1900,9.4629,2.8401,3.3319,2.3973
2021-12-02,3.1900,9.4629,2.8601,3.3086,2.5832
2021-12-03,3.2000,9.4388,2.8701,3.2887,2.7690
2021-12-06,3.1900,9.4872,2.8176,3.3671,2.2301
2021-12-07,3.2000,9.4388,2.8451,3.3176,2.4902
2021-12-08,3.1900,9.4629,2.8551,3.3144,2.5088
2021-12-09,3.2100,9.4148,2.8526,3.3004,2.6761
2021-12-10,3.2200,9.3909,2.8426,3.3036,2.6575
2021-12-13,3.1900,9.4629,2.8552,3.3143,2.5274
2021-12-14,3.1800,9.5116,2.8477,3.3401,2.3230
2021-12-15,3.1800,9.5116,2.8502,3.3372,2.3416
2021-12-16,3.1800,9.5116,2.8577,3.3284,2.4159
2021-12-17,3.1800,9.5116,2.8512,3.3360,2.3602
2021-12-20,3.1800,9.5116,2.8533,3.3335,2.3787
2021-12-21,3.1900,9.4629,2.8508,3.3194,2.4717
2021-12-22,3.1900,9.4872,2.8303,3.3520,2.3044
2021-12-23,3.1900,9.4629,2.8143,3.3624,2.2858
2021-12-24,3.1800,9.5116,2.8203,3.3725,2.2115
2021-12-27,3.1900,9.4872,2.8128,3.3729,2.1929
2021-12-28,3.1900,9.4629,2.8004,3.3791,2.1557
2021-12-29,3.1900,9.4872,2.7854,3.4060,2.1371
2021-12-30,3.1900,9.4872,2.7654,3.4307,2.1000
2021-12-31,3.1900,9.4872,2.7754,3.4183,2.1186
2022-01-04,3.1900,5.4476,2.7855,1.9557,23.7688
2022-01-05,3.2100,5.4198,2.8045,1.9325,24.2520
2022-01-06,3.2000,5.4337,2.8205,1.9265,24.3449
2022-01-07,3.2300,5.3924,2.8181,1.9135,24.5308
2022-01-10,3.2400,5.3652,2.8056,1.9123,24.5493
2022-01-11,3.2600,5.3383,2.7957,1.9095,24.5865
2022-01-12,3.2400,5.3652,2.7957,1.9191,24.4193
2022-01-13,3.2700,5.3250,2.7858,1.9115,24.5679
2022-01-14,3.2100,5.4198,2.7935,1.9401,24.0662
2022-01-17,3.2100,5.4198,2.7860,1.9454,24.0104
2022-01-18,3.2400,5.3788,2.7415,1.9620,23.6387
2022-01-19,3.2400,5.3788,2.7314,1.9692,23.4343
2022-01-20,3.2600,5.3383,2.7271,1.9575,23.7131
2022-01-21,3.2400,5.3652,2.7100,1.9798,23.2485
2022-01-24,3.2400,5.3788,2.6751,2.0107,22.3193
2022-01-25,3.1900,5.4615,2.6979,2.0244,21.4458
2022-01-26,3.1900,5.4476,2.7146,2.0068,22.5237
2022-01-27,3.1700,5.4897,2.7348,2.0073,22.4865
2022-01-28,3.1700,5.4897,2.7021,2.0316,21.1299
2022-02-07,3.2000,5.4337,2.7256,1.9936,23.0255
2022-02-08,3.2600,5.3383,2.7227,1.9607,23.6759
2022-02-09,3.2500,5.3518,2.7328,1.9584,23.6945
2022-02-10,3.2600,5.3383,2.7328,1.9534,23.8432
2022-02-11,3.2800,5.3117,2.7891,1.9044,24.6423
2022-02-14,3.2400,5.3788,2.8018,1.9198,24.4007
2022-02-15,3.2200,5.4061,2.7968,1.9330,24.2334
2022-02-16,3.2300,5.3924,2.7892,1.9333,24.1962
2022-02-17,3.2200,5.4061,2.7799,1.9447,24.0290
2022-02-18,3.2400,5.3652,2.7975,1.9179,24.4564
2022-02-21,3.2400,5.3652,2.8300,1.8958,24.6794
2022-02-22,3.2400,5.3788,2.8200,1.9074,24.6051
2022-02-23,3.2400,5.3788,2.7900,1.9279,24.3263
2022-02-24,3.1900,5.4476,2.7875,1.9543,23.8060
2022-02-25,3.1900,5.4476,2.7750,1.9631,23.5737
2022-02-28,3.1900,5.4476,2.7750,1.9631,23.5737
2022-03-01,3.1900,5.4476,2.8025,1.9438,24.0476
2022-03-02,3.1900,5.4476,2.8175,1.9335,24.1777
2022-03-03,3.2000,5.4337,2.8300,1.9200,24.3821
2022-03-04,3.1900,5.4476,2.8125,1.9369,24.1219
2022-03-07,3.1800,5.4756,2.8126,1.9468,23.9547
2022-03-08,3.1500,5.5325,2.8276,1.9566,23.7316
2022-03-09,3.0800,5.6499,2.8426,1.9876,23.1741
2022-03-10,3.0700,5.6649,2.8502,1.9875,23.1927
2022-03-11,3.0800,5.6499,2.7902,2.0249,21.4272
2022-03-14,3.0600,5.6952,2.7677,2.0577,19.8104
2022-03-15,2.9200,5.9664,2.8177,2.1175,16.6883
2022-03-16,2.9700,5.8516,2.7952,2.0934,17.9892
2022-03-17,3.0000,5.8038,2.7876,2.0820,18.6954
2022-03-18,3.0500,5.7105,2.7927,2.0448,20.3865
2022-03-21,3.0100,5.7724,2.8127,2.0523,19.9963
2022-03-22,3.0600,5.6952,2.8302,2.0123,22.1892
2022-03-23,3.0600,5.6800,2.8302,2.0069,22.5051
2022-03-24,3.0800,5.6499,2.8052,2.0141,22.0219
2022-03-25,3.1100,5.5906,2.7972,1.9986,22.8582
2022-03-28,3.1600,5.5039,2.7903,1.9725,23.3786
2022-03-29,3.1700,5.4897,2.7853,1.9710,23.4157
2022-03-30,3.1200,5.5759,2.7703,2.0127,22.0963
2022-03-31,3.1200,5.5759,2.7878,2.0001,22.8210
2022-04-01,3.1500,5.5181,2.7743,1.9890,23.1370
2022-04-06,3.1900,5.4476,2.7604,1.9735,23.3600
2022-04-07,3.1500,5.5181,2.7394,2.0143,21.9848
2022-04-08,3.1500,5.5181,2.7529,2.0045,22.6724
2022-04-11,3.1000,5.6201,2.7680,2.0304,21.2414
2022-04-12,3.1000,5.6201,2.7705,2.0286,21.2972
2022-04-13,3.1200,5.5759,2.7631,2.0180,21.7246
2022-04-14,3.1200,5.5759,2.7656,2.0162,21.8733
2022-04-15,3.1300,5.5614,2.7578,2.0166,21.8175
2022-04-18,3.0800,5.6499,2.8107,2.0101,22.3564
2022-04-19,3.0900,5.6349,2.8208,1.9976,22.8954
2022-04-20,3.0600,5.6952,2.8330,2.0103,22.3379
2022-04-21,3.0200,5.7568,2.8259,2.0372,20.8883
2022-04-22,3.0600,5.6952,2.8409,2.0047,22.6352
2022-04-25,2.9700,5.8516,2.8160,2.0780,18.9184
2022-04-26,2.9700,5.8678,2.8260,2.0764,18.9928
2022-04-27,2.9700,5.8516,2.8411,2.0596,19.7361
2022-04-28,2.9700,5.8516,2.8486,2.0542,19.9405
2022-04-29,3.0200,5.7568,2.8386,2.0280,21.3157
2022-05-05,3.0100,5.7880,2.8282,2.0465,20.2379
2022-05-06,2.9600,5.8840,2.8273,2.0811,18.7883
2022-05-09,2.9700,5.8516,2.8154,2.0784,18.8627
2022-05-10,2.9900,5.8197,2.8089,2.0719,19.2901
2022-05-11,2.9900,5.8197,2.8240,2.0608,19.6804
2022-05-12,3.0000,5.8038,2.8055,2.0687,19.4016
2022-05-13,3.0300,5.7412,2.8140,2.0402,20.7211
2022-05-16,3.0500,5.7105,2.8216,2.0239,21.4830
2022-05-17,3.0500,5.7105,2.8178,2.0266,21.3901
2022-05-18,3.0600,5.6800,2.7801,2.0431,20.4980
2022-05-19,3.1000,5.6201,2.7774,2.0235,21.5387
2022-05-20,3.0900,5.6349,2.7900,2.0197,21.6688
2022-05-23,3.1000,5.6201,2.7675,2.0307,21.1671
2022-05-24,3.0800,5.6499,2.7650,2.0434,20.4795
2022-05-25,3.1200,5.5759,2.7575,2.0221,21.5945
2022-05-26,3.1400,5.5469,2.7100,2.0468,20.2007
2022-05-27,3.1500,5.5181,2.6974,2.0457,20.3122
2022-05-30,3.1000,5.6201,2.7225,2.0643,19.5503
2022-05-31,3.1100,5.5906,2.7426,2.0384,20.8511
2022-06-01,3.0900,5.6349,2.7551,2.0453,20.3680
2022-06-02,3.0900,5.6349,2.7601,2.0416,20.6467
2022-06-06,3.1000,5.6053,2.7776,2.0180,21.6874
2022-06-07,3.1100,5.5906,2.7576,2.0273,21.3715
2022-06-08,3.1100,5.5906,2.7661,2.0211,21.6317
2022-06-09,3.1400,5.5469,2.7576,2.0115,22.2635
2022-06-10,3.1500,5.5325,2.7526,2.0099,22.3750
2022-06-13,3.1400,5.5469,2.7652,2.0060,22.5609
2022-06-14,3.1800,5.4756,2.7702,1.9766,23.3042
2022-06-15,3.1900,5.4615,2.7827,1.9627,23.6201
2022-06-16,3.1800,5.4756,2.7728,1.9748,23.3414
2022-06-17,3.1900,5.4476,2.7752,1.9630,23.6016
2022-06-20,3.1900,5.4476,2.7853,1.9558,23.7502
2022-06-21,3.2000,5.4337,2.7853,1.9508,23.8803
2022-06-22,3.1900,5.4615,2.7773,1.9665,23.5086
2022-06-23,3.2100,5.4198,2.7803,1.9494,23.8989
2022-06-24,3.1900,5.7568,2.7978,2.0576,19.8290
2022-06-27,3.1800,5.7724,2.8329,2.0376,20.8697
2022-06-28,3.1900,5.7568,2.8414,2.0260,21.4087
2022-06-29,3.2100,5.7258,2.8294,2.0237,21.5202
2022-06-30,3.2100,5.7258,2.8205,2.0301,21.2600
2022-07-01,3.2000,5.7412,2.8255,2.0319,21.1113
2022-07-04,3.1900,5.7568,2.8445,2.0238,21.5016
2022-07-05,3.1800,5.7880,2.8333,2.0428,20.5166
2022-07-06,3.1700,5.8038,2.8356,2.0468,20.2193
2022-07-07,3.1600,5.8197,2.8356,2.0524,19.9777
2022-07-08,3.1800,5.7880,2.8384,2.0392,20.7954
2022-07-11,3.1900,5.7568,2.8266,2.0367,20.9069
2022-07-12,3.2100,5.7258,2.8117,2.0364,20.9626
2022-07-13,3.2000,5.7412,2.8067,2.0455,20.3494
2022-07-14,3.1800,5.7880,2.7907,2.0740,19.1228
2022-07-15,3.1200,5.8840,2.7857,2.1122,17.0786
2022-07-18,3.1700,5.8038,2.7837,2.0849,18.5653
2022-07-19,3.1400,5.8516,2.7859,2.1004,17.6547
2022-07-20,3.1400,5.8516,2.7710,2.1117,17.1344
2022-07-21,3.1200,5.8840,2.7635,2.1292,16.1494
2022-07-22,3.1300,5.8678,2.7870,2.1054,17.4131
2022-07-25,3.1200,5.9003,2.7790,2.1232,16.4653
2022-07-26,3.1300,5.8678,2.7700,2.1183,16.6326
2022-07-27,3.1500,5.8356,2.7701,2.1066,17.3202
2022-07-28,3.1600,5.8197,2.7850,2.0897,18.1936
2022-07-29,3.1400,5.8516,2.7560,2.1232,16.4468
2022-08-01,3.1200,5.9003,2.7292,2.1619,14.5140
2022-08-02,3.0900,5.9497,2.7314,2.1783,13.7149
2022-08-03,3.1200,5.9003,2.7218,2.1678,14.1609
2022-08-04,3.1400,5.8516,2.7192,2.1520,14.9600
2022-08-05,3.1800,5.7880,2.7339,2.1171,16.7255
2022-08-08,3.1300,5.8678,2.7409,2.1408,15.4804
2022-08-09,3.1200,5.9003,2.7400,2.1534,14.8857
2022-08-10,3.1000,5.9331,2.7366,2.1681,14.1238
2022-08-11,3.1500,5.8356,2.7317,2.1363,15.8149
2022-08-12,3.1400,5.8516,2.7347,2.1398,15.5919
2022-08-15,3.1200,5.8840,2.6582,2.2135,12.5813
2022-08-16,3.1300,5.8678,2.6346,2.2272,12.1725
2022-08-17,3.1600,5.8197,2.6124,2.2277,12.1539
2022-08-18,3.1500,5.8356,2.5800,2.2619,11.3176
2022-08-19,3.1300,5.8678,2.5875,2.2677,11.0946
2022-08-22,3.1200,5.8840,2.5925,2.2696,10.9645
2022-08-23,3.1100,5.9167,2.6075,2.2691,11.0203
2022-08-24,3.1000,5.9331,2.6100,2.2732,10.7787
2022-08-25,3.1100,5.9167,2.6390,2.2420,11.6893
2022-08-26,3.1200,5.8840,2.6430,2.2263,12.2654
2022-08-29,3.0900,5.9497,2.6225,2.2687,11.0388
2022-08-30,3.1000,5.9331,2.6130,2.2706,10.8716
2022-08-31,3.1100,5.9167,2.6225,2.2561,11.5034
2022-09-01,3.1200,5.9003,2.6125,2.2585,11.4105
2022-09-02,3.1200,5.8840,2.6226,2.2436,11.6335
2022-09-05,3.1200,5.8840,2.6180,2.2475,11.5964
2022-09-06,3.1300,5.8678,2.6140,2.2448,11.6149
2022-09-07,3.1100,5.9167,2.6215,2.2570,11.4849
2022-09-08,3.1000,5.9331,2.6256,2.2597,11.3919
2022-09-09,3.1200,5.9003,2.6350,2.2392,11.8194
2022-09-13,3.1200,5.8840,2.6427,2.2265,12.2282
2022-09-14,3.1200,5.9003,2.6625,2.2161,12.5070
2022-09-15,3.1200,5.8840,2.6625,2.2100,12.6928
2022-09-16,3.0800,5.9664,2.6730,2.2321,11.9680
2022-09-19,3.0300,6.0684,2.6750,2.2686,11.0574
2022-09-20,3.0200,6.0857,2.6640,2.2844,10.5371
2022-09-21,3.0300,6.0684,2.6451,2.2942,10.3327
2022-09-22,3.0200,6.0857,2.6501,2.2964,10.2769
2022-09-23,3.0400,6.0511,2.6802,2.2577,11.4291
2022-09-26,2.9700,6.1919,2.7154,2.2803,10.6114
2022-09-27,2.9700,6.1919,2.7051,2.2890,10.4070
2022-09-28,2.9500,6.2281,2.7401,2.2729,10.8158
2022-09-29,2.9200,6.3018,2.7501,2.2915,10.3698
2022-09-30,2.9300,6.2832,2.7601,2.2764,10.7229
2022-10-10,2.9300,6.2647,2.7402,2.2862,10.4627
2022-10-11,2.9500,6.2281,2.7426,2.2709,10.8530
2022-10-12,2.9600,6.2099,2.7352,2.2704,10.8902
2022-10-13,2.9300,6.2647,2.7252,2.2988,10.1654
2022-10-14,2.9500,6.2281,2.6977,2.3087,9.9424
2022-10-17,2.9400,6.2463,2.7002,2.3133,9.8309
2022-10-18,2.9300,6.2647,2.7002,2.3201,9.6822
2022-10-19,2.9300,6.2647,2.7052,2.3158,9.7937
2022-10-20,2.9200,6.3018,2.7175,2.3190,9.7008
2022-10-21,2.9000,6.3393,2.7278,2.3240,9.5893
2022-10-24,2.8600,6.4350,2.7153,2.3699,8.5114
2022-10-25,2.8700,6.4157,2.7278,2.3520,9.0132
2022-10-26,2.8600,6.4350,2.7025,2.3811,8.2698
2022-10-27,2.8700,6.4157,2.6953,2.3803,8.2884
2022-10-28,2.8400,6.4742,2.6653,2.4291,7.8052
2022-10-31,2.8500,6.4545,2.6433,2.4418,7.7309
2022-11-01,2.8900,6.3582,2.6629,2.3877,8.2141
2022-11-02,2.9100,6.3205,2.6854,2.3537,8.9389
2022-11-03,2.9200,6.3018,2.6776,2.3535,8.9574
2022-11-04,2.9600,6.2099,2.7023,2.2980,10.2026
2022-11-07,2.9400,6.2463,2.7003,2.3132,9.8495
2022-11-08,2.9400,6.2463,2.6853,2.3261,9.4778
2022-11-09,2.9300,6.2832,2.6953,2.3312,9.3477
2022-11-10,2.9300,6.2832,2.7028,2.3247,9.5335
2022-11-11,2.9700,6.1919,2.7354,2.2636,11.2804
2022-11-14,2.9800,6.1739,2.8354,2.1774,13.7707
2022-11-15,3.0000,6.1207,2.8155,2.1739,13.9751
2022-11-16,2.9800,6.1739,2.8329,2.1794,13.6592
2022-11-17,2.9600,6.2099,2.8026,2.2158,12.5256
2022-11-18,2.9300,6.2647,2.8250,2.2176,12.4326
2022-11-21,2.9400,6.2463,2.8180,2.2166,12.4698
2022-11-22,2.9900,6.1561,2.8276,2.1771,13.8264
2022-11-23,2.9900,6.1561,2.7975,2.2006,12.9902
2022-11-24,2.9900,6.1383,2.7950,2.1962,13.1202
2022-11-25,3.0400,6.0511,2.8300,2.1382,15.7220
2022-11-28,2.9800,6.1739,2.8600,2.1587,14.6070
2022-11-29,3.0400,6.0511,2.8800,2.1011,17.5990
2022-11-30,3.0400,6.0511,2.8850,2.0974,17.8220
2022-12-01,3.0300,6.0684,2.8600,2.1218,16.5025
2022-12-02,3.0100,6.1032,2.8676,2.1283,16.2052
2022-12-05,3.0600,6.0000,2.8902,2.0760,19.0485
2022-12-06,3.0900,5.9497,2.9152,2.0409,20.6839
2022-12-07,3.0700,5.9831,2.8702,2.0846,18.5839
2022-12-08,3.0700,5.9831,2.8853,2.0736,19.1786
2022-12-09,3.0800,5.9664,2.8903,2.0643,19.5689
2022-12-12,3.0300,6.0684,2.8902,2.0996,17.7105
2022-12-13,3.0300,6.0684,2.8952,2.0960,17.8591
2022-12-14,3.0300,6.0684,2.8655,2.1177,16.6698
2022-12-15,2.9900,6.1383,2.8829,2.1292,16.1308
2022-12-16,3.0300,6.0684,2.8856,2.1030,17.5246
2022-12-19,2.9800,6.1739,2.8632,2.1563,14.7370
2022-12-20,2.9500,6.2281,2.8732,2.1677,14.1795
2022-12-21,2.9500,6.2281,2.8606,2.1772,13.8078
2022-12-22,2.9600,6.2099,2.8503,2.1787,13.6870
2022-12-23,2.9400,6.2463,2.8251,2.2110,12.6556
2022-12-26,2.9300,6.2647,2.8378,2.2076,12.7857
2022-12-27,2.9600,6.2099,2.8657,2.1670,14.1981
2022-12-28,2.9600,6.2099,2.8503,2.1787,13.6870
2022-12-29,2.9600,6.2099,2.8376,2.1884,13.3618
2022-12-30,2.9800,6.1739,2.8353,2.1775,13.7521
2023-01-03,2.9700,6.1919,2.8228,2.1935,13.2132
2023-01-04,2.9900,6.1383,2.8103,2.1842,13.4362
2023-01-05,3.0000,6.1207,2.8304,2.1625,14.4769
2023-01-06,2.9900,6.1383,2.8328,2.1669,14.2167
2023-01-09,2.9900,6.1561,2.8428,2.1655,14.2724
2023-01-10,2.9600,6.2099,2.8602,2.1711,14.0123
2023-01-11,2.9700,6.1919,2.8603,2.1648,14.3096
2023-01-12,2.9400,6.2463,2.8778,2.1705,14.0680
2023-01-13,2.9800,6.1739,2.9010,2.1282,16.2609
2023-01-16,2.9900,6.1383,2.9167,2.1045,17.4689
2023-01-17,2.9900,6.1383,2.9017,2.1154,16.8742
2023-01-18,3.0000,6.1207,2.9222,2.0946,17.9149
2023-01-19,3.0000,6.1207,2.9145,2.1001,17.6733
2023-01-20,3.0200,6.0857,2.9331,2.0748,19.0857
2023-01-30,3.0200,6.0857,2.9133,2.0889,18.2308
2023-01-31,3.0100,6.1032,2.8977,2.1062,17.3388
2023-02-01,3.0200,6.0857,2.9101,2.0912,18.1007
2023-02-02,3.0000,6.1207,2.8970,2.1128,17.0229
2023-02-03,2.9800,6.1739,2.8943,2.1331,16.0007
2023-02-06,2.9600,6.2099,2.9017,2.1401,15.5361
2023-02-07,2.9700,6.1919,2.8964,2.1378,15.7406
2023-02-08,2.9700,6.1919,2.8973,2.1371,15.7777
2023-02-09,2.9800,6.1739,2.8912,2.1354,15.8521
2023-02-10,2.9700,6.1919,2.9003,2.1349,15.9264
2023-02-13,2.9700,6.1919,2.8943,2.1393,15.6105
2023-02-14,2.9800,6.1739,2.8914,2.1353,15.8707
2023-02-15,2.9700,6.1919,2.8918,2.1412,15.4618
2023-02-16,2.9600,6.2099,2.8907,2.1482,15.1273
2023-02-17,2.9500,6.2281,2.8920,2.1536,14.8671
2023-02-20,2.9800,6.1739,2.9170,2.1165,16.7627
2023-02-21,2.9900,6.1561,2.9190,2.1090,17.2459
2023-02-22,2.9600,6.2099,2.9175,2.1285,16.1866
2023-02-23,2.9600,6.2099,2.9220,2.1252,16.3910
2023-02-24,2.9400,6.2463,2.9126,2.1446,15.3131
2023-02-27,2.9300,6.2647,2.9117,2.1516,14.9786
2023-02-28,2.9400,6.2463,2.9017,2.1526,14.9229
2023-03-01,2.9600,6.2099,2.8977,2.1430,15.3875
2023-03-02,2.9600,6.2099,2.9111,2.1332,15.9822
2023-03-03,2.9900,6.1561,2.9026,2.1209,16.5397
2023-03-06,2.9700,6.1919,2.8826,2.1480,15.1459
2023-03-07,2.9800,6.1739,2.8726,2.1492,15.0715
2023-03-08,2.9700,6.1919,2.8828,2.1479,15.1645
2023-03-09,2.9600,6.2099,2.8752,2.1598,14.5512
2023-03-10,2.9300,6.2647,2.8627,2.1884,13.3804
2023-03-13,2.9300,6.2647,2.8703,2.1826,13.5291
2023-03-14,2.9200,6.3018,2.8652,2.1994,13.0087
2023-03-15,2.9300,6.2832,2.8652,2.1929,13.2317
2023-03-16,2.9300,6.2647,2.8552,2.1941,13.1760
2023-03-17,2.9300,6.2832,2.8602,2.1968,13.1017
2023-03-20,2.9300,6.2647,2.8504,2.1978,13.0645
2023-03-21,2.9300,6.2647,2.8604,2.1901,13.2875
2023-03-22,2.9500,6.2281,2.8577,2.1794,13.6406
2023-03-23,2.9900,6.1561,2.8652,2.1486,15.0901
2023-03-24,2.9700,6.1919,2.8676,2.1593,14.5698
2023-03-27,2.9600,6.2099,2.8551,2.1750,13.9379
2023-03-28,2.9700,6.1919,2.8556,2.1683,14.1052
2023-03-29,2.9600,6.2099,2.8532,2.1765,13.8636
2023-03-30,3.0000,6.1207,2.8603,2.1399,15.5547
2023-03-31,2.9800,6.1739,2.8528,2.1642,14.3654
2023-04-03,2.9800,6.1739,2.8604,2.1584,14.6255
2023-04-04,2.9900,6.1383,2.8584,2.1475,15.2016
2023-04-06,2.9900,6.1561,2.8605,2.1521,14.9415
2023-04-07,2.9900,6.1561,2.8464,2.1628,14.4583
2023-04-10,2.9900,6.1561,2.8455,2.1635,14.4025
2023-04-11,2.9800,6.1739,2.8203,2.1891,13.3247
2023-04-12,2.9900,6.1383,2.8158,2.1799,13.5848
2023-04-13,3.0000,6.1207,2.8277,2.1646,14.3282
2023-04-14,3.0000,6.1207,2.8281,2.1642,14.3468
2023-04-17,3.0400,6.0511,2.8432,2.1283,16.2238
2023-04-18,3.0800,5.9664,2.8319,2.1069,17.3016
2023-04-19,3.0800,5.9664,2.8333,2.1058,17.3760
2023-04-20,3.1200,5.9003,2.8332,2.0826,18.6582
2023-04-21,3.0700,5.9831,2.8258,2.1173,16.7069
2023-04-24,3.0700,5.9831,2.8176,2.1235,16.4282
2023-04-25,3.1200,5.8840,2.8157,2.0897,18.1751
2023-04-26,3.1000,5.9331,2.8058,2.1146,16.9114
2023-04-27,3.1200,5.8840,2.7852,2.1126,17.0414
2023-04-28,3.1300,5.8678,2.7788,2.1116,17.1529
2023-05-04,3.4400,5.3383,2.7613,1.9333,24.2148
2023-05-05,3.5800,5.1325,2.7338,1.8774,24.8653
2023-05-08,3.8300,4.7973,2.7484,1.7455,25.6458
2023-05-09,3.7100,4.9535,2.7383,1.8090,25.2184
2023-05-10,3.6100,5.0957,2.7210,1.8727,24.9024
2023-05-11,3.5800,5.1325,2.7010,1.9002,24.6608
2023-05-12,3.5300,5.2078,2.7058,1.9247,24.3635
2023-05-15,3.5300,5.2078,2.7190,1.9153,24.5122
2023-05-16,3.5000,5.2463,2.7129,1.9338,24.1591
2023-05-17,3.4900,5.2723,2.7210,1.9376,24.1033
2023-05-18,3.5000,5.2463,2.7184,1.9299,24.2892
2023-05-19,3.4800,5.2854,2.7151,1.9467,23.9732
2023-05-22,3.5000,5.2593,2.7132,1.9384,24.0847
2023-05-23,3.4300,5.3518,2.6962,1.9849,23.2113
2023-05-24,3.3700,5.4476,2.7037,2.0149,21.9476
2023-05-25,3.3700,5.4476,2.7065,2.0128,22.0777
2023-05-26,3.3700,5.4615,2.7205,2.0075,22.4679
2023-05-29,3.4000,5.4061,2.6950,2.0060,22.5423
2023-05-30,3.3800,5.4337,2.7000,2.0125,22.1520
2023-05-31,3.4200,5.3788,2.6850,2.0033,22.6909
2023-06-01,3.3700,5.4476,2.6825,2.0308,21.1485
2023-06-02,3.3900,5.4198,2.6951,2.0110,22.2821
2023-06-05,3.4500,5.3250,2.6926,1.9776,23.2671
2023-06-06,3.4200,5.3788,2.6826,2.0051,22.5980
2023-06-07,3.4400,5.3518,2.6827,1.9949,23.0069
2023-06-08,3.5000,5.2593,2.6822,1.9608,23.6573
2023-06-09,3.4600,5.3117,2.6703,1.9892,23.1184
2023-06-12,3.4200,5.3788,2.6704,2.0142,22.0033
2023-06-13,3.4200,5.3788,2.6227,2.0509,20.0706
2023-06-14,3.3900,5.4198,2.6178,2.0704,19.3458
2023-06-15,3.4000,5.4061,2.6482,2.0414,20.6653
2023-06-16,3.4000,5.4061,2.6626,2.0304,21.2228
2023-06-19,3.3700,5.4615,2.6876,2.0321,21.0741
2023-06-20,3.3700,5.4615,2.6751,2.0416,20.6281
2023-06-21,3.3800,5.4337,2.6701,2.0350,21.0370
2023-06-26,3.3500,5.8038,2.6677,2.1756,13.9008
2023-06-27,3.4100,5.6952,2.6676,2.1350,15.9078
2023-06-28,3.3900,5.7258,2.6651,2.1484,15.1087
2023-06-29,3.4100,5.6952,2.6526,2.1470,15.2388
2023-06-30,3.4200,5.6800,2.6351,2.1555,14.7742
2023-07-03,3.4700,5.6053,2.6402,2.1231,16.4839
2023-07-04,3.4400,5.6499,2.6477,2.1339,15.9636
2023-07-05,3.4200,5.6800,2.6402,2.1514,14.9972
2023-07-06,3.4100,5.6952,2.6392,2.1579,14.6627
2023-07-07,3.4400,5.6499,2.6403,2.1399,15.5733
2023-07-10,3.4000,5.7105,2.6403,2.1628,14.4397
2023-07-11,3.4500,5.6349,2.6353,2.1382,15.7034
2023-07-12,3.4400,5.6499,2.6378,2.1419,15.4432
2023-07-13,3.4800,5.5759,2.6413,2.1110,17.1715
2023-07-14,3.5200,5.5181,2.6444,2.0867,18.4724
2023-07-17,3.5400,5.4897,2.6364,2.0823,18.6768
2023-07-18,3.5500,5.4756,2.6234,2.0872,18.4167
2023-07-19,3.5700,5.4337,2.6233,2.0713,19.3273
2023-07-20,3.5700,5.4476,2.6214,2.0781,18.8998
2023-07-21,3.5800,5.4198,2.6079,2.0782,18.8812
2023-07-24,3.5700,5.4476,2.5934,2.1006,17.6361
2023-07-25,3.5800,5.4198,2.6630,2.0352,21.0184
2023-07-26,3.5800,5.4198,2.6430,2.0506,20.0892
2023-07-27,3.5900,5.4061,2.6395,2.0482,20.1635
2023-07-28,3.6700,5.2985,2.6533,1.9969,22.9140
2023-07-31,3.6700,5.2985,2.6597,1.9921,23.0812
2023-08-01,3.6600,5.3117,2.6607,1.9964,22.9697
2023-08-02,3.6100,5.3788,2.6525,2.0278,21.3343
2023-08-03,3.6500,5.3250,2.6435,2.0144,21.9662
2023-08-04,3.6400,5.3383,2.6469,2.0168,21.7803
2023-08-07,3.6200,5.3652,2.6462,2.0275,21.3529
2023-08-08,3.6100,5.3788,2.6454,2.0333,21.0556
2023-08-09,3.6500,5.3250,2.6461,2.0124,22.1706
2023-08-10,3.6700,5.2985,2.6475,2.0013,22.7839
2023-08-11,3.6100,5.3788,2.6381,2.0389,20.8140
2023-08-14,3.5400,5.4897,2.6212,2.0943,17.9335
2023-08-15,3.6400,5.3383,2.5759,2.0724,19.2715
2023-08-16,3.6300,5.3518,2.5649,2.0866,18.4910
2023-08-17,3.5900,5.4061,2.5678,2.1053,17.4317
2023-08-18,3.6200,5.3652,2.5639,2.0926,18.0450
2023-08-21,3.5700,5.4337,2.5403,2.1390,15.6291
2023-08-22,3.6400,5.3383,2.5564,2.0882,18.2866
2023-08-23,3.6400,5.3383,2.5535,2.0906,18.1379
2023-08-24,3.6100,5.3788,2.5543,2.1058,17.3945
2023-08-25,3.6500,5.3250,2.5702,2.0718,19.3087
2023-08-28,3.6600,5.3117,2.5837,2.0559,19.8848
2023-08-29,3.6200,5.3652,2.5700,2.0876,18.3795
2023-08-30,3.5800,5.4198,2.5600,2.1171,16.7441
2023-08-31,3.4500,5.6349,2.5575,2.2033,12.8601
2023-09-01,3.4800,5.5759,2.5850,2.1570,14.6999
2023-09-04,3.5400,5.4897,2.6124,2.1014,17.5804
2023-09-05,3.4800,5.5759,2.6150,2.1323,16.0379
2023-09-06,3.4700,5.6053,2.6375,2.1252,16.3724
2023-09-07,3.4500,5.6349,2.6350,2.1385,15.6662
2023-09-08,3.4500,5.6349,2.6375,2.1365,15.7963
2023-09-11,3.4700,5.6053,2.6300,2.1313,16.0751
2023-09-12,3.4600,5.6201,2.6230,2.1426,15.4246
2023-09-13,3.4500,5.6349,2.6150,2.1548,14.8300
2023-09-14,3.5100,5.5325,2.6075,2.1218,16.5211
2023-09-15,3.4500,5.6349,2.6400,2.1344,15.9450
2023-09-18,3.4700,5.6053,2.6500,2.1152,16.8928
2023-09-19,3.4900,5.5614,2.6625,2.0888,18.2494
2023-09-20,3.5100,5.5325,2.6650,2.0760,19.0299
2023-09-21,3.4800,5.5759,2.6576,2.0981,17.7848
2023-09-22,3.4900,5.5614,2.6776,2.0770,18.9742
2023-09-25,3.5100,5.5325,2.6976,2.0509,20.0335
2023-09-26,3.4800,5.5759,2.6951,2.0689,19.3830
2023-09-27,3.4800,5.5759,2.6877,2.0746,19.1043
2023-09-28,3.5000,5.5469,2.6751,2.0735,19.1972
2023-10-09,3.3400,5.8197,2.6702,2.1795,13.6220
2023-10-10,3.3300,5.8356,2.6811,2.1766,13.8450
2023-10-11,3.3800,5.7412,2.6976,2.1283,16.2423
2023-10-12,3.4100,5.6952,2.6911,2.1163,16.7999
2023-10-13,3.4100,5.6952,2.6702,2.1329,16.0193
2023-10-16,3.4400,5.6499,2.6777,2.1100,17.2273
2023-10-17,3.4400,5.6499,2.6882,2.1017,17.5618
2023-10-18,3.4200,5.6800,2.7052,2.0997,17.6919
2023-10-19,3.3300,5.8356,2.7177,2.1473,15.2202
2023-10-20,3.3300,5.8356,2.7052,2.1572,14.6813
2023-10-23,3.3200,5.8516,2.7047,2.1635,14.3839
2023-10-24,3.2700,5.9331,2.7177,2.1831,13.4919
2023-10-25,3.3400,5.8197,2.7052,2.1513,15.0158
2023-10-26,3.3600,5.7724,2.7152,2.1260,16.3353
2023-10-27,3.3400,5.8197,2.7133,2.1449,15.2946
2023-10-30,3.2900,5.9003,2.7141,2.1739,13.9565
2023-10-31,3.3900,5.7258,2.6938,2.1255,16.3538
2023-11-01,3.4000,5.7105,2.6853,2.1266,16.2795
2023-11-02,3.4700,5.6053,2.6553,2.1110,17.1901
2023-11-03,3.4600,5.6201,2.6613,2.1118,17.1158
2023-11-06,3.4600,5.6201,2.6554,2.1165,16.7813
2023-11-07,3.4900,5.5614,2.6632,2.0882,18.2680
2023-11-08,3.4700,5.6053,2.6464,2.1181,16.6512
2023-11-09,3.5000,5.5469,2.6494,2.0936,17.9706
2023-11-10,3.4700,5.5906,2.6444,2.1141,16.9485
2023-11-13,3.4800,5.5759,2.6454,2.1078,17.2830
2023-11-14,3.5100,5.5325,2.6573,2.0820,18.7140
2023-11-15,3.4900,5.5614,2.6633,2.0882,18.3237
2023-11-16,3.5100,5.5325,2.6558,2.0832,18.6397
2023-11-17,3.4700,5.6053,2.6524,2.1133,17.0043
2023-11-20,3.4900,5.5614,2.6584,2.0920,18.0821
2023-11-21,3.5000,5.5469,2.6684,2.0787,18.8441
2023-11-22,3.4900,5.5614,2.6823,2.0734,19.2158
2023-11-23,3.4900,5.5614,2.7023,2.0580,19.7919
2023-11-24,3.4900,5.5614,2.7053,2.0557,19.9034
2023-11-27,3.5100,5.5325,2.7108,2.0409,20.7025
2023-11-28,3.5000,5.5469,2.6898,2.0622,19.6432
2023-11-29,3.4600,5.6201,2.6826,2.0950,17.8963
2023-11-30,3.5100,5.5325,2.6680,2.0737,19.1600
2023-12-01,3.5300,5.5039,2.6625,2.0672,19.4388
2023-12-04,3.5300,5.5039,2.6725,2.0595,19.7547
2023-12-05,3.4900,5.5614,2.6650,2.0868,18.4538
2023-12-06,3.4600,5.6201,2.6725,2.1029,17.5432
2023-12-07,3.4700,5.5906,2.6640,2.0986,17.7476
2023-12-08,3.4800,5.5759,2.6636,2.0934,18.0078
2023-12-11,3.4700,5.5906,2.6440,2.1144,16.9299
2023-12-12,3.5100,5.5325,2.6375,2.0976,17.8034
2023-12-13,3.4800,5.5759,2.6226,2.1261,16.3167
2023-12-14,3.4600,5.6201,2.6376,2.1308,16.0937
2023-12-15,3.4200,5.6800,2.6227,2.1657,14.2539
2023-12-18,3.4700,5.6053,2.6126,2.1455,15.2760
2023-12-19,3.4600,5.6201,2.6191,2.1458,15.2574
2023-12-20,3.4700,5.6053,2.6222,2.1376,15.7592
2023-12-21,3.4500,5.6349,2.5901,2.1756,13.9193
2023-12-22,3.4400,5.6499,2.5877,2.1834,13.4733
2023-12-25,3.4700,5.6053,2.5678,2.1829,13.5105
2023-12-26,3.4500,5.6349,2.5804,2.1837,13.4547
2023-12-27,3.4100,5.6952,2.5577,2.2267,12.2096
2023-12-28,3.4100,5.6952,2.5694,2.2165,12.4884
2023-12-29,3.4100,5.6952,2.5553,2.2288,12.0981
2024-01-02,3.4300,5.6915,2.5601,2.2232,12.3583
2024-01-03,3.4300,5.6915,2.5531,2.2293,12.0795
2024-01-04,3.4300,5.6915,2.5368,2.2436,11.6521
2024-01-05,3.4700,5.6168,2.5175,2.2311,12.0052
2024-01-08,3.4300,5.6915,2.5136,2.2643,11.2433
2024-01-09,3.4700,5.6316,2.4862,2.2651,11.2061
2024-01-10,3.4300,5.6915,2.4982,2.2782,10.6300
2024-01-11,3.3900,5.7527,2.4992,2.3018,10.1282
2024-01-12,3.4100,5.7219,2.5172,2.2731,10.7972
2024-01-15,3.4100,5.7219,2.5212,2.2695,10.9831
2024-01-16,3.4900,5.5875,2.5252,2.2127,12.5999
2024-01-17,3.4700,5.6168,2.5077,2.2398,11.7822
2024-01-18,3.4200,5.7067,2.5092,2.2743,10.7601
2024-01-19,3.4400,5.6764,2.5027,2.2681,11.0760
2024-01-22,3.4100,5.7219,2.4922,2.2959,10.2955
2024-01-23,3.4100,5.7219,2.5042,2.2849,10.5185
2024-01-24,3.4900,5.5875,2.5042,2.2313,11.9866
2024-01-25,3.5400,5.5155,2.4984,2.2076,12.7671
2024-01-26,3.6500,5.3500,2.4994,2.1405,15.4990
2024-01-29,3.6300,5.3769,2.4940,2.1559,14.7556
2024-01-30,3.6100,5.4040,2.4557,2.2006,12.9716
2024-01-31,3.6000,5.4177,2.4330,2.2268,12.1910
2024-02-01,3.5700,5.4592,2.4354,2.2416,11.7079
2024-02-02,3.6000,5.4177,2.4244,2.2347,11.9123
2024-02-05,3.6000,5.4177,2.4002,2.2572,11.4663
2024-02-06,3.6200,5.3904,2.4525,2.1979,13.0459
2024-02-07,3.6100,5.4040,2.4153,2.2374,11.8751
2024-02-08,3.6000,5.4177,2.4379,2.2223,12.3769
2024-02-19,3.6600,5.3367,2.4344,2.1922,13.2503
2024-02-20,3.7200,5.2451,2.4134,2.1733,13.9937
2024-02-21,3.7500,5.2068,2.4119,2.1588,14.5884
2024-02-22,3.7500,5.2068,2.4033,2.1665,14.2353
2024-02-23,3.7700,5.1816,2.4009,2.1582,14.6441
2024-02-26,3.6700,5.3234,2.3789,2.2378,11.8565
2024-02-27,3.6800,5.2970,2.3809,2.2248,12.3211
2024-02-28,3.6900,5.2840,2.3376,2.2604,11.3734
2024-02-29,3.6800,5.2970,2.3375,2.2661,11.1875
2024-03-01,3.7000,5.2709,2.3675,2.2264,12.2468
2024-03-04,3.6700,5.3234,2.3475,2.2677,11.1132
2024-03-05,3.7100,5.2580,2.3169,2.2694,11.0017
2024-03-06,3.7100,5.2580,2.2650,2.3214,9.6265
2024-03-07,3.7200,5.2451,2.2776,2.3029,10.0725
2024-03-08,3.7100,5.2580,2.2825,2.3036,10.0539
2024-03-11,3.6900,5.2840,2.3050,2.2924,10.3512
2024-03-12,3.6700,5.3234,2.3476,2.2676,11.1318
2024-03-13,3.6200,5.3904,2.3326,2.3109,9.9052
2024-03-14,3.6000,5.4177,2.3425,2.3128,9.8681
2024-03-15,3.6400,5.3634,2.3200,2.3118,9.8866
2024-03-18,3.6300,5.3769,2.2926,2.3453,9.1433
2024-03-19,3.6000,5.4177,2.2801,2.3761,8.3628
2024-03-20,3.6100,5.4040,2.2951,2.3546,8.9017
2024-03-21,3.6100,5.4040,2.2851,2.3649,8.6973
2024-03-22,3.6100,5.4040,2.3051,2.3444,9.1619
2024-03-25,3.6200,5.3904,2.3151,2.3284,9.4406
2024-03-26,3.6600,5.3367,2.3175,2.3028,10.0911
2024-03-27,3.7100,5.2580,2.2876,2.2985,10.1840
2024-03-28,3.7000,5.2709,2.3026,2.2891,10.3884
2024-03-29,3.6900,5.2840,2.2901,2.3073,9.9981
2024-04-01,3.6700,5.3234,2.3082,2.3063,10.0167
2024-04-02,3.7000,5.2709,2.2927,2.2990,10.1468
2024-04-03,3.6800,5.3102,2.2837,2.3253,9.5150
2024-04-08,3.6600,5.3367,2.2822,2.3384,9.2362
2024-04-09,3.6300,5.3769,2.2802,2.3581,8.8645
2024-04-10,3.6200,5.3904,2.2972,2.3465,9.1061
2024-04-11,3.5900,5.4315,2.2928,2.3689,8.5300
2024-04-12,3.5700,5.4731,2.2837,2.3966,8.1212
2024-04-15,3.6300,5.3769,2.2798,2.3585,8.8459
2024-04-16,3.6000,5.4177,2.2723,2.3842,8.2513
2024-04-17,3.6800,5.3102,2.2608,2.3488,9.0504
2024-04-18,3.7000,5.2709,2.2537,2.3388,9.2176
2024-04-19,3.6800,5.3102,2.2540,2.3559,8.8831
2024-04-22,3.6400,5.3634,2.2435,2.3906,8.1955
2024-04-23,3.6100,5.4040,2.2260,2.4277,7.8424
2024-04-24,3.6200,5.3904,2.2727,2.3718,8.4557
2024-04-25,3.6300,5.3769,2.2612,2.3779,8.3256
2024-04-26,3.6000,5.4177,2.3084,2.3470,9.0689
2024-04-29,3.6300,5.3769,2.3530,2.2851,10.4999
2024-04-30,3.6000,5.4177,2.3028,2.3527,8.9946
2024-05-06,3.5700,5.4592,2.3081,2.3652,8.6787
2024-05-07,3.5600,5.4872,2.2896,2.3966,8.1398
2024-05-08,3.5400,5.5155,2.2955,2.4027,8.0468
2024-05-09,3.5500,5.5013,2.3186,2.3727,8.4371
2024-05-10,3.5700,5.4731,2.3122,2.3671,8.6043
2024-05-13,3.5600,5.4872,2.2900,2.3962,8.1583
2024-05-14,3.5500,5.5013,2.2938,2.3983,8.0840
2024-05-15,3.5400,5.5155,2.3020,2.3960,8.1769
2024-05-16,3.5600,5.4872,2.3147,2.3706,8.4743
2024-05-17,3.6100,5.4040,2.3077,2.3417,9.1804
2024-05-20,3.6200,5.3904,2.3105,2.3330,9.2548
2024-05-21,3.6400,5.3634,2.3141,2.3177,9.7380
2024-05-22,3.6800,5.3102,2.3123,2.2965,10.2583
2024-05-23,3.6400,5.3634,2.3063,2.3255,9.4964
2024-05-24,3.6300,5.3769,2.3134,2.3242,9.5707
2024-05-27,3.6300,5.3769,2.3084,2.3293,9.4035
2024-05-28,3.5900,5.4315,2.2994,2.3621,8.7716
2024-05-29,3.5700,5.4731,2.2776,2.4030,8.0282
2024-05-30,3.5500,5.5013,2.2826,2.4101,7.9539
2024-05-31,3.5700,5.4731,2.2926,2.3873,8.2327
2024-06-03,3.5200,5.5440,2.2853,2.4259,7.8796
2024-06-04,3.5200,5.5440,2.2854,2.4258,7.8982
2024-06-05,3.5000,5.5729,2.2808,2.4434,7.7123
2024-06-06,3.4700,5.6168,2.2828,2.4605,7.6380
2024-06-07,3.5100,5.5584,2.2833,2.4344,7.7681
2024-06-11,3.4600,5.6464,2.2791,2.4775,7.5079
2024-06-12,3.4700,5.6316,2.2760,2.4743,7.5265
2024-06-13,3.4400,5.6764,2.2678,2.5030,7.3221
2024-06-14,3.4400,5.6764,2.2558,2.5164,7.2106
2024-06-17,3.4000,5.7373,2.2609,2.5376,7.0061
2024-06-18,3.4200,5.7067,2.2537,2.5321,7.0805
2024-06-19,3.4400,5.6764,2.2429,2.5308,7.0991
2024-06-20,3.4000,5.7373,2.2445,2.5562,6.6159
2024-06-21,3.4000,5.7373,2.2571,2.5419,6.9318
2024-06-24,3.3600,5.8152,2.2451,2.5902,6.1327
2024-06-25,3.3700,5.7838,2.2350,2.5878,6.1884
2024-06-26,3.4100,5.7219,2.2225,2.5745,6.3371
2024-06-27,3.4300,5.6915,2.2081,2.5776,6.2999
2024-06-28,3.4600,5.6464,2.2058,2.5598,6.5415
2024-07-01,3.4700,5.6168,2.2486,2.4979,7.4150
2024-07-02,3.5300,5.5297,2.2369,2.4720,7.6008
2024-07-03,3.5200,5.5440,2.2426,2.4721,7.5822
2024-07-04,3.5100,5.5584,2.2502,2.4702,7.6194
2024-07-05,3.4900,5.5875,2.2754,2.4556,7.6752
2024-07-08,3.5100,5.5584,2.2904,2.4268,7.8610
2024-07-09,3.5300,5.5297,2.2698,2.4362,7.7495
2024-07-10,3.5500,5.5013,2.2707,2.4227,7.9167
2024-07-11,3.5500,5.5013,2.2648,2.4290,7.8238
2024-07-12,3.6100,5.7373,2.2604,2.5382,6.9875
2024-07-15,3.6300,5.6915,2.2541,2.5250,7.1548
2024-07-16,3.6400,5.6764,2.2613,2.5102,7.2849
2024-07-17,3.6700,5.6316,2.2598,2.4921,7.4521
2024-07-18,3.6700,5.6316,2.2673,2.4838,7.4893
2024-07-19,3.6600,5.6464,2.2614,2.4969,7.4336
2024-07-22,3.6300,5.6915,2.2461,2.5339,7.0433
2024-07-23,3.6200,5.7219,2.2322,2.5633,6.4672
2024-07-24,3.5400,5.8470,2.2381,2.6125,6.0026
2024-07-25,3.4400,6.0112,2.2168,2.7117,5.6309
2024-07-26,3.4100,6.0623,2.1944,2.7626,5.3893
2024-07-29,3.4900,5.9280,2.1574,2.7478,5.4079
2024-07-30,3.4200,6.0452,2.1480,2.8143,5.2221
2024-07-31,3.4300,6.0282,2.1494,2.8046,5.2778
2024-08-01,3.4200,6.0452,2.1297,2.8385,5.0920
2024-08-02,3.4100,6.0623,2.1277,2.8492,5.0177
2024-08-05,3.3700,6.1318,2.1376,2.8685,4.8876
2024-08-06,3.3600,6.1494,2.1491,2.8614,4.9433
2024-08-07,3.3400,6.1850,2.1414,2.8883,4.8318
2024-08-08,3.3300,6.2209,2.1810,2.8523,4.9805
2024-08-09,3.3300,6.2209,2.1986,2.8295,5.1849
2024-08-12,3.2900,6.2941,2.2508,2.7964,5.3336
2024-08-13,3.3200,6.2391,2.2255,2.8035,5.2964
2024-08-14,3.2900,6.2941,2.1966,2.8654,4.9247
2024-08-15,3.3300,6.2029,2.2050,2.8131,5.2407
2024-08-16,3.3500,6.1671,2.1978,2.8060,5.2592
2024-08-19,3.3900,6.0969,2.1816,2.7947,5.3522
2024-08-20,3.3600,6.1494,2.1710,2.8325,5.1477
2024-08-21,3.3500,6.1671,2.1670,2.8459,5.0362
2024-08-22,3.3700,6.1318,2.1582,2.8412,5.0734
2024-08-23,3.3600,6.1494,2.1547,2.8539,4.9619
2024-08-26,3.3800,6.1143,2.1628,2.8270,5.2035
2024-08-27,3.3700,6.1318,2.1903,2.7995,5.3150
2024-08-28,3.3600,6.1494,2.1673,2.8374,5.1106
2024-08-29,3.3000,6.2757,2.1703,2.8916,4.8132
2024-08-30,3.3200,6.2391,2.1704,2.8746,4.8504
2024-09-02,3.3600,6.1494,2.1457,2.8659,4.9062
2024-09-03,3.3200,6.2391,2.1432,2.9111,4.7389
2024-09-04,3.3000,6.2757,2.1336,2.9414,4.6460
2024-09-05,3.3000,6.2757,2.1338,2.9411,4.6646
2024-09-06,3.3000,6.2757,2.1388,2.9342,4.6831
2024-09-09,3.2000,6.4653,2.1267,3.0401,4.4044
2024-09-10,3.2100,6.4458,2.1143,3.0487,4.3672
2024-09-11,3.1600,6.5443,2.1044,3.1098,4.0513
2024-09-12,3.2300,6.4072,2.0998,3.0513,4.3301
2024-09-13,3.2100,6.4458,2.0724,3.1103,4.0327
2024-09-18,3.2700,6.3314,2.0403,3.1032,4.1442
2024-09-19,3.3000,6.2757,2.0450,3.0688,4.2557
2024-09-20,3.3200,6.2391,2.0431,3.0537,4.3115
2024-09-23,3.3800,6.1143,2.0381,3.0000,4.4973
2024-09-24,3.4500,5.9944,2.0728,2.8919,4.7946
2024-09-25,3.5300,5.8630,2.0437,2.8688,4.8690
2024-09-26,3.6600,5.6464,2.0787,2.7163,5.5938
2024-09-27,3.6700,5.6316,2.1714,2.5935,6.1141
2024-09-30,3.8900,5.3234,2.1518,2.4739,7.5451
2024-10-08,3.9900,5.1816,2.1928,2.3630,8.7530
2024-10-09,3.7100,5.5729,2.1760,2.5611,6.5044
2024-10-10,3.8400,5.3904,2.1441,2.5141,7.2477
2024-10-11,3.7600,5.5013,2.1392,2.5717,6.4486
2024-10-14,3.8400,5.3904,2.1368,2.5227,7.1734
2024-10-15,3.7700,5.4872,2.1254,2.5817,6.2442
2024-10-16,3.8200,5.4177,2.1331,2.5398,6.9690
2024-10-17,3.7600,5.5013,2.1084,2.6092,6.0212
2024-10-18,3.7800,5.4731,2.1209,2.5806,6.2628
2024-10-21,3.7800,5.4731,2.1211,2.5803,6.2814
2024-10-22,3.7700,5.4872,2.1458,2.5572,6.5787
2024-10-23,3.7700,5.4872,2.1559,2.5452,6.8575
2024-10-24,3.7800,5.4731,2.1661,2.5267,7.1362
2024-10-25,3.7600,5.5013,2.1539,2.5541,6.6716
2024-10-28,3.7500,5.5155,2.1617,2.5515,6.7274
2024-10-29,3.7200,5.5584,2.1598,2.5736,6.4114
2024-10-30,3.6900,5.6021,2.1597,2.5939,6.0955
2024-10-31,3.6500,5.6614,2.1476,2.6362,5.9097
2024-11-01,3.6600,5.6464,2.1406,2.6378,5.8911
2024-11-04,3.6900,5.6021,2.1275,2.6332,5.9654
2024-11-05,3.7400,5.5297,2.1106,2.6200,5.9840
2024-11-06,3.7400,5.5297,2.1234,2.6042,6.0398
2024-11-07,3.8300,5.4040,2.1115,2.5593,6.5601
2024-11-08,3.8000,5.4453,2.1067,2.5848,6.2070
2024-11-11,3.8000,5.4453,2.0920,2.6029,6.0584
2024-11-12,3.7600,5.5013,2.0729,2.6539,5.8725
2024-11-13,3.8000,5.6316,2.0876,2.6976,5.6867
2024-11-14,3.7700,5.6764,2.0808,2.7280,5.5194
2024-11-15,3.7700,5.6764,2.0948,2.7098,5.6495
2024-11-18,4.0500,5.2840,2.1117,2.5022,7.3778
2024-11-19,4.1600,5.1442,2.0947,2.4558,7.6566
2024-11-20,4.0600,5.2709,2.1025,2.5070,7.3035
2024-11-21,3.9900,5.3634,2.0843,2.5732,6.4300
2024-11-22,3.8700,5.5297,2.0832,2.6544,5.8539
2024-11-25,3.8900,5.5013,2.0682,2.6599,5.8353
2024-11-26,3.9300,5.4453,2.0657,2.6361,5.9283
2024-11-27,3.9500,5.4177,2.0553,2.6360,5.9469
2024-11-28,3.9400,5.4315,2.0304,2.6751,5.7796
2024-11-29,3.9600,5.4040,2.0206,2.6745,5.7982
2024-12-02,3.9800,5.3769,1.9810,2.7142,5.6123
2024-12-03,4.0400,5.2970,1.9886,2.6637,5.8168
2024-12-04,4.0500,5.2840,1.9612,2.6943,5.7238
2024-12-05,4.0200,5.3234,1.9462,2.7353,5.5008
2024-12-06,4.0600,5.2709,1.9539,2.6976,5.7053
2024-12-09,4.0700,5.2580,1.9168,2.7431,5.4451
2024-12-10,4.0900,5.2323,1.8468,2.8332,5.1292
2024-12-11,4.0600,5.2709,1.8218,2.8932,4.7761
2024-12-12,4.1400,5.1691,1.8172,2.8445,5.0548
2024-12-13,4.0600,5.2709,1.7771,2.9660,4.5902
2024-12-16,4.0700,5.2580,1.7215,3.0543,4.2929
2024-12-17,4.0200,5.3234,1.7237,3.0884,4.2185
2024-12-18,4.0700,5.2580,1.7564,2.9936,4.5159
2024-12-19,4.0300,5.3102,1.7417,3.0489,4.3486
2024-12-20,4.0300,5.3102,1.7018,3.1203,3.9955
2024-12-23,4.0700,5.2580,1.7019,3.0895,4.2000
2024-12-24,4.1000,5.2195,1.7166,3.0406,4.3858
2024-12-25,4.1200,5.1942,1.7365,2.9912,4.5345
2024-12-26,4.0800,5.2451,1.7122,3.0634,4.2743
2024-12-27,4.1000,5.2195,1.6929,3.0832,4.2371
2024-12-30,4.1900,5.1074,1.7128,2.9819,4.5531
2024-12-31,4.1300,5.1816,1.6752,3.0931,4.1814
2025-01-02,4.0100,8.6284,1.6077,5.3669,0.0929
2025-01-03,4.0000,8.6500,1.6041,5.3924,0.0558
2025-01-06,4.0200,8.6070,1.5966,5.3908,0.0743
2025-01-07,4.0600,8.5222,1.6093,5.2956,0.2788
2025-01-08,4.0400,8.5644,1.6069,5.3298,0.2230
2025-01-09,4.0000,8.6500,1.6368,5.2847,0.2973
2025-01-10,3.9700,8.7154,1.6338,5.3344,0.2044
2025-01-13,3.9300,8.8041,1.6592,5.3062,0.2416
2025-01-14,4.0200,8.6070,1.6446,5.2335,0.4832
2025-01-15,4.0300,8.5856,1.6330,5.2576,0.3717
2025-01-16,4.0400,8.5644,1.6394,5.2241,0.5203
2025-01-17,4.0100,8.6284,1.6593,5.2000,0.6690
2025-01-20,4.0600,8.5222,1.6747,5.0888,0.8363
2025-01-21,4.0800,8.4804,1.6496,5.1409,0.7248
2025-01-22,4.0300,8.5856,1.6602,5.1714,0.7062
2025-01-23,4.1500,8.3373,1.6645,5.0089,0.9292
2025-01-24,4.1000,8.4390,1.6565,5.0945,0.7991
2025-01-27,4.1500,8.3373,1.6299,5.1152,0.7619
2025-02-05,4.0900,8.4597,1.6207,5.2198,0.5389
2025-02-06,4.0900,8.4597,1.5958,5.3012,0.2602
2025-02-07,4.1100,8.4185,1.6032,5.2511,0.3903
2025-02-10,4.1500,8.3373,1.6342,5.1018,0.7805
2025-02-11,4.1500,8.3373,1.6274,5.1231,0.7434
2025-02-12,4.1600,8.3173,1.6336,5.0914,0.8177
2025-02-13,4.1700,8.2974,1.6346,5.0761,0.8549
2025-02-14,4.1800,8.2775,1.6546,5.0027,0.9478
2025-02-17,4.1900,8.2578,1.6934,4.8765,1.1894
2025-02-18,4.2200,8.1991,1.7006,4.8213,1.3380
2025-02-19,4.1700,8.2974,1.6626,4.9906,0.9664
2025-02-20,4.1600,8.3173,1.6850,4.9361,1.0407
2025-02-21,4.1300,8.3777,1.7200,4.8708,1.2080
2025-02-24,4.1200,8.3981,1.7625,4.7649,1.4867
2025-02-25,4.1000,8.4390,1.7275,4.8851,1.1522
2025-02-26,4.1200,8.3981,1.7251,4.8682,1.2265
2025-02-27,4.1300,8.3777,1.7576,4.7666,1.4681
2025-02-28,4.1200,8.3981,1.7152,4.8963,1.1150
2025-03-03,4.1500,8.3373,1.6955,4.9173,1.0779
2025-03-04,4.1500,8.3373,1.7079,4.8816,1.1708
2025-03-05,4.2000,8.2381,1.7083,4.8224,1.3195
2025-03-06,4.1400,8.3575,1.7455,4.7880,1.4124
2025-03-07,4.1300,8.3777,1.8002,4.6538,1.6354
2025-03-10,4.1000,8.4390,1.8128,4.6552,1.6168
2025-03-11,4.1100,8.4185,1.8853,4.4653,1.8770
2025-03-12,4.1000,8.4390,1.8334,4.6029,1.7283
2025-03-13,4.1200,8.3981,1.8565,4.5236,1.8212
2025-03-14,4.1600,8.3173,1.8317,4.5408,1.8026
2025-03-17,4.1600,8.3173,1.8957,4.3875,2.0442
2025-03-18,4.1500,8.3373,1.8885,4.4148,1.9699
2025-03-19,4.1600,8.3173,1.8708,4.4459,1.9327
2025-03-20,4.1400,8.3575,1.8309,4.5647,1.7655
2025-03-21,4.0900,8.4597,1.8458,4.5832,1.7469
2025-03-24,4.0800,8.4804,1.8413,4.6057,1.6911
2025-03-25,4.0800,8.4804,1.8183,4.6639,1.5982
2025-03-26,4.0400,8.5644,1.7943,4.7731,1.4310
2025-03-27,4.0400,8.5644,1.8062,4.7417,1.5425
2025-03-28,4.0200,8.6070,1.8126,4.7484,1.5239
2025-03-31,3.9000,8.8718,1.8129,4.8937,1.1336
2025-04-01,3.9500,8.7595,1.8104,4.8384,1.2637
2025-04-02,4.0100,8.6284,1.7887,4.8238,1.3009
2025-04-03,3.9900,8.6717,1.7180,5.0476,0.8734
2025-04-07,3.8000,9.1053,1.6318,5.5799,0.0186
2025-04-08,3.8900,8.8946,1.6633,5.3476,0.1673
2025-04-09,3.9100,8.8491,1.6508,5.3605,0.1301
2025-04-10,3.8900,8.8946,1.6444,5.4090,0.0372
2025-04-11,3.9800,8.6935,1.6568,5.2472,0.4088
2025-04-14,3.9500,8.7595,1.6584,5.2819,0.3159
2025-04-15,4.0100,8.6284,1.6583,5.2032,0.6504
2025-04-16,4.0200,8.6070,1.6430,5.2386,0.4460
2025-04-17,4.0200,8.6070,1.6522,5.2094,0.6319
2025-04-18,4.0200,8.6070,1.6493,5.2186,0.5575
2025-04-21,3.9800,8.6935,1.6664,5.2169,0.5947
2025-04-22,4.0100,8.6284,1.6509,5.2265,0.5018
2025-04-23,3.9700,8.7154,1.6611,5.2468,0.4274
2025-04-24,3.9700,8.7154,1.6640,5.2376,0.4646
2025-04-25,3.9500,8.7595,1.6606,5.2749,0.3345
2025-04-28,3.9800,8.6935,1.6483,5.2742,0.3531
2025-04-29,3.9700,8.7154,1.6241,5.3663,0.1115
2025-04-30,3.9800,8.6935,1.6243,5.3522,0.1487
2025-05-06,3.9700,8.7154,1.6298,5.3475,0.1858
2025-05-07,4.0400,8.5644,1.6418,5.2165,0.6133
2025-05-08,4.0600,8.5222,1.6331,5.2184,0.5761
2025-05-09,4.0900,8.4597,1.6351,5.1738,0.6876
2025-05-12,4.0800,8.4804,1.6880,5.0239,0.8920
2025-05-13,4.1300,8.3777,1.6704,5.0154,0.9106
2025-05-14,4.2000,8.2381,1.6736,4.9224,1.0593
2025-05-15,4.1500,8.3373,1.6798,4.9633,1.0221
2025-05-16,4.1300,8.3777,1.6793,4.9888,0.9849
2025-05-19,4.1200,8.3981,1.6893,4.9713,1.0035
2025-05-20,4.1400,8.3575,1.7004,4.9150,1.0965
2025-05-21,4.1600,8.3173,1.7100,4.8639,1.2451
2025-05-22,4.2000,8.2381,1.7186,4.7935,1.3752
2025-05-23,4.1600,8.3173,1.7208,4.8334,1.2823
2025-05-26,4.2000,8.2381,1.7201,4.7893,1.3938
2025-05-27,4.2700,8.1030,1.7261,4.6944,1.5610
2025-05-28,4.2800,8.0841,1.6832,4.8028,1.3566
2025-05-29,4.3000,8.0465,1.6877,4.7677,1.4495
2025-05-30,4.3500,7.9540,1.6712,4.7595,1.5053
2025-06-03,4.4800,7.7232,1.6764,4.6070,1.6726
2025-06-04,4.5000,7.6889,1.6704,4.6030,1.7097
2025-06-05,4.4500,7.7753,1.6741,4.6445,1.6540
2025-06-06,4.4800,7.7232,1.6547,4.6674,1.5796
2025-06-09,4.5900,7.5381,1.6559,4.5523,1.7841
2025-06-10,4.7200,7.3305,1.6569,4.4242,1.9513
2025-06-11,4.7300,7.3150,1.6420,4.4549,1.9141
2025-06-12,4.8000,7.2083,1.6475,4.3753,2.0814
2025-06-13,4.7700,7.2537,1.6440,4.4122,1.9885
2025-06-16,4.8000,7.2083,1.6432,4.3867,2.0628
2025-06-17,4.7200,7.3305,1.6364,4.4797,1.8584
2025-06-18,4.7400,7.2996,1.6384,4.4553,1.8956
2025-06-19,4.6800,7.3932,1.6425,4.5012,1.8398
2025-06-20,4.7900,7.2234,1.6396,4.4056,2.0071
2025-06-23,4.8000,7.2083,1.6418,4.3905,2.0256
