date,收盘价(前复权)(元),股息率(Tushare)(%),十年,股债性价比,温度计
2009-01-05,2.0300,1.3510,2.7300,0.4949,75.7495
2009-01-06,2.0700,1.3243,2.6909,0.4921,75.8565
2009-01-07,2.0400,1.3442,2.6711,0.5032,75.4283
2009-01-08,1.9700,1.3932,2.6716,0.5215,74.7591
2009-01-09,1.9900,1.3753,2.6722,0.5147,74.9465
2009-01-12,1.9900,1.3789,2.7000,0.5107,75.0535
2009-01-13,1.9500,1.4042,2.8257,0.4969,75.6692
2009-01-14,2.0200,1.3613,2.8818,0.4724,76.8469
2009-01-15,2.0000,1.3683,2.9897,0.4577,78.0782
2009-01-16,2.0500,1.3375,2.9940,0.4467,78.6938
2009-01-19,2.0900,1.3113,3.0123,0.4353,80.0857
2009-01-20,2.0900,1.3145,3.0995,0.4241,82.8694
2009-01-21,2.0700,1.3243,3.1398,0.4218,83.4582
2009-01-22,2.0800,1.3177,3.0619,0.4304,80.9422
2009-01-23,2.0600,1.3308,3.0367,0.4382,79.5236
2009-02-02,2.0600,1.3308,3.1433,0.4234,83.0567
2009-02-03,2.1100,1.2985,3.1766,0.4088,85.9475
2009-02-04,2.1800,1.2588,3.2946,0.3821,89.5075
2009-02-05,2.1700,1.2648,3.4013,0.3719,90.3908
2009-02-06,2.2300,1.2299,3.2967,0.3731,90.2302
2009-02-09,2.2700,1.2104,3.2690,0.3703,90.7120
2009-02-10,2.2900,1.1996,3.3001,0.3635,91.4079
2009-02-11,2.3400,1.1707,3.2323,0.3622,91.5418
2009-02-12,2.2900,1.1996,3.1271,0.3836,89.3737
2009-02-13,2.3500,1.1681,3.1321,0.3729,90.2837
2009-02-16,2.4700,1.1100,3.1547,0.3519,93.0942
2009-02-17,2.3800,1.1505,3.1897,0.3607,91.7291
2009-02-18,2.2700,1.2104,3.1703,0.3818,89.5343
2009-02-19,2.2700,1.2077,3.1385,0.3848,89.3201
2009-02-20,2.2900,1.1969,3.1583,0.3790,89.7752
2009-02-23,2.3600,1.1605,3.1555,0.3678,91.0064
2009-02-24,2.2500,1.2187,3.1508,0.3868,89.1328
2009-02-25,2.3200,1.1810,3.1412,0.3760,90.0161
2009-02-26,2.2500,1.2187,3.1447,0.3875,89.0257
2009-02-27,2.2100,1.2413,3.1508,0.3940,88.3030
2009-03-02,2.2200,1.2384,3.1582,0.3921,88.5171
2009-03-03,2.1800,1.2588,3.1755,0.3964,87.9550
2009-03-04,2.3100,1.1863,3.2075,0.3699,90.7923
2009-03-05,2.3600,1.1630,3.2310,0.3600,91.7827
2009-03-06,2.3200,1.1836,3.2291,0.3665,91.0867
2009-03-09,2.4200,1.1335,3.2036,0.3538,92.6392
2009-03-10,2.4200,1.1335,3.1780,0.3567,92.1574
2009-03-11,2.3600,1.1630,3.1331,0.3712,90.5246
2009-03-12,2.3300,1.1784,3.1524,0.3738,90.0964
2009-03-13,2.3300,1.1784,3.1480,0.3743,90.0696
2009-03-16,2.3800,1.1505,3.1534,0.3648,91.2206
2009-03-17,2.4300,1.1311,3.1249,0.3620,91.5685
2009-03-18,2.4000,1.1407,3.1000,0.3680,90.9529
2009-03-19,2.4200,1.1335,3.0768,0.3684,90.8726
2009-03-20,2.4200,1.1359,3.0772,0.3691,90.8458
2009-03-23,2.4600,1.1169,3.0831,0.3623,91.5150
2009-03-24,2.4400,1.1239,3.1295,0.3591,91.9433
2009-03-25,2.4000,1.1432,3.1297,0.3653,91.1670
2009-03-26,2.4800,1.1054,3.1606,0.3497,93.4957
2009-03-27,2.4700,1.1100,3.1594,0.3513,93.1745
2009-03-30,2.4600,1.1146,3.1608,0.3526,92.9604
2009-03-31,2.4500,1.1192,3.1612,0.3540,92.5857
2009-04-01,2.4700,1.1100,3.1618,0.3511,93.2548
2009-04-02,2.5000,1.0963,3.1714,0.3457,94.0310
2009-04-03,2.5700,1.0657,3.1805,0.3351,95.3426
2009-04-07,2.5400,1.0786,3.1805,0.3391,94.9679
2009-04-08,2.4300,1.1287,3.1869,0.3542,92.5589
2009-04-09,2.4500,1.1216,3.1949,0.3511,93.2816
2009-04-10,2.4900,1.1031,3.1954,0.3452,94.1381
2009-04-13,2.5200,1.0874,3.1953,0.3403,94.9411
2009-04-14,2.5100,1.0918,3.2044,0.3407,94.9143
2009-04-15,2.5000,1.0963,3.2114,0.3414,94.8073
2009-04-16,2.5600,1.0700,3.1841,0.3360,95.3158
2009-04-17,2.5100,1.0918,3.1634,0.3451,94.1649
2009-04-20,2.5600,1.0721,3.1412,0.3413,94.8608
2009-04-21,2.5200,1.0896,3.1616,0.3446,94.2719
2009-04-22,2.4700,1.1123,3.1609,0.3519,93.0675
2009-04-23,2.4500,1.1216,3.1618,0.3547,92.3983
2009-04-24,2.4300,1.1287,3.1571,0.3575,92.1039
2009-04-27,2.4100,1.1383,3.1579,0.3605,91.7559
2009-04-28,2.4600,1.1169,3.1532,0.3542,92.5321
2009-04-29,2.5300,1.0830,3.1286,0.3462,93.9507
2009-04-30,2.4900,1.1031,3.1072,0.3550,92.3448
2009-05-04,2.5500,1.0765,3.1092,0.3462,93.9240
2009-05-05,2.5400,1.0786,3.1036,0.3475,93.7366
2009-05-06,2.5700,1.0679,3.0795,0.3468,93.7901
2009-05-07,2.5600,1.0721,3.0739,0.3488,93.5760
2009-05-08,2.6500,1.0348,3.0701,0.3371,95.1820
2009-05-11,2.6000,1.0552,3.0698,0.3437,94.5128
2009-05-12,2.6400,1.0388,3.0662,0.3388,94.9946
2009-05-13,2.6300,1.0449,3.0365,0.3441,94.4058
2009-05-14,2.5700,1.0679,3.0318,0.3522,92.9872
2009-05-15,2.5900,1.0573,3.0321,0.3487,93.6028
2009-05-18,2.6400,1.0388,3.0277,0.3431,94.5664
2009-05-19,2.6500,1.0368,3.0384,0.3412,94.8876
2009-05-20,2.6300,1.0449,3.0386,0.3439,94.4325
2009-05-21,2.5700,1.0657,3.0388,0.3507,93.3619
2009-05-22,2.5600,1.0700,3.0434,0.3516,93.1210
2009-05-25,2.5600,1.0721,3.0441,0.3522,93.0139
2009-05-26,2.5400,1.0786,3.0546,0.3531,92.8801
2009-05-27,2.6000,1.0531,3.0390,0.3465,93.8437
2009-06-01,2.6500,1.0348,3.0615,0.3380,95.1017
2009-06-02,2.6200,1.0470,3.0515,0.3431,94.5396
2009-06-03,2.7200,1.0075,3.0650,0.3287,95.6906
2009-06-04,2.7000,1.0171,3.1349,0.3244,95.7709
2009-06-05,2.6500,1.0368,3.1474,0.3294,95.6638
2009-06-08,2.7300,1.0038,3.1543,0.3182,95.8512
2009-06-09,2.8100,0.9763,3.1481,0.3101,96.0921
2009-06-10,2.8700,0.9554,3.1660,0.3018,96.2527
2009-06-11,2.8800,0.9537,3.1700,0.3009,96.3330
2009-06-12,2.7800,0.9853,3.1868,0.3092,96.1456
2009-06-15,2.9500,0.9304,3.1947,0.2912,96.6274
2009-06-16,2.9000,0.9469,3.1476,0.3008,96.3597
2009-06-17,2.9100,0.9436,3.1332,0.3012,96.2794
2009-06-18,2.9700,0.9240,3.1536,0.2930,96.5471
2009-06-19,2.9800,0.9192,3.1543,0.2914,96.6006
2009-06-22,3.0600,0.8961,3.1876,0.2811,96.8951
2009-06-23,3.1400,0.8742,3.2325,0.2704,97.4572
2009-06-24,3.0900,0.8872,3.2397,0.2739,97.2430
2009-06-25,3.0700,0.8932,3.2525,0.2746,97.1360
2009-06-26,3.0900,0.8872,3.2628,0.2719,97.3769
2009-06-30,3.0600,0.8961,3.2403,0.2765,97.0824
2009-07-01,3.1000,0.8858,3.2300,0.2742,97.1895
2009-07-02,3.1100,0.8828,3.2277,0.2735,97.2966
2009-07-03,3.0800,0.8917,3.2534,0.2741,97.2163
2009-07-06,3.2200,0.8519,3.2702,0.2605,97.7248
2009-07-07,3.1700,0.8657,3.2706,0.2647,97.6445
2009-07-08,3.1200,0.8785,3.2709,0.2686,97.4839
2009-07-09,3.1900,0.8601,3.3068,0.2601,97.7784
2009-07-10,3.2300,0.8506,3.3056,0.2573,97.8854
2009-07-13,3.1200,0.8785,3.3060,0.2657,97.5910
2009-07-14,3.1600,0.8671,3.3322,0.2602,97.7516
2009-07-15,3.1700,0.8643,3.3816,0.2556,97.9122
2009-07-16,3.3100,0.8282,3.4421,0.2406,98.3405
2009-07-17,3.2700,0.8386,3.4510,0.2430,98.2334
2009-07-20,3.3500,0.8180,3.4780,0.2352,98.5278
2009-07-21,3.2800,0.8372,3.4697,0.2413,98.3137
2009-07-22,3.2900,0.8333,3.4522,0.2414,98.2869
2009-07-23,3.3100,0.8412,3.4511,0.2437,98.2066
2009-07-24,3.3000,0.8438,3.4588,0.2440,98.1799
2009-07-27,3.3600,0.8295,3.5091,0.2364,98.4475
2009-07-28,3.3300,0.8372,3.4866,0.2401,98.3672
2009-07-29,3.2500,0.8574,3.5020,0.2448,98.0996
2009-07-30,3.3600,0.8295,3.4905,0.2376,98.3940
2009-07-31,3.4000,0.8180,3.5030,0.2335,98.6081
2009-08-03,3.3900,0.8206,3.5034,0.2342,98.5546
2009-08-04,3.4800,0.8009,3.5150,0.2279,98.8223
2009-08-05,3.5600,0.7810,3.5165,0.2221,99.2238
2009-08-06,3.4100,0.8155,3.5167,0.2319,98.6884
2009-08-07,3.2700,0.8519,3.5168,0.2422,98.2602
2009-08-10,3.2400,0.8601,3.5177,0.2445,98.1263
2009-08-11,3.2400,0.8587,3.5180,0.2441,98.1531
2009-08-12,3.0700,0.9068,3.5209,0.2575,97.8587
2009-08-13,3.1200,0.8917,3.5187,0.2534,97.9390
2009-08-14,2.9700,0.9370,3.5180,0.2663,97.5642
2009-08-17,2.8200,0.9871,3.5231,0.2802,96.9218
2009-08-18,2.8600,0.9727,3.5242,0.2760,97.1092
2009-08-19,2.7200,1.0229,3.5255,0.2901,96.6809
2009-08-20,2.8200,0.9889,3.5162,0.2812,96.8683
2009-08-21,2.8300,0.9835,3.5276,0.2788,96.9486
2009-08-24,2.8000,0.9926,3.4886,0.2845,96.7880
2009-08-25,2.6700,1.0429,3.4966,0.2983,96.4133
2009-08-26,2.6900,1.0368,3.4850,0.2975,96.4400
2009-08-27,2.7000,1.0308,3.4847,0.2958,96.4668
2009-08-28,2.6800,1.0388,3.4800,0.2985,96.3865
2009-08-31,2.5100,1.1100,3.4805,0.3189,95.8244
2009-09-01,2.5600,1.0896,3.4810,0.3130,96.0118
2009-09-02,2.7000,1.0328,3.4982,0.2952,96.4936
2009-09-03,2.7500,1.0133,3.4862,0.2907,96.6542
2009-09-04,2.7500,1.0133,3.4698,0.2920,96.5739
2009-09-07,2.8600,0.9727,3.4317,0.2834,96.8148
2009-09-08,2.8700,0.9692,3.4268,0.2828,96.8415
2009-09-09,2.9200,0.9537,3.4323,0.2779,97.0289
2009-09-10,2.9400,0.9469,3.4510,0.2744,97.1627
2009-09-11,3.0400,0.9161,3.4652,0.2644,97.6713
2009-09-14,3.0300,0.9177,3.4631,0.2650,97.6178
2009-09-15,3.0800,0.9037,3.4581,0.2613,97.6981
2009-09-16,2.9800,0.9353,3.4535,0.2708,97.4304
2009-09-17,3.0000,0.9288,3.4636,0.2682,97.5107
2009-09-18,2.8800,0.9657,3.4741,0.2780,97.0021
2009-09-21,2.9000,0.9605,3.5132,0.2734,97.3233
2009-09-22,2.8400,0.9799,3.5212,0.2783,96.9754
2009-09-23,2.7800,1.0000,3.5126,0.2847,96.7612
2009-09-24,2.9000,0.9605,3.5096,0.2737,97.2698
2009-09-25,2.9600,0.9402,3.5101,0.2679,97.5375
2009-09-28,2.8800,0.9657,3.4917,0.2766,97.0557
2009-09-29,2.9200,0.9537,3.5000,0.2725,97.3501
2009-09-30,2.9200,0.9520,3.5132,0.2710,97.4036
2009-10-09,3.0100,0.9240,3.5542,0.2600,97.8051
2009-10-12,3.0000,0.9288,3.6043,0.2577,97.8319
2009-10-13,3.0300,0.9192,3.6305,0.2532,97.9657
2009-10-14,3.0300,0.9192,3.6787,0.2499,97.9925
2009-10-15,3.0700,0.9083,3.7000,0.2455,98.0728
2009-10-16,3.0300,0.9177,3.7058,0.2476,98.0193
2009-10-19,3.0700,0.9068,3.6789,0.2465,98.0460
2009-10-20,3.1900,0.8728,3.6773,0.2373,98.4208
2009-10-21,3.2000,0.8699,3.6933,0.2355,98.5011
2009-10-22,3.2600,0.8546,3.6587,0.2336,98.5814
2009-10-23,3.3800,0.8231,3.6920,0.2229,99.1702
2009-10-26,3.3700,0.8256,3.6925,0.2236,99.1167
2009-10-27,3.2400,0.8601,3.6905,0.2331,98.6349
2009-10-28,3.3100,0.8399,3.6855,0.2279,98.7955
2009-10-29,3.2600,0.8533,3.6818,0.2318,98.7152
2009-10-30,3.2700,0.8506,3.6886,0.2306,98.7420
2009-11-02,3.3500,0.8320,3.6920,0.2254,98.9829
2009-11-03,3.3400,0.8346,3.6944,0.2259,98.9561
2009-11-04,3.3300,0.8372,3.7038,0.2260,98.9293
2009-11-05,3.3400,0.8333,3.7247,0.2237,99.0899
2009-11-06,3.3700,0.8269,3.7303,0.2217,99.2505
2009-11-09,3.3600,0.8295,3.7313,0.2223,99.1970
2009-11-10,3.3500,0.8320,3.7281,0.2232,99.1435
2009-11-11,3.3200,0.8386,3.6988,0.2267,98.9026
2009-11-12,3.3200,0.8386,3.6918,0.2272,98.8758
2009-11-13,3.3500,0.8307,3.6921,0.2250,99.0632
2009-11-16,3.4800,0.7997,3.6927,0.2166,99.3308
2009-11-17,3.5900,0.7754,3.6956,0.2098,99.4111
2009-11-18,3.5800,0.7776,3.6885,0.2108,99.3844
2009-11-19,3.5600,0.7822,3.6866,0.2122,99.3576
2009-11-20,3.6700,0.7578,3.6648,0.2068,99.4647
2009-11-23,3.6400,0.7654,3.6703,0.2085,99.4379
2009-11-24,3.4500,0.8082,3.6504,0.2214,99.2773
2009-11-25,3.4800,0.8009,3.6510,0.2194,99.3041
2009-11-26,3.3600,0.8282,3.6459,0.2272,98.8490
2009-11-27,3.2900,0.8452,3.5759,0.2364,98.4743
2009-11-30,3.3700,0.8256,3.5569,0.2321,98.6617
2009-12-01,3.4000,0.8180,3.5723,0.2290,98.7687
2009-12-02,3.4600,0.8045,3.5725,0.2252,99.0364
2009-12-03,3.4400,0.8094,3.5929,0.2253,99.0096
2009-12-04,3.7800,0.7359,3.5983,0.2045,99.4914
2009-12-07,3.9100,0.7124,3.6200,0.1968,99.5717
2009-12-08,3.9300,0.7086,3.6292,0.1952,99.6788
2009-12-09,3.7900,0.7349,3.6251,0.2027,99.5182
2009-12-10,3.9100,0.7124,3.6258,0.1965,99.5985
2009-12-11,3.8700,0.7191,3.6257,0.1983,99.5450
2009-12-14,4.2600,0.6540,3.6348,0.1799,99.8929
2009-12-15,4.2900,0.6493,3.6314,0.1788,99.9465
2009-12-16,4.2800,0.6509,3.6339,0.1791,99.9197
2009-12-17,4.0500,0.6868,3.6365,0.1889,99.8126
2009-12-18,4.0500,0.6868,3.6393,0.1887,99.8394
2009-12-21,3.9400,0.7058,3.6508,0.1933,99.7323
2009-12-22,3.9200,0.7105,3.6507,0.1946,99.7056
2009-12-23,3.8900,0.7152,3.6589,0.1955,99.6520
2009-12-24,4.0000,0.6957,3.6565,0.1903,99.7859
2009-12-25,3.8900,0.7152,3.6543,0.1957,99.6253
2009-12-28,3.9600,0.7030,3.6500,0.1926,99.7591
2009-12-29,4.0700,0.6833,3.6426,0.1876,99.8662
2009-12-30,4.3100,0.6454,3.6429,0.1772,100.0000
2009-12-31,4.2800,0.6501,3.6422,0.1785,99.9732
2010-01-04,4.2000,1.0570,3.6603,0.2888,96.7077
2010-01-05,4.2500,1.0441,3.6606,0.2852,96.7345
2010-01-06,4.1300,1.0743,3.6425,0.2949,96.5203
2010-01-07,3.9900,1.1121,3.6543,0.3043,96.1724
2010-01-08,4.0300,1.1021,3.6614,0.3010,96.3062
2010-01-11,3.9900,1.1136,3.6696,0.3035,96.1991
2010-01-12,4.0000,1.1107,3.6694,0.3027,96.2259
2010-01-13,3.7900,1.1701,3.7053,0.3158,95.9582
2010-01-14,3.8000,1.1685,3.6868,0.3169,95.9315
2010-01-15,3.8600,1.1496,3.6871,0.3118,96.0385
2010-01-18,3.8500,1.1543,3.6852,0.3132,95.9850
2010-01-19,3.9000,1.1373,3.6559,0.3111,96.0653
2010-01-20,3.7500,1.1831,3.6400,0.3250,95.7441
2010-01-21,3.8200,1.1621,3.6558,0.3179,95.8779
2010-01-22,3.9500,1.1238,3.6300,0.3096,96.1188
2010-01-25,3.8300,1.1590,3.6000,0.3219,95.7976
2010-01-26,3.9000,1.1389,3.5838,0.3178,95.9047
2010-01-27,3.7700,1.1766,3.5648,0.3301,95.6370
2010-01-28,3.6500,1.2151,3.5879,0.3387,95.0482
2010-01-29,3.6100,1.2309,3.5800,0.3438,94.4593
2010-02-01,3.4900,1.2731,3.5406,0.3596,91.8897
2010-02-02,3.4800,1.2750,3.4956,0.3647,91.3009
2010-02-03,3.6200,1.2256,3.4648,0.3537,92.7195
2010-02-04,3.5800,1.2416,3.5006,0.3547,92.4251
2010-02-08,3.4800,1.2750,3.4706,0.3674,91.0332
2010-02-09,3.5000,1.2675,3.4743,0.3648,91.2473
2010-02-10,3.5400,1.2526,3.4615,0.3619,91.5953
2010-02-11,3.5400,1.2544,3.4516,0.3634,91.4347
2010-02-12,3.6100,1.2291,3.4570,0.3555,92.2912
2010-02-22,3.5500,1.2507,3.5149,0.3558,92.2645
2010-02-23,3.5000,1.2675,3.5100,0.3611,91.6756
2010-02-24,3.5600,1.2453,3.4646,0.3594,91.9165
2010-02-25,3.6300,1.2221,3.4448,0.3548,92.3715
2010-02-26,3.6200,1.2273,3.3753,0.3636,91.3812
2010-03-01,3.7100,1.1980,3.3613,0.3564,92.1842
2010-03-02,3.7200,1.1947,3.3414,0.3575,92.0771
2010-03-03,3.7100,1.1964,3.3169,0.3607,91.7024
2010-03-04,3.5600,1.2453,3.3518,0.3715,90.4711
2010-03-05,3.5600,1.2471,3.3537,0.3719,90.3640
2010-03-08,3.5900,1.2362,3.3602,0.3679,90.9797
2010-03-09,3.7100,1.1964,3.3817,0.3538,92.6660
2010-03-10,3.6900,1.2014,3.4030,0.3530,92.9069
2010-03-11,3.7400,1.1880,3.4559,0.3438,94.4861
2010-03-12,3.6600,1.2116,3.4526,0.3509,93.3084
2010-03-15,3.5900,1.2362,3.4484,0.3585,92.0236
2010-03-16,3.6300,1.2221,3.4331,0.3560,92.2377
2010-03-17,3.7100,1.1964,3.3829,0.3537,92.7463
2010-03-18,3.6900,1.2031,3.3639,0.3577,92.0503
2010-03-19,3.7100,1.1980,3.3805,0.3544,92.4786
2010-03-22,3.7400,1.1864,3.4216,0.3467,93.8169
2010-03-23,3.6900,1.2031,3.4062,0.3532,92.8533
2010-03-24,3.7000,1.1997,3.3961,0.3533,92.8266
2010-03-25,3.6100,1.2291,3.4168,0.3597,91.8630
2010-03-26,3.7200,1.1947,3.4582,0.3455,94.0846
2010-03-29,3.8500,1.1527,3.4784,0.3314,95.6103
2010-03-30,3.8900,1.1419,3.4959,0.3266,95.7173
2010-03-31,3.8200,1.1605,3.4818,0.3333,95.5032
2010-04-01,3.8500,1.1527,3.4742,0.3318,95.5835
2010-04-02,3.8200,1.1605,3.4800,0.3335,95.4764
2010-04-06,3.8200,1.1621,3.5021,0.3318,95.5567
2010-04-07,3.7800,1.1733,3.5182,0.3335,95.4497
2010-04-08,3.7400,1.1864,3.5549,0.3337,95.3961
2010-04-09,3.7600,1.1814,3.5468,0.3331,95.5300
2010-04-12,3.6800,1.2065,3.5343,0.3414,94.8340
2010-04-13,3.7900,1.1717,3.5031,0.3345,95.3694
2010-04-14,3.7700,1.1782,3.5043,0.3362,95.2891
2010-04-15,3.7600,1.1814,3.5071,0.3369,95.2088
2010-04-16,3.6700,1.2099,3.4813,0.3475,93.7099
2010-04-19,3.4300,1.2944,3.4116,0.3794,89.7216
2010-04-20,3.3600,1.3204,3.4086,0.3874,89.0525
2010-04-21,3.3900,1.3083,3.4354,0.3808,89.6146
2010-04-22,3.2900,1.3497,3.4093,0.3959,88.0086
2010-04-26,3.1700,1.3984,3.3715,0.4148,85.0107
2010-04-27,3.0700,1.4482,3.3768,0.4289,81.4775
2010-04-28,3.0900,1.4384,3.3456,0.4299,81.1028
2010-04-29,3.0900,1.4384,3.3607,0.4280,81.8790
2010-04-30,3.1500,1.4076,3.3565,0.4194,84.0739
2010-05-04,3.0400,1.4581,3.3826,0.4311,80.7548
2010-05-05,3.0700,1.4482,3.3636,0.4306,80.8887
2010-05-06,2.8600,1.5509,3.3485,0.4632,77.5428
2010-05-07,2.7700,1.6004,3.2721,0.4891,75.9368
2010-05-10,2.8200,1.5738,3.3027,0.4765,76.4989
2010-05-11,2.7100,1.6404,3.2983,0.4973,75.5889
2010-05-12,2.8400,1.5651,3.2781,0.4774,76.4186
2010-05-13,2.8700,1.5481,3.2686,0.4736,76.7666
2010-05-14,2.8500,1.5594,3.2687,0.4771,76.4454
2010-05-17,2.7100,1.6404,3.2257,0.5085,75.1874
2010-05-18,2.7900,1.5914,3.2118,0.4955,75.7227
2010-05-19,2.7600,1.6094,3.1865,0.5051,75.3212
2010-05-20,2.7200,1.6310,3.2078,0.5084,75.2141
2010-05-21,2.7800,1.5974,3.1972,0.4996,75.5353
2010-05-24,2.9100,1.5259,3.2277,0.4728,76.8201
2010-05-25,2.8200,1.5767,3.2030,0.4923,75.8030
2010-05-26,2.7900,1.5885,3.2272,0.4922,75.8298
2010-05-27,2.8100,1.5796,3.2416,0.4873,75.9636
2010-05-28,2.7900,1.5914,3.2529,0.4892,75.9101
2010-05-31,2.7100,1.6404,3.2430,0.5058,75.2944
2010-06-01,2.7000,1.6435,3.2726,0.5022,75.4818
2010-06-02,2.7000,1.6435,3.2748,0.5019,75.5086
2010-06-03,2.6700,1.6595,3.2478,0.5110,75.0268
2010-06-04,2.6800,1.6563,3.2512,0.5094,75.1071
2010-06-07,2.6300,1.6858,3.2260,0.5226,74.7323
2010-06-08,2.6100,1.7026,3.2432,0.5250,74.6788
2010-06-09,2.8700,1.5481,3.2845,0.4713,76.8737
2010-06-10,2.8500,1.5566,3.2891,0.4733,76.7934
2010-06-11,2.8400,1.5651,3.3320,0.4697,76.9272
2010-06-17,2.8900,1.5342,3.3296,0.4608,77.7302
2010-06-18,2.8900,1.5369,3.3836,0.4542,78.3458
2010-06-21,2.9900,1.4861,3.3925,0.4381,79.5503
2010-06-22,2.9700,1.4965,3.3807,0.4427,78.9615
2010-06-24,2.9400,1.5097,3.4179,0.4417,79.0953
2010-06-25,2.9600,1.4991,3.3822,0.4432,78.9079
2010-06-28,3.0300,1.4656,3.3435,0.4383,79.4700
2010-06-29,2.8300,1.5680,3.2909,0.4765,76.5257
2010-06-30,2.8100,1.5796,3.2790,0.4817,76.2313
2010-07-01,2.8200,1.5738,3.2848,0.4791,76.2848
2010-07-02,2.8700,1.5481,3.2665,0.4739,76.7131
2010-07-05,2.8300,1.5680,3.2517,0.4822,76.1777
2010-07-06,2.9400,1.5097,3.2168,0.4693,76.9540
2010-07-07,2.9500,1.5044,3.2233,0.4667,77.1949
2010-07-08,2.9400,1.5097,3.2382,0.4662,77.3019
2010-07-09,2.9900,1.4835,3.2347,0.4586,78.0246
2010-07-12,3.0200,1.4707,3.2146,0.4575,78.1317
2010-07-13,3.0000,1.4809,3.1767,0.4662,77.3287
2010-07-14,3.0400,1.4606,3.1744,0.4601,77.7570
2010-07-15,2.9100,1.5259,3.1817,0.4796,76.2580
2010-07-16,2.9100,1.5232,3.1976,0.4764,76.5525
2010-07-19,2.9700,1.4939,3.1901,0.4683,77.0610
2010-07-20,3.0100,1.4758,3.2086,0.4600,77.8373
2010-07-21,3.0200,1.4682,3.2144,0.4568,78.2120
2010-07-22,3.0500,1.4783,3.2161,0.4597,77.8640
2010-07-23,3.1400,1.4360,3.2528,0.4415,79.1221
2010-07-26,3.1500,1.4312,3.2813,0.4362,79.9518
2010-07-27,3.1000,1.4532,3.2816,0.4428,78.9347
2010-07-28,3.1900,1.4123,3.2982,0.4282,81.7987
2010-07-29,3.1900,1.4146,3.2993,0.4288,81.5578
2010-07-30,3.1700,1.4240,3.2996,0.4316,80.6210
2010-08-02,3.2000,1.4076,3.3131,0.4249,82.6820
2010-08-03,3.1200,1.4458,3.3105,0.4367,79.7645
2010-08-04,3.1300,1.4409,3.2971,0.4370,79.6842
2010-08-05,3.1100,1.4507,3.2967,0.4400,79.3362
2010-08-06,3.1500,1.4312,3.2922,0.4347,80.1927
2010-08-09,3.1400,1.4360,3.2975,0.4355,80.0321
2010-08-10,3.0000,1.5018,3.2972,0.4555,78.2655
2010-08-11,3.0300,1.4861,3.2685,0.4547,78.3191
2010-08-12,2.9800,1.5124,3.2230,0.4693,76.9807
2010-08-13,3.0300,1.4861,3.2374,0.4590,77.9443
2010-08-16,3.0800,1.4631,3.2504,0.4501,78.5332
2010-08-17,3.1300,1.4409,3.2461,0.4439,78.8544
2010-08-18,3.1300,1.4409,3.2450,0.4440,78.8276
2010-08-19,3.1600,1.4288,3.2501,0.4396,79.3630
2010-08-20,3.0700,1.4707,3.2389,0.4541,78.3726
2010-08-23,3.0500,1.4783,3.2346,0.4570,78.1852
2010-08-24,3.0800,1.4656,3.2229,0.4547,78.2923
2010-08-25,2.9800,1.5124,3.2154,0.4704,76.9004
2010-08-26,2.9800,1.5124,3.2322,0.4679,77.0878
2010-08-27,3.0000,1.5018,3.2379,0.4638,77.4090
2010-08-30,3.0200,1.4913,3.2304,0.4616,77.6767
2010-08-31,2.9800,1.5151,3.2301,0.4691,77.0075
2010-09-01,3.0100,1.4991,3.2358,0.4633,77.4893
2010-09-02,3.0000,1.5018,3.2418,0.4633,77.5161
2010-09-03,2.9700,1.5178,3.2406,0.4684,77.0343
2010-09-06,3.0200,1.4913,3.2580,0.4577,78.0514
2010-09-07,3.0000,1.5018,3.2739,0.4587,77.9979
2010-09-08,2.9600,1.5232,3.2632,0.4668,77.1681
2010-09-09,2.8900,1.5623,3.2681,0.4780,76.3651
2010-09-10,2.8500,1.5796,3.2989,0.4788,76.3116
2010-09-13,2.8500,1.5826,3.3251,0.4760,76.5792
2010-09-14,2.8500,1.5796,3.3205,0.4757,76.6328
2010-09-15,2.7900,1.6186,3.3443,0.4840,76.0707
2010-09-16,2.7200,1.6595,3.3401,0.4968,75.6959
2010-09-17,2.7400,1.6467,3.3504,0.4915,75.8833
2010-09-20,2.7400,1.6467,3.3388,0.4932,75.7762
2010-09-21,2.7200,1.6595,3.3391,0.4970,75.6424
2010-09-27,2.7200,1.6595,3.3378,0.4972,75.6156
2010-09-28,2.6600,1.6925,3.3371,0.5072,75.2409
2010-09-29,2.6900,1.6758,3.3310,0.5031,75.4550
2010-10-08,2.8000,1.6094,3.3342,0.4827,76.1510
2010-10-11,2.9100,1.5509,3.4040,0.4556,78.2388
2010-10-12,2.8700,1.5709,3.4179,0.4596,77.8908
2010-10-13,2.9800,1.5151,3.4271,0.4421,79.0418
2010-10-14,3.0300,1.4861,3.4275,0.4336,80.3801
2010-10-15,3.2600,1.3825,3.4247,0.4037,86.6167
2010-10-18,3.2800,1.3736,3.4182,0.4018,86.8576
2010-10-19,3.2700,1.3780,3.4205,0.4029,86.7773
2010-10-20,3.2500,1.3893,3.6201,0.3838,89.3469
2010-10-21,3.1400,1.4360,3.6370,0.3948,88.1156
2010-10-22,3.0900,1.4581,3.6358,0.4010,87.0717
2010-10-25,3.1400,1.4336,3.6407,0.3938,88.3298
2010-10-26,3.1700,1.4240,3.6944,0.3854,89.2398
2010-10-27,3.0900,1.4606,3.6975,0.3950,88.0889
2010-10-28,3.0800,1.4631,3.6863,0.3969,87.8212
2010-10-29,3.0200,1.4939,3.6821,0.4057,86.2420
2010-11-01,3.0700,1.4682,3.6941,0.3974,87.7141
2010-11-02,3.0900,1.4606,3.7497,0.3895,88.8116
2010-11-03,3.1600,1.4288,3.8113,0.3749,90.0428
2010-11-04,3.1400,1.4336,3.8434,0.3730,90.2570
2010-11-05,3.1500,1.4312,3.8458,0.3721,90.3105
2010-11-08,3.1600,1.4264,3.8392,0.3715,90.4443
2010-11-09,3.0900,1.4606,3.8445,0.3799,89.6949
2010-11-10,3.0400,1.4835,3.9204,0.3784,89.8822
2010-11-11,3.0800,1.4631,3.9530,0.3701,90.7388
2010-11-12,2.9000,1.5537,3.9534,0.3930,88.3833
2010-11-15,2.9700,1.5205,3.9450,0.3854,89.2666
2010-11-16,2.8500,1.5796,3.9065,0.4044,86.4829
2010-11-17,2.8500,1.5826,3.8600,0.4100,85.7869
2010-11-18,3.0200,1.4939,3.8336,0.3897,88.7848
2010-11-19,2.9900,1.5097,3.8700,0.3901,88.7580
2010-11-22,2.9200,1.5453,3.9161,0.3946,88.2495
2010-11-23,2.8800,1.5680,3.9317,0.3988,87.4465
2010-11-24,2.9100,1.5481,3.9533,0.3916,88.5974
2010-11-25,2.9700,1.5205,3.9674,0.3832,89.4004
2010-11-26,2.9100,1.5481,4.0123,0.3858,89.2131
2010-11-29,2.9000,1.5537,3.9959,0.3888,88.8651
2010-11-30,2.8700,1.5709,3.9710,0.3956,88.0353
2010-12-01,2.8800,1.5680,3.8919,0.4029,86.7505
2010-12-02,2.8900,1.5623,3.8609,0.4046,86.4293
2010-12-03,2.8800,1.5651,3.8699,0.4044,86.4561
2010-12-06,2.9200,1.5453,3.8696,0.3993,87.3126
2010-12-07,2.9100,1.5509,3.8435,0.4035,86.6702
2010-12-08,2.8600,1.5738,3.8609,0.4076,86.0814
2010-12-09,2.8400,1.5885,3.9023,0.4071,86.1081
2010-12-10,2.8500,1.5796,3.8888,0.4062,86.2152
2010-12-13,2.9000,1.5566,3.8509,0.4042,86.5096
2010-12-14,2.8900,1.5594,3.8521,0.4048,86.3758
2010-12-15,2.8900,1.5594,3.8150,0.4088,85.9743
2010-12-16,2.8700,1.5709,3.8044,0.4129,85.3319
2010-12-17,2.8600,1.5767,3.8058,0.4143,85.1178
2010-12-20,2.8000,1.6094,3.7850,0.4252,82.5482
2010-12-21,2.8500,1.5796,3.7956,0.4162,84.6627
2010-12-22,2.7900,1.6155,3.8004,0.4251,82.6552
2010-12-23,2.8100,1.6064,3.8108,0.4215,83.5118
2010-12-24,2.8000,1.6094,3.8136,0.4220,83.4315
2010-12-27,2.7500,1.6372,3.8913,0.4207,83.6724
2010-12-28,2.7500,1.6404,3.9118,0.4193,84.1006
2010-12-29,2.7400,1.6435,3.9019,0.4212,83.6456
2010-12-30,2.7500,1.6404,3.8800,0.4228,83.2709
2010-12-31,2.7700,1.6248,3.8799,0.4188,84.1809
2011-01-04,2.8100,1.6573,3.8606,0.4293,81.3437
2011-01-05,2.8000,1.6635,3.8132,0.4362,79.9251
2011-01-06,2.7700,1.6794,3.8339,0.4380,79.5771
2011-01-07,2.8400,1.6387,3.8237,0.4286,81.5846
2011-01-10,2.7600,1.6826,3.8449,0.4376,79.6039
2011-01-11,2.7900,1.6667,3.8703,0.4306,80.8619
2011-01-12,2.8200,1.6510,3.8550,0.4283,81.7719
2011-01-13,2.8000,1.6604,3.8831,0.4276,81.9861
2011-01-14,2.7600,1.6826,3.9156,0.4297,81.2366
2011-01-17,2.7000,1.7221,3.9651,0.4343,80.2998
2011-01-18,2.6600,1.7460,3.9954,0.4370,79.7109
2011-01-19,2.7100,1.7154,3.9752,0.4315,80.6478
2011-01-20,2.6700,1.7426,3.9749,0.4384,79.4433
2011-01-21,2.7300,1.7021,3.9837,0.4273,82.0931
2011-01-24,2.7200,1.7087,3.9918,0.4281,81.8522
2011-01-25,2.7100,1.7154,4.0152,0.4272,82.1467
2011-01-26,2.7200,1.7087,3.9991,0.4273,82.0664
2011-01-27,2.7400,1.6988,4.0058,0.4241,82.8961
2011-01-28,2.7200,1.7087,4.0096,0.4262,82.3876
2011-01-31,2.7400,1.6988,4.0187,0.4227,83.3244
2011-02-01,2.7400,1.6988,4.0186,0.4227,83.2976
2011-02-09,2.7200,1.7087,4.1006,0.4167,84.4754
2011-02-10,2.7400,1.6956,4.1158,0.4120,85.4657
2011-02-11,2.7500,1.6891,4.1062,0.4114,85.5996
2011-02-14,2.8400,1.6387,4.0552,0.4041,86.5364
2011-02-15,2.8100,1.6573,4.0454,0.4097,85.8137
2011-02-16,2.8300,1.6449,4.0450,0.4067,86.1617
2011-02-17,2.8400,1.6387,4.0449,0.4051,86.3223
2011-02-18,2.8600,1.6236,4.0450,0.4014,86.9647
2011-02-21,2.8400,1.6357,4.0702,0.4019,86.8308
2011-02-22,2.7700,1.6762,4.0400,0.4149,84.9036
2011-02-23,2.7700,1.6794,3.9946,0.4204,83.7794
2011-02-24,2.7700,1.6762,3.9132,0.4283,81.6916
2011-02-25,2.7900,1.6698,3.9566,0.4220,83.4047
2011-02-28,2.7900,1.6667,3.9314,0.4239,82.9229
2011-03-01,2.8300,1.6418,3.9259,0.4182,84.2612
2011-03-02,2.8600,1.6266,3.9233,0.4146,85.0375
2011-03-03,2.9300,1.5856,3.9279,0.4037,86.6435
2011-03-04,2.9900,1.5548,3.9388,0.3947,88.1692
2011-03-07,2.9900,1.5548,3.9351,0.3951,88.0621
2011-03-08,2.9900,1.5575,3.9078,0.3986,87.4732
2011-03-09,2.9700,1.5658,3.8879,0.4027,86.8041
2011-03-10,2.9300,1.5884,3.9321,0.4040,86.5632
2011-03-11,2.8700,1.6206,3.9328,0.4121,85.4390
2011-03-14,2.8800,1.6176,3.9074,0.4140,85.1713
2011-03-15,2.8200,1.6479,3.8659,0.4263,82.3340
2011-03-16,2.8400,1.6387,3.8600,0.4245,82.7355
2011-03-17,2.8100,1.6541,3.8326,0.4316,80.5942
2011-03-18,2.8100,1.6541,3.8489,0.4298,81.1563
2011-03-21,2.8200,1.6510,3.8774,0.4258,82.4411
2011-03-22,2.8600,1.6236,3.8987,0.4164,84.5557
2011-03-23,2.8800,1.6176,3.9037,0.4144,85.0642
2011-03-24,2.8500,1.6327,3.8762,0.4212,83.6188
2011-03-25,2.9000,1.6058,3.8714,0.4148,84.9839
2011-03-28,2.9400,1.5827,3.8807,0.4078,86.0546
2011-03-29,3.0300,1.5358,3.9044,0.3934,88.3565
2011-03-30,3.0500,1.5251,3.9069,0.3904,88.7045
2011-03-31,3.0000,1.5520,3.9120,0.3967,87.9015
2011-04-01,3.0300,1.5358,3.9126,0.3925,88.4904
2011-04-06,3.0700,1.5146,3.9203,0.3863,89.1863
2011-04-08,3.0400,1.5304,3.9081,0.3916,88.5707
2011-04-11,3.0000,1.5493,3.8928,0.3980,87.6071
2011-04-12,2.9800,1.5603,3.8700,0.4032,86.7238
2011-04-13,3.0100,1.5466,3.8703,0.3996,87.2323
2011-04-14,3.0100,1.5439,3.8707,0.3989,87.3929
2011-04-15,3.0800,1.5120,3.8709,0.3906,88.6777
2011-04-18,3.0700,1.5172,3.8960,0.3894,88.8383
2011-04-19,2.9800,1.5603,3.8911,0.4010,87.0985
2011-04-20,3.0000,1.5520,3.8913,0.3988,87.4197
2011-04-21,3.0100,1.5439,3.8912,0.3968,87.8747
2011-04-22,3.0100,1.5466,3.8966,0.3969,87.7944
2011-04-25,2.9900,1.5548,3.8961,0.3991,87.3662
2011-04-26,2.9800,1.5631,3.8960,0.4012,87.0450
2011-04-27,3.0200,1.5412,3.8812,0.3971,87.7677
2011-04-28,3.0200,1.5412,3.8700,0.3982,87.5268
2011-04-29,2.9400,1.5827,3.8713,0.4088,85.9208
2011-05-03,2.9500,1.5771,3.8752,0.4070,86.1349
2011-05-04,2.8600,1.6236,3.8772,0.4188,84.2077
2011-05-05,2.8800,1.6176,3.8715,0.4178,84.4218
2011-05-06,2.8600,1.6266,3.8308,0.4246,82.7088
2011-05-09,2.8400,1.6357,3.8378,0.4262,82.3608
2011-05-10,2.8600,1.6236,3.8326,0.4236,83.0032
2011-05-11,2.8600,1.6266,3.8334,0.4243,82.7891
2011-05-12,2.8200,1.6479,3.8211,0.4313,80.6745
2011-05-13,2.8600,1.6236,3.8363,0.4232,83.1370
2011-05-16,2.8300,1.6418,3.8432,0.4272,82.1734
2011-05-17,2.8300,1.6418,3.8318,0.4285,81.6381
2011-05-18,2.8400,1.6357,3.8338,0.4267,82.2805
2011-05-19,2.8300,1.6449,3.8309,0.4294,81.3169
2011-05-20,2.9100,1.6000,3.8429,0.4164,84.6092
2011-05-23,2.8500,1.6327,3.8400,0.4252,82.6017
2011-05-24,2.7700,1.6762,3.8414,0.4364,79.8715
2011-05-25,2.7000,1.7221,3.8382,0.4487,78.6135
2011-05-27,2.7100,1.7188,3.8217,0.4497,78.5867
2011-05-30,2.7200,1.7121,3.8256,0.4475,78.6670
2011-05-31,2.7300,1.7021,3.8311,0.4443,78.7473
2011-06-01,2.7100,1.7154,3.8311,0.4478,78.6403
2011-06-02,2.6100,1.7850,3.8337,0.4656,77.3555
2011-06-03,2.6200,1.7742,3.8337,0.4628,77.5964
2011-06-07,2.6300,1.7706,3.8341,0.4618,77.6499
2011-06-08,2.6200,1.7742,3.8572,0.4600,77.8105
2011-06-09,2.6000,1.7923,3.8726,0.4628,77.5696
2011-06-10,2.6000,1.7886,3.8940,0.4593,77.9176
2011-06-13,2.5900,1.7959,3.9036,0.4601,77.7837
2011-06-14,2.6200,1.7778,3.9406,0.4511,78.4797
2011-06-15,2.5800,1.8033,3.9986,0.4510,78.5064
2011-06-16,2.5500,1.8219,3.9839,0.4573,78.1585
2011-06-17,2.5100,1.8565,3.9803,0.4664,77.2752
2011-06-20,2.4700,1.8844,3.9413,0.4781,76.3383
2011-06-21,2.4700,1.8844,3.9003,0.4831,76.0974
2011-06-22,2.4700,1.8803,3.9555,0.4754,76.6595
2011-06-23,2.5100,1.8565,3.9691,0.4677,77.1413
2011-06-24,2.5600,1.8182,3.8963,0.4666,77.2216
2011-06-27,2.5400,1.8333,3.8703,0.4737,76.7398
2011-06-28,2.5100,1.8526,3.8800,0.4775,76.3919
2011-07-07,2.4900,1.9643,3.9021,0.5034,75.4015
2011-07-08,2.5300,1.9341,3.8881,0.4974,75.5621
2011-07-11,2.5000,1.9599,3.8923,0.5035,75.3747
2011-07-12,2.4500,2.0000,3.8899,0.5142,75.0000
2011-07-13,2.4900,1.6396,3.8913,0.4214,83.5653
2011-07-14,2.5100,1.6287,3.9204,0.4154,84.7966
2011-07-15,2.5300,1.6179,3.9278,0.4119,85.4925
2011-07-18,2.5100,1.6287,3.9558,0.4117,85.5460
2011-07-19,2.4800,1.6470,4.0088,0.4108,85.6263
2011-07-20,2.4800,1.6507,4.0715,0.4054,86.2955
2011-07-21,2.4600,1.6619,4.0889,0.4064,86.1884
2011-07-22,2.4500,1.6656,4.0671,0.4095,85.8672
2011-07-25,2.4000,1.7003,4.0663,0.4181,84.2880
2011-07-26,2.4100,1.6964,4.0753,0.4163,84.6360
2011-07-27,2.4200,1.6925,4.0855,0.4143,85.1445
2011-07-28,2.4200,1.6886,4.0627,0.4156,84.7430
2011-07-29,2.6100,1.5662,4.0477,0.3869,89.1060
2011-08-01,2.5300,1.6179,4.0502,0.3995,87.2859
2011-08-02,2.5200,1.6251,4.0615,0.4001,87.2056
2011-08-03,2.5300,1.6179,4.1201,0.3927,88.4368
2011-08-04,2.4900,1.6396,4.0911,0.4008,87.1520
2011-08-05,2.4400,1.6770,4.0423,0.4149,84.9572
2011-08-08,2.3600,1.7324,4.0007,0.4330,80.4069
2011-08-09,2.3900,1.7122,3.9554,0.4329,80.4336
2011-08-10,2.4000,1.7003,3.9639,0.4289,81.4240
2011-08-11,2.4300,1.6809,3.9291,0.4278,81.9593
2011-08-12,2.4300,1.6809,3.9268,0.4281,81.8255
2011-08-15,2.5300,1.6179,3.9231,0.4124,85.3854
2011-08-16,2.5100,1.6287,3.9492,0.4124,85.3587
2011-08-17,2.5000,1.6323,3.9432,0.4140,85.1981
2011-08-18,2.4600,1.6619,3.9560,0.4201,83.8597
2011-08-19,2.4400,1.6732,3.9331,0.4254,82.5214
2011-08-22,2.4300,1.6809,3.9325,0.4274,82.0128
2011-08-23,2.5200,1.6251,3.9356,0.4129,85.3051
2011-08-24,2.4900,1.6396,3.9501,0.4151,84.8769
2011-08-25,2.5800,1.5865,3.9750,0.3991,87.3394
2011-08-26,2.5800,1.5865,3.9886,0.3978,87.6606
2011-08-29,2.4800,1.6470,4.0994,0.4018,86.8844
2011-08-30,2.4700,1.6581,4.1303,0.4014,86.9379
2011-08-31,2.4800,1.6470,4.1050,0.4012,87.0182
2011-09-01,2.5000,1.6323,4.0708,0.4010,87.1253
2011-09-02,2.4800,1.6470,4.0700,0.4047,86.4026
2011-09-05,2.5000,1.6360,4.0501,0.4039,86.5899
2011-09-06,2.5000,1.6360,4.0107,0.4079,86.0278
2011-09-07,2.5800,1.5831,4.0500,0.3909,88.6510
2011-09-08,2.5700,1.5934,4.0650,0.3920,88.5439
2011-09-09,2.5600,1.5968,4.0452,0.3947,88.1959
2011-09-13,2.5900,1.5797,4.0208,0.3929,88.4101
2011-09-14,2.6200,1.5595,4.0210,0.3878,88.9989
2011-09-15,2.5700,1.5899,4.0495,0.3926,88.4636
2011-09-16,2.5800,1.5831,4.0752,0.3885,88.8919
2011-09-19,2.5400,1.6108,4.0801,0.3948,88.1424
2011-09-20,2.5800,1.5831,4.0801,0.3880,88.9454
2011-09-21,2.6100,1.5662,4.0908,0.3829,89.4807
2011-09-22,2.5300,1.6144,4.0676,0.3969,87.8480
2011-09-23,2.5000,1.6323,3.9662,0.4116,85.5728
2011-09-26,2.4700,1.6581,3.8878,0.4265,82.3073
2011-09-27,2.4800,1.6470,3.9158,0.4206,83.6991
2011-09-28,2.4300,1.6847,3.9203,0.4297,81.2099
2011-09-29,2.4300,1.6847,3.8840,0.4338,80.3533
2011-09-30,2.3900,1.7082,3.8605,0.4425,79.0150
2011-10-10,2.3400,1.7448,3.7706,0.4627,77.6231
2011-10-11,2.3800,1.7202,3.7593,0.4576,78.1049
2011-10-12,2.4500,1.6656,3.8005,0.4383,79.4968
2011-10-13,2.4500,1.6656,3.8205,0.4360,79.9786
2011-10-14,2.4400,1.6732,3.7707,0.4437,78.8812
2011-10-17,2.4700,1.6544,3.7906,0.4364,79.8448
2011-10-18,2.4200,1.6925,3.7407,0.4525,78.4529
2011-10-20,2.3700,1.7283,3.7266,0.4638,77.4358
2011-10-21,2.3600,1.7324,3.7385,0.4634,77.4625
2011-10-24,2.4200,1.6886,3.7533,0.4499,78.5600
2011-10-25,2.4400,1.6732,3.7960,0.4408,79.2291
2011-10-26,2.4800,1.6470,3.7918,0.4344,80.2730
2011-10-27,2.5000,1.6323,3.8032,0.4292,81.3972
2011-10-28,2.5100,1.6287,3.7870,0.4301,81.0225
2011-10-31,2.4800,1.6507,3.7607,0.4389,79.4165
2011-11-01,2.4800,1.6470,3.7395,0.4404,79.3094
2011-11-02,2.5200,1.6251,3.7208,0.4368,79.7377
2011-11-03,2.5100,1.6287,3.7233,0.4374,79.6574
2011-11-04,2.5300,1.6144,3.7158,0.4345,80.2195
2011-11-07,2.5100,1.6287,3.7333,0.4363,79.8983
2011-11-08,2.5300,1.6144,3.6988,0.4365,79.8180
2011-11-09,2.5400,1.6073,3.6436,0.4411,79.1756
2011-11-10,2.4900,1.6396,3.5563,0.4610,77.7034
2011-11-11,2.4800,1.6694,3.5916,0.4648,77.3822
2011-11-14,2.5200,1.6433,3.5807,0.4589,77.9711
2011-11-15,2.4900,1.6581,3.6563,0.4535,78.4261
2011-11-16,2.4400,1.6964,3.6260,0.4678,77.1146
2011-11-17,2.4400,1.6964,3.6360,0.4666,77.2484
2011-11-18,2.3900,1.7324,3.6412,0.4758,76.6060
2011-11-21,2.3700,1.7448,3.6598,0.4767,76.4722
2011-11-22,2.3900,1.7283,3.6412,0.4747,76.6863
2011-11-23,2.3600,1.7489,3.5914,0.4870,75.9904
2011-11-24,2.3800,1.7406,3.6103,0.4821,76.2045
2011-11-25,2.3500,1.7573,3.6115,0.4866,76.0171
2011-11-28,2.3400,1.7700,3.6402,0.4862,76.0439
2011-11-29,2.3600,1.7531,3.6315,0.4827,76.1242
2011-11-30,2.2700,1.8182,3.6091,0.5038,75.3480
2011-12-01,2.3300,1.7743,3.5005,0.5069,75.2677
2011-12-02,2.3100,1.7872,3.4720,0.5147,74.9197
2011-12-05,2.3100,1.7916,3.4420,0.5205,74.8126
2011-12-06,2.3000,1.7960,3.4790,0.5162,74.8662
2011-12-07,2.3300,1.7743,3.4890,0.5085,75.1606
2011-12-08,2.3200,1.7829,3.4953,0.5101,75.0803
2011-12-09,2.3000,1.7960,3.4817,0.5158,74.8929
2011-12-12,2.3000,1.7960,3.4927,0.5142,74.9732
2011-12-13,2.2700,1.8227,3.4982,0.5210,74.7859
2011-12-14,2.2500,1.8364,3.4807,0.5276,74.6253
2011-12-15,2.2200,1.8643,3.4890,0.5343,74.4379
2011-12-16,2.2600,1.8318,3.4637,0.5289,74.5717
2011-12-19,2.2400,1.8456,3.4702,0.5318,74.4647
2011-12-20,2.2500,1.8410,3.4655,0.5312,74.5182
2011-12-21,2.2400,1.8456,3.4709,0.5317,74.4914
2011-12-22,2.2600,1.8272,3.4752,0.5258,74.6520
2011-12-23,2.2700,1.8227,3.4803,0.5237,74.7056
2011-12-26,2.2600,1.8318,3.4653,0.5286,74.5985
2011-12-27,2.2400,1.8502,3.4603,0.5347,74.4111
2011-12-29,2.2400,1.8456,3.4453,0.5357,74.3844
2011-12-30,2.2700,1.8182,3.4303,0.5300,74.5450
2012-01-04,2.2500,1.3784,3.4395,0.4008,87.1788
2012-01-05,2.3100,1.3415,3.4304,0.3911,88.6242
2012-01-06,2.3400,1.3253,3.3970,0.3901,88.7313
2012-01-09,2.3700,1.3064,3.3806,0.3864,89.1595
2012-01-10,2.4000,1.2881,3.4030,0.3785,89.8555
2012-01-11,2.3800,1.3033,3.4208,0.3810,89.5878
2012-01-12,2.4000,1.2881,3.4020,0.3786,89.8019
2012-01-13,2.3800,1.3002,3.4108,0.3812,89.5610
2012-01-16,2.3900,1.2941,3.4233,0.3780,89.9358
2012-01-17,2.4600,1.2615,3.4045,0.3705,90.6049
2012-01-18,2.4200,1.2791,3.3957,0.3767,89.9893
2012-01-19,2.4600,1.2615,3.3758,0.3737,90.1231
2012-01-20,2.5000,1.2387,3.3808,0.3664,91.1135
2012-01-30,2.4600,1.2586,3.4005,0.3701,90.7655
2012-01-31,2.4600,1.2615,3.4064,0.3703,90.6852
2012-02-01,2.4200,1.2821,3.4318,0.3736,90.1499
2012-02-02,2.4700,1.2528,3.4410,0.3641,91.3544
2012-02-03,2.4900,1.2415,3.4360,0.3613,91.6488
2012-02-06,2.5000,1.2387,3.4785,0.3561,92.2109
2012-02-07,2.4600,1.2615,3.4810,0.3624,91.4882
2012-02-08,2.5100,1.2332,3.5098,0.3514,93.1478
2012-02-09,2.5300,1.2249,3.5409,0.3459,94.0043
2012-02-10,2.5100,1.2332,3.5210,0.3502,93.4422
2012-02-13,2.5100,1.2332,3.5148,0.3509,93.3351
2012-02-14,2.4800,1.2500,3.5160,0.3555,92.3180
2012-02-15,2.4800,1.2500,3.5335,0.3538,92.6927
2012-02-16,2.4800,1.2500,3.5361,0.3535,92.7730
2012-02-17,2.4800,1.2472,3.5361,0.3527,92.9336
2012-02-20,2.4900,1.2443,3.5116,0.3543,92.5054
2012-02-21,2.4900,1.2443,3.5164,0.3539,92.6124
2012-02-22,2.4900,1.2415,3.5276,0.3519,93.0407
2012-02-23,2.5100,1.2360,3.5254,0.3506,93.3887
2012-02-24,2.5300,1.2249,3.5164,0.3483,93.6296
2012-02-27,2.5300,1.2249,3.5501,0.3450,94.2184
2012-02-28,2.5800,1.2009,3.5464,0.3386,95.0749
2012-02-29,2.5500,1.2168,3.5340,0.3443,94.3522
2012-03-01,2.5500,1.2141,3.5500,0.3420,94.7537
2012-03-02,2.6100,1.1879,3.5616,0.3335,95.4229
2012-03-05,2.5800,1.2009,3.5614,0.3372,95.1552
2012-03-07,2.5400,1.2195,3.5316,0.3453,94.1113
2012-03-08,2.5500,1.2168,3.5316,0.3445,94.2987
2012-03-09,2.5600,1.2115,3.5367,0.3426,94.6467
2012-03-12,2.5300,1.2249,3.5242,0.3476,93.6831
2012-03-13,2.5600,1.2115,3.5401,0.3422,94.7270
2012-03-14,2.5300,1.2249,3.5451,0.3455,94.0578
2012-03-15,2.5200,1.2277,3.5589,0.3450,94.2452
2012-03-16,2.5200,1.2277,3.5483,0.3460,93.9775
2012-03-19,2.5100,1.2332,3.5590,0.3465,93.8704
2012-03-20,2.4800,1.2500,3.5601,0.3511,93.2281
2012-03-21,2.4800,1.2472,3.5608,0.3503,93.4154
2012-03-22,2.5500,1.2168,3.5502,0.3427,94.6199
2012-03-23,2.5000,1.2387,3.5267,0.3512,93.2013
2012-03-26,2.5100,1.2332,3.5247,0.3499,93.4690
2012-03-27,2.5100,1.2360,3.5403,0.3491,93.5493
2012-03-28,2.4400,1.2673,3.5223,0.3598,91.8362
2012-03-29,2.3800,1.3033,3.5143,0.3709,90.5782
2012-03-30,2.4000,1.2911,3.5054,0.3683,90.8994
2012-04-05,2.4100,1.2850,3.5191,0.3652,91.1938
2012-04-06,2.4200,1.2821,3.5203,0.3642,91.3276
2012-04-09,2.3600,1.3126,3.5352,0.3713,90.4979
2012-04-10,2.4200,1.2791,3.5366,0.3617,91.6221
2012-04-11,2.4000,1.2881,3.5308,0.3648,91.2741
2012-04-12,2.4700,1.2557,3.5407,0.3546,92.4518
2012-04-13,2.4600,1.2586,3.5277,0.3568,92.1306
2012-04-16,2.4400,1.2673,3.5318,0.3588,91.9700
2012-04-17,2.4400,1.2702,3.5291,0.3599,91.8094
2012-04-18,2.5100,1.2360,3.5366,0.3495,93.5225
2012-04-19,2.5100,1.2360,3.5518,0.3480,93.6563
2012-04-20,2.5400,1.2195,3.5414,0.3444,94.3255
2012-04-23,2.5200,1.2304,3.5407,0.3475,93.7634
2012-04-24,2.5600,1.2088,3.5302,0.3424,94.7002
2012-04-25,2.5600,1.2115,3.5369,0.3425,94.6734
2012-04-26,2.5500,1.2168,3.5357,0.3441,94.3790
2012-04-27,2.5500,1.2141,3.5389,0.3431,94.5931
2012-05-02,2.5800,1.2009,3.5449,0.3388,95.0214
2012-05-03,2.5600,1.2115,3.5454,0.3417,94.7805
2012-05-04,2.5900,1.1957,3.5512,0.3367,95.2355
2012-05-07,2.5800,1.1983,3.5518,0.3374,95.1285
2012-05-08,2.5900,1.1957,3.5520,0.3366,95.2623
2012-05-09,2.5300,1.2222,3.5414,0.3451,94.1916
2012-05-10,2.5300,1.2222,3.5287,0.3464,93.8972
2012-05-11,2.5100,1.2332,3.4907,0.3533,92.7998
2012-05-14,2.4800,1.2500,3.4461,0.3627,91.4615
2012-05-15,2.4600,1.2615,3.4050,0.3705,90.6585
2012-05-16,2.4000,1.2881,3.3618,0.3832,89.4540
2012-05-17,2.4300,1.2731,3.4116,0.3732,90.2034
2012-05-18,2.4000,1.2881,3.3614,0.3832,89.4272
2012-05-21,2.4200,1.2821,3.3866,0.3786,89.8287
2012-05-22,2.4400,1.2673,3.3948,0.3733,90.1767
2012-05-23,2.4200,1.2821,3.3825,0.3790,89.7484
2012-05-24,2.3900,1.2941,3.3619,0.3849,89.2934
2012-05-25,2.3800,1.3033,3.3019,0.3947,88.2227
2012-05-28,2.3900,1.2941,3.3418,0.3872,89.0792
2012-05-29,2.4200,1.2821,3.3718,0.3802,89.6681
2012-05-31,2.3900,1.2972,3.3443,0.3879,88.9722
2012-06-01,2.3900,1.2972,3.3416,0.3882,88.9186
2012-06-04,2.3300,1.3317,3.3469,0.3979,87.6338
2012-06-05,2.3300,1.3317,3.3568,0.3967,87.9283
2012-06-06,2.3400,1.3253,3.3600,0.3944,88.2762
2012-06-07,2.3100,1.3415,3.3751,0.3975,87.6874
2012-06-08,2.2500,1.3784,3.3101,0.4164,84.5824
2012-06-11,2.2400,1.3854,3.3491,0.4137,85.2248
2012-06-12,2.2400,1.3854,3.3747,0.4105,85.6799
2012-06-13,2.2500,1.3750,3.3909,0.4055,86.2687
2012-06-14,2.2300,1.3889,3.4009,0.4084,86.0011
2012-06-15,2.2900,1.3514,3.3932,0.3983,87.5000
2012-06-18,2.2800,1.3580,3.4107,0.3982,87.5535
2012-06-19,2.2900,1.3514,3.4093,0.3964,87.9818
2012-06-20,2.2900,1.3547,3.4101,0.3973,87.7409
2012-06-21,2.2600,1.3716,3.4001,0.4034,86.6970
2012-06-25,2.2400,1.3819,3.3677,0.4103,85.7066
2012-06-26,2.2500,1.3784,3.3653,0.4096,85.8405
2012-06-27,2.2400,1.3854,3.3252,0.4166,84.5289
2012-06-28,2.2200,1.3959,3.3253,0.4198,83.9668
2012-06-29,2.2500,1.3750,3.3253,0.4135,85.2516
2012-07-02,2.2400,1.3819,3.3353,0.4143,85.0910
2012-07-03,2.2500,1.3784,3.3204,0.4151,84.8233
2012-07-04,2.2700,1.3614,3.3195,0.4101,85.7334
2012-07-05,2.2600,1.3682,3.3193,0.4122,85.4122
2012-07-06,2.2600,1.3682,3.2960,0.4151,84.8501
2012-07-09,2.2000,1.4066,3.2709,0.4300,81.0493
2012-07-10,2.2100,1.4031,3.2549,0.4311,80.7281
2012-07-11,2.2200,1.3959,3.2398,0.4309,80.8084
2012-07-12,2.2100,1.4031,3.2502,0.4317,80.5139
2012-07-13,2.2200,1.3959,3.2591,0.4283,81.7452
2012-07-16,2.2200,1.3924,3.2752,0.4251,82.6285
2012-07-17,2.2500,1.3784,3.2850,0.4196,84.0203
2012-07-18,2.2500,1.3750,3.2858,0.4185,84.2345
2012-07-19,2.2600,1.4212,3.2860,0.4325,80.4872
2012-07-20,2.2500,1.4286,3.2810,0.4354,80.0589
2012-07-23,2.2200,1.4436,3.2760,0.4407,79.2827
2012-07-24,2.2100,1.4550,3.2759,0.4442,78.7741
2012-07-25,2.2100,1.4550,3.2760,0.4441,78.8009
2012-07-26,2.2200,1.4474,3.2763,0.4418,79.0685
2012-07-27,2.2500,1.4249,3.2764,0.4349,80.1660
2012-07-30,2.2500,1.4249,3.2755,0.4350,80.1392
2012-07-31,2.2900,1.3995,3.2915,0.4252,82.5749
2012-08-01,2.2800,1.4066,3.2921,0.4273,82.1199
2012-08-02,2.3100,1.3889,3.2861,0.4227,83.3512
2012-08-03,2.3000,1.3959,3.2902,0.4243,82.8158
2012-08-06,2.3100,1.3889,3.3100,0.4196,83.9936
2012-08-07,2.2900,1.3995,3.3300,0.4203,83.8062
2012-08-08,2.3200,1.3854,3.3545,0.4130,85.2784
2012-08-09,2.3100,1.3889,3.3023,0.4206,83.7527
2012-08-10,2.3100,1.3889,3.2825,0.4231,83.2173
2012-08-13,2.3000,1.3959,3.3029,0.4226,83.3779
2012-08-14,2.3100,1.3889,3.3105,0.4195,84.0471
2012-08-15,2.2600,1.4212,3.3402,0.4255,82.4679
2012-08-16,2.2400,1.4323,3.3467,0.4280,81.9058
2012-08-17,2.2500,1.4249,3.3342,0.4274,82.0396
2012-08-20,2.2300,1.4360,3.3564,0.4278,81.9325
2012-08-21,2.2300,1.4398,3.3578,0.4288,81.5310
2012-08-22,2.2300,1.4360,3.3935,0.4232,83.1638
2012-08-23,2.2600,1.4175,3.3702,0.4206,83.7259
2012-08-24,2.2300,1.4360,3.3364,0.4304,80.9154
2012-08-27,2.2200,1.4436,3.3498,0.4310,80.7816
2012-08-28,2.2500,1.4249,3.3634,0.4236,82.9764
2012-08-29,2.2300,1.4360,3.3943,0.4231,83.2441
2012-08-30,2.2600,1.4175,3.3904,0.4181,84.3148
2012-08-31,2.2500,1.4249,3.3928,0.4200,83.8865
2012-09-03,2.2500,1.4286,3.4001,0.4202,83.8330
2012-09-04,2.2100,1.4512,3.3836,0.4289,81.4507
2012-09-05,2.1900,1.4667,3.3887,0.4328,80.4604
2012-09-06,2.2100,1.4550,3.3963,0.4284,81.6649
2012-09-07,2.2300,1.4398,3.4162,0.4215,83.5385
2012-09-10,2.2300,1.4360,3.4611,0.4149,84.9304
2012-09-11,2.2200,1.4436,3.4714,0.4159,84.7163
2012-09-12,2.2000,1.4589,3.4909,0.4179,84.3415
2012-09-13,2.1900,1.4628,3.4834,0.4199,83.9133
2012-09-14,2.2100,1.4512,3.5485,0.4090,85.8940
2012-09-17,2.1800,1.4706,3.5717,0.4117,85.5193
2012-09-18,2.1500,1.4905,3.5216,0.4232,83.1103
2012-09-19,2.1500,1.4905,3.5166,0.4238,82.9497
2012-09-20,2.1000,1.5278,3.5171,0.4344,80.2463
2012-09-21,2.0900,1.5363,3.4998,0.4390,79.3897
2012-09-24,2.0800,1.5406,3.4956,0.4407,79.2559
2012-09-25,2.0800,1.5449,3.4676,0.4455,78.7206
2012-09-26,2.0500,1.5625,3.4444,0.4536,78.3994
2012-09-27,2.1000,1.5278,3.4525,0.4425,78.9882
2012-09-28,2.1300,1.5068,3.4575,0.4358,80.0054
2012-10-08,2.1200,1.5152,3.4814,0.4352,80.1124
2012-10-09,2.1600,1.4825,3.4921,0.4245,82.7623
2012-10-10,2.1500,1.4905,3.5036,0.4254,82.4946
2012-10-11,2.1500,1.4946,3.4990,0.4272,82.2002
2012-10-12,2.1600,1.4865,3.4807,0.4271,82.2270
2012-10-15,2.1500,1.4946,3.4730,0.4303,80.9690
2012-10-16,2.1600,1.4865,3.4903,0.4259,82.4143
2012-10-17,2.1600,1.4825,3.5036,0.4231,83.1906
2012-10-18,2.1800,1.4706,3.5190,0.4179,84.3683
2012-10-19,2.1800,1.4706,3.5350,0.4160,84.6895
2012-10-22,2.1900,1.4667,3.5293,0.4156,84.7698
2012-10-23,2.1600,1.4865,3.5454,0.4193,84.1274
2012-10-24,2.1600,1.4865,3.5478,0.4190,84.1542
2012-10-25,2.1500,1.4905,3.5672,0.4178,84.3951
2012-10-26,2.0900,1.5363,3.5727,0.4300,81.0760
2012-10-29,2.0900,1.5363,3.5668,0.4307,80.8351
2012-10-30,2.0900,1.5320,3.5648,0.4298,81.1831
2012-10-31,2.0900,1.5363,3.5739,0.4299,81.1296
2012-11-01,2.1200,1.5110,3.5984,0.4199,83.9400
2012-11-02,2.1500,1.4946,3.5852,0.4169,84.4486
2012-11-05,2.1500,1.4946,3.5872,0.4166,84.5021
2012-11-06,2.1300,1.5068,3.5771,0.4212,83.5921
2012-11-07,2.1400,1.5027,3.5644,0.4216,83.4850
2012-11-08,2.0900,1.5320,3.5609,0.4302,80.9957
2012-11-09,2.0900,1.5363,3.5594,0.4316,80.5675
2012-11-12,2.1300,1.5068,3.5585,0.4234,83.0300
2012-11-13,2.1100,1.5193,3.5470,0.4283,81.7184
2012-11-14,2.1100,1.5193,3.5356,0.4297,81.2634
2012-11-15,2.0800,1.5406,3.5279,0.4367,79.7912
2012-11-16,2.0700,1.5493,3.5133,0.4410,79.2024
2012-11-19,2.0800,1.5449,3.5010,0.4413,79.1488
2012-11-20,2.0900,1.5363,3.5111,0.4376,79.6306
2012-11-21,2.1200,1.5110,3.5205,0.4292,81.3704
2012-11-22,2.1200,1.5152,3.5357,0.4285,81.6113
2012-11-23,2.1400,1.5027,3.5428,0.4242,82.8426
2012-11-26,2.1200,1.5152,3.5511,0.4267,82.2537
2012-11-27,2.1000,1.5278,3.5570,0.4295,81.2901
2012-11-28,2.0900,1.5320,3.5535,0.4311,80.7013
2012-11-29,2.0900,1.5320,3.5311,0.4339,80.3266
2012-11-30,2.1200,1.5152,3.5332,0.4288,81.5043
2012-12-03,2.1000,1.5278,3.5397,0.4316,80.5407
2012-12-04,2.1400,1.5027,3.5498,0.4233,83.0835
2012-12-05,2.1900,1.4628,3.5622,0.4106,85.6531
2012-12-06,2.2000,1.4589,3.5580,0.4100,85.7602
2012-12-07,2.2400,1.4323,3.5689,0.4013,86.9914
2012-12-10,2.2600,1.4212,3.5707,0.3980,87.5803
2012-12-11,2.2400,1.4323,3.5658,0.4017,86.9111
2012-12-12,2.2500,1.4249,3.5666,0.3995,87.2591
2012-12-13,2.2200,1.4436,3.5649,0.4049,86.3490
2012-12-14,2.3700,1.3514,3.5781,0.3777,89.9625
2012-12-17,2.4200,1.3285,3.5814,0.3709,90.5514
2012-12-18,2.4200,1.3253,3.5843,0.3698,90.8191
2012-12-19,2.4100,1.3317,3.5942,0.3705,90.6317
2012-12-20,2.3900,1.3415,3.6086,0.3718,90.4176
2012-12-21,2.3400,1.3716,3.6060,0.3804,89.6413
2012-12-24,2.3600,1.3614,3.6009,0.3781,89.9090
2012-12-25,2.4400,1.3158,3.5955,0.3660,91.1403
2012-12-26,2.4300,1.3221,3.5925,0.3680,90.9261
2012-12-27,2.4100,1.3317,3.5803,0.3720,90.3373
2012-12-28,2.4400,1.3126,3.5752,0.3671,91.0600
2012-12-31,2.5000,1.2821,3.5738,0.3587,91.9968
2013-01-04,2.5200,3.3565,3.6062,0.9308,56.6381
2013-01-07,2.5500,3.3181,3.5965,0.9226,57.6017
2013-01-08,2.4900,3.4038,3.5943,0.9470,55.1392
2013-01-09,2.4700,3.4279,3.5750,0.9589,53.6938
2013-01-10,2.4700,3.4279,3.5950,0.9535,54.2559
2013-01-11,2.3900,3.5452,3.5999,0.9848,51.0439
2013-01-14,2.4900,3.3958,3.6023,0.9427,55.6478
2013-01-15,2.5100,3.3643,3.6008,0.9343,56.3169
2013-01-16,2.5000,3.3879,3.6047,0.9399,55.8887
2013-01-17,2.4700,3.4198,3.5986,0.9503,54.7377
2013-01-18,2.5800,3.2805,3.5834,0.9155,58.2976
2013-01-21,2.6500,3.1938,3.5743,0.8935,60.7334
2013-01-22,2.7300,3.0983,3.5705,0.8677,63.7848
2013-01-23,2.8000,3.0208,3.5682,0.8466,66.1670
2013-01-24,2.8200,2.9959,3.5816,0.8365,67.3715
2013-01-25,2.8300,2.9897,3.5837,0.8342,67.5321
2013-01-28,2.9300,2.8827,3.6042,0.7998,69.7002
2013-01-29,2.9600,2.8543,3.6116,0.7903,70.4764
2013-01-30,2.9400,2.8770,3.6053,0.7980,69.8608
2013-01-31,2.9300,2.8827,3.6054,0.7996,69.7805
2013-02-01,3.0600,2.7672,3.6004,0.7686,71.3597
2013-02-04,3.0300,2.7938,3.6016,0.7757,71.0921
2013-02-05,2.9500,2.8713,3.5910,0.7996,69.7270
2013-02-06,2.9600,2.8543,3.5922,0.7946,70.0749
2013-02-07,2.8700,2.9472,3.5928,0.8203,68.5493
2013-02-08,2.8700,2.9472,3.5859,0.8219,68.4690
2013-02-18,2.8500,2.9713,3.5929,0.8270,68.0407
2013-02-19,2.8100,3.0146,3.5931,0.8390,67.1574
2013-02-20,2.7700,3.0591,3.5632,0.8585,64.7752
2013-02-21,2.6500,3.1868,3.5623,0.8946,60.6263
2013-02-22,2.6400,3.2009,3.5708,0.8964,60.3587
2013-02-25,2.7000,3.1317,3.5821,0.8743,63.1692
2013-02-26,2.7000,3.1385,3.5948,0.8731,63.3030
2013-02-27,2.6900,3.1453,3.5904,0.8760,62.8747
2013-02-28,2.7700,3.0526,3.5957,0.8490,65.9797
2013-03-01,2.7500,3.0720,3.5878,0.8562,65.1499
2013-03-04,2.6000,3.2584,3.5785,0.9105,58.8330
2013-03-05,2.7300,3.0983,3.5760,0.8664,63.8651
2013-03-06,2.7300,3.0983,3.5802,0.8654,63.9989
2013-03-07,2.6500,3.1868,3.5813,0.8898,61.2420
2013-03-08,2.6500,3.1868,3.5816,0.8898,61.2687
2013-03-11,2.6500,3.1868,3.5830,0.8894,61.3758
2013-03-12,2.6200,3.2294,3.5897,0.8996,59.9839
2013-03-13,2.5900,3.2658,3.5898,0.9097,58.9400
2013-03-14,2.6100,3.2438,3.5919,0.9031,59.6895
2013-03-15,2.6700,3.1659,3.5919,0.8814,62.1253
2013-03-18,2.6500,3.1938,3.5971,0.8879,61.5364
2013-03-19,2.7400,3.0917,3.5922,0.8607,64.5343
2013-03-20,3.0100,2.8101,3.5722,0.7867,70.5567
2013-03-21,3.1500,2.6852,3.5819,0.7497,71.8415
2013-03-22,3.1200,2.7103,3.5816,0.7567,71.6006
2013-03-25,3.1000,2.7307,3.5770,0.7634,71.5203
2013-03-26,3.0700,2.7514,3.5717,0.7703,71.3062
2013-03-27,3.0700,2.7514,3.5611,0.7726,71.2527
2013-03-28,2.7900,3.0271,3.5505,0.8526,65.5246
2013-03-29,2.7200,3.1049,3.5392,0.8773,62.7409
2013-04-01,2.6800,3.1522,3.5303,0.8929,60.8137
2013-04-02,2.6100,3.2366,3.5106,0.9220,57.7355
2013-04-03,2.5500,3.3181,3.5005,0.9479,55.0321
2013-04-08,2.5000,3.3800,3.4905,0.9683,52.6231
2013-04-09,2.5100,3.3643,3.4705,0.9694,52.4358
2013-04-10,2.5000,3.3800,3.4624,0.9762,51.9272
2013-04-11,2.5200,3.3565,3.4705,0.9672,52.8373
2013-04-12,2.5000,3.3879,3.4655,0.9776,51.8469
2013-04-15,2.4800,3.4118,3.4405,0.9917,50.4550
2013-04-16,2.5000,3.3800,3.4005,0.9940,50.3212
2013-04-17,2.4800,3.4118,3.4131,0.9996,49.9732
2013-04-18,2.5100,3.3721,3.4431,0.9794,51.6328
2013-04-19,2.6100,3.2438,3.4503,0.9402,55.8351
2013-04-22,2.5700,3.2880,3.4867,0.9430,55.6210
2013-04-23,2.4700,3.4198,3.4629,0.9876,50.8030
2013-04-24,2.5300,3.3487,3.4498,0.9707,52.3555
2013-04-25,2.5100,3.3721,3.4314,0.9827,51.3116
2013-04-26,2.4900,3.3958,3.4313,0.9897,50.6692
2013-05-02,2.4700,3.4279,3.4119,1.0047,49.7056
2013-05-03,2.5100,3.3721,3.4212,0.9856,50.9636
2013-05-06,2.5800,3.2805,3.4354,0.9549,54.0685
2013-05-07,2.5600,3.3105,3.4261,0.9663,52.9979
2013-05-08,2.5700,3.2955,3.4345,0.9595,53.6135
2013-05-09,2.5400,3.3257,3.4317,0.9691,52.4893
2013-05-10,2.5700,3.2955,3.4212,0.9633,53.3191
2013-05-13,2.5600,3.3105,3.4238,0.9669,52.8908
2013-05-14,2.5300,3.3487,3.4248,0.9778,51.8201
2013-05-15,2.5100,3.3643,3.4218,0.9832,51.2313
2013-05-16,2.5600,3.3030,3.4219,0.9653,53.1049
2013-05-17,2.5800,3.2731,3.4213,0.9567,53.8812
2013-05-20,2.6100,3.2366,3.4253,0.9449,55.4336
2013-05-21,2.6000,3.2584,3.4253,0.9513,54.6039
2013-05-22,2.6200,3.2294,3.4153,0.9456,55.3266
2013-05-23,2.5600,3.3105,3.4130,0.9700,52.3822
2013-05-24,2.5600,3.3030,3.4181,0.9663,52.9711
2013-05-27,2.5500,3.3181,3.4166,0.9712,52.3019
2013-05-28,2.6000,3.2584,3.4206,0.9526,54.4165
2013-05-29,2.5800,3.2731,3.4340,0.9531,54.2827
2013-05-30,2.5600,3.3105,3.4340,0.9640,53.2120
2013-05-31,2.5400,3.3257,3.4399,0.9668,52.9176
2013-06-03,2.5400,3.3257,3.4478,0.9646,53.1852
2013-06-04,2.5100,3.3643,3.4603,0.9723,52.2484
2013-06-05,2.5000,3.3879,3.4615,0.9787,51.6863
2013-06-06,2.4600,3.4442,3.4651,0.9940,50.3480
2013-06-07,2.3900,3.5366,3.4822,1.0156,49.0364
2013-06-13,2.3000,3.6802,3.4591,1.0639,46.4668
2013-06-14,2.3000,3.6709,3.4689,1.0582,46.6809
2013-06-17,2.3100,3.6616,3.4785,1.0526,46.8951
2013-06-18,2.3300,3.6341,3.4818,1.0437,47.3501
2013-06-19,2.2900,3.6990,3.5516,1.0415,47.5375
2013-06-20,2.1900,3.8564,3.7016,1.0418,47.5107
2013-06-21,2.2000,3.8462,3.6014,1.0680,46.4400
2013-06-24,2.0900,4.0503,3.5999,1.1251,44.7002
2013-06-25,2.0800,4.0730,3.5999,1.1314,44.5664
2013-06-26,2.0400,4.1429,3.5500,1.1670,43.7366
2013-06-27,2.0800,4.0616,3.5231,1.1528,44.1113
2013-06-28,2.1600,3.9084,3.5125,1.1127,45.2355
2013-07-01,2.1600,3.9189,3.5245,1.1119,45.3426
2013-07-02,2.1500,3.9295,3.5243,1.1150,45.0749
2013-07-03,2.1100,4.0166,3.5302,1.1378,44.3790
2013-07-04,2.1100,4.0055,3.5102,1.1411,44.3522
2013-07-05,2.1200,3.9945,3.5127,1.1372,44.4058
2013-07-08,2.0800,4.0730,3.5177,1.1579,43.8972
2013-07-09,2.0800,4.0730,3.5202,1.1570,43.9507
2013-07-10,2.1200,3.9835,3.5802,1.1126,45.2891
2013-07-11,2.2400,3.7760,3.5902,1.0518,46.9754
2013-07-12,2.1900,3.8667,3.6001,1.0741,46.2794
2013-07-15,2.2800,3.7084,3.6102,1.0272,48.0996
2013-07-16,2.2800,3.7084,3.6190,1.0247,48.2334
2013-07-17,2.2300,3.7958,3.6690,1.0346,47.8319
2013-07-18,2.2000,3.9945,3.6903,1.0824,46.0118
2013-07-19,2.1600,4.0730,3.7051,1.0993,45.6906
2013-07-22,2.1300,4.1429,3.7401,1.1077,45.4764
2013-07-23,2.1900,4.0278,3.7602,1.0712,46.3865
2013-07-24,2.1400,4.1076,3.7952,1.0823,46.0385
2013-07-25,2.1400,4.1193,3.7102,1.1103,45.4229
2013-07-26,2.1100,4.1667,3.7152,1.1215,44.8340
2013-07-29,2.0700,4.2522,3.7228,1.1422,44.2719
2013-07-30,2.1100,4.1787,3.7227,1.1225,44.7805
2013-07-31,2.1000,4.1908,3.7214,1.1261,44.6467
2013-08-01,2.1400,4.1193,3.7053,1.1117,45.3694
2013-08-02,2.1200,4.1547,3.7034,1.1219,44.8073
2013-08-05,2.1300,4.1311,3.7104,1.1134,45.2088
2013-08-06,2.1300,4.1429,3.7153,1.1151,45.0482
2013-08-07,2.1300,4.1429,3.7703,1.0988,45.7173
2013-08-08,2.1200,4.1547,3.8455,1.0804,46.0921
2013-08-09,2.1300,4.1429,3.8407,1.0787,46.1724
2013-08-12,2.1700,4.0503,3.8513,1.0517,47.0021
2013-08-13,2.1900,4.0166,3.9252,1.0233,48.3672
2013-08-14,2.1900,4.0166,3.9516,1.0164,48.8758
2013-08-15,2.1700,4.0503,3.9602,1.0228,48.4743
2013-08-16,2.1900,4.0166,3.9401,1.0194,48.6349
2013-08-19,2.2200,3.9726,4.0103,0.9906,50.6424
2013-08-20,2.2000,4.0055,4.0881,0.9798,51.5792
2013-08-21,2.1900,4.0278,4.0382,0.9974,50.0535
2013-08-22,2.1800,4.0390,4.0302,1.0022,49.8394
2013-08-23,2.1900,4.0278,3.9916,1.0091,49.4379
2013-08-26,2.2000,3.9945,3.9555,1.0099,49.4111
2013-08-27,2.1900,4.0278,3.9654,1.0157,49.0096
2013-08-28,2.1900,4.0278,4.0222,1.0014,49.8929
2013-08-29,2.1800,4.0390,4.0300,1.0022,49.8126
2013-08-30,2.1800,4.0390,4.0354,1.0009,49.9197
2013-09-02,2.1900,4.0278,4.0356,0.9981,50.0268
2013-09-03,2.2200,3.9617,4.0404,0.9805,51.5525
2013-09-04,2.2500,3.9084,4.0550,0.9638,53.2388
2013-09-05,2.2700,3.8770,4.0550,0.9561,53.9615
2013-09-06,2.3000,3.8259,4.0455,0.9457,55.2998
2013-09-09,2.4900,3.5366,4.0550,0.8722,63.3833
2013-09-10,2.4700,3.5714,4.0650,0.8786,62.5268
2013-09-11,2.4700,3.5714,4.1341,0.8639,64.1863
2013-09-12,2.5300,3.4856,4.1291,0.8442,66.5685
2013-09-13,2.4800,3.5539,4.1406,0.8583,64.8822
2013-09-16,2.4700,3.5714,4.1201,0.8668,63.8383
2013-09-17,2.3700,3.7084,4.0721,0.9107,58.8062
2013-09-18,2.3900,3.6896,4.0502,0.9110,58.7527
2013-09-23,2.4000,3.6616,4.0095,0.9132,58.5385
2013-09-24,2.3600,3.7275,4.0201,0.9272,56.9058
2013-09-25,2.3400,3.7565,4.0202,0.9344,56.2901
2013-09-26,2.3100,3.8158,3.9901,0.9563,53.9347
2013-09-27,2.3100,3.8158,4.0002,0.9539,54.2291
2013-09-30,2.2800,3.8667,3.9954,0.9678,52.6767
2013-10-08,2.3000,3.8360,3.9903,0.9613,53.4797
2013-10-09,2.3100,3.8158,4.0316,0.9465,55.1927
2013-10-10,2.2700,3.8874,4.0166,0.9678,52.6499
2013-10-11,2.3300,3.7859,4.0265,0.9402,55.8084
2013-10-14,2.3200,3.7958,4.0663,0.9335,56.3972
2013-10-15,2.3100,3.8058,4.0791,0.9330,56.4507
2013-10-16,2.2800,3.8564,4.0966,0.9414,55.7816
2013-10-17,2.3000,3.8360,4.0966,0.9364,56.1296
2013-10-18,2.3100,3.8058,4.1055,0.9270,56.9861
2013-10-21,2.3300,3.7760,4.1105,0.9186,58.0567
2013-10-22,2.3100,3.8058,4.1305,0.9214,57.7891
2013-10-23,2.3300,3.7859,4.1491,0.9125,58.5921
2013-10-24,2.3000,3.8360,4.1940,0.9146,58.4315
2013-10-25,2.3100,3.8158,4.2140,0.9055,59.5289
2013-10-28,2.3100,3.8158,4.2040,0.9077,59.2077
2013-10-29,2.3600,3.7371,4.2173,0.8861,61.5899
2013-10-30,2.4300,3.6250,4.2173,0.8596,64.6413
2013-10-31,2.3900,3.6896,4.1806,0.8826,62.0182
2013-11-01,2.4500,3.5980,4.1556,0.8658,63.9722
2013-11-04,2.4600,3.5802,4.1731,0.8579,64.9358
2013-11-05,2.4500,3.5980,4.2106,0.8545,65.3373
2013-11-06,2.3800,3.6990,4.2206,0.8764,62.8212
2013-11-07,2.3900,3.6896,4.2945,0.8591,64.6681
2013-11-08,2.3700,3.7084,4.3186,0.8587,64.6949
2013-11-11,2.4000,3.6616,4.4034,0.8315,67.7730
2013-11-12,2.4600,3.5802,4.4146,0.8110,69.0310
2013-11-13,2.4000,3.6616,4.4628,0.8205,68.4957
2013-11-14,2.3900,3.6896,4.5006,0.8198,68.6028
2013-11-15,2.4100,3.6524,4.6006,0.7939,70.2355
2013-11-18,2.5100,3.5109,4.6619,0.7531,71.6542
2013-11-19,2.4800,3.5539,4.6722,0.7606,71.5739
2013-11-20,2.5000,3.5280,4.7222,0.7471,71.8951
2013-11-21,2.4800,3.5452,4.7009,0.7542,71.6274
2013-11-22,2.4400,3.6160,4.6509,0.7775,71.0653
2013-11-25,2.4200,3.6341,4.6159,0.7873,70.5032
2013-11-26,2.4200,3.6432,4.6059,0.7910,70.3961
2013-11-27,2.4400,3.6160,4.5511,0.7945,70.1285
2013-11-28,2.4500,3.5980,4.4313,0.8120,68.9775
2013-11-29,2.4500,3.5980,4.3612,0.8250,68.2816
2013-12-02,2.4800,3.5452,4.4812,0.7911,70.3694
2013-12-03,2.5000,3.5280,4.4412,0.7944,70.1552
2013-12-04,2.5100,3.5109,4.4262,0.7932,70.2891
2013-12-05,2.5000,3.5280,4.4962,0.7847,70.6906
2013-12-06,2.4800,3.5452,4.5162,0.7850,70.6638
2013-12-09,2.4800,3.5452,4.5413,0.7807,70.8244
2013-12-10,2.4800,3.5452,4.6012,0.7705,71.2794
2013-12-11,2.4600,3.5802,4.6213,0.7747,71.1456
2013-12-12,2.4400,3.6070,4.5913,0.7856,70.6103
2013-12-13,2.4400,3.6160,4.5411,0.7963,69.9411
2013-12-16,2.4200,3.6432,4.5539,0.8000,69.6467
2013-12-17,2.4000,3.6709,4.5639,0.8043,69.3255
2013-12-18,2.4000,3.6709,4.5814,0.8013,69.5396
2013-12-19,2.3800,3.6990,4.6016,0.8039,69.3522
2013-12-20,2.1700,4.0503,4.6016,0.8802,62.3126
2013-12-23,2.3000,3.8360,4.6017,0.8336,67.6927
2013-12-24,2.3100,3.8158,4.5566,0.8374,67.2109
2013-12-25,2.3000,3.8360,4.5666,0.8400,66.9700
2013-12-26,2.2700,3.8874,4.5579,0.8529,65.4711
2013-12-27,2.3000,3.8259,4.5437,0.8420,66.7291
2013-12-30,2.3000,3.8360,4.5437,0.8442,66.5150
2013-12-31,2.3500,3.7468,4.5518,0.8231,68.3619
2014-01-02,2.3400,3.8860,4.6018,0.8445,66.4615
2014-01-03,2.3100,3.9474,4.6415,0.8505,65.7923
2014-01-06,2.2700,4.0107,4.6569,0.8612,64.4272
2014-01-07,2.2700,4.0214,4.6420,0.8663,63.8919
2014-01-08,2.2700,4.0107,4.5919,0.8734,63.2762
2014-01-09,2.2600,4.0323,4.5969,0.8772,62.7944
2014-01-10,2.2500,4.0431,4.6016,0.8786,62.5000
2014-01-13,2.2800,3.9894,4.5970,0.8678,63.7580
2014-01-14,2.2700,4.0214,4.6020,0.8738,63.2227
2014-01-15,2.2100,4.1209,4.5523,0.9052,59.5557
2014-01-16,2.2000,4.1322,4.5871,0.9008,59.8233
2014-01-17,2.1800,4.1783,4.5969,0.9089,59.0203
2014-01-20,2.1800,4.1783,4.5923,0.9098,58.9133
2014-01-21,2.2000,4.1436,4.5423,0.9122,58.6724
2014-01-22,2.2300,4.0872,4.5023,0.9078,59.1809
2014-01-23,2.2100,4.1209,4.4825,0.9193,57.9764
2014-01-24,2.2200,4.1096,4.5123,0.9108,58.7794
2014-01-27,2.2000,4.1322,4.4802,0.9223,57.6552
2014-01-28,2.2400,4.0650,4.5027,0.9028,59.7163
2014-01-29,2.2600,4.0323,4.5102,0.8940,60.7066
2014-01-30,2.1900,4.1551,4.5019,0.9230,57.5482
2014-02-07,2.2100,4.1209,4.4781,0.9202,57.8694
2014-02-10,2.3100,3.9474,4.4831,0.8805,62.2859
2014-02-11,2.5400,3.5885,4.4881,0.7996,69.7537
2014-02-12,2.7500,3.3186,4.4783,0.7410,72.0289
2014-02-13,3.0100,3.0303,4.4783,0.6767,73.4208
2014-02-14,2.9500,3.0864,4.4781,0.6892,73.2066
2014-02-17,2.9200,3.1185,4.5135,0.6909,73.1531
2014-02-18,2.8500,3.1983,4.5385,0.7047,72.9925
2014-02-19,3.1300,2.9070,4.5535,0.6384,73.8223
2014-02-20,3.0900,2.9528,4.5336,0.6513,73.6349
2014-02-21,3.1400,2.9014,4.5234,0.6414,73.7687
2014-02-24,3.1400,2.9014,4.4836,0.6471,73.6617
2014-02-25,3.0000,3.0364,4.4336,0.6849,73.2602
2014-02-26,3.0900,2.9470,4.4496,0.6623,73.5278
2014-02-27,3.2400,2.8143,4.3896,0.6411,73.7955
2014-02-28,3.2000,2.8463,4.4276,0.6429,73.7420
2014-03-03,3.1200,2.9240,4.4576,0.6560,73.6081
2014-03-04,3.0500,2.9821,4.5026,0.6623,73.5546
2014-03-05,3.0200,3.0120,4.5176,0.6667,73.5011
2014-03-06,2.9500,3.0928,4.5145,0.6851,73.2334
2014-03-07,2.9700,3.0675,4.5142,0.6795,73.3405
2014-03-10,2.9600,3.0738,4.5043,0.6824,73.3137
2014-03-11,3.0200,3.0181,4.5125,0.6688,73.4743
2014-03-12,3.3200,2.7422,4.5024,0.6091,74.0632
2014-03-13,3.2400,2.8143,4.5024,0.6251,73.9561
2014-03-14,2.9700,3.0675,4.4924,0.6828,73.2869
2014-03-17,2.7700,3.2895,4.4820,0.7339,72.1895
2014-03-18,2.8300,3.2189,4.5095,0.7138,72.7516
2014-03-19,2.7900,3.2609,4.5095,0.7231,72.4304
2014-03-20,2.7100,3.3632,4.5195,0.7442,71.9486
2014-03-21,2.8500,3.1915,4.5044,0.7085,72.9122
2014-03-24,2.8700,3.1712,4.5148,0.7024,73.0728
2014-03-25,2.8000,3.2538,4.5192,0.7200,72.5107
2014-03-26,2.7800,3.2751,4.4992,0.7279,72.3233
2014-03-27,2.8400,3.2120,4.5109,0.7121,72.8051
2014-03-28,2.7900,3.2609,4.5104,0.7230,72.4572
2014-03-31,2.8100,3.2397,4.5004,0.7199,72.5375
2014-04-01,2.8300,3.2189,4.4954,0.7160,72.6178
2014-04-02,2.8500,3.1983,4.4904,0.7123,72.7784
2014-04-03,2.7800,3.2823,4.4904,0.7310,72.2698
2014-04-04,2.7900,3.2680,4.4904,0.7278,72.3501
2014-04-08,2.8700,3.1780,4.4499,0.7142,72.7248
2014-04-09,2.8700,3.1780,4.4771,0.7098,72.8854
2014-04-10,2.8800,3.1579,4.4571,0.7085,72.9390
2014-04-11,3.0900,2.9470,4.4521,0.6619,73.5814
2014-04-14,3.0300,3.0060,4.4248,0.6794,73.3672
2014-04-15,2.9500,3.0928,4.4001,0.7029,73.0193
2014-04-16,2.9500,3.0864,4.3601,0.7079,72.9657
2014-04-17,2.9100,3.1315,4.2749,0.7325,72.2163
2014-04-18,2.9100,3.1315,4.2997,0.7283,72.2966
2014-04-21,2.8500,3.1915,4.2997,0.7423,71.9754
2014-04-22,2.9800,3.0612,4.2997,0.7120,72.8319
2014-04-23,2.9300,3.1056,4.3297,0.7173,72.5642
2014-04-24,2.9400,3.0992,4.3394,0.7142,72.6981
2014-04-25,2.9900,3.0426,4.3294,0.7028,73.0460
2014-04-28,2.9500,3.0928,4.3301,0.7143,72.6713
2014-04-29,2.9700,3.0675,4.3202,0.7100,72.8587
2014-04-30,2.9200,3.1185,4.3002,0.7252,72.3769
2014-05-05,2.8700,3.1780,4.3002,0.7390,72.1092
2014-05-06,2.8400,3.2120,4.2803,0.7504,71.7612
2014-05-07,2.7300,3.3333,4.2803,0.7788,70.9315
2014-05-08,2.7600,3.3040,4.2303,0.7810,70.7976
2014-05-09,2.7400,3.3259,4.1205,0.8072,69.1649
2014-05-12,2.7800,3.2751,4.1205,0.7948,70.0482
2014-05-13,2.7600,3.3040,4.1505,0.7960,69.9679
2014-05-14,2.7500,3.3113,4.1704,0.7940,70.2088
2014-05-15,2.7300,3.3408,4.1915,0.7970,69.9143
2014-05-16,2.6200,3.4803,4.1919,0.8302,67.8533
2014-05-19,2.5400,3.5800,4.1708,0.8583,64.8555
2014-05-20,2.5400,3.5800,4.1770,0.8571,65.0428
2014-05-21,2.5900,3.5129,4.1770,0.8410,66.8630
2014-05-22,2.5900,3.5211,4.1770,0.8430,66.6221
2014-05-23,2.6100,3.4965,4.1574,0.8410,66.8362
2014-05-26,2.5900,3.5129,4.1674,0.8429,66.6488
2014-05-27,2.5900,3.5211,4.1574,0.8469,66.1135
2014-05-28,2.6000,3.5047,4.1457,0.8454,66.3544
2014-05-29,2.5700,3.5461,4.1159,0.8616,64.4004
2014-05-30,2.5600,3.5545,4.0714,0.8730,63.3298
2014-06-03,2.5700,3.5461,4.0214,0.8818,62.0985
2014-06-04,2.6400,3.4483,4.0114,0.8596,64.6146
2014-06-05,2.6400,3.4562,4.0314,0.8573,64.9893
2014-06-06,2.6100,3.4965,4.0614,0.8609,64.4807
2014-06-09,2.6000,3.5047,4.0714,0.8608,64.5075
2014-06-10,2.6400,3.4562,4.0614,0.8510,65.7120
2014-06-11,2.6300,3.4642,4.0614,0.8530,65.4443
2014-06-12,2.6100,3.4884,4.0640,0.8584,64.8287
2014-06-13,2.6700,3.4169,4.0840,0.8367,67.3180
2014-06-16,2.6900,3.3860,4.0640,0.8332,67.7463
2014-06-17,2.6600,3.4247,4.0540,0.8448,66.4347
2014-06-18,2.6200,3.4803,4.0540,0.8585,64.8019
2014-06-19,2.5700,3.5461,4.0408,0.8776,62.6874
2014-06-20,2.6000,3.5047,4.0515,0.8650,64.0525
2014-06-23,2.5800,3.5294,4.0515,0.8711,63.4770
2014-06-24,2.5800,3.5294,4.0515,0.8711,63.4770
2014-06-25,2.5800,3.5294,4.0557,0.8702,63.5439
2014-06-26,2.5900,3.5129,4.0472,0.8680,63.7313
2014-06-27,2.5900,3.5211,4.0485,0.8697,63.6242
2014-06-30,2.5900,3.5129,4.0612,0.8650,64.0792
2014-07-01,2.5900,3.5211,4.0812,0.8628,64.2934
2014-07-02,2.5900,3.5129,4.1212,0.8524,65.5782
2014-07-03,2.6300,3.4642,4.1503,0.8347,67.4786
2014-07-04,2.6200,3.4803,4.1747,0.8337,67.6660
2014-07-07,2.6100,3.4884,4.1212,0.8465,66.2206
2014-07-08,2.6400,3.4562,4.1162,0.8397,67.0503
2014-07-09,2.5700,3.5377,4.1276,0.8571,65.0161
2014-07-10,2.5700,3.5461,4.1298,0.8587,64.7484
2014-07-11,2.5800,3.5294,4.1198,0.8567,65.1231
2014-07-14,2.6200,3.4803,4.1298,0.8427,66.7024
2014-07-15,2.6200,3.4803,4.1571,0.8372,67.2377
2014-07-16,2.6200,3.4803,4.2171,0.8253,68.2281
2014-07-17,2.6100,3.7037,4.2670,0.8680,63.7045
2014-07-18,2.6100,3.7037,4.3019,0.8609,64.4540
2014-07-21,2.5800,3.7406,4.3017,0.8696,63.6510
2014-07-22,2.6100,3.7037,4.2717,0.8670,63.8116
2014-07-23,2.6500,3.6496,4.2967,0.8494,65.8994
2014-07-24,2.7900,3.4642,4.2967,0.8062,69.2184
2014-07-25,2.8100,3.4404,4.2711,0.8055,69.2719
2014-07-28,2.9300,3.3040,4.2713,0.7735,71.2259
2014-07-29,2.9200,3.3113,4.2805,0.7736,71.1991
2014-07-30,2.8900,3.3408,4.2905,0.7787,70.9582
2014-07-31,2.9300,3.3040,4.2655,0.7746,71.1724
2014-08-01,2.8700,3.3708,4.2569,0.7918,70.3426
2014-08-04,2.9100,3.3186,4.2530,0.7803,70.8512
2014-08-05,2.9200,3.3113,4.2576,0.7777,71.0385
2014-08-06,2.8600,3.3784,4.2463,0.7956,70.0214
2014-08-07,2.8400,3.4091,4.2563,0.8010,69.5664
2014-08-08,2.8500,3.3937,4.2712,0.7946,70.1017
2014-08-11,2.8900,3.3408,4.2815,0.7803,70.9047
2014-08-12,2.8700,3.3708,4.2815,0.7873,70.5300
2014-08-13,2.8400,3.4014,4.2550,0.7994,69.8073
2014-08-14,2.8200,3.4247,4.2100,0.8135,68.8972
2014-08-15,2.8600,3.3784,4.2002,0.8043,69.2987
2014-08-18,2.8600,3.3784,4.2153,0.8015,69.4593
2014-08-19,2.8500,3.3937,4.2422,0.8000,69.6734
2014-08-20,2.8400,3.4091,4.2523,0.8017,69.4325
2014-08-21,2.8000,3.4562,4.2512,0.8130,68.9507
2014-08-22,2.8000,3.4483,4.2560,0.8102,69.0846
2014-08-25,2.7700,3.4884,4.2524,0.8203,68.5225
2014-08-26,2.7600,3.5047,4.2462,0.8254,68.2013
2014-08-27,2.7500,3.5129,4.2310,0.8303,67.8266
2014-08-28,2.7300,3.5461,4.2254,0.8392,67.1039
2014-08-29,2.7600,3.5047,4.2361,0.8273,67.9872
2014-09-01,2.7600,3.4965,4.2405,0.8245,68.3084
2014-09-02,2.8000,3.4562,4.2490,0.8134,68.9240
2014-09-03,2.8500,3.3937,4.2640,0.7959,69.9946
2014-09-04,2.8500,3.3937,4.2814,0.7927,70.3158
2014-09-05,2.8700,3.3708,4.2928,0.7852,70.6370
2014-09-09,2.8400,3.4014,4.2868,0.7935,70.2623
2014-09-10,2.8400,3.4091,4.2934,0.7940,70.1820
2014-09-11,2.8100,3.4404,4.2937,0.8013,69.5128
2014-09-12,2.8200,3.4325,4.2793,0.8021,69.4058
2014-09-15,2.8400,3.4014,4.2597,0.7985,69.8340
2014-09-16,2.8300,3.4169,4.2634,0.8014,69.4861
2014-09-17,2.8200,3.4247,4.2008,0.8152,68.8169
2014-09-18,2.9500,3.2751,4.1438,0.7904,70.4497
2014-09-19,2.9300,3.3040,4.0310,0.8196,68.6296
2014-09-22,2.8500,3.3860,4.0110,0.8442,66.5418
2014-09-23,2.8900,3.3408,3.9911,0.8371,67.2645
2014-09-24,2.9300,3.3040,4.0425,0.8173,68.7099
2014-09-25,2.9600,3.2680,4.0025,0.8165,68.7634
2014-09-26,2.9200,3.3113,4.0092,0.8259,68.1478
2014-09-29,2.9300,3.2967,3.9925,0.8257,68.1745
2014-09-30,2.9300,3.3040,3.9824,0.8297,67.8801
2014-10-08,2.9500,3.2751,3.9930,0.8202,68.5760
2014-10-09,2.9400,3.2895,4.0014,0.8221,68.4422
2014-10-10,2.9600,3.2680,4.0131,0.8143,68.8437
2014-10-13,2.9300,3.3040,3.9953,0.8270,68.0675
2014-10-14,2.9300,3.3040,3.9015,0.8469,66.1403
2014-10-15,2.9800,3.2468,3.8215,0.8496,65.8726
2014-10-16,3.0600,3.1579,3.8116,0.8285,67.9336
2014-10-17,3.0000,3.2258,3.8110,0.8464,66.2473
2014-10-20,3.0700,3.1513,3.7441,0.8417,66.7827
2014-10-21,3.0000,3.2258,3.7323,0.8643,64.1595
2014-10-22,3.0000,3.2258,3.7929,0.8505,65.7655
2014-10-23,2.9800,3.2397,3.8108,0.8501,65.8458
2014-10-24,2.9700,3.2538,3.8013,0.8560,65.1767
2014-10-27,2.8500,3.3860,3.7756,0.8968,60.3051
2014-10-28,2.9000,3.3333,3.7424,0.8907,61.1081
2014-10-29,3.0000,3.2189,3.7176,0.8659,63.9454
2014-10-30,3.0500,3.1646,3.7688,0.8397,67.0236
2014-10-31,3.1500,3.0675,3.7559,0.8167,68.7366
2014-11-03,3.1300,3.0928,3.7007,0.8357,67.4251
2014-11-04,3.0900,3.1315,3.6412,0.8600,64.5610
2014-11-05,3.1500,3.0675,3.6117,0.8493,65.9261
2014-11-06,3.1100,3.1056,3.6223,0.8574,64.9625
2014-11-07,3.1700,3.0488,3.5631,0.8557,65.2302
2014-11-10,3.3200,2.9126,3.5132,0.8290,67.9069
2014-11-11,3.4000,2.8463,3.4981,0.8137,68.8704
2014-11-12,3.3600,2.8736,3.5560,0.8081,69.1381
2014-11-13,3.3200,2.9126,3.5924,0.8108,69.0578
2014-11-14,3.2700,2.9586,3.6466,0.8113,69.0043
2014-11-17,3.1900,3.0303,3.6609,0.8277,67.9604
2014-11-18,3.1600,3.0550,3.6070,0.8470,66.0867
2014-11-19,3.1800,3.0364,3.6154,0.8399,66.9968
2014-11-20,3.2000,3.0181,3.6521,0.8264,68.1210
2014-11-21,3.2800,2.9470,3.6514,0.8071,69.1916
2014-11-24,3.2900,2.9412,3.4767,0.8460,66.3276
2014-11-25,3.3200,2.9126,3.5216,0.8271,68.0139
2014-11-26,3.4300,2.8195,3.5228,0.8004,69.6199
2014-11-27,3.5800,2.7027,3.5243,0.7669,71.3865
2014-11-28,3.9400,2.4550,3.5249,0.6965,73.0996
2014-12-01,4.0500,2.3847,3.5145,0.6785,73.3940
2014-12-02,4.3000,2.2489,3.5553,0.6325,73.9026
2014-12-03,4.1400,2.3328,3.6238,0.6437,73.7152
2014-12-04,4.3600,2.2157,3.6633,0.6048,74.0899
2014-12-05,4.4400,2.1771,3.7759,0.5766,74.1702
2014-12-08,4.4700,2.1645,3.7918,0.5708,74.2505
2014-12-09,4.0900,2.3622,3.7532,0.6294,73.9293
2014-12-10,4.1800,2.3112,3.7111,0.6228,73.9829
2014-12-11,4.0700,2.3734,3.7282,0.6366,73.8758
2014-12-12,4.0400,2.3923,3.7513,0.6377,73.8490
2014-12-15,3.9600,2.4390,3.7815,0.6450,73.6884
2014-12-16,4.2000,2.3006,3.7522,0.6131,74.0364
2014-12-17,4.6200,2.0921,3.7377,0.5597,74.3308
2014-12-18,4.4600,2.1676,3.7614,0.5763,74.1970
2014-12-19,4.5600,2.1186,3.7106,0.5710,74.2238
2014-12-22,4.7800,2.0243,3.7030,0.5467,74.3576
2014-12-23,4.5500,2.1246,3.6604,0.5804,74.1435
2014-12-24,4.3400,2.2255,3.5975,0.6186,74.0096
2014-12-25,4.5000,2.1490,3.6305,0.5919,74.1167
2014-12-26,4.7200,2.0464,3.6339,0.5631,74.3041
2014-12-29,4.6900,2.0604,3.6213,0.5690,74.2773
2014-12-30,5.1600,1.8727,3.6213,0.5171,74.8394
2014-12-31,5.2500,1.8428,3.6219,0.5088,75.1338
2015-01-05,5.2600,3.0882,3.6251,0.8519,65.6049
2015-01-06,5.1100,3.1778,3.6353,0.8742,63.1959
2015-01-07,5.1000,3.1858,3.6408,0.8750,63.0889
2015-01-08,4.8600,3.3422,3.6415,0.9178,58.1370
2015-01-09,4.9000,3.3158,3.6348,0.9122,58.6456
2015-01-12,4.8100,3.3780,3.6371,0.9288,56.8255
2015-01-13,4.7800,3.4008,3.5836,0.9490,54.8715
2015-01-14,4.9400,3.2898,3.5411,0.9290,56.7987
2015-01-15,5.1000,3.1818,3.5464,0.8972,60.2784
2015-01-16,5.0800,3.1980,3.5017,0.9133,58.5118
2015-01-19,4.5700,3.5543,3.4750,1.0228,48.4475
2015-01-20,4.4700,3.6364,3.4711,1.0476,47.2163
2015-01-21,4.7100,3.4473,3.4672,0.9943,50.2944
2015-01-22,4.6500,3.4903,3.4521,1.0111,49.3308
2015-01-23,4.6800,3.4711,3.4520,1.0055,49.6520
2015-01-26,4.6700,3.4807,3.4341,1.0136,49.2505
2015-01-27,4.5500,3.5694,3.4309,1.0404,47.5910
2015-01-28,4.6100,3.5245,3.4767,1.0137,49.2238
2015-01-29,4.5200,3.5949,3.4966,1.0281,48.0460
2015-01-30,4.4800,3.6259,3.5019,1.0354,47.7248
2015-02-02,4.3000,3.7725,3.4729,1.0863,45.9047
2015-02-03,4.4200,3.6735,3.4533,1.0638,46.4936
2015-02-04,4.3300,3.7500,3.4589,1.0842,45.9582
2015-02-05,4.3200,3.7556,3.4018,1.1040,45.5835
2015-02-06,4.1700,3.8949,3.4325,1.1347,44.5128
2015-02-09,4.2300,3.8356,3.4236,1.1203,44.9143
2015-02-10,4.3500,3.7333,3.4299,1.0885,45.8512
2015-02-11,4.3200,3.7612,3.3955,1.1077,45.4497
2015-02-12,4.3200,3.7612,3.3865,1.1106,45.3961
2015-02-13,4.3500,3.7333,3.3552,1.1127,45.2623
2015-02-16,4.3300,3.7500,3.3374,1.1236,44.7537
2015-02-17,4.3500,3.7333,3.3373,1.1187,44.9946
2015-02-25,4.2700,3.8066,3.3490,1.1366,44.4325
2015-02-26,4.3800,3.7113,3.3594,1.1048,45.5300
2015-02-27,4.3600,3.7223,3.3745,1.1031,45.6370
2015-03-02,4.5400,3.5745,3.3883,1.0550,46.8148
2015-03-03,4.3300,3.7500,3.4022,1.1022,45.6638
2015-03-04,4.2900,3.7838,3.3869,1.1172,45.0214
2015-03-05,4.2200,3.8473,3.4369,1.1194,44.9679
2015-03-06,4.2300,3.8356,3.4753,1.1037,45.6103
2015-03-09,4.5600,3.5593,3.4922,1.0192,48.6617
2015-03-10,4.4300,3.6681,3.5228,1.0412,47.5642
2015-03-11,4.4900,3.6155,3.4466,1.0490,47.1627
2015-03-12,4.6800,3.4711,3.4412,1.0087,49.4647
2015-03-13,4.6400,3.5000,3.4879,1.0035,49.7591
2015-03-16,4.6700,3.4759,3.5301,0.9846,51.0974
2015-03-17,4.7300,3.4332,3.5428,0.9691,52.5161
2015-03-18,4.8400,3.3555,3.5519,0.9447,55.5139
2015-03-19,4.7900,3.3917,3.5348,0.9595,53.6403
2015-03-20,4.8300,3.3600,3.4958,0.9612,53.5064
2015-03-23,4.8500,3.3511,3.4933,0.9593,53.6670
2015-03-24,4.7800,3.4008,3.4841,0.9761,51.9540
2015-03-25,4.6600,3.4855,3.5037,0.9948,50.2677
2015-03-26,4.6600,3.4855,3.5440,0.9835,51.1510
2015-03-27,4.7000,3.4568,3.5678,0.9689,52.5428
2015-03-30,4.8100,3.3780,3.5849,0.9423,55.7013
2015-03-31,4.7400,3.4239,3.6483,0.9385,55.9957
2015-04-01,4.7800,3.4008,3.5997,0.9447,55.4604
2015-04-02,4.7400,3.4286,3.5438,0.9675,52.7570
2015-04-03,4.7600,3.4100,3.5720,0.9546,54.0953
2015-04-07,4.9000,3.3114,3.5987,0.9202,57.8961
2015-04-08,5.0500,3.2143,3.6938,0.8702,63.5707
2015-04-09,4.9600,3.2770,3.7040,0.8847,61.7238
2015-04-10,5.0500,3.2143,3.6947,0.8700,63.5974
2015-04-13,5.1600,3.1500,3.6685,0.8587,64.7216
2015-04-14,5.0700,3.2061,3.6211,0.8854,61.6435
2015-04-15,5.1100,3.1778,3.5954,0.8839,61.8308
2015-04-16,5.3400,3.0435,3.5600,0.8549,65.2837
2015-04-17,5.3300,3.0472,3.5627,0.8553,65.2570
2015-04-20,5.1100,3.1778,3.4554,0.9197,57.9497
2015-04-21,5.1700,3.1382,3.4055,0.9215,57.7623
2015-04-22,5.2800,3.0769,3.4052,0.9036,59.6092
2015-04-23,5.1900,3.1304,3.4151,0.9166,58.2173
2015-04-24,5.0800,3.1939,3.4454,0.9270,56.9593
2015-04-27,5.2300,3.1073,3.3952,0.9152,58.3244
2015-04-28,5.3200,3.0508,3.3804,0.9025,59.7698
2015-04-29,5.2200,3.1111,3.4000,0.9150,58.3512
2015-04-30,5.1000,3.1818,3.3503,0.9497,54.7912
2015-05-04,5.1200,3.1698,3.3804,0.9377,56.0493
2015-05-05,4.8400,3.3555,3.4006,0.9867,50.9101
2015-05-06,4.7400,3.4239,3.4560,0.9907,50.5889
2015-05-07,4.7000,3.4568,3.4401,1.0049,49.6788
2015-05-08,4.7500,3.4193,3.3703,1.0145,49.1167
2015-05-11,4.8700,3.3377,3.3752,0.9889,50.7227
2015-05-12,5.0100,3.2391,3.4002,0.9526,54.3897
2015-05-13,4.9100,3.3071,3.4002,0.9726,52.1681
2015-05-14,4.9000,3.3158,3.3803,0.9809,51.5257
2015-05-15,4.7400,3.4286,3.3907,1.0112,49.3041
2015-05-18,4.6700,3.4759,3.4109,1.0191,48.6884
2015-05-19,4.8100,3.3735,3.4311,0.9832,51.2045
2015-05-20,4.7800,3.3962,3.4282,0.9907,50.6156
2015-05-21,4.7800,3.3962,3.4257,0.9914,50.4818
2015-05-22,4.9400,3.2898,3.4160,0.9631,53.3458
2015-05-25,5.0400,3.2225,3.4310,0.9392,55.9690
2015-05-26,5.0800,3.1980,3.5214,0.9082,59.1542
2015-05-27,5.0500,3.2184,3.5055,0.9181,58.1103
2015-05-28,4.8100,3.3735,3.5652,0.9462,55.2195
2015-05-29,4.7600,3.4100,3.5954,0.9484,54.9518
2015-06-01,4.9700,3.2685,3.6404,0.8978,60.2248
2015-06-02,4.9900,3.2558,3.5880,0.9074,59.2880
2015-06-03,5.0800,3.1939,3.6111,0.8845,61.7505
2015-06-04,5.2300,3.1073,3.5912,0.8653,64.0257
2015-06-05,5.1600,3.1500,3.5814,0.8795,62.3929
2015-06-08,5.4700,2.9682,3.5613,0.8335,67.7195
2015-06-09,5.4700,2.9682,3.5565,0.8346,67.5054
2015-06-10,5.3600,3.0325,3.5912,0.8444,66.4882
2015-06-11,5.2700,3.0807,3.6197,0.8511,65.6585
2015-06-12,5.4500,2.9787,3.6226,0.8223,68.4154
2015-06-15,5.2100,3.1188,3.6681,0.8502,65.8191
2015-06-16,5.3900,3.0108,3.6099,0.8340,67.5857
2015-06-17,5.5000,2.9508,3.6052,0.8185,68.6563
2015-06-18,5.1600,3.1461,3.5730,0.8805,62.2591
2015-06-19,4.7900,3.3871,3.5825,0.9455,55.3533
2015-06-23,4.9700,3.2685,3.6054,0.9066,59.3415
2015-06-24,5.1200,3.1738,3.6079,0.8797,62.3662
2015-06-25,4.9400,3.2898,3.6028,0.9131,58.5653
2015-06-26,4.6200,3.5146,3.6080,0.9741,52.0878
2015-06-29,4.6800,3.4711,3.6030,0.9634,53.2923
2015-06-30,4.9700,3.2685,3.5976,0.9085,59.0471
2015-07-01,4.7600,3.4146,3.6127,0.9452,55.4069
2015-07-02,5.2300,3.1034,3.6223,0.8567,65.0964
2015-07-03,4.9200,3.3028,3.5719,0.9247,57.2805
2015-07-06,5.3300,3.0472,3.4917,0.8727,63.3565
2015-07-07,5.8600,2.7692,3.4361,0.8059,69.2452
2015-07-08,6.0600,2.6809,3.4307,0.7814,70.7709
2015-07-09,6.3100,2.5741,3.4358,0.7492,71.8683
2015-07-10,6.3000,2.5767,3.4885,0.7386,72.1360
2015-07-13,5.9300,2.7391,3.5014,0.7823,70.7441
2015-07-14,6.4200,2.5276,3.5341,0.7152,72.6445
2015-07-15,6.6200,2.4514,3.5495,0.6906,73.1799
2015-07-16,6.3700,2.5506,3.5208,0.7244,72.4036
2015-07-17,6.3200,2.5714,3.5123,0.7321,72.2430
2015-07-20,6.4300,2.5251,3.5009,0.7213,72.4839
2015-07-21,6.1400,2.6443,3.5214,0.7509,71.7345
2015-07-22,6.0300,2.6923,3.5145,0.7661,71.4133
2015-07-23,6.0700,2.6752,3.4751,0.7698,71.3330
2015-07-24,5.9300,2.7362,3.4602,0.7908,70.4229
2015-07-27,5.3600,3.0325,3.4602,0.8764,62.8480
2015-07-28,5.2800,3.0732,3.4401,0.8933,60.7602
2015-07-29,5.2300,3.1073,3.4302,0.9059,59.4486
2015-07-30,5.1400,3.1619,3.4402,0.9191,58.0300
2015-07-31,4.9000,3.3158,3.4752,0.9541,54.1756
2015-08-03,4.9700,3.2685,3.4700,0.9419,55.7281
2015-08-04,5.0200,3.2349,3.4700,0.9322,56.5043
2015-08-05,4.9000,3.3114,3.4701,0.9543,54.1488
2015-08-06,4.9000,3.3114,3.4600,0.9571,53.8276
2015-08-07,4.9200,3.2984,3.4553,0.9546,54.1221
2015-08-10,5.0800,3.1980,3.4755,0.9202,57.9229
2015-08-11,5.0200,3.2349,3.5256,0.9175,58.1906
2015-08-12,4.9100,3.3071,3.5402,0.9342,56.3437
2015-08-13,4.9200,3.3028,3.5153,0.9395,55.9422
2015-08-14,4.9000,3.3158,3.5052,0.9460,55.2730
2015-08-17,4.8100,3.3780,3.5176,0.9603,53.5600
2015-08-18,4.9000,3.3158,3.5126,0.9440,55.5942
2015-08-19,4.7700,3.4054,3.5201,0.9674,52.8105
2015-08-20,4.5700,3.5543,3.5051,1.0140,49.1970
2015-08-21,4.3800,3.7113,3.4951,1.0619,46.6006
2015-08-24,3.9400,4.1244,3.4701,1.1886,43.1478
2015-08-25,3.5400,4.5818,3.4577,1.3251,39.6413
2015-08-26,3.6400,4.4602,3.4290,1.3007,40.4711
2015-08-27,4.0100,4.0514,3.3902,1.1950,43.0407
2015-08-28,4.1000,3.9560,3.3803,1.1703,43.6296
2015-08-31,4.1200,3.9375,3.3252,1.1841,43.3084
2015-09-01,4.1400,3.9252,3.3002,1.1894,43.1210
2015-09-02,4.0100,4.0449,3.3002,1.2257,42.3180
2015-09-07,3.7700,4.3077,3.3353,1.2915,40.8191
2015-09-08,4.0300,4.0256,3.3603,1.1980,42.9336
2015-09-09,4.1100,3.9498,3.3478,1.1798,43.4154
2015-09-10,4.0200,4.0385,3.3453,1.2072,42.7730
2015-09-11,3.9800,4.0843,3.3404,1.2227,42.4786
2015-09-14,3.9400,4.1176,3.3303,1.2364,42.1306
2015-09-15,3.9600,4.1042,3.3104,1.2398,42.0236
2015-09-16,4.0200,4.0385,3.3103,1.2200,42.5857
2015-09-17,3.9200,4.1379,3.3204,1.2462,41.8897
2015-09-18,3.9000,4.1653,3.3105,1.2582,41.5953
2015-09-21,3.9000,4.1653,3.3204,1.2545,41.6488
2015-09-22,3.9200,4.1379,3.3255,1.2443,41.9165
2015-09-23,3.8300,4.2353,3.3354,1.2698,41.3544
2015-09-24,3.8600,4.2070,3.3180,1.2679,41.4347
2015-09-25,3.8700,4.1930,3.3101,1.2667,41.4882
2015-09-28,3.8400,4.2282,3.2906,1.2849,40.9797
2015-09-29,3.7800,4.2930,3.2457,1.3227,39.6949
2015-09-30,3.7800,4.2930,3.2362,1.3266,39.5610
2015-10-08,3.8500,4.2140,3.2409,1.3003,40.5246
2015-10-09,3.8700,4.1930,3.1486,1.3317,39.4004
2015-10-12,3.9800,4.0777,3.1488,1.2950,40.7120
2015-10-13,3.9800,4.0777,3.1064,1.3127,39.8822
2015-10-14,4.0100,4.0514,3.0414,1.3321,39.3737
2015-10-15,4.0500,4.0064,3.0814,1.3002,40.5514
2015-10-16,4.0800,3.9810,3.1216,1.2753,41.2741
2015-10-19,4.0700,3.9937,3.1214,1.2795,41.1135
2015-10-20,4.0700,3.9937,3.0615,1.3045,40.2570
2015-10-21,4.2500,3.8240,3.0616,1.2490,41.8362
2015-10-22,4.1900,3.8769,3.0516,1.2704,41.3276
2015-10-23,4.1800,3.8829,3.0400,1.2773,41.1403
2015-10-26,4.1600,3.9070,3.0200,1.2937,40.7655
2015-10-27,4.1200,3.9375,2.9800,1.3213,39.7216
2015-10-28,4.1400,3.9191,2.9870,1.3121,39.9893
2015-10-29,4.1000,3.9623,3.0500,1.2991,40.6317
2015-10-30,4.1200,3.9375,3.0600,1.2868,40.8994
2015-11-02,4.0500,4.0064,3.0525,1.3125,39.9090
2015-11-03,4.0300,4.0256,3.0800,1.3070,40.1499
2015-11-04,4.1800,3.8829,3.1351,1.2385,42.0771
2015-11-05,4.3800,3.7059,3.1150,1.1897,43.0942
2015-11-06,4.4900,3.6207,3.1250,1.1586,43.8437
2015-11-09,4.9400,3.2898,3.2099,1.0249,48.2066
2015-11-10,5.0500,3.2184,3.2001,1.0057,49.6253
2015-11-11,4.9500,3.2813,3.1226,1.0508,47.0289
2015-11-12,4.9200,3.3028,3.1351,1.0535,46.8683
2015-11-13,4.7900,3.3871,3.1251,1.0838,45.9850
2015-11-18,5.2400,3.0996,3.1402,0.9871,50.8565
2015-11-19,5.0900,3.1899,3.1402,1.0158,48.9561
2015-11-20,4.9900,3.2558,3.1251,1.0418,47.4839
2015-11-23,4.9700,3.2685,3.1302,1.0442,47.3233
2015-11-24,4.8700,3.3333,3.1077,1.0726,46.3330
2015-11-25,4.8900,3.3202,3.0853,1.0761,46.2259
2015-11-26,4.8800,3.3245,3.0503,1.0899,45.7976
2015-11-27,4.5400,3.5745,3.0603,1.1680,43.7099
2015-11-30,4.6800,3.4711,3.0404,1.1417,44.3255
2015-12-01,4.5900,3.5393,3.0504,1.1603,43.7901
2015-12-02,5.0500,3.2184,3.0454,1.0568,46.7345
2015-12-03,5.1100,3.1778,3.0304,1.0486,47.1895
2015-12-04,4.9600,3.2727,3.0254,1.0817,46.0653
2015-12-07,4.9200,3.2984,3.0280,1.0893,45.8244
2015-12-08,4.8100,3.3780,3.0005,1.1258,44.6734
2015-12-09,4.8300,3.3600,2.9968,1.1212,44.8608
2015-12-10,4.7400,3.4286,3.0018,1.1422,44.2987
2015-12-11,4.6800,3.4663,2.9931,1.1581,43.8704
2015-12-14,4.8800,3.3289,3.0306,1.0984,45.7441
2015-12-15,4.7100,3.4473,3.0157,1.1431,44.2452
2015-12-16,4.6800,3.4711,3.0007,1.1568,43.9775
2015-12-17,4.7900,3.3871,2.9857,1.1344,44.5396
2015-12-18,4.8000,3.3826,2.9408,1.1502,44.1649
2015-12-21,4.9000,3.3158,2.8811,1.1509,44.1381
2015-12-22,4.8300,3.3600,2.8610,1.1744,43.5760
2015-12-23,4.9700,3.2685,2.8460,1.1485,44.1916
2015-12-24,4.9300,3.2941,2.8010,1.1760,43.5225
2015-12-25,4.9200,3.2984,2.8061,1.1754,43.5493
2015-12-28,4.6800,3.4711,2.7961,1.2414,41.9968
2015-12-29,4.7100,3.4473,2.8061,1.2285,42.2645
2015-12-30,4.7200,3.4426,2.8261,1.2181,42.6124
2015-12-31,4.6500,3.4903,2.8212,1.2372,42.1039
2017-01-03,4.5000,3.1407,3.1054,1.0114,49.2773
2017-01-04,4.5000,3.1407,3.1823,0.9869,50.8833
2017-01-05,4.5300,3.1222,3.2086,0.9731,52.1146
2017-01-06,4.5300,3.1222,3.1953,0.9771,51.8737
2017-01-09,4.5600,3.0994,3.1692,0.9780,51.7666
2017-01-10,4.4700,3.1642,3.1792,0.9953,50.2409
2017-01-11,4.4400,3.1832,3.2055,0.9930,50.4283
2017-01-12,4.4400,3.1832,3.1888,0.9982,50.0000
2017-01-13,4.5200,3.1315,3.2022,0.9779,51.7934
2017-01-16,4.5800,3.0859,3.2496,0.9496,54.8180
2017-01-17,4.5500,3.1085,3.2692,0.9508,54.7109
2017-01-18,4.6000,3.0769,3.2682,0.9415,55.7548
2017-01-19,4.5800,3.0859,3.2584,0.9471,55.1124
2017-01-20,4.6200,3.0636,3.2440,0.9444,55.5675
2017-01-23,4.6200,3.0636,3.2429,0.9447,55.4872
2017-01-24,4.6200,3.0592,3.2837,0.9316,56.5846
2017-01-25,4.6200,3.0636,3.3463,0.9155,58.2709
2017-01-26,4.6600,3.0372,3.3465,0.9076,59.2612
2017-02-03,4.5800,3.0859,3.4214,0.9019,59.7966
2017-02-06,4.5500,3.1085,3.4905,0.8906,61.1617
2017-02-07,4.5400,3.1176,3.4866,0.8942,60.6531
2017-02-08,4.5500,3.1085,3.4591,0.8986,60.1178
2017-02-09,4.5700,3.0949,3.4148,0.9063,59.4218
2017-02-10,4.5700,3.0949,3.4368,0.9005,59.8769
2017-02-13,4.6600,3.0372,3.4192,0.8883,61.4561
2017-02-14,4.6200,3.0636,3.4107,0.8982,60.1445
2017-02-15,4.7000,3.0071,3.4058,0.8829,61.9111
2017-02-16,4.7000,3.0071,3.3559,0.8961,60.4390
2017-02-17,4.6000,3.0725,3.3311,0.9224,57.6285
2017-02-20,4.7000,3.0071,3.2812,0.9165,58.2441
2017-02-21,4.7200,2.9986,3.3013,0.9083,59.1006
2017-02-22,4.7200,2.9944,3.2839,0.9118,58.7259
2017-02-23,4.7000,3.0114,3.2714,0.9205,57.8426
2017-02-24,4.6400,3.0504,3.2916,0.9267,57.0128
2017-02-27,4.6000,3.0725,3.2871,0.9347,56.2366
2017-02-28,4.6000,3.0725,3.2921,0.9333,56.4240
2017-03-01,4.6200,3.0636,3.3252,0.9213,57.8158
2017-03-02,4.5800,3.0904,3.3483,0.9230,57.5214
2017-03-03,4.5600,3.0994,3.3573,0.9232,57.4679
2017-03-06,4.5500,3.1085,3.3615,0.9247,57.2537
2017-03-07,4.5500,3.1085,3.3643,0.9240,57.3340
2017-03-08,4.5500,3.1085,3.4088,0.9119,58.6991
2017-03-09,4.5100,3.1361,3.4151,0.9183,58.0835
2017-03-10,4.4700,3.1642,3.4156,0.9264,57.0931
2017-03-13,4.5100,3.1361,3.3851,0.9264,57.0664
2017-03-14,4.5500,3.1085,3.3653,0.9237,57.4143
2017-03-15,4.5100,3.1361,3.3524,0.9355,56.2099
2017-03-16,4.5200,3.1315,3.3097,0.9462,55.2463
2017-03-17,4.4800,3.1548,3.3124,0.9524,54.4968
2017-03-20,4.4400,3.1880,3.3141,0.9620,53.4529
2017-03-21,4.4600,3.1737,3.3141,0.9576,53.8009
2017-03-22,4.3700,3.2366,3.3068,0.9788,51.6595
2017-03-23,4.4400,3.1832,3.3034,0.9636,53.2655
2017-03-24,4.4700,3.1642,3.2529,0.9727,52.1413
2017-03-27,4.4900,3.1501,3.2451,0.9707,52.3287
2017-03-28,4.4300,3.1928,3.2626,0.9786,51.7131
2017-03-29,4.4000,3.2121,3.2695,0.9824,51.3383
2017-03-30,4.4200,3.1976,3.2890,0.9722,52.2752
2017-03-31,4.4800,3.1595,3.2828,0.9624,53.3994
2017-04-05,4.5100,3.1361,3.3102,0.9474,55.0589
2017-04-06,4.4900,3.1501,3.3109,0.9514,54.5771
2017-04-07,4.5000,3.1407,3.2966,0.9527,54.3630
2017-04-10,4.4400,3.1832,3.3166,0.9598,53.5867
2017-04-11,4.4700,3.1642,3.3209,0.9528,54.3362
2017-04-12,4.4500,3.1784,3.3283,0.9550,54.0418
2017-04-13,4.4100,3.2073,3.3220,0.9655,53.0514
2017-04-14,4.3400,3.2565,3.3599,0.9692,52.4625
2017-04-17,4.2700,3.3125,3.4160,0.9697,52.4090
2017-04-18,4.1700,3.3920,3.4064,0.9958,50.2141
2017-04-19,4.1200,3.4360,3.4065,1.0087,49.4914
2017-04-20,4.0900,3.4584,3.4240,1.0100,49.3844
2017-04-21,4.1600,3.3974,3.4614,0.9815,51.4454
2017-04-24,4.1200,3.4360,3.4991,0.9820,51.3919
2017-04-25,4.1300,3.4249,3.4568,0.9908,50.5621
2017-04-26,4.0200,3.5216,3.4519,1.0202,48.5546
2017-04-27,4.0000,3.5333,3.4494,1.0243,48.2602
2017-04-28,4.0200,3.5216,3.4668,1.0158,48.9829
2017-05-02,3.9800,3.5511,3.4870,1.0184,48.7420
2017-05-03,3.9400,3.5871,3.5219,1.0185,48.7152
2017-05-04,3.9200,3.6116,3.5517,1.0169,48.8223
2017-05-05,3.9000,3.6301,3.5592,1.0199,48.6081
2017-05-08,3.9200,3.6116,3.6042,1.0021,49.8662
2017-05-09,3.9300,3.5993,3.6325,0.9909,50.5353
2017-05-10,3.9300,3.5993,3.6900,0.9754,52.0343
2017-05-11,3.9800,3.5511,3.6400,0.9756,52.0075
2017-05-12,4.1000,3.4528,3.6525,0.9453,55.3801
2017-05-15,4.0500,3.4926,3.6100,0.9675,52.7837
2017-05-16,4.0400,3.4983,3.6225,0.9657,53.0246
2017-05-17,4.0100,3.5275,3.6275,0.9724,52.2216
2017-05-18,3.9600,3.5750,3.6075,0.9910,50.5086
2017-05-19,3.9600,3.5690,3.6250,0.9846,51.1242
2017-05-22,3.9300,3.5993,3.6601,0.9834,51.1777
2017-05-23,4.0100,3.5275,3.6725,0.9605,53.5332
2017-05-24,4.0000,3.5392,3.6601,0.9670,52.8640
2017-05-25,4.1400,3.4194,3.6476,0.9374,56.0760
2017-05-26,4.1200,3.4304,3.6501,0.9398,55.9154
2017-05-31,4.1300,3.4249,3.6102,0.9487,54.8983
2017-06-01,4.1300,3.4249,3.6152,0.9474,55.0857
2017-06-02,4.0800,3.4697,3.6277,0.9564,53.9079
2017-06-05,4.0400,3.4983,3.6152,0.9677,52.7302
2017-06-06,4.0600,3.4811,3.6328,0.9582,53.7206
2017-06-07,4.0800,3.4697,3.6427,0.9525,54.4433
2017-06-08,4.0800,3.4697,3.6478,0.9512,54.6306
2017-06-09,4.1200,3.4360,3.6303,0.9465,55.1660
2017-06-12,4.0900,3.4584,3.5841,0.9649,53.1585
2017-06-13,4.0800,3.4641,3.5754,0.9689,52.5696
2017-06-14,4.0700,3.4754,3.5354,0.9830,51.2848
2017-06-15,4.0800,3.4697,3.5554,0.9759,51.9807
2017-06-16,4.0800,3.4697,3.5680,0.9724,52.1949
2017-06-19,4.1000,3.4472,3.5006,0.9847,51.0707
2017-06-20,4.0800,3.4641,3.4881,0.9931,50.4015
2017-06-21,4.0900,3.4584,3.5406,0.9768,51.9004
2017-06-22,4.1200,3.4360,3.5607,0.9650,53.1317
2017-06-23,4.1400,3.4138,3.5457,0.9628,53.3726
2017-06-26,4.1700,3.3920,3.5134,0.9654,53.0782
2017-06-27,4.1900,3.3758,3.5084,0.9622,53.4261
2017-06-28,4.2100,3.3597,3.5333,0.9509,54.6842
2017-06-29,4.2000,3.3651,3.5483,0.9484,54.9786
2017-06-30,4.2000,3.3704,3.5683,0.9445,55.5407
2017-07-03,4.1800,3.3866,3.6033,0.9399,55.8619
2017-07-04,4.1400,3.4194,3.6009,0.9496,54.8448
2017-07-05,4.1700,3.3920,3.5760,0.9485,54.9251
2017-07-06,4.1500,3.4084,3.5660,0.9558,53.9882
2017-07-07,4.1400,3.4138,3.5897,0.9510,54.6574
2017-07-10,4.1400,3.4194,3.5911,0.9522,54.5236
2017-07-11,4.2200,3.3544,3.5836,0.9360,56.1563
2017-07-12,4.2900,3.2970,3.5749,0.9223,57.6820
2017-07-13,4.3600,3.2416,3.5643,0.9095,58.9668
2017-07-14,4.4600,3.1737,3.5637,0.8906,61.1349
2017-07-17,4.7300,2.9901,3.5626,0.8393,67.0771
2017-07-18,4.6900,3.0156,3.5851,0.8411,66.8094
2017-07-19,4.6600,3.0329,3.5901,0.8448,66.4079
2017-07-20,4.7200,2.9986,3.5740,0.8390,67.1306
2017-07-21,4.6800,3.0243,3.5829,0.8441,66.5953
2017-07-24,4.6600,3.1315,3.5769,0.8755,62.9818
2017-07-25,4.6400,3.1454,3.5920,0.8757,62.9283
2017-07-26,4.6000,3.1737,3.6170,0.8774,62.7141
2017-07-27,4.5800,3.1880,3.6021,0.8850,61.6970
2017-07-28,4.5900,3.1784,3.6034,0.8821,62.0717
2017-07-31,4.5800,3.1880,3.6260,0.8792,62.4465
2017-08-01,4.6400,3.1454,3.6373,0.8648,64.1060
2017-08-02,4.6400,3.1454,3.6311,0.8662,63.9186
2017-08-03,4.5100,3.2317,3.6262,0.8912,60.9743
2017-08-04,4.4700,3.2615,3.6262,0.8994,60.0375
2017-08-07,4.4700,3.2615,3.6626,0.8905,61.1884
2017-08-08,4.5000,3.2416,3.6538,0.8872,61.5632
2017-08-09,4.4800,3.2565,3.6600,0.8898,61.2955
2017-08-10,4.4400,3.2868,3.6375,0.9036,59.6360
2017-08-11,4.3400,3.3597,3.6163,0.9290,56.7719
2017-08-14,4.3500,3.3544,3.5925,0.9337,56.3704
2017-08-15,4.4000,3.3125,3.5801,0.9253,57.2002
2017-08-16,4.3500,3.3544,3.5988,0.9321,56.5578
2017-08-17,4.3800,3.3281,3.5926,0.9264,57.1199
2017-08-18,4.3400,3.3597,3.5951,0.9345,56.2634
2017-08-21,4.3700,3.3386,3.6181,0.9227,57.5749
2017-08-22,4.3600,3.3438,3.6201,0.9237,57.4411
2017-08-23,4.4400,3.2868,3.6152,0.9092,58.9936
2017-08-24,4.3600,3.3491,3.6252,0.9238,57.3876
2017-08-25,4.5100,3.2317,3.6327,0.8896,61.3223
2017-08-28,4.5400,3.2121,3.6502,0.8800,62.3394
2017-08-29,4.5800,3.1880,3.6303,0.8782,62.5535
2017-08-30,4.5000,3.2416,3.6303,0.8929,60.7869
2017-08-31,4.4900,3.2466,3.6265,0.8952,60.4925
2017-09-01,4.4500,3.2817,3.6353,0.9027,59.7430
2017-09-04,4.4900,3.2515,3.6454,0.8919,60.8940
2017-09-05,4.5500,3.2073,3.6641,0.8753,63.0086
2017-09-06,4.5100,3.2366,3.6554,0.8854,61.6167
2017-09-07,4.4800,3.2565,3.6155,0.9007,59.8501
2017-09-08,4.4700,3.2615,3.6005,0.9058,59.4754
2017-09-11,4.4500,3.2817,3.6156,0.9077,59.2345
2017-09-12,4.4400,3.2868,3.6181,0.9084,59.0739
2017-09-13,4.4200,3.2970,3.6356,0.9069,59.3148
2017-09-14,4.4100,3.3073,3.5982,0.9192,58.0032
2017-09-15,4.4000,3.3177,3.5982,0.9220,57.7088
2017-09-18,4.4000,3.3125,3.6220,0.9145,58.4582
2017-09-19,4.4100,3.3073,3.6158,0.9147,58.4047
2017-09-20,4.4000,3.3125,3.6209,0.9148,58.3779
2017-09-21,4.4100,3.3073,3.6334,0.9102,58.8597
2017-09-22,4.3900,3.3229,3.6209,0.9177,58.1638
2017-09-25,4.3600,3.3438,3.5985,0.9292,56.7452
2017-09-26,4.3700,3.3386,3.6172,0.9230,57.4946
2017-09-27,4.3600,3.3491,3.6235,0.9243,57.3073
2017-09-28,4.3400,3.3597,3.6136,0.9297,56.7184
2017-09-29,4.3400,3.3651,3.6136,0.9312,56.6113
2017-10-09,4.3800,3.3281,3.6477,0.9124,58.6188
2017-10-10,4.4000,3.3125,3.6470,0.9083,59.1274
2017-10-11,4.4000,3.3125,3.6540,0.9065,59.3683
2017-10-12,4.3900,3.3229,3.6765,0.9038,59.5824
2017-10-13,4.3600,3.3438,3.6740,0.9101,58.8865
2017-10-16,4.3800,3.3281,3.7054,0.8982,60.1713
2017-10-17,4.3700,3.3386,3.7409,0.8925,60.8672
2017-10-18,4.4000,3.3177,3.7366,0.8879,61.5096
2017-10-19,4.4000,3.3177,3.7167,0.8926,60.8405
2017-10-20,4.4000,3.3177,3.7217,0.8914,60.9208
2017-10-23,4.3700,3.3386,3.7231,0.8967,60.3319
2017-10-24,4.4000,3.3177,3.7220,0.8914,60.9475
2017-10-25,4.3800,3.3281,3.7768,0.8812,62.1788
2017-10-26,4.3400,3.3597,3.7769,0.8895,61.3490
2017-10-27,4.3600,3.3491,3.8266,0.8752,63.0353
2017-10-30,4.2800,3.4084,3.9115,0.8714,63.4368
2017-10-31,4.2800,3.4084,3.8917,0.8758,62.9015
2017-11-01,4.2400,3.4416,3.8630,0.8909,61.0814
2017-11-02,4.2100,3.4641,3.8718,0.8947,60.5728
2017-11-03,4.2200,3.4584,3.8816,0.8910,61.0546
2017-11-06,4.2000,3.4754,3.8694,0.8982,60.1981
2017-11-07,4.2500,3.4360,3.8813,0.8853,61.6702
2017-11-08,4.2600,3.4249,3.8725,0.8844,61.7773
2017-11-09,4.2500,3.4304,3.8863,0.8827,61.9647
2017-11-10,4.2100,3.4641,3.9000,0.8882,61.4829
2017-11-13,4.2500,3.4304,3.9500,0.8685,63.6777
2017-11-14,4.1900,3.4811,3.9525,0.8807,62.2323
2017-11-15,4.1900,3.4811,3.9500,0.8813,62.1520
2017-11-16,4.1400,3.5275,3.9225,0.8993,60.0642
2017-11-17,4.2200,3.4584,3.9200,0.8822,62.0450
2017-11-20,4.3100,3.3812,3.9400,0.8582,64.9090
2017-11-21,4.3500,3.3544,3.9500,0.8492,65.9529
2017-11-22,4.4700,3.2615,3.9850,0.8184,68.6831
2017-11-23,4.3500,3.3544,3.9851,0.8417,66.7559
2017-11-24,4.3600,3.3491,3.9463,0.8487,66.0064
2017-11-27,4.3600,3.3438,3.9501,0.8465,66.1938
2017-11-28,4.3200,3.3758,3.9601,0.8525,65.5514
2017-11-29,4.2900,3.4029,3.9101,0.8703,63.5171
2017-11-30,4.3800,3.3333,3.8901,0.8569,65.0696
2017-12-01,4.4000,3.3177,3.8852,0.8539,65.3640
2017-12-04,4.4300,3.2919,3.8902,0.8462,66.3009
2017-12-05,4.4800,3.2565,3.8752,0.8403,66.9433
2017-12-06,4.4000,3.3125,3.8752,0.8548,65.3105
2017-12-07,4.4000,3.3125,3.8927,0.8510,65.7388
2017-12-08,4.3700,3.3386,3.9102,0.8538,65.3908
2017-12-11,4.3800,3.3333,3.9303,0.8481,66.0600
2017-12-12,4.2900,3.3974,3.9378,0.8628,64.2666
2017-12-13,4.3100,3.3866,3.9303,0.8617,64.3737
2017-12-14,4.2500,3.4304,3.9104,0.8773,62.7677
2017-12-15,4.2100,3.4641,3.8904,0.8904,61.2152
2017-12-18,4.2200,3.4584,3.8904,0.8890,61.4026
2017-12-19,4.2600,3.4249,3.9005,0.8781,62.5937
2017-12-20,4.2600,3.4249,3.9005,0.8781,62.5937
2017-12-21,4.2500,3.4304,3.9005,0.8795,62.4197
2017-12-22,4.2600,3.4249,3.8780,0.8832,61.8844
2017-12-25,4.2400,3.4416,3.8731,0.8886,61.4293
2017-12-26,4.2900,3.4029,3.8881,0.8752,63.0621
2017-12-27,4.2700,3.4194,3.8956,0.8778,62.6606
2017-12-28,4.2500,3.4304,3.8857,0.8828,61.9379
2017-12-29,4.2700,3.4194,3.8807,0.8811,62.2056
2018-01-02,4.3500,3.4018,3.9008,0.8721,63.4101
2018-01-03,4.3800,3.3751,3.9162,0.8618,64.3469
2018-01-04,4.4000,3.3645,3.9319,0.8557,65.2034
2018-01-05,4.4300,3.3384,3.9212,0.8514,65.6317
2018-01-08,4.5000,3.2873,3.9110,0.8405,66.8897
2018-01-09,4.4600,3.3178,3.8909,0.8527,65.4979
2018-01-10,4.5400,3.2574,3.9201,0.8309,67.7998
2018-01-11,4.6200,3.1993,3.9546,0.8090,69.1113
2018-01-12,4.7100,3.1386,3.9337,0.7979,69.8876
2018-01-15,4.8000,3.0845,3.9650,0.7779,71.0118
2018-01-16,4.8200,3.0713,3.9596,0.7757,71.1188
2018-01-17,4.7500,3.1113,3.9597,0.7857,70.5835
2018-01-18,4.9500,2.9860,3.9797,0.7503,71.7880
2018-01-19,4.9500,2.9860,3.9754,0.7511,71.6809
2018-01-22,4.9000,3.0195,3.9522,0.7640,71.4936
2018-01-23,5.0800,2.9132,3.9414,0.7391,72.0824
2018-01-24,5.0900,2.9053,3.9507,0.7354,72.1627
2018-01-25,5.0000,2.9613,3.9435,0.7509,71.7077
2018-01-26,5.0700,2.9171,3.9365,0.7410,72.0557
2018-01-29,5.0100,2.9532,3.9368,0.7502,71.8148
2018-01-30,4.9200,3.0069,3.9292,0.7653,71.4400
2018-01-31,4.9700,2.9777,3.9140,0.7608,71.5471
2018-02-01,5.0800,2.9132,3.9066,0.7457,71.9218
2018-02-02,5.1100,2.8974,3.9092,0.7412,72.0021
2018-02-05,5.6000,2.6412,3.9167,0.6743,73.4475
2018-02-06,5.5100,2.6840,3.8825,0.6913,73.1263
2018-02-07,5.3300,2.7741,3.8700,0.7168,72.5910
2018-02-08,4.9900,2.9654,3.8801,0.7643,71.4668
2018-02-09,4.7500,3.1158,3.8800,0.8030,69.3790
2018-02-12,4.6200,3.2040,3.8750,0.8268,68.0942
2018-02-13,4.6900,3.1570,3.8700,0.8158,68.7901
2018-02-14,4.6400,3.1898,3.8702,0.8242,68.3351
2018-02-22,4.8900,3.0238,3.8752,0.7803,70.8779
2018-02-23,4.9100,3.0111,3.8702,0.7780,70.9850
2018-02-26,4.9100,3.0111,3.8452,0.7831,70.7173
2018-02-27,4.8400,3.0582,3.8201,0.8006,69.5931
2018-02-28,4.7100,3.1431,3.8202,0.8228,68.3887
2018-03-01,4.6900,3.1524,3.8201,0.8252,68.2548
2018-03-02,4.6200,3.1993,3.8352,0.8342,67.5589
2018-03-05,4.6000,3.2184,3.8453,0.8370,67.2912
2018-03-06,4.6300,3.1945,3.8253,0.8351,67.4518
2018-03-07,4.6400,3.1850,3.8203,0.8337,67.6392
2018-03-08,4.6200,3.1993,3.8203,0.8374,67.1842
2018-03-09,4.6200,3.1993,3.8278,0.8358,67.3983
2018-03-12,4.6200,3.1993,3.8243,0.8366,67.3448
2018-03-13,4.6200,3.1993,3.8362,0.8340,67.6124
2018-03-14,4.5800,3.2281,3.8413,0.8404,66.9165
2018-03-15,4.5800,3.2329,3.8257,0.8450,66.3812
2018-03-16,4.5400,3.2574,3.8154,0.8538,65.4176
2018-03-19,4.5800,3.2329,3.8104,0.8484,66.0332
2018-03-20,4.6300,3.1945,3.7906,0.8427,66.6756
2018-03-21,4.6400,3.1850,3.7630,0.8464,66.2741
2018-03-22,4.6400,3.1898,3.7480,0.8511,65.6852
2018-03-23,4.6200,3.1993,3.7005,0.8646,64.1328
2018-03-26,4.4000,3.3592,3.7307,0.9004,59.9036
2018-03-27,4.4200,3.3488,3.7432,0.8946,60.5996
2018-03-28,4.4200,3.3488,3.7406,0.8953,60.4657
2018-03-29,4.4700,3.3126,3.7456,0.8844,61.8041
2018-03-30,4.4400,3.3332,3.7407,0.8911,61.0278
2018-04-02,4.4000,3.3592,3.7357,0.8992,60.0910
2018-04-03,4.3600,3.3964,3.7507,0.9055,59.5021
2018-04-04,4.3500,3.4018,3.7234,0.9136,58.4850
2018-04-09,4.2900,3.4454,3.6959,0.9322,56.5310
2018-04-10,4.4200,3.3436,3.7159,0.8998,59.9572
2018-04-11,4.5600,3.2427,3.7109,0.8738,63.2495
2018-04-12,4.4600,3.3178,3.7109,0.8941,60.6799
2018-04-13,4.4600,3.3178,3.7062,0.8952,60.5460
2018-04-16,4.3100,3.4289,3.6561,0.9379,56.0225
2018-04-17,4.3600,3.3964,3.6512,0.9302,56.6649
2018-04-18,4.4100,3.3540,3.5013,0.9579,53.7741
2018-04-19,4.4000,3.3592,3.5064,0.9580,53.7473
2018-04-20,4.3900,3.3698,3.5215,0.9569,53.8544
2018-04-23,4.3900,3.3698,3.6019,0.9356,56.1831
2018-04-24,4.4600,3.3178,3.5855,0.9253,57.1734
2018-04-25,4.4000,3.3592,3.6118,0.9301,56.6916
2018-04-26,4.3900,3.3698,3.6344,0.9272,56.9325
2018-04-27,4.4000,3.3645,3.6364,0.9252,57.2270
2018-05-02,4.5100,3.2823,3.6665,0.8952,60.5193
2018-05-03,4.5100,3.2823,3.6467,0.9001,59.9304
2018-05-04,4.4900,3.2924,3.6319,0.9065,59.3951
2018-05-07,4.5200,3.2723,3.6518,0.8961,60.4122
2018-05-08,4.5800,3.2329,3.6922,0.8756,62.9550
2018-05-09,4.5600,3.2427,3.7074,0.8747,63.1156
2018-05-10,4.5300,3.2624,3.6924,0.8835,61.8576
2018-05-11,4.5700,3.2378,3.6882,0.8779,62.6338
2018-05-14,4.6400,3.1850,3.6937,0.8623,64.3201
2018-05-15,4.6100,3.2088,3.7151,0.8637,64.2131
2018-05-16,4.5200,3.2723,3.7076,0.8826,61.9914
2018-05-17,4.5300,3.2624,3.7120,0.8789,62.4732
2018-05-18,4.6400,3.1898,3.7099,0.8598,64.5878
2018-05-21,4.6400,3.1898,3.6939,0.8635,64.2398
2018-05-22,4.6100,3.2088,3.6700,0.8743,63.1424
2018-05-23,4.5300,3.2624,3.6400,0.8963,60.3854
2018-05-24,4.5500,3.2525,3.6501,0.8911,61.0011
2018-05-25,4.5600,3.2427,3.6126,0.8976,60.2516
2018-05-28,4.5600,3.2476,3.6101,0.8996,60.0107
2018-05-29,4.5500,3.2525,3.6001,0.9034,59.6627
2018-05-30,4.4100,3.3540,3.5976,0.9323,56.4775
2018-05-31,4.4100,3.3540,3.6129,0.9283,56.8522
2018-06-01,4.3600,3.3910,3.6202,0.9367,56.1028
2018-06-04,4.3800,3.3751,3.6532,0.9239,57.3608
2018-06-05,4.3600,3.3910,3.6602,0.9265,57.0396
2018-06-06,4.3600,3.3964,3.6602,0.9279,56.8790
2018-06-07,4.3600,3.3964,3.6702,0.9254,57.1467
2018-06-08,4.2700,3.4620,3.6453,0.9497,54.7645
2018-06-11,4.2500,3.4788,3.6502,0.9530,54.3094
2018-06-12,4.2600,3.4732,3.6853,0.9424,55.6745
2018-06-13,4.2600,3.4732,3.6627,0.9483,55.0054
2018-06-14,4.2700,3.4620,3.6227,0.9556,54.0150
2018-06-15,4.3100,3.4289,3.6028,0.9517,54.5503
2018-06-19,4.3600,3.3910,3.5603,0.9524,54.4700
2018-06-20,4.3000,3.4399,3.6054,0.9541,54.2024
2018-06-21,4.2800,3.4564,3.5753,0.9667,52.9443
2018-06-22,4.2900,3.4454,3.5604,0.9677,52.7034
2018-06-25,4.2200,3.5072,3.5803,0.9796,51.6060
2018-06-26,4.2100,3.5129,3.5804,0.9811,51.4989
2018-06-27,4.2200,3.5072,3.5529,0.9871,50.8298
2018-06-28,4.2200,3.5072,3.5304,0.9934,50.3747
2018-06-29,4.2700,3.4620,3.4756,0.9961,50.1606
2018-07-02,4.2500,3.4788,3.4668,1.0035,49.7859
2018-07-03,4.1100,3.7520,3.4955,1.0734,46.3062
2018-07-04,4.1000,3.7652,3.5107,1.0725,46.3597
2018-07-05,4.1600,3.7131,3.5005,1.0607,46.6274
2018-07-06,4.1200,3.7455,3.5259,1.0623,46.5739
2018-07-09,4.2400,3.6377,3.5432,1.0267,48.1263
2018-07-10,4.2600,3.6255,3.5431,1.0233,48.3940
2018-07-11,4.1900,3.6877,3.5107,1.0504,47.0824
2018-07-12,4.2400,3.6439,3.5158,1.0364,47.6445
2018-07-13,4.2600,3.6255,3.4858,1.0401,47.6178
2018-07-16,4.2500,3.6316,3.4808,1.0433,47.4304
2018-07-17,4.2200,3.6563,3.4808,1.0504,47.0557
2018-07-18,4.2000,3.6751,3.4708,1.0589,46.6542
2018-07-19,4.2000,3.6751,3.4409,1.0681,46.4133
2018-07-20,4.3600,3.5419,3.5135,1.0081,49.5182
2018-07-23,4.4000,3.5072,3.5186,0.9968,50.0803
2018-07-24,4.4200,3.4958,3.5615,0.9816,51.4186
2018-07-25,4.4100,3.5015,3.5614,0.9832,51.2580
2018-07-26,4.3800,3.5244,3.5361,0.9967,50.1071
2018-07-27,4.4000,3.5072,3.5212,0.9960,50.1874
2018-07-30,4.4400,3.4788,3.5213,0.9879,50.7495
2018-07-31,4.5000,3.4289,3.4812,0.9850,51.0171
2018-08-01,4.2300,3.6501,3.4638,1.0538,46.8415
2018-08-02,4.2200,3.6625,3.4713,1.0551,46.7880
2018-08-03,4.2000,3.6751,3.4567,1.0632,46.5203
2018-08-06,4.2000,3.6751,3.4568,1.0632,46.5471
2018-08-07,4.2700,3.6133,3.4876,1.0360,47.6713
2018-08-08,4.2400,3.6439,3.5222,1.0346,47.8854
2018-08-09,4.2900,3.6012,3.5476,1.0151,49.0632
2018-08-10,4.2700,3.6133,3.5525,1.0171,48.7687
2018-08-13,4.2100,3.6688,3.5826,1.0241,48.2869
2018-08-14,4.2000,3.6751,3.5519,1.0347,47.7784
2018-08-15,4.1300,3.7390,3.5829,1.0436,47.3769
2018-08-16,4.1300,3.7390,3.6141,1.0346,47.8587
2018-08-17,4.1100,3.7586,3.6524,1.0291,47.9925
2018-08-20,4.1500,3.7196,3.6326,1.0239,48.3137
2018-08-21,4.1900,3.6877,3.6300,1.0159,48.9026
2018-08-22,4.1600,3.7067,3.6075,1.0275,48.0728
2018-08-23,4.1500,3.7196,3.6101,1.0303,47.9657
2018-08-24,4.2400,3.6439,3.6278,1.0044,49.7323
2018-08-27,4.3300,3.5654,3.6303,0.9821,51.3651
2018-08-28,4.3200,3.5713,3.6101,0.9893,50.6959
2018-08-29,4.3300,3.5654,3.6101,0.9876,50.7762
2018-08-30,4.2800,3.6072,3.5801,1.0076,49.5717
2018-08-31,4.2900,3.6012,3.5751,1.0073,49.5985
2018-09-03,4.2900,3.5952,3.5951,1.0000,49.9465
2018-09-04,4.3400,3.5594,3.6101,0.9860,50.9368
2018-09-05,4.2200,3.6625,3.6101,1.0145,49.1569
2018-09-06,4.2200,3.6625,3.6101,1.0145,49.1569
2018-09-07,4.1900,3.6877,3.6301,1.0159,48.9293
2018-09-10,4.1300,3.7390,3.6551,1.0230,48.4208
2018-09-11,4.1100,3.7586,3.6751,1.0227,48.5011
2018-09-12,4.1100,3.7586,3.6551,1.0283,48.0193
2018-09-13,4.1300,3.7390,3.6526,1.0237,48.3405
2018-09-14,4.1000,3.7652,3.6351,1.0358,47.6981
2018-09-17,4.0600,3.8051,3.6327,1.0475,47.2430
2018-09-18,4.1300,3.7390,3.6452,1.0257,48.1531
2018-09-19,4.1600,3.7131,3.6727,1.0110,49.3576
2018-09-20,4.1900,3.6877,3.7003,0.9966,50.1338
2018-09-21,4.3400,3.5594,3.6752,0.9685,52.5964
2018-09-25,4.2900,3.5952,3.6754,0.9782,51.7398
2018-09-26,4.3400,3.5594,3.6503,0.9751,52.0610
2018-09-27,4.3200,3.5713,3.6253,0.9851,50.9904
2018-09-28,4.3500,3.5477,3.6153,0.9813,51.4722
2018-10-08,4.2400,3.6439,3.6155,1.0079,49.5450
2018-10-09,4.1900,3.6877,3.6156,1.0199,48.5814
2018-10-10,4.2100,3.6688,3.6156,1.0147,49.0899
2018-10-11,4.1200,3.7455,3.5806,1.0461,47.2698
2018-10-12,4.1300,3.7390,3.5831,1.0435,47.4036
2018-10-15,4.0100,3.8529,3.5857,1.0745,46.2527
2018-10-16,4.0000,3.8598,3.5757,1.0795,46.1456
2018-10-17,4.0900,3.7784,3.5807,1.0552,46.7612
2018-10-18,4.0100,3.8529,3.5508,1.0851,45.9315
2018-10-19,4.1200,3.7455,3.5658,1.0504,47.1092
2018-10-22,4.2300,3.6501,3.5910,1.0165,48.8490
2018-10-23,4.1400,3.7325,3.5709,1.0453,47.2966
2018-10-24,4.2300,3.6501,3.5409,1.0308,47.9390
2018-10-25,4.2900,3.6012,3.5409,1.0170,48.7955
2018-10-26,4.2500,3.6316,3.5410,1.0256,48.1799
2018-10-29,4.1900,3.6877,3.5111,1.0503,47.1360
2018-10-30,4.2400,3.6377,3.5161,1.0346,47.8051
2018-10-31,4.2500,3.6316,3.5086,1.0351,47.7516
2018-11-01,4.2000,3.6751,3.4936,1.0520,46.9486
2018-11-02,4.2700,3.6194,3.5461,1.0207,48.5278
2018-11-05,4.2300,3.6501,3.5312,1.0337,47.9122
2018-11-06,4.2200,3.6625,3.5113,1.0431,47.4572
2018-11-07,4.1900,3.6813,3.4813,1.0574,46.7077
2018-11-08,4.2200,3.6625,3.4813,1.0520,46.9218
2018-11-09,4.0900,3.7784,3.4763,1.0869,45.8779
2018-11-12,4.1100,3.7586,3.4865,1.0780,46.1991
2018-11-13,4.1100,3.7520,3.4740,1.0800,46.1188
2018-11-14,4.0800,3.7850,3.4218,1.1061,45.5032
2018-11-15,4.1200,3.7455,3.3915,1.1044,45.5567
2018-11-16,4.1400,3.7325,3.3515,1.1137,45.1820
2018-11-19,4.1600,3.7067,3.3772,1.0976,45.7709
2018-11-20,4.1000,3.7652,3.3771,1.1149,45.1017
2018-11-21,4.1100,3.7586,3.3716,1.1148,45.1285
2018-11-22,4.0900,3.7718,3.3917,1.1121,45.3158
2018-11-23,4.0500,3.8119,3.3917,1.1239,44.7270
2018-11-26,4.0600,3.8051,3.4151,1.1142,45.1552
2018-11-27,4.0500,3.8119,3.4000,1.1211,44.8876
2018-11-28,4.0600,3.7984,3.3700,1.1271,44.6199
2018-11-29,4.0400,3.8187,3.3600,1.1365,44.4593
2018-11-30,4.0700,3.7917,3.3550,1.1302,44.5931
2018-12-03,4.1100,3.7520,3.3500,1.1200,44.9411
2018-12-04,4.1100,3.7520,3.3050,1.1352,44.4861
2018-12-05,4.0900,3.7784,3.2750,1.1537,44.0846
2018-12-06,4.0400,3.8255,3.2751,1.1681,43.6831
2018-12-07,4.0400,3.8187,3.2853,1.1624,43.7634
2018-12-10,3.9900,3.8737,3.2678,1.1854,43.2281
2018-12-11,3.9900,3.8667,3.2652,1.1842,43.2816
2018-12-12,4.0000,3.8598,3.2703,1.1803,43.3887
2018-12-13,4.0100,3.8460,3.3311,1.1546,44.0578
2018-12-14,3.9900,3.8737,3.3468,1.1574,43.9240
2018-12-17,4.0000,3.8598,3.3713,1.1449,44.2184
2018-12-18,3.9600,3.8948,3.3714,1.1552,44.0310
2018-12-19,3.9500,3.9089,3.3412,1.1699,43.6563
2018-12-20,3.9100,3.9520,3.3003,1.1975,42.9604
2018-12-21,3.8800,3.9740,3.3168,1.1981,42.9069
2018-12-24,3.9400,3.9232,3.3483,1.1717,43.6028
2018-12-25,3.8700,3.9887,3.3113,1.2046,42.7998
2018-12-26,3.8700,3.9887,3.3011,1.2083,42.7463
2018-12-27,3.8600,4.0036,3.2709,1.2240,42.4251
2018-12-28,3.9100,3.9448,3.2315,1.2207,42.5321
2019-01-02,3.8300,4.8970,3.1734,1.5431,28.0514
2019-01-03,3.8300,4.8878,3.1410,1.5561,27.7837
2019-01-04,3.9100,4.7979,3.1513,1.5225,28.7473
2019-01-07,3.8900,4.8156,3.1507,1.5284,28.4797
2019-01-08,3.9000,4.8068,3.1211,1.5401,28.1049
2019-01-09,3.9400,4.7629,3.1106,1.5312,28.3726
2019-01-10,3.8900,4.8156,3.1006,1.5531,27.8640
2019-01-11,3.9000,4.8068,3.1058,1.5477,27.9711
2019-01-14,3.9100,4.7891,3.1297,1.5302,28.3994
2019-01-15,3.9300,4.7716,3.1383,1.5204,28.8276
2019-01-16,3.9100,4.7891,3.0745,1.5577,27.7570
2019-01-17,3.9200,4.7804,3.0760,1.5541,27.8105
2019-01-18,3.9900,4.7028,3.0910,1.5214,28.8009
2019-01-21,3.9600,4.7284,3.1037,1.5235,28.6670
2019-01-22,3.9200,4.7804,3.1071,1.5385,28.2388
2019-01-23,3.9300,4.7716,3.1190,1.5298,28.4261
2019-01-24,3.9300,4.7716,3.1338,1.5226,28.7206
2019-01-25,3.9900,4.7028,3.1398,1.4978,29.7109
2019-01-28,4.0300,4.6525,3.1397,1.4818,30.4872
2019-01-29,4.0500,4.6278,3.1246,1.4811,30.5407
2019-01-30,4.0400,4.6443,3.1151,1.4909,30.0589
2019-01-31,4.1100,4.5631,3.1037,1.4702,31.1563
2019-02-01,4.0900,4.5791,3.1032,1.4756,30.7816
2019-02-11,4.0900,4.5791,3.0670,1.4930,29.8448
2019-02-12,4.0900,4.5871,3.0748,1.4918,29.8983
2019-02-13,4.1400,4.5314,3.0719,1.4751,30.8084
2019-02-14,4.1100,4.5631,3.0726,1.4851,30.3266
2019-02-15,4.0400,4.6443,3.0794,1.5082,29.2024
2019-02-18,4.1100,4.5631,3.1094,1.4675,31.3972
2019-02-19,4.1400,4.5235,3.1279,1.4462,32.7355
2019-02-20,4.1400,4.5314,3.1196,1.4526,32.3073
2019-02-21,4.1300,4.5393,3.1361,1.4474,32.6820
2019-02-22,4.2400,4.4164,3.1451,1.4042,34.8769
2019-02-25,4.6500,4.0341,3.1787,1.2691,41.3812
2019-02-26,4.5200,4.1430,3.1878,1.2996,40.6049
2019-02-27,4.6300,4.0466,3.1689,1.2770,41.1670
2019-02-28,4.7000,3.9849,3.1731,1.2558,41.6221
2019-03-01,4.9900,3.7555,3.1870,1.1784,43.4690
2019-03-04,4.9600,3.7772,3.2023,1.1795,43.4422
2019-03-05,4.9200,3.8103,3.2149,1.1852,43.2548
2019-03-06,4.8800,3.8440,3.2021,1.2005,42.8801
2019-03-07,4.8100,3.8956,3.1572,1.2339,42.1842
2019-03-08,4.5500,4.1233,3.1423,1.3122,39.9358
2019-03-11,4.5500,4.1168,3.1374,1.3122,39.9625
2019-03-12,4.5700,4.0975,3.1424,1.3039,40.3105
2019-03-13,4.5500,4.1233,3.1375,1.3142,39.8555
2019-03-14,4.5500,4.1168,3.1475,1.3080,40.1231
2019-03-15,4.5700,4.1039,3.1376,1.3080,40.0964
2019-03-18,4.6500,4.0341,3.1377,1.2857,40.9529
2019-03-19,4.6000,4.0782,3.1377,1.2997,40.5782
2019-03-20,4.5800,4.0910,3.1453,1.3007,40.4979
2019-03-21,4.5500,4.1233,3.1291,1.3177,39.8287
2019-03-22,4.5200,4.1430,3.1080,1.3330,39.3201
2019-03-25,4.4200,4.2440,3.0831,1.3765,36.8576
2019-03-26,4.3800,4.2788,3.0633,1.3968,35.3051
2019-03-27,4.4200,4.2440,3.0882,1.3743,37.0717
2019-03-28,4.3700,4.2858,3.0634,1.3990,35.1445
2019-03-29,4.5200,4.1496,3.0683,1.3524,38.4904
2019-04-01,4.6000,4.0782,3.1332,1.3016,40.4176
2019-04-02,4.5700,4.1039,3.1681,1.2954,40.6852
2019-04-03,4.5900,4.0846,3.2331,1.2634,41.5150
2019-04-04,4.6700,4.0155,3.2679,1.2288,42.2377
2019-04-08,4.7100,3.9788,3.2482,1.2249,42.3715
2019-04-09,4.6600,4.0217,3.2882,1.2231,42.4518
2019-04-10,4.6200,4.0592,3.2932,1.2326,42.2109
2019-04-11,4.5700,4.0975,3.2784,1.2498,41.7827
2019-04-12,4.5400,4.1299,3.3334,1.2389,42.0503
2019-04-15,4.5700,4.1039,3.3736,1.2165,42.6660
2019-04-16,4.7800,3.9249,3.3937,1.1565,44.0043
2019-04-17,4.7600,3.9368,3.3938,1.1600,43.8169
2019-04-18,4.7000,3.9909,3.3589,1.1882,43.1745
2019-04-19,4.7000,3.9909,3.3741,1.1828,43.3351
2019-04-22,4.6000,4.0719,3.4091,1.1944,43.0675
2019-04-23,4.5600,4.1104,3.3993,1.2092,42.7195
2019-04-24,4.5600,4.1104,3.4343,1.1969,42.9872
2019-04-25,4.5000,4.1628,3.4193,1.2174,42.6392
2019-04-26,4.5100,4.1562,3.4043,1.2209,42.5054
2019-04-29,4.5500,4.1168,3.4268,1.2014,42.8533
2019-04-30,4.5200,4.1496,3.3869,1.2252,42.3448
2019-05-06,4.3800,4.2788,3.3550,1.2754,41.2473
2019-05-07,4.3700,4.2929,3.3551,1.2795,41.0867
2019-05-08,4.2800,4.3793,3.3426,1.3101,40.0161
2019-05-09,4.2200,4.4389,3.3116,1.3404,39.0257
2019-05-10,4.2800,4.3793,3.3017,1.3264,39.5878
2019-05-13,4.2200,4.4465,3.2709,1.3594,38.1156
2019-05-14,4.1900,4.4770,3.2859,1.3625,37.8747
2019-05-15,4.2300,4.4314,3.2762,1.3526,38.4368
2019-05-16,4.2400,4.4239,3.2662,1.3544,38.3030
2019-05-17,4.1600,4.5001,3.2665,1.3777,36.6970
2019-05-20,4.1700,4.4924,3.2717,1.3731,37.1788
2019-05-21,4.2100,4.4541,3.2990,1.3501,38.6510
2019-05-22,4.2000,4.4617,3.3264,1.3413,38.9989
2019-05-23,4.1600,4.5079,3.3100,1.3619,37.9283
2019-05-24,4.1800,4.4847,3.3125,1.3539,38.3565
2019-05-27,4.2200,4.4465,3.3500,1.3273,39.4540
2019-05-28,4.1900,4.4770,3.3100,1.3526,38.4636
2019-05-29,4.1600,4.5001,3.2875,1.3689,37.3662
2019-05-30,4.1600,4.5079,3.2750,1.3765,36.8844
2019-05-31,4.1500,4.5157,3.2751,1.3788,36.5364
2019-06-03,4.1900,4.4770,3.2401,1.3817,36.2420
2019-06-04,4.1800,4.4847,3.2101,1.3971,35.2784
2019-06-05,4.2000,4.4617,3.2100,1.3899,35.7334
2019-06-06,4.2000,4.4617,3.2136,1.3884,35.8672
2019-06-10,4.2500,4.4089,3.2251,1.3671,37.5535
2019-06-11,4.2900,4.3647,3.2651,1.3368,39.1328
2019-06-12,4.2600,4.4015,3.2601,1.3501,38.6777
2019-06-13,4.2400,4.4164,3.2451,1.3609,37.9550
2019-06-14,4.2200,4.4465,3.2302,1.3765,36.8308
2019-06-17,4.2400,4.4239,3.2252,1.3717,37.2859
2019-06-18,4.2400,4.4164,3.2302,1.3672,37.5268
2019-06-19,4.2700,4.3867,3.2427,1.3528,38.3833
2019-06-20,4.3400,4.3142,3.2352,1.3335,39.2398
2019-06-21,4.3700,4.2858,3.2303,1.3267,39.5343
2019-06-24,4.3500,4.3071,3.2453,1.3272,39.4807
2019-06-25,4.2900,4.3720,3.2353,1.3513,38.5171
2019-06-26,4.2900,4.3647,3.2453,1.3449,38.8919
2019-06-27,4.3200,4.3429,3.2553,1.3341,39.2131
2019-06-28,4.2900,4.3720,3.2254,1.3555,38.2495
2019-07-01,4.3600,4.3000,3.2254,1.3332,39.2666
2019-07-02,4.3400,4.3142,3.1704,1.3608,37.9818
2019-07-03,4.3500,4.3071,3.1554,1.3650,37.6874
2019-07-04,4.3700,4.2929,3.1479,1.3637,37.7409
2019-07-05,4.3400,4.3142,3.1705,1.3607,38.0086
2019-07-08,4.2600,4.4015,3.1805,1.3839,36.0814
2019-07-09,4.2500,4.4089,3.1680,1.3917,35.5996
2019-07-10,4.2200,4.4465,3.1706,1.4024,34.9839
2019-07-11,4.2100,4.4541,3.1680,1.4060,34.7966
2019-07-12,4.2600,4.4015,3.1531,1.3959,35.4390
2019-07-15,4.2600,4.4015,3.1782,1.3849,36.0278
2019-07-16,4.2700,4.3867,3.1732,1.3824,36.1617
2019-07-17,4.2700,4.3867,3.1757,1.3813,36.3223
2019-07-18,4.2500,4.4089,3.1608,1.3949,35.5193
2019-07-19,4.2700,4.3867,3.1559,1.3900,35.6799
2019-07-22,4.2400,4.6033,3.1484,1.4621,31.6381
2019-07-23,4.2600,4.5791,3.1484,1.4544,32.2002
2019-07-24,4.3100,4.5235,3.1710,1.4265,33.7259
2019-07-25,4.3700,4.4617,3.1635,1.4104,34.5557
2019-07-26,4.3700,4.4617,3.1661,1.4092,34.6092
2019-07-29,4.3900,4.4465,3.1836,1.3967,35.3587
2019-07-30,4.4500,4.3793,3.1761,1.3788,36.5096
2019-07-31,4.4400,4.3941,3.1552,1.3927,35.5728
2019-08-01,4.4200,4.4164,3.1487,1.4026,34.9572
2019-08-02,4.3500,4.4847,3.0914,1.4507,32.4946
2019-08-05,4.2500,4.5871,3.0563,1.5009,29.5503
2019-08-06,4.1800,4.6692,3.0613,1.5252,28.5600
2019-08-07,4.2100,4.6360,3.0514,1.5193,28.8544
2019-08-08,4.2200,4.6196,3.0465,1.5164,28.9347
2019-08-09,4.1900,4.6525,3.0216,1.5397,28.1852
2019-08-12,4.2100,4.6360,3.0391,1.5255,28.5332
2019-08-13,4.1500,4.6944,3.0041,1.5627,27.6231
2019-08-14,4.1500,4.6944,3.0105,1.5593,27.7034
2019-08-15,4.1300,4.7199,3.0115,1.5673,27.5696
2019-08-16,4.1200,4.7284,3.0217,1.5648,27.5964
2019-08-19,4.1800,4.6692,3.0191,1.5466,28.0246
2019-08-20,4.1400,4.7113,3.0317,1.5540,27.8373
2019-08-21,4.1600,4.6860,3.0567,1.5330,28.3458
2019-08-22,4.1500,4.7028,3.0543,1.5397,28.2120
2019-08-23,4.1600,4.6860,3.0644,1.5292,28.4529
2019-08-26,4.1200,4.7284,3.0494,1.5506,27.8908
2019-08-27,4.1500,4.7028,3.0520,1.5409,28.0782
2019-08-28,4.1600,4.6860,3.0520,1.5354,28.2655
2019-08-29,4.1800,4.6692,3.0321,1.5399,28.1317
2019-08-30,4.1800,4.6692,3.0573,1.5272,28.5064
2019-09-02,4.2100,4.6278,3.0723,1.5063,29.3094
2019-09-03,4.2400,4.5952,3.0624,1.5005,29.5771
2019-09-04,4.3000,4.5314,3.0473,1.4870,30.2463
2019-09-05,4.2900,4.5472,3.0173,1.5070,29.2827
2019-09-06,4.3100,4.5235,3.0173,1.4992,29.6574
2019-09-09,4.3300,4.5001,3.0250,1.4876,30.1927
2019-09-10,4.3200,4.5157,3.0425,1.4842,30.4069
2019-09-11,4.3500,4.4847,3.0525,1.4692,31.2634
2019-09-12,4.3600,4.4693,3.0876,1.4475,32.6552
2019-09-16,4.3300,4.5001,3.0926,1.4551,32.1467
2019-09-17,4.2700,4.5631,3.1076,1.4684,31.3437
2019-09-18,4.2700,4.5711,3.1278,1.4614,31.7184
2019-09-19,4.2700,4.5631,3.1053,1.4695,31.2099
2019-09-20,4.2600,4.5791,3.0980,1.4781,30.6478
2019-09-23,4.2300,4.6114,3.1005,1.4873,30.2195
2019-09-24,4.2400,4.5952,3.1205,1.4726,31.0225
2019-09-25,4.2600,4.5791,3.1157,1.4697,31.1831
2019-09-26,4.3100,4.5235,3.1381,1.4415,32.8694
2019-09-27,4.2700,4.5631,3.1482,1.4494,32.5749
2019-09-30,4.2100,4.6278,3.1411,1.4733,30.9690
2019-10-08,4.2900,4.5472,3.1063,1.4639,31.5310
2019-10-09,4.3600,4.4693,3.1089,1.4376,33.1103
2019-10-10,4.4200,4.4089,3.1289,1.4091,34.6360
2019-10-11,4.4800,4.3501,3.1564,1.3782,36.6435
2019-10-14,4.5800,4.2579,3.1641,1.3457,38.8651
2019-10-15,4.5600,4.2788,3.1668,1.3511,38.5439
2019-10-16,4.5300,4.3000,3.1693,1.3568,38.1692
2019-10-17,4.5000,4.3357,3.1569,1.3734,37.1253
2019-10-18,4.5000,4.3357,3.1870,1.3604,38.0353
2019-10-21,4.6900,4.1562,3.2196,1.2909,40.8592
2019-10-22,4.6900,4.1562,3.2196,1.2909,40.8592
2019-10-23,4.6500,4.1895,3.2122,1.3042,40.2837
2019-10-24,4.6700,4.1761,3.2196,1.2971,40.6585
2019-10-25,4.6800,4.1628,3.2372,1.2859,40.9261
2019-10-28,4.6200,4.2166,3.2924,1.2807,41.0600
2019-10-29,4.6500,4.1895,3.3029,1.2684,41.4079
2019-10-30,4.6500,4.1963,3.3125,1.2668,41.4615
2019-10-31,4.5800,4.2579,3.2880,1.2950,40.7388
2019-11-01,4.6600,4.1828,3.2757,1.2769,41.1938
2019-11-04,4.7300,4.1233,3.2954,1.2512,41.7291
2019-11-05,4.7700,4.0846,3.2454,1.2586,41.5685
2019-11-06,4.7800,4.0782,3.2555,1.2527,41.7024
2019-11-07,4.7700,4.0910,3.2736,1.2497,41.8094
2019-11-08,4.6800,4.1628,3.2765,1.2705,41.3009
2019-11-11,4.6200,4.2234,3.2463,1.3010,40.4443
2019-11-12,4.6000,4.2371,3.2550,1.3017,40.3908
2019-11-13,4.5600,4.2718,3.2370,1.3197,39.7752
2019-11-14,4.5400,4.2929,3.2555,1.3187,39.8019
2019-11-15,4.5500,4.2858,3.2355,1.3246,39.6681
2019-11-18,4.5700,4.2648,3.1993,1.3330,39.2934
2019-11-19,4.5600,4.2718,3.1743,1.3457,38.8383
2019-11-20,4.4900,4.3429,3.1747,1.3680,37.4331
2019-11-21,4.4900,4.3429,3.1749,1.3679,37.4732
2019-11-22,4.4900,4.3429,3.1747,1.3680,37.4331
2019-11-25,4.5300,4.3000,3.1875,1.3490,38.7313
2019-11-26,4.5900,4.2440,3.1675,1.3399,39.0792
2019-11-27,4.5100,4.3213,3.1700,1.3632,37.7677
2019-11-28,4.4900,4.3429,3.1650,1.3722,37.2323
2019-11-29,4.4800,4.3501,3.1650,1.3744,37.0450
2019-12-02,4.4500,4.3793,3.2062,1.3659,37.6071
2019-12-03,4.4500,4.3793,3.1746,1.3795,36.4293
2019-12-04,4.4500,4.3867,3.1751,1.3816,36.2955
2019-12-05,4.4600,4.3720,3.1776,1.3759,36.9111
2019-12-06,4.4600,4.3720,3.1751,1.3770,36.7505
2019-12-09,4.4500,4.3793,3.1903,1.3727,37.2056
2019-12-10,4.4200,4.4164,3.1776,1.3899,35.7602
2019-12-11,4.4700,4.3647,3.1702,1.3768,36.7773
2019-12-12,4.4700,4.3574,3.1652,1.3767,36.8041
2019-12-13,4.5700,4.2648,3.1828,1.3400,39.0525
2019-12-16,4.5700,4.2648,3.1854,1.3389,39.1060
2019-12-17,4.6500,4.1963,3.2133,1.3059,40.2034
2019-12-18,4.6500,4.1895,3.2139,1.3036,40.3640
2019-12-19,4.6500,4.1963,3.2139,1.3057,40.2302
2019-12-20,4.6000,4.2371,3.1808,1.3321,39.3469
2019-12-23,4.5800,4.2579,3.1661,1.3448,38.9186
2019-12-24,4.5800,4.2579,3.1535,1.3502,38.6242
2019-12-25,4.5600,4.2788,3.1463,1.3599,38.0621
2019-12-26,4.5900,4.2509,3.1137,1.3652,37.6606
2019-12-27,4.6000,4.2371,3.1292,1.3541,38.3298
2019-12-30,4.6100,4.2303,3.1322,1.3506,38.5707
2019-12-31,4.6100,4.2303,3.1365,1.3487,38.7580
2020-01-02,4.6400,3.7037,3.1485,1.1763,43.4957
2020-01-03,4.6300,3.7096,3.1428,1.1803,43.3619
2020-01-06,4.5800,3.7520,3.1352,1.1967,43.0139
2020-01-07,4.6200,3.7216,3.1379,1.1860,43.2013
2020-01-08,4.5600,3.7704,3.1337,1.2032,42.8266
2020-01-09,4.5500,3.7766,3.1184,1.2111,42.6927
2020-01-10,4.5400,3.7828,3.0819,1.2274,42.2912
2020-01-13,4.5500,3.7766,3.0840,1.2246,42.3983
2020-01-14,4.5400,3.7828,3.0994,1.2205,42.5589
2020-01-15,4.5000,3.8142,3.0897,1.2345,42.1574
2020-01-16,4.4700,3.8397,3.0918,1.2419,41.9700
2020-01-17,4.4700,3.8461,3.0832,1.2474,41.8630
2020-01-20,4.4900,3.8269,3.0776,1.2435,41.9433
2020-01-21,4.4200,3.8917,3.0337,1.2828,41.0332
2020-01-22,4.4200,3.8851,3.0282,1.2830,41.0064
2020-01-23,4.3500,3.9518,2.9932,1.3203,39.7484
2020-02-03,4.0300,4.2592,2.8231,1.5087,29.1756
2020-02-04,4.1200,4.1742,2.8551,1.4620,31.6649
2020-02-05,4.1200,4.1742,2.8440,1.4677,31.3704
2020-02-06,4.1700,4.1218,2.8392,1.4517,32.4143
2020-02-07,4.1700,4.1218,2.8024,1.4708,31.1028
2020-02-10,4.1400,4.1516,2.7872,1.4895,30.1660
2020-02-11,4.1700,4.1218,2.8340,1.4544,32.2270
2020-02-12,4.1700,4.1218,2.8333,1.4548,32.1734
2020-02-13,4.1300,4.1591,2.8201,1.4748,30.8887
2020-02-14,4.1500,4.1366,2.8631,1.4448,32.7891
2020-02-17,4.2300,4.0635,2.8928,1.4047,34.8233
2020-02-18,4.2000,4.0925,2.8664,1.4277,33.6991
2020-02-19,4.1900,4.0998,2.8776,1.4247,33.8865
2020-02-20,4.2700,4.0280,2.8857,1.3958,35.4657
2020-02-21,4.2500,4.0421,2.8470,1.4198,34.1006
2020-02-24,4.2100,4.0780,2.8120,1.4502,32.5214
2020-02-25,4.1500,4.1441,2.8220,1.4685,31.3169
2020-02-26,4.1500,4.1366,2.7973,1.4788,30.5942
2020-02-27,4.1500,4.1366,2.7702,1.4932,29.7645
2020-02-28,4.0600,4.2357,2.7376,1.5472,27.9979
2020-03-02,4.1300,4.1591,2.7428,1.5164,28.9079
2020-03-03,4.1500,4.1441,2.7478,1.5082,29.2291
2020-03-04,4.1500,4.1441,2.6730,1.5504,27.9176
2020-03-05,4.2300,4.0635,2.6829,1.5146,28.9882
2020-03-06,4.1500,4.1366,2.6280,1.5740,27.4358
2020-03-09,4.0900,4.2047,2.5205,1.6682,25.8298
2020-03-10,4.1200,4.1666,2.6130,1.5946,27.1146
2020-03-11,4.0800,4.2124,2.6079,1.6152,26.6060
2020-03-12,4.0600,4.2357,2.6379,1.6057,26.8737
2020-03-13,4.0300,4.2671,2.6759,1.5946,27.0878
2020-03-16,3.9800,4.3151,2.6758,1.6126,26.7131
2020-03-17,3.9500,4.3478,2.7135,1.6023,27.0075
2020-03-18,3.9000,4.4061,2.7136,1.6237,26.4989
2020-03-19,3.8500,4.4660,2.7299,1.6360,26.3651
2020-03-20,3.9100,4.3976,2.6815,1.6400,26.3383
2020-03-23,3.8500,4.4660,2.6315,1.6971,25.3480
2020-03-24,3.9000,4.4061,2.6289,1.6760,25.7227
2020-03-25,3.9300,4.3726,2.6289,1.6633,25.9368
2020-03-26,3.9400,4.3560,2.5940,1.6793,25.6692
2020-03-27,3.9500,4.3478,2.6090,1.6665,25.8833
2020-03-30,3.9400,4.3643,2.6142,1.6695,25.8030
2020-03-31,3.8700,4.4401,2.5899,1.7144,25.0000
2020-04-01,3.8500,4.4660,2.5550,1.7479,24.2238
2020-04-02,3.8700,4.4401,2.5854,1.7174,24.9465
2020-04-03,3.8300,4.4834,2.5965,1.7267,24.7323
2020-04-07,3.8700,4.4401,2.5112,1.7681,23.4743
2020-04-08,3.8500,4.4573,2.4824,1.7956,22.3769
2020-04-09,3.8500,4.4573,2.5226,1.7669,23.5278
2020-04-10,3.8400,4.4746,2.5403,1.7614,23.7152
2020-04-13,3.8200,4.5009,2.5658,1.7542,23.9829
2020-04-14,3.8400,4.4746,2.5591,1.7485,24.1702
2020-04-15,3.8100,4.5097,2.5455,1.7716,23.3672
2020-04-16,3.8200,4.4921,2.5276,1.7772,23.0728
2020-04-17,3.8300,4.4834,2.5590,1.7520,24.0364
2020-04-20,3.8200,4.4921,2.5920,1.7331,24.5717
2020-04-21,3.8000,4.5275,2.5791,1.7555,23.9026
2020-04-22,3.7800,4.5454,2.5567,1.7778,23.0193
2020-04-23,3.7700,4.5544,2.5227,1.8054,21.8415
2020-04-24,3.7900,4.5364,2.5100,1.8073,21.7612
2020-04-27,3.8200,4.4921,2.5345,1.7724,23.3405
2020-04-28,3.8300,4.4834,2.5254,1.7753,23.2334
2020-04-29,3.8900,4.4145,2.5009,1.7652,23.5814
2020-04-30,3.8800,4.4230,2.5380,1.7427,24.3576
2020-05-06,3.8500,4.4660,2.5809,1.7304,24.6520
2020-05-07,3.8200,4.5009,2.6298,1.7115,25.0535
2020-05-08,3.8500,4.4660,2.6207,1.7041,25.2677
2020-05-11,3.8300,4.4834,2.6698,1.6793,25.6424
2020-05-12,3.8100,4.5097,2.6603,1.6952,25.3747
2020-05-13,3.8200,4.4921,2.7076,1.6591,26.0707
2020-05-14,3.7900,4.5364,2.6989,1.6808,25.6156
2020-05-15,3.8000,4.5275,2.6820,1.6881,25.5353
2020-05-18,3.8000,4.5275,2.7253,1.6613,26.0171
2020-05-19,3.8000,4.5186,2.7272,1.6569,26.1242
2020-05-20,3.8100,4.5097,2.6900,1.6765,25.6959
2020-05-21,3.8000,4.5275,2.6850,1.6862,25.5889
2020-05-22,3.7400,4.5999,2.6176,1.7573,23.8490
2020-05-25,3.7400,4.5999,2.6852,1.7131,25.0268
2020-05-26,3.7400,4.5908,2.7402,1.6754,25.7495
2020-05-27,3.7700,4.5544,2.7527,1.6545,26.1777
2020-05-28,3.7900,4.5364,2.7201,1.6677,25.8565
2020-05-29,3.7500,4.5816,2.7053,1.6936,25.4283
2020-06-01,3.7900,4.5364,2.7253,1.6646,25.9101
2020-06-02,3.8200,4.5009,2.7852,1.6160,26.5792
2020-06-03,3.8100,4.5097,2.7901,1.6163,26.5525
2020-06-04,3.7900,4.5364,2.8301,1.6029,26.9807
2020-06-05,3.8200,4.5009,2.8475,1.5806,27.3287
2020-06-08,3.8000,4.5275,2.8101,1.6112,26.7934
2020-06-09,3.8200,4.5009,2.8031,1.6057,26.9004
2020-06-10,3.8000,4.5275,2.8201,1.6054,26.9272
2020-06-11,3.7700,4.5634,2.7701,1.6474,26.2313
2020-06-12,3.7700,4.5634,2.7451,1.6624,25.9636
2020-06-15,3.7400,4.5908,2.7878,1.6467,26.2580
2020-06-16,3.7700,4.5634,2.8402,1.6067,26.8469
2020-06-17,3.7600,4.5725,2.8802,1.5876,27.1949
2020-06-18,3.7800,4.5454,2.8527,1.5934,27.1413
2020-06-19,3.7800,4.5454,2.8752,1.5809,27.3019
2020-06-22,3.7800,4.5454,2.9153,1.5592,27.7302
2020-06-23,3.7500,4.5816,2.9127,1.5730,27.4625
2020-06-24,3.7900,4.5364,2.8614,1.5854,27.2216
2020-06-29,3.9100,4.3893,2.8504,1.5399,28.1585
2020-06-30,3.8500,4.4660,2.8230,1.5820,27.2752
2020-07-01,3.9700,4.3314,2.8456,1.5221,28.7741
2020-07-02,4.1000,4.1894,2.8584,1.4656,31.5043
2020-07-03,4.1800,4.1144,2.8974,1.4200,34.0739
2020-07-06,4.5900,3.7459,2.9959,1.2503,41.7559
2020-07-07,4.4100,3.8982,3.0158,1.2926,40.7923
2020-07-08,4.4700,3.8397,3.0632,1.2535,41.6756
2020-07-09,4.4200,3.8851,3.0809,1.2610,41.5418
2020-07-10,4.2700,4.0209,3.0305,1.3268,39.5075
2020-07-13,4.3000,3.9930,3.0557,1.3067,40.1767
2020-07-14,4.2500,4.0421,3.0057,1.3448,38.9454
2020-07-15,4.1900,4.2830,2.9559,1.4490,32.6017
2020-07-16,4.1300,4.3396,2.9459,1.4731,30.9957
2020-07-17,4.0700,4.4061,2.9507,1.4932,29.7912
2020-07-20,4.2000,4.2750,2.9311,1.4585,31.9325
2020-07-21,4.1700,4.3071,2.9011,1.4846,30.3533
2020-07-22,4.1700,4.2990,2.8861,1.4896,30.1392
2020-07-23,4.0900,4.3809,2.9064,1.5073,29.2559
2020-07-24,3.9900,4.4921,2.8612,1.5700,27.5428
2020-07-27,3.9900,4.4921,2.8791,1.5602,27.6767
2020-07-28,4.0000,4.4834,2.9214,1.5347,28.2923
2020-07-29,4.0600,4.4230,2.9415,1.5037,29.3897
2020-07-30,4.0200,4.4573,2.9364,1.5179,28.8812
2020-07-31,4.0200,4.4573,2.9664,1.5026,29.4433
2020-08-03,4.0500,4.4315,2.9466,1.5039,29.3630
2020-08-04,4.1100,4.3643,2.9365,1.4862,30.2998
2020-08-05,4.0600,4.4145,2.9592,1.4918,29.9518
2020-08-06,4.0900,4.3809,2.9816,1.4693,31.2366
2020-08-07,4.0500,4.4315,2.9918,1.4812,30.5139
2020-08-10,4.0700,4.4061,2.9543,1.4914,29.9786
2020-08-11,4.0600,4.4230,2.9544,1.4971,29.7377
2020-08-12,4.1000,4.3726,2.9620,1.4762,30.7548
2020-08-13,4.0700,4.4061,2.9555,1.4908,30.0857
2020-08-14,4.1200,4.3560,2.9369,1.4832,30.4604
2020-08-17,4.2500,4.2201,2.9421,1.4344,33.2173
2020-08-18,4.2000,4.2671,2.9771,1.4333,33.2976
2020-08-19,4.1700,4.3071,2.9921,1.4395,32.9764
2020-08-20,4.1000,4.3726,2.9973,1.4588,31.8790
2020-08-21,4.1200,4.3560,2.9823,1.4606,31.7719
2020-08-24,4.1000,4.3726,2.9998,1.4576,32.0664
2020-08-25,4.0900,4.3809,3.0424,1.4399,32.9497
2020-08-26,4.0500,4.4315,3.0511,1.4524,32.3608
2020-08-27,4.0600,4.4230,3.0599,1.4455,32.7623
2020-08-28,4.0900,4.3892,3.0672,1.4310,33.5385
2020-08-31,4.0700,4.4061,3.0177,1.4601,31.7987
2020-09-01,4.0600,4.4145,3.0478,1.4484,32.6285
2020-09-02,4.0400,4.4401,3.1027,1.4310,33.5118
2020-09-03,4.0300,4.4487,3.1051,1.4327,33.3779
2020-09-04,4.0200,4.4660,3.1228,1.4301,33.6188
2020-09-07,3.9900,4.5009,3.1454,1.4309,33.5653
2020-09-08,4.0300,4.4487,3.1230,1.4245,33.9133
2020-09-09,4.0100,4.4746,3.0805,1.4526,32.3340
2020-09-10,3.9800,4.5097,3.0833,1.4626,31.6113
2020-09-11,3.9800,4.5097,3.1346,1.4387,33.0032
2020-09-14,3.9700,4.5186,3.1532,1.4330,33.3244
2020-09-15,3.9800,4.5097,3.1083,1.4509,32.4679
2020-09-16,3.9900,4.4921,3.1260,1.4370,33.1370
2020-09-17,3.9700,4.5186,3.1334,1.4421,32.8158
2020-09-18,4.0400,4.4401,3.1162,1.4248,33.8330
2020-09-21,4.0200,4.4660,3.0999,1.4407,32.8961
2020-09-22,3.9900,4.5009,3.0863,1.4583,31.9861
2020-09-23,3.9800,4.5097,3.0890,1.4599,31.8255
2020-09-24,3.9400,4.5544,3.0840,1.4768,30.7281
2020-09-25,3.9200,4.5725,3.1295,1.4611,31.7452
2020-09-28,3.9500,4.5454,3.1092,1.4619,31.6916
2020-09-29,3.9300,4.5634,3.1292,1.4583,32.0128
2020-09-30,3.9400,4.5544,3.1482,1.4467,32.7088
2020-10-09,3.9500,4.5364,3.1873,1.4233,33.9668
2020-10-12,4.0300,4.4487,3.1861,1.3963,35.3854
2020-10-13,4.0200,4.4660,3.1950,1.3978,35.1981
2020-10-14,4.0200,4.4573,3.2150,1.3864,35.9208
2020-10-15,4.0600,4.4145,3.2300,1.3667,37.5803
2020-10-16,4.1200,4.3560,3.2202,1.3527,38.4101
2020-10-19,4.0900,4.3809,3.2005,1.3688,37.3929
2020-10-20,4.0200,4.4660,3.1955,1.3976,35.2516
2020-10-21,4.0900,4.3809,3.1855,1.3753,36.9647
2020-10-22,4.1000,4.3726,3.1707,1.3791,36.4561
2020-10-23,4.1200,4.3560,3.1957,1.3631,37.7944
2020-10-26,4.0600,4.4145,3.1934,1.3824,36.1884
2020-10-27,4.0200,4.4573,3.1609,1.4101,34.5824
2020-10-28,3.9900,4.5009,3.1810,1.4149,34.3415
2020-10-29,3.9700,4.5186,3.1860,1.4183,34.1809
2020-10-30,3.9400,4.5544,3.1810,1.4318,33.4582
2020-11-02,3.9400,4.5544,3.1785,1.4329,33.3512
2020-11-03,3.9900,4.4921,3.1762,1.4143,34.3683
2020-11-04,3.9700,4.5186,3.1687,1.4260,33.7527
2020-11-05,3.9900,4.5009,3.1912,1.4104,34.5289
2020-11-06,3.9900,4.5009,3.2063,1.4038,34.9036
2020-11-09,4.0200,4.4660,3.2363,1.3800,36.3758
2020-11-10,4.0100,4.4746,3.2241,1.3879,35.8940
2020-11-11,4.0300,4.4487,3.2391,1.3734,37.0985
2020-11-12,3.9900,4.5009,3.2614,1.3801,36.3490
2020-11-13,3.9500,4.5454,3.2715,1.3894,35.8137
2020-11-16,3.9500,4.5364,3.2741,1.3855,35.9743
2020-11-17,3.9700,4.5186,3.2866,1.3749,37.0182
2020-11-18,4.0400,4.4401,3.3240,1.3358,39.1863
2020-11-19,4.0400,4.4401,3.3487,1.3259,39.6146
2020-11-20,4.0200,4.4660,3.3100,1.3492,38.7045
2020-11-23,4.0800,4.3976,3.2650,1.3469,38.8116
2020-11-24,4.0500,4.4315,3.2900,1.3470,38.7848
2020-11-25,4.0500,4.4315,3.2675,1.3562,38.2227
2020-11-26,4.1000,4.3726,3.2850,1.3311,39.4272
2020-11-27,4.2600,4.2124,3.3000,1.2765,41.2206
2020-11-30,4.0900,4.3892,3.2500,1.3505,38.5974
2020-12-01,4.2000,4.2671,3.2725,1.3039,40.3373
2020-12-02,4.1700,4.3071,3.2925,1.3082,40.0696
2020-12-03,4.1700,4.2990,3.2851,1.3086,40.0428
2020-12-04,4.1100,4.3643,3.2651,1.3367,39.1595
2020-12-07,4.0200,4.4660,3.2701,1.3657,37.6338
2020-12-08,4.0000,4.4834,3.2551,1.3773,36.7238
2020-12-09,3.9800,4.5097,3.2726,1.3780,36.6702
2020-12-10,3.9800,4.5097,3.2601,1.3833,36.1081
2020-12-11,4.0200,4.4660,3.2951,1.3553,38.2762
2020-12-14,3.9900,4.4921,3.2851,1.3674,37.5000
2020-12-15,3.9900,4.5009,3.2777,1.3732,37.1520
2020-12-16,3.9600,4.5275,3.2752,1.3824,36.2152
2020-12-17,3.9900,4.5009,3.2802,1.3721,37.2591
2020-12-18,3.9800,4.5097,3.2902,1.3706,37.3126
2020-12-21,3.9900,4.5009,3.2652,1.3784,36.6167
2020-12-22,3.9400,4.5544,3.2278,1.4110,34.4754
2020-12-23,3.9600,4.5275,3.2153,1.4081,34.6627
2020-12-24,3.9500,4.5364,3.2303,1.4043,34.8501
2020-12-25,3.9500,4.5364,3.1878,1.4231,34.0203
2020-12-28,3.9500,4.5364,3.1629,1.4343,33.2709
2020-12-29,3.9500,4.5364,3.1554,1.4377,33.0835
2020-12-30,3.9600,4.5275,3.1204,1.4509,32.4411
2020-12-31,3.9900,4.5009,3.1429,1.4321,33.4047
2021-01-04,3.9700,4.6957,3.1780,1.4776,30.6745
2021-01-05,3.9700,4.6957,3.1305,1.5000,29.6306
2021-01-06,3.9700,4.6957,3.1256,1.5023,29.4834
2021-01-07,3.9700,4.6957,3.1256,1.5023,29.4834
2021-01-08,3.9800,4.6865,3.1456,1.4899,30.1124
2021-01-11,3.9900,4.6773,3.1632,1.4787,30.6210
2021-01-12,3.9900,4.6773,3.1457,1.4869,30.2730
2021-01-13,3.9900,4.6773,3.1157,1.5012,29.5236
2021-01-14,4.0300,4.6320,3.1059,1.4914,30.0054
2021-01-15,4.0600,4.5964,3.1508,1.4588,31.9058
2021-01-18,4.0300,4.6320,3.1658,1.4631,31.5846
2021-01-19,4.0600,4.5964,3.1609,1.4541,32.2537
2021-01-20,4.0000,4.6591,3.1610,1.4739,30.9154
2021-01-21,4.0100,4.6500,3.1335,1.4840,30.4336
2021-01-22,3.9600,4.7050,3.1185,1.5087,29.1488
2021-01-25,4.0300,4.6320,3.1323,1.4788,30.5675
2021-01-26,4.0600,4.5964,3.1585,1.4552,32.1199
2021-01-27,4.0900,4.5613,3.1636,1.4418,32.8426
2021-01-28,4.0600,4.5964,3.1961,1.4381,33.0300
2021-01-29,4.0800,4.5700,3.1786,1.4377,33.0567
2021-02-01,4.1300,4.5182,3.1712,1.4248,33.8597
2021-02-02,4.0800,4.5700,3.1862,1.4343,33.2441
2021-02-03,4.0800,4.5700,3.2112,1.4231,33.9936
2021-02-04,4.0600,4.5876,3.2347,1.4182,34.2077
2021-02-05,4.2000,4.4344,3.2164,1.3787,36.5899
2021-02-08,4.1300,4.5182,3.2370,1.3958,35.4925
2021-02-09,4.1200,4.5267,3.2303,1.4013,35.0642
2021-02-10,4.1100,4.5353,3.2449,1.3977,35.2248
2021-02-18,4.1200,4.5267,3.2831,1.3788,36.5632
2021-02-19,4.1400,4.5012,3.2578,1.3817,36.2687
2021-02-22,4.1800,4.4592,3.2736,1.3622,37.9015
2021-02-23,4.1700,4.4675,3.2635,1.3689,37.3394
2021-02-24,4.1300,4.5182,3.2627,1.3848,36.0546
2021-02-25,4.1800,4.4592,3.2723,1.3627,37.8480
2021-02-26,4.0800,4.5700,3.2798,1.3934,35.5460
2021-03-01,4.0600,4.5964,3.2475,1.4154,34.3148
2021-03-02,4.0000,4.6591,3.2474,1.4347,33.1906
2021-03-03,4.0900,4.5613,3.2553,1.4012,35.0910
2021-03-04,4.0700,4.5788,3.2655,1.4022,35.0107
2021-03-05,4.1000,4.5526,3.2457,1.4027,34.9304
2021-03-08,4.0700,4.5788,3.2404,1.4130,34.3951
2021-03-09,4.1000,4.5526,3.2478,1.4017,35.0375
2021-03-10,4.0800,4.5700,3.2353,1.4125,34.4218
2021-03-11,4.1300,4.5182,3.2506,1.3900,35.7066
2021-03-12,4.1600,4.4843,3.2613,1.3750,36.9914
2021-03-15,4.1900,4.4509,3.2740,1.3595,38.0889
2021-03-16,4.2600,4.3775,3.2614,1.3422,38.9722
2021-03-17,4.2200,4.4180,3.2564,1.3567,38.1959
2021-03-18,4.2100,4.4261,3.2592,1.3580,38.1424
2021-03-19,4.1300,4.5182,3.2364,1.3961,35.4122
2021-03-22,4.1700,4.4759,3.2309,1.3853,36.0011
2021-03-23,4.1600,4.4843,3.2105,1.3968,35.3319
2021-03-24,4.1300,4.5097,3.1930,1.4124,34.4486
2021-03-25,4.1300,4.5182,3.1882,1.4172,34.2345
2021-03-26,4.2000,4.4344,3.1985,1.3864,35.9475
2021-03-29,4.2700,4.3615,3.1962,1.3646,37.7141
2021-03-30,4.2700,4.3695,3.2060,1.3629,37.8212
2021-03-31,4.2500,4.3855,3.1887,1.3753,36.9379
2021-04-01,4.2300,4.4098,3.1960,1.3798,36.4026
2021-04-02,4.1700,4.4759,3.2013,1.3982,35.1713
2021-04-06,4.1800,4.4592,3.2087,1.3897,35.7869
2021-04-07,4.2000,4.4426,3.2215,1.3790,36.4829
2021-04-08,4.1700,4.4759,3.2221,1.3891,35.8405
2021-04-09,4.2000,4.4426,3.2121,1.3831,36.1349
2021-04-12,4.2000,4.4426,3.1948,1.3906,35.6531
2021-04-13,4.1900,4.4509,3.1626,1.4074,34.7430
2021-04-14,4.1600,4.4843,3.1651,1.4168,34.2612
2021-04-15,4.1700,4.4759,3.1728,1.4107,34.5021
2021-04-16,4.2100,4.4261,3.1631,1.3993,35.1178
2021-04-19,4.2000,4.4426,3.1559,1.4077,34.7163
2021-04-20,4.2000,4.4426,3.1554,1.4079,34.6895
2021-04-21,4.2000,4.4344,3.1530,1.4064,34.7698
2021-04-22,4.1600,4.4843,3.1614,1.4185,34.1542
2021-04-23,4.1400,4.5012,3.1719,1.4191,34.1274
2021-04-26,4.0900,4.5613,3.2024,1.4243,33.9400
2021-04-27,4.1000,4.5440,3.2078,1.4165,34.2880
2021-04-28,4.0700,4.5788,3.1979,1.4318,33.4315
2021-04-29,4.1200,4.5267,3.1872,1.4203,34.0471
2021-04-30,4.0400,4.6141,3.1640,1.4583,32.0396
2021-05-06,4.0600,4.5964,3.1507,1.4589,31.8522
2021-05-07,4.1400,4.5012,3.1589,1.4249,33.8062
2021-05-10,4.1300,4.5182,3.1460,1.4362,33.1638
2021-05-11,4.1500,4.4927,3.1380,1.4317,33.4850
2021-05-12,4.1700,4.4759,3.1310,1.4295,33.6724
2021-05-13,4.1300,4.5182,3.1366,1.4405,32.9229
2021-05-14,4.1500,4.4927,3.1422,1.4298,33.6456
2021-05-17,4.1500,4.4927,3.1524,1.4252,33.7794
2021-05-18,4.1400,4.5012,3.1457,1.4309,33.5921
2021-05-19,4.1000,4.5440,3.1298,1.4518,32.3876
2021-05-20,4.1000,4.5440,3.1001,1.4658,31.4775
2021-05-21,4.1000,4.5440,3.0876,1.4717,31.0493
2021-05-24,4.0700,4.5788,3.0850,1.4842,30.3801
2021-05-25,4.1200,4.5267,3.0850,1.4673,31.4240
2021-05-26,4.1300,4.5097,3.0600,1.4738,30.9422
2021-05-27,4.1300,4.5182,3.0725,1.4705,31.1296
2021-05-28,4.1200,4.5267,3.0825,1.4685,31.2901
2021-05-31,4.1000,4.5440,3.0450,1.4923,29.8715
2021-06-01,4.0900,4.5613,3.0400,1.5004,29.6039
2021-06-02,4.0800,4.5700,3.0650,1.4910,30.0321
2021-06-03,4.0700,4.5788,3.0550,1.4988,29.6842
2021-06-04,4.0900,4.5613,3.0925,1.4750,30.8619
2021-06-07,4.1200,4.5267,3.1100,1.4555,32.0931
2021-06-08,4.1300,4.5097,3.1100,1.4501,32.5482
2021-06-09,4.1000,4.5440,3.1051,1.4634,31.5578
2021-06-10,4.1000,4.5440,3.1000,1.4658,31.4507
2021-06-11,4.0900,4.5613,3.1276,1.4584,31.9593
2021-06-15,4.0500,4.6052,3.1176,1.4772,30.7013
2021-06-16,4.0500,4.6052,3.1301,1.4713,31.0760
2021-06-17,4.0300,4.6320,3.1401,1.4751,30.8351
2021-06-18,4.0000,4.6591,3.1202,1.4932,29.8180
2021-06-21,3.9900,4.6773,3.0953,1.5111,29.0685
2021-06-22,3.9900,4.6682,3.0877,1.5119,29.0418
2021-06-23,3.9900,4.6773,3.0853,1.5160,28.9615
2021-06-24,3.9900,4.6682,3.0828,1.5143,29.0150
2021-06-25,4.0200,4.6410,3.0827,1.5055,29.3362
2021-06-28,3.9900,4.6682,3.0903,1.5106,29.0953
2021-06-29,3.9600,4.7050,3.0853,1.5250,28.5867
2021-06-30,3.9800,4.6865,3.0778,1.5227,28.6938
2021-07-01,4.0200,4.6410,3.0878,1.5030,29.4165
2021-07-02,3.9700,4.6957,3.0803,1.5244,28.6135
2021-07-05,3.9800,4.6865,3.0754,1.5239,28.6403
2021-07-06,4.0000,4.6591,3.0854,1.5100,29.1221
2021-07-07,3.9800,4.6865,3.0554,1.5338,28.3191
2021-07-08,3.9600,4.7050,2.9830,1.5773,27.3822
2021-07-09,3.9400,4.7329,3.0105,1.5721,27.4893
2021-07-12,3.9300,4.7423,2.9431,1.6113,26.7666
2021-07-13,3.9500,4.7236,2.9256,1.6146,26.6328
2021-07-14,3.9200,4.7612,2.9356,1.6219,26.5257
2021-07-15,3.9400,4.7329,2.9557,1.6013,27.0343
2021-07-16,3.9200,4.7517,2.9432,1.6145,26.6595
2021-07-19,3.9200,4.7517,2.9483,1.6117,26.7398
2021-07-20,3.9200,4.7517,2.9258,1.6241,26.4722
2021-07-21,3.9200,4.7517,2.9184,1.6282,26.4186
2021-07-22,3.9500,4.7236,2.9284,1.6130,26.6863
2021-07-23,3.9400,4.7329,2.9134,1.6245,26.4454
2021-07-26,3.9200,4.7612,2.8711,1.6583,26.0974
2021-07-27,3.8500,4.8383,2.9110,1.6621,25.9904
2021-07-28,3.8700,4.8188,2.9312,1.6440,26.2848
2021-07-29,3.7700,5.2072,2.8840,1.8055,21.7880
2021-07-30,3.7300,5.2646,2.8363,1.8562,19.3790
2021-08-02,3.7600,5.2186,2.8212,1.8498,19.7002
2021-08-03,3.7400,5.2415,2.8337,1.8497,19.7270
2021-08-04,3.7100,5.2879,2.8338,1.8660,19.1381
2021-08-05,3.7200,5.2762,2.7988,1.8852,18.6296
2021-08-06,3.7000,5.3114,2.8139,1.8876,18.4690
2021-08-09,3.7900,5.1734,2.8615,1.8079,21.6809
2021-08-10,3.7900,5.1734,2.8766,1.7984,22.2698
2021-08-11,3.8200,5.1400,2.8841,1.7822,22.8319
2021-08-12,3.7900,5.1734,2.8566,1.8110,21.5471
2021-08-13,3.7700,5.2072,2.8792,1.8086,21.6274
2021-08-16,3.8200,5.1400,2.8943,1.7759,23.1799
2021-08-17,3.7900,5.1846,2.8819,1.7990,22.2163
2021-08-18,3.8500,5.0962,2.8494,1.7885,22.6445
2021-08-19,3.7900,5.1734,2.8395,1.8219,21.1456
2021-08-20,3.7900,5.1846,2.8520,1.8179,21.2794
2021-08-23,3.7700,5.2072,2.8672,1.8161,21.3330
2021-08-24,3.7700,5.2072,2.8522,1.8257,20.9850
2021-08-25,3.7700,5.2072,2.8547,1.8241,21.0118
2021-08-26,3.7400,5.2415,2.8848,1.8169,21.3062
2021-08-27,3.7600,5.2186,2.8698,1.8185,21.2527
2021-08-30,3.7400,5.2530,2.8505,1.8428,20.0482
2021-08-31,3.7700,5.2072,2.8450,1.8303,20.7709
2021-09-01,3.8500,5.0962,2.8226,1.8055,21.8148
2021-09-02,3.8400,5.1071,2.8301,1.8046,21.8951
2021-09-03,3.8700,5.0746,2.8327,1.7914,22.4839
2021-09-06,3.8700,5.0746,2.8354,1.7897,22.5375
2021-09-07,3.8900,5.0424,2.8604,1.7628,23.6081
2021-09-08,3.9100,5.0213,2.8705,1.7493,24.1167
2021-09-09,3.9100,5.0213,2.8730,1.7478,24.2505
2021-09-10,3.9300,4.9898,2.8656,1.7413,24.3844
2021-09-13,3.9700,4.9383,2.8908,1.7083,25.1606
2021-09-14,3.8800,5.0638,2.8858,1.7547,23.9293
2021-09-15,3.8400,5.1071,2.9009,1.7605,23.7420
2021-09-16,3.8400,5.1071,2.8885,1.7681,23.5011
2021-09-17,3.8100,5.1511,2.8785,1.7895,22.5642
2021-09-22,3.7400,5.2415,2.8639,1.8302,20.7976
2021-09-23,3.7400,5.2415,2.8565,1.8349,20.5567
2021-09-24,3.7400,5.2530,2.8719,1.8291,20.8779
2021-09-27,3.7100,5.2879,2.8825,1.8345,20.6370
2021-09-28,3.7400,5.2415,2.8769,1.8219,21.1724
2021-09-29,3.7400,5.2415,2.8646,1.8297,20.8244
2021-09-30,3.7400,5.2415,2.8776,1.8215,21.1991
2021-10-08,3.7800,5.1959,2.9131,1.7836,22.7516
2021-10-11,3.8200,5.1400,2.9580,1.7377,24.4914
2021-10-12,3.7900,5.1846,2.9657,1.7482,24.1970
2021-10-13,3.7900,5.1734,2.9578,1.7491,24.1435
2021-10-14,3.7700,5.2072,2.9581,1.7603,23.7687
2021-10-15,3.7700,5.2072,2.9683,1.7543,23.9561
2021-10-18,3.7800,5.1959,3.0426,1.7077,25.1874
2021-10-19,3.7900,5.1846,3.0102,1.7223,24.8126
2021-10-20,3.7900,5.1846,2.9978,1.7295,24.7056
2021-10-21,3.8200,5.1400,2.9702,1.7305,24.6253
2021-10-22,3.8100,5.1511,2.9953,1.7197,24.8929
2021-10-25,3.7900,5.1734,2.9879,1.7315,24.5985
2021-10-26,3.7900,5.1846,2.9780,1.7410,24.4111
2021-10-27,3.7900,5.1846,2.9781,1.7409,24.4379
2021-10-28,3.7500,5.2300,2.9682,1.7620,23.6617
2021-10-29,3.7300,5.2646,2.9732,1.7707,23.3940
2021-11-01,3.7400,5.2415,2.9435,1.7807,22.9122
2021-11-02,3.7000,5.3114,2.9259,1.8153,21.4133
2021-11-03,3.7000,5.3114,2.9385,1.8075,21.7077
2021-11-04,3.7000,5.3114,2.9261,1.8152,21.4400
2021-11-05,3.7000,5.3114,2.8911,1.8372,20.4497
2021-11-08,3.7000,5.3114,2.9013,1.8307,20.7173
2021-11-09,3.7000,5.2996,2.8988,1.8282,20.9047
2021-11-10,3.7000,5.3114,2.9139,1.8228,21.0385
2021-11-11,3.7200,5.2762,2.9365,1.7968,22.2966
2021-11-12,3.7000,5.2996,2.9391,1.8031,22.0021
2021-11-15,3.7200,5.2762,2.9269,1.8027,22.0289
2021-11-16,3.7100,5.2879,2.9244,1.8082,21.6542
2021-11-17,3.7000,5.2996,2.9295,1.8090,21.5739
2021-11-18,3.7000,5.3114,2.9146,1.8223,21.0921
2021-11-19,3.7100,5.2879,2.9302,1.8046,21.8683
2021-11-22,3.6900,5.3232,2.8876,1.8435,20.0214
2021-11-23,3.7000,5.2996,2.8875,1.8354,20.5032
2021-11-24,3.7000,5.3114,2.8600,1.8571,19.2987
2021-11-25,3.7000,5.2996,2.8550,1.8563,19.3522
2021-11-26,3.7000,5.3114,2.8200,1.8835,18.6831
2021-11-29,3.7300,5.2646,2.8250,1.8636,19.1916
2021-11-30,3.7000,5.3114,2.8250,1.8801,18.7901
2021-12-01,3.7200,5.2762,2.8401,1.8578,19.2719
2021-12-02,3.7200,5.2762,2.8601,1.8448,19.9411
2021-12-03,3.7300,5.2646,2.8701,1.8343,20.6638
2021-12-06,3.7200,5.2762,2.8176,1.8726,19.0310
2021-12-07,3.7400,5.2530,2.8451,1.8463,19.8608
2021-12-08,3.7400,5.2415,2.8551,1.8358,20.4764
2021-12-09,3.7600,5.2186,2.8526,1.8294,20.8512
2021-12-10,3.7400,5.2415,2.8426,1.8439,19.9679
2021-12-13,3.7300,5.2646,2.8552,1.8439,19.9946
2021-12-14,3.7100,5.2879,2.8477,1.8569,19.3255
2021-12-15,3.7100,5.2879,2.8502,1.8553,19.4325
2021-12-16,3.7200,5.2762,2.8577,1.8463,19.8876
2021-12-17,3.7200,5.2762,2.8512,1.8505,19.6734
2021-12-20,3.7100,5.2879,2.8533,1.8533,19.5664
2021-12-21,3.7600,5.2186,2.8508,1.8306,20.7441
2021-12-22,3.7400,5.2530,2.8303,1.8560,19.4058
2021-12-23,3.7900,5.1734,2.8143,1.8383,20.3426
2021-12-24,3.7900,5.1846,2.8203,1.8383,20.3158
2021-12-27,3.7700,5.2072,2.8128,1.8513,19.6467
2021-12-28,3.7900,5.1734,2.8004,1.8474,19.7805
2021-12-29,3.8000,5.1622,2.7854,1.8533,19.5396
2021-12-30,3.7900,5.1846,2.7654,1.8748,18.9775
2021-12-31,3.7900,5.1734,2.7754,1.8640,19.1649
2022-01-04,3.8000,5.4857,2.7855,1.9694,14.6413
2022-01-05,3.8300,5.4504,2.8045,1.9434,15.8726
2022-01-06,3.8000,5.4857,2.8205,1.9449,15.7655
2022-01-07,3.8600,5.4040,2.8181,1.9176,17.2912
2022-01-10,3.8500,5.4155,2.8056,1.9302,16.5418
2022-01-11,3.8800,5.3697,2.7957,1.9207,17.1172
2022-01-12,3.8800,5.3697,2.7957,1.9207,17.1172
2022-01-13,3.8900,5.3584,2.7858,1.9235,16.9968
2022-01-14,3.8200,5.4621,2.7935,1.9553,15.2837
2022-01-17,3.8300,5.4504,2.7860,1.9564,15.2302
2022-01-18,3.9000,5.3471,2.7415,1.9504,15.5514
2022-01-19,3.9100,5.3359,2.7314,1.9535,15.3908
2022-01-20,3.9400,5.2914,2.7271,1.9403,16.0332
2022-01-21,3.9100,5.3359,2.7100,1.9690,14.6949
2022-01-24,3.8800,5.3697,2.6751,2.0073,12.7677
2022-01-25,3.8300,5.4504,2.6979,2.0202,12.2859
2022-01-26,3.8400,5.4271,2.7146,1.9992,13.0086
2022-01-27,3.8500,5.4155,2.7348,1.9802,14.1328
2022-01-28,3.8200,5.4621,2.7021,2.0214,12.2323
2022-02-07,3.9200,5.3247,2.7256,1.9536,15.3640
2022-02-08,3.9700,5.2586,2.7227,1.9314,16.5150
2022-02-09,3.9600,5.2695,2.7328,1.9282,16.6221
2022-02-10,3.9700,5.2477,2.7328,1.9203,17.1574
2022-02-11,3.9900,5.2261,2.7891,1.8738,19.0043
2022-02-14,3.9300,5.3025,2.8018,1.8925,18.3084
2022-02-15,3.9000,5.3471,2.7968,1.9119,17.5857
2022-02-16,3.9000,5.3471,2.7892,1.9171,17.3448
2022-02-17,3.8900,5.3584,2.7799,1.9276,16.7024
2022-02-18,3.9300,5.3025,2.7975,1.8954,18.2013
2022-02-21,3.9300,5.3136,2.8300,1.8776,18.8437
2022-02-22,3.8800,5.3697,2.8200,1.9041,17.8533
2022-02-23,3.8500,5.4155,2.7900,1.9410,16.0064
2022-02-24,3.7900,5.4976,2.7875,1.9722,14.5075
2022-02-25,3.7900,5.5095,2.7750,1.9854,13.7313
2022-02-28,3.7800,5.5215,2.7750,1.9897,13.4368
2022-03-01,3.8000,5.4857,2.8025,1.9574,15.2034
2022-03-02,3.8000,5.4857,2.8175,1.9470,15.7388
2022-03-03,3.8300,5.4504,2.8300,1.9259,16.8094
2022-03-04,3.8300,5.4504,2.8125,1.9379,16.2473
2022-03-07,3.7800,5.5215,2.8126,1.9631,14.9625
2022-03-08,3.7200,5.6068,2.8276,1.9829,13.9454
2022-03-09,3.6900,5.6568,2.8426,1.9900,13.4101
2022-03-10,3.6800,5.6694,2.8502,1.9891,13.4904
2022-03-11,3.7400,5.5699,2.7902,1.9962,13.1156
2022-03-14,3.7100,5.6192,2.7677,2.0303,11.7505
2022-03-15,3.5800,5.8254,2.8177,2.0674,9.9036
2022-03-16,3.6200,5.7594,2.7952,2.0605,10.1981
2022-03-17,3.6200,5.7594,2.7876,2.0661,9.9839
2022-03-18,3.6800,5.6694,2.7927,2.0301,11.7773
2022-03-21,3.6500,5.7076,2.8127,2.0292,11.8041
2022-03-22,3.7100,5.6192,2.8302,1.9854,13.7045
2022-03-23,3.6900,5.6568,2.8302,1.9987,13.0353
2022-03-24,3.6700,5.6821,2.8052,2.0256,11.9647
2022-03-25,3.7400,5.5699,2.7972,1.9912,13.3298
2022-03-28,3.9800,5.2369,2.7903,1.8768,18.9240
2022-03-29,4.0000,5.2154,2.7853,1.8725,19.0578
2022-03-30,4.2000,4.9704,2.7703,1.7942,22.4304
2022-03-31,4.1800,4.9900,2.7878,1.7899,22.5107
2022-04-01,4.3000,4.8471,2.7743,1.7471,24.2773
2022-04-06,4.2500,4.9033,2.7604,1.7763,23.1263
2022-04-07,4.1400,5.0395,2.7394,1.8396,20.2623
2022-04-08,4.1800,4.9900,2.7529,1.8126,21.5203
2022-04-11,4.1100,5.0798,2.7680,1.8352,20.5300
2022-04-12,4.1500,5.0295,2.7705,1.8154,21.3865
2022-04-13,4.1300,5.0495,2.7631,1.8275,20.9315
2022-04-14,4.1900,4.9802,2.7656,1.8008,22.1360
2022-04-15,4.2400,4.9223,2.7578,1.7849,22.6981
2022-04-18,4.1800,4.9900,2.8107,1.7754,23.2066
2022-04-19,4.2000,4.9704,2.8208,1.7621,23.6349
2022-04-20,4.1100,5.0696,2.8330,1.7895,22.5910
2022-04-21,4.1000,5.0900,2.8259,1.8012,22.0824
2022-04-22,4.1800,4.9900,2.8409,1.7565,23.8758
2022-04-25,4.0200,5.1834,2.8160,1.8407,20.1552
2022-04-26,4.0600,5.1415,2.8260,1.8194,21.2259
2022-04-27,4.0500,5.1519,2.8411,1.8133,21.4936
2022-04-28,4.1100,5.0696,2.8486,1.7797,22.9390
2022-04-29,4.1300,5.0495,2.8386,1.7789,22.9925
2022-05-05,3.8700,5.3925,2.8282,1.9067,17.7998
2022-05-06,3.8100,5.4739,2.8273,1.9361,16.3544
2022-05-09,3.8400,5.4387,2.8154,1.9318,16.4882
2022-05-10,3.8700,5.3925,2.8089,1.9198,17.2109
2022-05-11,3.8600,5.4040,2.8240,1.9136,17.4786
2022-05-12,3.8400,5.4387,2.8055,1.9386,16.1135
2022-05-13,3.8500,5.4155,2.8140,1.9245,16.8897
2022-05-16,3.8400,5.4271,2.8216,1.9234,17.0236
2022-05-17,3.8400,5.4271,2.8178,1.9260,16.7827
2022-05-18,3.7900,5.4976,2.7801,1.9775,14.2398
2022-05-19,3.7900,5.5095,2.7774,1.9837,13.8383
2022-05-20,3.8100,5.4739,2.7900,1.9620,15.0428
2022-05-23,3.8000,5.4857,2.7675,1.9822,14.0257
2022-05-24,3.7600,5.5456,2.7650,2.0056,12.8747
2022-05-25,3.7900,5.4976,2.7575,1.9937,13.1959
2022-05-26,3.8000,5.4857,2.7100,2.0242,12.0450
2022-05-27,3.8200,5.4621,2.6974,2.0249,11.9914
2022-05-30,3.8200,5.4621,2.7225,2.0063,12.8212
2022-05-31,3.8200,5.4621,2.7426,1.9916,13.3030
2022-06-01,3.8200,5.4621,2.7551,1.9825,13.9722
2022-06-02,3.8400,5.4271,2.7601,1.9663,14.8822
2022-06-06,3.8400,5.4387,2.7776,1.9581,15.1767
2022-06-07,3.8600,5.4040,2.7576,1.9597,15.0964
2022-06-08,3.8700,5.3925,2.7661,1.9495,15.6585
2022-06-09,3.8900,5.3584,2.7576,1.9431,15.8994
2022-06-10,3.9100,5.3359,2.7526,1.9385,16.1670
2022-06-13,3.8400,5.4271,2.7652,1.9626,15.0161
2022-06-14,3.8800,5.3697,2.7702,1.9384,16.2206
2022-06-15,3.9600,5.2695,2.7827,1.8937,18.2548
2022-06-16,3.9300,5.3025,2.7728,1.9123,17.5321
2022-06-17,3.9300,5.3136,2.7752,1.9147,17.4251
2022-06-20,3.9100,5.3359,2.7853,1.9157,17.3715
2022-06-21,3.9300,5.3136,2.7853,1.9077,17.7463
2022-06-22,3.8900,5.3584,2.7773,1.9294,16.5685
2022-06-23,3.9400,5.2914,2.7803,1.9032,17.9336
2022-06-24,3.9200,5.3247,2.7978,1.9032,17.9604
2022-06-27,3.9000,5.3471,2.8329,1.8875,18.5225
2022-06-28,3.8900,5.3584,2.8414,1.8858,18.6028
2022-06-29,3.9100,5.3359,2.8294,1.8859,18.5760
2022-06-30,3.9000,5.3471,2.8205,1.8958,18.1478
2022-07-01,3.8900,5.3584,2.8255,1.8964,18.1210
2022-07-04,3.8900,5.3584,2.8445,1.8838,18.6563
2022-07-05,3.9200,5.3247,2.8333,1.8793,18.8169
2022-07-06,3.8800,5.3811,2.8356,1.8977,18.0942
2022-07-07,3.8400,5.4271,2.8356,1.9139,17.4518
2022-07-08,3.8600,5.4040,2.8384,1.9039,17.9069
2022-07-11,3.8900,5.3584,2.8266,1.8957,18.1745
2022-07-12,3.9000,5.3471,2.8117,1.9017,18.0407
2022-07-13,3.8400,5.4387,2.8067,1.9378,16.2741
2022-07-14,3.7900,5.4976,2.7907,1.9700,14.5878
2022-07-15,3.7300,5.5945,2.7857,2.0083,12.7141
2022-07-18,3.7700,5.5335,2.7837,1.9878,13.5974
2022-07-19,3.8000,5.4857,2.7859,1.9691,14.6681
2022-07-20,3.8600,5.4040,2.7710,1.9502,15.6049
2022-07-21,3.8300,5.4504,2.7635,1.9723,14.4807
2022-07-22,3.8500,5.4155,2.7870,1.9431,15.9261
2022-07-25,3.8900,5.3584,2.7790,1.9282,16.6488
2022-07-26,3.8800,5.3697,2.7700,1.9385,16.1403
2022-07-27,3.8800,5.3697,2.7701,1.9384,16.1938
2022-07-28,3.8400,5.7988,2.7850,2.0822,9.3683
2022-07-29,3.8200,5.8254,2.7560,2.1137,7.8694
2022-08-01,3.8000,5.8658,2.7292,2.1493,6.6381
2022-08-02,3.7500,5.9343,2.7314,2.1726,5.9422
2022-08-03,3.7300,5.9762,2.7218,2.1957,5.4872
2022-08-04,3.7400,5.9622,2.7192,2.1926,5.5942
2022-08-05,3.7600,5.9205,2.7339,2.1656,6.1296
2022-08-08,3.7600,5.9205,2.7409,2.1601,6.2901
2022-08-09,3.7500,5.9343,2.7400,2.1658,6.0493
2022-08-10,3.7400,5.9622,2.7366,2.1787,5.8351
2022-08-11,3.7800,5.8930,2.7317,2.1573,6.4775
2022-08-12,3.7800,5.8930,2.7347,2.1549,6.5578
2022-08-15,3.7700,5.9067,2.6582,2.2221,5.1392
2022-08-16,3.7800,5.8930,2.6346,2.2368,4.8983
2022-08-17,3.8100,5.8388,2.6124,2.2350,4.9251
2022-08-18,3.8000,5.8658,2.5800,2.2736,4.4165
2022-08-19,3.8100,5.8388,2.5875,2.2565,4.6039
2022-08-22,3.8100,5.8388,2.5925,2.2522,4.6842
2022-08-23,3.8100,5.8523,2.6075,2.2444,4.8180
2022-08-24,3.7900,5.8794,2.6100,2.2526,4.6574
2022-08-25,3.8300,5.8121,2.6390,2.2024,5.4336
2022-08-26,3.8200,5.8254,2.6430,2.2041,5.3801
2022-08-29,3.8800,5.7464,2.6225,2.1912,5.7013
2022-08-30,3.9200,5.6821,2.6130,2.1746,5.9154
2022-08-31,3.9300,5.6694,2.6225,2.1618,6.2099
2022-09-01,3.9900,5.5822,2.6125,2.1367,6.9593
2022-09-02,4.0100,5.5577,2.6226,2.1192,7.5482
2022-09-05,4.0600,5.4857,2.6180,2.0954,8.7527
2022-09-06,4.0600,5.4857,2.6140,2.0986,8.5921
2022-09-07,4.0400,5.5095,2.6215,2.1017,8.3244
2022-09-08,4.0500,5.4976,2.6256,2.0938,8.8597
2022-09-09,4.0600,5.4857,2.6350,2.0819,9.4218
2022-09-13,4.0500,5.4976,2.6427,2.0803,9.4486
2022-09-14,4.0200,5.5456,2.6625,2.0829,9.3415
2022-09-15,4.0700,5.4739,2.6625,2.0559,10.3319
2022-09-16,3.9800,5.5945,2.6730,2.0930,8.9133
2022-09-19,4.0200,5.5456,2.6750,2.0731,9.7698
2022-09-20,3.9900,5.5822,2.6640,2.0954,8.7259
2022-09-21,4.0500,5.4976,2.6451,2.0784,9.5557
2022-09-22,4.0200,5.5335,2.6501,2.0880,9.1006
2022-09-23,4.0800,5.4621,2.6802,2.0379,11.3223
2022-09-26,4.0000,5.5699,2.7154,2.0512,10.5460
2022-09-27,4.0200,5.5335,2.7051,2.0456,10.9475
2022-09-28,4.0400,5.5095,2.7401,2.0107,12.6606
2022-09-29,3.9700,5.6068,2.7501,2.0388,11.2955
2022-09-30,4.0000,5.5699,2.7601,2.0180,12.3662
2022-10-10,4.0500,5.4976,2.7402,2.0063,12.8480
2022-10-11,4.0100,5.5577,2.7426,2.0264,11.8844
2022-10-12,4.0900,5.4387,2.7352,1.9884,13.5707
2022-10-13,4.0600,5.4857,2.7252,2.0130,12.5803
2022-10-14,4.1000,5.4271,2.6977,2.0118,12.6338
2022-10-17,4.0900,5.4504,2.7002,2.0185,12.3394
2022-10-18,4.0200,5.5335,2.7002,2.0493,10.7066
2022-10-19,4.0100,5.5577,2.7052,2.0545,10.4390
2022-10-20,4.0000,5.5699,2.7175,2.0496,10.6799
2022-10-21,4.0500,5.4976,2.7278,2.0154,12.4465
2022-10-24,3.9900,5.5822,2.7153,2.0558,10.3587
2022-10-25,3.9200,5.6821,2.7278,2.0830,9.3148
2022-10-26,3.8800,5.7464,2.7025,2.1263,7.3073
2022-10-27,3.8700,5.7594,2.6953,2.1368,6.9325
2022-10-28,3.8600,5.7725,2.6653,2.1658,6.0760
2022-10-31,3.8000,5.8658,2.6433,2.2191,5.1927
2022-11-01,3.8900,5.7205,2.6629,2.1482,6.6916
2022-11-02,3.8600,5.7725,2.6854,2.1496,6.6113
2022-11-03,3.8400,5.7988,2.6776,2.1657,6.1028
2022-11-04,3.8800,5.7464,2.7023,2.1265,7.2805
2022-11-07,3.9000,5.7076,2.7003,2.1137,7.8961
2022-11-08,3.9100,5.6948,2.6853,2.1207,7.4946
2022-11-09,3.8900,5.7205,2.6953,2.1224,7.4411
2022-11-10,3.9300,5.6694,2.7028,2.0976,8.6456
2022-11-11,4.0200,5.5335,2.7354,2.0229,12.1253
2022-11-14,4.1300,5.3925,2.8354,1.9018,18.0139
2022-11-15,4.1000,5.4271,2.8155,1.9276,16.6756
2022-11-16,4.0700,5.4739,2.8329,1.9323,16.4615
2022-11-17,4.0400,5.5095,2.8026,1.9659,14.9090
2022-11-18,4.0100,5.5577,2.8250,1.9673,14.7752
2022-11-21,4.0200,5.5456,2.8180,1.9679,14.7484
2022-11-22,4.1700,5.3471,2.8276,1.8910,18.4154
2022-11-23,4.3300,5.1415,2.7975,1.8379,20.3961
2022-11-24,4.3100,5.1624,2.7950,1.8470,19.8073
2022-11-25,4.4300,5.0295,2.8300,1.7772,23.0996
2022-11-28,4.2600,5.2261,2.8600,1.8273,20.9582
2022-11-29,4.5100,4.9414,2.8800,1.7158,24.9732
2022-11-30,4.4100,5.0495,2.8850,1.7503,24.0899
2022-12-01,4.3700,5.1002,2.8600,1.7833,22.8051
2022-12-02,4.3100,5.1624,2.8676,1.8003,22.1627
2022-12-05,4.4700,4.9802,2.8902,1.7231,24.7859
2022-12-06,4.4700,4.9802,2.9152,1.7084,25.1338
2022-12-07,4.3900,5.0696,2.8702,1.7663,23.5546
2022-12-08,4.4500,5.0096,2.8853,1.7362,24.5182
2022-12-09,4.4800,4.9704,2.8903,1.7197,24.9197
2022-12-12,4.4200,5.0395,2.8902,1.7437,24.3308
2022-12-13,4.4600,4.9900,2.8952,1.7235,24.7591
2022-12-14,4.4800,4.9704,2.8655,1.7346,24.5450
2022-12-15,4.4100,5.0495,2.8829,1.7515,24.0632
2022-12-16,4.4400,5.0195,2.8856,1.7395,24.4647
2022-12-19,4.3700,5.1002,2.8632,1.7813,22.8854
2022-12-20,4.3000,5.1834,2.8732,1.8041,21.9218
2022-12-21,4.3200,5.1519,2.8606,1.8010,22.1092
2022-12-22,4.3200,5.1519,2.8503,1.8075,21.7345
2022-12-23,4.2800,5.2047,2.8251,1.8423,20.1017
2022-12-26,4.2400,5.2586,2.8378,1.8531,19.5931
2022-12-27,4.3000,5.1834,2.8657,1.8088,21.6006
2022-12-28,4.3700,5.1002,2.8503,1.7894,22.6178
2022-12-29,4.3200,5.1519,2.8376,1.8156,21.3597
2022-12-30,4.3700,5.1002,2.8353,1.7988,22.2430
2023-01-03,4.3700,6.0643,2.8228,2.1483,6.6649
2023-01-04,4.4600,5.9333,2.8103,2.1113,7.9764
2023-01-05,4.4200,5.9921,2.8304,2.1171,7.6285
2023-01-06,4.4200,5.9921,2.8328,2.1153,7.7623
2023-01-09,4.4500,5.9449,2.8428,2.0912,8.9936
2023-01-10,4.4100,6.0040,2.8602,2.0992,8.5118
2023-01-11,4.4200,5.9921,2.8603,2.0949,8.7794
2023-01-12,4.4500,5.9567,2.8778,2.0699,9.8501
2023-01-13,4.4700,5.9216,2.9010,2.0412,11.2420
2023-01-16,4.4400,5.9684,2.9167,2.0463,10.9208
2023-01-17,4.4500,5.9449,2.9017,2.0488,10.7334
2023-01-18,4.4400,5.9684,2.9222,2.0424,11.1349
2023-01-19,4.4400,5.9684,2.9145,2.0478,10.8405
2023-01-20,4.4500,5.9567,2.9331,2.0309,11.7238
2023-01-30,4.4500,5.9567,2.9133,2.0447,10.9743
2023-01-31,4.4300,5.9803,2.8977,2.0638,10.0910
2023-02-01,4.4200,5.9921,2.9101,2.0591,10.2516
2023-02-02,4.4000,6.0160,2.8970,2.0766,9.6360
2023-02-03,4.3600,6.0765,2.8943,2.0995,8.4850
2023-02-06,4.3300,6.1134,2.9017,2.1068,8.1370
2023-02-07,4.3400,6.1011,2.8964,2.1064,8.1906
2023-02-08,4.3100,6.1383,2.8973,2.1186,7.5749
2023-02-09,4.3300,6.1134,2.8912,2.1145,7.7891
2023-02-10,4.3300,6.1134,2.9003,2.1079,8.1103
2023-02-13,4.3100,6.1508,2.8943,2.1251,7.3340
2023-02-14,4.3300,6.1134,2.8914,2.1143,7.8158
2023-02-15,4.3100,6.1508,2.8918,2.1270,7.2537
2023-02-16,4.3100,6.1508,2.8907,2.1278,7.2270
2023-02-17,4.2700,6.2013,2.8920,2.1443,6.8255
2023-02-20,4.3500,6.0888,2.9170,2.0874,9.1542
2023-02-21,4.3700,6.0643,2.9190,2.0775,9.5824
2023-02-22,4.3300,6.1134,2.9175,2.0954,8.6991
2023-02-23,4.3200,6.1258,2.9220,2.0964,8.6724
2023-02-24,4.3000,6.1633,2.9126,2.1161,7.6820
2023-02-27,4.3000,6.1633,2.9117,2.1167,7.6552
2023-02-28,4.3100,6.1383,2.9017,2.1154,7.7355
2023-03-01,4.3700,6.0643,2.8977,2.0928,8.9668
2023-03-02,4.4500,5.9449,2.9111,2.0421,11.2152
2023-03-03,4.5100,5.8755,2.9026,2.0242,12.0717
2023-03-06,4.5000,5.8870,2.8826,2.0423,11.1884
2023-03-07,4.5600,5.8077,2.8726,2.0218,12.2056
2023-03-08,4.5300,5.8414,2.8828,2.0263,11.9111
2023-03-09,4.5400,5.8302,2.8752,2.0278,11.8308
2023-03-10,4.4500,5.9449,2.8627,2.0767,9.6092
2023-03-13,4.5200,5.8641,2.8703,2.0430,11.0814
2023-03-14,4.4700,5.9216,2.8652,2.0667,9.9572
2023-03-15,4.5100,5.8755,2.8652,2.0506,10.5996
2023-03-16,4.6200,5.7306,2.8552,2.0071,12.7944
2023-03-17,4.6100,5.7415,2.8602,2.0074,12.7409
2023-03-20,4.8400,5.4711,2.8504,1.9194,17.2377
2023-03-21,4.8100,5.5010,2.8604,1.9232,17.0503
2023-03-22,4.8100,5.5110,2.8577,1.9285,16.5953
2023-03-23,4.8400,5.4711,2.8652,1.9095,17.6392
2023-03-24,4.8800,5.4220,2.8676,1.8908,18.4422
2023-03-27,4.7400,5.5823,2.8551,1.9552,15.3105
2023-03-28,4.8500,5.4612,2.8556,1.9125,17.5054
2023-03-29,4.7800,5.5413,2.8532,1.9421,15.9797
2023-03-30,4.8500,5.4612,2.8603,1.9093,17.6927
2023-03-31,4.7600,5.5617,2.8528,1.9496,15.6317
2023-04-03,4.7400,5.5926,2.8604,1.9552,15.3373
2023-04-04,4.8300,5.4810,2.8584,1.9175,17.3180
2023-04-06,4.8100,5.5110,2.8605,1.9266,16.7559
2023-04-07,4.7700,5.5515,2.8464,1.9504,15.5782
2023-04-10,4.7400,5.5823,2.8455,1.9618,15.0696
2023-04-11,4.8100,5.5010,2.8203,1.9505,15.5246
2023-04-12,4.9700,5.3263,2.8158,1.8916,18.3887
2023-04-13,5.0200,5.2798,2.8277,1.8672,19.1113
2023-04-14,5.1400,5.1536,2.8281,1.8223,21.1188
2023-04-17,5.2500,5.0418,2.8432,1.7733,23.2869
2023-04-18,5.3100,4.9835,2.8319,1.7598,23.7955
2023-04-19,5.3300,4.9671,2.8333,1.7531,24.0096
2023-04-20,5.3100,4.9918,2.8332,1.7619,23.6884
2023-04-21,5.2200,5.0757,2.8258,1.7962,22.3233
2023-04-24,5.3100,4.9835,2.8176,1.7687,23.4475
2023-04-25,5.6900,4.6534,2.8157,1.6527,26.2045
2023-04-26,5.5900,4.7336,2.8058,1.6871,25.5621
2023-04-27,5.6300,4.7041,2.7852,1.6890,25.4818
2023-04-28,5.7000,4.6462,2.7788,1.6720,25.7762
2023-05-04,6.0900,4.3516,2.7613,1.5759,27.4090
2023-05-05,6.0200,4.3960,2.7338,1.6080,26.8201
2023-05-08,6.6300,3.9947,2.7484,1.4535,32.2805
2023-05-09,6.9500,3.8084,2.7383,1.3908,35.6263
2023-05-10,6.5200,4.0592,2.7210,1.4918,29.9251
2023-05-11,6.3300,4.1829,2.7010,1.5486,27.9443
2023-05-12,6.2700,4.2238,2.7058,1.5610,27.6499
2023-05-15,6.1700,4.2898,2.7190,1.5777,27.3555
2023-05-16,6.1000,4.3391,2.7129,1.5994,27.0610
2023-05-17,6.1200,4.3267,2.7210,1.5901,27.1681
2023-05-18,6.2000,4.2716,2.7184,1.5714,27.5161
2023-05-19,6.0800,4.3579,2.7151,1.6051,26.9540
2023-05-22,6.1600,4.2959,2.7132,1.5833,27.2484
2023-05-23,5.9200,4.4741,2.6962,1.6594,26.0439
2023-05-24,5.6900,4.6534,2.7037,1.7211,24.8394
2023-05-25,5.7300,4.6178,2.7065,1.7062,25.2141
2023-05-26,5.7400,4.6107,2.7205,1.6948,25.4015
2023-05-29,5.7800,4.5827,2.6950,1.7004,25.2944
2023-05-30,5.7500,4.6037,2.7000,1.7051,25.2409
2023-05-31,5.6600,4.6822,2.6850,1.7438,24.3041
2023-06-01,5.7800,4.5827,2.6825,1.7084,25.1071
2023-06-02,5.7800,4.5827,2.6951,1.7004,25.3212
2023-06-05,5.9400,4.4609,2.6926,1.6567,26.1510
2023-06-06,5.8400,4.5303,2.6826,1.6888,25.5086
2023-06-07,5.8300,4.5371,2.6827,1.6912,25.4550
2023-06-08,6.0100,4.4047,2.6822,1.6422,26.3116
2023-06-09,5.8000,4.5646,2.6703,1.7094,25.0803
2023-06-12,5.5700,4.7515,2.6704,1.7793,22.9657
2023-06-13,5.4800,4.8275,2.6227,1.8407,20.1820
2023-06-14,5.3900,4.9140,2.6178,1.8771,18.8704
2023-06-15,5.4100,4.8901,2.6482,1.8466,19.8340
2023-06-16,5.3600,4.9381,2.6626,1.8546,19.4861
2023-06-19,5.3600,4.9381,2.6876,1.8374,20.4229
2023-06-20,5.2900,5.0036,2.6751,1.8704,19.0846
2023-06-21,5.2800,5.0119,2.6701,1.8770,18.8972
2023-06-26,5.2000,5.0880,2.6677,1.9073,17.7730
2023-06-27,5.2300,5.0624,2.6676,1.8977,18.0675
2023-06-28,5.2200,5.0709,2.6651,1.9027,17.9872
2023-06-29,5.1900,5.0966,2.6526,1.9214,17.0771
2023-06-30,5.2500,5.0455,2.6351,1.9147,17.3983
2023-07-03,5.2500,5.0455,2.6402,1.9110,17.6124
2023-07-04,5.2300,5.0624,2.6477,1.9120,17.5589
2023-07-05,5.2100,5.0794,2.6402,1.9239,16.9433
2023-07-06,5.1400,5.1488,2.6392,1.9509,15.4979
2023-07-07,5.1800,5.1052,2.6403,1.9336,16.4347
2023-07-10,5.1600,5.1313,2.6403,1.9435,15.8458
2023-07-11,5.1900,5.0966,2.6353,1.9340,16.3812
2023-07-12,5.1400,5.1488,2.6378,1.9519,15.4443
2023-07-13,5.3200,4.9707,2.6413,1.8819,18.7366
2023-07-14,5.4200,4.8822,2.6444,1.8462,19.9143
2023-07-17,5.3300,4.9625,2.6364,1.8823,18.7099
2023-07-18,5.2500,5.0370,2.6234,1.9200,17.1842
2023-07-19,5.3300,4.9625,2.6233,1.8917,18.3351
2023-07-20,5.1800,5.4071,2.6214,2.0627,10.1178
2023-07-21,5.2200,5.3591,2.6079,2.0549,10.4122
2023-07-24,5.2800,5.3026,2.5934,2.0447,11.0011
2023-07-25,5.4600,5.1226,2.6630,1.9236,16.9700
2023-07-26,5.3600,5.2201,2.6430,1.9751,14.2934
2023-07-27,5.4400,5.1400,2.6395,1.9473,15.7120
2023-07-28,5.6200,4.9789,2.6533,1.8765,18.9507
2023-07-31,5.5700,5.0203,2.6597,1.8875,18.4957
2023-08-01,5.5900,5.0036,2.6607,1.8806,18.7634
2023-08-02,5.4100,5.1753,2.6525,1.9511,15.4711
2023-08-03,5.4400,5.1400,2.6435,1.9444,15.7923
2023-08-04,5.4900,5.0966,2.6469,1.9255,16.8362
2023-08-07,5.4000,5.1842,2.6462,1.9591,15.1231
2023-08-08,5.3300,5.2473,2.6454,1.9836,13.8651
2023-08-09,5.3300,5.2473,2.6461,1.9830,13.9186
2023-08-10,5.3100,5.2656,2.6475,1.9889,13.5171
2023-08-11,5.1900,5.3878,2.6381,2.0423,11.1617
2023-08-14,5.1000,5.4858,2.6212,2.0929,8.9400
2023-08-15,5.1800,5.4071,2.5759,2.0991,8.5385
2023-08-16,5.1700,5.4169,2.5649,2.1119,7.9497
2023-08-17,5.1200,5.4659,2.5678,2.1286,7.2002
2023-08-18,5.1800,5.4071,2.5639,2.1089,8.0835
2023-08-21,5.0800,5.5058,2.5403,2.1674,6.0225
2023-08-22,5.1400,5.4462,2.5564,2.1304,7.1734
2023-08-23,5.1700,5.4169,2.5535,2.1214,7.4679
2023-08-24,5.1300,5.4560,2.5543,2.1360,6.9861
2023-08-25,5.1100,5.4758,2.5702,2.1305,7.1467
2023-08-28,5.1900,5.3878,2.5837,2.0853,9.2345
2023-08-29,5.1300,5.4560,2.5700,2.1230,7.3608
2023-08-30,5.0600,5.5260,2.5600,2.1586,6.3704
2023-08-31,5.0600,5.5260,2.5575,2.1607,6.2366
2023-09-01,5.0700,5.5159,2.5850,2.1338,7.0664
2023-09-04,5.2600,5.3213,2.6124,2.0369,11.4293
2023-09-05,5.1800,5.3975,2.6150,2.0641,10.0375
2023-09-06,5.1900,5.3878,2.6375,2.0428,11.1081
2023-09-07,5.1800,5.4071,2.6350,2.0520,10.5193
2023-09-08,5.1500,5.4364,2.6375,2.0612,10.1445
2023-09-11,5.1800,5.4071,2.6300,2.0559,10.3051
2023-09-12,5.1800,5.3975,2.6230,2.0578,10.2784
2023-09-13,5.1500,5.4364,2.6150,2.0789,9.5021
2023-09-14,5.3000,5.2840,2.6075,2.0265,11.8576
2023-09-15,5.2500,5.3307,2.6400,2.0192,12.3126
2023-09-18,5.3000,5.2840,2.6500,1.9940,13.1692
2023-09-19,5.3100,5.2656,2.6625,1.9777,14.2131
2023-09-20,5.3600,5.2201,2.6650,1.9588,15.1499
2023-09-21,5.3200,5.2564,2.6576,1.9779,14.1863
2023-09-22,5.3800,5.2021,2.6776,1.9428,15.9529
2023-09-25,5.3900,5.1931,2.6976,1.9251,16.8630
2023-09-26,5.3600,5.2201,2.6951,1.9369,16.3276
2023-09-27,5.3200,5.2564,2.6877,1.9557,15.2570
2023-09-28,5.3100,5.2748,2.6751,1.9718,14.5343
2023-10-09,5.2900,5.2933,2.6702,1.9824,13.9989
2023-10-10,5.2400,5.3402,2.6811,1.9918,13.2762
2023-10-11,5.2100,5.3687,2.6976,1.9902,13.3833
2023-10-12,5.3600,5.2201,2.6911,1.9398,16.0600
2023-10-13,5.3800,5.2021,2.6702,1.9482,15.6852
2023-10-16,5.3900,5.1931,2.6777,1.9394,16.0867
2023-10-17,5.4300,5.1576,2.6882,1.9186,17.2645
2023-10-18,5.4600,5.1226,2.7052,1.8936,18.2816
2023-10-19,5.3100,5.2656,2.7177,1.9375,16.3009
2023-10-20,5.2600,5.3213,2.7052,1.9671,14.8019
2023-10-23,5.2400,5.3402,2.7047,1.9744,14.3201
2023-10-24,5.1600,5.4266,2.7177,1.9968,13.0889
2023-10-25,5.1700,5.4169,2.7052,2.0024,12.9550
2023-10-26,5.2100,5.3687,2.7152,1.9773,14.2666
2023-10-27,5.1800,5.4071,2.7133,1.9928,13.2495
2023-10-30,4.9400,5.6608,2.7141,2.0857,9.2077
2023-10-31,4.9900,5.6082,2.6938,2.0819,9.3951
2023-11-01,5.0300,5.5668,2.6853,2.0731,9.7966
2023-11-02,5.1000,5.4858,2.6553,2.0660,10.0107
2023-11-03,5.0500,5.5361,2.6613,2.0802,9.4754
2023-11-06,5.0200,5.5771,2.6554,2.1003,8.3779
2023-11-07,5.0300,5.5668,2.6632,2.0903,9.0471
2023-11-08,4.9900,5.6082,2.6464,2.1192,7.5214
2023-11-09,5.0500,5.5463,2.6494,2.0934,8.8865
2023-11-10,5.0100,5.5874,2.6444,2.1129,7.9229
2023-11-13,5.0000,5.5978,2.6454,2.1161,7.7088
2023-11-14,5.0100,5.5874,2.6573,2.1027,8.2976
2023-11-15,5.0500,5.5361,2.6633,2.0787,9.5289
2023-11-16,5.0500,5.5463,2.6558,2.0884,9.0739
2023-11-17,5.0100,5.5874,2.6524,2.1065,8.1638
2023-11-20,5.0300,5.5668,2.6584,2.0940,8.8330
2023-11-21,5.0700,5.5159,2.6684,2.0671,9.9304
2023-11-22,5.0500,5.5361,2.6823,2.0639,10.0642
2023-11-23,5.0500,5.5361,2.7023,2.0487,10.7869
2023-11-24,5.0500,5.5361,2.7053,2.0464,10.8672
2023-11-27,5.0100,5.5874,2.7108,2.0612,10.1713
2023-11-28,5.0200,5.5771,2.6898,2.0734,9.7430
2023-11-29,4.9400,5.6608,2.6826,2.1102,8.0300
2023-11-30,5.0000,5.5978,2.6680,2.0981,8.6188
2023-12-01,5.0600,5.5260,2.6625,2.0755,9.6895
2023-12-04,5.0200,5.5771,2.6725,2.0868,9.1809
2023-12-05,4.9200,5.6821,2.6650,2.1321,7.1199
2023-12-06,4.8600,5.7580,2.6725,2.1545,6.5846
2023-12-07,4.9000,5.7144,2.6640,2.1450,6.7987
2023-12-08,4.9200,5.6821,2.6636,2.1332,7.0931
2023-12-11,4.8900,5.7252,2.6440,2.1654,6.1831
2023-12-12,4.9700,5.6291,2.6375,2.1343,7.0396
2023-12-13,4.9400,5.6608,2.6226,2.1585,6.3972
2023-12-14,4.9200,5.6928,2.6376,2.1583,6.4240
2023-12-15,4.8700,5.7470,2.6227,2.1913,5.6745
2023-12-18,4.8900,5.7252,2.6126,2.1914,5.6478
2023-12-19,4.8700,5.7470,2.6191,2.1943,5.5407
2023-12-20,4.8700,5.7470,2.6222,2.1917,5.6210
2023-12-21,4.8600,5.7580,2.5901,2.2231,5.0857
2023-12-22,4.8800,5.7361,2.5877,2.2167,5.2463
2023-12-25,4.9000,5.7144,2.5678,2.2254,5.0589
2023-12-26,4.8600,5.7580,2.5804,2.2314,5.0054
2023-12-27,4.8700,5.7470,2.5577,2.2469,4.7912
2023-12-28,4.9300,5.6714,2.5694,2.2073,5.3266
2023-12-29,4.9100,5.7036,2.5553,2.2321,4.9518
2024-01-02,4.9100,6.2193,2.5601,2.4293,3.1852
2024-01-03,4.9800,6.1266,2.5531,2.3997,3.3994
2024-01-04,5.0400,6.0589,2.5368,2.3884,3.4529
2024-01-05,5.2600,5.8025,2.5175,2.3049,4.0953
2024-01-08,5.1600,5.9173,2.5136,2.3541,3.6938
2024-01-09,5.1800,5.8855,2.4862,2.3673,3.5867
2024-01-10,5.1800,5.8855,2.4982,2.3559,3.6670
2024-01-11,5.1200,5.9601,2.4992,2.3848,3.5064
2024-01-12,5.1800,5.8855,2.5172,2.3381,3.8544
2024-01-15,5.2400,5.8230,2.5212,2.3096,4.0418
2024-01-16,5.3200,5.7317,2.5252,2.2698,4.5236
2024-01-17,5.2400,5.8230,2.5077,2.3220,3.9882
2024-01-18,5.2100,5.8541,2.5092,2.3331,3.9079
2024-01-19,5.2000,5.8645,2.5027,2.3433,3.8009
2024-01-22,5.1700,5.9066,2.4922,2.3700,3.5600
2024-01-23,5.2100,5.8541,2.5042,2.3377,3.8812
2024-01-24,5.3300,5.7217,2.5042,2.2848,4.2559
2024-01-25,5.5200,5.5294,2.4984,2.2132,5.2730
2024-01-26,5.5900,5.4561,2.4994,2.1830,5.7816
2024-01-29,5.8500,5.2139,2.4940,2.0906,9.0203
2024-01-30,5.7900,5.2724,2.4557,2.1470,6.7184
2024-01-31,5.8100,5.2556,2.4330,2.1601,6.2634
2024-02-01,5.7100,5.3409,2.4354,2.1930,5.5675
2024-02-02,5.6400,5.4112,2.4244,2.2320,4.9786
2024-02-05,5.8900,5.1811,2.4002,2.1586,6.3437
2024-02-06,5.8600,5.2057,2.4525,2.1226,7.4143
2024-02-07,5.7300,5.3236,2.4153,2.2041,5.3533
2024-02-08,5.6600,5.3934,2.4379,2.2123,5.2998
2024-02-19,5.8400,5.2222,2.4344,2.1452,6.7719
2024-02-20,5.9100,5.1648,2.4134,2.1401,6.8790
2024-02-21,6.0900,5.0076,2.4119,2.0762,9.6627
2024-02-22,6.1400,4.9698,2.4033,2.0679,9.8769
2024-02-23,6.1400,4.9698,2.4009,2.0700,9.8233
2024-02-26,5.9800,5.1008,2.3789,2.1442,6.8522
2024-02-27,5.9900,5.0929,2.3809,2.1391,6.9058
2024-02-28,5.9500,5.1326,2.3376,2.1957,5.5139
2024-02-29,5.9600,5.1166,2.3375,2.1889,5.7548
2024-03-01,5.9700,5.1087,2.3675,2.1578,6.4507
2024-03-04,5.9000,5.1730,2.3475,2.2036,5.4069
2024-03-05,6.0600,5.0383,2.3169,2.1746,5.8887
2024-03-06,5.9800,5.1008,2.2650,2.2520,4.7377
2024-03-07,5.9700,5.1087,2.2776,2.2430,4.8448
2024-03-08,5.9400,5.1406,2.2825,2.2522,4.7109
2024-03-11,5.9200,5.1567,2.3050,2.2372,4.8715
2024-03-12,5.7700,5.2894,2.3476,2.2531,4.6306
2024-03-13,5.7500,5.3065,2.3326,2.2749,4.3897
2024-03-14,5.7300,5.3236,2.3425,2.2726,4.4433
2024-03-15,5.7600,5.2979,2.3200,2.2836,4.3094
2024-03-18,5.7900,5.2724,2.2926,2.2997,4.1756
2024-03-19,5.7600,5.2979,2.2801,2.3235,3.9615
2024-03-20,5.8500,5.2139,2.2951,2.2718,4.4700
2024-03-21,5.9000,5.1730,2.2851,2.2638,4.5503
2024-03-22,5.6900,5.3670,2.3051,2.3283,3.9347
2024-03-25,5.7700,5.2894,2.3151,2.2847,4.2827
2024-03-26,5.7900,5.2724,2.3175,2.2750,4.3630
2024-03-27,5.8300,5.2305,2.2876,2.2865,4.2024
2024-03-28,5.7300,5.3236,2.3026,2.3120,4.0150
2024-03-29,5.7900,5.2724,2.2901,2.3023,4.1221
2024-04-01,5.8000,5.2640,2.3082,2.2806,4.3362
2024-04-02,5.8200,4.6563,2.2927,2.0309,11.6970
2024-04-03,5.7900,4.6786,2.2837,2.0487,10.7602
2024-04-08,5.9600,4.5404,2.2822,1.9895,13.4636
2024-04-09,5.9100,4.5832,2.2802,2.0100,12.6874
2024-04-10,6.0000,4.5123,2.2972,1.9643,14.9358
2024-04-11,6.0000,4.5123,2.2928,1.9680,14.7216
2024-04-12,6.0100,4.5054,2.2837,1.9729,14.4272
2024-04-15,6.2200,4.3509,2.2798,1.9085,17.7195
2024-04-16,6.1300,4.4167,2.2723,1.9437,15.8191
2024-04-17,6.7400,4.0158,2.2608,1.7763,23.1531
2024-04-18,7.3500,3.6816,2.2537,1.6336,26.3919
2024-04-19,6.7400,4.0158,2.2540,1.7816,22.8587
2024-04-22,6.5100,4.1588,2.2435,1.8537,19.5128
2024-04-23,6.5300,4.1470,2.2260,1.8630,19.2184
2024-04-24,6.4500,4.2007,2.2727,1.8483,19.7537
2024-04-25,6.4600,4.1946,2.2612,1.8550,19.4593
2024-04-26,6.3800,4.2434,2.3084,1.8382,20.3694
2024-04-29,6.3800,4.2434,2.3530,1.8034,21.9754
2024-04-30,6.3800,4.2434,2.3028,1.8427,20.0749
2024-05-06,6.3800,4.2434,2.3081,1.8385,20.2891
2024-05-07,6.4500,4.2007,2.2896,1.8347,20.5835
2024-05-08,6.5100,4.1411,2.2955,1.8040,21.9486
2024-05-09,6.4800,4.1589,2.3186,1.7937,22.4572
2024-05-10,6.5400,4.1235,2.3122,1.7834,22.7784
2024-05-13,6.5600,4.1119,2.2900,1.7956,22.3501
2024-05-14,6.4100,4.2071,2.2938,1.8341,20.6906
2024-05-15,6.3300,4.2626,2.3020,1.8517,19.6199
2024-05-16,6.4600,4.1708,2.3147,1.8019,22.0557
2024-05-17,6.5100,4.1411,2.3077,1.7945,22.4036
2024-05-20,6.4800,4.1589,2.3105,1.8000,22.1895
2024-05-21,6.5300,4.1294,2.3141,1.7845,22.7248
2024-05-22,6.5800,4.1003,2.3123,1.7733,23.3137
2024-05-23,6.6000,4.0830,2.3063,1.7704,23.4208
2024-05-24,6.5700,4.1060,2.3134,1.7749,23.2602
2024-05-27,6.7900,3.9714,2.3084,1.7204,24.8662
2024-05-28,6.7800,3.9769,2.2994,1.7295,24.6788
2024-05-29,6.6600,4.0489,2.2776,1.7777,23.0460
2024-05-30,6.6100,4.0772,2.2826,1.7862,22.6713
2024-05-31,6.6900,4.0320,2.2926,1.7587,23.8223
2024-06-03,6.5000,4.1470,2.2853,1.8146,21.4668
2024-06-04,6.4700,4.1649,2.2854,1.8224,21.0653
2024-06-05,6.4200,4.2010,2.2808,1.8419,20.1285
2024-06-06,6.4200,4.2010,2.2828,1.8403,20.2088
2024-06-07,6.4400,4.1889,2.2833,1.8346,20.6103
2024-06-11,6.2000,4.3519,2.2791,1.9095,17.6660
2024-06-12,6.0700,4.4451,2.2760,1.9530,15.4176
2024-06-13,5.9400,4.5423,2.2678,2.0030,12.9283
2024-06-14,6.0100,4.4862,2.2558,1.9887,13.5439
2024-06-17,5.9900,4.5001,2.2609,1.9904,13.3565
2024-06-18,6.0700,4.4451,2.2537,1.9724,14.4540
2024-06-19,6.0700,4.4451,2.2429,1.9819,14.0792
2024-06-20,6.0500,4.4587,2.2445,1.9865,13.6510
2024-06-21,6.1800,4.3650,2.2571,1.9339,16.4079
2024-06-24,6.0500,4.4587,2.2451,1.9860,13.6777
2024-06-25,6.1100,4.4113,2.2350,1.9737,14.3469
2024-06-26,6.1200,4.4047,2.2225,1.9819,14.0525
2024-06-27,6.2000,4.3519,2.2081,1.9709,14.5610
2024-06-28,6.2100,4.3389,2.2058,1.9670,14.8287
2024-07-01,6.3000,4.2814,2.2486,1.9040,17.8801
2024-07-02,6.4700,4.1649,2.2369,1.8619,19.2452
2024-07-03,6.3400,4.2501,2.2426,1.8952,18.2281
2024-07-04,6.3500,4.2439,2.2502,1.8860,18.5493
2024-07-05,6.1600,4.3781,2.2754,1.9241,16.9165
2024-07-08,6.2200,4.3325,2.2904,1.8916,18.3619
2024-07-09,6.2300,4.3260,2.2698,1.9059,17.8266
2024-07-10,6.3000,4.5001,2.2707,1.9818,14.1060
2024-07-11,6.2200,4.5565,2.2648,2.0119,12.6071
2024-07-12,6.3200,4.4862,2.2604,1.9847,13.7580
2024-07-15,6.4100,4.4248,2.2541,1.9630,14.9893
2024-07-16,6.3200,4.4862,2.2613,1.9839,13.8116
2024-07-17,6.3800,4.4451,2.2598,1.9670,14.8555
2024-07-18,6.3500,4.4656,2.2673,1.9696,14.6146
2024-07-19,6.2800,4.5141,2.2614,1.9962,13.1424
2024-07-22,6.1400,4.6144,2.2461,2.0544,10.4657
2024-07-23,6.1900,4.5781,2.2322,2.0509,10.5728
2024-07-24,6.2200,4.5565,2.2381,2.0359,11.4829
2024-07-25,6.0800,4.6663,2.2168,2.1050,8.2441
2024-07-26,5.9600,4.7579,2.1944,2.1682,5.9957
2024-07-29,6.1300,4.6291,2.1574,2.1457,6.7452
2024-07-30,6.1000,4.6513,2.1480,2.1654,6.1563
2024-07-31,6.1200,4.6365,2.1494,2.1571,6.5043
2024-08-01,6.1600,4.5998,2.1297,2.1598,6.3169
2024-08-02,6.1400,4.6144,2.1277,2.1687,5.9690
2024-08-05,6.0600,4.6813,2.1376,2.1900,5.7281
2024-08-06,5.9500,4.7657,2.1491,2.2175,5.2195
2024-08-07,5.9600,4.7579,2.1414,2.2219,5.1660
2024-08-08,5.9600,4.7579,2.1810,2.1815,5.8084
2024-08-09,5.9800,4.7424,2.1986,2.1570,6.5310
2024-08-12,5.9600,4.7579,2.2508,2.1139,7.8426
2024-08-13,6.0700,4.6738,2.2255,2.1001,8.4315
2024-08-14,6.1600,4.5998,2.1966,2.0941,8.8062
2024-08-15,6.2700,4.5211,2.2050,2.0504,10.6263
2024-08-16,6.3500,4.4656,2.1978,2.0319,11.6435
2024-08-19,6.4500,4.3980,2.1816,2.0160,12.3929
2024-08-20,6.4300,4.4113,2.1710,2.0319,11.6167
2024-08-21,6.4700,4.3847,2.1670,2.0234,12.0985
2024-08-22,6.5300,4.3454,2.1582,2.0134,12.5000
2024-08-23,6.5000,4.3650,2.1547,2.0258,11.9379
2024-08-26,6.4800,4.3781,2.1628,2.0243,12.0182
2024-08-27,6.5300,4.3454,2.1903,1.9839,13.7848
2024-08-28,6.4300,4.4113,2.1673,2.0354,11.5096
2024-08-29,6.2200,4.5565,2.1703,2.0995,8.4582
2024-08-30,6.0000,4.7270,2.1704,2.1779,5.8619
2024-09-02,6.0100,4.7193,2.1457,2.1994,5.4604
2024-09-03,5.8800,4.8210,2.1432,2.2494,4.7645
2024-09-04,5.8100,4.8776,2.1336,2.2861,4.2291
2024-09-05,5.7600,4.9189,2.1338,2.3052,4.0685
2024-09-06,5.7600,4.9189,2.1388,2.2998,4.1488
2024-09-09,5.6800,4.9949,2.1267,2.3487,3.7741
2024-09-10,5.7400,4.9440,2.1143,2.3384,3.8276
2024-09-11,5.5600,5.1001,2.1044,2.4235,3.2388
2024-09-12,5.6600,5.0122,2.0998,2.3870,3.4797
2024-09-13,5.6700,5.0035,2.0724,2.4144,3.3458
2024-09-18,5.7000,4.9778,2.0403,2.4397,3.1049
2024-09-19,5.7300,4.9524,2.0450,2.4217,3.2655
2024-09-20,5.7400,4.9440,2.0431,2.4199,3.3191
2024-09-23,5.8600,4.8370,2.0381,2.3733,3.5332
2024-09-24,6.1300,4.6217,2.0728,2.2297,5.0321
2024-09-25,6.2400,4.5423,2.0437,2.2226,5.1124
2024-09-26,6.5400,4.3324,2.0787,2.0842,9.2612
2024-09-27,6.4900,4.3715,2.1714,2.0132,12.5535
2024-09-30,6.8400,4.1470,2.1518,1.9272,16.7291
2024-10-08,7.0200,4.0343,2.1928,1.8398,20.2355
2024-10-09,6.4700,4.3812,2.1760,2.0134,12.5268
2024-10-10,6.6600,4.2529,2.1441,1.9835,13.8919
2024-10-11,6.5500,4.3225,2.1392,2.0206,12.2591
2024-10-14,6.7200,4.2159,2.1368,1.9730,14.4004
2024-10-15,6.5300,4.3354,2.1254,2.0398,11.2687
2024-10-16,6.7300,4.2097,2.1331,1.9735,14.3737
2024-10-17,6.6100,4.2843,2.1084,2.0320,11.5899
2024-10-18,6.7000,4.2281,2.1209,1.9935,13.2227
2024-10-21,6.6000,4.2906,2.1211,2.0228,12.1520
2024-10-22,6.6000,4.2906,2.1458,1.9995,12.9818
2024-10-23,6.6100,4.2843,2.1559,1.9872,13.6242
2024-10-24,6.6100,4.2843,2.1661,1.9779,14.1595
2024-10-25,6.5600,4.3161,2.1539,2.0039,12.9015
2024-10-28,6.5100,4.3549,2.1617,2.0146,12.4732
2024-10-29,6.4900,4.3680,2.1598,2.0224,12.1788
2024-10-30,6.4000,4.4279,2.1597,2.0502,10.6531
2024-10-31,6.3600,4.4551,2.1476,2.0745,9.7163
2024-11-01,6.5000,4.3614,2.1406,2.0375,11.3758
2024-11-04,6.5200,4.3484,2.1275,2.0439,11.0278
2024-11-05,6.5600,4.2995,2.1106,2.0371,11.4026
2024-11-06,6.5100,4.3382,2.1234,2.0430,11.0546
2024-11-07,6.6900,4.2180,2.1115,1.9976,13.0621
2024-11-08,6.5700,4.2931,2.1067,2.0378,11.3490
2024-11-11,6.4300,4.3909,2.0920,2.0989,8.5653
2024-11-12,6.3800,4.4244,2.0729,2.1344,7.0128
2024-11-13,6.4400,4.3842,2.0876,2.1001,8.4047
2024-11-14,6.4600,4.3710,2.0808,2.1006,8.3512
2024-11-15,6.4000,4.4109,2.0948,2.1056,8.2173
2024-11-18,6.5700,4.2931,2.1117,2.0330,11.5364
2024-11-19,6.6300,4.2553,2.0947,2.0315,11.6702
2024-11-20,6.5500,4.3059,2.1025,2.0480,10.8137
2024-11-21,6.5900,4.2804,2.0843,2.0536,10.4925
2024-11-22,6.4400,4.3842,2.0832,2.1046,8.2709
2024-11-25,6.4700,4.3644,2.0682,2.1102,8.0032
2024-11-26,6.5400,4.3123,2.0657,2.0876,9.1274
2024-11-27,6.6800,4.2242,2.0553,2.0553,10.3854
2024-11-28,6.6700,4.2304,2.0304,2.0835,9.2880
2024-11-29,6.6200,4.2615,2.0206,2.1090,8.0567
2024-12-02,6.6300,4.2052,1.9810,2.1228,7.3876
2024-12-03,6.8100,4.0967,1.9886,2.0601,10.2248
2024-12-04,6.9800,3.9937,1.9612,2.0364,11.4561
2024-12-05,7.0500,3.9551,1.9462,2.0322,11.5632
2024-12-06,7.0800,3.9387,1.9539,2.0158,12.4197
2024-12-09,7.1100,3.9225,1.9168,2.0464,10.8940
2024-12-10,7.1300,3.9118,1.8468,2.1182,7.6017
2024-12-11,6.9400,4.1204,1.8218,2.2617,4.5771
2024-12-12,6.9300,4.1263,1.8172,2.2707,4.4968
2024-12-13,6.8300,4.1867,1.7771,2.3559,3.6403
2024-12-16,6.8600,4.1684,1.7215,2.4214,3.2923
2024-12-17,6.8100,4.1990,1.7237,2.4360,3.1317
2024-12-18,6.9200,4.1323,1.7564,2.3527,3.7206
2024-12-19,6.7700,4.2238,1.7417,2.4251,3.2120
2024-12-20,6.7200,4.2552,1.7018,2.5004,3.0246
2024-12-23,6.8400,4.1806,1.7019,2.4564,3.0514
2024-12-24,6.9500,4.1144,1.7166,2.3968,3.4261
2024-12-25,7.0100,4.0792,1.7365,2.3491,3.7473
2024-12-26,6.9400,4.1204,1.7122,2.4065,3.3726
2024-12-27,6.9400,4.1204,1.6929,2.4339,3.1585
2024-12-30,7.0600,4.0503,1.7128,2.3647,3.6135
2024-12-31,6.9800,4.0967,1.6752,2.4455,3.0782
2025-01-02,6.7800,7.4107,1.6077,4.6095,0.2677
2025-01-03,6.7900,7.3438,1.6041,4.5781,0.3480
2025-01-06,6.7900,7.3438,1.5966,4.5996,0.2944
2025-01-07,6.7900,7.3438,1.6093,4.5634,0.4015
2025-01-08,6.8500,7.2795,1.6069,4.5302,0.5086
2025-01-09,6.7700,7.3655,1.6368,4.4999,0.6692
2025-01-10,6.7500,7.3873,1.6338,4.5215,0.5889
2025-01-13,6.6300,7.5210,1.6592,4.5329,0.4818
2025-01-14,6.7000,7.4424,1.6446,4.5254,0.5353
2025-01-15,6.7500,7.3873,1.6330,4.5238,0.5621
2025-01-16,6.7500,7.3873,1.6394,4.5061,0.6424
2025-01-17,6.6600,7.4871,1.6593,4.5122,0.6156
2025-01-20,6.6200,7.5324,1.6747,4.4978,0.6959
2025-01-21,6.6500,7.4984,1.6496,4.5456,0.4283
2025-01-22,6.5000,7.6714,1.6602,4.6208,0.2141
2025-01-23,6.6000,7.5552,1.6645,4.5390,0.4550
2025-01-24,6.5300,7.6362,1.6565,4.6098,0.2409
2025-01-27,6.6400,7.4568,1.6299,4.5750,0.3747
2025-02-05,6.5500,7.5593,1.6207,4.6642,0.1874
2025-02-06,6.5400,7.5648,1.5958,4.7404,0.0268
2025-02-07,6.5100,7.5996,1.6032,4.7403,0.0535
2025-02-10,6.4700,7.6466,1.6342,4.6791,0.1606
2025-02-11,6.4800,7.6348,1.6274,4.6914,0.1338
2025-02-12,6.4200,7.7062,1.6336,4.7173,0.0803
2025-02-13,6.4500,7.6703,1.6346,4.6925,0.1071
2025-02-14,6.4700,7.5888,1.6546,4.5865,0.3212
2025-02-17,6.5700,7.4733,1.6934,4.4132,0.7495
2025-02-18,6.7000,7.3283,1.7006,4.3092,0.8833
2025-02-19,6.6600,7.3723,1.6626,4.4342,0.7227
2025-02-20,6.6400,7.3945,1.6850,4.3884,0.7762
2025-02-21,6.6200,7.4168,1.7200,4.3121,0.8565
2025-02-24,6.5500,7.4961,1.7625,4.2531,0.9368
2025-02-25,6.4800,7.5771,1.7275,4.3862,0.8030
2025-02-26,6.5000,7.5538,1.7251,4.3788,0.8298
2025-02-27,6.6900,7.2517,1.7576,4.1259,1.2045
2025-02-28,6.9000,7.0310,1.7152,4.0992,1.2580
2025-03-03,6.8500,7.0631,1.6955,4.1658,1.0439
2025-03-04,6.8000,7.1150,1.7079,4.1659,1.0171
2025-03-05,6.9900,6.9152,1.7083,4.0480,1.3383
2025-03-06,6.9000,7.0054,1.7455,4.0134,1.4722
2025-03-07,7.0000,6.9053,1.8002,3.8359,1.7398
2025-03-10,7.0100,6.8955,1.8128,3.8038,1.8201
2025-03-11,7.0700,6.8370,1.8853,3.6265,2.4090
2025-03-12,7.0500,6.8564,1.8334,3.7397,2.0610
2025-03-13,7.1700,6.7416,1.8565,3.6313,2.3822
2025-03-14,7.1700,6.7416,1.8317,3.6805,2.2216
2025-03-17,7.2700,6.6489,1.8957,3.5074,2.5964
2025-03-18,7.3000,6.6216,1.8885,3.5063,2.6231
2025-03-19,7.4400,6.4970,1.8708,3.4728,2.8105
2025-03-20,7.4300,6.5057,1.8309,3.5533,2.5161
2025-03-21,7.2100,6.7042,1.8458,3.6321,2.3555
2025-03-24,7.3400,6.5855,1.8413,3.5765,2.4625
2025-03-25,7.2800,6.6398,1.8183,3.6517,2.3019
2025-03-26,7.2500,6.6672,1.7943,3.7158,2.1681
2025-03-27,7.2500,6.6672,1.8062,3.6913,2.1949
2025-03-28,7.1100,6.7985,1.8126,3.7507,2.0075
2025-03-31,7.1100,6.7985,1.8129,3.7501,2.0343
2025-04-01,7.1100,6.7985,1.8104,3.7552,1.9807
2025-04-02,7.1700,6.7416,1.7887,3.7690,1.9540
2025-04-03,7.2200,6.6949,1.7180,3.8969,1.6863
2025-04-07,6.8900,7.0156,1.6318,4.2993,0.9101
2025-04-08,6.9900,6.9152,1.6633,4.1575,1.0707
2025-04-09,6.9200,6.9852,1.6508,4.2314,0.9636
2025-04-10,7.0200,6.8857,1.6444,4.1874,0.9904
2025-04-11,7.0200,6.8857,1.6568,4.1560,1.0974
2025-04-14,7.0900,6.8177,1.6584,4.1110,1.2313
2025-04-15,7.2200,6.6949,1.6583,4.0372,1.4186
2025-04-16,7.3500,6.5765,1.6430,4.0027,1.4989
2025-04-17,7.4100,6.5233,1.6522,3.9483,1.6595
2025-04-18,7.4000,6.5321,1.6493,3.9605,1.6060
2025-04-21,7.3200,6.6035,1.6664,3.9627,1.5792
2025-04-22,7.2700,6.6489,1.6509,4.0274,1.4454
2025-04-23,7.2000,6.7135,1.6611,4.0416,1.3919
2025-04-24,7.2600,6.6581,1.6640,4.0013,1.5257
2025-04-25,7.2000,6.7135,1.6606,4.0428,1.3651
2025-04-28,7.3500,6.5765,1.6483,3.9899,1.5525
2025-04-29,7.2000,6.7135,1.6241,4.1337,1.1510
2025-04-30,7.2100,6.7042,1.6243,4.1274,1.1777
2025-05-06,7.1400,6.7700,1.6298,4.1539,1.1242
2025-05-07,7.2300,6.6857,1.6418,4.0722,1.2848
2025-05-08,7.3000,6.6216,1.6331,4.0546,1.3116
2025-05-09,7.4700,6.4709,1.6351,3.9575,1.6328
2025-05-12,7.4500,6.4882,1.6880,3.8437,1.7131
2025-05-13,7.6300,6.3352,1.6704,3.7926,1.8469
2025-05-14,7.6500,6.3186,1.6736,3.7755,1.9272
2025-05-15,7.6200,6.3435,1.6798,3.7763,1.9004
2025-05-16,7.5300,6.4193,1.6793,3.8226,1.7666
2025-05-19,7.5100,6.4364,1.6893,3.8101,1.7934
2025-05-20,7.5100,6.4364,1.7004,3.7852,1.8737
2025-05-21,7.6000,6.3602,1.7100,3.7194,2.1413
2025-05-22,7.8900,6.1264,1.7186,3.5648,2.4893
2025-05-23,7.8000,6.1971,1.7208,3.6013,2.4358
2025-05-26,7.6400,6.3269,1.7201,3.6782,2.2484
2025-05-27,7.6600,6.3104,1.7261,3.6559,2.2752
2025-05-28,7.7200,6.2613,1.6832,3.7199,2.1146
2025-05-29,7.6800,6.2939,1.6877,3.7293,2.0878
2025-05-30,7.9600,6.0725,1.6712,3.6336,2.3287
2025-06-03,8.2300,5.8733,1.6764,3.5035,2.6767
2025-06-04,8.3600,5.7820,1.6704,3.4614,2.8908
2025-06-05,8.3300,5.8028,1.6741,3.4662,2.8640
2025-06-06,8.4100,5.7476,1.6547,3.4735,2.7837
2025-06-09,8.4100,5.7476,1.6559,3.4710,2.8373
2025-06-10,8.3400,5.7959,1.6569,3.4980,2.7034
2025-06-11,8.4000,5.7545,1.6420,3.5046,2.6499
2025-06-12,8.3600,5.7820,1.6475,3.5096,2.5696
2025-06-13,8.3400,5.7959,1.6440,3.5255,2.5428
2025-06-16,8.4300,5.7340,1.6432,3.4895,2.7302
2025-06-17,8.5000,5.6868,1.6364,3.4752,2.7570
2025-06-18,8.6500,5.5881,1.6384,3.4107,2.9176
2025-06-19,8.7800,5.5054,1.6425,3.3518,2.9979
2025-06-20,8.7000,5.5560,1.6396,3.3886,2.9443
2025-06-23,8.6900,5.5624,1.6418,3.3880,2.9711
