交易日期,开盘价(元),最高价(元),最低价(元),收盘价(元),涨跌(元),涨跌幅(%),成交量(手),成交额(千元),收盘价(前复权)(元),收盘价(后复权)(元),换手率(%),换手率(自由流通)(%),量比,PE市盈率,PE市盈率(TTM),PB市净率,PS市销率,PS市销率(TTM),总股本(万股),流通股本(万股),自由流通股本(万股),总市值(万元),流通市值(万元),股息率(Tushare)(%),"股息率(TTM,Tushare)(%)",股息率(%)
2017-04-27,23.9000,28.6800,23.9000,28.6800,,,252.3000,722.8790,9.2100,28.6800,0.0328,0.0328,,32.1201,30.6094,4.2865,4.7228,4.5324,47785.0000,7685.0000,7685.0000,1370473.8000,220405.8000,,,2.5105
2017-04-28,31.5500,31.5500,31.5500,31.5500,2.8700,10.0100,98.9900,312.3130,10.1300,31.5500,0.0129,0.0129,,35.3344,33.6725,4.7155,5.1955,4.9859,47785.0000,7685.0000,7685.0000,1507616.7500,242461.7500,,,1.9017
2017-05-02,34.7100,34.7100,34.7100,34.7100,3.1600,10.0200,154.4000,535.9220,11.1500,34.7100,0.0201,0.0201,,38.8734,37.0450,5.1878,5.7158,5.4853,47785.0000,7685.0000,7685.0000,1658617.3500,266746.3500,,,1.7286
2017-05-03,38.1800,38.1800,38.1800,38.1800,3.4700,10.0000,179.2100,684.2230,12.2600,38.1800,0.0233,0.0233,,42.7596,40.7485,5.7064,6.2872,6.0337,47785.0000,7685.0000,7685.0000,1824431.3000,293413.3000,,,1.5715
2017-05-04,42.0000,42.0000,42.0000,42.0000,3.8200,10.0100,1095.1200,4599.5040,13.4900,42.0000,0.1425,0.1425,,47.0379,44.8255,6.2774,6.9163,6.6374,47785.0000,7685.0000,7685.0000,2006970.0000,322770.0000,,,1.4286
2017-05-05,46.0900,46.0900,43.3800,44.6100,2.6100,6.2100,322804.3600,1446952.9790,14.3300,44.6100,42.0045,42.0045,906.7400,49.9609,47.6110,6.6675,7.3461,7.0498,47785.0000,7685.0000,7685.0000,2131688.8500,342827.8500,,,1.3018
2017-05-08,43.0000,43.0000,40.1500,40.1600,-4.4500,-9.9800,197886.3800,818171.8850,12.9000,40.1600,25.7497,25.7497,3.0500,44.9771,42.8617,6.0024,6.6133,6.3466,47785.0000,7685.0000,7685.0000,1919045.6000,308629.6000,,,1.3953
2017-05-09,39.0000,41.6000,38.1800,40.1000,-0.0600,-0.1500,143681.0800,576453.0890,12.8800,40.1000,18.6963,18.6963,1.3800,44.9099,42.7976,5.9934,6.6034,6.3371,47785.0000,7685.0000,7685.0000,1916178.5000,308168.5000,,,1.5385
2017-05-10,39.8100,40.6500,37.4900,37.6500,-2.4500,-6.1100,152884.0300,592856.8180,12.0900,37.6500,19.8938,19.8938,1.1500,42.1661,40.1828,5.6272,6.2000,5.9499,47785.0000,7685.0000,7685.0000,1799105.2500,289340.2500,,,1.5072
2017-05-11,37.7000,37.7000,35.6800,37.2300,-0.4200,-1.1200,111255.7300,408511.2750,11.9600,37.2300,14.4770,14.4770,0.6800,41.6957,39.7346,5.5644,6.1308,5.8836,47785.0000,7685.0000,7685.0000,1779035.5500,286112.5500,,,1.5915
2017-05-12,37.2300,37.7700,36.1600,36.9500,-0.2800,-0.7500,95468.8800,352774.7430,11.8700,36.9500,12.4228,12.4228,0.5100,41.3821,39.4357,5.5226,6.0847,5.8393,47785.0000,7685.0000,7685.0000,1765655.7500,283960.7500,,,1.6116
2017-05-15,36.8200,40.5600,36.5000,39.2200,2.2700,6.1400,167975.3400,645689.8260,12.6000,39.2200,21.8576,21.8576,1.2000,43.9244,41.8584,5.8619,6.4585,6.1980,47785.0000,7685.0000,7685.0000,1874127.7000,301405.7000,,,1.6295
2017-05-16,38.3300,39.3400,38.0300,39.0300,-0.1900,-0.4800,120065.8700,465107.1240,12.5300,39.0300,15.6234,15.6234,0.8900,43.7116,41.6557,5.8335,6.4272,6.1680,47785.0000,7685.0000,7685.0000,1865048.5500,299945.5500,,,1.5654
2017-05-17,39.0400,39.7000,38.4000,38.5300,-0.5000,-1.2800,106320.4400,414405.7720,12.3700,38.5300,13.8348,13.8348,0.8200,43.1516,41.1220,5.7587,6.3449,6.0890,47785.0000,7685.0000,7685.0000,1841156.0500,296103.0500,,,1.5369
2017-05-18,38.5300,39.4900,36.6000,36.8400,-1.6900,-4.3900,106893.1100,406776.9610,11.8300,36.8400,13.9093,13.9093,0.8900,41.2589,39.3183,5.5061,6.0666,5.8219,47785.0000,7685.0000,7685.0000,1760399.4000,283115.4000,,,1.5572
2017-05-19,36.3800,36.6000,35.5200,35.7300,-1.1100,-3.0100,82188.6500,295714.0850,11.4800,35.7300,10.6947,10.6947,0.6900,40.0158,38.1337,5.3402,5.8838,5.6465,47785.0000,7685.0000,7685.0000,1707358.0500,274585.0500,,,1.6493
2017-05-22,35.6300,35.6300,33.4600,33.5200,-2.2100,-6.1900,88531.2900,304989.1620,10.7700,33.5200,11.5200,11.5200,0.7600,37.5407,35.7750,5.0099,5.5199,5.2973,47785.0000,7685.0000,7685.0000,1601753.2000,257601.2000,,,1.6840
2017-05-23,33.5300,33.8600,32.3500,32.4200,-1.1000,-3.2800,70224.5300,231920.3630,10.4100,32.4200,9.1379,9.1379,0.7000,36.3087,34.6010,4.8455,5.3387,5.1234,47785.0000,7685.0000,7685.0000,1549189.7000,249147.7000,,,1.7894
2017-05-24,32.2500,32.9500,31.4200,32.7800,0.3600,1.1100,56482.8500,183215.3880,10.5300,32.7800,7.3498,7.3498,0.6200,36.7119,34.9852,4.8993,5.3980,5.1803,47785.0000,7685.0000,7685.0000,1566392.3000,251914.3000,,,1.8605
2017-05-25,32.6900,33.1900,31.8900,32.7500,-0.0300,-0.0900,62120.0600,202476.1930,10.5200,32.7500,8.0833,8.0833,0.7700,36.6783,34.9532,4.8948,5.3931,5.1756,47785.0000,7685.0000,7685.0000,1564958.7500,251683.7500,,,1.8354
2017-05-26,32.8800,33.7900,32.4100,33.2900,0.5400,1.6500,73075.4100,241959.9720,10.6900,33.2900,9.5088,9.5088,1.0200,37.2831,35.5295,4.9756,5.4820,5.2609,47785.0000,7685.0000,7685.0000,1590762.6500,255833.6500,,,1.8248
2017-05-31,34.6000,34.6700,32.8000,32.9200,-0.3700,-1.1100,72060.6100,244695.5150,10.5700,32.9200,9.3768,9.3768,1.0300,36.8687,35.1346,4.9203,5.4211,5.2024,47785.0000,7685.0000,7685.0000,1573082.2000,252990.2000,,,1.7341
2017-06-01,32.4100,32.4100,30.4600,30.4800,-2.4400,-7.4100,77674.6400,244254.6920,9.7900,30.4800,10.1073,10.1073,1.1600,34.1360,32.5305,4.5556,5.0193,4.8168,47785.0000,7685.0000,7685.0000,1456486.8000,234238.8000,,,1.8513
2017-06-02,30.2800,31.4600,30.0100,31.1700,0.6900,2.2600,47702.8700,146787.2480,10.0100,31.1700,6.2073,6.2073,0.7000,34.9088,33.2669,4.6587,5.1329,4.9259,47785.0000,7685.0000,7685.0000,1489458.4500,239541.4500,,,1.9815
2017-06-05,31.7000,31.9400,31.2400,31.2800,0.1100,0.3500,41959.6900,132217.3790,10.0500,31.2800,5.4599,5.4599,0.6300,35.0320,33.3843,4.6751,5.1510,4.9433,47785.0000,7685.0000,7685.0000,1494714.8000,240386.8000,,,1.8927
2017-06-06,31.3000,31.5700,31.0100,31.3500,0.0700,0.2200,30142.8100,94416.8540,10.0700,31.3500,3.9223,3.9223,0.4800,35.1104,33.4590,4.6856,5.1625,4.9543,47785.0000,7685.0000,7685.0000,1498059.7500,240924.7500,,,1.9169
2017-06-07,31.4900,32.3700,31.4100,32.2700,0.9200,2.9300,61004.2800,194994.3050,10.3600,32.2700,7.9381,7.9381,1.1300,36.1407,34.4409,4.8231,5.3140,5.0997,47785.0000,7685.0000,7685.0000,1542021.9500,247994.9500,,,1.9054
2017-06-08,32.2600,32.4200,31.4500,31.6800,-0.5900,-1.8300,55867.4100,178079.8400,10.1700,31.6800,7.2697,7.2697,1.0800,35.4800,33.8112,4.7349,5.2169,5.0065,47785.0000,7685.0000,7685.0000,1513828.8000,243460.8000,,,1.8599
2017-06-09,31.5300,31.7800,31.2400,31.5100,-0.1700,-0.5400,30096.0300,94688.9070,10.1200,31.5100,3.9162,3.9162,0.6400,35.2896,33.6298,4.7095,5.1889,4.9796,47785.0000,7685.0000,7685.0000,1505705.3500,242154.3500,,,1.9029
2017-06-12,31.1400,31.1400,30.2400,30.3300,-1.1800,-3.7400,41557.3500,127585.4940,9.7400,30.3300,5.4076,5.4076,0.9500,33.9680,32.3704,4.5332,4.9945,4.7931,47785.0000,7685.0000,7685.0000,1449319.0500,233086.0500,,,1.9268
2017-06-13,30.3000,31.1200,30.2500,30.9300,0.6000,1.9800,33470.0100,103130.1270,9.9300,30.9300,4.3552,4.3552,0.7700,34.6400,33.0107,4.6228,5.0934,4.8880,47785.0000,7685.0000,7685.0000,1477990.0500,237697.0500,,,1.9802
2017-06-14,30.8100,31.2700,30.5800,31.0300,0.1000,0.3200,36873.5500,113924.2180,9.9700,31.0300,4.7981,4.7981,0.8300,34.7520,33.1175,4.6378,5.1098,4.9038,47785.0000,7685.0000,7685.0000,1482768.5500,238465.5500,,,1.9474
2017-06-15,30.8300,31.7800,30.8100,31.5000,0.4700,1.5100,54212.2800,170550.9210,10.1200,31.5000,7.0543,7.0543,1.3700,35.2784,33.6191,4.7080,5.1872,4.9780,47785.0000,7685.0000,7685.0000,1505227.5000,242077.5000,,,1.9462
2017-06-16,31.3600,31.4800,31.0100,31.1200,-0.3800,-1.2100,35014.4600,109105.1160,9.9900,31.1200,4.5562,4.5562,0.8900,34.8528,33.2135,4.6512,5.1246,4.9180,47785.0000,7685.0000,7685.0000,1487069.2000,239157.2000,,,1.9133
2017-06-19,31.1000,31.4000,31.0700,31.3600,0.2400,0.7700,23980.4400,74963.4610,10.0700,31.3600,3.1204,3.1204,0.6000,35.1216,33.4697,4.6871,5.1642,4.9559,47785.0000,7685.0000,7685.0000,1498537.6000,241001.6000,,,1.9293
2017-06-20,31.3700,31.9600,31.3700,31.5800,0.2200,0.7000,45615.8400,144686.2030,10.1400,31.5800,5.9357,5.9357,1.2400,35.3680,33.7045,4.7200,5.2004,4.9907,47785.0000,7685.0000,7685.0000,1509050.3000,242692.3000,,,1.9127
2017-06-21,31.6000,31.7300,31.1000,31.4100,-0.1700,-0.5400,28318.7700,88683.7290,10.0900,31.4100,3.6849,3.6849,0.7200,35.1776,33.5230,4.6946,5.1724,4.9638,47785.0000,7685.0000,7685.0000,1500926.8500,241385.8500,,,1.8987
2017-06-22,31.3700,31.4600,30.7200,30.7600,-0.6500,-2.0700,31527.3900,98279.0040,9.8800,30.7600,4.1025,4.1025,0.8400,34.4496,32.8293,4.5974,5.0654,4.8611,47785.0000,7685.0000,7685.0000,1469866.6000,236390.6000,,,1.9127
2017-06-23,30.6000,30.8500,30.0100,30.4100,-0.3500,-1.1400,36024.3100,109405.7200,9.7700,30.4100,4.6876,4.6876,1.1000,34.0576,32.4558,4.5451,5.0077,4.8058,47785.0000,7685.0000,7685.0000,1453141.8500,233700.8500,,,1.9608
2017-06-26,30.2500,30.7900,30.2500,30.7400,0.3300,1.0900,25682.0900,78484.1000,9.8700,30.7400,3.3418,3.3418,0.7800,34.4272,32.8080,4.5944,5.0621,4.8579,47785.0000,7685.0000,7685.0000,1468910.9000,236236.9000,,,1.9835
2017-06-27,30.6200,30.9600,30.4000,30.6600,-0.0800,-0.2600,26249.5200,80523.0370,9.8500,30.6600,3.4157,3.4157,0.7900,34.3376,32.7226,4.5825,5.0489,4.8453,47785.0000,7685.0000,7685.0000,1465088.1000,235622.1000,,,1.9595
2017-06-28,30.5100,30.5800,30.2000,30.2600,-0.4000,-1.3000,22019.9300,66751.1010,9.7200,30.2600,2.8653,2.8653,0.7400,33.8897,32.2957,4.5227,4.9830,4.7821,47785.0000,7685.0000,7685.0000,1445974.1000,232548.1000,,,1.9666
2017-06-29,30.3000,30.6500,30.2600,30.5200,0.2600,0.8600,20140.6200,61387.1380,9.8000,30.5200,2.6208,2.6208,0.7100,34.1808,32.5732,4.5616,5.0258,4.8232,47785.0000,7685.0000,7685.0000,1458398.2000,234546.2000,,,1.9802
2017-06-30,30.3800,30.9500,30.2000,30.8800,0.3600,1.1800,36471.8800,111832.6660,9.9200,30.8800,4.7459,4.7459,1.4000,34.5840,32.9574,4.6154,5.0851,4.8801,47785.0000,7685.0000,7685.0000,1475600.8000,237312.8000,,,1.9750
2017-07-03,30.8800,31.0500,30.6600,30.9800,0.1000,0.3200,25855.0500,79866.5720,9.9500,30.9800,3.3644,3.3644,0.9900,34.6960,33.0641,4.6303,5.1016,4.8959,47785.0000,7685.0000,7685.0000,1480379.3000,238081.3000,,,1.9430
2017-07-04,30.9700,31.4200,30.9200,31.2000,0.2200,0.7100,38394.9900,119712.6190,10.0200,31.2000,4.9961,4.9961,1.4700,34.9424,33.2989,4.6632,5.1378,4.9306,47785.0000,7685.0000,7685.0000,1490892.0000,239772.0000,,,1.9374
2017-07-05,31.2100,31.4700,31.1000,31.4100,0.2100,0.6700,40763.7200,127684.7750,10.0900,31.4100,5.3043,5.3043,1.4300,35.1776,33.5230,4.6946,5.1724,4.9638,47785.0000,7685.0000,7685.0000,1500926.8500,241385.8500,,,1.9225
2017-07-06,31.5200,31.5800,31.0200,31.2100,-0.2000,-0.6400,39138.0500,122304.0500,10.0200,31.2100,5.0928,5.0928,1.2100,34.9536,33.3096,4.6647,5.1395,4.9322,47785.0000,7685.0000,7685.0000,1491369.8500,239848.8500,,,1.9036
2017-07-07,31.2100,31.9700,31.2100,31.8100,0.6000,1.9200,57766.4100,183107.5910,10.2200,31.8100,7.5168,7.5168,1.6000,35.6256,33.9499,4.7544,5.2383,5.0270,47785.0000,7685.0000,7685.0000,1520040.8500,244459.8500,,,1.9225
2017-07-10,31.5400,31.5500,30.5200,30.6400,-1.1700,-3.6800,53574.3100,166457.1590,9.8400,30.6400,6.9713,6.9713,1.3300,34.3152,32.7012,4.5795,5.0456,4.8421,47785.0000,7685.0000,7685.0000,1464132.4000,235468.4000,,,1.9023
2017-07-11,30.5800,30.9600,30.3400,30.3500,-0.2900,-0.9500,27356.6000,83788.7120,9.7500,30.3500,3.5597,3.5597,0.6000,33.9904,32.3917,4.5361,4.9978,4.7963,47785.0000,7685.0000,7685.0000,1450274.7500,233239.7500,,,1.9621
2017-07-12,30.6600,30.9700,30.1400,30.9300,0.5800,1.9100,28766.1200,87938.5850,9.9300,30.9300,3.7432,3.7432,0.6600,34.6400,33.0107,4.6228,5.0934,4.8880,47785.0000,7685.0000,7685.0000,1477990.0500,237697.0500,,,1.9569
2017-07-13,30.9200,30.9300,30.6400,30.8100,-0.1200,-0.3900,17879.8600,55020.4800,9.8900,30.8100,2.3266,2.3266,0.4300,34.5056,32.8827,4.6049,5.0736,4.8690,47785.0000,7685.0000,7685.0000,1472255.8500,236774.8500,,,1.9405
2017-07-14,30.7400,30.9500,30.5300,30.7200,-0.0900,-0.2900,15883.8100,48794.7940,9.8700,30.7200,2.0669,2.0669,0.4300,34.4048,32.7866,4.5914,5.0588,4.8548,47785.0000,7685.0000,7685.0000,1467955.2000,236083.2000,,,1.9519
2017-07-17,30.5100,30.6400,27.8000,28.5400,-2.1800,-7.1000,42468.9800,123398.7780,9.1700,28.5400,5.5262,5.5262,1.4800,31.9633,30.4600,4.2656,4.6998,4.5103,47785.0000,7685.0000,7685.0000,1363783.9000,219329.9000,,,1.9666
2017-07-18,28.5400,29.0900,28.4000,29.0000,0.4600,1.6100,25322.6200,72897.8740,9.3100,29.0000,3.2951,3.2951,0.9600,32.4785,30.9509,4.3344,4.7755,4.5830,47785.0000,7685.0000,7685.0000,1385765.0000,222865.0000,,,2.1023
2017-07-19,28.3800,28.5000,28.0000,28.4600,-0.5400,-1.8600,28449.0900,80474.5830,9.3300,29.0600,3.7019,3.7019,1.0900,31.8737,30.3746,4.6727,4.6866,4.4976,47785.0000,7685.0000,7685.0000,1359961.1000,218715.1000,,2.1082,2.1142
2017-07-20,28.3600,28.7000,28.0000,28.2000,-0.2600,-0.9100,29417.8500,83505.1040,9.2500,28.7900,3.8280,3.8280,1.1300,31.5826,30.0971,4.6300,4.6438,4.4565,47785.0000,7685.0000,7685.0000,1347537.0000,216717.0000,,2.1277,2.1157
2017-07-21,28.2000,28.2600,27.7600,27.8500,-0.3500,-1.2400,30337.4900,84865.6350,9.1300,28.4300,3.9476,3.9476,1.0700,31.1906,29.7235,4.5725,4.5862,4.4012,47785.0000,7685.0000,7685.0000,1330812.2500,214027.2500,,2.1544,2.1277
2017-07-24,27.7000,27.9600,27.3500,27.8600,0.0100,0.0400,27912.3200,77101.2920,9.1400,28.4500,3.6321,3.6321,0.8900,31.2018,29.7342,4.5742,4.5878,4.4028,47785.0000,7685.0000,7685.0000,1331290.1000,214104.1000,,2.1536,2.1661
2017-07-25,27.7800,27.8500,27.5300,27.6400,-0.2200,-0.7900,17691.3600,48960.6420,9.0600,28.2200,2.3021,2.3021,0.6300,30.9554,29.4994,4.5381,4.5516,4.3680,47785.0000,7685.0000,7685.0000,1320777.4000,212413.4000,,2.1708,2.1598
2017-07-26,27.5900,27.7600,27.3200,27.3700,-0.2700,-0.9800,20914.0200,57527.7530,8.9700,27.9400,2.7214,2.7214,0.7800,30.6530,29.2113,4.4937,4.5071,4.3254,47785.0000,7685.0000,7685.0000,1307875.4500,210338.4500,,2.1922,2.1747
2017-07-27,27.3900,28.1500,27.3400,28.1200,0.7500,2.7400,39113.0000,108958.8150,9.2200,28.7100,5.0895,5.0895,1.5500,31.4930,30.0117,4.6169,4.6306,4.4439,47785.0000,7685.0000,7685.0000,1343714.2000,216102.2000,,2.1337,2.1906
2017-07-28,28.1000,28.1000,27.8000,27.8300,-0.2900,-1.0300,18324.6500,51132.5650,9.1300,28.4100,2.3845,2.3845,0.6700,31.1682,29.7022,4.5693,4.5829,4.3981,47785.0000,7685.0000,7685.0000,1329856.5500,213873.5500,,2.1559,2.1352
2017-07-31,27.8100,28.1500,27.8100,27.9400,0.1100,0.4000,17580.8500,49206.5050,9.1600,28.5300,2.2877,2.2877,0.7100,31.2914,29.8196,4.5873,4.6010,4.4154,47785.0000,7685.0000,7685.0000,1335112.9000,214718.9000,,2.1475,2.1575
2017-08-01,27.8700,28.2000,27.6900,28.1300,0.1900,0.6800,30212.5900,84429.7870,9.2200,28.7200,3.9314,3.9314,1.3300,31.5042,30.0224,4.6185,4.6323,4.4455,47785.0000,7685.0000,7685.0000,1344192.0500,216179.0500,,2.1330,2.1529
2017-08-02,28.0200,28.1800,27.5000,27.5200,-0.6100,-2.1700,26247.3400,72915.2650,9.0200,28.1000,3.4154,3.4154,1.0400,30.8210,29.3713,4.5184,4.5318,4.3491,47785.0000,7685.0000,7685.0000,1315043.2000,211491.2000,,2.1802,2.1413
2017-08-03,27.5400,27.8600,27.4800,27.5700,0.0500,0.1800,18010.3200,49793.8410,9.0400,28.1500,2.3436,2.3436,0.6800,30.8770,29.4247,4.5266,4.5401,4.3570,47785.0000,7685.0000,7685.0000,1317432.4500,211875.4500,,2.1763,2.1786
2017-08-04,27.6700,27.8000,27.5000,27.5900,0.0200,0.0700,20611.4400,57006.9110,9.0500,28.1700,2.6820,2.6820,0.9300,30.8994,29.4461,4.5299,4.5433,4.3601,47785.0000,7685.0000,7685.0000,1318388.1500,212029.1500,,2.1747,2.1684
2017-08-07,27.5100,27.7600,27.4400,27.7400,0.1500,0.5400,17262.6700,47780.8020,9.1000,28.3200,2.2463,2.2463,0.7700,31.0674,29.6061,4.5545,4.5680,4.3838,47785.0000,7685.0000,7685.0000,1325555.9000,213181.9000,,2.1629,2.1810
2017-08-08,27.7400,27.7400,27.5100,27.6300,-0.1100,-0.4000,17537.1800,48425.1770,9.0600,28.2100,2.2820,2.2820,0.7800,30.9442,29.4887,4.5364,4.5499,4.3664,47785.0000,7685.0000,7685.0000,1320299.5500,212336.5500,,2.1716,2.1629
2017-08-09,27.5900,27.7300,27.5300,27.6300,0.0000,0.0000,17868.9400,49422.8100,9.0600,28.2100,2.3252,2.3252,0.9000,30.9442,29.4887,4.5364,4.5499,4.3664,47785.0000,7685.0000,7685.0000,1320299.5500,212336.5500,,2.1716,2.1747
2017-08-10,27.7100,27.9600,27.5100,27.6700,0.0400,0.1400,23641.4000,65666.8350,9.0700,28.2500,3.0763,3.0763,1.2900,30.9890,29.5314,4.5430,4.5565,4.3728,47785.0000,7685.0000,7685.0000,1322210.9500,212643.9500,,2.1684,2.1653
2017-08-11,27.6600,28.6600,27.5100,28.0300,0.3600,1.3000,57546.2900,162166.7920,9.1900,28.6200,7.4881,7.4881,2.9700,31.3922,29.9157,4.6021,4.6158,4.4297,47785.0000,7685.0000,7685.0000,1339413.5500,215410.5500,,2.1406,2.1692
2017-08-14,27.8200,28.2000,27.7700,28.1800,0.1500,0.5400,31411.2900,88085.8510,9.2400,28.7700,4.0874,4.0874,1.1700,31.5602,30.0757,4.6267,4.6405,4.4534,47785.0000,7685.0000,7685.0000,1346581.3000,216563.3000,,2.1292,2.1567
2017-08-15,28.1700,28.1700,27.9300,28.1200,-0.0600,-0.2100,25325.0300,71000.1280,9.2200,28.7100,3.2954,3.2954,0.8600,31.4930,30.0117,4.6169,4.6306,4.4439,47785.0000,7685.0000,7685.0000,1343714.2000,216102.2000,,2.1337,2.1299
2017-08-16,28.0800,28.3300,28.0100,28.2800,0.1600,0.5700,31610.6700,89183.9720,9.2700,28.8700,4.1133,4.1133,1.0100,31.6722,30.1825,4.6431,4.6570,4.4692,47785.0000,7685.0000,7685.0000,1351359.8000,217331.8000,,2.1216,2.1368
2017-08-17,28.3400,28.4300,28.2000,28.4200,0.1400,0.5000,28957.1400,82019.1070,9.3200,29.0200,3.7680,3.7680,0.8500,31.8289,30.3319,4.6661,4.6800,4.4913,47785.0000,7685.0000,7685.0000,1358049.7000,218407.7000,,2.1112,2.1171
2017-08-18,28.2700,28.4300,28.0900,28.1000,-0.3200,-1.1300,22516.3800,63560.0260,9.2100,28.6900,2.9299,2.9299,0.6400,31.4706,29.9904,4.6136,4.6273,4.4407,47785.0000,7685.0000,7685.0000,1342758.5000,215948.5000,,2.1352,2.1224
2017-08-21,28.2400,28.4000,28.0800,28.3200,0.2200,0.7800,21007.7000,59320.8380,9.2900,28.9100,2.7336,2.7336,0.7500,31.7170,30.2252,4.6497,4.6636,4.4755,47785.0000,7685.0000,7685.0000,1353271.2000,217639.2000,,2.1186,2.1246
2017-08-22,28.3300,28.6600,28.2000,28.5000,0.1800,0.6400,30496.5300,86803.6690,9.3500,29.1000,3.9683,3.9683,1.1800,31.9185,30.4173,4.6793,4.6932,4.5039,47785.0000,7685.0000,7685.0000,1361872.5000,219022.5000,,2.1053,2.1179
2017-08-23,28.5500,28.5600,28.1000,28.2400,-0.2600,-0.9100,22057.7500,62384.1560,9.2600,28.8300,2.8702,2.8702,0.8200,31.6274,30.1398,4.6366,4.6504,4.4628,47785.0000,7685.0000,7685.0000,1349448.4000,217024.4000,,2.1246,2.1016
2017-08-24,28.1800,28.2900,27.8700,27.9000,-0.3400,-1.2000,25664.4100,72090.9450,9.1500,28.4900,3.3395,3.3395,1.0300,31.2466,29.7769,4.5807,4.5944,4.4091,47785.0000,7685.0000,7685.0000,1333201.5000,214411.5000,,2.1505,2.1292
2017-08-25,27.9200,28.3400,27.9000,28.2900,0.3900,1.4000,27004.9400,76095.8830,9.2800,28.8800,3.5140,3.5140,1.1100,31.6834,30.1931,4.6448,4.6586,4.4707,47785.0000,7685.0000,7685.0000,1351837.6500,217408.6500,,2.1209,2.1490
2017-08-28,28.4200,29.6400,28.3900,29.2000,0.9100,3.2200,69783.0500,201978.0040,9.5700,29.8100,9.0804,9.0804,2.7600,32.7025,31.1644,4.7942,4.8085,4.6146,47785.0000,7685.0000,7685.0000,1395322.0000,224402.0000,,2.0548,2.1112
2017-08-29,29.3600,29.7800,29.0400,29.4900,0.2900,0.9900,71149.5600,209285.7930,9.6700,30.1100,9.2582,9.2582,2.0300,33.0273,31.4739,4.8418,4.8562,4.6604,47785.0000,7685.0000,7685.0000,1409179.6500,226630.6500,,2.0346,2.0436
2017-08-30,29.5900,29.5900,28.9000,29.0000,-0.4900,-1.6600,43695.7100,127483.4440,9.5100,29.6100,5.6858,5.6858,1.0100,32.4785,29.0684,4.5389,4.7755,4.2940,47785.0000,7685.0000,7685.0000,1385765.0000,222865.0000,,2.0690,2.0277
2017-08-31,29.0100,29.6500,28.9200,29.4500,0.4500,1.5500,46192.6500,135446.3660,9.6600,30.0700,6.0108,6.0108,0.9700,32.9825,29.5195,4.6093,4.8496,4.3606,47785.0000,7685.0000,7685.0000,1407268.2500,226323.2500,,2.0374,2.0683
2017-09-01,29.6500,29.6600,29.2100,29.4400,-0.0100,-0.0300,35747.7400,105090.5020,9.6500,30.0600,4.6516,4.6516,0.6900,32.9713,29.5094,4.6078,4.8480,4.3591,47785.0000,7685.0000,7685.0000,1406790.4000,226246.4000,,2.0380,2.0236
2017-09-04,29.4800,29.6300,29.2200,29.2700,-0.1700,-0.5800,29743.1600,87270.9230,9.6000,29.8800,3.8703,3.8703,0.5600,32.7809,29.3390,4.5811,4.8200,4.3340,47785.0000,7685.0000,7685.0000,1398666.9500,224939.9500,,2.0499,2.0353
2017-09-05,29.2800,29.4300,29.0700,29.1500,-0.1200,-0.4100,24252.4900,70709.1630,9.5600,29.7600,3.1558,3.1558,0.5400,32.6465,29.2188,4.5624,4.8002,4.3162,47785.0000,7685.0000,7685.0000,1392932.7500,224017.7500,,2.0583,2.0492
2017-09-06,29.2000,29.2900,28.9100,28.9900,-0.1600,-0.5500,25596.6400,74345.1170,9.5100,29.6000,3.3307,3.3307,0.7100,32.4673,29.0584,4.5373,4.7739,4.2925,47785.0000,7685.0000,7685.0000,1385287.1500,222788.1500,,2.0697,2.0548
2017-09-07,28.9300,29.1700,28.8400,28.9100,-0.0800,-0.2800,26435.8800,76670.9800,9.4800,29.5200,3.4399,3.4399,0.8200,32.3777,28.9782,4.5248,4.7607,4.2807,47785.0000,7685.0000,7685.0000,1381464.3500,222173.3500,,2.0754,2.0740
2017-09-08,29.0400,29.2800,28.8700,29.0400,0.1300,0.4500,28136.2200,81928.6220,9.5200,29.6500,3.6612,3.6612,0.9900,32.5233,29.1085,4.5451,4.7821,4.2999,47785.0000,7685.0000,7685.0000,1387676.4000,223172.4000,,2.0661,2.0661
2017-09-11,29.0900,29.4700,28.9300,29.4600,0.4200,1.4500,37258.8600,109040.3990,9.6600,30.0800,4.8483,4.8483,1.3900,32.9937,29.5295,4.6109,4.8513,4.3621,47785.0000,7685.0000,7685.0000,1407746.1000,226400.1000,,2.0367,2.0626
2017-09-12,29.4400,29.4400,28.9500,29.0000,-0.4600,-1.5600,33233.6200,96920.0520,9.5100,29.6100,4.3245,4.3245,1.1700,32.4785,29.0684,4.5389,4.7755,4.2940,47785.0000,7685.0000,7685.0000,1385765.0000,222865.0000,,2.0690,2.0380
2017-09-13,28.9500,29.2500,28.9000,29.2000,0.2000,0.6900,16823.2400,48956.1240,9.5700,29.8100,2.1891,2.1891,0.5600,32.7025,29.2689,4.5702,4.8085,4.3236,47785.0000,7685.0000,7685.0000,1395322.0000,224402.0000,,2.0548,2.0725
2017-09-14,29.1700,29.4500,29.0900,29.1600,-0.0400,-0.1400,27952.6400,81908.5460,9.5600,29.7700,3.6373,3.6373,0.9900,32.6577,29.2288,4.5639,4.8019,4.3177,47785.0000,7685.0000,7685.0000,1393410.6000,224094.6000,,2.0576,2.0569
2017-09-15,29.1200,29.1300,28.7200,28.7800,-0.3800,-1.3000,24213.4600,69838.2740,9.4400,29.3800,3.1507,3.1507,0.8400,32.2321,28.8479,4.5045,4.7393,4.2614,47785.0000,7685.0000,7685.0000,1375252.3000,221174.3000,,2.0848,2.0604
2017-09-18,28.7800,28.8900,28.7100,28.8200,0.0400,0.1400,13445.4700,38711.9160,9.4500,29.4300,1.7496,1.7496,0.4800,32.2769,28.8880,4.5107,4.7459,4.2673,47785.0000,7685.0000,7685.0000,1377163.7000,221481.7000,,2.0819,2.0848
2017-09-19,28.8200,28.8800,28.5500,28.6000,-0.2200,-0.7600,20392.0500,58581.1770,9.3800,29.2000,2.6535,2.6535,0.8800,32.0305,28.6675,4.4763,4.7097,4.2348,47785.0000,7685.0000,7685.0000,1366651.0000,219791.0000,,2.0979,2.0819
2017-09-20,28.5800,28.8100,28.5600,28.7600,0.1600,0.5600,15120.5600,43384.1870,9.4300,29.3600,1.9675,1.9675,0.7400,32.2097,28.8278,4.5013,4.7360,4.2584,47785.0000,7685.0000,7685.0000,1374296.6000,221020.6000,,2.0862,2.0994
2017-09-21,28.7200,29.1100,28.7000,28.8100,0.0500,0.1700,24510.5000,70846.1860,9.4500,29.4200,3.1894,3.1894,1.2100,32.2657,28.8780,4.5091,4.7442,4.2659,47785.0000,7685.0000,7685.0000,1376685.8500,221404.8500,,2.0826,2.0891
2017-09-22,28.7300,28.7500,28.5100,28.6000,-0.2100,-0.7300,19459.9800,55624.6280,9.3800,29.2000,2.5322,2.5322,1.0000,32.0305,28.6675,4.4763,4.7097,4.2348,47785.0000,7685.0000,7685.0000,1366651.0000,219791.0000,,2.0979,2.0884
2017-09-25,28.6000,28.9400,28.5200,28.5600,-0.0400,-0.1400,19501.1500,56025.0760,9.3600,29.1600,2.5376,2.5376,1.0500,31.9857,28.6274,4.4700,4.7031,4.2288,47785.0000,7685.0000,7685.0000,1364739.6000,219483.6000,,2.1008,2.0979
2017-09-26,28.6300,28.7200,28.1600,28.2800,-0.2800,-0.9800,21199.1000,60362.1740,9.2700,28.8700,2.7585,2.7585,1.0700,31.6722,28.3467,4.4262,4.6570,4.1874,47785.0000,7685.0000,7685.0000,1351359.8000,217331.8000,,2.1216,2.0957
2017-09-27,28.2500,28.4500,28.1600,28.3500,0.0700,0.2500,11780.3000,33404.6430,9.3000,28.9500,1.5329,1.5329,0.5900,31.7506,28.4169,4.4372,4.6685,4.1977,47785.0000,7685.0000,7685.0000,1354704.7500,217869.7500,,2.1164,2.1239
2017-09-28,28.4000,28.4000,28.2000,28.2100,-0.1400,-0.4900,13787.1500,39004.2480,9.2500,28.8000,1.7940,1.7940,0.7100,31.5938,28.2765,4.4152,4.6454,4.1770,47785.0000,7685.0000,7685.0000,1348014.8500,216793.8500,,2.1269,2.1127
2017-09-29,28.2600,28.4900,28.2300,28.4000,0.1900,0.6700,12756.3100,36185.7690,9.3100,29.0000,1.6599,1.6599,0.7400,31.8065,28.4670,4.4450,4.6767,4.2051,47785.0000,7685.0000,7685.0000,1357094.0000,218254.0000,,2.1127,2.1231
2017-10-09,28.5700,28.6700,28.4100,28.5000,0.1000,0.3500,18564.1000,53004.5720,9.3500,29.1000,2.4156,2.4156,1.1700,31.9185,28.5672,4.4606,4.6932,4.2199,47785.0000,7685.0000,7685.0000,1361872.5000,219022.5000,,2.1053,2.1001
2017-10-10,28.5200,28.9600,28.4800,28.9400,0.4400,1.5400,21712.0000,62439.6030,9.4900,29.5500,2.8252,2.8252,1.3900,32.4113,29.0083,4.5295,4.7657,4.2851,47785.0000,7685.0000,7685.0000,1382897.9000,222403.9000,,2.0733,2.1038
2017-10-11,28.9900,28.9900,28.6000,28.6600,-0.2800,-0.9700,20494.3000,58967.8640,9.4000,29.2600,2.6668,2.6668,1.3000,32.0977,28.7276,4.4857,4.7195,4.2436,47785.0000,7685.0000,7685.0000,1369518.1000,220252.1000,,2.0935,2.0697
2017-10-12,28.7100,28.7900,28.4400,28.5700,-0.0900,-0.3100,14844.9600,42481.8500,9.3700,29.1700,1.9317,1.9317,0.8500,31.9969,28.6374,4.4716,4.7047,4.2303,47785.0000,7685.0000,7685.0000,1365217.4500,219560.4500,,2.1001,2.0899
2017-10-13,28.6200,29.1200,28.5200,29.0200,0.4500,1.5800,30222.0400,87387.1140,9.5200,29.6300,3.9326,3.9326,1.7100,32.5009,29.0884,4.5420,4.7788,4.2969,47785.0000,7685.0000,7685.0000,1386720.7000,223018.7000,,2.0675,2.0964
2017-10-16,29.0100,29.0400,28.3600,28.4400,-0.5800,-2.0000,24433.7900,70003.1170,9.3300,29.0400,3.1794,3.1794,1.1500,31.8513,28.5071,4.4512,4.6833,4.2111,47785.0000,7685.0000,7685.0000,1359005.4000,218561.4000,,2.1097,2.0683
2017-10-17,28.4000,28.9800,28.2200,28.9100,0.4700,1.6500,29210.7300,83769.2080,9.4800,29.5200,3.8010,3.8010,1.3100,32.3777,28.9782,4.5248,4.7607,4.2807,47785.0000,7685.0000,7685.0000,1381464.3500,222173.3500,,2.0754,2.1127
2017-10-18,28.8700,28.9700,28.4200,28.4900,-0.4200,-1.4500,21515.0600,61844.0060,9.3400,29.0900,2.7996,2.7996,0.9000,31.9073,28.5572,4.4591,4.6916,4.2185,47785.0000,7685.0000,7685.0000,1361394.6500,218945.6500,,2.1060,2.0783
2017-10-19,28.4200,28.6000,28.1800,28.2500,-0.2400,-0.8400,18631.1800,52723.0020,9.2600,28.8400,2.4244,2.4244,0.7700,31.6386,28.3166,4.4215,4.6520,4.1829,47785.0000,7685.0000,7685.0000,1349926.2500,217101.2500,,2.1239,2.1112
2017-10-20,28.2600,28.4000,28.1800,28.3700,0.1200,0.4200,10195.7700,28867.8120,9.3000,28.9700,1.3267,1.3267,0.4100,31.7729,28.4369,4.4403,4.6718,4.2007,47785.0000,7685.0000,7685.0000,1355660.4500,218023.4500,,2.1149,2.1231
2017-10-23,28.3500,28.5300,28.2500,28.4800,0.1100,0.3900,12492.5400,35489.1070,9.3400,29.0800,1.6256,1.6256,0.6000,31.8961,28.5472,4.4575,4.6899,4.2170,47785.0000,7685.0000,7685.0000,1360916.8000,218868.8000,,2.1067,2.1164
2017-10-24,28.5100,28.5100,28.2000,28.3300,-0.1500,-0.5300,12239.2600,34673.5320,9.2900,28.9200,1.5926,1.5926,0.6600,31.7282,28.3968,4.4340,4.6652,4.1948,47785.0000,7685.0000,7685.0000,1353749.0500,217716.0500,,2.1179,2.1045
2017-10-25,28.2800,28.7700,28.2700,28.7700,0.4400,1.5500,25703.9500,73497.6280,9.4300,29.3700,3.3447,3.3447,1.7100,32.2209,28.8379,4.5029,4.7377,4.2599,47785.0000,7685.0000,7685.0000,1374774.4500,221097.4500,,2.0855,2.1216
2017-10-26,28.8000,28.8800,28.6600,28.8300,0.0600,0.2100,23661.8500,68038.3920,9.4500,29.4400,3.0790,3.0790,1.4900,32.2881,28.8980,4.5123,4.7475,4.2688,47785.0000,7685.0000,7685.0000,1377641.5500,221558.5500,,2.0812,2.0833
2017-10-27,29.1000,30.5900,29.1000,30.2700,1.4400,4.9900,156652.6500,473537.4160,9.9300,30.9100,20.3842,20.3842,9.2900,33.9009,28.2469,4.5124,4.9847,4.0984,47785.0000,7685.0000,7685.0000,1446451.9500,232624.9500,,1.9822,2.0619
2017-10-30,29.8300,31.8700,29.7500,31.1900,0.9200,3.0400,149012.5200,459008.3460,10.2300,31.8400,19.3900,19.3900,3.2300,34.9312,29.1055,4.6496,5.1362,4.2230,47785.0000,7685.0000,7685.0000,1490414.1500,239695.1500,,1.9237,2.0114
2017-10-31,30.9000,31.2900,30.6100,31.2000,0.0100,0.0300,75179.7800,232626.6730,10.2300,31.8600,9.7827,9.7827,1.0200,34.9424,29.1148,4.6511,5.1378,4.2243,47785.0000,7685.0000,7685.0000,1490892.0000,239772.0000,,1.9231,1.9417
2017-11-01,31.2000,31.6600,30.6800,30.8900,-0.3100,-0.9900,62601.6600,194396.2740,10.1300,31.5400,8.1460,8.1460,0.7300,34.5952,28.8255,4.6048,5.0868,4.1824,47785.0000,7685.0000,7685.0000,1476078.6500,237389.6500,,1.9424,1.9231
2017-11-02,30.7100,30.9400,30.0100,30.3100,-0.5800,-1.8800,60401.3800,183285.6660,9.9400,30.9500,7.8596,7.8596,0.6500,33.9457,28.2843,4.5184,4.9913,4.1038,47785.0000,7685.0000,7685.0000,1448363.3500,232932.3500,,1.9795,1.9538
2017-11-03,30.1700,30.5200,29.6800,30.0800,-0.2300,-0.7600,51074.1300,153875.3840,9.8600,30.7100,6.6460,6.6460,0.5100,33.6881,28.0696,4.4841,4.9534,4.0727,47785.0000,7685.0000,7685.0000,1437372.8000,231164.8000,,1.9947,1.9887
2017-11-06,30.0800,30.5300,29.9600,30.3900,0.3100,1.0300,39332.3100,119244.9880,9.9700,31.0300,5.1181,5.1181,0.4900,34.0352,28.3589,4.5303,5.0044,4.1147,47785.0000,7685.0000,7685.0000,1452186.1500,233547.1500,,1.9743,1.9947
2017-11-07,30.4000,30.4000,29.4100,29.7800,-0.6100,-2.0100,61158.2200,181815.9960,9.7700,30.4100,7.9581,7.9581,1.0600,33.3521,27.7897,4.4394,4.9040,4.0321,47785.0000,7685.0000,7685.0000,1423037.3000,228859.3000,,2.0148,1.9737
2017-11-08,29.7200,30.0800,29.6000,29.9400,0.1600,0.5400,38159.9900,113905.8160,9.8200,30.5700,4.9655,4.9655,0.6900,33.5313,27.9390,4.4632,4.9303,4.0537,47785.0000,7685.0000,7685.0000,1430682.9000,230088.9000,,2.0040,2.0188
2017-11-09,29.9900,29.9900,29.4600,29.8400,-0.1000,-0.3300,32799.6400,97379.0430,9.7800,30.4700,4.2680,4.2680,0.6600,33.4193,27.8457,4.4483,4.9139,4.0402,47785.0000,7685.0000,7685.0000,1425904.4000,229320.4000,,2.0107,2.0007
2017-11-10,29.8700,30.9300,29.6300,30.7500,0.9100,3.0500,68970.1300,210377.1390,10.0800,31.4000,8.9746,8.9746,1.5500,34.4384,28.6949,4.5840,5.0637,4.1634,47785.0000,7685.0000,7685.0000,1469388.7500,236313.7500,,1.9512,2.0087
2017-11-13,30.8100,30.9800,30.3100,30.5900,-0.1600,-0.5200,41598.9500,127203.2020,10.0300,31.2300,5.4130,5.4130,0.8700,34.2592,28.5456,4.5601,5.0374,4.1417,47785.0000,7685.0000,7685.0000,1461743.1500,235084.1500,,1.9614,1.9474
2017-11-14,30.6600,30.8500,30.1300,30.1300,-0.4600,-1.5000,43705.2200,133194.7700,9.8800,30.7600,5.6871,5.6871,0.9000,33.7441,28.1163,4.4916,4.9616,4.0795,47785.0000,7685.0000,7685.0000,1439762.0500,231549.0500,,1.9914,1.9569
2017-11-15,30.0100,30.4800,29.7100,29.9000,-0.2300,-0.7600,34048.8800,102132.1850,9.8000,30.5300,4.4306,4.4306,0.7600,33.4865,27.9017,4.4573,4.9237,4.0483,47785.0000,7685.0000,7685.0000,1428771.5000,229781.5000,,2.0067,1.9993
2017-11-16,29.7300,30.2000,29.6000,30.0800,0.1800,0.6000,23786.8100,71041.6530,9.8600,30.7100,3.0952,3.0952,0.5400,33.6881,28.0696,4.4841,4.9534,4.0727,47785.0000,7685.0000,7685.0000,1437372.8000,231164.8000,,1.9947,2.0182
2017-11-17,30.0600,30.2200,27.7500,28.0000,-2.0800,-6.9100,50352.2400,145628.8950,9.1800,28.5900,6.5520,6.5520,1.1900,31.3586,26.1287,4.1740,4.6109,3.7911,47785.0000,7685.0000,7685.0000,1337980.0000,215180.0000,,2.1429,1.9960
2017-11-20,27.9000,28.1000,25.5300,27.9900,-0.0100,-0.0400,25252.7200,69318.3030,9.1800,28.5800,3.2860,3.2860,0.6500,31.3474,26.1193,4.1725,4.6092,3.7897,47785.0000,7685.0000,7685.0000,1337502.1500,215103.1500,,2.1436,2.1505
2017-11-21,27.8900,28.2400,27.4300,27.6100,-0.3800,-1.3600,20690.1800,57402.5460,9.0500,28.1900,2.6923,2.6923,0.5800,30.9218,25.7647,4.1159,4.5466,3.7383,47785.0000,7685.0000,7685.0000,1319343.8500,212182.8500,,2.1731,2.1513
2017-11-22,27.5000,28.2500,27.4500,27.7300,0.1200,0.4300,23292.0500,65019.5480,9.0900,28.3100,3.0308,3.0308,0.7600,31.0562,25.8767,4.1338,4.5664,3.7545,47785.0000,7685.0000,7685.0000,1325078.0500,213105.0500,,2.1637,2.1818
2017-11-23,28.2300,28.4700,27.6000,27.6000,-0.1300,-0.4700,22037.9900,61835.0360,9.0500,28.1800,2.8677,2.8677,0.7700,30.9106,25.7554,4.1144,4.5450,3.7369,47785.0000,7685.0000,7685.0000,1318866.0000,212106.0000,,2.1739,2.1254
2017-11-24,27.1100,27.8800,27.1000,27.4500,-0.1500,-0.5400,10969.0100,30238.7420,9.0000,28.0300,1.4273,1.4273,0.3900,30.7426,25.6154,4.0920,4.5203,3.7166,47785.0000,7685.0000,7685.0000,1311698.2500,210953.2500,,2.1858,2.2132
2017-11-27,27.1500,27.6500,27.1000,27.2500,-0.2000,-0.7300,9925.0100,27180.9350,8.9400,27.8200,1.2915,1.2915,0.4900,30.5186,25.4288,4.0622,4.4874,3.6895,47785.0000,7685.0000,7685.0000,1302141.2500,209416.2500,,2.2018,2.2099
2017-11-28,27.3300,27.7600,27.3300,27.7200,0.4700,1.7200,11243.1800,31006.2040,9.0900,28.3000,1.4630,1.4630,0.6500,31.0450,25.8674,4.1323,4.5648,3.7532,47785.0000,7685.0000,7685.0000,1324600.2000,213028.2000,,2.1645,2.1954
2017-11-29,27.7600,27.8500,27.3600,27.5300,-0.1900,-0.6900,10346.4800,28504.9870,9.0300,28.1100,1.3463,1.3463,0.6700,30.8322,25.6901,4.1040,4.5335,3.7274,47785.0000,7685.0000,7685.0000,1315521.0500,211568.0500,,2.1794,2.1614
2017-11-30,27.5300,27.8400,27.4000,27.6000,0.0700,0.2500,12477.4600,34522.0100,9.0500,28.1800,1.6236,1.6236,0.9700,30.9106,25.7554,4.1144,4.5450,3.7369,47785.0000,7685.0000,7685.0000,1318866.0000,212106.0000,,2.1739,2.1794
2017-12-01,27.5600,27.8600,27.5200,27.7900,0.1900,0.6900,8076.9900,22380.5420,9.1100,28.3700,1.0510,1.0510,0.7300,31.1234,25.9327,4.1427,4.5763,3.7626,47785.0000,7685.0000,7685.0000,1327945.1500,213566.1500,,2.1591,2.1771
2017-12-04,27.7600,27.8900,26.7800,26.8500,-0.9400,-3.3800,15582.0700,42607.3770,8.8000,27.4100,2.0276,2.0276,1.5000,30.0706,25.0555,4.0026,4.4215,3.6354,47785.0000,7685.0000,7685.0000,1283027.2500,206342.2500,,2.2346,2.1614
2017-12-05,26.9600,26.9700,25.8000,26.0000,-0.8500,-3.1700,19816.6400,52164.1960,8.5300,26.5500,2.5786,2.5786,1.7200,29.1187,24.2623,3.8759,4.2815,3.5203,47785.0000,7685.0000,7685.0000,1242410.0000,199810.0000,,2.3077,2.2255
2017-12-06,26.0000,26.3900,25.8900,26.3900,0.3900,1.5000,9794.0000,25588.7530,8.6500,26.9400,1.2744,1.2744,0.7400,29.5555,24.6263,3.9340,4.3457,3.5731,47785.0000,7685.0000,7685.0000,1261046.1500,202807.1500,,2.2736,2.3077
2017-12-07,26.3000,26.5700,26.2500,26.3000,-0.0900,-0.3400,7776.8800,20507.9470,8.6200,26.8500,1.0120,1.0120,0.5900,29.4547,24.5423,3.9206,4.3309,3.5609,47785.0000,7685.0000,7685.0000,1256745.5000,202115.5000,,2.2814,2.2814
2017-12-08,26.4100,26.8000,26.2500,26.6800,0.3800,1.4400,10841.2400,28823.5040,8.7500,27.2400,1.4107,1.4107,0.8900,29.8802,24.8969,3.9773,4.3935,3.6124,47785.0000,7685.0000,7685.0000,1274903.8000,205035.8000,,2.2489,2.2719
2017-12-11,26.8500,27.0800,26.7000,26.9500,0.2700,1.0100,8912.4200,23976.4860,8.8400,27.5200,1.1597,1.1597,0.7000,30.1826,25.1488,4.0175,4.4380,3.6489,47785.0000,7685.0000,7685.0000,1287805.7500,207110.7500,,2.2263,2.2346
2017-12-12,27.0900,27.0900,26.6100,26.6100,-0.3400,-1.2600,8644.6700,23221.8430,8.7300,27.1700,1.1249,1.1249,0.7600,29.8018,24.8316,3.9668,4.3820,3.6029,47785.0000,7685.0000,7685.0000,1271558.8500,204497.8500,,2.2548,2.2148
2017-12-13,26.6100,27.1600,26.4300,27.1200,0.5100,1.9200,14775.0000,39799.8980,8.8900,27.6900,1.9226,1.9226,1.6100,30.3730,25.3075,4.0428,4.4659,3.6719,47785.0000,7685.0000,7685.0000,1295929.2000,208417.2000,,2.2124,2.2548
2017-12-14,27.1300,27.1900,26.8000,26.9600,-0.1600,-0.5900,9011.4100,24301.9990,8.8400,27.5300,1.1726,1.1726,0.8800,30.1938,25.1582,4.0190,4.4396,3.6503,47785.0000,7685.0000,7685.0000,1288283.6000,207187.6000,,2.2255,2.2116
2017-12-15,27.0600,27.4900,27.0000,27.3200,0.3600,1.3400,17794.6300,48638.6630,8.9600,27.8900,2.3155,2.3155,1.7000,30.5970,25.4941,4.0727,4.4989,3.6990,47785.0000,7685.0000,7685.0000,1305486.2000,209954.2000,,2.1962,2.2173
2017-12-18,27.3300,27.3900,27.0800,27.2300,-0.0900,-0.3300,7602.5600,20711.8170,8.9300,27.8000,0.9893,0.9893,0.6400,30.4962,25.4101,4.0592,4.4841,3.6868,47785.0000,7685.0000,7685.0000,1301185.5500,209262.5500,,2.2035,2.1954
2017-12-19,27.3000,27.4900,27.1900,27.2700,0.0400,0.1500,6201.9700,16930.3270,8.9400,27.8400,0.8070,0.8070,0.5400,30.5410,25.4474,4.0652,4.4906,3.6922,47785.0000,7685.0000,7685.0000,1303096.9500,209569.9500,,2.2002,2.1978
2017-12-20,27.4000,27.4000,26.6300,26.6300,-0.6400,-2.3500,9011.9000,24253.3460,8.7300,27.1900,1.1727,1.1727,0.8100,29.8242,24.8502,3.9698,4.3853,3.6056,47785.0000,7685.0000,7685.0000,1272514.5500,204651.5500,,2.2531,2.1898
2017-12-21,26.6000,27.3500,26.6000,27.1400,0.5100,1.9200,11599.0700,31358.6920,8.9000,27.7100,1.5093,1.5093,1.1700,30.3954,25.3261,4.0458,4.4692,3.6746,47785.0000,7685.0000,7685.0000,1296884.9000,208570.9000,,2.2108,2.2556
2017-12-22,27.3800,27.3800,26.8800,26.9200,-0.2200,-0.8100,6044.1000,16367.2180,8.8300,27.4900,0.7865,0.7865,0.5800,30.1490,25.1208,4.0130,4.4330,3.6448,47785.0000,7685.0000,7685.0000,1286372.2000,206880.2000,,2.2288,2.1914
2017-12-25,27.2500,27.2500,26.7100,26.8000,-0.1200,-0.4500,8084.3700,21738.6230,8.7900,27.3600,1.0520,1.0520,1.0000,30.0146,25.0089,3.9951,4.4133,3.6286,47785.0000,7685.0000,7685.0000,1280638.0000,205958.0000,,2.2388,2.2018
2017-12-26,26.7200,27.7000,26.7200,27.4400,0.6400,2.3900,14775.7400,40374.9830,9.0000,28.0200,1.9227,1.9227,1.8000,30.7314,25.6061,4.0905,4.5186,3.7153,47785.0000,7685.0000,7685.0000,1311220.4000,210876.4000,,2.1866,2.2455
2017-12-27,27.3600,27.7600,27.2900,27.3300,-0.1100,-0.4000,14898.7900,41021.1700,8.9600,27.9000,1.9387,1.9387,1.5000,30.6082,25.5034,4.0741,4.5005,3.7004,47785.0000,7685.0000,7685.0000,1305964.0500,210031.0500,,2.1954,2.1930
2017-12-28,27.2300,27.8400,27.2100,27.7000,0.3700,1.3500,16749.5500,46332.3900,9.0800,28.2800,2.1795,2.1795,1.5100,31.0226,25.8487,4.1293,4.5615,3.7505,47785.0000,7685.0000,7685.0000,1323644.5000,212874.5000,,2.1661,2.2035
2017-12-29,27.5200,27.7900,27.5200,27.7500,0.0500,0.1800,10000.3900,27701.6500,9.1000,28.3300,1.3013,1.3013,0.8300,31.0786,25.8954,4.1368,4.5697,3.7572,47785.0000,7685.0000,7685.0000,1326033.7500,213258.7500,,2.1622,2.1802
2018-01-02,27.7600,27.9700,27.5500,27.9200,0.1700,0.6100,9894.6300,27565.1920,9.1600,28.5100,1.2875,1.2875,0.7700,31.2690,26.0540,4.1621,4.5977,3.7802,47785.0000,7685.0000,7685.0000,1334157.2000,214565.2000,2.1490,2.1490,2.1614
2018-01-03,27.8800,28.1900,27.7600,27.9700,0.0500,0.1800,14860.4100,41657.0300,9.1700,28.5600,1.9337,1.9337,1.1200,31.3250,26.1007,4.1696,4.6059,3.7870,47785.0000,7685.0000,7685.0000,1336546.4500,214949.4500,2.1452,2.1452,2.1521
2018-01-04,27.8700,27.9800,27.7300,27.9200,-0.0500,-0.1800,10499.4300,29201.9580,9.1600,28.5100,1.3662,1.3662,0.7900,31.2690,26.0540,4.1621,4.5977,3.7802,47785.0000,7685.0000,7685.0000,1334157.2000,214565.2000,2.1490,2.1490,2.1529
2018-01-05,27.9200,28.8400,27.9000,28.5200,0.6000,2.1500,22791.8700,64934.5010,9.3500,29.1200,2.9658,2.9658,1.8400,31.9409,26.6139,4.2515,4.6965,3.8615,47785.0000,7685.0000,7685.0000,1362828.2000,219176.2000,2.1038,2.1038,2.1490
2018-01-08,28.5000,28.9500,28.3200,28.8300,0.3100,1.0900,14672.5500,41975.7840,9.4500,29.4400,1.9092,1.9092,1.0800,32.2881,26.9032,4.2978,4.7475,3.9035,47785.0000,7685.0000,7685.0000,1377641.5500,221558.5500,2.0812,2.0812,2.1053
2018-01-09,28.8000,28.9300,28.6000,28.6800,-0.1500,-0.5200,13915.8500,40007.6510,9.4000,29.2800,1.8108,1.8108,0.9600,32.1201,26.7632,4.2754,4.7228,3.8831,47785.0000,7685.0000,7685.0000,1370473.8000,220405.8000,2.0921,2.0921,2.0833
2018-01-10,28.6000,28.8900,28.1500,28.3800,-0.3000,-1.0500,12812.8200,36558.2190,9.3100,28.9800,1.6673,1.6673,0.8300,31.7841,26.4833,4.2307,4.6734,3.8425,47785.0000,7685.0000,7685.0000,1356138.3000,218100.3000,2.1142,2.1142,2.0979
2018-01-11,28.2600,29.7800,28.2600,29.4700,1.0900,3.8400,31630.3600,92955.5800,9.6600,30.0900,4.1159,4.1159,2.1200,33.0049,27.5004,4.3932,4.8529,3.9901,47785.0000,7685.0000,7685.0000,1408223.9500,226476.9500,2.0360,2.0360,2.1231
2018-01-12,29.4700,29.6800,29.0300,29.1700,-0.3000,-1.0200,11128.3300,32606.4840,9.5700,29.7800,1.4481,1.4481,0.5800,32.6689,27.2205,4.3484,4.8035,3.9495,47785.0000,7685.0000,7685.0000,1393888.4500,224171.4500,2.0569,2.0569,2.0360
2018-01-15,29.2000,29.5600,28.7300,28.8500,-0.3200,-1.1000,13052.0200,37864.2900,9.4600,29.4600,1.6984,1.6984,0.7800,32.3105,26.9218,4.3007,4.7508,3.9062,47785.0000,7685.0000,7685.0000,1378597.2500,221712.2500,2.0797,2.0797,2.0548
2018-01-16,28.8000,29.0700,28.4300,29.0300,0.1800,0.6200,12805.4100,36896.9300,9.5200,29.6400,1.6663,1.6663,0.7800,32.5121,27.0898,4.3276,4.7805,3.9305,47785.0000,7685.0000,7685.0000,1387198.5500,223095.5500,2.0668,2.0668,2.0833
2018-01-17,28.8900,29.0200,28.3800,28.7300,-0.3000,-1.0300,13545.3000,38838.6910,9.4200,29.3300,1.7626,1.7626,0.8300,32.1761,26.8099,4.2829,4.7311,3.8899,47785.0000,7685.0000,7685.0000,1372863.0500,220790.0500,2.0884,2.0884,2.0768
2018-01-18,28.5300,28.6800,28.4000,28.5000,-0.2300,-0.8000,9514.7900,27143.6510,9.3500,29.1000,1.2381,1.2381,0.5800,31.9185,26.5952,4.2486,4.6932,3.8588,47785.0000,7685.0000,7685.0000,1361872.5000,219022.5000,2.1053,2.1053,2.1030
2018-01-19,28.4000,28.9600,28.3000,28.3300,-0.1700,-0.6000,9277.9900,26510.0240,9.2900,28.9200,1.2073,1.2073,0.7700,31.7282,26.4366,4.2232,4.6652,3.8358,47785.0000,7685.0000,7685.0000,1353749.0500,217716.0500,2.1179,2.1179,2.1127
2018-01-22,28.2800,28.4000,27.7700,27.9900,-0.3400,-1.2000,19185.2600,53586.1020,9.1800,28.5800,2.4965,2.4965,1.6500,31.3474,26.1193,4.1725,4.6092,3.7897,47785.0000,7685.0000,7685.0000,1337502.1500,215103.1500,2.1436,2.1436,2.1216
2018-01-23,27.9700,28.1400,27.8100,28.0300,0.0400,0.1400,12516.1000,34994.8800,9.1900,28.6200,1.6286,1.6286,0.9700,31.3922,26.1566,4.1785,4.6158,3.7951,47785.0000,7685.0000,7685.0000,1339413.5500,215410.5500,2.1406,2.1406,2.1452
2018-01-24,28.0200,28.5300,27.9100,28.3500,0.3200,1.1400,13096.6400,37090.3720,9.3000,28.9500,1.7042,1.7042,1.0200,31.7506,26.4553,4.2262,4.6685,3.8385,47785.0000,7685.0000,7685.0000,1354704.7500,217869.7500,2.1164,2.1164,2.1413
2018-01-25,28.4500,29.0500,28.4500,28.5700,0.2200,0.7800,16389.3000,47176.1590,9.3700,29.1700,2.1326,2.1326,1.2900,31.9969,26.6606,4.2590,4.7047,3.8682,47785.0000,7685.0000,7685.0000,1365217.4500,219560.4500,2.1001,2.1001,2.1090
2018-01-26,28.3400,28.7100,28.3400,28.6900,0.1200,0.4200,9007.5100,25726.3900,9.4100,29.2900,1.1721,1.1721,0.6400,32.1313,26.7725,4.2769,4.7245,3.8845,47785.0000,7685.0000,7685.0000,1370951.6500,220482.6500,2.0913,2.0913,2.1171
2018-01-29,28.7000,28.8000,27.4000,27.4600,-1.2300,-4.2900,21194.2900,59278.7240,9.0000,28.0400,2.7579,2.7579,1.5100,30.7538,25.6247,4.0935,4.5219,3.7180,47785.0000,7685.0000,7685.0000,1312176.1000,211030.1000,2.1850,2.1850,2.0906
2018-01-30,27.4000,27.7000,27.1700,27.3300,-0.1300,-0.4700,9071.2400,24867.8210,8.9600,27.9000,1.1804,1.1804,0.6300,30.6082,25.5034,4.0741,4.5005,3.7004,47785.0000,7685.0000,7685.0000,1305964.0500,210031.0500,2.1954,2.1954,2.1898
2018-01-31,27.3800,27.5300,26.8800,26.8800,-0.4500,-1.6500,11230.8500,30510.2200,8.8100,27.4400,1.4614,1.4614,0.8200,30.1042,25.0835,4.0071,4.4264,3.6394,47785.0000,7685.0000,7685.0000,1284460.8000,206572.8000,2.2321,2.2321,2.1914
2018-02-01,27.0000,27.4000,26.5800,26.8800,0.0000,0.0000,14074.7800,37981.6120,8.8100,27.4400,1.8315,1.8315,1.0500,30.1042,25.0835,4.0071,4.4264,3.6394,47785.0000,7685.0000,7685.0000,1284460.8000,206572.8000,2.2321,2.2321,2.2222
2018-02-02,26.6700,26.8500,25.9000,26.7300,-0.1500,-0.5600,11315.7900,29975.7650,8.7600,27.2900,1.4725,1.4725,0.8800,29.9362,24.9435,3.9847,4.4017,3.6191,47785.0000,7685.0000,7685.0000,1277293.0500,205420.0500,2.2447,2.2447,2.2497
2018-02-05,26.7100,26.7600,26.1300,26.3200,-0.4100,-1.5300,7235.2300,19077.6710,8.6300,26.8700,0.9415,0.9415,0.5400,29.4771,24.5609,3.9236,4.3342,3.5636,47785.0000,7685.0000,7685.0000,1257701.2000,202269.2000,2.2796,2.2796,2.2463
2018-02-06,26.2900,26.9800,25.6900,25.8000,-0.5200,-1.9800,17593.9000,46217.7990,8.4600,26.3400,2.2894,2.2894,1.6600,28.8947,24.0757,3.8461,4.2486,3.4932,47785.0000,7685.0000,7685.0000,1232853.0000,198273.0000,2.3256,2.3256,2.2822
2018-02-07,26.0000,26.4000,25.6200,26.1100,0.3100,1.2000,11690.9100,30459.7120,8.5600,26.6600,1.5213,1.5213,0.9500,29.2419,24.3650,3.8923,4.2996,3.5352,47785.0000,7685.0000,7685.0000,1247666.3500,200655.3500,2.2980,2.2980,2.3077
2018-02-08,25.5300,26.3000,25.5300,26.2400,0.1300,0.5000,6080.3000,15901.9010,8.6000,26.7900,0.7912,0.7912,0.4900,29.3875,24.4863,3.9117,4.3210,3.5528,47785.0000,7685.0000,7685.0000,1253878.4000,201654.4000,2.2866,2.2866,2.3502
2018-02-09,25.8000,26.7800,25.7100,26.0000,-0.2400,-0.9100,15547.4000,40792.4730,8.5300,26.5500,2.0231,2.0231,1.4400,29.1187,24.2623,3.8759,4.2815,3.5203,47785.0000,7685.0000,7685.0000,1242410.0000,199810.0000,2.3077,2.3077,2.3256
2018-02-12,26.2100,26.6500,26.1400,26.5300,0.5300,2.0400,6351.3600,16784.1710,8.7000,27.0900,0.8265,0.8265,0.5500,29.7122,24.7569,3.9549,4.3688,3.5920,47785.0000,7685.0000,7685.0000,1267736.0500,203883.0500,2.2616,2.2616,2.2892
2018-02-13,26.6800,26.9000,26.3900,26.4600,-0.0700,-0.2600,7351.2400,19609.3370,8.6800,27.0200,0.9566,0.9566,0.6400,29.6338,24.6916,3.9445,4.3573,3.5826,47785.0000,7685.0000,7685.0000,1264391.1000,203345.1000,2.2676,2.2676,2.2489
2018-02-14,26.6500,26.8800,26.4400,26.8000,0.3400,1.2800,5839.4400,15606.9380,8.7900,27.3600,0.7598,0.7598,0.6200,30.0146,25.0089,3.9951,4.4133,3.6286,47785.0000,7685.0000,7685.0000,1280638.0000,205958.0000,2.2388,2.2388,2.2514
2018-02-22,26.6100,27.2800,26.6100,26.9900,0.1900,0.7100,4878.2100,13145.1360,8.8500,27.5600,0.6348,0.6348,0.5900,30.2274,25.1862,4.0235,4.4445,3.6543,47785.0000,7685.0000,7685.0000,1289717.1500,207418.1500,2.2230,2.2230,2.2548
2018-02-23,27.0000,27.1000,26.8600,26.9300,-0.0600,-0.2200,6189.1200,16704.0790,8.8300,27.5000,0.8054,0.8054,0.7700,30.1602,25.1302,4.0145,4.4347,3.6462,47785.0000,7685.0000,7685.0000,1286850.0500,206957.0500,2.2280,2.2280,2.2222
2018-02-26,27.1000,27.1500,26.7600,27.0800,0.1500,0.5600,14339.1800,38764.2370,8.8800,27.6500,1.8659,1.8659,2.3400,30.3282,25.2701,4.0369,4.4594,3.6665,47785.0000,7685.0000,7685.0000,1294017.8000,208109.8000,2.2157,2.2157,2.2140
2018-02-27,28.6000,29.7900,28.6000,29.7900,2.7100,10.0100,43590.7900,129244.3880,9.7700,30.4200,5.6722,5.6722,5.6500,33.3633,23.9716,4.2074,4.9056,3.7407,47785.0000,7685.0000,7685.0000,1423515.1500,228936.1500,2.0141,2.0141,2.0979
2018-02-28,30.2000,31.5500,30.2000,30.9700,1.1800,3.9600,135717.6200,420657.1960,10.1600,31.6200,17.6601,17.6601,9.0700,34.6848,24.9211,4.3740,5.0999,3.8889,47785.0000,7685.0000,7685.0000,1479901.4500,238004.4500,1.9374,1.9374,1.9868
2018-03-01,30.5000,31.2200,30.2000,30.9800,0.0100,0.0300,48615.2500,150170.1930,10.1600,31.6300,6.3260,6.3260,1.1900,34.6960,24.9292,4.3754,5.1016,3.8902,47785.0000,7685.0000,7685.0000,1480379.3000,238081.3000,1.9367,1.9367,1.9672
2018-03-02,30.7800,31.4700,30.6000,30.6000,-0.3800,-1.2300,36491.3600,113242.2940,10.0300,31.2400,4.7484,4.7484,0.7300,34.2704,24.6234,4.3218,5.0390,3.8424,47785.0000,7685.0000,7685.0000,1462221.0000,235161.0000,1.9608,1.9608,1.9493
2018-03-05,30.6800,32.6000,30.6800,32.2600,1.6600,5.4200,56322.7000,178766.2290,10.5800,32.9400,7.3289,7.3289,1.0100,36.1296,25.9592,4.5562,5.3124,4.0509,47785.0000,7685.0000,7685.0000,1541544.1000,247918.1000,1.8599,1.8599,1.9557
2018-03-06,32.4600,33.1700,31.9200,32.1200,-0.1400,-0.4300,45131.9400,146664.6390,10.5300,32.7900,5.8727,5.8727,0.7000,35.9728,25.8465,4.5364,5.2893,4.0333,47785.0000,7685.0000,7685.0000,1534854.2000,246842.2000,1.8680,1.8680,1.8484
2018-03-07,31.9500,32.9600,31.9500,32.7500,0.6300,1.9600,31609.6400,103272.5200,10.7400,33.4400,4.1132,4.1132,0.4900,36.6783,26.3535,4.6254,5.3931,4.1124,47785.0000,7685.0000,7685.0000,1564958.7500,251683.7500,1.8321,1.8321,1.8779
2018-03-08,32.4800,32.9000,32.1500,32.6500,-0.1000,-0.3100,18558.2900,60220.1970,10.7100,33.3400,2.4149,2.4149,0.4300,36.5663,26.2730,4.6113,5.3766,4.0999,47785.0000,7685.0000,7685.0000,1560180.2500,250915.2500,1.8377,1.8377,1.8473
2018-03-09,32.7000,33.5800,32.5500,33.1200,0.4700,1.4400,27325.9000,90753.9180,10.8600,33.8200,3.5557,3.5557,0.7300,37.0927,26.6512,4.6777,5.4540,4.1589,47785.0000,7685.0000,7685.0000,1582639.2000,254527.2000,1.8116,1.8116,1.8349
2018-03-12,33.1300,33.7800,32.5200,33.7400,0.6200,1.8700,31616.2800,104833.4410,11.0600,34.4500,4.1140,4.1140,0.8800,37.7871,27.1501,4.7652,5.5561,4.2367,47785.0000,7685.0000,7685.0000,1612265.9000,259291.9000,1.7783,1.7783,1.8110
2018-03-13,33.4000,33.7300,32.1500,32.1800,-1.5600,-4.6200,20646.4700,67903.3970,10.5500,32.8600,2.6866,2.6866,0.6700,36.0400,25.8948,4.5449,5.2992,4.0408,47785.0000,7685.0000,7685.0000,1537721.3000,247303.3000,1.8645,1.8645,1.7964
2018-03-14,32.1800,33.1800,32.1000,32.9700,0.7900,2.4500,24370.7000,79678.1060,10.8100,33.6600,3.1712,3.1712,0.9400,36.9247,26.5305,4.6565,5.4293,4.1400,47785.0000,7685.0000,7685.0000,1575471.4500,253374.4500,1.8198,1.8198,1.8645
2018-03-15,32.9300,33.0600,31.8300,32.2600,-0.7100,-2.1500,15717.0700,51032.2610,10.5800,32.9400,2.0452,2.0452,0.6400,36.1296,25.9592,4.5562,5.3124,4.0509,47785.0000,7685.0000,7685.0000,1541544.1000,247918.1000,1.8599,1.8599,1.8220
2018-03-16,32.1500,34.9900,32.1500,33.8900,1.6300,5.0500,38919.4600,133030.0000,11.1100,34.6000,5.0643,5.0643,1.6300,38.5531,27.7005,4.9652,5.6687,4.3226,48537.9500,7685.0000,7685.0000,1644951.1255,260444.6500,1.7430,1.7430,1.8663
2018-03-19,34.8200,34.8800,33.6600,34.0300,0.1400,0.4100,24580.4300,83983.4220,11.1600,34.7400,3.1985,3.1985,0.9400,38.7124,27.8149,4.9857,5.6921,4.3405,48537.9500,7685.0000,7685.0000,1651746.4385,261520.5500,1.7358,1.7358,1.7231
2018-03-20,34.0300,34.1000,33.4100,33.8700,-0.1600,-0.4700,13443.3700,45352.1820,11.1100,34.5800,1.7493,1.7493,0.5400,38.5304,27.6842,4.9623,5.6654,4.3201,48537.9500,7685.0000,7685.0000,1643980.3665,260290.9500,1.7440,1.7440,1.7632
2018-03-21,33.7200,33.9000,33.1100,33.2300,-0.6400,-1.8900,17713.6300,59211.3860,10.9000,33.9300,2.3050,2.3050,0.7600,37.8023,27.1610,4.8685,5.5583,4.2384,48537.9500,7685.0000,7685.0000,1612916.0785,255372.5500,1.7776,1.7776,1.7794
2018-03-22,33.2400,33.8600,33.0000,33.5100,0.2800,0.8400,18581.5300,62387.7280,10.9900,34.2100,2.4179,2.4179,0.8400,38.1208,27.3899,4.9096,5.6052,4.2742,48537.9500,7685.0000,7685.0000,1626506.7045,257524.3500,1.7627,1.7627,1.8051
2018-03-23,32.5500,33.0000,30.6800,31.6600,-1.8500,-5.5200,21415.6200,69015.7650,10.3800,32.3200,2.7867,2.7867,0.9500,36.0163,25.8778,4.6385,5.2957,4.0382,48537.9500,7685.0000,7685.0000,1536711.4970,243307.1000,1.8657,1.8657,1.8433
2018-03-26,30.9700,33.8000,30.8000,33.4800,1.8200,5.7500,25684.2500,84858.6510,10.9800,34.1800,3.3421,3.3421,1.3400,38.0867,27.3654,4.9052,5.6001,4.2703,48537.9500,7685.0000,7685.0000,1625050.5660,257293.8000,1.7643,1.7643,1.9374
2018-03-27,33.5200,35.7500,33.4500,34.3700,0.8900,2.6600,26373.6100,91840.3350,11.2700,35.0900,3.4318,3.4318,1.3600,39.0992,28.0928,5.0356,5.7490,4.3838,48537.9500,7685.0000,7685.0000,1668249.3415,264133.4500,1.7186,1.7186,1.7900
2018-03-28,34.0800,35.4500,33.6000,33.6300,-0.7400,-2.1500,12981.1100,44658.9170,11.0300,34.3400,1.6891,1.6891,0.5900,38.2574,27.4880,4.9271,5.6252,4.2895,48537.9500,7685.0000,7685.0000,1632331.2585,258446.5500,1.7564,1.7564,1.7606
2018-03-29,33.5500,34.8800,33.5500,33.7800,0.1500,0.4500,9934.8500,33831.2210,11.0800,34.4900,1.2928,1.2928,0.4700,38.4280,27.6106,4.9491,5.6503,4.3086,48537.9500,7685.0000,7685.0000,1639611.9510,259599.3000,1.7486,1.7486,1.7884
2018-03-30,33.6000,35.0000,33.0100,34.4200,0.6400,1.8900,16807.4000,57214.3680,11.2900,35.1400,2.1870,2.1870,0.8700,39.1561,28.1337,5.0429,5.7574,4.3902,48537.9500,7685.0000,7685.0000,1670676.2390,264517.7000,1.7161,1.7161,1.7857
2018-04-02,34.1000,35.0000,33.7000,34.9700,0.5500,1.6000,16217.4300,55954.1120,11.4700,35.7000,2.1103,2.1103,0.8800,39.7817,28.5833,5.1235,5.8494,4.4604,48537.9500,7685.0000,7685.0000,1697372.1115,268744.4500,1.6891,1.6891,1.7595
2018-04-03,34.6000,35.0000,34.3000,34.5200,-0.4500,-1.2900,9207.9300,31926.3270,11.3200,35.2400,1.1982,1.1982,0.5600,39.2698,28.2154,5.0575,5.7741,4.4030,48537.9500,7685.0000,7685.0000,1675530.0340,265286.2000,1.7112,1.7112,1.7341
2018-04-04,34.5500,35.4700,34.5500,34.6500,0.1300,0.3800,16713.4500,58533.1860,11.3600,35.3800,2.1748,2.1748,1.2800,39.4177,28.3217,5.0766,5.7958,4.4196,48537.9500,7685.0000,7685.0000,1681839.9675,266285.2500,1.7047,1.7047,1.7366
2018-04-09,34.6000,34.8500,33.6700,33.8000,-0.8500,-2.4500,13783.6700,47058.4000,11.0800,34.5100,1.7936,1.7936,1.0000,38.4507,27.6269,4.9521,5.6537,4.3111,48537.9500,7685.0000,7685.0000,1640582.7100,259753.0000,1.7476,1.7476,1.7341
2018-04-10,33.9000,34.4800,33.6100,34.3500,0.5500,1.6300,11879.4300,40451.7280,11.2600,35.0700,1.5458,1.5458,0.8200,39.0764,28.0765,5.0326,5.7457,4.3813,48537.9500,7685.0000,7685.0000,1667278.5825,263979.7500,1.7196,1.7196,1.7699
2018-04-11,34.4500,34.7500,33.6800,33.9200,-0.4300,-1.2500,13117.1100,44591.1350,11.1200,34.6300,1.7068,1.7068,0.9700,38.5873,27.7250,4.9696,5.6737,4.3265,48537.9500,7685.0000,7685.0000,1646407.2640,260675.2000,1.7414,1.7414,1.7417
2018-04-12,33.8500,34.5900,33.8000,33.9400,0.0200,0.0600,10261.9900,35082.9570,11.1300,34.6500,1.3353,1.3353,0.7900,38.6100,27.7414,4.9726,5.6771,4.3290,48537.9500,7685.0000,7685.0000,1647378.0230,260828.9000,1.7404,1.7404,1.7725
2018-04-13,33.9500,34.4000,32.8000,33.0000,-0.9400,-2.7700,17100.0000,56907.5930,10.8200,33.6900,2.2251,2.2251,1.3000,37.5407,26.9731,4.8348,5.5199,4.2091,48537.9500,7685.0000,7685.0000,1601752.3500,253605.0000,1.7900,1.7900,1.7673
2018-04-16,33.0400,35.3500,33.0100,33.9600,0.9600,2.9100,42794.2000,147285.8360,11.1400,34.6700,5.5685,5.5685,3.2400,38.6328,27.7577,4.9755,5.6804,4.3316,48537.9500,7685.0000,7685.0000,1648348.7820,260982.6000,1.7394,1.7394,1.8160
2018-04-17,34.1000,34.2500,32.1800,32.3500,-1.6100,-4.7400,23318.4900,77762.0320,10.6100,33.0300,3.0343,3.0343,1.2300,26.5203,26.5203,4.5003,4.1262,4.1262,48537.9500,7685.0000,7685.0000,1570202.6825,248609.7500,1.8259,1.8259,1.7595
2018-04-18,32.5000,33.2800,31.0200,32.6200,0.2700,0.8300,16433.8700,53199.4720,10.7000,33.3100,2.1384,2.1384,0.7700,26.7417,26.7417,4.5379,4.1606,4.1606,48537.9500,7685.0000,7685.0000,1583307.9290,250684.7000,1.8108,1.8108,1.8462
2018-04-19,32.4800,34.2000,32.4800,34.0600,1.4400,4.4100,24284.7300,81679.1700,11.1700,34.7800,3.1600,3.1600,1.1000,27.9222,27.9222,4.7382,4.3443,4.3443,48537.9500,7685.0000,7685.0000,1653202.5770,261751.1000,1.7343,1.7343,1.8473
2018-04-20,34.0700,34.0700,33.0100,33.0500,-1.0100,-2.9700,15170.5600,50697.2210,10.8400,33.7400,1.9740,1.9740,0.6100,27.0942,27.0942,4.5977,4.2155,4.2155,48537.9500,7685.0000,7685.0000,1604179.2475,253989.2500,1.7873,1.7873,1.7611
2018-04-23,33.1300,33.3900,31.7700,32.0100,-1.0400,-3.1500,11354.1200,36922.1250,10.5000,32.6800,1.4774,1.4774,0.4700,26.2416,26.2416,4.4530,4.0828,4.0828,48537.9500,7685.0000,7685.0000,1553699.7795,245996.8500,1.8453,1.8453,1.8110
2018-04-24,32.3500,32.9900,31.6800,32.7500,0.7400,2.3100,17449.7300,57019.8310,10.7400,33.4400,2.2706,2.2706,0.9600,26.8483,26.8483,4.5560,4.1772,4.1772,48537.9500,7684.9500,7684.9500,1589617.8625,251682.1125,1.8036,1.8036,1.8547
2018-04-25,32.6100,33.0900,32.3100,32.7400,-0.0100,-0.0300,15387.8000,50440.9040,10.7400,33.4300,2.0023,2.0023,0.9100,26.8401,26.8401,4.5546,4.1759,4.1759,48537.9500,7684.9500,7684.9500,1589132.4830,251605.2630,1.8042,1.8042,1.8399
2018-04-26,32.4000,32.7700,30.9000,30.9600,-1.7800,-5.4400,19061.1700,60027.2990,10.1500,31.6100,2.4803,2.4803,1.1400,25.3808,25.3808,4.3070,3.9489,3.9489,48537.9500,7684.9500,7684.9500,1502734.9320,237926.0520,1.9079,1.9079,1.8519
2018-04-27,31.2700,31.4800,29.9000,30.6200,-0.3400,-1.1000,11852.6000,36477.6600,10.0400,31.2600,0.7268,1.5423,0.7600,25.1021,25.1021,4.2597,3.9055,3.9055,48537.9500,16307.5948,7684.9500,1486232.0290,499338.5528,1.9291,1.9291,1.9188
2018-05-02,30.1100,30.6100,29.2600,29.4100,-1.2100,-3.9500,19972.9600,59453.7640,9.6400,30.0300,1.2248,2.5990,1.3300,24.1101,22.7341,4.0300,3.7512,3.6221,48537.9500,16307.5948,7684.9500,1427501.1095,479606.3631,2.0085,2.0085,1.9927
2018-05-03,29.6600,29.9000,28.7400,29.9000,0.4900,1.6700,20512.5700,60058.3160,9.8000,30.5300,1.2579,2.6692,1.2300,24.5118,23.1129,4.0972,3.8137,3.6824,48537.9500,16307.5948,7684.9500,1451284.7050,487597.0845,1.9756,1.9756,2.0229
2018-05-04,29.2400,30.3500,29.0000,30.2500,0.3500,1.1700,18579.7000,55298.4330,9.9200,30.8900,1.1393,2.4177,1.0700,24.7988,23.3834,4.1451,3.8583,3.7256,48537.9500,16307.5948,7684.9500,1468272.9875,493304.7427,1.9527,1.9527,2.0520
2018-05-07,30.2500,31.3600,30.2500,30.6200,0.3700,1.2200,20510.5200,63275.7050,10.0400,31.2600,1.2577,2.6689,1.1400,25.1021,23.6694,4.1958,3.9055,3.7711,48537.9500,16307.5948,7684.9500,1486232.0290,499338.5528,1.9291,1.9291,1.9835
2018-05-08,30.6600,31.2300,30.1000,30.4000,-0.2200,-0.7200,15910.2100,48465.3380,9.9700,31.0400,0.9756,2.0703,0.8700,24.9217,23.4994,4.1657,3.8775,3.7440,48537.9500,16307.5948,7684.9500,1475553.6800,495750.8819,1.9431,1.9431,1.9569
2018-05-09,30.2600,31.7000,30.2600,31.4600,1.0600,3.4900,22961.2400,70958.9240,10.3200,32.1200,1.4080,2.9878,1.2000,25.7907,24.3188,4.3109,4.0127,3.8746,48537.9500,16307.5948,7684.9500,1527003.9070,513036.9324,1.8776,1.8776,1.9828
2018-05-10,31.3600,32.3600,31.1000,32.0000,0.5400,1.7200,27030.0000,86333.2660,10.4900,32.6700,1.6575,3.5173,1.3700,26.2334,24.7362,4.3849,4.0816,3.9411,48537.9500,16307.5948,7684.9500,1553214.4000,521843.0336,1.8459,1.8459,1.9133
2018-05-11,32.0000,32.2000,31.4800,31.8300,-0.1700,-0.5300,10672.7400,33895.4420,10.4400,32.5000,0.6545,1.3888,0.5100,26.0941,24.6048,4.3616,4.0599,3.9201,48537.9500,16307.5948,7684.9500,1544962.9485,519070.7425,1.8558,1.8558,1.8750
2018-05-14,31.5400,32.0000,30.9200,31.2500,-0.5800,-1.8200,17074.0000,53815.6770,10.2500,31.9100,1.0470,2.2217,0.8800,25.6186,24.1564,4.2822,3.9859,3.8487,48537.9500,16307.5948,7684.9500,1516810.9375,509612.3375,1.8902,1.8902,1.9023
2018-05-15,31.2500,32.7000,31.0000,32.6200,1.3700,4.3800,18036.4300,57893.7880,10.7000,33.3100,1.1060,2.3470,0.9600,26.7417,25.2154,4.4699,4.1606,4.0174,48537.9500,16307.5948,7684.9500,1583307.9290,531953.7424,1.8108,1.8108,1.9200
2018-05-16,32.4800,33.9800,32.0100,33.8400,1.2200,3.7400,25260.0400,84083.4980,11.1000,34.5500,1.5490,3.2869,1.3200,27.7418,26.1585,4.6371,4.3162,4.1677,48537.9500,16307.5948,7684.9500,1642524.2280,551849.0080,1.7455,1.7455,1.8473
2018-05-17,33.7800,33.8400,32.9200,33.0800,-0.7600,-2.2500,9645.6300,32173.3300,10.8500,33.7700,0.5915,1.2551,0.4900,27.1188,25.5710,4.5329,4.2193,4.0741,48537.9500,16307.5948,7684.9500,1605635.3860,539455.2360,1.7856,1.7856,1.7762
2018-05-18,32.9300,33.6200,32.9300,33.1600,0.0800,0.2400,7300.6300,24341.0790,10.8700,33.8600,0.4477,0.9500,0.4500,27.1844,25.6329,4.5439,4.2295,4.0839,48537.9500,16307.5948,7684.9500,1609518.4220,540759.8436,1.7813,1.7813,1.8220
2018-05-21,33.2100,33.8000,32.9800,33.4900,0.3300,1.0000,12326.2700,41293.8950,10.9800,34.1900,0.7559,1.6039,0.8000,27.4549,25.8880,4.5891,4.2716,4.1246,48537.9500,16307.5948,7684.9500,1625535.9455,546141.3499,1.7638,1.7638,1.8067
2018-05-22,33.3900,33.8300,32.4100,33.7800,0.2900,0.8700,14060.4000,46286.4060,11.0800,34.4900,0.8622,1.8296,0.9700,27.6927,26.1121,4.6288,4.3086,4.1603,48537.9500,16307.5948,7684.9500,1639611.9510,550870.5523,1.7486,1.7486,1.7969
2018-05-23,32.9100,32.9100,32.1500,32.1800,-1.6000,-4.7400,10178.6800,33127.1800,10.7500,33.4700,0.6242,1.3245,0.7400,26.3810,24.8753,4.8046,4.1045,3.9632,48537.9500,16307.5948,7684.9500,1561951.2310,524778.4007,1.8356,3.7001,1.8232
2018-05-24,32.0200,32.4800,30.5300,31.6800,-0.5000,-1.5500,33902.5100,105344.9090,10.5800,32.9500,2.0789,4.4115,3.1700,25.9711,24.4888,4.7300,4.0407,3.9017,48537.9500,16307.5948,7684.9500,1537682.2560,516624.6033,1.8646,3.7585,1.8738
2018-05-25,31.4500,31.4500,30.6300,30.8000,-0.8800,-2.7800,15906.7900,49220.2510,10.2900,32.0300,0.9754,2.0699,1.0200,25.2497,23.8086,4.5986,3.9285,3.7933,48537.9500,16307.5948,7684.9500,1494968.8600,502273.9198,1.9178,3.8659,1.9078
2018-05-28,30.6100,31.6400,30.2800,31.5300,0.7300,2.3700,13936.2900,43533.5770,10.5300,32.7900,0.8546,1.8135,0.8100,25.8481,24.3729,4.7076,4.0216,3.8832,48537.9500,16307.5948,7684.9500,1530401.5635,514178.4640,1.8734,3.7764,1.9601
2018-05-29,31.4000,32.4800,31.3700,31.8100,0.2800,0.8900,18507.2300,59329.5480,10.6200,33.0800,1.1349,2.4082,1.0500,26.0777,24.5893,4.7494,4.0573,3.9177,48537.9500,16307.5948,7684.9500,1543992.1895,518744.5906,1.8569,3.7431,1.9108
2018-05-30,31.6000,32.5200,31.0100,31.8300,0.0200,0.0600,11755.4800,37485.4890,10.6300,33.1000,0.7209,1.5297,0.6400,26.0941,24.6048,4.7524,4.0599,3.9201,48537.9500,16307.5948,7684.9500,1544962.9485,519070.7425,1.8558,3.7408,1.8987
2018-05-31,31.8000,35.0100,31.6700,34.4600,2.6300,8.2600,56141.3700,190888.2730,11.5100,35.8400,3.4427,7.3054,2.9900,28.2501,26.6378,5.1450,4.3953,4.2440,48537.9500,16307.5948,7684.9500,1672617.7570,561959.7168,1.7141,3.4553,1.8868
2018-06-01,34.0300,35.1000,33.3000,34.1000,-0.3600,-1.0400,37494.3600,128787.0100,11.3900,35.4600,2.2992,4.8789,1.6100,27.9550,26.3595,5.0913,4.3494,4.1997,48537.9500,16307.5948,7684.9500,1655144.0950,556088.9827,1.7322,3.4918,1.7632
2018-06-04,34.0500,35.4700,33.6000,35.0400,0.9400,2.7600,23289.0600,80318.9630,11.7000,36.4400,1.4281,3.0305,0.8400,28.7256,27.0861,5.2316,4.4693,4.3155,48537.9500,16307.5948,7684.9500,1700769.7680,571418.1218,1.6858,3.3981,1.7621
2018-06-05,34.5800,36.5000,34.3000,36.0000,0.9600,2.7400,41718.5400,149632.2800,12.0200,37.4400,2.5582,5.4286,1.4200,29.5126,27.8282,5.3750,4.5918,4.4337,48537.9500,16307.5948,7684.9500,1747366.2000,587073.4128,1.6408,3.3075,1.7351
2018-06-06,35.9000,36.2700,35.3100,35.6100,-0.3900,-1.0800,24676.5600,88254.3490,11.8900,37.0300,1.5132,3.2110,0.7200,29.1929,27.5267,5.3167,4.5420,4.3857,48537.9500,16307.5948,7684.9500,1728436.3995,580713.4508,1.6588,3.3437,1.6713
2018-06-07,35.9500,36.8900,34.9000,35.6600,0.0500,0.1400,24263.7500,86665.9500,11.9100,37.0900,1.4879,3.1573,0.6600,29.2339,27.5654,5.3242,4.5484,4.3918,48537.9500,16307.5948,7684.9500,1730863.2970,581528.8306,1.6565,3.3390,1.6690
2018-06-08,35.2300,35.4000,34.5900,35.1000,-0.5600,-1.5700,17238.7300,60276.3890,11.7200,36.5000,1.0571,2.2432,0.5700,28.7748,27.1325,5.2406,4.4770,4.3229,48537.9500,16307.5948,7684.9500,1703682.0450,572396.5775,1.6829,3.3923,1.7031
2018-06-11,35.1700,35.2000,33.7500,34.0800,-1.0200,-2.9100,24837.2500,85224.6090,11.3800,35.4400,1.5230,3.2319,0.9500,27.9386,26.3440,5.0883,4.3469,4.1972,48537.9500,16307.5948,7684.9500,1654173.3360,555762.8308,1.7333,3.4938,1.7060
2018-06-12,34.3200,34.9800,33.8700,34.7000,0.6200,1.8200,20107.5000,69505.7930,11.5900,36.0900,1.2330,2.6165,0.7600,28.4469,26.8233,5.1809,4.4259,4.2736,48537.9500,16307.5948,7684.9500,1684266.8650,565873.5396,1.7023,3.4314,1.7483
2018-06-13,34.6200,35.9700,34.6000,34.8500,0.1500,0.4300,27907.6900,98594.0930,11.6400,36.2400,1.7113,3.6315,1.2600,28.5698,26.9392,5.2033,4.4451,4.2921,48537.9500,16307.5948,7684.9500,1691547.5575,568319.6788,1.6950,3.4166,1.7331
2018-06-14,34.4000,34.5800,33.5200,34.4300,-0.4200,-1.2100,17031.8000,58181.1170,11.5000,35.8100,1.0444,2.2163,0.7400,28.2255,26.6146,5.1405,4.3915,4.2404,48537.9500,16307.5948,7684.9500,1671161.6185,561470.4890,1.7156,3.4583,1.7442
2018-06-15,34.9000,34.9000,32.3300,33.2700,-1.1600,-3.3700,25937.7400,86750.7170,11.1100,34.6000,1.5905,3.3751,1.2100,27.2746,25.7179,4.9674,4.2435,4.0975,48537.9500,16307.5948,7684.9500,1614857.5965,542553.6790,1.7755,3.5789,1.7192
2018-06-19,32.5500,33.1800,30.3000,31.2500,-2.0200,-6.0700,20057.2500,63924.6520,10.4400,32.5000,1.2299,2.6099,0.8700,25.6186,24.1564,4.6658,3.9859,3.8487,48537.9500,16307.5948,7684.9500,1516810.9375,509612.3375,1.8902,3.8102,1.8433
2018-06-20,31.4900,32.9700,31.0100,32.5900,1.3400,4.2900,19218.7800,61509.4440,10.8900,33.8900,1.1785,2.5008,0.8700,26.7171,25.1923,4.8658,4.1568,4.0137,48537.9500,16307.5948,7684.9500,1581851.7905,531464.5145,1.8125,3.6536,1.9054
2018-06-21,32.3600,32.7800,31.4400,31.7200,-0.8700,-2.6700,12630.5200,40365.2280,10.5900,32.9900,0.7745,1.6435,0.5700,26.0039,24.5197,4.7359,4.0458,3.9066,48537.9500,16307.5948,7684.9500,1539623.7740,517276.9071,1.8622,3.7538,1.8541
2018-06-22,31.6400,32.4300,31.3000,32.3600,0.6400,2.0200,12633.2800,40531.8770,10.8100,33.6500,0.7747,1.6439,0.6700,26.5285,25.0145,4.8315,4.1275,3.9854,48537.9500,16307.5948,7684.9500,1570688.0620,527713.7677,1.8254,3.6795,1.8963
2018-06-25,32.3900,32.8600,31.7000,31.7800,-0.5800,-1.7900,12124.6000,39246.7570,10.6100,33.0500,0.7435,1.5777,0.6700,26.0531,24.5661,4.7449,4.0535,3.9140,48537.9500,16307.5948,7684.9500,1542536.0510,518255.3627,1.8587,3.7467,1.8524
2018-06-26,31.6000,31.6000,30.3000,31.3500,-0.4300,-1.3500,24478.1600,75777.3030,10.4700,32.6000,1.5010,3.1852,1.6000,25.7006,24.2337,4.6807,3.9987,3.8610,48537.9500,16307.5948,7684.9500,1521664.7325,511243.0970,1.8842,3.7981,1.8987
2018-06-27,31.2000,31.9500,30.2000,30.5100,-0.8400,-2.6800,16398.7100,51208.3290,10.1900,31.7300,1.0056,2.1339,1.0100,25.0119,23.5844,4.5553,3.8915,3.7576,48537.9500,16307.5948,7684.9500,1480892.8545,497544.7173,1.9361,3.9026,1.9231
2018-06-28,30.6000,31.4300,30.3000,30.7400,0.2300,0.7500,13609.0200,41918.4000,10.2700,31.9700,0.8345,1.7709,0.8700,25.2005,23.7622,4.5896,3.9208,3.7859,48537.9500,16307.5948,7684.9500,1492056.5830,501295.4642,1.9216,3.8734,1.9608
2018-06-29,30.7900,31.8800,30.3200,31.4900,0.7500,2.4400,14127.1300,44136.2340,10.5200,32.7500,0.8663,1.8383,0.8900,25.8153,24.3419,4.7016,4.0165,3.8783,48537.9500,16307.5948,7684.9500,1528460.0455,513526.1603,1.8758,3.7812,1.9487
2018-07-02,31.6500,31.8800,30.5000,30.6800,-0.8100,-2.5700,12382.1000,38609.4070,10.2500,31.9100,0.7593,1.6112,0.7700,25.1513,23.7158,4.5807,3.9132,3.7785,48537.9500,16307.5948,7684.9500,1489144.3060,500317.0085,1.9253,3.8810,1.8957
2018-07-03,30.9000,30.9000,29.7000,30.7600,0.0800,0.2600,17855.7800,54264.6370,10.2700,31.9900,1.0949,2.3235,1.1000,25.2169,23.7777,4.5926,3.9234,3.7884,48537.9500,16307.5948,7684.9500,1493027.3420,501621.6160,1.9203,3.8709,1.9417
2018-07-04,30.6000,30.6000,29.0300,29.2300,-1.5300,-4.9700,15052.8700,44828.2920,9.7600,30.4000,0.9231,1.9587,1.0100,23.9626,22.5950,4.3642,3.7282,3.5999,48537.9500,16307.5948,7684.9500,1418764.2785,476670.9960,2.0208,4.0735,1.9608
2018-07-05,29.0600,29.5800,28.2600,28.2800,-0.9500,-3.2500,15665.5500,45416.0690,9.4500,29.4100,0.9606,2.0385,1.0700,23.1838,21.8606,4.2223,3.6071,3.4829,48537.9500,16307.5948,7684.9500,1372653.2260,461178.7809,2.0887,4.2104,2.0647
2018-07-06,28.3500,28.5800,26.5500,27.7200,-0.5600,-1.9800,34765.9800,95750.7970,9.2600,28.8300,2.1319,4.5239,2.3200,22.7247,21.4277,4.1387,3.5356,3.4140,48537.9500,16307.5948,7684.9500,1345471.9740,452046.5279,2.1309,4.2954,2.1164
2018-07-09,27.5900,29.7600,27.5800,29.5100,1.7900,6.4600,24709.6100,71181.5370,9.8600,30.6900,1.5152,3.2153,1.2900,24.1921,22.8114,4.4060,3.7640,3.6344,48537.9500,16307.5948,7684.9500,1432354.9045,481237.1225,2.0017,4.0349,2.1747
2018-07-10,29.9000,31.3800,29.6200,31.0700,1.5600,5.2900,30582.1400,94145.0570,10.3800,32.3100,1.8753,3.6934,1.4200,25.4710,24.0173,4.6389,3.9629,3.8265,48537.9500,16307.5948,8280.1800,1508074.1065,506676.9704,1.9012,3.8323,2.0067
2018-07-11,30.8000,31.8100,30.0000,31.6700,0.6000,1.9300,25114.3100,78361.9880,10.5800,32.9400,1.5400,3.0331,1.0400,25.9629,24.4811,4.7285,4.0395,3.9004,48537.9500,16307.5948,8280.1800,1537196.8765,516461.5273,1.8651,3.7597,1.9481
2018-07-12,31.6700,32.3000,31.1500,31.7100,0.0400,0.1300,18149.3800,57486.7710,10.5900,32.9800,1.1129,2.1919,0.6900,25.9957,24.5120,4.7344,4.0446,3.9054,48537.9500,16307.5948,8280.1800,1539138.3945,517113.8311,1.8628,3.7549,1.8945
2018-07-13,32.2000,32.2000,30.6000,31.5300,-0.1800,-0.5700,20931.3300,65176.0390,10.5300,32.7900,1.2835,2.5279,0.7800,25.8481,24.3729,4.7076,4.0216,3.8832,48537.9500,16307.5948,8280.1800,1530401.5635,514178.4640,1.8734,3.7764,1.8634
2018-07-16,31.0400,31.8000,31.0000,31.4100,-0.1200,-0.3800,11772.7900,36942.2210,10.4900,32.6700,0.7219,1.4218,0.4900,25.7497,24.2801,4.6896,4.0063,3.8684,48537.9500,16307.5948,8280.1800,1524577.0095,512221.5527,1.8806,3.7908,1.9330
2018-07-17,31.2000,31.6500,31.1400,31.4200,0.0100,0.0300,6344.6400,19898.4630,10.4900,32.6800,0.3891,0.7662,0.3000,25.7579,24.2878,4.6911,4.0076,3.8696,48537.9500,16307.5948,8280.1800,1525062.3890,512384.6286,1.8800,3.7896,1.9231
2018-07-18,31.5500,31.9000,31.0200,31.1600,-0.2600,-0.8300,8200.9000,25953.6980,10.4100,32.4100,0.5029,0.9904,0.5000,25.5448,24.0869,4.6523,3.9744,3.8376,48537.9500,16307.5948,8280.1800,1512442.5220,508144.6540,1.8957,3.8212,1.9017
2018-07-19,31.1600,31.7300,31.0500,31.1800,0.0200,0.0600,9018.4800,28337.5680,10.4100,32.4300,0.5530,1.0892,0.6900,25.5612,24.1023,4.6553,3.9770,3.8401,48537.9500,16307.5948,8280.1800,1513413.2810,508470.8059,1.8945,1.9243,1.9255
2018-07-20,31.2900,31.2900,30.4000,30.7400,-0.4400,-1.4100,10266.3700,31591.0170,10.2700,31.9700,0.6295,1.2399,0.9100,25.2005,23.7622,4.5896,3.9208,3.7859,48537.9500,16307.5948,8280.1800,1492056.5830,501295.4642,1.9216,1.9519,1.9175
2018-07-23,30.7400,32.9700,30.7400,32.2900,1.5500,5.0400,27201.7300,87578.2670,10.7900,33.5800,1.6680,3.2852,2.9800,26.4712,24.9604,4.8210,4.1185,3.9768,48537.9500,16307.5948,8280.1800,1567290.4055,526572.2361,1.8293,1.8582,1.9519
2018-07-24,32.2500,32.2500,30.8700,31.5500,-0.7400,-2.2900,22454.3700,70973.1340,10.5400,32.8100,1.3769,2.7118,1.8400,25.8645,24.3883,4.7105,4.0242,3.8857,48537.9500,16307.5948,8280.1800,1531372.3225,514504.6159,1.8722,1.9017,1.8605
2018-07-25,31.5000,31.5000,30.9100,31.2500,-0.3000,-0.9500,19591.5400,61086.9300,10.4400,32.5000,1.2014,2.3661,1.2700,25.6186,24.1564,4.6658,3.9859,3.8487,48537.9500,16307.5948,8280.1800,1516810.9375,509612.3375,1.8902,1.9200,1.9048
2018-07-26,31.2200,31.2500,30.3900,30.4300,-0.8200,-2.6200,17145.3800,52580.0180,10.1600,31.6500,1.0514,2.0707,0.9700,24.9463,23.5226,4.5433,3.8813,3.7477,48537.9500,16307.5948,8280.1800,1477009.8185,496240.1098,1.9412,1.9717,1.9218
2018-07-27,30.6900,30.6900,29.7000,29.8400,-0.5900,-1.9400,16670.0100,50075.4790,9.9700,31.0300,1.0222,2.0132,0.8600,24.4627,23.0665,4.4552,3.8061,3.6751,48537.9500,16307.5948,8280.1800,1448372.4280,486618.6288,1.9795,2.0107,1.9550
2018-07-30,29.8500,30.3200,29.5000,29.9700,0.1300,0.4400,19147.8000,57273.2540,10.0100,31.1700,1.1742,2.3125,0.9300,24.5692,23.1670,4.4746,3.8226,3.6911,48537.9500,16307.5948,8280.1800,1454682.3615,488738.6162,1.9709,2.0020,2.0101
2018-07-31,29.5500,30.2600,29.5500,30.0500,0.0800,0.2700,10348.6600,31101.6160,10.0400,31.2500,0.6346,1.2498,0.5400,24.6348,23.2288,4.4866,3.8328,3.7009,48537.9500,16307.5948,8280.1800,1458565.3975,490043.2237,1.9657,1.9967,2.0305
2018-08-01,30.0500,30.1700,29.0500,29.1200,-0.9300,-3.0900,11586.9900,34374.4610,9.7300,30.2800,0.7105,1.3994,0.7000,23.8724,22.5099,4.3477,3.7142,3.5864,48537.9500,16307.5948,8280.1800,1413425.1040,474877.1606,2.0285,2.0604,1.9967
2018-08-02,29.0100,29.4500,27.0700,28.2000,-0.9200,-3.1600,16265.2900,45879.2030,9.4200,29.3300,0.9974,1.9644,1.0900,23.1182,21.7988,4.2104,3.5969,3.4731,48537.9500,16307.5948,8280.1800,1368770.1900,459874.1734,2.0947,2.1277,2.0683
2018-08-03,28.2400,28.4900,27.2500,27.3900,-0.8100,-2.8700,18788.2000,52185.3470,9.1500,28.4900,1.1521,2.2691,1.2700,22.4542,21.1726,4.0894,3.4936,3.3733,48537.9500,16307.5948,8280.1800,1329454.4505,446665.0216,2.1566,2.1906,2.1246
2018-08-06,27.4700,27.7900,27.0700,27.1100,-0.2800,-1.0200,10021.0000,27464.8030,9.0500,28.1900,0.6145,1.2102,0.6600,22.2246,20.9562,4.0476,3.4578,3.3388,48537.9500,16307.5948,8280.1800,1315863.8245,442098.8950,2.1789,2.2132,2.1842
2018-08-07,27.2000,28.0400,26.9200,27.9100,0.8000,2.9500,11169.9900,30807.7360,9.3200,29.0300,0.6850,1.3490,0.8300,22.8805,21.5746,4.1671,3.5599,3.4374,48537.9500,16307.5948,8280.1800,1354694.1845,455144.9709,2.1164,2.1498,2.2059
2018-08-08,27.9100,27.9400,25.7500,26.2800,-1.6300,-5.8400,27546.1500,73374.9230,8.7800,27.3300,1.6892,3.3268,2.0300,21.5442,20.3146,3.9237,3.3520,3.2366,48537.9500,16307.5948,8280.1800,1275577.3260,428563.5913,2.2477,2.2831,2.1498
2018-08-09,26.2700,26.8300,25.8000,26.4800,0.2000,0.7600,22728.5100,59918.4140,8.8400,27.5400,1.3937,2.7449,1.3600,21.7082,20.4692,3.9536,3.3775,3.2612,48537.9500,16307.5948,8280.1800,1285284.9160,431825.1103,2.2307,2.2659,2.2840
2018-08-10,26.4000,26.8100,26.1700,26.7100,0.2300,0.8700,13561.0000,36145.8690,8.9200,27.7800,0.8316,1.6378,0.7500,21.8967,20.6470,3.9879,3.4068,3.2896,48537.9500,16307.5948,8280.1800,1296448.6445,435575.8571,2.2115,2.2463,2.2727
2018-08-13,26.1800,27.1900,26.1000,27.0300,0.3200,1.2000,9847.5100,26352.1140,9.0300,28.1100,0.6039,1.1893,0.5800,22.1590,20.8943,4.0357,3.4476,3.3290,48537.9500,16307.5948,8280.1800,1311980.7885,440794.2874,2.1853,2.2198,2.2918
2018-08-14,27.1500,27.2700,26.7100,26.8600,-0.1700,-0.6300,12164.2100,32755.6550,8.9700,27.9300,0.7459,1.4691,0.7200,22.0197,20.7629,4.0103,3.4260,3.3080,48537.9500,16307.5948,8280.1800,1303729.3370,438021.9963,2.1992,2.2338,2.2099
2018-08-15,27.0000,27.0000,26.2300,26.2300,-0.6300,-2.3500,10517.0300,27875.4250,8.7600,27.2800,0.6449,1.2701,0.6100,21.5032,20.2759,3.9162,3.3456,3.2305,48537.9500,16307.5948,8280.1800,1273150.4285,427748.2116,2.2520,2.2875,2.2222
2018-08-16,25.7500,26.4900,25.7500,26.2500,0.0200,0.0800,11106.0100,29128.8060,8.7700,27.3000,0.6810,1.3413,0.8100,21.5196,20.2914,3.9192,3.3482,3.2329,48537.9500,16307.5948,8280.1800,1274121.1875,428074.3635,2.2503,2.2857,2.3301
2018-08-17,26.3600,26.7000,25.8600,25.8800,-0.3700,-1.4100,12917.4500,33782.6090,8.6400,26.9200,0.7921,1.5600,1.1300,21.2163,20.0054,3.8640,3.3010,3.1873,48537.9500,16307.5948,8280.1800,1256162.1460,422040.5534,2.2824,2.3184,2.2762
2018-08-20,25.8800,26.1400,25.5100,26.1300,0.2500,0.9700,6562.9500,16962.1700,8.7300,27.1800,0.4024,0.7926,0.5800,21.4212,20.1986,3.9013,3.3328,3.2181,48537.9500,16307.5948,8280.1800,1268296.6335,426117.4521,2.2606,2.2962,2.3184
2018-08-21,26.1800,27.3000,26.0000,27.1400,1.0100,3.8700,17255.9400,46014.8250,9.0600,28.2300,1.0582,2.0840,1.6200,22.2492,20.9794,4.0521,3.4617,3.3425,48537.9500,16307.5948,8280.1800,1317319.9630,442588.1229,2.1765,2.2108,2.2918
2018-08-22,27.1000,27.1000,26.3400,26.5100,-0.6300,-2.3200,10221.5000,27173.0860,8.8500,27.5700,0.6268,1.2345,0.8800,21.7327,20.4924,3.9581,3.3813,3.2649,48537.9500,16307.5948,8280.1800,1286741.0545,432314.3381,2.2282,2.2633,2.2140
2018-08-23,26.7500,26.7500,26.2000,26.3900,-0.1200,-0.4500,6199.0600,16378.3460,8.8100,27.4500,0.3801,0.7487,0.5300,21.6344,20.3996,3.9401,3.3660,3.2502,48537.9500,16307.5948,8280.1800,1280916.5005,430357.4268,2.2383,2.2736,2.2430
2018-08-24,26.3600,26.3600,26.0000,26.0000,-0.3900,-1.4800,9737.0000,25422.4050,8.6800,27.0400,0.5971,1.1117,0.9200,21.3147,20.0981,3.8819,3.3163,3.2021,48537.9500,16307.5948,8758.6805,1261986.7000,423997.4648,2.2719,2.3077,2.2762
2018-08-27,26.1500,26.7500,26.1500,26.5600,0.5600,2.1500,9066.3500,24022.9670,8.8700,27.6200,0.5560,1.0351,0.9100,21.7737,20.5310,3.9655,3.3877,3.2711,48537.9500,16307.5948,8758.6805,1289167.9520,433129.7179,2.2240,2.2590,2.2945
2018-08-28,28.0100,29.2200,27.6800,29.2200,2.6600,10.0200,32321.2900,93286.7720,9.7600,30.3900,1.9820,3.6902,3.0800,23.9544,20.8124,4.0977,3.7270,3.3318,48537.9500,16307.6448,8758.7305,1418278.8990,476509.3811,2.0215,2.0534,2.1421
2018-08-29,29.7000,29.7000,28.3200,28.5600,-0.6600,-2.2600,24604.6200,70969.0750,9.5400,29.7000,1.5088,2.8092,1.8200,23.4133,20.3423,4.0052,3.6428,3.2566,48537.9500,16307.6448,8758.7305,1386243.8520,465746.3355,2.0683,2.1008,2.0202
2018-08-30,28.4600,28.5100,28.0000,28.0000,-0.5600,-1.9600,10724.0600,30214.7470,9.3500,29.1200,0.6576,1.2244,0.6500,22.9542,19.9434,3.9266,3.5714,3.1927,48537.9500,16307.6448,8758.7305,1359062.6000,456614.0544,2.1096,2.1429,2.1082
2018-08-31,28.0100,28.6000,27.5100,28.1800,0.1800,0.6400,15789.4000,44586.7770,9.4100,29.3100,0.9682,1.8027,0.9100,23.1018,20.0716,3.9519,3.5943,3.2132,48537.9500,16307.6448,8758.7305,1367799.4310,459549.4305,2.0961,2.1292,2.1421
2018-09-03,28.1800,28.1800,26.7700,27.3100,-0.8700,-3.0900,15961.0400,43767.5330,9.1200,28.4000,0.9787,1.8223,0.8600,22.3886,19.4519,3.8299,3.4834,3.1140,48537.9500,16307.6448,8758.7305,1325571.4145,445361.7795,2.1629,2.1970,2.1292
2018-09-04,27.2600,28.1700,27.2100,28.1100,0.8000,2.9300,10200.8000,28287.5450,9.3900,29.2300,0.6255,1.1646,0.5100,23.0444,20.0218,3.9421,3.5854,3.2053,48537.9500,16307.6448,8758.7305,1364401.7745,458407.8953,2.1014,2.1345,2.2010
2018-09-05,27.9000,28.0400,27.4000,27.4000,-0.7100,-2.5300,6403.9200,17687.1830,9.1500,28.5000,0.3927,0.7311,0.4100,22.4624,19.5161,3.8425,3.4948,3.1243,48537.9500,16307.6448,8758.7305,1329939.8300,446829.4675,2.1558,2.1898,2.1505
2018-09-06,27.3300,28.0400,27.3300,27.8500,0.4500,1.6400,16468.5300,45775.2340,9.3000,28.9600,1.0099,1.8802,1.3900,22.8313,19.8366,3.9056,3.5522,3.1756,48537.9500,16307.6448,8758.7305,1351781.9075,454167.9077,2.1210,2.1544,2.1954
2018-09-07,27.8200,28.1500,27.4500,27.7100,-0.1400,-0.5000,7481.6400,20745.2900,9.2600,28.8200,0.4588,0.8542,0.5800,22.7165,19.7369,3.8860,3.5344,3.1596,48537.9500,16307.6448,8758.7305,1344986.5945,451884.8374,2.1317,2.1653,2.1567
2018-09-10,27.7000,27.7700,26.9000,26.9000,-0.8100,-2.9200,7242.9900,19636.7830,8.9800,27.9800,0.4441,0.8269,0.6400,22.0525,19.1599,3.7724,3.4311,3.0673,48537.9500,16307.6448,8758.7305,1305670.8550,438675.6451,2.1959,2.2305,2.1661
2018-09-11,26.9000,27.1600,26.7700,26.9100,0.0100,0.0400,3735.6700,10070.1690,8.9900,27.9900,0.2291,0.4265,0.3900,22.0607,19.1670,3.7738,3.4323,3.0684,48537.9500,16307.6448,8758.7305,1306156.2345,438838.7216,2.1951,2.2297,2.2305
2018-09-12,26.9100,27.0500,26.7000,26.7400,-0.1700,-0.6300,4648.0000,12476.0150,8.9300,27.8100,0.2850,0.5307,0.5600,21.9213,19.0460,3.7499,3.4107,3.0490,48537.9500,16307.6448,8758.7305,1297904.7830,436066.4220,2.2090,2.2438,2.2297
2018-09-13,26.8600,27.5400,26.8600,27.4200,0.6800,2.5400,8667.0800,23579.6330,9.1600,28.5200,0.5315,0.9895,1.0900,22.4788,19.5303,3.8453,3.4974,3.1266,48537.9500,16307.6448,8758.7305,1330910.5890,447155.6204,2.1542,2.1882,2.2338
2018-09-14,27.4200,28.0500,27.2900,27.5300,0.1100,0.4000,10876.5900,30085.7830,9.2000,28.6300,0.6670,1.2418,1.7100,22.5689,19.6086,3.8607,3.5114,3.1391,48537.9500,16307.6448,8758.7305,1336249.7635,448949.4613,2.1456,2.1794,2.1882
2018-09-17,27.4700,27.5900,27.0500,27.1500,-0.3800,-1.3800,8659.7800,23582.6060,9.0700,28.2400,0.5310,0.9887,1.2300,22.2574,19.3380,3.8074,3.4629,3.0958,48537.9500,16307.6448,8758.7305,1317805.3425,442752.5563,2.1757,2.2099,2.1842
2018-09-18,27.1500,28.5000,27.1100,28.5000,1.3500,4.9700,11554.6300,32247.1870,9.5200,29.6400,0.7085,1.3192,1.5800,23.3641,20.2995,3.9967,3.6351,3.2497,48537.9500,16307.6448,8758.7305,1383331.5750,464767.8768,2.0726,2.1053,2.2099
2018-09-19,28.4200,29.0400,28.0900,28.8300,0.3300,1.1600,13658.7000,39278.2910,9.6300,29.9800,0.8376,1.5594,1.5400,23.6347,20.5346,4.0430,3.6772,3.2874,48537.9500,16307.6448,8758.7305,1399349.0985,470149.3996,2.0489,2.0812,2.1112
2018-09-20,28.8000,29.1700,28.4700,29.1000,0.2700,0.9400,8380.2600,24165.5340,9.7200,30.2600,0.5139,0.9568,0.7800,23.8560,20.7269,4.0809,3.7117,3.3181,48537.9500,16307.6448,8758.7305,1412454.3450,474552.4637,2.0299,2.0619,2.0833
2018-09-21,28.9700,30.0800,28.9700,29.3700,0.2700,0.9300,20159.7300,59786.0610,9.8100,30.5400,1.2362,2.3017,1.9000,24.0774,20.9192,4.1188,3.7461,3.3489,48537.9500,16307.6448,8758.7305,1425559.5915,478955.5278,2.0112,2.0429,2.0711
2018-09-25,29.3100,30.3000,29.0000,29.5000,0.1300,0.4400,10111.4500,30058.9900,9.8500,30.6800,0.6200,1.1544,0.8100,24.1839,21.0118,4.1370,3.7627,3.3638,48537.9500,16307.6448,8758.7305,1431869.5250,481075.5216,2.0023,2.0339,2.0471
2018-09-26,29.3500,31.0800,29.2500,30.9100,1.4100,4.7800,18892.2600,57510.0250,10.3200,32.1500,1.1585,2.1570,1.4800,25.3398,22.0161,4.3347,3.9425,3.5245,48537.9500,16307.6448,8758.7305,1500308.0345,504069.3008,1.9110,1.9411,2.0443
2018-09-27,30.9100,30.9100,30.3000,30.5100,-0.4000,-1.2900,11476.0900,35073.3110,10.1900,31.7300,0.7037,1.3102,0.8100,25.0119,21.7312,4.2786,3.8915,3.4789,48537.9500,16307.6448,8758.7305,1480892.8545,497546.2428,1.9361,1.9666,1.9411
2018-09-28,30.3200,30.9100,30.3000,30.8200,0.3100,1.0200,8174.6200,25022.4330,10.2900,32.0500,0.5013,0.9333,0.5900,25.2661,21.9520,4.3221,3.9311,3.5143,48537.9500,16307.6448,8758.7305,1495939.6190,502601.6127,1.9166,1.9468,1.9789
2018-10-08,30.2800,30.3500,29.0100,29.6200,-1.2000,-3.8900,14783.9400,43876.9970,9.8900,30.8000,0.9066,1.6879,1.0700,24.2823,21.0973,4.1538,3.7780,3.3774,48537.9500,16307.6448,8758.7305,1437694.0790,483032.4390,1.9942,2.0257,1.9815
2018-10-09,29.7600,30.0700,29.0400,29.2700,-0.3500,-1.1800,10642.2500,31264.3480,9.7800,30.4400,0.6526,1.2150,0.8400,23.9954,20.8480,4.1047,3.7333,3.3375,48537.9500,16307.6448,8758.7305,1420705.7965,477324.7633,2.0181,2.0499,2.0161
2018-10-10,29.5000,29.8000,29.2300,29.4000,0.1300,0.4400,10133.0000,29919.9300,9.8200,30.5800,0.6214,1.1569,0.7900,24.1020,20.9406,4.1230,3.7499,3.3524,48537.9500,16307.6448,8758.7305,1427015.7300,479444.7571,2.0092,2.0408,2.0339
2018-10-11,28.6600,29.6000,28.1500,28.3300,-1.0700,-3.6400,17053.0900,49048.9060,9.4600,29.4600,1.0457,1.9470,1.5400,23.2248,20.1785,3.9729,3.6135,3.2303,48537.9500,16307.6448,8758.7305,1375080.1235,461995.5772,2.0850,2.1179,2.0935
2018-10-12,28.6900,30.6600,28.0300,30.4000,2.0700,7.3100,24611.7400,71711.4310,10.1500,31.6200,1.5092,2.8100,2.0200,24.9217,21.6528,4.2632,3.8775,3.4664,48537.9500,16307.6448,8758.7305,1475553.6800,495752.4019,1.9431,1.9737,2.0913
2018-10-15,30.6500,30.6500,28.5600,29.6800,-0.7200,-2.3700,21883.9700,64112.5390,9.9100,30.8700,1.3419,2.4985,1.4200,24.3315,21.1400,4.1622,3.7856,3.3843,48537.9500,16307.6448,8758.7305,1440606.3560,484010.8977,1.9902,2.0216,1.9576
2018-10-16,29.1500,29.1500,27.3300,27.5000,-2.1800,-7.3500,16483.5600,46950.5760,9.1900,28.6000,1.0108,1.8027,0.9800,22.5443,19.5873,3.8565,3.5076,3.1357,48537.9500,16307.6448,9143.6005,1334793.6250,448460.2320,2.1480,2.1818,2.0583
2018-10-17,27.8000,28.4200,26.7000,27.7800,0.2800,1.0200,11994.3000,32978.1260,9.2800,28.8900,0.7355,1.3118,0.6700,22.7739,19.7867,3.8958,3.5433,3.1676,48537.9500,16307.6448,9143.6005,1348384.2510,453026.3725,2.1263,2.1598,2.1583
2018-10-18,27.4600,28.1600,26.8800,27.4000,-0.3800,-1.3700,5668.1100,15653.0700,9.1500,28.5000,0.3476,0.6199,0.3100,22.4624,19.5161,3.8425,3.4948,3.1243,48537.9500,16307.6448,9143.6005,1329939.8300,446829.4675,2.1558,2.1898,2.1850
2018-10-19,27.3900,29.3800,27.2000,29.2300,1.8300,6.6800,13444.8300,38284.7930,9.7600,30.4000,0.8244,1.4704,0.8300,23.9626,20.8195,4.0991,3.7282,3.3330,48537.9500,16307.6448,9143.6005,1418764.2785,476672.4575,2.0208,2.0527,2.1906
2018-10-22,30.3000,30.9300,30.0000,30.5100,1.2800,4.3800,28134.2600,85581.2410,10.1900,31.7300,1.7252,3.0769,2.0200,25.0119,21.7312,4.2786,3.8915,3.4789,48537.9500,16307.6448,9143.6005,1480892.8545,497546.2428,1.9361,1.9666,1.9802
2018-10-23,30.2300,30.6600,29.7200,30.6600,0.1500,0.4900,13918.0300,42013.9970,10.2400,31.8900,0.8535,1.5222,0.9200,25.1349,21.8380,4.2997,3.9106,3.4960,48537.9500,16307.6448,9143.6005,1488173.5470,499992.3896,1.9266,1.9569,1.9848
2018-10-24,32.5000,32.9600,30.7500,30.9500,0.2900,0.9500,39921.8200,126034.7730,10.3400,32.1900,2.4480,4.3661,2.7300,25.3726,19.4877,4.0419,3.9476,3.2414,48537.9500,16307.6448,9143.6005,1502249.5525,504721.6066,1.9085,1.9386,1.8462
2018-10-25,30.5600,32.4500,29.9000,31.8000,0.8500,2.7500,32441.2800,101842.8920,10.6200,33.0700,1.9893,3.5480,1.6000,26.0695,20.0229,4.1529,4.0560,3.3304,48537.9500,16307.6448,9143.6005,1543506.8100,518583.1046,1.8575,1.8868,1.9634
2018-10-26,31.5000,32.2600,31.5000,31.6300,-0.1700,-0.5300,17800.3600,56787.2780,10.5600,32.9000,1.0915,1.9468,0.7000,25.9301,19.9158,4.1307,4.0344,3.3126,48537.9500,16307.6448,9143.6005,1535255.3585,515810.8050,1.8675,1.8969,1.9048
2018-10-29,31.7600,32.4800,30.5000,30.9600,-0.6700,-2.1200,12935.1600,40471.9380,10.3400,32.2000,0.7932,1.4147,0.4900,25.3808,19.4940,4.0432,3.9489,3.2424,48537.9500,16307.6448,9143.6005,1502734.9320,504884.6830,1.9079,1.9380,1.8892
2018-10-30,30.9200,31.3200,30.1500,30.5500,-0.4100,-1.3200,16744.9200,51147.2030,10.2000,31.7700,1.0268,1.8313,0.7200,25.0447,19.2358,3.9897,3.8966,3.1995,48537.9500,16307.6448,9143.6005,1482834.3725,498198.5486,1.9335,1.9640,1.9405
2018-10-31,30.5500,31.8800,30.5500,31.0800,0.5300,1.7300,20666.0700,64797.1780,10.3800,32.3200,1.2673,2.2602,0.8600,25.4792,19.5695,4.0589,3.9642,3.2550,48537.9500,16307.6448,9143.6005,1508559.4860,506841.6004,1.9006,1.9305,1.9640
2018-11-01,31.0800,32.0700,31.0600,31.4400,0.3600,1.1600,18608.3300,58756.0200,10.5000,32.7000,1.1411,2.0351,0.9200,25.7743,19.7962,4.1059,4.0101,3.2927,48537.9500,16307.6448,9143.6005,1526033.1480,512712.3525,1.8788,1.9084,1.9305
2018-11-02,32.1800,32.8500,31.4400,32.6700,1.2300,3.9100,20627.6800,66332.3150,10.9100,33.9800,1.2649,2.2560,1.1900,26.7827,20.5707,4.2665,4.1670,3.4215,48537.9500,16307.6448,9143.6005,1585734.8265,532770.7556,1.8081,1.8365,1.8645
2018-11-05,32.6000,32.6000,31.8300,32.1800,-0.4900,-1.5000,18688.5200,59975.4640,10.7500,33.4700,1.1460,2.0439,1.0400,26.3810,20.2622,4.2025,4.1045,3.3702,48537.9500,16307.6448,9143.6005,1561951.2310,524780.0097,1.8356,1.8645,1.8405
2018-11-06,31.9900,32.3300,31.7000,32.1300,-0.0500,-0.1600,9832.2000,31574.2610,10.7300,33.4200,0.6029,1.0753,0.5200,26.3400,20.2307,4.1960,4.0981,3.3650,48537.9500,16307.6448,9143.6005,1559524.3335,523964.6274,1.8384,1.8674,1.8756
2018-11-07,32.0000,32.2500,31.4400,31.7300,-0.4000,-1.2400,15722.7500,50191.4930,10.6000,33.0000,0.9641,1.7195,0.8900,26.0121,19.9788,4.1438,4.0471,3.3231,48537.9500,16307.6448,9143.6005,1540109.1535,517441.5695,1.8616,1.8910,1.8750
2018-11-08,32.0400,32.2200,30.6500,30.9100,-0.8200,-2.5800,16098.3800,50480.3850,10.3200,32.1500,0.9872,1.7606,0.9600,25.3398,19.4625,4.0367,3.9425,3.2372,48537.9500,16307.6448,9143.6005,1500308.0345,504069.3008,1.9110,1.9411,1.8727
2018-11-09,31.0200,31.2600,30.6500,31.1100,0.2000,0.6500,16009.9900,49690.5470,10.3900,32.3500,0.9817,1.7510,0.9900,25.5038,19.5884,4.0628,3.9680,3.2581,48537.9500,16307.6448,9143.6005,1510015.6245,507330.8297,1.8987,1.9286,1.9342
2018-11-12,31.2600,31.2600,30.4300,31.2100,0.1000,0.3200,21567.5200,66415.1140,10.4200,32.4600,1.3225,2.3588,1.4100,25.5858,19.6514,4.0759,3.9808,3.2686,48537.9500,16307.6448,9143.6005,1514869.4195,508961.5942,1.8926,1.9225,1.9194
2018-11-13,30.8300,31.8800,30.8300,31.5300,0.3200,1.0300,13144.5300,41057.1020,10.5300,32.7900,0.8060,1.4376,0.8300,25.8481,19.8529,4.1176,4.0216,3.3021,48537.9500,16307.6448,9143.6005,1530401.5635,514180.0405,1.8734,1.9029,1.9462
2018-11-14,31.3800,31.8600,30.9300,31.3700,-0.1600,-0.5100,9408.5300,29558.3450,10.4800,32.6200,0.5769,1.0290,0.5700,25.7169,19.7521,4.0968,4.0012,3.2854,48537.9500,16307.6448,9143.6005,1522635.4915,511570.8174,1.8830,1.9127,1.9120
2018-11-15,31.4100,31.7700,30.8300,31.5400,0.1700,0.5400,14106.2200,44074.3250,10.5300,32.8000,0.8650,1.5427,0.9300,25.8563,19.8592,4.1190,4.0229,3.3032,48537.9500,16307.6448,9143.6005,1530886.9430,514343.1170,1.8728,1.9023,1.9102
2018-11-16,31.4000,31.8500,31.1800,31.5700,0.0300,0.1000,11832.6100,37286.3470,10.5400,32.8300,0.7256,1.2941,0.8000,25.8809,19.8781,4.1229,4.0267,3.3063,48537.9500,16307.6448,9143.6005,1532343.0815,514832.3463,1.8711,1.9005,1.9108
2018-11-19,31.5000,32.1500,31.3100,31.9700,0.4000,1.2700,11583.4000,36862.6990,10.6800,33.2500,0.7103,1.2668,0.8300,26.2088,20.1299,4.1751,4.0777,3.3482,48537.9500,16307.6448,9143.6005,1551758.2615,521355.4043,1.8476,1.8768,1.9048
2018-11-20,31.9400,32.2000,31.1000,31.4900,-0.4800,-1.5000,12575.0000,39772.1810,10.5200,32.7500,0.7711,1.3753,1.0500,25.8153,19.8277,4.1124,4.0165,3.2979,48537.9500,16307.6448,9143.6005,1528460.0455,513527.7348,1.8758,1.9054,1.8785
2018-11-21,31.0200,31.1900,30.3000,30.6300,-0.8600,-2.7300,12280.6100,37612.0720,10.2300,31.8600,0.7531,1.3431,1.0300,25.1103,19.2862,4.0001,3.9068,3.2079,48537.9500,16307.6448,9143.6005,1486717.4085,499503.1602,1.9285,1.9589,1.9342
2018-11-22,30.8000,30.9500,30.2600,30.6100,-0.0200,-0.0700,8158.6800,24972.8100,10.2200,31.8300,0.5003,0.8923,0.6500,25.0939,19.2736,3.9975,3.9043,3.2058,48537.9500,16307.6448,9143.6005,1485746.6495,499177.0073,1.9297,1.9601,1.9481
2018-11-23,30.5900,30.8600,29.6100,30.2000,-0.4100,-1.3400,9611.4200,28811.7950,10.0900,31.4100,0.5894,1.0512,0.8500,24.7578,19.0154,3.9440,3.8520,3.1628,48537.9500,16307.6448,9143.6005,1465846.0900,492490.8730,1.9559,1.9868,1.9614
2018-11-26,29.8000,30.1900,28.9500,29.0700,-1.1300,-3.7400,12646.6000,37202.3070,9.7100,30.2300,0.7755,1.3831,1.1700,23.8314,18.3039,3.7964,3.7078,3.0445,48537.9500,16307.6448,9143.6005,1410998.2065,474063.2343,2.0320,2.0640,2.0134
2018-11-27,29.0700,29.4900,28.7900,29.1200,0.0500,0.1700,9313.3600,27042.4640,9.7300,30.2800,0.5711,0.9421,0.8400,23.8724,18.3354,3.8029,3.7142,3.0497,48537.9500,16307.6448,9885.8256,1413425.1040,474878.6166,2.0285,2.0604,2.0640
2018-11-28,29.1800,29.5400,28.9100,29.4400,0.3200,1.1000,5714.9900,16734.7280,9.8300,30.6200,0.3504,0.5781,0.5500,24.1347,18.5369,3.8447,3.7550,3.0832,48537.9500,16307.6448,9885.8256,1428957.2480,480097.0629,2.0064,2.0380,2.0562
2018-11-29,29.6800,30.2800,29.4600,29.5000,0.0600,0.2000,12365.3500,36987.3880,9.8500,30.6800,0.7583,1.2508,1.3600,24.1839,18.5747,3.8525,3.7627,3.0895,48537.9500,16307.6448,9885.8256,1431869.5250,481075.5216,2.0023,2.0339,2.0216
2018-11-30,29.1700,29.7300,29.0700,29.6000,0.1000,0.3400,7906.7800,23153.2010,9.8900,30.7800,0.4849,0.7998,0.8000,24.2659,18.6377,3.8656,3.7754,3.1000,48537.9500,16307.6448,9885.8256,1436723.3200,482706.2861,1.9956,2.0270,2.0569
2018-12-03,30.1200,30.6900,29.9000,30.5700,0.9700,3.2800,13519.4900,41074.0570,10.2100,31.7900,0.8290,1.3676,1.4100,25.0611,19.2484,3.9923,3.8992,3.2016,48537.9500,16307.6448,9885.8256,1483805.1315,498524.7015,1.9323,1.9627,1.9920
2018-12-04,30.6400,31.2400,30.3000,30.8300,0.2600,0.8500,18454.4800,56836.6980,10.3000,32.0600,1.1316,1.8668,1.8900,25.2743,19.4121,4.0262,3.9323,3.2288,48537.9500,16307.6448,9885.8256,1496424.9985,502764.6892,1.9160,1.9462,1.9582
2018-12-05,30.4000,31.1300,30.4000,30.8100,-0.0200,-0.0600,10119.7400,31179.0040,10.2900,32.0400,0.6206,1.0237,0.8700,25.2579,19.3995,4.0236,3.9298,3.2267,48537.9500,16307.6448,9885.8256,1495454.2395,502438.5363,1.9172,1.9474,1.9737
2018-12-06,30.8100,31.0500,30.0000,30.2300,-0.5800,-1.8800,12585.1900,38538.2170,10.1000,31.4400,0.7717,1.2731,1.0100,24.7824,19.0343,3.9479,3.8558,3.1660,48537.9500,16307.6448,9885.8256,1467302.2285,492980.1023,1.9540,1.9848,1.9474
2018-12-07,30.2000,30.6800,30.0800,30.4000,0.1700,0.5600,8212.7200,25003.7720,10.1500,31.6200,0.5036,0.8308,0.6600,24.9217,19.1414,3.9701,3.8775,3.1838,48537.9500,16307.6448,9885.8256,1475553.6800,495752.4019,1.9431,1.9737,1.9868
2018-12-10,29.7500,29.7700,28.0500,28.0900,-2.3100,-7.6000,43729.9400,124861.7090,9.3800,29.2100,2.6816,4.4235,3.4800,23.0280,17.6869,3.6684,3.5828,2.9419,48537.9500,16307.6448,9885.8256,1363431.0155,458081.7424,2.1029,2.1360,2.0168
2018-12-11,28.1300,28.8500,28.1300,28.7200,0.6300,2.2400,18740.8300,53335.9650,9.5900,29.8700,1.1492,1.8957,1.0100,23.5445,18.0836,3.7507,3.6632,3.0078,48537.9500,16307.6448,9885.8256,1394009.9240,468355.5587,2.0567,2.0891,2.1330
2018-12-12,29.0700,29.1800,28.8100,28.9300,0.2100,0.7300,15184.1500,44034.1690,9.6600,30.0900,0.9311,1.5360,0.8100,23.7166,18.2158,3.7781,3.6900,3.0298,48537.9500,16307.6448,9885.8256,1404202.8935,471780.1641,2.0418,2.0740,2.0640
2018-12-13,29.3000,30.0500,29.0700,29.3600,0.4300,1.4900,15063.1800,44466.2360,9.8100,30.5300,0.9237,1.5237,0.7600,24.0692,18.4865,3.8343,3.7448,3.0749,48537.9500,16307.6448,9885.8256,1425074.2120,478792.4513,2.0119,2.0436,2.0478
2018-12-14,29.6600,29.9300,29.0100,29.1000,-0.2600,-0.8900,13678.0300,40270.1320,9.7200,30.2600,0.8387,1.3836,0.6800,23.8560,18.3228,3.8003,3.7117,3.0476,48537.9500,16307.6448,9885.8256,1412454.3450,474552.4637,2.0299,2.0619,2.0229
2018-12-17,29.0000,29.0000,28.0000,28.4500,-0.6500,-2.2300,16154.8100,45949.8300,9.5000,29.5900,0.9906,1.6341,0.7600,23.3231,17.9136,3.7154,3.6288,2.9796,48537.9500,16307.6448,9885.8256,1380904.6775,463952.4946,2.0762,2.1090,2.0690
2018-12-18,28.6900,29.4800,28.4000,29.3700,0.9200,3.2300,20274.3400,58923.1180,9.8100,30.5400,1.2432,2.0508,1.2900,24.0774,18.4928,3.8356,3.7461,3.0759,48537.9500,16307.6448,9885.8256,1425559.5915,478955.5278,2.0112,2.0429,2.0913
2018-12-19,29.3000,29.3000,28.1000,28.2800,-1.0900,-3.7100,17306.8100,49095.3700,9.4500,29.4100,1.0613,1.7507,1.0800,23.1838,17.8065,3.6932,3.6071,2.9618,48537.9500,16307.6448,9885.8256,1372653.2260,461180.1949,2.0887,2.1216,2.0478
2018-12-20,28.0000,28.3300,27.6000,28.1800,-0.1000,-0.3500,9969.5600,27908.0780,9.4100,29.3100,0.6113,1.0085,0.6000,23.1018,17.7436,3.6802,3.5943,2.9513,48537.9500,16307.6448,9885.8256,1367799.4310,459549.4305,2.0961,2.1292,2.1429
2018-12-21,28.3200,28.6500,28.0000,28.0800,-0.1000,-0.3500,10267.5300,29044.3280,9.3800,29.2000,0.6296,1.0386,0.6600,23.0198,17.6806,3.6671,3.5816,2.9408,48537.9500,16307.6448,9885.8256,1362945.6360,457918.6660,2.1036,2.1368,2.1186
2018-12-24,28.0800,28.5600,27.6800,28.3600,0.2800,1.0000,9472.5700,26823.8880,9.4700,29.4900,0.5809,0.9582,,23.2494,17.8569,3.7037,3.6173,2.9701,48537.9500,16307.6448,9885.8256,1376536.2620,462484.8065,2.0828,2.1157,2.1368
2018-12-25,28.1600,28.5600,27.8900,28.4900,0.1300,0.4600,10648.9300,30044.9990,9.5200,29.6300,0.6530,1.0772,0.7900,23.3559,17.9387,3.7206,3.6339,2.9838,48537.9500,16307.6448,9885.8256,1382846.1955,464604.8004,2.0733,2.1060,2.1307
2018-12-26,28.2500,28.4000,27.9000,28.0900,-0.4000,-1.4000,10035.5500,28212.8870,9.3800,29.2100,0.6154,1.0151,0.8700,23.0280,17.6869,3.6684,3.5828,2.9419,48537.9500,16307.6448,9885.8256,1363431.0155,458081.7424,2.1029,2.1360,2.1239
2018-12-27,28.3800,28.5000,27.4800,27.8200,-0.2700,-0.9600,13509.0000,37630.4940,9.2900,28.9300,0.8284,1.3665,1.3400,22.8067,17.5169,3.6331,3.5484,2.9136,48537.9500,16307.6448,9885.8256,1350325.7690,453678.6783,2.1233,2.1567,2.1142
2018-12-28,27.7900,27.8700,27.3100,27.6300,-0.1900,-0.6800,12324.2100,33934.0440,9.2300,28.7400,0.7557,1.2467,1.1400,22.6509,17.3972,3.6083,3.5242,2.8937,48537.9500,16307.6448,9885.8256,1341103.5585,450580.2258,2.1379,2.1716,2.1591
2019-01-02,27.6100,27.8300,26.2300,26.5000,-1.1300,-4.0900,20948.1900,55713.0710,8.8500,27.5600,1.2846,2.1190,1.8700,21.7245,16.6857,3.4608,3.3800,2.7753,48537.9500,16307.6448,9885.8256,1286255.6750,432152.5872,2.2642,2.2642,2.2421
2019-01-03,26.5100,27.1000,26.0100,27.0100,0.5100,1.9200,23312.6600,61774.0670,9.0200,28.0900,1.4296,2.3582,1.7300,22.1426,17.0069,3.5274,3.4451,2.8288,48537.9500,16307.6448,9885.8256,1311010.0295,440469.4860,2.2214,2.2214,2.3351
2019-01-04,26.8500,27.4700,26.2300,27.1000,0.0900,0.3300,24404.5900,65414.9310,9.0500,28.1800,1.4965,2.4686,1.5200,22.2164,17.0635,3.5391,3.4566,2.8382,48537.9500,16307.6448,9885.8256,1315378.4450,441937.1741,2.2140,2.2140,2.3056
2019-01-07,27.0900,27.5000,26.8000,27.1700,0.0700,0.2600,18822.8700,51160.9340,9.0700,28.2600,1.1542,1.9040,1.0000,22.2738,17.1076,3.5483,3.4655,2.8455,48537.9500,16307.6448,9885.8256,1318776.1015,443078.7092,2.2083,2.2083,2.2852
2019-01-08,27.3000,27.3000,26.7300,27.1700,0.0000,0.0000,11598.1500,31368.8160,9.0700,28.2600,0.7112,1.1732,0.5800,22.2738,17.1076,3.5483,3.4655,2.8455,48537.9500,16307.6448,9885.8256,1318776.1015,443078.7092,2.2083,2.2083,2.2676
2019-01-09,27.3300,27.5500,26.8800,27.1600,-0.0100,-0.0400,17874.2400,48675.0730,9.0700,28.2500,1.0961,1.8081,0.9000,22.2656,17.1013,3.5470,3.4642,2.8445,48537.9500,16307.6448,9885.8256,1318290.7220,442915.6328,2.2091,2.2091,2.2651
2019-01-10,26.9800,27.2200,26.8900,27.1100,-0.0500,-0.1800,8915.5300,24116.1220,9.0500,28.1900,0.5467,0.9018,0.4600,22.2246,17.0698,3.5404,3.4578,2.8392,48537.9500,16307.6448,9885.8256,1315863.8245,442100.2505,2.2132,2.2132,2.2945
2019-01-11,26.9500,27.0900,26.6100,26.8800,-0.2300,-0.8500,14158.9200,37978.3240,8.9800,27.9600,0.8682,1.4322,0.8700,22.0361,16.9250,3.5104,3.4285,2.8151,48537.9500,16307.6448,9885.8256,1304700.0960,438349.4922,2.2321,2.2321,2.2970
2019-01-14,26.8600,26.9900,26.5500,26.7300,-0.1500,-0.5600,8733.2700,23409.4610,8.9300,27.8000,0.5355,0.8834,0.6100,21.9131,16.8306,3.4908,3.4094,2.7994,48537.9500,16307.6448,9885.8256,1297419.4035,435903.3455,2.2447,2.2447,2.3047
2019-01-15,26.7300,26.7900,26.1100,26.6700,-0.0600,-0.2200,28636.0200,75447.9930,8.9100,27.7400,1.7560,2.8967,2.3400,21.8639,16.7928,3.4830,3.4017,2.7931,48537.9500,16307.6448,9885.8256,1294507.1265,434924.8868,2.2497,2.2497,2.3159
2019-01-16,26.5500,27.3000,26.3500,27.0500,0.3800,1.4200,20476.9800,55157.1100,9.0300,28.1300,1.2557,2.0713,1.3100,22.1754,17.0320,3.5326,3.4502,2.8329,48537.9500,16307.6448,9885.8256,1312951.5475,441121.7918,2.2181,2.2181,2.3316
2019-01-17,27.0300,27.2800,26.7100,27.1800,0.1300,0.4800,12497.1600,33732.2600,9.0800,28.2700,0.7663,1.2641,0.7700,22.2820,17.1139,3.5496,3.4668,2.8466,48537.9500,16307.6448,9885.8256,1319261.4810,443241.7857,2.2075,2.2075,2.2902
2019-01-18,27.1800,27.4600,26.9000,27.3000,0.1200,0.4400,13562.0800,36933.8780,9.1200,28.3900,0.8316,1.3719,0.8000,22.3804,17.1895,3.5652,3.4821,2.8591,48537.9500,16307.6448,9885.8256,1325086.0350,445198.7030,2.1978,2.1978,2.2776
2019-01-21,27.2800,27.6000,27.2000,27.5300,0.2300,0.8400,15649.4700,42933.8080,9.2000,28.6300,0.9596,1.5830,0.9300,22.5689,17.3343,3.5953,3.5114,2.8832,48537.9500,16307.6448,9885.8256,1336249.7635,448949.4613,2.1794,2.1794,2.2692
2019-01-22,27.4900,27.5000,27.0100,27.0300,-0.5000,-1.8200,12280.5100,33299.1290,9.0300,28.1100,0.7531,1.2422,0.6800,22.1590,17.0195,3.5300,3.4476,2.8309,48537.9500,16307.6448,9885.8256,1311980.7885,440795.6389,2.2198,2.2198,2.2519
2019-01-23,26.9000,27.3000,26.9000,27.2700,0.2400,0.8900,8820.9900,23984.7960,9.1100,28.3600,0.5409,0.8923,0.5900,22.3558,17.1706,3.5613,3.4783,2.8560,48537.9500,16307.6448,9885.8256,1323629.8965,444709.4737,2.2002,2.2002,2.3013
2019-01-24,27.1900,27.3600,26.8100,26.8500,-0.4200,-1.5400,16925.4400,45561.8770,8.9700,27.9200,1.0379,1.7121,1.3500,22.0115,16.9061,3.5065,3.4247,2.8120,48537.9500,16307.6448,9885.8256,1303243.9575,437860.2629,2.2346,2.2346,2.2767
2019-01-25,26.8500,27.2500,26.8300,27.0400,0.1900,0.7100,12726.7200,34431.7130,9.0300,28.1200,0.7804,1.2874,0.9500,22.1672,17.0257,3.5313,3.4489,2.8319,48537.9500,16307.6448,9885.8256,1312466.1680,440958.7154,2.2189,2.2189,2.3056
2019-01-28,27.0600,27.4500,27.0600,27.3500,0.3100,1.1500,17583.6500,48016.9510,9.1400,28.4400,1.0782,1.7787,1.3200,22.4214,17.2209,3.5718,3.4885,2.8644,48537.9500,16307.6448,9885.8256,1327512.9325,446014.0853,2.1938,2.1938,2.2877
2019-01-29,27.4000,29.3400,27.4000,29.0300,1.6800,6.1400,52413.1800,149253.3040,9.7000,30.1900,3.2140,5.3019,3.8300,23.7986,18.2788,3.7912,3.7027,3.0403,48537.9500,16307.6073,9885.7881,1409056.6885,473409.8399,2.0668,2.0668,2.2593
2019-01-30,29.0000,29.3500,28.1500,28.7000,-0.3300,-1.1400,26614.6000,76188.9890,9.5900,29.8500,1.6320,2.6922,1.2300,23.5281,18.0710,3.7481,3.6606,3.0057,48537.9500,16307.6073,9885.7881,1393039.1650,468028.3295,2.0906,2.0906,2.1346
2019-01-31,28.5300,28.7400,28.3300,28.4000,-0.3000,-1.0500,14840.5600,42316.5150,9.4900,29.5400,0.9100,1.5012,0.5900,23.3744,17.9529,3.6963,3.6367,2.9861,48730.3000,16307.6073,9885.7881,1383940.5200,463136.0473,2.1043,2.1043,2.1698
2019-02-01,28.4500,28.7800,28.3500,28.6700,0.2700,0.9500,12940.3200,37005.8020,9.5800,29.8200,0.7935,1.3090,0.5200,23.5966,18.1236,3.7315,3.6713,3.0145,48730.3000,16307.6073,9885.7881,1397097.7010,467539.1013,2.0845,2.0845,2.1759
2019-02-11,28.6700,28.9600,28.0800,28.5900,-0.0800,-0.2800,24882.6200,71106.5560,9.5500,29.7300,1.5258,2.5170,1.0000,23.5308,18.0730,3.7211,3.6611,3.0061,48730.3000,16307.6073,9885.7881,1393199.2770,466234.4927,2.0904,2.0904,2.1592
2019-02-12,28.5900,29.1700,28.2800,29.1200,0.5300,1.8500,26464.7300,75995.4130,9.7300,30.2800,1.6228,2.6770,1.0000,23.9670,18.4081,3.7901,3.7289,3.0618,48730.3000,16307.6073,9885.7881,1419026.3360,474877.5246,2.0523,2.0523,2.1653
2019-02-13,28.9900,29.8900,28.7200,29.5600,0.4400,1.5100,21096.9200,62113.9870,9.8700,30.7400,1.2937,2.1341,1.0000,24.3292,18.6862,3.8473,3.7853,3.1081,48730.3000,16307.6073,9885.7881,1440467.6680,482052.8718,2.0218,2.0218,2.1354
2019-02-14,29.4500,29.7000,29.2300,29.4000,-0.1600,-0.5400,14416.7300,42451.9130,9.8200,30.5800,0.8840,1.4583,0.7200,24.1975,18.5851,3.8265,3.7648,3.0913,48730.3000,16307.6073,9885.7881,1432670.8200,479443.6546,2.0328,2.0328,2.1020
2019-02-15,29.3000,29.3700,28.3000,28.3900,-1.0100,-3.4400,29474.9300,84526.9680,9.4800,29.5300,1.8074,2.9815,1.4800,23.3662,17.9466,3.6950,3.6355,2.9851,48730.3000,16307.6073,9885.7881,1383453.2170,462972.9712,2.1051,2.1051,2.1128
2019-02-18,28.6000,29.4700,28.5600,29.4600,1.0700,3.7700,26833.8700,77813.7660,9.8400,30.6400,1.6455,2.7144,1.1500,24.2468,18.6230,3.8343,3.7725,3.0976,48730.3000,16307.6073,9885.7881,1435594.6380,480422.1111,2.0286,2.0286,2.1645
2019-02-19,30.4000,30.5000,29.2600,29.8900,0.4300,1.4600,46123.9800,137818.3650,9.9800,31.0900,2.8284,4.6657,1.9500,24.6008,18.0672,3.8903,3.8275,2.9909,48730.3000,16307.6073,9885.7881,1456548.6670,487434.3822,1.9994,1.9994,2.0363
2019-02-20,29.9000,30.7800,29.9000,30.3600,0.4700,1.5700,33238.4000,101120.1710,10.1400,31.5700,2.0382,3.3622,1.2000,24.9876,18.3513,3.9514,3.8877,3.0379,48730.3000,16307.6073,9885.7881,1479451.9080,495098.9576,1.9685,1.9685,2.0704
2019-02-21,30.3600,30.4500,29.8000,30.0300,-0.3300,-1.0900,19136.3500,57688.5150,10.0300,31.2300,1.1735,1.9357,0.6400,24.7160,18.1518,3.9085,3.8455,3.0049,48730.3000,16307.6073,9885.7881,1463370.9090,489717.4472,1.9901,1.9901,2.0390
2019-02-22,29.8200,30.2500,29.6300,30.1800,0.1500,0.5000,11235.6600,33671.3320,10.0800,31.3900,0.6890,1.1365,0.3600,24.8394,18.2425,3.9280,3.8647,3.0199,48730.3000,16307.6073,9885.7881,1470680.4540,492163.5883,1.9802,1.9802,2.0759
2019-02-25,30.5300,31.2000,29.9100,31.0900,0.9100,3.0200,50560.4800,155031.6270,10.3800,32.3300,3.1004,5.1145,1.8500,25.5884,18.7925,4.0465,3.9812,3.1110,48730.3000,16307.6073,9885.7881,1515025.0270,507003.5110,1.9223,1.9223,2.0277
2019-02-26,30.8600,30.9000,29.7900,30.3000,-0.7900,-2.5400,49360.0500,149135.3350,10.1200,31.5100,3.0268,4.9930,1.5400,24.9382,18.3150,3.9436,3.8800,3.0319,48730.3000,16307.6073,9885.7881,1476528.0900,494120.5012,1.9724,1.9724,2.0060
2019-02-27,30.2300,30.4900,29.8000,30.0700,-0.2300,-0.7600,27197.4700,82179.0570,10.0400,31.2700,1.6678,2.7512,0.8300,24.7489,18.1760,3.9137,3.8506,3.0089,48730.3000,16307.6073,9885.7881,1465320.1210,490369.7515,1.9875,1.9875,2.0478
2019-02-28,30.0900,30.4000,29.8000,29.9800,-0.0900,-0.3000,15092.9900,45347.1130,10.0100,31.1800,0.9255,1.5267,0.4800,24.6748,18.1216,3.9020,3.8391,2.9999,48730.3000,16307.6073,9885.7881,1460934.3940,488902.0669,1.9934,1.9934,2.0573
2019-03-01,30.2000,30.2800,29.7200,30.0500,0.0700,0.2300,14763.5600,44191.6780,10.0400,31.2500,0.9053,1.4934,0.4800,24.7324,18.1639,3.9111,3.8480,3.0069,48730.3000,16307.6073,9885.7881,1464345.5150,490043.5994,1.9888,1.9888,2.0498
2019-03-04,30.0700,30.7600,30.0600,30.4200,0.3700,1.2300,35146.2200,107119.5130,10.1600,31.6400,2.1552,3.5552,1.1200,25.0370,18.3875,3.9593,3.8954,3.0439,48730.3000,16307.6073,9885.7881,1482375.7260,496077.4141,1.9646,1.9646,2.0587
2019-03-05,30.4300,30.4400,29.9000,30.3000,-0.1200,-0.3900,23103.9500,69486.6820,10.1200,31.5100,1.4168,2.3371,0.8200,24.9382,18.3150,3.9436,3.8800,3.0319,48730.3000,16307.6073,9885.7881,1476528.0900,494120.5012,1.9724,1.9724,2.0343
2019-03-06,30.3300,31.3100,30.1500,31.1700,0.8700,2.8700,40734.4900,125175.4880,10.4100,32.4200,2.4979,4.1205,1.7700,25.6543,18.8409,4.0569,3.9914,3.1190,48730.3000,16307.6073,9885.7881,1518923.4510,508308.1195,1.9173,1.9173,2.0410
2019-03-07,30.9200,31.2000,30.7100,30.8700,-0.3000,-0.9600,23849.6600,73768.9280,10.3100,32.1000,1.4625,2.4125,0.9300,25.4073,18.6595,4.0178,3.9530,3.0890,48730.3000,16307.6073,9885.7881,1504304.3610,503415.8374,1.9360,1.9360,2.0021
2019-03-08,30.8700,30.8700,30.3000,30.4000,-0.4700,-1.5200,20135.7200,61442.6440,10.1500,31.6200,1.2347,2.0368,0.7300,25.0205,18.3754,3.9567,3.8928,3.0419,48730.3000,16307.6073,9885.7881,1481401.1200,495751.2619,1.9659,1.9659,2.0053
2019-03-11,30.0000,30.8000,30.0000,30.7600,0.3600,1.1800,18920.0300,57482.7380,10.2700,31.9900,1.1602,1.8756,0.6600,25.3168,18.5930,4.0035,3.9389,3.0779,48730.3000,16307.6073,10087.3040,1498944.0280,501622.0005,1.9429,1.9429,2.0635
2019-03-12,30.7300,32.5000,30.3000,32.0000,1.2400,4.0300,31573.1100,97342.9570,10.6900,33.2800,1.9361,3.1300,1.2500,26.3374,19.3426,4.1649,4.0977,3.2020,48730.3000,16307.6073,10087.3040,1559369.6000,521843.4336,1.8676,1.8676,2.0145
2019-03-13,31.5000,31.9700,30.6800,31.0200,-0.9800,-3.0600,40851.3900,127819.2270,10.3600,32.2600,2.5051,4.0498,1.5100,25.5308,18.7502,4.0373,3.9722,3.1040,48730.3000,16307.6073,10087.3040,1511613.9060,505861.9784,1.9266,1.9266,1.9652
2019-03-14,30.8900,31.1600,30.0300,30.4300,-0.5900,-1.9000,13374.0000,40765.7820,10.1600,31.6500,0.8201,1.3258,0.4900,25.0452,18.3936,3.9606,3.8967,3.0449,48730.3000,16307.6073,10087.3040,1482863.0290,496240.4901,1.9640,1.9640,2.0040
2019-03-15,30.4500,31.3400,30.4500,30.9500,0.5200,1.7100,19375.1300,60243.0330,10.3400,32.1900,1.1881,1.9207,0.7800,25.4732,18.7079,4.0282,3.9633,3.0970,48730.3000,16307.6073,10087.3040,1508202.7850,504720.4459,1.9310,1.9310,2.0330
2019-03-18,30.9200,32.1900,30.7300,31.9900,1.0400,3.3600,22434.4100,71375.7760,10.6800,33.2700,1.3757,2.2240,0.9000,26.3291,19.3365,4.1636,4.0965,3.2010,48730.3000,16307.6073,10087.3040,1558882.2970,521680.3575,1.8682,1.8682,2.0021
2019-03-19,32.0000,32.8000,31.8000,32.4900,0.5000,1.5600,22984.8900,74458.8080,10.8500,33.7900,1.4095,2.2786,0.9000,26.7407,19.6387,4.2287,4.1605,3.2511,48730.3000,16307.6073,10087.3040,1583247.4470,529834.1612,1.8394,1.8394,1.9345
2019-03-20,32.4000,32.5900,31.8000,32.1700,-0.3200,-0.9800,11054.4900,35566.7950,10.7500,33.4600,0.6779,1.0959,0.4600,26.4773,19.4453,4.1870,4.1195,3.2190,48730.3000,16307.6073,10087.3040,1567653.7510,524615.7268,1.8577,1.8577,1.9106
2019-03-21,32.2700,32.6600,32.0000,32.1000,-0.0700,-0.2200,11424.1800,36841.7530,10.7200,33.3800,0.7005,1.1325,0.6400,26.4197,19.4030,4.1779,4.1105,3.2120,48730.3000,16307.6073,10087.3040,1564242.6300,523474.1943,1.8618,1.8618,1.9183
2019-03-22,31.9800,32.5400,31.7200,32.4500,0.3500,1.0900,17618.4000,56638.6830,10.8400,33.7500,1.0804,1.7466,1.0100,26.7077,19.6146,4.2235,4.1554,3.2471,48730.3000,16307.6073,10087.3040,1581298.2350,529181.8569,1.8417,1.8417,1.9357
2019-03-25,32.1900,32.3500,31.7000,31.7000,-0.7500,-2.3100,11902.6900,38061.0890,10.5900,32.9700,0.7299,1.1800,0.7000,26.0905,19.1612,4.1259,4.0593,3.1720,48730.3000,16307.6073,10087.3040,1544750.5100,516951.1514,1.8853,1.8853,1.9231
2019-03-26,31.8800,31.9800,30.5900,30.8200,-0.8800,-2.7800,17299.3900,54077.9450,10.2900,32.0500,1.0608,1.7150,1.1500,25.3662,18.6293,4.0113,3.9466,3.0840,48730.3000,16307.6073,10087.3040,1501867.8460,502600.4570,1.9391,1.9391,1.9418
2019-03-27,30.9500,31.4100,30.5600,31.4000,0.5800,1.8800,18799.0100,58340.6960,10.4900,32.6600,1.1528,1.8636,1.3600,25.8436,18.9799,4.0868,4.0209,3.1420,48730.3000,16307.6073,10087.3040,1530131.4200,512058.8692,1.9033,1.9033,2.0002
2019-03-28,31.1000,32.1000,31.1000,31.8800,0.4800,1.5300,18636.0600,59053.2560,10.6500,33.1600,1.1428,1.8475,1.2100,26.2386,19.2700,4.1493,4.0824,3.1900,48730.3000,16307.6073,10087.3040,1553521.9640,519886.5207,1.8746,1.8746,1.9905
2019-03-29,31.7000,35.0700,31.6000,35.0700,3.1900,10.0100,47198.6300,159391.7460,11.7100,36.4700,2.8943,4.6790,2.8000,28.8641,21.1982,4.5645,4.4909,3.5092,48730.3000,16307.6073,10087.3040,1708971.6210,571907.7880,1.7041,1.7041,1.9528
2019-04-01,36.2000,38.5500,35.1600,36.1200,1.0500,2.9900,61570.5300,226588.3480,12.0600,37.5600,3.7756,6.1038,2.7000,29.7283,21.8329,4.7011,4.6253,3.6143,48730.3000,16307.6073,10087.3040,1760138.4360,589030.7757,1.6546,1.6546,1.7101
2019-04-02,37.1000,38.1600,36.4600,37.4600,1.3400,3.7100,45333.9900,169652.7720,12.5100,38.9600,2.7799,4.3713,1.3900,30.8312,22.6429,4.8755,4.7969,3.7484,48730.3000,16307.6073,10370.8940,1825437.0380,610882.9695,1.5954,1.5954,1.6686
2019-04-03,37.4600,37.7000,35.9900,36.8700,-0.5900,-1.5800,32203.9700,118107.4170,12.3100,38.3400,1.9748,3.1052,0.8400,30.3456,22.2863,4.7987,4.7214,3.6893,48730.3000,16307.6073,10370.8940,1796686.1610,601261.4812,1.6209,1.6209,1.6526
2019-04-04,36.1200,37.5800,36.1200,36.5500,-0.3200,-0.8700,19889.5000,73250.4490,12.2100,38.0100,1.2196,1.9178,0.4900,30.0822,22.0928,4.7571,4.6804,3.6573,48730.3000,16307.6073,10370.8940,1781092.4650,596043.0468,1.6351,1.6351,1.7139
2019-04-08,37.0000,37.1800,35.4800,35.7800,-0.7700,-2.1100,20290.6800,73172.6910,11.9500,37.2100,1.2442,1.9565,0.4900,29.4485,21.6274,4.6569,4.5818,3.5803,48730.3000,16307.6073,10370.8940,1743570.1340,583486.1892,1.6703,1.6703,1.6731
2019-04-09,35.7500,36.2300,35.1800,35.9000,0.1200,0.3400,16730.6700,59669.2110,11.9900,37.3400,1.0259,1.6132,0.4700,29.5472,21.6999,4.6725,4.5971,3.5923,48730.3000,16307.6073,10370.8940,1749417.7700,585443.1021,1.6647,1.6647,1.7316
2019-04-10,35.5300,36.8800,35.3200,36.3000,0.4000,1.1100,18249.2800,66037.9210,12.1200,37.7500,1.1191,1.7597,0.6800,29.8765,21.9417,4.7246,4.6484,3.6323,48730.3000,16307.6073,10370.8940,1768909.8900,591966.1450,1.6464,1.6464,1.7423
2019-04-11,35.9800,36.4000,35.1000,35.2000,-1.1000,-3.0300,12178.6000,43404.9100,11.7600,36.6100,0.7468,1.1743,0.5700,28.9711,21.2768,4.5814,4.5075,3.5222,48730.3000,16307.6073,10370.8940,1715306.5600,574027.7770,1.6978,1.6978,1.7205
2019-04-12,35.0500,35.8300,34.1600,34.8200,-0.3800,-1.0800,18520.0500,64072.9780,11.6300,36.2100,1.1357,1.7858,1.0600,28.6584,21.0471,4.5319,4.4588,3.4842,48730.3000,16307.6073,10370.8940,1696789.0460,567830.8862,1.7163,1.7163,1.7662
2019-04-15,35.1500,35.5700,34.1700,34.4000,-0.4200,-1.2100,11914.4300,41516.7850,11.4900,35.7800,0.7306,1.1488,0.6900,28.3127,20.7933,4.4773,4.4051,3.4422,48730.3000,16307.6073,10370.8940,1676322.3200,560981.6911,1.7373,1.7373,1.7612
2019-04-16,34.2000,34.5800,33.4000,34.3900,-0.0100,-0.0300,16516.1000,56034.4980,11.4900,35.7700,1.0128,1.5925,1.0600,28.3044,20.7872,4.4760,4.4038,3.4412,48730.3000,16307.6073,10370.8940,1675835.0170,560818.6150,1.7378,1.7378,1.8101
2019-04-17,34.3900,34.8700,34.2000,34.3300,-0.0600,-0.1700,9962.6100,34363.7600,11.4700,35.7000,0.6109,0.9606,0.6400,28.2551,20.7509,4.4682,4.3961,3.4352,48730.3000,16307.6073,10370.8940,1672911.1990,559840.1586,1.7408,1.7408,1.8001
2019-04-18,34.2100,35.5300,34.2100,35.2000,0.8700,2.5300,23807.0600,83068.5980,11.7600,36.6100,1.4599,2.2956,1.7200,28.9711,21.2768,4.5814,4.5075,3.5222,48730.3000,16307.6073,10370.8940,1715306.5600,574027.7770,1.6978,1.6978,1.8096
2019-04-19,34.9200,35.1300,33.6600,34.2400,-0.9600,-2.7300,27390.9300,93451.5540,11.4400,35.6100,1.6796,2.6411,1.7000,28.1810,20.6965,4.4564,4.3846,3.4262,48730.3000,16307.6073,10370.8940,1668525.4720,558372.4740,1.7454,1.7454,1.7728
2019-04-22,34.2700,34.6600,33.7200,34.4400,0.2000,0.5800,14621.5600,50114.9610,11.5000,35.8200,0.8966,1.4099,0.8200,28.3456,20.8174,4.4825,4.4102,3.4462,48730.3000,16307.6073,10370.8940,1678271.5320,561633.9954,1.7353,1.7353,1.8064
2019-04-23,34.8300,35.4000,33.9800,34.1700,-0.2700,-0.7800,26523.6000,91493.1160,11.4100,35.5400,1.6265,2.5575,1.4400,20.6560,20.6560,4.1956,3.4192,3.4192,48730.3000,16307.6073,10370.8940,1665114.3510,557230.9414,1.7490,1.7490,1.7773
2019-04-24,34.4200,34.9400,34.0800,34.6500,0.4800,1.4000,11071.1600,38289.1110,11.5700,36.0400,0.6789,1.0675,0.5400,20.9462,20.9462,4.2545,3.4672,3.4672,48730.3000,16307.6073,10370.8940,1688504.8950,565058.5929,1.7248,1.7248,1.7985
2019-04-25,34.5000,35.4800,34.2300,34.2800,-0.3700,-1.0700,15028.2500,52375.1340,11.4500,35.6500,0.9215,1.4491,0.7300,20.7225,20.7225,4.2091,3.4302,3.4302,48730.3000,16307.6073,10370.8940,1670474.6840,559024.7782,1.7434,1.7434,1.7943
2019-04-26,34.3000,34.5000,32.7500,33.5000,-0.7800,-2.2800,20635.6900,68987.1090,11.1900,34.8400,1.2654,1.9898,1.0900,20.2510,20.2510,4.1133,3.3521,3.3521,48730.3000,16307.6073,10370.8940,1632465.0500,546304.8446,1.7840,1.7840,1.8048
2019-04-29,33.2000,35.2400,33.1300,34.4200,0.9200,2.7500,19817.6400,68240.9180,11.5000,35.8000,1.2152,1.9109,1.1300,20.8071,19.9793,4.0245,3.4442,3.3348,48730.3000,16307.6073,10370.8940,1677296.9260,561307.8433,1.7363,1.7363,1.8646
2019-04-30,34.5000,35.1600,34.5000,34.6100,0.1900,0.5500,15805.0000,55086.3700,11.5600,35.9900,0.9692,1.5240,0.8500,20.9220,20.0895,4.0467,3.4632,3.3532,48730.3000,16307.6073,10370.8940,1686555.6830,564406.2887,1.7268,1.7268,1.7943
2019-05-06,34.3000,34.3000,31.4000,32.0000,-2.6100,-7.5400,21300.2300,69428.8540,10.6900,33.2800,1.3062,2.0538,1.2900,19.3442,18.5746,3.7415,3.2020,3.1003,48730.3000,16307.6073,10370.8940,1559369.6000,521843.4336,1.8676,1.8676,1.8048
2019-05-07,32.5500,33.8700,32.5500,33.7200,1.7200,5.3700,22015.0800,73466.4510,11.2600,35.0700,1.3500,2.1228,1.1900,20.3840,19.5729,3.9426,3.3741,3.2670,48730.3000,16307.6073,10370.8940,1643185.7160,549892.5182,1.7723,1.7723,1.9018
2019-05-08,33.2100,34.6800,33.0200,33.7000,-0.0200,-0.0600,13453.9900,45634.4360,11.2600,35.0500,0.8250,1.2973,0.6800,20.3719,19.5613,3.9403,3.3721,3.2650,48730.3000,16307.6073,10370.8940,1642211.1100,549566.3660,1.7734,1.7734,1.8640
2019-05-09,33.2000,33.5800,31.9300,32.3600,-1.3400,-3.9800,20291.0600,66470.0810,10.8100,33.6500,1.2443,1.9565,1.1000,19.5618,18.7835,3.7836,3.2381,3.1352,48730.3000,16307.6073,10370.8940,1576912.5080,527714.1722,1.8468,1.8468,1.8646
2019-05-10,32.5700,33.6900,32.3000,33.6300,1.2700,3.9200,20297.4700,67595.7890,11.2300,34.9800,1.2447,1.9572,1.0900,20.3296,19.5207,3.9321,3.3651,3.2582,48730.3000,16307.6073,10370.8940,1638799.9890,548424.8335,1.7771,1.7771,1.9007
2019-05-13,33.3600,33.4500,32.6000,33.0200,-0.6100,-1.8100,19413.3900,63978.6250,11.0300,34.3400,1.1904,1.8719,1.0000,19.9608,19.1666,3.8608,3.3041,3.1991,48730.3000,16307.6073,10370.8940,1609074.5060,538477.1930,1.8099,1.8099,1.8557
2019-05-14,33.0000,33.3900,32.5200,32.8200,-0.2000,-0.6100,14916.1100,49190.4340,10.9600,34.1300,0.9147,1.4383,0.7800,19.8399,19.0505,3.8374,3.2841,3.1798,48730.3000,16307.6073,10370.8940,1599328.4460,535215.6716,1.8209,1.8209,1.8759
2019-05-15,33.1900,33.4900,32.9000,33.3000,0.4800,1.4600,18089.2300,59906.7180,11.1200,34.6300,1.1093,1.7442,1.0200,20.1301,19.3291,3.8935,3.3321,3.2263,48730.3000,16307.6073,10370.8940,1622718.9900,543043.3231,1.7947,1.7947,1.8652
2019-05-16,33.4900,34.3800,33.3200,34.1600,0.8600,2.5800,18161.0200,61321.0680,11.4100,35.5300,1.1137,1.7512,0.9800,20.6500,19.8283,3.9941,3.4182,3.3096,48730.3000,16307.6073,10370.8940,1664627.0480,557067.8654,1.7495,1.7495,1.8485
2019-05-17,34.0200,34.3500,32.8800,33.1500,-1.0100,-2.9600,17578.8000,58897.8780,11.0700,34.4800,1.0780,1.6950,0.9700,20.0394,19.2421,3.8760,3.3171,3.2117,48730.3000,16307.6073,10370.8940,1615409.4450,540597.1820,1.8028,1.8028,1.8197
2019-05-20,33.1300,33.1300,32.1100,32.6400,-0.5100,-1.5400,9813.2400,31886.9750,10.9000,33.9500,0.6018,0.9462,0.5600,19.7311,18.9460,3.8163,3.2661,3.1623,48730.3000,16307.6073,10370.8940,1590556.9920,532280.3023,1.8310,1.8310,1.8685
2019-05-21,32.8800,33.1300,32.4500,33.0200,0.3800,1.1600,17505.3000,57548.5130,11.0300,34.3400,1.0734,1.6879,1.1100,19.9608,19.1666,3.8608,3.3041,3.1991,48730.3000,16307.6073,10370.8940,1609074.5060,538477.1930,1.8099,1.8099,1.8827
2019-05-22,32.9200,33.2800,32.4900,32.7000,-0.3200,-0.9700,11420.8800,37540.7930,10.9200,34.0100,0.7003,1.1012,0.7000,19.7674,18.9809,3.8233,3.2721,3.1681,48730.3000,16307.6073,10370.8940,1593480.8100,533258.7587,1.8276,1.8276,1.8805
2019-05-23,32.4100,32.6900,31.2800,31.3800,-1.3200,-4.0400,13552.1100,42998.7600,10.4800,32.6400,0.8310,1.3067,0.9100,18.9694,18.2147,3.6690,3.1400,3.0403,48730.3000,16307.6073,10370.8940,1529156.8140,511732.7171,1.9045,,1.9101
2019-05-24,31.3100,31.8800,31.2200,31.5900,0.2100,0.6700,5838.8800,18468.5100,10.5500,32.8500,0.3580,0.5630,0.4200,19.0964,18.3366,3.6936,3.1610,3.0606,48730.3000,16307.6073,10370.8940,1539390.1770,515157.3146,1.8918,,1.9772
2019-05-27,31.3400,31.9800,31.3400,31.8900,0.3000,0.9500,6318.7200,20056.8350,10.6500,33.1700,0.3875,0.6093,0.5400,19.2777,18.5107,3.7286,3.1910,3.0897,48730.3000,16307.6073,10370.8940,1554009.2670,520049.5968,1.8740,,1.9753
2019-05-28,31.8600,31.9600,31.4100,31.4900,-0.4000,-1.2500,9429.5000,29873.5870,10.5200,32.7500,0.5782,0.9092,0.8600,19.0359,18.2785,3.6819,3.1510,3.0509,48730.3000,16307.6073,10370.8940,1534517.1470,513526.5539,1.8978,,1.9430
2019-05-29,31.6500,31.6500,30.9200,31.0000,-0.4900,-1.5600,14409.7200,44901.0510,10.3500,32.2400,0.8836,1.3894,1.5500,18.7397,17.9941,3.6246,3.1020,3.0034,48730.3000,16307.6073,10370.8940,1510639.3000,505535.8263,1.9278,,1.9559
2019-05-30,30.9800,31.0900,30.3900,30.7200,-0.2800,-0.9000,8750.8400,26830.3660,10.2600,31.9500,0.5366,0.8438,0.8800,18.5705,17.8316,3.5918,3.0739,2.9763,48730.3000,16307.6073,10370.8940,1496994.8160,500969.6963,1.9454,,1.9982
2019-05-31,30.4100,31.2800,30.4100,31.1000,0.3800,1.2400,11599.3300,36092.7990,10.3900,32.3400,0.7113,1.1185,1.3000,18.8002,18.0521,3.6363,3.1120,3.0131,48730.3000,16307.6073,10370.8940,1515512.3300,507166.5870,1.9216,,2.0357
2019-06-03,31.1200,31.4000,30.9500,31.3600,0.2600,0.8400,9221.4600,28749.8720,10.4700,32.6100,0.5655,0.8892,0.9100,18.9573,18.2031,3.6667,3.1380,3.0383,48730.3000,16307.6073,10370.8940,1528182.2080,511406.5649,1.9057,,1.9892
2019-06-04,31.4300,31.4700,30.5000,30.5000,-0.8600,-2.7400,7415.9900,22883.9330,10.1900,31.7200,0.4548,0.7151,0.6900,18.4375,17.7039,3.5661,3.0519,2.9550,48730.3000,16307.6073,10370.8940,1486274.1500,497382.0227,1.9594,,1.9696
2019-06-05,30.6400,31.0000,29.8800,30.3600,-0.1400,-0.4600,11024.3200,33468.5620,10.1400,31.5700,0.6760,1.0630,1.0700,18.3528,17.6226,3.5497,3.0379,2.9414,48730.3000,16307.6073,10370.8940,1479451.9080,495098.9576,1.9685,,2.0204
2019-06-06,30.1000,30.7900,30.0400,30.3900,0.0300,0.1000,6563.8400,19929.0070,10.1500,31.6100,0.4025,0.6329,0.6800,18.3710,17.6400,3.5533,3.0409,2.9443,48730.3000,16307.6073,10370.8940,1480913.8170,495588.1858,1.9665,,2.0566
2019-06-10,30.5800,31.1800,30.3000,30.9700,0.5800,1.9100,13012.3000,40264.4450,10.3400,32.2100,0.7979,1.2547,1.4200,18.7216,17.9767,3.6211,3.0990,3.0005,48730.3000,16307.6073,10370.8940,1509177.3910,505046.5981,1.9297,,2.0244
2019-06-11,30.8800,31.7200,30.7000,31.6500,0.6800,2.2000,15040.8900,47278.9940,10.5700,32.9200,0.9223,1.4503,1.5900,19.1326,18.3714,3.7006,3.1670,3.0664,48730.3000,16307.6073,10370.8940,1542313.9950,516135.7710,1.8883,,2.0047
2019-06-12,31.7100,32.1300,31.5200,31.9800,0.3300,1.0400,13126.2200,41963.2770,10.6800,33.2600,0.8049,1.2657,1.2400,19.3321,18.5629,3.7392,3.2000,3.0984,48730.3000,16307.6073,10370.8940,1558394.9940,521517.2815,1.8688,,1.9522
2019-06-13,32.0000,32.1300,31.7000,31.9700,-0.0100,-0.0300,7617.6800,24254.7920,10.6800,33.2500,0.4671,0.7345,0.6500,19.3261,18.5571,3.7380,3.1990,3.0974,48730.3000,16307.6073,10370.8940,1557907.6910,521354.2054,1.8694,,1.9345
2019-06-14,32.1000,32.1000,31.5300,31.7300,-0.2400,-0.7500,5931.0000,18899.0920,10.6000,33.0000,0.3637,0.5719,0.5400,19.1810,18.4178,3.7099,3.1750,3.0742,48730.3000,16307.6073,10370.8940,1546212.4190,517440.3796,1.8835,,1.9285
2019-06-17,31.5300,32.0500,31.2500,31.6600,-0.0700,-0.2200,5736.0000,18170.0120,10.5700,32.9300,0.3517,0.5531,0.5200,19.1387,18.3772,3.7017,3.1680,3.0674,48730.3000,16307.6073,10370.8940,1542801.2980,516298.8471,1.8877,,1.9634
2019-06-18,31.5100,31.9800,31.4500,31.8200,0.1600,0.5100,6274.2400,19856.5390,10.6300,33.0900,0.3847,0.6050,0.6600,19.2354,18.4701,3.7205,3.1840,3.0829,48730.3000,16307.6448,10370.9315,1550598.1460,518909.2575,1.8782,,1.9646
2019-06-19,32.0000,32.7100,32.0000,32.0800,0.2600,0.8200,13508.9000,43732.4170,10.7100,33.3600,0.8284,1.3026,1.7500,19.3926,18.6210,3.7509,3.2100,3.1081,48730.3000,16307.6448,10370.9315,1563268.0240,523149.2452,1.8629,,1.9345
2019-06-20,32.5000,32.8800,32.1600,32.7300,0.6500,2.0300,12893.7600,42075.1190,10.9300,34.0400,0.7907,1.2433,1.6500,19.7855,18.9983,3.8269,3.2751,3.1711,48730.3000,16307.6448,10370.9315,1594942.7190,533749.2143,1.8259,,1.9048
2019-06-21,32.7300,34.2700,32.6800,33.3700,0.6400,1.9600,28099.3600,94050.6060,11.1500,34.7000,1.7036,2.6617,3.1700,20.1724,19.3698,3.9017,3.3391,3.2331,48730.3000,16493.7198,10557.0065,1626130.1110,550395.4297,1.7909,,1.8914
2019-06-24,33.6000,34.2000,33.2100,33.6300,0.2600,0.7800,15824.0700,53377.9480,11.2300,34.9800,0.9594,1.4989,1.1900,20.3296,19.5207,3.9321,3.3651,3.2582,48730.3000,16493.7198,10557.0065,1638799.9890,554683.7969,1.7771,,1.8424
2019-06-25,33.7500,34.5600,33.3600,33.8000,0.1700,0.5100,32794.0000,111467.1960,11.2900,35.1500,1.9883,3.1064,2.1400,20.4323,19.6194,3.9520,3.3821,3.2747,48730.3000,16493.7198,10557.0065,1647084.1400,557487.7292,1.7681,,1.8342
2019-06-26,33.3600,33.7200,32.6400,33.3900,-0.4100,-1.2100,20568.4800,68450.9930,11.1500,34.7300,1.2470,1.9483,1.0000,20.1845,19.3814,3.9040,3.3411,3.2350,48730.3000,16493.7198,10557.0065,1627104.7170,550725.3041,1.7899,,1.8557
2019-06-27,33.3100,34.1000,33.3100,33.8600,0.4700,1.4100,20834.9800,70733.0580,11.3100,35.2100,1.2632,1.9736,0.9500,20.4686,19.6542,3.9590,3.3881,3.2805,48730.3000,16493.7198,10557.0065,1650007.9580,558477.3524,1.7650,,1.8584
2019-06-28,34.0700,35.1800,33.8900,34.1900,0.3300,0.9700,20910.4900,72000.6920,11.4200,35.5600,1.2678,1.9807,0.8900,20.6681,19.8457,3.9976,3.4212,3.3125,48730.3000,16493.7198,10557.0065,1666088.9570,563920.2800,1.7480,,1.8170
2019-07-01,34.4100,36.1500,34.3100,35.3200,1.1300,3.3100,27233.0900,95735.3880,11.8000,36.7300,1.6511,2.5796,1.2300,21.3512,20.5017,4.1297,3.5342,3.4220,48730.3000,16493.7198,10557.0065,1721154.1960,582558.1833,1.6920,,1.7990
2019-07-02,35.1000,35.6600,34.8100,35.4700,0.1500,0.4200,16902.6500,59598.4760,11.8500,36.8900,1.0248,1.6011,0.6900,21.4419,20.5887,4.1472,3.5492,3.4365,48730.3000,16493.7198,10557.0065,1728463.7410,585032.2413,1.6849,,1.7637
2019-07-03,36.4800,36.4800,34.4700,34.9700,-0.5000,-1.4100,23293.5200,82452.7840,11.6800,36.3700,1.4123,2.0937,1.0900,21.1396,20.2985,4.0888,3.4992,3.3881,48730.3000,16493.7198,11125.3102,1704098.5910,576785.3814,1.7090,,1.6970
2019-07-04,34.1600,34.9800,34.0200,34.2300,-0.7400,-2.1200,22936.0000,78997.7670,11.4300,35.6000,1.3906,2.0616,1.0500,20.6923,19.8690,4.0022,3.4252,3.3164,48730.3000,16493.7198,11125.3102,1668038.1690,564580.0288,1.7459,,1.8122
2019-07-05,34.4900,34.7100,34.0400,34.3000,0.0700,0.2000,12128.0000,41684.4790,11.4600,35.6700,0.7353,1.0901,0.5400,20.7346,19.9096,4.0104,3.4322,3.3232,48730.3000,16493.7198,11125.3102,1671449.2900,565734.5891,1.7424,,1.7949
2019-07-08,34.4500,34.4500,33.1000,33.6500,-0.6500,-1.9000,16081.5000,54063.1860,11.2400,35.0000,0.9750,1.4455,0.7800,20.3417,19.5323,3.9344,3.3671,3.2602,48730.3000,16493.7198,11125.3102,1639774.5950,555013.6713,1.7760,,1.7969
2019-07-09,33.2700,33.7300,32.8800,33.3000,-0.3500,-1.0400,11135.5100,36980.4170,11.1200,34.6300,0.6751,1.0009,0.6100,20.1301,19.3291,3.8935,3.3321,3.2263,48730.3000,16493.7198,11125.3102,1622718.9900,549240.8693,1.7947,,1.8607
2019-07-10,21.7700,21.8800,21.1700,21.3200,-11.9800,-35.9800,22215.1500,47590.2420,10.8900,33.9000,0.8979,1.4029,1.3000,19.3321,18.5629,4.0467,3.2000,3.0984,73095.4500,24740.5797,15835.5097,1558394.9940,527469.1592,1.8688,2.0325,2.8436
2019-07-11,21.5000,22.2700,21.2500,21.6500,0.3300,1.5500,28845.9000,62476.9240,11.0600,34.4200,1.1659,1.8216,1.7100,19.6314,18.8503,4.1093,3.2496,3.1463,73095.4500,24740.5797,15835.5097,1582516.4925,535633.5505,1.8403,2.0015,2.8793
2019-07-12,21.3800,21.4200,20.8100,21.2500,-0.4000,-1.8500,26411.8800,55856.7650,10.8500,33.7900,1.0676,1.6679,1.4600,19.2687,18.5020,4.0334,3.1895,3.0882,73095.4500,24740.5797,15835.5097,1553278.3125,525737.3186,1.8749,2.0392,2.8955
2019-07-15,21.2800,21.3600,20.6800,21.1200,-0.1300,-0.6100,28474.0600,59717.5070,10.7800,33.5800,1.1509,1.7981,1.3600,19.1508,18.3888,4.0087,3.1700,3.0693,73095.4500,24740.5797,15835.5097,1543775.9040,522521.0433,1.8865,2.0518,2.9091
2019-07-16,21.1200,21.7400,20.9000,21.6800,0.5600,2.6500,24646.6700,52726.0680,11.0700,34.4700,0.9962,1.5564,1.0500,19.6586,18.8764,4.1150,3.2541,3.1507,73095.4500,24740.5797,15835.5097,1584709.3560,536375.7679,1.8377,1.9988,2.9311
2019-07-17,21.5100,21.6200,21.1000,21.3300,-0.3500,-1.6100,26380.3800,56180.9290,10.8900,33.9100,1.0663,1.6659,1.0100,19.3412,18.5717,4.0486,3.2015,3.0998,73095.4500,24740.5797,15835.5097,1559125.9485,527716.5650,1.8679,2.0316,2.8780
2019-07-18,21.5300,21.5600,21.0400,21.2000,-0.1300,-0.6100,21304.8900,45337.9710,10.8300,33.7100,0.8611,1.3454,0.7900,19.2233,18.4585,4.0239,3.1820,3.0809,73095.4500,24740.5797,15835.5097,1549623.5400,524500.2896,1.8793,2.0440,2.8753
2019-07-19,21.3400,21.7600,21.2500,21.2500,0.0500,0.2400,27804.3600,59729.2400,10.8500,33.7900,1.1238,1.7558,1.0900,19.2687,18.5020,4.0334,3.1895,3.0882,73095.4500,24740.5797,15835.5097,1553278.3125,525737.3186,1.8749,2.0392,2.9009
2019-07-22,21.0000,21.9300,20.8600,21.5700,0.3200,1.5100,27373.4400,58936.6410,11.0100,34.3000,1.1064,1.7286,1.0600,19.5588,18.7806,4.0942,3.2375,3.1347,73095.4500,24740.5797,15835.5097,1576668.8565,533654.3041,1.8471,2.0090,2.9478
2019-07-23,21.4100,22.1800,21.4100,21.9800,0.4100,1.9000,17637.2300,38635.9150,11.2200,34.9500,0.7129,1.1138,0.6900,19.9306,19.1376,4.1720,3.2991,3.1943,73095.4500,24740.5797,15835.5097,1606637.9910,543797.9418,1.8127,1.9715,2.8914
2019-07-24,21.9000,22.1500,21.7500,21.9500,-0.0300,-0.1400,14733.2000,32252.8700,11.2100,34.9000,0.5955,0.9304,0.6100,19.9034,19.1115,4.1663,3.2946,3.1899,73095.4500,24740.5797,15835.5097,1604445.1275,543055.7244,1.8151,1.9742,2.8267
2019-07-25,21.7900,22.2300,21.7700,22.1500,0.2000,0.9100,19464.9000,42904.7050,11.3100,35.2200,0.7868,1.2292,0.8900,20.0847,19.2856,4.2042,3.3246,3.2190,73095.4500,24740.5797,15835.5097,1619064.2175,548003.8404,1.7987,1.9564,2.8410
2019-07-26,22.1200,22.2600,21.7900,22.2300,0.0800,0.3600,15334.6400,33814.7490,11.3500,35.3500,0.6198,0.9684,0.7200,20.1573,19.3553,4.2194,3.3366,3.2306,73095.4500,24740.5797,15835.5097,1624911.8535,549983.0867,1.7923,1.9493,2.7986
2019-07-29,22.2400,22.5900,22.0200,22.5800,0.3500,1.5700,18373.7400,41133.3460,11.5300,35.9000,0.7427,1.1603,0.9700,20.4747,19.6600,4.2859,3.3891,3.2815,73095.4500,24740.5797,15835.5097,1650495.2610,558642.2896,1.7645,1.9191,2.7835
2019-07-30,22.5700,22.8800,22.2500,22.4000,-0.1800,-0.8000,24372.3300,54903.5890,11.4400,35.6200,0.9851,1.5391,1.4200,20.3114,19.5033,4.2517,3.3621,3.2553,73095.4500,24740.5797,15835.5097,1637338.0800,554188.9853,1.7787,1.9345,2.7428
2019-07-31,22.2400,22.6500,22.0100,22.5900,0.1900,0.8500,23403.5700,52215.4650,11.5400,35.9200,0.9460,1.4779,1.2700,20.4837,19.6687,4.2878,3.3906,3.2830,73095.4500,24740.5797,15835.5097,1651226.2155,558889.6954,1.7637,1.9183,2.7835
2019-08-01,22.2000,22.3000,21.7800,21.9000,-0.6900,-3.0500,24595.0100,54120.4780,11.1800,34.8200,0.9941,1.5532,1.2200,19.8581,19.0679,4.1568,3.2871,3.1827,73095.4500,24740.5797,15835.5097,1600790.3550,541818.6954,1.8193,1.9787,2.7885
2019-08-02,21.9000,22.0800,21.2700,21.9100,0.0100,0.0500,24505.8200,52938.4560,11.1900,34.8400,0.9905,1.5475,1.1600,19.8671,19.0766,4.1587,3.2886,3.1841,73095.4500,24740.5797,15835.5097,1601521.3095,542066.1012,1.8184,1.9778,2.8267
2019-08-05,21.7700,22.5000,21.3000,22.0600,0.1500,0.6800,30598.6100,67592.6150,11.2600,35.0800,1.2368,1.9323,1.3300,20.0031,19.2072,4.1872,3.3111,3.2059,73095.4500,24740.5797,15835.5097,1612485.6270,545777.1882,1.8061,1.9643,2.8436
2019-08-06,22.0800,22.1300,20.7900,21.4000,-0.6600,-2.9900,44544.9800,94862.5210,10.9300,34.0300,1.8005,2.8130,1.7500,19.4047,18.6326,4.0619,3.2120,3.1100,73095.4500,24740.5797,15835.5097,1564242.6300,529448.4056,1.8618,2.0249,2.8037
2019-08-07,21.3700,22.8800,21.2600,22.4000,1.0000,4.6700,69514.6800,155222.3010,11.4400,35.6200,2.8097,4.3898,2.3500,20.3114,19.5033,4.2517,3.3621,3.2553,73095.4500,24740.5797,15835.5097,1637338.0800,554188.9853,1.7787,1.9345,2.8968
2019-08-08,22.6800,24.1800,22.4100,23.5100,1.1100,4.9600,89409.0600,208872.6960,12.0100,37.3800,3.6139,5.6461,2.3100,21.3179,20.4697,4.4624,3.5287,3.4167,73095.4500,24740.5797,15835.5097,1718474.0295,581651.0287,1.6947,1.8432,2.7295
2019-08-09,23.6400,23.6800,23.0500,23.2400,-0.2700,-1.1500,49785.9200,116333.3520,11.8700,36.9500,2.0123,3.1439,0.9600,21.0731,20.2347,4.4111,3.4882,3.3774,73095.4500,24740.5797,15835.5097,1698738.2580,574971.0722,1.7144,1.8646,2.6186
2019-08-12,23.0000,23.7400,22.9000,23.2000,-0.0400,-0.1700,47962.6700,111174.2910,11.8500,36.8900,1.9386,3.0288,0.8400,21.0368,20.1998,4.4035,3.4822,3.3716,73095.4500,24740.5797,15835.5097,1695814.4400,573981.4490,1.7173,1.8678,2.6915
2019-08-13,23.4800,24.2900,22.9500,24.0300,0.8300,3.5800,78425.5600,185054.2520,12.2700,38.2100,3.1699,4.9525,1.3000,21.7895,20.9225,4.5611,3.6068,3.4922,73095.4500,24740.5797,15835.5097,1756483.6635,594516.1302,1.6580,1.8033,2.6365
2019-08-14,23.1600,23.4000,22.8900,23.3600,-0.6700,-2.7900,63828.0100,147474.8860,11.9300,37.1400,2.5799,4.0307,0.9500,21.1819,20.3391,4.4339,3.5062,3.3949,73095.4500,24740.5797,15835.5097,1707509.7120,577939.9418,1.7056,1.8550,2.6729
2019-08-15,23.3600,23.6100,22.3000,22.6500,-0.7100,-3.0400,82064.1800,187772.4900,11.5700,36.0100,3.3170,5.1823,1.2500,20.5381,19.7210,4.2992,3.3997,3.2917,73095.4500,24740.5797,15835.5097,1655611.9425,560374.1302,1.7590,1.9132,2.6500
2019-08-16,22.4800,22.5000,21.7000,22.1100,-0.5400,-2.3800,73153.2700,160966.0370,11.2900,35.1500,2.9568,4.6196,1.1400,20.0485,19.2508,4.1967,3.3186,3.2132,73095.4500,24740.5797,15835.5097,1616140.3995,547014.2172,1.8020,1.9599,2.7538
2019-08-19,21.8000,22.1600,21.3900,22.1000,-0.0100,-0.0500,50982.2600,111623.1920,11.2900,35.1400,2.0607,3.2195,0.7400,20.0394,19.2421,4.1948,3.3171,3.2117,73095.4500,24740.5797,15835.5097,1615409.4450,546766.8114,1.8028,1.9608,2.8397
2019-08-20,21.9500,22.4200,21.8100,22.3900,0.2900,1.3100,43302.4100,95750.0560,11.4300,35.6000,1.7503,2.7345,0.6200,20.3024,19.4946,4.2498,3.3606,3.2539,73095.4500,24740.5797,15835.5097,1636607.1255,553941.5795,1.7795,1.9354,2.8203
2019-08-21,22.1900,22.4200,21.8200,21.8300,-0.5600,-2.5000,34736.1500,76501.4980,11.1500,34.7100,1.4040,2.1936,0.5500,19.7946,19.0070,4.1435,3.2766,3.1725,73095.4500,24740.5797,15835.5097,1595673.6735,540086.8549,1.8251,1.9850,2.7898
2019-08-22,21.8400,21.9600,21.0700,21.5400,-0.2900,-1.3300,57056.9000,122151.5070,11.0000,34.2500,2.3062,3.6031,1.0000,19.5316,18.7545,4.0885,3.2330,3.1304,73095.4500,24740.5797,15835.5097,1574475.9930,532912.0867,1.8497,2.0118,2.8345
2019-08-23,21.3500,21.5400,21.1700,21.4500,-0.0900,-0.4200,34710.5600,74090.2280,10.9500,34.1100,1.4030,2.1919,0.6700,19.4500,18.6761,4.0714,3.2195,3.1173,73095.4500,24740.5797,15835.5097,1567897.4025,530685.4346,1.8574,2.0202,2.8995
2019-08-26,21.9000,22.2000,21.4600,21.5800,0.1300,0.6100,55047.9900,119792.7530,11.0200,34.3100,2.2250,3.4762,1.2500,19.5679,16.9920,4.0908,3.2391,3.0715,73095.4500,24740.5797,15835.5097,1577399.8110,533901.7099,1.8463,2.0080,2.8267
2019-08-27,21.7100,21.8800,21.2300,21.8700,0.2900,1.3400,47465.2300,102957.7420,11.1700,34.7700,1.9185,2.9974,1.0600,19.8309,17.2204,4.1458,3.2826,3.1128,73095.4500,24740.5797,15835.5097,1598597.4915,541076.4780,1.8218,1.9814,2.8514
2019-08-28,21.7500,21.9600,21.4600,21.6700,-0.2000,-0.9100,33166.5500,71724.5020,11.0700,34.4600,1.3406,2.0944,0.7200,19.6495,17.0629,4.1078,3.2526,3.0843,73095.4500,24740.5797,15835.5097,1583978.4015,536128.3621,1.8386,1.9997,2.8462
2019-08-29,21.6700,22.8600,21.6300,22.8600,1.1900,5.4900,61419.9300,136329.8800,11.6700,36.3500,2.4826,3.8786,1.3500,20.7285,17.9999,4.3334,3.4312,3.2537,73095.4500,24740.5797,15835.5097,1670961.9870,565569.6519,1.7429,1.8956,2.8567
2019-08-30,22.5000,23.1500,22.4100,22.6800,-0.1800,-0.7900,65443.4300,149241.4000,11.5800,36.0600,2.6452,4.1327,1.4100,20.5653,17.8582,4.2993,3.4042,3.2281,73095.4500,24740.5797,15835.5097,1657804.8060,561116.3476,1.7567,1.9106,2.7513
2019-09-02,22.7700,22.8500,22.3400,22.5600,-0.1200,-0.5300,46783.0900,105207.9570,11.5200,35.8700,1.8909,2.9543,0.8900,20.4565,17.7637,4.2766,3.3861,3.2110,73095.4500,24740.5797,15835.5097,1649033.3520,558147.4780,1.7661,1.9208,2.7187
2019-09-03,22.5100,22.5100,22.0300,22.1900,-0.3700,-1.6400,42268.6500,93766.2110,11.3300,35.2800,1.7085,2.6692,0.8300,20.1210,17.4723,4.2064,3.3306,3.1583,73095.4500,24740.5797,15835.5097,1621988.0355,548993.4635,1.7955,1.9528,2.7501
2019-09-04,22.3500,22.6300,21.9200,22.0800,-0.1100,-0.5000,49532.5600,110203.8750,11.2800,35.1100,2.0021,3.1279,0.9900,20.0213,17.3857,4.1856,3.3141,3.1427,73095.4500,24740.5797,15835.5097,1613947.5360,546271.9998,1.8044,1.9626,2.7698
2019-09-05,22.0800,22.4000,21.8100,22.4000,0.3200,1.4500,59676.8700,131932.5890,11.4400,35.6200,2.4121,3.7685,1.1200,20.3114,17.6377,4.2462,3.3621,3.1882,73095.4500,24740.5797,15835.5097,1637338.0800,554188.9853,1.7787,1.9345,2.8037
2019-09-06,22.0900,22.1000,21.7300,21.8700,-0.5300,-2.3700,44030.3100,96352.1350,11.1700,34.7700,1.7797,2.7805,0.8300,19.8309,17.2204,4.1458,3.2826,3.1128,73095.4500,24740.5797,15835.5097,1598597.4915,541076.4780,1.8218,1.9814,2.8024
2019-09-09,21.8700,22.0800,21.8700,22.0000,0.1300,0.5900,36724.5100,80668.7720,11.2300,34.9800,1.4844,2.3191,0.7600,19.9474,17.3216,4.1706,3.3019,3.1311,73090.5188,24740.5797,15835.5097,1607991.4136,544292.7534,1.8111,1.9698,2.8306
2019-09-10,21.9900,22.2800,21.8000,22.0900,0.0900,0.4100,32595.2400,71751.2620,11.2800,35.1200,1.3175,2.0584,0.7000,20.0290,17.3924,4.1876,3.3154,3.1439,73090.5188,24740.5797,15835.5097,1614569.5603,546519.4056,1.8037,1.9618,2.8151
2019-09-11,22.1000,22.4000,22.0900,22.2000,0.1100,0.5000,40547.9700,90210.5250,11.3400,35.3000,1.6389,2.5606,0.9100,20.1287,17.4790,4.2085,3.3319,3.1596,73090.5188,24740.5797,15835.5097,1622609.5174,549240.8693,1.7948,1.9521,2.8011
2019-09-12,22.1300,22.3300,21.6700,21.8100,-0.3900,-1.7600,54738.9100,119659.8740,11.1400,34.6800,2.2125,3.4567,1.2800,19.7751,17.1720,4.1346,3.2734,3.1040,73090.5188,24740.5797,15835.5097,1594104.2150,539592.0433,1.8269,1.9870,2.7973
2019-09-16,21.8300,21.9900,21.6300,21.8300,0.0200,0.0900,33206.3000,72271.2360,11.1500,34.7100,1.3422,2.0970,0.8000,19.7932,17.1877,4.1384,3.2764,3.1069,73090.5188,24740.5797,15835.5097,1595566.0254,540086.8549,1.8252,1.9852,2.8358
2019-09-17,21.8000,21.8500,21.3300,21.4200,-0.4100,-1.8800,28891.8000,62324.3970,10.9400,34.0600,1.1678,1.8245,0.7300,19.4215,16.8649,4.0606,3.2148,3.0485,73090.5188,24740.5797,15835.5097,1565598.9127,529943.2172,1.8602,2.0232,2.8397
2019-09-18,21.3900,21.6000,21.3600,21.4600,0.0400,0.1900,19402.2600,41648.6280,10.9600,34.1200,0.7842,1.2252,0.5100,19.4578,16.8964,4.0682,3.2208,3.0542,73090.5188,24740.5797,15835.5097,1568522.5334,530932.8404,1.8567,2.0194,2.8941
2019-09-19,21.3900,21.6000,21.3100,21.5800,0.1200,0.5600,18459.2700,39665.5650,11.0200,34.3100,0.7461,1.1657,0.5200,19.5666,16.9909,4.0910,3.2388,3.0713,73090.5188,24740.5797,15835.5097,1577293.3957,533901.7099,1.8464,2.0082,2.8941
2019-09-20,21.6000,21.7400,21.4700,21.7100,0.1300,0.6000,27409.9800,59272.7690,11.0900,34.5200,1.1079,1.7309,0.8900,19.6844,17.0932,4.1156,3.2583,3.0898,73090.5188,24740.5797,15835.5097,1586795.1631,537117.9853,1.8353,1.9961,2.8660
2019-09-23,21.6200,21.8700,21.3600,21.5000,-0.2100,-0.9700,23033.4100,49777.1520,10.9800,34.1900,0.9310,1.4545,0.9000,19.4940,16.9279,4.0758,3.2268,3.0599,73090.5188,24740.5797,15835.5097,1571446.1542,531922.4636,1.8532,2.0156,2.8633
2019-09-24,21.5600,21.6200,21.2300,21.3500,-0.1500,-0.7000,28903.3000,61742.8890,10.9000,33.9500,1.1683,1.8252,1.2300,19.3580,16.8098,4.0474,3.2043,3.0386,73090.5188,24740.5797,15835.5097,1560482.5764,528211.3766,1.8663,2.0298,2.8713
2019-09-25,21.3800,21.4600,20.9500,21.0900,-0.2600,-1.2200,25093.2900,53093.7260,10.7700,33.5300,1.0143,1.5846,1.0700,19.1223,16.6051,3.9981,3.1653,3.0016,73090.5188,24740.5797,15835.5097,1541479.0415,521778.8259,1.8893,2.0548,2.8955
2019-09-26,20.9800,21.0400,20.2500,20.3900,-0.7000,-3.3200,33754.1500,69557.9120,10.4100,32.4200,1.3643,2.1315,1.3700,18.4876,16.0539,3.8654,3.0602,2.9020,73090.5188,24740.5797,15835.5097,1490315.6783,504460.4201,1.9541,2.1254,2.9507
2019-09-27,20.4000,20.7600,20.3500,20.4900,0.1000,0.4900,20087.1800,41330.6910,10.4600,32.5800,0.8119,1.2685,0.7300,18.5783,16.1327,3.8843,3.0752,2.9162,73090.5188,24740.5797,15835.5097,1497624.7302,506934.4781,1.9446,2.1150,3.0345
2019-09-30,20.5100,20.8300,20.4000,20.7500,0.2600,1.2700,14754.4300,30519.9010,10.6000,32.9900,0.5964,0.9317,0.5600,18.8140,16.3374,3.9336,3.1143,2.9532,73090.5188,24740.5797,15835.5097,1516628.2651,513367.0288,1.9202,2.0885,3.0183
2019-10-08,20.8800,21.2800,20.5100,21.0400,0.2900,1.4000,31141.8200,65250.1920,10.7400,33.4500,1.2587,1.9666,1.2700,19.0770,16.5657,3.9886,3.1578,2.9945,73090.5188,24740.5797,15835.5097,1537824.5156,520541.7969,1.8938,2.0597,2.9648
2019-10-09,21.0000,21.2600,20.9100,20.9800,-0.0600,-0.2900,13291.1300,27946.6950,10.7100,33.3600,0.5372,0.8393,0.5300,19.0226,16.5185,3.9772,3.1488,2.9859,73090.5188,24740.5797,15835.5097,1533439.0844,519057.3621,1.8992,2.0656,2.9478
2019-10-10,21.0300,21.1200,20.6600,20.7900,-0.1900,-0.9100,25110.9200,52171.3870,10.6200,33.0600,1.0150,1.5857,1.1100,18.8503,16.3689,3.9412,3.1203,2.9589,73090.5188,24740.5797,15835.5097,1519551.8859,514356.6520,1.9165,2.0845,2.9436
2019-10-11,20.6900,20.8100,20.4500,20.5200,-0.2700,-1.3000,22574.3800,46361.3240,10.4800,32.6300,0.9124,1.4256,1.0800,18.6055,16.1563,3.8900,3.0797,2.9205,73090.5188,24740.5797,15835.5097,1499817.4458,507676.6954,1.9418,2.1119,2.9920
2019-10-14,20.5400,20.8300,20.5200,20.6900,0.1700,0.8300,24079.2500,49799.7880,10.5700,32.9000,0.9733,1.5206,1.1300,18.7596,16.2901,3.9222,3.1053,2.9446,73090.5188,24740.5797,15835.5097,1512242.8340,511882.5940,1.9258,2.0946,3.0139
2019-10-15,20.7000,20.9900,20.6100,20.7900,0.1000,0.4800,19226.9100,40073.9500,10.6200,33.0600,0.7771,1.2142,0.8300,18.8503,16.3689,3.9412,3.1203,2.9589,73090.5188,24740.5797,15835.5097,1519551.8859,514356.6520,1.9165,2.0845,2.9906
2019-10-16,20.7900,20.9500,20.3000,20.3700,-0.4200,-2.0200,21066.6500,43208.7080,10.4000,32.3900,0.8515,1.3303,1.0100,18.4695,16.0382,3.8616,3.0572,2.8991,73090.5188,24740.5797,15835.5097,1488853.8680,503965.6085,1.9561,2.1275,2.9776
2019-10-17,20.4700,20.6500,20.2000,20.3400,-0.0300,-0.1500,18282.4700,37346.0010,10.3900,32.3400,0.7390,1.1545,0.8200,18.4423,16.0146,3.8559,3.0527,2.8948,73090.5188,24740.5797,15835.5097,1486661.1524,503223.3911,1.9589,2.1306,3.0242
2019-10-18,20.4100,20.4400,19.6000,19.6000,-0.7400,-3.6400,44639.1400,88668.6310,10.0100,31.1600,1.8043,2.8189,2.1200,17.7713,15.4319,3.7156,2.9417,2.7895,73090.5188,24740.5797,15835.5097,1432574.1685,484915.3621,2.0329,2.2110,3.0331
2019-10-21,19.7000,19.7500,19.4000,19.6500,0.0500,0.2600,29059.1800,56977.3430,10.0300,31.2400,1.1746,1.8351,1.1400,17.8166,15.4713,3.7251,2.9492,2.7966,73090.5188,24740.5797,15835.5097,1436228.6944,486152.3911,2.0277,2.2054,3.1424
2019-10-22,19.6400,19.9800,19.5800,19.7500,0.1000,0.5100,21488.4400,42451.1010,10.0900,31.4000,0.8686,1.3570,0.8100,17.9073,15.5500,3.7440,2.9642,2.8109,73090.5188,24740.5797,15835.5097,1443537.7463,488626.4491,2.0175,2.1942,3.1520
2019-10-23,19.8400,20.2700,19.7700,20.2200,0.4700,2.3800,34633.7200,69469.8240,10.3300,32.1500,1.3999,2.1871,1.2900,18.3335,15.9201,3.8331,3.0347,2.8778,73090.5188,24740.5797,15835.5097,1477890.2901,500254.5215,1.9706,2.1432,3.1202
2019-10-24,20.1600,20.1600,19.6000,19.7800,-0.4400,-2.1800,34065.0800,67381.7120,10.1000,31.4500,1.3769,2.1512,1.1500,17.9345,15.5737,3.7497,2.9687,2.8151,73090.5188,24740.5797,15835.5097,1445730.4619,489368.6665,2.0144,2.1909,3.0707
2019-10-25,19.7600,20.4500,19.7300,20.3200,0.5400,2.7300,31855.9800,64161.5960,10.3800,32.3100,1.2876,2.0117,0.9700,18.4241,15.9988,3.8521,3.0497,2.8920,73090.5188,24740.5797,15835.5097,1485199.3420,502728.5795,1.9609,2.1327,3.1328
2019-10-28,20.1300,20.8700,20.1200,20.7400,0.4200,2.0700,39352.7100,81143.3630,10.5900,32.9800,1.5906,2.1930,1.3000,18.8049,16.3295,3.9317,3.1128,2.9518,73090.5188,24740.5797,17944.6542,1515897.3599,513119.6230,1.9212,2.0895,3.0752
2019-10-29,20.5500,20.8400,20.4200,20.7800,0.0400,0.1900,27323.1000,56420.0830,10.6100,33.0400,1.1044,1.5226,0.8500,18.8412,16.3610,3.9393,3.1188,2.9575,73090.5188,24740.5797,17944.6542,1518820.9807,514109.2462,1.9175,2.0855,3.0124
2019-10-30,20.0000,20.0000,18.7800,19.1500,-1.6300,-7.8400,110939.4900,212856.6810,9.7800,30.4500,4.4841,6.1823,3.3200,17.3633,14.9098,3.1583,2.8741,2.7238,73090.5188,24740.5797,17944.6542,1399683.4350,473782.1013,2.0807,2.2630,3.0952
2019-10-31,19.1000,19.1000,17.9600,17.9800,-1.1700,-6.1100,99991.0600,183669.5920,9.1800,28.5900,4.0416,5.5722,2.0500,16.3025,13.9988,2.9654,2.6985,2.5574,73090.5188,24740.5797,17944.6542,1314167.5280,444835.6230,2.2161,2.4102,3.2411
2019-11-01,17.9500,18.2600,17.7700,17.9000,-0.0800,-0.4400,60993.4800,109665.0540,9.1400,28.4600,2.4653,3.3990,0.9900,16.2299,13.9365,2.9522,2.6865,2.5460,73090.5188,24740.5797,17944.6542,1308320.2865,442856.3766,2.2260,2.4210,3.4487
2019-11-04,17.9200,18.0600,17.7800,17.8300,-0.0700,-0.3900,41961.5900,75001.4310,9.1000,28.3500,1.6961,2.3384,0.6200,16.1664,13.8820,2.9406,2.6760,2.5361,73090.5188,24740.5797,17944.6542,1303203.9502,441124.5361,2.2347,2.4305,3.4545
2019-11-05,17.8400,17.9400,17.6000,17.9300,0.1000,0.5600,37474.1600,66552.4670,9.1600,28.5100,1.5147,2.0883,0.5500,16.2571,13.9599,2.9571,2.6910,2.5503,73090.5188,24740.5797,17944.6542,1310513.0021,443598.5940,2.2222,2.4170,3.4700
2019-11-06,17.8900,17.8900,17.4100,17.4200,-0.5100,-2.8400,53010.2300,93026.4510,8.9000,27.7000,2.1426,2.9541,0.7500,15.7947,13.5628,2.8730,2.6145,2.4778,73090.5188,24740.5797,17944.6542,1273236.8375,430980.8984,2.2873,2.4877,3.4603
2019-11-07,17.4500,17.5600,17.2300,17.4800,0.0600,0.3400,70384.5400,122560.2160,8.9300,27.7900,2.8449,3.9223,1.2000,15.8491,13.6095,2.8829,2.6235,2.4863,73090.5188,24740.5797,17944.6542,1277622.2686,432465.3332,2.2795,2.4792,3.5476
2019-11-08,17.4200,17.6400,17.3100,17.5200,0.0400,0.2300,58334.4400,102263.0710,8.9500,27.8600,2.3578,3.2508,1.1100,15.8854,13.6407,2.8895,2.6295,2.4920,73090.5188,24740.5797,17944.6542,1280545.8894,433454.9563,2.2742,2.4735,3.5537
2019-11-11,17.5200,17.5600,17.2800,17.4200,-0.1000,-0.5700,29569.2000,51543.9600,8.9000,27.7000,1.1952,1.6478,0.5700,15.7947,13.5628,2.8730,2.6145,2.4778,73090.5188,24740.5797,17944.6542,1273236.8375,430980.8984,2.2873,2.4877,3.5334
2019-11-12,17.4600,17.8100,17.4600,17.7600,0.3400,1.9500,45946.6500,81287.2070,9.0700,28.2400,1.8571,2.5605,0.9200,16.1030,13.8275,2.9291,2.6655,2.5261,73090.5188,24740.5797,17944.6542,1298087.6139,439392.6955,2.2435,2.4401,3.5455
2019-11-13,17.6500,18.4200,17.6500,18.3000,0.5400,3.0400,57574.6000,104525.5090,9.3400,29.1000,2.3271,3.2085,1.1200,16.5926,14.2480,3.0182,2.7466,2.6029,73090.5188,24740.5797,17944.6542,1337556.4940,452752.6085,2.1773,2.3681,3.5074
2019-11-14,18.2500,18.3300,18.0100,18.1800,-0.1200,-0.6600,34520.9500,62708.3250,9.2800,28.9100,1.3953,1.9237,0.6600,16.4838,14.1545,2.9984,2.7285,2.5859,73090.5188,24740.5797,17944.6542,1328785.6318,449783.7389,2.1917,2.3837,3.3920
2019-11-15,18.1100,18.3800,17.9400,17.9900,-0.1900,-1.0500,26463.3300,48095.9470,9.1900,28.6000,1.0696,1.4747,0.5900,16.3115,14.0066,2.9670,2.7000,2.5588,73090.5188,24740.5797,17944.6542,1314898.4332,445083.0288,2.2148,2.4089,3.4183
2019-11-18,17.9800,18.0800,17.8100,18.0100,0.0200,0.1100,30152.8200,54095.6690,9.2000,28.6400,1.2188,1.6803,0.7800,16.3297,14.0222,2.9703,2.7030,2.5617,73090.5188,24740.5797,17944.6542,1316360.2436,445577.8404,2.2124,2.4062,3.4430
2019-11-19,18.0200,18.3700,18.0200,18.2900,0.2800,1.5500,33279.1800,60629.2730,9.3400,29.0800,1.3451,1.8545,0.8500,16.5835,14.2402,3.0165,2.7451,2.6015,73090.5188,24740.5797,17944.6542,1336825.5889,452505.2027,2.1785,2.3694,3.4353
2019-11-20,18.3400,18.3700,18.0600,18.2300,-0.0600,-0.3300,34508.9800,62943.9270,9.3100,28.9900,1.3948,1.9231,0.9500,16.5291,14.1935,3.0066,2.7360,2.5930,73090.5188,24740.5797,17944.6542,1332440.1577,451020.7679,2.1857,2.3772,3.3754
2019-11-21,18.2200,18.2800,17.9000,17.9400,-0.2900,-1.5900,25812.8600,46453.3240,9.1600,28.5200,1.0433,1.4385,0.8100,16.2662,13.9677,2.9588,2.6925,2.5517,73090.5188,24740.5797,17944.6542,1311243.9073,443845.9998,2.2210,2.4156,3.3976
2019-11-22,18.0300,18.1400,17.6200,17.7100,-0.2300,-1.2800,33327.9500,59411.3710,9.0400,28.1600,1.3471,1.8573,1.1100,16.0576,13.7886,2.9208,2.6580,2.5190,73090.5188,24740.5797,17944.6542,1294433.0879,438155.6665,2.2498,2.4470,3.4334
2019-11-25,17.6500,17.8200,17.4100,17.6400,-0.0700,-0.4000,22684.0800,39903.2630,9.0100,28.0500,0.9169,1.2641,0.7200,15.9942,13.7341,2.9093,2.6475,2.5091,73090.5188,24740.5797,17944.6542,1289316.7516,436423.8259,2.2588,2.4567,3.5074
2019-11-26,17.4900,17.7800,17.4900,17.6400,0.0000,0.0000,16045.5500,28352.3400,9.0100,28.0500,0.6486,0.8942,0.5400,15.9942,13.7341,2.9093,2.6475,2.5091,73090.5188,24740.5797,17944.6542,1289316.7516,436423.8259,2.2588,2.4567,3.5394
2019-11-27,17.6500,17.8800,17.4300,17.5500,-0.0900,-0.5100,28689.5000,50524.4170,8.9600,27.9000,1.1596,1.5988,1.0800,15.9126,13.6640,2.8945,2.6340,2.4963,73090.5188,24740.5797,17944.6542,1282738.6049,434197.1737,2.2704,2.4693,3.5074
2019-11-28,17.5100,17.6000,17.4300,17.4800,-0.0700,-0.4000,17500.6100,30612.4970,8.9300,27.7900,0.7074,0.9753,0.6900,15.8491,13.6095,2.8829,2.6235,2.4863,73090.5188,24740.5797,17944.6542,1277622.2686,432465.3332,2.2795,2.4792,3.5354
2019-11-29,17.4800,17.5100,17.2500,17.3100,-0.1700,-0.9700,24218.5000,41991.4230,8.8400,27.5200,0.9789,1.3496,1.0200,15.6950,13.4772,2.8549,2.5980,2.4621,73090.5188,24740.5797,17944.6542,1265196.8804,428259.4346,2.3018,2.5035,3.5415
2019-12-02,17.3000,18.1500,17.2500,17.9800,0.6700,3.8700,52877.3300,94025.7750,9.1800,28.5900,2.1373,2.9467,2.4200,16.3025,13.9988,2.9654,2.6985,2.5574,73090.5188,24740.5797,17944.6542,1314167.5280,444835.6230,2.2161,2.4102,3.5783
2019-12-03,17.9500,18.8900,17.9000,18.7200,0.7400,4.1200,66177.1600,122073.0580,9.5600,29.7600,2.6748,3.6878,2.3700,16.9734,14.5750,3.0874,2.8096,2.6627,73090.5188,24740.5797,17944.6542,1368254.5119,463143.6520,2.1285,2.3150,3.4487
2019-12-04,18.8500,19.3400,18.7000,19.1500,0.4300,2.3000,65424.8600,124720.6740,9.7800,30.4500,2.6444,3.6459,1.7300,17.3633,14.9098,3.1583,2.8741,2.7238,73090.5188,24740.5797,17944.6542,1399683.4350,473782.1013,2.0807,2.2630,3.2841
2019-12-05,19.1400,19.1800,18.8700,18.9900,-0.1600,-0.8400,45954.0800,87377.1650,9.7000,30.1900,1.8574,2.5609,1.0200,17.2182,14.7852,3.1320,2.8501,2.7011,73090.5188,24740.5797,17944.6542,1387988.9520,469823.6085,2.0982,2.2821,3.2343
2019-12-06,18.9000,19.1500,18.7000,19.0400,0.0500,0.2600,26004.1500,49291.9090,9.7200,30.2700,1.0511,1.4491,0.5100,17.2636,14.8241,3.1402,2.8576,2.7082,73090.5188,24740.5797,17944.6542,1391643.4780,471060.6375,2.0927,2.2761,3.2754
2019-12-09,18.9300,19.0900,18.7400,18.9100,-0.1300,-0.6800,36620.0600,69167.4030,9.6600,30.0700,1.4802,2.0407,0.7100,17.1457,14.7229,3.1188,2.8381,2.6897,73090.5188,24740.5797,17944.6542,1382141.7105,467844.3621,2.1071,2.2917,3.2702
2019-12-10,18.8200,19.0900,18.7200,18.8600,-0.0500,-0.2600,25984.4800,49078.7240,9.6300,29.9900,1.0503,1.4480,0.5400,17.1003,14.6840,3.1105,2.8306,2.6826,73090.5188,24740.5797,17944.6542,1378487.1846,466607.3331,2.1127,2.2978,3.2893
2019-12-11,18.9400,19.0500,18.8600,19.0100,0.1500,0.8000,25315.4100,48018.4020,9.7100,30.2300,1.0232,1.4107,0.6300,17.2364,14.8008,3.1353,2.8531,2.7039,73090.5188,24740.5797,17944.6542,1389450.7624,470318.4201,2.0960,2.2797,3.2685
2019-12-12,19.0200,19.4100,18.9000,19.2600,0.2500,1.3200,35331.4100,67978.8350,9.8400,30.6200,1.4281,1.9689,1.1000,17.4630,14.9954,3.1765,2.8906,2.7395,73090.5188,24740.5797,17944.6542,1407723.3921,476503.5650,2.0688,2.2501,3.2547
2019-12-13,19.2300,19.6000,19.0600,19.3700,0.1100,0.5700,45133.4400,87726.5610,9.8900,30.8000,1.8243,2.5151,1.5100,17.5628,15.0810,3.1946,2.9071,2.7551,73090.5188,24740.5797,17944.6542,1415763.3492,479225.0288,2.0570,2.2373,3.2192
2019-12-16,19.4500,19.7500,19.3200,19.4000,0.0300,0.1500,31371.3300,61061.6930,9.9100,30.8500,1.2680,1.7482,0.9300,17.5900,15.1044,3.1996,2.9116,2.7594,73090.5188,24740.5797,17944.6542,1417956.0647,479967.2462,2.0539,2.2338,3.1828
2019-12-17,19.3600,19.9500,19.2800,19.6600,0.2600,1.3400,46293.8500,90798.2180,10.0400,31.2600,1.8712,2.5798,1.4200,17.8257,15.3068,3.2425,2.9507,2.7964,73090.5188,24740.5797,17944.6542,1436959.5996,486399.7969,2.0267,2.2043,3.1976
2019-12-18,19.6900,20.1600,19.5300,20.1500,0.4900,2.4900,53571.7900,107124.1880,10.2900,32.0400,2.1653,2.9854,1.4600,18.2700,15.6883,3.3233,3.0242,2.8661,73090.5188,24740.5797,17944.6542,1472773.9538,498522.6810,1.9774,2.1507,3.1440
2019-12-19,20.1400,20.1400,19.6200,19.8600,-0.2900,-1.4400,42951.2800,84957.5540,10.1400,31.5800,1.7361,2.3935,1.0100,18.0070,15.4625,3.2754,2.9807,2.8248,73090.5188,24740.5797,17944.6542,1451577.7034,491347.9128,2.0063,2.1821,3.0737
2019-12-20,19.8600,19.9600,19.2100,19.3600,-0.5000,-2.5200,36138.1600,70487.4790,9.8900,30.7800,1.4607,2.0139,0.8200,17.5537,15.0733,3.1930,2.9056,2.7537,73090.5188,24740.5797,17944.6542,1415032.4440,478977.6230,2.0581,2.2384,3.1171
2019-12-23,19.3200,19.3300,18.9300,19.0600,-0.3000,-1.5500,33415.9100,63847.5640,9.7300,30.3100,1.3507,1.8622,0.7900,17.2817,14.8397,3.1435,2.8606,2.7110,73090.5188,24740.5797,17944.6542,1393105.2883,471555.4491,2.0905,2.2737,3.2042
2019-12-24,19.1000,19.3600,19.0000,19.0900,0.0300,0.1600,30760.0200,58816.0080,9.7500,30.3500,1.2433,1.7142,0.7200,17.3089,14.8630,3.1484,2.8651,2.7153,73090.5188,24740.5797,17944.6542,1395298.0039,472297.6665,2.0872,2.2701,3.2411
2019-12-25,19.0900,19.2300,18.9000,19.1000,0.0100,0.0500,28064.0700,53351.3720,9.7500,30.3700,1.1343,1.5639,0.7100,17.3180,14.8708,3.1501,2.8666,2.7167,73090.5188,24740.5797,17944.6542,1396028.9091,472545.0723,2.0861,2.2689,3.2428
2019-12-26,19.0800,19.1900,18.9300,19.0200,-0.0800,-0.4200,27341.2800,52032.2560,9.7100,30.2400,1.1051,1.5236,0.8000,17.2454,14.8085,3.1369,2.8546,2.7053,73090.5188,24740.5797,17944.6542,1390181.6676,470565.8259,2.0949,2.2785,3.2445
2019-12-27,19.1900,19.2900,18.9500,18.9800,-0.0400,-0.2100,31057.7900,59418.3970,9.6900,30.1800,1.2553,1.7308,1.0000,17.2092,14.7774,3.1303,2.8486,2.6996,73090.5188,24740.5797,17944.6542,1387258.0468,469576.2027,2.0993,2.2833,3.2259
2019-12-30,18.9800,19.1300,18.5100,19.1200,0.1400,0.7400,34557.0600,65022.0280,9.7600,30.4000,1.3968,1.9258,1.1500,17.3361,14.8864,3.1534,2.8696,2.7196,73090.5188,24740.5797,17944.6542,1397490.7195,473039.8839,2.0839,2.2665,3.2616
2019-12-31,19.0900,19.2200,18.9600,19.0400,-0.0800,-0.4200,26158.0000,49924.8180,9.7200,30.2700,1.0573,1.4577,0.8600,17.2636,14.8241,3.1402,2.8576,2.7082,73090.5188,24740.5797,17944.6542,1391643.4780,471060.6375,2.0927,2.2761,3.2428
2020-01-02,19.1000,19.4700,19.0100,19.4100,0.3700,1.9400,68880.9800,132169.5380,9.9100,30.8700,2.7841,3.8385,2.3400,17.5990,15.1122,3.2012,2.9131,2.7608,73090.5188,24740.5797,17944.6542,1418686.9699,480214.6520,2.2327,2.2327,2.3560
2020-01-03,19.4000,19.9300,19.3600,19.8500,0.4400,2.2700,55106.1500,108465.0030,10.1400,31.5700,2.2274,3.0709,1.4700,17.9980,15.4548,3.2738,2.9792,2.8234,73090.5188,24740.5797,17944.6542,1450846.7982,491100.5070,2.1832,2.1832,2.3196
2020-01-06,20.1500,20.4200,19.6900,20.0400,0.1900,0.9600,96871.8400,193643.6440,10.2300,31.8700,3.9155,5.3984,2.2400,18.1703,15.6027,3.3051,3.0077,2.8504,73090.5188,24740.5797,17944.6542,1464733.9968,495801.2172,2.1625,2.1625,2.2333
2020-01-07,19.8000,20.1300,19.6200,19.9700,-0.0700,-0.3500,61380.4000,122240.8400,10.2000,31.7600,2.4810,3.4205,1.0900,18.1068,15.5482,3.2936,2.9972,2.8405,73090.5188,24740.5797,17944.6542,1459617.6604,494069.3766,2.1701,2.1701,2.2727
2020-01-08,20.3000,21.4400,20.0200,21.3000,1.3300,6.6600,184459.5900,382256.8040,10.8800,33.8700,7.4558,10.2794,2.9900,19.3127,16.5837,3.5129,3.1968,3.0296,73090.5188,24740.5797,17944.6542,1556828.0504,526974.3476,2.0346,2.0346,2.2167
2020-01-09,20.4900,20.8800,20.0500,20.6100,-0.6900,-3.2400,111278.3400,228022.7980,10.5300,32.7700,4.4978,6.2012,1.1900,18.6871,16.0465,3.3991,3.0933,2.9315,73090.5188,24740.5797,17944.6542,1506395.5925,509903.3476,2.1027,2.1027,2.1962
2020-01-10,20.4800,20.7800,20.1100,20.4400,-0.1700,-0.8200,54939.5700,112209.3760,10.4400,32.5000,2.2206,3.0616,0.5400,18.5329,15.9141,3.3711,3.0677,2.9073,73090.5188,24740.5797,17944.6542,1493970.2043,505697.4491,2.1202,2.1202,2.1973
2020-01-13,20.4400,20.6500,20.1500,20.4500,0.0100,0.0500,42827.4000,87094.3160,10.4400,32.5200,1.7311,2.3866,0.4200,18.5420,15.9219,3.3727,3.0692,2.9087,73090.5188,24740.5797,17944.6542,1494701.1095,505944.8549,2.1191,2.1191,2.2016
2020-01-14,20.4400,20.5900,20.2500,20.4000,-0.0500,-0.2400,36801.1200,74966.4860,10.4200,32.4400,1.4875,2.0508,0.4000,18.4967,15.8830,3.3645,3.0617,2.9016,73090.5188,24740.5797,17944.6542,1491046.5835,504707.8259,2.1243,2.1243,2.2016
2020-01-15,20.4300,21.1400,20.3000,20.9300,0.5300,2.6000,62129.7400,128905.5210,10.6900,33.2800,2.5112,3.4623,0.7200,18.9772,16.2956,3.4519,3.1413,2.9770,73090.5188,24740.5797,17944.6542,1529784.5585,517820.3331,2.0705,2.0705,2.2026
2020-01-16,20.9500,22.0000,20.9500,21.6000,0.6700,3.2000,135848.3600,292486.3880,11.0300,34.3500,5.4909,7.5704,2.2100,19.5847,16.8173,3.5624,3.2418,3.0723,73090.5188,24740.5797,17944.6542,1578755.2061,534396.5215,2.0063,2.0063,2.1480
2020-01-17,22.3000,23.7400,21.7000,23.0200,1.4200,6.5700,169501.5500,387059.3630,11.7600,36.6100,6.8512,9.4458,2.5500,20.8722,17.9229,3.7966,3.4550,3.2743,73090.5188,24740.5797,17944.6542,1682543.7428,569528.1447,1.8825,1.8825,2.0179
2020-01-20,22.7500,23.4300,22.5800,23.1200,0.1000,0.4300,89820.1800,206743.5350,11.8100,36.7700,3.6305,5.0054,1.0000,20.9629,18.0007,3.8131,3.4700,3.2885,73090.5188,24740.5797,17944.6542,1689852.7947,572002.2027,1.8744,1.8744,1.9780
2020-01-21,22.8700,22.9400,21.2300,21.4200,-1.7000,-7.3500,106396.2500,231756.4660,10.9400,34.0600,4.3005,5.9291,1.0800,19.4215,16.6771,3.5327,3.2148,3.0467,73090.5188,24740.5797,17944.6542,1565598.9127,529943.2172,2.0232,2.0232,1.9676
2020-01-22,21.3600,21.7400,20.7000,21.4000,-0.0200,-0.0900,67989.0000,144090.1550,10.9300,34.0300,2.7481,3.7888,0.6000,19.4034,16.6616,3.5294,3.2118,3.0439,73090.5188,24740.5797,17944.6542,1564137.1023,529448.4056,2.0251,2.0251,2.1067
2020-01-23,20.4500,21.4500,19.9500,20.4300,-0.9700,-4.5300,74204.3100,152000.2280,10.4300,32.4900,2.9993,4.1352,0.6500,18.5239,15.9063,3.3694,3.0662,2.9059,73090.5188,24740.5797,17944.6542,1493239.2991,505450.0433,2.1212,2.1212,2.2005
2020-02-03,18.3900,18.4000,18.3900,18.3900,-2.0400,-9.9900,17766.0000,32671.6880,9.3900,29.2400,0.7181,0.9426,0.1700,16.6742,14.3180,3.0330,2.7601,2.6157,73090.5188,24740.5797,18847.6796,1344134.6407,454979.2607,2.3565,2.3565,2.4470
2020-02-04,17.0400,18.2900,17.0400,17.7000,-0.6900,-3.7500,110071.3500,194154.4790,9.0400,28.1500,4.4490,5.8400,1.5500,16.0486,13.7808,2.9192,2.6565,2.5176,73090.5188,24740.5797,18847.6796,1293702.1828,437908.2607,2.4484,2.4484,2.6408
2020-02-05,17.8000,18.1600,17.5600,17.7200,0.0200,0.1100,78543.4800,139776.9850,9.0500,28.1800,3.1747,4.1673,1.0400,16.0667,13.7964,2.9225,2.6595,2.5204,73090.5188,24740.5797,18847.6796,1295163.9931,438403.0723,2.4456,2.4456,2.5281
2020-02-06,17.7500,17.8900,17.4300,17.7700,0.0500,0.2800,74189.4000,130813.8170,9.0800,28.2600,2.9987,3.9363,1.0600,16.1120,13.8353,2.9307,2.6670,2.5275,73090.5188,24740.5797,18847.6796,1298818.5191,439640.1013,2.4387,2.4387,2.5352
2020-02-07,17.6500,18.3800,17.5600,18.0400,0.2700,1.5200,56884.8800,102056.3890,9.2100,28.6900,2.2993,3.0181,0.8000,16.3569,14.0455,2.9753,2.7075,2.5659,73090.5188,24740.5797,18847.6796,1318552.9592,446320.0578,2.4022,2.4022,2.5496
2020-02-10,18.0000,18.3000,17.6600,18.2600,0.2200,1.2200,63845.9400,114513.7060,9.3300,29.0400,2.5806,3.3875,0.9500,16.5563,14.2168,3.0116,2.7406,2.5972,73090.5188,24740.5797,18847.6796,1334632.8733,451762.9853,2.3733,2.3733,2.5000
2020-02-11,18.2000,18.9700,18.0700,18.4800,0.2200,1.2000,79302.2800,147190.1790,9.4400,29.3900,3.2054,4.2075,1.0300,16.7558,14.3881,3.0478,2.7736,2.6285,73090.5188,24740.5797,18847.6796,1350712.7874,457205.9129,2.3450,2.3450,2.4725
2020-02-12,18.3900,18.6500,18.3500,18.5600,0.0800,0.4300,43913.1700,81260.0670,9.4800,29.5100,1.7749,2.3299,0.6200,16.8283,14.4504,3.0610,2.7856,2.6399,73090.5188,24740.5797,18847.6796,1356560.0289,459185.1592,2.3349,2.3349,2.4470
2020-02-13,18.5400,18.5400,17.9500,18.0800,-0.4800,-2.5900,63856.7200,116028.2080,9.2300,28.7500,2.5811,3.3880,1.0000,16.3931,14.0767,2.9819,2.7135,2.5716,73090.5188,24740.5797,18847.6796,1321476.5799,447309.6810,2.3969,2.3969,2.4272
2020-02-14,18.1000,18.1700,17.9000,17.9800,-0.1000,-0.5500,32814.7000,59014.5680,9.1800,28.5900,1.3264,1.7410,0.5300,16.3025,13.9988,2.9654,2.6985,2.5574,73090.5188,24740.5797,18847.6796,1314167.5280,444835.6230,2.4102,2.4102,2.4862
2020-02-17,18.0600,18.6300,17.8600,18.5300,0.5500,3.0600,72176.6100,132664.4480,9.4600,29.4700,2.9173,3.8295,1.2700,16.8011,14.4270,3.0561,2.7811,2.6356,73090.5188,24740.5797,18847.6796,1354367.3134,458442.9418,2.3387,2.3387,2.4917
2020-02-18,18.5400,18.9500,18.3900,18.8800,0.3500,1.8900,73262.7500,136739.2980,9.6400,30.0200,2.9612,3.8871,1.2500,17.1185,14.6995,3.1138,2.8336,2.6854,73090.5188,24740.5797,18847.6796,1379948.9949,467102.1447,2.2954,2.2954,2.4272
2020-02-19,19.0000,20.0000,19.0000,19.8400,0.9600,5.0800,126769.1800,247528.2560,10.1300,31.5500,5.1239,6.7260,2.2200,17.9889,15.4470,3.2721,2.9777,2.8220,73090.5188,24740.5797,18847.6796,1450115.8930,490853.1012,2.1843,2.1843,2.3684
2020-02-20,19.7500,19.8900,19.5000,19.7400,-0.1000,-0.5000,66642.0400,131137.5900,10.0800,31.3900,2.6936,3.5358,0.9000,17.8982,15.3691,3.2556,2.9627,2.8077,73090.5188,24740.5797,18847.6796,1442806.8411,488379.0433,2.1954,2.1954,2.2785
2020-02-21,19.9400,20.4100,19.7700,20.0600,0.3200,1.6200,84142.3000,169026.5560,10.2400,31.9000,3.4010,4.4643,1.1300,18.1884,15.6183,3.3084,3.0107,2.8533,73090.5188,24740.5797,18847.6796,1466195.8071,496296.0288,2.1603,2.1603,2.2568
2020-02-24,20.1500,20.5700,19.4600,19.6800,-0.3800,-1.8900,89611.9000,177731.5660,10.0500,31.3000,3.6221,4.7545,1.0600,17.8438,15.3224,3.2458,2.9537,2.7992,73090.5188,24740.5797,18847.6796,1438421.4100,486894.6085,2.2020,2.2020,2.2333
2020-02-25,19.1000,19.4900,18.9900,19.3100,-0.3700,-1.8800,72513.2500,139286.5640,9.8600,30.7100,2.9309,3.8473,0.8200,17.5084,15.0343,3.1847,2.8981,2.7466,73090.5188,24740.5797,18847.6796,1411377.9180,477740.5940,2.2442,2.2442,2.3560
2020-02-26,19.0400,19.2700,18.7100,19.0700,-0.2400,-1.2400,53335.2100,101506.8260,9.7400,30.3300,2.1558,2.8298,0.6100,17.2908,14.8475,3.1451,2.8621,2.7125,73090.5188,24740.5797,18847.6796,1393836.1935,471802.8549,2.2725,2.2725,2.3634
2020-02-27,19.1500,19.9400,19.0100,19.7600,0.6900,3.6200,61829.3000,121261.0900,10.0900,31.4200,2.4991,3.2805,0.8400,17.9164,15.3847,3.2589,2.9657,2.8106,73090.5188,24740.5797,18847.6796,1444268.6515,488873.8549,2.1931,2.1931,2.3499
2020-02-28,19.2200,19.5800,18.7600,19.0000,-0.7600,-3.8500,46303.3800,88603.6520,9.7000,30.2100,1.8716,2.4567,0.6400,17.2273,14.7930,3.1336,2.8516,2.7025,73090.5188,24740.5797,18847.6796,1388719.8572,470071.0143,2.2809,2.2809,2.3413
2020-03-02,19.0800,19.7400,19.0300,19.5100,0.5100,2.6800,54845.0900,106526.9970,9.9600,31.0200,2.2168,2.9099,0.8500,17.6897,14.4183,3.0290,2.9282,2.6217,73090.5188,24740.5797,18847.6796,1425996.0218,482688.7099,2.2212,2.2212,2.3585
2020-03-03,19.8000,19.9000,19.5000,19.5700,0.0600,0.3100,54859.6000,108064.5140,9.9900,31.1200,2.2174,2.9107,0.9500,17.7441,14.4626,3.0383,2.9372,2.6297,73090.5188,24740.5797,18847.6796,1430381.4529,484173.1447,2.2144,2.2144,2.2727
2020-03-04,19.9000,20.3000,19.6600,20.2400,0.6700,3.4200,68965.6400,137753.6260,10.3400,32.1900,2.7876,3.6591,1.2700,18.3516,14.9578,3.1423,3.0377,2.7198,73090.5188,24740.5797,18847.6796,1479352.1005,500749.3331,2.1411,2.1411,2.2613
2020-03-05,20.2400,20.9500,20.2000,20.6300,0.3900,1.9300,63293.5000,130267.2590,10.5400,32.8100,2.5583,3.3582,1.1000,18.7052,15.2460,3.2029,3.0963,2.7722,73090.5188,24740.5797,18847.6796,1507857.4028,510398.1592,2.1006,2.1006,2.2233
2020-03-06,20.7700,21.1200,20.5200,20.8900,0.2600,1.2600,53291.9100,110785.9950,10.6700,33.2200,2.1540,2.8275,0.9200,18.9409,15.4381,3.2432,3.1353,2.8071,73090.5188,24740.5797,18847.6796,1526860.9377,516830.7099,2.0745,2.0745,2.1666
2020-03-09,20.7000,21.0900,20.0000,20.1600,-0.7300,-3.4900,92813.0600,190485.5350,10.3000,32.0600,3.7515,4.9244,1.5700,18.2791,14.8986,3.1299,3.0257,2.7090,73090.5188,24740.5797,18847.6796,1473504.8590,498770.0868,2.1496,2.1496,2.1739
2020-03-10,19.8900,20.2700,19.5700,20.1800,0.0200,0.1000,44939.2000,89880.3780,10.3100,32.0900,1.8164,2.3843,0.6700,18.2972,14.9134,3.1330,3.0287,2.7117,73090.5188,24740.5797,18847.6796,1474966.6694,499264.8983,2.1475,2.1475,2.2624
2020-03-11,20.1600,20.2000,19.6000,19.8200,-0.3600,-1.7800,59961.0800,118781.2160,10.1200,31.5200,2.4236,3.1814,0.9300,17.9708,14.6474,3.0771,2.9747,2.6633,73090.5188,24740.5797,18847.6796,1448654.0826,490358.2897,2.1865,2.1865,2.2321
2020-03-12,19.6100,19.6100,18.8000,18.9300,-0.8900,-4.4900,41724.6400,79562.2220,9.6700,30.1000,1.6865,2.2138,0.6600,17.1638,13.9896,2.9389,2.8411,2.5437,73090.5188,24740.5797,18847.6796,1383603.5209,468339.1737,2.2893,2.2893,2.2947
2020-03-13,17.9000,18.6500,17.6200,18.5000,-0.4300,-2.2700,44253.4200,80340.7550,9.4500,29.4200,1.7887,2.3480,0.7600,16.7739,13.6719,2.8722,2.7766,2.4859,73090.5188,24740.5797,18847.6796,1352174.5978,457700.7245,2.3425,2.3425,2.5140
2020-03-16,18.5500,18.8600,17.7100,17.8200,-0.6800,-3.6800,40767.8900,74501.0440,9.1000,28.3400,1.6478,2.1630,0.7200,16.1574,13.1693,2.7666,2.6745,2.3946,73090.5188,24740.5797,18847.6796,1302473.0450,440877.1303,2.4319,2.4319,2.4259
2020-03-17,17.8500,18.3200,17.5100,18.1000,0.2800,1.5700,38421.0600,68700.5300,9.2400,28.7800,1.5530,2.0385,0.8300,16.4113,13.3762,2.8101,2.7165,2.4322,73090.5188,24740.5797,18847.6796,1322938.3903,447804.4926,2.3943,2.3943,2.5210
2020-03-18,18.2000,18.7700,18.1000,18.2600,0.1600,0.8800,32429.7300,59950.4290,9.3300,29.0400,1.3108,1.7206,0.7200,16.5563,13.4945,2.8349,2.7406,2.4537,73090.5188,24740.5797,18847.6796,1334632.8733,451762.9853,2.3733,2.3733,2.4725
2020-03-19,18.1300,18.4800,17.8000,18.0900,-0.1700,-0.9300,26275.5000,47496.6970,9.2400,28.7700,1.0620,1.3941,0.6600,16.4022,13.3689,2.8085,2.7150,2.4308,73090.5188,24740.5797,18847.6796,1322207.4851,447557.0868,2.3956,2.3956,2.4821
2020-03-20,18.2000,18.5300,18.0500,18.5000,0.4100,2.2700,25450.8000,46540.5600,9.4500,29.4200,1.0287,1.3503,0.7000,16.7739,13.6719,2.8722,2.7766,2.4859,73090.5188,24740.5797,18847.6796,1352174.5978,457700.7245,2.3425,2.3425,2.4725
2020-03-23,18.0100,18.3100,17.8200,18.0000,-0.5000,-2.7000,25995.5400,46979.8520,9.1900,28.6200,1.0507,1.3792,0.8000,16.3206,13.3023,2.7945,2.7015,2.4188,73090.5188,24740.5797,18847.6796,1315629.3384,445330.4346,2.4076,2.4076,2.4986
2020-03-24,18.3700,19.1000,18.3700,18.8400,0.8400,4.6700,74295.7800,139550.4680,9.6200,29.9600,3.0030,3.9419,2.5000,17.0822,13.9231,2.9250,2.8276,2.5316,73090.5188,24740.5797,18847.6796,1377025.3742,466112.5215,2.3002,2.3002,2.4496
2020-03-25,19.3000,19.4800,18.7000,19.0000,0.1600,0.8500,52702.3200,100759.5360,9.7000,30.2100,2.1302,2.7962,1.4300,17.2273,14.0414,2.9498,2.8516,2.5531,73090.5188,24740.5797,18847.6796,1388719.8572,470071.0143,2.2809,2.2809,2.3316
2020-03-26,18.9000,19.1800,18.6400,18.6900,-0.3100,-1.6300,35893.5900,67822.5870,9.5500,29.7200,1.4508,1.9044,0.8800,16.9462,13.8123,2.9017,2.8051,2.5115,73090.5188,24740.5797,18847.6796,1366061.7964,462401.4346,2.3187,2.3187,2.3810
2020-03-27,18.9400,19.0500,18.4700,18.5300,-0.1600,-0.8600,28687.9000,53534.1090,9.4600,29.4700,1.1595,1.5221,0.6700,16.8011,13.6940,2.8768,2.7811,2.4900,73090.5188,24740.5797,18847.6796,1354367.3134,458442.9418,2.3387,2.3387,2.3759
2020-03-30,18.3000,18.3000,17.8600,17.9900,-0.5400,-2.9100,27885.2600,50190.3800,9.1900,28.6100,1.1271,1.4795,0.6400,16.3115,13.2950,2.7930,2.7000,2.4174,73090.5188,24740.5797,18847.6796,1314898.4332,445083.0288,2.4089,2.4089,2.4590
2020-03-31,18.2000,18.6000,17.9200,18.3200,0.3300,1.8300,30629.0200,55775.8300,9.3600,29.1300,1.2380,1.6065,0.7000,16.6107,13.5388,2.8442,2.7496,2.4618,73090.5188,24740.5797,19065.2746,1339018.3044,453247.4201,2.3655,2.3655,2.4725
2020-04-01,18.2300,18.4800,17.8100,18.0000,-0.3200,-1.7500,49842.3300,89934.7920,9.1900,28.6200,2.0146,2.6143,1.4200,16.3206,13.3023,2.7945,2.7015,2.4188,73090.5188,24740.5797,19065.2746,1315629.3384,445330.4346,2.4076,2.4076,2.4685
2020-04-02,17.8600,18.0100,17.7800,17.9900,-0.0100,-0.0600,26856.0600,48030.3170,9.1900,28.6100,1.0855,1.4086,0.7800,16.3115,13.2950,2.7930,2.7000,2.4174,73090.5188,24740.5797,19065.2746,1314898.4332,445083.0288,2.4089,2.4089,2.5196
2020-04-03,17.9900,18.1500,17.5800,17.6600,-0.3300,-1.8300,45340.7500,80837.7840,9.0200,28.0800,1.8326,2.3782,1.3800,16.0123,13.0511,2.7418,2.6505,2.3731,73090.5188,24740.5797,19065.2746,1290778.5620,436918.6375,2.4539,2.4539,2.5014
2020-04-07,18.0000,18.3300,17.8500,18.0500,0.3900,2.2100,68432.1200,123715.6530,9.2200,28.7000,2.7660,3.5894,1.9000,16.3659,13.3393,2.8023,2.7090,2.4255,73090.5188,24740.5797,19065.2746,1319283.8643,446567.4636,2.4009,2.4009,2.5000
2020-04-08,17.9500,17.9900,17.5600,17.9600,-0.0900,-0.5000,54083.4500,95964.8080,9.1700,28.5600,2.1860,2.8368,1.2200,16.2843,13.2728,2.7883,2.6955,2.4134,73090.5188,24740.5797,19065.2746,1312705.7176,444340.8114,2.4129,2.4129,2.5070
2020-04-09,17.9600,18.0900,17.7900,18.0800,0.1200,0.6700,36618.5700,65801.9080,9.2300,28.7500,1.4801,1.9207,0.7500,16.3931,13.3615,2.8070,2.7135,2.4295,73090.5188,24740.5797,19065.2746,1321476.5799,447309.6810,2.3969,2.3969,2.5056
2020-04-10,18.2000,18.5900,17.8900,17.9500,-0.1300,-0.7200,51122.2700,93229.0340,9.1700,28.5400,2.0663,2.6814,1.1000,16.2753,13.2654,2.7868,2.6940,2.4120,73090.5188,24740.5797,19065.2746,1311974.8125,444093.4056,2.4143,2.4143,2.4725
2020-04-13,17.8000,17.8000,17.5000,17.6800,-0.2700,-1.5000,29587.1100,52235.1630,9.0300,28.1100,1.1959,1.5519,0.5800,16.0304,13.0659,2.7449,2.6535,2.3758,73090.5188,24740.5797,19065.2746,1292240.3724,437413.4491,2.4511,2.4511,2.5281
2020-04-14,17.9000,18.1800,17.7300,17.9500,0.2700,1.5300,34829.5200,62473.4080,9.1700,28.5400,1.4078,1.8269,0.7300,16.2753,13.2654,2.7868,2.6940,2.4120,73090.5188,24740.5797,19065.2746,1311974.8125,444093.4056,2.4143,2.4143,2.5140
2020-04-15,17.9200,17.9500,17.7300,17.7600,-0.1900,-1.0600,26052.6000,46413.4820,9.0700,28.2400,1.0530,1.3665,0.6300,16.1030,13.1250,2.7573,2.6655,2.3865,73090.5188,24740.5797,19065.2746,1298087.6139,439392.6955,2.4401,2.4401,2.5112
2020-04-16,17.7600,17.8000,17.5800,17.6800,-0.0800,-0.4500,23843.3800,42079.5640,9.0300,28.1100,0.9637,1.2506,0.6700,16.0304,13.0659,2.7449,2.6535,2.3758,73090.5188,24740.5797,19065.2746,1292240.3724,437413.4491,2.4511,2.4511,2.5338
2020-04-17,17.8100,17.8700,17.6500,17.7200,0.0400,0.2300,24751.8400,43986.4040,9.0500,28.1800,1.0005,1.2983,0.7500,16.0667,13.0954,2.7511,2.6595,2.3811,73090.5188,24740.5797,19065.2746,1295163.9931,438403.0723,2.4456,2.4456,2.5267
2020-04-20,17.8800,18.0600,17.6800,17.9000,0.1800,1.0200,27320.3200,48872.3480,9.1400,28.4600,1.1043,1.4330,0.9800,16.2299,13.2284,2.7790,2.6865,2.4053,73090.5188,24740.5797,19065.2746,1308320.2865,442856.3766,2.4210,2.4210,2.5168
2020-04-21,17.9500,17.9500,17.7000,17.8300,-0.0700,-0.3900,29212.9700,52084.8040,9.1100,28.3500,1.1808,1.5323,1.0700,16.1664,13.1767,2.7681,2.6760,2.3959,73090.5188,24740.5797,19065.2746,1303203.9502,441124.5361,2.4305,2.4305,2.5070
2020-04-22,17.7700,17.8300,17.6600,17.7500,-0.0800,-0.4500,23954.8000,42484.9850,9.0700,28.2300,0.9682,1.2565,0.9100,16.0939,13.1176,2.7557,2.6640,2.3852,73090.5188,24740.5797,19065.2746,1297356.7087,439145.2897,2.4415,2.4415,2.5324
2020-04-23,17.8400,17.8800,17.5500,17.6400,-0.1100,-0.6200,29621.4900,52424.6540,9.0100,28.0500,1.1973,1.5537,1.1500,15.9942,13.0363,2.7387,2.6475,2.3704,73090.5188,24740.5797,19065.2746,1289316.7516,436423.8259,2.4567,2.4567,2.5224
2020-04-24,17.6000,17.6000,17.0900,17.1800,-0.4600,-2.6100,39377.6500,67725.6320,8.7700,27.3200,1.5916,2.0654,1.4600,15.5771,12.6964,2.6672,2.5785,2.3086,73090.5188,24740.5797,19065.2746,1255695.1130,425043.1592,2.5225,2.5225,2.5568
2020-04-27,17.2000,17.3500,17.1000,17.2800,0.1000,0.5800,20344.7600,35099.9240,8.8300,27.4800,0.2827,1.0277,0.6800,15.6678,12.7703,2.6828,2.5935,2.3220,73090.5188,71956.6125,19796.1797,1263004.1649,1243410.2640,2.5079,2.5079,2.6163
2020-04-28,17.3600,17.5300,16.9100,17.0900,-0.1900,-1.1000,34920.6000,59964.5260,8.7300,27.1800,0.4853,1.7640,1.2300,12.5993,13.9093,2.5923,2.2965,2.4885,73090.5188,71956.6125,19796.1797,1249116.9663,1229738.5076,2.5358,2.5358,2.5922
2020-04-29,17.1000,17.5000,16.8100,17.4400,0.3500,2.0500,27284.9200,47239.1060,8.9100,27.7300,0.3792,1.3783,0.9200,12.8573,14.1942,2.6454,2.3435,2.5395,73090.5188,71956.6125,19796.1797,1274698.6479,1254923.3220,2.4849,2.4849,2.6316
2020-04-30,17.2100,17.9900,17.2100,17.8100,0.3700,2.1200,41148.6200,73144.1790,9.1000,28.3200,0.5719,2.0786,1.3600,13.1301,14.4953,2.7015,2.3932,2.5934,73090.5188,71956.6125,19796.1797,1301742.1398,1281547.2686,2.4333,2.4333,2.6148
2020-05-06,17.8500,18.5600,17.7600,18.4500,0.6400,3.5900,70836.4200,129747.7670,9.4200,29.3400,0.9844,3.5783,2.1700,13.6019,15.0162,2.7986,2.4792,2.6866,73090.5188,71956.6125,19796.1797,1348520.0719,1327599.5006,2.3488,2.3488,2.5210
2020-05-07,18.4700,18.7400,18.3100,18.5300,0.0800,0.4300,45009.9100,83036.1300,9.4600,29.4700,0.6255,2.2737,1.1600,13.6609,15.0813,2.8107,2.4900,2.6982,73090.5188,71956.6125,19796.1797,1354367.3134,1333356.0296,2.3387,2.3387,2.4364
2020-05-08,18.6200,18.8800,18.5200,18.6500,0.1200,0.6500,31731.6100,59166.3620,9.5200,29.6600,0.4410,1.6029,0.7200,13.7493,15.1790,2.8289,2.5061,2.7157,73090.5188,71956.6125,19796.1797,1363138.1756,1341990.8231,2.3237,2.3237,2.4168
2020-05-11,18.6600,20.0200,18.6600,19.2900,0.6400,3.4300,73948.3600,143855.3320,9.8500,30.6700,1.0277,3.7355,1.7100,14.2212,15.6999,2.9260,2.5921,2.8089,73090.5188,71956.6125,19796.1797,1409916.1077,1388043.0551,2.2466,2.2466,2.4116
2020-05-12,19.4000,20.2000,19.3100,20.0700,0.7800,4.0400,97472.5800,194067.1160,10.2500,31.9200,1.3478,4.8353,1.8600,14.7962,16.3347,3.0443,2.6969,2.9225,73090.5188,72318.9450,20158.5122,1466926.7123,1451441.2262,2.1593,2.1593,2.3196
2020-05-13,20.0000,20.1000,19.6400,19.7700,-0.3000,-1.4900,59717.0700,118225.1320,10.1000,31.4400,0.8257,2.9624,0.9400,14.5750,16.0905,2.9988,2.6566,2.8788,73090.5188,72318.9450,20158.5122,1444999.5567,1429745.5427,2.1920,2.1920,2.2500
2020-05-14,19.7100,19.9000,19.6600,19.8100,0.0400,0.2000,28917.8000,57263.2070,10.1200,31.5000,0.3999,1.4345,0.4700,14.6045,16.1231,3.0049,2.6620,2.8846,73090.5188,72318.9450,20158.5122,1447923.1774,1432638.3005,2.1876,2.1876,2.2831
2020-05-15,19.9300,20.1500,19.6500,19.8000,-0.0100,-0.0500,29783.2400,59127.7660,10.1100,31.4900,0.4118,1.4775,0.5100,14.5972,16.1149,3.0033,2.6606,2.8831,73090.5188,72318.9450,20158.5122,1447192.2722,1431915.1110,2.1887,2.1887,2.2579
2020-05-18,20.0000,20.4600,19.5100,20.1600,0.3600,1.8200,57946.9500,116198.2350,10.3000,32.0600,0.8013,2.8746,1.0000,14.8626,16.4079,3.0579,2.7090,2.9356,73090.5188,72318.9450,20158.5122,1473504.8590,1457949.9312,2.1496,2.1496,2.2500
2020-05-19,20.1600,20.3500,19.9000,20.0500,-0.1100,-0.5500,30033.2100,60205.7080,10.2400,31.8800,0.4153,1.4899,0.5500,14.7815,16.3184,3.0413,2.6942,2.9195,73090.5188,72318.9450,20158.5122,1465464.9019,1449994.8473,2.1614,2.1614,2.2321
2020-05-20,20.0600,20.2100,19.8900,19.9100,-0.1400,-0.7000,26683.9000,53433.5610,10.1700,31.6600,0.3690,1.3237,0.6500,14.6782,16.2045,3.0200,2.6754,2.8992,73090.5188,72318.9450,20158.5122,1455232.2293,1439870.1950,2.1766,2.1766,2.2433
2020-05-21,20.1000,20.2900,19.8600,20.0200,0.1100,0.5500,36524.1900,73367.6760,10.2200,31.8400,0.5050,1.8118,1.0500,14.7593,16.2940,3.0367,2.6902,2.9152,73090.5188,72318.9450,20158.5122,1463272.1864,1447825.2789,2.1646,2.1646,2.2388
2020-05-22,20.0200,20.5000,19.6600,19.8000,-0.2200,-1.1000,30088.3300,59919.8230,10.1100,31.4900,0.4161,1.4926,0.8300,14.5972,16.1149,3.0033,2.6606,2.8831,73090.5188,72318.9450,20158.5122,1447192.2722,1431915.1110,2.1887,2.1887,2.2478
2020-05-25,19.8000,19.8800,19.2200,19.7900,-0.0100,-0.0500,42613.5500,83325.7940,10.1100,31.4700,0.5892,2.1139,1.1800,14.5898,16.1068,3.0018,2.6593,2.8817,73090.5188,72318.9450,20158.5122,1446461.3671,1431191.9216,2.1898,2.1898,2.2727
2020-05-26,19.8900,20.2000,19.5000,20.1900,0.4000,2.0200,39099.7500,78097.7760,10.3100,32.1100,0.5407,1.8717,1.1800,14.8847,16.4323,3.0625,2.7130,2.9399,73090.5188,72318.9450,20889.4122,1475697.5746,1460119.4996,2.1464,2.1464,2.2624
2020-05-27,20.2000,20.9200,20.2000,20.5400,0.3500,1.7300,47474.7500,97590.5560,10.4900,32.6600,0.6565,2.2727,1.3600,15.1427,16.7172,3.1156,2.7601,2.9909,73090.5188,72318.9450,20889.4122,1501279.2562,1485431.1303,2.1098,2.1098,2.2277
2020-05-28,20.5400,20.8400,20.0600,20.3000,-0.2400,-1.1700,27724.5200,56493.8940,10.3700,32.2800,0.3834,1.3272,0.7100,14.9658,16.5219,3.0792,2.7278,2.9559,73090.5188,72318.9450,20889.4122,1483737.5316,1468074.5835,2.1348,2.1348,2.1908
2020-05-29,20.2600,20.5900,20.1300,20.3500,0.0500,0.2500,31056.1200,63351.5810,10.3900,32.3600,0.4294,1.4867,0.8300,15.0026,16.5626,3.0868,2.7345,2.9632,73090.5188,72318.9450,20889.4122,1487392.0576,1471690.5308,2.1295,2.1295,2.2211
2020-06-01,20.7800,20.9000,20.1900,20.7900,0.4400,2.1600,36686.1100,75862.8720,10.6200,33.0600,0.5073,1.7562,0.9800,15.3270,16.9207,3.1535,2.7937,3.0273,73090.5188,72318.9450,20889.4122,1519551.8859,1503510.8666,2.0845,2.0845,2.1655
2020-06-02,20.9500,21.1200,20.7100,20.8600,0.0700,0.3400,36923.0000,77043.7540,10.6500,33.1700,0.5106,1.7675,1.0100,15.3786,16.9777,3.1641,2.8031,3.0375,73090.5188,72318.9450,20889.4122,1524668.2222,1508573.1927,2.0775,2.0775,2.1480
2020-06-03,20.4200,20.8000,19.9500,20.2700,-0.5900,-2.8300,42263.5200,85543.8310,10.5800,32.9400,0.5844,2.0232,1.1700,14.9437,16.4975,3.2999,2.7238,2.9516,73090.5188,72318.9450,20889.4122,1481544.8161,1465905.0152,2.1380,4.3580,2.2037
2020-06-04,20.2000,20.5600,20.0800,20.4100,0.1400,0.6900,27616.2500,56038.6100,10.6500,33.1700,0.3819,1.3220,0.7900,15.0469,16.6114,3.3227,2.7426,2.9720,73090.5188,72318.9450,20889.4122,1491777.4887,1476029.6675,2.1233,4.3281,2.2277
2020-06-05,20.6300,20.6300,20.2900,20.3800,-0.0300,-0.1500,26610.4200,54365.1310,10.6400,33.1200,0.3680,1.2739,0.7600,15.0247,16.5870,3.3178,2.7386,2.9676,73090.5188,72318.9450,20889.4122,1489584.7731,1473860.0991,2.1264,4.3345,2.1813
2020-06-08,20.4900,20.9700,20.4100,20.6600,0.2800,1.3700,29487.6600,61055.2600,10.7800,33.5800,0.4077,1.4116,0.8700,15.2312,16.8149,3.3634,2.7762,3.0084,73090.5188,72318.9450,20889.4122,1510050.1184,1494109.4037,2.0976,4.2757,2.1962
2020-06-09,20.7300,20.7700,20.4000,20.4600,-0.2000,-0.9700,25564.5500,52620.1330,10.6800,33.2500,0.3535,1.2238,0.7800,15.0837,16.6521,3.3308,2.7493,2.9792,73090.5188,72318.9450,20889.4122,1495432.0146,1479645.6147,2.1181,4.3175,2.1708
2020-06-10,20.5600,21.0100,20.2700,20.9600,0.5000,2.4400,50131.9500,103837.7180,10.9400,34.0700,0.6932,2.3999,1.6500,15.4523,17.0590,3.4122,2.8165,3.0520,73090.5188,72318.9450,20889.4122,1531977.2740,1515805.0872,2.0676,4.2145,2.1887
2020-06-11,21.2500,21.3000,20.5500,21.1100,0.1500,0.7200,52146.9400,109624.2080,11.0200,34.3100,0.7211,2.4963,1.6400,15.5629,17.1811,3.4366,2.8367,3.0739,73090.5188,72318.9450,20889.4122,1542940.8519,1526652.9290,2.0529,4.1846,2.1176
2020-06-12,21.0000,22.7000,20.5600,22.4500,1.3400,6.3500,104126.1000,227706.4010,11.7200,36.4900,1.4398,4.9846,2.8300,16.5508,18.2717,3.6548,3.0167,3.2690,73090.5188,72318.9450,20889.4122,1640882.1471,1623560.3153,1.9303,3.9348,2.1429
2020-06-15,22.5100,23.2500,22.1900,22.2000,-0.2500,-1.1100,100574.2200,228608.3120,11.5900,36.0800,1.3907,4.8146,1.9200,16.3665,18.0683,3.6141,2.9831,3.2326,73090.5188,72318.9450,20889.4122,1622609.5174,1605480.5790,1.9521,3.9791,1.9991
2020-06-16,22.4400,22.7600,21.8600,22.1900,-0.0100,-0.0500,54274.6700,120710.7500,11.5800,36.0700,0.7505,2.5982,0.8200,16.3591,18.0601,3.6124,2.9818,3.2312,73090.5188,72318.9450,20889.4122,1621878.6122,1604757.3896,1.9530,3.9809,2.0053
2020-06-17,22.2800,22.2800,21.5500,21.8400,-0.3500,-1.5800,49431.8500,107837.7390,11.4000,35.5000,0.6835,2.3664,0.6800,16.1011,17.7753,3.5555,2.9348,3.1802,73090.5188,72318.9450,20889.4122,1596296.9306,1579445.7588,1.9843,4.0447,2.0197
2020-06-18,21.7100,21.8900,21.3000,21.3500,-0.4900,-2.2400,36956.2700,79273.0730,11.1400,34.7000,0.5110,1.7691,0.5100,15.7399,17.3765,3.4757,2.8689,3.1088,73090.5188,72318.9450,20889.4122,1560482.5764,1544009.4758,2.0298,4.1375,2.0728
2020-06-19,21.3700,21.6500,21.2000,21.3700,0.0200,0.0900,39240.0900,84006.3540,11.1500,34.7300,0.5426,1.8785,0.5700,15.7546,17.3927,3.4789,2.8716,3.1118,73090.5188,72318.9450,20889.4122,1561944.3868,1545455.8547,2.0279,4.1337,2.1058
2020-06-22,21.5500,22.0700,20.3800,20.5500,-0.8200,-3.8400,105929.5800,221717.4890,10.7300,33.4000,1.4648,5.0710,1.8900,15.1501,16.7253,3.3455,2.7614,2.9923,73090.5188,72318.9450,20889.4122,1502010.1613,1486154.3198,2.1088,4.2986,2.0882
2020-06-23,20.5400,20.5400,19.8400,20.3800,-0.1700,-0.8300,79513.3600,160245.8770,10.6400,33.1200,1.0995,3.8064,1.3900,15.0247,16.5870,3.3178,2.7386,2.9676,73090.5188,72318.9450,20889.4122,1489584.7731,1473860.0991,2.1264,4.3345,2.1908
2020-06-24,20.3300,21.3200,20.2100,20.8800,0.5000,2.4500,67187.7900,140258.4720,10.9000,33.9400,0.9290,3.2164,1.0800,15.3934,16.9939,3.3992,2.8058,3.0404,73090.5188,72318.9450,20889.4122,1526130.0325,1510019.5716,2.0755,4.2307,2.2135
2020-06-29,21.1100,21.4600,20.4500,21.2500,0.3700,1.7700,59437.8700,125382.3210,11.0900,34.5400,0.8219,2.8454,0.9000,15.6661,17.2951,3.4594,2.8555,3.0943,73090.5188,72318.9450,20889.4122,1553173.5245,1536777.5813,2.0394,4.1570,2.1317
2020-06-30,21.2900,22.3800,20.9300,22.1700,0.9200,4.3300,72535.4900,157490.7260,11.5700,36.0300,1.0030,3.4724,1.0300,16.3444,18.0438,3.6092,2.9791,3.2282,73090.5188,72318.9450,20889.4122,1620416.8018,1603311.0107,1.9547,3.9845,2.1137
2020-07-01,22.4200,22.7500,21.9000,22.7000,0.5300,2.3900,62994.6700,141185.2430,11.8500,36.8900,0.8711,3.0156,0.8200,16.7351,18.4752,3.6955,3.0503,3.3054,73090.5188,72318.9450,20889.4122,1659154.7768,1641640.0515,1.9091,3.8915,2.0071
2020-07-02,22.4500,24.9700,22.4500,24.7700,2.0700,9.1200,168620.3900,409577.9900,12.9300,40.2600,2.3316,8.0721,2.4700,18.2612,20.1599,4.0324,3.3285,3.6068,73090.5188,72318.9450,20889.4122,1810452.1507,1791340.2677,1.7495,3.5663,2.0045
2020-07-03,24.1000,25.0400,23.8000,23.9900,-0.7800,-3.1500,124541.4100,303671.5880,12.5200,38.9900,1.7221,5.9619,1.4500,17.6861,19.5251,3.9055,3.2237,3.4933,73090.5188,72318.9450,20889.4122,1753441.5460,1734931.4906,1.8064,3.6822,1.8672
2020-07-06,23.8100,26.3900,23.7700,26.3900,2.4000,10.0000,113827.7800,291534.0380,13.7800,42.8900,1.5740,5.4491,1.1700,19.4555,21.4784,4.2962,3.5462,3.8427,73090.5188,72318.9450,20889.4122,1928858.7911,1908496.9586,1.6421,3.3473,1.8900
2020-07-07,27.0100,29.0300,25.6000,28.5000,2.1100,8.0000,119659.3400,333222.8220,14.8800,46.3200,1.6546,5.7282,1.1000,21.0111,23.1957,4.6397,3.8297,4.1500,73090.5188,72318.9450,20889.4122,2083079.7858,2061089.9325,1.5206,3.0995,1.6660
2020-07-08,28.5000,29.3400,27.3600,28.6500,0.1500,0.5300,93103.4700,263376.8370,14.9500,46.5600,1.2874,4.4570,0.7900,21.1216,23.3178,4.6641,3.8498,4.1718,73090.5188,72318.9450,20889.4122,2094043.3636,2071937.7743,1.5126,3.0833,1.5789
2020-07-09,28.7000,31.1800,28.6400,30.0000,1.3500,4.7100,130153.1900,388018.6160,15.6600,48.7600,1.7997,6.2306,1.0500,22.1169,24.4166,4.8839,4.0313,4.3684,73090.5188,72318.9450,20889.4122,2192715.5640,2169568.3500,1.4445,2.9445,1.5679
2020-07-10,30.3000,30.3400,29.3500,29.5000,-0.5000,-1.6700,71794.9100,213433.3110,15.4000,47.9500,0.9928,3.4369,0.6200,21.7483,24.0096,4.8025,3.9641,4.2956,73090.5188,72318.9450,20889.4122,2156170.3046,2133408.8775,1.4690,1.5254,1.4851
2020-07-13,29.2200,32.4500,28.8800,32.4500,2.9500,10.0000,91152.3700,282074.8630,16.9400,52.7400,1.2604,4.3636,0.8600,23.9231,26.4106,5.2827,4.3605,4.7251,73090.5188,72318.9450,20889.4122,2371787.3351,2346749.7653,1.3355,1.3867,1.5400
2020-07-14,32.4700,35.0400,30.9800,34.5600,2.1100,6.5000,99216.7600,320236.7150,18.0400,56.1700,1.3719,4.7496,0.9800,25.4787,28.1279,5.6262,4.6440,5.0324,73090.5188,72318.9450,20889.4122,2526008.3297,2499342.7392,1.2539,1.3021,1.3859
2020-07-15,34.9900,35.0000,32.2800,33.0100,-1.5500,-4.4800,100136.7300,332372.5140,17.2300,53.6500,1.3847,3.9890,1.0300,24.3360,26.8664,5.3739,4.4357,4.8067,73090.5188,72318.9450,25102.9122,2412718.0256,2387248.3745,1.3128,1.3632,1.2861
2020-07-16,33.0100,33.0100,29.7100,29.7100,-3.3000,-10.0000,110488.5300,337725.4850,15.5100,48.2900,1.5278,4.4014,1.1200,21.9031,24.1805,4.8367,3.9923,4.3262,73090.5188,72318.9450,25102.9122,2171519.3135,2148595.8560,1.4586,1.5146,1.3632
2020-07-17,29.0000,30.1000,28.2500,29.8500,0.1400,0.4700,69160.1700,202927.4060,15.5800,48.5200,0.9563,2.7551,0.7300,22.0063,24.2945,4.8594,4.0111,4.3465,73090.5188,72318.9450,25102.9122,2181751.9862,2158720.5083,1.4518,1.5075,1.5517
2020-07-20,30.0300,30.2500,28.3200,29.1800,-0.6700,-2.2400,96344.2400,278856.6230,15.2300,47.4300,1.3322,3.8380,1.0200,21.5124,23.7492,4.7504,3.9211,4.2490,73090.5188,72318.9450,25102.9122,2132781.3386,2110266.8151,1.4851,1.5422,1.4985
2020-07-21,29.6600,30.1900,28.7200,29.6300,0.4500,1.5400,63585.9700,188171.9170,15.4700,48.1600,0.8792,2.5330,0.6700,21.8441,24.1154,4.8236,3.9815,4.3145,73090.5188,72318.9450,25102.9122,2165672.0720,2142810.3404,1.4626,1.5187,1.5172
2020-07-22,30.6000,30.9700,29.5000,29.7700,0.1400,0.4700,76701.0900,231855.9500,15.5400,48.3900,1.0606,3.0555,0.8700,21.9473,24.2294,4.8464,4.0003,4.3349,73090.5188,72318.9450,25102.9122,2175904.7447,2152934.9927,1.4557,1.5116,1.4706
2020-07-23,29.6300,30.5400,28.6600,29.4100,-0.3600,-1.2100,66760.6200,195597.4910,15.3500,47.8000,0.9231,2.6595,0.8000,21.6819,23.9364,4.7878,3.9520,4.2825,73090.5188,72318.9450,25102.9122,2149592.1579,2126900.1725,1.4735,1.5301,1.5187
2020-07-24,29.3200,29.7300,28.0800,28.2100,-1.2000,-4.0800,56486.7900,163033.0330,14.7300,45.8500,0.7811,2.2502,0.7600,20.7973,22.9597,4.5925,3.7907,4.1077,73090.5188,72318.9450,25102.9122,2061883.5353,2040117.4385,1.5362,1.5952,1.5348
2020-07-27,28.4400,31.0000,28.4400,29.5100,1.3000,4.6100,134546.4000,403402.1470,15.4000,47.9600,1.8605,5.3598,1.8700,21.7557,24.0178,4.8041,3.9654,4.2970,73090.5188,72318.9450,25102.9122,2156901.2098,2134132.0670,1.4685,1.5249,1.5823
2020-07-28,30.8000,30.9500,28.4600,28.6100,-0.9000,-3.0500,102213.9500,301217.5140,14.9300,46.5000,1.4138,4.0718,1.2800,21.0896,23.2824,4.6578,3.8440,4.1655,73081.5601,72299.1450,25102.9122,2090863.4345,2068478.5385,1.5149,1.5731,1.4610
2020-07-29,28.6500,29.1600,28.1600,28.9100,0.3000,1.0500,51682.8600,148377.4970,15.0900,46.9900,0.7148,2.0605,0.5900,21.3107,23.5265,4.7066,3.8843,4.2092,73081.5601,72299.1450,25083.1122,2112787.9025,2090168.2820,1.4992,1.5567,1.5707
2020-07-30,28.9600,29.9600,28.2000,28.7000,-0.2100,-0.7300,66578.9300,193988.3790,14.9800,46.6500,0.9209,2.6543,0.8100,21.1559,23.3557,4.6724,3.8561,4.1786,73081.5601,72299.1450,25083.1122,2097440.7749,2074985.4615,1.5102,1.5681,1.5539
2020-07-31,28.3700,30.5600,28.3700,30.2600,1.5600,5.4400,73517.9800,217757.4520,15.8000,49.1800,1.0169,2.9310,0.8900,22.3058,24.6252,4.9264,4.0657,4.4057,73081.5601,72299.1450,25083.1122,2211448.0086,2187772.1277,1.4323,1.4873,1.5862
2020-08-03,30.1800,30.1800,28.6100,29.3100,-0.9500,-3.1400,104273.3600,303789.7080,15.3000,47.6400,1.4422,4.1571,1.2200,21.6056,23.8521,4.7718,3.9381,4.2674,73081.5601,72299.1450,25083.1122,2142020.5265,2119087.9400,1.4787,1.5355,1.4911
2020-08-04,29.1500,29.1500,28.0300,28.1700,-1.1400,-3.8900,78536.5000,223349.8720,14.7000,45.7800,1.0863,3.1311,0.9900,20.7652,22.9243,4.5862,3.7849,4.1014,73081.5601,72299.1450,25083.1122,2058707.5480,2036666.9147,1.5386,1.5976,1.5437
2020-08-05,28.7000,28.8600,27.8800,28.2600,0.0900,0.3200,81540.4800,230090.9840,14.7500,45.9300,1.1278,3.2508,1.0900,20.8316,22.9976,4.6008,3.7970,4.1145,73081.5601,72299.1450,25083.1122,2065284.8884,2043173.8377,1.5337,1.5926,1.5679
2020-08-06,28.4800,28.4800,26.8900,27.5700,-0.6900,-2.4400,102166.0800,280412.8490,14.3900,44.8100,1.4131,4.0731,1.2600,20.3229,22.4361,4.4885,3.7043,4.0141,73081.5601,72299.1450,25083.1122,2014858.6120,1993287.4277,1.5721,1.6324,1.5801
2020-08-07,27.6600,27.9900,26.7000,26.9500,-0.6200,-2.2500,57280.0000,156503.2900,14.0700,43.8000,0.7923,2.2836,0.6500,19.8659,21.9315,4.3875,3.6210,3.9238,73081.5601,72299.1450,25083.1122,1969548.0447,1948461.9578,1.6082,1.6700,1.6269
2020-08-10,27.0600,27.4300,26.4000,26.8600,-0.0900,-0.3300,52361.0300,140930.4850,14.0200,43.6600,0.7242,2.0875,0.6200,19.7996,21.8583,4.3729,3.6089,3.9107,73081.5601,72299.1450,25083.1122,1962970.7043,1941955.0347,1.6136,1.6756,1.6630
2020-08-11,26.9300,27.4800,26.4000,26.4100,-0.4500,-1.6800,50460.7600,135995.7470,13.7900,42.9200,0.6979,2.0117,0.6800,19.4679,21.4921,4.2996,3.5484,3.8452,73081.5601,72299.1450,25083.1122,1930084.0022,1909420.4195,1.6411,1.7041,1.6710
2020-08-12,26.4000,26.6000,24.9300,25.7100,-0.7000,-2.6500,80509.3500,205835.1610,13.4200,41.7900,1.1136,3.2097,1.1700,18.9519,20.9224,4.1857,3.4544,3.7433,73081.5601,72299.1450,25083.1122,1878926.9102,1858811.0180,1.6858,1.7505,1.7045
2020-08-13,25.8100,26.1600,25.3800,25.7600,0.0500,0.1900,36870.2500,94754.4660,13.4500,41.8700,0.5100,1.4699,0.5400,18.9887,20.9631,4.1938,3.4611,3.7505,73081.5601,72299.1450,25083.1122,1882580.9882,1862425.9752,1.6825,1.7471,1.7435
2020-08-14,25.7600,26.5800,25.4500,26.5700,0.8100,3.1400,67361.1800,175770.1760,13.8700,43.1800,0.9317,2.6855,1.2100,19.5858,21.6223,4.3257,3.5699,3.8685,73081.5601,72299.1450,25083.1122,1941777.0519,1920988.2827,1.6312,1.6938,1.7469
2020-08-17,26.5700,26.8000,26.0500,26.6500,0.0800,0.3000,63662.9500,168771.7670,13.9100,43.3100,0.8805,2.5381,1.1100,19.6448,21.6874,4.3387,3.5807,3.8801,73081.5601,72299.1450,25083.1122,1947623.5767,1926772.2143,1.6263,1.6888,1.6936
2020-08-18,26.9000,26.9700,26.3800,26.5300,-0.1200,-0.4500,40408.3400,107509.3430,13.8500,43.1200,0.5589,1.6110,0.6800,19.5563,21.5897,4.3192,3.5645,3.8626,73081.5601,72299.1450,25083.1122,1938853.7895,1918096.3169,1.6337,1.6964,1.6729
2020-08-19,26.6700,26.6700,25.6500,25.8100,-0.7200,-2.7100,53998.4700,141331.2050,13.4700,41.9500,0.7469,2.1528,0.9300,19.0256,21.0038,4.2019,3.4678,3.7578,73081.5601,72299.1450,25083.1122,1886235.0662,1866040.9325,1.6793,1.7437,1.6873
2020-08-20,25.6000,26.2700,25.1100,25.4300,-0.3800,-1.4700,59556.2500,152458.1430,13.2700,41.3300,0.8237,2.3744,1.1400,18.7455,20.6946,4.1401,3.4167,3.7025,73081.5601,72299.1450,25083.1122,1858464.0733,1838567.2574,1.7043,1.7698,1.7578
2020-08-21,25.6000,26.8000,25.6000,26.6000,1.1700,4.6000,61594.9800,162699.2450,13.8800,43.2300,0.8519,2.4556,1.0800,19.6079,21.6467,4.3306,3.5739,3.8728,73081.5601,72299.1450,25083.1122,1943969.4987,1923157.2570,1.6294,1.6919,1.7578
2020-08-24,26.9500,26.9700,25.8000,26.0400,-0.5600,-2.1100,55440.3200,144685.8750,13.5900,42.3200,0.7668,2.2103,0.9900,19.1951,21.1910,4.2394,3.4987,3.7913,73081.5601,72299.1450,25083.1122,1903043.8250,1882669.7358,1.6644,1.7283,1.6698
2020-08-25,25.9900,26.2700,25.4300,25.6800,-0.3600,-1.3800,49325.1300,127839.1210,13.4000,41.7400,0.6822,1.9665,0.9100,18.9297,20.8980,4.1808,3.4503,3.7389,73081.5601,72299.1450,25083.1122,1876734.4634,1856642.0436,1.6878,1.7526,1.7314
2020-08-26,25.7300,25.8600,24.2800,24.5000,-1.1800,-4.6000,83238.5600,206241.5710,12.7900,39.8200,1.1513,3.3185,1.4900,18.0599,19.9378,3.9887,3.2918,3.5671,73081.5601,72299.1450,25083.1122,1790498.2225,1771329.0525,1.7690,1.8370,1.7489
2020-08-27,24.5400,24.9500,24.0500,24.6900,0.1900,0.7800,57947.5600,141973.7230,12.8900,40.1300,0.8015,2.3102,0.9400,18.2000,20.0924,4.0196,3.3173,3.5947,73081.5601,72299.1450,25083.1122,1804383.7189,1785065.8901,1.7554,1.8228,1.8337
2020-08-28,24.4100,25.3600,24.3000,25.2100,0.5200,2.1100,43923.8000,109546.3740,13.1600,40.9700,0.6075,1.7511,0.7100,18.5833,20.5155,4.1043,3.3872,3.6705,73081.5601,72299.1450,25083.1122,1842386.1301,1822661.4455,1.7192,1.7852,1.8435
2020-08-31,25.2000,26.3600,24.9000,26.0600,0.8500,3.3700,76132.8300,197649.3350,13.6000,42.3600,1.0530,3.0352,1.3100,19.2099,22.4893,4.0568,3.5014,4.0323,73081.5601,72299.1450,25083.1122,1904505.4562,1884115.7187,1.6631,1.7270,1.7857
2020-09-01,26.2000,27.1000,26.0600,26.5800,0.5200,2.0000,59013.0600,157018.8670,13.8700,43.2000,0.8162,2.3527,0.9500,19.5932,22.9380,4.1378,3.5713,4.1128,73081.5601,72299.1450,25083.1122,1942507.8675,1921711.2741,1.6306,1.6932,1.7176
2020-09-02,26.8000,26.9000,26.0900,26.3000,-0.2800,-1.0500,53882.3900,141961.6670,13.7300,42.7500,0.7453,2.1482,0.8400,19.3868,22.6964,4.0942,3.5336,4.0695,73081.5601,72299.1450,25083.1122,1922045.0306,1901467.5135,1.6480,1.7112,1.6791
2020-09-03,26.2100,26.4000,25.2500,25.5600,-0.7400,-2.8100,59169.2100,152066.4670,13.3400,41.5400,0.8184,2.3589,1.0200,18.8413,22.0578,3.9790,3.4342,3.9550,73081.5601,72299.1450,25083.1122,1867964.6762,1847966.1462,1.6957,1.7608,1.7169
2020-09-04,25.1000,25.6400,24.8100,25.5400,-0.0200,-0.0800,30940.9800,78605.5510,13.3300,41.5100,0.4280,1.2335,0.5300,18.8265,22.0405,3.9759,3.4315,3.9519,73081.5601,72299.1450,25083.1122,1866503.0450,1846520.1633,1.6970,1.7622,1.7928
2020-09-07,25.6300,27.1000,25.5000,25.6500,0.1100,0.4300,80764.2300,213032.2230,13.3900,41.6900,1.1171,3.2199,1.4500,18.9076,22.1355,3.9930,3.4463,3.9689,73081.5601,72299.1450,25083.1122,1874542.0166,1854473.0693,1.6897,1.7546,1.7558
2020-09-08,25.9500,26.6700,25.1100,26.5800,0.9300,3.6300,68582.8500,178917.2880,13.8700,43.2000,0.9486,2.7342,1.2100,19.5932,22.9380,4.1378,3.5713,4.1128,73081.5601,72299.1450,25083.1122,1942507.8675,1921711.2741,1.6306,1.6932,1.7341
2020-09-09,26.5300,26.5300,25.3300,25.4600,-1.1200,-4.2100,61444.2400,157966.9910,13.2900,41.3800,0.8499,2.4496,1.0500,18.7676,21.9715,3.9634,3.4208,3.9395,73081.5601,72299.1450,25083.1122,1860656.5201,1840736.2317,1.7023,1.7677,1.6962
2020-09-10,25.5100,26.2000,25.0800,25.1100,-0.3500,-1.3700,30627.8600,78295.2950,13.1100,40.8100,0.4236,1.2211,0.5100,18.5096,21.6694,3.9089,3.3737,3.8854,73081.5601,72299.1450,25083.1122,1835077.9741,1815431.5310,1.7261,1.7923,1.7640
2020-09-11,25.0100,25.8000,24.7500,25.3800,0.2700,1.0800,22122.3600,55460.3430,13.2500,41.2500,0.3060,0.8820,0.4100,18.7086,21.9024,3.9510,3.4100,3.9271,73081.5601,72299.1450,25083.1122,1854809.9953,1834952.3001,1.7077,1.7733,1.7993
2020-09-14,25.2100,25.7600,25.0200,25.1200,-0.2600,-1.0200,26379.3900,66698.8910,13.1100,40.8300,0.3649,1.0517,0.5000,18.5169,21.6781,3.9105,3.3751,3.8869,73081.5601,72299.1450,25083.1122,1835808.7897,1816154.5224,1.7254,1.7916,1.7850
2020-09-15,25.3200,25.3900,24.5100,25.3800,0.2600,1.0400,30866.2300,76841.4720,13.2500,41.2500,0.4269,1.2306,0.7400,18.7086,21.9024,3.9510,3.4100,3.9271,73081.5601,72299.1450,25083.1122,1854809.9953,1834952.3001,1.7077,1.7733,1.7773
2020-09-16,25.3300,26.4500,25.1200,25.5800,0.2000,0.7900,53961.7200,139757.3820,13.3500,41.5800,0.7464,2.1513,1.5700,18.8560,22.0750,3.9821,3.4369,3.9581,73081.5601,72299.1450,25083.1122,1869426.3074,1849412.1291,1.6944,1.7594,1.7765
2020-09-17,25.8100,25.8400,25.0100,25.4900,-0.0900,-0.3500,32171.2400,81490.2460,13.3100,41.4300,0.4450,1.2826,0.9800,18.7897,21.9974,3.9681,3.4248,3.9441,73081.5601,72299.1450,25083.1122,1862848.9669,1842905.2061,1.7003,1.7656,1.7435
2020-09-18,25.2100,26.3300,25.2100,25.9600,0.4700,1.8400,32356.5300,83693.5660,13.5500,42.1900,0.4475,1.2900,0.9500,19.1361,22.4030,4.0412,3.4880,4.0169,73081.5601,72299.1450,25083.1122,1897197.3002,1876885.8042,1.6696,1.7336,1.7850
2020-09-21,25.9600,26.9600,25.8000,26.6000,0.6400,2.4700,48781.5700,129595.2460,13.8800,43.2300,0.6747,1.9448,1.3900,19.6079,22.9553,4.1409,3.5739,4.1159,73081.5601,72299.1450,25083.1122,1943969.4987,1923157.2570,1.6294,1.6919,1.7334
2020-09-22,26.5500,26.5500,25.5300,25.6200,-0.9800,-3.6800,31495.3800,81768.3790,13.3700,41.6400,0.4356,1.2556,0.7900,18.8855,22.1096,3.9883,3.4423,3.9643,73081.5601,72299.1450,25083.1122,1872349.5698,1852304.0949,1.6917,1.7567,1.6949
2020-09-23,25.6900,25.8900,25.1300,25.4800,-0.1400,-0.5500,28937.8900,73471.7640,13.3000,41.4100,0.4003,1.1537,0.7300,18.7823,21.9887,3.9665,3.4235,3.9426,73081.5601,72299.1450,25083.1122,1862118.1513,1842182.2146,1.7010,1.7663,1.7517
2020-09-24,25.2900,25.4200,24.7400,25.0200,-0.4600,-1.8100,19423.4400,48541.3040,13.0600,40.6700,0.2687,0.7744,0.5600,18.4432,21.5918,3.8949,3.3617,3.8714,73081.5601,72299.1450,25083.1122,1828500.6337,1808924.6079,1.7323,1.7988,1.7794
2020-09-25,25.0000,25.6600,25.0000,25.3700,0.3500,1.4000,17224.0400,43646.7380,13.2400,41.2300,0.2382,0.6867,0.5300,18.7012,21.8938,3.9494,3.4087,3.9256,73081.5601,72299.1450,25083.1122,1854079.1797,1834229.3087,1.7084,1.7740,1.8000
2020-09-28,25.5000,25.5700,25.0700,25.3700,0.0000,0.0000,16347.5200,41386.5180,13.2400,41.2300,0.2261,0.6517,0.5600,18.7012,21.8938,3.9494,3.4087,3.9256,73081.5601,72299.1450,25083.1122,1854079.1797,1834229.3087,1.7084,1.7740,1.7647
2020-09-29,25.5000,25.5900,24.7500,24.7600,-0.6100,-2.4000,29676.6300,74465.9460,12.9200,40.2400,0.4105,1.1831,1.3100,18.2516,21.3674,3.8544,3.3267,3.8312,73081.5601,72299.1450,25083.1122,1809499.4281,1790126.8302,1.7505,1.8177,1.7647
2020-09-30,24.9400,25.1600,24.5000,24.9400,0.1800,0.7300,20614.9900,51290.8380,13.0200,40.5300,0.2851,0.8219,0.9200,18.3843,21.5227,3.8825,3.3509,3.8590,73081.5601,72299.1450,25083.1122,1822654.1089,1803140.6763,1.7378,1.8046,1.8043
2020-10-09,25.2100,26.8800,25.2000,26.3800,1.4400,5.7700,56677.5700,148684.5070,13.7700,42.8800,0.7839,2.2596,2.7400,19.4457,22.7654,4.1066,3.5444,4.0819,73081.5601,72299.1450,25083.1122,1927891.5554,1907251.4451,1.6430,1.7060,1.7850
2020-10-12,26.5100,26.7500,24.7000,25.4100,-0.9700,-3.6800,119423.2100,304834.6600,13.2600,41.3000,1.6518,4.7611,4.2500,18.7307,21.9283,3.9556,3.4141,3.9318,73081.5601,72299.1450,25083.1122,1857002.4421,1837121.2745,1.7057,1.7712,1.6975
2020-10-13,25.4500,25.6500,25.0500,25.5200,0.1100,0.4300,33048.5100,84037.3360,13.3200,41.4800,0.4571,1.3176,0.6800,18.8118,22.0233,3.9727,3.4288,3.9488,73081.5601,72299.1450,25083.1122,1865041.4138,1845074.1804,1.6983,1.7635,1.7682
2020-10-14,25.4000,25.4200,24.8200,24.9000,-0.6200,-2.4300,37468.6400,93680.5900,13.0000,40.4700,0.5182,1.4938,0.7200,18.3548,21.4882,3.8762,3.3455,3.8529,73081.5601,72299.1450,25083.1122,1819730.8465,1800248.7105,1.7406,1.8075,1.7717
2020-10-15,24.9900,24.9900,24.4200,24.6500,-0.2500,-1.0000,31649.8600,77939.0580,12.8700,40.0600,0.4378,1.2618,0.5900,18.1705,21.2725,3.8373,3.3119,3.8142,73081.5601,72299.1450,25083.1122,1801460.4565,1782173.9243,1.7583,1.8258,1.8007
2020-10-16,24.6000,25.0700,24.5500,24.7500,0.1000,0.4100,20205.5300,50044.0290,12.9200,40.2300,0.2795,0.8055,0.3600,18.2442,21.3588,3.8529,3.3254,3.8296,73081.5601,72299.1450,25083.1122,1808768.6125,1789403.8388,1.7512,1.8184,1.8293
2020-10-19,24.6900,24.8100,24.2800,24.4900,-0.2600,-1.0500,21800.8400,53447.1470,12.7800,39.8000,0.3015,0.8691,0.4500,18.0525,21.1344,3.8124,3.2904,3.7894,73081.5601,72299.1450,25083.1122,1789767.4068,1770606.0611,1.7698,1.8377,1.8226
2020-10-20,24.4900,24.5500,23.8800,24.2100,-0.2800,-1.1400,27742.4100,66828.9690,12.6400,39.3500,0.3837,1.1060,0.9600,17.8461,20.8928,3.7688,3.2528,3.7461,73081.5601,72299.1450,25083.1122,1769304.5700,1750362.3005,1.7902,1.8590,1.8375
2020-10-21,24.1200,24.1300,23.4800,23.5900,-0.6200,-2.5600,37977.5500,89928.0030,12.3100,38.3400,0.5253,1.5141,1.3700,17.3891,20.3577,3.6723,3.1695,3.6502,73081.5601,72299.1450,25083.1122,1723994.0028,1705536.8306,1.8373,1.9078,1.8657
2020-10-22,23.6000,23.7700,23.4300,23.6200,0.0300,0.1300,16316.7300,38551.4400,12.3300,38.3900,0.2257,0.6505,0.5900,17.4112,20.3836,3.6770,3.1736,3.6548,73081.5601,72299.1450,25083.1122,1726186.4496,1707705.8049,1.8350,1.9054,1.9068
2020-10-23,23.7900,24.3900,23.6200,24.0400,0.4200,1.7800,28165.2200,67830.4300,12.5500,39.0700,0.3896,1.1229,1.1400,17.7208,20.7461,3.7424,3.2300,3.7198,73081.5601,72299.1450,25083.1122,1756880.7048,1738071.4458,1.8029,1.8721,1.8916
2020-10-26,23.9900,24.0000,22.9200,23.1800,-0.8600,-3.5800,27369.2800,63731.8980,12.1000,37.6700,0.3786,1.0911,1.0400,17.0869,20.0039,3.6085,3.1144,3.5867,73081.5601,72299.1450,25083.1122,1694030.5631,1675894.1811,1.8698,1.9416,1.8758
2020-10-27,23.2900,24.0400,23.1800,23.9700,0.7900,3.4100,26412.0600,62780.4920,12.5100,38.9600,0.3653,1.0530,0.9600,17.6692,20.6856,3.7315,3.2206,3.7090,73081.5601,72299.1450,25083.1122,1751764.9956,1733010.5057,1.8082,1.8776,1.9322
2020-10-28,24.2000,24.4500,23.8300,24.0800,0.1100,0.4600,24647.9600,59521.3200,12.5700,39.1400,0.3409,0.9827,0.9000,17.7503,20.7806,3.7486,3.2354,3.7260,73081.5601,72299.1450,25083.1122,1759803.9672,1740963.4116,1.7999,1.8690,1.8595
2020-10-29,23.8000,25.0600,23.8000,24.9700,0.8900,3.7000,37554.7400,92745.6420,13.0300,40.5800,0.5194,1.4972,1.5300,18.4064,21.5486,3.8871,3.3549,3.8637,73081.5601,72299.1450,25083.1122,1824846.5557,1805309.6507,1.7357,1.8024,1.8908
2020-10-30,24.9300,25.3500,24.5400,24.6600,-0.3100,-1.2400,33146.7300,82311.0770,12.8700,40.0800,0.4585,1.3215,1.1500,18.1779,21.2811,3.8389,3.3133,3.8157,73081.5601,72299.1450,25083.1122,1802191.2721,1782896.9157,1.7576,1.8250,1.8051
2020-11-02,25.0700,27.1300,25.0000,27.1300,2.4700,10.0200,128456.8800,336568.2830,14.1600,44.0900,1.7767,5.1212,4.3100,19.9986,20.3074,3.8981,3.6452,3.9830,73081.5601,72299.1450,25083.1122,1982702.7255,1961475.8039,1.5976,1.6589,1.7950
2020-11-03,27.8200,27.8800,27.0000,27.6900,0.5600,2.0600,94087.2400,259374.1330,14.4500,45.0000,1.3014,3.5582,1.8800,20.4114,20.7266,3.9786,3.7204,4.0652,73081.5601,72299.1450,26442.3522,2023628.3992,2001963.3251,1.5652,1.6253,1.6175
2020-11-04,27.4100,28.3000,27.1500,27.8700,0.1800,0.6500,67829.2100,188189.6840,14.5500,45.3000,0.9382,2.5652,1.0700,20.5441,20.8613,4.0044,3.7446,4.0916,73081.5601,72299.1450,26442.3522,2036783.0800,2014977.1712,1.5551,1.6148,1.6417
2020-11-05,28.2300,28.3800,27.6000,28.0700,0.2000,0.7200,70752.3600,198199.4830,14.6500,45.6200,0.9786,2.6757,0.9800,20.6915,21.0110,4.0332,3.7714,4.1210,73081.5601,72299.1450,26442.3522,2051399.3920,2029437.0002,1.5441,1.6033,1.5940
2020-11-06,28.0700,28.4500,27.6200,28.1300,0.0600,0.2100,49029.5500,137919.4660,14.6800,45.7200,0.6781,1.8542,0.6200,20.7357,21.0560,4.0418,3.7795,4.1298,73081.5601,72299.1450,26442.3522,2055784.2856,2033774.9489,1.5408,1.5999,1.6031
2020-11-09,28.3400,28.7800,27.1500,27.2000,-0.9300,-3.3100,107587.4300,298142.2940,14.2000,44.2100,1.4881,4.0688,1.3100,20.0502,20.3598,3.9082,3.6546,3.9933,73081.5601,72299.1450,26442.3522,1987818.4347,1966536.7440,1.5934,1.6546,1.5879
2020-11-10,27.0100,27.1600,25.8100,26.4200,-0.7800,-2.8700,93067.3000,244832.4570,13.7900,42.9400,1.2873,3.5196,1.2000,19.4752,19.7760,3.7961,3.5498,3.8788,73081.5601,72299.1450,26442.3522,1930814.8178,1910143.4109,1.6405,1.7035,1.6660
2020-11-11,26.5000,26.8400,25.5500,25.8000,-0.6200,-2.3500,73754.4300,191704.8060,13.4700,41.9300,1.0201,2.7893,0.9500,19.0182,19.3119,3.7070,3.4665,3.7877,73081.5601,72299.1450,26442.3522,1885504.2506,1865317.9410,1.6799,1.7444,1.6981
2020-11-12,25.9000,27.5500,25.7100,26.6200,0.8200,3.1800,83610.5200,223816.0350,13.9000,43.2700,1.1565,3.1620,1.0600,19.6227,19.9257,3.8248,3.5766,3.9081,73081.5601,72299.1450,26442.3522,1945431.1299,1924603.2399,1.6282,1.6907,1.7375
2020-11-13,26.6300,26.9700,26.3100,26.7800,0.1600,0.6000,34878.2700,93064.4020,13.9800,43.5300,0.4824,1.3190,0.4300,19.7406,20.0454,3.8478,3.5981,3.9316,73081.5601,72299.1450,26442.3522,1957124.1795,1936171.1031,1.6184,1.6806,1.6898
2020-11-16,27.1100,27.7700,26.9100,27.5800,0.8000,2.9900,50183.5600,137751.9300,14.4000,44.8300,0.6941,1.8978,0.6400,20.3303,20.6443,3.9628,3.7056,4.0491,73081.5601,72299.1450,26442.3522,2015589.4276,1994010.4191,1.5715,1.6318,1.6599
2020-11-17,27.5800,27.6500,26.2700,26.6200,-0.9600,-3.4800,55278.2400,148629.6040,13.9000,43.2700,0.7646,2.0905,0.8200,19.6227,19.9257,3.8248,3.5766,3.9081,73081.5601,72299.1450,26442.3522,1945431.1299,1924603.2399,1.6282,1.6907,1.6316
2020-11-18,26.7400,27.5000,26.6400,27.1700,0.5500,2.0700,60781.2800,165047.5920,14.1800,44.1600,0.8407,2.2986,1.0200,20.0281,20.3374,3.9039,3.6505,3.9889,73081.5601,72299.1450,26442.3522,1985625.9879,1964367.7697,1.5952,1.6564,1.6829
2020-11-19,27.0600,28.2800,26.8900,28.0500,0.8800,3.2400,52833.2000,147729.2160,14.6400,45.5900,0.7308,1.9981,0.9300,20.6768,20.9961,4.0303,3.7688,4.1181,73081.5601,72299.1450,26442.3522,2049937.7608,2027991.0173,1.5452,1.6045,1.6630
2020-11-20,28.0400,28.2500,27.6000,27.8000,-0.2500,-0.8900,41793.0700,116413.2800,14.5100,45.1800,0.5781,1.5805,0.8200,20.4925,20.8089,3.9944,3.7352,4.0814,73081.5601,72299.1450,26442.3522,2031667.3708,2009916.2310,1.5590,1.6189,1.6049
2020-11-23,27.8400,28.4800,27.7000,27.8300,0.0300,0.1100,39646.8600,110943.2490,14.5300,45.2300,0.5484,1.4994,0.7600,20.5146,20.8314,3.9987,3.7392,4.0858,73081.5601,72299.1450,26442.3522,2033859.8176,2012085.2054,1.5574,1.6172,1.6164
2020-11-24,27.8200,28.2200,27.3600,28.2000,0.3700,1.3300,42124.2100,116849.4160,14.7200,45.8300,0.5826,1.5931,0.8400,20.7873,21.1083,4.0519,3.7889,4.1401,73081.5601,72299.1450,26442.3522,2060899.9948,2038835.8890,1.5369,1.5959,1.6175
2020-11-25,27.8900,28.1300,27.1100,27.1800,-1.0200,-3.6200,40959.1500,112922.9450,14.1900,44.1800,0.5665,1.5490,0.8600,20.0355,20.3449,3.9053,3.6519,3.9903,73081.5601,72299.1450,26442.3522,1986356.8035,1965090.7611,1.5946,1.6558,1.6135
2020-11-26,27.0900,27.4300,26.8900,27.1600,-0.0200,-0.0700,28555.7000,77487.6750,14.1800,44.1400,0.3950,1.0799,0.6600,20.0207,20.3299,3.9024,3.6492,3.9874,73081.5601,72299.1450,26442.3522,1984895.1723,1963644.7782,1.5958,1.6571,1.6611
2020-11-27,27.3000,27.6500,26.7300,27.2500,0.0900,0.3300,38076.7700,103711.3540,14.2200,44.2900,0.5267,1.4400,0.9900,20.0871,20.3973,3.9154,3.6613,4.0006,73081.5601,72299.1450,26442.3522,1991472.5127,1970151.7013,1.5905,1.6516,1.6484
2020-11-30,27.2500,27.3900,26.3500,26.5900,-0.6600,-2.4200,48239.6200,128497.0330,13.8800,43.2200,0.6672,1.8243,1.2700,19.6005,19.9032,3.8205,3.5726,3.9037,73081.5601,72299.1450,26442.3522,1943238.6831,1922434.2656,1.6300,1.6926,1.6514
2020-12-01,26.5800,27.5300,26.5200,27.4800,0.8900,3.3500,46274.3200,125333.7420,14.3400,44.6600,0.6400,1.7500,1.1700,20.2566,20.5694,3.9484,3.6922,4.0344,73081.5601,72299.1450,26442.3522,2008281.2715,1986780.5046,1.5772,1.6378,1.6930
2020-12-02,27.4800,28.0500,27.2800,27.5500,0.0700,0.2500,45535.0400,126163.4560,14.3800,44.7800,0.6298,1.7220,1.1300,20.3082,20.6218,3.9585,3.7016,4.0447,73081.5601,72299.1450,26442.3522,2013396.9808,1991841.4448,1.5732,1.6336,1.6376
2020-12-03,27.6700,27.8000,26.9500,27.1700,-0.3800,-1.3800,28302.9500,77116.3630,14.1800,44.1600,0.3915,1.0704,0.6800,20.0281,20.3374,3.9039,3.6505,3.9889,73081.5601,72299.1450,26442.3522,1985625.9879,1964367.7697,1.5952,1.6564,1.6263
2020-12-04,26.8900,27.2500,26.8800,27.2100,0.0400,0.1500,16902.3100,45740.5910,14.2000,44.2200,0.2338,0.6392,0.4100,20.0576,20.3673,3.9096,3.6559,3.9948,73081.5601,72299.1450,26442.3522,1988549.2503,1967259.7355,1.5929,1.6540,1.6735
2020-12-07,27.3000,27.8500,27.0200,27.7300,0.5200,1.9100,45039.9700,123973.9990,14.4700,45.0700,0.6230,1.7033,1.2200,20.4409,20.7565,3.9843,3.7258,4.0711,73081.5601,72299.1450,26442.3522,2026551.6616,2004855.2909,1.5630,1.6230,1.6484
2020-12-08,27.6300,29.0600,26.1000,26.1600,-1.5700,-5.6600,132840.1700,362541.7370,13.6600,42.5200,1.8374,5.0238,3.6500,19.2836,19.5814,3.7587,3.5148,3.8406,73081.5601,72299.1450,26442.3522,1911813.6122,1891345.6332,1.6568,1.7204,1.6287
2020-12-09,26.0100,26.4900,25.2100,25.5100,-0.6500,-2.4800,57861.3700,148846.0010,13.3200,41.4600,0.8003,2.1882,1.0800,18.8044,19.0948,3.6654,3.4275,3.7452,73081.5601,72299.1450,26442.3522,1864310.5982,1844351.1890,1.6990,1.7642,1.7301
2020-12-10,25.4500,26.2100,24.7700,25.7300,0.2200,0.8600,32357.7700,82845.0860,13.4300,41.8200,0.4476,1.2237,0.5800,18.9666,19.2595,3.6970,3.4570,3.7775,73081.5601,72299.1450,26442.3522,1880388.5414,1860257.0009,1.6845,1.7491,1.7682
2020-12-11,26.0000,26.0000,24.6500,24.9200,-0.8100,-3.1500,40700.2200,102104.3400,13.0100,40.5000,0.5629,1.5392,0.7100,18.3695,18.6532,3.5806,3.3482,3.6586,73081.5601,72299.1450,26442.3522,1821192.4777,1801694.6934,1.7392,1.8060,1.7308
2020-12-14,24.7000,25.5000,24.4000,24.9800,0.0600,0.2400,48255.8200,119585.7640,13.0400,40.6000,0.6674,1.8249,0.7800,18.4137,18.6981,3.5892,3.3563,3.6674,73081.5601,72299.1450,26442.3522,1825577.3713,1806032.6421,1.7351,1.8017,1.8219
2020-12-15,25.0800,25.5000,24.8000,25.2800,0.3000,1.2000,38904.7100,98093.7840,13.2000,41.0900,0.5381,1.4713,0.6200,18.6349,18.9227,3.6323,3.3966,3.7114,73081.5601,72299.1450,26442.3522,1847501.8393,1827722.3856,1.7145,1.7803,1.7943
2020-12-16,25.0300,25.7900,24.8000,25.7000,0.4200,1.6600,34981.3200,89594.2850,13.4100,41.7700,0.4838,1.3229,0.8000,18.9445,19.2370,3.6927,3.4530,3.7731,73081.5601,72299.1450,26442.3522,1878196.0946,1858088.0265,1.6864,1.7512,1.7978
2020-12-17,25.7100,26.0000,25.4200,25.7000,0.0000,0.0000,37141.0800,95650.1120,13.4100,41.7700,0.5137,1.4046,0.9500,18.9445,19.2370,3.6927,3.4530,3.7731,73081.5601,72299.1450,26442.3522,1878196.0946,1858088.0265,1.6864,1.7512,1.7503
2020-12-18,26.1400,26.6800,26.0100,26.3500,0.6500,2.5300,47368.6600,124841.6520,13.7500,42.8300,0.6552,1.7914,1.1800,19.4236,19.7236,3.7860,3.5404,3.8685,73081.5601,72299.1450,26442.3522,1925699.1086,1905082.4708,1.6448,1.7080,1.7215
2020-12-21,26.4500,26.4500,25.6800,26.2800,-0.0700,-0.2700,39870.6000,103802.4790,13.7200,42.7100,0.5515,1.5078,0.9600,19.3720,19.6712,3.7760,3.5309,3.8582,73081.5601,72299.1450,26442.3522,1920583.3994,1900021.5306,1.6492,1.7125,1.7013
2020-12-22,26.3500,26.3900,25.4200,25.4700,-0.8100,-3.0800,31777.8400,82446.6670,13.2900,41.4000,0.4395,1.2018,0.8000,18.7749,19.0649,3.6596,3.4221,3.7393,73081.5601,72299.1450,26442.3522,1861387.3357,1841459.2232,1.7017,1.7670,1.7078
2020-12-23,25.4400,26.3100,25.3100,26.3100,0.8400,3.3000,35865.2100,93143.5060,13.7300,42.7600,0.4961,1.3564,0.9400,19.3941,19.6936,3.7803,3.5350,3.8626,73081.5601,72299.1450,26442.3522,1922775.8462,1902190.5050,1.6473,1.7106,1.7689
2020-12-24,26.3100,26.7000,25.7100,26.3200,0.0100,0.0400,30479.0000,80280.1600,13.7400,42.7800,0.4216,1.1527,0.7900,19.4015,19.7011,3.7817,3.5363,3.8641,73081.5601,72299.1450,26442.3522,1923506.6618,1902913.4964,1.6467,1.7099,1.7104
2020-12-25,25.9100,26.4900,25.8000,25.9100,-0.4100,-1.5600,23256.9200,60760.2950,13.5200,42.1100,0.3217,0.8795,0.6300,19.0993,19.3942,3.7228,3.4812,3.8039,73081.5601,72299.1450,26442.3522,1893543.2222,1873270.8470,1.6728,1.7370,1.7368
2020-12-28,25.8600,25.9400,25.2200,25.5500,-0.3600,-1.3900,30821.2900,78730.1670,13.3400,41.5300,0.4263,1.1656,0.9600,18.8339,19.1248,3.6711,3.4329,3.7510,73081.5601,72299.1450,26442.3522,1867233.8606,1847243.1548,1.6963,1.7615,1.7401
2020-12-29,25.7500,26.0600,25.3200,25.5200,-0.0300,-0.1200,36724.7800,94368.0930,13.3200,41.4800,0.5080,1.3889,1.2100,18.8118,19.1023,3.6668,3.4288,3.7466,73081.5601,72299.1450,26442.3522,1865041.4138,1845074.1804,1.6983,1.7635,1.7476
2020-12-30,25.5000,26.7000,25.0000,26.1800,0.6600,2.5900,49200.8200,128523.3460,13.6700,42.5500,0.6805,1.8607,1.5700,19.2983,19.5963,3.7616,3.5175,3.8435,73081.5601,72299.1450,26442.3522,1913275.2434,1892791.6161,1.6555,1.7191,1.7647
2020-12-31,26.5000,26.8400,26.0700,26.6500,0.4700,1.8000,35362.7400,93811.9610,13.9100,43.3100,0.4891,1.3374,1.0400,19.6448,19.9481,3.8292,3.5807,3.9125,73081.5601,72299.1450,26442.3522,1947623.5767,1926772.2143,1.6263,1.6888,1.6981
2021-01-04,26.6500,26.8800,25.2000,25.7800,-0.8700,-3.2600,84221.3400,216451.3120,13.4600,41.9000,1.1649,3.1851,2.4000,19.0035,19.2969,3.7041,3.4638,3.7848,73081.5601,72299.1450,26442.3522,1884042.6194,1863871.9581,1.7458,1.7458,2.1442
2021-01-05,25.5000,26.4600,25.4600,26.1400,0.3600,1.4000,48597.0700,126351.4700,13.6400,42.4900,0.6722,1.8378,1.0300,19.2688,19.5664,3.7559,3.5121,3.8377,73081.5601,72299.1450,26442.3522,1910351.9810,1889899.6503,1.7217,1.7217,2.2409
2021-01-06,26.1500,27.0500,26.1300,26.2600,0.1200,0.4600,53983.4400,143067.7770,13.7100,42.6800,0.7467,2.0416,1.0600,19.3573,19.6562,3.7731,3.5283,3.8553,73081.5601,72299.1450,26442.3522,1919121.7682,1898575.5477,1.7138,1.7138,2.1852
2021-01-07,26.7100,27.8000,26.5100,27.4800,1.2200,4.6500,98553.0100,269055.8870,14.3400,44.6600,1.3631,3.7271,1.8200,20.2566,20.5694,3.9484,3.6922,4.0344,73081.5601,72299.1450,26442.3522,2008281.2715,1986780.5046,1.6378,1.6378,2.1394
2021-01-08,28.2500,28.7000,27.3000,28.0500,0.5700,2.0700,90812.6500,253494.3620,14.6400,45.5800,1.2561,3.4344,1.4200,20.6768,20.9961,4.0303,3.7688,4.1181,73081.5601,72299.1450,26442.3522,2049937.7608,2027991.0173,1.6045,1.6045,2.0228
2021-01-11,27.2400,27.4900,26.2700,26.7000,-1.3500,-4.8100,94058.6400,252666.0790,13.9300,43.3900,1.3010,3.5571,1.2500,19.6816,19.9856,3.8363,3.5874,3.9199,73081.5601,72299.1450,26442.3522,1951277.6547,1930387.1715,1.6856,1.6856,2.0978
2021-01-12,26.7000,27.0000,26.3700,26.7000,0.0000,0.0000,50275.2000,133859.7990,13.9300,43.3900,0.6954,1.9013,0.6500,19.6816,19.9856,3.8363,3.5874,3.9199,73081.5601,72299.1450,26442.3522,1951277.6547,1930387.1715,1.6856,1.6856,2.1402
2021-01-13,26.6700,26.6900,25.6000,26.0000,-0.7000,-2.6200,72190.2000,187517.3860,13.5700,42.2500,0.9985,2.7301,0.9300,19.1656,19.4616,3.7358,3.4933,3.8171,73081.5601,72299.1450,26442.3522,1900120.5626,1879777.7700,1.7310,1.7310,2.1426
2021-01-14,26.0000,27.1500,25.8000,26.5200,0.5200,2.0000,56963.8800,151273.6260,13.8400,43.0900,0.7879,2.1543,0.7000,19.5489,19.8508,3.8105,3.5632,3.8935,73081.5601,72299.1450,26442.3522,1938122.9739,1917373.3254,1.6970,1.6970,2.1978
2021-01-15,26.7900,27.1900,26.3100,27.1300,0.6100,2.3000,57911.2100,155551.8320,14.1600,44.0900,0.8010,2.1901,0.7900,19.9986,20.3074,3.8981,3.6452,3.9830,73081.5601,72299.1450,26442.3522,1982702.7255,1961475.8039,1.6589,1.6589,2.1330
2021-01-18,27.0500,27.6700,26.3100,27.4400,0.3100,1.1400,60574.0100,164785.7080,14.3200,44.5900,0.8378,2.2908,0.9100,20.2271,20.5395,3.9427,3.6868,4.0285,73081.5601,72299.1450,26442.3522,2005358.0091,1983888.5388,1.6401,1.6401,2.1125
2021-01-19,27.5500,29.2600,27.4000,28.7900,1.3500,4.9200,90357.5700,257421.8740,15.0300,46.7800,1.2498,3.4172,1.5200,21.2222,21.5500,4.1366,3.8682,4.2267,73081.5601,72299.1450,26442.3522,2104018.1153,2081492.3846,1.5632,1.5632,2.0742
2021-01-20,28.8600,31.6700,28.8100,31.6700,2.8800,10.0000,101616.7200,310548.0910,16.5300,51.4600,1.4055,3.8430,1.5000,23.3452,23.7057,4.5504,4.2551,4.6495,73081.5601,72299.1450,26442.3522,2314493.0084,2289713.9222,1.4211,1.4211,1.9800
2021-01-21,31.7500,33.2000,31.5600,32.3200,0.6500,2.0500,123625.6300,398233.2900,16.8700,52.5200,1.7099,4.6753,1.6800,23.8244,24.1923,4.6438,4.3425,4.7450,73081.5601,72299.1450,26442.3522,2361996.0224,2336708.3664,1.3925,1.3925,1.7998
2021-01-22,31.8000,32.6000,31.0500,31.2500,-1.0700,-3.3100,103004.3900,326453.7300,16.3100,50.7800,1.4247,3.8954,1.1900,23.0356,23.3913,4.4901,4.1987,4.5879,73081.5601,72299.1450,26442.3522,2283798.7531,2259348.2813,1.4402,1.4402,1.7969
2021-01-25,31.5200,32.0000,31.1100,31.7200,0.4700,1.5000,133113.1100,420030.7880,16.5500,51.5500,1.8411,5.0341,1.3900,23.3821,23.7431,4.5576,4.2619,4.6569,73081.5601,72299.1450,26442.3522,2318147.0864,2293328.8794,1.4188,1.4188,1.8129
2021-01-26,31.0000,31.8800,30.1800,31.3800,-0.3400,-1.0700,69013.7300,215260.4850,16.3800,50.9900,0.9546,2.6100,0.6300,23.1314,23.4886,4.5088,4.2162,4.6070,73081.5601,72299.1450,26442.3522,2293299.3559,2268747.1701,1.4342,1.4342,1.8433
2021-01-27,31.5200,32.2700,30.8200,31.6800,0.3000,0.9600,50204.2600,158910.6110,16.5300,51.4800,0.6944,1.8986,0.4700,23.3526,23.7132,4.5519,4.2565,4.6510,73081.5601,72299.1450,26442.3522,2315223.8240,2290436.9136,1.4206,1.4206,1.8129
2021-01-28,31.2200,32.4600,31.2200,32.1000,0.4200,1.3300,75807.6700,242761.5070,16.7500,52.1600,1.0485,2.8669,0.7900,23.6622,24.0276,4.6122,4.3129,4.7127,73081.5601,72299.1450,26442.3522,2345918.0792,2320802.5545,1.4020,1.4020,1.8303
2021-01-29,32.1300,32.3000,30.6800,31.3100,-0.7900,-2.4600,82880.6900,261780.8210,16.3400,50.8800,1.1464,3.1344,0.9600,23.0798,23.4363,4.4987,4.2068,4.5967,73081.5601,72299.1450,26442.3522,2288183.6467,2263686.2300,1.4374,1.4374,1.7785
2021-02-01,31.2500,33.4000,31.2500,32.5000,1.1900,3.8000,105490.9500,345242.9020,16.9600,52.8100,1.4591,3.9895,1.2800,23.9570,24.3270,4.6697,4.3667,4.7714,73081.5601,72299.1450,26442.3522,2375150.7033,2349722.2125,1.3848,1.3848,1.8286
2021-02-02,32.5000,34.5600,32.3300,34.1000,1.6000,4.9200,110564.5000,375214.2440,17.8000,55.4100,1.5293,4.1813,1.4400,25.1365,25.5246,4.8996,4.5816,5.0063,73081.5601,72299.1450,26442.3522,2492081.1994,2465400.8445,1.3198,1.3198,1.7582
2021-02-03,33.7800,34.1100,33.3900,33.8300,-0.2700,-0.7900,73106.6400,246459.6510,17.6600,54.9700,1.0112,2.7648,0.8600,24.9374,25.3225,4.8608,4.5454,4.9666,73081.5601,72299.1450,26442.3522,2472349.1782,2445880.0754,1.3303,1.3303,1.6916
2021-02-04,33.5500,34.6600,32.3200,32.9200,-0.9100,-2.6900,75670.4600,251652.8810,17.1800,53.5000,1.0466,2.8617,0.8400,24.2666,24.6414,4.7300,4.4231,4.8330,73081.5601,72299.1450,26442.3522,2405844.9585,2380087.8534,1.3671,1.3671,1.7032
2021-02-05,33.3300,34.2800,32.5000,32.5000,-0.4200,-1.2800,65447.3700,218622.2890,16.9600,52.8100,0.9052,2.4751,0.7300,23.9570,24.3270,4.6697,4.3667,4.7714,73081.5601,72299.1450,26442.3522,2375150.7033,2349722.2125,1.3848,1.3848,1.7145
2021-02-08,31.9400,34.3200,31.5000,34.2900,1.7900,5.5100,74892.4900,250072.9790,17.9000,55.7200,1.0359,2.8323,0.8700,25.2765,25.6669,4.9269,4.6072,5.0342,73081.5601,72299.1450,26442.3522,2505966.6958,2479137.6821,1.3125,1.3125,1.7891
2021-02-09,33.9800,35.1100,33.6100,34.0400,-0.2500,-0.7300,60301.0300,206058.8790,17.7700,55.3100,0.8340,2.2805,0.7500,25.0922,25.4797,4.8910,4.5736,4.9975,73081.5601,72299.1450,26442.3522,2487696.3058,2461062.8958,1.3221,1.3221,1.6817
2021-02-10,34.2500,34.5000,33.4000,34.1100,0.0700,0.2100,48725.2500,165452.1040,17.8000,55.4300,0.6739,1.8427,0.7000,25.1438,25.5321,4.9010,4.5830,5.0078,73081.5601,72299.1450,26442.3522,2492812.0150,2466123.8360,1.3194,1.3194,1.6684
2021-02-18,34.9200,36.6400,34.8800,35.9000,1.7900,5.2500,84544.4800,303733.1460,18.7400,58.3400,1.1694,3.1973,1.3000,26.4633,26.8720,5.1582,4.8235,5.2705,73081.5601,72299.1450,26442.3522,2623628.0076,2595539.3055,1.2536,1.2536,1.6364
2021-02-19,36.2300,36.2400,33.0200,35.3600,-0.5400,-1.5000,72573.5600,253534.9290,18.4500,57.4600,1.0038,2.7446,1.0900,26.0653,26.4678,5.0806,4.7509,5.1913,73081.5601,72299.1450,26442.3522,2584163.9651,2556497.7672,1.2728,1.2728,1.5772
2021-02-22,35.7000,38.0400,35.1600,36.4900,1.1300,3.2000,89860.7600,332055.8250,19.0400,59.3000,1.2429,3.3984,1.3200,26.8982,27.3136,5.2430,4.9027,5.3572,73081.5601,72299.1450,26442.3522,2666746.1280,2638195.8011,1.2334,1.2334,1.6006
2021-02-23,36.1800,39.3800,36.1800,38.0000,1.5100,4.1400,109659.3500,416725.2090,19.8300,61.7500,1.5167,4.1471,1.5400,28.0113,28.4439,5.4600,5.1056,5.5789,73081.5601,72299.1450,26442.3522,2777099.2838,2747367.5100,1.1844,1.1844,1.5794
2021-02-24,38.0000,38.0500,34.5000,34.7800,-3.2200,-8.4700,123456.3700,441641.4040,18.1500,56.5200,1.7076,4.6689,1.5200,25.6377,26.0336,4.9973,4.6730,5.1061,73081.5601,72299.1450,26442.3522,2541776.6603,2514564.2631,1.2940,1.2940,1.5038
2021-02-25,34.9100,36.1800,33.9000,34.4800,-0.3000,-0.8600,104603.0700,365384.7630,17.9900,56.0300,1.4468,3.9559,1.0900,25.4166,25.8091,4.9542,4.6327,5.0621,73081.5601,72299.1450,26442.3522,2519852.1922,2492874.5196,1.3053,1.3053,1.6369
2021-02-26,33.3000,33.9800,31.7500,32.4600,-2.0200,-5.8600,79404.6500,258810.5390,16.9400,52.7500,1.0983,3.0029,0.7900,23.9276,24.2971,4.6639,4.3613,4.7655,73081.5601,72299.1450,26442.3522,2372227.4408,2346830.2467,1.3865,1.3865,1.7160
2021-03-01,33.0000,33.6500,32.5000,33.1600,0.7000,2.1600,62956.7000,209023.7920,17.3100,53.8800,0.8708,2.3809,0.6200,24.4435,23.9508,4.4960,4.4553,4.7666,73081.5601,72299.1450,26442.3522,2423384.5329,2397439.6482,1.3572,1.3572,1.7316
2021-03-02,34.2800,34.7800,32.2800,33.0600,-0.1000,-0.3000,62455.9600,207732.4730,17.2500,53.7200,0.8639,2.3620,0.6500,24.3698,23.8786,4.4824,4.4419,4.7522,73081.5601,72299.1450,26442.3522,2416076.3769,2390209.7337,1.3613,1.3613,1.6669
2021-03-03,32.7000,33.6900,32.2200,33.0700,0.0100,0.0300,49662.5900,163905.2780,17.2600,53.7400,0.6869,1.8781,0.5700,24.3772,23.8858,4.4838,4.4432,4.7536,73081.5601,72299.1450,26442.3522,2416807.1925,2390932.7252,1.3609,1.3609,1.7475
2021-03-04,33.1500,33.9700,32.1000,33.0300,-0.0400,-0.1200,52949.0700,173722.7080,17.2400,53.6700,0.7324,2.0024,0.7400,24.3477,23.8569,4.4784,4.4379,4.7479,73081.5601,72299.1450,26442.3522,2413883.9301,2388040.7594,1.3626,1.3626,1.7238
2021-03-05,32.2200,33.0100,31.9100,32.5100,-0.5200,-1.5700,57321.1400,186235.1690,16.9700,52.8300,0.7928,2.1678,0.9300,23.9644,23.4813,4.4079,4.3680,4.6731,73081.5601,72299.1450,26442.3522,2375881.5189,2350445.2040,1.3844,1.3844,1.7735
2021-03-08,33.0400,33.1000,30.5400,30.5400,-1.9700,-6.0600,63929.1500,201013.3330,15.9400,49.6300,0.8842,2.4177,1.1200,22.5122,22.0584,4.1408,4.1033,4.3900,73081.5601,72299.1450,26442.3522,2231910.8455,2208015.8883,1.4737,1.4737,1.7295
2021-03-09,31.0000,31.8400,29.7000,31.4500,0.9100,2.9800,70832.7000,219557.3060,16.4100,51.1100,0.9797,2.6788,1.2400,23.1830,22.7157,4.2642,4.2256,4.5208,73081.5601,72299.1450,26442.3522,2298415.0651,2273808.1103,1.4310,1.4310,1.8433
2021-03-10,31.2900,33.3200,31.2900,32.6600,1.2100,3.8500,61814.5000,201618.0750,17.0400,53.0700,0.8550,2.3377,1.0500,24.0750,23.5897,4.4282,4.3882,4.6947,73081.5601,72299.1450,26442.3522,2386843.7529,2361290.0757,1.3780,1.3780,1.8262
2021-03-11,32.8900,32.9700,31.4800,31.8100,-0.8500,-2.6000,59523.7000,189724.0420,16.6000,51.6900,0.8233,2.2511,0.9700,23.4484,22.9757,4.3130,4.2739,4.5725,73081.5601,72299.1450,26442.3522,2324724.4268,2299835.8025,1.4148,1.4148,1.7374
2021-03-12,31.8200,32.1000,31.4000,31.8500,0.0400,0.1300,39574.0900,125705.2240,16.6200,51.7600,0.5474,1.4966,0.6300,23.4779,23.0046,4.3184,4.2793,4.5783,73081.5601,72299.1450,26442.3522,2327647.6892,2302727.7683,1.4130,1.4130,1.7958
2021-03-15,31.8300,32.0800,30.6700,30.9600,-0.8900,-2.7900,38025.1700,118503.0560,16.1600,50.3100,0.5259,1.4380,0.6400,22.8218,22.3618,4.1977,4.1597,4.4503,73081.5601,72299.1450,26442.3522,2262605.1007,2238381.5292,1.4537,1.4537,1.7953
2021-03-16,31.3300,32.8500,31.1200,32.4400,1.4800,4.7800,54897.1900,177200.4580,16.9300,52.7100,0.7593,2.0761,1.0200,23.9128,23.4308,4.3984,4.3586,4.6631,73081.5601,72299.1450,26442.3522,2370765.8096,2345384.2638,1.3873,1.3873,1.8239
2021-03-17,32.3900,32.9300,31.7000,32.5700,0.1300,0.4000,35877.8100,116055.4470,17.0000,52.9300,0.4962,1.3568,0.7100,24.0086,23.5247,4.4160,4.3761,4.6818,73081.5601,72299.1450,26442.3522,2380266.4125,2354783.1527,1.3818,1.3818,1.7642
2021-03-18,32.6300,33.1900,32.3600,33.0400,0.4700,1.4400,40021.1100,131720.9140,17.2400,53.6900,0.5535,1.5135,0.8800,24.3551,23.8641,4.4797,4.4392,4.7493,73081.5601,72299.1450,26442.3522,2414614.7457,2388763.7508,1.3622,1.3622,1.7512
2021-03-19,33.0000,33.3900,32.4000,33.1500,0.1100,0.3300,37431.5000,123408.8060,17.3000,53.8700,0.5177,1.4156,0.9000,24.4362,23.9436,4.4946,4.4540,4.7651,73081.5601,72299.1450,26442.3522,2422653.7173,2396716.6568,1.3576,1.3576,1.7316
2021-03-22,33.0000,35.1600,32.8000,34.6000,1.4500,4.3700,53065.1300,181703.0590,18.0600,56.2300,0.7340,2.0068,1.2900,25.5050,24.9909,4.6912,4.6488,4.9736,73081.5601,72299.1450,26442.3522,2528621.9795,2501550.4170,1.3007,1.3007,1.7316
2021-03-23,34.5900,35.0000,33.7800,34.4200,-0.1800,-0.5200,37064.0900,126755.3100,17.9600,55.9300,0.5126,1.4017,0.8400,25.3723,24.8609,4.6668,4.6246,4.9477,73081.5601,72299.1450,26442.3522,2515467.2986,2488536.5709,1.3075,1.3075,1.6520
2021-03-24,34.2200,34.7100,32.9100,33.2000,-1.2200,-3.5400,46849.5700,157298.7060,17.3300,53.9500,0.6480,1.7718,1.1500,24.4730,23.9797,4.5014,4.4607,4.7723,73081.5601,72299.1450,26442.3522,2426307.7953,2400331.6140,1.3556,1.3556,1.6699
2021-03-25,33.1700,33.5600,32.2700,33.1500,-0.0500,-0.1500,29361.7900,96819.4060,17.3000,53.8700,0.4061,1.1104,0.6800,24.4362,23.9436,4.4946,4.4540,4.7651,73081.5601,72299.1450,26442.3522,2422653.7173,2396716.6568,1.3576,1.3576,1.7227
2021-03-26,33.3000,33.8300,32.6000,33.7800,0.6300,1.9000,25055.9800,83656.9620,17.6300,54.8900,0.3466,0.9476,0.6100,24.9006,24.3986,4.5801,4.5386,4.8557,73081.5601,72299.1450,26442.3522,2468695.1002,2442265.1181,1.3323,1.3323,1.7160
2021-03-29,33.7000,34.7000,32.6600,34.4200,0.6400,1.8900,52395.6800,178268.5380,17.9600,55.9300,0.7247,1.9815,1.3700,25.3723,24.8609,4.6668,4.6246,4.9477,73081.5601,72299.1450,26442.3522,2515467.2986,2488536.5709,1.3075,1.3075,1.6956
2021-03-30,34.9600,35.3400,33.8800,34.8200,0.4000,1.1600,41264.3600,143622.5340,18.1700,56.5800,0.5707,1.5605,1.0800,25.1127,25.1127,4.7249,5.0052,5.0052,73081.5601,72299.1450,26442.3522,2544699.9227,2517456.2289,1.2925,1.2925,1.6345
2021-03-31,34.9700,35.4000,33.9000,34.9800,0.1600,0.4600,55119.7900,190876.4660,18.2600,56.8400,0.7624,2.0845,1.4100,25.2281,25.2281,4.7467,5.0282,5.0282,73081.5601,72299.1450,26442.3522,2556392.9723,2529024.0921,1.2866,1.2866,1.6341
2021-04-01,35.8000,36.5200,34.8400,35.8500,0.8700,2.4900,55038.5200,197235.2830,18.7100,58.2600,0.7613,2.0815,1.3500,25.8555,25.8555,4.8647,5.1532,5.1532,73081.5601,72299.1450,26442.3522,2619973.9296,2591924.3483,1.2554,1.2554,1.5962
2021-04-02,35.7900,37.0300,35.2300,37.0300,1.1800,3.2900,47414.5900,172173.7540,19.3300,60.1700,0.6558,1.7931,1.0400,26.7066,26.7066,5.0248,5.3229,5.3229,73081.5601,72299.1450,26442.3522,2706210.1705,2677237.3394,1.2154,1.2154,1.5966
2021-04-06,36.7900,36.8400,35.2500,35.8700,-1.1600,-3.1300,40718.0800,146078.0300,18.7200,58.2900,0.5632,1.5399,0.8100,25.8700,25.8700,4.8674,5.1561,5.1561,73081.5601,72299.1450,26442.3522,2621435.5608,2593370.3312,1.2547,1.2547,1.5532
2021-04-07,35.7800,35.7800,34.3000,34.8300,-1.0400,-2.9000,52302.7300,181671.2520,18.1800,56.6000,0.7234,1.9780,1.0900,25.1199,25.1199,4.7263,5.0066,5.0066,73081.5601,72299.1450,26442.3522,2545430.7383,2518179.2204,1.2921,1.2921,1.5971
2021-04-08,34.6900,35.7000,34.3000,35.3800,0.5500,1.5800,39015.5900,137141.0530,18.4600,57.4900,0.5396,1.4755,0.7800,25.5166,25.5166,4.8009,5.0857,5.0857,73081.5601,72299.1450,26442.3522,2585625.5963,2557943.7501,1.2721,1.2721,1.6472
2021-04-09,35.4300,36.6900,35.4300,36.5900,1.2100,3.4200,39405.3700,142569.4810,19.1000,59.4600,0.5450,1.4902,0.8400,26.3892,26.3892,4.9651,5.2596,5.2596,73081.5601,72299.1450,26442.3522,2674054.2841,2645425.7156,1.2300,1.2300,1.6128
2021-04-12,36.5800,36.9400,35.3500,35.6200,-0.9700,-2.6500,34138.0500,122494.1220,18.5900,57.8800,0.4722,1.2910,0.7800,25.6897,25.6897,4.8335,5.1202,5.1202,73081.5601,72299.1450,26442.3522,2603165.1708,2575295.5449,1.2635,1.2635,1.5621
2021-04-13,35.7600,36.1500,34.8000,35.1000,-0.5200,-1.4600,24474.6900,86423.5430,18.3200,57.0400,0.3385,0.9256,0.6000,25.3146,25.3146,4.7629,5.0454,5.0454,73081.5601,72299.1450,26442.3522,2565162.7595,2537699.9895,1.2822,1.2822,1.5980
2021-04-14,34.6500,36.2000,34.6300,35.7600,0.6600,1.8800,29659.0300,105813.5000,18.6600,58.1100,0.4102,1.1216,0.7800,25.7906,25.7906,4.8525,5.1403,5.1403,73081.5601,72299.1450,26442.3522,2613396.5892,2585417.4252,1.2585,1.2585,1.6491
2021-04-15,34.6400,34.6500,32.1800,32.1800,-3.5800,-10.0100,154292.6900,501739.3650,16.7900,52.2900,2.1341,5.8351,4.6300,23.2087,23.2087,4.3667,4.6257,4.6257,73081.5601,72299.1450,26442.3522,2351764.6040,2326586.4861,1.3986,1.3986,1.6496
2021-04-16,32.1300,32.3200,31.1500,31.6800,-0.5000,-1.5500,74993.2100,238559.0700,16.5300,51.4800,1.0373,2.8361,1.3300,22.8481,22.8481,4.2989,4.5538,4.5538,73081.5601,72299.1450,26442.3522,2315223.8240,2290436.9136,1.4206,1.4206,1.7785
2021-04-19,31.7000,33.3300,31.4500,32.6900,1.0100,3.1900,74833.8400,244606.1830,17.0600,53.1200,1.0351,2.8301,1.1800,23.5765,23.5765,4.4359,4.6990,4.6990,73081.5601,72299.1450,26442.3522,2389036.1997,2363459.0501,1.3767,1.3767,1.8026
2021-04-20,32.5100,33.2800,31.9000,33.0300,0.3400,1.0400,45342.5300,148991.4510,17.2400,53.6700,0.6272,1.7148,0.6300,23.8217,23.8217,4.4820,4.7479,4.7479,73081.5601,72299.1450,26442.3522,2413883.9301,2388040.7594,1.3626,1.3626,1.7577
2021-04-21,32.6000,33.0500,32.2000,32.7600,-0.2700,-0.8200,36654.1400,119863.6030,17.1000,53.2300,0.5070,1.3862,0.4800,23.6270,23.6270,4.4454,4.7091,4.7091,73081.5601,72299.1450,26442.3522,2394151.9089,2368519.9902,1.3738,1.3738,1.7528
2021-04-22,32.5800,33.0200,31.9700,32.1100,-0.6500,-1.9800,38549.9100,124466.5660,16.7600,52.1800,0.5332,1.4579,0.5000,23.1582,23.1582,4.3572,4.6156,4.6156,73081.5601,72299.1450,26442.3522,2346648.8948,2321525.5460,1.4016,1.4016,1.7539
2021-04-23,32.1100,32.3700,31.2200,31.2400,-0.8700,-2.7100,73987.4500,233200.4380,16.3000,50.7700,1.0234,2.7981,1.3700,22.5307,22.5307,4.2391,4.4906,4.4906,73081.5601,72299.1450,26442.3522,2283067.9375,2258625.2898,1.4406,1.4406,1.7796
2021-04-26,31.2100,32.2900,31.1300,31.6200,0.3800,1.2200,47199.1400,150330.6140,16.5000,51.3800,0.6528,1.7850,0.8800,22.8048,22.8048,4.2907,4.5452,4.5452,73081.5601,72299.1450,26442.3522,2310838.9304,2286098.9649,1.4233,1.4233,1.8309
2021-04-27,31.7100,32.6000,31.7100,31.9200,0.3000,0.9500,35774.4200,115025.7810,16.6600,51.8700,0.4948,1.3529,0.7400,23.0212,23.0212,4.3314,4.5883,4.5883,73081.5601,72299.1450,26442.3522,2332763.3984,2307788.7084,1.4099,1.4099,1.8020
2021-04-28,32.0200,32.4900,31.8800,32.1900,0.2700,0.8500,26300.6400,84849.3380,16.8000,52.3100,0.3638,0.9946,0.5700,23.2159,23.2159,4.3681,4.6271,4.6271,73081.5601,72299.1450,26442.3522,2352495.4196,2327309.4776,1.3981,1.3981,1.7846
2021-04-29,32.1000,32.4100,31.6200,32.2400,0.0500,0.1600,24839.3400,79720.1500,16.8300,52.3900,0.3436,0.9394,0.5600,23.2519,23.2519,4.3748,4.6343,4.6343,73081.5601,72299.1450,26442.3522,2356149.4976,2330924.4348,1.3960,1.3960,1.7802
2021-04-30,29.9500,31.8700,29.7500,30.9100,-1.3300,-4.1300,88328.1200,273449.0720,16.1300,50.2300,1.2217,3.4745,2.1200,22.2927,19.6788,4.0153,4.4431,4.0606,73081.5601,72299.1450,25422.0284,2258951.0227,2234766.5720,1.4560,1.4560,1.9079
2021-05-06,31.0800,31.1000,29.0500,29.2800,-1.6300,-5.2700,108615.5300,322263.6630,15.2800,47.5800,1.5023,4.2725,2.4400,21.1172,18.6411,3.8036,4.2088,3.8465,73081.5601,72299.1450,25422.0284,2139828.0797,2116918.9656,1.5371,1.5371,1.8386
2021-05-07,29.7100,30.8000,29.4000,29.5500,0.2700,0.9200,73058.6700,219270.3910,15.4200,48.0200,1.0105,2.8738,1.2900,21.3119,18.8130,3.8387,4.2477,3.8819,73081.5601,72299.1450,25422.0284,2159560.1010,2136439.7348,1.5230,1.5230,1.9234
2021-05-10,29.8300,30.2700,29.0100,29.3100,-0.2400,-0.8100,47590.3900,140071.3290,15.3000,47.6300,0.6582,1.8720,0.7400,21.1388,18.6602,3.8075,4.2132,3.8504,73081.5601,72299.1450,25422.0284,2142020.5265,2119087.9400,1.5355,1.5355,1.9156
2021-05-11,29.2800,29.2800,28.2100,28.9400,-0.3700,-1.2600,50043.9100,143937.7340,15.1000,47.0300,0.6922,1.9685,0.7300,20.8719,18.4246,3.7594,4.1600,3.8018,73081.5601,72299.1450,25422.0284,2114980.3493,2092337.2563,1.5551,1.5551,1.9516
2021-05-12,29.0600,29.0700,28.1200,28.3900,-0.5500,-1.9000,65423.9900,185603.1780,14.8200,46.1300,0.9049,2.5735,0.8900,20.4753,18.0745,3.6880,4.0809,3.7296,73081.5601,72299.1450,25422.0284,2074785.4912,2052572.7266,1.5853,1.5853,1.9664
2021-05-13,28.3400,28.5700,27.7700,27.8700,-0.5200,-1.8300,41602.5400,116518.1640,14.5400,45.2900,0.5754,1.6365,0.6000,20.1002,17.7434,3.6204,4.0062,3.6612,73081.5601,72299.1450,25422.0284,2036783.0800,2014977.1712,1.6148,1.6148,2.0163
2021-05-14,27.8900,28.8400,27.8900,28.6500,0.7800,2.8000,41637.8500,118648.9720,14.9500,46.5600,0.5759,1.6379,0.7500,20.6628,18.2400,3.7218,4.1183,3.7637,73081.5601,72299.1450,25422.0284,2093786.6969,2071370.5043,1.5709,1.5709,2.0489
2021-05-17,28.7700,28.9900,28.3700,28.6700,0.0200,0.0700,42760.0400,122538.1500,14.9600,46.5900,0.5914,1.6820,0.8700,20.6772,18.2527,3.7244,4.1212,3.7663,73081.5601,72299.1450,25422.0284,2095248.3281,2072816.4872,1.5698,1.5698,1.9862
2021-05-18,28.7800,29.5500,28.7700,29.2400,0.5700,1.9900,44822.7400,131308.4960,15.2600,47.5200,0.6200,1.7631,0.9300,21.0883,18.6156,3.7984,4.2031,3.8412,73081.5601,72299.1450,25422.0284,2136904.8173,2114026.9998,1.5392,1.5392,1.9855
2021-05-19,29.1500,29.1500,28.2800,28.5900,-0.6500,-2.2200,28467.1000,81192.3500,14.9200,46.4600,0.3937,1.1198,0.6000,20.6195,18.2018,3.7140,4.1097,3.7558,73081.5601,72299.1450,25422.0284,2089401.8033,2067032.5556,1.5742,1.5742,1.9603
2021-05-20,28.6100,28.8400,28.0600,28.3100,-0.2800,-0.9800,33851.0200,95764.2720,14.7700,46.0000,0.4682,1.3316,0.8500,20.4176,18.0235,3.6776,4.0694,3.7190,73081.5601,72299.1450,25422.0284,2068938.9664,2046788.7950,1.5897,1.5897,1.9973
2021-05-21,28.4600,28.6000,28.0000,28.1100,-0.2000,-0.7100,24290.2100,68424.0430,14.6700,45.6800,0.3360,0.9555,0.6300,20.2733,17.8962,3.6516,4.0407,3.6928,73081.5601,72299.1450,25422.0284,2054322.6544,2032328.9660,1.6011,1.6011,2.0078
2021-05-24,28.0800,28.5700,28.0800,28.3200,0.2100,0.7500,29310.6000,83035.5960,14.7800,46.0200,0.4054,1.1530,0.8400,20.4248,18.0299,3.6789,4.0708,3.7204,73081.5601,72299.1450,25422.0284,2069669.7820,2047511.7864,1.5892,1.5892,2.0350
2021-05-25,28.5000,28.5500,27.9000,28.1500,-0.1700,-0.6000,59419.7600,167022.5020,14.6900,45.7400,0.8219,2.3373,1.8500,20.3022,17.9217,3.6568,4.0464,3.6980,73081.5601,72299.1450,25422.0284,2057245.9168,2035220.9318,1.5988,1.5988,2.0050
2021-05-26,28.2800,28.7400,27.0000,28.7300,0.5800,2.0600,97032.8000,272334.6680,14.9900,46.6900,1.3421,3.8169,2.7700,20.7205,18.2909,3.7321,4.1298,3.7742,73081.5601,72299.1450,25422.0284,2099633.2217,2077154.4359,1.5665,1.5665,2.0206
2021-05-27,28.7500,28.9800,27.8800,28.6500,-0.0800,-0.2800,127517.8800,361802.4730,14.9500,46.5600,1.7638,5.0160,2.6100,20.6628,18.2400,3.7218,4.1183,3.7637,73081.5601,72299.1450,25422.0284,2093786.6969,2071370.5043,1.5709,1.5709,1.9876
2021-05-28,28.5000,28.7500,28.2000,28.2100,-0.4400,-1.5400,64381.8800,182981.0330,14.7200,45.8400,0.8905,2.5325,0.9500,20.3455,17.9599,3.6646,4.0550,3.7059,73081.5601,72299.1450,25422.0284,2061630.8104,2039558.8805,1.5954,1.5954,2.0050
2021-05-31,28.2500,28.7700,26.9700,27.0300,-1.1800,-4.1800,132849.7800,366594.6280,14.1100,43.9200,1.8375,5.2258,1.7600,19.4944,17.2086,3.5113,3.8854,3.5509,73081.5601,72299.1450,25422.0284,1975394.5695,1954245.8894,1.6650,1.6650,2.0228
2021-06-01,27.5000,27.7900,26.3600,27.6800,0.6500,2.4000,127396.7000,343876.8400,14.4500,44.9800,1.7621,5.0113,1.3200,19.9632,17.6224,3.5957,3.9788,3.6363,73081.5601,72299.1450,25422.0284,2022897.5836,2001240.3336,1.6259,1.6259,2.0779
2021-06-02,27.5500,28.0500,27.0000,27.6000,-0.0800,-0.2900,84861.1400,235525.4660,14.4000,44.8500,1.1738,3.3381,0.7700,19.9055,17.5715,3.5854,3.9673,3.6258,73081.5601,72299.1450,25422.0284,2017051.0588,1995456.4020,1.6306,1.6306,2.0742
2021-06-03,27.6100,29.1500,27.6100,28.8300,1.2300,4.4600,97315.9600,277904.5500,15.0500,46.8500,1.3460,3.8280,0.9100,20.7926,18.3546,3.7451,4.1442,3.7874,73081.5601,72299.1450,25422.0284,2106941.3777,2084384.3504,1.5611,,2.0696
2021-06-04,28.7400,29.6000,28.2200,29.2800,0.4500,1.5600,80994.9100,236484.1670,15.2800,47.5800,1.1203,3.1860,0.8000,21.1172,18.6411,3.8036,4.2088,3.8465,73081.5601,72299.1450,25422.0284,2139828.0797,2116918.9656,1.5371,,1.9883
2021-06-07,29.3400,30.8900,29.3400,30.5100,1.2300,4.2000,88326.9600,268038.9830,15.9200,49.5800,1.2217,3.4744,0.8400,22.0042,19.4242,3.9634,4.3856,4.0081,73081.5601,72299.1450,25422.0284,2229718.3987,2205846.9140,1.4751,,1.9476
2021-06-08,30.6700,30.8100,29.1000,29.4900,-1.0200,-3.3400,86531.5200,256612.9150,15.3900,47.9200,1.1969,3.4038,0.9000,21.2686,18.7748,3.8309,4.2390,3.8741,73081.5601,72299.1450,25422.0284,2155175.2073,2132101.7861,1.5261,,1.8632
2021-06-09,29.6400,30.6300,29.5900,30.0000,0.5100,1.7300,88760.8500,267575.0830,15.6600,48.7500,1.2277,3.4915,1.0100,21.6364,19.0995,3.8971,4.3123,3.9411,73081.5601,72299.1450,25422.0284,2192446.8030,2168974.3500,1.5002,,1.9279
2021-06-10,29.8700,30.3000,28.9500,29.1400,-0.8600,-2.8700,90465.0200,264987.7450,15.2100,47.3500,1.2513,3.5585,1.0200,21.0162,18.5520,3.7854,4.1887,3.8281,73081.5601,72299.1450,25422.0284,2129596.6613,2106797.0853,1.5445,,1.9131
2021-06-11,29.6300,29.6300,28.5200,28.6200,-0.5200,-1.7800,59177.0200,170837.0420,14.9400,46.5100,0.8271,2.3991,0.6800,20.6412,18.2209,3.7179,4.1140,3.7598,73081.5601,71543.9522,24666.8356,2091594.2501,2047587.9120,1.5725,,1.9285
2021-06-15,28.6200,28.6700,28.0200,28.2000,-0.4200,-1.4700,49338.7300,139464.1870,14.7200,45.8200,0.6896,2.0002,0.6000,20.3382,17.9535,3.6633,4.0536,3.7046,73081.5601,71543.9522,24666.8356,2060899.9948,2017539.4520,1.5959,,1.9966
2021-06-16,28.1000,28.1000,27.4200,27.8100,-0.3900,-1.3800,53182.8600,147636.6470,14.5100,45.1900,0.7434,2.1560,0.7100,20.0570,17.7052,3.6126,3.9975,3.6534,73081.5601,71543.9522,24666.8356,2032398.1864,1989637.3107,1.6183,,2.0336
2021-06-17,27.6400,28.0200,27.3000,27.9600,0.1500,0.5400,53048.7200,146478.2560,14.5900,45.4400,0.7415,2.1506,0.7800,20.1652,17.8007,3.6321,4.0191,3.6731,73081.5601,71543.9522,24666.8356,2043360.4204,2000368.9035,1.6096,,2.0674
2021-06-18,18.1800,18.7900,17.6600,18.2300,-9.7300,-34.8000,94491.0500,172712.4860,14.5800,45.4100,0.8805,2.5538,1.5500,19.7216,17.4092,3.8525,3.9307,3.5923,109622.3401,107315.9283,37000.2534,1998415.2600,1956369.3729,1.6458,2.1942,3.1432
2021-06-21,18.0000,18.0300,17.1300,17.2600,-0.9700,-5.3200,143844.4500,251318.2300,13.8100,42.9900,1.3404,3.8877,2.3300,18.6722,16.4828,3.6475,3.7215,3.4011,109622.3401,107315.9283,37000.2534,1892081.5901,1852272.9225,1.7383,2.3175,3.1746
2021-06-22,17.3300,18.0500,17.3000,17.4700,0.2100,1.2200,117362.9400,206851.9730,13.9800,43.5200,1.0936,3.1719,1.4900,18.8994,16.6834,3.6919,3.7668,3.4425,109622.3401,107315.9283,37000.2534,1915102.2815,1874809.2674,1.7174,2.2896,3.2973
2021-06-23,17.5900,17.6000,17.0000,17.2100,-0.2600,-1.4900,109541.2000,188450.8040,13.7700,42.8700,1.0207,2.9606,1.1900,18.6181,16.4351,3.6369,3.7108,3.3913,109622.3401,107315.9283,37000.2534,1886600.4731,1846907.1260,1.7434,2.3242,3.2486
2021-06-24,17.2100,17.3600,16.8200,17.2000,-0.0100,-0.0600,91653.7300,156126.7580,13.7600,42.8500,0.8541,2.4771,0.8800,18.6073,16.4255,3.6348,3.7086,3.3893,109622.3401,107315.9283,37000.2534,1885504.2497,1845833.9668,1.7444,2.3256,3.3203
2021-06-25,17.7000,18.4000,17.5200,18.3000,1.1000,6.4000,166596.4300,300127.5450,14.6400,45.5900,1.5524,4.5026,1.5000,19.7973,17.4760,3.8673,3.9458,3.6061,109622.3401,107315.9286,37000.2537,2006088.8238,1963881.4934,1.6395,2.1858,3.2284
2021-06-28,18.5200,19.2900,18.5000,19.1100,0.8100,4.4300,148522.5300,281858.8370,15.2900,47.6000,1.3840,4.0141,1.1800,20.6736,18.2495,4.0385,4.1204,3.7657,109622.3401,107315.9286,37000.2537,2094882.9193,2050807.3955,1.5701,2.0931,3.0855
2021-06-29,19.5000,20.4000,19.1500,20.0300,0.9200,4.8100,230483.9300,458993.3480,16.0200,49.8900,2.1477,5.9818,1.8200,21.6689,19.1281,4.2329,4.3188,3.9470,109622.3401,107315.9286,38530.7394,2195735.4722,2149538.0499,1.4979,1.9970,2.9304
2021-06-30,20.0600,20.4600,19.3000,19.7700,-0.2600,-1.3000,131671.8600,261791.7530,15.8200,49.2500,1.2270,3.4173,0.8800,21.3876,18.8798,4.1779,4.2627,3.8957,109622.3401,107315.9286,38530.7394,2167233.6638,2121635.9084,1.5176,2.0233,2.8486
2021-07-01,19.9900,20.0000,19.3500,19.4600,-0.3100,-1.5700,82724.3100,161865.3880,15.5700,48.4700,0.7708,2.1470,0.5400,21.0522,18.5838,4.1124,4.1959,3.8346,109622.3401,107315.9286,38530.7394,2133250.7383,2088367.9706,1.5418,2.0555,2.8586
2021-07-02,19.4300,20.2000,19.3000,19.4500,-0.0100,-0.0500,106959.5300,211083.9950,15.5600,48.4500,0.9967,2.7760,0.7000,21.0414,18.5742,4.1103,4.1937,3.8327,109622.3401,107315.9286,38530.7394,2132154.5149,2087294.8113,1.5426,2.0566,2.9410
2021-07-05,19.5400,19.9600,18.9700,19.2500,-0.2000,-1.0300,74235.2600,143825.1850,15.4000,47.9500,0.6917,1.9267,0.5300,20.8251,18.3832,4.0681,4.1506,3.7933,109622.3401,107315.9286,38530.7394,2110230.0469,2065831.6256,1.5586,2.0779,2.9244
2021-07-06,19.2500,19.3300,18.7100,19.2100,-0.0400,-0.2100,71882.9300,136806.3840,15.3700,47.8500,0.6698,1.8656,0.5700,20.7818,18.3450,4.0596,4.1420,3.7854,109622.3401,107315.9286,38530.7394,2105845.1533,2061538.9884,1.5619,2.0822,2.9685
2021-07-07,19.2200,19.6400,18.8200,19.0100,-0.2000,-1.0400,66744.0600,127527.1360,15.2100,47.3500,0.6219,1.7322,0.7100,20.5654,18.1540,4.0173,4.0989,3.7460,109622.3401,107315.9286,38530.7394,2083920.6853,2040075.8027,1.5783,2.1042,2.9731
2021-07-08,19.1000,19.1800,18.0400,18.1400,-0.8700,-4.5800,103387.3700,190678.8070,14.5100,45.1900,0.9634,2.6832,1.2800,19.6242,17.3232,3.8335,3.9113,3.5745,109622.3401,107315.9286,38530.7394,1988549.2494,1946710.9448,1.6540,2.2051,2.9918
2021-07-09,18.3000,18.3300,17.7700,18.1000,-0.0400,-0.2200,74276.4900,134031.0230,14.4800,45.0900,0.6921,1.9277,0.8800,19.5810,17.2850,3.8250,3.9027,3.5667,109622.3401,107315.9286,38530.7394,1984164.3558,1942418.3077,1.6577,2.2099,3.1226
2021-07-12,18.0600,18.2100,17.8300,18.0000,-0.1000,-0.5500,61645.4800,111174.5750,14.4000,44.8400,0.5744,1.5999,0.7900,19.4728,17.1895,3.8039,3.8811,3.5470,109622.3401,107315.9286,38530.7394,1973202.1218,1931686.7148,1.6669,2.2222,3.1641
2021-07-13,18.0600,18.2900,17.9200,18.1000,0.1000,0.5600,73402.8100,132998.3040,14.4800,45.0900,0.6840,1.9050,0.9700,19.5810,17.2850,3.8250,3.9027,3.5667,109622.3401,107315.9286,38530.7394,1984164.3558,1942418.3077,1.6577,2.2099,3.1641
2021-07-14,18.1100,18.2600,17.7500,18.0600,-0.0400,-0.2200,67286.8700,121073.8420,14.4500,44.9900,0.6270,1.7463,0.8900,19.5377,17.2468,3.8166,3.8940,3.5588,109622.3401,107315.9286,38530.7394,1979779.4622,1938125.6705,1.6613,2.2148,3.1553
2021-07-15,19.5800,19.8700,18.9000,19.8700,1.8100,10.0200,142472.8600,280047.4090,15.9000,49.5000,1.3276,3.6976,1.8700,21.4958,18.9753,4.1991,4.2843,3.9154,109622.3401,107315.9286,38530.7394,2178195.8978,2132367.5013,1.5100,2.0131,2.9184
2021-07-16,20.4000,21.7900,20.3000,20.7200,0.8500,4.2800,353392.8700,747040.5530,16.5800,51.6100,3.2930,9.1717,4.2200,22.4153,19.7871,4.3787,4.4676,4.0829,109622.3401,107315.9286,38530.7394,2271374.8869,2223586.0406,1.4481,1.9305,2.8011
2021-07-19,20.9900,22.1800,20.5700,21.7600,1.0400,5.0200,338494.2900,725402.8660,17.4100,54.2000,3.1542,8.7850,2.4200,23.5404,20.7802,4.5985,4.6918,4.2879,109622.3401,107315.9286,38530.7394,2385382.1206,2335194.6063,1.3788,1.8382,2.7224
2021-07-20,21.7000,22.1400,21.4000,21.5900,-0.1700,-0.7800,179924.5000,389274.4460,17.2700,53.7800,1.6766,4.6696,0.9200,23.3565,20.6179,4.5626,4.6552,4.2544,109622.3401,107315.9286,38530.7394,2366746.3228,2316950.8985,1.3897,1.8527,2.6333
2021-07-21,21.6400,21.8900,20.8100,21.2100,-0.3800,-1.7600,167041.4500,353398.2480,16.9700,52.8300,1.5565,4.3353,0.7700,22.9454,20.2550,4.4823,4.5732,4.1795,109622.3401,107315.9286,38530.7394,2325089.8335,2276170.8456,1.4146,1.8859,2.6406
2021-07-22,21.4100,21.4900,20.3000,20.5200,-0.6900,-3.2500,149889.8400,308677.8340,16.4200,51.1200,1.3967,3.8901,0.6300,22.1990,19.5961,4.3364,4.4245,4.0435,109622.3401,107315.9286,38530.7394,2249450.4189,2202122.8549,1.4622,1.9493,2.6690
2021-07-23,20.6400,20.6500,19.5800,19.8800,-0.6400,-3.1200,137525.2200,274161.4810,15.9000,49.5200,1.2815,3.5692,0.5800,21.5066,18.9849,4.2012,4.2865,3.9174,109622.3401,107315.9286,38530.7394,2179292.1212,2133440.6606,1.5092,2.0121,2.7685
2021-07-26,19.8500,20.2000,18.6000,18.9000,-0.9800,-4.9300,135901.5300,258807.1900,15.1200,47.0800,1.2664,3.5271,0.7000,20.4464,18.0490,3.9941,4.0752,3.7243,109622.3401,107315.9286,38530.7394,2071862.2279,2028271.0505,1.5875,2.1164,2.8787
2021-07-27,18.8200,19.2600,18.5200,18.6200,-0.2800,-1.4800,148914.1500,281865.3970,14.9000,46.3800,1.3876,3.8648,0.9700,20.1435,17.7816,3.9349,4.0148,3.6691,109622.3401,107315.9286,38530.7394,2041167.9727,1998222.5905,1.6114,2.1482,3.0363
2021-07-28,18.6000,19.0300,18.0300,18.5000,-0.1200,-0.6400,133385.6000,247734.7540,14.8000,46.0800,1.2429,3.4618,0.9000,20.0137,17.6670,3.9096,3.9889,3.6455,109622.3401,107315.9286,38530.7394,2028013.2919,1985344.6791,1.6218,2.1622,3.0722
2021-07-29,18.7800,19.0200,18.1000,18.1700,-0.3300,-1.7800,166733.5100,306462.0070,14.5400,45.2600,1.5537,4.3273,1.1800,19.6567,17.3519,3.8398,3.9178,3.5804,109622.3401,107315.9286,38530.7394,1991837.9196,1949930.4227,1.6513,2.2014,3.0428
2021-07-30,18.0300,18.5100,17.4400,18.3500,0.1800,0.9900,203596.5600,364601.9170,14.6800,45.7100,1.8972,5.2840,1.4100,19.8514,17.5238,3.8779,3.9566,3.6159,109622.3401,107315.9286,38530.7394,2011569.9408,1969247.2898,1.6351,2.1798,3.1693
2021-08-02,18.2100,18.9400,17.7100,18.9000,0.5500,3.0000,192358.3900,353841.1500,15.1200,47.0800,1.7924,4.9923,1.2200,20.4464,18.0490,3.9941,4.0752,3.7243,109622.3401,107315.9286,38530.7394,2071862.2279,2028271.0505,1.5875,2.1164,3.1380
2021-08-03,18.6300,19.2200,18.6100,19.0800,0.1800,0.9500,162881.4300,309237.7020,15.2600,47.5300,1.5178,4.2273,0.9600,20.6412,18.2209,4.0321,4.1140,3.7598,109622.3401,107315.9286,38530.7394,2091594.2491,2047587.9177,1.5725,2.0964,3.0672
2021-08-04,19.1400,19.2200,18.5400,18.7600,-0.3200,-1.6800,150639.8200,282831.0060,15.0100,46.7300,1.4037,3.9096,0.8800,20.2950,17.9153,3.9645,4.0450,3.6967,109622.3401,107315.9286,38530.7394,2056515.1003,2013246.8205,1.5993,2.1322,2.9855
2021-08-05,18.6200,18.6400,18.2200,18.3300,-0.4300,-2.2900,79405.4000,146284.8100,14.6600,45.6600,0.7399,2.0608,0.4500,19.8298,17.5047,3.8736,3.9523,3.6120,109622.3401,107315.9286,38530.7394,2009377.4940,1967100.9712,1.6369,2.1822,3.0689
2021-08-06,18.3400,18.6700,18.0800,18.5000,0.1700,0.9300,75656.4000,139594.2910,14.8000,46.0800,0.7050,1.9635,0.4800,20.0137,17.6670,3.9096,3.9889,3.6455,109622.3401,107315.9286,38530.7394,2028013.2919,1985344.6791,1.6218,2.1622,3.1158
2021-08-09,18.2600,18.9500,18.1300,18.8000,0.3000,1.6200,106946.9200,198982.0610,15.0400,46.8300,0.9966,2.7756,0.8100,20.3382,17.9535,3.9730,4.0536,3.7046,109622.3401,107315.9286,38530.7394,2060899.9939,2017539.4577,1.5959,2.1277,3.1294
2021-08-10,18.7100,19.4900,18.4800,19.2800,0.4800,2.5500,100685.2800,190824.5230,15.4200,48.0300,0.9382,2.6131,0.8700,20.8575,18.4119,4.0744,4.1571,3.7992,109622.3401,107315.9286,38530.7394,2113518.7171,2069051.1034,1.5562,2.0747,3.0541
2021-08-11,19.1200,19.5800,18.9000,18.9300,-0.3500,-1.8200,83429.7800,160191.3400,15.1400,47.1500,0.7774,2.1653,0.8100,20.4789,18.0777,4.0004,4.0816,3.7302,109622.3401,107315.9286,38530.7394,2075150.8981,2031490.5284,1.5850,2.1130,2.9886
2021-08-12,18.8600,19.3000,18.8000,19.1600,0.2300,1.2200,90407.5500,172382.2140,15.3300,47.7300,0.8424,2.3464,1.0100,20.7277,18.2973,4.0490,4.1312,3.7755,109622.3401,107315.9286,38530.7394,2100364.0363,2056173.1920,1.5660,2.0877,3.0298
2021-08-13,19.0300,19.4200,18.7200,18.9300,-0.2300,-1.2000,63201.9500,119989.1820,15.1400,47.1500,0.5889,1.6403,0.6900,20.4789,18.0777,4.0004,4.0816,3.7302,109622.3401,107315.9286,38530.7394,2075150.8981,2031490.5284,1.5850,2.1130,3.0028
2021-08-16,19.2700,19.3400,18.7800,19.0100,0.0800,0.4200,92629.8900,176552.2710,15.2100,47.3500,0.8632,2.4041,1.0400,20.5654,18.1540,4.0173,4.0989,3.7460,109622.3401,107315.9286,38530.7394,2083920.6853,2040075.8027,1.5783,2.1042,2.9654
2021-08-17,18.9400,19.1800,18.4000,18.4800,-0.5300,-2.7900,74107.0700,139028.0670,14.7800,46.0300,0.6906,1.9233,0.8600,19.9921,17.6479,3.9053,3.9846,3.6415,109622.3401,107315.9286,38530.7394,2025820.8450,1983198.3605,1.6236,2.1645,3.0170
2021-08-18,18.4000,18.6000,18.2300,18.5000,0.0200,0.1100,55828.3300,102694.5670,14.8000,46.0800,0.5202,1.4489,0.6900,20.0137,17.6670,3.9096,3.9889,3.6455,109622.3401,107315.9286,38530.7394,2028013.2919,1985344.6791,1.6218,2.1622,3.1056
2021-08-19,18.4500,18.5000,18.2500,18.3800,-0.1200,-0.6500,36070.1800,66226.2540,14.7000,45.7800,0.3361,0.9361,0.4800,19.8839,17.5524,3.8842,3.9630,3.6218,109622.3401,107315.9286,38530.7394,2014858.6110,1972466.7677,1.6324,2.1763,3.0972
2021-08-20,18.3000,18.3300,17.8400,18.1500,-0.2300,-1.2500,51746.5700,93688.2970,14.5200,45.2100,0.4822,1.3430,0.8000,19.6351,17.3328,3.8356,3.9134,3.5765,109622.3401,107315.9286,38530.7394,1989645.4728,1947784.1041,1.6531,2.2039,3.1226
2021-08-23,18.3800,19.2400,18.1000,19.0000,0.8500,4.6800,110764.9800,209630.8240,15.2000,47.3300,1.0321,2.8747,1.7800,20.5546,18.1445,4.0152,4.0967,3.7440,109622.3401,107315.9286,38530.7394,2082824.4619,2039002.6434,1.5791,2.1053,3.1090
2021-08-24,18.8900,18.9900,18.6300,18.8000,-0.2000,-1.0500,59960.8300,112763.1790,15.0400,46.8300,0.5587,1.5562,0.9100,20.3382,17.9535,3.9730,4.0536,3.7046,109622.3401,107315.9286,38530.7394,2060899.9939,2017539.4577,1.5959,2.1277,3.0250
2021-08-25,18.8200,18.9500,18.6100,18.7400,-0.0600,-0.3200,37154.3700,69648.5780,14.9900,46.6800,0.3462,0.9643,0.5900,20.2733,17.8962,3.9603,4.0407,3.6928,109622.3401,107315.9286,38530.7394,2054322.6535,2011100.5020,1.6011,2.1345,3.0363
2021-08-26,18.7500,18.8800,18.2800,18.3500,-0.3900,-2.0800,47417.3800,87696.1370,14.6800,45.7100,0.4418,1.2306,0.8000,19.8514,17.5238,3.8779,3.9566,3.6159,109622.3401,107315.9286,38530.7394,2011569.9408,1969247.2898,1.6351,2.1798,3.0476
2021-08-27,18.2900,18.8100,18.2000,18.7700,0.4200,2.2900,47770.0000,89015.8330,15.0200,46.7600,0.4451,1.2398,0.7800,20.3058,17.9249,3.9666,4.0471,3.6987,109622.3401,107315.9286,38530.7394,2057611.3237,2014319.9798,1.5985,2.1311,3.1243
2021-08-30,18.6000,18.9200,18.1500,18.3600,-0.4100,-2.1800,68867.1400,126922.6460,14.6900,45.7300,0.6417,1.7873,1.1400,19.8622,17.5333,3.8800,3.9587,3.6179,109622.3401,107315.9286,38530.7394,2012666.1642,1970320.4491,1.6342,2.1786,3.0722
2021-08-31,18.3600,18.4100,17.6000,18.0900,-0.2700,-1.4700,85620.2400,154845.4050,14.4700,45.0600,0.7978,2.2221,1.6400,19.5701,15.3405,3.5562,3.9005,3.1986,109622.3401,107315.9286,38530.7394,1983068.1324,1941345.1484,1.6586,2.2112,3.1124
2021-09-01,18.2300,18.8800,17.7700,18.7400,0.6500,3.5900,156420.4700,285625.3930,14.9900,46.6800,1.4576,4.0596,2.7300,20.2733,15.8917,3.6840,4.0407,3.3136,109622.3401,107315.9286,38530.7394,2054322.6535,2011100.5020,1.6011,2.1345,3.1346
2021-09-02,18.6000,18.7200,18.1200,18.3900,-0.3500,-1.8700,97205.7200,179303.3180,14.7100,45.8100,0.9058,2.5228,1.2000,19.8947,15.5949,3.6152,3.9652,3.2517,109622.3401,107315.9286,38530.7394,2015954.8344,1973539.9270,1.6315,2.1751,3.0722
2021-09-03,18.5200,19.7400,18.3200,19.1500,0.7600,4.1300,176096.0900,337280.7030,15.3200,47.7000,1.6409,4.5703,1.9300,20.7169,16.2394,3.7646,4.1291,3.3861,109622.3401,107315.9286,38530.7394,2099267.8129,2055100.0327,1.5668,2.0888,3.0855
2021-09-06,19.2700,19.5700,19.0000,19.4500,0.3000,1.5700,129455.0100,249760.6290,15.5600,48.4500,1.2063,3.3598,1.1100,21.0414,16.4938,3.8236,4.1937,3.4391,109622.3401,107315.9286,38530.7394,2132154.5149,2087294.8113,1.5426,2.0566,2.9654
2021-09-07,19.5200,20.5000,19.3200,20.2200,0.7700,3.9600,147746.3100,293913.0800,16.1800,50.3700,1.3767,3.8345,1.1500,21.8744,17.1468,3.9749,4.3598,3.5753,109622.3401,107315.9286,38530.7394,2216563.7168,2169928.0763,1.4839,1.9782,2.9274
2021-09-08,20.1800,20.3500,19.6000,20.0100,-0.2100,-1.0400,88068.4100,176142.0920,16.0100,49.8400,0.8206,2.2857,0.6200,21.6472,16.9687,3.9337,4.3145,3.5381,109622.3401,107315.9286,38530.7394,2193543.0254,2147391.7313,1.4994,1.9990,2.8317
2021-09-09,20.0000,20.7700,19.8000,20.5700,0.5600,2.8000,97081.2600,199331.4040,16.4600,51.2400,0.9046,2.5196,0.7600,22.2531,17.4436,4.0437,4.4352,3.6372,109622.3401,107315.9286,38530.7394,2254931.5359,2207488.6513,1.4586,1.9446,2.8571
2021-09-10,20.5200,20.9800,20.2700,20.5700,0.0000,0.0000,74074.9600,152682.3310,16.4600,51.2400,0.6903,1.9225,0.5800,22.2531,17.4436,4.0437,4.4352,3.6372,109622.3401,107315.9286,38530.7394,2254931.5359,2207488.6513,1.4586,1.9446,2.7847
2021-09-13,20.9600,20.9600,20.0800,20.4400,-0.1300,-0.6300,82500.2700,168457.5320,16.3500,50.9200,0.7688,2.1412,0.7700,22.1124,17.3333,4.0182,4.4072,3.6142,109622.3401,107315.9286,38530.7394,2240680.6316,2193537.5806,1.4679,1.9569,2.7263
2021-09-14,20.4700,20.5000,19.7600,19.7800,-0.6600,-3.2300,105133.8100,210228.6970,15.8200,49.2700,0.9797,2.7286,1.0700,21.3984,16.7736,3.8884,4.2649,3.4975,109622.3401,107315.9286,38530.7394,2168329.8872,2122709.0677,1.5169,2.0222,2.7915
2021-09-15,19.7000,19.9300,19.3300,19.4300,-0.3500,-1.7700,60921.5800,119218.9750,15.5400,48.4000,0.5677,1.5811,0.6800,21.0198,16.4768,3.8196,4.1894,3.4356,109622.3401,107315.9286,38530.7394,2129962.0681,2085148.4927,1.5442,2.0587,2.9007
2021-09-16,19.4300,19.5800,19.1600,19.3500,-0.0800,-0.4100,62942.2500,121966.7500,15.4800,48.2000,0.5865,1.6336,0.7500,20.9332,16.4090,3.8039,4.1722,3.4214,109622.3401,107315.9286,38530.7394,2121192.2809,2076563.2184,1.5506,2.0672,2.9410
2021-09-17,19.2000,19.6000,19.0500,19.4100,0.0600,0.3100,51240.0800,99169.5200,15.5300,48.3500,0.4775,1.3298,0.6600,20.9982,16.4599,3.8157,4.1851,3.4320,109622.3401,107315.9286,38530.7394,2127769.6213,2083002.1741,1.5458,2.0608,2.9762
2021-09-22,19.2000,19.2000,18.7400,18.8300,-0.5800,-2.9900,60121.0300,113634.2230,15.0600,46.9100,0.5602,1.5603,0.8300,20.3707,15.9680,3.7017,4.0601,3.3295,109622.3401,107315.9286,38530.7394,2064188.6641,2020758.9355,1.5934,2.1243,2.9762
2021-09-23,18.9600,19.7000,18.6300,19.2700,0.4400,2.3400,80065.8600,154608.9280,15.4200,48.0000,0.7461,2.0780,1.1800,20.8467,16.3411,3.7882,4.1549,3.4073,109622.3401,107315.9286,38530.7394,2112422.4937,2067977.9441,1.5570,2.0758,3.0139
2021-09-24,19.0100,19.3000,18.9700,19.0700,-0.2000,-1.0400,42444.9300,81001.0860,15.2600,47.5000,0.3955,1.1016,0.6700,20.6303,16.1715,3.7489,4.1118,3.3719,109622.3401,107315.9286,38530.7394,2090498.0257,2046514.7584,1.5733,2.0975,3.0059
2021-09-27,18.9700,19.4500,18.8200,19.3100,0.2400,1.2600,59800.8600,114892.9650,15.4500,48.1000,0.5572,1.5520,1.0100,20.8900,16.3751,3.7960,4.1636,3.4144,109622.3401,107315.9286,38530.7394,2116807.3873,2072270.5813,1.5538,2.0715,3.0123
2021-09-28,19.4900,19.4900,18.9500,19.2000,-0.1100,-0.5700,49246.5500,94692.4870,15.3600,47.8300,0.4589,1.2781,0.8400,20.7710,16.2818,3.7744,4.1398,3.3949,109622.3401,107315.9286,38530.7394,2104748.9299,2060465.8291,1.5627,2.0833,2.9319
2021-09-29,19.1800,19.8800,19.0800,19.2200,0.0200,0.1000,69152.9300,134040.5250,15.3800,47.8800,0.6444,1.7947,1.1900,20.7926,16.2987,3.7784,4.1442,3.3985,109622.3401,107315.9286,38530.7394,2106941.3767,2062612.1477,1.5611,2.0812,2.9793
2021-09-30,19.2000,20.1700,19.0600,19.9500,0.7300,3.8000,118056.1400,234746.3340,15.9600,49.7000,1.1001,3.0639,1.9600,21.5823,16.9178,3.9219,4.3016,3.5275,109622.3401,107315.9286,38530.7394,2186965.6850,2140952.7756,1.5039,2.0050,2.9762
2021-10-08,20.0900,20.7100,19.8000,20.4600,0.5100,2.5600,81390.4800,165165.6030,16.3700,50.9700,0.7584,2.1124,1.2000,22.1341,17.3503,4.0221,4.4115,3.6177,109622.3401,107315.9286,38530.7394,2242873.0784,2195683.8992,1.4665,1.9550,2.8443
2021-10-11,20.5000,21.3700,20.1100,21.1600,0.7000,3.4200,117356.5900,245186.1760,16.9300,52.7100,1.0936,3.0458,1.5500,22.8913,17.9439,4.1597,4.5625,3.7415,109622.3401,107315.9286,38530.7394,2319608.7165,2270805.0492,1.4179,1.8904,2.7875
2021-10-12,21.0600,21.6700,20.8300,21.2800,0.1200,0.5700,101244.3800,215371.0990,17.0200,53.0100,0.9434,2.6276,1.1600,23.0212,18.0456,4.1833,4.5883,3.7627,109622.3401,107315.9286,38530.7394,2332763.3973,2283682.9606,1.4099,1.8797,2.7133
2021-10-13,21.4500,21.4500,19.9200,20.7100,-0.5700,-2.6800,149329.6000,306688.8270,16.5700,51.5900,1.3915,3.8756,1.5300,22.4045,17.5623,4.0713,4.4654,3.6619,109622.3401,107315.9286,38530.7394,2270278.6635,2222512.8813,1.4488,1.9314,2.6640
2021-10-14,20.7100,21.4700,20.0100,21.3800,0.6700,3.2400,120365.6800,251798.1240,17.1000,53.2600,1.1216,3.1239,1.0600,23.1293,18.1304,4.2030,4.6099,3.7804,109622.3401,107315.9286,38530.7394,2343725.6313,2294414.5535,1.4034,1.8709,2.7592
2021-10-15,21.1800,21.5600,20.4100,20.8400,-0.5400,-2.5300,96617.6600,201353.4260,16.6700,51.9100,0.9003,2.5075,0.8500,22.5452,17.6725,4.0968,4.4935,3.6849,109622.3401,107315.9286,38530.7394,2284529.5677,2236463.9520,1.4397,1.9194,2.6980
2021-10-18,20.9100,20.9100,19.8000,20.1900,-0.6500,-3.1200,107185.0800,215947.3840,16.1500,50.2900,0.9988,2.7818,0.9200,21.8420,17.1213,3.9690,4.3533,3.5700,109622.3401,107315.9286,38530.7394,2213275.0466,2166708.5984,1.4861,1.9812,2.7328
2021-10-19,20.0600,20.4000,19.8200,20.3000,0.1100,0.5400,56264.7000,113680.6630,16.2400,50.5700,0.5243,1.4603,0.4900,21.9610,17.2146,3.9907,4.3770,3.5894,109622.3401,107315.9286,38530.7394,2225333.5040,2178513.3506,1.4780,1.9704,2.8486
2021-10-20,20.1900,20.4000,19.7300,20.0900,-0.2100,-1.0300,57334.3600,114780.3150,16.0700,50.0400,0.5343,1.4880,0.5400,21.7338,17.0365,3.9494,4.3317,3.5523,109622.3401,107315.9286,38530.7394,2202312.8126,2155977.0056,1.4935,1.9910,2.8303
2021-10-21,20.1000,20.6200,20.0800,20.4300,0.3400,1.6900,56141.4700,114451.0570,16.3400,50.8900,0.5231,1.4571,0.6400,22.1016,17.3248,4.0162,4.4051,3.6124,109622.3401,107315.9286,38530.7394,2239584.4082,2192464.4213,1.4686,1.9579,2.8429
2021-10-22,20.2100,20.5800,20.1000,20.2100,-0.2200,-1.0800,61655.9900,125232.6680,16.1700,50.3400,0.5745,1.6002,0.8300,21.8636,17.1383,3.9730,4.3576,3.5735,109622.3401,107315.9286,38530.7394,2215467.4934,2168854.9170,1.4846,1.9792,2.8275
2021-10-25,20.1000,20.3900,19.9000,20.0000,-0.2100,-1.0400,60308.1600,120961.1850,16.0000,49.8200,0.5620,1.5652,0.8900,21.6364,16.9602,3.9317,4.3123,3.5364,109622.3401,107315.9286,38530.7394,2192446.8020,2146318.5720,1.5002,2.0000,2.8429
2021-10-26,20.0500,20.5000,20.0000,20.4600,0.4600,2.3000,64457.3700,131004.2360,16.3700,50.9700,0.6006,1.6729,1.1000,22.1341,17.3503,4.0221,4.4115,3.6177,109622.3401,107315.9286,38530.7394,2242873.0784,2195683.8992,1.4665,1.9550,2.8500
2021-10-27,20.3400,20.4100,19.3000,19.5500,-0.9100,-4.4500,87804.4800,173127.8690,15.6400,48.7000,0.8182,2.2788,1.4600,21.1496,16.5786,3.8432,4.2153,3.4568,109622.3401,107315.9286,38530.7394,2143116.7490,2098026.4041,1.5347,2.0460,2.8094
2021-10-28,19.5000,19.9000,19.4100,19.7600,0.2100,1.0700,56916.4000,111916.1790,15.8100,49.2200,0.5304,1.4772,0.8600,21.3768,16.7567,3.8845,4.2606,3.4939,109622.3401,107315.9286,38530.7394,2166137.4404,2120562.7491,1.5184,2.0243,2.9304
2021-10-29,19.8500,20.1000,18.5000,18.9000,-0.8600,-4.3500,165264.8000,314420.7590,15.1200,47.0800,1.5400,4.2892,2.5000,20.4464,15.8549,3.5109,4.0752,2.5240,109622.3401,107315.9286,38530.7394,2071862.2279,2028271.0505,1.5875,2.1164,2.8787
2021-11-01,18.8200,18.9200,18.3600,18.4000,-0.5000,-2.6500,142347.1300,264870.8710,14.7200,45.8300,1.3264,3.6944,1.6400,19.9055,15.4355,3.4180,3.9673,2.4573,109622.3401,107315.9286,38530.7394,2017051.0578,1974613.0862,1.6306,2.1739,3.0363
2021-11-02,18.5900,18.8800,17.8800,18.1900,-0.2100,-1.1400,129962.6200,237656.3860,14.5500,45.3100,1.2053,3.3291,1.2600,19.6783,15.2593,3.3790,3.9221,2.4292,109622.3401,107823.5755,39038.3863,1994030.3664,1961310.8383,1.6495,2.1990,3.0738
2021-11-03,18.1200,18.6500,18.1200,18.3500,0.1600,0.8800,83821.5200,154348.3730,14.6800,45.7100,0.7774,2.1472,0.7200,19.8514,15.3935,3.4087,3.9566,2.4506,109622.3401,107823.5755,39038.3863,2011569.9408,1978562.6104,1.6351,2.1798,3.1536
2021-11-04,18.4200,18.6900,18.3400,18.5900,0.2400,1.3100,76940.0000,142775.4220,14.8700,46.3100,0.7136,1.9709,0.6700,20.1111,15.5949,3.4533,4.0083,2.4826,109622.3401,107823.5755,39038.3863,2037879.3025,2004440.2685,1.6140,2.1517,3.1022
2021-11-05,18.6600,18.8800,18.4200,18.4800,-0.1100,-0.5900,67388.2900,125501.0810,14.7800,46.0300,0.6250,1.7262,0.5600,19.9921,15.5026,3.4329,3.9846,2.4679,109622.3401,107823.5755,39038.3863,2025820.8450,1992579.6752,1.6236,2.1645,3.0623
2021-11-08,18.5500,18.7900,18.4000,18.4500,-0.0300,-0.1600,53640.2500,99576.0530,14.7600,45.9600,0.4975,1.3740,0.5400,19.9596,15.4774,3.4273,3.9781,2.4639,109622.3401,107823.5755,39038.3863,2022532.1748,1989344.9680,1.6262,2.1680,3.0805
2021-11-09,18.4200,18.5200,18.1200,18.2100,-0.2400,-1.3000,80447.5100,146679.4810,14.5700,45.3600,0.7461,2.0607,0.9800,19.7000,15.2761,3.3827,3.9264,2.4319,109622.3401,107823.5755,39038.3863,1996222.8132,1963467.3099,1.6476,2.1966,3.1022
2021-11-10,18.2100,18.3300,17.9300,18.2700,0.0600,0.3300,60617.6700,109801.4510,14.6200,45.5100,0.5622,1.5528,0.8400,19.7649,15.3264,3.3939,3.9393,2.4399,109622.3401,107823.5755,39038.3863,2002800.1536,1969936.7244,1.6422,2.1894,3.1380
2021-11-11,18.2700,18.5700,18.1300,18.4000,0.1300,0.7100,70200.7500,128904.2820,14.7200,45.8300,0.6511,1.7982,1.0400,19.9055,15.4355,3.4180,3.9673,2.4573,109622.3401,107823.5755,39038.3863,2017051.0578,1983953.7892,1.6306,2.1739,3.1277
2021-11-12,18.4000,18.4800,18.2200,18.4200,0.0200,0.1100,57610.4000,105713.7390,14.7400,45.8800,0.5343,1.4757,0.8700,19.9272,15.4522,3.4217,3.9717,2.4599,109622.3401,107823.5755,39038.3863,2019243.5046,1986110.2607,1.6289,2.1716,3.1056
2021-11-15,18.5000,19.1000,18.4300,18.7300,0.3100,1.6800,107954.4800,202976.1710,14.9800,46.6600,1.0012,2.7653,1.6700,20.2625,15.7123,3.4793,4.0385,2.5013,109622.3401,107823.5755,39038.3863,2053226.4301,2019535.5691,1.6019,2.1356,3.0888
2021-11-16,18.7200,18.8900,18.4700,18.6300,-0.1000,-0.5300,52145.8000,97217.8730,14.9000,46.4100,0.4836,1.3358,0.6900,20.1543,15.6284,3.4607,4.0169,2.4880,109622.3401,107823.5755,39038.3863,2042264.1961,2008753.2116,1.6105,2.1471,3.0525
2021-11-17,18.6000,18.7100,18.4500,18.5200,-0.1100,-0.5900,50527.4100,93626.3500,14.8200,46.1300,0.4686,1.2943,0.7200,20.0353,15.5361,3.4403,3.9932,2.4733,109622.3401,107823.5755,39038.3863,2030205.7387,1996892.6183,1.6201,2.1598,3.0722
2021-11-18,18.5900,18.8200,18.5300,18.6400,0.1200,0.6500,62608.7800,116859.5160,14.9100,46.4300,0.5807,1.6038,0.9200,20.1652,15.6368,3.4626,4.0191,2.4893,109622.3401,107823.5755,39038.3863,2043360.4195,2009831.4473,1.6096,2.1459,3.0738
2021-11-19,18.6400,18.7000,18.4600,18.6000,-0.0400,-0.2100,42299.7300,78562.3300,14.8800,46.3300,0.3923,1.0835,0.6400,20.1219,15.6032,3.4552,4.0105,2.4840,109622.3401,107823.5755,39038.3863,2038975.5259,2005518.5043,1.6131,2.1505,3.0656
2021-11-22,18.6400,18.8600,18.5600,18.6500,0.0500,0.2700,60740.5200,113741.9440,14.9200,46.4600,0.5633,1.5559,0.9600,20.1760,15.6452,3.4644,4.0213,2.4906,109622.3401,107823.5755,39038.3863,2044456.6429,2010909.6831,1.6088,2.1448,3.0656
2021-11-23,18.5900,18.7000,18.3200,18.4500,-0.2000,-1.0700,64260.8500,118975.4200,14.7600,45.9600,0.5960,1.6461,1.2000,19.9596,15.4774,3.4273,3.9781,2.4639,109622.3401,107823.5755,39038.3863,2022532.1748,1989344.9680,1.6262,2.1680,3.0738
2021-11-24,18.3800,18.6000,18.2000,18.5100,0.0600,0.3300,50388.9500,93083.0840,14.8100,46.1100,0.4673,1.2908,0.9000,20.0245,15.5277,3.4384,3.9911,2.4719,109622.3401,107823.5755,39038.3863,2029109.5153,1995814.3825,1.6209,2.1610,3.1090
2021-11-25,18.3500,18.3500,18.1200,18.1600,-0.3500,-1.8900,48261.7400,87897.3790,14.7700,45.9800,0.4476,1.2363,0.8600,19.6459,15.2341,3.5715,3.9156,2.4252,109622.3401,107823.5755,39038.3863,1990741.6962,1958076.1311,1.6522,3.8470,3.1141
2021-11-26,18.1700,18.2500,17.8500,17.9000,-0.2600,-1.4300,63123.7800,113402.9330,14.5600,45.3200,0.5854,1.6170,1.1900,19.3646,15.0160,3.5204,3.8595,2.3905,109622.3401,107823.5755,39038.3863,1962239.8878,1930042.0015,1.6762,3.9029,3.1449
2021-11-29,17.6600,17.8600,17.3200,17.4000,-0.5000,-2.7900,101398.3600,178192.5130,14.1500,44.0600,0.9404,2.5974,1.7700,18.8237,14.5966,3.4221,3.7517,2.3237,109622.3401,107823.5755,39038.3863,1907428.7177,1876130.2137,1.7243,4.0151,3.2357
2021-11-30,17.5300,17.9000,17.4400,17.4500,0.0500,0.2900,95460.5200,168815.5850,14.1900,44.1800,0.8853,2.4453,1.4600,18.8778,14.6385,3.4319,3.7625,2.3304,109622.3401,107823.5755,39038.3863,1912909.8347,1881521.3925,1.7194,4.0036,3.2597
2021-12-01,17.5000,17.6700,17.4100,17.5400,0.0900,0.5200,83631.4400,146303.0090,14.2600,44.4100,0.7756,2.1423,1.1700,18.9751,14.7140,3.4496,3.7819,2.3424,109622.3401,107823.5755,39038.3863,1922775.8454,1891225.5143,1.7106,3.9830,3.2653
2021-12-02,17.5300,17.6100,17.2400,17.3900,-0.1500,-0.8600,78017.8800,135746.9790,14.1400,44.0300,0.7236,1.9985,1.0000,18.8129,14.5882,3.4201,3.7496,2.3224,109622.3401,107823.5755,39038.3863,1906332.4943,1875051.9779,1.7253,4.0174,3.2597
2021-12-03,17.3900,17.5600,17.3500,17.5400,0.1500,0.8600,60439.0600,105551.0060,14.2600,44.4100,0.5605,1.5482,0.7200,18.9751,14.7140,3.4496,3.7819,2.3424,109622.3401,107823.5755,39038.3863,1922775.8454,1891225.5143,1.7106,3.9830,3.2860
2021-12-06,17.5900,17.6800,17.3700,17.3900,-0.1500,-0.8600,75691.3000,132534.9470,14.1400,44.0300,0.7020,1.9389,0.9000,18.8129,14.5882,3.4201,3.7496,2.3224,109622.3401,107823.5755,39038.3863,1906332.4943,1875051.9779,1.7253,4.0174,3.2486
2021-12-07,17.4800,17.5800,17.3000,17.3400,-0.0500,-0.2900,63415.3900,110430.5430,14.1000,43.9000,0.5881,1.6244,0.8100,18.7588,14.5462,3.4103,3.7388,2.3157,109622.3401,107823.5755,39038.3863,1900851.3773,1869660.7992,1.7303,4.0290,3.2690
2021-12-08,17.5000,17.7200,17.4200,17.6500,0.3100,1.7900,73216.8500,129092.7180,14.3500,44.6900,0.6790,1.8755,1.0100,19.0941,14.8063,3.4712,3.8056,2.3571,109622.3401,107823.5755,39038.3863,1934834.3028,1903086.1076,1.6999,3.9582,3.2653
2021-12-09,17.6500,18.4900,17.5500,18.4000,0.7500,4.2500,143576.6800,260540.5730,14.9600,46.5900,1.3316,3.6778,2.0500,19.9055,15.4355,3.6187,3.9673,2.4573,109622.3401,107823.5755,39038.3863,2017051.0578,1983953.7892,1.6306,3.7969,3.2376
2021-12-10,18.3900,18.4900,18.1200,18.1800,-0.2200,-1.2000,65679.7700,119982.8780,14.7800,46.0300,0.6091,1.6824,0.7900,19.6675,15.2509,3.5755,3.9199,2.4279,109622.3401,107823.5755,39038.3863,1992934.1430,1960232.6026,1.6504,3.8428,3.1073
2021-12-13,18.1800,18.3700,18.1400,18.3500,0.1700,0.9400,75009.2300,137052.9610,14.9200,46.4600,0.6957,1.9214,0.8900,19.8514,15.3935,3.6089,3.9566,2.4506,109622.3401,107823.5755,39038.3863,2011569.9408,1978562.6104,1.6351,3.8072,3.1432
2021-12-14,18.2100,18.3400,18.0900,18.1900,-0.1600,-0.8700,61707.1400,112318.5310,14.7900,46.0600,0.5723,1.5807,0.7300,19.6783,15.2593,3.5774,3.9221,2.4292,109622.3401,107823.5755,39038.3863,1994030.3664,1961310.8383,1.6495,3.8407,3.1380
2021-12-15,18.1500,18.3000,17.9200,17.9700,-0.2200,-1.2100,62995.8200,113964.8150,14.6100,45.5000,0.5842,1.6137,0.7500,19.4403,15.0747,3.5342,3.8746,2.3998,109622.3401,107823.5755,39038.3863,1969913.4516,1937589.6517,1.6697,3.8877,3.1484
2021-12-16,18.0000,18.2200,17.9700,18.0700,0.1000,0.5600,56386.7200,102187.2920,14.6900,45.7500,0.5230,1.4444,0.6900,19.5485,15.1586,3.5538,3.8962,2.4132,109622.3401,107823.5755,39038.3863,1980875.6856,1948372.0093,1.6604,3.8662,3.1746
2021-12-17,18.1500,18.1500,17.5100,17.5900,-0.4800,-2.6600,105007.7100,186103.8660,14.3000,44.5400,0.9739,2.6899,1.6300,19.0292,14.7560,3.4594,3.7927,2.3491,109622.3401,107823.5755,39038.3863,1928256.9624,1896616.6930,1.7057,3.9717,3.1484
2021-12-20,17.5400,17.6800,17.2700,17.3800,-0.2100,-1.1900,95165.4200,165172.9670,14.1300,44.0100,0.8826,2.4377,1.3200,18.8021,14.5798,3.4181,3.7474,2.3210,109622.3401,107823.5755,39038.3863,1905236.2709,1873973.7422,1.7263,4.0197,3.2579
2021-12-21,17.2800,17.5300,17.2500,17.4500,0.0700,0.4000,80412.2000,139781.6940,14.1900,44.1800,0.7458,2.0598,1.0500,18.8778,14.6385,3.4319,3.7625,2.3304,109622.3401,107823.5755,39038.3863,1912909.8347,1881521.3925,1.7194,4.0036,3.3069
2021-12-22,17.5300,17.5300,17.2300,17.4600,0.0100,0.0600,75789.4200,131607.7950,14.2000,44.2100,0.7029,1.9414,0.9500,18.8886,14.6469,3.4339,3.7647,2.3317,109622.3401,107823.5755,39038.3863,1914006.0581,1882599.6282,1.7184,4.0013,3.2597
2021-12-23,17.4000,17.4400,17.2400,17.3500,-0.1100,-0.6300,53387.8500,92447.9860,14.1100,43.9300,0.4951,1.3676,0.6500,18.7696,14.5546,3.4122,3.7410,2.3170,109622.3401,107823.5755,39038.3863,1901947.6007,1870739.0349,1.7293,4.0266,3.2841
2021-12-24,17.3600,17.4900,17.2600,17.4900,0.1400,0.8100,58896.2300,102376.8440,14.2200,44.2800,0.5462,1.5087,0.7200,18.9211,14.6721,3.4398,3.7711,2.3357,109622.3401,107823.5755,39038.3863,1917294.7283,1885834.3355,1.7155,3.9944,3.2916
2021-12-27,17.5200,17.8600,17.4600,17.7500,0.2600,1.4900,102568.6800,181690.5280,14.4300,44.9400,0.9513,2.6274,1.4100,19.2023,14.8902,3.4909,3.8272,2.3704,109622.3401,107823.5755,39038.3863,1945796.5368,1913868.4651,1.6903,3.9359,3.2616
2021-12-28,17.8000,17.8600,17.5300,17.5900,-0.1600,-0.9000,65613.1300,116130.5320,14.3000,44.5400,0.6085,1.6807,0.8800,19.0292,14.7560,3.4594,3.7927,2.3491,109622.3401,107823.5755,39038.3863,1928256.9624,1896616.6930,1.7057,3.9717,3.2103
2021-12-29,17.8000,17.8000,17.3800,17.4000,-0.1900,-1.0800,80847.9700,141096.5620,14.1500,44.0600,0.7498,2.0710,1.1300,18.8237,14.5966,3.4221,3.7517,2.3237,109622.3401,107823.5755,39038.3863,1907428.7177,1876130.2137,1.7243,4.0151,3.2103
2021-12-30,17.3900,17.7000,17.3600,17.6400,0.2400,1.3800,70389.8200,123345.1440,14.3400,44.6600,0.6528,1.8031,0.9700,19.0833,14.7979,3.4693,3.8035,2.3558,109622.3401,107823.5755,39038.3863,1933738.0794,1902007.8718,1.7009,3.9604,3.2860
2021-12-31,17.6000,17.9000,17.5200,17.7800,0.1400,0.7900,57914.8500,102766.0880,14.4600,45.0200,0.5371,1.4835,0.7700,19.2348,14.9154,3.4968,3.8337,2.3745,109622.3401,107823.5755,39038.3863,1949085.2070,1917103.1724,1.6875,3.9293,3.2468
2022-01-04,17.7800,18.2900,17.6800,18.2100,0.4300,2.4200,102959.5900,185765.9470,14.8100,46.1100,0.9549,2.6374,1.3600,19.7000,15.2761,3.5814,3.9264,2.4319,109622.3401,107823.5755,39038.3863,1996222.8132,1963467.3099,3.8365,3.8365,4.4994
2022-01-05,18.1200,18.9000,18.1200,18.8700,0.6600,3.6200,184777.6900,343432.1680,15.3400,47.7800,1.7137,4.7332,2.4500,20.4140,15.8297,3.7112,4.0687,2.5200,109622.3401,107823.5755,39038.3863,2068573.5577,2034630.8697,3.7023,3.7023,4.4150
2022-01-06,18.8700,18.8900,18.1900,18.4400,-0.4300,-2.2800,125648.6000,230918.0240,15.0000,46.6900,1.1653,3.2186,1.2600,19.9488,15.4690,3.6266,3.9760,2.4626,109622.3401,107823.5755,39038.3863,2021435.9514,1988266.7322,3.7886,3.7886,4.2395
2022-01-07,18.3700,18.7100,18.1700,18.2200,-0.2200,-1.1900,83803.1000,154410.3480,14.8200,46.1300,0.7772,2.1467,0.7700,19.7108,15.2845,3.5833,3.9285,2.4332,109622.3401,107823.5755,39038.3863,1997319.0366,1964545.5456,3.8344,3.8344,4.3549
2022-01-10,18.4500,18.5000,17.8200,18.4100,0.1900,1.0400,76647.4500,139595.6110,14.9700,46.6100,0.7109,1.9634,0.6900,19.9163,15.4439,3.6207,3.9695,2.4586,109622.3401,107823.5755,39038.3863,2018147.2812,1985032.0250,3.7948,3.7948,4.3360
2022-01-11,18.3600,18.5500,18.2200,18.4200,0.0100,0.0500,62025.6600,113862.2450,14.9800,46.6400,0.5753,1.5888,0.5400,19.9272,15.4522,3.6227,3.9717,2.4599,109622.3401,107823.5755,39038.3863,2019243.5046,1986110.2607,3.7927,3.7927,4.3573
2022-01-12,18.4200,18.5500,18.2000,18.2200,-0.2000,-1.0900,80788.5500,148029.9420,14.8200,46.1300,0.7493,2.0695,0.7600,19.7108,15.2845,3.5833,3.9285,2.4332,109622.3401,107823.5755,39038.3863,1997319.0366,1964545.5456,3.8344,3.8344,4.3431
2022-01-13,18.1800,18.8000,18.1700,18.4200,0.2000,1.1000,116551.9600,215960.8660,14.9800,46.6400,1.0810,2.9856,1.3600,19.9245,15.4502,3.6227,3.9711,2.4596,109607.9837,107823.4912,39038.3020,2018979.0598,1986108.7079,3.7932,3.7932,4.4004
2022-01-14,18.4300,18.4900,18.1500,18.3800,-0.0400,-0.2200,67512.5600,123502.4350,14.9500,46.5400,0.6261,1.7294,0.8000,19.8813,15.4167,3.6148,3.9625,2.4543,109607.9837,107823.4912,39038.3020,2014594.7404,1981795.7683,3.8015,3.8015,4.3407
2022-01-17,18.3500,18.3900,18.1900,18.2400,-0.1400,-0.7600,65760.7800,120143.4360,14.8300,46.1800,0.6099,1.6845,0.8100,19.7298,15.2992,3.5873,3.9323,2.4356,109607.9837,107823.4912,39038.3020,1999249.6227,1966700.4795,3.8307,3.8307,4.3597
2022-01-18,18.2000,18.3000,17.8900,18.0600,-0.1800,-0.9900,60045.8100,108397.2040,14.6900,45.7300,0.5569,1.5381,0.7600,19.5351,15.1483,3.5519,3.8935,2.4115,109607.9837,107823.4912,39038.3020,1979520.1856,1947292.2511,3.8688,3.8688,4.3956
2022-01-19,18.0000,18.2300,17.9500,18.1400,0.0800,0.4400,50946.2500,92283.1800,14.7500,45.9300,0.4725,1.3050,0.6500,19.6217,15.2154,3.5676,3.9108,2.4222,109607.9837,107823.4912,39038.3020,1988288.8243,1955918.1304,3.8518,3.8518,4.4444
2022-01-20,18.1900,18.6500,18.1000,18.4000,0.2600,1.4300,81840.9200,150058.5570,14.9600,46.5900,0.7590,2.0964,1.1300,19.9029,15.4334,3.6187,3.9668,2.4569,109607.9837,107823.4912,39038.3020,2016786.9001,1983952.2381,3.7974,3.7974,4.3980
2022-01-21,18.3800,18.5400,18.0500,18.4200,0.0200,0.1100,72004.8800,131579.0700,14.9800,46.6400,0.6678,1.8445,1.1000,19.9245,15.4502,3.6227,3.9711,2.4596,109607.9837,107823.4912,39038.3020,2018979.0598,1986108.7079,3.7932,3.7932,4.3526
2022-01-24,18.4000,18.4200,18.0600,18.0700,-0.3500,-1.9000,47823.2000,86900.9180,14.6900,45.7500,0.4435,1.2250,0.7200,19.5460,15.1566,3.5538,3.8957,2.4129,109607.9837,107823.4912,39038.3020,1980616.2655,1948370.4860,3.8667,3.8667,4.3478
2022-01-25,18.5000,19.0000,18.2000,18.2600,0.1900,1.0500,182574.0200,339549.1180,14.8500,46.2300,1.6933,4.6768,2.9200,19.7515,15.3160,3.5912,3.9366,2.4382,109607.9837,107823.4912,39038.3020,2001441.7824,1968856.9493,3.8265,3.8265,4.3243
2022-01-26,18.1900,18.3300,17.4000,17.9600,-0.3000,-1.6400,101354.3600,181404.0070,14.6000,45.4700,0.9400,2.5963,1.1600,19.4270,15.0644,3.5322,3.8720,2.3982,109607.9837,107823.4912,39038.3020,1968559.3873,1936509.9020,3.8904,3.8904,4.3980
2022-01-27,17.8700,17.8800,17.1700,17.1800,-0.7800,-4.3400,97698.3700,170233.6420,13.9700,43.5000,0.9061,2.5026,1.0100,18.5833,14.4101,3.3788,3.7038,2.2940,109607.9837,107823.4912,39038.3020,1883065.1600,1852407.5788,4.0670,4.0670,4.4768
2022-01-28,17.4000,17.4400,16.7800,17.2500,0.0700,0.4100,56657.5000,97005.9590,14.0300,43.6800,0.5255,1.4513,0.5600,18.6590,14.4689,3.3926,3.7189,2.3034,109607.9837,107823.4912,39038.3020,1890737.7188,1859955.2232,4.0505,4.0505,4.5977
2022-02-07,17.6000,18.9800,17.5300,18.9800,1.7300,10.0300,260766.3000,487839.2800,15.4300,48.0600,2.4185,6.6798,2.6800,20.5303,15.9199,3.7328,4.0919,2.5344,109607.9837,107823.4912,39038.3020,2080359.5306,2046489.8630,3.6813,3.6813,4.5455
2022-02-08,18.9300,19.5400,18.5600,19.2000,0.2200,1.1600,253064.0900,482984.9900,15.6100,48.6100,2.3470,6.4825,1.8100,20.7683,16.1045,3.7761,4.1393,2.5638,109607.9837,107823.4912,39038.3020,2104473.2870,2070211.0310,3.6391,3.6391,4.2261
2022-02-09,19.2100,19.9400,19.1500,19.7800,0.5800,3.0200,186567.5200,367489.0740,16.0800,50.0800,1.7303,4.7791,1.2100,21.3956,16.5910,3.8901,4.2643,2.6412,109607.9837,107823.4912,39038.3020,2168045.9176,2132748.6559,3.5324,3.5324,4.1645
2022-02-10,19.7100,19.9400,19.4300,19.8800,0.1000,0.5100,127074.2400,251231.0490,16.1700,50.3400,1.1785,3.2551,0.7400,21.5038,16.6748,3.9098,4.2859,2.6546,109607.9837,107823.4912,39038.3020,2179006.7160,2143531.0051,3.5147,3.5147,4.0589
2022-02-11,19.8300,19.8600,18.9300,19.0600,-0.8200,-4.1200,129219.0900,248723.6600,15.5000,48.2600,1.1984,3.3101,0.7300,20.6168,15.9870,3.7485,4.1091,2.5451,109607.9837,107823.4912,39038.3020,2089128.1693,2055115.7423,3.6659,3.6659,4.0343
2022-02-14,19.3000,19.6400,19.0000,19.4300,0.3700,1.9400,172823.5000,335090.9190,15.8000,49.2000,1.6028,4.4270,0.9000,21.0170,16.2974,3.8213,4.1889,2.5945,109607.9837,107823.4912,39038.3020,2129683.1233,2095010.4340,3.5961,3.5961,4.1451
2022-02-15,19.4000,20.1000,19.3200,19.7500,0.3200,1.6500,131236.5400,259629.1880,16.0600,50.0100,1.2171,3.3617,0.7600,21.3632,16.5658,3.8842,4.2579,2.6372,109607.9837,107823.4912,39038.3020,2164757.6781,2129513.9512,3.5378,3.5378,4.1237
2022-02-16,19.3100,19.5700,19.1100,19.3500,-0.4000,-2.0300,92985.5400,180084.6350,15.7400,48.9900,0.8624,2.3819,0.6200,20.9305,16.2303,3.8056,4.1716,2.5838,109607.9837,107823.4912,39038.3020,2120914.4846,2086384.5547,3.6109,3.6109,4.1429
2022-02-17,19.3100,19.8200,19.1800,19.5300,0.1800,0.9300,76276.3300,148531.2020,15.8800,49.4500,0.7074,1.9539,0.5800,21.1252,16.3813,3.8410,4.2104,2.6078,109607.9837,107823.4912,39038.3020,2140643.9217,2105792.7831,3.5776,3.5776,4.1429
2022-02-18,19.4900,19.5800,19.1800,19.3800,-0.1500,-0.7700,78834.0900,152559.3990,15.7600,49.0700,0.7311,2.0194,0.6500,20.9630,16.2554,3.8115,4.1781,2.5878,109607.9837,107823.4912,39038.3020,2124202.7241,2089619.2595,3.6053,3.6053,4.1047
2022-02-21,19.3800,20.0500,19.3100,19.8600,0.4800,2.4800,87732.8900,173910.8190,16.1500,50.2900,0.8137,2.2474,0.7900,21.4822,16.6581,3.9059,4.2816,2.6519,109607.9837,107823.4912,39038.3020,2176814.5563,2141374.5352,3.5182,3.5182,4.1280
2022-02-22,19.8800,20.0500,19.3700,19.5700,-0.2900,-1.4600,54932.9300,107868.3150,15.9100,49.5500,0.5095,1.4072,0.5900,21.1685,16.4148,3.8488,4.2191,2.6132,109607.9837,107823.4912,39038.3020,2145028.2410,2110105.7228,3.5703,3.5703,4.0241
2022-02-23,19.6200,19.6200,18.9100,19.0900,-0.4800,-2.4500,98965.8600,189479.3440,15.5200,48.3400,0.9179,2.5351,1.2700,20.6493,16.0122,3.7544,4.1156,2.5491,109607.9837,107823.4912,39038.3020,2092416.4088,2058350.4470,3.6601,3.6601,4.0775
2022-02-24,19.0800,19.4000,18.8000,19.0000,-0.0900,-0.4700,94766.0000,180804.2420,15.4500,48.1100,0.8789,2.4275,1.1900,20.5519,15.9367,3.7367,4.0962,2.5370,109607.9837,107823.4912,39038.3020,2082551.6903,2048646.3328,3.6774,3.6774,4.1929
2022-02-25,18.7000,19.1700,18.5000,18.8900,-0.1100,-0.5800,81896.1200,154760.2170,15.3600,47.8300,0.7595,2.0978,0.9900,20.4329,15.8444,3.7151,4.0725,2.5224,109607.9837,107823.4912,39038.3020,2070494.8121,2036785.7488,3.6989,3.6989,4.2781
2022-02-28,18.8000,18.9400,18.3900,18.7000,-0.1900,-1.0100,106944.3700,198610.3260,15.2100,47.3500,0.9918,2.7395,1.2800,20.2274,15.6851,3.6777,4.0315,2.4970,109607.9837,107823.4912,39038.3020,2049669.2952,2016299.2854,3.7364,3.7364,4.2553
2022-03-01,18.7000,19.0900,18.5500,18.9500,0.2500,1.3400,68211.2500,129075.6100,15.4100,47.9800,0.6326,1.7473,0.7800,20.4978,15.8948,3.7269,4.0854,2.5304,109607.9837,107823.4912,39038.3020,2077071.2911,2043255.1582,3.6871,3.6871,4.2781
2022-03-02,19.3100,19.3800,18.7500,18.8500,-0.1000,-0.5300,51421.1800,97434.3550,15.3300,47.7300,0.4769,1.3172,0.5700,20.3897,15.8109,3.7072,4.0638,2.5170,109607.9837,107823.4912,39038.3020,2066110.4927,2032472.8091,3.7067,3.7067,4.1429
2022-03-03,18.8100,19.3000,18.8000,19.0100,0.1600,0.8500,63516.2000,121229.6620,15.4600,48.1300,0.5891,1.6270,0.7900,20.5627,15.9451,3.7387,4.0983,2.5384,109607.9837,107823.4912,39038.3020,2083647.7701,2049724.5677,3.6755,3.6755,4.2531
2022-03-04,19.0000,19.2200,18.5100,18.6500,-0.3600,-1.8900,66231.0700,124466.2220,15.1700,47.2200,0.6143,1.6966,0.8900,20.1733,15.6431,3.6679,4.0207,2.4903,109607.9837,107823.4912,39038.3020,2044188.8960,2010908.1109,3.7465,3.7465,4.2105
2022-03-07,18.7500,18.8500,18.0000,18.1200,-0.5300,-2.8400,84822.9000,155163.1800,14.7300,45.8800,0.7867,2.1728,1.1900,19.6000,15.1986,3.5637,3.9065,2.4195,109607.9837,107823.4912,39038.3020,1986096.6646,1953761.6605,3.8560,3.8560,4.2667
2022-03-08,18.0000,18.1800,17.4000,17.4600,-0.6600,-3.6400,72032.5000,127588.0120,14.2000,44.2100,0.6681,1.8452,1.0800,18.8861,14.6450,3.4339,3.7642,2.3314,109607.9837,107823.4912,39038.3020,1913755.3954,1882598.1564,4.0018,4.0018,4.4444
2022-03-09,17.6300,17.6900,16.3100,17.0600,-0.4000,-2.2900,135958.9700,231379.8290,13.8700,43.2000,1.2609,3.4827,2.0100,18.4535,14.3095,3.3552,3.6779,2.2780,109607.9837,107823.4912,39038.3020,1869912.2019,1839468.7599,4.0956,4.0956,4.5377
2022-03-10,17.2800,17.4800,16.9000,16.9400,-0.1200,-0.7000,87004.5200,149187.1530,13.7800,42.8900,0.8069,2.2287,1.0300,18.3237,14.2088,3.3316,3.6521,2.2620,109607.9837,107823.4912,39038.3020,1856759.2439,1826529.9409,4.1246,4.1246,4.6296
2022-03-11,16.8200,16.8200,16.2100,16.6900,-0.2500,-1.4800,101606.5900,167936.6940,13.5700,42.2600,0.9423,2.6027,1.1400,18.0532,13.9991,3.2824,3.5982,2.2286,109607.9837,107823.4912,39038.3020,1829357.2480,1799574.0681,4.1864,4.1864,4.7562
2022-03-14,16.6000,16.6000,15.0200,15.0200,-1.6700,-10.0100,323968.6000,497014.6960,12.2100,38.0300,3.0046,8.2987,3.3600,16.2468,13.4037,2.9540,3.2381,1.7982,109607.9837,107823.4912,39038.3020,1646311.9152,1619508.8378,4.6519,4.6519,4.8193
2022-03-15,14.7000,14.7200,13.5300,13.5300,-1.4900,-9.9200,278885.4100,390510.2850,11.0000,34.2600,2.5865,7.1439,1.9400,14.6351,12.0740,2.6609,2.9169,1.6198,109607.9837,107823.4912,39038.3020,1482996.0195,1458851.8359,5.1642,5.1642,5.4422
2022-03-16,13.7100,14.1100,13.2800,13.9600,0.4300,3.1800,229417.1300,315595.9850,11.3500,35.3500,2.1277,5.8767,1.2400,15.1002,12.4577,2.7455,3.0096,1.6713,109607.9837,107823.4912,39038.3020,1530127.4525,1505215.9372,5.0051,5.0051,5.8352
2022-03-17,14.0000,14.1700,13.6500,13.7000,-0.2600,-1.8600,294778.8900,410709.3050,11.1400,34.6900,2.7339,7.5510,1.4400,14.8190,12.2257,2.6944,2.9536,1.6402,109607.9837,107823.4912,39038.3020,1501629.3767,1477181.8294,5.1001,5.1001,5.7143
2022-03-18,13.7400,13.9500,13.5100,13.9300,0.2300,1.6800,117173.3000,161545.3640,11.3300,35.2700,1.0867,3.0015,0.4800,15.0678,12.4310,2.7396,3.0031,1.6677,109607.9837,107823.4912,39038.3020,1526839.2129,1501981.2324,5.0159,5.0159,5.8224
2022-03-21,13.9300,14.0900,13.7400,13.7900,-0.1400,-1.0100,151793.4400,210648.4780,11.2100,34.9200,1.4078,3.8883,0.6100,14.9164,12.3060,2.7121,2.9730,1.6510,109607.9837,107823.4912,39038.3020,1511494.0952,1486885.9436,5.0668,5.0668,5.7430
2022-03-22,13.7800,13.9200,13.6800,13.8200,0.0300,0.2200,111724.8000,154321.7920,11.2400,34.9900,1.0362,2.8619,0.5200,14.9488,12.3328,2.7180,2.9794,1.6546,109607.9837,107823.4912,39038.3020,1514782.3347,1490120.6484,5.0558,5.0558,5.8055
2022-03-23,13.8500,13.8800,13.6800,13.7000,-0.1200,-0.8700,112888.8000,155047.0490,11.1400,34.6900,1.0470,2.8917,0.6200,14.8190,12.2257,2.6944,2.9536,1.6402,109607.9837,107823.4912,39038.3020,1501629.3767,1477181.8294,5.1001,5.1001,5.7762
2022-03-24,13.5900,13.6800,13.3600,13.5400,-0.1600,-1.1700,103827.5600,140383.6960,11.0100,34.2800,0.9629,2.6596,0.6600,14.6459,12.0829,2.6629,2.9191,1.6210,109607.9837,107823.4912,39038.3020,1484092.0993,1459930.0708,5.1604,5.1604,5.8867
2022-03-25,13.6000,13.7700,13.3300,13.4000,-0.1400,-1.0300,95533.1300,129424.6840,10.9000,33.9300,0.8860,2.4472,0.8000,14.4945,11.9580,2.6354,2.8889,1.6043,109607.9837,107823.4912,39038.3020,1468746.9816,1444834.7821,5.2143,5.2143,5.8824
2022-03-28,13.4000,13.5000,13.1100,13.3700,-0.0300,-0.2200,74037.9400,98525.7670,10.8700,33.8500,0.6867,1.8965,0.6400,14.4621,11.9312,2.6295,2.8824,1.6007,109607.9837,107823.4912,39038.3020,1465458.7421,1441600.0773,5.2260,5.2260,5.9701
2022-03-29,13.3700,13.4500,13.1700,13.2000,-0.1700,-1.2700,63239.9200,84002.9470,10.7300,33.4200,0.5865,1.6199,0.6300,14.2782,11.7795,2.5960,2.8458,1.5803,109607.9837,107823.4912,39038.3020,1446825.3848,1423270.0838,5.2933,5.2933,5.9835
2022-03-30,13.2600,13.5200,13.2200,13.5000,0.3000,2.2700,76696.5900,102682.9110,10.9800,34.1800,0.7113,1.9646,0.8500,14.6027,12.0472,2.6550,2.9104,1.6162,109607.9837,107823.4912,39038.3020,1479707.7800,1455617.1312,5.1757,5.1757,6.0332
2022-03-31,13.5000,13.6100,13.3800,13.5400,0.0400,0.3000,69642.3700,94051.1320,11.0100,34.2800,0.6459,1.7839,0.8400,14.6459,12.0829,2.6629,2.9191,1.6210,109607.9837,107823.4912,39038.3020,1484092.0993,1459930.0708,5.1604,5.1604,5.9259
2022-04-01,13.4800,13.6400,13.3500,13.6300,0.0900,0.6600,73590.2600,99401.8920,11.0800,34.5100,0.6825,1.8851,0.9700,14.7433,12.1633,2.6806,2.9385,1.6318,109607.9837,107823.4912,39038.3020,1493956.8178,1469634.1851,5.1263,5.1263,5.9347
2022-04-06,13.6000,13.7900,13.5100,13.7300,0.1000,0.7300,90690.4300,124099.6260,11.1600,34.7600,0.8411,2.3231,1.2700,14.8515,12.2525,2.7003,2.9600,1.6438,109607.9837,107823.4912,39038.3020,1504917.6162,1480416.5342,5.0890,5.0890,5.8824
2022-04-07,13.7100,13.7600,13.3400,13.4200,-0.3100,-2.2600,80179.7700,108689.7460,10.9100,33.9800,0.7436,2.0539,1.0700,14.5161,11.9759,2.6393,2.8932,1.6067,109607.9837,107823.4912,39038.3020,1470939.1413,1446991.2519,5.2065,5.2065,5.8352
2022-04-08,13.4300,13.5800,13.2400,13.4700,0.0500,0.3700,63160.1800,84695.1150,10.9500,34.1100,0.5858,1.6179,0.8100,14.5702,12.0205,2.6491,2.9040,1.6127,109607.9837,107823.4912,39038.3020,1476419.5404,1452382.4265,5.1872,5.1872,5.9568
2022-04-11,13.4500,13.4700,12.7700,12.9200,-0.5500,-4.0800,106596.1700,139232.3880,10.5100,32.7100,0.9886,2.7306,1.4100,13.9753,11.5297,2.5410,2.7854,1.5468,109607.9837,107823.4912,39038.3020,1416135.1494,1393079.5063,5.4080,5.4080,5.9480
2022-04-12,12.8700,13.3200,12.7000,13.2500,0.3300,2.5500,80336.2900,104255.9450,10.7700,33.5500,0.7451,2.0579,0.9700,14.3323,11.8242,2.6059,2.8565,1.5863,109607.9837,107823.4912,39038.3020,1452305.7840,1428661.2584,5.2733,5.2733,6.2160
2022-04-13,13.1800,13.3500,13.0100,13.1400,-0.1100,-0.8300,69741.0600,92140.2350,10.6900,33.2700,0.6468,1.7865,0.8300,14.2133,11.7260,2.5842,2.8328,1.5731,109607.9837,107823.4912,39038.3020,1440248.9058,1416800.6744,5.3175,5.3175,6.0698
2022-04-14,13.2100,13.4400,13.1000,13.2600,0.1200,0.9100,70102.1500,93345.9540,10.7800,33.5700,0.6502,1.7957,0.8800,14.3431,11.8331,2.6078,2.8587,1.5875,109607.9837,107823.4912,39038.3020,1453401.8639,1429739.4933,5.2693,5.2693,6.0560
2022-04-15,13.2000,13.4400,13.1000,13.1600,-0.1000,-0.7500,63827.1600,84553.1750,10.7000,33.3200,0.5920,1.6350,0.8200,14.2349,11.7438,2.5882,2.8371,1.5755,109607.9837,107823.4912,39038.3020,1442441.0655,1418957.1442,5.3094,5.3094,6.0606
2022-04-18,13.1600,13.2000,12.8900,13.0900,-0.0700,-0.5300,58799.7200,76776.1900,10.6400,33.1400,0.5453,1.5062,0.7500,14.1592,11.6814,2.5744,2.8221,1.5672,109607.9837,107823.4912,39038.3020,1434768.5066,1411409.4998,5.3378,5.3378,6.0790
2022-04-19,13.1600,13.1900,12.9500,13.0400,-0.0500,-0.3800,45664.5400,59656.6710,10.6000,33.0200,0.4235,1.1697,0.6700,14.1051,11.6367,2.5646,2.8113,1.5612,109607.9837,107823.4912,39038.3020,1429288.1074,1406018.3252,5.3582,5.3582,6.0790
2022-04-20,13.0800,13.4200,13.0300,13.2500,0.2100,1.6100,87450.1400,115847.4990,10.7700,33.5500,0.8110,2.2401,1.4200,14.3323,11.8242,2.6059,2.8565,1.5863,109607.9837,107823.4912,39038.3020,1452305.7840,1428661.2584,5.2733,5.2733,6.1162
2022-04-21,13.2500,13.3500,12.8500,12.9100,-0.3400,-2.5700,61522.0000,80606.8640,10.5000,32.6900,0.5706,1.5759,0.9400,13.9645,11.5207,2.5390,2.7832,1.5456,109607.9837,107823.4912,39038.3020,1415039.0696,1392001.2714,5.4122,5.4122,6.0377
2022-04-22,12.8600,13.0800,12.6000,12.9300,0.0200,0.1500,55643.2000,71417.0000,10.5100,32.7400,0.5161,1.4253,0.8800,13.9861,11.5386,2.5429,2.7876,1.5480,109607.9837,107823.4912,39038.3020,1417231.2292,1394157.7412,5.4038,5.4038,6.2208
2022-04-25,12.7100,12.7800,11.9800,11.9800,-0.9500,-7.3500,102935.3400,126688.3320,9.7400,30.3300,0.9547,2.6368,1.6700,12.9585,10.6908,2.3561,2.5828,1.4343,109607.9837,107823.4912,39038.3020,1313103.6447,1291725.4246,5.8323,5.8323,6.2943
2022-04-26,12.0200,12.1800,11.7200,11.7900,-0.1900,-1.5900,84209.2100,100305.0960,9.5900,29.8500,0.7810,2.1571,1.1900,12.7530,10.5213,2.3187,2.5418,1.4115,109607.9837,107823.4912,39038.3020,1292278.1278,1271238.9612,5.9263,5.9263,6.6556
2022-04-27,11.7500,11.9800,11.2900,11.8500,0.0600,0.5100,85791.8100,99595.1930,9.6400,30.0000,0.7957,2.1976,1.0900,12.8179,10.5748,2.3305,2.5547,1.4187,109607.9837,107823.4912,39038.3020,1298854.6068,1277708.3707,5.8963,5.8963,6.8085
2022-04-28,11.8400,12.0600,11.4700,11.6700,-0.1800,-1.5200,77654.1100,91356.7440,9.4900,29.5500,0.7202,1.9892,1.0000,12.6232,10.4142,2.2951,2.5159,1.3972,109607.9837,107823.4912,39038.3020,1279125.1698,1258300.1423,5.9873,5.9873,6.7568
2022-04-29,11.4200,12.6200,11.4200,12.5800,0.9100,7.8000,108461.2900,132434.4940,10.2300,31.8500,1.0059,2.7783,1.3300,13.6075,11.2262,2.4741,2.7121,1.5061,109607.9837,107823.4912,39038.3020,1378868.4349,1356419.5193,5.5542,5.5542,7.0053
2022-05-05,12.8300,13.5700,12.7800,13.4000,0.8200,6.5200,136991.1600,181699.8800,10.9000,33.9300,1.2705,3.5201,1.4900,11.9936,11.4808,2.4463,1.6043,1.3659,109607.9837,107823.4912,38916.3914,1468746.9816,1444834.7821,5.2143,5.2143,6.2354
2022-05-06,13.1700,13.5500,13.1000,13.4000,0.0000,0.0000,94505.7500,126148.5710,10.9000,33.9300,0.8765,2.4284,0.9600,11.9936,11.4808,2.4463,1.6043,1.3659,109607.9837,107823.4912,38916.3914,1468746.9816,1444834.7821,5.2143,5.2143,6.0744
2022-05-09,13.3000,13.6900,13.2600,13.5700,0.1700,1.2700,95819.2200,129504.5940,11.0300,34.3600,0.8887,2.4622,0.9500,12.1457,11.6264,2.4773,1.6246,1.3832,109607.9837,107823.4912,38916.3914,1487380.3388,1463164.7756,5.1490,5.1490,6.0150
2022-05-10,13.3900,13.5200,13.2400,13.4300,-0.1400,-1.0300,114127.8900,152824.7830,10.9200,34.0000,1.0585,2.9326,1.1100,12.0204,11.5065,2.4517,1.6079,1.3690,109607.9837,107823.4912,38916.3914,1472035.2211,1448069.4868,5.2026,5.2026,5.9746
2022-05-11,13.5000,13.6100,13.3000,13.4100,-0.0200,-0.1500,98273.1700,132346.3140,10.9000,33.9500,0.9114,2.5252,0.8900,12.0025,11.4893,2.4481,1.6055,1.3669,109607.9837,107823.4912,38916.3914,1469843.0614,1445913.0170,5.2104,5.2104,5.9259
2022-05-12,13.3700,13.7500,13.3000,13.6700,0.2600,1.9400,88457.6600,120786.5570,11.1200,34.6100,0.8204,2.2730,0.8200,12.2352,11.7121,2.4955,1.6366,1.3934,109607.9837,107823.4912,38916.3914,1498341.1372,1473947.1247,5.1113,5.1113,5.9835
2022-05-13,13.7100,13.9500,13.7100,13.9000,0.2300,1.6800,70343.1600,97574.8190,11.3000,35.1900,0.6524,1.8075,0.7200,12.4411,11.9091,2.5375,1.6641,1.4169,109607.9837,107823.4912,38916.3914,1523550.9734,1498746.5277,5.0267,5.0267,5.8352
2022-05-16,14.0200,14.0800,13.7400,13.9200,0.0200,0.1400,84648.3000,117550.6590,11.3200,35.2500,0.7851,2.1751,0.9100,12.4590,11.9263,2.5412,1.6665,1.4189,109607.9837,107823.4912,38916.3914,1525743.1331,1500902.9975,5.0195,5.0195,5.7061
2022-05-17,13.9200,13.9200,13.5900,13.7100,-0.2100,-1.5100,57484.5300,79089.6650,11.1500,34.7100,0.5331,1.4771,0.6300,12.2710,11.7464,2.5028,1.6414,1.3975,109607.9837,107823.4912,38916.3914,1502725.4565,1478260.0644,5.0964,5.0964,5.7471
2022-05-18,13.6800,13.7800,13.4200,13.4300,-0.2800,-2.0400,54237.8900,73470.8780,10.9200,34.0000,0.5030,1.3937,0.6800,12.0204,11.5065,2.4517,1.6079,1.3690,109607.9837,107823.4912,38916.3914,1472035.2211,1448069.4868,5.2026,5.2026,5.8480
2022-05-19,13.2200,13.6300,13.1600,13.5400,0.1100,0.8200,71230.9000,96127.5280,11.0100,34.2800,0.6574,1.8056,1.0000,12.1189,11.6007,2.4718,1.6210,1.3802,109607.9837,108357.7719,39450.6721,1484092.0993,1467164.2315,5.1604,5.1604,6.0514
2022-05-20,13.5700,13.7700,13.4000,13.6200,0.0800,0.5900,66564.2400,90396.0780,11.0800,34.4900,0.6143,1.6873,0.9800,12.1905,11.6692,2.4864,1.6306,1.3883,109607.9837,108357.7719,39450.6721,1492860.7380,1475832.8533,5.1301,5.1301,5.8954
2022-05-23,13.6200,13.9700,13.5500,13.9200,0.3000,2.2000,58454.0100,81029.6860,11.3200,35.2500,0.5395,1.4817,0.8700,12.4590,11.9263,2.5412,1.6665,1.4189,109607.9837,108357.7719,39450.6721,1525743.1331,1508340.1848,5.0195,5.0195,5.8737
2022-05-24,13.9000,13.9200,13.3100,13.3400,-0.5800,-4.1700,54523.5300,74402.2160,10.8500,33.7800,0.5032,1.3821,0.8900,11.9399,11.4293,2.4353,1.5971,1.3598,109607.9837,108357.7719,39450.6721,1462170.5026,1445492.6771,5.2377,5.2377,5.7554
2022-05-25,13.3000,13.4700,13.3000,13.4000,0.0600,0.4500,38474.0800,51519.4570,10.9000,33.9300,0.3551,0.9752,0.6300,11.9936,11.4808,2.4463,1.6043,1.3659,109607.9837,108357.7719,39450.6721,1468746.9816,1451994.1435,5.2143,5.2143,6.0150
2022-05-26,13.4100,13.4700,13.1000,13.4000,0.0000,0.0000,47880.9900,63712.7110,10.9000,33.9300,0.4419,1.2137,0.8300,11.9936,11.4808,2.4463,1.6043,1.3659,109607.9837,108357.7719,39450.6721,1468746.9816,1451994.1435,5.2143,5.2143,5.9657
2022-05-27,13.5500,13.8300,13.3000,13.4000,0.0000,0.0000,57615.1600,77919.8300,10.9000,33.9300,0.5317,1.4604,1.0800,11.9936,11.4808,2.4463,1.6043,1.3659,109607.9837,108357.7719,39450.6721,1468746.9816,1451994.1435,5.2143,5.2143,5.9041
2022-05-30,13.3700,13.8400,13.3100,13.7300,0.3300,2.4600,79394.6600,108198.4880,11.1600,34.7600,0.7327,2.0125,1.5400,12.2889,11.7635,2.5065,1.6438,1.3995,109607.9837,108357.7719,39450.6721,1504917.6162,1487752.2082,5.0890,5.0890,5.9835
2022-05-31,13.8800,14.2500,13.6100,14.2000,0.4700,3.4200,95910.1000,134578.2570,11.5500,35.9500,0.8851,2.4311,1.7300,12.7096,12.1662,2.5923,1.7001,1.4474,109607.9837,108357.7719,39450.6721,1556433.3685,1538680.3610,4.9205,4.9205,5.7637
2022-06-01,14.2600,14.8800,14.1200,14.7400,0.5400,3.8000,175058.3300,256931.9650,11.9900,37.3200,1.6156,4.4374,2.7400,13.1929,12.6288,2.6909,1.7647,1.5025,109607.9837,108357.7719,39450.6721,1615621.6797,1597193.5578,4.7403,4.7403,5.6101
2022-06-02,14.7100,14.7100,14.3200,14.4500,-0.2900,-1.9700,80076.8300,115574.5550,11.7500,36.5900,0.7390,2.0298,0.8800,12.9334,12.3804,2.6379,1.7300,1.4729,109607.9837,108357.7719,39450.6721,1583835.3645,1565769.8040,4.8354,4.8354,5.4385
2022-06-06,14.4400,14.4400,14.1000,14.3500,-0.1000,-0.6900,83329.8300,119119.2310,11.6700,36.3300,0.7690,2.1123,0.8500,12.8439,12.2947,2.6197,1.7180,1.4627,109607.9837,108357.7719,39450.6721,1572874.5661,1554934.0268,4.8691,4.8691,5.5402
2022-06-07,13.9800,14.0400,13.5800,13.6800,-0.6700,-4.6700,85994.8800,118652.8700,11.5300,35.8900,0.7936,2.1798,0.8400,12.2442,11.7206,2.7456,1.6378,1.3944,109607.9837,108357.7719,39450.6721,1499437.2170,1482334.3196,5.1076,8.7277,5.7225
2022-06-08,13.6800,13.8100,13.5200,13.7900,0.1100,0.8000,49264.4800,67366.0840,11.6200,36.1800,0.4546,1.2488,0.4700,12.3426,11.8149,2.7677,1.6510,1.4056,109607.9837,108357.7719,39450.6721,1511494.0952,1494253.6745,5.0668,8.6581,5.8480
2022-06-09,13.7000,13.7000,13.3700,13.5400,-0.2500,-1.8100,52948.5000,71687.0210,11.4100,35.5200,0.4886,1.3421,0.5600,12.1189,11.6007,2.7175,1.6210,1.3802,109607.9837,108357.7719,39450.6721,1484092.0993,1467164.2315,5.1604,8.8179,5.8394
2022-06-10,13.4200,13.6700,13.4100,13.6700,0.1300,0.9600,58574.2500,79557.7420,11.5200,35.8600,0.5406,1.4847,0.8300,12.2352,11.7121,2.7436,1.6366,1.3934,109607.9837,108357.7719,39450.6721,1498341.1372,1481250.7419,5.1113,8.7341,5.9613
2022-06-13,13.6100,13.8000,13.4900,13.6500,-0.0200,-0.1500,50968.9900,69565.8080,11.5000,35.8100,0.4704,1.2920,0.7700,12.2173,11.6949,2.7396,1.6342,1.3914,109607.9837,108357.7719,39450.6721,1496148.9775,1479083.5864,5.1188,8.7469,5.8780
2022-06-14,13.5000,13.7000,13.2200,13.6800,0.0300,0.2200,63833.5000,85698.4280,11.5300,35.8900,0.5891,1.6181,1.0700,12.2442,11.7206,2.7456,1.6378,1.3944,109607.9837,108357.7719,39450.6721,1499437.2170,1482334.3196,5.1076,8.7277,5.9259
2022-06-15,13.6500,13.9200,13.6000,13.7500,0.0700,0.5100,70515.3600,97156.1590,11.5800,36.0700,0.6508,1.7874,1.2800,12.3068,11.7806,2.7596,1.6462,1.4016,109607.9837,108357.7719,39450.6721,1507109.7759,1489919.3636,5.0816,8.6832,5.8608
2022-06-16,13.7700,13.9800,13.7700,13.9400,0.1900,1.3800,64423.3700,89537.6440,11.7400,36.5700,0.5945,1.6330,1.0900,12.4769,11.9434,2.7978,1.6689,1.4209,109607.9837,108357.7719,39450.6721,1527935.2928,1510507.3403,5.0123,8.5649,5.8097
2022-06-17,13.8800,14.1900,13.7700,14.1800,0.2400,1.7200,120271.9700,169169.2080,11.9500,37.2000,1.1100,3.0487,1.9500,12.6917,12.1490,2.8459,1.6977,1.4454,109607.9837,108357.7719,39450.6721,1554241.2089,1536513.2055,4.9275,8.4199,5.7637
2022-06-20,14.2100,14.8800,14.2000,14.6600,0.4800,3.3900,136931.0900,198516.0690,12.3500,38.4600,1.2637,3.4709,1.8500,13.1213,12.5603,2.9423,1.7551,1.4943,109607.9837,108357.7719,39450.6721,1606853.0410,1588524.9361,4.7661,5.4154,5.6298
2022-06-21,14.6400,14.9000,14.3800,14.5300,-0.1300,-0.8900,93882.4800,137414.3780,12.2400,38.1200,0.8664,2.3797,1.0300,13.0050,12.4489,2.9162,1.7396,1.4811,109607.9837,108357.7719,39450.6721,1592604.0032,1574438.4257,4.8088,5.4638,5.4645
2022-06-22,14.5200,14.5400,13.9900,14.0000,-0.5300,-3.6500,62109.1300,88289.4310,11.8000,36.7300,0.5732,1.5743,0.6400,12.5306,11.9948,2.8098,1.6761,1.4271,109607.9837,108357.7719,39450.6721,1534511.7718,1517008.8066,4.9908,5.6707,5.5096
2022-06-23,14.0600,14.2500,13.8000,14.1400,0.1400,1.0000,48660.3800,68416.2860,11.9100,37.0900,0.4491,1.2334,0.5100,12.6559,12.1148,2.8379,1.6929,1.4413,109607.9837,108357.7719,39450.6721,1549856.8895,1532178.8947,4.9414,5.6145,5.6899
2022-06-24,14.1500,14.5400,14.0100,14.4300,0.2900,2.0500,68623.7300,98100.4180,12.1600,37.8600,0.6333,1.7395,0.7400,12.9155,12.3632,2.8961,1.7276,1.4709,109607.9837,108357.7719,39450.6721,1581643.2048,1563602.6485,4.8421,5.5017,5.6537
2022-06-27,14.4200,14.6400,14.2800,14.4500,0.0200,0.1400,63688.7500,92059.9200,12.1700,37.9100,0.5878,1.6144,0.7800,12.9334,12.3804,2.9001,1.7300,1.4729,109607.9837,108357.7719,39450.6721,1583835.3645,1565769.8040,4.8354,5.4941,5.5479
2022-06-28,14.6200,14.9500,14.4000,14.9200,0.4700,3.2500,75437.4300,110955.5810,12.5700,39.1400,0.6962,1.9122,1.1200,13.3540,12.7830,2.9945,1.7863,1.5208,109607.9837,108357.7719,39450.6721,1635351.1168,1616697.9567,4.6831,5.3210,5.4720
2022-06-29,14.9200,15.7600,14.7500,15.2000,0.2800,1.8800,147171.3700,226386.1190,12.8100,39.8800,1.3582,3.7305,2.3100,13.6047,13.0229,3.0507,1.8198,1.5494,109607.9837,108357.7719,39450.6721,1666041.3522,1647038.1329,4.5968,5.2230,5.3619
2022-06-30,15.1600,15.7600,15.1600,15.5300,0.3300,2.1700,97073.2500,150978.1050,13.0800,40.7400,0.8959,2.4606,1.2000,13.9000,13.3057,3.1169,1.8593,1.5830,109607.9837,108357.7719,39450.6721,1702211.9869,1682796.1976,4.4991,5.1120,5.2770
2022-07-01,15.5000,15.6900,15.1100,15.5400,0.0100,0.0600,66708.1400,102636.7160,13.0900,40.7700,0.6156,1.6909,0.7400,13.9090,13.3142,3.1189,1.8605,1.5840,109607.9837,108357.7719,39450.6721,1703308.0667,1683879.7753,4.4962,5.1087,5.1613
2022-07-04,15.4100,15.5700,15.1800,15.3300,-0.2100,-1.3500,55799.6300,85685.9790,12.9200,40.2200,0.5150,1.4144,0.6200,13.7210,13.1343,3.0767,1.8353,1.5626,109607.9837,108357.7719,39450.6721,1680290.3901,1661124.6432,4.5578,5.1787,5.1914
2022-07-05,15.3600,15.4400,14.7400,14.9400,-0.3900,-2.5400,103256.6300,154379.4330,12.5900,39.1900,0.9529,2.6174,1.1700,13.3719,12.8002,2.9985,1.7886,1.5229,109607.9837,108357.7719,39450.6721,1637543.2765,1618865.1122,4.6768,5.3139,5.2083
2022-07-06,14.8100,15.1500,14.6200,14.7900,-0.1500,-1.0000,46764.0200,69158.9090,12.4600,38.8000,0.4316,1.1854,0.5000,13.2377,12.6717,2.9684,1.7707,1.5076,109607.9837,108357.7719,39450.6721,1621102.0789,1602611.4464,4.7242,5.3678,5.4018
2022-07-07,14.8500,14.8700,14.5400,14.5800,-0.2100,-1.4200,43874.0100,64539.6740,12.2800,38.2500,0.4049,1.1121,0.5900,13.0497,12.4917,2.9262,1.7455,1.4862,109607.9837,108357.7719,39450.6721,1598084.4023,1579856.3143,4.7923,5.4451,5.3872
2022-07-08,14.5800,14.7400,14.2000,14.3300,-0.2500,-1.7100,73628.7500,106233.7110,12.0700,37.5900,0.6795,1.8663,1.1600,12.8260,12.2775,2.8760,1.7156,1.4607,109607.9837,108357.7719,39450.6721,1570682.4064,1552766.8713,4.8759,5.5401,5.4870
2022-07-11,14.5000,14.5000,13.8800,14.0400,-0.2900,-2.0200,67905.7400,95325.9850,11.8300,36.8300,0.6267,1.7213,1.0500,12.5664,12.0291,2.8178,1.6809,1.4311,109607.9837,108357.7719,39450.6721,1538896.0911,1521343.1175,4.9766,5.6545,5.5172
2022-07-12,14.1100,14.2900,13.9100,13.9500,-0.0900,-0.6400,51354.2800,72159.8190,11.7500,36.6000,0.4739,1.3017,0.7700,12.4858,11.9520,2.7998,1.6701,1.4220,109607.9837,108357.7719,39450.6721,1529031.3726,1511590.9180,5.0087,5.6910,5.6697
2022-07-13,14.0000,14.1400,13.8600,14.0300,0.0800,0.5700,30581.6900,42789.8740,11.8200,36.8100,0.2822,0.7752,0.5400,12.5575,12.0205,2.8158,1.6797,1.4301,109607.9837,108357.7719,39450.6721,1537800.0113,1520259.5398,4.9801,5.6585,5.7143
2022-07-14,13.9800,14.2000,13.8600,14.0400,0.0100,0.0700,36886.0000,51843.8380,11.8300,36.8300,0.3404,0.9350,0.6900,12.5664,12.0291,2.8178,1.6809,1.4311,109607.9837,108357.7719,39450.6721,1538896.0911,1521343.1175,4.9766,5.6545,5.7225
2022-07-15,14.0100,14.3200,13.8700,13.9100,-0.1300,-0.9300,51055.7500,71953.2500,11.7200,36.4900,0.4712,1.2942,0.9800,12.4500,11.9177,2.7918,1.6653,1.4179,109607.9837,108357.7719,39450.6721,1524647.0533,1507256.6071,5.0231,5.7074,5.7102
2022-07-18,13.9400,14.1200,13.8400,13.9800,0.0700,0.5000,44063.7500,61632.3910,11.7800,36.6800,0.4067,1.1169,0.9300,12.5127,11.9777,2.8058,1.6737,1.4250,109607.9837,108357.7719,39450.6721,1532319.6121,1514841.6512,4.9980,5.6788,5.7389
2022-07-19,13.9900,14.3000,13.9100,14.1900,0.2100,1.5000,56487.4800,79766.8240,11.9600,37.2300,0.5213,1.4319,1.3200,12.7007,12.1576,2.8479,1.6989,1.4464,109607.9837,108357.7719,39450.6721,1555337.2887,1537596.7833,4.9240,5.5947,5.7184
2022-07-20,14.2800,14.4800,14.1600,14.3800,0.1900,1.3400,47305.7200,67548.8270,12.1200,37.7200,0.4366,1.1991,1.0800,12.8707,12.3204,2.8861,1.7216,1.4658,109607.9837,108357.7719,39450.6721,1576162.8056,1558184.7599,4.8589,5.5208,5.6022
2022-07-21,14.3900,14.3900,14.1700,14.1700,-0.2100,-1.4600,26991.0000,38477.6100,11.9400,37.1700,0.2491,0.6842,0.5700,12.6828,12.1405,2.8439,1.6965,1.4444,109607.9837,108357.7719,39450.6721,1553145.1290,1535429.6278,4.9309,5.6026,5.5594
2022-07-22,14.2100,14.2700,13.8100,14.0000,-0.1700,-1.2000,42622.6200,59628.3370,11.8000,36.7300,0.3934,1.0804,0.9400,12.5306,11.9948,2.8098,1.6761,1.4271,109607.9837,108357.7719,39450.6721,1534511.7718,1517008.8066,4.9908,5.6707,5.6298
2022-07-25,13.9500,14.0400,13.8400,13.9900,-0.0100,-0.0700,31090.6600,43315.9130,11.7900,36.7000,0.2869,0.7881,0.7100,12.5216,11.9862,2.8078,1.6749,1.4260,109607.9837,108357.7719,39450.6721,1533415.6920,1515925.2289,4.9944,5.6747,5.7348
2022-07-26,14.0800,14.2700,13.9600,14.2600,0.2700,1.9300,36913.2200,52094.6960,12.0100,37.4100,0.3407,0.9357,0.9000,12.7633,12.2176,2.8620,1.7072,1.4536,109607.9837,108357.7719,39450.6721,1563009.8476,1545181.8273,4.8998,5.5673,5.6818
2022-07-27,14.2500,14.3400,14.0700,14.2900,0.0300,0.2100,32243.6800,45875.6950,12.0400,37.4900,0.2976,0.8173,0.8700,12.7902,12.2433,2.8680,1.7108,1.4566,109607.9837,108357.7719,39450.6721,1566298.0871,1548432.5605,4.8895,5.5556,5.6140
2022-07-28,14.3500,14.4600,14.0500,14.1600,-0.1300,-0.9100,58141.2200,82505.6370,11.9300,37.1500,0.5366,1.4738,1.7100,12.6738,12.1319,2.8419,1.6953,1.4434,109607.9837,108357.7719,39450.6721,1552049.0492,1534346.0501,4.9344,5.6066,5.5749
2022-07-29,14.1200,14.1600,13.6800,13.8500,-0.3100,-2.1900,72441.0200,100526.8370,11.6700,36.3300,0.6685,1.8362,1.8000,12.3963,12.6528,2.6326,1.6582,1.3242,109607.9837,108357.7719,39450.6721,1518070.5742,1500755.1408,5.0449,5.7321,5.6657
2022-08-01,13.8700,13.9000,13.2700,13.4700,-0.3800,-2.7400,73023.3000,98716.0890,11.3500,35.3400,0.6739,1.8510,1.5800,12.0545,12.3039,2.7034,1.6124,1.2877,109592.6265,108357.7719,39450.6721,1476212.6790,1459579.1875,5.1879,5.8946,5.7678
2022-08-02,13.4700,13.4700,12.8600,13.0000,-0.4700,-3.4900,88509.9400,115573.9780,10.9500,34.1000,0.8168,2.2436,1.6200,11.6339,11.8746,2.6091,1.5562,1.2427,109592.6265,108357.7719,39450.6721,1424704.1445,1408651.0347,5.3755,6.1077,5.9391
2022-08-03,13.0000,13.3200,12.5300,12.5800,-0.4200,-3.2300,112709.0300,145413.1150,10.6000,33.0000,1.0402,2.8570,1.7400,11.2581,11.4910,2.5248,1.5059,1.2026,109592.6265,108357.7719,39450.6721,1378675.2414,1363140.7705,5.5549,6.3116,6.1538
2022-08-04,12.5800,13.3000,12.5800,13.0300,0.4500,3.5800,76262.5500,99163.2180,10.9800,34.1800,0.7038,1.9331,0.9400,11.6608,11.9020,2.6151,1.5598,1.2456,109592.6265,108357.7719,39450.6721,1427991.9233,1411901.7679,5.3631,6.0937,6.3593
2022-08-05,13.0400,13.2600,12.9400,13.2600,0.2300,1.7700,51767.8200,67814.5960,11.1700,34.7900,0.4777,1.3122,0.6100,11.8666,12.1121,2.6612,1.5873,1.2676,109592.6265,108357.7719,39450.6721,1453198.2274,1436824.0554,5.2701,5.9880,6.1350
2022-08-08,13.2100,13.3400,13.0300,13.3000,0.0400,0.3000,45564.3000,60115.4890,11.2100,34.8900,0.4205,1.1550,0.5700,11.9024,12.1486,2.6693,1.5921,1.2714,109592.6265,108357.7719,39450.6721,1457581.9325,1441158.3663,5.2542,5.9700,6.0560
2022-08-09,13.3000,13.4600,13.1300,13.3100,0.0100,0.0800,40738.2500,54182.2310,11.2100,34.9200,0.3760,1.0326,0.5400,11.9114,12.1578,2.6713,1.5933,1.2724,109592.6265,108357.7719,39450.6721,1458677.8587,1442241.9440,5.2503,5.9655,6.0150
2022-08-10,13.3000,13.4700,13.2500,13.3400,0.0300,0.2300,39012.9900,52037.3190,11.2400,35.0000,0.3600,0.9889,0.6000,11.9382,12.1852,2.6773,1.5969,1.2752,109592.6265,108357.7719,39450.6721,1461965.6375,1445492.6771,5.2385,5.9521,6.0150
2022-08-11,13.3400,13.5800,13.2900,13.4600,0.1200,0.9000,39697.9300,53334.5770,11.3400,35.3100,0.3664,1.0063,0.7800,12.0456,12.2948,2.7014,1.6112,1.2867,109592.6265,108357.7719,39450.6721,1475116.7527,1458495.6098,5.1918,5.8990,5.9970
2022-08-12,13.4300,13.6500,13.3500,13.6200,0.1600,1.1900,39718.3000,53761.9640,11.4800,35.7300,0.3665,1.0068,0.9200,12.1888,12.4409,2.7335,1.6304,1.3020,109592.6265,108357.7719,39450.6721,1492651.5729,1475832.8533,5.1308,5.8297,5.9568
2022-08-15,13.6200,13.6900,13.3600,13.5800,-0.0400,-0.2900,38395.5800,51980.6160,11.4400,35.6300,0.3543,0.9733,0.9400,12.1530,12.4044,2.7255,1.6256,1.2982,109592.6265,108357.7719,39450.6721,1488267.8679,1471498.5424,5.1459,5.8469,5.8737
2022-08-16,13.5300,13.6200,13.3600,13.4700,-0.1100,-0.8100,28976.9200,39025.4340,11.3500,35.3400,0.2674,0.7345,0.7300,12.0545,12.3039,2.7034,1.6124,1.2877,109592.6265,108357.7719,39450.6721,1476212.6790,1459579.1875,5.1879,5.8946,5.9128
2022-08-17,13.4700,13.5500,13.3500,13.5000,0.0300,0.2200,32747.0400,43982.8620,11.3700,35.4200,0.3022,0.8301,0.8800,12.0814,12.3313,2.7094,1.6160,1.2905,109592.6265,108357.7719,39450.6721,1479500.4578,1462829.9207,5.1764,5.8815,5.9391
2022-08-18,13.5000,13.5000,13.2900,13.3800,-0.1200,-0.8900,22749.7500,30411.2600,11.2700,35.1000,0.2100,0.5767,0.6300,11.9740,12.2217,2.6853,1.6017,1.2791,109592.6265,108357.7719,39450.6721,1466349.3426,1449826.9880,5.2228,5.9343,5.9259
2022-08-19,13.3500,13.4400,13.0300,13.1200,-0.2600,-1.9400,65962.1000,86907.1000,11.0500,34.4200,0.6087,1.6720,2.0300,11.7413,11.9842,2.6332,1.5705,1.2542,109592.6265,108357.7719,39450.6721,1437855.2597,1421653.9673,5.3263,6.0519,5.9925
2022-08-22,13.0800,13.5800,12.9100,13.4900,0.3700,2.8200,57503.1400,77005.0330,11.3700,35.3900,0.5307,1.4576,1.5200,12.0724,12.3222,2.7074,1.6148,1.2896,109592.6265,108357.7719,39450.6721,1478404.5315,1461746.3429,5.1802,5.8859,6.1162
2022-08-23,13.4600,13.4600,13.2900,13.3600,-0.1300,-0.9600,27658.1300,37011.7300,11.2600,35.0500,0.2552,0.7011,0.6700,11.9561,12.2035,2.6813,1.5993,1.2772,109592.6265,108357.7719,39450.6721,1464157.4900,1447659.8326,5.2306,5.9431,5.9435
2022-08-24,13.3700,13.4400,13.0400,13.0900,-0.2700,-2.0200,35935.5000,47283.7700,11.0300,34.3400,0.3316,0.9109,0.8700,11.7145,11.9568,2.6271,1.5669,1.2513,109592.6265,108357.7719,39450.6721,1434567.4809,1418403.2342,5.3385,6.0657,5.9835
2022-08-25,13.0700,13.1800,12.9300,13.1100,0.0200,0.1500,32849.0400,42921.3520,11.0500,34.3900,0.3032,0.8327,0.7800,11.7324,11.9751,2.6311,1.5693,1.2533,109592.6265,108357.7719,39450.6721,1436759.3334,1420570.3896,5.3304,6.0565,6.1209
2022-08-26,13.2100,13.3100,13.0900,13.1800,0.0700,0.5300,27182.1700,35896.7020,11.1000,34.5800,0.2509,0.6890,0.6200,11.7950,12.0390,2.6452,1.5777,1.2599,109592.6265,108357.7719,39450.6721,1444430.8173,1428155.4336,5.3021,6.0243,6.0560
2022-08-29,13.0300,13.2300,13.0000,13.0800,-0.1000,-0.7600,35419.5000,46513.4870,11.0200,34.3100,0.3269,0.8978,0.9800,11.7055,11.9477,2.6251,1.5657,1.2504,109592.6265,108357.7719,39450.6721,1433471.5546,1417319.6565,5.3426,6.0704,6.1397
2022-08-30,13.1300,13.1700,12.9800,13.1500,0.0700,0.5400,56768.0000,74193.5120,11.0800,34.5000,0.5239,1.4390,1.7800,11.7682,12.0116,2.4992,1.5741,1.2571,109592.6265,108357.7719,39450.6721,1441143.0385,1424904.7005,5.3142,6.0381,6.0929
2022-08-31,13.1500,13.1500,12.7000,12.7500,-0.4000,-3.0400,79338.2500,101936.2000,10.7400,33.4500,0.7322,2.0111,2.1100,11.4102,11.6463,2.4232,1.5262,1.2188,109592.6265,108357.7719,39450.6721,1397305.9879,1381561.5917,5.4809,6.2275,6.0837
2022-09-01,12.7500,12.8500,12.4000,12.4500,-0.3000,-2.3500,75723.5000,95440.9320,10.4900,32.6600,0.6988,1.9194,1.6400,11.1417,11.3722,2.3662,1.4903,1.1902,109592.6265,108357.7719,39450.6721,1364428.1999,1349054.2602,5.6129,6.3775,6.2745
2022-09-02,12.4900,12.6200,12.3100,12.4400,-0.0100,-0.0800,72764.9900,90542.4130,10.4800,32.6400,0.6715,1.8445,1.3300,11.1328,11.3631,2.3643,1.4891,1.1892,109592.6265,108357.7719,39450.6721,1363332.2737,1347970.6824,5.6175,6.3827,6.4051
2022-09-05,12.4100,12.4600,12.1700,12.3000,-0.1400,-1.1300,64443.7600,79072.5390,10.3600,32.2700,0.5947,1.6335,1.0100,11.0075,11.2352,2.3377,1.4724,1.1758,109592.6265,108357.7719,39450.6721,1347989.3060,1332800.5944,5.6814,6.4553,6.4464
2022-09-06,12.4000,12.4000,12.2800,12.3700,0.0700,0.5700,51094.3900,63035.5810,10.4200,32.4500,0.4715,1.2951,0.7300,11.0701,11.2992,2.3510,1.4808,1.1825,109592.6265,108357.7719,39450.6721,1355660.7898,1340385.6384,5.6492,6.4188,6.4516
2022-09-07,12.3200,12.3200,11.8200,11.8800,-0.4900,-3.9600,152305.7700,182379.5200,10.0100,31.1700,1.4056,3.8607,2.2200,10.6316,10.8516,2.2578,1.4221,1.1357,109592.6265,108357.7719,39450.6721,1301960.4028,1287290.3302,5.8823,6.6835,6.4935
2022-09-08,11.9000,12.1000,11.8600,12.0300,0.1500,1.2600,73364.7200,88006.7160,10.1400,31.5600,0.6771,1.8597,0.8800,10.7659,10.9886,2.2864,1.4401,1.1500,109592.6265,108357.7719,39450.6721,1318399.2968,1303543.9960,5.8089,6.6002,6.7227
2022-09-09,12.0000,12.1200,11.9300,12.1000,0.0700,0.5800,52063.9200,62657.3380,10.1900,31.7400,0.4805,1.3197,0.6300,10.8285,11.0525,2.2997,1.4484,1.1567,109592.6265,108357.7719,39450.6721,1326070.7807,1311129.0400,5.7753,6.5620,6.6667
2022-09-13,12.1800,12.3300,12.1000,12.1300,0.0300,0.2500,71669.0000,87492.5130,10.2200,31.8200,0.6614,1.8167,0.9100,10.8553,11.0799,2.3054,1.4520,1.1596,109592.6265,108357.7719,39450.6721,1329358.5594,1314379.7731,5.7610,6.5458,6.5681
2022-09-14,12.0000,12.1500,11.8900,12.1400,0.0100,0.0800,39023.8000,47034.9610,10.2300,31.8500,0.3601,0.9892,0.4900,10.8643,11.0891,2.3073,1.4532,1.1605,109592.6265,108357.7719,39450.6721,1330454.4857,1315463.3509,5.7563,6.5404,6.6667
2022-09-15,12.1800,12.2200,11.8500,12.0100,-0.1300,-1.0700,65934.9300,79407.8100,10.1200,31.5100,0.6085,1.6713,0.8500,10.7480,10.9703,2.2826,1.4377,1.1481,109592.6265,108357.7719,39450.6721,1316207.4443,1301376.8405,5.8186,6.6112,6.5681
2022-09-16,11.9700,12.0200,11.6500,11.6600,-0.3500,-2.9100,58175.9700,68505.6050,9.8200,30.5900,0.5369,1.4747,0.9600,10.4347,10.6506,2.2160,1.3958,1.1146,109592.6265,108357.7719,39450.6721,1277850.0250,1263451.6204,5.9932,6.8096,6.6834
2022-09-19,11.6700,11.7000,11.3600,11.5100,-0.1500,-1.2900,54549.3600,62587.2830,9.7000,30.2000,0.5034,1.3827,0.9500,10.3005,10.5136,2.1875,1.3778,1.1003,109592.6265,108357.7719,39450.6721,1261411.1310,1247197.9546,6.0713,6.8984,6.8552
2022-09-20,11.6100,11.7000,11.5300,11.6700,0.1600,1.3900,33591.6100,39048.8870,9.8300,30.6200,0.3100,0.8515,0.5800,10.4437,10.6597,2.2179,1.3970,1.1156,109592.6265,108357.7719,39450.6721,1278945.9513,1264535.1981,5.9881,6.8038,6.8906
2022-09-21,11.6700,11.7200,11.4000,11.6500,-0.0200,-0.1700,34875.2500,40428.7770,9.8200,30.5600,0.3219,0.8840,0.6900,10.4258,10.6415,2.2141,1.3946,1.1137,109592.6265,108357.7719,39450.6721,1276754.0987,1262368.0426,5.9984,6.8155,6.8552
2022-09-22,11.6000,11.7700,11.5300,11.5700,-0.0800,-0.6900,43362.9600,50484.5600,9.7500,30.3500,0.4002,1.0992,0.8800,10.3542,10.5684,2.1989,1.3850,1.1060,109592.6265,108357.7719,39450.6721,1267986.6886,1253699.4209,6.0399,6.8626,6.8966
2022-09-23,11.5400,11.6800,11.4300,11.5300,-0.0400,-0.3500,39585.8600,45671.5550,9.7100,30.2500,0.3653,1.0034,0.8800,10.3184,10.5319,2.1913,1.3802,1.1022,109592.6265,108357.7719,39450.6721,1263602.9835,1249365.1100,6.0608,6.8864,6.9324
2022-09-26,11.4900,11.5900,11.2700,11.3500,-0.1800,-1.5600,46599.2500,53174.5920,9.5600,29.7800,0.4300,1.1812,1.1300,10.1573,10.3675,2.1571,1.3587,1.0850,109592.6265,108357.7719,39450.6721,1243876.3108,1229860.7111,6.1569,6.9956,6.9626
2022-09-27,11.3400,11.6400,11.2600,11.6100,0.2600,2.2900,55125.8400,63216.5630,9.7800,30.4600,0.5087,1.3973,1.3900,10.3900,10.6049,2.2065,1.3898,1.1099,109592.6265,108357.7719,39450.6721,1272370.3937,1258033.7318,6.0190,6.8390,7.0547
2022-09-28,11.7000,11.7600,11.5300,11.6100,0.0000,0.0000,48853.8700,56941.4220,9.7800,30.4600,0.4509,1.2384,1.1100,10.3900,10.6049,2.2065,1.3898,1.1099,109592.6265,108357.7719,39450.6721,1272370.3937,1258033.7318,6.0190,6.8390,6.8376
2022-09-29,11.6900,11.8500,11.4100,11.5300,-0.0800,-0.6900,52366.8300,61034.0560,9.7100,30.2500,0.4833,1.3274,1.1200,10.3184,10.5319,2.1913,1.3802,1.1022,109592.6265,108357.7719,39450.6721,1263602.9835,1249365.1100,6.0608,6.8864,6.8435
2022-09-30,11.5100,11.6400,11.4200,11.6000,0.0700,0.6100,39676.2700,45748.8430,9.7700,30.4300,0.3662,1.0057,0.8200,10.3810,10.5958,2.2046,1.3886,1.1089,109592.6265,108357.7719,39450.6721,1271274.4674,1256950.1540,6.0242,6.8449,6.9505
2022-10-10,11.6000,11.6400,11.1300,11.2100,-0.3900,-3.3600,46746.8800,53171.6880,9.4400,29.4100,0.4314,1.1849,0.9600,10.0320,10.2396,2.1305,1.3419,1.0716,109592.6265,108357.7719,39450.6721,1228533.3431,1214690.6230,6.2338,7.0830,6.8966
2022-10-11,11.2900,11.3400,11.1300,11.2400,0.0300,0.2700,23864.5900,26755.9080,9.4700,29.4900,0.2202,0.6049,0.4900,10.0589,10.2670,2.1362,1.3455,1.0745,109592.6265,108357.7719,39450.6721,1231821.1219,1217941.3562,6.2172,7.0641,7.0859
2022-10-12,11.1700,11.4200,11.0600,11.4200,0.1800,1.6000,41057.1700,46177.6160,9.6200,29.9600,0.3789,1.0407,0.9700,10.2200,10.4314,2.1704,1.3670,1.0917,109592.6265,108357.7719,39450.6721,1251547.7946,1237445.7551,6.1192,6.9528,7.1620
2022-10-13,11.3600,11.4900,11.2800,11.4200,0.0000,0.0000,37455.9000,42674.7350,9.6200,29.9600,0.3457,0.9494,0.9200,10.2200,10.4314,2.1704,1.3670,1.0917,109592.6265,108357.7719,39450.6721,1251547.7946,1237445.7551,6.1192,6.9528,7.0423
2022-10-14,11.4600,11.7100,11.4600,11.6900,0.2700,2.3600,50686.1300,58958.7140,9.8500,30.6700,0.4678,1.2848,1.3400,10.4616,10.6780,2.2217,1.3994,1.1175,109592.6265,108357.7719,39450.6721,1281137.8038,1266702.3535,5.9779,6.7922,6.9808
2022-10-17,11.6600,11.7800,11.6000,11.7300,0.0400,0.3400,47358.8000,55494.9510,9.8800,30.7700,0.4371,1.2005,1.1900,10.4974,10.7146,2.2293,1.4041,1.1213,109592.6265,108357.7719,39450.6721,1285521.5088,1271036.6644,5.9575,6.7690,6.8611
2022-10-18,11.7800,11.8000,11.6400,11.6700,-0.0600,-0.5100,41630.5400,48674.0590,9.8300,30.6200,0.3842,1.0553,1.0400,10.4437,10.6597,2.2179,1.3970,1.1156,109592.6265,108357.7719,39450.6721,1278945.9513,1264535.1981,5.9881,6.8038,6.7912
2022-10-19,11.6900,11.6900,11.3900,11.4100,-0.2600,-2.2300,42955.2100,49365.3860,9.6100,29.9300,0.3964,1.0888,0.9800,10.2110,10.4223,2.1685,1.3658,1.0907,109592.6265,108357.7719,39450.6721,1250451.8684,1236362.1774,6.1246,6.9588,6.8435
2022-10-20,11.3300,11.4400,11.1800,11.2200,-0.1900,-1.6700,45786.2200,51842.7520,9.4500,29.4300,0.4225,1.1606,1.0400,10.0410,10.2487,2.1324,1.3431,1.0726,109592.6265,108357.7719,39450.6721,1229629.2693,1215774.2007,6.2283,7.0767,7.0609
2022-10-21,11.2200,11.3500,11.1800,11.2100,-0.0100,-0.0900,30836.0000,34700.9660,9.4400,29.4100,0.2846,0.7816,0.6700,10.0320,10.2396,2.1305,1.3419,1.0716,109592.6265,108357.7719,39450.6721,1228533.3431,1214690.6230,6.2338,7.0830,7.1301
2022-10-24,11.2900,11.3700,10.9100,10.9600,-0.2500,-2.2300,58744.9100,65138.4890,9.2300,28.7500,0.5421,1.4891,1.4100,9.8083,10.0112,2.0830,1.3120,1.0477,109592.6265,108357.7719,39450.6721,1201135.1864,1187601.1800,6.3760,7.2446,7.0859
2022-10-25,10.9400,11.0400,10.7100,10.8900,-0.0700,-0.6400,50292.9800,54413.4590,9.1800,28.5700,0.4641,1.2748,1.1400,9.7457,9.9473,2.0697,1.3036,1.0410,109592.6265,108357.7719,39450.6721,1193463.7026,1180016.1360,6.4170,7.2911,7.3126
2022-10-26,10.9100,11.2700,10.9000,11.1900,0.3000,2.7500,44951.1200,50044.3900,9.4300,29.3600,0.4148,1.1394,0.9800,10.0141,10.2213,2.1267,1.3395,1.0697,109592.6265,108357.7719,39450.6721,1226341.4905,1212523.4676,6.2450,7.0957,7.3327
2022-10-27,11.2900,11.6000,11.2100,11.5500,0.3600,3.2200,69086.1000,79286.5130,9.7300,30.3000,0.6376,1.7512,1.5000,10.3363,10.5501,2.1951,1.3826,1.1041,109592.6265,108357.7719,39450.6721,1265794.8361,1251532.2654,6.0503,6.8745,7.0859
2022-10-28,11.4000,11.4800,10.9600,11.0500,-0.5000,-4.3300,81287.5200,90976.1420,9.3100,28.9900,0.7502,2.0605,1.6000,9.8888,10.5357,1.9854,1.3227,1.0423,109592.6265,108357.7719,39450.6721,1210998.5228,1197353.3795,6.3241,7.1856,7.0175
2022-10-31,10.9400,11.1900,10.8900,11.0700,0.0200,0.1800,50582.3000,55918.9300,9.3300,29.0400,0.4668,1.2822,0.8300,9.9067,10.5547,1.9890,1.3251,1.0442,109592.6265,108357.7719,39450.6721,1213190.3754,1199520.5349,6.3127,7.1726,7.3126
2022-11-01,11.1400,12.0400,11.1000,11.8900,0.8200,7.4100,121718.1200,141426.4870,10.0200,31.1900,1.1233,3.0853,2.0500,10.6406,11.3366,2.1364,1.4233,1.1215,109592.6265,108357.7719,39450.6721,1303056.3291,1288373.9079,5.8773,6.6779,7.1813
2022-11-02,11.8400,12.2900,11.7600,12.1600,0.2700,2.2700,97402.1500,117547.0190,10.2500,31.9000,0.8989,2.4690,1.3200,10.8822,11.5940,2.1849,1.4556,1.1470,109592.6265,108357.7719,39450.6721,1332646.3382,1317630.5063,5.7468,6.5296,6.7568
2022-11-03,12.0000,12.1100,11.8500,11.8600,-0.3000,-2.4700,47589.6700,56797.3320,9.9900,31.1100,0.4392,1.2063,0.5700,10.6137,11.3080,2.1310,1.4197,1.1187,109592.6265,108357.7719,39450.6721,1299768.5503,1285123.1747,5.8922,6.6948,6.6667
2022-11-04,11.9000,12.2500,11.8700,12.1000,0.2400,2.0200,71267.2200,85931.0990,10.1900,31.7400,0.6577,1.8065,0.8900,10.8285,11.5368,2.1741,1.4484,1.1413,109592.6265,108357.7719,39450.6721,1326070.7807,1311129.0400,5.7753,6.5620,6.7227
2022-11-07,12.1300,12.4000,12.0500,12.3600,0.2600,2.1500,69289.0800,84976.0910,10.4100,32.4300,0.6394,1.7563,0.8900,11.0612,11.7847,2.2208,1.4796,1.1659,109592.6265,108357.7719,39450.6721,1354564.8635,1339302.0607,5.6538,6.4240,6.5952
2022-11-08,12.4000,12.4100,12.2000,12.3000,-0.0600,-0.4900,50673.0000,62233.4420,10.3600,32.2700,0.4676,1.2845,0.6200,11.0075,11.7275,2.2100,1.4724,1.1602,109592.6265,108357.7719,39450.6721,1347989.3060,1332800.5944,5.6814,6.4553,6.4516
2022-11-09,12.3500,12.9100,12.3000,12.5200,0.2200,1.7900,83782.4700,105456.0950,10.5500,32.8400,0.7732,2.1237,1.2500,11.2044,11.9373,2.2496,1.4987,1.1810,109592.6265,108357.7719,39450.6721,1372099.6838,1356639.3042,5.5816,6.3419,6.4777
2022-11-10,12.4200,12.5500,11.8500,12.1900,-0.3300,-2.6400,140584.2400,170868.6470,10.2700,31.9800,1.2974,3.5635,2.1800,10.9090,11.6226,2.1903,1.4592,1.1498,109592.6265,108357.7719,39450.6721,1335934.1170,1320881.2395,5.7327,6.5136,6.4412
2022-11-11,12.5000,13.0000,12.4200,12.6800,0.4900,4.0200,152292.3900,193024.5050,10.6800,33.2600,1.4055,3.8603,1.8300,11.3476,12.0898,2.2783,1.5179,1.1961,109592.6265,108357.7719,39450.6721,1389634.5040,1373976.5477,5.5111,6.2619,6.4000
2022-11-14,12.6500,13.3400,12.6500,12.9100,0.2300,1.8100,116396.0000,151740.6660,10.8800,33.8700,1.0742,2.9504,1.1700,11.5534,12.3091,2.3196,1.5454,1.2178,109592.6265,108357.7719,39450.6721,1414840.8081,1398898.8352,5.4129,6.1503,6.3241
2022-11-15,12.8700,13.1200,12.7200,12.8900,-0.0200,-0.1500,101235.6400,130926.2830,10.8600,33.8200,0.9343,2.5661,0.9300,11.5355,12.2900,2.3160,1.5430,1.2159,109592.6265,108357.7719,39450.6721,1412648.9556,1396731.6798,5.4213,6.1598,6.2160
2022-11-16,12.9000,13.1600,12.7700,12.9900,0.1000,0.7800,67319.8500,87579.9530,10.9400,34.0800,0.6213,1.7064,0.5700,11.6250,12.3854,2.3340,1.5550,1.2253,109592.6265,108357.7719,39450.6721,1423608.2182,1407567.4570,5.3796,6.1124,6.2016
2022-11-17,12.9700,13.0900,12.9000,13.0800,0.0900,0.6900,44000.7500,57277.9830,11.0200,34.3100,0.4061,1.1153,0.3800,11.7055,12.4712,2.3502,1.5657,1.2338,109592.6265,108357.7719,39450.6721,1433471.5546,1417319.6565,5.3426,6.0704,6.1681
2022-11-18,13.0600,13.0900,12.9600,13.0000,-0.0800,-0.6100,41125.4400,53491.5850,10.9500,34.1000,0.3795,1.0425,0.4300,11.6339,12.3949,2.3358,1.5562,1.2262,109592.6265,108357.7719,39450.6721,1424704.1445,1408651.0347,5.3755,6.1077,6.1256
2022-11-21,12.8000,12.8600,12.4600,12.7500,-0.2500,-1.9200,49864.4400,63409.7080,10.7400,33.4500,0.4602,1.2640,0.6700,11.4102,12.1565,2.2909,1.5262,1.2027,109592.6265,108357.7719,39450.6721,1397305.9879,1381561.5917,5.4809,6.2275,6.2500
2022-11-22,12.7700,12.7900,12.5100,12.6000,-0.1500,-1.1800,30423.4400,38377.2510,10.6200,33.0500,0.2808,0.7712,0.5000,11.2760,12.0135,2.2639,1.5083,1.1885,109592.6265,108357.7719,39450.6721,1380867.0939,1365307.9259,5.5461,6.3016,6.2647
2022-11-23,12.6100,12.6600,12.4300,12.4900,-0.1100,-0.8700,28118.9500,35226.1580,10.5200,32.7700,0.2595,0.7128,0.6000,11.1775,11.9087,2.2442,1.4951,1.1781,109592.6265,108357.7719,39450.6721,1368811.9050,1353388.5710,5.5950,6.3571,6.3442
2022-11-24,12.5500,12.7600,12.4800,12.5700,0.0800,0.6400,31436.1000,39541.4800,10.5900,32.9800,0.2901,0.7968,0.8100,11.2491,11.9849,2.2585,1.5047,1.1857,109592.6265,108357.7719,39450.6721,1377579.3151,1362057.1928,5.5594,6.3167,6.3745
2022-11-25,12.5200,12.6200,12.3900,12.5500,-0.0200,-0.1600,46810.1500,58487.3570,10.5700,32.9200,0.4320,1.1865,1.2900,11.2312,11.9659,2.2549,1.5023,1.1838,109592.6265,108357.7719,39450.6721,1375387.4626,1359890.0373,5.5682,3.9466,6.3898
2022-11-28,12.3600,12.5900,12.2800,12.5800,0.0300,0.2400,42901.7800,53415.1660,10.6000,33.0000,0.3959,1.0875,1.1500,11.2581,11.9945,2.2603,1.5059,1.1866,109592.6265,108357.7719,39450.6721,1378675.2414,1363140.7705,5.5549,3.9372,6.4725
2022-11-29,12.5900,13.4800,12.5900,13.3400,0.7600,6.0400,105125.0800,138292.3130,11.2400,35.0000,0.9702,2.6647,2.9300,11.9382,12.7191,2.3969,1.5969,1.2583,109592.6265,108357.7719,39450.6721,1461965.6375,1445492.6771,5.2385,3.7129,6.3542
2022-11-30,13.3100,13.4400,13.1600,13.2100,-0.1300,-0.9700,42817.0000,56804.1100,11.1300,34.6600,0.3951,1.0853,0.8400,11.8219,12.5951,2.3735,1.5813,1.2461,109592.6265,108357.7719,39450.6721,1447718.5961,1431406.1668,5.2900,3.7494,6.0105
2022-12-01,13.6000,14.0000,13.5000,13.6800,0.4700,3.5600,120977.1500,166202.7130,11.5300,35.8900,1.1165,3.0665,2.2500,12.2425,13.0433,2.4580,1.6376,1.2904,109592.6265,108357.7719,39450.6721,1499227.1305,1482334.3196,5.1083,3.6206,5.8824
2022-12-02,13.6900,13.8000,13.4400,13.5300,-0.1500,-1.1000,40994.2100,55689.0270,11.4000,35.4900,0.3783,1.0391,0.5700,12.1082,12.9002,2.4310,1.6196,1.2762,109592.6265,108357.7719,39450.6721,1482788.2365,1466080.6538,5.1649,3.6608,5.8437
2022-12-05,13.6400,14.0500,13.6300,13.9100,0.3800,2.8100,89089.0600,123941.3350,11.7200,36.4900,0.8222,2.2582,1.2600,12.4483,13.2626,2.4993,1.6651,1.3121,109592.6265,108357.7719,39450.6721,1524433.4346,1507256.6071,5.0238,3.5608,5.8651
2022-12-06,13.9000,14.3000,13.8000,14.0000,0.0900,0.6500,74948.3400,105628.2340,11.8000,36.7300,0.6917,1.8998,0.9400,12.5288,13.3484,2.5155,1.6759,1.3206,109592.6265,108357.7719,39450.6721,1534296.7710,1517008.8066,4.9915,3.5379,5.7554
2022-12-07,14.0100,14.2600,13.9700,14.0900,0.0900,0.6400,75881.0100,106909.9090,11.8700,36.9600,0.7003,1.9234,1.0300,12.6094,13.4342,2.5317,1.6866,1.3291,109592.6265,108357.7719,39450.6721,1544160.1074,1526761.0061,4.9596,3.5153,5.7102
2022-12-08,14.0900,14.3600,14.0000,14.3200,0.2300,1.6300,95685.6500,135944.7260,12.0700,37.5700,0.8831,2.4255,1.1900,12.8152,13.6535,2.5730,1.7142,1.3508,109592.6265,108357.7719,39450.6721,1569366.4115,1551683.2936,4.8800,3.4588,5.6778
2022-12-09,14.3200,14.3200,13.9600,14.1400,-0.1800,-1.2600,64969.1700,91674.5980,11.9100,37.0900,0.5996,1.6468,0.8600,12.6541,13.4819,2.5406,1.6926,1.3338,109592.6265,108357.7719,39450.6721,1549639.7387,1532178.8947,4.9421,3.5028,5.5866
2022-12-12,14.1300,14.1300,13.8000,13.8900,-0.2500,-1.7700,66784.1500,92961.4850,11.7000,36.4400,0.6163,1.6929,0.8300,12.4304,13.2435,2.4957,1.6627,1.3102,109592.6265,108357.7719,39450.6721,1522241.5821,1505089.4517,5.0310,3.5659,5.6617
2022-12-13,13.9300,14.2800,13.8200,14.1100,0.2200,1.5800,53478.7500,75320.6000,11.8900,37.0200,0.4935,1.3556,0.7100,12.6273,13.4532,2.5352,1.6890,1.3309,109592.6265,108357.7719,39450.6721,1546351.9599,1528928.1615,4.9526,3.5103,5.7430
2022-12-14,14.1000,14.3400,14.0000,14.2100,0.1000,0.7100,54977.3900,78235.3370,11.9700,37.2800,0.5074,1.3936,0.7700,12.7168,13.5486,2.5532,1.7010,1.3404,109592.6265,108357.7719,39450.6721,1557311.2226,1539763.9387,4.9177,3.4856,5.6738
2022-12-15,14.1800,14.4400,14.0200,14.0700,-0.1400,-0.9900,40837.9600,57823.9210,11.8500,36.9100,0.3769,1.0352,0.6100,12.5915,13.4151,2.5281,1.6843,1.3272,109592.6265,108357.7719,39450.6721,1541968.2549,1524593.8506,4.9667,3.5203,5.6417
2022-12-16,14.0500,14.1900,13.8500,14.0900,0.0200,0.1400,42462.8500,59475.3770,11.8700,36.9600,0.3919,1.0764,0.7600,12.6094,13.4342,2.5317,1.6866,1.3291,109592.6265,108357.7719,39450.6721,1544160.1074,1526761.0061,4.9596,3.5153,5.6940
2022-12-19,14.2000,14.2000,13.8200,13.8800,-0.2100,-1.4900,40389.9000,56178.6290,11.6900,36.4100,0.3727,1.0238,0.7800,12.4215,13.2340,2.4939,1.6615,1.3092,109592.6265,108357.7719,39450.6721,1521145.6558,1504005.8740,5.0347,3.5685,5.6338
2022-12-20,13.8300,13.8700,13.5800,13.7000,-0.1800,-1.3000,45221.4500,62070.4810,11.5400,35.9400,0.4173,1.1463,0.9700,12.2604,13.0623,2.4616,1.6400,1.2923,109592.6265,108357.7719,39450.6721,1501418.9831,1484501.4750,5.1008,3.6153,5.7845
2022-12-21,13.8200,14.0800,13.6000,13.9200,0.2200,1.6100,57082.3700,79313.0530,11.7300,36.5200,0.5268,1.4469,1.2700,12.4572,13.2721,2.5011,1.6663,1.3130,109592.6265,108357.7719,39450.6721,1525529.3609,1508340.1848,5.0202,3.5582,5.7887
2022-12-22,13.9900,14.8000,13.8000,14.5900,0.6700,4.8100,112438.0300,163687.4930,12.2900,38.2800,1.0377,2.8501,2.4900,13.0568,13.9109,2.6215,1.7465,1.3762,109592.6265,108357.7719,39450.6721,1598956.4206,1580939.8920,4.7897,3.3948,5.7184
2022-12-23,14.5000,14.5800,14.1000,14.2000,-0.3900,-2.6700,56416.3800,80812.9230,11.9600,37.2500,0.5206,1.4300,0.9500,12.7078,13.5391,2.5514,1.6998,1.3394,109592.6265,108357.7719,39450.6721,1556215.2963,1538680.3610,4.9212,3.4880,5.5172
2022-12-26,14.1700,14.4400,13.9000,13.9300,-0.2700,-1.9000,51329.7200,72287.6990,11.7400,36.5400,0.4737,1.3011,0.8200,12.4662,13.2816,2.5029,1.6675,1.3140,109592.6265,108357.7719,39450.6721,1526625.2871,1509423.7626,5.0166,3.5556,5.6457
2022-12-27,14.0300,14.4600,13.9500,14.2600,0.3300,2.3700,59677.1500,84973.9750,12.0100,37.4100,0.5507,1.5127,0.9300,12.7615,13.5963,2.5622,1.7070,1.3451,109592.6265,108357.7719,39450.6721,1562790.8539,1545181.8273,4.9005,3.4734,5.7021
2022-12-28,14.3000,14.3400,14.0300,14.0800,-0.1800,-1.2600,40391.7700,57086.0090,11.8600,36.9400,0.3728,1.0239,0.6000,12.6004,13.4246,2.5299,1.6855,1.3281,109592.6265,108357.7719,39450.6721,1543064.1811,1525677.4284,4.9632,3.5178,5.5944
2022-12-29,14.0000,14.1900,13.7800,14.0300,-0.0500,-0.3600,47052.2800,65896.2020,11.8200,36.8100,0.4342,1.1927,0.7300,12.5557,13.3770,2.5209,1.6795,1.3234,109592.6265,108357.7719,39450.6721,1537584.5498,1520259.5398,4.9808,3.5303,5.7143
2022-12-30,14.0900,14.1100,13.8500,14.0300,0.0000,0.0000,44996.4400,62940.1770,11.8200,36.8100,0.4153,1.1406,0.8800,12.5557,13.3770,2.5209,1.6795,1.3234,109592.6265,108357.7719,39450.6721,1537584.5498,1520259.5398,4.9808,3.5303,5.6778
2023-01-03,14.0300,14.4700,13.9700,14.3700,0.3400,2.4200,75851.4100,108291.0770,12.1100,37.7000,0.7000,1.9227,1.5600,12.8600,13.7011,2.5820,1.7202,1.3555,109592.6265,108357.7719,39450.6721,1574846.0428,1557101.1822,3.4468,3.4468,4.2766
2023-01-04,14.3500,15.0600,14.1500,14.7800,0.4100,2.8500,123675.9800,183071.6690,12.4500,38.7700,1.1414,3.1350,2.3100,13.2269,14.0921,2.6556,1.7692,1.3941,109592.6265,108357.7719,39450.6721,1619779.0197,1601527.8687,3.3512,3.3512,4.1812
2023-01-05,14.7500,15.8300,14.7000,15.2800,0.5000,3.3800,148219.7000,227882.0250,12.8700,40.0900,1.3679,3.7571,2.2300,13.6743,14.5688,2.7455,1.8291,1.4413,109592.6265,108357.7719,39450.6721,1674575.3329,1655706.7546,3.2415,3.2415,4.0678
2023-01-06,15.0500,15.2000,14.7700,15.0000,-0.2800,-1.8300,74842.7700,111997.6390,12.6400,39.3500,0.6907,1.8971,0.8500,13.4238,14.3018,2.6952,1.7956,1.4149,109592.6265,108357.7719,39450.6721,1643889.3975,1625366.5785,3.3020,3.3020,3.9867
2023-01-09,14.9900,15.9300,14.9600,15.8400,0.8400,5.6000,197144.4000,307617.4450,13.3500,41.5500,1.8194,4.9972,2.1100,14.1755,15.1027,2.8461,1.8961,1.4941,109592.6265,108357.7719,39450.6721,1735947.2038,1716387.1069,3.1269,3.1269,4.0027
2023-01-10,15.8700,16.1900,15.7000,15.8700,0.0300,0.1900,124316.4900,198450.7780,13.3700,41.6300,1.1473,3.1512,1.0000,14.2023,15.1313,2.8515,1.8997,1.4970,109592.6265,108357.7719,39450.6721,1739234.9826,1719637.8401,3.1210,3.1210,3.7807
2023-01-11,15.8000,16.4600,15.4600,15.6000,-0.2700,-1.7000,104408.9600,164381.6850,13.1400,40.9300,0.9636,2.6466,0.7800,13.9607,14.8739,2.8030,1.8674,1.4715,109592.6265,108357.7719,39450.6721,1709644.9734,1690381.2416,3.1750,3.1750,3.7975
2023-01-12,15.6000,15.6300,15.0900,15.3600,-0.2400,-1.5400,88458.2500,135445.0160,12.9400,40.3000,0.8164,2.2422,0.6800,13.7459,14.6451,2.7598,1.8387,1.4489,109592.6265,108357.7719,39450.6721,1683342.7430,1664375.3764,3.2246,3.2246,3.8462
2023-01-13,15.3900,15.7200,15.3000,15.6900,0.3300,2.1500,62576.7400,97177.8650,13.2200,41.1600,0.5775,1.5862,0.5300,14.0413,14.9597,2.8191,1.8782,1.4800,109592.6265,108357.7719,39450.6721,1719508.3098,1700133.4411,3.1568,3.1568,3.8986
2023-01-16,15.7100,16.0000,15.5100,15.5800,-0.1100,-0.7000,92219.6100,144276.1070,13.1300,40.8700,0.8511,2.3376,0.8000,13.9428,14.8548,2.7994,1.8650,1.4696,109592.6265,108357.7719,39450.6721,1707453.1209,1688214.0862,3.1791,3.1791,3.8192
2023-01-17,15.5700,15.6900,15.2300,15.3500,-0.2300,-1.4800,65817.2000,101056.4370,12.9300,40.2700,0.6074,1.6683,0.7000,13.7370,14.6355,2.7580,1.8375,1.4479,109592.6265,108357.7719,39450.6721,1682246.8168,1663291.7987,3.2267,3.2267,3.8536
2023-01-18,15.3600,15.4800,15.0100,15.2700,-0.0800,-0.5200,66171.0000,100689.3480,12.8700,40.0600,0.6107,1.6773,0.8000,13.6654,14.5593,2.7437,1.8279,1.4404,109592.6265,108357.7719,39450.6721,1673479.4067,1654623.1769,3.2436,3.2436,3.9062
2023-01-19,15.2400,15.9700,15.0300,15.6000,0.3300,2.1600,117115.7100,182627.8420,13.1400,40.9300,1.0808,2.9687,1.5600,13.9607,14.8739,2.8030,1.8674,1.4715,109592.6265,108357.7719,39450.6721,1709644.9734,1690381.2416,3.1750,3.1750,3.9370
2023-01-20,15.6400,15.8200,15.4800,15.6800,0.0800,0.5100,65124.3500,102275.0430,13.2100,41.1300,0.6010,1.6508,0.8100,14.0323,14.9502,2.8173,1.8770,1.4790,109592.6265,108357.7719,39450.6721,1718412.3835,1699049.8634,3.1588,3.1588,3.8363
2023-01-30,16.1500,16.4000,15.7500,15.9500,0.2700,1.7200,145521.2800,233762.8230,13.4400,41.8400,1.3430,3.6887,1.7900,14.2739,15.2076,2.8659,1.9093,1.5045,109592.6265,108357.7719,39450.6721,1748002.3927,1728306.4618,3.1053,3.1053,3.7152
2023-01-31,15.9300,16.1200,15.3000,15.4400,-0.5100,-3.2000,95873.6300,149371.9870,13.0100,40.5100,0.8848,2.4302,1.0400,13.8175,14.7213,2.7742,1.8483,1.4564,109592.6265,108357.7719,39450.6721,1692110.1532,1673043.9981,3.2079,3.2079,3.7665
2023-02-01,15.4500,15.6600,15.2000,15.5300,0.0900,0.5800,86483.4200,133267.9210,13.0800,40.7400,0.7981,2.1922,0.8800,13.8981,14.8072,2.7904,1.8590,1.4649,109592.6265,108357.7719,39450.6721,1701973.4895,1682796.1976,3.1893,3.1893,3.8835
2023-02-02,15.5200,15.6400,15.2600,15.3200,-0.2100,-1.3500,75151.2000,115645.8390,12.9100,40.1900,0.6935,1.9049,0.7400,13.7101,14.6069,2.7527,1.8339,1.4451,109592.6265,108357.7719,39450.6721,1678959.0380,1660041.0655,3.2330,3.2330,3.8660
2023-02-03,15.2100,15.3000,14.6500,14.7600,-0.5600,-3.6600,120213.4800,178156.9290,12.4400,38.7200,1.1094,3.0472,1.2800,13.2090,14.0730,2.6520,1.7669,1.3923,109592.6265,108357.7719,39450.6721,1617587.1671,1599360.7132,3.3557,3.3557,3.9448
2023-02-06,14.6000,14.6400,14.1200,14.4300,-0.3300,-2.2400,114898.7700,164386.9710,12.1600,37.8600,1.0604,2.9125,1.1000,12.9137,13.7584,2.5927,1.7273,1.3611,109592.6265,108357.7719,39450.6721,1581421.6004,1563602.6485,3.4324,3.4324,4.1096
2023-02-07,14.6000,14.9500,14.3000,14.8800,0.4500,3.1200,102917.0400,151443.5520,12.5400,39.0400,0.9498,2.6088,1.0400,13.3164,14.1874,2.6736,1.7812,1.4036,109592.6265,108357.7719,39450.6721,1630738.2823,1612363.6459,3.3286,3.3286,4.1096
2023-02-08,14.8000,14.9000,14.5300,14.6600,-0.2200,-1.4800,50303.8900,74067.4650,12.3500,38.4600,0.4642,1.2751,0.5000,13.1195,13.9776,2.6341,1.7549,1.3828,109592.6265,108357.7719,39450.6721,1606627.9045,1588524.9361,3.3786,3.3786,4.0541
2023-02-09,14.6600,15.0200,14.5100,14.8500,0.1900,1.3000,81352.2900,120527.6770,12.5100,38.9600,0.7508,2.0621,0.8800,13.2895,14.1588,2.6682,1.7776,1.4007,109592.6265,108357.7719,39450.6721,1627450.5035,1609112.9127,3.3354,3.3354,4.0928
2023-02-10,14.8500,15.2400,14.6800,15.0400,0.1900,1.2800,63363.1500,95128.0890,12.6700,39.4600,0.5848,1.6061,0.6700,13.4596,14.3400,2.7023,1.8004,1.4187,109592.6265,108357.7719,39450.6721,1648273.1026,1629700.8894,3.2932,3.2932,4.0404
2023-02-13,15.1200,15.7400,15.0500,15.5900,0.5500,3.6600,112500.4900,174623.7270,13.1400,40.9000,1.0382,2.8517,1.3600,13.9518,14.8644,2.8012,1.8662,1.4705,109592.6265,108357.7719,39450.6721,1708549.0471,1689297.6639,3.1770,3.1770,3.9683
2023-02-14,15.6900,15.7600,15.4000,15.5600,-0.0300,-0.1900,57131.7500,88838.5220,13.1100,40.8200,0.5273,1.4482,0.7000,13.9249,14.8358,2.7958,1.8626,1.4677,109592.6265,108357.7719,39450.6721,1705261.2683,1686046.9308,3.1832,3.1832,3.8241
2023-02-15,15.5000,15.7500,15.2600,15.6900,0.1300,0.8400,77216.7900,120037.0080,13.2200,41.1600,0.7126,1.9573,1.0600,14.0413,14.9597,2.8191,1.8782,1.4800,109592.6265,108357.7719,39450.6721,1719508.3098,1700133.4411,3.1568,3.1568,3.8710
2023-02-16,15.5800,16.0000,15.3500,15.5400,-0.1500,-0.9600,74453.8300,117392.2450,13.0900,40.7700,0.6871,1.8873,0.9500,13.9070,14.8167,2.7922,1.8602,1.4658,109592.6265,108357.7719,39450.6721,1703069.4158,1683879.7753,3.1873,3.1873,3.8511
2023-02-17,15.5400,15.6600,15.1700,15.2300,-0.3100,-1.9900,79937.7400,123003.3630,12.8300,39.9500,0.7377,2.0263,1.0400,13.6296,14.5211,2.7365,1.8231,1.4366,109592.6265,108357.7719,39450.6721,1669095.7016,1650288.8660,3.2521,3.2521,3.8610
2023-02-20,15.2600,15.5400,15.1000,15.4500,0.2200,1.4400,68934.2500,106203.8670,13.0200,40.5300,0.6362,1.7474,0.8600,13.8265,14.7309,2.7760,1.8494,1.4573,109592.6265,108357.7719,39450.6721,1693206.0794,1674127.5759,3.2058,3.2058,3.9318
2023-02-21,15.4900,15.7700,15.3100,15.6000,0.1500,0.9700,71726.4300,111684.1120,13.1400,40.9300,0.6619,1.8181,1.0000,13.9607,14.8739,2.8030,1.8674,1.4715,109592.6265,108357.7719,39450.6721,1709644.9734,1690381.2416,3.1750,3.1750,3.8735
2023-02-22,15.4500,15.7800,15.3900,15.6400,0.0400,0.2600,58652.2800,91517.7990,13.1800,41.0300,0.5413,1.4867,0.7900,13.9965,14.9120,2.8102,1.8722,1.4753,109592.6265,108357.7719,39450.6721,1714028.6785,1694715.5525,3.1669,3.1669,3.8835
2023-02-23,15.6600,16.4500,15.6400,16.3000,0.6600,4.2200,168963.5600,273408.4350,13.7300,42.7600,1.5593,4.2829,2.3900,14.5872,15.5413,2.9287,1.9512,1.5375,109592.6265,108357.7719,39450.6721,1786359.8120,1766231.6820,3.0387,3.0387,3.8314
2023-02-24,16.3200,16.3900,15.9000,15.9800,-0.3200,-1.9600,98470.1200,157929.4100,13.4600,41.9200,0.9087,2.4960,1.1000,14.3008,15.2362,2.8712,1.9129,1.5073,109592.6265,108357.7719,39450.6721,1751290.1715,1731557.1950,3.0995,3.0995,3.6765
2023-02-27,16.0000,16.3100,15.8000,16.1200,0.1400,0.8800,82008.2500,131808.6130,13.5800,42.2900,0.7568,2.0788,0.8800,14.4261,15.3697,2.8964,1.9296,1.5205,109592.6265,108357.7719,39450.6721,1766633.1392,1746727.2830,3.0726,3.0726,3.7500
2023-02-28,16.1300,16.3800,16.0100,16.2900,0.1700,1.0500,91963.7000,149048.8710,13.7200,42.7400,0.8487,2.3311,0.9600,14.5782,15.5318,2.9269,1.9500,1.5366,109592.6265,108357.7719,39450.6721,1785263.8857,1765148.1043,3.0405,3.0405,3.7198
2023-03-01,16.3200,16.9700,16.1900,16.8800,0.5900,3.6200,142203.4300,238167.4600,14.2200,44.2800,1.3124,3.6046,1.4200,15.1062,16.0943,3.0330,2.0206,1.5922,109592.6265,108357.7719,39450.6721,1849923.5353,1829079.1897,2.9342,2.9342,3.6765
2023-03-02,16.8000,16.8400,16.5200,16.6200,-0.2600,-1.5400,54168.5000,90124.0270,14.0000,43.6000,0.4999,1.3731,0.4600,14.8735,15.8464,2.9862,1.9895,1.5677,109592.6265,108357.7719,39450.6721,1821429.4524,1800906.1690,2.9802,2.9802,3.5714
2023-03-03,16.6000,16.7000,16.4100,16.4500,-0.1700,-1.0200,46745.0600,77172.7440,13.8600,43.1500,0.4314,1.1849,0.5000,14.7214,15.6843,2.9557,1.9692,1.5517,109592.6265,108357.7719,39450.6721,1802798.7059,1782485.3478,3.0110,3.0110,3.6145
2023-03-06,16.4300,16.8700,16.2600,16.5300,0.0800,0.4900,65366.4400,108825.6030,13.9300,43.3600,0.6032,1.6569,0.7800,14.7930,15.7606,2.9701,1.9787,1.5592,109592.6265,108357.7719,39450.6721,1811566.1160,1791153.9695,2.9964,2.9964,3.6519
2023-03-07,16.6000,16.7500,16.2800,16.3000,-0.2300,-1.3900,50071.9200,82477.7840,13.7300,42.7600,0.4621,1.2692,0.6300,14.5872,15.5413,2.9287,1.9512,1.5375,109592.6265,108357.7719,39450.6721,1786359.8120,1766231.6820,3.0387,3.0387,3.6145
2023-03-08,16.2900,16.4000,16.1000,16.2700,-0.0300,-0.1800,69379.7000,112607.3180,13.7100,42.6800,0.6403,1.7586,0.9700,14.5603,15.5127,2.9233,1.9476,1.5347,109592.6265,108357.7719,39450.6721,1783072.0332,1762980.9488,3.0443,3.0443,3.6832
2023-03-09,16.2300,16.2700,15.9000,15.9500,-0.3200,-1.9700,53715.5700,86082.9110,13.4400,41.8400,0.4957,1.3616,0.9400,14.2739,15.2076,2.8659,1.9093,1.5045,109592.6265,108357.7719,39450.6721,1748002.3927,1728306.4618,3.1053,3.1053,3.6969
2023-03-10,15.8300,16.0000,15.5000,15.8900,-0.0600,-0.3800,123734.7700,195529.1770,13.3900,41.6900,1.1419,3.1364,2.1700,14.2202,15.1504,2.8551,1.9021,1.4988,109592.6265,108357.7719,39450.6721,1741426.8351,1721804.9955,3.1171,3.1171,3.7903
2023-03-13,15.8900,16.6100,15.8900,16.5500,0.6600,4.1500,79702.0200,130252.1200,13.9400,43.4200,0.7355,2.0203,1.1000,14.8109,15.7797,2.9737,1.9811,1.5611,109592.6265,108357.7719,39450.6721,1813757.9686,1793321.1249,2.9928,2.9928,3.7760
2023-03-14,16.4800,16.9000,15.6000,15.6500,-0.9000,-5.4400,99083.4400,158682.1010,13.1900,41.0600,0.9144,2.5116,1.3200,14.0055,14.9216,2.8119,1.8734,1.4762,109592.6265,108357.7719,39450.6721,1715124.6047,1695799.1302,3.1649,3.1649,3.6408
2023-03-15,15.8000,15.9500,15.6200,15.8200,0.1700,1.0900,37242.9300,58757.0160,13.3300,41.5000,0.3437,0.9440,0.4400,14.1576,15.0837,2.8425,1.8937,1.4922,109592.6265,108357.7719,39450.6721,1733755.3512,1714219.9515,3.1309,3.1309,3.7975
2023-03-16,15.6500,16.0600,15.6100,15.8800,0.0600,0.3800,46427.6600,73669.4600,13.3800,41.6600,0.4285,1.1769,0.5900,14.2113,15.1409,2.8533,1.9009,1.4979,109592.6265,108357.7719,39450.6721,1740330.9088,1720721.4178,3.1190,3.1190,3.8339
2023-03-17,15.9400,16.3000,15.6000,15.8100,-0.0700,-0.4400,67991.3300,108146.8370,13.3200,41.4800,0.6275,1.7235,0.8800,14.1486,15.0741,2.8407,1.8925,1.4913,109592.6265,108357.7719,39450.6721,1732659.4250,1713136.3737,3.1328,3.1328,3.7641
2023-03-20,15.8000,16.1400,15.6200,15.7700,-0.0400,-0.2500,54956.9100,87082.9270,13.2900,41.3700,0.5072,1.3931,0.8300,14.1128,15.0360,2.8335,1.8878,1.4875,109592.6265,108357.7719,39450.6721,1728275.7199,1708802.0629,3.1408,3.1408,3.7975
2023-03-21,15.7400,16.2600,15.5000,16.2300,0.4600,2.9200,61022.4000,98028.0310,13.6700,42.5800,0.5632,1.5468,1.0000,14.5245,15.4746,2.9162,1.9428,1.5309,109592.6265,108357.7719,39450.6721,1778688.3281,1758646.6379,3.0518,3.0518,3.8119
2023-03-22,16.2100,16.5200,16.0900,16.1000,-0.1300,-0.8000,51857.9400,84215.9340,13.5600,42.2400,0.4786,1.3145,0.9700,14.4082,15.3506,2.8928,1.9273,1.5187,109592.6265,108357.7719,39450.6721,1764441.2867,1744560.1276,3.0764,3.0764,3.7014
2023-03-23,16.1600,16.2100,15.7000,15.7900,-0.3100,-1.9300,41689.1800,66035.8990,13.3000,41.4200,0.3847,1.0567,0.7400,14.1307,15.0551,2.8371,1.8901,1.4894,109592.6265,108357.7719,39450.6721,1730467.5724,1710969.2183,3.1368,3.1368,3.7129
2023-03-24,15.8200,16.0000,15.6100,15.6200,-0.1700,-1.0800,41310.6600,64976.6230,13.1600,40.9800,0.3812,1.0471,0.7400,13.9786,14.8930,2.8066,1.8698,1.4734,109592.6265,108357.7719,39450.6721,1711836.8259,1692548.3971,3.1709,3.1709,3.7927
2023-03-27,15.5800,15.5800,15.1000,15.1500,-0.4700,-3.0100,81513.6600,124270.7440,12.7600,39.7400,0.7523,2.0662,1.6200,13.5580,14.4448,2.7221,1.8135,1.4290,109592.6265,108357.7719,39450.6721,1660328.2915,1641620.2443,3.2693,3.2693,3.8511
2023-03-28,15.2100,15.5000,15.1400,15.3800,0.2300,1.5200,49591.9500,76052.4160,12.9600,40.3500,0.4577,1.2571,0.8900,13.7638,14.6641,2.7634,1.8411,1.4507,109592.6265,108357.7719,39450.6721,1685534.5956,1666542.5318,3.2204,3.2204,3.9448
2023-03-29,15.3800,15.6300,15.2600,15.4500,0.0700,0.4600,39407.7500,61033.1690,13.0200,40.5300,0.3637,0.9989,0.7400,13.8265,14.7309,2.7760,1.8494,1.4573,109592.6265,108357.7719,39450.6721,1693206.0794,1674127.5759,3.2058,3.2058,3.9012
2023-03-30,15.4500,15.6800,15.3500,15.5800,0.1300,0.8400,48354.5600,75113.6870,13.1300,40.8700,0.4462,1.2257,0.9500,13.9428,14.8548,2.7994,1.8650,1.4696,109592.6265,108357.7719,39450.6721,1707453.1209,1688214.0862,3.1791,3.1791,3.8835
2023-03-31,15.5200,15.9700,15.5200,15.8400,0.2600,1.6700,40700.3000,64482.2650,13.3500,41.5500,0.3756,1.0317,0.7800,14.1755,15.1027,2.8461,1.8961,1.4941,109592.6265,108357.7719,39450.6721,1735947.2038,1716387.1069,3.1269,3.1269,3.8660
2023-04-03,15.8400,15.9000,15.6200,15.6600,-0.1800,-1.1400,40460.8800,63732.0650,13.1900,41.0800,0.3734,1.0256,0.7800,14.0144,14.9311,2.8137,1.8746,1.4771,109592.6265,108357.7719,39450.6721,1716220.5310,1696882.7080,3.1628,3.1628,3.7879
2023-04-04,15.7600,15.7600,14.6200,15.1100,-0.5500,-3.5100,132472.5800,199351.8170,12.7300,39.6400,1.2225,3.3579,3.0300,13.5222,14.4067,2.7149,1.8087,1.4253,109592.6265,108357.7719,39450.6721,1655944.5864,1637285.9334,3.2780,3.2780,3.8071
2023-04-06,15.1100,15.3200,14.9200,15.0300,-0.0800,-0.5300,48013.8500,72344.5880,12.6600,39.4300,0.4431,1.2171,0.8000,13.4506,14.3304,2.7005,1.7992,1.4177,109592.6265,108357.7719,39450.6721,1647177.1763,1628617.3117,3.2954,3.2954,3.9709
2023-04-07,15.0300,16.2100,14.9800,16.0900,1.0600,7.0500,130819.8700,206456.6590,13.5600,42.2100,1.2073,3.3160,2.1100,14.3992,15.3411,2.8910,1.9261,1.5177,109592.6265,108357.7719,39450.6721,1763345.3604,1743476.5499,3.0783,3.0783,3.9920
2023-04-10,16.0700,16.5900,15.9100,16.0000,-0.0900,-0.5600,80825.6200,130979.3620,13.4800,41.9700,0.7459,2.0488,1.0300,14.3187,15.2553,2.8748,1.9153,1.5092,109592.6265,108357.7719,39450.6721,1753482.0240,1733724.3504,3.0956,3.0956,3.7337
2023-04-11,15.9200,16.3000,15.9000,16.2100,0.2100,1.3100,51352.2400,82892.3140,13.6600,42.5300,0.4739,1.3017,0.5900,14.5066,15.4555,2.9126,1.9404,1.5290,109592.6265,108357.7719,39450.6721,1776496.4756,1756479.4825,3.0555,3.0555,3.7688
2023-04-12,16.2000,16.5800,15.9800,16.1800,-0.0300,-0.1900,68432.5000,112000.0660,13.6300,42.4500,0.6315,1.7346,0.7700,14.4798,15.4269,2.9072,1.9368,1.5262,109592.6265,108357.7719,39450.6721,1773208.6968,1753228.7493,3.0612,3.0612,3.7037
2023-04-13,16.1800,16.2900,15.7800,15.9700,-0.2100,-1.3000,41416.1200,66196.2130,13.4600,41.9000,0.3822,1.0498,0.5500,14.2918,15.2267,2.8694,1.9117,1.5064,109592.6265,108357.7719,39450.6721,1750194.2452,1730473.6172,3.1014,3.1014,3.7083
2023-04-14,16.0900,16.2300,15.7800,15.8200,-0.1500,-0.9400,41974.5000,66993.6440,13.3300,41.5000,0.3874,1.0640,0.5600,14.1576,15.0837,2.8425,1.8937,1.4922,109592.6265,108357.7719,39450.6721,1733755.3512,1714219.9515,3.1309,3.1309,3.7290
2023-04-17,15.7000,15.7300,15.4000,15.4800,-0.3400,-2.1500,79997.6800,124255.1310,13.0400,40.6100,0.7383,2.0278,1.4100,13.8533,14.7595,2.7814,1.8530,1.4602,109592.6265,108357.7719,39450.6721,1696493.8582,1677378.3090,3.1996,3.1996,3.8217
2023-04-18,15.5900,16.4600,15.3500,16.2500,0.7700,4.9700,100372.1300,162023.1870,13.6900,42.6300,0.9263,2.5442,1.7700,14.5424,15.4936,2.9198,1.9452,1.5328,109592.6265,108357.7719,39450.6721,1780880.1806,1760813.7934,3.0480,3.0480,3.8486
2023-04-19,16.3400,16.6100,16.0700,16.1200,-0.1300,-0.8000,67080.8900,108837.1550,13.5800,42.2900,0.6191,1.7004,1.0100,14.4261,15.3697,2.8964,1.9296,1.5205,109592.6265,108357.7719,39450.6721,1766633.1392,1746727.2830,3.0726,3.0726,3.6720
2023-04-20,16.1200,16.5600,16.0300,16.4100,0.2900,1.8000,59199.2500,96565.0290,13.8300,43.0500,0.5463,1.5006,0.8900,14.6856,15.6462,2.9485,1.9644,1.5479,109592.6265,108357.7719,39450.6721,1798415.0009,1778151.0369,3.0183,3.0183,3.7221
2023-04-21,16.4500,16.6400,15.8500,15.9000,-0.5100,-3.1100,66828.6600,108374.7050,13.4000,41.7100,0.6167,1.6940,0.9600,14.2292,15.1599,2.8569,1.9033,1.4998,109592.6265,108357.7719,39450.6721,1742522.7614,1722888.5732,3.1151,3.1151,3.6474
2023-04-24,15.9600,16.1700,15.4200,15.5000,-0.4000,-2.5200,54886.7500,86090.4100,13.0600,40.6600,0.5065,1.3913,0.7300,13.8712,14.7786,2.7850,1.8554,1.4621,109592.6265,108357.7719,39450.6721,1698685.7108,1679545.4645,3.1955,3.1955,3.7594
2023-04-25,15.6500,15.8800,15.0800,15.3800,-0.1200,-0.7700,46012.2500,70891.7730,12.9600,40.3500,0.4246,1.1663,0.6600,13.7638,14.6641,2.7634,1.8411,1.4507,109592.6265,108357.7719,39450.6721,1685534.5956,1666542.5318,3.2204,3.2204,3.8339
2023-04-26,15.4500,15.4500,14.8800,15.0400,-0.3400,-2.2100,104225.5800,156733.4410,12.6700,39.4600,0.9619,2.6419,1.7700,13.4596,14.3400,2.7023,1.8004,1.4187,109592.6265,108357.7719,39450.6721,1648273.1026,1629700.8894,3.2932,3.2932,3.8835
2023-04-27,15.0100,16.2500,15.0000,16.1300,1.0900,7.2500,143297.7100,226008.8100,13.5900,42.3200,1.3224,3.6323,2.1600,14.4350,15.3792,2.8982,1.9308,1.5215,109592.6265,108357.7719,39450.6721,1767729.0654,1747810.8607,3.0707,3.0707,3.9973
2023-04-28,16.1200,17.1000,16.1200,16.9200,0.7900,4.9000,162928.2900,273132.2740,14.2600,44.3900,1.5036,4.1299,1.9600,15.1420,16.1325,3.0401,2.0254,1.5960,109592.6265,108357.7719,39450.6721,1854307.2404,1833413.5005,2.9273,2.9273,3.7221
2023-05-04,17.5100,18.5800,17.5100,18.0500,1.1300,6.6800,335076.7900,609367.9150,15.2100,47.3500,3.0923,8.4936,3.2800,18.1382,16.9632,3.0872,1.7792,1.5843,109592.6265,108357.7719,39450.6721,1978146.9083,1955857.7828,2.7441,2.7441,3.4266
2023-05-05,18.2700,18.3500,17.4000,17.8700,-0.1800,-1.0000,158815.8200,283136.1900,15.0600,46.8800,1.4657,4.0257,1.0000,17.9573,16.7941,3.0564,1.7615,1.5685,109592.6265,108357.7719,39450.6721,1958420.2356,1936353.3839,2.7717,2.7717,3.2841
2023-05-08,17.8500,18.1500,17.5800,17.6300,-0.2400,-1.3400,97599.7500,174170.0850,14.8500,46.2500,0.9007,2.4740,0.5400,17.7161,16.5685,3.0153,1.7378,1.5475,109592.6265,108357.7719,39450.6721,1932118.0052,1910347.5186,2.8094,2.8094,3.3613
2023-05-09,17.8000,17.8000,16.9000,16.9900,-0.6400,-3.6300,100144.2600,173048.0820,14.3100,44.5700,0.9242,2.5385,0.5600,17.0730,15.9670,2.9059,1.6747,1.4913,109592.6265,108357.7719,39450.6721,1861978.7242,1840998.5446,2.9153,2.9153,3.3708
2023-05-10,16.9600,17.2000,16.8000,16.8600,-0.1300,-0.7700,69672.0000,118168.0740,14.2100,44.2300,0.6430,1.7661,0.4100,16.9424,15.8449,2.8836,1.6619,1.4799,109592.6265,108357.7719,39450.6721,1847731.6828,1826912.0342,2.9377,2.9377,3.5377
2023-05-11,16.8600,17.0600,16.6800,16.9000,0.0400,0.2400,70388.9500,118490.9650,14.2400,44.3400,0.6496,1.7842,0.4600,16.9826,15.8825,2.8905,1.6659,1.4834,109592.6265,108357.7719,39450.6721,1852115.3879,1831246.3451,2.9308,2.9308,3.5587
2023-05-12,16.8800,17.2400,16.6900,16.9500,0.0500,0.3000,66272.7000,112684.5550,14.2800,44.4700,0.6116,1.6799,0.6700,17.0328,15.9295,2.8990,1.6708,1.4878,109592.6265,108357.7719,39450.6721,1857595.0192,1836664.2337,2.9221,2.9221,3.5545
2023-05-15,16.9500,17.1700,16.4100,16.6900,-0.2600,-1.5300,66011.5400,109913.3790,14.0600,43.7800,0.6092,1.6733,0.8200,16.7715,15.6851,2.8546,1.6452,1.4650,109592.6265,108357.7719,39450.6721,1829100.9363,1808491.2130,2.9677,2.9677,3.5398
2023-05-16,16.7600,17.1000,16.6700,16.7800,0.0900,0.5400,77337.9000,130682.4090,14.1400,44.0200,0.7137,1.9604,1.0400,16.8620,15.7697,2.8700,1.6540,1.4729,109592.6265,108357.7719,39450.6721,1838964.2727,1818243.4125,2.9517,2.9517,3.5800
2023-05-17,16.7300,16.8400,16.3500,16.4800,-0.3000,-1.7900,64476.6100,106664.8620,13.8800,43.2300,0.5950,1.6344,0.9200,16.5605,15.4878,2.8186,1.6245,1.4465,109592.6265,108357.7719,39450.6721,1806086.4847,1785736.0809,3.0055,3.0055,3.5864
2023-05-18,16.6100,17.0000,16.5800,16.7200,0.2400,1.4600,58815.0000,98701.4110,14.0900,43.8600,0.5428,1.4908,0.8500,16.8017,15.7133,2.8597,1.6481,1.4676,109592.6265,108357.7719,39450.6721,1832388.7151,1811741.9462,2.9623,2.9623,3.6123
2023-05-19,16.7900,16.8300,16.4300,16.5000,-0.2200,-1.3200,40577.8500,67160.9330,13.9000,43.2900,0.3745,1.0286,0.6100,16.5806,15.5065,2.8221,1.6264,1.4483,109592.6265,108357.7719,39450.6721,1808278.3373,1787903.2364,3.0018,3.0018,3.5736
2023-05-22,16.5500,17.4200,16.5500,17.4000,0.9000,5.4500,117403.2800,201546.8480,14.6600,45.6500,1.0835,2.9760,1.9100,17.4850,16.3524,2.9760,1.7151,1.5273,109592.6265,108357.7719,39450.6721,1906911.7011,1885425.2311,2.8466,2.8466,3.6254
2023-05-23,17.2300,17.7400,17.1500,17.2000,-0.2000,-1.1500,76361.8300,133313.7910,14.4900,45.1200,0.7047,1.9356,1.0600,17.2840,16.1644,2.9418,1.6954,1.5097,109592.6265,108357.7719,39450.6721,1884993.1758,1863753.6767,2.8797,2.8797,3.4823
2023-05-24,17.2000,17.9500,16.9800,17.5700,0.3700,2.1500,116119.6500,204319.3580,14.8000,46.0900,1.0716,2.9434,1.6200,17.6558,16.5121,3.0051,1.7319,1.5422,109592.6265,108357.7719,39450.6721,1925542.4476,1903846.0523,2.8190,2.8190,3.4884
2023-05-25,17.3900,17.4300,16.8100,17.0000,-0.5700,-3.2400,88889.5100,151389.7500,14.3200,44.6000,0.8203,2.2532,1.0900,17.0831,15.9764,2.9076,1.6757,1.4922,109592.6265,108357.7719,39450.6721,1863074.6505,1842082.1223,2.9135,2.9135,3.4503
2023-05-26,16.8900,17.1000,16.4000,16.9400,-0.0600,-0.3500,53931.9900,90383.7430,14.2700,44.4400,0.4977,1.3671,0.6100,17.0228,15.9201,2.8973,1.6698,1.4869,109592.6265,108357.7719,39450.6721,1856499.0929,1835580.6560,2.9239,2.9239,3.5524
2023-05-29,16.9500,17.4000,16.8600,17.3000,0.3600,2.1300,76765.9200,131859.9680,14.5800,45.3800,0.7084,1.9459,0.8500,17.3845,16.2584,2.9589,1.7053,1.5185,109592.6265,108357.7719,39450.6721,1895952.4385,1874589.4539,2.8630,2.8630,3.5398
2023-05-30,17.2900,17.5600,16.9000,17.1500,-0.1500,-0.8700,119919.7500,206477.1080,14.4500,44.9900,1.1067,3.0397,1.4600,17.2338,16.1174,2.9332,1.6905,1.5054,109592.6265,108357.7719,39450.6721,1879513.5445,1858335.7881,2.8881,2.8881,3.4702
2023-05-31,17.1100,17.2000,16.7500,16.8900,-0.2600,-1.5200,85560.8200,144888.1940,14.2300,44.3100,0.7896,2.1688,0.9400,16.9725,15.8731,2.8888,1.6649,1.4825,109592.6265,108357.7719,39450.6721,1851019.4616,1830162.7674,2.9325,2.9325,3.5067
2023-06-01,17.1000,17.3400,16.8100,16.9900,0.1000,0.5900,96191.8700,164584.7590,14.3200,44.5800,0.8877,2.4383,1.1300,17.0730,15.9670,2.9059,1.6747,1.4913,109592.6265,108357.7719,39450.6721,1861978.7242,1840998.5446,2.9153,2.9153,3.5088
2023-06-02,17.0700,17.2900,16.7100,17.0000,0.0100,0.0600,55586.5000,94179.9970,14.3300,44.6100,0.5130,1.4090,0.6400,17.0831,15.9764,2.9076,1.6757,1.4922,109592.6265,108357.7719,39450.6721,1863074.6505,1842082.1223,2.9135,2.9135,3.5149
2023-06-05,16.5000,16.5400,16.0500,16.2800,-0.7200,-4.2400,66291.7900,107621.3330,14.2100,44.2500,0.6118,1.6804,0.7600,16.3595,15.2998,3.0995,1.6047,1.4290,109592.6265,108357.7719,39450.6721,1784167.9594,1764064.5265,3.0424,6.6927,3.6364
2023-06-06,16.3400,16.5200,16.1000,16.2500,-0.0300,-0.1800,65849.5300,107377.1070,14.1800,44.1700,0.6077,1.6692,0.7800,16.3294,15.2716,3.0938,1.6018,1.4264,109592.6265,108357.7719,39450.6721,1780880.1806,1760813.7934,3.0480,6.7051,3.6720
2023-06-07,16.2500,16.5900,16.1000,16.4500,0.2000,1.2300,59905.1200,98425.0350,14.3600,44.7100,0.5528,1.5185,0.8100,16.5304,15.4596,3.1318,1.6215,1.4439,109592.6265,108357.7719,39450.6721,1802798.7059,1782485.3478,3.0110,3.6126,3.6923
2023-06-08,16.4500,16.5500,16.2000,16.2700,-0.1800,-1.0900,31882.1600,52038.9340,14.2000,44.2200,0.2942,0.8082,0.4600,16.3495,15.2904,3.0976,1.6038,1.4281,109592.6265,108357.7719,39450.6721,1783072.0332,1762980.9488,3.0443,3.6526,3.6474
2023-06-09,16.2200,16.7000,16.2200,16.6200,0.3500,2.1500,69499.7000,115071.9110,14.5100,45.1700,0.6414,1.7617,1.2400,16.7012,15.6193,3.1642,1.6383,1.4588,109592.6265,108357.7719,39450.6721,1821429.4524,1800906.1690,2.9802,3.5757,3.6991
2023-06-12,16.6200,17.5000,16.4900,17.3400,0.7200,4.3300,93531.5600,160292.0210,15.1400,47.1300,0.8632,2.3708,1.5900,17.4247,16.2960,3.3013,1.7092,1.5220,109592.6265,108357.7719,39450.6721,1900336.1435,1878923.7647,2.8564,3.4272,3.6101
2023-06-13,17.4200,17.5800,16.9500,17.1200,-0.2200,-1.2700,66724.8100,114797.0240,14.9400,46.5300,0.6158,1.6913,1.0400,17.2036,16.0892,3.2594,1.6875,1.5027,109592.6265,108357.7719,39450.6721,1876225.7657,1855085.0549,2.8931,3.4712,3.4443
2023-06-14,17.0700,17.5500,16.9700,17.3600,0.2400,1.4000,69390.0800,119975.1850,15.1500,47.1800,0.6404,1.7589,1.0800,17.4448,16.3148,3.3051,1.7112,1.5238,109592.6265,108357.7719,39450.6721,1902527.9960,1881090.9202,2.8531,3.4233,3.5149
2023-06-15,17.3500,17.4100,17.1500,17.2500,-0.1100,-0.6300,54609.5700,94378.5920,15.0600,46.8900,0.5040,1.3842,0.8200,17.3343,16.2114,3.2841,1.7004,1.5141,109592.6265,108357.7719,39450.6721,1890472.8071,1869171.5653,2.8713,3.4451,3.4582
2023-06-16,17.2800,17.4800,17.2300,17.2400,-0.0100,-0.0600,45738.6200,79373.7860,15.0500,46.8600,0.4221,1.1594,0.6500,17.3242,16.2020,3.2822,1.6994,1.5133,109592.6265,108357.7719,39450.6721,1889376.8809,1868087.9876,2.8730,3.4471,3.4722
2023-06-19,17.4500,17.4500,17.1100,17.2300,-0.0100,-0.0600,48179.6600,83110.6910,15.0400,46.8300,0.4446,1.2213,0.7300,17.3142,16.1926,3.2803,1.6984,1.5124,109592.6265,108357.7719,39450.6721,1888280.9546,1867004.4098,2.8746,3.4491,3.4384
2023-06-20,17.1800,17.8800,17.0500,17.2800,0.0500,0.2900,87441.7500,153072.6640,15.0800,46.9700,0.8070,2.2165,1.5400,17.3644,16.2396,3.2899,1.7033,1.5168,109592.6265,108357.7719,39450.6721,1893760.5859,1872422.2984,2.8663,3.4391,3.4924
2023-06-21,17.3000,17.4900,16.7300,16.8100,-0.4700,-2.7200,67914.2700,115113.7930,14.6700,45.6900,0.6268,1.7215,1.1100,16.8921,15.7979,3.2004,1.6570,1.4755,109592.6265,108357.7719,39450.6721,1842252.0515,1821494.1456,2.9465,3.5353,3.4682
2023-06-26,16.7000,16.8300,16.5000,16.6500,-0.1600,-0.9500,48773.6100,81302.6370,14.5300,45.2500,0.4501,1.2363,0.8000,16.7313,15.6475,3.1699,1.6412,1.4615,109592.6265,108357.7719,39450.6721,1824717.2312,1804156.9021,2.9748,3.5692,3.5928
2023-06-27,16.5800,17.5700,16.5100,17.5000,0.8500,5.1100,86088.5500,148930.5710,15.2800,47.5600,0.7945,2.1822,1.4400,17.5855,16.4463,3.3317,1.7250,1.5361,109592.6265,108357.7719,39450.6721,1917870.9638,1896261.0083,2.8303,3.3959,3.6188
2023-06-28,17.5000,18.3100,17.4000,18.0500,0.5500,3.1400,92079.3300,164850.4720,15.7600,49.0600,0.8498,2.3340,1.3600,18.1382,16.9632,3.4365,1.7792,1.5843,109592.6265,108357.7719,39450.6721,1978146.9083,1955857.7828,2.7441,3.2924,3.4286
2023-06-29,18.2000,18.3100,17.6500,18.2100,0.1600,0.8900,69473.7900,125568.4590,15.9000,49.4900,0.6412,1.7610,0.9100,18.2990,17.1136,3.4669,1.7950,1.5984,109592.6265,108357.7719,39450.6721,1995681.7286,1973195.0263,2.7199,3.2635,3.2967
2023-06-30,18.2200,18.3000,17.7700,17.7800,-0.4300,-2.3600,42036.3000,75469.5830,15.5200,48.3300,0.3879,1.0655,0.5800,17.8669,16.7095,3.3851,1.7526,1.5606,109592.6265,108357.7719,39450.6721,1948556.8992,1926601.1844,2.7857,3.3424,3.2931
2023-07-03,17.8000,17.9300,17.2800,17.5800,-0.2000,-1.1200,59095.9400,103408.4590,15.3500,47.7800,0.5454,1.4980,0.8700,17.6659,16.5215,3.3470,1.7329,1.5431,109592.6265,108357.7719,39450.6721,1926638.3739,1904929.6300,2.8174,3.3804,3.3708
2023-07-04,17.5400,17.6000,17.0800,17.3400,-0.2400,-1.3700,64855.9600,112369.5930,15.1400,47.1300,0.5985,1.6440,0.9300,17.4247,16.2960,3.3013,1.7092,1.5220,109592.6265,108357.7719,39450.6721,1900336.1435,1878923.7647,2.8564,3.4272,3.4208
2023-07-05,17.3500,17.4900,17.1200,17.1500,-0.1900,-1.1000,34765.1800,59868.4170,14.9700,46.6100,0.3208,0.8812,0.5300,17.2338,16.1174,3.2651,1.6905,1.5054,109592.6265,108357.7719,39450.6721,1879513.5445,1858335.7881,2.8881,3.4652,3.4582
2023-07-06,17.1300,17.1700,16.5800,16.6400,-0.5100,-2.9700,65893.1500,110710.5350,14.5300,45.2300,0.6081,1.6703,1.2200,16.7213,15.6381,3.1680,1.6402,1.4606,109592.6265,108357.7719,39450.6721,1823621.3050,1803073.3244,2.9766,3.5714,3.5026
2023-07-07,16.6000,16.8300,16.5100,16.6900,0.0500,0.3000,46150.9900,76931.1740,14.5700,45.3600,0.4259,1.1698,0.8700,16.7715,15.6851,3.1775,1.6452,1.4650,109592.6265,108357.7719,39450.6721,1829100.9363,1808491.2130,2.9677,3.5607,3.6145
2023-07-10,16.8500,16.9800,16.5000,16.8500,0.1600,0.9600,43948.9200,73658.0940,14.7100,45.8000,0.4056,1.1140,0.8100,16.9323,15.8355,3.2080,1.6609,1.4790,109592.6265,108357.7719,39450.6721,1846635.7565,1825828.4565,2.9395,3.5269,3.5608
2023-07-11,16.8500,17.1900,16.7000,17.1400,0.2900,1.7200,39424.1500,67098.5020,14.9600,46.5900,0.3638,0.9993,0.7700,17.2237,16.1080,3.2632,1.6895,1.5045,109592.6265,108357.7719,39450.6721,1878417.6182,1857252.2104,2.8897,3.4672,3.5608
2023-07-12,17.1500,17.2600,16.8500,16.9400,-0.2000,-1.1700,48979.2400,83300.5480,14.7900,46.0400,0.4520,1.2415,1.0600,17.0228,15.9201,3.2251,1.6698,1.4869,109592.6265,108357.7719,39450.6721,1856499.0929,1835580.6560,2.9239,3.5081,3.4985
2023-07-13,16.9000,17.1300,16.6500,16.8100,-0.1300,-0.7700,46453.5000,78367.7300,14.6700,45.6900,0.4287,1.1775,0.9500,16.8921,15.7979,3.2004,1.6570,1.4755,109592.6265,108357.7719,39450.6721,1842252.0515,1821494.1456,2.9465,3.5353,3.5503
2023-07-14,16.9000,16.9400,16.3600,16.7000,-0.1100,-0.6500,56250.8500,93683.4160,14.5800,45.3900,0.5191,1.4259,1.2500,16.7816,15.6945,3.1794,1.6461,1.4659,109592.6265,108357.7719,39450.6721,1830196.8626,1809574.7907,2.9659,3.5585,3.5503
2023-07-17,16.6600,16.8400,16.5700,16.6300,-0.0700,-0.4200,24092.0000,40153.0810,14.5200,45.2000,0.2223,0.6107,0.5100,16.7112,15.6287,3.1661,1.6392,1.4597,109592.6265,108357.7719,39450.6721,1822525.3787,1801989.7467,2.9784,3.5735,3.6014
2023-07-18,16.7000,16.7000,16.2800,16.3900,-0.2400,-1.4400,43049.0700,70542.0520,14.3100,44.5500,0.3973,1.0912,1.0000,16.4701,15.4032,3.1204,1.6156,1.4386,109592.6265,108357.7719,39450.6721,1796223.1483,1775983.8814,3.0220,3.6259,3.5928
2023-07-19,16.3700,16.7500,16.3600,16.7400,0.3500,2.1400,34302.2600,57066.6170,14.6100,45.5000,0.3166,0.8695,0.7800,16.8218,15.7321,3.1871,1.6501,1.4694,109592.6265,108357.7719,39450.6721,1834580.5676,1813909.1016,2.9588,3.5500,3.6652
2023-07-20,16.6700,16.7600,16.1900,16.2300,-0.5100,-3.0500,66764.0300,109600.0140,14.1700,44.1100,0.6161,1.6923,1.6400,16.3093,15.2528,3.0900,1.5998,1.4246,109592.6265,108357.7719,39450.6721,1778688.3281,1758646.6379,3.0518,3.6616,3.5993
2023-07-21,16.2300,16.3600,16.1000,16.2400,0.0100,0.0600,29638.6000,48146.6790,14.1800,44.1400,0.2735,0.7513,0.6600,16.3193,15.2622,3.0919,1.6008,1.4255,109592.6265,108357.7719,39450.6721,1779784.2544,1759730.2157,3.0499,3.6593,3.6969
2023-07-24,16.3100,16.3600,16.1200,16.2300,-0.0100,-0.0600,18268.9500,29707.8150,14.1700,44.1100,0.1686,0.4631,0.4600,16.3093,15.2528,3.0900,1.5998,1.4246,109592.6265,108357.7719,39450.6721,1778688.3281,1758646.6379,3.0518,3.6616,3.6787
2023-07-25,16.3200,16.6000,16.2800,16.3800,0.1500,0.9200,46028.1000,75596.6310,14.3000,44.5200,0.4248,1.1667,1.2000,16.4600,15.3938,3.1185,1.6146,1.4378,109592.6265,108357.7719,39450.6721,1795127.2221,1774900.3037,3.0238,3.6281,3.6765
2023-07-26,16.3900,16.5300,16.3000,16.3600,-0.0200,-0.1200,29815.8300,48949.9190,14.2800,44.4700,0.2752,0.7558,0.7600,16.4399,15.3750,3.1147,1.6126,1.4360,109592.6265,108357.7719,39450.6721,1792935.3695,1772733.1483,3.0275,3.6325,3.6608
2023-07-27,16.3000,16.5200,16.2600,16.3200,-0.0400,-0.2400,42116.1000,68880.4310,14.2500,44.3600,0.3887,1.0676,1.1100,16.3997,15.3374,3.1071,1.6087,1.4325,109592.6265,108357.7719,39450.6721,1788551.6645,1768398.8374,3.0349,3.6414,3.6810
2023-07-28,16.3000,16.7800,16.2400,16.7000,0.3800,2.3300,48372.2300,80308.7830,14.5800,45.3900,0.4464,1.2261,1.4600,16.7816,15.6945,3.1794,1.6461,1.4659,109592.6265,108357.7719,39450.6721,1830196.8626,1809574.7907,2.9659,3.5585,3.6810
2023-07-31,16.7800,16.9300,16.6200,16.7200,0.0200,0.1200,48572.0500,81463.0200,14.6000,45.4400,0.4483,1.2312,1.3200,16.8017,15.7133,3.1832,1.6481,1.4676,109592.6265,108357.7719,39450.6721,1832388.7151,1811741.9462,2.9623,3.5543,3.5757
2023-08-01,16.7300,16.8000,16.4400,16.5900,-0.1300,-0.7800,48537.9600,80505.9420,14.4800,45.0900,0.4479,1.2303,1.1300,16.6711,15.5911,3.1585,1.6353,1.4562,109592.6265,108357.7719,39450.6721,1818141.6736,1797655.4358,2.9855,3.5821,3.5864
2023-08-02,16.5600,16.6900,16.3000,16.4600,-0.1300,-0.7800,47797.3200,78386.7480,14.3700,44.7400,0.4411,1.2116,1.1000,16.5404,15.4690,3.1337,1.6225,1.4448,109592.6265,108357.7719,39450.6721,1803894.6322,1783568.9255,3.0091,3.6104,3.6232
2023-08-03,16.4200,16.5300,16.3500,16.4100,-0.0500,-0.3000,25994.4300,42720.7260,14.3200,44.6000,0.2399,0.6589,0.5500,16.4902,15.4220,3.1242,1.6176,1.4404,109592.6265,108357.7719,39450.6721,1798415.0009,1778151.0369,3.0183,3.6214,3.6541
2023-08-04,16.5000,16.5500,16.0000,16.0500,-0.3600,-2.1900,67259.5200,108939.5240,14.0100,43.6200,0.6207,1.7049,1.5300,16.1284,15.0836,3.0557,1.5821,1.4088,109592.6265,108357.7719,39450.6721,1758961.6553,1739142.2390,3.0860,3.7027,3.6364
2023-08-07,16.0700,16.3300,15.8600,16.3000,0.2500,1.5600,69042.2900,111717.7120,14.2300,44.3000,0.6372,1.7501,1.4500,16.3796,15.3186,3.1033,1.6067,1.4307,109592.6265,108357.7719,39450.6721,1786359.8120,1766231.6820,3.0387,3.6459,3.7337
2023-08-08,16.2900,17.1600,16.2100,16.9400,0.6400,3.9300,124264.6600,209082.1660,14.7900,46.0400,1.1468,3.1499,2.4000,17.0228,15.9201,3.2251,1.6698,1.4869,109592.6265,108357.7719,39450.6721,1856499.0929,1835580.6560,2.9239,3.5081,3.6832
2023-08-09,16.9700,17.2600,16.8400,16.9600,0.0200,0.1200,116541.2100,199463.7300,14.8000,46.1000,1.0755,2.9541,1.7400,17.0429,15.9389,3.2289,1.6718,1.4887,109592.6265,108357.7719,39450.6721,1858690.9454,1837747.8114,2.9204,3.5040,3.5357
2023-08-10,16.9600,16.9600,16.2100,16.3500,-0.6100,-3.6000,80771.4000,132382.8060,14.2700,44.4400,0.7454,2.0474,1.0000,16.4299,15.3656,3.1128,1.6116,1.4351,109592.6265,108357.7719,39450.6721,1791839.4433,1771649.5706,3.0294,3.6347,3.5377
2023-08-11,16.3500,16.4000,16.0100,16.0200,-0.3300,-2.0200,46985.0000,75742.6990,13.9800,43.5400,0.4336,1.1910,0.5100,16.0983,15.0554,3.0500,1.5791,1.4062,109592.6265,108357.7719,39450.6721,1755673.8765,1735891.5058,3.0918,3.7096,3.6697
2023-08-14,16.0000,16.0100,15.6100,15.9200,-0.1000,-0.6200,48408.8600,76405.2480,13.9000,43.2700,0.4468,1.2271,0.5500,15.9978,14.9615,3.0309,1.5693,1.3974,109592.6265,108357.7719,39450.6721,1744714.6139,1725055.7286,3.1112,3.7329,3.7500
2023-08-15,16.0000,16.5500,15.9200,16.3000,0.3800,2.3900,69654.4900,113616.7400,14.2300,44.3000,0.6428,1.7656,0.8400,16.3796,15.3186,3.1033,1.6067,1.4307,109592.6265,108357.7719,39450.6721,1786359.8120,1766231.6820,3.0387,3.6459,3.7500
2023-08-16,16.4000,16.4400,15.9700,16.1000,-0.2000,-1.2300,30036.7300,48598.4640,14.0500,43.7600,0.2772,0.7614,0.4100,16.1787,15.1306,3.0652,1.5870,1.4132,109592.6265,108357.7719,39450.6721,1764441.2867,1744560.1276,3.0764,3.6912,3.6585
2023-08-17,16.1000,16.1700,15.9500,16.1300,0.0300,0.1900,36120.6200,58033.0300,14.0800,43.8400,0.3333,0.9156,0.6500,16.2088,15.1588,3.0709,1.5900,1.4158,109592.6265,108357.7719,39450.6721,1767729.0654,1747810.8607,3.0707,3.6843,3.7267
2023-08-18,16.1300,16.1500,15.7800,15.8000,-0.3300,-2.0500,46787.4500,74464.7060,13.7900,42.9400,0.4318,1.1860,1.0100,15.8772,14.8487,3.0081,1.5574,1.3869,109592.6265,108357.7719,39450.6721,1731563.4987,1712052.7960,3.1348,3.7613,3.7198
2023-08-21,15.8100,15.8700,15.5300,15.5500,-0.2500,-1.5800,29136.7900,45635.5040,13.5700,42.2600,0.2689,0.7386,0.6300,15.6260,14.6137,2.9605,1.5328,1.3649,109592.6265,108357.7719,39450.6721,1704165.3421,1684963.3530,3.1852,3.8217,3.7951
2023-08-22,15.5100,15.8500,15.3000,15.5100,-0.0400,-0.2600,36346.9400,56212.4580,13.5400,42.1600,0.3354,0.9213,0.8600,15.5858,14.5762,2.9529,1.5288,1.3614,109592.6265,108357.7719,39450.6721,1699781.6370,1680629.0422,3.1934,3.8316,3.8685
2023-08-23,15.5100,15.6900,15.3400,15.4500,-0.0600,-0.3900,27847.1100,43133.1550,13.4900,41.9900,0.2570,0.7059,0.7800,15.5255,14.5198,2.9415,1.5229,1.3561,109592.6265,108357.7719,39450.6721,1693206.0794,1674127.5759,3.2058,3.8465,3.8685
2023-08-24,15.4600,16.2500,15.4600,16.0500,0.6000,3.8800,78587.2100,125567.2270,14.0100,43.6200,0.7253,1.9920,2.2300,16.1284,15.0836,3.0557,1.5821,1.4088,109592.6265,108357.7719,39450.6721,1758961.6553,1739142.2390,3.0860,3.7027,3.8810
2023-08-25,16.0500,16.0700,15.5600,15.6900,-0.3600,-2.2400,43986.0800,69262.3130,13.7000,42.6500,0.4059,1.1150,1.0100,15.7667,14.7453,2.9871,1.5466,1.3772,109592.6265,108357.7719,39450.6721,1719508.3098,1700133.4411,3.1568,3.7876,3.7383
2023-08-28,16.4000,16.6500,15.2000,15.6900,0.0000,0.0000,131828.4600,206901.0150,13.7000,42.6500,1.2166,3.3416,3.0500,15.7667,13.8076,2.8047,1.5466,1.2200,109592.6265,108357.7719,39450.6721,1719508.3098,1700133.4411,3.1568,3.7876,3.6585
2023-08-29,15.5300,16.5800,15.4800,16.5300,0.8400,5.3500,136226.4000,220410.2080,14.4300,44.9300,1.2572,3.4531,2.1400,16.6108,14.5468,2.9549,1.6294,1.2853,109592.6265,108357.7719,39450.6721,1811566.1160,1791153.9695,2.9964,3.5951,3.8635
2023-08-30,16.5300,16.9500,16.4100,16.8500,0.3200,1.9400,101774.8900,171195.9000,14.7100,45.8000,0.9392,2.5798,1.2200,16.9323,14.8284,3.0121,1.6609,1.3102,109592.6265,108357.7719,39450.6721,1846635.7565,1825828.4565,2.9395,3.5269,3.6298
2023-08-31,16.9000,17.1400,16.7800,17.0000,0.1500,0.8900,78945.5000,134352.1330,14.8400,46.2100,0.7286,2.0011,0.8000,17.0831,14.9604,3.0389,1.6757,1.3219,109592.6265,108357.7719,39450.6721,1863074.6505,1842082.1223,2.9135,3.4958,3.5503
2023-09-01,17.0500,17.1700,16.8300,17.1100,0.1100,0.6500,58406.5100,99637.2170,14.9400,46.5000,0.5390,1.4805,0.5900,17.1936,15.0572,3.0585,1.6866,1.3304,109592.6265,108357.7719,39450.6721,1875129.8394,1854001.4772,2.8948,3.4733,3.5191
2023-09-04,17.1100,17.1600,16.8700,17.0500,-0.0600,-0.3500,85002.3500,144599.9120,14.8800,46.3400,0.7845,2.1546,0.8400,17.1333,15.0044,3.0478,1.6806,1.3258,109592.6265,108357.7719,39450.6721,1868554.2818,1847500.0109,2.9050,3.4855,3.5067
2023-09-05,16.9800,17.0400,16.7300,16.8900,-0.1600,-0.9400,51778.5000,87190.0190,14.7400,45.9100,0.4778,1.3125,0.5600,16.9725,14.8636,3.0192,1.6649,1.3133,109592.6265,108357.7719,39450.6721,1851019.4616,1830162.7674,2.9325,3.5185,3.5336
2023-09-06,16.8100,16.9500,16.6400,16.7300,-0.1600,-0.9500,46492.5600,78038.5000,14.6000,45.4700,0.4291,1.1785,0.6200,16.8117,14.7228,2.9906,1.6491,1.3009,109592.6265,108357.7719,39450.6721,1833484.6413,1812825.5239,2.9606,3.5522,3.5693
2023-09-07,16.7900,17.0600,16.6700,16.7600,0.0300,0.1800,46246.6400,77897.7390,14.6300,45.5500,0.4268,1.1723,0.7200,16.8419,14.7492,2.9960,1.6521,1.3032,109592.6265,108357.7719,39450.6721,1836772.4201,1816076.2570,2.9553,3.5458,3.5736
2023-09-08,16.6400,17.1300,16.6300,17.0100,0.2500,1.4900,43526.9600,73747.6300,14.8500,46.2300,0.4017,1.1033,0.7600,17.0931,14.9692,3.0407,1.6767,1.3227,109592.6265,108357.7719,39450.6721,1864170.5768,1843165.7000,2.9118,3.4937,3.6058
2023-09-11,17.0000,17.5300,16.9700,17.3700,0.3600,2.1200,99081.7900,171986.4260,15.1600,47.2100,0.9144,2.5115,1.8100,17.4549,15.2860,3.1050,1.7122,1.3507,109592.6265,108357.7719,39450.6721,1903623.9223,1882174.4979,2.8515,3.4213,3.5294
2023-09-12,17.3600,17.8000,17.3000,17.7100,0.3400,1.9600,77638.2100,136803.0250,15.4600,48.1400,0.7165,1.9680,1.3500,17.7965,15.5852,3.1658,1.7457,1.3771,109592.6265,108357.7719,39450.6721,1940885.4153,1919016.1403,2.7967,3.3556,3.4562
2023-09-13,17.6400,17.7400,17.3000,17.6500,-0.0600,-0.3400,48906.7500,85810.9910,15.4100,47.9700,0.4513,1.2397,0.7800,17.7362,15.5324,3.1551,1.7398,1.3724,109592.6265,108357.7719,39450.6721,1934309.8577,1912514.6740,2.8062,3.3670,3.4014
2023-09-14,17.6100,17.8500,17.5000,17.7700,0.1200,0.6800,41573.5000,73640.2600,15.5100,48.3000,0.3837,1.0538,0.6600,17.8568,15.6380,3.1765,1.7516,1.3818,109592.6265,108357.7719,39450.6721,1947460.9729,1925517.6067,2.7873,3.3443,3.4072
2023-09-15,17.8000,18.3900,17.7500,17.9200,0.1500,0.8400,97396.0000,175452.4200,15.6400,48.7100,0.8988,2.4688,1.5700,18.0075,15.7700,3.2033,1.7664,1.3934,109592.6265,108357.7719,39450.6721,1963899.8669,1941771.2724,2.7640,3.3163,3.3708
2023-09-18,17.8800,17.9900,17.5300,17.9600,0.0400,0.2200,94027.0600,166792.9810,15.6800,48.8200,0.8677,2.3834,1.2900,18.0477,15.8052,3.2105,1.7703,1.3965,109592.6265,108357.7719,39450.6721,1968283.5719,1946105.5833,2.7578,3.3089,3.3557
2023-09-19,17.8100,18.2200,17.7800,18.1600,0.2000,1.1100,77098.7700,139097.2710,15.8500,49.3600,0.7115,1.9543,1.0700,18.2487,15.9812,3.2462,1.7901,1.4121,109592.6265,108357.7719,39450.6721,1990202.0972,1967777.1377,2.7274,3.2725,3.3689
2023-09-20,18.2000,18.3000,17.8200,18.0200,-0.1400,-0.7700,35358.7100,63851.7540,15.7300,48.9800,0.3263,0.8963,0.4900,18.1080,15.8580,3.2212,1.7763,1.4012,109592.6265,108357.7719,39450.6721,1974859.1295,1952607.0496,2.7486,3.2979,3.2967
2023-09-21,18.0200,18.1000,17.7500,18.0400,0.0200,0.1100,72343.3800,129547.1560,15.7500,49.0300,0.6676,1.8338,1.0500,18.1281,15.8756,3.2248,1.7782,1.4028,109592.6265,108357.7719,39450.6721,1977050.9821,1954774.2051,2.7456,3.2942,3.3296
2023-09-22,17.9900,18.2000,17.8300,18.1000,0.0600,0.3300,47335.2700,85235.4730,15.8000,49.2000,0.4368,1.1999,0.6300,18.1884,15.9284,3.2355,1.7841,1.4074,109592.6265,108357.7719,39450.6721,1983626.5397,1961275.6714,2.7365,3.2833,3.3352
2023-09-25,18.1000,18.2500,17.9500,18.1200,0.0200,0.1100,54575.3700,98694.4480,15.8200,49.2500,0.5037,1.3834,0.8400,18.2085,15.9460,3.2391,1.7861,1.4090,109592.6265,108357.7719,39450.6721,1985818.3922,1963442.8268,2.7335,3.2797,3.3149
2023-09-26,17.8200,18.0400,17.8000,17.8700,-0.2500,-1.3800,48129.9300,86052.0900,15.8600,49.3900,0.4442,1.2200,0.8400,17.9573,15.7260,3.3736,1.7615,1.3895,109592.6265,108357.7719,39450.6721,1958420.2356,1936353.3839,2.7717,4.9883,3.3670
2023-09-27,17.9200,17.9800,17.6600,17.7500,-0.1200,-0.6700,50925.0000,90428.2590,15.7600,49.0600,0.4700,1.2909,0.9900,17.8367,15.6204,3.3509,1.7496,1.3802,109592.6265,108357.7719,39450.6721,1945269.1204,1923350.4512,2.7904,5.0221,3.3482
2023-09-28,17.7500,17.8600,17.3300,17.7000,-0.0500,-0.2800,55710.7700,97987.2410,15.7100,48.9200,0.5141,1.4122,1.0200,17.7865,15.5764,3.3415,1.7447,1.3763,109592.6265,108357.7719,39450.6721,1939789.4891,1917932.5626,2.7983,5.0363,3.3803
2023-10-09,17.6000,17.6200,16.9300,17.3000,-0.4000,-2.2600,80680.4300,139513.8250,15.3600,47.8200,0.7446,2.0451,1.5700,17.3845,15.2244,3.2660,1.7053,1.3452,109592.6265,108357.7719,39450.6721,1895952.4385,1874589.4539,2.8630,5.1527,3.4091
2023-10-10,17.2800,17.3700,16.9600,17.1800,-0.1200,-0.6900,47311.1300,81329.3860,15.2500,47.4900,0.4366,1.1992,0.8200,17.2639,15.1188,3.2433,1.6935,1.3359,109592.6265,108357.7719,39450.6721,1882801.3233,1861586.5212,2.8830,5.1887,3.4722
2023-10-11,17.1900,17.2800,17.0500,17.1900,0.0100,0.0600,37840.3200,64993.7390,15.2600,47.5100,0.3492,0.9592,0.6700,17.2740,15.1276,3.2452,1.6944,1.3367,109592.6265,108357.7719,39450.6721,1883897.2495,1862670.0990,2.8813,5.1857,3.4904
2023-10-12,17.1900,17.3800,17.0600,17.2900,0.1000,0.5800,33570.7500,57887.4800,15.3500,47.7900,0.3098,0.8510,0.6200,17.3745,15.2156,3.2641,1.7043,1.3444,109592.6265,108357.7719,39450.6721,1894856.5122,1873505.8762,2.8647,5.1557,3.4904
2023-10-13,17.2100,17.2100,16.8000,16.8700,-0.4200,-2.4300,36797.4000,62214.6790,14.9800,46.6300,0.3396,0.9327,0.7200,16.9524,14.8460,3.1848,1.6629,1.3118,109592.6265,108357.7719,39450.6721,1848827.6091,1827995.6120,2.9360,5.2840,3.4863
2023-10-16,16.9100,17.4200,16.8800,17.1200,0.2500,1.4800,41600.5600,71376.4920,15.2000,47.3200,0.3839,1.0545,0.8800,17.2036,15.0660,3.2320,1.6875,1.3312,109592.6265,108357.7719,39450.6721,1876225.7657,1855085.0549,2.8931,5.2069,3.5482
2023-10-17,17.0500,17.1900,16.6500,16.8200,-0.3000,-1.7500,63448.3700,106543.9840,14.9300,46.4900,0.5855,1.6083,1.6100,16.9022,14.8020,3.1754,1.6580,1.3079,109592.6265,108357.7719,39450.6721,1843347.9777,1822577.7234,2.9447,5.2997,3.5191
2023-10-18,16.7800,16.8600,16.2600,16.3200,-0.5000,-2.9700,64438.8400,105693.2300,14.4900,45.1100,0.5947,1.6334,1.5100,16.3997,14.3620,3.0810,1.6087,1.2690,109592.6265,108357.7719,39450.6721,1788551.6645,1768398.8374,3.0349,5.4621,3.5757
2023-10-19,16.3200,16.7300,16.2800,16.4200,0.1000,0.6100,65031.0300,107422.1180,14.5800,45.3800,0.6002,1.6484,1.3600,16.5002,14.4500,3.0999,1.6185,1.2768,109592.6265,108357.7719,39450.6721,1799510.9271,1779234.6146,3.0165,5.4288,3.6765
2023-10-20,16.4200,16.5900,16.2300,16.4000,-0.0200,-0.1200,31280.0200,51278.9960,14.5600,45.3300,0.2887,0.7929,0.5800,16.4801,14.4324,3.0961,1.6166,1.2752,109592.6265,108357.7719,39450.6721,1797319.0746,1777067.4592,3.0201,5.4355,3.6541
2023-10-23,16.3000,16.3900,16.0200,16.1900,-0.2100,-1.2800,47188.6000,76486.2140,14.3700,44.7500,0.4355,1.1961,0.8900,16.2691,14.2476,3.0564,1.5959,1.2589,109592.6265,108357.7719,39450.6721,1774304.6230,1754312.3271,3.0593,5.5060,3.6810
2023-10-24,16.2100,16.4300,15.9800,16.2500,0.0600,0.3700,44473.6500,71949.6770,14.4200,44.9100,0.4104,1.1273,0.8200,16.3294,14.3004,3.0678,1.6018,1.2636,109592.6265,108357.7719,39450.6721,1780880.1806,1760813.7934,3.0480,5.4856,3.7014
2023-10-25,16.3400,16.3700,15.7100,15.9500,-0.3000,-1.8500,63551.5000,101629.3030,14.1600,44.0900,0.5865,1.6109,1.2600,16.0279,14.0364,3.0111,1.5722,1.2402,109592.6265,108357.7719,39450.6721,1748002.3927,1728306.4618,3.1053,5.5888,3.6720
2023-10-26,15.9000,16.1700,15.8800,16.0900,0.1400,0.8800,29216.0000,46854.3230,14.2800,44.4700,0.2696,0.7406,0.5800,16.1686,14.1596,3.0376,1.5860,1.2511,109592.6265,108357.7719,39450.6721,1763345.3604,1743476.5499,3.0783,5.5402,3.7736
2023-10-27,16.0000,16.9500,16.0000,16.5500,0.4600,2.8600,86889.7900,144639.7200,14.6900,45.7400,0.8019,2.2025,2.0100,16.6309,14.5644,3.1244,1.6314,1.2869,109592.6265,108357.7719,39450.6721,1813757.9686,1793321.1249,2.9928,5.3862,3.7500
2023-10-30,16.4100,16.5000,14.9000,15.0200,-1.5300,-9.2400,262428.5500,396613.2220,13.3300,41.5200,2.4219,6.6521,4.8400,15.0934,13.2180,2.8356,1.4805,1.1679,109592.6265,108357.7719,39450.6721,1646081.2500,1627533.7339,3.2976,5.9349,3.6563
2023-10-31,15.0500,15.3200,14.6100,14.7600,-0.2600,-1.7300,170027.3000,252097.5500,13.1000,40.8000,1.5691,4.3099,1.7500,14.8321,12.8869,2.6258,1.4549,1.1022,109592.6265,108357.7719,39450.6721,1617587.1671,1599360.7132,3.3557,6.0394,3.9867
2023-11-01,14.6000,14.8200,14.4800,14.7700,0.0100,0.0700,116241.3200,170709.3300,13.1100,40.8200,1.0728,2.9465,0.9500,14.8422,12.8957,2.6275,1.4559,1.1030,109592.6265,108357.7719,39450.6721,1618683.0934,1600444.2910,3.3534,6.0353,4.1096
2023-11-02,14.6500,14.9400,14.5200,14.7700,0.0000,0.0000,75697.5900,112055.7220,13.1100,40.8200,0.6986,1.9188,0.5700,14.8422,12.8957,2.6275,1.4559,1.1030,109592.6265,108357.7719,39450.6721,1618683.0934,1600444.2910,3.3534,6.0353,4.0956
2023-11-03,14.9400,15.1700,14.8100,14.9400,0.1700,1.1500,97134.3500,145534.0500,13.2600,41.2900,0.8964,2.4622,0.6800,15.0130,13.0441,2.6578,1.4727,1.1157,109592.6265,108357.7719,39450.6721,1637313.8399,1618865.1122,3.3153,5.9666,4.0161
2023-11-06,14.9800,15.0500,14.7300,14.8300,-0.1100,-0.7400,101370.7900,150306.0790,13.1600,40.9900,0.9355,2.5696,0.7000,14.9025,12.9481,2.6382,1.4618,1.1075,109592.6265,108357.7719,39450.6721,1625258.6510,1606945.7573,3.3399,6.0109,4.0053
2023-11-07,14.8400,14.8800,14.5700,14.6400,-0.1900,-1.2800,99627.3000,145834.1000,13.0000,40.4600,0.9194,2.5254,0.8900,14.7115,12.7822,2.6044,1.4431,1.0933,109592.6265,108357.7719,39450.6721,1604436.0520,1586357.7806,3.3832,6.0889,4.0431
2023-11-08,14.6400,14.6600,14.4500,14.5800,-0.0600,-0.4100,82377.2000,119950.8210,12.9400,40.3000,0.7602,2.0881,0.8400,14.6512,12.7298,2.5937,1.4372,1.0888,109592.6265,108357.7719,39450.6721,1597860.4944,1579856.3143,3.3971,6.1140,4.0984
2023-11-09,14.5700,14.5800,14.3900,14.4800,-0.1000,-0.6900,69674.3900,100719.5130,12.8500,40.0200,0.6430,1.7661,0.7600,14.5507,12.6425,2.5759,1.4273,1.0813,109592.6265,108357.7719,39450.6721,1586901.2317,1569020.5371,3.4206,6.1562,4.1181
2023-11-10,14.4100,14.4300,14.2800,14.3000,-0.1800,-1.2400,46083.9000,66039.1460,12.6900,39.5300,0.4253,1.1681,0.5100,14.3699,12.4853,2.5439,1.4096,1.0679,109592.6265,108357.7719,39450.6721,1567174.5590,1549516.1382,3.4636,6.2337,4.1638
2023-11-13,14.3500,14.5500,14.1500,14.5400,0.2400,1.6800,80396.5200,115577.7340,12.9100,40.1900,0.7420,2.0379,1.0100,14.6110,12.6949,2.5866,1.4332,1.0858,109592.6265,108357.7719,39450.6721,1593476.7893,1575522.0034,3.4065,6.1308,4.1812
2023-11-14,14.5700,14.5800,14.3800,14.5100,-0.0300,-0.2100,40568.2500,58697.2940,12.8800,40.1100,0.3744,1.0283,0.5400,14.5809,12.6687,2.5813,1.4303,1.0836,109592.6265,108357.7719,39450.6721,1590189.0105,1572271.2703,3.4135,6.1435,4.1181
2023-11-15,14.5800,14.8400,14.5400,14.8200,0.3100,2.1400,97755.4800,144060.1810,13.1600,40.9600,0.9022,2.4779,1.5300,14.8924,12.9393,2.6364,1.4608,1.1067,109592.6265,108357.7719,39450.6721,1624162.7247,1605862.1796,3.3421,6.0150,4.1152
2023-11-16,14.7900,14.8700,14.6800,14.8200,0.0000,0.0000,45754.7400,67663.7380,13.1600,40.9600,0.4223,1.1598,0.6800,14.8924,12.9393,2.6364,1.4608,1.1067,109592.6265,108357.7719,39450.6721,1624162.7247,1605862.1796,3.3421,6.0150,4.0568
2023-11-17,14.8100,15.0700,14.7400,14.9900,0.1700,1.1500,67619.3100,100995.5440,13.3100,41.4300,0.6240,1.7140,1.0900,15.0632,13.0878,2.6667,1.4776,1.1194,109592.6265,108357.7719,39450.6721,1642793.4712,1624283.0008,3.3042,5.9467,4.0513
2023-11-20,14.9900,15.1000,14.7800,14.9100,-0.0800,-0.5300,57443.0000,85754.7180,13.2400,41.2100,0.5301,1.4561,0.8600,14.9828,13.0179,2.6524,1.4697,1.1134,109592.6265,108357.7719,39450.6721,1634026.0611,1615614.3790,3.3219,5.9786,4.0027
2023-11-21,14.9000,15.0700,14.8700,14.9500,0.0400,0.2700,45135.0000,67553.2740,13.2700,41.3200,0.4165,1.1441,0.7300,15.0230,13.0528,2.6596,1.4736,1.1164,109592.6265,108357.7719,39450.6721,1638409.7662,1619948.6899,3.3131,5.9627,4.0268
2023-11-22,14.9000,14.9900,14.8300,14.9200,-0.0300,-0.2000,36703.0000,54777.3790,13.2400,41.2400,0.3387,0.9304,0.5800,14.9929,13.0266,2.6542,1.4707,1.1142,109592.6265,108357.7719,39450.6721,1635121.9874,1616697.9567,3.3197,5.9746,4.0268
2023-11-23,14.8900,15.1000,14.8100,15.0600,0.1400,0.9400,38150.3500,57215.9440,13.3700,41.6300,0.3521,0.9670,0.7500,15.1336,13.1489,2.6791,1.4845,1.1246,109592.6265,108357.7719,39450.6721,1650464.9551,1631868.0448,3.2889,5.9191,4.0296
2023-11-24,15.0500,15.2200,14.9500,15.1300,0.0700,0.4600,42485.7400,64215.1310,13.4300,41.8200,0.3921,1.0769,0.8700,15.2039,13.2100,2.6916,1.4914,1.1299,109592.6265,108357.7719,39450.6721,1658136.4389,1639453.0888,3.2736,5.8917,3.9867
2023-11-27,15.1400,15.1700,14.8700,15.1100,-0.0200,-0.1300,54147.3800,81320.8640,13.4100,41.7600,0.4997,1.3725,1.2300,15.1838,13.1925,2.6880,1.4894,1.1284,109592.6265,108357.7719,39450.6721,1655944.5864,1637285.9334,3.2780,5.8995,3.9630
2023-11-28,15.0500,15.2100,14.9000,15.1400,0.0300,0.2000,51555.7000,77836.4010,13.4400,41.8500,0.4758,1.3068,1.1900,15.2140,13.2187,2.6934,1.4924,1.1306,109592.6265,108357.7719,39450.6721,1659232.3652,1640536.6666,3.2715,5.8878,3.9867
2023-11-29,15.2000,15.4800,15.2000,15.2900,0.1500,0.9900,62353.6700,95751.1770,13.5700,42.2600,0.5754,1.5805,1.4000,15.3647,13.3497,2.7200,1.5072,1.1418,109592.6265,108357.7719,39450.6721,1675671.2592,1656790.3324,3.2394,5.8301,3.9474
2023-11-30,15.1900,15.3600,15.1500,15.2600,-0.0300,-0.2000,36355.5900,55428.8730,13.5500,42.1800,0.3355,0.9215,0.7300,15.3346,13.3235,2.7147,1.5042,1.1396,109592.6265,108357.7719,39450.6721,1672383.4804,1653539.5992,3.2457,5.8415,3.9500
2023-12-01,15.2500,15.5400,15.1500,15.5200,0.2600,1.7000,59316.6600,91317.9480,13.7800,42.9000,0.5474,1.5036,1.2000,15.5958,13.5505,2.7610,1.5298,1.1590,109592.6265,108357.7719,39450.6721,1700877.5633,1681712.6199,3.1914,5.7437,3.9344
2023-12-04,15.6700,16.0300,15.6400,15.7300,0.2100,1.3500,87047.0500,138005.4390,13.9600,43.4800,0.8033,2.2065,1.6500,15.8068,13.7338,2.7983,1.5505,1.1747,109592.6265,108357.7719,39450.6721,1723892.0148,1704467.7520,3.1488,5.6670,3.8290
2023-12-05,15.6300,15.6600,15.4000,15.4400,-0.2900,-1.8400,39607.2500,61445.9240,13.7100,42.6800,0.3655,1.0040,0.6700,15.5154,13.4806,2.7467,1.5219,1.1530,109592.6265,108357.7719,39450.6721,1692110.1532,1673043.9981,3.2079,5.7734,3.8388
2023-12-06,15.3700,15.6200,15.2700,15.5400,0.1000,0.6500,35380.8600,54651.5200,13.7900,42.9500,0.3265,0.8968,0.6200,15.6159,13.5680,2.7645,1.5318,1.1605,109592.6265,108357.7719,39450.6721,1703069.4158,1683879.7753,3.1873,5.7363,3.9037
2023-12-07,15.5400,15.5800,15.3800,15.5300,-0.0100,-0.0600,28746.6600,44487.4140,13.7900,42.9200,0.2653,0.7287,0.5600,15.6059,13.5592,2.7627,1.5308,1.1597,109592.6265,108357.7719,39450.6721,1701973.4895,1682796.1976,3.1893,5.7400,3.8610
2023-12-08,15.4600,15.5400,15.0800,15.1600,-0.3700,-2.3800,62660.2300,95674.5370,13.4600,41.9000,0.5783,1.5883,1.2500,15.2341,13.2362,2.6969,1.4943,1.1321,109592.6265,108357.7719,39450.6721,1661424.2177,1642703.8220,3.2672,5.8801,3.8810
2023-12-11,15.1000,15.3800,15.0200,15.3800,0.2200,1.4500,53293.1800,81179.6370,13.6500,42.5100,0.4918,1.3509,1.0500,15.4551,13.4283,2.7361,1.5160,1.1485,109592.6265,108357.7719,39450.6721,1685534.5956,1666542.5318,3.2204,5.7959,3.9735
2023-12-12,15.3900,15.7100,15.2400,15.6500,0.2700,1.7600,45867.7200,71410.2560,13.8900,43.2600,0.4233,1.1627,1.0400,15.7265,13.6640,2.7841,1.5426,1.1687,109592.6265,108357.7719,39450.6721,1715124.6047,1695799.1302,3.1649,5.6960,3.8986
2023-12-13,15.6500,15.7500,15.3800,15.4300,-0.2200,-1.4100,37041.0400,57557.0780,13.7000,42.6500,0.3418,0.9389,0.8200,15.5054,13.4719,2.7450,1.5210,1.1523,109592.6265,108357.7719,39450.6721,1691014.2269,1671960.4204,3.2100,5.7772,3.8339
2023-12-14,15.5000,15.6800,15.3000,15.3500,-0.0800,-0.5200,48225.8200,74637.2060,13.6300,42.4300,0.4451,1.2224,1.0600,15.4250,13.4021,2.7307,1.5131,1.1463,109592.6265,108357.7719,39450.6721,1682246.8168,1663291.7987,3.2267,5.8073,3.8710
2023-12-15,15.3300,15.6600,15.3000,15.4200,0.0700,0.4600,42258.6500,65517.9290,13.6900,42.6200,0.3900,1.0712,0.8600,15.4953,13.4632,2.7432,1.5200,1.1515,109592.6265,108357.7719,39450.6721,1689918.3006,1670876.8427,3.2121,5.7809,3.9139
2023-12-18,15.4300,15.4900,15.2500,15.3000,-0.1200,-0.7800,28165.6800,43201.0070,13.5800,42.2900,0.2599,0.7139,0.6200,15.3747,13.3584,2.7218,1.5081,1.1426,109592.6265,108357.7719,39450.6721,1676767.1855,1657873.9101,3.2373,5.8263,3.8885
2023-12-19,15.3000,15.3900,15.2000,15.3600,0.0600,0.3900,26286.5400,40185.3640,13.6300,42.4600,0.2426,0.6663,0.6500,15.4350,13.4108,2.7325,1.5141,1.1470,109592.6265,108357.7719,39450.6721,1683342.7430,1664375.3764,3.2246,5.8035,3.9216
2023-12-20,15.3600,15.4200,15.2600,15.2700,-0.0900,-0.5900,21660.0000,33234.0400,13.5600,42.2100,0.1999,0.5490,0.6000,15.3446,13.3322,2.7165,1.5052,1.1403,109592.6265,108357.7719,39450.6721,1673479.4067,1654623.1769,3.2436,5.8377,3.9062
2023-12-21,15.2500,15.4200,15.1000,15.3700,0.1000,0.6500,26105.0000,39858.6410,13.6400,42.4800,0.2409,0.6617,0.7800,15.4451,13.4195,2.7343,1.5150,1.1478,109592.6265,108357.7719,39450.6721,1684438.6693,1665458.9541,3.2225,5.7997,3.9344
2023-12-22,15.3600,15.4000,15.1700,15.2700,-0.1000,-0.6500,27511.9700,42092.7290,13.5600,42.2100,0.2539,0.6974,0.9500,15.3446,13.3322,2.7165,1.5052,1.1403,109592.6265,108357.7719,39450.6721,1673479.4067,1654623.1769,3.2436,5.8377,3.9062
2023-12-25,15.2100,15.4900,15.1600,15.4000,0.1300,0.8500,33125.1500,50778.6660,13.6700,42.5700,0.3057,0.8397,1.2800,15.4752,13.4457,2.7396,1.5180,1.1500,109592.6265,108357.7719,39450.6721,1687726.4481,1668709.6873,3.2162,5.7884,3.9448
2023-12-26,15.4300,15.7200,15.3000,15.6500,0.2500,1.6200,40481.6000,62766.3310,13.8900,43.2600,0.3736,1.0261,1.5000,15.7265,13.6640,2.7841,1.5426,1.1687,109592.6265,108357.7719,39450.6721,1715124.6047,1695799.1302,3.1649,5.6960,3.8885
2023-12-27,15.6100,15.6100,15.1200,15.3600,-0.2900,-1.8500,58516.7900,89487.1690,13.6300,42.4600,0.5400,1.4833,1.9700,15.4350,13.4108,2.7325,1.5141,1.1470,109592.6265,108357.7719,39450.6721,1683342.7430,1664375.3764,3.2246,5.8035,3.8437
2023-12-28,15.1500,15.4900,15.1000,15.2500,-0.1100,-0.7200,86497.8700,131922.9680,13.5400,42.1500,0.7983,2.1926,2.3300,15.3245,13.3148,2.7129,1.5032,1.1388,109592.6265,108357.7719,39450.6721,1671287.5541,1652456.0215,3.2479,5.8454,3.9604
2023-12-29,15.1500,15.2600,14.9500,15.1800,-0.0700,-0.4600,79308.0700,119517.5120,13.4800,41.9600,0.7319,2.0103,1.6100,15.2542,13.2536,2.7005,1.4963,1.1336,109592.6265,108357.7719,39450.6721,1663616.0703,1644870.9774,3.2629,5.8723,3.9604
2024-01-02,15.1900,15.2100,15.0200,15.1000,-0.0800,-0.5300,70637.0100,106900.9050,13.4000,41.7400,0.6519,1.7905,1.1900,15.1738,13.1838,2.6862,1.4884,1.1276,109592.6265,108357.7719,39450.6721,1654848.6602,1636202.3557,5.9034,5.9034,6.2541
2024-01-03,15.0800,15.3300,14.9000,15.2100,0.1100,0.7300,57610.7600,87287.8580,13.5000,42.0400,0.5317,1.4603,0.8600,15.2843,13.2798,2.7058,1.4993,1.1358,109592.6265,108357.7719,39450.6721,1666903.8491,1648121.7106,5.8607,5.8607,6.2997
2024-01-04,15.1700,15.4400,15.0900,15.3800,0.1700,1.1200,66415.6300,101992.2690,13.6500,42.5100,0.6129,1.6835,0.9400,15.4551,13.4283,2.7361,1.5160,1.1485,109592.6265,108357.7719,39450.6721,1685534.5956,1666542.5318,5.7959,5.7959,6.2624
2024-01-05,15.3700,15.8800,15.3700,15.5900,0.2100,1.3700,76110.9500,118941.4350,13.8400,43.0900,0.7024,1.9293,1.0600,15.6662,13.6116,2.7734,1.5367,1.1642,109592.6265,108357.7719,39450.6721,1708549.0471,1689297.6639,5.7179,5.7179,6.1809
2024-01-08,15.5800,15.5800,15.2300,15.2300,-0.3600,-2.3100,47585.0600,73240.2290,13.5200,42.1000,0.4391,1.2062,0.6800,15.3044,13.2973,2.7094,1.5012,1.1373,109592.6265,108357.7719,39450.6721,1669095.7016,1650288.8660,5.8530,5.8530,6.0976
2024-01-09,15.2900,15.7300,15.1000,15.5200,0.2900,1.9000,49930.5800,77375.1620,13.7800,42.9000,0.4608,1.2656,0.7800,15.5958,13.5505,2.7610,1.5298,1.1590,109592.6265,108357.7719,39450.6721,1700877.5633,1681712.6199,5.7437,5.7437,6.2132
2024-01-10,15.5000,15.7900,15.4100,15.7300,0.2100,1.3500,50176.8600,78599.8740,13.9600,43.4800,0.4631,1.2719,0.8400,15.8068,13.7338,2.7983,1.5505,1.1747,109592.6265,108357.7719,39450.6721,1723892.0148,1704467.7520,5.6670,5.6670,6.1290
2024-01-11,15.7300,15.8800,15.4900,15.5200,-0.2100,-1.3400,43097.3100,67539.3500,13.7800,42.9000,0.3977,1.0924,0.7400,15.5958,13.5505,2.7610,1.5298,1.1590,109592.6265,108357.7719,39450.6721,1700877.5633,1681712.6199,5.7437,5.7437,6.0394
2024-01-12,15.8300,16.6200,15.8300,16.2300,0.7100,4.5700,104123.7100,169761.8960,14.4100,44.8600,0.9609,2.6393,1.9500,16.3093,14.1704,2.8873,1.5998,1.2120,109592.6265,108357.7719,39450.6721,1778688.3281,1758646.6379,5.4924,5.4924,6.0013
2024-01-15,16.2200,16.8800,16.2000,16.8300,0.6000,3.7000,106144.4500,176776.5030,14.9400,46.5200,0.9796,2.6906,1.8000,16.9122,14.6943,2.9940,1.6590,1.2568,109592.6265,108357.7719,39450.6721,1844443.9040,1823661.3011,5.2966,5.2966,5.8570
2024-01-16,16.7800,16.9200,16.5000,16.7800,-0.0500,-0.3000,66918.1400,111978.8480,14.9000,46.3800,0.6176,1.6962,0.9500,16.8620,14.6506,2.9851,1.6540,1.2531,109592.6265,108357.7719,39450.6721,1838964.2727,1818243.4125,5.3124,5.3124,5.6615
2024-01-17,16.7300,17.2500,16.6800,16.9700,0.1900,1.1300,80556.9300,137460.6030,15.0600,46.9100,0.7434,2.0420,1.0900,17.0529,14.8165,3.0189,1.6728,1.2673,109592.6265,108357.7719,39450.6721,1859786.8717,1838831.3891,5.2529,5.2529,5.6784
2024-01-18,16.9900,17.1900,16.4800,16.8100,-0.1600,-0.9400,84767.6000,142064.2760,14.9200,46.4600,0.7823,2.1487,1.0600,16.8921,14.6768,2.9904,1.6570,1.2553,109592.6265,108357.7719,39450.6721,1842252.0515,1821494.1456,5.3029,5.3029,5.5915
2024-01-19,16.8800,17.2200,16.7100,16.8400,0.0300,0.1800,63124.0300,107127.5780,14.9500,46.5500,0.5826,1.6001,0.7100,16.9223,14.7030,2.9958,1.6599,1.2576,109592.6265,108357.7719,39450.6721,1845539.8303,1824744.8788,5.2934,5.2934,5.6280
2024-01-22,16.7300,16.9500,16.1500,16.2600,-0.5800,-3.4400,61615.5800,102231.1960,14.4300,44.9400,0.5686,1.5618,0.7700,16.3394,14.1966,2.8926,1.6028,1.2142,109592.6265,108357.7719,39450.6721,1781976.1069,1761897.3711,5.4823,5.4823,5.6784
2024-01-23,16.2800,16.4700,15.9200,16.2800,0.0200,0.1200,62471.1400,101185.4340,14.4500,45.0000,0.5765,1.5835,0.8700,16.3595,14.2140,2.8962,1.6047,1.2157,109592.6265,108357.7719,39450.6721,1784167.9594,1764064.5265,5.4755,5.4755,5.8354
2024-01-24,16.3300,16.7900,16.1800,16.6300,0.3500,2.1500,60123.0000,99399.0410,14.7600,45.9700,0.5549,1.5240,0.8500,16.7112,14.5196,2.9584,1.6392,1.2419,109592.6265,108357.7719,39450.6721,1822525.3787,1801989.7467,5.3603,5.3603,5.8175
2024-01-25,16.6400,16.7900,16.5000,16.6700,0.0400,0.2400,65991.4200,109647.5110,14.8000,46.0800,0.6090,1.6728,0.9900,16.7514,14.5546,2.9655,1.6432,1.2449,109592.6265,108357.7719,39450.6721,1826909.0838,1806324.0576,5.3474,5.3474,5.7091
2024-01-26,16.5700,16.7900,16.4100,16.4900,-0.1800,-1.0800,41992.5300,69474.6290,14.6400,45.5800,0.3875,1.0644,0.6700,16.5706,14.3974,2.9335,1.6254,1.2314,109592.6265,108357.7719,39450.6721,1807182.4110,1786819.6586,5.4058,5.4058,5.7333
2024-01-29,16.3500,17.0000,16.3500,16.7700,0.2800,1.7000,92730.5000,154524.9430,14.8900,46.3500,0.8558,2.3505,1.5900,16.8519,14.6419,2.9833,1.6530,1.2523,109592.6265,108357.7719,39450.6721,1837868.3464,1817159.8348,5.3155,5.3155,5.8104
2024-01-30,16.6100,16.7500,16.0800,16.1500,-0.6200,-3.7000,56294.4100,92169.4290,14.3400,44.6400,0.5195,1.4270,0.8700,16.2289,14.1005,2.8730,1.5919,1.2060,109592.6265,108357.7719,39450.6721,1769920.9180,1749978.0162,5.5196,5.5196,5.7194
2024-01-31,15.9000,16.3600,15.9000,16.1100,-0.0400,-0.2500,50139.1900,81113.6860,14.3000,44.5300,0.4627,1.2709,0.7900,16.1887,14.0656,2.8659,1.5880,1.2030,109592.6265,108357.7719,39450.6721,1765537.2129,1745643.7053,5.5333,5.5333,5.9748
2024-02-01,16.0500,16.1700,15.8700,16.0100,-0.1000,-0.6200,46884.5900,74970.4610,14.2100,44.2500,0.4327,1.1884,0.7600,16.0882,13.9783,2.8481,1.5781,1.1956,109592.6265,108357.7719,39450.6721,1754577.9503,1734807.9281,5.5679,5.5679,5.9190
2024-02-02,16.0200,16.2400,15.3600,15.7800,-0.2300,-1.4400,50915.5700,80614.3460,14.0100,43.6200,0.4699,1.2906,0.8800,15.8571,13.7775,2.8072,1.5555,1.1784,109592.6265,108357.7719,39450.6721,1729371.6462,1709885.6406,5.6490,5.6490,5.9301
2024-02-05,15.6300,16.6800,15.2300,16.4000,0.6200,3.9300,102419.1300,162968.4960,14.5600,45.3300,0.9452,2.5961,1.7200,16.4801,14.3188,2.9175,1.6166,1.2247,109592.6265,108357.7719,39450.6721,1797319.0746,1777067.4592,5.4355,5.4355,6.0781
2024-02-06,16.3000,17.6800,16.1800,17.5500,1.1500,7.0100,121844.9800,208463.8870,15.5800,48.5100,1.1245,3.0885,1.9900,17.6357,15.3229,3.1221,1.7299,1.3106,109592.6265,108357.7719,39450.6721,1923350.5951,1901678.8968,5.0793,5.0793,5.8282
2024-02-07,17.5500,18.4700,17.4200,18.4700,0.9200,5.2400,138867.5200,252307.7120,16.4000,51.0500,1.2816,3.5200,1.8700,18.5602,16.1261,3.2858,1.8206,1.3793,109592.6265,108357.7719,39450.6721,2024175.8115,2001368.0470,4.8263,4.8263,5.4131
2024-02-08,18.5000,19.3400,17.3500,17.7500,-0.7200,-3.9000,159264.4100,291956.5240,15.7600,49.0600,1.4698,4.0371,1.7300,17.8367,15.4975,3.1577,1.7496,1.3255,109592.6265,108357.7719,39450.6721,1945269.1204,1923350.4512,5.0221,5.0221,5.1351
2024-02-19,17.9000,18.5000,17.4500,18.4000,0.6500,3.6600,129218.3200,233774.6100,16.3300,50.8600,1.1925,3.2754,1.1300,18.4899,16.0650,3.2733,1.8137,1.3741,109592.6265,108357.7719,39450.6721,2016504.3276,1993783.0030,4.8447,4.8447,5.3073
2024-02-20,18.1700,18.4800,18.0000,18.1900,-0.2100,-1.1400,60903.5700,111079.9590,16.1500,50.2800,0.5621,1.5438,0.4700,18.2789,15.8817,3.2359,1.7930,1.3584,109592.6265,108357.7719,39450.6721,1993489.8760,1971027.8709,4.9006,4.9006,5.2284
2024-02-21,18.0300,18.6000,17.9200,18.0000,-0.1900,-1.0400,64153.7300,117197.4260,15.9800,49.7500,0.5921,1.6262,0.5300,18.0879,15.7158,3.2021,1.7743,1.3442,109592.6265,108357.7719,39450.6721,1972667.2770,1950439.8942,4.9523,4.9523,5.2690
2024-02-22,17.8800,18.1300,17.5700,17.7900,-0.2100,-1.1700,73907.7000,131529.8090,15.7900,49.1700,0.6821,1.8734,0.6700,17.8769,15.5324,3.1648,1.7536,1.3285,109592.6265,108357.7719,39450.6721,1949652.8254,1927684.7621,5.0108,5.0108,5.3132
2024-02-23,17.8000,18.1000,17.4700,18.0500,0.2600,1.4600,83224.5300,147532.3910,16.0200,49.8900,0.7681,2.1096,0.8500,18.1382,15.7594,3.2110,1.7792,1.3479,109592.6265,108357.7719,39450.6721,1978146.9083,1955857.7828,4.9386,4.9386,5.3371
2024-02-26,17.9600,18.1000,17.5000,17.8400,-0.2100,-1.1600,83436.7700,148169.3280,15.8400,49.3100,0.7700,2.1150,1.0100,17.9272,15.5761,3.1737,1.7585,1.3322,109592.6265,108357.7719,39450.6721,1955132.4568,1933102.6507,4.9967,4.9967,5.2895
2024-02-27,17.7600,18.1000,17.6300,17.9100,0.0700,0.3900,54658.2200,97765.1930,15.9000,49.5000,0.5044,1.3855,0.7500,17.9975,15.6372,3.1861,1.7654,1.3375,109592.6265,108357.7719,39450.6721,1962803.9406,1940687.6947,4.9772,4.9772,5.3491
2024-02-28,17.8100,18.5200,17.7000,18.1400,0.2300,1.2800,111490.1500,203095.4850,16.1000,50.1400,1.0289,2.8261,1.5500,18.2286,15.8380,3.2271,1.7881,1.3546,109592.6265,108357.7719,39450.6721,1988010.2447,1965609.9823,4.9141,4.9141,5.3341
2024-02-29,17.9500,18.5300,17.8700,18.5000,0.3600,1.9800,67263.2100,123232.7770,16.4200,51.1300,0.6208,1.7050,0.8300,18.5904,16.1523,3.2911,1.8236,1.3815,109592.6265,108357.7719,39450.6721,2027463.5903,2004618.7802,4.8185,4.8185,5.2925
2024-03-01,18.5100,18.5300,18.1100,18.1900,-0.3100,-1.6800,71562.4700,130750.7530,16.1500,50.2800,0.6604,1.8140,0.8900,18.2789,15.8817,3.2359,1.7930,1.3584,109592.6265,108357.7719,39450.6721,1993489.8760,1971027.8709,4.9006,4.9006,5.1324
2024-03-04,18.2600,18.8000,18.2000,18.7600,0.5700,3.1300,77357.7600,143532.3480,16.6500,51.8500,0.7139,1.9609,1.0000,18.8517,16.3793,3.3373,1.8492,1.4009,109592.6265,108357.7719,39450.6721,2055957.6731,2032791.8008,4.7517,4.7517,5.2026
2024-03-05,18.9400,19.3200,18.7300,19.1900,0.4300,2.2900,100492.2900,191422.7850,17.0300,53.0400,0.9274,2.5473,1.3100,19.2838,16.7548,3.4138,1.8916,1.4331,109592.6265,108357.7719,39450.6721,2103082.5025,2079385.6428,4.6452,4.6452,5.0158
2024-03-06,19.1900,19.9000,18.8300,19.5700,0.3800,1.9800,90387.2400,175764.3040,17.3700,54.0900,0.8342,2.2911,1.0600,19.6656,17.0865,3.4814,1.9290,1.4614,109592.6265,108357.7719,39450.6721,2144727.7006,2120561.5961,4.5550,4.5550,4.9505
2024-03-07,19.7000,20.3400,19.5800,20.1900,0.6200,3.1700,92594.1200,185835.1290,17.9200,55.8100,0.8545,2.3471,1.1400,20.2886,17.6279,3.5917,1.9902,1.5077,109592.6265,108357.7719,39450.6721,2212675.1290,2187743.4147,4.4151,4.4151,4.8223
2024-03-08,19.9400,20.1900,19.5000,19.8000,-0.3900,-1.9300,80459.9200,158684.5980,17.5800,54.7300,0.7425,2.0395,0.9300,19.8967,17.2874,3.5224,1.9517,1.4786,109592.6265,108357.7719,39450.6721,2169934.0047,2145483.8836,4.5021,4.5021,4.7643
2024-03-11,19.7700,19.8900,18.9500,19.4300,-0.3700,-1.8700,84527.8200,163231.8350,17.2500,53.7000,0.7801,2.1426,0.9600,19.5249,16.9643,3.4565,1.9152,1.4510,109592.6265,108357.7719,39450.6721,2129384.7329,2105391.5080,4.5878,4.5878,4.8053
2024-03-12,19.3700,19.7000,19.1500,19.3900,-0.0400,-0.2100,52425.7500,101781.9240,17.2100,53.5900,0.4838,1.3289,0.5800,19.4847,16.9294,3.4494,1.9113,1.4480,109592.6265,108357.7719,39450.6721,2125001.0278,2101057.1971,4.5973,4.5973,4.9045
2024-03-13,19.3700,19.3800,18.8900,19.1900,-0.2000,-1.0300,47600.4100,91016.5250,17.0300,53.0400,0.4393,1.2066,0.5900,19.2838,16.7548,3.4138,1.8916,1.4331,109592.6265,108357.7719,39450.6721,2103082.5025,2079385.6428,4.6452,4.6452,4.9045
2024-03-14,19.1800,19.4900,19.1300,19.3200,0.1300,0.6800,55203.1000,106709.7800,17.1500,53.4000,0.5095,1.3993,0.7700,19.4144,16.8683,3.4370,1.9044,1.4428,109592.6265,108357.7719,39450.6721,2117329.5440,2093472.1531,4.6140,4.6140,4.9531
2024-03-15,19.2500,19.7600,18.9500,19.6400,0.3200,1.6600,58448.5400,113190.9260,17.4300,54.2800,0.5394,1.4816,0.9100,19.7360,17.1477,3.4939,1.9359,1.4667,109592.6265,108357.7719,39450.6721,2152399.1845,2128146.6401,4.5388,4.5388,4.9351
2024-03-18,19.5800,19.6700,19.0900,19.3200,-0.3200,-1.6300,87463.7600,169362.7530,17.1500,53.4000,0.8072,2.2170,1.4700,19.4144,16.8683,3.4370,1.9044,1.4428,109592.6265,108357.7719,39450.6721,2117329.5440,2093472.1531,4.6140,4.6140,4.8519
2024-03-19,19.2500,19.3900,18.7800,18.8900,-0.4300,-2.2300,83108.8700,157902.6320,16.7700,52.2100,0.7670,2.1067,1.3800,18.9823,16.4928,3.3605,1.8620,1.4106,109592.6265,108357.7719,39450.6721,2070204.7146,2046878.3112,4.7190,4.7190,4.9351
2024-03-20,18.8000,18.8900,18.5100,18.5800,-0.3100,-1.6400,56689.5100,105483.8440,16.4900,51.3600,0.5232,1.4370,0.8500,18.6708,16.2222,3.3053,1.8315,1.3875,109592.6265,108357.7719,39450.6721,2036231.0004,2013287.4019,4.7977,4.7977,5.0532
2024-03-21,18.9700,19.0000,18.3200,18.4700,-0.1100,-0.5900,65621.6500,121439.8760,16.4000,51.0500,0.6056,1.6634,0.9600,18.5602,16.1261,3.2858,1.8206,1.3793,109592.6265,108357.7719,39450.6721,2024175.8115,2001368.0470,4.8263,4.8263,5.0079
2024-03-22,18.4200,18.4900,18.2000,18.3100,-0.1600,-0.8700,42775.8100,78266.3470,16.2500,50.6100,0.3948,1.0843,0.6100,18.3995,15.9864,3.2573,1.8048,1.3673,109592.6265,108357.7719,39450.6721,2006640.9912,1984030.8035,4.8685,4.8685,5.1574
2024-03-25,18.1800,18.4000,18.0000,18.0600,-0.2500,-1.3700,47019.5700,85652.2330,16.0300,49.9200,0.4339,1.1919,0.7000,18.1482,15.7682,3.2128,1.7802,1.3487,109592.6265,108357.7719,39450.6721,1979242.8346,1956941.3605,4.9359,4.9359,5.2255
2024-03-26,18.0700,18.2900,17.8500,17.9200,-0.1400,-0.7800,55335.7000,99993.4150,15.9100,49.5300,0.5107,1.4027,0.9400,18.0075,15.6459,3.1879,1.7664,1.3382,109592.6265,108357.7719,39450.6721,1963899.8669,1941771.2724,4.9744,4.9744,5.2573
2024-03-27,17.8900,18.7800,17.8800,18.4000,0.4800,2.6800,104356.1000,192116.4620,16.3300,50.8600,0.9631,2.6452,1.9500,18.4899,16.0650,3.2733,1.8137,1.3741,109592.6265,108357.7719,39450.6721,2016504.3276,1993783.0030,4.8447,4.8447,5.3102
2024-03-28,18.4000,18.6900,18.2600,18.4400,0.0400,0.2200,56492.6000,104501.9990,16.3700,50.9700,0.5214,1.4320,0.9000,18.5301,16.0999,3.2804,1.8177,1.3770,109592.6265,108357.7719,39450.6721,2020888.0327,1998117.3138,4.8341,4.8341,5.1630
2024-03-29,18.5900,19.4400,18.5400,19.2300,0.7900,4.2800,91102.5600,174290.1240,17.0700,53.1500,0.8408,2.3093,1.4900,19.3239,16.7897,3.4210,1.8955,1.4360,109592.6265,108357.7719,39450.6721,2107466.2076,2083719.9536,4.6356,4.6356,5.1103
2024-04-01,19.3000,19.4000,18.9100,19.1000,-0.1300,-0.6800,63917.2400,122349.2390,16.9500,52.7900,0.5899,1.6202,0.9000,19.1933,16.6762,3.3978,1.8827,1.4263,109592.6265,108357.7719,39450.6721,2093219.1662,2069633.4433,4.6671,4.6671,4.9223
2024-04-02,19.0100,19.0200,18.7600,18.8600,-0.2400,-1.2600,30648.9900,57855.1620,16.7400,52.1300,0.2828,0.7769,0.4100,18.9521,16.4666,3.3551,1.8591,1.4084,109592.6265,108357.7719,39450.6721,2066916.9358,2043627.5780,4.7265,4.7265,4.9974
2024-04-03,19.0100,19.4500,18.9700,19.3800,0.5200,2.7600,82441.9500,159013.7630,17.2000,53.5700,0.7608,2.0897,1.1900,19.4747,16.9207,3.4476,1.9103,1.4472,109592.6265,108357.7719,39450.6721,2123905.1016,2099973.6194,4.5997,4.5997,4.9974
2024-04-08,19.2100,19.7000,18.8000,18.8500,-0.5300,-2.7300,113034.3100,217612.7300,16.7300,52.1000,1.0432,2.8652,1.7400,18.9421,16.4579,3.3534,1.8581,1.4077,109592.6265,108357.7719,39450.6721,2065821.0095,2042544.0003,4.7290,4.7290,4.9453
2024-04-09,18.7000,18.7500,17.9800,18.5300,-0.3200,-1.7000,109729.0300,200603.4200,16.4500,51.2200,1.0127,2.7814,1.4400,18.6205,16.1785,3.2964,1.8265,1.3838,109592.6265,108357.7719,39450.6721,2030751.3690,2007869.5133,4.8107,4.8107,5.0802
2024-04-10,18.4000,18.7000,18.1400,18.4200,-0.1100,-0.5900,75793.8400,139156.1640,16.3500,50.9100,0.6995,1.9212,0.9500,18.5100,16.0825,3.2769,1.8157,1.3756,109592.6265,108357.7719,39450.6721,2018696.1801,1995950.1584,4.8394,4.8394,5.1630
2024-04-11,18.3100,18.8300,18.1000,18.2700,-0.1500,-0.8100,95580.8700,175813.8140,16.2200,50.5000,0.8821,2.4228,1.1600,18.3593,15.9515,3.2502,1.8009,1.3643,109592.6265,108357.7719,39450.6721,2002257.2862,1979696.4926,4.8791,4.8791,5.1884
2024-04-12,18.4900,19.0500,18.3500,18.8400,0.5700,3.1200,80520.4000,151456.5670,16.7200,52.0700,0.7431,2.0410,0.8400,18.9320,16.4492,3.3516,1.8571,1.4069,109592.6265,108357.7719,39450.6721,2064725.0833,2041460.4226,4.7315,4.7315,5.1379
2024-04-15,18.4100,18.7700,18.0100,18.5900,-0.2500,-1.3300,115240.0000,212159.7390,16.5000,51.3800,1.0635,2.9211,1.2100,18.6808,16.2309,3.3071,1.8324,1.3882,109592.6265,108357.7719,39450.6721,2037326.9266,2014370.9796,4.7951,4.7951,5.1602
2024-04-16,18.5900,18.8900,17.8200,17.8400,-0.7500,-4.0300,103915.7500,188682.7890,15.8400,49.3100,0.9590,2.6341,1.0900,17.9272,15.5761,3.1737,1.7585,1.3322,109592.6265,108357.7719,39450.6721,1955132.4568,1933102.6507,4.9967,4.9967,5.1103
2024-04-17,17.9900,18.1400,17.7800,17.8400,0.0000,0.0000,87146.7400,156083.7210,15.8400,49.3100,0.8043,2.2090,0.9300,17.9272,15.5761,3.1737,1.7585,1.3322,109592.6265,108357.7719,39450.6721,1955132.4568,1933102.6507,4.9967,4.9967,5.2807
2024-04-18,17.8000,17.9500,17.4400,17.8600,0.0200,0.1100,99878.2700,176971.5220,15.8500,49.3700,0.9217,2.5317,1.0400,17.9473,15.5935,3.1772,1.7605,1.3337,109592.6265,108357.7719,39450.6721,1957324.3093,1935269.8061,4.9911,4.9911,5.3371
2024-04-19,17.8300,18.3300,17.7200,18.1200,0.2600,1.4600,90362.5000,163729.5820,16.0800,50.0800,0.8339,2.2905,0.9300,18.2085,15.8206,3.2235,1.7861,1.3531,109592.6265,108357.7719,39450.6721,1985818.3922,1963442.8268,4.9195,4.9195,5.3281
2024-04-22,18.0900,18.1700,17.5000,17.5600,-0.5600,-3.0900,97429.0200,172428.4550,15.5900,48.5400,0.8991,2.4696,0.9800,17.6458,15.3316,3.1239,1.7309,1.3113,109592.6265,108357.7719,39450.6721,1924446.5213,1902762.4746,5.0764,5.0764,5.2515
2024-04-23,17.3500,17.4800,16.9500,17.2600,-0.3000,-1.7100,74600.8500,128308.5110,15.3200,47.7100,0.6885,1.8910,0.7800,17.3443,15.0697,3.0705,1.7013,1.2889,109592.6265,108357.7719,39450.6721,1891568.7334,1870255.1430,5.1646,5.1646,5.4755
2024-04-24,17.3400,17.8900,17.2800,17.7900,0.5300,3.0700,64542.0000,113808.3030,15.7900,49.1700,0.5956,1.6360,0.7200,17.8769,15.5324,3.1648,1.7536,1.3285,109592.6265,108357.7719,39450.6721,1949652.8254,1927684.7621,5.0108,5.0108,5.4787
2024-04-25,17.7000,17.7100,17.3800,17.4700,-0.3200,-1.8000,56703.0700,99317.7540,15.5100,48.2900,0.5233,1.4373,0.6600,17.5553,15.2530,3.1079,1.7220,1.3046,109592.6265,108357.7719,39450.6721,1914583.1850,1893010.2751,5.1026,5.1026,5.3672
2024-04-26,16.9000,16.9000,15.8400,16.1900,-1.2800,-7.3300,329746.1300,532447.3190,14.3700,44.7500,3.0458,8.3584,4.3000,13.4821,13.7340,2.6393,1.0892,1.0293,109592.6265,108260.9919,39450.6721,1774304.6230,1752745.4589,5.5060,5.5060,5.6213
2024-04-29,16.0600,16.3100,15.6500,16.2900,0.1000,0.6200,220454.7800,353386.7560,14.4600,45.0300,2.0363,5.5846,1.7700,13.5653,13.8188,2.6556,1.0959,1.0356,109592.6265,108260.9919,39475.8027,1785263.8857,1763571.5581,5.4722,5.4722,5.9153
2024-04-30,16.2900,16.4100,15.9200,15.9700,-0.3200,-1.9600,138356.0900,223370.3820,14.1800,44.1400,1.2780,3.5048,0.9300,13.2989,13.5473,2.6035,1.0744,1.0153,109592.6265,108260.9919,39475.8027,1750194.2452,1728928.0406,5.5818,5.5818,5.8318
2024-05-06,16.0100,16.3600,15.7800,16.3100,0.3400,2.1300,167272.6600,269406.7020,14.4800,45.0800,1.5451,4.2373,1.0300,13.5820,13.8358,2.6589,1.0973,1.0369,109592.6265,108260.9919,39475.8027,1787455.7382,1765736.7779,5.4655,5.4655,5.9338
2024-05-07,16.2700,16.4800,16.0100,16.1000,-0.2100,-1.2900,135784.9500,219433.0420,14.2900,44.5000,1.2542,3.4397,0.7400,13.4071,13.6576,2.6247,1.0831,1.0235,109592.6265,108260.9919,39475.8027,1764441.2867,1743001.9696,5.5367,5.5367,5.8390
2024-05-08,16.0900,16.0900,15.7700,15.8500,-0.2500,-1.5500,89963.2500,142892.2390,14.0700,43.8100,0.8310,2.2789,0.4500,13.1989,13.4455,2.5839,1.0663,1.0077,109592.6265,108260.9919,39475.8027,1737043.1300,1715936.7216,5.6241,5.6241,5.9043
2024-05-09,15.8000,16.1800,15.7900,16.0600,0.2100,1.3200,121798.2500,195429.2610,14.2600,44.3900,1.1250,3.0854,0.8100,13.3738,13.6237,2.6181,1.0804,1.0210,109592.6265,108260.9919,39475.8027,1760057.5816,1738671.5299,5.5505,5.5505,6.0127
2024-05-10,16.1400,16.3100,15.9800,16.1500,0.0900,0.5600,129549.5100,208970.1610,14.3400,44.6400,1.1966,3.2817,0.9900,13.4487,13.7000,2.6328,1.0865,1.0267,109592.6265,108260.9919,39475.8027,1769920.9180,1748415.0192,5.5196,5.5196,5.8860
2024-05-13,16.1400,17.0000,16.0400,16.9700,0.8200,5.0800,238694.7600,396512.0530,15.0600,46.9100,2.2048,6.0466,1.8500,14.1316,14.3956,2.7665,1.1417,1.0789,109592.6265,108260.9919,39475.8027,1859786.8717,1837189.0325,5.2529,5.2529,5.8860
2024-05-14,16.9500,17.3300,16.6800,17.2000,0.2300,1.3600,170503.7500,290356.3060,15.2700,47.5400,1.5749,4.3192,1.1900,14.3231,14.5907,2.8040,1.1571,1.0935,109592.6265,108260.9919,39475.8027,1884993.1758,1862089.0607,5.1827,5.1827,5.6047
2024-05-15,17.1900,17.2000,16.9300,16.9800,-0.2200,-1.2800,118445.4300,201946.1320,15.0700,46.9300,1.0941,3.0005,0.7900,14.1399,14.4041,2.7681,1.1423,1.0795,109592.6265,108260.9919,39475.8027,1860882.7980,1838271.6425,5.2498,5.2498,5.5265
2024-05-16,17.0800,17.1300,16.7700,16.8300,-0.1500,-0.8800,80085.0000,135731.8030,14.9400,46.5200,0.7397,2.0287,0.5100,14.0150,14.2769,2.7437,1.1323,1.0700,109592.6265,108260.9919,39475.8027,1844443.9040,1822032.4937,5.2966,5.2966,5.5621
2024-05-17,16.8500,16.9800,16.6800,16.9000,0.0700,0.4200,66875.6800,112386.1600,15.0000,46.7100,0.6177,1.6941,0.4500,14.0733,14.3363,2.7551,1.1370,1.0744,109592.6265,108260.9919,39475.8027,1852115.3879,1829610.7631,5.2747,5.2747,5.6380
2024-05-20,17.0500,17.3500,16.9500,17.1800,0.2800,1.6600,125409.0200,215400.7750,15.2500,47.4900,1.1584,3.1769,0.9300,14.3065,14.5738,2.8007,1.1558,1.0922,109592.6265,108260.9919,39475.8027,1882801.3233,1859923.8408,5.1887,5.1887,5.5718
2024-05-21,17.0700,17.1700,16.9100,17.0900,-0.0900,-0.5200,60911.3300,103925.8030,15.1700,47.2400,0.5626,1.5430,0.5400,14.2315,14.4974,2.7861,1.1497,1.0865,109592.6265,108260.9919,39475.8027,1872937.9869,1850180.3516,5.2160,5.2160,5.5653
2024-05-22,17.0900,17.6000,17.0000,17.3100,0.2200,1.2900,108380.0000,187816.5220,15.3700,47.8400,1.0011,2.7455,1.2000,14.4147,14.6841,2.8219,1.1645,1.1005,109592.6265,108260.9919,39475.8027,1897048.3647,1873997.7698,5.1497,5.1497,5.5588
2024-05-23,17.1500,17.3900,17.0500,17.3200,0.0100,0.0600,73535.0000,127010.1220,15.3700,47.8700,0.6792,1.8628,0.8300,14.4231,14.6925,2.8236,1.1652,1.1011,109592.6265,108260.9919,39475.8027,1898144.2910,1875080.3797,5.1467,5.1467,5.5394
2024-05-24,17.2700,17.5700,17.1700,17.2600,-0.0600,-0.3500,48719.9100,84648.3420,15.3200,47.7100,0.4500,1.2342,0.5600,14.3731,14.6416,2.8138,1.1612,1.0973,109592.6265,108260.9919,39475.8027,1891568.7334,1868584.7202,5.1646,5.1646,5.5009
2024-05-27,17.3900,17.3900,17.0100,17.1300,-0.1300,-0.7500,57801.1700,99151.3800,15.2100,47.3500,0.5339,1.4642,0.6900,14.2648,14.5314,2.7926,1.1524,1.0890,109592.6265,108260.9919,39475.8027,1877321.6919,1854510.7912,5.2038,5.2038,5.4629
2024-05-28,17.1200,17.2900,16.9700,17.1400,0.0100,0.0600,59998.8800,102917.4550,15.2200,47.3700,0.5542,1.5199,0.8600,14.2732,14.5398,2.7942,1.1531,1.0897,109592.6265,108260.9919,39475.8027,1878417.6182,1855593.4012,5.2008,5.2008,5.5491
2024-05-29,17.1300,17.1600,16.8000,16.8700,-0.2700,-1.5800,56597.8300,95958.2330,14.9800,46.6300,0.5228,1.4337,0.8100,14.0483,14.3108,2.7502,1.1349,1.0725,109592.6265,108260.9919,39475.8027,1848827.6091,1826362.9334,5.2840,5.2840,5.5458
2024-05-30,16.7800,16.8600,16.4300,16.5300,-0.3400,-2.0200,76063.9600,126376.3350,14.6700,45.6900,0.7026,1.9269,1.2800,13.7652,14.0224,2.6948,1.1121,1.0509,109592.6265,108260.9919,39475.8027,1811566.1160,1789554.1961,5.3927,5.3927,5.6615
2024-05-31,16.5500,16.9300,16.5500,16.7300,0.2000,1.2100,53284.0000,89004.3750,14.8500,46.2400,0.4922,1.3498,0.8900,13.9317,14.1920,2.7274,1.1255,1.0636,109592.6265,108260.9919,39475.8027,1833484.6413,1811206.3945,5.3283,5.3283,5.7402
2024-06-03,16.7300,16.8300,16.2700,16.4000,-0.3300,-1.9700,68758.7500,113370.8170,14.5600,45.3300,0.6351,1.7418,1.1300,13.6569,13.9121,2.6736,1.1033,1.0426,109592.6265,108260.9919,39475.8027,1797319.0746,1775480.2672,5.4355,5.4355,5.6784
2024-06-04,16.4500,16.9300,16.3800,16.8900,0.4900,2.9900,70482.6800,117843.7830,14.9900,46.6800,0.6510,1.7855,1.1200,14.0650,14.3278,2.7535,1.1363,1.0738,109592.6265,108260.9919,39475.8027,1851019.4616,1828528.1532,5.2778,5.2778,5.7751
2024-06-05,16.8600,16.9600,16.4300,16.5100,-0.3800,-2.2500,52213.8300,87114.2000,14.6600,45.6300,0.4823,1.3227,0.8000,13.7485,14.0054,2.6915,1.1107,1.0496,109592.6265,108260.9919,39475.8027,1809374.2635,1787388.9763,5.3993,1.7998,5.6346
2024-06-06,16.5100,16.6800,16.3100,16.3600,-0.1500,-0.9100,44970.7500,74009.2620,14.5200,45.2200,0.4154,1.1392,0.7000,13.6236,13.8782,2.6671,1.1006,1.0401,109592.6265,108260.9919,39475.8027,1792935.3695,1771149.8275,5.4488,1.8163,5.7541
2024-06-07,16.4500,16.5200,16.1800,16.2500,-0.1100,-0.6700,50438.5600,82327.1150,14.4200,44.9100,0.4659,1.2777,0.8700,13.5320,13.7849,2.6491,1.0932,1.0331,109592.6265,108260.9919,39475.8027,1780880.1806,1759241.1184,5.4856,1.8285,5.7751
2024-06-11,16.0900,16.2300,15.9100,16.0500,-0.2000,-1.2300,57664.6700,92783.0560,14.2500,44.3600,0.5326,1.4608,1.0100,13.3655,13.6152,2.6165,1.0798,1.0204,109592.6265,108260.9919,39475.8027,1758961.6553,1737588.9200,5.5540,1.8513,5.9043
2024-06-12,16.0900,16.3500,16.0200,16.2600,0.2100,1.3100,55903.8700,90721.4130,14.4300,44.9400,0.5164,1.4162,1.0100,13.5403,13.7933,2.6507,1.0939,1.0337,109592.6265,108260.9919,39475.8027,1781976.1069,1760323.7283,5.4823,1.8274,5.9043
2024-06-13,16.2400,16.2400,15.7300,15.8000,-0.4600,-2.8300,56065.0300,89101.2820,14.0300,43.6700,0.5179,1.4202,1.0700,13.1573,13.4031,2.5758,1.0630,1.0045,109592.6265,108260.9919,39475.8027,1731563.4987,1710523.6720,5.6419,1.8806,5.8498
2024-06-14,15.7800,15.8200,15.4100,15.4800,-0.3200,-2.0300,69506.5800,108051.5230,13.7400,42.7900,0.6420,1.7607,1.3100,12.8908,13.1317,2.5236,1.0414,0.9841,109592.6265,108260.9919,39475.8027,1696493.8582,1675880.1546,5.7585,1.9195,6.0203
2024-06-17,15.4000,15.4300,14.7100,14.8000,-0.6800,-4.3900,121126.4500,181078.0980,13.1400,40.9100,1.1188,3.0684,2.0900,12.3245,12.5548,2.4127,0.9957,0.9409,109592.6265,108260.9919,39475.8027,1621970.8722,1602262.6801,6.0231,2.0077,6.1688
2024-06-18,14.8000,14.8600,14.5000,14.5700,-0.2300,-1.5500,86247.4400,125868.9810,12.9300,40.2700,0.7967,2.1848,1.2000,12.1330,12.3597,2.3752,0.9802,0.9263,109592.6265,108260.9919,39475.8027,1596764.5681,1577362.6520,6.1182,2.0394,6.4189
2024-06-19,14.5900,14.6200,14.1200,14.1200,-0.4500,-3.0900,103984.3200,148084.0680,12.5300,39.0300,0.9605,2.6341,1.3400,11.7583,11.9780,2.3019,0.9499,0.8977,109592.6265,108260.9919,39475.8027,1547447.8862,1528645.2056,6.3131,2.1044,6.5113
2024-06-20,14.0900,14.1400,13.8500,13.9200,-0.2000,-1.4200,74940.9500,104683.5990,12.3600,38.4700,0.6922,1.8984,0.8600,11.5917,11.8083,2.2693,0.9365,0.8850,109592.6265,108260.9919,39475.8027,1525529.3609,1506993.0072,6.4039,2.1346,6.7424
2024-06-21,13.9100,14.0800,13.6700,13.7200,-0.2000,-1.4400,84977.3400,117255.2280,12.1800,37.9200,0.7849,2.1526,0.9300,11.4252,11.6387,2.2367,0.9230,0.8722,109592.6265,108260.9919,39475.8027,1503610.8356,1485340.8089,6.4972,2.1657,6.8296
2024-06-24,13.6400,13.6400,13.3000,13.3600,-0.3600,-2.6200,109826.4300,147576.1940,11.8600,36.9300,1.0145,2.7821,1.1700,11.1254,11.3333,2.1780,0.8988,0.8494,109592.6265,108260.9919,39475.8027,1464157.4900,1446366.8518,6.6723,2.2241,6.9648
2024-06-25,13.4000,13.4900,13.3000,13.3800,0.0200,0.1500,66585.7500,89274.5190,11.8800,36.9800,0.6150,1.6867,0.7200,11.1421,11.3502,2.1812,0.9001,0.8506,109592.6265,108260.9919,39475.8027,1466349.3426,1448532.0716,6.6623,2.2208,7.0896
2024-06-26,13.3700,13.6000,13.0200,13.5200,0.1400,1.0500,115082.5200,152776.2560,12.0000,37.3700,1.0630,2.9153,1.3100,11.2586,11.4690,2.2041,0.9096,0.8595,109592.6265,108260.9919,39475.8027,1481692.3103,1463688.6105,6.5933,2.1978,7.1055
2024-06-27,13.4400,13.5000,13.1600,13.2000,-0.3200,-2.3700,56595.3400,75163.0860,11.7200,36.4800,0.5228,1.4337,0.6300,10.9922,11.1975,2.1519,0.8880,0.8392,109592.6265,108260.9919,39475.8027,1446622.6698,1429045.0931,6.7532,2.2511,7.0685
2024-06-28,13.1700,13.2700,13.0200,13.0600,-0.1400,-1.0600,63730.6600,83673.9840,11.5900,36.1000,0.5887,1.6144,0.7400,10.8756,11.0788,2.1291,0.8786,0.8303,109592.6265,108260.9919,39475.8027,1431279.7021,1413888.5542,6.8255,2.2752,7.2134
2024-07-01,13.0600,13.4300,12.9900,13.3700,0.3100,2.3700,62814.9100,83144.4050,11.8700,36.9500,0.5802,1.5912,0.7600,11.1337,11.3418,2.1796,0.8995,0.8500,109592.6265,108260.9919,39475.8027,1465253.4163,1447449.4617,6.6673,2.2224,7.2741
2024-07-02,13.3900,13.5700,13.1500,13.1900,-0.1800,-1.3500,64033.1200,85138.7840,11.7100,36.4600,0.5915,1.6221,0.8800,10.9838,11.1891,2.1503,0.8874,0.8385,109592.6265,108260.9919,39475.8027,1445526.7435,1427962.4832,6.7583,2.2528,7.0948
2024-07-03,13.2400,13.2900,13.1200,13.1800,-0.0100,-0.0800,50455.0000,66593.4140,11.7000,36.4300,0.4660,1.2781,0.7000,10.9755,11.1806,2.1486,0.8867,0.8379,109592.6265,108260.9919,39475.8027,1444430.8173,1426879.8732,6.7634,2.2545,7.1752
2024-07-04,13.2200,13.5400,13.1400,13.2100,0.0300,0.2300,93293.5300,124482.7100,11.7300,36.5100,0.8617,2.3633,1.5700,11.0005,11.2060,2.1535,0.8887,0.8398,109592.6265,108260.9919,39475.8027,1447718.5961,1430127.7030,6.7480,2.2493,7.1861
2024-07-05,13.1600,13.9700,13.1100,13.8800,0.6700,5.0700,140578.0800,190899.8260,12.3200,38.3600,1.2985,3.5611,2.1000,11.5584,11.7744,2.2628,0.9338,0.8824,109592.6265,108260.9919,39475.8027,1521145.6558,1502662.5676,6.4223,2.1408,7.2188
2024-07-08,13.8500,13.9500,13.5900,13.7500,-0.1300,-0.9400,111210.3900,152707.6250,12.2100,38.0000,1.0272,2.8172,1.3500,11.4502,11.6641,2.2416,0.9250,0.8741,109592.6265,108260.9919,39475.8027,1506898.6144,1488588.6386,6.4830,2.1610,6.8592
2024-07-09,13.6000,13.8600,13.2400,13.8200,0.0700,0.5100,131056.1300,177438.8810,12.2700,38.2000,1.2106,3.3199,1.4300,11.5085,11.7235,2.2530,0.9298,0.8786,109592.6265,108260.9919,39475.8027,1514570.0982,1496166.9081,6.4502,2.1501,6.9853
2024-07-10,13.1100,13.1400,12.4700,12.8200,-1.0000,-7.2400,220107.0000,279420.0040,11.9300,37.1500,2.0331,5.5757,2.0900,10.6757,10.8752,2.3350,0.8625,0.8150,109592.6265,108260.9919,39475.8027,1404977.4717,1387905.9162,6.9533,7.3396,7.2464
2024-07-11,12.7600,12.8900,12.4500,12.7000,-0.1200,-0.9400,176465.3800,222518.9240,11.8200,36.8100,1.6300,4.4702,1.2700,10.5758,10.7734,2.3132,0.8544,0.8074,109592.6265,108260.9919,39475.8027,1391826.3566,1374914.5971,7.0190,7.4090,7.4451
2024-07-12,12.7800,12.8300,12.4500,12.7300,0.0300,0.2400,139812.5500,176807.7710,11.8500,36.8900,1.2914,3.5417,0.9000,10.6008,10.7988,2.3186,0.8564,0.8093,109592.6265,108260.9919,39475.8027,1395114.1353,1378162.4269,7.0025,7.3915,7.4335
2024-07-15,12.7000,13.1000,12.5800,13.0800,0.3500,2.7500,120393.0100,154984.2530,12.1700,37.9100,1.1121,3.0498,0.7700,10.8922,11.0958,2.3824,0.8800,0.8316,109592.6265,108260.9919,39475.8027,1433471.5546,1416053.7741,6.8151,7.1937,7.4803
2024-07-16,13.0200,13.0500,12.8100,13.0400,-0.0400,-0.3100,92952.2600,120116.8350,12.1400,37.7900,0.8586,2.3547,0.5900,10.8589,11.0618,2.3751,0.8773,0.8290,109592.6265,108260.9919,39475.8027,1429087.8496,1411723.3344,6.8360,7.2158,7.2965
2024-07-17,13.1100,13.2700,12.8900,12.9900,-0.0500,-0.3800,74170.8000,96765.5830,12.0900,37.6500,0.6851,1.8789,0.4900,10.8173,11.0194,2.3660,0.8739,0.8258,109592.6265,108260.9919,39475.8027,1423608.2182,1406310.2848,6.8623,7.2436,7.2464
2024-07-18,12.8600,13.0300,12.7600,12.9700,-0.0200,-0.1500,56100.7700,72429.5740,12.0700,37.5900,0.5182,1.4211,0.4600,10.8006,11.0024,2.3623,0.8726,0.8246,109592.6265,108260.9919,39475.8027,1421416.3657,1404145.0649,6.8729,7.2547,7.3872
2024-07-19,12.9100,12.9100,12.6200,12.7300,-0.2400,-1.8500,68274.7500,86815.7290,11.8500,36.8900,0.6306,1.7295,0.7100,10.6008,10.7988,2.3186,0.8564,0.8093,109592.6265,108260.9919,39475.8027,1395114.1353,1378162.4269,7.0025,7.3915,7.3586
2024-07-22,12.7200,13.0200,12.6400,12.8100,0.0800,0.6300,62998.3700,80862.8300,11.9200,37.1300,0.5819,1.5959,0.7600,10.6674,10.8667,2.3332,0.8618,0.8144,109592.6265,108260.9919,39475.8027,1403881.5455,1386823.3062,6.9588,7.3454,7.4686
2024-07-23,12.8000,12.8200,12.2100,12.2100,-0.6000,-4.6800,115186.1500,143080.5820,11.3600,35.3900,1.0640,2.9179,1.6200,10.1678,10.3577,2.2239,0.8214,0.7762,109592.6265,108260.9919,39475.8027,1338125.9696,1321866.7111,7.3007,7.7063,7.4219
2024-07-24,12.1200,12.2900,11.8100,11.8300,-0.3800,-3.1100,103917.0000,124600.2420,11.0100,34.2900,0.9599,2.6324,1.3800,9.8513,10.0354,2.1547,0.7959,0.7521,109592.6265,108260.9919,39475.8027,1296480.7715,1280727.5342,7.5352,7.9538,7.8383
2024-07-25,11.7800,11.9400,11.7100,11.7700,-0.0600,-0.5100,68390.0200,80880.8730,10.9600,34.1100,0.6317,1.7325,0.8400,9.8013,9.9845,2.1438,0.7918,0.7483,109592.6265,108260.9919,39475.8027,1289905.2139,1274231.8747,7.5736,7.9944,8.0645
2024-07-26,11.7600,11.9900,11.7600,11.9200,0.1500,1.2700,52733.0000,62769.2920,11.1000,34.5500,0.4871,1.3358,0.6300,9.9263,10.1117,2.1711,0.8019,0.7578,109592.6265,108260.9919,39475.8027,1306344.1079,1290471.0234,7.4783,7.8938,8.0782
2024-07-29,11.9900,11.9900,11.5300,11.7500,-0.1700,-1.4300,64768.5000,75791.1840,10.9400,34.0500,0.5983,1.6407,0.8000,9.7847,9.9675,2.1401,0.7905,0.7470,109592.6265,108260.9919,39475.8027,1287713.3614,1272066.6548,7.5865,8.0080,7.9233
2024-07-30,11.7400,11.8200,11.5800,11.7900,0.0400,0.3400,53925.0000,63126.8800,10.9700,34.1700,0.4981,1.3660,0.6700,9.8180,10.0014,2.1474,0.7932,0.7495,109592.6265,108260.9919,39475.8027,1292097.0664,1276397.0945,7.5608,7.9808,8.0920
2024-07-31,11.8100,12.1800,11.7100,12.1200,0.3300,2.8000,149308.8200,178966.0190,11.2800,35.1300,1.3792,3.7823,2.1700,10.0928,10.2814,2.2075,0.8154,0.7705,109592.6265,108260.9919,39475.8027,1328262.6332,1312123.2218,7.3549,7.7635,8.0440
2024-08-01,12.1300,12.1800,11.5800,11.7700,-0.3500,-2.8900,179635.8200,211613.5970,10.9600,34.1100,1.6593,4.5505,2.3100,9.8013,9.9845,2.1438,0.7918,0.7483,109592.6265,108260.9919,39475.8027,1289905.2139,1274231.8747,7.5736,7.9944,7.8318
2024-08-02,11.7300,11.8100,11.5500,11.6200,-0.1500,-1.2700,103020.2800,120080.9470,10.8200,33.6800,0.9516,2.6097,1.0300,9.6764,9.8572,2.1165,0.7817,0.7387,109592.6265,108260.9919,39475.8027,1273466.3199,1257992.7259,7.6714,8.0976,8.0989
2024-08-05,11.5500,11.8700,11.3500,11.3700,-0.2500,-2.1500,158632.5700,183571.6860,10.5800,32.9500,1.4653,4.0185,1.4400,9.4682,9.6452,2.0709,0.7649,0.7228,109592.6265,108260.9919,39475.8027,1246068.1633,1230927.4779,7.8401,8.2756,8.2251
2024-08-06,11.4700,11.6300,11.3600,11.4600,0.0900,0.7900,86277.4100,98889.4050,10.6700,33.2100,0.7969,2.1856,0.6700,9.5432,9.7215,2.0873,0.7710,0.7286,109592.6265,108260.9919,39475.8027,1255931.4997,1240670.9672,7.7785,8.2106,8.2825
2024-08-07,11.4100,11.5400,11.3000,11.4100,-0.0500,-0.4400,83392.0000,95197.0650,10.6200,33.0700,0.7703,2.1125,0.6200,9.5016,9.6791,2.0782,0.7676,0.7254,109592.6265,108260.9919,39475.8027,1250451.8684,1235257.9176,7.8126,8.2466,8.3260
2024-08-08,11.4200,11.5200,11.3000,11.5000,0.0900,0.7900,92615.2500,105877.9170,10.7000,33.3300,0.8555,2.3461,0.7600,9.5765,9.7554,2.0946,0.7737,0.7311,109592.6265,108260.9919,39475.8027,1260315.2048,1245001.4069,7.7514,8.1821,8.3187
2024-08-09,11.5000,11.7300,11.3100,11.3200,-0.1800,-1.5700,92406.3500,106216.6410,10.5400,32.8100,0.8536,2.3408,0.8800,9.4266,9.6027,2.0618,0.7616,0.7197,109592.6265,108260.9919,39475.8027,1240588.5320,1225514.4283,7.8747,8.3122,8.2609
2024-08-12,11.2500,11.3800,11.2300,11.2500,-0.0700,-0.6200,54736.7500,61798.4100,10.4700,32.6000,0.5056,1.3866,0.5300,9.3683,9.5434,2.0491,0.7569,0.7152,109592.6265,108260.9919,39475.8027,1232917.0481,1217936.1589,7.9237,8.3639,8.4444
2024-08-13,11.3000,11.3700,11.1100,11.2400,-0.0100,-0.0900,69601.2800,77966.8170,10.4600,32.5800,0.6429,1.7631,0.8500,9.3600,9.5349,2.0472,0.7562,0.7146,109592.6265,108260.9919,39475.8027,1231821.1219,1216853.5490,7.9307,8.3713,8.4071
2024-08-14,11.2200,11.2700,10.9000,10.9200,-0.3200,-2.8500,110127.2700,121123.1650,10.1600,31.6500,1.0172,2.7897,1.4000,9.0935,9.2634,1.9890,0.7347,0.6942,109592.6265,108260.9919,39475.8027,1196751.4814,1182210.0315,8.1632,8.6167,8.4670
2024-08-15,10.8500,11.0200,10.7100,10.8000,-0.1200,-1.1000,122649.2200,132838.9260,10.0500,31.3000,1.1329,3.1069,1.4600,8.9936,9.1616,1.9671,0.7266,0.6866,109592.6265,108260.9919,39475.8027,1183600.3662,1169218.7125,8.2539,8.7124,8.7558
2024-08-16,10.7800,10.8300,10.5500,10.5800,-0.2200,-2.0400,107148.0000,114193.1260,9.8500,30.6600,0.9897,2.7143,1.1900,8.8104,8.9750,1.9270,0.7118,0.6726,109592.6265,108260.9919,39475.8027,1159489.9884,1145401.2943,8.4255,8.8936,8.8126
2024-08-19,10.5600,10.8200,10.4900,10.6000,0.0200,0.1900,107464.5000,114605.9310,9.8700,30.7200,0.9926,2.7223,1.1600,8.8270,8.9920,1.9307,0.7131,0.6739,109592.6265,108260.9919,39475.8027,1161681.8409,1147566.5141,8.4096,8.8768,8.9962
2024-08-20,10.5800,10.6000,10.1800,10.2200,-0.3800,-3.5800,130198.8700,134049.4980,9.5100,29.6200,1.2026,3.2982,1.2600,8.5106,8.6696,1.8615,0.6876,0.6497,109592.6265,108260.9919,39475.8027,1120036.6428,1106427.3372,8.7223,9.2068,8.9792
2024-08-21,10.2500,10.3200,10.1500,10.2000,-0.0200,-0.2000,88186.3300,90122.8190,9.4900,29.5600,0.8146,2.2339,0.7600,8.4939,8.6527,1.8578,0.6862,0.6485,109592.6265,108260.9919,39475.8027,1117844.7903,1104262.1174,8.7394,9.2249,9.2683
2024-08-22,10.1800,10.2100,9.9800,10.0500,-0.1500,-1.4700,85003.8500,85497.2390,9.3500,29.1300,0.7852,2.1533,0.7600,8.3690,8.5254,1.8305,0.6761,0.6389,109592.6265,108260.9919,39475.8027,1101405.8963,1088022.9686,8.8698,9.3626,9.3320
2024-08-23,10.0500,10.3000,10.0000,10.1400,0.0900,0.9000,79458.2500,80628.3620,9.4400,29.3900,0.7340,2.0128,0.7700,8.4440,8.6018,1.8469,0.6822,0.6446,109592.6265,108260.9919,39475.8027,1111269.2327,1097766.4579,8.7911,9.2795,9.4527
2024-08-26,10.1600,10.1900,9.9700,10.0600,-0.0800,-0.7900,66048.0000,66483.1720,9.3600,29.1600,0.6101,1.6731,0.6700,8.3774,8.5339,1.8323,0.6768,0.6396,109592.6265,108260.9919,39475.8027,1102501.8226,1089105.5785,8.8610,9.3533,9.3504
2024-08-27,10.0400,10.1700,9.9900,10.0700,0.0100,0.1000,74232.0000,74864.9600,9.3700,29.1800,0.6857,1.8804,0.8300,8.3857,8.5424,1.8341,0.6775,0.6402,109592.6265,108260.9919,39475.8027,1103597.7489,1090188.1884,8.8522,9.3440,9.4622
2024-08-28,10.2600,10.5600,10.2000,10.3200,0.2500,2.4800,210313.1800,218659.2660,9.6100,29.9100,1.9477,5.3276,2.6800,8.5939,9.6038,1.8018,0.6943,0.6891,109592.6265,107979.6332,39475.8027,1130995.9055,1114349.8146,8.6378,9.1176,9.2593
2024-08-29,10.2700,10.6600,10.1500,10.6100,0.2900,2.8100,136038.4500,142832.5670,9.8800,30.7500,1.2599,3.4709,1.3200,8.8354,9.8737,1.8524,0.7138,0.7084,109592.6265,107979.6332,39194.4440,1162777.7672,1145663.9083,8.4017,8.8684,9.2502
2024-08-30,10.6500,11.1200,10.5000,10.8800,0.2700,2.5400,162961.2900,176531.2660,10.1300,31.5300,1.5092,4.1578,1.4400,9.0602,10.1250,1.8995,0.7320,0.7265,109592.6265,107979.6332,39194.4440,1192367.7763,1174818.4092,8.1932,8.6483,8.9202
2024-09-02,10.8300,10.9400,10.5000,10.5200,-0.3600,-3.3100,105810.4000,112854.9180,9.7900,30.4900,0.9799,2.6996,0.8100,8.7604,9.7900,1.8367,0.7077,0.7024,109592.6265,107979.6332,39194.4440,1152914.4308,1135945.7413,8.4735,8.9443,8.7719
2024-09-03,10.5100,10.6700,10.4300,10.6000,0.0800,0.7600,79533.4500,84124.4180,9.8700,30.7200,0.7366,2.0292,0.5800,8.8270,9.8644,1.8507,0.7131,0.7078,109592.6265,107979.6332,39194.4440,1161681.8409,1144584.1119,8.4096,8.8768,9.0390
2024-09-04,10.5300,10.7700,10.5000,10.6700,0.0700,0.6600,62331.0000,66387.7920,9.9300,30.9200,0.5772,1.5903,0.4500,8.8853,9.9295,1.8629,0.7178,0.7125,109592.6265,107979.6332,39194.4440,1169353.3248,1152142.6862,8.3544,8.8186,9.0218
2024-09-05,10.6500,10.8400,10.6200,10.8300,0.1600,1.5000,72601.2000,77984.0810,10.0800,31.3900,0.6724,1.8523,0.6600,9.0186,10.0784,1.8908,0.7286,0.7231,109592.6265,107979.6332,39194.4440,1186888.1450,1169419.4276,8.2310,8.6883,8.9202
2024-09-06,10.7800,10.8500,10.5600,10.5800,-0.2500,-2.3100,70320.0000,75058.3510,9.8500,30.6600,0.6512,1.7941,0.7300,8.8104,9.8458,1.8472,0.7118,0.7064,109592.6265,107979.6332,39194.4440,1159489.9884,1142424.5193,8.4255,8.8936,8.8126
2024-09-09,10.5100,10.5800,10.4000,10.4800,-0.1000,-0.9500,63882.5000,66965.4230,9.7500,30.3700,0.5916,1.6299,0.8200,8.7271,9.7527,1.8297,0.7050,0.6998,109592.6265,107979.6332,39194.4440,1148530.7257,1131626.5559,8.5059,8.9784,9.0390
2024-09-10,10.4800,10.5600,10.2300,10.5200,0.0400,0.3800,83308.7500,86586.4650,9.7900,30.4900,0.7715,2.1255,1.1900,8.7604,9.7900,1.8367,0.7077,0.7024,109592.6265,107979.6332,39194.4440,1152914.4308,1135945.7413,8.4735,8.9443,9.0649
2024-09-11,10.4500,10.5100,10.3700,10.4100,-0.1100,-1.0500,39098.5000,40804.0750,9.6900,30.1700,0.3621,0.9976,0.5500,8.6688,9.6876,1.8175,0.7003,0.6951,109592.6265,107979.6332,39194.4440,1140859.2419,1124067.9816,8.5631,9.0388,9.0909
2024-09-12,10.4200,10.5300,10.3200,10.3900,-0.0200,-0.1900,59861.5800,62391.4960,9.6700,30.1100,0.5544,1.5273,0.9100,8.6522,9.6690,1.8140,0.6990,0.6938,109592.6265,107979.6332,39194.4440,1138667.3893,1121908.3889,8.5796,9.0562,9.1171
2024-09-13,10.4300,10.4900,10.2600,10.2600,-0.1300,-1.2500,55275.0000,57187.3560,9.5500,29.7400,0.5119,1.4103,0.8700,8.5439,9.5480,1.7913,0.6902,0.6851,109592.6265,107979.6332,39194.4440,1124420.3479,1107871.0366,8.6883,9.1709,9.1083
2024-09-18,10.2400,10.3600,10.0700,10.3300,0.0700,0.6800,70794.5200,72218.2690,9.6200,29.9400,0.6556,1.8062,1.1700,8.6022,9.6131,1.8035,0.6950,0.6898,109592.6265,107979.6332,39194.4440,1132091.8317,1115429.6110,8.6294,9.1088,9.2773
2024-09-19,10.3500,10.8200,10.2700,10.7000,0.3700,3.5800,105456.8400,112008.6970,9.9600,31.0100,0.9766,2.6906,1.7100,8.9103,9.9575,1.8681,0.7199,0.7145,109592.6265,107979.6332,39194.4440,1172641.1036,1155382.0752,8.3310,8.7938,9.1787
2024-09-20,10.6800,10.6800,10.4600,10.5700,-0.1300,-1.2100,70244.8200,73984.8010,9.8400,30.6300,0.6505,1.7922,1.0600,8.8021,9.8365,1.8454,0.7111,0.7058,109592.6265,107979.6332,39194.4440,1158394.0621,1141344.7229,8.4335,8.9020,8.8951
2024-09-23,10.5600,10.7200,10.4800,10.5000,-0.0700,-0.6600,55699.2500,58899.8350,9.7700,30.4300,0.5158,1.4211,0.7700,8.7438,9.7713,1.8332,0.7064,0.7011,109592.6265,107979.6332,39194.4440,1150722.5783,1133786.1486,8.4897,8.9613,8.9962
2024-09-24,10.5500,10.9500,10.5000,10.9400,0.4400,4.1900,105334.8400,113318.5180,10.1800,31.7100,0.9755,2.6875,1.4700,9.1102,10.1808,1.9100,0.7360,0.7305,109592.6265,107979.6332,39194.4440,1198943.3339,1181297.1872,8.1482,8.6009,9.0047
2024-09-25,11.0900,11.3300,11.0000,11.0300,0.0900,0.8200,130306.0000,145547.3670,10.2700,31.9700,1.2068,3.3246,1.6000,9.1851,10.2646,1.9257,0.7421,0.7365,109592.6265,107979.6332,39194.4440,1208806.6703,1191015.3542,8.0817,8.5307,8.5663
2024-09-26,11.0200,11.7800,10.9700,11.7300,0.7000,6.3500,167438.6900,190898.1520,10.9200,34.0000,1.5507,4.2720,1.7900,9.7680,10.9160,2.0479,0.7891,0.7832,109592.6265,107979.6332,39194.4440,1285521.5088,1266601.0974,7.5995,5.4885,8.6207
2024-09-27,11.9800,12.4100,11.8500,12.1900,0.4600,3.9200,197342.0100,238341.0650,11.3500,35.3300,1.8276,5.0349,1.8700,10.1511,11.3441,2.1282,0.8201,0.8139,109592.6265,107979.6332,39194.4440,1335934.1170,1316271.7287,7.3127,5.2814,7.9299
2024-09-30,12.5700,13.2500,12.3000,13.1900,1.0000,8.2000,306094.8200,393583.1860,12.2800,38.2300,2.8347,7.8096,2.3300,10.9838,12.2747,2.3028,0.8874,0.8807,109592.6265,107979.6332,39194.4440,1445526.7435,1424251.3619,6.7583,4.8810,7.5577
2024-10-08,14.4500,14.4800,12.6600,13.1700,-0.0200,-0.1500,529380.1400,709675.5930,12.2600,38.1700,4.9026,13.5065,2.9200,10.9672,12.2561,2.2993,0.8860,0.8794,109592.6265,107979.6332,39194.4440,1443334.8910,1422091.7692,6.7685,4.8884,6.5744
2024-10-09,12.8500,12.8600,12.0300,12.0800,-1.0900,-8.2800,271122.0900,337658.9410,11.2400,35.0100,2.5109,6.9174,1.0200,10.0595,11.2417,2.1090,0.8127,0.8066,109592.6265,107979.6332,39194.4440,1323878.9281,1304393.9691,7.3793,5.3295,7.3930
2024-10-10,12.1800,12.4700,11.9400,12.1300,0.0500,0.4100,193191.9800,236694.3410,11.2900,35.1600,1.7892,4.9291,0.6600,10.1011,11.2882,2.1178,0.8161,0.8099,109592.6265,107979.6332,39194.4440,1329358.5594,1309792.9507,7.3489,5.3075,7.7997
2024-10-11,12.1800,12.2400,11.5800,11.7000,-0.4300,-3.5400,165233.9900,196754.5910,10.8900,33.9100,1.5302,4.2158,0.5500,9.7431,10.8881,2.0427,0.7871,0.7812,109592.6265,107979.6332,39194.4440,1282233.7301,1263361.7084,7.6189,5.5026,7.7997
2024-10-14,11.8000,12.0300,11.5400,11.9800,0.2800,2.3900,142341.5300,168306.7410,11.1500,34.7200,1.3182,3.6317,0.4900,9.9762,11.1486,2.0916,0.8060,0.7999,109592.6265,107979.6332,39194.4440,1312919.6655,1293596.0057,7.4409,5.3740,8.0508
2024-10-15,11.9800,11.9900,11.6600,11.6700,-0.3100,-2.5900,131815.9100,155845.6340,10.8600,33.8200,1.2207,3.3631,0.5100,9.7181,10.8602,2.0375,0.7851,0.7792,109592.6265,107979.6332,39194.4440,1278945.9513,1260122.3194,7.6385,5.5167,7.9299
2024-10-16,11.5800,12.0300,11.5000,11.9200,0.2500,2.1400,132899.5000,157027.1030,11.1000,34.5500,1.2308,3.3908,0.7400,9.9263,11.0928,2.0811,0.8019,0.7959,109592.6265,107979.6332,39194.4440,1306344.1079,1287117.2277,7.4783,5.4010,8.2038
2024-10-17,11.9600,12.0300,11.7500,11.7500,-0.1700,-1.4300,106591.7700,126440.5280,10.9400,34.0500,0.9871,2.7196,0.7000,9.7847,10.9346,2.0514,0.7905,0.7846,109592.6265,107979.6332,39194.4440,1287713.3614,1268760.6901,7.5865,5.4792,7.9431
2024-10-18,11.7500,12.2400,11.7000,12.0000,0.2500,2.1300,174600.3000,209736.4320,11.1700,34.7800,1.6170,4.4547,1.2900,9.9929,11.1673,2.0951,0.8073,0.8013,109592.6265,107979.6332,39194.4440,1315111.5180,1295755.5984,7.4285,5.3650,8.0851
2024-10-21,11.8000,11.8900,11.4800,11.6200,-0.3800,-3.1700,177640.0200,206740.0960,11.0900,34.5400,1.6451,4.5323,1.2900,9.6764,10.8136,2.1397,0.7817,0.7759,109592.6265,107979.6332,39194.4440,1273466.3199,1254723.3378,7.6714,8.0976,8.0508
2024-10-22,11.6300,11.8800,11.5700,11.8600,0.2400,2.0700,138727.9700,163137.9580,11.3200,35.2500,1.2848,3.5395,0.9600,9.8763,11.0370,2.1839,0.7979,0.7919,109592.6265,107979.6332,39194.4440,1299768.5503,1280638.4498,7.5162,7.9337,8.1685
2024-10-23,11.8600,12.0900,11.8000,11.9700,0.1100,0.9300,138575.7500,165584.1320,11.4300,35.5800,1.2834,3.5356,0.9500,9.9679,11.1393,2.2042,0.8053,0.7993,109592.6265,107979.6332,39194.4440,1311823.7392,1292516.2094,7.4471,7.8608,8.0101
2024-10-24,11.9100,11.9300,11.7600,11.8100,-0.1600,-1.3400,78170.5200,92411.8930,11.2700,35.1100,0.7239,1.9944,0.5300,9.8347,10.9904,2.1747,0.7945,0.7886,109592.6265,107979.6332,39194.4440,1294288.9190,1275239.4681,7.5480,7.9673,7.9765
2024-10-25,11.8000,11.9100,11.7100,11.7800,-0.0300,-0.2500,122677.0000,144772.2260,11.2500,35.0200,1.1361,3.1300,0.8700,9.8097,10.9625,2.1692,0.7925,0.7866,109592.6265,107979.6332,39194.4440,1291001.1402,1272000.0791,7.5672,7.9876,8.0508
2024-10-28,11.7400,11.8200,11.6000,11.6200,-0.1600,-1.3600,179057.1000,209257.0570,11.0900,34.5400,1.6582,4.5684,1.3700,9.6764,10.8136,2.1397,0.7817,0.7759,109592.6265,107979.6332,39194.4440,1273466.3199,1254723.3378,7.6714,8.0976,8.0920
2024-10-29,11.6400,11.6800,11.3500,11.4100,-0.2100,-1.8100,182129.0000,209505.6490,10.8900,33.9200,1.6867,4.6468,1.3900,9.5016,10.6182,2.1011,0.7676,0.7619,109592.6265,107979.6332,39194.4440,1250451.8684,1232047.6148,7.8126,8.2466,8.1615
2024-10-30,11.3300,11.3800,10.9200,11.0500,-0.3600,-3.1600,228491.6700,253987.4010,10.5500,32.8500,2.1161,5.8297,1.6300,9.2018,10.2832,2.0348,0.7434,0.7378,109592.6265,107979.6332,39194.4440,1210998.5228,1193174.9469,8.0671,8.5153,8.3848
2024-10-31,11.1300,11.3200,11.1000,11.2800,0.2300,2.0800,154950.8200,173966.0050,10.7700,33.5300,1.4350,3.9534,0.9800,9.3933,11.4924,2.0771,0.7589,0.8464,109592.6265,107979.6332,39194.4440,1236204.8269,1218010.2625,7.9026,8.3417,8.5355
2024-11-01,11.2700,11.3900,11.0600,11.1500,-0.1300,-1.1500,120744.2300,135371.7590,10.6400,33.1400,1.1182,3.0806,0.7000,9.2850,11.3599,2.0784,0.7501,0.8367,109592.6265,107979.6332,39194.4440,1221957.7855,1203972.9102,7.9948,8.4389,8.4295
2024-11-04,11.2100,11.3300,11.1000,11.3300,0.1800,1.6100,83276.8700,93558.9620,10.8200,33.6800,0.7712,2.1247,0.4800,9.4349,11.5433,2.1120,0.7622,0.8502,109592.6265,107979.6332,39194.4440,1241684.4582,1223409.2442,7.8678,8.3048,8.4746
2024-11-05,11.3300,11.5200,11.2200,11.4900,0.1600,1.4100,139576.9600,158986.6380,10.9700,34.1500,1.2926,3.5611,0.9100,9.5682,11.7063,2.1418,0.7730,0.8622,109592.6265,107979.6332,39194.4440,1259219.2785,1240685.9855,7.7582,8.1892,8.3848
2024-11-06,11.4500,11.5700,11.3500,11.4300,-0.0600,-0.5200,146771.2700,168156.6390,10.9100,33.9800,1.3592,3.7447,1.0100,9.5182,11.6452,2.1306,0.7690,0.8577,109592.6265,107979.6332,39194.4440,1252643.7209,1234207.2075,7.7989,8.2322,8.2969
2024-11-07,11.3800,12.1200,11.3300,12.1200,0.6900,6.0400,294059.2200,348223.6100,11.5700,36.0300,2.7233,7.5026,2.2800,10.0928,12.3482,2.2593,0.8154,0.9095,109592.6265,107979.6332,39194.4440,1328262.6332,1308713.1544,7.3549,7.7635,8.3480
2024-11-08,12.1400,12.2200,11.9100,12.0600,-0.0600,-0.5000,203792.2500,245745.1980,11.5100,35.8500,1.8873,5.1995,1.3000,10.0428,12.2870,2.2481,0.8113,0.9050,109592.6265,107979.6332,39194.4440,1321687.0756,1302234.3764,7.3915,7.8022,7.8254
2024-11-11,11.9500,12.0200,11.7000,11.9200,-0.1400,-1.1600,150846.2500,178646.6210,11.3800,35.4300,1.3970,3.8487,0.8700,9.9263,12.1444,2.2220,0.8019,0.8945,109592.6265,107979.6332,39194.4440,1306344.1079,1287117.2277,7.4783,7.8938,7.9498
2024-11-12,12.0900,12.6500,12.0200,12.1500,0.2300,1.9300,241778.2300,297172.2500,11.6000,36.1200,2.2391,6.1687,1.2900,10.1178,12.3787,2.2649,0.8174,0.9117,109592.6265,107979.6332,39194.4440,1331550.4120,1311952.5434,7.3368,7.7444,7.8577
2024-11-13,12.1500,12.4800,12.1100,12.4000,0.2500,2.0600,192256.7400,237588.5490,11.8400,36.8600,1.7805,4.9052,0.9300,10.3260,12.6334,2.3115,0.8342,0.9305,109592.6265,107979.6332,39194.4440,1358948.5686,1338947.4517,7.1888,7.5882,7.8189
2024-11-14,12.4100,12.7300,12.3900,12.4300,0.0300,0.2400,226559.5700,284935.3970,11.8700,36.9500,2.0982,5.7804,1.0500,10.3510,12.6640,2.3170,0.8362,0.9327,109592.6265,107979.6332,39194.4440,1362236.3474,1342186.8407,7.1715,7.5699,7.6551
2024-11-15,12.3000,12.5500,12.2000,12.2600,-0.1700,-1.3700,151828.5000,187666.0170,11.7000,36.4400,1.4061,3.8737,0.7500,10.2094,12.4908,2.2854,0.8248,0.9200,109592.6265,107979.6332,39194.4440,1343605.6009,1323830.3030,7.2709,7.6749,7.7236
2024-11-18,12.2500,12.4200,12.1000,12.2700,0.0100,0.0800,157574.0000,193358.0560,11.7100,36.4700,1.4593,4.0203,0.8200,10.2177,12.5010,2.2872,0.8255,0.9207,109592.6265,107979.6332,39194.4440,1344701.5272,1324910.0994,7.2650,7.6686,7.7551
2024-11-19,12.2200,12.6000,12.2200,12.5700,0.3000,2.4400,150059.1200,187035.1970,12.0000,37.3600,1.3897,3.8286,0.7700,10.4675,12.8066,2.3431,0.8457,0.9432,109592.6265,107979.6332,39194.4440,1377579.3151,1357303.9893,7.0916,7.4856,7.7741
2024-11-20,12.5500,12.5500,12.3100,12.4000,-0.1700,-1.3500,99433.0000,123187.4990,11.8400,36.8600,0.9208,2.5369,0.5700,10.3260,12.6334,2.3115,0.8342,0.9305,109592.6265,107979.6332,39194.4440,1358948.5686,1338947.4517,7.1888,7.5882,7.5697
2024-11-21,12.3500,12.4600,12.2300,12.3400,-0.0600,-0.4800,102442.5100,126498.2700,11.7800,36.6800,0.9487,2.6137,0.6500,10.2760,12.5723,2.3003,0.8302,0.9260,109592.6265,107979.6332,39194.4440,1352373.0110,1332468.6737,7.2238,7.6251,7.6923
2024-11-22,12.3400,12.4100,11.9300,11.9500,-0.3900,-3.1600,117000.0900,142104.0560,11.4100,35.5200,1.0835,2.9851,0.8800,9.9512,12.1750,2.2276,0.8039,0.8967,109592.6265,107979.6332,39194.4440,1309631.8867,1290356.6167,7.4596,7.8740,7.6985
2024-11-25,11.9300,12.3100,11.9200,12.2400,0.2900,2.4300,127899.2200,155557.7670,11.6800,36.3800,1.1845,3.2632,1.0200,10.1927,12.4704,2.2816,0.8235,0.9185,109592.6265,107979.6332,39194.4440,1341413.7484,1321670.7104,7.2828,7.6874,7.9631
2024-11-26,12.2600,12.4400,12.1800,12.2200,-0.0200,-0.1600,71306.1200,87738.0870,11.6700,36.3200,0.6604,1.8193,0.6000,10.1761,12.4500,2.2779,0.8221,0.9170,109592.6265,107979.6332,39194.4440,1339221.8958,1319511.1177,7.2947,7.7000,7.7488
2024-11-27,12.1800,12.6500,12.0600,12.6000,0.3800,3.1100,148592.5200,184426.8490,12.0300,37.4500,1.3761,3.7912,1.4300,10.4925,12.8372,2.3487,0.8477,0.9455,109592.6265,107979.6332,39194.4440,1380867.0939,1360543.3783,7.0747,7.4678,7.7997
2024-11-28,12.5700,12.9800,12.4300,12.8500,0.2500,1.9800,172329.3200,220721.8380,12.2700,38.2000,1.5959,4.3968,1.5200,10.7007,13.0919,2.3953,0.8645,0.9643,109592.6265,107979.6332,39194.4440,1408265.2505,1387538.2866,6.9371,7.3225,7.5577
2024-11-29,12.8500,13.1800,12.8000,13.0500,0.2000,1.5600,154523.5700,201789.0480,12.4600,38.7900,1.4310,3.9425,1.2100,10.8673,13.2957,2.4326,0.8779,0.9793,109592.6265,107979.6332,39194.4440,1430183.7758,1409134.2133,6.8308,7.2103,7.3930
2024-12-02,13.0500,13.2600,13.0000,13.1400,0.0900,0.6900,154473.0100,203263.7470,12.5400,39.0600,1.4306,3.9412,1.1400,10.9422,13.3874,2.4494,0.8840,0.9860,109592.6265,107979.6332,39194.4440,1440047.1122,1418852.3802,6.7840,7.1609,7.2797
2024-12-03,13.1900,13.2400,12.9900,13.0300,-0.1100,-0.8400,114409.7400,150199.6840,12.4400,38.7300,1.0595,2.9190,0.8200,10.8506,13.2753,2.4289,0.8766,0.9778,109592.6265,107979.6332,39194.4440,1427991.9233,1406974.6206,6.8413,7.2213,7.2024
2024-12-04,13.0000,13.1200,12.8100,13.1100,0.0800,0.6100,105855.8600,137662.5920,12.5200,38.9700,0.9803,2.7008,0.7100,10.9172,13.3568,2.4438,0.8820,0.9838,109592.6265,107979.6332,39194.4440,1436759.3334,1415612.9913,6.7995,7.1773,7.3077
2024-12-05,13.0200,13.3500,12.9600,13.2800,0.1700,1.3000,87085.7500,114934.8650,12.6800,39.4700,0.8065,2.2219,0.6200,11.0588,13.5300,2.4755,0.8934,0.9965,109592.6265,107979.6332,39194.4440,1455390.0799,1433969.5289,6.7125,7.0854,7.2965
2024-12-06,13.2100,13.3800,13.1700,13.2700,-0.0100,-0.0800,76200.7000,101229.9800,12.6700,39.4500,0.7057,1.9442,0.6200,11.0505,13.5198,2.4736,0.8927,0.9958,109592.6265,107979.6332,39194.4440,1454294.1537,1432889.7326,6.7175,7.0907,7.1915
2024-12-09,13.2800,13.6000,13.2500,13.5800,0.3100,2.3400,111022.6800,149668.7780,12.9600,40.3700,1.0282,2.8326,1.0300,11.3086,13.8356,2.5314,0.9136,1.0190,109592.6265,107979.6332,39194.4440,1488267.8679,1466363.4189,6.5642,6.9289,7.1536
2024-12-10,13.7500,13.9500,13.4000,13.4600,-0.1200,-0.8800,119893.1700,163183.8640,12.8500,40.0100,1.1103,3.0589,1.2100,11.2087,13.7134,2.5090,0.9055,1.0100,109592.6265,107979.6332,39194.4440,1475116.7527,1453405.8629,6.6227,6.9906,6.9091
2024-12-11,13.4100,14.0300,13.3900,14.0000,0.5400,4.0100,160531.0800,222171.7540,13.3700,41.6200,1.4867,4.0958,1.6100,11.6584,14.2636,2.6097,0.9419,1.0505,109592.6265,107979.6332,39194.4440,1534296.7710,1511714.8648,6.3673,6.7210,7.0843
2024-12-12,13.9700,14.5000,13.8000,14.4100,0.4100,2.9300,202900.9500,290024.3460,13.7600,42.8300,1.8791,5.1768,1.8300,11.9998,14.6813,2.6861,0.9694,1.0813,109592.6265,107979.6332,39194.4440,1579229.7479,1555986.5144,6.1861,6.5298,6.8003
2024-12-13,14.3900,14.5300,14.1200,14.2200,-0.1900,-1.3200,307391.2000,440605.4360,13.5800,42.2700,2.8468,7.8427,2.2900,11.8416,14.4877,2.6507,0.9567,1.0671,109592.6265,107979.6332,39194.4440,1558407.1488,1535470.3841,6.2688,6.6170,6.6018
2024-12-16,14.1700,14.4200,14.1000,14.3000,0.0800,0.5600,156838.9500,223928.7830,13.6500,42.5100,1.4525,4.0016,0.8700,11.9082,14.5692,2.6656,0.9620,1.0731,109592.6265,107979.6332,39194.4440,1567174.5590,1544108.7548,6.2337,6.5800,6.7043
2024-12-17,14.2900,14.5300,14.1200,14.3900,0.0900,0.6300,128015.9100,184352.9430,13.7400,42.7700,1.1856,3.2662,0.6800,11.9831,14.6609,2.6824,0.9681,1.0798,109592.6265,107979.6332,39194.4440,1577037.8953,1553826.9217,6.1947,6.5388,6.6480
2024-12-18,14.3900,14.5300,14.1700,14.2300,-0.1600,-1.1100,104978.3900,150838.9840,13.5800,42.3000,0.9722,2.6784,0.5500,11.8499,14.4979,2.6526,0.9573,1.0678,109592.6265,107979.6332,39194.4440,1559503.0751,1536550.1804,6.2643,6.6124,6.6018
2024-12-19,14.1300,14.3700,14.0700,14.3500,0.1200,0.8400,91859.9500,130578.2650,13.7000,42.6600,0.8507,2.3437,0.5100,11.9498,14.6201,2.6749,0.9654,1.0768,109592.6265,107979.6332,39194.4440,1572654.1903,1549507.7364,6.2120,6.5571,6.7233
2024-12-20,14.3100,14.8900,14.2500,14.7200,0.3700,2.5800,139003.2100,204889.2830,14.0500,43.7600,1.2873,3.5465,0.8800,12.2579,14.9971,2.7439,0.9903,1.1046,109592.6265,107979.6332,39194.4440,1613203.4621,1589460.2007,6.0558,6.3923,6.6387
2024-12-23,14.6800,14.7500,13.9700,14.0500,-0.6700,-4.5500,163048.6700,233322.8240,13.4100,41.7600,1.5100,4.1600,1.3100,11.7000,14.3145,2.6190,0.9452,1.0543,109592.6265,107979.6332,39194.4440,1539776.4023,1517113.8465,6.3446,6.6971,6.4714
2024-12-24,14.0100,14.2600,13.9700,14.2000,0.1500,1.0700,110805.3200,156442.4080,13.5600,42.2100,1.0262,2.8271,0.8800,11.8249,14.4673,2.6470,0.9553,1.0656,109592.6265,107979.6332,39194.4440,1556215.2963,1533310.7914,6.2776,6.6263,6.7809
2024-12-25,14.1500,14.3300,14.0600,14.2500,0.0500,0.3500,63968.1500,91029.4850,13.6000,42.3600,0.5924,1.6321,0.5200,11.8665,14.5183,2.6563,0.9587,1.0693,109592.6265,107979.6332,39194.4440,1561694.9276,1538709.7731,6.2556,6.6031,6.7138
2024-12-26,14.2300,14.4300,14.1100,14.2500,0.0000,0.0000,79341.8200,113151.1820,13.6000,42.3600,0.7348,2.0243,0.7000,11.8665,14.5183,2.6563,0.9587,1.0693,109592.6265,107979.6332,39194.4440,1561694.9276,1538709.7731,6.2556,6.6031,6.6760
2024-12-27,14.2500,14.3400,14.0800,14.2500,0.0000,0.0000,65167.8400,92521.3920,13.6000,42.3600,0.6035,1.6627,0.5900,11.8665,14.5183,2.6563,0.9587,1.0693,109592.6265,107979.6332,39194.4440,1561694.9276,1538709.7731,6.2556,6.6031,6.6667
2024-12-30,14.2200,14.4200,14.1200,14.3500,0.1000,0.7000,84730.2400,121029.5170,13.7000,42.6600,0.7847,2.1618,0.8800,11.9498,14.6201,2.6749,0.9654,1.0768,109592.6265,107979.6332,39194.4440,1572654.1903,1549507.7364,6.2120,6.5571,6.6807
2024-12-31,14.3300,14.7000,14.2600,14.5300,0.1800,1.2500,128551.1800,186894.8880,13.8700,43.1900,1.1905,3.2798,1.5900,12.0997,14.8035,2.7085,0.9775,1.0903,109592.6265,107979.6332,39194.4440,1592380.8630,1568944.0704,6.1350,6.4758,6.6294
2025-01-02,14.4600,14.7300,14.1700,14.2400,-0.2900,-2.0000,142110.3300,205523.5960,13.5900,42.3300,1.3161,3.6258,1.6800,11.8582,14.5081,2.6544,0.9580,1.0686,109592.6265,107979.6332,39194.4440,1560599.0014,1537629.9768,6.6077,6.6077,6.5698
2025-01-03,14.2200,14.4600,13.4100,13.4700,-0.7700,-5.4100,163621.3400,225580.9550,12.8600,40.0400,1.5153,4.1746,1.6400,11.2170,13.7236,2.5109,0.9062,1.0108,109592.6265,107979.6332,39194.4440,1476212.6790,1454485.6592,6.9854,6.9854,6.6807
2025-01-06,13.4000,13.8900,13.1700,13.5100,0.0400,0.3000,110395.4000,149963.4330,12.9000,40.1600,1.0224,2.8166,0.9400,11.2503,13.7643,2.5184,0.9089,1.0138,109592.6265,107979.6332,39194.4440,1480596.3840,1458804.8445,6.9648,6.9648,7.0896
2025-01-07,13.4900,13.8200,13.4000,13.7200,0.2100,1.5500,69912.1900,95237.8090,13.1000,40.7800,0.6475,1.7837,0.5600,11.4252,13.9783,2.5575,0.9230,1.0295,109592.6265,107979.6332,39194.4440,1503610.8356,1481480.5675,6.8582,6.8582,7.0423
2025-01-08,13.6800,13.8400,13.4700,13.6200,-0.1000,-0.7300,55434.5900,75586.7920,13.0000,40.4900,0.5134,1.4143,0.4500,11.3419,13.8764,2.5389,0.9163,1.0220,109592.6265,107979.6332,39194.4440,1492651.5729,1470682.6042,6.9085,6.9085,6.9444
2025-01-09,13.5600,13.5700,13.2000,13.2100,-0.4100,-3.0100,54580.9600,72837.2570,12.6100,39.2700,0.5055,1.3926,0.5000,11.0005,13.4587,2.4624,0.8887,0.9913,109592.6265,107979.6332,39194.4440,1447718.5961,1426410.9546,7.1229,7.1229,7.0059
2025-01-10,13.1800,13.1900,12.7600,12.7800,-0.4300,-3.2600,81214.6500,105179.0920,12.2000,37.9900,0.7521,2.0721,0.8900,10.6424,13.0206,2.3823,0.8598,0.9590,109592.6265,107979.6332,39194.4440,1400593.7667,1379979.7123,7.3626,7.3626,7.2079
2025-01-13,12.7800,12.9000,12.3200,12.4000,-0.3800,-2.9700,75743.7100,94929.2060,11.8400,36.8600,0.7015,1.9325,1.0200,10.3260,12.6334,2.3115,0.8342,0.9305,109592.6265,107979.6332,39194.4440,1358948.5686,1338947.4517,7.5882,7.5882,7.4335
2025-01-14,12.4400,12.7600,12.2600,12.7300,0.3300,2.6600,89868.2600,112650.6280,12.1500,37.8400,0.8323,2.2929,1.3300,10.6008,12.9696,2.3730,0.8564,0.9552,109592.6265,107979.6332,39194.4440,1395114.1353,1374580.7306,7.3915,7.3915,7.6367
2025-01-15,12.7000,12.9100,12.5800,12.7200,-0.0100,-0.0800,78216.1900,99637.0060,12.1400,37.8100,0.7244,1.9956,1.1000,10.5924,12.9595,2.3711,0.8557,0.9545,109592.6265,107979.6332,39194.4440,1394018.2091,1373500.9343,7.3973,7.3973,7.4803
2025-01-16,12.7600,12.9500,12.5600,12.6600,-0.0600,-0.4700,47323.6300,60377.8550,12.0900,37.6300,0.4383,1.2074,0.6200,10.5425,12.8983,2.3599,0.8517,0.9500,109592.6265,107979.6332,39194.4440,1387442.6515,1367022.1563,7.4324,7.4324,7.4451
2025-01-17,12.6400,12.6500,12.3500,12.4600,-0.2000,-1.5800,77209.5000,96184.6060,11.8900,37.0400,0.7150,1.9699,1.0400,10.3759,12.6946,2.3226,0.8383,0.9350,109592.6265,107979.6332,39194.4440,1365524.1262,1345426.2297,7.5517,7.5517,7.5158
2025-01-20,12.4900,12.8700,12.4800,12.5700,0.1100,0.8800,71295.6500,90271.1160,12.0000,37.3600,0.6603,1.8190,0.9700,10.4675,12.8066,2.3431,0.8457,0.9432,109592.6265,107979.6332,39194.4440,1377579.3151,1357303.9893,7.4856,7.4856,7.6061
2025-01-21,12.6400,12.6500,12.3200,12.4400,-0.1300,-1.0300,51056.4000,63387.7940,11.8800,36.9800,0.4728,1.3026,0.7000,10.3593,12.6742,2.3189,0.8369,0.9335,109592.6265,107979.6332,39194.4440,1363332.2737,1343266.6370,7.5638,7.5638,7.5158
2025-01-22,12.3900,12.5100,12.1200,12.4400,0.0000,0.0000,68387.5400,84456.8020,11.8800,36.9800,0.6333,1.7448,1.0500,10.3593,12.6742,2.3189,0.8369,0.9335,109592.6265,107979.6332,39194.4440,1363332.2737,1343266.6370,7.5638,7.5638,7.6675
2025-01-23,12.5200,12.5500,12.2700,12.3000,-0.1400,-1.1300,59110.1000,73286.3800,11.7400,36.5600,0.5474,1.5081,0.9400,10.2427,12.5316,2.2928,0.8275,0.9230,109592.6265,107979.6332,39194.4440,1347989.3060,1328149.4884,7.6499,7.6499,7.5879
2025-01-24,12.2600,12.4900,12.1600,12.3500,0.0500,0.4100,70759.4300,87300.9990,11.7900,36.7100,0.6553,1.8053,1.0800,10.2843,12.5825,2.3021,0.8309,0.9267,109592.6265,107979.6332,39194.4440,1353468.9373,1333548.4700,7.6189,7.6189,7.7488
2025-01-27,12.3700,12.6800,12.3600,12.5900,0.2400,1.9400,67483.5000,84952.8440,12.0200,37.4200,0.6250,1.7218,1.0500,10.4842,12.8270,2.3469,0.8470,0.9447,109592.6265,107979.6332,39194.4440,1379771.1676,1359463.5820,7.4737,7.4737,7.6799
2025-02-05,12.7000,12.7300,12.0200,12.1200,-0.4700,-3.7300,111462.5000,135909.8940,11.5700,36.0300,1.0323,2.8438,1.7600,10.0928,12.3482,2.2593,0.8154,0.9095,109592.6265,107979.6332,39194.4440,1328262.6332,1308713.1544,7.7635,7.7635,7.4803
2025-02-06,12.0800,12.1500,12.0100,12.1500,0.0300,0.2500,59966.7700,72541.3360,11.6000,36.1200,0.5554,1.5300,0.7900,10.1178,12.3787,2.2649,0.8174,0.9117,109592.6265,107979.6332,39194.4440,1331550.4120,1311952.5434,7.7444,7.7444,7.8642
2025-02-07,12.1400,12.4200,12.1200,12.2700,0.1200,0.9900,66269.5600,81501.1990,11.7100,36.4700,0.6137,1.6908,0.9000,10.2177,12.5010,2.2872,0.8255,0.9207,109592.6265,107979.6332,39194.4440,1344701.5272,1324910.0994,7.6686,7.6686,7.8254
2025-02-10,12.3500,12.5000,12.1900,12.3600,0.0900,0.7300,53995.9200,66427.3670,11.8000,36.7400,0.5001,1.3776,0.7200,10.2927,12.5927,2.3040,0.8315,0.9275,109592.6265,107979.6332,39194.4440,1354564.8635,1334628.2664,7.6128,7.6128,7.6923
2025-02-11,12.3700,13.2800,12.3700,12.9000,0.5400,4.3700,183510.6300,236120.2580,12.3200,38.3500,1.6995,4.6821,2.5500,10.7423,13.1428,2.4047,0.8679,0.9680,109592.6265,107979.6332,39194.4440,1413744.8819,1392937.2683,7.2941,7.2941,7.6799
2025-02-12,12.9100,12.9100,12.5900,12.8200,-0.0800,-0.6200,91017.8200,115498.4920,12.2400,38.1100,0.8429,2.3222,0.9600,10.6757,13.0613,2.3897,0.8625,0.9620,109592.6265,107979.6332,39194.4440,1404977.4717,1384298.8976,7.3396,7.3396,7.3586
2025-02-13,12.7800,12.8000,12.6500,12.6900,-0.1300,-1.0100,70550.6000,89679.6280,12.1100,37.7200,0.6534,1.8000,0.7800,10.5675,12.9289,2.3655,0.8537,0.9522,109592.6265,107979.6332,39194.4440,1390730.4303,1370261.5453,7.4148,7.4148,7.4335
2025-02-14,12.7100,12.8900,12.6000,12.7400,0.0500,0.3900,63038.5600,80364.5680,12.1600,37.8700,0.5838,1.6084,0.6800,10.6091,12.9798,2.3748,0.8571,0.9560,109592.6265,107979.6332,39194.4440,1396210.0616,1375660.5270,7.3857,7.3857,7.4744
2025-02-17,12.7100,12.7300,12.2000,12.2800,-0.4600,-3.6100,160509.5900,198731.4930,11.7200,36.5000,1.4865,4.0952,1.7400,10.2260,12.5112,2.2891,0.8261,0.9215,109592.6265,107979.6332,39194.4440,1345797.4534,1325989.8957,7.6624,7.6624,7.4744
2025-02-18,12.2600,12.4800,12.1000,12.2100,-0.0700,-0.5700,99591.7700,121959.3270,11.6600,36.2900,0.9223,2.5410,0.8800,10.1678,12.4399,2.2760,0.8214,0.9162,109592.6265,107979.6332,39194.4440,1338125.9696,1318431.3214,7.7063,7.7063,7.7488
2025-02-19,12.2000,12.3600,12.1600,12.3500,0.1400,1.1500,82189.1000,101040.4950,11.7900,36.7100,0.7612,2.0970,0.8500,10.2843,12.5825,2.3021,0.8309,0.9267,109592.6265,107979.6332,39194.4440,1353468.9373,1333548.4700,7.6189,7.6189,7.7869
2025-02-20,12.3700,12.9200,12.3600,12.9000,0.5500,4.4500,149173.8800,189059.3590,12.3200,38.3500,1.3815,3.8060,1.5700,10.7423,13.1428,2.4047,0.8679,0.9680,109592.6265,107979.6332,39194.4440,1413744.8819,1392937.2683,7.2941,7.2941,7.6799
2025-02-21,12.9000,12.9400,12.5200,12.6500,-0.2500,-1.9400,94723.6100,120239.5780,12.0800,37.6000,0.8772,2.4168,0.8500,10.5342,12.8881,2.3581,0.8510,0.9492,109592.6265,107979.6332,39194.4440,1386346.7252,1365942.3600,7.4383,7.4383,7.3643
2025-02-24,12.6500,13.0500,12.5200,12.9100,0.2600,2.0600,100043.3500,128685.0590,12.3200,38.3700,0.9265,2.5525,0.8500,10.7507,13.1530,2.4065,0.8685,0.9688,109592.6265,107979.6332,39194.4440,1414840.8081,1394017.0646,7.2885,7.2885,7.5099
2025-02-25,12.8200,12.9500,12.6800,12.7400,-0.1700,-1.3200,56151.1100,72095.9650,12.1600,37.8700,0.5200,1.4326,0.5300,10.6091,12.9798,2.3748,0.8571,0.9560,109592.6265,107979.6332,39194.4440,1396210.0616,1375660.5270,7.3857,7.3857,7.4103
2025-02-26,12.7200,12.9400,12.6800,12.8100,0.0700,0.5500,47498.0100,60767.7760,12.2300,38.0800,0.4399,1.2119,0.4900,10.6674,13.0512,2.3879,0.8618,0.9613,109592.6265,107979.6332,39194.4440,1403881.5455,1383219.1013,7.3454,7.3454,7.4686
2025-02-27,12.7800,13.1600,12.7500,12.9300,0.1200,0.9400,97409.6600,126188.5320,12.3400,38.4300,0.9021,2.4853,1.0900,10.7673,13.1734,2.4102,0.8699,0.9703,109592.6265,107979.6332,39194.4440,1417032.6606,1396176.6573,7.2772,7.2772,7.4335
2025-02-28,12.9000,13.1700,12.7800,12.8600,-0.0700,-0.5400,75795.2500,98241.5730,12.2800,38.2300,0.7019,1.9338,0.9600,10.7090,13.1021,2.3972,0.8652,0.9650,109592.6265,107979.6332,39194.4440,1409361.1768,1388618.0830,7.3168,7.3168,7.3643
2025-03-03,12.8300,12.9800,12.6900,12.9200,0.0600,0.4700,70804.5000,91017.8630,12.3300,38.4000,0.6557,1.8065,0.9400,10.7590,13.1632,2.4084,0.8692,0.9695,109592.6265,107979.6332,39194.4440,1415936.7344,1395096.8609,7.2828,7.2828,7.4045
2025-03-04,12.8300,12.8900,12.6000,12.7000,-0.2200,-1.7000,112628.3000,143217.8240,12.1200,37.7500,1.0431,2.8736,1.6200,10.5758,12.9391,2.3674,0.8544,0.9530,109592.6265,107979.6332,39194.4440,1391826.3566,1371341.3416,7.4090,7.4090,7.4045
2025-03-05,12.6800,13.4500,12.6600,13.4200,0.7200,5.6700,168755.5500,221447.0100,12.8100,39.8900,1.5628,4.3056,2.0900,11.1754,13.6726,2.5016,0.9028,1.0070,109592.6265,107979.6332,39194.4440,1470733.0476,1449086.6775,7.0115,7.0115,7.4921
2025-03-06,13.2600,13.3600,13.0300,13.0800,-0.3400,-2.5300,131266.5800,172043.3760,12.4900,38.8800,1.2157,3.3491,1.2500,10.8922,13.3262,2.4382,0.8800,0.9815,109592.6265,107979.6332,39194.4440,1433471.5546,1412373.6023,7.1937,7.1937,7.1644
2025-03-07,13.0500,13.1200,12.8000,13.0900,0.0100,0.0800,90449.4400,117278.1670,12.5000,38.9100,0.8377,2.3077,0.8100,10.9006,13.3364,2.4401,0.8806,0.9823,109592.6265,107979.6332,39194.4440,1434567.4809,1413453.3986,7.1882,7.1882,7.2797
2025-03-10,12.9900,13.1100,12.9400,13.0900,0.0000,0.0000,57010.0600,74334.4500,12.5000,38.9100,0.5280,1.4545,0.5000,10.9006,13.3364,2.4401,0.8806,0.9823,109592.6265,107979.6332,39194.4440,1434567.4809,1413453.3986,7.1882,7.1882,7.3133
2025-03-11,13.0300,13.2300,12.9300,13.2200,0.1300,0.9900,57244.2500,75013.6650,12.6200,39.3000,0.5301,1.4605,0.5100,11.0088,13.4689,2.4643,0.8894,0.9920,109592.6265,107979.6332,39194.4440,1448814.5223,1427490.7509,7.1175,7.1175,7.2909
2025-03-12,13.2300,13.9800,13.2300,13.9300,0.7100,5.3700,190866.6200,263050.2470,13.3000,41.4100,1.7676,4.8697,1.8900,11.6001,14.1922,2.5967,0.9372,1.0453,109592.6265,107979.6332,39194.4440,1526625.2871,1504156.2905,6.7548,6.7548,7.1807
2025-03-13,13.9300,14.2900,13.6500,13.8300,-0.1000,-0.7200,166252.8800,231690.5110,13.2000,41.1100,1.5397,4.2417,1.5800,11.5168,14.0904,2.5780,0.9304,1.0378,109592.6265,107979.6332,39194.4440,1515666.0245,1493358.3272,6.8036,6.8036,6.8198
2025-03-14,13.8500,14.2500,13.7300,14.1500,0.3200,2.3100,174531.4200,245397.1410,13.5100,42.0600,1.6163,4.4530,1.5500,11.7833,14.4164,2.6377,0.9520,1.0618,109592.6265,107979.6332,39194.4440,1550735.6650,1527911.8098,6.6497,6.6497,6.8592
2025-03-17,14.1100,14.3500,13.7100,13.7500,-0.4000,-2.8300,128707.0600,179680.7250,13.1300,40.8700,1.1920,3.2838,1.0000,11.4502,14.0088,2.5631,0.9250,1.0318,109592.6265,107979.6332,39194.4440,1506898.6144,1484719.9565,6.8432,6.8432,6.7328
2025-03-18,13.7500,14.0500,13.5500,13.9900,0.2400,1.7500,97810.3300,135605.5340,13.3600,41.5900,0.9058,2.4955,0.6800,11.6500,14.2534,2.6078,0.9412,1.0498,109592.6265,107979.6332,39194.4440,1533200.8447,1510635.0685,6.7258,6.7258,6.9091
2025-03-19,13.9500,14.5400,13.8800,14.4700,0.4800,3.4300,141479.5100,201200.9880,13.8100,43.0100,1.3102,3.6097,0.9300,12.0497,14.7424,2.6973,0.9735,1.0858,109592.6265,107979.6332,39194.4440,1585805.3055,1562465.2924,6.5027,6.5027,6.8100
2025-03-20,14.4500,14.5100,13.6400,13.6900,-0.7800,-5.3900,149447.6000,208116.0310,13.0700,40.6900,1.3840,3.8130,1.0500,11.4002,13.9477,2.5519,0.9210,1.0273,109592.6265,107979.6332,39194.4440,1500323.0568,1478241.1785,6.8732,6.8732,6.5744
2025-03-21,13.7000,13.7800,13.3700,13.6900,0.0000,0.0000,93106.4900,126762.2420,13.0700,40.6900,0.8623,2.3755,0.6700,11.4002,13.9477,2.5519,0.9210,1.0273,109592.6265,107979.6332,39194.4440,1500323.0568,1478241.1785,6.8732,6.8732,6.9343
2025-03-24,13.6500,13.7500,13.2000,13.3400,-0.3500,-2.5600,85615.7500,115077.3570,12.7400,39.6500,0.7929,2.1844,0.7000,11.1087,13.5911,2.4867,0.8975,1.0010,109592.6265,107979.6332,39194.4440,1461965.6375,1440448.3069,7.0535,7.0535,6.9597
2025-03-25,13.3600,13.3800,13.1200,13.1800,-0.1600,-1.2000,62797.1600,82986.1600,12.5800,39.1800,0.5816,1.6022,0.5500,10.9755,13.4281,2.4569,0.8867,0.9890,109592.6265,107979.6332,39194.4440,1444430.8173,1423171.5656,7.1391,7.1391,7.1108
2025-03-26,13.1900,13.2500,13.0200,13.1000,-0.0800,-0.6100,66011.5700,86588.0670,12.5100,38.9400,0.6113,1.6842,0.6200,10.9089,13.3466,2.4419,0.8813,0.9830,109592.6265,107979.6332,39194.4440,1435663.4072,1414533.1949,7.1827,7.1827,7.2024
2025-03-27,13.1000,13.2200,13.0100,13.1500,0.0500,0.3800,55477.7800,72794.1690,12.5500,39.0900,0.5138,1.4155,0.6100,10.9505,13.3976,2.4513,0.8847,0.9868,109592.6265,107979.6332,39194.4440,1441143.0385,1419932.1766,7.1554,7.1554,7.2519
2025-03-28,13.2500,13.2900,13.0600,13.1100,-0.0400,-0.3000,66829.7500,88049.4750,12.5200,38.9700,0.6189,1.7051,0.9200,10.9172,13.3568,2.4438,0.8820,0.9838,109592.6265,107979.6332,39194.4440,1436759.3334,1415612.9913,7.1773,7.1773,7.1698
2025-03-31,13.0800,13.2500,12.9700,13.1400,0.0300,0.2300,62790.9100,82439.4960,12.5400,39.0600,0.5815,1.6020,0.9300,10.9422,13.3874,2.4494,0.8840,0.9860,109592.6265,107979.6332,39194.4440,1440047.1122,1418852.3802,7.1609,7.1609,7.2630
2025-04-01,13.1500,13.5200,13.1300,13.3800,0.2400,1.8300,77919.7600,104452.5210,12.7700,39.7700,0.7152,1.9398,1.2400,11.1421,13.6319,2.4941,0.9001,1.0040,109592.6265,108954.9176,40169.7284,1466349.3426,1457816.7975,7.0324,7.0324,7.2243
2025-04-02,13.4200,14.0000,13.3800,13.7500,0.3700,2.7700,98461.0600,135463.6750,13.1300,40.8700,0.9037,2.4511,1.5000,11.4502,14.0088,2.5631,0.9250,1.0318,109592.6265,108954.9176,40169.7284,1506898.6144,1498130.1170,6.8432,6.8432,7.0790
2025-04-03,13.6700,13.6700,13.2800,13.3800,-0.3700,-2.6900,85369.5400,114804.8510,12.7700,39.7700,0.7835,2.1252,1.1800,11.1421,13.6319,2.4941,0.9001,1.0040,109592.6265,108954.9176,40169.7284,1466349.3426,1457816.7975,7.0324,7.0324,6.9495
2025-04-07,12.8800,13.1200,12.1200,12.3400,-1.0400,-7.7700,135983.5900,172326.0650,11.7800,36.6800,1.2481,3.3852,1.7400,10.2760,12.5723,2.3003,0.8302,0.9260,109592.6265,108954.9176,40169.7284,1352373.0110,1344503.6832,7.6251,7.6251,7.3758
2025-04-08,12.3900,12.9700,12.3800,12.7800,0.4400,3.5700,108512.6800,138584.5970,12.2000,37.9900,0.9959,2.7014,1.1800,10.6424,13.0206,2.3823,0.8598,0.9590,109592.6265,108954.9176,40169.7284,1400593.7667,1392443.8469,7.3626,7.3626,7.6675
2025-04-09,12.6700,13.1800,12.3400,12.9900,0.2100,1.6400,77463.4600,98583.0420,12.4000,38.6100,0.7110,1.9284,0.7700,10.8173,13.2345,2.4214,0.8739,0.9748,109592.6265,108954.9176,40169.7284,1423608.2182,1415324.3796,7.2436,7.2436,7.4980
2025-04-10,13.0900,13.3600,13.0600,13.1100,0.1200,0.9200,67551.0700,88957.8360,12.5200,38.9700,0.6200,1.6816,0.6700,10.9172,13.3568,2.4438,0.8820,0.9838,109592.6265,108954.9176,40169.7284,1436759.3334,1428398.9697,7.1773,7.1773,7.2574
2025-04-11,13.2000,13.4000,13.0600,13.0800,-0.0300,-0.2300,60786.3000,80241.1890,12.4900,38.8800,0.5579,1.5132,0.6400,10.8922,13.3262,2.4382,0.8800,0.9815,109592.6265,108954.9176,40169.7284,1433471.5546,1425130.3222,7.1937,7.1937,7.1970
2025-04-14,13.0600,13.5400,12.9500,13.4600,0.3800,2.9100,122073.7500,161936.0570,12.8500,40.0100,1.1204,3.0389,1.3600,11.2087,13.7134,2.5090,0.9055,1.0100,109592.6265,108954.9176,40169.7284,1475116.7527,1466533.1909,6.9906,6.9906,7.2741
2025-04-15,13.4000,14.1100,13.2400,14.0300,0.5700,4.2300,154453.3500,213877.4170,13.3900,41.7000,1.4176,3.8450,1.7700,11.6833,14.2941,2.6153,0.9439,1.0528,109592.6265,108954.9176,40169.7284,1537584.5498,1528637.4939,6.7066,6.7066,7.0896
2025-04-16,14.0400,14.3000,13.6800,13.8100,-0.2200,-1.5700,90536.2500,125630.9460,13.1800,41.0500,0.8310,2.2538,0.9400,11.5001,14.0700,2.5743,0.9291,1.0363,109592.6265,108954.9176,40169.7284,1513474.1720,1504667.4121,6.8135,6.8135,6.7664
2025-04-17,13.7900,13.9700,13.5200,13.6900,-0.1200,-0.8700,87340.7500,119564.3550,13.0700,40.6900,0.8016,2.1743,0.8800,11.4002,13.9477,2.5519,0.9210,1.0273,109592.6265,108954.9176,40169.7284,1500323.0568,1491592.8219,6.8732,6.8732,6.8891
2025-04-18,13.6500,13.7300,13.4200,13.4700,-0.2200,-1.6100,46146.0000,62466.8630,12.8600,40.0400,0.4235,1.1488,0.4500,11.2170,13.7236,2.5109,0.9062,1.0108,109592.6265,108954.9176,40169.7284,1476212.6790,1467622.7401,6.9854,6.9854,6.9597
2025-04-21,13.4600,13.9200,13.4500,13.8800,0.4100,3.0400,82335.9400,112980.9770,13.2500,41.2600,0.7557,2.0497,0.8200,11.5584,14.1413,2.5873,0.9338,1.0415,109592.6265,108954.9176,40169.7284,1521145.6558,1512294.2563,6.7791,6.7791,7.0579
2025-04-22,13.8200,14.2500,13.6600,13.9800,0.1000,0.7200,112834.3700,157902.0560,13.3500,41.5600,1.0356,2.8089,1.2200,11.6417,14.2432,2.6060,0.9405,1.0490,109592.6265,108954.9176,40169.7284,1532104.9185,1523189.7480,6.7306,6.7306,6.8741
2025-04-23,13.8200,13.9800,13.2900,13.3300,-0.6500,-4.6500,112291.0200,152587.9280,12.7300,39.6200,1.0306,2.7954,1.3400,11.1004,13.5809,2.4848,0.8968,1.0003,109592.6265,108954.9176,40169.7284,1460869.7112,1452369.0516,7.0588,7.0588,6.8741
2025-04-24,13.3700,13.5700,13.2000,13.2500,-0.0800,-0.6000,75332.8400,100580.7900,12.6500,39.3900,0.6914,1.8754,0.8500,11.0338,13.4994,2.4699,0.8914,0.9943,109592.6265,108954.9176,40169.7284,1452102.3011,1443652.6582,7.1014,7.1014,7.1055
2025-04-25,13.2300,13.5300,13.2300,13.4500,0.2000,1.5100,55877.5000,74921.7350,12.8400,39.9800,0.5128,1.3910,0.6500,11.2003,13.7032,2.5072,0.9049,1.0093,109592.6265,108954.9176,40169.7284,1474020.8264,1465443.6417,6.9958,6.9958,7.1807
2025-04-28,13.4500,13.4900,13.2800,13.3600,-0.0900,-0.6700,46260.7500,61803.2740,12.7500,39.7100,0.4246,1.1516,0.5300,11.1254,13.6115,2.4904,0.8988,1.0025,109592.6265,108954.9176,40169.7284,1464157.4900,1455637.6991,7.0430,7.0430,7.0632
2025-04-29,13.0600,13.3900,12.6200,12.9700,-0.3900,-2.9200,168234.7200,218482.7790,12.3800,38.5500,1.5441,4.1881,2.0900,14.0720,15.4340,2.1510,1.0232,1.2367,109592.6265,108954.9176,40169.7284,1421416.3657,1413145.2813,7.2547,7.2547,7.2741
2025-04-30,12.9100,13.1500,12.8600,13.0300,0.0600,0.4600,81629.7500,106436.4650,12.4400,38.7300,0.7492,2.0321,0.8900,14.1370,15.5054,2.1610,1.0280,1.2424,109592.6265,108954.9176,40169.7284,1427991.9233,1419682.5763,7.2213,7.2213,7.3586
2025-05-06,13.1000,13.3600,13.0200,13.2700,0.2400,1.8400,60285.0000,79724.1610,12.6700,39.4500,0.5533,1.5008,0.7100,14.3974,15.7910,2.2008,1.0469,1.2653,109592.6265,108954.9176,40169.7284,1454294.1537,1445831.7566,7.0907,7.0907,7.2519
2025-05-07,13.3600,13.3700,12.9900,13.0700,-0.2000,-1.5100,67303.2000,88293.6300,12.4800,38.8500,0.6177,1.6755,0.8200,14.1804,15.5530,2.1676,1.0311,1.2462,109592.6265,108954.9176,40169.7284,1432375.6284,1424040.7730,7.1992,7.1992,7.1108
2025-05-08,13.0100,13.0700,12.9500,13.0300,-0.0400,-0.3100,39073.7500,50907.5880,12.4400,38.7300,0.3586,0.9727,0.4600,14.1370,15.5054,2.1610,1.0280,1.2424,109592.6265,108954.9176,40169.7284,1427991.9233,1419682.5763,7.2213,7.2213,7.3021
2025-05-09,13.0300,13.1900,12.9600,13.1300,0.1000,0.7700,48902.8900,63895.8210,12.5300,39.0300,0.4488,1.2174,0.5900,14.2455,15.6244,2.1776,1.0359,1.2519,109592.6265,108954.9176,40169.7284,1438951.1859,1430578.0681,7.1663,7.1663,7.2909
2025-05-12,13.1500,13.1900,12.9100,12.9600,-0.1700,-1.2900,64529.0500,83905.5520,12.3700,38.5200,0.5923,1.6064,1.0900,14.0611,15.4221,2.1494,1.0225,1.2357,109592.6265,108954.9176,40169.7284,1420320.4394,1412055.7321,7.2603,7.2603,7.2243
2025-05-13,13.0000,13.6400,13.0000,13.5300,0.5700,4.4000,151959.7500,203771.1020,12.9200,40.2200,1.3947,3.7829,2.7100,14.6795,16.1003,2.2439,1.0674,1.2901,109592.6265,108954.9176,40169.7284,1482788.2365,1474160.0351,6.9545,6.9545,7.3077
2025-05-14,13.5000,13.5300,13.1500,13.4600,-0.0700,-0.5200,74337.3300,99115.1040,12.8500,40.0100,0.6823,1.8506,1.0000,14.6036,16.0170,2.2323,1.0619,1.2834,109592.6265,108954.9176,40169.7284,1475116.7527,1466533.1909,6.9906,6.9906,7.0370
2025-05-15,13.4100,13.4500,13.2700,13.2900,-0.1700,-1.2600,43793.2800,58454.2390,12.6900,39.5000,0.4019,1.0902,0.5800,14.4191,15.8148,2.2041,1.0485,1.2672,109592.6265,108954.9176,40169.7284,1456486.0062,1448010.8549,7.0801,7.0801,7.0843
2025-05-16,13.2900,13.6500,13.2600,13.4700,0.1800,1.3500,57317.2500,77272.5900,12.8600,40.0400,0.5261,1.4269,0.7500,14.6144,16.0289,2.2339,1.0627,1.2843,109592.6265,108954.9176,40169.7284,1476212.6790,1467622.7401,6.9854,6.9854,7.1482
2025-05-19,13.4200,13.6500,13.3400,13.5400,0.0700,0.5200,46856.2800,63240.6850,12.9300,40.2500,0.4301,1.1665,0.6000,14.6904,16.1122,2.2456,1.0682,1.2910,109592.6265,108954.9176,40169.7284,1483884.1628,1475249.5843,6.9493,6.9493,7.0790
2025-05-20,13.5400,14.2700,13.4500,14.2300,0.6900,5.1000,178656.8500,251949.5110,13.5800,42.3000,1.6397,4.4475,2.3900,15.4390,16.9333,2.3600,1.1226,1.3568,109592.6265,108954.9176,40169.7284,1559503.0751,1550428.4774,6.6124,6.6124,7.0162
2025-05-21,14.2000,14.3600,13.9700,14.3000,0.0700,0.4900,89691.0400,127137.9050,13.6500,42.5100,0.8232,2.2328,1.1200,15.5150,17.0166,2.3716,1.1282,1.3635,109592.6265,108954.9176,40169.7284,1567174.5590,1558055.3217,6.5800,6.5800,6.6901
2025-05-22,14.2600,14.4500,14.0900,14.1400,-0.1600,-1.1200,55612.4900,78894.8870,13.5000,42.0300,0.5104,1.3844,0.6700,15.3414,16.8262,2.3451,1.1155,1.3482,109592.6265,108954.9176,40169.7284,1549639.7387,1540622.5349,6.6545,6.6545,6.6620
2025-05-23,14.1500,14.1900,14.0100,14.0300,-0.1100,-0.7800,35915.9000,50591.9480,13.3900,41.7000,0.3296,0.8941,0.4200,15.2220,16.6953,2.3268,1.1069,1.3377,109592.6265,108954.9176,40169.7284,1537584.5498,1528637.4939,6.7066,6.7066,6.7138
2025-05-26,14.0300,14.2700,13.9400,14.2300,0.2000,1.4300,85666.4000,121283.4820,13.5800,42.3000,0.7863,2.1326,1.0500,15.4390,16.9333,2.3600,1.1226,1.3568,109592.6265,108954.9176,40169.7284,1559503.0751,1550428.4774,6.6124,6.6124,6.7712
2025-05-27,14.2300,14.9300,14.1300,14.8500,0.6200,4.3600,178025.5900,260890.2990,14.1800,44.1400,1.6339,4.4318,2.0000,16.1117,17.6711,2.4628,1.1716,1.4159,109592.6265,108954.9176,40169.7284,1627450.5035,1617980.5264,6.3363,6.3363,6.6760
2025-05-28,14.7700,16.3400,14.7100,16.3400,1.4900,10.0300,288642.6500,459152.3450,15.6000,48.5700,2.6492,7.1856,3.2400,17.7283,19.4442,2.7099,1.2891,1.5580,109592.6265,108954.9176,40169.7284,1790743.5170,1780323.3536,5.7585,5.7585,6.4320
2025-05-29,16.0300,16.0300,15.4100,15.5600,-0.7800,-4.7700,292822.6300,459880.4940,14.8500,46.2500,2.6876,7.2896,2.2700,16.8820,18.5160,2.5806,1.2276,1.4836,109592.6265,108954.9176,40169.7284,1705261.2683,1695338.5179,6.0472,6.0472,5.9264
2025-05-30,15.5600,15.6400,15.0000,15.0100,-0.5500,-3.5300,168313.5700,257769.1950,14.3300,44.6200,1.5448,4.1901,0.9600,16.2853,17.8615,2.4893,1.1842,1.4312,109592.6265,108954.9176,40169.7284,1644985.3238,1635413.3132,6.2688,6.2688,6.1054
2025-06-03,15.0000,15.8300,15.0000,15.7000,0.6900,4.6000,251977.7100,392810.0810,14.9900,46.6700,2.3127,6.2728,1.2400,17.0339,18.6826,2.6038,1.2386,1.4970,109592.6265,108954.9176,40169.7284,1720604.2361,1710592.2063,5.9932,5.9932,6.3333
2025-06-04,15.5500,16.1800,15.4900,16.0800,0.3800,2.4200,239347.6400,380028.5230,15.3500,47.8000,2.1968,5.9584,1.0100,17.4462,19.1348,2.6668,1.2686,1.5332,109592.6265,108954.9176,40169.7284,1762249.4341,1751995.0750,5.8516,5.8516,6.1093
2025-06-05,15.9300,16.1200,14.5000,14.5500,-1.5300,-9.5100,356431.5500,533984.6400,13.8900,43.2500,3.2714,8.8731,1.4400,15.7862,17.3141,2.4131,1.1479,1.3873,109592.6265,108954.9176,40169.7284,1594572.7156,1585294.0511,6.4669,6.4669,5.9636
2025-06-06,14.5500,14.5800,14.2400,14.2500,-0.3000,-2.0600,145074.3400,207970.1360,13.6000,42.3600,1.3315,3.6115,0.5500,15.4607,16.9571,2.3633,1.1242,1.3587,109592.6265,108954.9176,40169.7284,1561694.9276,1552607.5758,6.6031,6.6031,6.5292
2025-06-09,14.2500,14.3200,14.0700,14.1900,-0.0600,-0.4200,137001.3000,194414.3510,13.5500,42.1800,1.2574,3.4106,0.5900,15.3956,16.8857,2.3534,1.1195,1.3530,109592.6265,108954.9176,40169.7284,1555119.3700,1546070.2807,6.6310,6.6310,6.6667
2025-06-10,14.2000,14.2500,13.9500,14.1100,-0.0800,-0.5600,141356.5000,199492.8590,13.4700,41.9400,1.2974,3.5190,0.6300,15.3088,16.7905,2.3401,1.1132,1.3454,109592.6265,108954.9176,40169.7284,1546351.9599,1537353.8873,6.6686,6.6686,6.6901
2025-06-11,13.4700,13.8200,13.3800,13.6500,-0.4600,-3.2600,162291.5000,221792.9220,13.6500,42.5000,1.4895,4.0401,0.8000,14.8097,16.2431,2.5344,1.0769,1.3015,109592.6265,108954.9176,40169.7284,1495939.3517,1487234.6252,6.8933,6.8933,7.0527
2025-06-12,13.5900,14.0500,13.5900,13.9600,0.3100,2.2700,151494.0000,209609.7340,13.9600,43.4700,1.3904,3.7713,0.8000,15.1461,16.6120,2.5920,1.1013,1.3311,109592.6265,108954.9176,40169.7284,1529913.0659,1521010.6497,6.7403,6.7403,6.9904
2025-06-13,14.1300,14.4400,14.0000,14.1000,0.1400,1.0000,242220.2600,343136.4840,14.1000,43.9000,2.2231,6.0299,1.6400,15.2980,16.7786,2.6180,1.1124,1.3444,109592.6265,108954.9176,40169.7284,1545256.0337,1536264.3382,6.6733,6.6733,6.7233
2025-06-16,13.9600,13.9700,13.5300,13.6800,-0.4200,-2.9800,160818.9400,219803.7040,13.6800,42.6000,1.4760,4.0035,0.9600,14.8423,16.2788,2.5400,1.0793,1.3044,109592.6265,108954.9176,40169.7284,1499227.1305,1490503.2728,6.8782,6.8782,6.8052
2025-06-17,13.5900,13.7200,13.5000,13.5200,-0.1600,-1.1700,95389.9900,129263.9770,13.5200,42.1000,0.8755,2.3747,0.5600,14.6687,16.0884,2.5103,1.0666,1.2891,109592.6265,108954.9176,40169.7284,1481692.3103,1473070.4860,6.9596,6.9596,6.9904
2025-06-18,13.5200,13.5200,13.2500,13.3500,-0.1700,-1.2600,87334.0000,116471.6620,13.3500,41.5700,0.8016,2.1741,0.5400,14.4842,15.8862,2.4787,1.0532,1.2729,109592.6265,108954.9176,40169.7284,1463061.5638,1454548.1500,7.0482,7.0482,7.0266
2025-06-19,13.3300,13.4100,13.0100,13.1000,-0.2500,-1.8700,101843.6400,134285.9970,13.1000,40.7900,0.9347,2.5353,0.6900,14.2130,15.5887,2.4323,1.0335,1.2491,109592.6265,108954.9176,40169.7284,1435663.4072,1427309.4206,7.1827,7.1827,7.1268
2025-06-20,13.0600,13.1700,13.0200,13.1400,0.0400,0.3100,63829.7500,83590.0510,13.1400,40.9100,0.5858,1.5890,0.4600,14.2564,15.6363,2.4397,1.0367,1.2529,109592.6265,108954.9176,40169.7284,1440047.1122,1431667.6173,7.1609,7.1609,7.2741
2025-06-23,13.1900,13.2200,12.9800,13.1400,0.0000,0.0000,72618.7500,95344.2550,13.1400,40.9100,0.6665,1.8078,0.7100,14.2564,15.6363,2.4397,1.0367,1.2529,109592.6265,108954.9176,40169.7284,1440047.1122,1431667.6173,7.1609,7.1609,7.2024
