交易日期,开盘价(元),最高价(元),最低价(元),收盘价(元),成交量(手),成交额(千元),收盘价(前复权)(元),收盘价(后复权)(元),换手率(%),换手率(自由流通)(%),量比,PE市盈率,PE市盈率(TTM),PB市净率,PS市销率,PS市销率(TTM),总股本(万股),流通股本(万股),自由流通股本(万股),总市值(万元),流通市值(万元),股息率(Tushare)(%),"股息率(TTM,Tushare)(%)",股息率(%)
2016-09-02,5.9900,6.6800,5.9900,6.6800,1254.1000,836.9018,4.1000,6.6800,0.0599,0.0599,,14.4947,14.6825,12.6747,4.7143,4.8067,176735.4347,20944.5500,20944.5500,1180592.7038,139909.5940,,,0.0000
2016-09-05,7.3500,7.3500,7.3500,7.3500,497.8100,365.8904,4.5100,7.3500,0.0238,0.0238,,15.9485,16.1552,13.9460,5.1871,5.2888,176735.4347,20944.5500,20944.5500,1299005.4450,153942.4425,,,0.0000
2016-09-06,8.0900,8.0900,8.0900,8.0900,518.7400,419.6607,4.9700,8.0900,0.0248,0.0248,,17.5542,17.7817,15.3501,5.7093,5.8213,176735.4347,20944.5500,20944.5500,1429789.6667,169441.4095,,,0.0000
2016-09-07,8.9000,8.9000,8.9000,8.9000,1002.6700,892.3763,5.4600,8.9000,0.0479,0.0479,,19.3118,19.5620,16.8870,6.2810,6.4041,176735.4347,20944.5500,20944.5500,1572945.3688,186406.4950,,,0.0000
2016-09-08,9.7900,9.7900,9.7900,9.7900,2585.7800,2531.4786,6.0100,9.7900,0.1235,0.1235,,21.2430,21.5182,18.5757,6.9091,7.0445,176735.4347,20944.5500,20944.5500,1730239.9057,205047.1445,,,0.0000
2016-09-09,10.7700,10.7700,10.7700,10.7700,7052.9100,7595.9841,6.6100,10.7700,0.3367,0.3367,6.0200,23.3695,23.6722,20.4351,7.6007,7.7497,176735.4347,20944.5500,20944.5500,1903440.6317,225572.8035,,,0.0000
2016-09-12,11.8500,11.8500,11.8500,11.8500,18727.2600,22191.8031,7.2800,11.8500,0.8941,0.8941,8.0300,25.7129,26.0461,22.4844,8.3629,8.5268,176735.4347,20944.5500,20944.5500,2094314.9012,248192.9175,,,0.0000
2016-09-13,13.0400,13.0400,13.0400,13.0400,16731.9300,21818.4367,8.0100,13.0400,0.7989,0.7989,2.8000,28.2951,28.6617,24.7423,9.2027,9.3831,176735.4347,20944.5500,20944.5500,2304630.0685,273116.9320,,,0.0000
2016-09-14,14.3400,14.3400,14.3400,14.3400,29104.8500,41736.3549,8.8000,14.3400,1.3896,1.3896,3.1600,31.1159,31.5190,27.2089,10.1201,10.3185,176735.4347,20944.5500,20944.5500,2534386.1336,300344.8470,,,0.0000
2016-09-19,15.7700,15.7700,15.7700,15.7700,193258.1000,304768.0237,9.6800,15.7700,9.2271,9.2271,13.0200,34.2188,34.6622,29.9222,11.1293,11.3475,176735.4347,20944.5500,20944.5500,2787117.8052,330295.5535,,,0.0000
2016-09-20,16.2000,17.3000,15.8400,16.4100,1371063.4200,2242982.7712,10.0800,16.4100,65.4616,65.4616,25.8800,35.6075,36.0689,31.1366,11.5810,11.8080,176735.4347,20944.5500,20944.5500,2900228.4834,343700.0655,,,0.0000
2016-09-21,16.0000,16.3000,15.6500,15.7000,750675.8600,1194641.7022,9.6400,15.7000,35.8411,35.8411,2.3000,34.0669,34.5083,29.7894,11.0799,11.2971,176735.4347,20944.5500,20944.5500,2774746.3248,328829.4350,,,0.0000
2016-09-22,15.9100,16.1500,15.0600,15.1300,760714.6200,1177528.0876,9.2900,15.1300,36.3204,36.3204,1.6100,32.8301,33.2554,28.7079,10.6777,10.8870,176735.4347,20944.5500,20944.5500,2674007.1270,316891.0415,,,0.0000
2016-09-23,14.9800,15.2400,14.3400,14.4100,538102.1200,792087.7286,8.8500,14.4100,25.6917,25.6917,0.8700,31.2678,31.6729,27.3417,10.1695,10.3689,176735.4347,20944.5500,20944.5500,2546757.6140,301810.9655,,,0.0000
2016-09-26,14.3300,14.6900,13.8500,13.8500,392959.7400,561618.3141,8.5000,13.8500,18.7619,18.7619,0.5400,30.0527,30.4420,26.2792,9.7743,9.9659,176735.4347,20944.5500,20944.5500,2447785.7706,290082.0175,,,0.0000
2016-09-27,13.8000,13.9700,12.9600,13.4900,512601.2500,688656.2217,8.2800,13.4900,24.4742,24.4742,0.6700,29.2715,29.6508,25.5961,9.5203,9.7069,176735.4347,20944.5500,20944.5500,2384161.0141,282541.9795,,,0.0000
2016-09-28,13.3500,13.4000,12.9600,13.0900,316597.4500,416421.5412,8.0400,13.0900,15.1160,15.1160,0.5400,28.4036,28.7716,24.8371,9.2380,9.4191,176735.4347,20944.5500,20944.5500,2313466.8402,274164.1595,,,0.0000
2016-09-29,13.1000,13.5800,13.0900,13.1400,322403.5700,428691.1003,8.0700,13.1400,15.3932,15.3932,0.6400,28.5120,28.8815,24.9320,9.2733,9.4551,176735.4347,20944.5500,20944.5500,2322303.6120,275211.3870,,,0.0000
2016-09-30,13.0400,13.1200,12.6100,12.6300,332607.8100,424934.4352,7.7500,12.6300,15.8804,15.8804,0.8000,27.4054,27.7605,23.9643,8.9133,9.0881,176735.4347,20944.5500,20944.5500,2232168.5403,264529.6665,,,0.0000
2016-10-10,12.7200,13.0000,12.5600,13.0000,296514.2900,380108.6526,7.9800,13.0000,14.1571,14.1571,0.7900,28.2083,28.5737,24.6664,9.1745,9.3543,176735.4347,20944.5500,20944.5500,2297560.6511,272279.1500,,,0.0000
2016-10-11,13.0000,13.4700,12.9200,13.4500,416375.9600,550693.9106,8.2600,13.4500,19.8799,19.8799,1.1700,29.1847,29.5628,25.5202,9.4920,9.6781,176735.4347,20944.5500,20944.5500,2377091.5967,281704.1975,,,0.0000
2016-10-12,13.2000,13.3200,13.0400,13.1000,267080.9100,351261.4192,8.0400,13.1000,12.7518,12.7518,0.7900,28.4253,28.7935,24.8561,9.2450,9.4263,176735.4347,20944.5500,20944.5500,2315234.1946,274373.6050,,,0.0000
2016-10-13,13.1100,13.1700,12.7100,12.8000,268546.2700,346693.4643,7.8600,12.8000,12.8218,12.8218,0.8200,27.7743,28.1342,24.2869,9.0333,9.2104,176735.4347,20944.5500,20944.5500,2262213.5642,268090.2400,,,0.0000
2016-10-14,12.8000,13.2000,12.7300,12.9400,251842.6500,327402.6721,7.9400,12.9400,12.0243,12.0243,0.8000,28.0781,28.4419,24.5525,9.1321,9.3111,176735.4347,20944.5500,20944.5500,2286956.5250,271022.4770,,,0.0000
2016-10-17,12.8700,12.8700,12.4000,12.4500,258846.2400,326278.0130,7.6400,12.4500,12.3586,12.3586,0.8600,27.0148,27.3649,23.6228,8.7863,8.9586,176735.4347,20944.5500,20944.5500,2200356.1620,260759.6475,,,0.0000
2016-10-18,12.4000,12.5300,12.2100,12.5000,225860.0100,279421.8903,7.6700,12.5000,10.7837,10.7837,0.7700,27.1233,27.4748,23.7177,8.8216,8.9945,176735.4347,20944.5500,20944.5500,2209192.9338,261806.8750,,,0.0000
2016-10-19,12.4400,12.5000,12.3200,12.3600,147051.5700,182262.2346,7.5900,12.3600,7.0210,7.0210,0.5800,26.8196,27.1670,23.4520,8.7228,8.8938,176735.4347,20944.5500,20944.5500,2184449.9729,258874.6380,,,0.0000
2016-10-20,12.3500,12.4200,12.2100,12.2900,123837.7800,152379.2729,7.5500,12.2900,5.9126,5.9126,0.5400,26.6677,27.0132,23.3192,8.6734,8.8434,176735.4347,20944.5500,20944.5500,2172078.4925,257408.5195,,,0.0000
2016-10-21,12.2600,12.3900,12.1200,12.2100,150902.7500,184804.5721,7.5000,12.2100,7.2049,7.2049,0.7500,26.4941,26.8373,23.1674,8.6169,8.7859,176735.4347,20944.5500,20944.5500,2157939.6577,255732.9555,,,0.0000
2016-10-24,12.2400,12.6600,12.1800,12.4600,274780.3900,342930.6048,7.6500,12.4600,13.1194,13.1194,1.5200,27.0365,27.3868,23.6418,8.7934,8.9658,176735.4347,20944.5500,20944.5500,2202123.5164,260969.0930,,,0.0000
2016-10-25,12.3900,13.2000,12.3300,13.1000,511890.5800,655806.0258,8.0400,13.1000,24.4403,24.4403,2.7700,28.4253,28.7935,24.8561,9.2450,9.4263,176735.4347,20944.5500,20944.5500,2315234.1946,274373.6050,,,0.0000
2016-10-26,12.9400,13.1000,12.7500,12.8400,341287.9800,439513.4827,7.8800,12.8400,16.2948,16.2948,1.4100,27.8611,28.2221,24.3628,9.0615,9.2392,176735.4347,20944.5500,20944.5500,2269282.9815,268928.0220,,,0.0000
2016-10-27,12.8400,12.9100,12.5500,12.6700,247277.0900,315301.6077,7.7800,12.6700,11.8063,11.8063,0.8800,27.4922,27.8484,24.0402,8.9416,9.1169,176735.4347,20944.5500,20944.5500,2239237.9576,265367.4485,,,0.0000
2016-10-28,12.5500,13.8900,12.5500,13.1400,592502.4200,792402.0226,8.0700,13.1400,28.2891,28.2891,1.9400,28.5120,29.8131,2.7031,9.2733,9.3407,176735.4347,20944.5500,20944.5500,2322303.6120,275211.3870,,,0.0000
2016-10-31,12.9500,13.5300,12.7300,13.3900,460281.2700,604796.6450,8.2200,13.3900,21.9762,21.9762,1.1700,29.0545,30.3803,2.7546,9.4497,9.5185,176735.4347,20944.5500,20944.5500,2366487.4706,280447.5245,,,0.0000
2016-11-01,13.2000,13.2500,13.0200,13.1700,291479.6200,382728.7420,8.0900,13.1700,13.9167,13.9167,0.6800,28.5771,29.8812,2.7093,9.2944,9.3621,176735.4347,20944.5500,20944.5500,2327605.6750,275839.7235,,,0.0000
2016-11-02,13.0900,13.1300,12.8500,12.9000,232135.2900,300206.2050,7.9200,12.9000,11.0833,11.0833,0.6000,27.9913,29.2686,2.6538,9.1039,9.1701,176735.4347,20944.5500,20944.5500,2279887.1076,270184.6950,,,0.0000
2016-11-03,12.8000,13.0500,12.7100,12.8900,212682.2600,274532.6810,7.9100,12.8900,10.1545,10.1545,0.5800,27.9696,29.2459,2.6517,9.0968,9.1630,176735.4347,20944.5500,20944.5500,2278119.7533,269975.2495,,,0.0000
2016-11-04,12.8300,12.9400,12.6700,12.7100,182285.1100,233196.0590,7.8000,12.7100,8.7032,8.7032,0.5100,27.5790,28.8375,2.6147,8.9698,9.0351,176735.4347,20944.5500,20944.5500,2246307.3750,266205.2305,,,0.0000
2016-11-07,12.7000,12.8100,12.6100,12.6900,127240.3500,161498.1130,7.7900,12.6900,6.0751,6.0751,0.4600,27.5356,28.7921,2.6106,8.9557,9.0209,176735.4347,20944.5500,20944.5500,2242772.6663,265786.3395,,,0.0000
2016-11-08,12.7100,13.0800,12.7100,12.9500,224996.9800,290522.6080,7.9500,12.9500,10.7425,10.7425,1.0800,28.0998,29.3820,2.6640,9.1392,9.2057,176735.4347,20944.5500,20944.5500,2288723.8794,271231.9225,,,0.0000
2016-11-09,12.9000,12.9100,12.5000,12.6900,198225.6400,251663.4150,7.7900,12.6900,9.4643,9.4643,1.0100,27.5356,28.7921,2.6106,8.9557,9.0209,176735.4347,20944.5500,20944.5500,2242772.6663,265786.3395,,,0.0000
2016-11-10,12.8400,13.7800,12.7600,13.2400,483120.1400,642706.2370,8.1300,13.2400,23.0666,23.0666,2.5600,28.7290,30.0400,2.7237,9.3438,9.4118,176735.4347,20944.5500,20944.5500,2339977.1554,277305.8420,,,0.0000
2016-11-11,13.2700,13.6700,13.1200,13.5500,507622.4700,681060.1890,8.3200,13.5500,24.2365,24.2365,2.0900,29.4017,30.7433,2.7875,9.5626,9.6322,176735.4347,20944.5500,20944.5500,2394765.1402,283798.6525,,,0.0000
2016-11-14,13.4200,14.4800,13.3600,13.9700,556300.6800,772262.2780,8.5800,13.9700,26.5606,26.5606,1.8000,30.3130,31.6963,2.8739,9.8590,9.9308,176735.4347,20944.5500,20944.5500,2468994.0228,292595.3635,,,0.0000
2016-11-15,13.8400,13.8700,13.6400,13.7400,254085.0400,348787.0690,8.4400,13.7400,12.1313,12.1313,0.6400,29.8140,31.1744,2.8266,9.6967,9.7673,176735.4347,20944.5500,20944.5500,2428344.8728,287778.1170,,,0.0000
2016-11-16,13.7400,13.8400,13.6000,13.7000,190025.3900,260614.7080,8.4100,13.7000,9.0728,9.0728,0.4800,29.7272,31.0837,2.8183,9.6685,9.7388,176735.4347,20944.5500,20944.5500,2421275.4554,286940.3350,,,0.0000
2016-11-17,13.6500,13.6500,13.3700,13.5400,153144.1100,206543.1600,8.3100,13.5400,7.3119,7.3119,0.3800,29.3800,30.7207,2.7854,9.5556,9.6251,176735.4347,20944.5500,20944.5500,2392997.7858,283589.2070,,,0.0000
2016-11-18,13.5000,13.5700,13.3000,13.3400,132912.5200,178448.0790,8.1900,13.3400,6.3459,6.3459,0.4000,28.9460,30.2669,2.7443,9.4144,9.4829,176735.4347,20944.5500,20944.5500,2357650.6989,279400.2970,,,0.0000
2016-11-21,13.3600,13.6100,13.3100,13.3800,166584.0400,224057.4900,8.2200,13.3800,7.9536,7.9536,0.6500,29.0328,30.3576,2.7525,9.4426,9.5113,176735.4347,20944.5500,20944.5500,2364720.1163,280238.0790,,,0.0000
2016-11-22,13.3700,13.5500,13.3200,13.4800,156725.4000,210512.7920,8.2800,13.4800,7.4829,7.4829,0.8700,29.2498,30.5845,2.7731,9.5132,9.5824,176735.4347,20944.5500,20944.5500,2382393.6598,282332.5340,,,0.0000
2016-11-23,13.5000,13.9400,13.4000,13.4500,274971.7800,375189.8600,8.2600,13.4500,13.1286,13.1286,1.7200,29.1847,30.5165,2.7669,9.4920,9.5611,176735.4347,20944.5500,20944.5500,2377091.5967,281704.1975,,,0.0000
2016-11-24,13.3300,13.3900,13.2200,13.2300,171080.7600,227167.8140,8.1200,13.2300,8.1683,8.1683,0.9700,28.7073,30.0173,2.7216,9.3368,9.4047,176735.4347,20944.5500,20944.5500,2338209.8011,277096.3965,,,0.0000
2016-11-25,13.2300,13.3800,13.1000,13.3500,150351.3100,199540.7920,8.2000,13.3500,7.1785,7.1785,0.8300,28.9677,30.2896,2.7463,9.4215,9.4900,176735.4347,20944.5500,20944.5500,2359418.0532,279609.7425,,,0.0000
2016-11-28,13.3600,13.5600,13.3100,13.3800,176208.6500,237092.0770,8.2200,13.3800,8.4131,8.4131,0.9600,29.0328,30.3576,2.7525,9.4426,9.5113,176735.4347,20944.5500,20944.5500,2364720.1163,280238.0790,,,0.0000
2016-11-29,13.3000,13.3300,12.8500,12.8500,192425.4700,251711.2580,7.8900,12.8500,9.1874,9.1874,1.0400,27.8828,29.1551,2.6435,9.0686,9.1346,176735.4347,20944.5500,20944.5500,2271050.3359,269137.4675,,,0.0000
2016-11-30,12.7600,12.7600,12.5600,12.5900,128878.6800,162713.9450,7.7300,12.5900,6.1533,6.1533,0.6700,27.3186,28.5652,2.5900,8.8851,8.9498,176735.4347,20944.5500,20944.5500,2225099.1229,263691.8845,,,0.0000
2016-12-01,12.6500,12.7200,12.5200,12.6600,99893.3100,125940.7510,7.7700,12.6600,4.7694,4.7694,0.6100,27.4705,28.7240,2.6044,8.9345,8.9995,176735.4347,20944.5500,20944.5500,2237470.6033,265158.0030,,,0.0000
2016-12-02,12.6500,12.6500,12.4100,12.4200,97285.9000,121618.4750,7.6300,12.4200,4.6449,4.6449,0.6500,26.9497,28.1795,2.5550,8.7651,8.8289,176735.4347,20944.5500,20944.5500,2195054.0990,260131.3110,,,0.0000
2016-12-05,12.3000,12.4900,12.2400,12.4700,73135.4900,90523.7480,7.6600,12.4700,3.4919,3.4919,0.5300,27.0582,28.2930,2.5653,8.8004,8.8645,176735.4347,20944.5500,20944.5500,2203890.8707,261178.5385,,,0.0000
2016-12-06,12.4800,12.6100,12.4700,12.5200,68801.2500,86273.4120,7.6900,12.5200,3.2849,3.2849,0.5800,27.1667,28.4064,2.5756,8.8357,8.9000,176735.4347,20944.5500,20944.5500,2212727.6424,262225.7660,,,0.0000
2016-12-07,12.4800,12.6300,12.4700,12.6000,69236.9400,86820.3820,7.7400,12.6000,3.3057,3.3057,0.7400,27.3403,28.5879,2.5920,8.8922,8.9569,176735.4347,20944.5500,20944.5500,2226866.4772,263901.3300,,,0.0000
2016-12-08,12.6000,12.8900,12.5600,12.7100,132415.1000,168585.7030,7.8000,12.7100,6.3222,6.3222,1.6200,27.5790,28.8375,2.6147,8.9698,9.0351,176735.4347,20944.5500,20944.5500,2246307.3750,266205.2305,,,0.0000
2016-12-09,12.6900,12.9300,12.6100,12.7400,160777.3200,206102.4140,7.8200,12.7400,7.6763,7.6763,1.8200,27.6441,28.9056,2.6208,8.9910,9.0564,176735.4347,20944.5500,20944.5500,2251609.4381,266833.5670,,,0.0000
2016-12-12,12.7000,12.8600,11.6600,11.8700,156141.4500,192667.9690,7.2900,11.8700,7.4550,7.4550,1.5500,25.7563,26.9316,2.4419,8.3770,8.4379,176735.4347,20944.5500,20944.5500,2097849.6099,248611.8085,,,0.0000
2016-12-13,11.8700,11.9800,11.6800,11.8700,84954.9300,100665.6260,7.2900,11.8700,4.0562,4.0562,0.7200,25.7563,26.9316,2.4419,8.3770,8.4379,176735.4347,20944.5500,20944.5500,2097849.6099,248611.8085,,,0.0000
2016-12-14,11.8600,12.0600,11.7700,11.8700,74158.0700,88334.1150,7.2900,11.8700,3.5407,3.5407,0.6100,25.7563,26.9316,2.4419,8.3770,8.4379,176735.4347,20944.5500,20944.5500,2097849.6099,248611.8085,,,0.0000
2016-12-15,11.8100,11.9400,11.7700,11.8200,67575.4400,80077.1040,7.2600,11.8200,3.2264,3.2264,0.5600,25.6478,26.8182,2.4316,8.3417,8.4024,176735.4347,20944.5500,20944.5500,2089012.8382,247564.5810,,,0.0000
2016-12-16,11.8000,11.8800,11.7600,11.8800,50437.9000,59621.9080,7.2900,11.8800,2.4082,2.4082,0.4600,25.7780,26.9543,2.4439,8.3840,8.4451,176735.4347,20944.5500,20944.5500,2099616.9642,248821.2540,,,0.0000
2016-12-19,11.8600,11.8900,11.6400,11.6400,65954.1600,77295.9110,7.1500,11.6400,3.1490,3.1490,0.7600,25.2572,26.4098,2.3946,8.2147,8.2744,176735.4347,20944.5500,20944.5500,2057200.4599,243794.5620,,,0.0000
2016-12-20,11.6300,11.6300,11.2200,11.2700,134058.3300,152369.2780,6.9200,11.2700,6.4006,6.4006,1.9500,24.4544,25.5703,2.3184,7.9536,8.0114,176735.4347,20944.5500,20944.5500,1991808.3491,236045.0785,,,0.0000
2016-12-21,11.3100,11.4100,11.2800,11.3700,92294.0100,104808.7940,6.9800,11.3700,4.4066,4.4066,1.1800,24.6714,25.7972,2.3390,8.0241,8.0825,176735.4347,20944.5500,20944.5500,2009481.8925,238139.5335,,,0.0000
2016-12-22,11.3500,11.3500,11.1400,11.2400,76954.4800,86357.3360,6.9000,11.2400,3.6742,3.6742,0.9400,24.3893,25.5022,2.3123,7.9324,7.9901,176735.4347,20944.5500,20944.5500,1986506.2860,235416.7420,,,0.0000
2016-12-23,11.1900,11.2200,10.8900,10.8900,98245.5000,108293.2580,6.6900,10.8900,4.6907,4.6907,1.1700,23.6298,24.7081,2.2403,7.6854,7.7413,176735.4347,20944.5500,20944.5500,1924648.8839,228086.1495,,,0.0000
2016-12-26,10.8000,10.9800,10.5600,10.9800,79041.4500,84959.6430,6.7400,10.9800,3.7738,3.7738,0.8500,23.8251,24.9123,2.2588,7.7489,7.8053,176735.4347,20944.5500,20944.5500,1940555.0730,229971.1590,,,0.0000
2016-12-27,10.9200,10.9700,10.8300,10.8500,47151.7900,51344.4630,6.6600,10.8500,2.2513,2.2513,0.4900,23.5431,24.6174,2.2320,7.6571,7.7129,176735.4347,20944.5500,20944.5500,1917579.4665,227248.3675,,,0.0000
2016-12-28,10.8400,10.9100,10.7200,10.7500,40014.3800,43210.5450,6.6000,10.7500,1.9105,1.9105,0.5100,23.3261,24.3905,2.2115,7.5866,7.6418,176735.4347,20944.5500,20944.5500,1899905.9230,225153.9125,,,0.0000
2016-12-29,10.7500,10.9200,10.7300,10.7900,52852.2400,57209.7290,6.6200,10.7900,2.5234,2.5234,0.7700,23.4129,24.4812,2.2197,7.6148,7.6702,176735.4347,20944.5500,20944.5500,1906975.3404,225991.6945,,,0.0000
2016-12-30,10.7600,10.8900,10.7500,10.8200,36537.6600,39533.6080,6.6400,10.8200,1.7445,1.7445,0.5800,23.4780,24.5493,2.2259,7.6360,7.6915,176735.4347,20944.5500,20944.5500,1912277.4035,226620.0310,,,0.0000
2017-01-03,10.8300,11.0300,10.8300,11.0300,65507.9600,71862.0920,6.7700,11.0300,3.1277,3.1277,1.2800,23.9336,25.0258,2.2691,7.7842,7.8408,176735.4347,20944.5500,20944.5500,1949391.8447,231018.3865,,,2.2157
2017-01-04,11.0300,11.0600,10.8900,11.0400,56849.5800,62557.5770,6.7800,11.0400,2.7143,2.7143,1.1700,23.9553,25.0485,2.2711,7.7912,7.8479,176735.4347,20944.5500,20944.5500,1951159.1991,231227.8320,,,2.2124
2017-01-05,11.0200,11.1200,11.0000,11.0200,47336.8700,52313.1860,6.7700,11.0200,2.2601,2.2601,0.9400,23.9119,25.0031,2.2670,7.7771,7.8337,176735.4347,20944.5500,20944.5500,1947624.4904,230808.9410,,,2.2157
2017-01-06,10.9900,11.0000,10.8500,10.8500,45418.2000,49529.2120,6.6600,10.8500,2.1685,2.1685,0.8800,23.5431,24.6174,2.2320,7.6571,7.7129,176735.4347,20944.5500,20944.5500,1917579.4665,227248.3675,,,2.2523
2017-01-09,10.8300,10.8800,10.7300,10.8000,44680.1300,48199.9700,6.6300,10.8000,2.1333,2.1333,0.8900,23.4346,24.5039,2.2217,7.6219,7.6773,176735.4347,20944.5500,20944.5500,1908742.6948,226201.1400,,,2.2624
2017-01-10,10.8000,10.8000,10.6500,10.6600,60590.9300,64894.4650,6.5500,10.6600,2.8929,2.8929,1.1700,23.1308,24.1863,2.1929,7.5231,7.5778,176735.4347,20944.5500,20944.5500,1883999.7339,223268.9030,,,2.2901
2017-01-11,10.6600,10.7000,10.4800,10.5000,57422.0000,60755.3810,6.4500,10.5000,2.7416,2.7416,1.1300,22.7836,23.8233,2.1600,7.4101,7.4641,176735.4347,20944.5500,20944.5500,1855722.0644,219917.7750,,,2.3256
2017-01-12,10.4800,10.5700,10.3500,10.3700,39017.3200,40810.7100,6.3700,10.3700,1.8629,1.8629,0.7600,22.5015,23.5283,2.1333,7.3184,7.3717,176735.4347,20944.5500,20944.5500,1832746.4578,217194.9835,,,2.3548
2017-01-13,10.3700,10.3900,10.1300,10.1800,57020.0300,58274.6360,6.2500,10.1800,2.7224,2.7224,1.1500,22.0892,23.0972,2.0942,7.1843,7.2366,176735.4347,20944.5500,20944.5500,1799166.7252,213215.5190,,,2.4000
2017-01-16,10.1400,10.1500,9.4200,9.7000,95067.9800,93570.9630,5.9600,9.7000,4.5390,4.5390,1.8400,21.0477,22.0082,1.9955,6.8456,6.8954,176735.4347,20944.5500,20944.5500,1714333.7166,203162.1350,,,2.5168
2017-01-17,9.6300,9.8300,9.4600,9.7800,64891.5400,62661.1500,6.0000,9.7800,3.0983,3.0983,1.0500,21.2213,22.1897,2.0119,6.9020,6.9522,176735.4347,20944.5500,20944.5500,1728472.5514,204837.6990,,,2.5000
2017-01-18,9.7500,9.7500,9.5700,9.5800,42442.0000,40907.6310,5.8800,9.5800,2.0264,2.0264,0.6800,20.7873,21.7359,1.9708,6.7609,6.8101,176735.4347,20944.5500,20944.5500,1693125.4644,200648.7890,,,2.5510
2017-01-19,9.5300,9.6300,9.4300,9.5500,49359.3600,47115.9010,5.8600,9.5500,2.3567,2.3567,0.8300,20.7222,21.6678,1.9646,6.7397,6.7887,176735.4347,20944.5500,20944.5500,1687823.4014,200020.4525,,,2.5597
2017-01-20,9.5300,9.8000,9.5100,9.7600,70754.3400,68642.6120,5.9900,9.7600,3.3782,3.3782,1.1500,21.1779,22.1443,2.0078,6.8879,6.9380,176735.4347,20944.5500,20944.5500,1724937.8427,204418.8080,,,2.5042
2017-01-23,9.7300,9.8500,9.7000,9.7800,44329.0300,43356.8090,6.0000,9.7800,2.1165,2.1165,0.6900,21.2213,22.1897,2.0119,6.9020,6.9522,176735.4347,20944.5500,20944.5500,1728472.5514,204837.6990,,,2.5000
2017-01-24,9.7800,10.1500,9.7200,9.8000,42007.5800,41339.7910,6.0200,9.8000,2.0057,2.0057,0.7700,21.2647,22.2350,2.0160,6.9161,6.9665,176735.4347,20944.5500,20944.5500,1732007.2601,205256.5900,,,2.4917
2017-01-25,9.7700,9.8300,9.7400,9.7900,33756.2000,33060.0550,6.0100,9.7900,1.6117,1.6117,0.6800,21.2430,22.2124,2.0140,6.9091,6.9594,176735.4347,20944.5500,20944.5500,1730239.9057,205047.1445,,,2.4958
2017-01-26,9.8000,9.9400,9.8000,9.9100,40341.7600,39880.1380,6.0800,9.9100,1.9261,1.9261,0.8400,21.5034,22.5122,2.0003,6.9938,7.0938,176735.4347,20944.5500,20944.5500,1751448.1579,207560.4905,,,2.4671
2017-02-03,9.9100,9.9300,9.7700,9.8000,28982.4800,28465.9910,6.0200,9.8000,1.3838,1.3838,0.6300,21.2647,22.2623,1.9781,6.9161,7.0150,176735.4347,20944.5500,20944.5500,1732007.2601,205256.5900,,,2.4917
2017-02-06,9.7900,9.9700,9.7800,9.9600,44230.6700,43711.4780,6.1200,9.9600,2.1118,2.1118,1.1700,21.6119,22.6258,2.0104,7.0290,7.1295,176735.4347,20944.5500,20944.5500,1760284.9296,208607.7180,,,2.4510
2017-02-07,9.9200,10.0500,9.8600,9.9000,49091.0000,48871.4320,6.0800,9.9000,2.3439,2.3439,1.3000,21.4817,22.4895,1.9983,6.9867,7.0866,176735.4347,20944.5500,20944.5500,1749680.8035,207351.0450,,,2.4671
2017-02-08,9.8600,10.1100,9.7700,10.1000,87132.4600,86924.4000,6.2000,10.1000,4.1601,4.1601,2.2200,21.9157,22.9438,2.0386,7.1278,7.2298,176735.4347,20944.5500,20944.5500,1785027.8905,211539.9550,,,2.4194
2017-02-09,10.0500,10.1500,10.0300,10.0700,68091.9900,68679.3990,6.1800,10.0700,3.2511,3.2511,1.3600,21.8506,22.8757,2.0326,7.1067,7.2083,176735.4347,20944.5500,20944.5500,1779725.8274,210911.6185,,,2.4272
2017-02-10,10.1600,11.0800,10.1100,11.0800,245662.0900,267035.6810,6.8000,11.0800,11.7292,11.7292,4.4300,24.0421,25.1700,2.2364,7.8195,7.9313,176735.4347,20944.5500,20944.5500,1958228.6165,232065.6140,,,2.2059
2017-02-13,12.1900,12.1900,12.1900,12.1900,177323.8300,216157.7480,7.4800,12.1900,8.4663,8.4663,1.7900,26.4507,27.6916,2.4605,8.6028,8.7258,176735.4347,20944.5500,20944.5500,2154404.9490,255314.0645,,,2.0053
2017-02-14,13.4100,13.4100,12.1900,13.4100,1056264.7200,1403171.6070,8.2300,13.4100,50.4315,50.4315,8.4200,29.0979,30.4630,2.7067,9.4638,9.5991,176735.4347,20944.5500,20944.5500,2370022.1793,280866.4155,,,1.8226
2017-02-15,14.0000,14.7500,13.5100,14.7500,834679.0400,1218841.9550,9.0600,14.7500,39.8518,39.8518,2.5500,32.0055,33.5070,2.9772,10.4095,10.5583,176735.4347,20944.5500,20944.5500,2606847.6618,308932.1125,,,1.6556
2017-02-16,15.0000,16.2300,14.6500,16.2300,864885.7000,1361275.0720,9.9700,16.2300,41.2941,41.2941,1.8200,35.2169,36.8691,3.2759,11.4540,11.6177,176735.4347,20944.5500,20944.5500,2868416.1052,339930.0465,,,1.5045
2017-02-17,16.0200,17.3500,15.9500,16.7700,727363.4200,1214002.4500,10.3000,16.7700,34.7281,34.7281,1.1400,36.3887,38.0958,3.3849,11.8351,12.0043,176735.4347,20944.5500,20944.5500,2963853.2399,351240.1035,,,1.4563
2017-02-20,16.0500,16.8800,15.0900,16.4000,493250.4800,791672.2690,10.0700,16.4000,23.5503,23.5503,0.6700,35.5858,37.2553,3.3103,11.5739,11.7394,176735.4347,20944.5500,20944.5500,2898461.1291,343490.6200,,,1.4896
2017-02-21,16.1000,16.4700,15.6100,16.4000,353649.2400,569432.2140,10.0700,16.4000,16.8850,16.8850,0.4400,35.5858,37.2553,3.3103,11.5739,11.7394,176735.4347,20944.5500,20944.5500,2898461.1291,343490.6200,,,1.4896
2017-02-22,15.9400,16.1000,15.3700,16.0000,315782.1800,495765.2970,9.8200,16.0000,15.0771,15.0771,0.4800,34.7179,36.3466,3.2295,11.2916,11.4531,176735.4347,20944.5500,20944.5500,2827766.9552,335112.8000,,,1.5275
2017-02-23,15.8000,16.2700,15.5500,16.1400,327279.1700,519644.7800,9.9100,16.1400,15.6260,15.6260,0.5900,35.0217,36.6647,3.2578,11.3904,11.5533,176735.4347,20944.5500,20944.5500,2852509.9161,338045.0370,,,1.5136
2017-02-24,16.0000,17.7500,15.4800,17.7300,641571.3300,1068884.8460,10.8900,17.7300,30.6319,30.6319,1.4500,38.4717,40.2766,3.5787,12.5126,12.6915,176735.4347,20944.5500,20944.5500,3133519.2572,371346.8715,,,1.3774
2017-02-27,16.6000,19.5000,16.5200,19.5000,704302.9800,1307300.6380,11.9700,19.5000,33.6270,33.6270,1.6500,42.3124,44.2974,3.9360,13.7617,13.9584,176735.4347,20944.5500,20944.5500,3446340.9767,408418.7250,,,1.2531
2017-02-28,19.1000,21.4500,19.0200,21.4000,640290.4700,1324095.9850,13.1400,21.4000,30.5707,30.5707,1.3700,46.4351,48.6136,4.3195,15.1026,15.3185,176735.4347,20944.5500,20944.5500,3782138.3026,448213.3700,,,1.1416
2017-03-01,20.9900,21.0000,19.3900,20.0100,637933.0500,1288245.1740,12.2900,20.0100,30.4582,30.4582,1.2100,43.4190,45.4560,4.0389,14.1216,14.3235,176735.4347,20944.5500,20944.5500,3536476.0483,419100.4455,,,1.2205
2017-03-02,19.1300,20.6700,19.0200,20.1000,480930.0900,952444.5430,12.3400,20.1000,22.9621,22.9621,0.8100,43.6143,45.6604,4.0571,14.1851,14.3879,176735.4347,20944.5500,20944.5500,3552382.2375,420985.4550,,,1.2156
2017-03-03,19.6000,19.6400,18.1700,18.8100,652223.0800,1222068.3600,11.5500,18.8100,31.1405,31.1405,1.0500,40.8152,42.7300,3.7967,13.2747,13.4645,176735.4347,20944.5500,20944.5500,3324393.5267,393966.9855,,,1.2987
2017-03-06,18.8900,19.0500,18.2700,18.9000,347430.0600,651600.3390,11.6000,18.9000,16.5881,16.5881,0.5600,41.0105,42.9344,3.8149,13.3383,13.5290,176735.4347,20944.5500,20944.5500,3340299.7158,395851.9950,,,1.2931
2017-03-07,19.8000,20.7900,19.8000,20.7800,869633.4200,1794761.3710,12.7600,20.7800,41.5207,41.5207,1.5800,45.0898,47.2052,4.1943,14.6650,14.8747,176735.4347,20944.5500,20944.5500,3672562.3331,435227.7490,,,1.1755
2017-03-08,20.6600,21.6700,19.8000,20.8200,560680.2000,1161438.8160,12.7800,20.8200,26.7697,26.7697,0.9400,45.1766,47.2960,4.2024,14.6932,14.9033,176735.4347,20944.5500,20944.5500,3679631.7505,436065.5310,,,1.1737
2017-03-09,21.1800,21.7000,20.5000,21.2100,472223.5400,1006314.8580,13.0200,21.2100,22.5464,22.5464,0.8100,46.0229,48.1820,4.2811,14.9685,15.1825,176735.4347,20944.5500,20944.5500,3748558.5700,444233.9055,,,1.1521
2017-03-10,20.7000,21.3000,20.0000,20.7000,355966.1700,732397.5280,12.7100,20.7000,16.9956,16.9956,0.6100,44.9162,47.0234,4.1782,14.6086,14.8174,176735.4347,20944.5500,20944.5500,3658423.4983,433552.1850,,,1.1802
2017-03-13,20.3500,21.0800,19.8000,20.9000,331242.3600,680929.1830,12.8300,20.9000,15.8152,15.8152,0.6400,45.3502,47.4778,4.2186,14.7497,14.9606,176735.4347,20944.5500,20944.5500,3693770.5852,437741.0950,,,1.1691
2017-03-14,20.8000,20.9700,20.4000,20.7800,246414.2200,509605.8170,12.7600,20.7800,11.7651,11.7651,0.4800,45.0898,47.2052,4.1943,14.6650,14.8747,176735.4347,20944.5500,20944.5500,3672562.3331,435227.7490,,,1.1755
2017-03-15,20.0000,21.1500,19.7800,20.7000,247927.0500,511771.2100,12.7100,20.7000,11.8373,11.8373,0.6300,47.0279,47.0279,4.1801,14.8150,14.8150,176735.4347,20944.5500,20944.5500,3658423.4983,433552.1850,,,1.1802
2017-03-16,20.6600,21.3900,19.8000,20.9000,833593.1400,1717674.2850,12.8300,20.9000,39.8000,39.8000,2.5200,47.4823,47.4823,4.2205,14.9581,14.9581,176735.4347,20944.5500,20944.5500,3693770.5852,437741.0950,,,1.1691
2017-03-17,20.4200,20.7500,18.9600,18.9700,513442.7400,1024173.1770,11.6500,18.9700,24.5144,24.5144,1.2700,43.0976,43.0976,3.8308,13.5768,13.5768,176735.4347,20944.5500,20944.5500,3352671.1963,397318.1135,,,1.2876
2017-03-20,19.7000,20.6800,19.6800,20.1400,551121.7800,1110542.0490,12.3700,20.1400,26.3134,26.3134,1.2700,45.7557,45.7557,4.0670,14.4142,14.4142,176735.4347,20944.5500,20944.5500,3559451.6549,421823.2370,,,1.2126
2017-03-21,19.5400,20.2000,19.2000,20.0000,275783.7500,544555.1230,12.2800,20.0000,13.1673,13.1673,0.5800,45.4376,45.4376,4.0388,14.3140,14.3140,176735.4347,20944.5500,20944.5500,3534708.6940,418891.0000,,,1.2215
2017-03-22,19.9000,20.3000,19.5900,20.0900,216379.4700,433639.4570,12.3300,20.0900,10.3311,10.3311,0.4500,45.6421,45.6421,4.0569,14.3784,14.3784,176735.4347,20944.5500,20944.5500,3550614.8831,420776.0095,,,1.2165
2017-03-23,20.5000,20.6900,20.1100,20.3700,286632.3800,584226.9030,12.5100,20.3700,13.6853,13.6853,0.6000,46.2782,46.2782,4.1135,14.5788,14.5788,176735.4347,20944.5500,20944.5500,3600100.8048,426640.4835,,,1.1990
2017-03-24,20.4500,20.5000,20.0300,20.2000,185058.7700,374482.9730,12.4000,20.2000,8.8357,8.8357,0.5000,45.8920,45.8920,4.0792,14.4571,14.4571,176735.4347,20944.5500,20944.5500,3570055.7809,423079.9100,,,1.2097
2017-03-27,20.2000,20.4900,19.2200,20.4500,250936.6500,504715.5860,12.5600,20.4500,11.9810,11.9810,0.8300,46.4599,46.4599,4.1296,14.6360,14.6360,176735.4347,20944.5500,20944.5500,3614239.6396,428316.0475,,,1.1943
2017-03-28,20.4600,21.8000,20.2200,21.7600,470716.5000,989113.5560,13.3600,21.7600,22.4744,22.4744,1.9400,49.4361,49.4361,4.3942,15.5736,15.5736,176735.4347,20944.5500,20944.5500,3845763.0591,455753.4080,,,1.1228
2017-03-29,21.5500,21.6300,20.8900,21.2700,397808.4600,843287.2440,13.0600,21.2700,18.9934,18.9934,1.4100,48.3229,48.3229,4.2952,15.2229,15.2229,176735.4347,20944.5500,20944.5500,3759162.6961,445490.5785,,,1.1485
2017-03-30,21.1000,21.3200,20.6000,20.7700,223114.4700,467778.7590,12.7500,20.7700,10.6526,10.6526,0.7000,47.1869,47.1869,4.1943,14.8651,14.8651,176735.4347,20944.5500,20944.5500,3670794.9787,435018.3035,,,1.1765
2017-03-31,20.4600,20.7600,18.6900,18.6900,842080.9900,1598747.5070,11.4800,18.6900,40.2053,40.2053,2.7600,42.4614,42.4614,3.7742,13.3764,13.3764,176735.4347,20944.5500,20944.5500,3303185.2745,391453.6395,,,1.3066
2017-04-05,16.8200,19.0500,16.8200,18.8300,719732.6200,1250984.4120,11.5600,18.8300,34.3637,34.3637,1.6500,42.7795,42.7795,3.8025,13.4766,13.4766,176735.4347,20944.5500,20944.5500,3327928.2354,394385.8765,,,1.2976
2017-04-06,18.0900,19.7000,18.0600,19.6800,546687.6900,1027755.6600,12.0800,19.6800,26.1017,26.1017,1.0300,44.7106,44.7106,3.9741,14.0850,14.0850,176735.4347,20944.5500,20944.5500,3478153.3549,412188.7440,,,1.2417
2017-04-07,19.4300,21.5800,19.3000,20.6000,611663.1900,1276360.2840,12.6500,20.6000,29.2039,29.2039,1.1200,46.8007,46.8007,4.1599,14.7434,14.7434,176735.4347,20944.5500,20944.5500,3640749.9548,431457.7300,,,1.1858
2017-04-10,20.9500,22.0000,20.8800,21.2900,425340.4400,913992.8170,13.0700,21.2900,20.3079,20.3079,0.7200,48.3683,48.3683,4.2993,15.2372,15.2372,176735.4347,20944.5500,20944.5500,3762697.4048,445909.4695,,,1.1477
2017-04-11,21.2800,23.1000,19.6800,22.9800,348697.3100,746991.9540,14.1100,22.9800,16.6486,16.6486,0.5500,52.2078,52.2078,4.6405,16.4468,16.4468,176735.4347,20944.5500,20944.5500,4061380.2894,481305.7590,,,1.0631
2017-04-24,20.6800,22.8000,20.6800,22.2000,434867.1100,915999.1640,13.6300,22.2000,20.7628,20.7628,0.8200,50.4357,50.4357,4.4830,15.8885,15.8885,176735.4347,20944.5500,20944.5500,3923526.6503,464969.0100,,,1.1005
2017-04-25,20.0500,21.1000,19.9800,20.5100,434461.8300,880430.6350,12.5900,20.5100,20.7434,20.7434,0.9200,46.5963,46.5963,4.1418,14.6790,14.6790,176735.4347,20944.5500,20944.5500,3624843.7657,429572.7205,,,1.1914
2017-04-26,20.5700,22.5000,20.0100,22.0100,319179.9600,685508.1710,13.5100,22.0100,15.2393,15.2393,0.7100,50.0041,50.0041,4.4447,15.7525,15.7525,176735.4347,20944.5500,20944.5500,3889946.9177,460989.5455,,,1.1103
2017-04-27,21.6000,23.6000,21.0000,23.5700,354123.8800,788292.6750,14.4700,23.5700,16.9077,16.9077,0.9000,53.5482,53.5482,4.7597,16.8690,16.8690,176735.4347,20944.5500,20944.5500,4165654.1959,493663.0435,,,1.0366
2017-04-28,22.0000,24.0100,21.8000,23.6300,224527.9000,523330.9790,14.5100,23.6300,10.7201,10.7201,0.5900,53.6845,53.8268,4.7252,16.9120,17.2623,176735.4347,20944.5500,20944.5500,4176258.3220,494919.7165,,,1.0338
2017-05-02,22.9000,23.0000,21.2700,21.5000,306207.4800,661852.5620,13.2000,21.5000,14.6199,14.6199,0.8700,48.8454,48.9749,4.2993,15.3875,15.7063,176735.4347,20944.5500,20944.5500,3799811.8461,450307.8250,,,1.1364
2017-05-03,21.4000,21.4000,19.3500,19.3500,340402.0000,665500.4220,11.8800,19.3500,16.2525,16.2525,1.0400,43.9609,44.0774,3.8694,13.8488,14.1356,176735.4347,20944.5500,20944.5500,3419830.6614,405277.0425,,,1.2626
2017-05-04,17.7000,20.2400,17.5000,19.8900,941668.3700,1746437.8950,12.2100,19.8900,44.9601,44.9601,3.0500,45.1877,45.3075,3.9773,14.2352,14.5301,176735.4347,20944.5500,20944.5500,3515267.7962,416587.0995,,,1.2285
2017-05-05,18.8000,19.0200,17.9000,17.9000,806881.5400,1465083.4520,10.9900,17.9000,38.5247,38.5247,1.8600,40.6666,40.7745,3.5794,12.8110,13.0764,176735.4347,20944.5500,20944.5500,3163564.2811,374907.4450,,,1.3649
2017-05-08,17.2300,17.2300,16.1100,16.1100,409849.8100,673429.0830,9.8900,16.1100,19.5683,19.5683,0.7800,36.6000,36.6970,3.2215,11.5299,11.7687,176735.4347,20944.5500,20944.5500,2847207.8530,337416.7005,,,1.5167
2017-05-09,15.0100,16.4400,15.0100,15.8400,528200.1500,832536.9690,9.7300,15.8400,25.2190,25.2190,0.9400,35.9866,36.0820,3.1675,11.3367,11.5715,176735.4347,20944.5500,20944.5500,2799489.2856,331761.6720,,,1.5416
2017-05-10,15.8500,17.1900,15.7100,16.7700,687237.1100,1140370.7560,10.3000,16.7700,32.8122,32.8122,1.1400,38.0994,38.2004,3.3534,12.0023,12.2509,176735.4347,20944.5500,20944.5500,2963853.2399,351240.1035,,,1.4563
2017-05-11,16.3000,16.6700,15.8100,16.0000,454843.4500,736017.4570,9.8200,16.0000,21.7166,21.7166,0.6700,36.3501,36.4464,3.1995,11.4512,11.6884,176735.4347,20944.5500,20944.5500,2827766.9552,335112.8000,,,1.5275
2017-05-12,15.9500,16.6500,15.7500,16.1100,431993.0100,703202.7600,9.9800,16.2500,20.6256,20.6256,0.7500,36.6000,36.6970,3.3211,11.5299,11.7687,176735.4347,20944.5500,20944.5500,2847207.8530,337416.7005,,0.9311,1.5030
2017-05-15,16.0500,16.0500,15.3400,15.4300,382097.4600,596200.5250,9.5600,15.5700,18.2433,18.2433,0.7600,35.0551,35.1480,3.1809,11.0432,11.2720,176735.4347,20944.5500,20944.5500,2727027.7574,323174.4065,,0.9721,1.5690
2017-05-16,15.5500,16.1600,15.5500,15.8600,373253.4200,591307.3120,9.8300,16.0000,17.8210,17.8210,0.7500,36.0320,36.1275,3.2695,11.3510,11.5861,176735.4347,20944.5500,20944.5500,2803023.9943,332180.5630,,0.9458,1.5259
2017-05-17,15.7400,16.1800,15.4000,15.8100,400326.6800,630869.7930,9.7900,15.9500,19.1136,19.1136,0.8600,35.9184,36.0136,3.2592,11.3152,11.5496,176735.4347,20944.5500,20944.5500,2794187.2226,331133.3355,,0.9488,1.5322
2017-05-18,15.5400,15.7500,14.2300,14.2300,476553.7900,711275.2390,8.8200,14.3600,22.7531,22.7531,1.1700,32.3288,32.4146,2.9335,10.1844,10.3954,176735.4347,20944.5500,20944.5500,2514945.2358,298040.9465,,1.0541,1.7007
2017-05-19,14.0300,14.3900,13.4600,13.9100,370580.5100,515133.6520,8.6200,14.0400,17.6934,17.6934,0.9000,31.6018,31.6856,2.8675,9.9554,10.1616,176735.4347,20944.5500,20944.5500,2458389.8967,291338.6905,,1.0784,1.7401
2017-05-22,13.8900,14.2200,13.5300,14.0600,323905.8900,449895.5100,8.7100,14.1900,15.4649,15.4649,0.8100,31.9426,32.0273,2.8985,10.0627,10.2712,176735.4347,20944.5500,20944.5500,2484900.2119,294480.3730,,1.0669,1.7222
2017-05-23,14.0700,14.1300,12.8100,13.0700,306495.2700,419046.0900,8.1000,13.1900,14.6337,14.6337,0.7900,29.6935,29.7722,2.6944,9.3542,9.5480,176735.4347,20944.5500,20944.5500,2309932.1315,273745.2685,,1.1477,1.8519
2017-05-24,12.9900,13.2000,12.4000,12.8600,322872.6500,412951.6110,7.9700,12.9800,15.4156,15.4156,0.8600,29.2164,29.2938,2.6511,9.2039,9.3945,176735.4347,20944.5500,20944.5500,2272817.6902,269346.9130,,1.1664,1.8821
2017-05-25,12.9300,13.3600,12.7500,13.0400,377976.0000,494749.8830,8.0800,13.1600,18.0465,18.0465,1.0500,29.6253,29.7039,2.6882,9.3327,9.5260,176735.4347,20944.5500,20944.5500,2304630.0685,273116.9320,,1.1503,1.8564
2017-05-26,12.9600,12.9600,12.5000,12.6700,278376.8400,352618.9170,7.8500,12.7800,13.2911,13.2911,0.8200,28.7847,28.8610,2.6119,9.0679,9.2557,176735.4347,20944.5500,20944.5500,2239237.9576,265367.4485,,1.1839,1.9108
2017-05-31,12.9000,13.0200,12.4100,12.5000,235795.0100,301497.1840,7.7400,12.6100,11.2581,11.2581,0.7300,28.3985,28.4738,2.5769,8.9462,9.1316,176735.4347,20944.5500,20944.5500,2209192.9338,261806.8750,,1.2000,1.9380
2017-06-01,12.3500,12.6500,11.5000,11.6100,274563.9100,331855.4610,7.1900,11.7100,13.1091,13.1091,0.9000,26.3765,26.4465,2.3934,8.3093,8.4814,176735.4347,20944.5500,20944.5500,2051898.3969,243166.2255,,1.2920,2.0862
2017-06-02,11.6000,11.8800,11.0300,11.8000,260401.3100,299175.3130,7.3100,11.9100,12.4329,12.4329,0.8700,26.8082,26.8793,2.4326,8.4452,8.6202,176735.4347,20944.5500,20944.5500,2085478.1295,247145.6900,,1.2712,2.0520
2017-06-05,11.7500,11.9300,11.6800,11.8700,163620.8700,193272.4990,7.3500,11.9800,7.8121,7.8121,0.5700,26.9672,27.0387,2.4470,8.4953,8.6713,176735.4347,20944.5500,20944.5500,2097849.6099,248611.8085,,1.2637,2.0408
2017-06-06,11.8200,11.8500,11.4500,11.6800,174050.4100,202732.7400,7.2400,11.7900,8.3101,8.3101,0.7200,26.5356,26.6059,2.4078,8.3594,8.5325,176735.4347,20944.5500,20944.5500,2064269.8773,244632.3440,,1.2842,2.0718
2017-06-07,11.7200,12.8500,11.7100,12.8500,500074.1000,623466.1830,7.9600,12.9700,23.8761,23.8761,2.2600,29.1937,29.2711,2.6490,9.1967,9.3872,176735.4347,20944.5500,20944.5500,2271050.3359,269137.4675,,1.1673,1.8844
2017-06-08,12.9400,12.9500,12.5600,12.5900,396583.2800,504070.3830,7.8000,12.7000,18.9349,18.9349,1.4400,28.6030,28.6788,2.5954,9.0106,9.1973,176735.4347,20944.5500,20944.5500,2225099.1229,263691.8845,,1.1914,1.9231
2017-06-09,12.5000,12.6600,12.3000,12.5000,208718.2100,260436.6310,7.7400,12.6100,9.9653,9.9653,0.7000,28.3985,28.4738,2.5769,8.9462,9.1316,176735.4347,20944.5500,20944.5500,2209192.9338,261806.8750,,1.2000,1.9380
2017-06-12,12.3900,13.2300,12.3000,12.6300,347050.6200,443933.8470,7.8200,12.7400,16.5700,16.5700,1.2000,28.6938,28.7699,2.6037,9.0393,9.2265,176735.4347,20944.5500,20944.5500,2232168.5403,264529.6665,,1.1876,1.9182
2017-06-13,12.4800,12.9600,12.4000,12.7000,230481.8800,291831.7600,7.8700,12.8100,11.0044,11.0044,0.7100,28.8529,28.9294,2.6181,9.0894,9.2777,176735.4347,20944.5500,20944.5500,2244540.0207,265995.7850,,1.1811,1.9060
2017-06-14,12.6500,12.8600,12.5100,12.6900,195155.3500,247694.0400,7.8600,12.8000,9.3177,9.3177,0.5800,28.8302,28.9066,2.6160,9.0822,9.2704,176735.4347,20944.5500,20944.5500,2242772.6663,265786.3395,,1.1820,1.9084
2017-06-15,12.6900,13.5000,12.6100,13.0700,384251.8000,500547.3840,8.1000,13.1900,18.3461,18.3461,1.3900,29.6935,29.7722,2.6944,9.3542,9.5480,176735.4347,20944.5500,20944.5500,2309932.1315,273745.2685,,1.1477,1.8519
2017-06-16,12.9200,13.2500,12.8100,13.2000,285334.7500,371628.9110,8.1800,13.3200,13.6233,13.6233,1.0400,29.9888,30.0683,2.7212,9.4472,9.6429,176735.4347,20944.5500,20944.5500,2332907.7380,276468.0600,,1.1364,1.8337
2017-06-19,13.2000,13.3800,13.1000,13.1800,248628.6500,328451.7680,8.1700,13.3000,11.8708,11.8708,0.8600,29.9434,30.0228,2.7171,9.4329,9.6283,176735.4347,20944.5500,20944.5500,2329373.0293,276049.1690,,1.1381,1.8360
2017-06-20,13.1000,13.3600,13.0600,13.2100,194437.7900,256282.9120,8.1800,13.3300,9.2835,9.2835,0.7200,30.0115,30.0911,2.7232,9.4544,9.6502,176735.4347,20944.5500,20944.5500,2334675.0924,276677.5055,,1.1355,1.8337
2017-06-21,13.3300,13.3600,12.8500,12.9700,208091.4300,271709.3770,8.0400,13.0900,9.9353,9.9353,0.8000,29.4663,29.5444,2.6738,9.2826,9.4749,176735.4347,20944.5500,20944.5500,2292258.5881,271650.8135,,1.1565,1.8657
2017-06-22,12.9000,13.3000,12.8100,12.8400,249047.7000,325272.5390,7.9500,12.9600,11.8908,11.8908,0.9400,29.1709,29.2483,2.6470,9.1896,9.3799,176735.4347,20944.5500,20944.5500,2269282.9815,268928.0220,,1.1682,1.8868
2017-06-23,12.7000,12.7200,12.1100,12.5300,214420.8700,266474.0100,7.7600,12.6400,10.2375,10.2375,0.9000,28.4667,28.5421,2.5831,8.9677,9.1535,176735.4347,20944.5500,20944.5500,2214494.9968,262435.2115,,1.1971,1.9330
2017-06-26,12.4400,12.5900,12.4300,12.5600,122610.1500,153581.3140,7.7800,12.6700,5.8540,5.8540,0.5500,28.5348,28.6105,2.5892,8.9892,9.1754,176735.4347,20944.5500,20944.5500,2219797.0598,263063.5480,,1.1943,1.9280
2017-06-27,12.6600,13.2900,12.6000,12.9100,273023.9100,353143.9860,8.0000,13.0300,13.0356,13.0356,1.3800,29.3300,29.4077,2.6614,9.2397,9.4311,176735.4347,20944.5500,20944.5500,2281654.4620,270394.1405,,1.1619,1.8750
2017-06-28,12.8100,13.1000,12.6500,12.8400,225608.2600,291083.6770,7.9500,12.9600,10.7717,10.7717,1.0600,29.1709,29.2483,2.6470,9.1896,9.3799,176735.4347,20944.5500,20944.5500,2269282.9815,268928.0220,,1.1682,1.8868
2017-06-29,12.7600,12.9500,12.6300,12.6900,136144.2500,174098.5830,7.8600,12.8000,6.5002,6.5002,0.6300,28.8302,28.9066,2.6160,9.0822,9.2704,176735.4347,20944.5500,20944.5500,2242772.6663,265786.3395,,1.1820,1.9084
2017-06-30,12.6400,12.7300,12.3100,12.5300,129011.2600,161359.6460,7.7600,12.6400,6.1597,6.1597,0.6600,28.4667,28.5421,2.5831,8.9677,9.1535,176735.4347,20944.5500,20944.5500,2214494.9968,262435.2115,,1.1971,1.9330
2017-07-03,12.5400,12.6800,12.4500,12.6700,97339.2400,122464.7500,7.8500,12.7800,4.6475,4.6475,0.5500,28.7847,28.8610,2.6119,9.0679,9.2557,176735.4347,20944.5500,20944.5500,2239237.9576,265367.4485,,1.1839,1.9108
2017-07-04,12.6100,12.8900,12.6000,12.8700,162048.4500,206553.2840,7.9700,12.9900,7.7370,7.7370,0.9400,29.2391,29.3166,2.6532,9.2110,9.4018,176735.4347,20944.5500,20944.5500,2274585.0446,269556.3585,,1.1655,1.8821
2017-07-05,12.8800,12.9800,12.7300,12.8500,177593.9300,228155.1570,7.9600,12.9700,8.4792,8.4792,1.1800,29.1937,29.2711,2.6490,9.1967,9.3872,176735.4347,20944.5500,20944.5500,2271050.3359,269137.4675,,1.1673,1.8844
2017-07-06,12.7800,12.9800,12.7200,12.8700,161015.1200,206925.2820,7.9700,12.9900,7.6877,7.6877,1.1500,29.2391,29.3166,2.6532,9.2110,9.4018,176735.4347,20944.5500,20944.5500,2274585.0446,269556.3585,,1.1655,1.8821
2017-07-07,12.9500,13.0800,12.8200,12.8500,208257.3700,269296.5980,7.9600,12.9700,9.9433,9.9433,1.4300,29.1937,29.2711,2.6490,9.1967,9.3872,176735.4347,20944.5500,20944.5500,2271050.3359,269137.4675,,1.1673,1.8844
2017-07-10,12.7000,12.7000,12.3100,12.4200,171134.7500,213508.2130,7.6900,12.5300,8.1708,8.1708,1.0600,28.2167,28.2916,2.5604,8.8890,9.0731,176735.4347,20944.5500,20944.5500,2195054.0990,260131.3110,,1.2077,1.9506
2017-07-11,12.3600,12.5400,12.3100,12.3200,122395.7200,151882.8730,7.6300,12.4300,5.8438,5.8438,0.7000,27.9896,28.0638,2.5398,8.8174,9.0001,176735.4347,20944.5500,20944.5500,2177380.5555,258036.8560,,1.2175,1.9659
2017-07-12,12.3000,12.3600,11.9000,12.0900,148618.4300,180000.7540,7.4900,12.2000,7.0958,7.0958,0.8800,27.4670,27.5398,2.4924,8.6528,8.8320,176735.4347,20944.5500,20944.5500,2136731.4055,253219.6095,,1.2407,2.0027
2017-07-13,12.1400,12.3200,11.8700,12.2100,169518.5700,205196.3100,7.5600,12.3200,8.0937,8.0937,1.0400,27.7397,27.8132,2.5171,8.7387,8.9197,176735.4347,20944.5500,20944.5500,2157939.6577,255732.9555,,1.2285,1.9841
2017-07-14,12.2000,12.2000,12.0100,12.0200,110462.5800,133283.3120,7.4500,12.1300,5.2740,5.2740,0.6700,27.3080,27.3804,2.4779,8.6027,8.7809,176735.4347,20944.5500,20944.5500,2124359.9251,251753.4910,,1.2479,2.0134
2017-07-17,11.9800,12.2600,11.1000,11.5300,234645.2000,277225.5030,7.1400,11.6300,11.2032,11.2032,1.6200,26.1948,26.2642,2.3769,8.2520,8.4229,176735.4347,20944.5500,20944.5500,2037759.5621,241490.6615,,1.3010,2.1008
2017-07-18,11.3500,11.7500,11.2900,11.7500,153128.1600,177247.6910,7.2800,11.8600,7.3111,7.3111,0.9700,26.6946,26.7654,2.4223,8.4095,8.5837,176735.4347,20944.5500,20944.5500,2076641.3577,246098.4625,,1.2766,2.0604
2017-07-19,11.7600,11.9000,11.6000,11.7800,178482.3500,209739.2640,7.3000,11.8900,8.5217,8.5217,1.0900,26.7627,26.8337,2.4284,8.4309,8.6056,176735.4347,20944.5500,20944.5500,2081943.4208,246726.7990,,1.2733,2.0548
2017-07-20,11.7000,11.7900,11.6000,11.6400,132419.2000,154761.1630,7.2100,11.7400,6.3224,6.3224,0.7800,26.4447,26.5148,2.3996,8.3307,8.5033,176735.4347,20944.5500,20944.5500,2057200.4599,243794.5620,,1.2887,2.0804
2017-07-21,11.6100,11.6100,11.2600,11.3000,126804.6500,144769.2880,7.0000,11.4000,6.0543,6.0543,0.7800,25.6722,25.7403,2.3295,8.0874,8.2549,176735.4347,20944.5500,20944.5500,1997110.4121,236673.4150,,1.3274,2.1429
2017-07-24,11.2500,11.3600,11.1300,11.2800,79898.6100,89917.0720,6.9900,11.3800,3.8148,3.8148,0.4800,25.6268,25.6947,2.3254,8.0731,8.2403,176735.4347,20944.5500,20944.5500,1993575.7034,236254.5240,,1.3298,2.1459
2017-07-25,11.3100,11.3800,11.1700,11.2200,76853.7600,86756.5560,6.9500,11.3200,3.6694,3.6694,0.5700,25.4905,25.5581,2.3130,8.0301,8.1965,176735.4347,20944.5500,20944.5500,1982971.5773,234997.8510,,1.3369,2.1583
2017-07-26,11.1800,11.3200,11.0000,11.0800,102648.7700,114366.1670,6.8600,11.1800,4.9010,4.9010,0.8600,25.1724,25.2392,2.2841,7.9299,8.0942,176735.4347,20944.5500,20944.5500,1958228.6165,232065.6140,,1.3538,2.1866
2017-07-27,11.0700,11.2000,10.7400,11.1400,139684.4900,153476.0260,6.9000,11.2400,6.6693,6.6693,1.3500,25.3087,25.3758,2.2965,7.9729,8.1380,176735.4347,20944.5500,20944.5500,1968832.7426,233322.2870,,1.3465,2.1739
2017-07-28,11.1000,11.1000,10.9600,10.9800,77637.7000,85468.3720,6.8000,11.0800,3.7068,3.7068,0.7400,24.9452,25.0114,2.2635,7.8584,8.0212,176735.4347,20944.5500,20944.5500,1940555.0730,229971.1590,,1.3661,2.2059
2017-07-31,10.9500,10.9800,10.8500,10.8700,89211.7700,97263.9020,6.7300,10.9700,4.2594,4.2594,0.9400,24.6953,24.7608,2.2409,7.7796,7.9408,176735.4347,20944.5500,20944.5500,1921114.1752,227667.2585,,1.3799,2.2288
2017-08-01,10.8600,11.9600,10.8300,11.9600,263108.2200,309089.0850,7.4100,12.0700,12.5621,12.5621,2.7100,27.1717,27.2437,2.4656,8.5598,8.7371,176735.4347,20944.5500,20944.5500,2113755.7990,250496.8180,,1.2542,2.0243
2017-08-02,12.0800,13.1500,11.8100,12.8300,737489.1500,913939.2410,7.9500,12.9500,35.2115,35.2115,5.4800,29.1482,29.2255,2.6449,9.1824,9.3726,176735.4347,20944.5500,20944.5500,2267515.6272,268718.5765,,1.1691,1.8868
2017-08-03,12.5200,12.6900,12.2900,12.3700,396369.3400,494799.9040,7.6600,12.4800,18.9247,18.9247,1.5200,28.1032,28.1777,2.5501,8.8532,9.0366,176735.4347,20944.5500,20944.5500,2186217.3272,259084.0835,,1.2126,1.9582
2017-08-04,12.2600,12.7200,12.2000,12.2800,274486.2000,341482.3080,7.6100,12.3900,13.1054,13.1054,0.8800,27.8987,27.9726,2.5315,8.7888,8.9708,176735.4347,20944.5500,20944.5500,2170311.1381,257199.0740,,1.2215,1.9711
2017-08-07,12.0100,12.1500,11.9000,12.1000,189591.0400,227769.4250,7.5000,12.2100,9.0520,9.0520,0.5400,27.4897,27.5626,2.4944,8.6600,8.8393,176735.4347,20944.5500,20944.5500,2138498.7599,253429.0550,,1.2397,2.0000
2017-08-08,12.0000,12.2800,11.8100,12.1400,278072.0500,335145.2670,7.5200,12.2500,13.2766,13.2766,0.7500,27.5806,27.6537,2.5027,8.6886,8.8686,176735.4347,20944.5500,20944.5500,2145568.1773,254266.8370,,1.2356,1.9947
2017-08-09,12.0500,12.0600,11.8000,11.8400,238624.5700,284365.7990,7.3400,11.9500,11.3932,11.3932,0.6400,26.8991,26.9704,2.4408,8.4739,8.6494,176735.4347,20944.5500,20944.5500,2092547.5468,247983.4720,,1.2669,2.0436
2017-08-10,11.8200,12.3200,11.8000,11.9900,300752.3400,363587.7690,7.4300,12.1000,14.3595,14.3595,1.0900,27.2398,27.3121,2.4717,8.5812,8.7590,176735.4347,20944.5500,20944.5500,2119057.8621,251125.1545,,1.2510,2.0188
2017-08-11,11.8500,11.8600,11.2800,11.3800,247347.9400,286387.5610,7.0500,11.4800,11.8097,11.8097,0.9700,25.8540,25.9225,2.3460,8.1447,8.3134,176735.4347,20944.5500,20944.5500,2011249.2469,238348.9790,,1.3181,2.1277
2017-08-14,11.3600,11.5600,11.3600,11.5100,116262.8400,133235.4690,7.1300,11.6100,5.5510,5.5510,0.4600,26.1493,26.2187,2.3728,8.2377,8.4083,176735.4347,20944.5500,20944.5500,2034224.8534,241071.7705,,1.3032,2.1038
2017-08-15,11.5500,12.1900,11.4800,11.8000,292001.0000,347511.6210,7.3100,11.9100,13.9416,13.9416,1.2400,26.8082,26.8793,2.4326,8.4452,8.6202,176735.4347,20944.5500,20944.5500,2085478.1295,247145.6900,,1.2712,2.0520
2017-08-16,11.6000,11.9000,11.4100,11.8600,211832.2500,246627.5090,7.3500,11.9700,10.1140,10.1140,0.8900,26.9445,27.0159,2.4449,8.4882,8.6640,176735.4347,20944.5500,20944.5500,2096082.2555,248402.3630,,1.2648,2.0408
2017-08-17,11.7900,11.8900,11.7000,11.8700,161944.8600,190942.5040,7.3500,11.9800,7.7321,7.7321,0.6900,26.9672,27.0387,2.4470,8.4953,8.6713,176735.4347,20944.5500,20944.5500,2097849.6099,248611.8085,,1.2637,2.0408
2017-08-18,11.7700,11.8400,11.6300,11.6900,118898.2500,139291.4800,7.2400,11.8000,5.6768,5.6768,0.5800,26.5583,26.6287,2.4099,8.3665,8.5398,176735.4347,20944.5500,20944.5500,2066037.2316,244841.7895,,1.2831,2.0718
2017-08-21,11.6100,11.7300,11.5600,11.6900,111778.0000,129982.4850,7.2400,11.8000,5.3369,5.3369,0.6200,26.5583,26.6287,2.4099,8.3665,8.5398,176735.4347,20944.5500,20944.5500,2066037.2316,244841.7895,,1.2831,2.0718
2017-08-22,11.6900,12.0500,11.5500,11.8300,207957.9900,245514.4720,7.3300,11.9400,9.9290,9.9290,1.1600,26.8763,26.9476,2.4388,8.4667,8.6421,176735.4347,20944.5500,20944.5500,2090780.1925,247774.0265,,1.2680,2.0464
2017-08-23,11.8100,12.2500,11.6200,12.0500,322046.3400,385583.9880,7.4700,12.1600,15.3761,15.3761,1.9800,27.3762,27.4487,2.4841,8.6242,8.8028,176735.4347,20944.5500,20944.5500,2129661.9881,252381.8275,,1.2448,2.0080
2017-08-24,11.9500,12.3600,11.7000,11.7700,293360.3100,354088.0110,7.2900,11.8800,14.0065,14.0065,1.5900,26.7400,26.8109,2.4264,8.4238,8.5983,176735.4347,20944.5500,20944.5500,2080176.0664,246517.3535,,1.2744,2.0576
2017-08-25,11.6000,11.9800,11.5500,11.9000,225200.3100,265978.0770,7.3700,12.0100,10.7522,10.7522,1.0700,27.0354,27.1070,2.4532,8.5168,8.6932,176735.4347,20944.5500,20944.5500,2103151.6729,249240.1450,,1.2605,2.0353
2017-08-28,11.9100,13.0500,11.8400,12.5500,536154.3100,665187.7580,7.7700,12.6600,25.5988,25.5988,2.3100,28.5121,28.5877,2.5872,8.9820,9.1681,176735.4347,20944.5500,20944.5500,2218029.7055,262854.1025,,1.1952,1.9305
2017-08-29,12.3400,12.4600,12.2000,12.2800,316876.5100,389767.1110,7.6100,12.3900,15.1293,15.1293,1.0000,27.8987,28.2366,2.5000,8.7888,8.8261,176735.4347,20944.5500,20944.5500,2170311.1381,257199.0740,,1.2215,1.9711
2017-08-30,12.1800,12.3900,12.0200,12.1100,226066.1200,275392.2350,7.5000,12.2200,10.7936,10.7936,0.6700,27.5125,27.8458,2.4654,8.6671,8.7039,176735.4347,20944.5500,20944.5500,2140266.1142,253638.5005,,1.2386,2.0000
2017-08-31,12.1100,12.3200,12.0400,12.2400,200369.1500,244206.8400,7.5800,12.3500,9.5666,9.5666,0.6300,27.8078,28.1447,2.4918,8.7602,8.7974,176735.4347,20944.5500,20944.5500,2163241.7207,256361.2920,,1.2255,1.9789
2017-09-01,12.1100,12.1400,11.9700,12.0400,235868.5200,283754.0460,7.4600,12.1500,11.2616,11.2616,0.7800,27.3534,27.6848,2.4511,8.6170,8.6536,176735.4347,20944.5500,20944.5500,2127894.6338,252172.3820,,1.2458,2.0107
2017-09-04,10.9200,11.4500,10.9200,11.1600,853239.5300,951888.7290,6.9100,11.2600,11.8787,11.8787,2.8200,25.3542,25.6613,2.2720,7.9872,8.0211,176735.4347,71829.3345,71829.3345,1972367.4513,801615.3730,,1.3441,2.1708
2017-09-05,10.9800,11.1200,10.8800,11.0100,484291.1700,531352.3510,6.8200,11.1100,6.7422,6.7422,1.3200,25.0134,25.3164,2.2414,7.8798,7.9133,176735.4347,71829.3345,71829.3345,1945857.1360,790840.9728,,1.3624,2.1994
2017-09-06,10.9500,10.9800,10.8500,10.9100,275938.3300,300742.6780,6.7600,11.0100,3.8416,3.8416,0.6900,24.7862,25.0865,2.2211,7.8083,7.8414,176735.4347,71829.3345,71829.3345,1928183.5926,783658.0394,,1.3749,2.2189
2017-09-07,10.8800,11.0700,10.8600,10.9000,284829.7600,311566.3070,6.7500,11.0000,3.9654,3.9654,0.6900,24.7635,25.0635,2.2190,7.8011,7.8343,176735.4347,71829.3345,71829.3345,1926416.2382,782939.7461,,1.3761,2.2222
2017-09-08,10.9000,10.9300,10.8000,10.8700,221591.2400,240926.9320,6.7300,10.9700,3.0850,3.0850,0.5200,24.6953,24.9945,2.2129,7.7796,7.8127,176735.4347,71829.3345,71829.3345,1921114.1752,780784.8660,,1.3799,2.2288
2017-09-11,10.8500,10.8700,10.7800,10.8200,214995.3600,232608.4960,6.7000,10.9200,2.9931,2.9931,0.5100,24.5817,24.8795,2.2027,7.7439,7.7768,176735.4347,71829.3345,71829.3345,1912277.4035,777193.3993,,1.3863,2.2388
2017-09-12,10.8300,10.8600,10.7100,10.7300,242969.8600,261413.3060,6.6500,10.8300,3.3826,3.3826,0.8200,24.3773,24.6726,2.1844,7.6794,7.7121,176735.4347,71829.3345,71829.3345,1896371.2143,770728.7592,,1.3979,2.2556
2017-09-13,10.7400,10.8300,10.5400,10.7600,294178.6400,314248.3520,6.6700,10.8600,4.0955,4.0955,1.1900,24.4454,24.7416,2.1905,7.7009,7.7336,176735.4347,71829.3345,71829.3345,1901673.2774,772883.6392,,1.3941,2.2489
2017-09-14,10.7000,10.7800,10.6500,10.7000,163699.4900,175114.0180,6.6300,10.8000,2.2790,2.2790,0.6500,24.3091,24.6036,2.1783,7.6580,7.6905,176735.4347,71829.3345,71829.3345,1891069.1513,768573.8792,,1.4019,2.2624
2017-09-15,10.6900,10.7400,10.6600,10.7000,154502.7600,165334.6290,6.6300,10.8000,2.1510,2.1510,0.6800,24.3091,24.6036,2.1783,7.6580,7.6905,176735.4347,71829.3345,71829.3345,1891069.1513,768573.8792,,1.4019,2.2624
2017-09-18,10.7000,10.8100,10.6600,10.7300,138634.7100,148773.3390,6.6500,10.8300,1.9301,1.9301,0.6500,24.3773,24.6726,2.1844,7.6794,7.7121,176735.4347,71829.3345,71829.3345,1896371.2143,770728.7592,,1.3979,2.2556
2017-09-19,10.7400,10.8000,10.6900,10.7300,182178.0700,196029.3370,6.6500,10.8300,2.5363,2.5363,0.9200,24.3773,24.6726,2.1844,7.6794,7.7121,176735.4347,71829.3345,71829.3345,1896371.2143,770728.7592,,1.3979,2.2556
2017-09-20,10.7000,10.7100,10.5700,10.6400,196987.9600,209189.2650,6.5900,10.7400,2.7424,2.7424,1.0600,24.1728,24.4656,2.1661,7.6150,7.6474,176735.4347,71829.3345,71829.3345,1880465.0252,764264.1191,,1.4098,2.2762
2017-09-21,10.6400,10.7500,10.5700,10.6200,172085.3900,183124.7390,6.5800,10.7200,2.3958,2.3958,1.0300,24.1274,24.4196,2.1620,7.6007,7.6330,176735.4347,71829.3345,71829.3345,1876930.3165,762827.5324,,1.4124,2.2796
2017-09-22,10.6200,10.6800,10.5600,10.5700,141251.2700,149793.2190,6.5500,10.6700,1.9665,1.9665,0.8400,24.0138,24.3047,2.1518,7.5649,7.5971,176735.4347,71829.3345,71829.3345,1868093.5448,759236.0657,,1.4191,2.2901
2017-09-25,10.5000,10.5000,9.8800,9.9800,365250.5300,369921.1910,6.1800,10.0700,5.0850,5.0850,2.2000,22.6734,22.9480,2.0317,7.1427,7.1730,176735.4347,71829.3345,71829.3345,1763819.6383,716856.7583,,1.5030,2.4272
2017-09-26,9.9300,9.9700,9.8200,9.8700,168239.8400,166331.1450,6.1100,9.9600,2.3422,2.3422,0.8000,22.4235,22.6951,2.0093,7.0639,7.0940,176735.4347,71829.3345,71829.3345,1744378.7405,708955.5315,,1.5198,2.4550
2017-09-27,9.8700,10.1200,9.8700,9.9700,156525.2000,156403.7030,6.1800,10.0600,2.1791,2.1791,0.7500,22.6506,22.9250,2.0297,7.1355,7.1658,176735.4347,71829.3345,71829.3345,1762052.2840,716138.4650,,1.5045,2.4272
2017-09-28,9.9500,9.9700,9.7500,9.7500,156142.0000,153659.6610,6.0400,9.8400,2.1738,2.1738,0.7800,22.1508,22.4192,1.9849,6.9781,7.0077,176735.4347,71829.3345,71829.3345,1723170.4883,700336.0114,,1.5385,2.4834
2017-09-29,9.7600,9.9700,9.7600,9.8500,133406.1200,131624.1720,6.1000,9.9400,1.8573,1.8573,0.6800,22.3780,22.6491,2.0053,7.0496,7.0796,176735.4347,71829.3345,71829.3345,1740844.0318,707518.9448,,1.5228,2.4590
2017-10-09,10.1900,10.2700,9.9500,9.9800,212879.2500,214389.3220,6.1800,10.0700,2.9637,2.9637,1.0900,22.6734,22.9480,2.0317,7.1427,7.1730,176735.4347,71829.3345,71829.3345,1763819.6383,716856.7583,,1.5030,2.4272
2017-10-10,9.8900,10.1700,9.8600,10.1300,182611.8600,183205.8220,6.2800,10.2200,2.5423,2.5423,1.1000,23.0141,23.2929,2.0623,7.2500,7.2808,176735.4347,71829.3345,71829.3345,1790329.9535,727631.1585,,1.4808,2.3885
2017-10-11,10.1400,10.2300,10.0500,10.1100,190576.8100,192928.3460,6.2600,10.2000,2.6532,2.6532,1.1300,22.9687,23.2469,2.0582,7.2357,7.2665,176735.4347,71829.3345,71829.3345,1786795.2448,726194.5718,,1.4837,2.3962
2017-10-12,10.0400,10.0800,10.0000,10.0300,102215.2700,102530.3730,6.2100,10.1200,1.4230,1.4230,0.5800,22.7870,23.0630,2.0419,7.1785,7.2090,176735.4347,71829.3345,71829.3345,1772656.4100,720448.2250,,1.4955,2.4155
2017-10-13,10.0200,10.1000,10.0000,10.0600,84654.2500,85152.1260,6.2300,10.1500,1.1785,1.1785,0.5200,22.8551,23.1320,2.0480,7.1999,7.2305,176735.4347,71829.3345,71829.3345,1777958.4731,722603.1051,,1.4911,2.4077
2017-10-16,10.0700,10.1500,9.9900,10.0200,136285.2600,137094.6550,6.2100,10.1100,1.8973,1.8973,0.8800,22.7642,23.0400,2.0399,7.1713,7.2018,176735.4347,71829.3345,71829.3345,1770889.0557,719729.9317,,1.4970,2.4155
2017-10-17,10.0800,10.0900,9.8800,9.9300,107180.0000,106508.7700,6.1500,10.0200,1.4921,1.4921,0.7700,22.5598,22.8331,2.0216,7.1069,7.1371,176735.4347,71829.3345,71829.3345,1754982.8666,713265.2916,,1.5106,2.4390
2017-10-18,9.9300,10.1300,9.8900,9.9500,183827.0400,184271.5820,6.1600,10.0400,2.5592,2.5592,1.4800,22.6052,22.8790,2.0256,7.1212,7.1515,176735.4347,71829.3345,71829.3345,1758517.5753,714701.8783,,1.5075,2.4351
2017-10-19,9.8800,9.8800,9.6100,9.6400,175032.0100,169871.5690,5.9700,9.7300,2.4368,2.4368,1.4200,21.9009,22.1662,1.9625,6.8993,6.9286,176735.4347,71829.3345,71829.3345,1703729.5905,692434.7846,,1.5560,2.5126
2017-10-20,9.6100,9.7800,9.5700,9.6800,93664.1700,90428.6490,6.0000,9.7700,1.3040,1.3040,0.6800,21.9918,22.2582,1.9707,6.9280,6.9574,176735.4347,71829.3345,71829.3345,1710799.0079,695307.9580,,1.5496,2.5000
2017-10-23,9.6900,9.8700,9.6600,9.8300,154663.9300,151258.2740,6.0900,9.9200,2.1532,2.1532,1.1100,22.3326,22.6031,2.0012,7.0353,7.0652,176735.4347,71829.3345,71829.3345,1737309.3231,706082.3581,,1.5259,2.4631
2017-10-24,9.8300,9.8800,9.7500,9.7500,151023.1600,147889.8730,6.0400,9.8400,2.1025,2.1025,1.0600,22.1508,22.4192,1.9849,6.9781,7.0077,176735.4347,71829.3345,71829.3345,1723170.4883,700336.0114,,1.5385,2.4834
2017-10-25,9.7300,9.8900,9.6900,9.7800,143344.6700,140474.6210,6.0600,9.8700,1.9956,1.9956,0.9500,22.2190,22.4881,1.9910,6.9995,7.0293,176735.4347,71829.3345,71829.3345,1728472.5514,702490.8914,,1.5337,2.4752
2017-10-26,9.7300,9.8000,9.7000,9.7700,89831.2500,87564.4990,6.0500,9.8600,1.2506,1.2506,0.6300,22.1963,22.4652,1.9890,6.9924,7.0221,176735.4347,71829.3345,71829.3345,1726705.1970,701772.5981,,1.5353,2.4793
2017-10-27,9.7800,9.8800,9.7300,9.7800,194833.6400,191427.2690,6.0600,9.8700,2.7125,2.7125,1.5400,22.2190,22.4881,1.9910,6.9995,7.0293,176735.4347,71829.3345,71829.3345,1728472.5514,702490.8914,,1.5337,2.4752
2017-10-30,9.7100,9.7300,9.2500,9.2600,219650.0000,206348.0420,5.7400,9.3400,3.0579,3.0579,1.5000,21.0376,20.9819,1.8431,6.6274,6.8262,176735.4347,71829.3345,71829.3345,1636570.1253,665139.6375,,1.6199,2.6132
2017-10-31,9.2500,9.3000,9.0700,9.1400,155898.2500,142993.6520,5.6600,9.2200,2.1704,2.1704,0.9800,20.7650,20.7100,1.8192,6.5415,6.7377,176735.4347,71829.3345,71829.3345,1615361.8732,656520.1173,,1.6411,2.6502
2017-11-01,9.1200,9.1700,9.0600,9.1200,135046.4500,123069.7810,5.6500,9.2000,1.8801,1.8801,0.8400,20.7195,20.6647,1.8152,6.5272,6.7230,176735.4347,71829.3345,71829.3345,1611827.1645,655083.5306,,1.6447,2.6549
2017-11-02,9.1600,9.2800,9.0500,9.1000,179392.0900,163902.9220,5.6400,9.1800,2.4975,2.4975,1.1300,20.6741,20.6194,1.8112,6.5129,6.7082,176735.4347,71829.3345,71829.3345,1608292.4558,653646.9440,,1.6484,2.6596
2017-11-03,9.1000,9.1000,8.7300,8.8200,166557.0200,148115.8420,5.4600,8.9000,2.3188,2.3188,0.9400,20.0380,19.9849,1.7555,6.3125,6.5018,176735.4347,71829.3345,71829.3345,1558806.5341,633534.7303,,1.7007,2.7473
2017-11-06,8.7500,8.8000,8.5700,8.7100,127836.0000,110928.8260,5.4000,8.7900,1.7797,1.7797,0.7500,19.7881,19.7357,1.7336,6.2337,6.4207,176735.4347,71829.3345,71829.3345,1539365.6362,625633.5035,,1.7222,2.7778
2017-11-07,8.7000,8.9700,8.6300,8.9700,219809.4900,194299.3540,5.5600,9.0500,3.0602,3.0602,1.4400,20.3788,20.3248,1.7854,6.4198,6.6124,176735.4347,71829.3345,71829.3345,1585316.8493,644309.1305,,1.6722,2.6978
2017-11-08,8.9900,9.0500,8.8600,8.9200,214356.9300,191938.0900,5.5300,9.0000,2.9843,2.9843,1.2900,20.2652,20.2115,1.7754,6.3840,6.5755,176735.4347,71829.3345,71829.3345,1576480.0775,640717.6637,,1.6816,2.7125
2017-11-09,8.8500,8.9700,8.8300,8.8600,100419.3100,89126.3250,5.4900,8.9400,1.3980,1.3980,0.5500,20.1289,20.0756,1.7635,6.3411,6.5313,176735.4347,71829.3345,71829.3345,1565875.9514,636407.9037,,1.6930,2.7322
2017-11-10,8.8600,8.8800,8.7000,8.7200,119463.0000,104556.6540,5.4000,8.8000,1.6632,1.6632,0.7200,19.8108,19.7583,1.7356,6.2409,6.4281,176735.4347,71829.3345,71829.3345,1541132.9906,626351.7968,,1.7202,2.7778
2017-11-13,8.7200,9.3000,8.7000,9.0400,352999.1200,320320.5240,5.6000,9.1200,4.9144,4.9144,2.2600,20.5378,20.4834,1.7993,6.4699,6.6640,176735.4347,71829.3345,71829.3345,1597688.3297,649337.1839,,1.6593,2.6786
2017-11-14,8.9900,8.9900,8.7800,8.8200,169250.9900,149938.2250,5.4600,8.9000,2.3563,2.3563,0.8400,20.0380,19.9849,1.7555,6.3125,6.5018,176735.4347,71829.3345,71829.3345,1558806.5341,633534.7303,,1.7007,2.7473
2017-11-15,8.7900,8.9100,8.7600,8.8100,84998.7900,75063.4060,5.4600,8.8900,1.1833,1.1833,0.4400,20.0153,19.9623,1.7535,6.3053,6.4944,176735.4347,71829.3345,71829.3345,1557039.1797,632816.4369,,1.7026,2.7473
2017-11-16,8.7300,8.7500,8.4700,8.4900,177112.7300,152099.4120,5.2600,8.5700,2.4657,2.4657,1.0700,19.2883,19.2372,1.6898,6.0763,6.2585,176735.4347,71829.3345,71829.3345,1500483.8406,609831.0499,,1.7668,2.8517
2017-11-17,8.4800,8.6800,8.3000,8.3100,156049.6900,132628.8010,5.1500,8.3800,2.1725,2.1725,0.8600,18.8793,18.8293,1.6540,5.9475,6.1259,176735.4347,71829.3345,71829.3345,1468671.4624,596901.7697,,1.8051,2.9126
2017-11-20,8.1800,8.1800,7.6200,8.0400,147361.8200,116804.5110,4.9800,8.1100,2.0516,2.0516,0.7800,18.2659,18.2176,1.6003,5.7542,5.9268,176735.4347,71829.3345,71829.3345,1420952.8950,577507.8494,,1.8657,3.0120
2017-11-21,8.0000,8.1900,7.9500,8.0900,118796.0000,96198.9150,5.0100,8.1600,1.6539,1.6539,0.8100,18.3795,18.3308,1.6102,5.7900,5.9637,176735.4347,71829.3345,71829.3345,1429789.6667,581099.3161,,1.8541,2.9940
2017-11-22,8.1400,8.2400,8.0600,8.1100,101453.5800,82763.6000,5.0200,8.1800,1.4124,1.4124,0.7400,18.4249,18.3762,1.6142,5.8043,5.9784,176735.4347,71829.3345,71829.3345,1433324.3754,582535.9028,,1.8496,2.9880
2017-11-23,8.0600,8.1700,7.7600,7.7600,134207.6600,106790.2750,4.8100,7.8300,1.8684,1.8684,0.9600,17.6298,17.5831,1.5445,5.5538,5.7204,176735.4347,71829.3345,71829.3345,1371466.9733,557395.6357,,1.9330,3.1185
2017-11-24,7.7100,7.8500,7.7100,7.8200,89424.3000,69689.0030,4.8400,7.8900,1.2450,1.2450,0.6800,17.7661,17.7191,1.5565,5.5968,5.7646,176735.4347,71829.3345,71829.3345,1382071.0994,561705.3958,,1.9182,3.0992
2017-11-27,7.7800,7.8300,7.6800,7.7200,78916.7500,61030.9950,4.7800,7.7900,1.0987,1.0987,0.6700,17.5389,17.4925,1.5366,5.5252,5.6909,176735.4347,71829.3345,71829.3345,1364397.5559,554522.4623,,1.9430,3.1381
2017-11-28,7.6800,7.7900,7.6800,7.7800,55083.6600,42715.7010,4.8200,7.8500,0.7669,0.7669,0.5300,17.6752,17.6284,1.5485,5.5681,5.7352,176735.4347,71829.3345,71829.3345,1375001.6820,558832.2224,,1.9280,3.1120
2017-11-29,7.7700,8.5400,7.7500,8.1200,280271.3700,225355.4940,5.0300,8.1900,3.9019,3.9019,3.0500,18.4477,18.3988,1.6162,5.8115,5.9858,176735.4347,71829.3345,71829.3345,1435091.7298,583254.1961,,1.8473,2.9821
2017-11-30,8.0200,8.7500,7.9400,8.4900,494306.4900,410975.1610,5.2600,8.5700,6.8817,6.8817,3.8700,19.2883,19.2372,1.6898,6.0763,6.2585,176735.4347,71829.3345,71829.3345,1500483.8406,609831.0499,,1.7668,2.8517
2017-12-01,8.3500,8.5000,8.1600,8.2300,309438.2500,257454.3750,5.1000,8.3000,4.3080,4.3080,1.5500,18.6976,18.6481,1.6381,5.8902,6.0669,176735.4347,71829.3345,71829.3345,1454532.6276,591155.4229,,1.8226,2.9412
2017-12-04,8.1600,8.2300,8.0700,8.1500,165428.5000,134624.7960,5.0500,8.2200,2.3031,2.3031,0.6800,18.5158,18.4668,1.6222,5.8329,6.0079,176735.4347,71829.3345,71829.3345,1440393.7928,585409.0762,,1.8405,2.9703
2017-12-05,8.1400,8.2400,8.0000,8.0000,176267.7300,142897.0330,4.9600,8.0700,2.4540,2.4540,0.6800,18.1750,18.1269,1.5923,5.7256,5.8973,176735.4347,71829.3345,71829.3345,1413883.4776,574634.6760,,1.8750,3.0242
2017-12-06,7.9700,8.0100,7.8000,7.9600,132424.4600,104889.2570,4.9300,8.0300,1.8436,1.8436,0.4600,18.0842,18.0363,1.5843,5.6970,5.8678,176735.4347,71829.3345,71829.3345,1406814.0602,571761.5026,,1.8844,3.0426
2017-12-07,7.9100,8.0700,7.8700,7.8900,115444.9200,91935.4150,4.8900,7.9600,1.6072,1.6072,0.4500,17.9251,17.8777,1.5704,5.6469,5.8162,176735.4347,71829.3345,71829.3345,1394442.5798,566733.4492,,1.9011,3.0675
2017-12-08,7.8900,8.0200,7.8300,7.9900,115316.3700,91646.7220,4.9500,8.0600,1.6054,1.6054,0.6400,18.1523,18.1043,1.5903,5.7184,5.8900,176735.4347,71829.3345,71829.3345,1412116.1233,573916.3827,,1.8773,3.0303
2017-12-11,7.9600,8.0700,7.9500,8.0400,94399.3700,75766.2990,4.9800,8.1100,1.3142,1.3142,0.6700,18.2659,18.2176,1.6003,5.7542,5.9268,176735.4347,71829.3345,71829.3345,1420952.8950,577507.8494,,1.8657,3.0120
2017-12-12,8.0400,8.0400,7.7700,7.7900,130074.1600,102635.9030,4.8300,7.8600,1.8109,1.8109,1.0300,17.6979,17.6511,1.5505,5.5753,5.7425,176735.4347,71829.3345,71829.3345,1376769.0363,559550.5158,,1.9255,3.1056
2017-12-13,7.7900,7.8800,7.7800,7.8600,84095.7400,65854.5510,4.8700,7.9300,1.1708,1.1708,0.7200,17.8570,17.8097,1.5644,5.6254,5.7941,176735.4347,71829.3345,71829.3345,1389140.5167,564578.5692,,1.9084,3.0801
2017-12-14,7.8300,7.9900,7.8300,7.8800,92008.0000,72702.7240,4.8800,7.9500,1.2809,1.2809,0.8500,17.9024,17.8550,1.5684,5.6397,5.8089,176735.4347,71829.3345,71829.3345,1392675.2254,566015.1559,,1.9036,3.0738
2017-12-15,7.8700,7.9000,7.8000,7.8400,80084.6700,62784.3340,4.8600,7.9100,1.1149,1.1149,0.7800,17.8115,17.7644,1.5605,5.6111,5.7794,176735.4347,71829.3345,71829.3345,1385605.8080,563141.9825,,1.9133,3.0864
2017-12-18,7.8400,7.9000,7.7800,7.8000,72177.0500,56551.0390,4.8300,7.8700,1.0048,1.0048,0.7500,17.7207,17.6737,1.5525,5.5825,5.7499,176735.4347,71829.3345,71829.3345,1378536.3907,560268.8091,,1.9231,3.1056
2017-12-19,7.8000,8.3800,7.8000,8.2600,392403.3500,319694.2810,5.1200,8.3300,5.4630,5.4630,4.2800,18.7657,18.7160,1.6440,5.9117,6.0890,176735.4347,71829.3345,71829.3345,1459834.6906,593310.3030,,1.8160,2.9297
2017-12-20,8.1500,8.2000,7.9800,8.0400,213868.8600,172749.8110,4.9800,8.1100,2.9775,2.9775,1.4800,18.2659,18.2176,1.6003,5.7542,5.9268,176735.4347,71829.3345,71829.3345,1420952.8950,577507.8494,,1.8657,3.0120
2017-12-21,8.0100,8.2200,7.9700,8.0800,175326.8800,142283.9820,5.0100,8.1500,2.4409,2.4409,1.0300,18.3568,18.3082,1.6082,5.7828,5.9563,176735.4347,71829.3345,71829.3345,1428022.3124,580381.0228,,1.8564,2.9940
2017-12-22,8.0000,8.0300,7.9400,7.9500,118892.9100,94773.5330,4.9300,8.0200,1.6552,1.6552,0.6400,18.0614,18.0136,1.5823,5.6898,5.8605,176735.4347,71829.3345,71829.3345,1405046.7059,571043.2093,,1.8868,3.0426
2017-12-25,7.9400,8.0700,7.9100,7.9800,113034.8900,90416.1820,4.9400,8.0500,1.5737,1.5737,0.5800,18.1296,18.0816,1.5883,5.7113,5.8826,176735.4347,71829.3345,71829.3345,1410348.7689,573198.0893,,1.8797,3.0364
2017-12-26,7.9200,8.1500,7.8600,8.0900,155031.7200,124632.1490,5.0100,8.1600,2.1583,2.1583,0.7600,18.3795,18.3308,1.6102,5.7900,5.9637,176735.4347,71829.3345,71829.3345,1429789.6667,581099.3161,,1.8541,2.9940
2017-12-27,8.0400,8.1000,7.9600,8.0000,109596.4100,88097.3250,4.9600,8.0700,1.5258,1.5258,0.7100,18.1750,18.1269,1.5923,5.7256,5.8973,176735.4347,71829.3345,71829.3345,1413883.4776,574634.6760,,1.8750,3.0242
2017-12-28,7.9700,8.5000,7.9600,8.2300,337858.2300,279597.1490,5.1000,8.3000,4.7036,4.7036,2.5100,18.6976,18.6481,1.6381,5.8902,6.0669,176735.4347,71829.3345,71829.3345,1454532.6276,591155.4229,,1.8226,2.9412
2017-12-29,8.1800,8.2800,8.1200,8.2800,172513.7500,141769.0030,5.1300,8.3500,2.4017,2.4017,1.0300,18.8112,18.7614,1.6480,5.9260,6.1037,176735.4347,71829.3345,71829.3345,1463369.3993,594746.8897,,1.8116,2.9240
2018-01-02,8.2400,8.3100,8.1800,8.2400,157528.5700,129830.9480,5.1000,8.3100,2.1931,2.1931,0.8900,18.7203,18.6707,1.6401,5.8974,6.0743,176735.4347,71829.3345,71829.3345,1456299.9819,591873.7163,1.8204,1.8204,1.9608
2018-01-03,8.2200,8.3400,8.0800,8.3000,239537.9500,197023.7830,5.1400,8.3700,3.3348,3.3348,1.2800,18.8566,18.8067,1.6520,5.9403,6.1185,176735.4347,71829.3345,71829.3345,1466904.1080,596183.4764,1.8072,1.8072,1.9455
2018-01-04,8.2900,8.7200,8.2300,8.4500,431830.7400,365851.4030,5.2300,8.5300,6.0119,6.0119,2.1200,19.1974,19.1466,1.6819,6.0477,6.2291,176735.4347,71829.3345,71829.3345,1493414.4232,606957.8765,1.7751,1.7751,1.9120
2018-01-05,8.4200,8.4400,8.3100,8.3100,202354.7300,168965.1840,5.1500,8.3800,2.8172,2.8172,0.7600,18.8793,18.8293,1.6540,5.9475,6.1259,176735.4347,71829.3345,71829.3345,1468671.4624,596901.7697,1.8051,1.8051,1.9417
2018-01-08,8.2800,8.3500,8.2500,8.2800,130959.9600,108442.9150,5.1300,8.3500,1.8232,1.8232,0.5400,18.8112,18.7614,1.6480,5.9260,6.1037,176735.4347,71829.3345,71829.3345,1463369.3993,594746.8897,1.8116,1.8116,1.9493
2018-01-09,8.2700,8.4000,8.2400,8.2800,121973.7500,101396.6570,5.1300,8.3500,1.6981,1.6981,0.5200,18.8112,18.7614,1.6480,5.9260,6.1037,176735.4347,71829.3345,71829.3345,1463369.3993,594746.8897,1.8116,1.8116,1.9493
2018-01-10,8.2800,8.3400,8.1800,8.2600,129744.5100,107099.0540,5.1200,8.3300,1.8063,1.8063,0.5800,18.7657,18.0227,1.5949,5.9117,5.8277,176735.4347,71829.3345,71829.3345,1459834.6906,593310.3030,1.8160,1.8160,1.9531
2018-01-11,8.2200,8.2800,8.1500,8.1900,116130.2100,95211.0890,5.0700,8.2600,1.6168,1.6168,0.5700,18.6067,17.8699,1.5814,5.8616,5.7783,176735.4347,71829.3345,71829.3345,1447463.2102,588282.2496,1.8315,1.8315,1.9724
2018-01-12,8.1900,8.2400,8.1300,8.1300,87294.1200,71369.8390,5.0400,8.2000,1.2153,1.2153,0.6200,18.4704,17.7390,1.5698,5.8186,5.7360,176735.4347,71829.3345,71829.3345,1436859.0841,583972.4895,1.8450,1.8450,1.9841
2018-01-15,8.1400,8.1600,7.9000,7.9200,145410.4000,116354.6530,4.9100,7.9900,2.0244,2.0244,1.2400,17.9933,17.2808,1.5293,5.6683,5.5878,176735.4347,71829.3345,71829.3345,1399744.6428,568888.3292,1.8939,1.8939,2.0367
2018-01-16,7.8800,8.0300,7.8000,7.9800,90008.3000,71492.7150,4.9400,8.0500,1.2531,1.2531,0.7500,18.1296,17.4117,1.5409,5.7113,5.6301,176735.4347,71829.3345,71829.3345,1410348.7689,573198.0893,1.8797,1.8797,2.0243
2018-01-17,7.9600,8.4700,7.9600,8.3200,366144.8300,303558.3920,5.1500,8.3900,5.0974,5.0974,3.2200,18.9020,18.1536,1.6065,5.9546,5.8700,176735.4347,71829.3345,71829.3345,1470438.8167,597620.0630,1.8029,1.8029,1.9417
2018-01-18,8.2900,9.0700,8.2400,8.7300,724380.7900,629465.8430,5.4100,8.8100,10.0847,10.0847,4.5000,19.8335,19.0482,1.6857,6.2481,6.1593,176735.4347,71829.3345,71829.3345,1542900.3449,627070.0902,1.7182,1.7182,1.8484
2018-01-19,8.7600,9.6000,8.6600,9.6000,993986.2000,922695.9380,5.9500,9.6900,13.8382,13.8382,3.5200,21.8100,20.9464,1.8537,6.8707,6.7731,176735.4347,71829.3345,71829.3345,1696660.1731,689561.6112,1.5625,1.5625,1.6807
2018-01-22,9.6000,9.9800,9.1000,9.1200,1118287.5400,1054377.2240,5.6500,9.2000,15.5687,15.5687,2.4100,20.7195,19.8991,1.7610,6.5272,6.4344,176735.4347,71829.3345,71829.3345,1611827.1645,655083.5306,1.6447,1.6447,1.7699
2018-01-23,8.8100,9.7000,8.5500,9.4000,1039695.3200,952243.8190,5.8200,9.4800,14.4745,14.4745,1.5800,21.3557,20.5100,1.8150,6.7276,6.6320,176735.4347,71829.3345,71829.3345,1661313.0862,675195.7443,1.5957,1.5957,1.7182
2018-01-24,9.1900,9.4100,8.9800,9.2100,686172.7900,628543.7580,5.7100,9.2900,9.5528,9.5528,0.8100,20.9240,20.0955,1.7784,6.5916,6.4979,176735.4347,71829.3345,71829.3345,1627733.3536,661548.1707,1.6287,1.6287,1.7513
2018-01-25,9.0800,9.1400,8.7600,8.9200,507019.1400,453626.3420,5.5300,9.0000,7.0587,7.0587,0.5600,20.2652,19.4627,1.7224,6.3840,6.2933,176735.4347,71829.3345,71829.3345,1576480.0775,640717.6637,1.6816,1.6816,1.8083
2018-01-26,8.8500,9.1600,8.8300,9.0700,440150.0100,398096.4890,5.6200,9.1500,6.1277,6.1277,0.5100,20.6059,19.7900,1.7513,6.4914,6.3992,176735.4347,71829.3345,71829.3345,1602990.3927,651492.0639,1.6538,1.6538,1.7794
2018-01-29,8.9900,9.1000,8.6600,8.7500,416715.8300,369760.5550,5.4200,8.8300,5.8015,5.8015,0.5500,19.8789,19.0918,1.6895,6.2624,6.1734,176735.4347,71829.3345,71829.3345,1546435.0536,628506.6769,1.7143,1.7143,1.8450
2018-01-30,8.6800,9.2200,8.6400,8.9700,409888.4100,366884.3630,5.5600,9.0500,5.7064,5.7064,0.6600,20.3788,19.5718,1.7320,6.4198,6.3286,176735.4347,71829.3345,71829.3345,1585316.8493,644309.1305,1.6722,1.6722,1.7986
2018-01-31,8.8200,9.0900,8.7800,9.0500,393211.6200,352272.3710,5.6100,9.1300,5.4742,5.4742,0.8000,20.5605,19.7464,1.7475,6.4771,6.3851,176735.4347,71829.3345,71829.3345,1599455.6840,650055.4772,1.6575,1.6575,1.7825
2018-02-01,8.9700,9.0500,8.1500,8.1500,502016.3300,429850.0140,5.0500,8.2200,6.9890,6.9890,1.1600,18.5158,17.7826,1.5737,5.8329,5.7501,176735.4347,71829.3345,71829.3345,1440393.7928,585409.0762,1.8405,1.8405,1.9802
2018-02-02,7.9900,8.1700,7.8000,8.0800,274621.8000,219776.9490,5.0100,8.1500,3.8233,3.8233,0.6400,18.3568,17.6299,1.5602,5.7828,5.7007,176735.4347,71829.3345,71829.3345,1428022.3124,580381.0228,1.8564,1.8564,1.9960
2018-02-05,7.9000,8.4200,7.8500,8.3000,254873.0300,210087.9840,5.1400,8.3700,3.5483,3.5483,0.6400,18.8566,18.1099,1.6026,5.9403,5.8559,176735.4347,71829.3345,71829.3345,1466904.1080,596183.4764,1.8072,1.8072,1.9455
2018-02-06,8.2000,8.6800,8.1000,8.1000,346049.9200,289135.4210,5.0200,8.1700,4.8177,4.8177,0.9400,18.4022,17.6735,1.5640,5.7972,5.7148,176735.4347,71829.3345,71829.3345,1431557.0211,581817.6095,1.8519,1.8519,1.9920
2018-02-07,8.2800,8.4500,8.1100,8.2100,291394.3100,240476.4180,5.0900,8.2800,4.0568,4.0568,0.8200,18.6521,17.9136,1.5853,5.8759,5.7924,176735.4347,71829.3345,71829.3345,1450997.9189,589718.8362,1.8270,1.8270,1.9646
2018-02-08,8.1800,8.1800,7.9000,8.0700,204425.0000,164460.1450,5.0000,8.1400,2.8460,2.8460,0.6100,18.3341,17.6081,1.5582,5.7757,5.6936,176735.4347,71829.3345,71829.3345,1426254.9580,579662.7294,1.8587,1.8587,2.0000
2018-02-09,7.9000,7.9600,7.2900,7.5200,267514.4300,203987.9520,4.6600,7.5900,3.7243,3.7243,0.9800,17.0845,16.4080,1.4520,5.3821,5.3056,176735.4347,71829.3345,71829.3345,1329050.4689,540156.5954,1.9947,1.9947,2.1459
2018-02-12,7.5300,7.7300,7.5000,7.6000,140335.7600,106689.9420,4.7100,7.6700,1.9537,1.9537,0.5100,17.2663,16.5826,1.4675,5.4393,5.3620,176735.4347,71829.3345,71829.3345,1343189.3037,545902.9422,1.9737,1.9737,2.1231
2018-02-13,7.6500,7.7800,7.5800,7.6000,116654.6100,89604.6600,4.7100,7.6700,1.6241,1.6241,0.4700,17.2663,16.5826,1.4675,5.4393,5.3620,176735.4347,71829.3345,71829.3345,1343189.3037,545902.9422,1.9737,1.9737,2.1231
2018-02-14,7.6100,7.6500,7.4800,7.5900,73609.5700,55769.1330,4.7000,7.6600,1.0248,1.0248,0.3600,17.2436,16.5608,1.4656,5.4322,5.3550,176735.4347,71829.3345,71829.3345,1341421.9494,545184.6489,1.9763,1.9763,2.1277
2018-02-22,7.6600,7.7600,7.6600,7.7300,99403.5200,76709.3060,4.7900,7.8000,1.3839,1.3839,0.6200,17.5616,16.8662,1.4926,5.5324,5.4538,176735.4347,71829.3345,71829.3345,1366164.9102,555240.7557,1.9405,1.9405,2.0877
2018-02-23,7.7500,7.8100,7.6900,7.7900,96888.2900,75072.4900,4.8300,7.8600,1.3489,1.3489,0.6900,17.6979,16.9971,1.5042,5.5753,5.4961,176735.4347,71829.3345,71829.3345,1376769.0363,559550.5158,1.9255,1.9255,2.0704
2018-02-26,7.8100,8.0500,7.7600,7.9700,175223.7800,138300.8280,4.9400,8.0400,2.4394,2.4394,1.6600,18.1069,17.3899,1.5389,5.7041,5.6231,176735.4347,71829.3345,71829.3345,1408581.4146,572479.7960,1.8821,1.8821,2.0243
2018-02-27,7.9900,8.0700,7.8500,7.9300,170069.9000,135033.5710,4.9100,8.0000,2.3677,2.3677,1.5100,18.0160,17.3026,1.5312,5.6755,5.5949,176735.4347,71829.3345,71829.3345,1401511.9972,569606.6226,1.8916,1.8916,2.0367
2018-02-28,7.8600,7.9000,7.7500,7.8500,114131.4500,89331.3950,4.8600,7.9200,1.5889,1.5889,0.9300,17.8343,17.1281,1.5158,5.6182,5.5384,176735.4347,71829.3345,71829.3345,1387373.1624,563860.2758,1.9108,1.9108,2.0576
2018-03-01,7.7800,7.9400,7.7500,7.9100,125796.5600,99024.5210,4.9000,7.9800,1.7513,1.7513,0.9600,17.9706,17.2590,1.5273,5.6612,5.5807,176735.4347,71829.3345,71829.3345,1397977.2885,568170.0359,1.8963,1.8963,2.0408
2018-03-02,7.8400,8.0500,7.7900,7.9300,171278.2600,135714.2380,4.9100,8.0000,2.3845,2.3845,1.2600,18.0160,17.3026,1.5312,5.6755,5.5949,176735.4347,71829.3345,71829.3345,1401511.9972,569606.6226,1.8916,1.8916,2.0367
2018-03-05,7.9000,7.9500,7.8100,7.8600,93572.0700,73558.1720,4.8700,7.9300,1.3027,1.3027,0.6200,17.8570,17.1499,1.5177,5.6254,5.5455,176735.4347,71829.3345,71829.3345,1389140.5167,564578.5692,1.9084,1.9084,2.0534
2018-03-06,7.8700,7.9500,7.8100,7.9400,143289.1700,113104.1660,4.9200,8.0100,1.9949,1.9949,1.0600,18.0387,17.3244,1.5331,5.6826,5.6019,176735.4347,71829.3345,71829.3345,1403279.3515,570324.9159,1.8892,1.8892,2.0325
2018-03-07,7.9900,8.0800,7.8800,7.8900,202227.7100,161795.3700,4.8900,7.9600,2.8154,2.8154,1.5600,17.9251,17.2153,1.5235,5.6469,5.5666,176735.4347,71829.3345,71829.3345,1394442.5798,566733.4492,1.9011,1.9011,2.0450
2018-03-08,7.8700,7.9000,7.8300,7.8700,125996.4400,99027.8620,4.8800,7.9400,1.7541,1.7541,0.8600,17.8797,17.1717,1.5196,5.6325,5.5525,176735.4347,71829.3345,71829.3345,1390907.8711,565296.8625,1.9060,1.9060,2.0492
2018-03-09,7.8600,7.9300,7.8200,7.9200,118736.6500,93509.4440,4.9100,7.9900,1.6530,1.6530,0.8100,17.9933,17.2808,1.5293,5.6683,5.5878,176735.4347,71829.3345,71829.3345,1399744.6428,568888.3292,1.8939,1.8939,2.0367
2018-03-12,7.9000,8.0400,7.8900,8.0200,191521.9800,152632.8940,4.9700,8.0900,2.6663,2.6663,1.4000,18.2205,17.4990,1.5486,5.7399,5.6584,176735.4347,71829.3345,71829.3345,1417418.1863,576071.2627,1.8703,1.8703,2.0121
2018-03-13,8.0000,8.1200,7.9700,7.9800,206403.5600,165813.0140,4.9400,8.0500,2.8735,2.8735,1.3200,18.1296,17.4117,1.5409,5.7113,5.6301,176735.4347,71829.3345,71829.3345,1410348.7689,573198.0893,1.8797,1.8797,2.0243
2018-03-14,7.9600,7.9700,7.8000,7.8100,183983.8400,144475.1080,4.8400,7.8800,2.5614,2.5614,1.0900,17.7434,17.0408,1.5080,5.5896,5.5102,176735.4347,71829.3345,71829.3345,1380303.7450,560987.1024,1.9206,1.9206,2.0661
2018-03-15,7.7400,7.7400,7.3900,7.5300,248637.2700,187577.0410,4.6600,7.6000,3.4615,3.4615,1.5000,17.1073,16.4298,1.4540,5.3892,5.3126,176735.4347,71829.3345,71829.3345,1330817.8233,540874.8888,1.9920,1.9920,2.1459
2018-03-16,7.5000,7.5800,7.4700,7.5100,78406.9900,58974.7120,4.6500,7.5800,1.0916,1.0916,0.4100,17.0618,16.3862,1.4501,5.3749,5.2985,176735.4347,71829.3345,71829.3345,1327283.1146,539438.3021,1.9973,1.9973,2.1505
2018-03-19,7.5100,7.5400,7.4400,7.5200,60103.8500,45135.1480,4.6600,7.5900,0.8368,0.8368,0.3300,17.0845,16.4080,1.4520,5.3821,5.3056,176735.4347,71829.3345,71829.3345,1329050.4689,540156.5954,1.9947,1.9947,2.1459
2018-03-20,7.4900,7.5700,7.4100,7.5400,80238.0000,60186.3560,4.6700,7.6100,1.1171,1.1171,0.5200,17.1300,16.4517,1.4559,5.3964,5.3197,176735.4347,71829.3345,71829.3345,1332585.1776,541593.1821,1.9894,1.9894,2.1413
2018-03-21,7.5300,7.6400,7.4900,7.5000,100778.8400,76311.0790,4.6500,7.5700,1.4030,1.4030,0.7700,17.0391,16.3644,1.4482,5.3677,5.2915,176735.4347,71829.3345,71829.3345,1325515.7603,538720.0088,2.0000,2.0000,2.1505
2018-03-22,7.4800,7.5300,7.3900,7.4300,90186.2200,67132.4720,4.6000,7.5000,1.2556,1.2556,0.7900,16.8801,16.2117,1.4347,5.3176,5.2421,176735.4347,71829.3345,71829.3345,1313144.2798,533691.9553,2.0188,2.0188,2.1739
2018-03-23,7.2500,7.2700,6.7400,6.8600,185530.2000,130745.2210,4.2500,6.9200,2.5829,2.5829,2.2600,15.5851,14.9680,1.3246,4.9097,4.8399,176735.4347,71829.3345,71829.3345,1212405.0820,492749.2347,2.1866,2.1866,2.3529
2018-03-26,6.8100,6.9500,6.6200,6.9300,119500.1800,81251.9620,4.2900,6.9900,1.6637,1.6637,1.1600,15.7441,15.1207,1.3381,4.9598,4.8893,176735.4347,71829.3345,71829.3345,1224776.5625,497777.2881,2.1645,2.1645,2.3310
2018-03-27,7.0200,7.1200,6.9700,7.0300,104143.3600,73259.0760,4.3600,7.0900,1.4499,1.4499,0.9000,15.9713,15.3389,1.3574,5.0314,4.9599,176735.4347,71829.3345,71829.3345,1242450.1059,504960.2215,2.1337,2.1337,2.2936
2018-03-28,6.9500,7.5800,6.9200,7.2000,211148.3400,154113.2480,4.4600,7.2600,2.9396,2.9396,1.7600,15.7399,15.7399,1.3909,5.0762,5.0762,176735.4347,71829.3345,71829.3345,1272495.1298,517171.2084,2.0833,2.0833,2.2422
2018-03-29,7.1300,7.2700,7.0800,7.2100,128373.0700,92098.6780,4.4700,7.2700,1.7872,1.7872,0.9000,15.7618,15.7618,1.3928,5.0832,5.0832,176735.4347,71829.3345,71829.3345,1274262.4842,517889.5017,2.0804,2.0804,2.2371
2018-03-30,7.2200,7.2500,7.1600,7.1900,77522.0000,55840.8310,4.4500,7.2500,1.0793,1.0793,0.5200,15.7181,15.7181,1.3890,5.0691,5.0691,176735.4347,71829.3345,71829.3345,1270727.7755,516452.9151,2.0862,2.0862,2.2472
2018-04-02,7.2000,7.2600,7.1300,7.1400,80718.0000,58073.6400,4.4200,7.2000,1.1237,1.1237,0.6300,15.6088,15.6088,1.3793,5.0339,5.0339,176735.4347,71829.3345,71829.3345,1261891.0038,512861.4483,2.1008,2.1008,2.2624
2018-04-03,7.0300,7.0800,6.9800,7.0400,90694.9800,63729.5890,4.3600,7.1000,1.2626,1.2626,0.7500,15.3902,15.3902,1.3600,4.9634,4.9634,176735.4347,71829.3345,71829.3345,1244217.4603,505678.5149,2.1307,2.1307,2.2936
2018-04-04,7.0200,7.2000,7.0200,7.0800,95779.7800,68214.6190,4.3900,7.1400,1.3334,1.3334,0.8100,15.4776,15.4776,1.3677,4.9916,4.9916,176735.4347,71829.3345,71829.3345,1251286.8777,508551.6883,2.1186,2.1186,2.2779
2018-04-09,7.0200,7.1200,7.0000,7.0900,80934.7800,57187.8110,4.3900,7.1500,1.1268,1.1268,0.8600,15.4995,15.4995,1.3696,4.9986,4.9986,176735.4347,71829.3345,71829.3345,1253054.2320,509269.9816,2.1157,2.1157,2.2779
2018-04-10,7.1000,7.2200,7.0600,7.2100,140354.9900,100290.8640,4.4700,7.2700,1.9540,1.9540,1.6500,15.7618,15.7618,1.3928,5.0832,5.0832,176735.4347,71829.3345,71829.3345,1274262.4842,517889.5017,2.0804,2.0804,2.2371
2018-04-11,7.2200,7.2700,7.1100,7.2100,132335.9600,95324.2980,4.4700,7.2700,1.8424,1.8424,1.3500,15.7618,15.7618,1.3928,5.0832,5.0832,176735.4347,71829.3345,71829.3345,1274262.4842,517889.5017,2.0804,2.0804,2.2371
2018-04-12,7.1700,7.1800,7.0700,7.1100,89983.5600,64118.9620,4.4000,7.1700,1.2527,1.2527,0.8300,15.5432,15.5432,1.3735,5.0127,5.0127,176735.4347,71829.3345,71829.3345,1256588.9407,510706.5683,2.1097,2.1097,2.2727
2018-04-13,7.1400,7.1700,7.0500,7.0600,54768.4000,38870.0720,4.3700,7.1200,0.7625,0.7625,0.5100,15.4339,15.4339,1.3638,4.9775,4.9775,176735.4347,71829.3345,71829.3345,1247752.1690,507115.1016,2.1246,2.1246,2.2883
2018-04-16,7.0600,7.0900,6.9100,6.9500,75704.7500,52863.6800,4.3100,7.0100,1.0540,1.0540,0.7600,15.1934,15.1934,1.3426,4.8999,4.8999,176735.4347,71829.3345,71829.3345,1228311.2712,499213.8748,2.1583,2.1583,2.3202
2018-04-17,6.9500,7.0600,6.9000,6.9100,71577.1200,49912.9860,4.2800,6.9700,0.9965,0.9965,0.7300,15.1060,15.1060,1.3349,4.8717,4.8717,176735.4347,71829.3345,71829.3345,1221241.8538,496340.7014,2.1708,2.1708,2.3364
2018-04-18,7.0300,7.0500,6.8900,7.0200,93477.4800,65203.6920,4.3500,7.0800,1.3014,1.3014,1.1000,15.3464,15.3464,1.3561,4.9493,4.9493,176735.4347,71829.3345,71829.3345,1240682.7516,504241.9282,2.1368,2.1368,2.2989
2018-04-19,6.9800,7.0100,6.9500,6.9700,64431.6000,44965.6550,4.3200,7.0300,0.8970,0.8970,0.8400,15.2371,15.2371,1.3465,4.9140,4.9140,176735.4347,71829.3345,71829.3345,1231845.9799,500650.4615,2.1521,2.1521,2.3148
2018-04-20,6.9800,6.9800,6.7700,6.7900,84579.6300,57884.6990,4.2100,6.8500,1.1775,1.1775,1.1700,14.8436,14.8436,1.3117,4.7871,4.7871,176735.4347,71829.3345,71829.3345,1200033.6016,487721.1813,2.2091,2.2091,2.3753
2018-04-23,6.7800,6.8200,6.6600,6.7100,68586.5600,46181.9860,4.1600,6.7700,0.9549,0.9549,0.8800,14.6687,14.6687,1.2962,4.7307,4.7307,176735.4347,71829.3345,71829.3345,1185894.7668,481974.8345,2.2355,2.2355,2.4038
2018-04-24,6.7300,6.9500,6.7200,6.8600,114641.4400,78583.3390,4.2500,6.9200,1.5960,1.5960,1.5000,14.9967,14.9967,1.3252,4.8364,4.8364,176735.4347,71829.3345,71829.3345,1212405.0820,492749.2347,2.1866,2.1866,2.3529
2018-04-25,6.8000,6.8400,6.7700,6.7900,67182.7600,45642.4750,4.2100,6.8500,0.9353,0.9353,0.7900,14.8436,14.8436,1.3117,4.7871,4.7871,176735.4347,71829.3345,71829.3345,1200033.6016,487721.1813,2.2091,2.2091,2.3753
2018-04-26,6.8000,6.8100,6.6600,6.6700,69759.8800,46809.1040,4.1300,6.7300,0.9712,0.9712,0.8700,14.5813,14.5813,1.2885,4.7025,4.7025,176735.4347,71829.3345,71829.3345,1178825.3494,479101.6611,2.2489,2.2489,2.4213
2018-04-27,6.6900,6.7400,6.6500,6.7000,66045.7900,44161.2140,4.1500,6.7600,0.9195,0.9195,0.8200,14.6469,14.4983,1.2105,4.7236,4.5897,176735.4347,71829.3345,71829.3345,1184127.4125,481256.5412,2.2388,2.2388,2.4096
2018-05-02,6.7100,6.7600,6.6600,6.7300,58124.0000,38976.7940,4.1700,6.7900,0.8092,0.8092,0.7500,14.7125,14.5632,1.2159,4.7448,4.6102,176735.4347,71829.3345,71829.3345,1189429.4755,483411.4212,2.2288,2.2288,2.3981
2018-05-03,6.7100,6.7700,6.6200,6.7600,85801.7000,57520.9240,4.1900,6.8200,1.1945,1.1945,1.1400,14.7781,14.6281,1.2213,4.7659,4.6308,176735.4347,71829.3345,71829.3345,1194731.5386,485566.3012,2.2189,2.2189,2.3866
2018-05-04,6.7400,6.7400,6.6600,6.6700,56821.6600,38050.7030,4.1300,6.7300,0.7911,0.7911,0.8200,14.5813,14.4334,1.2050,4.7025,4.5691,176735.4347,71829.3345,71829.3345,1178825.3494,479101.6611,2.2489,2.2489,2.4213
2018-05-07,6.6900,6.7700,6.6800,6.7700,77422.1400,52113.1420,4.1900,6.8300,1.0779,1.0779,1.1500,14.7999,14.6498,1.2231,4.7730,4.6376,176735.4347,71829.3345,71829.3345,1196498.8929,486284.5946,2.2157,2.2157,2.3866
2018-05-08,6.7700,6.8300,6.7300,6.8000,81183.8300,55145.0410,4.2100,6.8600,1.1302,1.1302,1.1800,14.8655,14.7147,1.2285,4.7941,4.6582,176735.4347,71829.3345,71829.3345,1201800.9560,488439.4746,2.2059,2.2059,2.3753
2018-05-09,6.7500,6.7700,6.7200,6.7500,61319.2000,41361.4740,4.1800,6.8100,0.8537,0.8537,0.8500,14.7562,14.6065,1.2195,4.7589,4.6239,176735.4347,71829.3345,71829.3345,1192964.1842,484848.0079,2.2222,2.2222,2.3923
2018-05-10,6.7400,6.8400,6.7200,6.8100,77744.7100,52661.6510,4.2200,6.8700,1.0824,1.0824,1.0700,14.8874,14.7363,1.2303,4.8012,4.6650,176735.4347,71829.3345,71829.3345,1203568.3103,489157.7679,2.2026,2.2026,2.3697
2018-05-11,6.7900,6.8500,6.7500,6.7700,83640.3400,56851.7350,4.1900,6.8300,1.1644,1.1644,1.1800,14.7999,14.6498,1.2231,4.7730,4.6376,176735.4347,71829.3345,71829.3345,1196498.8929,486284.5946,2.2157,2.2157,2.3866
2018-05-14,6.7500,6.8900,6.7400,6.7900,90751.8800,61806.0450,4.2100,6.8500,1.2634,1.2634,1.1900,14.8436,14.6931,1.2267,4.7871,4.6513,176735.4347,71829.3345,71829.3345,1200033.6016,487721.1813,2.2091,,2.3753
2018-05-15,6.7800,6.8000,6.7000,6.7700,81035.6100,54589.7280,4.1900,6.8300,1.1282,1.1282,1.0300,14.7999,14.6498,1.2231,4.7730,4.6376,176735.4347,71829.3345,71829.3345,1196498.8929,486284.5946,2.2157,,2.3866
2018-05-16,6.7400,6.7700,6.7100,6.7200,44629.8700,30051.7350,4.1600,6.7800,0.6213,0.6213,0.5700,14.6906,14.5416,1.2141,4.7377,4.6034,176735.4347,71829.3345,71829.3345,1187662.1212,482693.1278,2.2321,,2.4038
2018-05-17,6.7200,6.7500,6.7000,6.7100,43141.8000,29003.3990,4.1600,6.7700,0.6006,0.6006,0.5700,14.6687,14.5199,1.2123,4.7307,4.5965,176735.4347,71829.3345,71829.3345,1185894.7668,481974.8345,2.2355,,2.4038
2018-05-18,6.6800,6.7700,6.6800,6.7600,55834.8000,37549.8870,4.1900,6.8200,0.7773,0.7773,0.8100,14.7781,14.6281,1.2213,4.7659,4.6308,176735.4347,71829.3345,71829.3345,1194731.5386,485566.3012,2.2189,,2.3866
2018-05-21,6.7700,6.8600,6.7600,6.8200,94081.3000,64069.1000,4.2300,6.8800,1.3098,1.3098,1.4900,14.9092,14.7580,1.2321,4.8082,4.6719,176735.4347,71829.3345,71829.3345,1205335.6647,489876.0613,2.1994,,2.3641
2018-05-22,6.7400,6.7700,6.6800,6.7700,103896.0900,69881.9450,4.2600,6.9300,1.4464,1.4464,1.6300,14.7999,14.6498,1.2456,4.7730,4.6376,176735.4347,71829.3345,71829.3345,1196498.8929,486284.5946,2.2157,1.4771,2.3474
2018-05-23,6.7500,6.7500,6.6800,6.6900,66006.5900,44301.4030,4.2100,6.8500,0.9189,0.9189,0.9700,14.6250,14.4767,1.2309,4.7166,4.5828,176735.4347,71829.3345,71829.3345,1182360.0581,480538.2478,2.2422,1.4948,2.3753
2018-05-24,6.7100,6.7300,6.6600,6.6700,46904.3700,31389.7520,4.1900,6.8300,0.6530,0.6530,0.6500,14.5813,14.4334,1.2272,4.7025,4.5691,176735.4347,71829.3345,71829.3345,1178825.3494,479101.6611,2.2489,1.4993,2.3866
2018-05-25,6.6700,6.6900,6.6100,6.6100,49516.1100,32887.9420,4.1600,6.7700,0.6894,0.6894,0.6800,14.4501,14.3036,1.2162,4.6602,4.5280,176735.4347,71829.3345,71829.3345,1168221.2234,474791.9010,2.2693,1.5129,2.4038
2018-05-28,6.6400,6.6400,6.4700,6.4700,59108.0500,38613.7230,4.0700,6.6300,0.8229,0.8229,0.8200,14.1441,14.0006,1.1904,4.5615,4.4321,176735.4347,71829.3345,71829.3345,1143478.2625,464735.7942,2.3184,1.5456,2.4570
2018-05-29,6.4700,6.5000,6.3200,6.4000,80653.6400,51669.3600,4.0200,6.5500,1.1229,1.1229,1.2400,13.9911,13.8491,1.1775,4.5121,4.3842,176735.4347,71829.3345,71829.3345,1131106.7821,459707.7408,2.3438,1.5625,2.4876
2018-05-30,6.3100,6.3900,6.1800,6.2100,101781.2000,63772.9530,3.9000,6.3600,1.4170,1.4170,1.6800,13.5757,13.4380,1.1426,4.3782,4.2540,176735.4347,71829.3345,71829.3345,1097527.0495,446060.1672,2.4155,1.6103,2.5641
2018-05-31,6.2400,6.3200,6.2000,6.3100,72434.3800,45400.9230,3.9700,6.4600,1.0084,1.0084,1.0700,13.7943,13.6544,1.1610,4.4487,4.3225,176735.4347,71829.3345,71829.3345,1115200.5930,453243.1007,2.3772,1.5848,2.5189
2018-06-01,6.2700,6.3200,6.1700,6.2300,89059.0000,55535.7180,3.9200,6.3800,1.2399,1.2399,1.2300,13.6194,13.4813,1.1463,4.3923,4.2677,176735.4347,71829.3345,71829.3345,1101061.7582,447496.7539,2.4077,1.6051,2.5510
2018-06-04,6.2400,6.2700,6.1900,6.2000,59048.6900,36739.5130,3.9000,6.3500,0.8221,0.8221,0.7300,13.5538,13.4163,1.1407,4.3711,4.2471,176735.4347,71829.3345,71829.3345,1095759.6951,445341.8739,2.4194,1.6129,2.5641
2018-06-05,6.2100,6.4000,6.1200,6.2700,119987.1700,74908.3680,3.9400,6.4200,1.6704,1.6704,1.4900,13.7069,13.5678,1.1536,4.4205,4.2951,176735.4347,71829.3345,71829.3345,1108131.1756,450369.9273,2.3923,1.5949,2.5381
2018-06-06,6.2200,6.2700,6.1800,6.2500,63184.9500,39298.9320,3.9300,6.4000,0.8797,0.8797,0.7100,13.6631,13.5245,1.1499,4.4064,4.2814,176735.4347,71829.3345,71829.3345,1104596.4669,448933.3406,2.4000,1.6000,2.5445
2018-06-07,6.2500,6.3000,6.2200,6.2500,71099.5700,44505.9890,3.9300,6.4000,0.9898,0.9898,0.8800,13.6631,13.5245,1.1499,4.4064,4.2814,176735.4347,71829.3345,71829.3345,1104596.4669,448933.3406,2.4000,1.6000,2.5445
2018-06-08,6.2300,6.2300,6.0400,6.0800,90045.0900,55082.5680,3.8200,6.2300,1.2536,1.2536,1.1200,13.2915,13.1567,1.1187,4.2865,4.1649,176735.4347,71829.3345,71829.3345,1074551.4430,436722.3538,2.4671,1.6447,2.6178
2018-06-11,6.0500,6.1000,6.0100,6.0500,57954.2700,35117.1920,3.8000,6.2000,0.8068,0.8068,0.7200,13.2259,13.0918,1.1131,4.2654,4.1444,176735.4347,71829.3345,71829.3345,1069249.3799,434567.4737,2.4793,1.6529,2.6316
2018-06-12,6.0600,6.1100,6.0200,6.0900,51802.2700,31462.4300,3.8300,6.2400,0.7212,0.7212,0.6400,13.3134,13.1783,1.1205,4.2936,4.1718,176735.4347,71829.3345,71829.3345,1076318.7973,437440.6471,2.4631,1.6420,2.6110
2018-06-13,6.0800,6.0800,5.9000,5.9000,64271.0000,38528.5250,3.7100,6.0400,0.8948,0.8948,0.9600,12.8980,12.7672,1.0855,4.1596,4.0416,176735.4347,71829.3345,71829.3345,1042739.0647,423793.0736,2.5424,1.6949,2.6954
2018-06-14,5.8900,5.9800,5.8700,5.9000,61606.9600,36461.5260,3.7100,6.0400,0.8577,0.8577,0.9200,12.8980,12.7672,1.0855,4.1596,4.0416,176735.4347,71829.3345,71829.3345,1042739.0647,423793.0736,2.5424,1.6949,2.6954
2018-06-15,5.9100,5.9400,5.8400,5.8700,69824.0000,41137.0290,3.6900,6.0100,0.9721,0.9721,1.0700,12.8324,12.7022,1.0800,4.1385,4.0211,176735.4347,71829.3345,71829.3345,1037437.0017,421638.1935,2.5554,1.7036,2.7100
2018-06-19,5.7900,5.8000,5.2900,5.3800,139696.1700,77485.3720,3.3800,5.5100,1.9448,1.9448,2.2900,11.7612,11.6419,0.9899,3.7930,3.6854,176735.4347,71829.3345,71829.3345,950836.6387,386441.8196,2.7881,1.8587,2.9586
2018-06-20,5.3500,5.4700,5.3400,5.4200,77778.6500,42080.5200,3.4100,5.5500,1.0828,1.0828,1.0000,11.8487,11.7285,0.9972,3.8212,3.7128,176735.4347,71829.3345,71829.3345,957906.0561,389314.9930,2.7675,1.8450,2.9326
2018-06-21,5.4300,5.5200,5.3500,5.3500,84605.0500,45903.0160,3.3600,5.4800,1.1779,1.1779,1.0200,11.6956,11.5770,0.9843,3.7719,3.6649,176735.4347,71829.3345,71829.3345,945534.5756,384286.9396,2.8037,1.8692,2.9762
2018-06-22,5.3200,5.4200,5.2600,5.4200,61824.7700,33126.5680,3.4100,5.5500,0.8607,0.8607,0.7100,11.8487,11.7285,0.9972,3.8212,3.7128,176735.4347,71829.3345,71829.3345,957906.0561,389314.9930,2.7675,1.8450,2.9326
2018-06-25,5.4200,5.5000,5.3700,5.3700,58839.3500,31933.8520,3.3800,5.5000,0.8192,0.8192,0.6800,11.7394,11.6203,0.9880,3.7860,3.6786,176735.4347,71829.3345,71829.3345,949069.2843,385723.5263,2.7933,1.8622,2.9586
2018-06-26,5.3000,5.4400,5.2700,5.4200,62893.1800,33724.8230,3.4100,5.5500,0.8756,0.8756,0.7400,11.8487,11.7285,0.9972,3.8212,3.7128,176735.4347,71829.3345,71829.3345,957906.0561,389314.9930,2.7675,1.8450,2.9326
2018-06-27,5.4000,5.8400,5.3600,5.5600,189888.2000,106373.6650,3.5000,5.6900,2.6436,2.6436,2.7400,12.1547,12.0314,1.0230,3.9199,3.8087,176735.4347,71829.3345,71829.3345,982649.0169,399371.0998,2.6978,1.7986,2.8571
2018-06-28,5.5000,5.6000,5.4500,5.4900,106726.4700,58908.4730,3.4500,5.6200,1.4858,1.4858,1.1700,12.0017,11.8800,1.0101,3.8706,3.7608,176735.4347,71829.3345,71829.3345,970277.5365,394343.0464,2.7322,1.8215,2.8986
2018-06-29,5.4600,5.6400,5.4600,5.6200,96794.4800,53955.8800,3.5300,5.7500,1.3476,1.3476,1.0100,12.2859,12.1613,1.0340,3.9622,3.8498,176735.4347,71829.3345,71829.3345,993253.1430,403680.8599,2.6690,1.7794,2.8329
2018-07-02,5.5900,5.6100,5.4200,5.4700,88104.7900,48671.8660,3.4400,5.6000,1.2266,1.2266,0.8600,11.9580,11.8367,1.0064,3.8565,3.7471,176735.4347,71829.3345,71829.3345,966742.8278,392906.4597,2.7422,1.8282,2.9070
2018-07-03,5.4800,5.6200,5.4600,5.5800,90480.8700,50185.8170,3.5100,5.7100,1.2597,1.2597,0.8300,12.1985,12.0747,1.0267,3.9340,3.8224,176735.4347,71829.3345,71829.3345,986183.7256,400807.6865,2.6882,1.7921,2.8490
2018-07-04,5.5600,5.7300,5.5200,5.5900,127915.2800,71875.2430,3.5100,5.7200,1.7808,1.7808,1.1200,12.2203,12.0963,1.0285,3.9411,3.8293,176735.4347,71829.3345,71829.3345,987951.0800,401525.9799,2.6834,1.7889,2.8490
2018-07-05,5.5600,5.6100,5.4400,5.4400,71851.4600,39745.6800,3.4200,5.5700,1.0003,1.0003,0.7000,11.8924,11.7718,1.0009,3.8353,3.7265,176735.4347,71829.3345,71829.3345,961440.7648,390751.5797,2.7574,1.8382,2.9240
2018-07-06,5.4600,5.5500,5.3600,5.4600,72694.6000,39787.0790,3.4300,5.5900,1.0120,1.0120,0.7600,11.9361,11.8150,1.0046,3.8494,3.7402,176735.4347,71829.3345,71829.3345,964975.4735,392188.1664,2.7473,1.8315,2.9155
2018-07-09,5.4600,5.6200,5.4600,5.6200,77113.5500,42853.2200,3.5300,5.7500,1.0736,1.0736,0.8500,12.2859,12.1613,1.0340,3.9622,3.8498,176735.4347,71829.3345,71829.3345,993253.1430,403680.8599,2.6690,1.7794,2.8329
2018-07-10,5.6000,5.6200,5.5300,5.5900,80384.2100,44729.8240,3.5100,5.7200,1.1191,1.1191,0.9100,12.2203,12.0963,1.0285,3.9411,3.8293,176735.4347,71829.3345,71829.3345,987951.0800,401525.9799,2.6834,1.7889,2.8490
2018-07-11,5.5200,5.5200,5.3500,5.4300,91842.3800,49922.4240,3.4100,5.5600,1.2786,1.2786,1.0700,11.8705,11.7501,0.9991,3.8283,3.7197,176735.4347,71829.3345,71829.3345,959673.4104,390033.2863,2.7624,1.8416,2.9326
2018-07-12,5.4400,5.5900,5.4200,5.5900,95546.8400,52916.6130,3.5100,5.7200,1.3302,1.3302,1.2100,12.2203,12.0963,1.0285,3.9411,3.8293,176735.4347,71829.3345,71829.3345,987951.0800,401525.9799,2.6834,1.7889,2.8490
2018-07-13,5.6000,5.6800,5.5000,5.5300,114083.2000,63530.3670,3.4800,5.6600,1.5883,1.5883,1.3700,12.0891,11.9665,1.0175,3.8988,3.7882,176735.4347,71829.3345,71829.3345,977346.9539,397216.2198,2.7125,1.8083,2.8736
2018-07-16,5.5200,5.5200,5.4200,5.4500,72689.7700,39630.3410,3.4300,5.5800,1.0120,1.0120,0.7900,11.9143,11.7934,1.0027,3.8424,3.7334,176735.4347,71829.3345,71829.3345,963208.1191,391469.8730,2.7523,1.8349,2.9155
2018-07-17,5.4500,5.4900,5.4200,5.4800,46233.7300,25222.4450,3.4500,5.6100,0.6437,0.6437,0.5100,11.9798,11.8583,1.0083,3.8635,3.7539,176735.4347,71829.3345,71829.3345,968510.1822,393624.7531,2.7372,1.8248,2.8986
2018-07-18,5.4600,5.5200,5.4300,5.4300,62626.0500,34309.7400,3.4100,5.5600,0.8719,0.8719,0.7400,11.8705,11.7501,0.9991,3.8283,3.7197,176735.4347,71829.3345,71829.3345,959673.4104,390033.2863,2.7624,1.8416,2.9326
2018-07-19,5.4100,5.4600,5.3700,5.3700,43131.1500,23291.2930,3.3800,5.5000,0.6005,0.6005,0.5500,11.7394,11.6203,0.9880,3.7860,3.6786,176735.4347,71829.3345,71829.3345,949069.2843,385723.5263,2.7933,1.8622,2.9586
2018-07-20,5.3600,5.9100,5.3000,5.9100,494127.5500,284766.8960,3.7200,6.0500,6.8792,6.8792,7.2900,12.9199,12.7888,1.0874,4.1667,4.0485,176735.4347,71829.3345,71829.3345,1044506.4191,424511.3669,2.5381,1.6920,2.6882
2018-07-23,5.7800,6.0800,5.7200,5.9200,532380.1800,314391.5920,3.7200,6.0600,7.4117,7.4117,3.7000,12.9417,12.8104,1.0892,4.1737,4.0553,176735.4347,71829.3345,71829.3345,1046273.7734,425229.6602,2.5338,1.6892,2.6882
2018-07-24,5.8400,5.9500,5.7700,5.8600,300000.2800,175803.4920,3.6800,6.0000,4.1766,4.1766,1.2700,12.8106,12.6806,1.0782,4.1314,4.0142,176735.4347,71829.3345,71829.3345,1035669.6473,420919.9002,2.5597,1.7065,2.7174
2018-07-25,5.8500,5.8800,5.8000,5.8300,153426.6500,89497.0080,3.6700,5.9700,2.1360,2.1360,0.5400,12.7450,12.6157,1.0727,4.1103,3.9937,176735.4347,71829.3345,71829.3345,1030367.5843,418765.0201,2.5729,1.7153,2.7248
2018-07-26,5.8400,5.8600,5.7200,5.7400,136696.0200,79070.7520,3.6100,5.8800,1.9031,1.9031,0.4500,12.5482,12.4209,1.0561,4.0468,3.9320,176735.4347,71829.3345,71829.3345,1014461.3952,412300.3800,2.6132,1.7422,2.7701
2018-07-27,5.7500,5.7900,5.7100,5.7300,107324.6400,61744.5290,3.6000,5.8700,1.4942,1.4942,0.3300,12.5264,12.3993,1.0543,4.0398,3.9252,176735.4347,71829.3345,71829.3345,1012694.0408,411582.0867,2.6178,1.7452,2.7778
2018-07-30,5.7200,5.8500,5.7100,5.7400,110526.4000,63792.5800,3.6100,5.8800,1.5387,1.5387,0.4500,12.5482,12.4209,1.0561,4.0468,3.9320,176735.4347,71829.3345,71829.3345,1014461.3952,412300.3800,2.6132,1.7422,2.7701
2018-07-31,5.7400,6.1200,5.6700,5.8500,246360.2600,144395.4960,3.6800,5.9900,3.4298,3.4298,1.5200,12.7887,12.6590,1.0763,4.1244,4.0074,176735.4347,71829.3345,71829.3345,1033902.2930,420201.6068,2.5641,1.7094,2.7174
2018-08-01,5.8200,5.8500,5.6700,5.6700,159751.4500,92050.9680,3.5600,5.8100,2.2240,2.2240,1.0600,12.3952,12.2695,1.0432,3.9975,3.8841,176735.4347,71829.3345,71829.3345,1002089.9147,407272.3266,2.6455,1.7637,2.8090
2018-08-02,5.6700,5.6800,5.4500,5.5500,141038.5500,78376.1040,3.4900,5.6800,1.9635,1.9635,0.9300,12.1329,12.0098,1.0211,3.9129,3.8019,176735.4347,71829.3345,71829.3345,980881.6626,398652.8065,2.7027,1.8018,2.8653
2018-08-03,5.5600,5.6200,5.5000,5.5200,67191.7300,37369.9210,3.4700,5.6500,0.9354,0.9354,0.4400,12.0673,11.9449,1.0156,3.8917,3.7813,176735.4347,71829.3345,71829.3345,975579.5995,396497.9264,2.7174,1.8116,2.8818
2018-08-06,5.5200,5.6600,5.5000,5.5500,108873.0000,60890.6640,3.4900,5.6800,1.5157,1.5157,0.7500,12.1329,12.0098,1.0211,3.9129,3.8019,176735.4347,71829.3345,71829.3345,980881.6626,398652.8065,2.7027,1.8018,2.8653
2018-08-07,5.5600,5.7200,5.5400,5.7000,130125.0000,73487.1780,3.5800,5.8400,1.8116,1.8116,0.9000,12.4608,12.3344,1.0487,4.0186,3.9046,176735.4347,71829.3345,71829.3345,1007391.9778,409427.2067,2.6316,1.7544,2.7933
2018-08-08,5.6800,5.6900,5.6000,5.6000,75431.0000,42512.9240,3.5200,5.7300,1.0501,1.0501,0.6200,12.2422,12.1180,1.0303,3.9481,3.8361,176735.4347,71829.3345,71829.3345,989718.4343,402244.2732,2.6786,1.7857,2.8409
2018-08-09,5.5700,5.7300,5.5700,5.6900,105170.8500,59732.7990,3.5800,5.8300,1.4642,1.4642,1.0100,12.4389,12.3127,1.0469,4.0116,3.8978,176735.4347,71829.3345,71829.3345,1005624.6234,408708.9133,2.6362,1.7575,2.7933
2018-08-10,5.6800,5.7000,5.6400,5.6800,52063.2600,29492.2570,3.5700,5.8200,0.7248,0.7248,0.5300,12.4171,12.2911,1.0451,4.0045,3.8909,176735.4347,71829.3345,71829.3345,1003857.2691,407990.6200,2.6408,1.7606,2.8011
2018-08-13,5.5900,5.6300,5.5300,5.6200,67534.5500,37650.5380,3.5300,5.7500,0.9402,0.9402,0.7200,12.2859,12.1613,1.0340,3.9622,3.8498,176735.4347,71829.3345,71829.3345,993253.1430,403680.8599,2.6690,1.7794,2.8329
2018-08-14,5.5800,5.6500,5.5700,5.6200,48815.2600,27389.6680,3.5300,5.7500,0.6796,0.6796,0.5700,12.2859,12.1613,1.0340,3.9622,3.8498,176735.4347,71829.3345,71829.3345,993253.1430,403680.8599,2.6690,1.7794,2.8329
2018-08-15,5.6100,5.6300,5.4900,5.4900,56416.0000,31272.5360,3.4500,5.6200,0.7854,0.7854,0.8100,12.0017,11.8800,1.0101,3.8706,3.7608,176735.4347,71829.3345,71829.3345,970277.5365,394343.0464,2.7322,1.8215,2.8986
2018-08-16,5.4600,5.6400,5.4200,5.5400,71896.8900,39838.1350,3.4800,5.6700,1.0009,1.0009,1.0900,12.1110,11.9882,1.0193,3.9058,3.7950,176735.4347,71829.3345,71829.3345,979114.3082,397934.5131,2.7076,1.8051,2.8736
2018-08-17,5.5400,5.5900,5.4200,5.4400,50652.0000,27933.3380,3.4200,5.5700,0.7052,0.7052,0.8500,11.8924,11.7718,1.0009,3.8353,3.7265,176735.4347,71829.3345,71829.3345,961440.7648,390751.5797,2.7574,1.8382,2.9240
2018-08-20,5.4400,5.5500,5.4300,5.5100,60557.9400,33205.1980,3.4600,5.6400,0.8431,0.8431,1.0300,12.0454,11.9232,1.0138,3.8847,3.7745,176735.4347,71829.3345,71829.3345,973812.2452,395779.6331,2.7223,1.8149,2.8902
2018-08-21,5.5100,5.5800,5.5000,5.5500,50412.0000,27932.9640,3.4900,5.6800,0.7018,0.7018,0.8700,12.1329,12.0098,1.0211,3.9129,3.8019,176735.4347,71829.3345,71829.3345,980881.6626,398652.8065,2.7027,1.8018,2.8653
2018-08-22,5.5200,5.5600,5.5000,5.5100,27464.1000,15166.2920,3.4600,5.6400,0.3824,0.3824,0.4700,12.0454,11.9232,1.0138,3.8847,3.7745,176735.4347,71829.3345,71829.3345,973812.2452,395779.6331,2.7223,1.8149,2.8902
2018-08-23,5.5000,5.5600,5.4900,5.5400,39157.7800,21637.7340,3.4800,5.6700,0.5452,0.5452,0.7500,12.1110,11.9882,1.0193,3.9058,3.7950,176735.4347,71829.3345,71829.3345,979114.3082,397934.5131,2.7076,1.8051,2.8736
2018-08-24,5.5200,5.8100,5.5100,5.6500,202397.5600,114624.0210,3.5500,5.7900,2.8178,2.8178,4.4300,12.3515,12.2262,1.0395,3.9834,3.8704,176735.4347,71829.3345,71829.3345,998555.2061,405835.7399,2.6549,1.7699,2.8169
2018-08-27,5.6200,5.6600,5.5900,5.6600,107090.8400,60267.5570,3.5600,5.8000,1.4909,1.4909,1.4100,12.3733,12.2478,1.0414,3.9904,3.8772,176735.4347,71829.3345,71829.3345,1000322.5604,406554.0333,2.6502,1.7668,2.8090
2018-08-28,5.6500,5.6600,5.6200,5.6300,54305.4400,30605.9120,3.5400,5.7700,0.7560,0.7560,0.6400,12.3078,12.0826,1.0153,3.9693,3.6451,176735.4347,71829.3345,71829.3345,995020.4974,404399.1532,2.6643,1.7762,2.8249
2018-08-29,5.6400,5.6800,5.6100,5.6300,55166.4400,31092.2950,3.5400,5.7700,0.7680,0.7680,0.6400,12.3078,12.0826,1.0153,3.9693,3.6451,176735.4347,71829.3345,71829.3345,995020.4974,404399.1532,2.6643,1.7762,2.8249
2018-08-30,5.6300,5.6700,5.5800,5.5900,56581.6800,31846.0290,3.5100,5.7200,0.7877,0.7877,0.6200,12.2203,11.9968,1.0081,3.9411,3.6192,176735.4347,71829.3345,71829.3345,987951.0800,401525.9799,2.6833,1.7889,2.8490
2018-08-31,5.5700,5.6400,5.5500,5.5700,54814.7800,30621.1300,3.5000,5.7000,0.7631,0.7631,0.5800,12.1766,11.9539,1.0045,3.9270,3.6063,176735.4347,71829.3345,71829.3345,984416.3713,400089.3932,2.6930,1.7953,2.8571
2018-09-03,5.5700,5.5900,5.4800,5.5300,48249.0000,26682.1400,3.4800,5.6600,0.6717,0.6717,0.7400,12.0891,11.8680,0.9973,3.8988,3.5804,176735.4347,71829.3345,71829.3345,977346.9539,397216.2198,2.7124,1.8083,2.8736
2018-09-04,5.5300,5.6000,5.5100,5.5700,63516.6900,35305.8650,3.5000,5.7000,0.8843,0.8843,1.1800,12.1766,11.9539,1.0045,3.9270,3.6063,176735.4347,71829.3345,71829.3345,984416.3713,400089.3932,2.6930,1.7953,2.8571
2018-09-05,5.5400,5.5700,5.4600,5.4800,70051.0000,38688.2810,3.4500,5.6100,0.9752,0.9752,1.2600,11.9798,11.7607,0.9883,3.8635,3.5480,176735.4347,71829.3345,71829.3345,968510.1822,393624.7531,2.7372,1.8248,2.8986
2018-09-06,5.4600,5.5000,5.4200,5.4400,48251.1000,26352.6070,3.4200,5.5700,0.6717,0.6717,0.8200,11.8924,11.6749,0.9811,3.8353,3.5221,176735.4347,71829.3345,71829.3345,961440.7648,390751.5797,2.7573,1.8382,2.9240
2018-09-07,5.4400,5.5200,5.4200,5.4600,49139.0000,26879.4770,3.4300,5.5900,0.6841,0.6841,0.8600,11.9361,11.7178,0.9847,3.8494,3.5350,176735.4347,71829.3345,71829.3345,964975.4735,392188.1664,2.7472,1.8315,2.9155
2018-09-10,5.4600,5.4800,5.3800,5.3900,48801.0300,26407.8450,3.3900,5.5200,0.6794,0.6794,0.8700,11.7831,11.5676,0.9720,3.8001,3.4897,176735.4347,71829.3345,71829.3345,952603.9930,387160.1130,2.7829,1.8553,2.9499
2018-09-11,5.4000,5.4500,5.3800,5.4100,36077.3700,19516.9040,3.4000,5.5400,0.5023,0.5023,0.6400,11.8268,11.6105,0.9757,3.8142,3.5027,176735.4347,71829.3345,71829.3345,956138.7017,388596.6996,2.7726,1.8484,2.9412
2018-09-12,5.4100,5.4600,5.3800,5.4300,36009.8800,19562.5090,3.4100,5.5600,0.5013,0.5013,0.7100,11.8705,11.6534,0.9793,3.8283,3.5156,176735.4347,71829.3345,71829.3345,959673.4104,390033.2863,2.7624,1.8416,2.9326
2018-09-13,5.4600,5.4900,5.4200,5.4600,34944.5200,19031.6640,3.4300,5.5900,0.4865,0.4865,0.8000,11.9361,11.7178,0.9847,3.8494,3.5350,176735.4347,71829.3345,71829.3345,964975.4735,392188.1664,2.7472,1.8315,2.9155
2018-09-14,5.4800,5.4800,5.4000,5.4100,27524.6400,14970.0340,3.4000,5.5400,0.3832,0.3832,0.6700,11.8268,11.6105,0.9757,3.8142,3.5027,176735.4347,71829.3345,71829.3345,956138.7017,388596.6996,2.7726,1.8484,2.9412
2018-09-17,5.4100,5.4100,5.3400,5.3400,38925.7400,20882.5630,3.3600,5.4700,0.5419,0.5419,1.0600,11.6738,11.4603,0.9630,3.7648,3.4574,176735.4347,71829.3345,71829.3345,943767.2213,383568.6462,2.8089,1.8726,2.9762
2018-09-18,5.3500,5.4300,5.3400,5.4100,47715.4100,25726.2880,3.4000,5.5400,0.6643,0.6643,1.3800,11.8268,11.6105,0.9757,3.8142,3.5027,176735.4347,71829.3345,71829.3345,956138.7017,388596.6996,2.7726,1.8484,2.9412
2018-09-19,5.4100,5.4700,5.3900,5.4400,60514.0000,32918.5460,3.4200,5.5700,0.8425,0.8425,1.6300,11.8924,11.6749,0.9811,3.8353,3.5221,176735.4347,71829.3345,71829.3345,961440.7648,390751.5797,2.7573,1.8382,2.9240
2018-09-20,5.4400,5.4700,5.4200,5.4400,43122.2900,23493.6450,3.4200,5.5700,0.6003,0.6003,1.0300,11.8924,11.6749,0.9811,3.8353,3.5221,176735.4347,71829.3345,71829.3345,961440.7648,390751.5797,2.7573,1.8382,2.9240
2018-09-21,5.4300,5.7500,5.4300,5.6500,194294.2200,108352.4670,3.5500,5.7900,2.7049,2.7049,4.4600,12.3515,12.1256,1.0189,3.9834,3.6581,176735.4347,71829.3345,71829.3345,998555.2061,405835.7399,2.6548,1.7699,2.8169
2018-09-25,5.5800,5.5900,5.5300,5.5500,85093.4600,47250.1500,3.4900,5.6800,1.1847,1.1847,1.1100,12.1329,11.9109,1.0009,3.9129,3.5933,176735.4347,71829.3345,71829.3345,980881.6626,398652.8065,2.7027,1.8018,2.8653
2018-09-26,5.5400,5.6300,5.5300,5.5500,85778.0200,47899.6860,3.4900,5.6800,1.1942,1.1942,1.0000,12.1329,11.9109,1.0009,3.9129,3.5933,176735.4347,71829.3345,71829.3345,980881.6626,398652.8065,2.7027,1.8018,2.8653
2018-09-27,5.5300,5.5500,5.4700,5.4700,70243.0200,38686.3930,3.4400,5.6000,0.9779,0.9779,0.7500,11.9580,11.7393,0.9865,3.8565,3.5415,176735.4347,71829.3345,71829.3345,966742.8278,392906.4597,2.7422,1.8281,2.9070
2018-09-28,5.4800,5.6000,5.4800,5.5500,80126.1300,44448.8590,3.4900,5.6800,1.1155,1.1155,0.8400,12.1329,11.9109,1.0009,3.9129,3.5933,176735.4347,71829.3345,71829.3345,980881.6626,398652.8065,2.7027,1.8018,2.8653
2018-10-08,5.4800,5.5100,5.3900,5.4000,72451.7100,39610.1790,3.4000,5.5300,1.0087,1.0087,0.7000,11.8050,11.5890,0.9738,3.8071,3.4962,176735.4347,71829.3345,71829.3345,954371.3474,387878.4063,2.7777,1.8518,2.9412
2018-10-09,5.4300,5.4900,5.4000,5.4200,40704.0000,22114.2050,3.4100,5.5500,0.5666,0.5666,0.5200,11.8490,11.6323,0.9774,3.8213,3.5092,176740.4939,71834.3937,71834.3937,957933.4769,389342.4139,2.7674,1.8450,2.9326
2018-10-10,5.4100,5.4700,5.4100,5.4400,27254.0000,14821.4530,3.4200,5.5700,0.3794,0.3794,0.3900,11.8927,11.6752,0.9811,3.8354,3.5222,176740.4939,71834.3937,71834.3937,961468.2868,390779.1017,2.7573,1.8382,2.9240
2018-10-11,5.3600,5.3600,4.9800,5.0300,126174.6500,64670.0170,3.1600,5.1500,1.7565,1.7565,2.1700,10.9964,10.7953,0.9071,3.5464,3.2567,176740.4939,71834.3937,71834.3937,889004.6843,361327.0003,2.9820,1.9880,3.1646
2018-10-12,4.9600,5.0800,4.9300,5.0600,70593.2900,35387.4600,3.1800,5.1800,0.9827,0.9827,1.0200,11.0620,10.8597,0.9125,3.5675,3.2762,176740.4939,71834.3937,71834.3937,894306.8991,363482.0321,2.9643,1.9762,3.1447
2018-10-15,5.0500,5.0900,4.9700,4.9800,36903.7700,18550.9160,3.1300,5.1000,0.5137,0.5137,0.5500,10.8871,10.6880,0.8981,3.5111,3.2244,176740.4939,71834.3937,71834.3937,880167.6596,357735.2806,3.0120,2.0080,3.1949
2018-10-16,5.0000,5.0300,4.9300,4.9500,40983.4900,20403.4560,3.1100,5.0700,0.5705,0.5705,0.6800,10.8215,10.6236,0.8927,3.4900,3.2049,176740.4939,71834.3937,71834.3937,874865.4448,355580.2488,3.0302,2.0201,3.2154
2018-10-17,4.9900,5.0100,4.9400,5.0100,44683.6900,22271.8820,3.1500,5.1300,0.6220,0.6220,0.7400,10.9527,10.7523,0.9035,3.5323,3.2438,176740.4939,71834.3937,71834.3937,885469.8744,359890.3124,2.9939,1.9960,3.1746
2018-10-18,4.9900,4.9900,4.6400,4.7500,79387.3700,38541.0110,2.9900,4.8600,1.1051,1.1051,1.2400,10.3843,10.1943,0.8566,3.3489,3.0754,176740.4939,71834.3937,71834.3937,839517.3460,341213.3701,3.1578,2.1052,3.3445
2018-10-19,4.6900,4.8600,4.6800,4.8600,65739.5900,31382.2390,3.0600,4.9800,0.9152,0.9152,1.2100,10.6248,10.4304,0.8765,3.4265,3.1467,176740.4939,71834.3937,71834.3937,858958.8004,349115.1534,3.0863,2.0576,3.2680
2018-10-22,4.8700,5.2800,4.8600,5.2000,187600.2900,96616.0820,3.2700,5.3200,2.6116,2.6116,3.5000,11.3681,11.1601,0.9378,3.6662,3.3668,176740.4939,71834.3937,71834.3937,919050.5683,373538.8472,2.8845,1.9230,3.0581
2018-10-23,5.1700,5.2000,5.0500,5.0800,103305.5300,52883.3100,3.1900,5.2000,1.4381,1.4381,1.2300,11.1057,10.9026,0.9161,3.5816,3.2891,176740.4939,71834.3937,71834.3937,897841.7090,364918.7200,2.9527,1.9684,3.1348
2018-10-24,5.0600,5.5900,5.0400,5.4000,512717.3900,280516.8570,3.4000,5.5300,7.1375,7.1375,5.3300,11.8053,11.5894,0.9738,3.8072,3.4963,176740.4939,71834.3937,71834.3937,954398.6671,387905.7260,2.7777,1.8518,2.9412
2018-10-25,5.2000,5.6400,5.1800,5.5800,479363.6900,258680.4790,3.5100,5.7100,6.6732,6.6732,2.5300,12.1988,11.9757,1.0063,3.9341,3.6128,176740.4939,71834.3937,71834.3937,986211.9560,400835.9168,2.6881,1.7921,2.8490
2018-10-26,5.5200,5.5300,5.3600,5.3800,228228.1000,123999.3320,3.3800,5.5100,3.1771,3.1771,0.8500,11.7616,11.3735,0.9534,3.7931,3.1479,176740.4939,71834.3937,71834.3937,950863.8572,386469.0381,2.7880,1.8587,2.9586
2018-10-29,5.3500,5.4400,5.2200,5.2700,142254.8100,75645.4380,3.3100,5.4000,1.9803,1.9803,0.4700,11.5211,11.1410,0.9339,3.7156,3.0835,176740.4939,71834.3937,71834.3937,931422.4029,378567.2548,2.8462,1.8975,3.0211
2018-10-30,5.2700,5.5100,5.2600,5.4400,274112.2700,148456.2980,3.4200,5.5700,3.8159,3.8159,0.9300,11.8927,11.5003,0.9640,3.8354,3.1830,176740.4939,71834.3937,71834.3937,961468.2868,390779.1017,2.7573,1.8382,2.9240
2018-10-31,5.3900,5.5000,5.3200,5.4100,193849.0300,105077.6970,3.4000,5.5400,2.6986,2.6986,0.5900,11.8272,11.4369,0.9587,3.8143,3.1654,176740.4939,71834.3937,71834.3937,956166.0720,388624.0699,2.7726,1.8484,2.9412
2018-11-01,5.4100,5.6100,5.3800,5.3900,192255.0000,105491.4750,3.3900,5.5200,2.6764,2.6764,0.7300,11.7834,11.3946,0.9552,3.8002,3.1537,176740.4939,71834.3937,71834.3937,952631.2621,387187.3820,2.7828,1.8552,2.9499
2018-11-02,5.4400,5.9300,5.4000,5.8300,647141.2400,372716.0670,3.6700,5.9700,9.0088,9.0088,3.1400,12.7453,12.3248,1.0331,4.1104,3.4112,176740.4939,71834.3937,71834.3937,1030397.0794,418794.5153,2.5728,1.7152,2.7248
2018-11-05,5.7400,5.8500,5.7000,5.7700,398442.1400,229407.3500,3.6300,5.9100,5.5467,5.5467,1.3700,12.6142,12.1980,1.0225,4.0681,3.3761,176740.4939,71834.3937,71834.3937,1019792.6498,414484.4516,2.5996,1.7330,2.7548
2018-11-06,5.7200,5.7500,5.6100,5.7200,194142.6700,110222.9990,3.6000,5.8600,2.7026,2.7026,0.5700,12.5049,12.0923,1.0136,4.0328,3.3468,176740.4939,71834.3937,71834.3937,1010955.6251,410892.7320,2.6223,1.7482,2.7778
2018-11-07,5.6900,5.7900,5.6000,5.6200,207922.1000,118299.7980,3.5300,5.7500,2.8945,2.8945,0.6400,12.2862,11.8809,0.9959,3.9623,3.2883,176740.4939,71834.3937,71834.3937,993281.5757,403709.2926,2.6690,1.7793,2.8329
2018-11-08,5.6700,5.6800,5.4800,5.6000,230678.4300,128686.7250,3.5200,5.7300,3.2113,3.2113,0.7000,12.2425,11.8386,0.9924,3.9482,3.2766,176740.4939,71834.3937,71834.3937,989746.7658,402272.6047,2.6785,1.7857,2.8409
2018-11-09,5.5500,5.5900,5.4900,5.5500,143932.8400,79735.2920,3.4900,5.6800,2.0037,2.0037,0.4300,12.1332,11.7329,0.9835,3.9130,3.2473,176740.4939,71834.3937,71834.3937,980909.7411,398680.8850,2.7026,1.8017,2.8653
2018-11-12,5.5200,5.6100,5.5000,5.5900,161874.2700,90012.4890,3.5100,5.7200,2.2534,2.2534,0.6900,12.2207,11.8175,0.9906,3.9412,3.2707,176740.4939,71834.3937,71834.3937,987979.3609,401554.2608,2.6833,1.7889,2.8490
2018-11-13,5.5300,5.7500,5.5100,5.6700,280785.5300,158144.5760,3.5600,5.8100,3.9088,3.9088,1.5000,12.3956,11.9866,1.0048,3.9976,3.3176,176740.4939,71834.3937,71834.3937,1002118.6004,407301.0123,2.6454,1.7636,2.8090
2018-11-14,5.6200,5.6700,5.5500,5.5600,185923.2100,104293.4880,3.5000,5.6900,2.5882,2.5882,0.9100,12.1551,11.7540,0.9853,3.9200,3.2532,176740.4939,71834.3937,71834.3937,982677.1461,399399.2290,2.6978,1.7985,2.8571
2018-11-15,5.5500,5.6900,5.5200,5.6800,191901.9400,107983.2100,3.5700,5.8200,2.6714,2.6714,0.9600,12.4175,12.0078,1.0065,4.0046,3.3234,176741.0009,71834.9007,71834.3937,1003888.8851,408022.2360,2.6408,1.7605,2.8011
2018-11-16,5.6700,5.8600,5.5900,5.7500,320229.1400,183791.4730,3.6200,5.8900,4.4578,4.4579,1.6600,12.5705,12.1557,1.0190,4.0540,3.3644,176741.0009,71834.9007,71834.3937,1016260.7552,413050.6790,2.6086,1.7391,2.7624
2018-11-19,5.7300,6.0000,5.7200,5.9700,461076.0200,271222.1170,3.7500,6.1100,6.4186,6.4186,2.0200,13.0514,12.6208,1.0579,4.2091,3.4931,176741.0009,71834.9007,71834.3937,1055143.7754,428854.3572,2.5125,1.6750,2.6667
2018-11-20,5.8600,5.9000,5.6100,5.6300,293310.1400,169152.5610,3.5400,5.7700,4.0831,4.0831,1.0200,12.3081,11.9020,0.9977,3.9694,3.2942,176741.0009,71834.9007,71834.3937,995051.8351,404430.4909,2.6642,1.7761,2.8249
2018-11-21,5.5700,5.7100,5.5500,5.6600,131051.6200,74096.9950,3.5600,5.8000,1.8243,1.8244,0.4500,12.3737,11.9655,1.0030,3.9905,3.3117,176741.0009,71834.9007,71834.3937,1000354.0651,406585.5380,2.6501,1.7667,2.8090
2018-11-22,5.6500,5.6700,5.5700,5.5900,98431.4500,55185.2020,3.5100,5.7200,1.3702,1.3703,0.3500,12.2207,11.8175,0.9906,3.9412,3.2708,176741.0009,71834.9007,71834.3937,987982.1950,401557.0949,2.6833,1.7889,2.8490
2018-11-23,5.5800,5.6200,5.3800,5.3800,187523.2300,102733.0830,3.3800,5.5100,2.6105,2.6105,0.7200,11.7616,11.3735,0.9534,3.7931,3.1479,176741.0009,71834.9007,71834.3937,950866.5848,386471.7658,2.7880,1.8587,2.9586
2018-11-26,5.3600,5.4900,5.3600,5.4000,83733.4600,45499.0210,3.4000,5.5300,1.1656,1.1656,0.3600,11.8053,11.4158,0.9569,3.8072,3.1596,176741.0009,71834.9007,71834.3937,954401.4049,387908.4638,2.7777,1.8518,2.9412
2018-11-27,5.4200,5.4600,5.3700,5.3900,66783.3600,36158.3270,3.3900,5.5200,0.9297,0.9297,0.4200,11.7835,11.3947,0.9552,3.8002,3.1537,176741.0009,71834.9007,71834.3937,952633.9949,387190.1148,2.7828,1.8552,2.9499
2018-11-28,5.3900,5.5000,5.3500,5.4900,103616.2200,56453.2320,3.4500,5.6200,1.4424,1.4424,0.9100,12.0021,11.6061,0.9729,3.8707,3.2122,176741.0009,71834.9007,71834.3937,970308.0949,394373.6048,2.7322,1.8214,2.8986
2018-11-29,5.4800,5.5300,5.2700,5.3100,92737.3100,50337.9090,3.3400,5.4400,1.2910,1.2910,0.8600,11.6086,11.2256,0.9410,3.7438,3.1069,176741.0009,71834.9007,71834.3937,938494.7148,381443.3227,2.8248,1.8832,2.9940
2018-11-30,5.3100,5.3600,5.2500,5.3400,67990.0000,36128.7120,3.3600,5.4700,0.9465,0.9465,0.6400,11.6742,11.2890,0.9463,3.7649,3.1245,176741.0009,71834.9007,71834.3937,943796.9448,383598.3697,2.8089,1.8726,2.9762
2018-12-03,5.4800,5.5200,5.4200,5.4700,104055.7100,57020.3650,3.4400,5.6000,1.4485,1.4485,1.2500,11.9584,11.5638,0.9693,3.8566,3.2005,176741.0009,71834.9007,71834.3937,966773.2749,392936.9068,2.7421,1.8281,2.9070
2018-12-04,5.4500,5.5000,5.4200,5.4900,91427.5900,49944.6270,3.4500,5.6200,1.2727,1.2728,1.0500,12.0021,11.6061,0.9729,3.8707,3.2122,176741.0009,71834.9007,71834.3937,970308.0949,394373.6048,2.7322,1.8214,2.8986
2018-12-05,5.4200,5.4300,5.3900,5.3900,81529.7700,44084.5520,3.3900,5.5200,1.1350,1.1350,0.8900,11.7835,11.3947,0.9552,3.8002,3.1537,176741.0009,71834.9007,71834.3937,952633.9949,387190.1148,2.7828,1.8552,2.9499
2018-12-06,5.3600,5.3900,5.2700,5.2900,85012.7000,45244.0530,3.3300,5.4200,1.1834,1.1835,0.9700,11.5648,11.1833,0.9374,3.7297,3.0952,176741.0009,71834.9007,71834.3937,934959.8948,380006.6247,2.8354,1.8903,3.0030
2018-12-07,5.3100,5.3400,5.2900,5.3200,44532.5200,23681.5030,3.3400,5.4500,0.6199,0.6199,0.5200,11.6304,11.2467,0.9428,3.7508,3.1128,176741.0009,71834.9007,71834.3937,940262.1248,382161.6717,2.8195,1.8796,2.9940
2018-12-10,5.3100,5.3100,5.2300,5.2600,37922.0000,19964.9830,3.3100,5.3900,0.5279,0.5279,0.4700,11.4993,11.1199,0.9321,3.7085,3.0777,176741.0009,71834.9007,71834.3937,929657.6647,377851.5777,2.8516,1.9011,3.0211
2018-12-11,5.2700,5.3900,5.2600,5.3400,55708.0000,29674.2260,3.3600,5.4700,0.7755,0.7755,0.8200,11.6742,11.2890,0.9463,3.7649,3.1245,176741.0009,71834.9007,71834.3937,943796.9448,383598.3697,2.8089,1.8726,2.9762
2018-12-12,5.3200,5.3900,5.3100,5.3400,54163.5300,29010.3620,3.3600,5.4700,0.7540,0.7540,0.8900,11.6742,11.2890,0.9463,3.7649,3.1245,176741.0009,71834.9007,71834.3937,943796.9448,383598.3697,2.8089,1.8726,2.9762
2018-12-13,5.3500,5.4600,5.3000,5.4100,104234.4600,56274.1860,3.4000,5.5400,1.4510,1.4510,1.8800,11.8272,11.4370,0.9587,3.8143,3.1654,176741.0009,71834.9007,71834.3937,956168.8149,388626.8128,2.7726,1.8484,2.9412
2018-12-14,5.3900,5.3900,5.2300,5.2500,80747.9700,42891.3820,3.3000,5.3800,1.1241,1.1241,1.3600,11.4774,11.0987,0.9303,3.7015,3.0718,176741.0009,71834.9007,71834.3937,927890.2547,377133.2287,2.8571,1.9047,3.0303
2018-12-17,5.2500,5.2900,5.1900,5.2500,49579.7400,26020.2080,3.3000,5.3800,0.6902,0.6902,0.7400,11.4774,11.0987,0.9303,3.7015,3.0718,176741.0009,71834.9007,71834.3937,927890.2547,377133.2287,2.8571,1.9047,3.0303
2018-12-18,5.2400,5.2700,5.1700,5.2500,66320.8800,34700.2810,3.3000,5.3800,0.9232,0.9232,0.9600,11.4774,11.0987,0.9303,3.7015,3.0718,176741.0009,71834.9007,71834.3937,927890.2547,377133.2287,2.8571,1.9047,3.0303
2018-12-19,5.2100,5.2700,5.2000,5.2200,34705.1600,18194.4150,3.2800,5.3500,0.4831,0.4831,0.4900,11.4118,11.0353,0.9250,3.6803,3.0543,176741.0009,71834.9007,71834.3937,922588.0247,374978.1817,2.8735,1.9156,3.0488
2018-12-20,5.2200,5.2300,5.1500,5.2100,68639.6100,35586.4050,3.2800,5.3400,0.9555,0.9555,1.0200,11.3900,11.0142,0.9233,3.6733,3.0484,176741.0009,71834.9007,71834.3937,920820.6147,374259.8326,2.8790,1.9193,3.0488
2018-12-21,5.1900,5.1900,5.1300,5.1500,49390.9000,25460.4130,3.2400,5.2700,0.6876,0.6876,0.8200,11.2588,10.8873,0.9126,3.6310,3.0133,176741.0009,71834.9007,71834.3937,910216.1546,369949.7386,2.9125,1.9417,3.0864
2018-12-24,5.1400,5.2100,5.1300,5.2000,34024.4600,17622.2050,3.2700,5.3200,0.4736,0.4736,0.6300,11.3681,10.9930,0.9610,3.6662,3.0426,176741.0009,71834.9007,71834.9007,919053.2047,373541.4836,2.8845,1.9230,3.0581
2018-12-25,5.1500,5.1700,4.9900,5.1000,85078.7400,43129.9430,3.2100,5.2200,1.1844,1.1844,1.6800,11.1495,10.7816,0.9038,3.5957,2.9841,176741.0009,71834.9007,71834.3937,901379.1046,366357.9936,2.9411,1.9607,3.1153
2018-12-26,5.1000,5.1100,5.0500,5.0600,31723.6200,16099.0310,3.1800,5.1800,0.4416,0.4416,0.5800,11.0620,10.6970,0.9352,3.5675,2.9606,176741.0009,71834.9007,71834.3937,894309.4646,363484.5975,2.9643,1.9762,3.1447
2018-12-27,5.1300,5.1700,5.0300,5.0300,40128.4400,20475.7800,3.1600,5.1500,0.5586,0.5586,0.7500,10.9964,10.6336,0.9296,3.5464,2.9431,176741.0009,71834.9007,71834.3937,889007.2345,361329.5505,2.9820,1.9880,3.1646
2018-12-28,5.0400,5.1400,5.0300,5.0800,37895.7100,19286.8110,3.1900,5.2000,0.5275,0.5275,0.7900,11.1057,10.7393,0.9388,3.5816,2.9724,176741.0009,71834.9007,71834.3937,897844.2846,364921.2956,2.9527,1.9684,3.1348
2019-01-02,5.1000,5.1000,5.0300,5.0600,32517.6800,16434.4320,3.1800,5.1800,0.4527,0.4527,0.7100,11.0620,10.6970,0.9352,3.5675,2.9606,176741.0009,71834.9007,71834.3937,894309.4646,363484.5975,1.9762,1.9762,1.3103
2019-01-03,5.0600,5.2100,5.0600,5.1400,73682.2800,37904.8630,3.2300,5.2600,1.0257,1.0257,1.6200,11.2370,10.8663,0.9499,3.6240,3.0075,176742.7258,71836.6256,71836.6256,908457.6106,369240.2556,1.9455,1.9455,1.2900
2019-01-04,5.1000,5.4900,5.0900,5.3700,195643.1700,103778.3160,3.3800,5.5000,2.7234,2.7234,4.5300,11.7399,11.3525,0.9924,3.7861,3.1421,176742.7258,71836.6256,71836.6256,949108.4375,385762.6795,1.8621,1.8621,1.2327
2019-01-07,5.4000,5.4200,5.2800,5.3700,140591.6200,75035.7740,3.3800,5.5000,1.9571,1.9571,1.8500,11.7399,11.3525,0.9924,3.7861,3.1421,176742.7258,71836.6256,71836.6256,949108.4375,385762.6795,1.8621,1.8621,1.2327
2019-01-08,5.3500,5.3700,5.2900,5.3200,71259.7600,37949.0170,3.3400,5.4500,0.9920,0.9920,0.7400,11.6305,11.2468,0.9832,3.7509,3.1128,176742.7258,71836.6256,71836.6256,940271.3013,382170.8482,1.8796,1.8796,1.2475
2019-01-09,5.3300,5.4200,5.3100,5.3300,105550.5600,56655.1870,3.3500,5.4600,1.4693,1.4693,1.0300,11.6524,11.2679,0.9851,3.7579,3.1187,176742.7258,71836.6256,71836.6256,942038.7285,382889.2144,1.8761,1.8761,1.2438
2019-01-10,5.3000,5.3300,5.2500,5.2800,60351.7800,31889.6300,3.3200,5.4100,0.8401,0.8401,0.5100,11.5431,11.1622,0.9758,3.7227,3.0894,176742.7258,71836.6256,71836.6256,933201.5922,379297.3832,1.8939,1.8939,1.2550
2019-01-11,5.2700,5.3200,5.2700,5.2900,46897.3400,24827.4150,3.3300,5.4200,0.6528,0.6528,0.4100,11.5650,11.1834,0.9777,3.7297,3.0953,176742.7258,71836.6256,71836.6256,934969.0195,380015.7494,1.8903,1.8903,1.2513
2019-01-14,5.2900,5.3200,5.2500,5.2500,46038.8600,24288.4020,3.3000,5.3800,0.6409,0.6409,0.5400,11.4775,11.0988,0.9703,3.7015,3.0718,176742.7258,71836.6256,71836.6256,927899.3105,377142.2844,1.9047,1.9047,1.2626
2019-01-15,5.2500,5.3800,5.2400,5.3300,76255.2900,40446.6540,3.3500,5.4600,1.0615,1.0615,1.1600,11.6524,11.2679,0.9851,3.7579,3.1187,176742.7258,71836.6256,71836.6256,942038.7285,382889.2144,1.8761,1.8761,1.2438
2019-01-16,5.3100,5.3300,5.2600,5.2700,47428.0800,25090.4200,3.3100,5.4000,0.6602,0.6602,0.7100,11.5212,11.1411,0.9740,3.7156,3.0836,176742.7258,71836.6256,71836.6256,931434.1650,378579.0169,1.8975,1.8975,1.2588
2019-01-17,5.2900,5.3400,5.2400,5.2600,54829.7100,28974.1710,3.3100,5.3900,0.7633,0.7633,0.9900,11.4994,11.1200,0.9721,3.7086,3.0777,176742.7258,71836.6256,71836.6256,929666.7377,377860.6507,1.9011,1.9011,1.2588
2019-01-18,5.2800,5.3300,5.2600,5.3000,65801.2500,34848.0080,3.3300,5.4300,0.9160,0.9160,1.2100,11.5868,11.2045,0.9795,3.7368,3.1011,176742.7258,71836.6256,71836.6256,936736.4467,380734.1157,1.8867,1.8867,1.2513
2019-01-21,5.3000,5.3100,5.2600,5.2700,44211.6900,23366.0960,3.3100,5.4000,0.6154,0.6154,0.7600,11.5212,11.1411,0.9740,3.7156,3.0836,176742.7258,71836.6256,71836.6256,931434.1650,378579.0169,1.8975,1.8975,1.2588
2019-01-22,5.2700,5.2900,5.1900,5.1900,50037.0000,26181.1340,3.2600,5.3100,0.6965,0.6965,0.8700,11.3463,10.9720,0.9592,3.6592,3.0367,176742.7258,71836.6256,71836.6256,917294.7469,372832.0869,1.9267,1.9267,1.2781
2019-01-23,5.1800,5.2200,5.1700,5.1900,26975.0000,14005.1750,3.2600,5.3100,0.3755,0.3755,0.5100,11.3463,10.9720,0.9592,3.6592,3.0367,176742.7258,71836.6256,71836.6256,917294.7469,372832.0869,1.9267,1.9267,1.2781
2019-01-24,5.1900,5.2400,5.1800,5.2200,37417.0000,19526.0650,3.2800,5.3500,0.5209,0.5209,0.7700,11.4119,11.0354,0.9647,3.6804,3.0543,176742.7258,71836.6256,71836.6256,922597.0287,374987.1856,1.9156,1.9156,1.2703
2019-01-25,5.2400,5.3100,5.2300,5.2300,65938.0000,34766.1580,3.2900,5.3600,0.9179,0.9179,1.4700,11.4338,10.7860,0.9666,3.6874,2.9013,176742.7258,71836.6256,71836.6256,924364.4559,375705.5519,1.9120,1.9120,1.2665
2019-01-28,5.2600,5.3000,5.2200,5.2300,47873.6800,25186.5800,3.2900,5.3600,0.6664,0.6664,1.0700,11.4338,10.7860,0.9666,3.6874,2.9013,176742.7258,71836.6256,71836.6256,924364.4559,375705.5519,1.9120,1.9120,1.2665
2019-01-29,5.2100,5.2400,5.0800,5.1800,58809.2100,30347.1140,3.2600,5.3000,0.8187,0.8187,1.2900,11.3245,10.6829,0.9573,3.6522,2.8736,176742.7258,71836.6256,71836.6256,915527.3196,372113.7206,1.9304,1.9304,1.2781
2019-01-30,5.1800,5.2500,5.1500,5.1700,46015.8900,23916.9470,3.2500,5.2900,0.6406,0.6406,0.9700,11.3026,10.6623,0.9555,3.6451,2.8680,176742.7258,71836.6256,71836.6256,913759.8924,371395.3544,1.9342,1.9342,1.2821
2019-01-31,5.1700,5.3100,5.1400,5.2100,81094.7600,42362.8810,3.2800,5.3400,1.1289,1.1289,1.5800,11.3901,10.7448,0.9629,3.6733,2.8902,176742.7258,71836.6256,71836.6256,920829.6014,374268.8194,1.9193,1.9193,1.2703
2019-02-01,5.2100,5.2900,5.1700,5.2900,68088.4100,35641.1400,3.3300,5.4200,0.9478,0.9478,1.1400,11.5650,10.9098,0.9777,3.7297,2.9346,176742.7258,71836.6256,71836.6256,934969.0195,380015.7494,1.8903,1.8903,1.2513
2019-02-11,5.2700,5.3500,5.2600,5.3400,77774.6800,41220.2630,3.3600,5.4700,1.0827,1.0827,1.2900,11.6743,11.0129,0.9869,3.7650,2.9624,176742.7258,71836.6256,71836.6256,943806.1558,383607.5807,1.8726,1.8726,1.2401
2019-02-12,5.3500,5.4100,5.3000,5.3600,117345.8000,62870.0070,3.3700,5.4900,1.6335,1.6335,1.7700,11.7180,11.0542,0.9906,3.7791,2.9734,176742.7258,71836.6256,71836.6256,947341.0103,385044.3132,1.8656,1.8656,1.2364
2019-02-13,5.3500,5.5000,5.3200,5.4500,195802.3200,106263.5920,3.4300,5.5800,2.7257,2.7257,2.5100,11.9147,11.2398,1.0072,3.8425,3.0234,176742.7258,71836.6256,71836.6256,963247.8556,391509.6095,1.8348,1.8348,1.2148
2019-02-14,5.4300,5.4600,5.3800,5.4300,114602.3100,62028.8010,3.4100,5.5600,1.5953,1.5953,1.0600,11.8710,11.1985,1.0035,3.8284,3.0123,176742.7258,71836.6256,71836.6256,959713.0011,390072.8770,1.8416,1.8416,1.2219
2019-02-15,5.4200,5.4500,5.3600,5.3700,99719.2300,53855.2180,3.3800,5.5000,1.3881,1.3881,0.8700,11.7399,11.0748,0.9924,3.7861,2.9790,176742.7258,71836.6256,71836.6256,949108.4375,385762.6795,1.8621,1.8621,1.2327
2019-02-18,5.3800,5.6400,5.3800,5.5300,215019.0400,118226.1990,3.4800,5.6600,2.9932,2.9932,1.7800,12.0896,11.4048,1.0220,3.8989,3.0678,176742.7258,71836.6256,71836.6256,977387.2737,397256.5396,1.8083,1.8083,1.1973
2019-02-19,5.5200,5.7200,5.5000,5.5700,287324.9600,160740.1970,3.5000,5.7000,3.9997,3.9997,1.9300,12.1771,11.4872,1.0294,3.9271,3.0899,176742.7258,71836.6256,71836.6256,984456.9827,400130.0046,1.7953,1.7953,1.1905
2019-02-20,5.5400,5.5600,5.4700,5.5300,136822.9900,75491.0620,3.4800,5.6600,1.9046,1.9046,0.7500,12.0896,11.4048,1.0220,3.8989,3.0678,176742.7258,71836.6256,71836.6256,977387.2737,397256.5396,1.8083,1.8083,1.1973
2019-02-21,5.5300,5.6600,5.4700,5.4900,205779.4300,114282.9660,3.4500,5.6200,2.8645,2.8645,1.2100,12.0022,11.3223,1.0146,3.8707,3.0456,176742.7258,71836.6256,71836.6256,970317.5646,394383.0745,1.8214,1.8214,1.2077
2019-02-22,5.4700,5.8500,5.4600,5.7400,387524.4800,218980.3850,3.6100,5.8800,5.3945,5.3945,2.0500,12.5487,11.8378,1.0608,4.0470,3.1843,176742.7258,71836.6256,71836.6256,1014503.2461,412342.2309,1.7421,1.7421,1.1542
2019-02-25,5.8600,6.3100,5.7600,6.3100,714798.6300,433441.8140,3.9700,6.4600,9.9503,9.9503,2.9000,13.7949,13.0134,1.1662,4.4489,3.5005,176742.7258,71836.6256,71836.6256,1115246.5998,453289.1075,1.5847,1.5847,1.0495
2019-02-26,6.5000,6.5600,6.1400,6.1700,690413.6200,437595.3640,3.8800,6.3200,9.6109,9.6109,1.9900,13.4888,12.7247,1.1403,4.3502,3.4228,176742.7258,71836.6256,71836.6256,1090502.6182,443231.9800,1.6207,1.6207,1.0739
2019-02-27,6.1000,6.7900,6.0800,6.5500,800145.3900,517825.7160,4.1200,6.7100,11.1384,11.1384,1.8700,14.3196,13.5083,1.2105,4.6181,3.6336,176742.7258,71836.6256,71836.6256,1157664.8540,470529.8977,1.5267,1.5267,1.0113
2019-02-28,6.5000,6.6000,6.3100,6.3700,387407.5200,249293.4650,4.0000,6.5200,5.3929,5.3929,0.6900,13.9260,13.1371,1.1773,4.4912,3.5337,176742.7258,71836.6256,71836.6256,1125851.1633,457599.3051,1.5698,1.5698,1.0417
2019-03-01,6.3700,6.5500,6.2200,6.5300,415337.5700,265571.6020,4.1100,6.6900,5.7817,5.7817,0.7000,14.2758,13.4671,1.2068,4.6040,3.6225,176742.7258,71836.6256,71836.6256,1154129.9995,469093.1652,1.5313,1.5313,1.0138
2019-03-04,6.5600,7.0200,6.4500,6.6400,777604.7800,519063.2330,4.1700,6.8000,10.8246,10.8246,1.2900,14.5163,13.6940,1.2272,4.6815,3.6835,176742.7258,71836.6256,71836.6256,1173571.6993,476995.1940,1.5060,1.5060,0.9992
2019-03-05,6.5000,6.6200,6.4200,6.6100,370271.7700,241699.2140,4.1600,6.7700,5.1544,5.1544,0.6000,14.4507,13.6321,1.2216,4.6604,3.6669,176742.7258,71836.6256,71836.6256,1168269.4175,474840.0952,1.5128,1.5128,1.0016
2019-03-06,6.6000,6.7700,6.5100,6.7000,512217.4700,341270.0580,4.2100,6.8600,7.1303,7.1303,0.9300,14.6475,13.8177,1.2382,4.7238,3.7168,176742.7258,71836.6256,71836.6256,1184176.2629,481305.3915,1.4925,1.4925,0.9897
2019-03-07,6.6700,7.0800,6.6300,6.9100,700932.8400,483398.5680,4.3400,7.0800,9.7573,9.7573,1.4200,15.1066,14.2508,1.2771,4.8719,3.8333,176742.7258,71836.6256,71836.6256,1221292.2353,496391.0829,1.4471,1.4471,0.9601
2019-03-08,6.7000,6.7000,6.2400,6.2900,567946.0500,371013.0060,3.9500,6.4400,7.9061,7.9061,1.0200,13.7512,12.9721,1.1625,4.4348,3.4894,176742.7258,71836.6256,71836.6256,1111711.7453,451852.3750,1.5898,1.5898,1.0549
2019-03-11,6.2800,6.4400,6.2400,6.4400,247811.6600,157302.5690,4.0500,6.5900,3.4497,3.4497,0.4200,14.0791,13.2815,1.1902,4.5405,3.5726,176742.7258,71836.6256,71836.6256,1138223.1542,462627.8689,1.5527,1.5527,1.0288
2019-03-12,6.4900,6.6000,6.4000,6.4900,301917.9200,196117.9150,4.0800,6.6500,4.2028,4.2028,0.6300,14.1884,13.3846,1.1994,4.5758,3.6003,176742.7258,71836.6256,71836.6256,1147060.2904,466219.7001,1.5408,1.5408,1.0212
2019-03-13,6.4800,6.5000,6.3400,6.3900,228876.2300,146741.6560,4.0200,6.5400,3.1861,3.1861,0.4900,13.9698,13.1784,1.1810,4.5053,3.5448,176742.7258,71836.6256,71836.6256,1129386.0179,459036.0376,1.5649,1.5649,1.0365
2019-03-14,6.3800,6.5000,6.2400,6.3100,254108.3700,161662.8000,3.9700,6.4600,3.5373,3.5373,0.6200,13.7949,13.0134,1.1662,4.4489,3.5005,176742.7258,71836.6256,71836.6256,1115246.5998,453289.1075,1.5847,1.5847,1.0495
2019-03-15,6.4300,6.4700,6.3500,6.3800,239553.2100,153526.3440,4.0100,6.5300,3.3347,3.3372,0.7500,13.1524,13.1524,1.1156,3.5394,3.5394,176742.7258,71836.6256,71782.6256,1127618.5906,458317.6713,1.5309,1.5309,1.0391
2019-03-18,6.4500,6.5800,6.3600,6.5500,303435.8500,197013.6730,4.1200,6.7100,3.9902,3.9930,1.1900,13.8244,13.8244,1.1296,3.7202,3.7202,180951.5722,76045.4720,75991.4720,1185232.7979,498097.8416,1.4911,1.4911,1.0113
2019-03-19,6.5400,6.6300,6.5000,6.5800,242444.2800,159103.6590,4.1400,6.7400,3.1881,3.1904,0.9100,13.8877,13.8877,1.1347,3.7373,3.7373,180951.5722,76045.4720,75991.4720,1190661.3451,500379.2058,1.4843,1.4843,1.0064
2019-03-20,6.5300,6.6000,6.4600,6.5900,240672.6200,157267.9880,4.1400,6.7500,3.1649,3.1671,0.9500,13.9088,13.9088,1.1365,3.7430,3.7430,180951.5722,76045.4720,75991.4720,1192470.8608,501139.6605,1.4821,1.4821,1.0064
2019-03-21,6.5900,6.6200,6.5100,6.5500,272287.5800,178954.0040,4.1200,6.7100,3.5806,3.5831,1.0600,13.8244,13.8244,1.1296,3.7202,3.7202,180951.5722,76045.4720,75991.4720,1185232.7979,498097.8416,1.4911,1.4911,1.0113
2019-03-22,6.5500,6.5500,6.3500,6.4500,224098.5800,144539.1000,4.0600,6.6000,2.9469,2.9490,0.8600,13.6133,13.6133,1.1123,3.6634,3.6634,180951.5722,76045.4720,75991.4720,1167137.6407,490493.2944,1.5143,1.5143,1.0263
2019-03-25,6.3500,6.3900,6.2200,6.2400,241829.8600,152548.5800,3.9200,6.3900,3.1801,3.1823,0.9400,13.1701,13.1701,1.0761,3.5442,3.5442,180951.5722,76045.4720,75991.4720,1129137.8105,474523.7453,1.5652,1.5652,1.0629
2019-03-26,6.2400,6.3000,6.0800,6.1000,181675.7000,112336.8220,3.8400,6.2500,2.3890,2.3907,0.7400,12.8746,12.8746,1.0520,3.4646,3.4646,180951.5722,76045.4720,75991.4720,1103804.5904,463877.3792,1.6011,1.6011,1.0851
2019-03-27,6.1500,6.1800,6.0900,6.1400,105369.8900,64621.7990,3.8600,6.2900,1.3856,1.3866,0.4500,12.9590,12.9590,1.0589,3.4874,3.4874,180951.5722,76045.4720,75991.4720,1111042.6533,466919.1981,1.5907,1.5907,1.0794
2019-03-28,6.1300,6.1600,6.0700,6.0900,103107.1200,63068.4530,3.8300,6.2400,1.3559,1.3568,0.5000,12.8535,12.8535,1.0502,3.4590,3.4590,180951.5722,76045.4720,75991.4720,1101995.0747,463116.9245,1.6038,1.6038,1.0879
2019-03-29,6.1100,6.3700,6.0900,6.3400,259772.9600,162652.7890,3.9900,6.4900,3.4160,3.4184,1.5200,13.3811,13.3811,1.0933,3.6010,3.6010,180951.5722,76045.4720,75991.4720,1147232.9677,482128.2925,1.5405,1.5405,1.0443
2019-04-01,6.3300,6.4900,6.3200,6.4600,267763.5500,172275.0850,4.0600,6.6200,3.5211,3.5236,1.5000,13.6344,13.6344,1.1140,3.6691,3.6691,180951.5722,76045.4720,75991.4720,1168947.1564,491253.7491,1.5119,1.5119,1.0263
2019-04-02,6.4900,6.5400,6.4100,6.4300,209461.7500,135323.7700,4.0400,6.5800,2.7544,2.7564,1.1400,13.5711,13.5711,1.1089,3.6521,3.6521,180951.9669,76045.8667,75991.8667,1163521.1472,488974.9229,1.5190,1.5190,1.0314
2019-04-03,6.3600,6.5300,6.3300,6.5100,229678.3600,147796.6190,4.0900,6.6700,3.0203,3.0224,1.2100,13.7400,13.7400,1.1227,3.6975,3.6975,180951.9669,76045.8667,75991.8667,1177997.3045,495058.5922,1.5003,1.5003,1.0187
2019-04-04,6.5400,6.7500,6.5400,6.6200,384510.0600,254985.6820,4.1600,6.7800,5.0563,5.0599,1.8000,13.9721,13.9721,1.1416,3.7600,3.7600,180951.9669,76045.8667,75991.8667,1197902.0209,503423.6376,1.4754,1.4754,1.0016
2019-04-08,6.6200,6.7600,6.5000,6.5400,466237.3900,309956.2710,4.1100,6.7000,6.1310,6.1354,1.7300,13.8033,13.8033,1.1278,3.7146,3.7146,180951.9669,76045.8667,75991.8667,1183425.8635,497339.9682,1.4934,1.4934,1.0138
2019-04-09,6.5500,6.6100,6.5000,6.5400,180929.1800,118517.2340,4.1100,6.7000,2.3792,2.3809,0.5800,13.8033,13.8033,1.1278,3.7146,3.7146,180951.9669,76045.8667,75991.8667,1183425.8635,497339.9682,1.4934,1.4934,1.0138
2019-04-10,6.4400,6.5300,6.3700,6.4500,202512.9200,130298.3720,4.0600,6.6000,2.6630,2.6649,0.6900,13.6133,13.6133,1.1123,3.6634,3.6634,180951.9669,76045.8667,75991.8667,1167140.1865,490495.8402,1.5143,1.5143,1.0263
2019-04-11,6.5400,6.5500,6.4500,6.4800,189179.1700,122900.4880,4.0700,6.6400,2.4877,2.4894,0.6500,13.6767,13.6767,1.1175,3.6805,3.6805,180952.9465,76046.8463,75992.8463,1172575.0933,492783.5640,1.5072,1.5072,1.0238
2019-04-12,6.4600,6.4800,6.3600,6.3800,139904.9100,89547.3630,4.0100,6.5300,1.8397,1.8410,0.4900,13.4657,13.4657,1.1002,3.6237,3.6237,180952.9465,76046.8463,75992.8463,1154479.7987,485178.8794,1.5309,1.5309,1.0391
2019-04-15,6.4800,6.5600,6.3900,6.3900,297378.2900,192353.2360,4.0200,6.5400,3.9105,3.9132,1.2600,13.4868,13.4868,1.1020,3.6294,3.6294,180952.9465,76046.8463,75992.8463,1156289.3281,485939.3479,1.5285,1.5285,1.0365
2019-04-16,6.3400,6.6000,6.2600,6.5900,379328.8400,245984.6110,4.1400,6.7500,4.9881,4.9916,1.8800,13.9089,13.9089,1.1365,3.7430,3.7430,180952.9465,76046.8463,75992.8463,1192479.9174,501148.7171,1.4821,1.4821,1.0064
2019-04-17,5.4600,5.5100,5.4100,5.4500,344250.8600,188045.7540,4.1500,6.7500,3.7724,3.7750,1.4200,13.8034,13.8034,1.1376,3.7146,3.7146,217143.5358,91256.2156,91191.4156,1183432.2701,497346.3750,1.4932,2.2577,1.0040
2019-04-18,5.4900,5.5400,5.4100,5.4500,231718.5600,126901.1940,4.1500,6.7500,2.5382,2.5400,0.8600,13.8057,13.8057,1.1376,3.7152,3.7152,217180.2418,91292.9216,91228.1216,1183632.3178,497546.4227,1.4932,2.2577,1.0040
2019-04-19,5.4200,5.4800,5.3800,5.4600,186174.6800,101078.5040,4.1500,6.7600,2.0393,2.0408,0.6700,13.8310,13.8310,1.1397,3.7220,3.7220,217180.2418,91292.9216,91228.1216,1185804.1202,498459.3519,1.4904,2.2536,1.0040
2019-04-22,5.4500,5.4700,5.3000,5.3300,190593.9600,102438.8650,4.0500,6.6000,2.0877,2.0892,0.6600,13.5017,13.5017,1.1126,3.6334,3.6334,217180.2418,91292.9216,91228.1216,1157570.6888,486591.2721,1.5268,2.3085,1.0288
2019-04-23,5.3000,5.3600,5.2500,5.2900,131724.5000,69864.9720,4.0200,6.5500,1.4429,1.4439,0.4900,13.4004,13.4004,1.1042,3.6061,3.6061,217180.2418,91292.9216,91228.1216,1148883.4791,482939.5553,1.5383,2.3260,1.0365
2019-04-24,5.2900,5.3200,5.2300,5.3100,120878.1500,63738.1690,4.0400,6.5800,1.3241,1.3250,0.5600,13.4510,13.4510,1.1084,3.6198,3.6198,217180.2418,91292.9216,91228.1216,1153227.0840,484765.4137,1.5325,2.3172,1.0314
2019-04-25,5.2600,5.3700,5.1300,5.1400,189379.4300,99572.7660,3.9100,6.3700,2.0744,2.0759,1.1000,13.0204,13.0204,1.0729,3.5039,3.5039,217180.2418,91292.9216,91228.1216,1116306.4429,469245.6170,1.5832,2.3939,1.0656
2019-04-26,5.1300,5.1700,5.1000,5.1100,120107.5500,61639.3970,3.8900,6.3300,1.3156,1.3166,0.7300,12.9444,12.7827,1.0667,3.4834,3.2236,217180.2418,91292.9216,91228.1216,1109791.0356,466506.8294,1.5925,2.4079,1.0711
2019-04-29,5.1200,5.1500,5.0100,5.0500,153495.5400,78134.3630,3.8400,6.2600,1.6849,1.6825,1.0200,12.7924,12.6327,1.0412,3.4425,3.1858,217180.2841,91103.0145,,1096760.4347,460070.2232,1.6114,2.4365,1.0851
2019-04-30,5.0500,5.1000,5.0100,5.0800,109803.9100,55609.8660,3.8600,6.2900,1.2053,1.2036,0.7700,12.8684,12.7077,1.0474,3.4630,3.2047,217180.2841,91103.0145,,1103275.8432,462803.3137,1.6019,2.4221,1.0794
2019-05-06,5.0000,5.1300,4.8900,4.9700,215565.7300,107670.0030,3.7800,6.1600,2.3662,2.3679,1.5500,12.5898,12.4325,1.0247,3.3880,3.1353,217180.2841,91103.0145,91038.2145,1079386.0120,452781.9821,1.6374,2.4757,1.1023
2019-05-07,5.0200,5.0300,4.9200,5.0200,140357.9200,69860.8920,3.8200,6.2200,1.5407,1.5417,0.8900,12.7164,12.5576,1.0350,3.4221,3.1668,217180.2841,91103.0145,91038.2145,1090245.0262,457337.1328,1.6211,2.4511,1.0908
2019-05-08,4.9500,5.0000,4.8800,4.9500,102818.8500,50874.9780,3.7700,6.1300,1.1286,1.1294,0.7000,12.5391,12.3825,1.0206,3.3744,3.1227,217180.2841,91103.0145,91038.2145,1075042.4063,450959.9218,1.6440,2.4857,1.1052
2019-05-09,4.9000,5.1000,4.9000,5.0000,157395.6300,78453.7330,3.8000,6.2000,1.7277,1.7289,1.0900,12.6658,12.5076,1.0309,3.4085,3.1542,217180.2841,91103.0145,91038.2145,1085901.4205,455515.0725,1.6275,2.4609,1.0965
2019-05-10,5.0200,5.0900,4.9500,5.0800,193132.2900,97376.1780,3.8600,6.2900,2.1199,2.1214,1.3300,12.8684,12.7077,1.0474,3.4630,3.2047,217180.2841,91103.0145,91038.2145,1103275.8432,462803.3137,1.6019,2.4221,1.0794
2019-05-13,5.0400,5.0400,4.9600,4.9700,113754.8900,56851.1650,3.7800,6.1600,1.2460,1.2468,0.7000,12.5898,12.4325,1.0257,3.3880,3.1353,217180.2841,91292.9639,91238.9639,1079386.0120,453726.0306,1.6374,2.4757,1.1023
2019-05-14,4.9200,5.0100,4.9000,4.9800,83420.0000,41423.6380,3.7900,6.1700,0.9138,0.9143,0.5900,12.6151,12.4575,1.0278,3.3948,3.1416,217180.2841,91292.9639,91238.9639,1081557.8148,454638.9602,1.6341,2.4708,1.0994
2019-05-15,4.9900,5.0400,4.9900,5.0300,94249.0200,47240.4910,3.8300,6.2300,1.0324,1.0330,0.7200,12.7418,12.5826,1.0381,3.4289,3.1732,217180.2841,91292.9639,91238.9639,1092416.8290,459203.6084,1.6178,2.4462,1.0879
2019-05-16,5.0100,5.0300,4.9900,5.0100,79904.5300,40030.7270,3.8100,6.2100,0.8753,0.8758,0.6200,12.6911,12.5326,1.0340,3.4153,3.1605,217180.2841,91292.9639,91238.9639,1088073.2233,457377.7491,1.6243,2.4560,1.0936
2019-05-17,5.0200,5.0200,4.8400,4.8500,112647.0000,55442.9890,3.6900,6.0100,1.2339,1.2346,1.0000,12.2858,12.1323,1.0010,3.3062,3.0596,217180.2841,91292.9639,91238.9639,1053324.3779,442770.8749,1.6779,2.5370,1.1292
2019-05-20,4.7200,4.7800,4.7000,4.7400,117313.1500,55548.0950,3.6100,5.8700,1.2850,1.2858,1.2100,12.0072,11.8572,0.9783,3.2312,2.9902,217180.2841,91292.9639,91238.9639,1029434.5466,432728.6489,1.7168,2.5959,1.1542
2019-05-21,4.7200,4.7900,4.7200,4.7600,79158.7600,37654.0780,3.6200,5.9000,0.8671,0.8676,0.8100,12.0578,11.9072,0.9824,3.2448,3.0028,217180.2841,91292.9639,91238.9639,1033778.1523,434554.5082,1.7096,2.5850,1.1510
2019-05-22,4.7600,4.7600,4.6800,4.6800,71145.6600,33549.5180,3.5600,5.8000,0.7793,0.7798,0.7400,11.8552,11.7071,0.9659,3.1903,2.9524,217180.2841,91292.9639,91238.9639,1016403.7296,427251.0711,1.7388,0.8903,1.1704
2019-05-23,4.6700,4.6900,4.5900,4.6000,73618.0000,34077.8420,3.5000,5.7000,0.8064,0.8069,0.8000,11.6525,11.5070,0.9494,3.1358,2.9019,217180.2841,91292.9639,91238.9639,999029.3069,419947.6339,1.7691,0.9058,1.1905
2019-05-24,4.5900,4.7300,4.5800,4.6800,93820.4100,43811.9000,3.5600,5.8000,1.0277,1.0283,1.0300,11.8552,11.7071,0.9659,3.1903,2.9524,217180.2841,91292.9639,91238.9639,1016403.7296,427251.0711,1.7388,0.8903,1.1704
2019-05-27,4.6700,4.7300,4.6200,4.7300,76057.7200,35666.7970,3.6000,5.8600,0.8331,0.8336,0.8700,11.9818,11.8322,0.9762,3.2244,2.9839,217180.2841,91292.9639,91238.9639,1027262.7438,431815.7192,1.7204,0.8809,1.1574
2019-05-28,4.7400,4.7500,4.6900,4.7100,58555.3200,27649.1850,3.5800,5.8400,0.6414,0.6418,0.7400,11.9312,11.7821,0.9721,3.2108,2.9713,217180.2841,91292.9639,91238.9639,1022919.1381,429989.8600,1.7278,0.8846,1.1639
2019-05-29,4.7200,4.7300,4.6700,4.7000,60623.3200,28466.4550,3.5800,5.8200,0.6641,0.6644,0.8100,11.9058,11.7571,0.9700,3.2039,2.9650,217180.2841,91292.9639,91238.9639,1020747.3353,429076.9303,1.7314,0.8865,1.1639
2019-05-30,4.6800,4.6900,4.6100,4.6500,58950.9800,27386.9340,3.5400,5.7600,0.6457,0.6461,0.8100,11.7792,11.6320,0.9597,3.1699,2.9334,217180.2841,91292.9639,91238.9639,1009888.3211,424512.2821,1.7500,0.8961,1.1770
2019-05-31,4.6500,4.7000,4.6300,4.6500,49061.9900,22897.1250,3.5400,5.7600,0.5374,0.5377,0.7000,11.7792,11.6320,0.9597,3.1699,2.9334,217180.2841,91292.9639,91238.9639,1009888.3211,424512.2821,1.7500,0.8961,1.1770
2019-06-03,4.6600,4.6700,4.6000,4.6000,64062.6900,29639.1830,3.5000,5.7000,0.7017,0.7021,1.0600,11.6525,11.5070,0.9494,3.1358,2.9019,217180.2841,91292.9639,91238.9639,999029.3069,419947.6339,1.7691,0.9058,1.1905
2019-06-04,4.6000,4.6400,4.5800,4.6100,61708.2500,28448.4450,3.5100,5.7100,0.6759,0.6763,1.0600,11.6778,11.5320,0.9514,3.1426,2.9082,217180.2841,91292.9639,91238.9639,1001201.1097,420860.5636,1.7652,0.9038,1.1871
2019-06-05,4.6300,4.6500,4.6000,4.6200,58206.0300,26913.2150,3.5100,5.7200,0.6376,0.6380,0.9900,11.7032,11.5570,0.9535,3.1494,2.9145,217180.2841,91292.9639,91238.9639,1003372.9125,421773.4932,1.7614,0.9019,1.1871
2019-06-06,4.6100,4.6300,4.5500,4.5600,56792.5000,26024.0910,3.4700,5.6500,0.6221,0.6225,0.9700,11.5512,11.4069,0.9411,3.1085,2.8767,217180.2841,91292.9639,91238.9639,990342.0955,416295.9154,1.7846,0.9137,1.2008
2019-06-10,4.5600,4.6100,4.5500,4.6000,53958.5400,24724.3050,3.5000,5.7000,0.5910,0.5914,0.9300,11.6525,11.5070,0.9494,3.1358,2.9019,217180.2841,91292.9639,91238.9639,999029.3069,419947.6339,1.7691,0.9058,1.1905
2019-06-11,4.5900,4.7400,4.5800,4.7300,114942.2500,53743.5880,3.6000,5.8600,1.2590,1.2598,1.9500,11.9818,11.8322,0.9762,3.2244,2.9839,217180.2841,91292.9639,91238.9639,1027262.7438,431815.7192,1.7204,0.8809,1.1574
2019-06-12,4.7000,4.7100,4.6500,4.6700,77634.0500,36304.9050,3.5500,5.7900,0.8504,0.8509,1.1200,11.8298,11.6821,0.9638,3.1835,2.9461,217180.2841,91292.9639,91238.9639,1014231.9267,426338.1414,1.7426,0.8922,1.1737
2019-06-13,4.6400,4.7000,4.6400,4.6700,48559.5200,22673.2430,3.5500,5.7900,0.5319,0.5322,0.6700,11.8298,11.6821,0.9638,3.1835,2.9461,217180.2841,91292.9639,91238.9639,1014231.9267,426338.1414,1.7426,0.8922,1.1737
2019-06-14,4.6800,4.7000,4.6000,4.6200,57651.4000,26747.5170,3.5100,5.7200,0.6315,0.6319,0.8200,11.7032,11.5570,0.9535,3.1494,2.9145,217180.2841,91292.9639,91238.9639,1003372.9125,421773.4932,1.7614,0.9019,1.1871
2019-06-17,4.6700,4.7300,4.6600,4.7000,76452.9300,35932.5550,3.5800,5.8200,0.8374,0.8379,1.0800,11.9058,11.7571,0.9700,3.2039,2.9650,217180.2841,91292.9639,91238.9639,1020747.3353,429076.9303,1.7314,0.8865,1.1639
2019-06-18,4.6900,4.7300,4.6600,4.7300,59214.2200,27822.2860,3.6000,5.8600,0.6486,0.6490,0.7900,11.9818,11.8322,0.9762,3.2244,2.9839,217180.2841,91292.9639,91238.9639,1027262.7438,431815.7192,1.7204,0.8809,1.1574
2019-06-19,4.7700,4.8500,4.7400,4.7700,111851.3200,53511.8960,3.6300,5.9100,1.2252,1.2259,1.7500,12.0831,11.9322,0.9845,3.2517,3.0091,217180.2841,91292.9639,91238.9639,1035949.9552,435467.4378,1.7060,0.8735,1.1478
2019-06-20,4.7300,4.9300,4.7200,4.8700,237595.5700,115006.9330,3.7000,6.0300,2.6026,2.6041,3.3600,12.3365,12.1824,1.0051,3.3198,3.0722,217180.2841,91292.9639,91238.9639,1057667.9836,444596.7342,1.6710,0.8556,1.1261
2019-06-21,4.8500,4.8900,4.8300,4.8800,156506.6400,76039.4530,3.7100,6.0500,1.7143,1.7153,1.4400,12.3618,12.2074,1.0072,3.3267,3.0785,217180.2841,91292.9639,91238.9639,1059839.7864,445509.6638,1.6676,0.8538,1.1231
2019-06-24,4.8800,4.8800,4.8100,4.8300,81354.8900,39361.5510,3.6700,5.9800,0.8911,0.8917,0.6300,12.2351,12.0823,0.9969,3.2926,3.0470,217180.2841,91292.9639,91238.9639,1048980.7722,440945.0156,1.6848,0.8627,1.1353
2019-06-25,4.8300,4.8300,4.7000,4.7500,101918.4900,48419.4740,3.6100,5.8900,1.1164,1.1171,0.7900,12.0325,11.8822,0.9803,3.2380,2.9965,217180.2841,91292.9639,91238.9639,1031606.3495,433641.5785,1.7132,0.8772,1.1542
2019-06-26,4.7400,4.7600,4.7000,4.7300,75569.0000,35708.1620,3.6000,5.8600,0.8278,0.8283,0.5500,11.9818,11.8322,0.9762,3.2244,2.9839,217180.2841,91292.9639,91238.9639,1027262.7438,431815.7192,1.7204,0.8809,1.1574
2019-06-27,4.7300,4.7700,4.7100,4.7300,68117.8000,32306.6660,3.6000,5.8600,0.7461,0.7466,0.5200,11.9818,11.8322,0.9762,3.2244,2.9839,217180.2841,91292.9639,91238.9639,1027262.7438,431815.7192,1.7204,0.8809,1.1574
2019-06-28,4.7300,4.7300,4.6500,4.6800,62653.6000,29312.7930,3.5600,5.8000,0.6863,0.6867,0.6500,11.8552,11.7071,0.9659,3.1903,2.9524,217180.2841,91292.9639,91238.9639,1016403.7296,427251.0711,1.7388,0.8903,1.1704
2019-07-01,4.7100,4.7700,4.7100,4.7500,84338.4500,39996.4270,3.6100,5.8900,0.9238,0.9244,1.0800,12.0325,11.8822,0.9803,3.2380,2.9965,217180.2841,91292.9639,91238.9639,1031606.3495,433641.5785,1.7132,0.8772,1.1542
2019-07-02,4.7400,4.7800,4.7300,4.7500,88577.2100,42094.5200,3.6100,5.8900,0.9701,0.9706,1.1300,12.0335,11.8832,0.9803,3.2383,2.9968,217197.7258,91310.4056,91256.4056,1031689.1976,433724.4266,1.7132,0.8772,1.1542
2019-07-03,4.7500,4.7500,4.7100,4.7300,50440.4200,23825.4840,3.6000,5.8600,0.5524,0.5527,0.6600,11.9828,11.8331,0.9762,3.2247,2.9841,217197.7258,91310.4056,91256.4056,1027345.2430,431898.2185,1.7204,0.8809,1.1574
2019-07-04,4.7200,4.7500,4.7000,4.7200,49538.9700,23421.6420,3.5900,5.8500,0.5425,0.5429,0.7000,11.9575,11.8081,0.9742,3.2178,2.9778,217197.7258,91310.4056,91256.4056,1025173.2658,430985.1144,1.7241,0.8828,1.1606
2019-07-05,4.7300,4.7400,4.6900,4.7300,41631.5800,19640.2670,3.6000,5.8600,0.4559,0.4562,0.6200,11.9828,11.8331,0.9762,3.2247,2.9841,217197.7258,91310.4056,91256.4056,1027345.2430,431898.2185,1.7204,0.8809,1.1574
2019-07-08,4.7300,4.7300,4.5800,4.6000,79273.3200,36744.7330,3.5000,5.7000,0.8682,0.8687,1.2600,11.6534,11.5079,0.9494,3.1360,2.9021,217197.7258,91310.4056,91256.4056,999109.5387,420027.8658,1.7691,0.9058,1.1905
2019-07-09,4.5800,4.6100,4.5600,4.5900,42324.6200,19428.9520,3.4900,5.6900,0.4635,0.4638,0.6800,11.6281,11.4829,0.9473,3.1292,2.8958,217197.7258,91310.4056,91256.4056,996937.5614,419114.7617,1.7729,0.9078,1.1939
2019-07-10,4.5900,4.6000,4.5700,4.5800,45408.2700,20810.5170,3.4800,5.6700,0.4973,0.4976,0.8600,11.6028,11.4579,0.9453,3.1224,2.8895,217197.7258,91310.4056,91256.4056,994765.5842,418201.6576,1.7768,0.9098,1.1973
2019-07-11,4.6000,4.6200,4.5600,4.5700,45126.8000,20697.8320,3.4800,5.6600,0.4942,0.4945,0.8700,11.5774,11.4328,0.9432,3.1156,2.8832,217197.7258,91310.4056,91256.4056,992593.6069,417288.5536,1.7807,0.9117,1.1973
2019-07-12,4.5900,4.6400,4.5700,4.6200,62408.4000,28785.6240,3.5100,5.7200,0.6835,0.6839,1.2300,11.7041,11.5579,0.9535,3.1497,2.9147,217197.7258,91310.4056,91256.4056,1003453.4932,421854.0739,1.7614,0.9019,1.1871
2019-07-15,4.6200,4.6900,4.5600,4.6500,71604.0800,33096.2180,3.5400,5.7600,0.7842,0.7846,1.3000,11.7801,11.6330,0.9597,3.1701,2.9337,217197.7258,91310.4056,91256.4056,1009969.4250,424593.3860,1.7500,0.8961,1.1770
2019-07-16,4.6500,4.6700,4.6300,4.6400,35576.2000,16537.3080,3.5300,5.7500,0.3896,0.3898,0.6700,11.7548,11.6080,0.9576,3.1633,2.9274,217197.7258,91310.4056,91256.4056,1007797.4477,423680.2820,1.7538,0.8980,1.1804
2019-07-17,4.6400,4.6600,4.6000,4.6300,38885.0000,18012.4950,3.5200,5.7400,0.4259,0.4261,0.7500,11.7294,11.5829,0.9556,3.1565,2.9211,217197.7258,91310.4056,91256.4056,1005625.4705,422767.1779,1.7576,0.8999,1.1837
2019-07-18,4.6100,4.6200,4.5800,4.5900,41232.1800,18929.0770,3.4900,5.6900,0.4516,0.4518,0.8100,11.6281,11.4829,0.9473,3.1292,2.8958,217197.7258,91310.4056,91256.4056,996937.5614,419114.7617,1.7729,0.9078,1.1939
2019-07-19,4.5900,4.6400,4.5800,4.6100,43230.0000,19975.2520,3.5100,5.7100,0.4734,0.4737,0.8700,11.6788,11.5329,0.9515,3.1428,2.9084,217197.7258,91310.4056,91256.4056,1001281.5159,420940.9698,1.7652,0.9038,1.1871
2019-07-22,4.6100,4.6300,4.5400,4.5500,53482.6100,24455.6550,3.4600,5.6400,0.5857,0.5861,1.1600,11.5268,11.3828,0.9391,3.1019,2.8706,217197.7258,91310.4056,91256.4056,988249.6524,415462.3455,1.7885,0.9157,1.2042
2019-07-23,4.5600,4.5800,4.5400,4.5700,35356.5900,16117.5150,3.4800,5.6600,0.3872,0.3874,0.8300,11.5774,11.4328,0.9432,3.1156,2.8832,217197.7258,91310.4056,91256.4056,992593.6069,417288.5536,1.7807,0.9117,1.1973
2019-07-24,4.5700,4.6300,4.5600,4.5900,41586.3300,19135.0560,3.4900,5.6900,0.4554,0.4557,0.9800,11.6281,11.4829,0.9473,3.1292,2.8958,217197.7258,91310.4056,91256.4056,996937.5614,419114.7617,1.7729,0.9078,1.1939
2019-07-25,4.5900,4.6100,4.5600,4.6100,51166.4500,23479.4040,3.5100,5.7100,0.5604,0.5607,1.1900,11.6788,11.5329,0.9515,3.1428,2.9084,217197.7258,91310.4056,91256.4056,1001281.5159,420940.9698,1.7652,0.9038,1.1871
2019-07-26,4.5900,4.6000,4.5700,4.5900,42517.4200,19482.2880,3.4900,5.6900,0.4656,0.4659,0.9500,11.6281,11.4829,0.9473,3.1292,2.8958,217197.7258,91310.4056,91256.4056,996937.5614,419114.7617,1.7729,0.9078,1.1939
2019-07-29,4.6000,4.6000,4.5600,4.5800,46524.9700,21298.7840,3.4800,5.6700,0.5095,0.5098,1.0400,11.6028,11.4579,0.9453,3.1224,2.8895,217197.7258,91310.4056,91256.4056,994765.5842,418201.6576,1.7768,0.9098,1.1973
2019-07-30,4.5800,4.6600,4.5700,4.6300,100281.0800,46473.4180,3.5200,5.7400,1.0982,1.0989,2.3100,11.7294,11.5829,0.9556,3.1565,2.9211,217197.7258,91310.4056,91256.4056,1005625.4705,422767.1779,1.7576,0.8999,1.1837
2019-07-31,4.6200,4.6500,4.5900,4.6500,54069.6900,24969.7490,3.5400,5.7600,0.5922,0.5925,0.9600,11.7801,11.6330,0.9597,3.1701,2.9337,217197.7258,91310.4056,91256.4056,1009969.4250,424593.3860,1.7500,0.8961,1.1770
2019-08-01,4.6100,4.6500,4.5800,4.5900,56058.9900,25820.7280,3.4900,5.6900,0.6139,0.6143,0.9500,11.6281,11.4829,0.9473,3.1292,2.8958,217197.7258,91310.4056,91256.4056,996937.5614,419114.7617,1.7729,0.9078,1.1939
2019-08-02,4.5600,4.5700,4.5100,4.5400,74714.7300,33842.4830,3.4500,5.6300,0.8182,0.8187,1.2500,11.5014,11.0610,0.9190,3.0951,2.8695,217197.7258,91310.4056,91256.4056,986077.6751,414549.2414,1.7923,0.9177,1.2077
2019-08-05,4.5300,4.5400,4.4700,4.4800,62385.8600,28117.3080,3.4100,5.5500,0.6832,0.6836,0.9400,11.3494,10.9149,0.9069,3.0542,2.8316,217197.7258,91310.4056,91256.4056,973045.8116,409070.6171,1.8163,0.9300,1.2219
2019-08-06,4.4500,4.4600,4.3100,4.3700,85180.5500,37421.8560,3.3200,5.4100,0.9329,0.9334,1.2300,11.0708,10.6469,0.8846,2.9792,2.7620,217197.7258,91310.4056,91256.4056,949154.0617,399026.4725,1.8620,0.9534,1.2550
2019-08-07,4.3900,4.4100,4.3600,4.3700,41862.2200,18344.4080,3.3200,5.4100,0.4585,0.4587,0.6300,11.0708,10.6469,0.8846,2.9792,2.7620,217197.7258,91310.4056,91256.4056,949154.0617,399026.4725,1.8620,0.9534,1.2550
2019-08-08,4.3900,4.5300,4.3800,4.4800,85435.4800,38051.7320,3.4100,5.5500,0.9357,0.9362,1.3300,11.3494,10.9149,0.9069,3.0542,2.8316,217197.7258,91310.4056,91256.4056,973045.8116,409070.6171,1.8163,0.9300,1.2219
2019-08-09,4.4700,4.5300,4.3900,4.4700,72345.5800,32267.4560,3.4000,5.5400,0.7923,0.7928,1.0300,11.3241,10.8905,0.9048,3.0474,2.8252,217197.7258,91310.4056,91256.4056,970873.8343,408157.5130,1.8204,0.9321,1.2255
2019-08-12,4.4600,4.4900,4.4200,4.4700,58040.0000,25870.5260,3.4000,5.5400,0.6356,0.6360,0.8400,11.3241,10.8905,0.9048,3.0474,2.8252,217197.7258,91310.4056,91256.4056,970873.8343,408157.5130,1.8204,0.9321,1.2255
2019-08-13,4.4400,4.4500,4.4000,4.4100,39803.4000,17601.2290,3.3500,5.4600,0.4359,0.4362,0.5800,11.1721,10.7443,0.8927,3.0065,2.7873,217197.7258,91310.4056,91256.4056,957841.9708,402678.8887,1.8451,0.9447,1.2438
2019-08-14,4.4500,4.4700,4.4100,4.4200,37057.8000,16439.0940,3.3600,5.4800,0.4058,0.4061,0.6200,11.1974,10.7687,0.8947,3.0133,2.7936,217197.7258,91310.4056,91256.4056,960013.9480,403591.9928,1.8410,0.9426,1.2401
2019-08-15,4.3500,4.4200,4.3300,4.4100,40212.7800,17584.3200,3.3500,5.4600,0.4404,0.4407,0.6900,11.1721,10.7443,0.8927,3.0065,2.7873,217197.7258,91310.4056,91256.4056,957841.9708,402678.8887,1.8451,0.9447,1.2438
2019-08-16,4.4000,4.4400,4.3700,4.4000,46815.0100,20610.9990,3.3500,5.4500,0.5127,0.5130,0.9500,11.1468,10.7200,0.8907,2.9997,2.7810,217197.7258,91310.4056,91256.4056,955669.9935,401765.7846,1.8493,0.9469,1.2438
2019-08-19,4.4100,4.4900,4.3800,4.4900,96190.2300,42685.4410,3.4200,5.5600,1.0534,1.0541,2.1700,11.3748,10.9392,0.9089,3.0610,2.8379,217197.7258,91310.4056,91256.4056,975217.7888,409983.7211,1.8123,0.9279,1.2183
2019-08-20,4.4800,4.4800,4.4300,4.4500,98404.1900,43801.5560,3.3900,5.5100,1.0777,1.0783,1.8900,11.2734,10.8418,0.9008,3.0338,2.8126,217197.7258,91310.4056,91256.4056,966529.8798,406331.3049,1.8286,0.9363,1.2291
2019-08-21,4.4300,4.4500,4.4100,4.4300,59788.5800,26477.5520,3.3700,5.4900,0.6548,0.6552,0.9400,11.2228,10.7930,0.8968,3.0201,2.8000,217197.7258,91310.4056,91256.4056,962185.9253,404505.0968,1.8368,0.9405,1.2364
2019-08-22,4.4300,4.4400,4.3900,4.4100,46437.4000,20485.2980,3.3500,5.4600,0.5086,0.5089,0.6800,11.1721,10.7443,0.8927,3.0065,2.7873,217197.7258,91310.4056,91256.4056,957841.9708,402678.8887,1.8451,0.9447,1.2438
2019-08-23,4.4200,4.4400,4.4000,4.4200,61740.0300,27282.2480,3.3600,5.4800,0.6762,0.6766,0.8900,11.1974,10.7687,0.8947,3.0133,2.7936,217197.7258,91310.4056,91256.4056,960013.9480,403591.9928,1.8410,0.9426,1.2401
2019-08-26,4.3800,4.3800,4.3500,4.3700,63528.4000,27732.6200,3.3200,5.4100,0.6957,0.6962,0.8800,11.0708,10.6469,0.8846,2.9792,2.7620,217197.7258,91310.4056,91256.4056,949154.0617,399026.4725,1.8620,0.9534,1.2550
2019-08-27,4.3700,4.4500,4.3700,4.4200,94513.0800,41703.1390,3.3600,5.4800,1.0351,1.0357,1.4300,11.1974,10.7687,0.8947,3.0133,2.7936,217197.7258,91310.4056,91256.4056,960013.9480,403591.9928,1.8410,0.9426,1.2401
2019-08-28,4.4100,4.4200,4.3900,4.4100,46730.6000,20563.0730,3.3500,5.4600,0.5118,0.5121,0.7200,11.1721,10.7443,0.8927,3.0065,2.7873,217197.7258,91310.4056,91256.4056,957841.9708,402678.8887,1.8451,0.9447,1.2438
2019-08-29,4.4000,4.4100,4.3600,4.3700,60807.2000,26634.6210,3.3200,5.4100,0.6659,0.6659,0.9700,11.0708,10.6469,0.8846,2.9792,2.7620,217198.0072,91310.6870,91310.6870,949155.2915,399027.7022,1.8620,0.9534,1.2550
2019-08-30,4.3900,4.3900,4.2800,4.3000,94815.1400,41122.1190,3.2700,5.3300,1.0384,1.0384,1.4500,10.8935,10.4763,0.8704,2.9315,2.7178,217198.0072,91310.6870,91310.6870,933951.4310,392635.9541,1.8923,0.9689,1.2742
2019-09-02,4.2300,4.3700,4.2300,4.3600,114788.9100,49549.2800,3.3200,5.4000,0.5289,0.5289,1.5900,11.0455,10.6225,0.8826,2.9724,2.7557,217198.0072,217050.3060,217050.3060,946983.3114,946339.3342,1.8663,0.9556,1.2550
2019-09-03,4.3500,4.3600,4.3200,4.3500,81338.4200,35315.7530,3.3100,5.3900,0.3747,0.3747,0.9900,11.0201,10.5982,0.8806,2.9656,2.7494,217198.0072,217050.3060,217050.3060,944811.3313,944168.8311,1.8706,0.9578,1.2588
2019-09-04,4.3400,4.4400,4.3200,4.4200,147003.5800,64636.6660,3.3600,5.4800,0.6773,0.6773,1.8400,11.1975,10.7687,0.8947,3.0133,2.7936,217198.0072,217050.3060,217050.3060,960015.1918,959362.3525,1.8410,0.9426,1.2401
2019-09-05,4.4200,4.5800,4.4200,4.4800,222329.0800,100219.4850,3.4100,5.5500,1.0243,1.0243,2.2300,11.3495,10.9149,0.9069,3.0542,2.8316,217198.0072,217050.3060,217050.3060,973047.0723,972385.3709,1.8163,0.9300,1.2219
2019-09-06,4.5200,4.5200,4.4600,4.5100,94056.3900,42193.6890,3.4300,5.5900,0.4333,0.4333,0.7100,11.4255,10.9880,0.9129,3.0747,2.8505,217198.0072,217050.3060,217050.3060,979563.0125,978896.8801,1.8042,0.9238,1.2148
2019-09-09,4.5700,4.6100,4.5100,4.5400,135307.8100,61544.4940,3.4500,5.6300,0.6234,0.6234,1.0300,11.5015,11.0611,0.9190,3.0951,2.8695,217198.0072,217050.3060,217050.3060,986078.9527,985408.3892,1.7923,0.9177,1.2077
2019-09-10,4.5300,4.5500,4.4900,4.5400,88691.6700,40075.1800,3.4500,5.6300,0.4086,0.4086,0.6500,11.5015,11.0611,0.9190,3.0951,2.8695,217198.0072,217050.3060,217050.3060,986078.9527,985408.3892,1.7923,0.9177,1.2077
2019-09-11,4.5500,4.5600,4.4900,4.5300,99650.8500,45182.1320,3.4500,5.6100,0.4591,0.4591,0.7200,11.4761,11.0367,0.9170,3.0883,2.8632,217198.0072,217050.3060,217050.3060,983906.9726,983237.8862,1.7963,0.9197,1.2077
2019-09-12,4.5300,4.5600,4.5100,4.5400,75039.7900,34035.6420,3.4500,5.6300,0.3457,0.3457,0.5900,11.5015,11.0611,0.9190,3.0951,2.8695,217198.0072,217050.3060,217050.3060,986078.9527,985408.3892,1.7923,0.9177,1.2077
2019-09-16,4.5400,4.5600,4.5100,4.5200,77841.0400,35303.0380,3.4400,5.6000,0.3586,0.3586,0.7900,11.4508,11.0123,0.9150,3.0815,2.8569,217198.0072,217050.3060,217050.3060,981734.9925,981067.3831,1.8002,0.9218,1.2112
2019-09-17,4.5200,4.5300,4.4100,4.4400,102606.5900,45705.4650,3.3800,5.5000,0.4727,0.4727,1.0800,11.2481,10.8174,0.8988,3.0270,2.8063,217198.0072,217050.3060,217050.3060,964359.1520,963703.3586,1.8327,0.9384,1.2327
2019-09-18,4.4400,4.4600,4.4000,4.4100,76693.6000,33963.9400,3.3500,5.4600,0.3533,0.3533,0.8600,11.1721,10.7443,0.8927,3.0065,2.7873,217198.0072,217050.3060,217050.3060,957843.2118,957191.8495,1.8451,0.9447,1.2438
2019-09-19,4.4100,4.4300,4.4000,4.4300,60572.3800,26749.1020,3.3700,5.4900,0.2791,0.2791,0.7000,11.2228,10.7931,0.8968,3.0201,2.8000,217198.0072,217050.3060,217050.3060,962187.1719,961532.8556,1.8368,0.9405,1.2364
2019-09-20,4.4300,4.4500,4.4100,4.4500,67420.0500,29849.8270,3.3900,5.5100,0.3106,0.3107,0.8600,11.2735,10.8418,0.9008,3.0338,2.8126,217198.0498,217050.3486,216996.3486,966531.3216,965874.0513,1.8286,0.9363,1.2291
2019-09-23,4.4300,4.4400,4.3700,4.3900,75990.9700,33402.5380,3.3400,5.4400,0.3501,0.3502,0.9900,11.1215,10.6956,0.8887,2.9929,2.7747,217198.0498,217050.3486,216996.3486,953499.4386,952851.0304,1.8535,0.9490,1.2475
2019-09-24,4.3900,4.4300,4.3700,4.3800,70284.9200,30891.5730,3.3300,5.4300,0.3236,0.3237,0.9200,11.0961,10.6712,0.8866,2.9860,2.7684,217198.0498,217184.6919,217130.6919,951327.4581,951268.9505,1.8578,0.9512,1.2513
2019-09-25,4.3600,4.4100,4.3400,4.3800,65264.9000,28587.1060,3.3300,5.4300,0.3005,0.3006,0.9300,11.0961,10.6712,0.8866,2.9860,2.7684,217198.0498,217184.6919,217130.6919,951327.4581,951268.9505,1.8578,0.9512,1.2513
2019-09-26,4.3900,4.4800,4.3700,4.4300,141122.2900,62483.8320,3.3700,5.4900,0.6498,0.6499,2.0800,11.2228,10.7931,0.8968,3.0201,2.8000,217198.0498,217184.6919,217130.6919,962187.3606,962128.1851,1.8368,0.9405,1.2364
2019-09-27,4.4400,4.4400,4.3800,4.3900,89796.7400,39539.6890,3.3400,5.4400,0.4135,0.4136,1.0700,11.1215,10.6956,0.8887,2.9929,2.7747,217198.0498,217184.6919,217130.6919,953499.4386,953440.7974,1.8535,0.9490,1.2475
2019-09-30,4.3900,4.4100,4.3200,4.3300,69382.0000,30290.1300,3.2900,5.3600,0.3195,0.3195,0.7800,10.9695,10.5494,0.8765,2.9520,2.7368,217198.0498,217184.6919,217130.6919,940467.5556,940409.7159,1.8792,0.9622,1.2665
2019-10-08,4.3200,4.4100,4.3100,4.3800,74018.3500,32228.3300,3.3300,5.4300,0.3408,0.3409,0.8500,11.0961,10.6712,0.8866,2.9860,2.7684,217198.0498,217184.6919,217130.6919,951327.4581,951268.9505,1.8578,0.9512,1.2513
2019-10-09,4.3500,4.5200,4.3200,4.4600,166182.4300,73973.4460,3.3900,5.5300,0.7702,0.7654,1.8900,11.2988,10.8662,0.9028,3.0406,2.8189,217198.0498,215763.0580,,968703.3021,962303.2387,1.8245,0.9342,1.2291
2019-10-10,4.4800,4.4900,4.4100,4.4700,106830.7000,47523.7270,3.4000,5.5400,0.4951,0.4953,0.9900,11.3241,10.8905,0.9048,3.0474,2.8253,217198.0498,215763.0580,215709.0580,970875.2826,964460.8693,1.8204,0.9321,1.2255
2019-10-11,4.4700,4.5400,4.4400,4.5300,146304.6200,65935.6050,3.4500,5.6100,0.6781,0.6782,1.4500,11.4761,11.0367,0.9170,3.0883,2.8632,217198.0498,215763.0580,215709.0580,983907.1656,977406.6527,1.7963,0.9197,1.2077
2019-10-14,4.5300,4.7400,4.5200,4.6500,356728.0400,166111.7840,3.5400,5.7600,1.6533,1.6537,3.1700,11.7801,11.3291,0.9413,3.1701,2.9390,217198.0498,215763.0580,215709.0580,1009970.9316,1003298.2197,1.7499,0.8960,1.1770
2019-10-15,4.6200,4.6500,4.5700,4.6400,177435.5500,81823.2570,3.5300,5.7500,0.8224,0.8226,1.0400,11.7548,11.3047,0.9393,3.1633,2.9327,217198.0498,215763.0580,215709.0580,1007798.9511,1001140.5891,1.7537,0.8979,1.1804
2019-10-16,4.6500,4.7000,4.5400,4.5500,168075.4800,77429.0730,3.4600,5.6400,0.7790,0.7792,0.8800,11.5268,11.0854,0.9210,3.1019,2.8758,217198.0498,215763.0580,215709.0580,988251.1266,981721.9139,1.7884,0.9157,1.2042
2019-10-17,4.5600,4.5700,4.5000,4.5400,89149.7700,40468.7490,3.4500,5.6300,0.4132,0.4133,0.4700,11.5015,11.0611,0.9190,3.0951,2.8695,217198.0498,215763.0580,215709.0580,986079.1461,979564.2833,1.7923,0.9177,1.2077
2019-10-18,4.5400,4.5600,4.4400,4.4400,103268.5800,46368.5640,3.3800,5.5000,0.4786,0.4787,0.5500,11.2481,10.8174,0.8988,3.0270,2.8063,217198.0498,215763.0580,215709.0580,964359.3411,957987.9775,1.8327,0.9384,1.2327
2019-10-21,4.4300,4.4800,4.3900,4.4500,85260.0600,37782.9620,3.3900,5.5100,0.3952,0.3953,0.4800,11.2735,10.8418,0.9008,3.0338,2.8126,217198.0498,215763.0580,215709.0580,966531.3216,960145.6081,1.8286,0.9363,1.2291
2019-10-22,4.4400,4.4700,4.4200,4.4700,52852.8400,23493.0330,3.4000,5.5400,0.2450,0.2450,0.4200,11.3241,10.8905,0.9048,3.0474,2.8253,217198.0498,215763.0580,215709.0580,970875.2826,964460.8693,1.8204,0.9321,1.2255
2019-10-23,4.4600,4.5500,4.4300,4.5200,123579.3800,55629.5990,3.4400,5.6000,0.5728,0.5729,1.2400,11.4508,11.0123,0.9150,3.0815,2.8569,217198.0498,215763.0580,215709.0580,981735.1851,975249.0222,1.8002,0.9218,1.2112
2019-10-24,4.5000,4.7000,4.4900,4.6200,267505.8000,123635.4740,3.5100,5.7200,1.2398,1.2401,2.9500,11.7041,11.2560,0.9352,3.1497,2.9201,217198.0498,215763.0580,215709.0580,1003454.9901,996825.3280,1.7613,0.9018,1.1871
2019-10-25,4.6100,4.6200,4.5500,4.5800,158425.5900,72467.1290,3.4800,5.6700,0.7343,0.7344,1.2500,11.6028,11.1585,0.9271,3.1224,2.8948,217198.0498,215763.0580,215709.0580,994767.0681,988194.8056,1.7767,0.9097,1.1973
2019-10-28,4.5800,4.5800,4.5100,4.5300,173100.6200,78432.7110,3.4500,5.6100,0.8023,0.8025,1.2600,11.4761,11.0367,0.9170,3.0883,2.8632,217198.0498,215763.0580,215709.0580,983907.1656,977406.6527,1.7963,0.9197,1.2077
2019-10-29,4.5400,4.5400,4.4700,4.4800,143902.2100,64881.1940,3.4100,5.5500,0.6669,0.6671,0.9300,11.3495,10.1973,0.8865,3.0542,2.7952,217198.0498,215763.0580,215709.0580,973047.2631,966618.4998,1.8163,0.9300,1.2219
2019-10-30,4.4800,4.5100,4.4500,4.4600,115476.8800,51744.8670,3.3900,5.5300,0.5352,0.5353,0.6700,11.2988,10.1518,0.8826,3.0406,2.7828,217198.0498,215763.0580,215709.0580,968703.3021,962303.2387,1.8245,0.9342,1.2291
2019-10-31,4.4600,4.4700,4.3800,4.4000,125823.2900,55524.4720,3.3500,5.4500,0.5832,0.5833,0.7300,11.1468,10.0153,0.8707,2.9997,2.7453,217198.0498,215763.0580,215709.0580,955671.4191,949357.4552,1.8493,0.9469,1.2438
2019-11-01,4.3800,4.4800,4.3700,4.4500,151729.4100,67277.5930,3.3900,5.5100,0.7032,0.7034,1.0600,11.2735,10.1291,0.8806,3.0338,2.7765,217198.0498,215763.0580,215709.0580,966531.3216,960145.6081,1.8286,0.9363,1.2291
2019-11-04,4.4400,4.5000,4.4400,4.4500,127784.3200,57133.4610,3.3900,5.5100,0.5922,0.5924,0.9000,11.2735,10.1291,0.8806,3.0338,2.7765,217198.0498,215763.0580,215709.0580,966531.3216,960145.6081,1.8286,0.9363,1.2291
2019-11-05,4.4500,4.5500,4.4500,4.5200,146884.9900,66187.8840,3.4400,5.6000,0.6808,0.6809,1.1000,11.4508,10.2884,0.8944,3.0815,2.8202,217198.0498,215763.0580,215709.0580,981735.1851,975249.0222,1.8002,0.9218,1.2112
2019-11-06,4.5100,4.5700,4.5000,4.5100,115174.0800,52179.5170,3.4300,5.5900,0.5338,0.5339,0.8600,11.4255,10.2656,0.8925,3.0747,2.8140,217198.0498,215763.0580,215709.0580,979563.2046,973091.3916,1.8042,0.9238,1.2148
2019-11-07,4.5300,4.5700,4.5000,4.5500,97630.4900,44330.9240,3.4600,5.6400,0.4525,0.4526,0.7300,11.5268,10.3567,0.9004,3.1019,2.8389,217198.0498,215763.0580,215709.0580,988251.1266,981721.9139,1.7884,0.9157,1.2042
2019-11-08,4.5600,4.5800,4.4800,4.4900,108752.2800,49150.2040,3.4200,5.5600,0.5040,0.5042,0.8500,11.3748,10.2201,0.8885,3.0610,2.8015,217198.0498,215763.0580,215709.0580,975219.2436,968776.1304,1.8123,0.9279,1.2183
2019-11-11,4.4700,4.4700,4.3800,4.3900,102610.9700,45294.4620,3.3400,5.4400,0.4756,0.4757,0.8600,11.1215,9.9925,0.8687,2.9929,2.7391,217198.0498,215763.0580,215709.0580,953499.4386,947199.8246,1.8535,0.9490,1.2475
2019-11-12,4.4000,4.4400,4.3800,4.4300,74697.0400,32987.2600,3.3700,5.4900,0.3462,0.3463,0.6500,11.2228,10.0835,0.8766,3.0201,2.7640,217198.0498,215763.0580,215709.0580,962187.3606,955830.3469,1.8368,0.9405,1.2364
2019-11-13,4.4200,4.4300,4.3900,4.4000,55727.3900,24538.4770,3.3500,5.4500,0.2583,0.2583,0.5600,11.1468,10.0153,0.8707,2.9997,2.7453,217198.0498,215763.0580,215709.0580,955671.4191,949357.4552,1.8493,0.9469,1.2438
2019-11-14,4.4100,4.4200,4.3700,4.4000,61874.0000,27210.2440,3.3500,5.4500,0.2868,0.2868,0.7000,11.1468,10.0153,0.8707,2.9997,2.7453,217198.0498,215763.0580,215709.0580,955671.4191,949357.4552,1.8493,0.9469,1.2438
2019-11-15,4.3800,4.4100,4.3400,4.3600,67281.9400,29395.2750,3.3200,5.4000,0.3118,0.3119,0.8300,11.0455,9.9242,0.8628,2.9724,2.7204,217198.0498,215763.0580,215709.0580,946983.4971,940726.9329,1.8663,0.9556,1.2550
2019-11-18,4.3300,4.4000,4.3300,4.3800,60813.2200,26574.3530,3.3300,5.4300,0.2819,0.2819,0.8400,11.0961,9.9697,0.8667,2.9860,2.7328,217198.0498,215763.0580,215709.0580,951327.4581,945042.1940,1.8578,0.9512,1.2513
2019-11-19,4.3700,4.4000,4.3500,4.4000,57429.7200,25171.7650,3.3500,5.4500,0.2662,0.2662,0.9000,11.1468,10.0153,0.8707,2.9997,2.7453,217198.0498,215763.0580,215709.0580,955671.4191,949357.4552,1.8493,0.9469,1.2438
2019-11-20,4.4000,4.4000,4.3500,4.3500,55497.4000,24248.3910,3.3100,5.3900,0.2572,0.2573,0.9200,11.0201,9.9014,0.8608,2.9656,2.7141,217198.0498,215763.0580,215709.0580,944811.5166,938569.3023,1.8706,0.9578,1.2588
2019-11-21,4.3400,4.3700,4.3300,4.3500,38662.0900,16808.6170,3.3100,5.3900,0.1792,0.1792,0.6400,11.0201,9.9014,0.8608,2.9656,2.7141,217198.0498,215763.0580,215709.0580,944811.5166,938569.3023,1.8706,0.9578,1.2588
2019-11-22,4.3400,4.3900,4.3200,4.3400,58863.4300,25604.6430,3.3000,5.3800,0.2728,0.2729,1.0500,10.9948,9.8787,0.8588,2.9588,2.7079,217198.0498,215763.0580,215709.0580,942639.5361,936411.6717,1.8749,0.9600,1.2626
2019-11-25,4.3300,4.3800,4.3300,4.3800,65227.7500,28444.4900,3.3300,5.4300,0.3023,0.3024,1.2000,11.0961,9.9697,0.8667,2.9860,2.7328,217198.0498,215763.0580,215709.0580,951327.4581,945042.1940,1.8578,0.9512,1.2513
2019-11-26,4.3800,4.3900,4.3500,4.3700,48216.0600,21079.2400,3.3200,5.4100,0.2235,0.2235,0.8700,11.0708,9.9470,0.8648,2.9792,2.7266,217198.0498,215763.0580,215709.0580,949155.4776,942884.5635,1.8620,0.9534,1.2550
2019-11-27,4.3600,4.3800,4.3400,4.3500,45255.2000,19727.8980,3.3100,5.3900,0.2097,0.2098,0.8500,11.0201,9.9014,0.8608,2.9656,2.7141,217198.0498,215763.0580,215709.0580,944811.5166,938569.3023,1.8706,0.9578,1.2588
2019-11-28,4.3400,4.3600,4.3100,4.3200,61102.8400,26445.7840,3.2900,5.3500,0.2832,0.2833,1.1900,10.9441,9.8332,0.8549,2.9451,2.6954,217198.0498,215763.0580,215709.0580,938295.5751,932096.4106,1.8836,0.9644,1.2665
2019-11-29,4.3200,4.3600,4.3000,4.3400,49078.2500,21254.8170,3.3000,5.3800,0.2275,0.2275,0.8800,10.9948,9.8787,0.8588,2.9588,2.7079,217198.0498,215763.0580,215709.0580,942639.5361,936411.6717,1.8749,0.9600,1.2626
2019-12-02,4.3400,4.3500,4.3200,4.3500,62170.5400,26979.4840,3.3100,5.3900,0.2881,0.2882,1.1600,11.0201,9.9014,0.8608,2.9656,2.7141,217198.0498,215763.0580,215709.0580,944811.5166,938569.3023,1.8706,0.9578,1.2588
2019-12-03,4.3300,4.3700,4.3300,4.3600,47909.4900,20837.1580,3.3200,5.4000,0.2220,0.2221,0.9000,11.0455,9.9242,0.8628,2.9724,2.7204,217198.0498,215763.0580,215709.0580,946983.4971,940726.9329,1.8663,0.9556,1.2550
2019-12-04,4.3500,4.3900,4.3500,4.3900,66195.0700,28961.7390,3.3400,5.4400,0.3068,0.3069,1.2500,11.1215,9.9925,0.8687,2.9929,2.7391,217198.0498,215763.0580,215709.0580,953499.4386,947199.8246,1.8535,0.9490,1.2475
2019-12-05,4.4000,4.4400,4.3700,4.4400,85027.3400,37459.1950,3.3800,5.5000,0.3941,0.3942,1.4800,11.2481,10.1063,0.8786,3.0270,2.7703,217198.0498,215763.0580,215709.0580,964359.3411,957987.9775,1.8327,0.9384,1.2327
2019-12-06,4.4400,4.4600,4.3900,4.4300,57911.3900,25598.8630,3.3700,5.4900,0.2684,0.2685,0.9300,11.2228,10.0835,0.8766,3.0201,2.7640,217198.0498,215763.0580,215709.0580,962187.3606,955830.3469,1.8368,0.9405,1.2364
2019-12-09,4.4200,4.4400,4.4100,4.4400,69462.1900,30756.4630,3.3800,5.5000,0.3219,0.3220,1.0900,11.2481,10.1063,0.8786,3.0270,2.7703,217198.0498,215763.0580,215709.0580,964359.3411,957987.9775,1.8327,0.9384,1.2327
2019-12-10,4.4300,4.4600,4.4100,4.4500,64110.9000,28412.3400,3.3900,5.5100,0.2971,0.2972,0.9800,11.2735,10.1291,0.8806,3.0338,2.7765,217198.0498,215763.0580,215709.0580,966531.3216,960145.6081,1.8286,0.9363,1.2291
2019-12-11,4.4500,4.4900,4.4400,4.4900,87623.0100,39181.5480,3.4200,5.5600,0.4061,0.4062,1.2800,11.3748,10.2201,0.8885,3.0610,2.8015,217198.0498,215763.0580,215709.0580,975219.2436,968776.1304,1.8123,0.9279,1.2183
2019-12-12,4.4600,4.5200,4.4600,4.4800,82817.3400,37255.2140,3.4100,5.5500,0.3838,0.3839,1.1400,11.3495,10.1973,0.8865,3.0542,2.7952,217198.0498,215763.0580,215709.0580,973047.2631,966618.4998,1.8163,0.9300,1.2219
2019-12-13,4.5000,4.5800,4.5000,4.5300,189587.3400,86161.1990,3.4500,5.6100,0.8787,0.8789,2.6200,11.4761,10.3112,0.8964,3.0883,2.8264,217198.0498,215763.0580,215709.0580,983907.1656,977406.6527,1.7963,0.9197,1.2077
2019-12-16,4.5500,4.5900,4.4500,4.5400,206188.0400,93673.2300,3.4500,5.6300,0.9556,0.9559,2.0900,11.5015,10.3339,0.8984,3.0951,2.8327,217198.0498,215763.0580,215709.0580,986079.1461,979564.2833,1.7923,0.9177,1.2077
2019-12-17,4.5100,4.7200,4.5000,4.6500,293640.9000,135968.5190,3.5400,5.7600,1.3609,1.3613,2.3300,11.7801,10.5843,0.9202,3.1701,2.9013,217198.0498,215763.0580,215709.0580,1009970.9316,1003298.2197,1.7499,0.8960,1.1770
2019-12-18,4.6200,4.7000,4.6000,4.6100,149211.9300,69152.8270,3.5100,5.7100,0.6916,0.6917,0.8700,11.6788,10.4933,0.9122,3.1429,2.8763,217198.0498,215763.0580,215709.0580,1001283.0096,994667.6974,1.7651,0.9038,1.1871
2019-12-19,4.6000,4.6800,4.6000,4.6300,98509.7600,45651.3500,3.5200,5.7400,0.4566,0.4567,0.5300,11.7295,10.5388,0.9162,3.1565,2.8888,217198.0498,215763.0580,215709.0580,1005626.9706,998982.9585,1.7575,0.8999,1.1837
2019-12-20,4.6300,4.7600,4.6100,4.6500,197876.9100,92465.3290,3.5400,5.7600,0.9171,0.9173,1.0600,11.7801,10.5843,0.9202,3.1701,2.9013,217198.0498,215763.0580,215709.0580,1009970.9316,1003298.2197,1.7499,0.8960,1.1770
2019-12-23,4.6400,4.6700,4.4900,4.5100,166417.5000,76185.8600,3.4300,5.5900,0.7713,0.7715,0.8800,11.4255,10.2656,0.8925,3.0747,2.8140,217198.0498,215763.0580,215709.0580,979563.2046,973091.3916,1.8042,0.9238,1.2148
2019-12-24,4.5100,4.5700,4.5100,4.5400,83508.4000,37942.2140,3.4500,5.6300,0.3870,0.3871,0.4600,11.5015,10.3339,0.8984,3.0951,2.8327,217198.0498,215763.0580,215709.0580,986079.1461,979564.2833,1.7923,0.9177,1.2077
2019-12-25,4.5500,4.5700,4.5000,4.5400,96658.9500,43859.2120,3.4500,5.6300,0.4480,0.4481,0.6900,11.5015,10.3339,0.8984,3.0951,2.8327,217198.0498,215763.0580,215709.0580,986079.1461,979564.2833,1.7923,0.9177,1.2077
2019-12-26,4.5400,4.5900,4.5200,4.5900,83891.6200,38212.8770,3.4900,5.6900,0.3888,0.3889,0.6500,11.6281,10.4477,0.9083,3.1292,2.8639,217198.0498,215763.0580,215709.0580,996939.0486,990352.4362,1.7728,0.9077,1.1939
2019-12-27,4.6000,4.6600,4.5700,4.5800,128822.7200,59437.7600,3.4800,5.6700,0.5971,0.5972,1.0300,11.6028,10.4250,0.9063,3.1224,2.8576,217198.0498,215763.0580,215709.0580,994767.0681,988194.8056,1.7767,0.9097,1.1973
2019-12-30,4.5400,4.6300,4.4700,4.6300,157106.6100,71848.0410,3.5200,5.7400,0.7281,0.7283,1.4000,11.7295,10.5388,0.9162,3.1565,2.8888,217198.0498,215763.0580,215709.0580,1005626.9706,998982.9585,1.7575,0.8999,1.1837
2019-12-31,4.6000,4.6600,4.6000,4.6600,109292.6500,50700.2410,3.5400,5.7700,0.5065,0.5067,0.9900,11.8055,10.6071,0.9221,3.1769,2.9075,217198.0498,215763.0580,215709.0580,1012142.9121,1005455.8503,1.7462,0.8941,1.1770
2020-01-02,4.7300,4.7600,4.6800,4.6900,241226.0000,114001.3400,3.5700,5.8100,1.1180,1.1183,2.0900,11.8815,10.6753,0.9281,3.1974,2.9263,217198.0498,215763.0580,215709.0580,1018658.8536,1011928.7420,0.8883,0.8883,5.0420
2020-01-03,4.6800,4.7200,4.6500,4.6600,133175.0900,62327.1520,3.5400,5.7700,0.6174,0.6174,0.9200,11.8055,10.6071,0.9221,3.1769,2.9076,217198.4125,215711.9909,215709.0580,1012144.6023,1005217.8776,0.8941,0.8941,5.0847
2020-01-06,4.6400,4.6900,4.6100,4.6500,131238.6200,61044.5120,3.5400,5.7600,0.6084,0.6084,0.8500,11.7802,10.5843,0.9202,3.1701,2.9013,217198.4125,215711.9909,215711.9909,1009972.6181,1003060.7577,0.8960,0.8960,5.0847
2020-01-07,4.6500,4.7100,4.6400,4.6600,130636.3200,60999.6650,3.5400,5.7700,0.6056,0.6056,0.8500,11.8055,10.6071,0.9221,3.1769,2.9076,217198.4125,215711.9909,215711.9909,1012144.6023,1005217.8776,0.8941,0.8941,5.0847
2020-01-08,4.6300,4.6500,4.5500,4.5500,157699.2600,72374.1120,3.4600,5.6400,0.7311,0.7311,1.0600,11.5268,10.3567,0.9004,3.1020,2.8389,217198.4125,215711.9909,215711.9909,988252.7769,981489.5586,0.9157,0.9157,5.2023
2020-01-09,4.5800,4.6200,4.5700,4.6000,110131.3700,50673.7900,3.5000,5.7000,0.5105,0.5105,0.6900,11.6535,10.4705,0.9103,3.1360,2.8701,217198.4125,215711.9909,215711.9909,999112.6975,992275.1581,0.9057,0.9057,5.1429
2020-01-10,4.6100,4.6500,4.5700,4.5900,84539.3300,38924.6260,3.4900,5.6900,0.3919,0.3919,0.6400,11.6282,10.4477,0.9083,3.1292,2.8639,217198.4125,215711.9909,215711.9909,996940.7134,990118.0382,0.9077,0.9077,5.1576
2020-01-13,4.5900,4.6600,4.5500,4.6500,110888.2200,51080.3210,3.5400,5.7600,0.5141,0.5141,0.9000,11.7802,10.5843,0.9202,3.1701,2.9013,217198.4125,215711.9909,215711.9909,1009972.6181,1003060.7577,0.8960,0.8960,5.0847
2020-01-14,4.6500,4.6700,4.5900,4.6000,109032.5000,50406.9600,3.5000,5.7000,0.5055,0.5055,0.9200,11.6535,10.4705,0.9103,3.1360,2.8701,217198.4125,215711.9909,215711.9909,999112.6975,992275.1581,0.9057,0.9057,5.1429
2020-01-15,4.5800,4.6200,4.5500,4.5500,92752.7700,42358.3130,3.4600,5.6400,0.4300,0.4300,0.8100,11.5268,10.3567,0.9004,3.1020,2.8389,217198.4125,215711.9909,215711.9909,988252.7769,981489.5586,0.9157,0.9157,5.2023
2020-01-16,4.5700,4.5800,4.5200,4.5200,79207.0000,35975.2010,3.4400,5.6000,0.3672,0.3672,0.7800,11.4508,10.2884,0.8944,3.0815,2.8202,217198.4125,215711.9909,215711.9909,981736.8245,975018.1989,0.9218,0.9218,5.2326
2020-01-17,4.5300,4.5600,4.5200,4.5300,65106.2500,29545.1550,3.4500,5.6100,0.3018,0.3018,0.6800,11.4761,10.3112,0.8964,3.0883,2.8264,217198.4125,215711.9909,215711.9909,983908.8086,977175.3188,0.9197,0.9197,5.2174
2020-01-20,4.5300,4.5600,4.5000,4.5600,65765.9400,29845.7580,3.4700,5.6500,0.3049,0.3049,0.7200,11.5522,10.3795,0.9024,3.1088,2.8452,217198.4125,215711.9909,215711.9909,990424.7610,983646.6785,0.9137,0.9137,5.1873
2020-01-21,4.5500,4.5500,4.5000,4.5100,86229.7800,38967.1800,3.4300,5.5900,0.3997,0.3997,1.0500,11.4255,10.2657,0.8925,3.0747,2.8140,217198.4125,215711.9909,215711.9909,979564.8404,972861.0790,0.9238,0.9238,5.2478
2020-01-22,4.5000,4.5800,4.4500,4.5500,125823.8800,56574.0180,3.4600,5.6400,0.5833,0.5833,1.6200,11.5268,10.3567,0.9004,3.1020,2.8389,217198.4125,215711.9909,215711.9909,988252.7769,981489.5586,0.9157,0.9157,5.2023
2020-01-23,4.5200,4.5400,4.4100,4.4500,125248.7600,56070.5740,3.3800,5.5100,0.5806,0.5806,1.4800,11.2735,9.5507,0.8806,3.0338,2.8377,217198.4125,215711.9909,215711.9909,966532.9356,959918.3595,0.9363,0.9363,5.3254
2020-02-03,4.0100,4.1300,4.0100,4.0100,264009.0600,106516.1430,3.0500,4.9700,1.2239,1.2239,2.8200,10.1588,8.6064,0.7935,2.7338,2.5572,217198.4125,215711.9909,215711.9909,870965.6341,865005.0835,1.0390,1.0390,5.9016
2020-02-04,4.0000,4.1600,4.0000,4.1200,225072.0000,91815.4900,3.1300,5.1000,1.0434,1.0434,1.6900,10.4375,8.8425,0.8153,2.8088,2.6273,217198.4125,215711.9909,215711.9909,894857.4595,888733.4025,1.0112,1.0112,5.7508
2020-02-05,4.1200,4.2100,4.1000,4.1500,168668.9800,69959.1340,3.1600,5.1400,0.7819,0.7819,1.0200,10.5135,8.9069,0.8212,2.8293,2.6464,217198.4125,215711.9909,215711.9909,901373.4119,895204.7622,1.0039,1.0039,5.6962
2020-02-06,4.1600,4.2100,4.0800,4.1700,168532.8700,69943.8170,3.1700,5.1700,0.7813,0.7813,0.9300,10.5641,8.9498,0.8252,2.8429,2.6592,217198.4125,215711.9909,215711.9909,905717.3801,899519.0021,0.9991,0.9991,5.6782
2020-02-07,4.1300,4.1600,4.1100,4.1500,132355.3200,54732.2700,3.1600,5.1400,0.6136,0.6136,0.7000,10.5135,8.9069,0.8212,2.8293,2.6464,217198.4125,215711.9909,215711.9909,901373.4119,895204.7622,1.0039,1.0039,5.6962
2020-02-10,4.1500,4.2000,4.1200,4.1900,136002.7600,56733.8780,3.1900,5.1900,0.6305,0.6305,0.7100,10.6148,8.9927,0.8291,2.8565,2.6719,217198.4125,215711.9909,215711.9909,910061.3484,903833.2419,0.9943,0.9943,5.6426
2020-02-11,4.2000,4.2700,4.1900,4.2000,138355.5200,58378.3270,3.1900,5.2000,0.6414,0.6414,0.8300,10.6401,9.0142,0.8311,2.8633,2.6783,217198.4125,215711.9909,215711.9909,912233.3325,905990.3618,0.9920,0.9920,5.6426
2020-02-12,4.2000,4.2500,4.1700,4.2500,146511.8700,61748.1560,3.2300,5.2600,0.6792,0.6792,0.9800,10.7668,9.1215,0.8410,2.8974,2.7102,217198.4125,215711.9909,215711.9909,923093.2531,916775.9613,0.9803,0.9803,5.5728
2020-02-13,4.2400,4.2500,4.1800,4.1900,123959.9600,52164.5070,3.1900,5.1900,0.5747,0.5747,0.8600,10.6148,8.9927,0.8291,2.8565,2.6719,217198.4125,215711.9909,215711.9909,910061.3484,903833.2419,0.9943,0.9943,5.6426
2020-02-14,4.1800,4.2400,4.1700,4.2100,111524.6800,46842.9780,3.2000,5.2200,0.5170,0.5170,0.8200,10.6655,9.0356,0.8331,2.8702,2.6847,217198.4125,215711.9909,215711.9909,914405.3166,908147.4817,0.9896,0.9896,5.6250
2020-02-17,4.2200,4.3400,4.1900,4.3400,220774.7400,94134.2820,3.3000,5.3800,1.0235,1.0235,1.6800,10.9948,9.3146,0.8588,2.9588,2.7676,217198.4125,215711.9909,215711.9909,942641.1103,936190.0405,0.9600,0.9600,5.4545
2020-02-18,4.3100,4.3200,4.2500,4.2900,193346.8500,82813.6040,3.2600,5.3100,0.8963,0.8963,1.3000,10.8681,9.2073,0.8489,2.9247,2.7357,217198.4125,215711.9909,215711.9909,931781.1896,925404.4410,0.9712,0.9712,5.5215
2020-02-19,4.2700,4.3200,4.2600,4.2800,137674.8200,59118.1710,3.2600,5.3000,0.6382,0.6382,0.8600,10.8428,9.1859,0.8469,2.9179,2.7293,217198.4125,215711.9909,215711.9909,929609.2055,923247.3211,0.9734,0.9734,5.5215
2020-02-20,4.2700,4.3900,4.2500,4.3700,247936.2600,107193.3060,3.3200,5.4100,1.1494,1.1494,1.5700,11.0708,9.3790,0.8648,2.9792,2.7867,217198.4125,215711.9909,215711.9909,949157.0626,942661.4002,0.9534,0.9534,5.4217
2020-02-21,4.3500,4.5500,4.3200,4.4400,344989.3600,152559.0980,3.3800,5.5000,1.5993,1.5993,1.8900,11.2481,9.5293,0.8786,3.0270,2.8314,217198.4125,215711.9909,215711.9909,964360.9515,957761.2396,0.9384,0.9384,5.3254
2020-02-24,4.4100,4.4600,4.3500,4.3900,266110.5200,116830.6330,3.3400,5.4400,1.2336,1.2336,1.1600,11.1215,9.4219,0.8687,2.9929,2.7995,217198.4125,215711.9909,215711.9909,953501.0309,946975.6401,0.9490,0.9490,5.3892
2020-02-25,4.3000,4.3500,4.2500,4.3200,228470.8700,98083.6880,3.2900,5.3500,1.0591,1.0591,0.9600,10.9441,9.2717,0.8549,2.9451,2.7548,217198.4125,215711.9909,215711.9909,938297.1420,931875.8007,0.9644,0.9644,5.4711
2020-02-26,4.2800,4.4300,4.2600,4.3400,255102.4600,111194.9620,3.3000,5.3800,1.1826,1.1826,1.0400,10.9948,9.3146,0.8588,2.9588,2.7676,217198.4125,215711.9909,215711.9909,942641.1103,936190.0405,0.9600,0.9600,5.4545
2020-02-27,4.3300,4.3900,4.3100,4.3600,181431.2100,78751.2320,3.3200,5.4000,0.8411,0.8411,0.6800,11.0455,9.3576,0.8628,2.9724,2.7803,217198.4125,215711.9909,215711.9909,946985.0785,940504.2803,0.9556,0.9556,5.4217
2020-02-28,4.2800,4.3300,4.1900,4.2000,226109.5800,96034.9550,3.1900,5.2000,1.0482,1.0482,0.8900,10.6401,9.0142,0.8311,2.8633,2.6783,217198.4125,215711.9909,215711.9909,912233.3325,905990.3618,0.9920,0.9920,5.6426
2020-03-02,4.2100,4.3100,4.2100,4.2900,172826.2200,73786.6640,3.2600,5.3100,0.8012,0.8012,0.7500,10.8681,9.2073,0.8489,2.9247,2.7357,217198.4125,215711.9909,215711.9909,931781.1896,925404.4410,0.9712,0.9712,5.5215
2020-03-03,4.3100,4.3500,4.2700,4.3000,186633.4500,80493.9680,3.2700,5.3300,0.8652,0.8652,0.8800,10.8935,9.2288,0.8509,2.9315,2.7421,217198.4125,215711.9909,215711.9909,933953.1738,927561.5609,0.9689,0.9689,5.5046
2020-03-04,4.2800,4.3600,4.2600,4.3600,172042.0200,74101.8980,3.3200,5.4000,0.7976,0.7976,0.8400,11.0455,9.3576,0.8628,2.9724,2.7803,217198.4125,215711.9909,215711.9909,946985.0785,940504.2803,0.9556,0.9556,5.4217
2020-03-05,4.3800,4.7800,4.3600,4.6300,775445.8200,355562.5170,3.5200,5.7400,3.5948,3.5948,4.1300,11.7295,9.9370,0.9162,3.1565,2.9525,217198.4125,215711.9909,215711.9909,1005628.6499,998746.5179,0.8999,0.8999,5.1136
2020-03-06,4.5400,4.6500,4.4900,4.5000,474607.2000,215919.7470,3.4200,5.5700,2.2002,2.2002,1.5500,11.4001,9.6580,0.8905,3.0679,2.8696,217198.4125,215711.9909,215711.9909,977392.8563,970703.9591,0.9259,0.9259,5.2632
2020-03-09,4.4200,4.4400,4.3200,4.3300,338728.2200,148203.2900,3.2900,5.3600,1.5703,1.5703,0.9500,10.9695,9.2932,0.8568,2.9520,2.7612,217198.4125,215711.9909,215711.9909,940469.1261,934032.9206,0.9622,0.9622,5.4711
2020-03-10,4.2900,4.4500,4.2900,4.4200,345165.8400,151377.7400,3.3600,5.4800,1.6001,1.6001,0.8900,11.1975,9.4863,0.8746,3.0133,2.8186,217198.4125,215711.9909,215711.9909,960016.9833,953446.9998,0.9426,0.9426,5.3571
2020-03-11,4.4200,4.4400,4.3500,4.3600,253065.9300,110974.3790,3.3200,5.4000,1.1732,1.1732,0.6000,11.0455,9.3576,0.8628,2.9724,2.7803,217198.4125,215711.9909,215711.9909,946985.0785,940504.2803,0.9556,0.9556,5.4217
2020-03-12,4.3600,4.4500,4.3300,4.4000,291959.6900,127883.9010,3.3500,5.4500,1.3535,1.3535,0.6700,11.1468,9.4434,0.8707,2.9997,2.8059,217198.4125,215711.9909,215711.9909,955673.0150,949132.7600,0.9469,0.9469,5.3731
2020-03-13,4.2200,4.5500,4.2200,4.5400,481029.6700,210244.3260,3.4500,5.6200,2.2300,2.2300,1.4100,11.5015,9.7439,0.8984,3.0951,2.8951,217198.4125,215711.9909,215711.9909,986080.7928,979332.4387,0.9177,0.9177,5.2174
2020-03-16,4.5000,4.5000,4.2800,4.3000,411623.2900,180479.5140,3.2700,5.3300,1.9082,1.9082,1.2000,10.8935,9.2288,0.8509,2.9315,2.7421,217198.4125,215711.9909,215711.9909,933953.1738,927561.5609,0.9689,0.9689,5.5046
2020-03-17,4.3200,4.3600,4.2100,4.3000,225873.0200,97136.4410,3.2700,5.3300,1.0471,1.0471,0.6300,10.8935,9.2288,0.8509,2.9315,2.7421,217198.4125,215711.9909,215711.9909,933953.1738,927561.5609,0.9689,0.9689,5.5046
2020-03-18,4.3100,4.3200,4.2000,4.2000,235549.1500,100389.5110,3.1900,5.2000,1.0920,1.0920,0.7100,10.6401,9.0142,0.8311,2.8633,2.6783,217198.4125,215711.9909,215711.9909,912233.3325,905990.3618,0.9920,0.9920,5.6426
2020-03-19,4.1800,4.2300,4.0700,4.1500,216445.3300,89654.8630,3.1600,5.1400,1.0034,1.0034,0.6600,10.5135,8.9069,0.8212,2.8293,2.6464,217198.4125,215711.9909,215711.9909,901373.4119,895204.7622,1.0039,1.0039,5.6962
2020-03-20,4.1700,4.2000,4.1300,4.1800,139855.6600,58212.5580,3.1800,5.1800,0.6483,0.6483,0.4500,10.5895,8.9712,0.8272,2.8497,2.6656,217198.4125,215711.9909,215711.9909,907889.3643,901676.1220,0.9967,0.9967,5.6604
2020-03-23,4.0900,4.1200,4.0500,4.0600,138069.9800,56330.3760,3.0900,5.0300,0.6401,0.6401,0.5600,10.2855,8.7137,0.8034,2.7679,2.5890,217198.4125,215711.9909,215711.9909,881825.5548,875790.6831,1.0262,1.0262,5.8252
2020-03-24,4.1100,4.1500,4.0800,4.1200,105319.9300,43347.1120,3.1300,5.1000,0.4882,0.4882,0.5500,10.4375,8.8425,0.8153,2.8088,2.6273,217198.4125,215711.9909,215711.9909,894857.4595,888733.4025,1.0112,1.0112,5.7508
2020-03-25,4.1800,4.2100,4.1300,4.1700,161741.4000,67487.8030,3.1700,5.1700,0.7498,0.7498,0.9700,10.5641,8.9498,0.8252,2.8429,2.6592,217198.4125,215711.9909,215711.9909,905717.3801,899519.0021,0.9991,0.9991,5.6782
2020-03-26,4.1400,4.2100,4.1300,4.1400,106453.4000,44270.9650,3.1500,5.1300,0.4935,0.4935,0.7000,10.4881,8.8854,0.8192,2.8224,2.6401,217198.4125,215711.9909,215711.9909,899201.4278,893047.6423,1.0064,1.0064,5.7143
2020-03-27,4.1800,4.2000,4.1400,4.1500,88678.2000,36905.6400,3.1600,5.1400,0.4111,0.4111,0.6800,10.5135,8.9069,0.8212,2.8293,2.6464,217198.4125,215711.9909,215711.9909,901373.4119,895204.7622,1.0039,1.0039,5.6962
2020-03-30,4.1200,4.1500,4.0800,4.1100,86161.7100,35395.4930,3.1300,5.0900,0.3994,0.3994,0.7200,10.4121,8.8210,0.8133,2.8020,2.6209,217198.4125,215711.9909,215711.9909,892685.4754,886576.2826,1.0137,1.0137,5.7508
2020-03-31,4.1500,4.1700,4.1100,4.1200,73689.8000,30507.0430,3.1300,5.1000,0.3416,0.3416,0.6700,8.8365,8.8365,0.7851,2.6286,2.6286,217198.4125,215711.9909,215711.9909,894857.4595,888733.4025,1.0112,1.0112,5.7508
2020-04-01,4.1200,4.2000,4.1200,4.1600,120687.6000,50318.6410,3.1600,5.1500,0.5595,0.5595,1.1700,8.9223,8.9223,0.7927,2.6541,2.6541,217198.4125,215711.9909,215711.9909,903545.3960,897361.8821,1.0015,1.0015,5.6962
2020-04-02,4.1300,4.2100,4.1200,4.2000,100269.3600,41873.7530,3.1900,5.2000,0.4648,0.4648,1.0500,9.0081,9.0081,0.8003,2.6796,2.6796,217199.2081,215712.7866,215712.7866,912236.6740,905993.7037,0.9920,0.9920,5.6426
2020-04-03,4.1800,4.2200,4.1600,4.1800,98279.4200,41130.7960,3.1800,5.1800,0.4556,0.4556,1.0500,8.9652,8.9652,0.7965,2.6669,2.6669,217199.2081,215712.7866,215712.7866,907892.6899,901679.4480,0.9967,0.9967,5.6604
2020-04-07,4.2300,4.2600,4.2000,4.2300,122038.8000,51600.6250,3.2200,5.2400,0.5657,0.5657,1.2700,9.0724,9.0724,0.8061,2.6988,2.6988,217199.2081,215712.7866,215712.7866,918752.6503,912465.0873,0.9849,0.9849,5.5901
2020-04-08,4.2000,4.2400,4.2000,4.2300,98090.4000,41377.7880,3.2200,5.2400,0.4547,0.4547,0.9500,9.0724,9.0724,0.8061,2.6988,2.6988,217199.2081,215712.7866,215712.7866,918752.6503,912465.0873,0.9849,0.9849,5.5901
2020-04-09,4.2300,4.2400,4.2100,4.2100,77907.7700,32915.1050,3.2000,5.2200,0.3612,0.3612,0.7200,9.0295,9.0295,0.8023,2.6860,2.6860,217199.2081,215712.7866,215712.7866,914408.6661,908150.8316,0.9896,0.9896,5.6250
2020-04-10,4.2100,4.2400,4.1700,4.1900,111711.2600,47037.7090,3.1900,5.1900,0.5179,0.5179,1.1200,8.9866,8.9866,0.7984,2.6732,2.6732,217199.2081,215712.7866,215712.7866,910064.6819,903836.5759,0.9943,0.9943,5.6426
2020-04-13,4.1700,4.1900,4.1700,4.1800,57993.1500,24227.2440,3.1800,5.1800,0.2688,0.2688,0.5700,8.9652,8.9652,0.7965,2.6669,2.6669,217199.2081,215712.7866,215712.7866,907892.6899,901679.4480,0.9967,0.9967,5.6604
2020-04-14,4.1800,4.2200,4.1800,4.2200,66127.6100,27794.1130,3.2100,5.2300,0.3066,0.3066,0.7100,9.0510,9.0510,0.8042,2.6924,2.6924,217199.2081,215712.7866,215712.7866,916580.6582,910307.9595,0.9873,0.9873,5.6075
2020-04-15,4.2000,4.2300,4.1800,4.1900,66011.2000,27704.9000,3.1900,5.1900,0.3060,0.3060,0.8000,8.9866,8.9866,0.7984,2.6732,2.6732,217199.2081,215712.7866,215712.7866,910064.6819,903836.5759,0.9943,0.9943,5.6426
2020-04-16,4.1900,4.2400,4.1700,4.2300,107305.4000,45148.5220,3.2200,5.2400,0.4974,0.4974,1.4100,9.0724,9.0724,0.8061,2.6988,2.6988,217199.2081,215712.7866,215712.7866,918752.6503,912465.0873,0.9849,0.9849,5.5901
2020-04-17,4.2300,4.2500,4.1900,4.2000,106171.9000,44817.8060,3.1900,5.2000,0.4922,0.4922,1.3000,9.0081,9.0081,0.8003,2.6796,2.6796,217199.2081,215712.7866,215712.7866,912236.6740,905993.7037,0.9920,,5.6426
2020-04-20,4.2000,4.2200,4.1700,4.2000,59639.2500,24968.2080,3.1900,5.2000,0.2765,0.2765,0.7400,9.0081,9.0081,0.8003,2.6796,2.6796,217199.2081,215712.7866,215712.7866,912236.6740,905993.7037,0.9920,,5.6426
2020-04-21,4.1900,4.2100,4.1400,4.2000,102174.0000,42621.3260,3.1900,5.2000,0.4737,0.4737,1.2600,9.0081,9.0081,0.8003,2.6796,2.6796,217199.2081,215712.7866,215712.7866,912236.6740,905993.7037,0.9920,,5.6426
2020-04-22,4.1800,4.1800,4.1500,4.1700,64893.1600,27043.2410,3.1700,5.1700,0.3008,0.3008,0.7400,8.9437,8.9437,0.7946,2.6605,2.6605,217199.2081,215712.7866,215712.7866,905720.6978,899522.3201,0.9991,,5.6782
2020-04-23,4.1800,4.1900,4.1600,4.1600,71525.9600,29849.6570,3.1600,5.1500,0.3316,0.3316,0.8100,8.9223,8.9223,0.7927,2.6541,2.6541,217199.2081,215712.7866,215712.7866,903548.7057,897365.1923,1.0015,,5.6962
2020-04-24,4.1600,4.1700,4.1000,4.1200,70669.0900,29212.8000,3.1300,5.1000,0.3276,0.3276,0.8700,8.8365,8.8365,0.7851,2.6286,2.6286,217199.2081,215712.7866,215712.7866,894860.7374,888736.6808,1.0112,,5.7508
2020-04-27,4.1200,4.2100,4.1100,4.1400,158088.1800,65800.6070,3.1500,5.1300,0.7329,0.7329,2.1400,8.8794,8.7395,0.7733,2.6413,2.6644,217199.2081,215712.7866,215712.7866,899204.7215,893050.9365,1.0064,,5.7143
2020-04-28,4.1200,4.1300,4.0300,4.0800,144268.5200,58774.9640,3.1000,5.0500,0.6688,0.6688,1.5400,8.7507,8.6128,0.7621,2.6031,2.6258,217199.2081,215712.7866,215712.7866,886172.7690,880108.1693,1.0212,,5.8065
2020-04-29,4.0700,4.1300,4.0600,4.1100,81374.8000,33409.9200,3.1300,5.0900,0.3772,0.3772,0.8000,8.8151,8.6762,0.7677,2.6222,2.6451,217199.2209,215712.7994,215712.7866,892688.7979,886579.6055,1.0137,,5.7508
2020-04-30,4.1200,4.1700,4.1200,4.1500,91170.6800,37850.2800,3.1600,5.1400,0.4226,0.4226,0.8700,8.9008,8.7606,0.7751,2.6477,2.6709,217199.2209,215718.7994,215718.7994,901376.7667,895233.0175,1.0039,,5.6962
2020-05-06,4.1200,4.1500,4.1100,4.1300,104003.2000,42906.4990,3.1400,5.1200,0.4821,0.4821,0.9500,8.8579,8.7184,0.7714,2.6350,2.6580,217199.2209,215718.7994,215718.7994,897032.7823,890918.6415,1.0088,,5.7325
2020-05-07,4.1300,4.1400,4.0900,4.1100,86867.2800,35737.0470,3.1300,5.0900,0.4027,0.4027,0.7500,8.8151,8.6762,0.7677,2.6222,2.6451,217199.2209,215718.7994,215718.7994,892688.7979,886604.2655,1.0137,,5.7508
2020-05-08,4.1200,4.1600,4.1100,4.1400,102634.2000,42427.2250,3.1500,5.1300,0.4758,0.4758,1.0100,8.8794,8.7395,0.7733,2.6413,2.6644,217199.2209,215718.7994,215718.7994,899204.7745,893075.8295,1.0064,,5.7143
2020-05-11,4.1400,4.1600,4.1100,4.1200,70450.3900,29140.7140,3.1300,5.1000,0.3266,0.3266,0.7600,8.8365,8.6973,0.7695,2.6286,2.6516,217199.2209,215718.7994,215718.7994,894860.7901,888761.4535,1.0112,,5.7508
2020-05-12,4.1200,4.1400,4.1000,4.1100,56797.7800,23361.8930,3.1300,5.0900,0.2633,0.2633,0.6200,8.8151,8.6762,0.7677,2.6222,2.6451,217199.2209,215718.7994,215718.7994,892688.7979,886604.2655,1.0137,,5.7508
2020-05-13,4.1000,4.1200,4.0900,4.1000,58101.8000,23831.4380,3.1200,5.0800,0.2693,0.2693,0.6900,8.7936,8.6551,0.7658,2.6158,2.6387,217199.2209,215718.7994,215718.7994,890516.8057,884447.0775,1.0162,,5.7692
2020-05-14,4.0900,4.1000,4.0800,4.0800,50180.0600,20518.8030,3.1000,5.0500,0.2326,0.2326,0.6700,8.7507,8.6128,0.7621,2.6031,2.6258,217199.2209,215718.7994,215718.7994,886172.8213,880132.7016,1.0212,,5.8065
2020-05-15,4.0900,4.1100,4.0800,4.0900,52515.2700,21502.7680,3.1100,5.0700,0.2434,0.2434,0.7800,8.7722,8.6340,0.7639,2.6094,2.6323,217199.2209,215718.7994,215718.7994,888344.8135,882289.8895,1.0187,,5.7878
2020-05-18,4.0800,4.1100,4.0700,4.0900,57526.2800,23532.9610,3.1100,5.0700,0.2667,0.2667,1.0000,8.7722,8.6340,0.7639,2.6094,2.6323,217199.2209,215718.7994,215718.7994,888344.8135,882289.8895,1.0187,,5.7878
2020-05-19,4.1100,4.1100,4.0900,4.1000,56911.0100,23315.4270,3.1200,5.0800,0.2638,0.2638,1.0300,8.7936,8.6551,0.7658,2.6158,2.6387,217199.2209,215718.7994,215718.7994,890516.8057,884447.0775,1.0162,,5.7692
2020-05-20,4.1000,4.1100,4.0700,4.0900,89874.7200,36727.9510,3.1100,5.0700,0.4166,0.4166,1.6300,8.7722,8.6340,0.7639,2.6094,2.6323,217199.2209,215718.7994,215718.7994,888344.8135,882289.8895,1.0187,,5.7878
2020-05-21,4.0900,4.0900,4.0500,4.0600,77279.6000,31447.6630,3.0900,5.0300,0.3582,0.3582,1.2600,8.7078,8.5706,0.7583,2.5903,2.6130,217199.2209,215718.7994,215718.7994,881828.8369,875818.3256,1.0262,,5.8252
2020-05-22,4.0500,4.0600,4.0200,4.0300,73678.4200,29759.7010,3.0700,4.9900,0.3415,0.3415,1.1000,8.6435,8.5073,0.7527,2.5712,2.5936,217199.2209,215718.7994,215718.7994,875312.8602,869346.7616,1.0338,,5.8632
2020-05-25,4.0300,4.0400,4.0100,4.0300,48228.0000,19407.9680,3.0700,4.9900,0.2236,0.2236,0.6800,8.6435,8.5073,0.7527,2.5712,2.5936,217199.2209,215718.7994,215718.7994,875312.8602,869346.7616,1.0338,,5.8632
2020-05-26,4.0200,4.0500,4.0200,4.0400,85975.2200,34679.7410,3.0700,5.0000,0.3986,0.3986,1.2400,8.6649,8.5284,0.7546,2.5775,2.6001,217199.2209,215718.7994,215718.7994,877484.8524,871503.9496,1.0313,,5.8632
2020-05-27,4.0400,4.0600,4.0200,4.0300,92261.4000,37222.0690,3.0700,4.9900,0.4277,0.4277,1.2300,8.6435,8.5073,0.7527,2.5712,2.5936,217199.2209,215718.7994,215718.7994,875312.8602,869346.7616,1.0338,,5.8632
2020-05-28,4.0400,4.0800,4.0200,4.0600,99227.4400,40233.0790,3.0900,5.0300,0.4600,0.4600,1.3100,8.7078,8.5706,0.7583,2.5903,2.6130,217199.2209,215718.7994,215718.7994,881828.8369,875818.3256,1.0262,,5.8252
2020-05-29,4.0500,4.0500,4.0300,4.0300,62823.0700,25366.8580,3.0700,4.9900,0.2912,0.2912,0.7900,8.6435,8.5073,0.7527,2.5712,2.5936,217199.2209,215718.7994,215718.7994,875312.8602,869346.7616,1.0338,,5.8632
2020-06-01,4.0400,4.0800,4.0300,4.0800,94451.1700,38402.4370,3.1000,5.0500,0.4378,0.4378,1.2200,8.7507,8.6128,0.7621,2.6031,2.6258,217199.2209,215718.7994,215718.7994,886172.8213,880132.7016,1.0212,,5.8065
2020-06-02,4.0900,4.1300,4.0800,4.1000,105840.6300,43456.7100,3.1200,5.0800,0.4906,0.4906,1.2200,8.7936,8.6551,0.7658,2.6158,2.6387,217199.2209,215718.7994,215718.7994,890516.8057,884447.0775,1.0162,,5.7692
2020-06-03,4.1200,4.1700,4.1000,4.1200,123857.0300,51204.1730,3.1300,5.1000,0.5742,0.5742,1.3600,8.8365,8.6973,0.7695,2.6286,2.6516,217199.2209,215718.7994,215718.7994,894860.7901,888761.4535,1.0112,,5.7508
2020-06-04,4.1000,4.1400,4.1000,4.1100,62501.4000,25725.5740,3.1300,5.0900,0.2897,0.2897,0.6400,8.8151,8.6762,0.7677,2.6222,2.6451,217199.2209,215718.7994,215718.7994,892688.7979,886604.2655,1.0137,,5.7508
2020-06-05,4.1200,4.1500,4.1000,4.1500,92372.5300,38068.3610,3.1600,5.1400,0.4282,0.4282,1.0300,8.9008,8.7606,0.7751,2.6477,2.6709,217199.2209,215718.7994,215718.7994,901376.7667,895233.0175,1.0039,,5.6962
2020-06-08,4.1400,4.1500,4.1200,4.1400,138383.5000,57238.4950,3.1500,5.1300,0.6415,0.6415,1.4400,8.8794,8.7395,0.7733,2.6413,2.6644,217199.2209,215718.7994,215718.7994,899204.7745,893075.8295,1.0064,,5.7143
2020-06-09,3.9500,3.9600,3.9100,3.9200,162454.8600,63782.1230,3.1200,5.0800,0.7531,0.7531,1.5500,8.4075,8.2751,0.7577,2.5010,2.5228,217199.2209,215718.7994,215718.7994,851420.9459,845617.6936,1.0628,4.5918,5.7692
2020-06-10,3.9300,3.9300,3.8900,3.8900,79261.0000,30954.4100,3.0900,5.0400,0.3674,0.3674,0.6800,8.3432,8.2118,0.7519,2.4818,2.5035,217199.2209,215718.7994,215718.7994,844904.9693,839146.1297,1.0710,4.6272,5.8252
2020-06-11,3.9000,3.9200,3.8700,3.8700,76886.0000,29930.5840,3.0800,5.0100,0.3564,0.3564,0.7200,8.3003,8.1695,0.7480,2.4691,2.4907,217199.2209,215718.7994,215718.7994,840560.9849,834831.7537,1.0766,4.6512,5.8442
2020-06-12,3.8300,3.8700,3.8300,3.8500,117219.4000,45102.9880,3.0600,4.9900,0.5434,0.5434,1.0700,8.2574,8.1273,0.7441,2.4563,2.4778,217199.2209,215718.7994,215718.7994,836217.0005,830517.3777,1.0822,4.6753,5.8824
2020-06-15,3.8600,3.8700,3.8300,3.8400,83756.7200,32210.9340,3.0500,4.9700,0.3883,0.3883,0.7300,8.2360,8.1062,0.7422,2.4499,2.4714,217199.2209,215718.7994,215718.7994,834045.0083,828360.1897,1.0850,4.6875,5.9016
2020-06-16,3.8400,3.8700,3.8400,3.8600,66277.6200,25577.5100,3.0700,5.0000,0.3072,0.3072,0.6400,8.2789,8.1484,0.7461,2.4627,2.4842,217199.2209,215718.7994,215718.7994,838388.9927,832674.5657,1.0794,4.6632,5.8632
2020-06-17,3.8600,3.8700,3.8400,3.8600,59176.0000,22812.7610,3.0700,5.0000,0.2743,0.2743,0.7000,8.2789,8.1484,0.7461,2.4627,2.4842,217199.2209,215718.7994,215718.7994,838388.9927,832674.5657,1.0794,4.6632,5.8632
2020-06-18,3.8600,3.9100,3.8400,3.8900,85719.0700,33204.1780,3.0900,5.0400,0.3974,0.3974,1.0600,8.3432,8.2118,0.7519,2.4818,2.5035,217199.2209,215718.7994,215718.7994,844904.9693,839146.1297,1.0710,4.6272,5.8252
2020-06-19,3.8800,3.9200,3.8700,3.9100,104007.0300,40471.5500,3.1100,5.0600,0.4821,0.4821,1.2600,8.3861,8.2540,0.7557,2.4946,2.5164,217199.2209,215718.7994,215718.7994,849248.9537,843460.5057,1.0656,4.6036,5.7878
2020-06-22,3.8900,3.9600,3.8900,3.9100,117313.6000,46033.6000,3.1100,5.0600,0.5438,0.5438,1.4700,8.3861,8.2540,0.7557,2.4946,2.5164,217199.2209,215718.7994,215718.7994,849248.9537,843460.5057,1.0656,4.6036,5.7878
2020-06-23,3.9000,3.9100,3.8700,3.8800,69579.7200,27014.8760,3.0900,5.0200,0.3225,0.3225,0.8000,8.3218,8.1906,0.7499,2.4755,2.4971,217199.2209,215718.7994,215718.7994,842732.9771,836988.9417,1.0738,4.6392,5.8252
2020-06-24,3.8800,4.0500,3.8800,3.9500,239520.9100,94904.5770,3.1400,5.1200,1.1103,1.1103,2.7500,8.4719,8.3384,0.7635,2.5201,2.5422,217199.2209,215718.7994,215718.7994,857936.9226,852089.2576,1.0548,4.5570,5.7325
2020-06-29,3.9600,3.9800,3.8900,3.9000,125892.2800,49354.1780,3.1000,5.0500,0.5836,0.5836,1.0200,8.3646,8.2329,0.7538,2.4882,2.5100,217199.2209,215718.7994,215718.7994,847076.9615,841303.3177,1.0683,4.6154,5.8065
2020-06-30,3.9000,3.9800,3.8900,3.9300,128511.3400,50419.3450,3.1300,5.0900,0.5957,0.5957,0.9800,8.4290,8.2962,0.7596,2.5074,2.5293,217199.2209,215718.7994,215718.7994,853592.9381,847774.8816,1.0601,4.5802,5.7508
2020-07-01,3.9200,4.0000,3.9000,3.9600,199682.3800,78862.3600,3.1500,5.1300,0.9257,0.9257,1.4700,8.4933,8.3595,0.7654,2.5265,2.5486,217199.2209,215718.7994,215718.7994,860108.9148,854246.4456,1.0521,4.5455,5.7143
2020-07-02,3.9800,4.0900,3.9500,4.0800,379635.7600,153225.7740,3.2400,5.2800,1.7625,1.7625,2.4900,8.7507,8.6128,0.7886,2.6031,2.6258,217199.2453,215390.2358,215390.2358,886172.9208,878792.1621,1.0212,4.4118,5.5556
2020-07-03,4.0800,4.2100,4.0700,4.2000,513489.9100,212990.1990,3.3400,5.4400,2.3840,2.3840,2.3900,9.0081,8.8662,0.8118,2.6796,2.7031,217199.2453,215390.2358,215390.2358,912236.8303,904638.9904,0.9920,4.2857,5.3892
2020-07-06,4.2600,4.6200,4.2500,4.6200,936761.6700,418450.0340,3.6700,5.9800,4.3491,4.3491,3.4800,9.9089,9.7528,0.8930,2.9476,2.9734,217199.2453,215390.2358,215390.2358,1003460.5133,995102.8894,0.9018,3.8961,4.9046
2020-07-07,4.8000,4.8100,4.4400,4.4600,946464.2900,434496.6630,3.5500,5.7800,4.3942,4.3942,2.1900,9.5657,9.4150,0.8620,2.8455,2.8704,217199.2453,215390.2358,215390.2358,968708.6340,960640.4517,0.9341,4.0359,5.0704
2020-07-08,4.4100,4.8000,4.3800,4.6900,1000566.6900,463547.6960,3.7300,6.0700,4.6454,4.6454,1.6800,10.0590,9.9005,0.9065,2.9922,3.0184,217199.2453,215390.2358,215390.2358,1018664.4605,1010180.2059,0.8883,3.8380,4.8257
2020-07-09,4.6500,4.9900,4.6100,4.8200,1002161.1000,482923.8190,3.8300,6.2400,4.6528,4.6528,1.3300,10.3378,10.1750,0.9316,3.0752,3.1021,217199.2453,215390.2358,215390.2358,1046900.3623,1038180.9366,0.8644,3.7344,4.6997
2020-07-10,4.7400,4.7700,4.5500,4.5500,667700.4900,309422.8870,3.6200,5.8900,3.1000,3.1000,0.7600,9.7588,9.6050,0.8794,2.9029,2.9283,217199.2453,215390.2358,215390.2358,988256.5661,980025.5729,0.9157,3.9560,4.9724
2020-07-13,4.5000,4.6500,4.4400,4.5700,490359.2000,222811.9430,3.6300,5.9200,2.2766,2.2766,0.5400,9.8017,9.6472,0.8833,2.9157,2.9412,217199.2453,215390.2358,215390.2358,992600.5510,984333.3776,0.9117,3.9387,4.9587
2020-07-14,4.5600,4.5700,4.4500,4.5100,342790.8100,154517.2840,3.5900,5.8400,1.5915,1.5915,0.4200,9.6730,9.5206,0.8717,2.8774,2.9026,217199.2453,215390.2358,215390.2358,979568.5963,971409.9635,0.9238,3.9911,5.0139
2020-07-15,4.5200,4.5500,4.3500,4.4200,340926.9200,151558.7550,3.5100,5.7200,1.5828,1.5828,0.4900,9.4799,9.3306,0.8543,2.8200,2.8446,217199.2453,215390.2358,215390.2358,960020.6642,952024.8422,0.9426,4.0724,5.1282
2020-07-16,4.4300,4.6600,4.4100,4.4600,718201.6000,325544.3300,3.5500,5.7800,3.3344,3.3344,1.2600,9.5657,9.4150,0.8620,2.8455,2.8704,217199.2453,215390.2358,215390.2358,968708.6340,960640.4517,0.9341,4.0359,5.0704
2020-07-17,4.4700,4.6600,4.4600,4.4800,534388.5400,243118.6710,3.5600,5.8000,2.4810,2.4810,1.0400,9.6086,9.4572,0.8659,2.8583,2.8833,217199.2453,215390.2358,215390.2358,973052.6189,964948.2564,0.9300,4.0179,5.0562
2020-07-20,4.5200,4.6800,4.4100,4.6600,679544.4600,311182.3850,3.7100,6.0400,3.1549,3.1549,1.4000,9.9947,9.8372,0.9007,2.9731,2.9991,217199.2453,215390.2358,215390.2358,1012148.4831,1003718.4988,0.8941,3.8627,4.8518
2020-07-21,4.6100,4.6500,4.5200,4.5600,391118.2600,178670.9110,3.6300,5.9100,1.8159,1.8159,0.7500,9.7802,9.6261,0.8814,2.9093,2.9347,217199.2453,215390.2358,215390.2358,990428.5586,982179.4752,0.9137,3.9474,4.9587
2020-07-22,4.5400,4.6100,4.4400,4.5200,394231.8800,178513.6620,3.5900,5.8500,1.8303,1.8303,0.7400,9.6944,9.5417,0.8736,2.8838,2.9090,217199.2453,215390.2358,215390.2358,981740.5888,973563.8658,0.9217,3.9823,5.0139
2020-07-23,4.4800,4.5100,4.3700,4.4400,294200.1000,130514.2030,3.5300,5.7500,1.3659,1.3659,0.5400,9.5228,9.3728,0.8582,2.8327,2.8575,217199.2453,215390.2358,215390.2358,964364.6491,956332.6470,0.9384,4.0541,5.0992
2020-07-24,4.4200,4.4700,4.2000,4.2400,345216.3300,149589.6420,3.3700,5.4900,1.6027,1.6027,0.7500,9.0939,8.9506,0.8195,2.7051,2.7288,217199.2453,215390.2358,215390.2358,920924.8001,913254.5998,0.9826,4.2453,5.3412
2020-07-27,4.2500,4.2800,4.2000,4.2400,144690.1700,61262.5980,3.3700,5.4900,0.6718,0.6718,0.3400,9.0939,8.9506,0.8195,2.7051,2.7288,217199.2453,215390.2358,215390.2358,920924.8001,913254.5998,0.9826,4.2453,5.3412
2020-07-28,4.2600,4.2900,4.2200,4.2600,124430.5700,52922.5460,3.3900,5.5200,0.5777,0.5777,0.4000,9.1368,8.9928,0.8234,2.7179,2.7417,217199.2453,215390.2358,215390.2358,925268.7850,917562.4045,0.9780,4.2254,5.3097
2020-07-29,4.2400,4.3300,4.2100,4.3100,226539.6400,97171.0160,3.4300,5.5800,1.0518,1.0518,0.8700,9.2440,9.0984,0.8330,2.7498,2.7738,217199.2453,215390.2358,215390.2358,936128.7472,928331.9163,0.9667,4.1763,5.2478
2020-07-30,4.3100,4.3100,4.2300,4.2500,211156.0000,90086.9080,3.3800,5.5000,0.9803,0.9803,0.9300,9.1153,8.9717,0.8214,2.7115,2.7352,217199.2453,215390.2358,215390.2358,923096.7925,915408.5022,0.9803,4.2353,5.3254
2020-07-31,4.2400,4.3200,4.2200,4.2700,281973.7800,120217.4810,3.4000,5.5300,1.3091,1.3091,1.3400,9.1582,9.0139,0.8253,2.7243,2.7481,217199.2453,215390.2358,215390.2358,927440.7774,919716.3069,0.9757,4.2155,5.2941
2020-08-03,4.2900,4.3400,4.2800,4.3300,259175.4000,111642.0730,3.4400,5.6100,1.2033,1.2033,1.3100,9.2869,9.1406,0.8369,2.7626,2.7867,217199.2453,215390.2358,215390.2358,940472.7321,932639.7210,0.9622,4.1570,5.2326
2020-08-04,4.3400,4.4400,4.2900,4.4000,407570.7900,178620.4990,3.5000,5.7000,1.8922,1.8922,1.8500,9.4370,9.2884,0.8504,2.8072,2.8318,217199.2453,215390.2358,215390.2358,955676.6793,947717.0375,0.9469,4.0909,5.1429
2020-08-05,4.3500,4.3700,4.2800,4.3400,232261.4900,100238.1770,3.4500,5.6200,1.0783,1.0783,0.8400,9.3084,9.1617,0.8388,2.7689,2.7932,217199.2453,215390.2358,215390.2358,942644.7246,934793.6234,0.9600,4.1475,5.2174
2020-08-06,4.3200,4.3700,4.2700,4.3300,181335.9000,78231.5410,3.4400,5.6100,0.8419,0.8419,0.6500,9.2869,9.1406,0.8369,2.7626,2.7867,217199.2453,215390.2358,215390.2358,940472.7321,932639.7210,0.9622,4.1570,5.2326
2020-08-07,4.3100,4.3300,4.2300,4.2500,152785.7700,65305.7990,3.3800,5.5000,0.7093,0.7093,0.5600,9.1153,8.9717,0.8214,2.7115,2.7352,217199.2453,215390.2358,215390.2358,923096.7925,915408.5022,0.9803,4.2353,5.3254
2020-08-10,4.2500,4.3200,4.2400,4.2800,144991.0000,62188.3470,3.4000,5.5400,0.6732,0.6732,0.5900,9.1797,9.0350,0.8272,2.7307,2.7545,217199.2453,215390.2358,215390.2358,929612.7699,921870.2092,0.9734,4.2056,5.2941
2020-08-11,4.2800,4.3800,4.2500,4.2600,248973.5300,107759.4600,3.3900,5.5200,1.1559,1.1559,1.1100,9.1368,8.9928,0.8234,2.7179,2.7417,217199.2453,215390.2358,215390.2358,925268.7850,917562.4045,0.9780,4.2254,5.3097
2020-08-12,4.2600,4.3000,4.2200,4.2700,186342.9200,79302.3010,3.4000,5.5300,0.8651,0.8651,0.9700,9.1582,9.0139,0.8253,2.7243,2.7481,217199.2453,215390.2358,215390.2358,927440.7774,919716.3069,0.9757,4.2155,5.2941
2020-08-13,4.2700,4.3100,4.2500,4.2800,144554.8600,61869.6040,3.4000,5.5400,0.6711,0.6711,0.7900,9.1797,9.0350,0.8272,2.7307,2.7545,217199.2453,215390.2358,215390.2358,929612.7699,921870.2092,0.9734,4.2056,5.2941
2020-08-14,4.2700,4.3400,4.2500,4.3400,172688.0600,74287.5040,3.4500,5.6200,0.8017,0.8017,0.9800,9.3084,9.1617,0.8388,2.7689,2.7932,217199.2453,215390.2358,215390.2358,942644.7246,934793.6234,0.9600,4.1475,5.2174
2020-08-17,4.3500,4.5500,4.3400,4.4700,510244.6000,227661.3770,3.5500,5.7900,2.3689,2.3689,2.8400,9.5872,9.4361,0.8640,2.8519,2.8768,217199.2453,215390.2358,215390.2358,970880.6265,962794.3540,0.9321,4.0268,5.0704
2020-08-18,4.4600,4.4900,4.3900,4.4300,266787.2000,118336.1120,3.5200,5.7400,1.2386,1.2386,1.0600,9.5014,9.3517,0.8562,2.8264,2.8511,217199.2453,215390.2358,215390.2358,962192.6567,954178.7446,0.9405,4.0632,5.1136
2020-08-19,4.4300,4.4500,4.3700,4.3900,183949.8000,81136.1550,3.4900,5.6900,0.8540,0.8540,0.7200,9.4156,9.2673,0.8485,2.8008,2.8253,217199.2453,215390.2358,215390.2358,953504.6869,945563.1352,0.9490,4.1002,5.1576
2020-08-20,4.3900,4.3900,4.3000,4.3200,168733.7900,73243.8890,3.4400,5.5900,0.7834,0.7834,0.6600,9.2655,9.1195,0.8350,2.7562,2.7803,217199.2453,215390.2358,215390.2358,938300.7397,930485.8187,0.9644,4.1667,5.2326
2020-08-21,4.3400,4.3600,4.3000,4.3200,126460.7400,54773.0220,3.4400,5.5900,0.5871,0.5871,0.4900,9.2655,9.1195,0.8350,2.7562,2.7803,217199.2453,215390.2358,215390.2358,938300.7397,930485.8187,0.9644,4.1667,5.2326
2020-08-24,4.3400,4.3400,4.3000,4.3200,88449.4800,38219.7420,3.4400,5.5900,0.4106,0.4106,0.3500,9.2655,9.1195,0.8350,2.7562,2.7803,217199.2453,215390.2358,215390.2358,938300.7397,930485.8187,0.9644,4.1667,5.2326
2020-08-25,4.3300,4.3500,4.2900,4.3100,106112.1500,45814.9260,3.4300,5.5800,0.4927,0.4927,0.6400,9.2440,9.0984,0.8330,2.7498,2.7738,217199.2453,215390.2358,215390.2358,936128.7472,928331.9163,0.9667,4.1763,5.2478
2020-08-26,4.3000,4.3200,4.2600,4.2700,112520.8000,48195.8110,3.4000,5.5300,0.5224,0.5224,0.8400,9.1582,9.0139,0.8253,2.7243,2.7481,217199.2453,215390.2358,215390.2358,927440.7774,919716.3069,0.9757,4.2155,5.2941
2020-08-27,4.2800,4.3100,4.2600,4.3000,116681.7600,50067.8120,3.4200,5.5700,0.5417,0.5417,0.9700,9.2226,9.1666,0.8278,2.7434,2.7413,217199.2453,215390.2358,215390.2358,933956.7548,926178.0139,0.9689,4.1860,5.2632
2020-08-28,4.2900,4.4000,4.2800,4.3900,272475.1100,118678.9630,3.4900,5.6900,1.2650,1.2650,2.4800,9.4156,9.3585,0.8451,2.8008,2.7987,217199.2453,215390.2358,215390.2358,953504.6869,945563.1352,0.9490,4.1002,5.1576
2020-08-31,4.4000,4.4200,4.3200,4.3200,194282.2900,84921.7410,3.4400,5.5900,0.9020,0.9020,1.4000,9.2655,9.2092,0.8316,2.7562,2.7541,217199.2453,215390.2358,215390.2358,938300.7397,930485.8187,0.9644,4.1667,5.2326
2020-09-01,4.3000,4.3300,4.2800,4.3200,105848.5100,45546.7940,3.4400,5.5900,0.4914,0.4914,0.6600,9.2655,9.2092,0.8316,2.7562,2.7541,217199.2453,215390.2358,215390.2358,938300.7397,930485.8187,0.9644,4.1667,5.2326
2020-09-02,4.3200,4.3200,4.2700,4.2900,134257.0800,57601.0960,3.4100,5.5600,0.6233,0.6233,0.8400,9.2011,9.1453,0.8259,2.7370,2.7350,217199.2453,215390.2358,215390.2358,931784.7623,924024.1116,0.9712,4.1958,5.2786
2020-09-03,4.2900,4.3200,4.2400,4.2500,180624.5900,77191.6340,3.3800,5.5000,0.8386,0.8386,1.1000,9.1153,9.0600,0.8182,2.7115,2.7095,217199.2453,215390.2358,215390.2358,923096.7925,915408.5022,0.9803,4.2353,5.3254
2020-09-04,4.2200,4.2300,4.1700,4.2000,168443.0900,70690.5560,3.3400,5.4400,0.7820,0.7820,0.9500,9.0081,8.9534,0.8085,2.6796,2.6776,217199.2453,215390.2358,215390.2358,912236.8303,904638.9904,0.9920,4.2857,5.3892
2020-09-07,4.1800,4.2200,4.1600,4.1600,148776.1400,62324.6980,3.3100,5.3900,0.6907,0.6907,0.9500,8.9223,8.8682,0.8008,2.6541,2.6521,217199.2453,215390.2358,215390.2358,903548.8604,896023.3809,1.0015,4.3269,5.4381
2020-09-08,4.1700,4.2300,4.1600,4.2200,142237.5000,59781.7660,3.3600,5.4700,0.6604,0.6604,0.9600,9.0510,8.9961,0.8124,2.6924,2.6903,217199.2453,215390.2358,215390.2358,916580.8152,908946.7951,0.9873,4.2654,5.3571
2020-09-09,4.1900,4.2800,4.1800,4.2400,198203.9800,83965.9710,3.3700,5.4900,0.9202,0.9202,1.2800,9.0939,9.0387,0.8162,2.7051,2.7031,217199.2453,215390.2358,215390.2358,920924.8001,913254.5998,0.9826,4.2453,5.3412
2020-09-10,4.2400,4.2600,4.1700,4.1800,180820.2600,76013.0820,3.3200,5.4100,0.8395,0.8395,1.0800,8.9652,8.9108,0.8047,2.6669,2.6648,217199.2453,215390.2358,215390.2358,907892.8454,900331.1856,0.9967,4.3062,5.4217
2020-09-11,4.1700,4.1900,4.1300,4.1600,129422.0000,53839.1790,3.3100,5.3900,0.6009,0.6009,0.7700,8.9223,8.8682,0.8008,2.6541,2.6521,217199.2453,215390.2358,215390.2358,903548.8604,896023.3809,1.0015,4.3269,5.4381
2020-09-14,4.1600,4.1900,4.1400,4.1800,117819.4200,49061.4350,3.3200,5.4100,0.5470,0.5470,0.7400,8.9652,8.9108,0.8047,2.6669,2.6648,217199.2453,215390.2358,215390.2358,907892.8454,900331.1856,0.9967,4.3062,5.4217
2020-09-15,4.1600,4.1800,4.1500,4.1700,62429.2200,25990.8890,3.3200,5.4000,0.2898,0.2898,0.4100,8.9437,8.8895,0.8028,2.6605,2.6585,217199.2453,215390.2358,215390.2358,905720.8529,898177.2833,0.9991,4.3165,5.4217
2020-09-16,4.1700,4.2100,4.1500,4.1800,82647.9100,34569.0990,3.3200,5.4100,0.3837,0.3837,0.6000,8.9652,8.9108,0.8047,2.6669,2.6648,217199.2453,215390.2358,215390.2358,907892.8454,900331.1856,0.9967,4.3062,5.4217
2020-09-17,4.1700,4.2000,4.1500,4.1800,77034.1000,32161.3710,3.3200,5.4100,0.3576,0.3576,0.6700,8.9652,8.9108,0.8047,2.6669,2.6648,217199.2453,215390.2358,215390.2358,907892.8454,900331.1856,0.9967,4.3062,5.4217
2020-09-18,4.1800,4.2600,4.1600,4.2500,180587.6200,76276.7100,3.3800,5.5000,0.8384,0.8384,1.8900,9.1153,9.0600,0.8182,2.7115,2.7095,217199.2453,215390.2358,215390.2358,923096.7925,915408.5022,0.9803,4.2353,5.3254
2020-09-21,4.2500,4.2700,4.2100,4.2200,117621.8200,49782.6610,3.3600,5.4700,0.5461,0.5461,1.1300,9.0510,8.9961,0.8124,2.6924,2.6903,217199.2453,215390.2358,215390.2358,916580.8152,908946.7951,0.9873,4.2654,5.3571
2020-09-22,4.2100,4.2900,4.1800,4.1900,148082.3900,62492.0510,3.3300,5.4300,0.6875,0.6875,1.4200,8.9866,8.9321,0.8066,2.6732,2.6712,217199.2453,215390.2358,215390.2358,910064.8378,902485.0880,0.9943,4.2959,5.4054
2020-09-23,4.1900,4.2100,4.1600,4.1800,83061.2000,34717.4650,3.3200,5.4100,0.3856,0.3856,0.6900,8.9652,8.9108,0.8047,2.6669,2.6648,217199.2453,215390.2358,215390.2358,907892.8454,900331.1856,0.9967,4.3062,5.4217
2020-09-24,4.1700,4.1700,4.1300,4.1500,103279.6600,42832.5660,3.3000,5.3700,0.4795,0.4795,0.8500,8.9008,8.8468,0.7989,2.6477,2.6457,217199.2453,215390.2358,215390.2358,901376.8680,893869.4786,1.0039,4.3373,5.4545
2020-09-25,4.1500,4.1500,4.1000,4.1400,89535.7000,36947.7130,3.2900,5.3600,0.4157,0.4157,0.7100,8.8794,8.8255,0.7970,2.6413,2.6393,217199.2453,215390.2358,215390.2358,899204.8755,891715.5762,1.0064,4.3478,5.4711
2020-09-28,4.1300,4.1500,4.1200,4.1400,58822.2400,24314.6470,3.2900,5.3600,0.2731,0.2731,0.5400,8.8794,8.8255,0.7970,2.6413,2.6393,217199.2453,215390.2358,215390.2358,899204.8755,891715.5762,1.0064,4.3478,5.4711
2020-09-29,4.1300,4.1700,4.1300,4.1400,69093.7400,28653.7120,3.2900,5.3600,0.3208,0.3208,0.7200,8.8794,8.8255,0.7970,2.6413,2.6393,217199.2453,215390.2358,215390.2358,899204.8755,891715.5762,1.0064,4.3478,5.4711
2020-09-30,4.1400,4.1500,4.1000,4.1100,74243.5900,30619.2490,3.2700,5.3200,0.3447,0.3447,0.9200,8.8151,8.7616,0.7912,2.6222,2.6202,217199.2453,215390.2358,215390.2358,892688.8982,885253.8691,1.0137,4.3796,5.5046
2020-10-09,4.1300,4.1700,4.1200,4.1600,80085.3100,33229.3680,3.3100,5.3900,0.3718,0.3718,1.0100,8.9223,8.8682,0.8008,2.6541,2.6521,217199.2453,215390.2358,215390.2358,903548.8604,896023.3809,1.0015,4.3269,5.4381
2020-10-12,4.1600,4.2400,4.1500,4.2300,173694.9600,73084.5720,3.3600,5.4800,0.8064,0.8064,2.3400,9.0725,9.0174,0.8143,2.6988,2.6967,217200.1001,215391.0906,215391.0906,918756.4234,911104.3132,0.9849,4.2553,5.3571
2020-10-13,4.2200,4.2200,4.1700,4.1900,110176.7200,46148.9160,3.3300,5.4300,0.5115,0.5115,1.2100,8.9867,8.9322,0.8066,2.6733,2.6712,217200.1001,215391.0906,215391.0906,910068.4194,902488.6696,0.9943,4.2959,5.4054
2020-10-14,4.1800,4.2100,4.1700,4.1900,103567.8000,43374.0190,3.3300,5.4300,0.4808,0.4808,1.0200,8.9867,8.9322,0.8066,2.6733,2.6712,217200.1001,215391.0906,215391.0906,910068.4194,902488.6696,0.9943,4.2959,5.4054
2020-10-15,4.1900,4.2600,4.1800,4.2100,153393.2500,64679.4030,3.3500,5.4500,0.7122,0.7122,1.4200,9.0296,8.9748,0.8105,2.6860,2.6840,217200.1001,215391.0906,215391.0906,914412.4214,906796.4914,0.9896,4.2755,5.3731
2020-10-16,4.2000,4.2600,4.1900,4.2300,175043.2300,74096.2420,3.3600,5.4800,0.8127,0.8127,1.4100,9.0725,9.0174,0.8143,2.6988,2.6967,217200.1001,215391.0906,215391.0906,918756.4234,911104.3132,0.9849,4.2553,5.3571
2020-10-19,4.2400,4.3200,4.2100,4.2200,228157.8000,97383.0440,3.3600,5.4700,1.0593,1.0593,1.5900,9.0510,8.9961,0.8124,2.6924,2.6903,217200.1001,215391.0906,215391.0906,916584.4224,908950.4023,0.9873,4.2654,5.3571
2020-10-20,4.2000,4.2100,4.1600,4.1900,115919.2000,48450.7470,3.3300,5.4300,0.5382,0.5382,0.7500,8.9867,8.9322,0.8066,2.6733,2.6712,217200.1001,215391.0906,215391.0906,910068.4194,902488.6696,0.9943,4.2959,5.4054
2020-10-21,4.1800,4.2200,4.1500,4.2100,175059.6000,73290.9240,3.3500,5.4500,0.8128,0.8128,1.1300,9.0296,8.9748,0.8105,2.6860,2.6840,217200.1001,215391.0906,215391.0906,914412.4214,906796.4914,0.9896,4.2755,5.3731
2020-10-22,4.2000,4.2400,4.1700,4.1900,111676.0000,46869.5490,3.3300,5.4300,0.5185,0.5185,0.6600,8.9867,8.9322,0.8066,2.6733,2.6712,217200.1001,215391.0906,215391.0906,910068.4194,902488.6696,0.9943,4.2959,5.4054
2020-10-23,4.1800,4.2500,4.1700,4.2300,167601.1100,70690.6930,3.3600,5.4800,0.7781,0.7781,1.0400,9.0725,9.0174,0.8143,2.6988,2.6967,217200.1001,215391.0906,215391.0906,918756.4234,911104.3132,0.9849,4.2553,5.3571
2020-10-26,4.2200,4.2200,4.1300,4.1500,149519.6000,62396.2920,3.3000,5.3700,0.6942,0.6942,0.9400,8.9009,8.8469,0.7989,2.6477,2.6457,217200.1001,215391.0906,215391.0906,901380.4154,893873.0260,1.0039,4.3373,5.4545
2020-10-27,4.1300,4.1400,4.1100,4.1200,85824.1200,35393.3870,3.2800,5.3400,0.3985,0.3985,0.6000,8.8365,8.7829,0.7931,2.6286,2.6266,217200.1001,215391.0906,215391.0906,894864.4124,887411.2933,1.0112,4.3689,5.4878
2020-10-28,4.1300,4.1300,4.0800,4.1200,75821.6500,31130.5380,3.2800,5.3400,0.3520,0.3520,0.5500,8.8365,8.7829,0.7931,2.6286,2.6266,217200.1001,215391.0906,215391.0906,894864.4124,887411.2933,1.0112,4.3689,5.4878
2020-10-29,4.0900,4.1200,4.0700,4.1000,69324.6300,28406.1400,3.2600,5.3100,0.3219,0.3219,0.5900,8.7936,8.7403,0.7893,2.6158,2.6138,217200.1001,215391.0906,215391.0906,890520.4104,883103.4715,1.0162,4.3902,5.5215
2020-10-30,4.1000,4.1300,4.0100,4.0200,121279.1400,49364.5140,3.2000,5.2100,0.5631,0.5631,1.1100,8.6221,8.5697,0.7739,2.5648,2.5628,217200.1001,215391.0906,215391.0906,873144.4024,865872.1842,1.0364,4.4776,5.6250
2020-11-02,4.0200,4.1000,4.0100,4.0800,134866.1100,54913.1060,3.2400,5.2800,0.6261,0.6261,1.3400,8.7507,8.6514,0.7785,2.6031,2.6695,217200.1001,215391.0906,215391.0906,886176.4084,878795.6496,1.0211,4.4117,5.5556
2020-11-03,4.0700,4.1200,4.0700,4.1000,74355.7900,30481.6140,3.2600,5.3100,0.3452,0.3452,0.7600,8.7936,8.6938,0.7823,2.6158,2.6826,217200.1001,215391.0906,215391.0906,890520.4104,883103.4715,1.0162,4.3902,5.5215
2020-11-04,4.1100,4.1200,4.0500,4.0800,73542.6900,30047.0200,3.2400,5.2800,0.3414,0.3414,0.7700,8.7507,8.6514,0.7785,2.6031,2.6695,217200.1001,215391.0906,215391.0906,886176.4084,878795.6496,1.0211,4.4117,5.5556
2020-11-05,4.1000,4.1200,4.0700,4.1000,85421.8000,34953.9450,3.2600,5.3100,0.3966,0.3966,0.9000,8.7936,8.6938,0.7823,2.6158,2.6826,217200.1001,215391.0906,215391.0906,890520.4104,883103.4715,1.0162,4.3902,5.5215
2020-11-06,4.0900,4.1000,4.0600,4.0800,85462.9300,34864.3940,3.2400,5.2800,0.3968,0.3968,0.8700,8.7507,8.6514,0.7785,2.6031,2.6695,217200.1001,215391.0906,215391.0906,886176.4084,878795.6496,1.0211,4.4117,5.5556
2020-11-09,4.0900,4.1400,4.0800,4.1200,147405.9400,60630.6930,3.2800,5.3400,0.6844,0.6844,1.6200,8.8365,8.7362,0.7861,2.6286,2.6957,217200.1001,215391.0906,215391.0906,894864.4124,887411.2933,1.0112,4.3689,5.4878
2020-11-10,4.1300,4.1500,4.0900,4.1000,141303.5100,58203.8980,3.2600,5.3100,0.6560,0.6560,1.5200,8.7936,8.6938,0.7823,2.6158,2.6826,217200.1001,215391.0906,215391.0906,890520.4104,883103.4715,1.0162,4.3902,5.5215
2020-11-11,4.0900,4.1200,4.0700,4.1100,95895.4300,39310.4720,3.2700,5.3200,0.4452,0.4452,0.9000,8.8151,8.7150,0.7842,2.6222,2.6891,217200.1001,215391.0906,215391.0906,892692.4114,885257.3824,1.0137,4.3795,5.5046
2020-11-12,4.1000,4.1100,4.0700,4.0800,78321.2300,31960.2930,3.2400,5.2800,0.3636,0.3636,0.7000,8.7507,8.6514,0.7785,2.6031,2.6695,217200.1001,215391.0906,215391.0906,886176.4084,878795.6496,1.0211,4.4117,5.5556
2020-11-13,4.0700,4.0800,4.0400,4.0700,78376.6000,31748.9010,3.2400,5.2700,0.3639,0.3639,0.7100,8.7293,8.6302,0.7766,2.5967,2.6629,217200.1001,215391.0906,215391.0906,884004.4074,876641.7387,1.0237,4.4226,5.5556
2020-11-16,4.0700,4.0900,4.0600,4.0900,63510.8000,25914.4770,3.2500,5.3000,0.2949,0.2949,0.5900,8.7722,8.6726,0.7804,2.6095,2.6760,217200.1001,215391.0906,215391.0906,888348.4094,880949.5606,1.0187,4.4010,5.5385
2020-11-17,4.0900,4.1100,4.0600,4.1000,93488.2900,38208.7070,3.2600,5.3100,0.4340,0.4340,1.0200,8.7936,8.6938,0.7823,2.6158,2.6826,217200.1001,215391.0906,215391.0906,890520.4104,883103.4715,1.0162,4.3902,5.5215
2020-11-18,4.0900,4.1600,4.0800,4.1300,168775.2700,69630.9310,3.2800,5.3500,0.7836,0.7836,2.0600,8.8580,8.7574,0.7880,2.6350,2.7022,217200.1001,215391.0906,215391.0906,897036.4134,889565.2042,1.0088,4.3583,5.4878
2020-11-19,4.1300,4.1400,4.0900,4.1300,119536.3600,49234.5860,3.2800,5.3500,0.5550,0.5550,1.2400,8.8580,8.7574,0.7880,2.6350,2.7022,217200.1001,215391.0906,215391.0906,897036.4134,889565.2042,1.0088,4.3583,5.4878
2020-11-20,4.1200,4.1200,4.0800,4.1100,89658.0800,36753.1130,3.2700,5.3200,0.4163,0.4163,0.8600,8.8151,8.7150,0.7842,2.6222,2.6891,217200.1001,215391.0906,215391.0906,892692.4114,885257.3824,1.0137,4.3795,5.5046
2020-11-23,4.1000,4.1600,4.0900,4.1400,150539.7500,62238.4690,3.2900,5.3600,0.6989,0.6989,1.4100,8.8794,8.7786,0.7899,2.6414,2.7087,217200.1001,215391.0906,215391.0906,899208.4144,891719.1151,1.0063,4.3478,5.4711
2020-11-24,4.1400,4.1800,4.1300,4.1300,146947.2900,60933.8580,3.2800,5.3500,0.6822,0.6822,1.1800,8.8580,8.7574,0.7880,2.6350,2.7022,217200.1001,215391.0906,215391.0906,897036.4134,889565.2042,1.0088,4.3583,5.4878
2020-11-25,4.1500,4.1900,4.1100,4.1200,249692.6000,103837.2090,3.2800,5.3400,1.1593,1.1593,1.8500,8.8365,8.7362,0.7861,2.6286,2.6957,217200.1001,215391.0906,215391.0906,894864.4124,887411.2933,1.0112,4.3689,5.4878
2020-11-26,4.1200,4.1600,4.1000,4.1300,133050.3200,54972.7600,3.2800,5.3500,0.6177,0.6177,0.8800,8.8580,8.7574,0.7880,2.6350,2.7022,217200.1001,215391.0906,215391.0906,897036.4134,889565.2042,1.0088,4.3583,5.4878
2020-11-27,4.1400,4.2300,4.1300,4.2300,266378.4800,111406.0340,3.3600,5.4800,1.2367,1.2367,1.7300,9.0725,8.9695,0.8071,2.6988,2.7676,217200.1001,215391.0906,215391.0906,918756.4234,911104.3132,0.9849,4.2553,5.3571
2020-11-30,4.2700,4.3900,4.2000,4.2000,529972.6200,227840.6560,3.3400,5.4400,2.4605,2.4605,2.8000,9.0081,8.9058,0.8014,2.6796,2.7480,217200.1001,215391.0906,215391.0906,912240.4204,904642.5805,0.9920,4.2857,5.3892
2020-12-01,4.1800,4.5600,4.1600,4.4700,925873.6000,403944.9830,3.5500,5.7900,4.2986,4.2986,3.4900,9.5872,9.4784,0.8529,2.8519,2.9247,217200.1001,215391.0906,215391.0906,970884.4474,962798.1750,0.9321,4.0268,5.0704
2020-12-02,4.4400,4.4900,4.3600,4.3900,588373.0400,259435.1720,3.4900,5.6900,2.7316,2.7316,1.4000,9.4156,9.3087,0.8376,2.8009,2.8723,217200.1001,215391.0906,215391.0906,953508.4394,945566.8877,0.9490,4.1002,5.1576
2020-12-03,4.3900,4.6300,4.3300,4.5400,861037.4400,386751.8870,3.6100,5.8800,3.9976,3.9976,1.7600,9.7373,9.6268,0.8662,2.8966,2.9705,217200.1001,215391.0906,215391.0906,986088.4545,977875.5513,0.9177,3.9647,4.9861
2020-12-04,4.4300,4.4700,4.3500,4.4000,458590.2000,201333.6420,3.5000,5.7000,2.1291,2.1291,0.7200,9.4371,9.3299,0.8395,2.8072,2.8789,217200.1001,215391.0906,215391.0906,955680.4404,947720.7986,0.9469,4.0909,5.1429
2020-12-07,4.3700,4.4000,4.2700,4.2800,296227.4100,127872.1910,3.4000,5.5400,1.3753,1.3753,0.4400,9.1797,9.0755,0.8166,2.7307,2.8003,217200.1001,215391.0906,215391.0906,929616.4284,921873.8678,0.9734,4.2056,5.2941
2020-12-08,4.2900,4.3500,4.2400,4.2900,221674.6000,95178.3580,3.4100,5.5600,1.0292,1.0292,0.3500,9.2011,9.0967,0.8185,2.7371,2.8069,217200.1001,215391.0906,215391.0906,931788.4294,924027.7787,0.9712,4.1958,5.2786
2020-12-09,4.2800,4.4000,4.2700,4.3000,412423.1600,179187.2880,3.4200,5.5700,1.9148,1.9148,0.8500,9.2226,9.1179,0.8205,2.7434,2.8134,217200.1001,215391.0906,215391.0906,933960.4304,926181.6896,0.9689,4.1860,5.2632
2020-12-10,4.2700,4.3200,4.2200,4.3200,227346.6600,97140.5020,3.4400,5.5900,1.0555,1.0555,0.5100,9.2655,9.1603,0.8243,2.7562,2.8265,217200.1001,215391.0906,215391.0906,938304.4324,930489.5114,0.9644,4.1666,5.2326
2020-12-11,4.2800,4.3200,4.2000,4.2400,219654.1700,93338.4690,3.3700,5.4900,1.0198,1.0198,0.6800,9.0939,8.9907,0.8090,2.7052,2.7742,217200.1001,215391.0906,215391.0906,920928.4244,913258.2241,0.9826,4.2453,5.3412
2020-12-14,4.2300,4.2700,4.1800,4.2100,172641.7700,72736.2780,3.3500,5.4500,0.8015,0.8015,0.6300,9.0296,8.9271,0.8033,2.6860,2.7545,217200.1001,215391.0906,215391.0906,914412.4214,906796.4914,0.9896,4.2755,5.3731
2020-12-15,4.1800,4.1900,4.1300,4.1600,163971.1200,68069.7250,3.3100,5.3900,0.7613,0.7613,0.6500,8.9223,8.8210,0.7937,2.6541,2.7218,217200.1001,215391.0906,215391.0906,903552.4164,896026.9369,1.0015,4.3269,5.4381
2020-12-16,4.1600,4.1900,4.1000,4.1300,157257.2000,65112.0760,3.2800,5.3500,0.7301,0.7301,0.6600,8.8580,8.7574,0.7880,2.6350,2.7022,217200.1001,215391.0906,215391.0906,897036.4134,889565.2042,1.0088,4.3583,5.4878
2020-12-17,4.1100,4.1900,4.0900,4.1800,203604.3100,84400.1490,3.3200,5.4100,0.9453,0.9453,1.0800,8.9652,8.8634,0.7976,2.6669,2.7349,217200.1001,215391.0906,215391.0906,907896.4184,900334.7587,0.9967,4.3062,5.4217
2020-12-18,4.1500,4.1900,4.1200,4.1300,133482.7800,55372.7120,3.2800,5.3500,0.6197,0.6197,0.7300,8.8580,8.7574,0.7880,2.6350,2.7022,217200.1001,215391.0906,215391.0906,897036.4134,889565.2042,1.0088,4.3583,5.4878
2020-12-21,4.1300,4.1700,4.1000,4.1400,160913.8000,66515.8620,3.2900,5.3600,0.7471,0.7471,0.9700,8.8794,8.7786,0.7899,2.6414,2.7087,217200.1001,215391.0906,215391.0906,899208.4144,891719.1151,1.0063,4.3478,5.4711
2020-12-22,4.1400,4.1500,4.0400,4.0600,210162.2800,86108.3890,3.2300,5.2600,0.9757,0.9757,1.2800,8.7078,8.6090,0.7747,2.5903,2.6564,217200.1001,215391.0906,215391.0906,881832.4064,874487.8278,1.0262,4.4335,5.5728
2020-12-23,4.0500,4.0800,4.0300,4.0500,163324.6800,66192.2700,3.2200,5.2500,0.7583,0.7583,0.9400,8.6864,8.5878,0.7727,2.5839,2.6499,217200.1001,215391.0906,215391.0906,879660.4054,872333.9169,1.0287,4.4444,5.5901
2020-12-24,4.0500,4.0900,4.0300,4.0500,162128.2000,65723.2810,3.2200,5.2500,0.7527,0.7527,0.9300,8.6864,8.5878,0.7727,2.5839,2.6499,217200.1001,215391.0906,215391.0906,879660.4054,872333.9169,1.0287,4.4444,5.5901
2020-12-25,4.0400,4.0700,4.0200,4.0500,168654.2000,68236.6100,3.2200,5.2500,0.7830,0.7830,1.0200,8.6864,8.5878,0.7727,2.5839,2.6499,217200.1001,215391.0906,215391.0906,879660.4054,872333.9169,1.0287,4.4444,5.5901
2020-12-28,4.0500,4.0900,4.0100,4.0700,214085.8200,86687.8340,3.2400,5.2700,0.9939,0.9939,1.2400,8.7293,8.6302,0.7766,2.5967,2.6629,217200.1001,215391.0906,215391.0906,884004.4074,876641.7387,1.0237,4.4226,5.5556
2020-12-29,4.0600,4.1400,4.0500,4.1000,240969.7300,98585.1950,3.2600,5.3100,1.1188,1.1188,1.3100,8.7936,8.6938,0.7823,2.6158,2.6826,217200.1001,215391.0906,215391.0906,890520.4104,883103.4715,1.0162,4.3902,5.5215
2020-12-30,4.0800,4.1400,4.0500,4.1400,211074.9400,86513.7240,3.2900,5.3600,0.9800,0.9800,1.1100,8.8794,8.7786,0.7899,2.6414,2.7087,217200.1001,215391.0906,215391.0906,899208.4144,891719.1151,1.0063,4.3478,5.4711
2020-12-31,4.1600,4.3500,4.1300,4.2800,545370.9600,231900.8100,3.4000,5.5400,2.5320,2.5320,2.7400,9.1797,9.0755,0.8166,2.7307,2.8003,217200.1001,215391.0906,215391.0906,929616.4284,921873.8678,0.9734,4.2056,5.2941
2021-01-04,4.2500,4.2700,4.1600,4.2200,301818.6800,126952.3250,3.3600,5.4700,1.4013,1.4013,1.0900,9.0510,8.9483,0.8052,2.6924,2.7611,217200.1001,215391.0906,215391.0906,916584.4224,908950.4023,4.2654,4.2654,5.3571
2021-01-05,4.2100,4.2400,4.1300,4.2200,227565.9300,95100.0030,3.3600,5.4700,1.0490,1.0565,0.7500,9.0510,8.9483,0.8052,2.6924,2.7611,217200.4131,216943.1048,215391.0906,916585.7433,915499.9023,4.2654,4.2654,5.3571
2021-01-06,4.2100,4.2400,4.1500,4.1800,179494.2500,75195.8520,3.3200,5.4100,0.8274,0.8276,0.5900,8.9652,8.8635,0.7976,2.6669,2.7349,217200.4131,216943.1048,216889.1048,907897.7268,906822.1781,4.3062,4.3062,5.4217
2021-01-07,4.1800,4.2100,4.0800,4.1200,194541.0000,80448.2700,3.2800,5.3400,0.8967,0.8970,0.6600,8.8365,8.7362,0.7861,2.6286,2.6957,217200.4131,216943.1048,216889.1048,894865.7020,893805.5918,4.3689,4.3689,5.4878
2021-01-08,4.1200,4.1400,4.0800,4.1100,142617.6000,58596.6180,3.2700,5.3200,0.6574,0.6576,0.4900,8.8151,8.7150,0.7842,2.6222,2.6891,217200.4131,216943.1048,216889.1048,892693.6978,891636.1607,4.3795,4.3795,5.5046
2021-01-11,4.1000,4.1600,4.0700,4.0900,172867.9000,71089.5590,3.2500,5.3000,0.7968,0.7970,0.8300,8.7722,8.6726,0.7804,2.6095,2.6760,217200.4131,216943.1048,216889.1048,888349.6896,887297.2986,4.4010,4.4010,5.5385
2021-01-12,4.0800,4.1600,4.0700,4.1400,172120.1900,70742.2890,3.2900,5.3600,0.7934,0.7936,0.9400,8.8794,8.7786,0.7899,2.6414,2.7087,217200.4131,216943.1048,216889.1048,899209.7102,898144.4539,4.3478,4.3478,5.4711
2021-01-13,4.1400,4.1600,4.0900,4.1200,123821.8800,50989.4440,3.2800,5.3400,0.5708,0.5709,0.7200,8.8365,8.7362,0.7861,2.6286,2.6957,217200.4131,216943.1048,216889.1048,894865.7020,893805.5918,4.3689,4.3689,5.4878
2021-01-14,4.1300,4.2100,4.1100,4.1600,194967.5900,81273.5040,3.3100,5.3900,0.8987,0.8989,1.2100,8.9223,8.8210,0.7937,2.6541,2.7218,217200.4131,216943.1048,216889.1048,903553.7185,902483.3160,4.3269,4.3269,5.4381
2021-01-15,4.1700,4.2900,4.1700,4.1800,330454.9400,139646.1790,3.3200,5.4100,1.5232,1.5236,2.0500,8.9652,8.8635,0.7976,2.6669,2.7349,217200.4131,216943.1048,216889.1048,907897.7268,906822.1781,4.3062,4.3062,5.4217
2021-01-18,4.1600,4.2000,4.1400,4.1900,222003.4300,92613.4240,3.3300,5.4300,1.0233,1.0236,1.1200,8.9867,8.8847,0.7995,2.6733,2.7415,217200.4131,216943.1048,216889.1048,910069.7309,908991.6091,4.2959,4.2959,5.4054
2021-01-19,4.1900,4.2300,4.1500,4.2200,221831.2700,93046.2310,3.3600,5.4600,1.0225,1.0228,1.0600,9.0510,8.9483,0.8052,2.6924,2.7611,217200.4131,216943.1048,216889.1048,916585.7433,915499.9023,4.2654,4.2654,5.3571
2021-01-20,4.2200,4.2600,4.1700,4.2300,229641.5300,96843.3010,3.3600,5.4800,1.0585,1.0588,1.0500,9.0725,8.9695,0.8071,2.6988,2.7676,217200.4131,216943.1048,216889.1048,918757.7474,917669.3333,4.2553,4.2553,5.3571
2021-01-21,4.2300,4.3100,4.2200,4.2400,275949.1600,117721.7310,3.3700,5.4900,1.2720,1.2723,1.1500,9.0939,8.7127,0.8090,2.7052,2.7714,217200.4131,216943.1048,216889.1048,920929.7515,919838.7644,4.2453,4.2453,5.3412
2021-01-22,4.2300,4.2400,4.1100,4.1300,230450.1800,95780.4370,3.2800,5.3500,1.0623,1.0625,0.9000,8.8580,8.4866,0.7880,2.6350,2.6995,217200.4131,216943.1048,216889.1048,897037.7061,895975.0228,4.3583,4.3583,5.4878
2021-01-25,4.1100,4.1300,4.0800,4.1100,137876.0000,56528.1490,3.2700,5.3200,0.6355,0.6357,0.5800,8.8151,8.4455,0.7842,2.6222,2.6864,217200.4131,216943.1048,216889.1048,892693.6978,891636.1607,4.3795,4.3795,5.5046
2021-01-26,4.1000,4.1400,4.0600,4.0700,159952.8100,65514.5100,3.2400,5.2700,0.7373,0.7375,0.7300,8.7293,8.3633,0.7766,2.5967,2.6603,217200.4131,216943.1048,216889.1048,884005.6813,882958.4365,4.4226,4.4226,5.5556
2021-01-27,4.0700,4.1800,4.0600,4.1200,233854.7400,96767.0570,3.2800,5.3400,1.0780,1.0782,1.1300,8.8365,8.4661,0.7861,2.6286,2.6929,217200.4131,216943.1048,216889.1048,894865.7020,893805.5918,4.3689,4.3689,5.4878
2021-01-28,4.0900,4.1100,4.0800,4.1000,121130.5300,49563.5210,3.2600,5.3100,0.5584,0.5585,0.5800,8.7937,8.4250,0.7823,2.6158,2.6799,217200.4131,216943.1048,216889.1048,890521.6937,889466.7297,4.3902,4.3902,5.5215
2021-01-29,4.1000,4.1500,4.0800,4.1000,153613.7300,63151.5340,3.2600,5.3100,0.7081,0.7083,0.8700,8.7937,8.4250,0.7823,2.6158,2.6799,217200.4131,216943.1048,216889.1048,890521.6937,889466.7297,4.3902,4.3902,5.5215
2021-02-01,4.1000,4.1500,4.0900,4.1400,130867.0200,53954.9520,3.2900,5.3600,0.6032,0.6034,0.8100,8.8794,8.5072,0.7899,2.6414,2.7060,217200.4131,216943.1048,216889.1048,899209.7102,898144.4539,4.3478,4.3478,5.4711
2021-02-02,4.1300,4.1600,4.0300,4.0400,242278.3700,98960.1850,3.2100,5.2300,1.1168,1.1171,1.5200,8.6650,8.3017,0.7708,2.5776,2.6407,217200.4131,216943.1048,216889.1048,877489.6689,876450.1434,4.4554,4.4554,5.6075
2021-02-03,4.0400,4.0500,3.9600,3.9800,233221.9200,93180.7230,3.1600,5.1500,1.0750,1.0753,1.3200,8.5363,8.1784,0.7594,2.5393,2.6014,217200.4131,216943.1048,216889.1048,864457.6441,863433.5571,4.5226,4.5226,5.6962
2021-02-04,3.9600,4.0500,3.9600,3.9800,192375.2500,76855.1560,3.1600,5.1500,0.8868,0.8870,1.0900,8.5363,8.1784,0.7594,2.5393,2.6014,217200.4131,216943.1048,216889.1048,864457.6441,863433.5571,4.5226,4.5226,5.6962
2021-02-05,3.9800,4.1300,3.9600,4.1300,392761.2000,159971.0320,3.2800,5.3500,1.8104,1.8109,2.0600,8.8580,8.4866,0.7880,2.6350,2.6995,217200.4131,216943.1048,216889.1048,897037.7061,895975.0228,4.3583,4.3583,5.4878
2021-02-08,4.1200,4.1200,4.0400,4.0800,215662.4000,87845.3760,3.2400,5.2800,0.9941,0.9943,0.9100,8.7508,8.3839,0.7785,2.6031,2.6668,217200.4131,216943.1048,216889.1048,886177.6854,885127.8676,4.4117,4.4117,5.5556
2021-02-09,4.0700,4.0800,4.0400,4.0700,159756.0700,64795.3700,3.2400,5.2700,0.7364,0.7366,0.6300,8.7293,8.3633,0.7766,2.5967,2.6603,217200.4131,216943.1048,216889.1048,884005.6813,882958.4365,4.4226,4.4226,5.5556
2021-02-10,4.0700,4.1200,4.0600,4.0700,160568.0300,65515.3600,3.2400,5.2700,0.7401,0.7403,0.6700,8.7293,8.3633,0.7766,2.5967,2.6603,217200.4131,216943.1048,216889.1048,884005.6813,882958.4365,4.4226,4.4226,5.5556
2021-02-18,4.0900,4.1300,4.0800,4.1100,194337.8300,79749.0400,3.2700,5.3200,0.8958,0.8960,0.8700,8.8151,8.4455,0.7842,2.6222,2.6864,217200.4131,216943.1048,216889.1048,892693.6978,891636.1607,4.3795,4.3795,5.5046
2021-02-19,4.1000,4.2000,4.0900,4.1800,295762.8100,123083.4680,3.3200,5.4100,1.3633,1.3637,1.3200,8.9652,8.5894,0.7976,2.6669,2.7322,217200.4131,216943.1048,216889.1048,907897.7268,906822.1781,4.3062,4.3062,5.4217
2021-02-22,4.1800,4.2400,4.1600,4.1700,276397.7200,115945.9610,3.3200,5.4000,1.2741,1.2744,1.3500,8.9438,8.5688,0.7956,2.6605,2.7256,217200.4131,216943.1048,216889.1048,905725.7226,904652.7470,4.3165,4.3165,5.4217
2021-02-23,4.1600,4.2400,4.1600,4.1800,236059.8000,99121.0750,3.3200,5.4100,1.0881,1.0884,1.0900,8.9652,8.5894,0.7976,2.6669,2.7322,217200.4131,216943.1048,216889.1048,907897.7268,906822.1781,4.3062,4.3062,5.4217
2021-02-24,4.1800,4.2300,4.1600,4.1700,218007.4400,91341.2950,3.3200,5.4000,1.0049,1.0052,0.9400,8.9438,8.5688,0.7956,2.6605,2.7256,217200.4131,216943.1048,216889.1048,905725.7226,904652.7470,4.3165,4.3165,5.4217
2021-02-25,4.1900,4.2300,4.1700,4.2000,228845.5800,96047.9410,3.3400,5.4400,1.0549,1.0551,0.9400,9.0081,8.6305,0.8014,2.6796,2.7452,217200.4131,216943.1048,216889.1048,912241.7350,911161.0402,4.2857,4.2857,5.3892
2021-02-26,4.1700,4.2100,4.1300,4.1300,222248.3900,92432.6530,3.2800,5.3500,1.0245,1.0247,0.8900,8.8580,8.4866,0.7880,2.6350,2.6995,217200.4131,216943.1048,216889.1048,897037.7061,895975.0228,4.3583,4.3583,5.4878
2021-03-01,4.1300,4.1600,4.1000,4.1300,186436.5000,76905.9130,3.2800,5.3500,0.8594,0.8596,0.7900,8.8580,8.4866,0.7880,2.6350,2.6995,217200.4131,216943.1048,216889.1048,897037.7061,895975.0228,4.3583,4.3583,5.4878
2021-03-02,4.1200,4.1600,4.1000,4.1200,162767.5100,67133.9700,3.2800,5.3400,0.7503,0.7505,0.7500,8.8365,8.4661,0.7861,2.6286,2.6929,217200.4131,216943.1048,216889.1048,894865.7020,893805.5918,4.3689,4.3689,5.4878
2021-03-03,4.1200,4.2300,4.1100,4.2200,311185.1300,130438.8190,3.3600,5.4600,1.4344,1.4348,1.5300,9.0510,8.6716,0.8052,2.6924,2.7583,217200.4131,216943.1048,216889.1048,916585.7433,915499.9023,4.2654,4.2654,5.3571
2021-03-04,4.2200,4.4400,4.2000,4.3200,655213.3100,284304.9510,3.4300,5.5900,3.0202,3.0210,2.9500,9.2655,8.8771,0.8243,2.7562,2.8237,217200.4131,216943.1048,216889.1048,938305.7846,937194.2127,4.1666,4.1666,5.2478
2021-03-05,4.3100,4.3700,4.2500,4.3000,353448.8100,152345.7700,3.4200,5.5700,1.6292,1.6296,1.1500,9.2226,8.8360,0.8205,2.7434,2.8106,217200.4131,216943.1048,216889.1048,933961.7763,932855.3506,4.1860,4.1860,5.2632
2021-03-08,4.3100,4.3700,4.2900,4.2900,300815.0200,130035.6960,3.4100,5.5600,1.3866,1.3870,0.9000,9.2012,8.8154,0.8185,2.7371,2.8041,217200.4131,216943.1048,216889.1048,931789.7722,930685.9196,4.1958,4.1958,5.2786
2021-03-09,4.3100,4.3600,4.2100,4.2900,359091.5700,153807.5540,3.4100,5.5600,1.6552,1.6556,1.0100,9.2012,8.8154,0.8185,2.7371,2.8041,217200.4131,216943.1048,216889.1048,931789.7722,930685.9196,4.1958,4.1958,5.2786
2021-03-10,4.2500,4.3200,4.2300,4.2400,206379.0000,88014.6500,3.3700,5.4900,0.9513,0.9515,0.5200,9.0939,8.7127,0.8090,2.7052,2.7714,217200.4131,216943.1048,216889.1048,920929.7515,919838.7644,4.2453,4.2453,5.3412
2021-03-11,4.2600,4.3800,4.2500,4.3300,291900.2400,125983.4980,3.4400,5.6100,1.3455,1.3459,0.7800,9.2870,8.8976,0.8262,2.7626,2.8302,217200.4131,216943.1048,216889.1048,940477.7887,939363.6438,4.1570,4.1570,5.2326
2021-03-12,4.3100,4.3700,4.2700,4.3700,249229.5100,107717.8420,3.4700,5.6600,1.1488,1.1491,0.8200,9.3727,8.9798,0.8338,2.7881,2.8564,217200.4131,216943.1048,216889.1048,949165.8052,948041.3680,4.1190,4.1190,5.1873
2021-03-15,4.3700,4.4400,4.3300,4.3700,315936.2200,138502.4050,3.4700,5.6600,1.4563,1.4567,1.1200,9.3727,8.9798,0.8338,2.7881,2.8564,217200.4131,216943.1048,216889.1048,949165.8052,948041.3680,4.1190,4.1190,5.1873
2021-03-16,4.3500,4.4100,4.3200,4.3500,212250.8000,92647.7350,3.4600,5.6300,0.9784,0.9786,0.7500,9.3299,8.9387,0.8300,2.7753,2.8433,217200.4131,216943.1048,216889.1048,944821.7970,943702.5059,4.1379,4.1379,5.2023
2021-03-17,4.3400,4.3700,4.2700,4.3000,189239.0000,81431.6100,3.4200,5.5700,0.8723,0.8725,0.7400,9.2226,8.8360,0.8205,2.7434,2.8106,217200.4131,216943.1048,216889.1048,933961.7763,932855.3506,4.1860,4.1860,5.2632
2021-03-18,4.2900,4.3200,4.2700,4.2900,122937.9800,52718.5010,3.4100,5.5600,0.5667,0.5668,0.4900,9.2012,8.8154,0.8185,2.7371,2.8041,217200.4131,216943.1048,216889.1048,931789.7722,930685.9196,4.1958,4.1958,5.2786
2021-03-19,4.2800,4.3400,4.2400,4.2500,207728.0100,88915.6990,3.3800,5.5000,0.9575,0.9578,0.9500,9.1154,8.7332,0.8109,2.7115,2.7779,217200.4131,216943.1048,216889.1048,923101.7557,922008.1954,4.2353,4.2353,5.3254
2021-03-22,4.2300,4.3200,4.2300,4.3100,204219.6600,87594.1330,3.4300,5.5800,0.9414,0.9416,0.9700,9.2441,8.8565,0.8224,2.7498,2.8171,217200.4131,216943.1048,216889.1048,936133.7805,935024.7817,4.1763,4.1763,5.2478
2021-03-23,4.3200,4.3300,4.2600,4.2800,153082.8300,65608.1480,3.4000,5.5400,0.7056,0.7058,0.8200,9.1797,8.7949,0.8166,2.7307,2.7975,217200.4131,216943.1048,216889.1048,929617.7681,928516.4885,4.2056,4.2056,5.2941
2021-03-24,4.2900,4.3200,4.2600,4.3000,170285.8300,73096.1760,3.4200,5.5700,0.7849,0.7851,0.9700,9.2226,8.8360,0.8205,2.7434,2.8106,217200.4131,216943.1048,216889.1048,933961.7763,932855.3506,4.1860,4.1860,5.2632
2021-03-25,4.3100,4.3400,4.2100,4.2200,220278.2000,93887.1040,3.3600,5.4600,1.0154,1.0156,1.2800,9.0510,8.6716,0.8052,2.6924,2.7583,217200.4131,216943.1048,216889.1048,916585.7433,915499.9023,4.2654,4.2654,5.3571
2021-03-26,4.2400,4.2600,4.2100,4.2400,127952.6000,54178.9570,3.3700,5.4900,0.5898,0.5899,0.6700,9.0939,8.7127,0.8090,2.7052,2.7714,217200.4131,216943.1048,216889.1048,920929.7515,919838.7644,4.2453,4.2453,5.3412
2021-03-29,4.2500,4.2800,4.2200,4.2500,135761.3700,57641.3210,3.3800,5.5000,0.6258,0.6259,0.7800,9.1154,8.7332,0.8109,2.7115,2.7779,217200.4131,216943.1048,216889.1048,923101.7557,922008.1954,4.2353,4.2353,5.3254
2021-03-30,4.2500,4.2500,4.1900,4.2400,133016.2500,56106.4660,3.3700,5.4900,0.6131,0.6133,0.8200,9.0939,8.7127,0.8090,2.7052,2.7714,217200.4131,216943.1048,216889.1048,920929.7515,919838.7644,4.2453,4.2453,5.3412
2021-03-31,4.2300,4.2700,4.2100,4.2600,140153.2000,59398.4480,3.3900,5.5200,0.6460,0.6462,0.8900,8.7548,8.7548,0.7860,2.7609,2.7609,217200.4131,216943.1048,216889.1048,925273.7598,924177.6264,4.2253,4.2253,5.3097
2021-04-01,4.2600,4.2900,4.2300,4.2800,135158.4700,57575.1890,3.4000,5.5400,0.6230,0.6232,0.8900,8.7959,8.7959,0.7897,2.7739,2.7739,217200.4131,216943.1048,216889.1048,929617.7681,928516.4885,4.2056,4.2056,5.2941
2021-04-02,4.2800,4.2900,4.2300,4.2600,102703.2000,43712.6830,3.3900,5.5200,0.4734,0.4735,0.7600,8.7548,8.7548,0.7860,2.7610,2.7610,217200.5463,216943.2380,216889.1048,925274.3272,924178.1939,4.2253,4.2253,5.3097
2021-04-06,4.2600,4.2700,4.2400,4.2500,95785.3900,40714.9240,3.3800,5.5000,0.4415,0.4416,0.7400,8.7342,8.7342,0.7842,2.7545,2.7545,217200.5463,216943.2380,216889.2380,923102.3218,922008.7615,4.2353,4.2353,5.3254
2021-04-07,4.2400,4.2500,4.2000,4.2200,154024.2700,65004.7400,3.3600,5.4600,0.7100,0.7102,1.2700,8.6726,8.6726,0.7786,2.7350,2.7350,217200.5463,216943.2380,216889.2380,916586.3054,915500.4644,4.2654,4.2654,5.3571
2021-04-08,4.2100,4.2200,4.1800,4.1900,144953.2800,60875.1380,3.3300,5.4300,0.6682,0.6683,1.1500,8.6109,8.6109,0.7731,2.7156,2.7156,217200.5463,216943.2380,216889.2380,910070.2890,908992.1672,4.2959,4.2959,5.4054
2021-04-09,4.1800,4.2000,4.1500,4.1700,111730.8200,46568.2150,3.3200,5.4000,0.5150,0.5152,0.8800,8.5698,8.5698,0.7694,2.7026,2.7026,217200.5463,216943.2380,216889.2380,905726.2781,904653.3025,4.3165,4.3165,5.4217
2021-04-12,4.1500,4.2000,4.1300,4.1800,145206.5300,60532.5570,3.3200,5.4100,0.6693,0.6695,1.1900,8.5904,8.5904,0.7712,2.7091,2.7091,217200.5463,216943.2380,216889.2380,907898.2835,906822.7348,4.3062,4.3062,5.4217
2021-04-13,4.1800,4.1900,4.1300,4.1400,113805.0000,47244.6610,3.2900,5.3600,0.5246,0.5247,0.8700,8.5082,8.5082,0.7639,2.6832,2.6832,217200.5463,216943.2380,216889.2380,899210.2617,898145.0053,4.3478,4.3478,5.4711
2021-04-14,4.1500,4.1800,4.1400,4.1600,118143.7700,49220.9380,3.3100,5.3900,0.5446,0.5447,0.8800,8.5493,8.5493,0.7675,2.6961,2.6961,217200.5463,216943.2380,216889.2380,903554.2726,902483.8701,4.3269,4.3269,5.4381
2021-04-15,4.1600,4.1800,4.1400,4.1700,90133.1900,37483.1400,3.3200,5.4000,0.4155,0.4156,0.7100,8.5698,8.5698,0.7694,2.7026,2.7026,217200.5463,216943.2380,216889.2380,905726.2781,904653.3025,4.3165,4.3165,5.4217
2021-04-16,4.1900,4.2100,4.1700,4.2100,105440.0800,44188.1720,3.3500,5.4500,0.4860,0.4861,0.9100,8.6520,8.6520,0.7768,2.7285,2.7285,217200.5463,216943.2380,216889.2380,914414.2999,913331.0320,4.2755,4.2755,5.3731
2021-04-19,4.1900,4.2200,4.1700,4.2100,142332.6800,59798.4510,3.3500,5.4500,0.6561,0.6562,1.2400,8.6520,8.6520,0.7768,2.7285,2.7285,217200.5463,216943.2380,216889.2380,914414.2999,913331.0320,4.2755,4.2755,5.3731
2021-04-20,4.2000,4.2200,4.1900,4.2000,98890.0600,41567.1930,3.3400,5.4400,0.4558,0.4559,0.8700,8.6315,8.6315,0.7749,2.7221,2.7221,217200.5463,216943.2380,216889.2380,912242.2945,911161.5996,4.2857,4.2857,5.3892
2021-04-21,4.2000,4.2200,4.1900,4.2100,100618.3800,42329.5940,3.3500,5.4500,0.4638,0.4639,0.9100,8.6520,8.6520,0.7768,2.7285,2.7285,217200.5463,216943.2380,216889.2380,914414.2999,913331.0320,4.2755,4.2755,5.3731
2021-04-22,4.2100,4.2200,4.1600,4.1700,105143.6800,44005.4380,3.3200,5.4000,0.4847,0.4848,0.9800,8.5698,8.5698,0.7694,2.7026,2.7026,217200.5463,216943.2380,216889.2380,905726.2781,904653.3025,4.3165,4.3165,5.4217
2021-04-23,4.1700,4.1800,4.1400,4.1600,71000.9300,29515.3110,3.3100,5.3900,0.3273,0.3274,0.6400,8.5493,8.5493,0.7675,2.6961,2.6961,217200.5463,216943.2380,216889.2380,903554.2726,902483.8701,4.3269,4.3269,5.4381
2021-04-26,4.1600,4.1900,4.1200,4.1400,124028.1000,51527.6830,3.2900,5.3600,0.5717,0.5718,1.2000,8.5082,8.5082,0.7639,2.6832,2.6832,217200.5463,216943.2380,216889.2380,899210.2617,898145.0053,4.3478,4.3478,5.4711
2021-04-27,4.1300,4.1400,4.1000,4.1200,83496.7800,34388.3070,3.2800,5.3400,0.3849,0.3850,0.8400,8.4670,8.4670,0.7602,2.6702,2.6702,217200.5463,216943.2380,216889.2380,894866.2508,893806.1406,4.3689,4.3689,5.4878
2021-04-28,4.1200,4.1300,4.1000,4.1000,89773.8600,36899.3540,3.2600,5.3100,0.4138,0.4139,0.9300,8.4259,8.2842,0.7445,2.6573,2.6865,217200.5463,216943.2380,216889.2380,890522.2398,889467.2758,4.3902,4.3902,5.5215
2021-04-29,4.1000,4.1800,4.0900,4.1600,163809.0800,68122.7630,3.3100,5.3900,0.7551,0.7553,1.7300,8.5493,8.4054,0.7554,2.6961,2.7258,217200.5463,216943.2380,216889.2380,903554.2726,902483.8701,4.3269,4.3269,5.4381
2021-04-30,4.1700,4.1700,4.1200,4.1300,135039.0200,55887.4570,3.2800,5.3500,0.6225,0.6226,1.2700,8.4876,8.3448,0.7499,2.6767,2.7062,217200.5463,216943.2380,216889.2380,897038.2562,895975.5729,4.3583,4.3583,5.4878
2021-05-06,4.1300,4.1600,4.1100,4.1200,117716.8300,48711.6390,3.2800,5.3400,0.5426,0.5428,0.9900,8.4670,8.3246,0.7481,2.6702,2.6996,217200.5463,216943.2380,216889.2380,894866.2508,893806.1406,4.3689,4.3689,5.4878
2021-05-07,4.1400,4.1900,4.1300,4.1900,147062.3800,61368.3000,3.3300,5.4300,0.6779,0.6781,1.2500,8.6109,8.4660,0.7608,2.7156,2.7455,217200.5463,216943.2380,216889.2380,910070.2890,908992.1672,4.2959,4.2959,5.4054
2021-05-10,4.1900,4.2300,4.1700,4.2300,166936.9200,70181.1810,3.3600,5.4800,0.7695,0.7697,1.2800,8.6931,8.5468,0.7681,2.7415,2.7717,217200.5463,216943.2380,216889.2380,918758.3108,917669.8967,4.2553,4.2553,5.3571
2021-05-11,4.2200,4.2500,4.2000,4.2400,120785.6400,51024.1220,3.3700,5.4900,0.5568,0.5569,0.8300,8.7137,8.5670,0.7699,2.7480,2.7782,217200.5463,216943.2380,216889.2380,920930.3163,919839.3291,4.2453,4.2453,5.3412
2021-05-12,4.2300,4.2600,4.2100,4.2400,181514.0400,76839.3790,3.3700,5.4900,0.8367,0.8369,1.3200,8.7137,8.5670,0.7699,2.7480,2.7782,217200.5463,216943.2380,216889.2380,920930.3163,919839.3291,4.2453,4.2453,5.3412
2021-05-13,4.0600,4.0900,4.0400,4.0500,181316.2300,73626.1320,3.3600,5.4800,0.8358,0.8360,1.2400,8.3232,8.1831,0.7373,2.6248,2.6537,217200.5463,216943.2380,216889.2380,879662.2125,878620.1139,4.4444,8.8889,5.3571
2021-05-14,4.0500,4.1300,4.0400,4.1200,231241.2800,94565.5910,3.4200,5.5700,1.0659,1.0662,1.4500,8.4670,8.3246,0.7501,2.6702,2.6996,217200.5463,216943.2380,216889.2380,894866.2508,893806.1406,4.3689,8.7378,5.2632
2021-05-17,4.1200,4.1200,4.0300,4.0400,254556.5100,103435.8670,3.3600,5.4700,1.1734,1.1737,1.4400,8.3026,8.1629,0.7355,2.6184,2.6472,217200.5463,216943.2380,216889.2380,877490.2071,876450.6815,4.4554,8.9109,5.3571
2021-05-18,4.0400,4.0500,4.0100,4.0400,124166.4000,50054.3070,3.3600,5.4700,0.5723,0.5725,0.6400,8.3026,8.1629,0.7355,2.6184,2.6472,217200.5463,216943.2380,216889.2380,877490.2071,876450.6815,4.4554,8.9109,5.3571
2021-05-19,4.0400,4.0400,4.0100,4.0300,97057.7200,39015.1130,3.3500,5.4500,0.4474,0.4475,0.5000,8.2821,8.1427,0.7337,2.6119,2.6406,217200.5463,216943.2380,216889.2380,875318.2016,874281.2491,4.4665,8.9330,5.3731
2021-05-20,4.0100,4.0500,4.0000,4.0400,106415.5500,42809.5310,3.3600,5.4700,0.4905,0.4906,0.6000,8.3026,8.1629,0.7355,2.6184,2.6472,217200.5463,216943.2380,216889.2380,877490.2071,876450.6815,4.4554,8.9109,5.3571
2021-05-21,4.0300,4.0500,4.0100,4.0400,74848.0000,30130.2330,3.3600,5.4700,0.3450,0.3451,0.4600,8.3026,8.1629,0.7355,2.6184,2.6472,217200.5463,216943.2380,216889.2380,877490.2071,876450.6815,4.4554,8.9109,5.3571
2021-05-24,4.0300,4.0600,4.0200,4.0400,71351.5300,28850.9330,3.3600,5.4700,0.3289,0.3290,0.5400,8.3026,8.1629,0.7355,2.6184,2.6472,217200.5463,216943.2380,216889.2380,877490.2071,876450.6815,4.4554,8.9109,5.3571
2021-05-25,4.0300,4.1200,4.0200,4.1100,248286.5700,101547.9430,3.4100,5.5600,1.1445,1.1448,2.6200,8.4465,8.3044,0.7483,2.6637,2.6931,217200.5463,216943.2380,216889.2380,892694.2453,891636.7082,4.3795,8.7591,5.2786
2021-05-26,4.0900,4.1400,4.0600,4.1200,232356.1300,95360.7050,3.4200,5.5700,1.0710,1.0713,1.9400,8.4670,8.3246,0.7501,2.6702,2.6996,217200.5463,216943.2380,216889.2380,894866.2508,893806.1406,4.3689,8.7378,5.2632
2021-05-27,4.1000,4.1300,4.0800,4.1000,138925.6700,56936.1940,3.4100,5.5500,0.6404,0.6405,0.9500,8.4259,8.2842,0.7464,2.6573,2.6865,217200.5463,216943.2380,216889.2380,890522.2398,889467.2758,4.3902,8.7805,5.2786
2021-05-28,4.0900,4.1300,4.0800,4.1100,142741.3800,58539.2350,3.4100,5.5600,0.6580,0.6581,0.9300,8.4465,8.3044,0.7483,2.6637,2.6931,217200.5463,216943.2380,216889.2380,892694.2453,891636.7082,4.3795,8.7591,5.2786
2021-05-31,4.1100,4.1100,4.0500,4.0600,178145.4200,72445.2590,3.3700,5.4900,0.8212,0.8214,1.0700,8.3437,8.2033,0.7392,2.6313,2.6603,217200.5463,216943.2380,216889.2380,881834.2180,880789.5463,4.4335,8.8670,5.3412
2021-06-01,4.0600,4.0700,4.0300,4.0700,143206.4300,57953.6480,3.3800,5.5100,0.6601,0.6603,0.7600,8.3643,8.2236,0.7410,2.6378,2.6668,217200.5463,216943.2380,216889.2380,884006.2234,882958.9787,4.4226,8.8452,5.3254
2021-06-02,4.0700,4.0700,4.0300,4.0400,126241.2100,51029.0080,3.3600,5.4700,0.5819,0.5821,0.7600,8.3026,8.1629,0.7355,2.6184,2.6472,217200.5463,216943.2380,216889.2380,877490.2071,876450.6815,4.4554,8.9109,5.3571
2021-06-03,4.0400,4.0700,4.0300,4.0400,112513.4000,45539.9570,3.3600,5.4700,0.5186,0.5188,0.7700,8.3026,8.1629,0.7355,2.6184,2.6472,217200.5463,216943.2380,216889.2380,877490.2071,876450.6815,4.4554,8.9109,5.3571
2021-06-04,4.0400,4.0600,4.0200,4.0400,152241.8000,61499.1480,3.3600,5.4700,0.7018,0.7019,1.0800,8.3026,8.1629,0.7355,2.6184,2.6472,217200.5463,216943.2380,216889.2380,877490.2071,876450.6815,4.4554,8.9109,5.3571
2021-06-07,4.0300,4.0400,4.0000,4.0000,155473.8700,62409.0100,3.3200,5.4100,0.7167,0.7167,1.0900,8.2204,8.0821,0.7282,2.5924,2.6210,217200.5463,216943.2380,216943.2380,868802.1852,867772.9520,4.5000,9.0000,5.4217
2021-06-08,4.0000,4.0300,3.9900,4.0200,90857.6700,36405.4470,3.3400,5.4400,0.4188,0.4188,0.6600,8.2615,8.1225,0.7319,2.6054,2.6341,217200.5463,216943.2380,216943.2380,873146.1961,872111.8168,4.4776,8.9552,5.3892
2021-06-09,4.0100,4.0200,3.9900,4.0000,112467.7500,44989.0080,3.3200,5.4100,0.5184,0.5184,0.8800,8.2204,8.0821,0.7282,2.5924,2.6210,217200.5463,216943.2380,216943.2380,868802.1852,867772.9520,4.5000,4.5000,5.4217
2021-06-10,4.0000,4.0100,3.9800,3.9900,135504.2200,54116.2490,3.3100,5.4000,0.6246,0.6246,1.0900,8.1999,8.0619,0.7264,2.5860,2.6144,217200.5463,216943.2380,216943.2380,866630.1797,865603.5196,4.5113,4.5113,5.4381
2021-06-11,3.9900,4.0000,3.9500,3.9500,198195.2900,78713.6230,3.2800,5.3400,0.9136,0.9136,1.5300,8.1177,7.9811,0.7191,2.5600,2.5882,217200.5463,216943.2380,216943.2380,857942.1579,856925.7901,4.5569,4.5570,5.4878
2021-06-15,3.9500,3.9700,3.9200,3.9500,167630.2000,66235.4000,3.2800,5.3400,0.7727,0.7727,1.2100,8.1177,7.9811,0.7191,2.5600,2.5882,217200.5463,216943.2380,216943.2380,857942.1579,856925.7901,4.5569,4.5570,5.4878
2021-06-16,3.9500,3.9900,3.9400,3.9800,134526.2500,53452.5270,3.3100,5.3800,0.6201,0.6201,0.9500,8.1793,8.0417,0.7246,2.5795,2.6079,217200.5463,216943.2380,216943.2380,864458.1743,863434.0872,4.5226,4.5226,5.4381
2021-06-17,3.9700,3.9900,3.9500,3.9600,90516.2700,35871.2240,3.2900,5.3600,0.4172,0.4172,0.6000,8.1382,8.0013,0.7210,2.5665,2.5948,217200.5463,216943.2380,216943.2380,860114.1633,859095.2225,4.5454,4.5455,5.4711
2021-06-18,3.9600,3.9700,3.9100,3.9300,125744.7400,49422.9050,3.2600,5.3200,0.5796,0.5796,0.8700,8.0766,7.9407,0.7155,2.5471,2.5751,217200.5463,216943.2380,216943.2380,853598.1470,852586.9253,4.5801,4.5802,5.5215
2021-06-21,3.9300,3.9400,3.9200,3.9400,88147.2000,34661.7910,3.2700,5.3300,0.4063,0.4063,0.6200,8.0971,7.9609,0.7173,2.5536,2.5817,217200.5463,216943.2380,216943.2380,855770.1524,854756.3577,4.5685,4.5685,5.5046
2021-06-22,3.9400,3.9700,3.9300,3.9500,82190.9100,32460.5850,3.2800,5.3400,0.3789,0.3789,0.6800,8.1177,7.9811,0.7191,2.5600,2.5882,217200.5463,216943.2380,216943.2380,857942.1579,856925.7901,4.5569,4.5570,5.4878
2021-06-23,3.9500,3.9500,3.9300,3.9500,66502.0900,26210.4140,3.2800,5.3400,0.3065,0.3065,0.6400,8.1177,7.9811,0.7191,2.5600,2.5882,217200.5463,216943.2380,216943.2380,857942.1579,856925.7901,4.5569,4.5570,5.4878
2021-06-24,3.9400,3.9700,3.9300,3.9600,68141.0200,26947.3070,3.2900,5.3600,0.3141,0.3141,0.7500,8.1382,8.0013,0.7210,2.5665,2.5948,217200.5463,216943.2380,216943.2380,860114.1633,859095.2225,4.5454,4.5455,5.4711
2021-06-25,3.9500,4.0000,3.9500,3.9800,131018.1900,52179.6040,3.3100,5.3800,0.6039,0.6039,1.5200,8.1793,8.0417,0.7246,2.5795,2.6079,217200.5463,216943.2380,216943.2380,864458.1743,863434.0872,4.5226,4.5226,5.4381
2021-06-28,3.9700,3.9900,3.9400,3.9500,97653.4000,38643.8900,3.2800,5.3400,0.4501,0.4501,1.1200,8.1177,7.9811,0.7191,2.5600,2.5882,217200.5463,216943.2380,216943.2380,857942.1579,856925.7901,4.5569,4.5570,5.4878
2021-06-29,3.9500,3.9700,3.9300,3.9400,56392.3100,22246.9790,3.2700,5.3300,0.2599,0.2599,0.6300,8.0971,7.9609,0.7173,2.5536,2.5817,217200.5463,216943.2380,216943.2380,855770.1524,854756.3577,4.5685,4.5685,5.5046
2021-06-30,3.9400,3.9500,3.9300,3.9400,45726.2900,18020.1880,3.2700,5.3300,0.2108,0.2108,0.5400,8.0971,7.9609,0.7173,2.5536,2.5817,217200.5463,216943.2380,216943.2380,855770.1524,854756.3577,4.5685,4.5685,5.5046
2021-07-01,3.9500,3.9700,3.9400,3.9500,76705.5600,30329.7860,3.2800,5.3400,0.3536,0.3536,0.9600,8.1177,7.9811,0.7191,2.5600,2.5882,217200.5463,216943.2380,216943.2380,857942.1579,856925.7901,4.5569,4.5570,5.4878
2021-07-02,3.9500,3.9600,3.9200,3.9400,100969.0000,39800.9770,3.2700,5.3300,0.4654,0.4654,1.2400,8.0971,7.9609,0.7173,2.5536,2.5817,217200.6179,216943.3096,216943.2380,855770.4345,854756.6398,4.5685,4.5685,5.5046
2021-07-05,3.9300,3.9400,3.9200,3.9300,86306.2000,33905.6220,3.2600,5.3200,0.3978,0.3979,1.1400,8.0766,7.9407,0.7155,2.5471,2.5751,217200.6179,216943.3096,216889.3096,853598.4283,852587.2067,4.5801,4.5802,5.5215
2021-07-06,3.9200,3.9600,3.9200,3.9500,95186.8000,37526.8270,3.2800,5.3400,0.4388,0.4389,1.3000,8.1177,7.9811,0.7191,2.5600,2.5882,217200.6179,216943.3096,216889.3096,857942.4407,856926.0729,4.5569,4.5570,5.4878
2021-07-07,3.9400,3.9600,3.9300,3.9500,76195.9600,30042.7640,3.2800,5.3400,0.3512,0.3513,0.9400,8.1177,7.9811,0.7191,2.5600,2.5882,217200.6179,216943.3096,216889.3096,857942.4407,856926.0729,4.5569,4.5570,5.4878
2021-07-08,3.9600,3.9600,3.9200,3.9300,81973.4000,32287.0020,3.2600,5.3200,0.3779,0.3780,0.9400,8.0766,7.9407,0.7155,2.5471,2.5751,217200.6179,216943.3096,216889.3096,853598.4283,852587.2067,4.5801,4.5802,5.5215
2021-07-09,3.9200,3.9400,3.9100,3.9300,70860.2800,27799.7640,3.2600,5.3200,0.3266,0.3267,0.8000,8.0766,7.9407,0.7155,2.5471,2.5751,217200.6179,216943.3096,216889.3096,853598.4283,852587.2067,4.5801,4.5802,5.5215
2021-07-12,3.9500,3.9500,3.9200,3.9300,105088.8900,41368.4870,3.2600,5.3200,0.4844,0.4845,1.2800,8.0766,7.9407,0.7155,2.5471,2.5751,217200.6179,216943.3096,216889.3096,853598.4283,852587.2067,4.5801,4.5802,5.5215
2021-07-13,3.9300,3.9300,3.9100,3.9200,100398.0900,39326.9720,3.2600,5.3000,0.4628,0.4629,1.1700,8.0560,7.9205,0.7358,2.5406,2.5686,217200.6179,216943.3096,216889.3096,851426.4222,850417.7736,4.5918,4.5918,5.5215
2021-07-14,3.9200,3.9200,3.8600,3.8600,140564.6900,54566.5370,3.2100,5.2200,0.6479,0.6481,1.6200,7.9327,7.7992,0.7246,2.5017,2.5292,217200.6179,216943.3096,216889.3096,838394.3851,837401.1751,4.6632,4.6632,5.6075
2021-07-15,3.8700,3.9200,3.8600,3.9000,152710.9200,59538.1490,3.2400,5.2800,0.7039,0.7041,1.5300,8.0149,7.8801,0.7321,2.5276,2.5555,217200.6179,216943.3096,216889.3096,847082.4098,846078.9074,4.6154,4.6154,5.5556
2021-07-16,3.8900,3.9000,3.8700,3.8900,88385.8000,34346.8840,3.2300,5.2600,0.4074,0.4075,0.7800,7.9944,7.8599,0.7302,2.5212,2.5489,217200.6179,216943.3096,216889.3096,844910.4036,843909.4743,4.6272,4.6272,5.5728
2021-07-19,3.8900,3.9200,3.8700,3.9200,97541.5100,38022.6270,3.2600,5.3000,0.4496,0.4497,0.8300,8.0560,7.9205,0.7358,2.5406,2.5686,217200.6179,216943.3096,216889.3096,851426.4222,850417.7736,4.5918,4.5918,5.5215
2021-07-20,3.9000,3.9200,3.8900,3.9200,53310.7100,20822.5420,3.2600,5.3000,0.2457,0.2458,0.4600,8.0560,7.9205,0.7358,2.5406,2.5686,217200.6179,216943.3096,216889.3096,851426.4222,850417.7736,4.5918,4.5918,5.5215
2021-07-21,3.9200,3.9300,3.8900,3.9000,65680.8000,25656.2790,3.2400,5.2800,0.3028,0.3028,0.6200,8.0149,7.8801,0.7321,2.5276,2.5555,217200.6179,216943.3096,216889.3096,847082.4098,846078.9074,4.6154,4.6154,5.5556
2021-07-22,3.9000,3.9300,3.8900,3.9100,83469.0500,32635.1430,3.2500,5.2900,0.3848,0.3848,0.9100,8.0355,7.9003,0.7340,2.5341,2.5620,217200.6179,216943.3096,216889.3096,849254.4160,848248.3405,4.6036,4.6036,5.5385
2021-07-23,3.9000,3.9100,3.8800,3.9000,68216.5100,26584.2000,3.2400,5.2800,0.3144,0.3145,0.8800,8.0149,7.8801,0.7321,2.5276,2.5555,217200.6179,216943.3096,216889.3096,847082.4098,846078.9074,4.6154,4.6154,5.5556
2021-07-26,3.8900,3.9000,3.8500,3.8600,108846.7300,42097.5980,3.2100,5.2200,0.5017,0.5019,1.4800,7.9327,7.7992,0.7246,2.5017,2.5292,217200.6179,216943.3096,216889.3096,838394.3851,837401.1751,4.6632,4.6632,5.6075
2021-07-27,3.8600,3.8700,3.8100,3.8200,105830.6000,40649.9360,3.1700,5.1700,0.4878,0.4879,1.3900,7.8505,7.7184,0.7171,2.4758,2.5030,217200.6179,216943.3096,216889.3096,829706.3604,828723.4427,4.7120,4.7120,5.6782
2021-07-28,3.8100,3.8300,3.8000,3.8100,92826.2700,35436.2470,3.1700,5.1500,0.4279,0.4280,1.0700,7.8300,7.6982,0.7152,2.4693,2.4965,217200.6179,216943.3096,216889.3096,827534.3542,826554.0096,4.7244,4.7244,5.6782
2021-07-29,3.8200,3.8200,3.7800,3.8000,80598.1200,30631.3240,3.1600,5.1400,0.3715,0.3716,0.8800,7.8094,7.6780,0.7133,2.4628,2.4899,217200.6179,216943.3096,216889.3096,825362.3480,824384.5765,4.7368,4.7368,5.6962
2021-07-30,3.8000,3.8000,3.7300,3.7500,102148.8900,38330.3910,3.1200,5.0700,0.4709,0.4710,1.1200,7.7067,7.5770,0.7039,2.4304,2.4572,217200.6179,216943.3096,216889.3096,814502.3171,813537.4110,4.8000,4.8000,5.7692
2021-08-02,3.7500,3.8100,3.6800,3.7900,134552.4400,50451.1720,3.1500,5.1300,0.6202,0.6204,1.3700,7.7889,7.6578,0.7114,2.4563,2.4834,217200.6179,216943.3096,216889.3096,823190.3418,822215.1434,4.7493,4.7493,5.7143
2021-08-03,3.7700,3.8000,3.7500,3.8000,63104.6000,23836.6270,3.1600,5.1400,0.2909,0.2910,0.6100,7.8094,7.6780,0.7133,2.4628,2.4899,217200.6179,216943.3096,216889.3096,825362.3480,824384.5765,4.7368,4.7368,5.6962
2021-08-04,3.7800,3.7900,3.7600,3.7700,42540.4000,16058.2680,3.1300,5.1000,0.1961,0.1961,0.4500,7.7478,7.6174,0.7077,2.4434,2.4703,217200.6179,216943.3096,216889.3096,818846.3295,817876.2772,4.7745,4.7745,5.7508
2021-08-05,3.7700,3.7900,3.7600,3.7700,49290.4100,18619.1690,3.1300,5.1000,0.2272,0.2273,0.5800,7.7478,7.6174,0.7077,2.4434,2.4703,217200.6179,216943.3096,216889.3096,818846.3295,817876.2772,4.7745,4.7745,5.7508
2021-08-06,3.7700,3.7800,3.7400,3.7700,56004.5000,21061.3190,3.1300,5.1000,0.2582,0.2582,0.7200,7.7478,7.6174,0.7077,2.4434,2.4703,217200.6179,216943.3096,216889.3096,818846.3295,817876.2772,4.7745,4.7745,5.7508
2021-08-09,3.7500,3.8400,3.7500,3.8200,104190.2000,39620.1880,3.1700,5.1700,0.4803,0.4804,1.5100,7.8505,7.7184,0.7171,2.4758,2.5030,217200.6179,216943.3096,216889.3096,829706.3604,828723.4427,4.7120,4.7120,5.6782
2021-08-10,3.8000,3.8300,3.7800,3.8200,92384.4400,35091.4590,3.1700,5.1700,0.4258,0.4260,1.4700,7.8505,7.7184,0.7171,2.4758,2.5030,217200.6179,216943.3096,216889.3096,829706.3604,828723.4427,4.7120,4.7120,5.6782
2021-08-11,3.8100,3.8500,3.8000,3.8200,126265.6000,48272.3560,3.1700,5.1700,0.5820,0.5822,1.8300,7.8505,7.7184,0.7171,2.4758,2.5030,217200.6179,216943.3096,216889.3096,829706.3604,828723.4427,4.7120,4.7120,5.6782
2021-08-12,3.8100,3.8200,3.8000,3.8000,52371.2000,19933.3610,3.1600,5.1400,0.2414,0.2415,0.6100,7.8094,7.6780,0.7133,2.4628,2.4899,217200.6179,216943.3096,216889.3096,825362.3480,824384.5765,4.7368,4.7368,5.6962
2021-08-13,3.8000,3.8000,3.7800,3.7800,50615.2000,19168.7590,3.1400,5.1100,0.2333,0.2334,0.5900,7.7683,7.6376,0.7096,2.4499,2.4768,217200.6179,216943.3096,216889.3096,821018.3357,820045.7103,4.7619,4.7619,5.7325
2021-08-16,3.7800,3.8100,3.7800,3.8000,64669.1300,24547.9580,3.1600,5.1400,0.2981,0.2982,0.7600,7.8094,7.6780,0.7133,2.4628,2.4899,217200.6179,216943.3096,216889.3096,825362.3480,824384.5765,4.7368,4.7368,5.6962
2021-08-17,3.8000,3.8200,3.7700,3.7700,85038.0000,32296.0960,3.1300,5.1000,0.3920,0.3921,1.1000,7.7478,7.6174,0.7077,2.4434,2.4703,217200.6179,216943.3096,216889.3096,818846.3295,817876.2772,4.7745,4.7745,5.7508
2021-08-18,3.7700,3.8300,3.7500,3.8300,234284.3500,89040.7570,3.1800,5.1800,1.0799,1.0802,3.0900,7.8711,7.7386,0.7190,2.4823,2.5096,217200.6179,216943.3096,216889.3096,831878.3666,830892.8758,4.6997,4.6997,5.6604
2021-08-19,3.8200,3.8200,3.7700,3.7800,134905.4400,51079.2630,3.1400,5.1100,0.6218,0.6220,1.3900,7.7683,7.6376,0.7096,2.4499,2.4768,217200.6179,216943.3096,216889.3096,821018.3357,820045.7103,4.7619,4.7619,5.7325
2021-08-20,3.7700,3.7800,3.7500,3.7800,95775.7300,36093.9270,3.1400,5.1100,0.4415,0.4416,0.8400,7.7683,7.6376,0.7096,2.4499,2.4768,217200.6179,216943.3096,216889.3096,821018.3357,820045.7103,4.7619,4.7619,5.7325
2021-08-23,3.7800,3.7900,3.7700,3.7800,78658.9900,29722.2660,3.1400,5.1100,0.3626,0.3627,0.6400,7.7683,7.6376,0.7096,2.4499,2.4768,217200.6179,216943.3096,216889.3096,821018.3357,820045.7103,4.7619,4.7619,5.7325
2021-08-24,3.7800,3.7900,3.7600,3.7800,95859.4000,36149.2430,3.1400,5.1100,0.4419,0.4420,0.7600,7.7683,7.6376,0.7096,2.4499,2.4768,217200.6179,216943.3096,216889.3096,821018.3357,820045.7103,4.7619,4.7619,5.7325
2021-08-25,3.7700,3.7800,3.7600,3.7800,88728.3000,33465.3940,3.1400,5.1100,0.4090,0.4091,0.6900,7.7683,7.6376,0.7096,2.4499,2.4768,217200.6179,216943.3096,216889.3096,821018.3357,820045.7103,4.7619,4.7619,5.7325
2021-08-26,3.7700,3.7900,3.7600,3.7800,94013.1700,35477.5840,3.1400,5.1100,0.4334,0.4335,0.9500,7.7683,7.6376,0.7096,2.4499,2.4768,217200.6179,216943.3096,216889.3096,821018.3357,820045.7103,4.7619,4.7619,5.7325
2021-08-27,3.7700,3.7800,3.7600,3.7700,53291.0400,20088.5800,3.1300,5.1000,0.2456,0.2457,0.5900,7.7478,7.6174,0.7077,2.4434,2.4703,217200.6179,216943.3096,216889.3096,818846.3295,817876.2772,4.7745,4.7745,5.7508
2021-08-30,3.7700,3.7800,3.7500,3.7600,116761.7400,43966.3800,3.1200,5.0900,0.5382,0.5383,1.4200,7.7272,7.2937,0.6875,2.4369,2.4610,217200.6179,216943.3096,216889.3096,816674.3233,815706.8441,4.7872,4.7872,5.7692
2021-08-31,3.7600,3.8000,3.7500,3.8000,121291.5400,45826.8230,3.1600,5.1400,0.5591,0.5592,1.3500,7.8094,7.3713,0.6949,2.4628,2.4872,217200.6179,216943.3096,216889.3096,825362.3480,824384.5765,4.7368,4.7368,5.6962
2021-09-01,3.7900,3.8500,3.7800,3.8400,218615.1200,83641.1770,3.1900,5.2000,1.0077,1.0080,2.3100,7.8916,7.4489,0.7022,2.4887,2.5134,217200.6179,216943.3096,216889.3096,834050.3727,833062.3089,4.6875,4.6875,5.6426
2021-09-02,3.8300,3.8700,3.8200,3.8600,161741.5000,62226.6350,3.2100,5.2200,0.7455,0.7457,1.3400,7.9327,7.4877,0.7058,2.5017,2.5265,217200.6179,216943.3096,216889.3096,838394.3851,837401.1751,4.6632,4.6632,5.6075
2021-09-03,3.8600,3.9000,3.8500,3.8700,186711.1700,72340.2340,3.2100,5.2400,0.8606,0.8609,1.3900,7.9533,7.5071,0.7077,2.5082,2.5330,217200.6179,216943.3096,216889.3096,840566.3913,839570.6082,4.6511,4.6512,5.6075
2021-09-06,3.8700,3.8900,3.8600,3.8900,119103.8000,46213.9810,3.2300,5.2600,0.5490,0.5491,0.7400,7.9944,7.5459,0.7113,2.5212,2.5461,217200.6179,216943.3096,216889.3096,844910.4036,843909.4743,4.6272,4.6272,5.5728
2021-09-07,3.8800,3.9200,3.8500,3.9100,155191.7200,60313.6670,3.2500,5.2900,0.7154,0.7155,0.9600,8.0355,7.5847,0.7150,2.5341,2.5592,217200.6179,216943.3096,216889.3096,849254.4160,848248.3405,4.6036,4.6036,5.5385
2021-09-08,3.9000,3.9600,3.8900,3.9600,225907.1300,88944.7250,3.2900,5.3600,1.0413,1.0416,1.3400,8.1382,7.6817,0.7241,2.5665,2.5919,217200.6179,216943.3096,216889.3096,860114.4469,859095.5060,4.5454,4.5455,5.4711
2021-09-09,3.9500,3.9900,3.9300,3.9700,167637.7500,66428.4380,3.3000,5.3700,0.7727,0.7729,0.9900,8.1588,7.7011,0.7259,2.5730,2.5984,217200.6179,216943.3096,216889.3096,862286.4531,861264.9391,4.5340,4.5340,5.4545
2021-09-10,3.9700,4.0800,3.9600,4.0100,318838.3500,128130.2410,3.3300,5.4300,1.4697,1.4701,1.8700,8.2410,7.7786,0.7333,2.5989,2.6246,217200.6179,216943.3096,216889.3096,870974.4778,869942.6715,4.4887,4.4888,5.4054
2021-09-13,4.0000,4.0100,3.9700,4.0100,151763.4000,60570.5490,3.3300,5.4300,0.6996,0.6997,0.7700,8.2410,7.7786,0.7333,2.5989,2.6246,217200.6179,216943.3096,216889.3096,870974.4778,869942.6715,4.4887,4.4888,5.4054
2021-09-14,4.0200,4.0300,3.9300,3.9400,177322.3000,70531.9030,3.2700,5.3300,0.8174,0.8176,0.8700,8.0971,7.6429,0.7205,2.5536,2.5788,217200.6179,216943.3096,216889.3096,855770.4345,854756.6398,4.5685,4.5685,5.5046
2021-09-15,3.9500,3.9900,3.9300,3.9800,143638.9900,56959.4260,3.3100,5.3800,0.6621,0.6623,0.6900,8.1793,7.7205,0.7278,2.5795,2.6050,217200.6179,216943.3096,216889.3096,864458.4592,863434.3722,4.5226,4.5226,5.4381
2021-09-16,3.9800,4.0300,3.9500,3.9500,162167.8000,64748.2670,3.2800,5.3400,0.7475,0.7477,0.8500,8.1177,7.6623,0.7223,2.5600,2.5854,217200.6179,216943.3096,216889.3096,857942.4407,856926.0729,4.5569,4.5570,5.4878
2021-09-17,3.9400,3.9600,3.9000,3.9100,118516.6000,46533.4850,3.2500,5.2900,0.5463,0.5464,0.6200,8.0355,7.5847,0.7150,2.5341,2.5592,217200.6179,216943.3096,216889.3096,849254.4160,848248.3405,4.6036,4.6036,5.5385
2021-09-22,3.8700,3.9000,3.8600,3.9000,110702.2900,42916.0460,3.2400,5.2800,0.5103,0.5104,0.7300,8.0149,7.5653,0.7131,2.5276,2.5526,217200.6179,216943.3096,216889.3096,847082.4098,846078.9074,4.6154,4.6154,5.5556
2021-09-23,3.9100,3.9700,3.9000,3.9500,145750.9900,57431.8740,3.2800,5.3400,0.6718,0.6720,1.0200,8.1177,7.6623,0.7223,2.5600,2.5854,217200.6179,216943.3096,216889.3096,857942.4407,856926.0729,4.5569,4.5570,5.4878
2021-09-24,3.9500,3.9500,3.8800,3.8800,91153.4000,35677.5340,3.2200,5.2500,0.4202,0.4203,0.6700,7.9738,7.5265,0.7095,2.5147,2.5395,217200.6179,216943.3096,216889.3096,842738.3975,841740.0412,4.6391,4.6392,5.5901
2021-09-27,3.8900,3.8900,3.8200,3.8400,117688.0800,45334.9690,3.1900,5.2000,0.5425,0.5426,0.9400,7.8916,7.4489,0.7022,2.4887,2.5134,217200.6179,216943.3096,216889.3096,834050.3727,833062.3089,4.6875,4.6875,5.6426
2021-09-28,3.8400,3.8900,3.8400,3.8700,119301.7200,46063.5370,3.2100,5.2400,0.5499,0.5501,1.0200,7.9533,7.5071,0.7077,2.5082,2.5330,217200.6179,216943.3096,216889.3096,840566.3913,839570.6082,4.6511,4.6512,5.6075
2021-09-29,3.8500,3.8800,3.8100,3.8500,122446.5800,47038.9420,3.2000,5.2100,0.5644,0.5646,1.0500,7.9122,7.4683,0.7040,2.4952,2.5199,217200.6179,216943.3096,216889.3096,836222.3789,835231.7420,4.6753,4.6753,5.6250
2021-09-30,3.8400,3.8600,3.8200,3.8300,107292.4000,41149.7530,3.1800,5.1800,0.4946,0.4947,0.9000,7.8711,7.4295,0.7003,2.4823,2.5068,217200.6179,216943.3096,216889.3096,831878.3666,830892.8758,4.6997,4.6997,5.6604
2021-10-08,3.8500,3.9000,3.8400,3.8900,109208.8800,42349.5450,3.2300,5.2600,0.5034,0.5035,0.9800,7.9944,7.5459,0.7113,2.5212,2.5461,217200.6179,216943.3096,216889.3096,844910.4036,843909.4743,4.6272,4.6272,5.5728
2021-10-11,3.9000,3.9500,3.9000,3.9200,113772.8000,44623.7470,3.2600,5.3000,0.5244,0.5481,0.9900,8.0560,7.6041,0.7168,2.5406,2.5657,217200.9274,216943.6191,207584.8250,851427.6354,850418.9869,4.5918,4.5918,5.5215
2021-10-12,3.9100,3.9300,3.8800,3.8900,111494.5700,43491.6920,3.2300,5.2600,0.5139,0.5371,0.9700,7.9944,7.5459,0.7113,2.5212,2.5461,217200.9274,216943.6191,207584.8250,844911.6076,843910.6783,4.6272,4.6272,5.5728
2021-10-13,3.8900,3.9000,3.8500,3.8800,96399.4700,37368.8780,3.2200,5.2500,0.4444,0.4644,0.8500,7.9738,7.5265,0.7095,2.5147,2.5395,217200.9274,216943.6191,207584.8250,842739.5983,841741.2421,4.6391,4.6392,5.5901
2021-10-14,3.8700,3.8800,3.8600,3.8700,45004.6000,17430.5930,3.2100,5.2400,0.2074,0.2168,0.4200,7.9533,7.5071,0.7077,2.5082,2.5330,217200.9274,216943.6191,207584.8250,840567.5890,839571.8059,4.6511,4.6512,5.6075
2021-10-15,3.8700,3.8900,3.8600,3.8600,66459.8000,25716.1880,3.2100,5.2200,0.3063,0.3202,0.7000,7.9327,7.4877,0.7058,2.5017,2.5265,217200.9274,216943.6191,207584.8250,838395.5798,837402.3697,4.6632,4.6632,5.6075
2021-10-18,3.8600,3.8900,3.8600,3.8800,74917.0000,29035.3180,3.2200,5.2500,0.3453,0.3609,0.8600,7.9738,7.5265,0.7095,2.5147,2.5395,217200.9274,216943.6191,207584.8250,842739.5983,841741.2421,4.6391,4.6392,5.5901
2021-10-19,3.8800,3.9100,3.8700,3.9000,72451.0000,28237.9530,3.2400,5.2800,0.3340,0.3490,0.9200,8.0149,7.5653,0.7131,2.5276,2.5526,217200.9274,216943.6191,207584.8250,847083.6169,846080.1145,4.6153,4.6154,5.5556
2021-10-20,3.9000,3.9100,3.8800,3.8900,55639.1100,21624.4400,3.2300,5.2600,0.2565,0.2680,0.7800,7.9944,7.5459,0.7113,2.5212,2.5461,217200.9274,216943.6191,207584.8250,844911.6076,843910.6783,4.6272,4.6272,5.5728
2021-10-21,3.9100,3.9500,3.8900,3.9500,162091.4500,63690.9690,3.2800,5.3400,0.7472,0.7808,2.5800,8.1177,7.6623,0.7223,2.5600,2.5854,217200.9274,216943.6191,207584.8250,857943.6632,856927.2954,4.5569,4.5570,5.4878
2021-10-22,3.9400,3.9800,3.9200,3.9400,110443.9700,43571.4350,3.2700,5.3300,0.5091,0.5320,1.2800,8.0971,7.6429,0.7205,2.5536,2.5788,217200.9274,216943.6191,207584.8250,855771.6540,854757.8593,4.5685,4.5685,5.5046
2021-10-25,3.9400,3.9400,3.8900,3.9200,78875.7300,30839.3480,3.2600,5.3000,0.3636,0.3800,0.8300,8.0560,7.6041,0.7168,2.5406,2.5657,217200.9274,216943.6191,207584.8250,851427.6354,850418.9869,4.5918,4.5918,5.5215
2021-10-26,3.9200,3.9400,3.8900,3.9200,142979.6100,56046.1940,3.2600,5.3000,0.6591,0.6888,1.4900,8.0560,7.6041,0.7168,2.5406,2.5657,217200.9274,216943.6191,207584.8250,851427.6354,850418.9869,4.5918,4.5918,5.5215
2021-10-27,3.9100,3.9100,3.8200,3.8500,124881.8000,48172.8750,3.2000,5.2100,0.5756,0.6016,1.1400,7.9122,7.4683,0.7040,2.4952,2.5199,217200.9274,216943.6191,207584.8250,836223.5705,835232.9335,4.6753,4.6753,5.6250
2021-10-28,3.8400,3.8500,3.8100,3.8200,87638.2800,33503.5340,3.1700,5.1700,0.4040,0.4222,0.7100,7.8505,7.4101,0.6985,2.4758,2.5003,217200.9274,216943.6191,207584.8250,829707.5427,828724.6250,4.7120,4.7120,5.6782
2021-10-29,3.8200,3.8400,3.7900,3.8200,80861.0800,30856.6580,3.1700,5.1700,0.3727,0.3895,0.7400,7.8505,7.1670,0.6859,2.4758,2.5261,217200.9274,216943.6191,207584.8250,829707.5427,828724.6250,4.7120,4.7120,5.6782
2021-11-01,3.8100,3.8400,3.7900,3.8100,93422.8000,35623.5530,3.1700,5.1500,0.4306,0.4500,0.9100,7.8300,7.1482,0.6841,2.4693,2.5195,217200.9274,216943.6191,207584.8250,827535.5334,826555.1888,4.7244,4.7244,5.6782
2021-11-02,3.8100,3.8200,3.7200,3.7500,148727.8200,55978.0840,3.1200,5.0700,0.6856,0.7165,1.4000,7.7067,7.0356,0.6733,2.4304,2.4798,217200.9274,216943.6191,207584.8250,814503.4778,813538.5716,4.8000,4.8000,5.7692
2021-11-03,3.7500,3.7600,3.7200,3.7500,71686.9300,26823.9040,3.1200,5.0700,0.3304,0.3453,0.6700,7.7067,7.0356,0.6733,2.4304,2.4798,217200.9274,216943.6191,207584.8250,814503.4778,813538.5716,4.8000,4.8000,5.7692
2021-11-04,3.7500,3.7700,3.7300,3.7400,70597.2000,26415.3780,3.1100,5.0600,0.3254,0.3401,0.7300,7.6861,7.0169,0.6715,2.4239,2.4732,217200.9274,216943.6191,207584.8250,812331.4685,811369.1354,4.8128,4.8128,5.7878
2021-11-05,3.7300,3.7400,3.7100,3.7300,82765.6000,30852.6410,3.1000,5.0500,0.3815,0.3987,0.8900,7.6656,6.9981,0.6697,2.4175,2.4666,217200.9274,216943.6191,207584.8250,810159.4592,809199.6992,4.8257,4.8257,5.8065
2021-11-08,3.7300,3.7400,3.7100,3.7300,74586.6700,27794.0810,3.1000,5.0500,0.3438,0.3593,0.8000,7.6656,6.9981,0.6697,2.4175,2.4666,217200.9274,216943.6191,207584.8250,810159.4592,809199.6992,4.8257,4.8257,5.8065
2021-11-09,3.7400,3.7500,3.7200,3.7300,54291.2800,20270.4060,3.1000,5.0500,0.2503,0.2615,0.6100,7.6656,6.9981,0.6697,2.4175,2.4666,217200.9274,216943.6191,207584.8250,810159.4592,809199.6992,4.8257,4.8257,5.8065
2021-11-10,3.7400,3.7500,3.7200,3.7500,66751.1900,24915.5240,3.1200,5.0700,0.3077,0.3216,0.9400,7.7067,7.0356,0.6733,2.4304,2.4798,217200.9274,216943.6191,207584.8250,814503.4778,813538.5716,4.8000,4.8000,5.7692
2021-11-11,3.7500,3.7900,3.7400,3.7800,84422.6600,31836.1760,3.1400,5.1100,0.3891,0.4067,1.2100,7.7683,7.0919,0.6787,2.4499,2.4996,217200.9274,216943.6191,207584.8250,821019.5056,820046.8802,4.7619,4.7619,5.7325
2021-11-12,3.7800,3.7800,3.7600,3.7600,59146.8800,22293.9970,3.1200,5.0900,0.2726,0.2849,0.8200,7.7272,7.0544,0.6751,2.4369,2.4864,217200.9274,216943.6191,207584.8250,816675.4870,815708.0078,4.7872,4.7872,5.7692
2021-11-15,3.7600,3.7800,3.7500,3.7600,63277.9700,23844.6450,3.1200,5.0900,0.2917,0.3048,0.9300,7.7272,7.0544,0.6751,2.4369,2.4864,217200.9274,216943.6191,207584.8250,816675.4870,815708.0078,4.7872,4.7872,5.7692
2021-11-16,3.7700,3.7800,3.7500,3.7600,65512.3300,24652.6670,3.1200,5.0900,0.3020,0.3156,1.0000,7.7272,7.0544,0.6751,2.4369,2.4864,217200.9274,216943.6191,207584.8250,816675.4870,815708.0078,4.7872,4.7872,5.7692
2021-11-17,3.7600,3.7900,3.7500,3.7700,81761.1100,30847.9210,3.1300,5.1000,0.3769,0.3939,1.2100,7.7478,7.0732,0.6769,2.4434,2.4930,217200.9274,216943.6191,207584.8250,818847.4963,817877.4440,4.7745,4.7745,5.7508
2021-11-18,3.7700,3.7800,3.7500,3.7500,69611.4000,26176.3430,3.1200,5.0700,0.3209,0.3353,0.9800,7.7067,7.0356,0.6733,2.4304,2.4798,217200.9274,216943.6191,207584.8250,814503.4778,813538.5716,4.8000,4.8000,5.7692
2021-11-19,3.7500,3.7800,3.7400,3.7700,85742.9700,32180.3160,3.1300,5.1000,0.3952,0.4131,1.2600,7.7478,7.0732,0.6769,2.4434,2.4930,217200.9274,216943.6191,207584.8250,818847.4963,817877.4440,4.7745,4.7745,5.7508
2021-11-22,3.7700,3.7800,3.7500,3.7600,66879.3000,25135.5920,3.1200,5.0900,0.3083,0.3222,0.9100,7.7272,7.0544,0.6751,2.4369,2.4864,217200.9274,216943.6191,207584.8250,816675.4870,815708.0078,4.7872,4.7872,5.7692
2021-11-23,3.7600,3.7700,3.7500,3.7600,66386.9300,24995.7810,3.1200,5.0900,0.3060,0.3198,0.9000,7.7272,7.0544,0.6751,2.4369,2.4864,217200.9274,216943.6191,207584.8250,816675.4870,815708.0078,4.7872,4.7872,5.7692
2021-11-24,3.7600,3.7900,3.7600,3.7700,81082.0400,30572.2300,3.1300,5.1000,0.3737,0.3906,1.0900,7.7478,7.0732,0.6769,2.4434,2.4930,217200.9274,216943.6191,207584.8250,818847.4963,817877.4440,4.7745,4.7745,5.7508
2021-11-25,3.7800,3.7900,3.7700,3.7800,59619.5800,22524.1500,3.1400,5.1100,0.2748,0.2872,0.8100,7.7683,7.0919,0.6787,2.4499,2.4996,217200.9274,216943.6191,207584.8250,821019.5056,820046.8802,4.7619,4.7619,5.7325
2021-11-26,3.7800,3.7900,3.7600,3.7700,50294.2000,18946.2460,3.1300,5.1000,0.2318,0.2423,0.7000,7.7478,7.0732,0.6769,2.4434,2.4930,217200.9274,216943.6191,207584.8250,818847.4963,817877.4440,4.7745,4.7745,5.7508
2021-11-29,3.7400,3.7600,3.7300,3.7600,70943.4000,26583.1680,3.1200,5.0900,0.3270,0.3418,1.0900,7.7272,7.0544,0.6751,2.4369,2.4864,217200.9274,216943.6191,207584.8250,816675.4870,815708.0078,4.7872,4.7872,5.7692
2021-11-30,3.7500,3.7700,3.7400,3.7600,70830.8300,26613.1280,3.1200,5.0900,0.3265,0.3412,1.0800,7.7272,7.0544,0.6751,2.4369,2.4864,217200.9274,216943.6191,207584.8250,816675.4870,815708.0078,4.7872,4.7872,5.7692
2021-12-01,3.7500,3.7900,3.7400,3.7800,88072.0300,33181.4130,3.1400,5.1100,0.4060,0.4243,1.3200,7.7683,7.0919,0.6787,2.4499,2.4996,217200.9274,216943.6191,207584.8250,821019.5056,820046.8802,4.7619,4.7619,5.7325
2021-12-02,3.7800,3.7800,3.7600,3.7700,63328.0200,23879.7090,3.1300,5.1000,0.2919,0.3051,0.9300,7.7478,7.0732,0.6769,2.4434,2.4930,217200.9274,216943.6191,207584.8250,818847.4963,817877.4440,4.7745,4.7745,5.7508
2021-12-03,3.7800,3.7800,3.7500,3.7700,98528.0400,37131.6490,3.1300,5.1000,0.4542,0.4746,1.4300,7.7478,7.0732,0.6769,2.4434,2.4930,217200.9274,216943.6191,207584.8250,818847.4963,817877.4440,4.7745,4.7745,5.7508
2021-12-06,3.7800,3.8100,3.7700,3.7700,151483.0600,57357.7070,3.1300,5.1000,0.6983,0.7297,1.9300,7.7478,7.0732,0.6769,2.4434,2.4930,217200.9274,216943.6191,207584.8250,818847.4963,817877.4440,4.7745,4.7745,5.7508
2021-12-07,3.7900,3.7900,3.7500,3.7800,114358.4500,43144.8610,3.1400,5.1100,0.5271,0.5509,1.2100,7.7683,7.0919,0.6787,2.4499,2.4996,217200.9274,216943.6191,207584.8250,821019.5056,820046.8802,4.7619,4.7619,5.7325
2021-12-08,3.7800,3.7800,3.7600,3.7800,86663.0000,32644.4150,3.1400,5.1100,0.3995,0.4175,0.8400,7.7683,7.0919,0.6787,2.4499,2.4996,217200.9274,216943.6191,207584.8250,821019.5056,820046.8802,4.7619,4.7619,5.7325
2021-12-09,3.7700,3.8300,3.7700,3.8100,173210.2500,65808.2840,3.1700,5.1500,0.7984,0.8344,1.6800,7.8300,7.1482,0.6841,2.4693,2.5195,217200.9274,216943.6191,207584.8250,827535.5334,826555.1888,4.7244,4.7244,5.6782
2021-12-10,3.7900,3.8100,3.7800,3.8000,100646.7700,38161.8020,3.1600,5.1400,0.4639,0.4848,0.8100,7.8094,7.1294,0.6823,2.4628,2.5129,217200.9274,216943.6191,207584.8250,825363.5241,824385.7526,4.7368,4.7368,5.6962
2021-12-13,3.8000,3.8200,3.7800,3.7900,87736.0000,33317.1100,3.1500,5.1300,0.4044,0.4227,0.7000,7.7889,7.1107,0.6805,2.4563,2.5062,217200.9274,216943.6191,207584.8250,823191.5148,822216.3164,4.7493,4.7493,5.7143
2021-12-14,3.7900,3.7900,3.7700,3.7800,84013.1900,31770.3170,3.1400,5.1100,0.3873,0.4047,0.7500,7.7683,7.0919,0.6787,2.4499,2.4996,217200.9274,216943.6191,207584.8250,821019.5056,820046.8802,4.7619,4.7619,5.7325
2021-12-15,3.7800,3.8000,3.7700,3.7900,68374.3100,25894.6520,3.1500,5.1300,0.3152,0.3294,0.6400,7.7889,7.1107,0.6805,2.4563,2.5062,217200.9274,216943.6191,207584.8250,823191.5148,822216.3164,4.7493,4.7493,5.7143
2021-12-16,3.7900,3.8100,3.7900,3.8100,69982.3500,26599.7410,3.1700,5.1500,0.3226,0.3371,0.6800,7.8300,7.1482,0.6841,2.4693,2.5195,217200.9274,216943.6191,207584.8250,827535.5334,826555.1888,4.7244,4.7244,5.6782
2021-12-17,3.8100,3.8200,3.8000,3.8000,101581.9100,38674.6500,3.1600,5.1400,0.4682,0.4894,1.2400,7.8094,7.1294,0.6823,2.4628,2.5129,217200.9274,216943.6191,207584.8250,825363.5241,824385.7526,4.7368,4.7368,5.6962
2021-12-20,3.8000,3.8200,3.7900,3.8100,99497.7100,37853.8750,3.1700,5.1500,0.4586,0.4793,1.2100,7.8300,7.1482,0.6841,2.4693,2.5195,217200.9274,216943.6191,207584.8250,827535.5334,826555.1888,4.7244,4.7244,5.6782
2021-12-21,3.8100,3.9100,3.7900,3.9000,346468.6300,134039.3850,3.2400,5.2800,1.5970,1.6690,4.0900,8.0149,7.3171,0.7003,2.5276,2.5790,217200.9274,216943.6191,207584.8250,847083.6169,846080.1145,4.6153,4.6154,5.5556
2021-12-22,3.9000,3.9000,3.8500,3.8600,185332.7300,71689.2410,3.2100,5.2200,0.8543,0.8928,1.3500,7.9327,7.2420,0.6931,2.5017,2.5525,217200.9274,216943.6191,207584.8250,838395.5798,837402.3697,4.6632,4.6632,5.6075
2021-12-23,3.8600,3.8700,3.8400,3.8500,95213.6500,36662.4490,3.2000,5.2100,0.4389,0.4587,0.5900,7.9122,7.2232,0.6913,2.4952,2.5459,217200.9274,216943.6191,207584.8250,836223.5705,835232.9335,4.6753,4.6753,5.6250
2021-12-24,3.8500,3.8600,3.8300,3.8300,83699.4000,32125.0030,3.1800,5.1800,0.3858,0.4032,0.5100,7.8711,7.1857,0.6877,2.4823,2.5327,217200.9274,216943.6191,207584.8250,831879.5519,830894.0612,4.6997,4.6997,5.6604
2021-12-27,3.8300,3.8500,3.8200,3.8300,90605.6000,34712.3690,3.1800,5.1800,0.4176,0.4365,0.5600,7.8711,7.1857,0.6877,2.4823,2.5327,217200.9274,216943.6191,207584.8250,831879.5519,830894.0612,4.6997,4.6997,5.6604
2021-12-28,3.8300,3.8400,3.8200,3.8400,76467.4400,29284.9550,3.1900,5.2000,0.3525,0.3684,0.4800,7.8916,7.2045,0.6895,2.4887,2.5393,217200.9274,216943.6191,207584.8250,834051.5612,833063.4973,4.6875,4.6875,5.6426
2021-12-29,3.8300,3.8400,3.8000,3.8200,109914.1000,41952.2560,3.1700,5.1700,0.5066,0.5295,1.0300,7.8505,7.1670,0.6859,2.4758,2.5261,217200.9274,216943.6191,207584.8250,829707.5427,828724.6250,4.7120,4.7120,5.6782
2021-12-30,3.8200,3.8500,3.8100,3.8300,103200.6700,39593.6180,3.1800,5.1800,0.4757,0.4971,1.1300,7.8711,7.1857,0.6877,2.4823,2.5327,217200.9274,216943.6191,207584.8250,831879.5519,830894.0612,4.6997,4.6997,5.6604
2021-12-31,3.8300,3.8600,3.8200,3.8500,96587.3100,37107.6120,3.2000,5.2100,0.4452,0.4653,1.0400,7.9122,7.2232,0.6913,2.4952,2.5459,217200.9274,216943.6191,207584.8250,836223.5705,835232.9335,4.6753,4.6753,5.6250
2022-01-04,3.8500,3.8800,3.8400,3.8800,136236.8800,52642.3160,3.2200,5.2500,0.6280,0.6563,1.4300,7.9738,7.2795,0.6967,2.5147,2.5658,217200.9274,216943.6191,207584.8250,842739.5983,841741.2421,4.6392,4.6392,5.5901
2022-01-05,3.8700,3.9000,3.8600,3.8800,159656.5200,62006.2220,3.2200,5.2500,0.7359,0.7691,1.5300,7.9738,7.2795,0.6967,2.5147,2.5658,217200.9851,216943.6768,207584.8250,842739.8222,841741.4660,4.6392,4.6392,5.5901
2022-01-06,3.8700,3.8900,3.8500,3.8800,145994.8000,56555.6000,3.2200,5.2500,0.6730,0.7033,1.2100,7.9738,7.2795,0.6967,2.5147,2.5658,217200.9851,216943.6768,207584.8250,842739.8222,841741.4660,4.6392,4.6392,5.5901
2022-01-07,3.8800,3.9400,3.8700,3.9000,239069.5900,93519.7350,3.2400,5.2800,1.1020,1.1517,1.8600,8.0149,7.3171,0.7003,2.5276,2.5790,217200.9851,216943.6768,207584.8250,847083.8419,846080.3395,4.6154,4.6154,5.5556
2022-01-10,3.9100,3.9500,3.8900,3.9200,146692.5200,57460.1710,3.2600,5.3000,0.6762,0.7067,0.9400,8.0560,7.3546,0.7038,2.5406,2.5922,217200.9851,216943.6768,207584.8250,851427.8616,850419.2131,4.5918,4.5918,5.5215
2022-01-11,3.9200,3.9800,3.9100,3.9500,296437.5200,117016.8760,3.2800,5.3400,1.3664,1.4280,1.7900,8.1177,7.4109,0.7092,2.5600,2.6120,217200.9851,216943.6768,207584.8250,857943.8911,856927.5234,4.5570,4.5570,5.4878
2022-01-12,3.9500,3.9600,3.9100,3.9400,198494.6400,78122.0140,3.2700,5.3300,0.9150,0.9562,1.0000,8.0971,7.3921,0.7074,2.5536,2.6054,217200.9851,216943.6768,207584.8250,855771.8813,854758.0866,4.5685,4.5685,5.5046
2022-01-13,3.9300,4.0000,3.9200,3.9400,176398.5000,69820.4590,3.2700,5.3300,0.8131,0.8498,0.8600,8.0971,7.3921,0.7074,2.5536,2.6054,217200.9851,216943.6768,207584.8250,855771.8813,854758.0866,4.5685,4.5685,5.5046
2022-01-14,3.9500,3.9500,3.8700,3.8800,180715.9000,70491.4760,3.2200,5.2500,0.8330,0.8706,0.8500,7.9738,7.2795,0.6967,2.5147,2.5658,217200.9851,216943.6768,207584.8250,842739.8222,841741.4660,4.6392,4.6392,5.5901
2022-01-17,3.9000,3.9500,3.8800,3.9000,142269.0000,55652.6930,3.2400,5.2800,0.6558,0.6854,0.7100,8.0149,7.3171,0.7003,2.5276,2.5790,217200.9851,216943.6768,207584.8250,847083.8419,846080.3395,4.6154,4.6154,5.5556
2022-01-18,3.9000,3.9800,3.8800,3.9500,230272.5700,90623.4010,3.2800,5.3400,1.0614,1.1093,1.1600,8.1177,7.4109,0.7092,2.5600,2.6120,217200.9851,216943.6768,207584.8250,857943.8911,856927.5234,4.5570,4.5570,5.4878
2022-01-19,4.0200,4.2400,4.0000,4.0800,897447.5300,367123.1600,3.3900,5.5200,4.1368,4.3233,4.8300,8.3849,6.9395,0.7326,2.6443,2.6312,217200.9851,216943.6768,207584.8250,886180.0192,885130.2013,4.4118,4.4118,5.3097
2022-01-20,4.1000,4.1600,4.0500,4.0800,590763.9300,241948.6020,3.3900,5.5200,2.7231,2.8459,1.8200,8.3849,6.9395,0.7326,2.6443,2.6312,217200.9851,216943.6768,207584.8250,886180.0192,885130.2013,4.4118,4.4118,5.3097
2022-01-21,4.0800,4.1000,4.0300,4.0500,251659.9200,101963.8620,3.3600,5.4800,1.1600,1.2123,0.6200,8.3232,6.8885,0.7272,2.6249,2.6118,217200.9851,216943.6768,207584.8250,879663.9897,878621.8910,4.4444,4.4444,5.3571
2022-01-24,4.0700,4.0800,3.9800,4.0300,273095.0500,110186.1680,3.3500,5.4500,1.2588,1.3156,0.6500,8.2821,6.8545,0.7236,2.6119,2.5989,217200.9851,216943.6768,207584.8250,875319.9700,874283.0175,4.4665,4.4665,5.3731
2022-01-25,4.0300,4.0400,3.9300,3.9400,268792.6500,107263.7850,3.2700,5.3300,1.2390,1.2949,0.6000,8.0971,6.7014,0.7074,2.5536,2.5409,217200.9851,216943.6768,207584.8250,855771.8813,854758.0866,4.5685,4.5685,5.5046
2022-01-26,3.9600,4.0100,3.9400,4.0000,171092.2500,67976.5090,3.3200,5.4100,0.7886,0.8242,0.3700,8.2205,6.8035,0.7182,2.5924,2.5796,217200.9851,216943.6768,207584.8250,868803.9404,867774.7072,4.5000,4.5000,5.4217
2022-01-27,3.9800,4.0400,3.9500,3.9800,214238.9100,85523.6030,3.3100,5.3800,0.9875,1.0321,0.6900,8.1793,6.7695,0.7146,2.5795,2.5667,217200.9851,216943.6768,207584.8250,864459.9207,863435.8337,4.5226,4.5226,5.4381
2022-01-28,3.9800,4.0000,3.9400,3.9500,172961.0000,68638.4650,3.2800,5.3400,0.7973,0.8332,0.7300,8.1177,6.7184,0.7092,2.5600,2.5473,217200.9851,216943.6768,207584.8250,857943.8911,856927.5234,4.5570,4.5570,5.4878
2022-02-07,3.9800,4.0600,3.9800,4.0500,225524.0700,90661.7500,3.3600,5.4800,1.0396,1.0396,1.0200,8.3232,6.8885,0.7272,2.6249,2.6118,217200.9851,216943.6768,216943.6768,879663.9897,878621.8910,4.4444,4.4444,5.3571
2022-02-08,4.0400,4.1200,4.0300,4.1100,304213.4800,124247.8670,3.4100,5.5600,1.4023,1.4023,1.4500,8.4465,6.9906,0.7380,2.6637,2.6505,217200.9851,216943.6768,216943.6768,892696.0488,891638.5116,4.3796,4.3796,5.2786
2022-02-09,4.1000,4.1400,4.0700,4.0800,234722.0000,96118.8170,3.3900,5.5200,1.0819,1.0819,1.0800,8.3849,6.9395,0.7326,2.6443,2.6312,217200.9851,216943.6768,216943.6768,886180.0192,885130.2013,4.4118,4.4118,5.3097
2022-02-10,4.0700,4.1300,4.0600,4.1200,202521.3900,83056.4210,3.4200,5.5700,0.9335,0.9335,0.8800,8.4671,7.0076,0.7398,2.6702,2.6570,217200.9851,216943.6768,216943.6768,894868.0586,893807.9484,4.3689,4.3689,5.2632
2022-02-11,4.1000,4.1700,4.1000,4.1200,254614.1300,105307.2350,3.4200,5.5700,1.1736,1.1736,1.1200,8.4671,7.0076,0.7398,2.6702,2.6570,217200.9851,216943.6768,216943.6768,894868.0586,893807.9484,4.3689,4.3689,5.2632
2022-02-14,4.1000,4.1100,4.0500,4.0600,222057.3600,90638.7210,3.3700,5.4900,1.0236,1.0236,0.9100,8.3438,6.9055,0.7290,2.6313,2.6183,217200.9851,216943.6768,216943.6768,881835.9995,880791.3278,4.4335,4.4335,5.3412
2022-02-15,4.0600,4.1100,4.0300,4.0400,166672.2000,67723.9360,3.3600,5.4700,0.7683,0.7683,0.6800,8.3027,6.8715,0.7254,2.6184,2.6054,217200.9851,216943.6768,216943.6768,877491.9798,876452.4543,4.4554,4.4554,5.3571
2022-02-16,4.0600,4.1100,4.0400,4.0700,224527.3800,91351.2740,3.3800,5.5100,1.0350,1.0350,1.0400,8.3643,6.9225,0.7308,2.6378,2.6247,217200.9851,216943.6768,216943.6768,884008.0094,882960.7646,4.4226,4.4226,5.3254
2022-02-17,4.0700,4.0800,4.0300,4.0400,156552.0200,63393.6530,3.3600,5.4700,0.7216,0.7216,0.7300,8.3027,6.8715,0.7254,2.6184,2.6054,217200.9851,216943.6768,216943.6768,877491.9798,876452.4543,4.4554,4.4554,5.3571
2022-02-18,4.0300,4.1100,4.0200,4.1000,212129.4000,86461.1680,3.4100,5.5500,0.9778,0.9778,1.0400,8.4260,6.9736,0.7362,2.6573,2.6441,217200.9851,216943.6768,216943.6768,890524.0389,889469.0749,4.3902,4.3902,5.2786
2022-02-21,4.0900,4.1200,4.0500,4.1100,178817.6000,73130.8550,3.4100,5.5600,0.8243,0.8243,0.9100,8.4465,6.9906,0.7380,2.6637,2.6505,217200.9851,216943.6768,216943.6768,892696.0488,891638.5116,4.3796,4.3796,5.2786
2022-02-22,4.1000,4.1400,4.0600,4.0800,144778.9000,59259.0730,3.3900,5.5200,0.6674,0.6674,0.7700,8.3849,6.9395,0.7326,2.6443,2.6312,217200.9851,216943.6768,216943.6768,886180.0192,885130.2013,4.4118,4.4118,5.3097
2022-02-23,4.0900,4.0900,4.0200,4.0300,202462.5100,81881.7520,3.3500,5.4500,0.9332,0.9332,1.1000,8.2821,6.8545,0.7236,2.6119,2.5989,217200.9851,216943.6768,216943.6768,875319.9700,874283.0175,4.4665,4.4665,5.3731
2022-02-24,4.0300,4.0300,3.9000,3.9500,284712.4100,112904.8180,3.2800,5.3400,1.3124,1.3124,1.5900,8.1177,6.7184,0.7092,2.5600,2.5473,217200.9851,216943.6768,216943.6768,857943.8911,856927.5234,4.5570,4.5570,5.4878
2022-02-25,3.9500,3.9700,3.9200,3.9400,178028.0000,70201.6810,3.2700,5.3300,0.8206,0.8206,0.8700,8.0971,6.7014,0.7074,2.5536,2.5409,217200.9851,216943.6768,216943.6768,855771.8813,854758.0866,4.5685,4.5685,5.5046
2022-02-28,3.9300,3.9400,3.8800,3.9100,163841.2000,64026.6440,3.2500,5.2900,0.7552,0.7552,0.8300,8.0355,6.6504,0.7020,2.5341,2.5215,217200.9851,216943.6768,216943.6768,849255.8517,848249.7763,4.6036,4.6036,5.5385
2022-03-01,3.9500,3.9800,3.9200,3.9700,155599.1600,61432.6540,3.3000,5.3700,0.7172,0.7172,0.8000,8.1588,6.7525,0.7128,2.5730,2.5602,217200.9851,216943.6768,216943.6768,862287.9108,861266.3969,4.5340,4.5340,5.4545
2022-03-02,3.9500,4.0000,3.9500,3.9700,156720.1100,62400.4840,3.3000,5.3700,0.7224,0.7224,0.8000,8.1588,6.7525,0.7128,2.5730,2.5602,217200.9851,216943.6768,216943.6768,862287.9108,861266.3969,4.5340,4.5340,5.4545
2022-03-03,3.9900,4.0600,3.9700,4.0500,195383.4900,78646.6660,3.3600,5.4800,0.9006,0.9006,1.0400,8.3232,6.8885,0.7272,2.6249,2.6118,217200.9851,216943.6768,216943.6768,879663.9897,878621.8910,4.4444,4.4444,5.3571
2022-03-04,4.0400,4.0500,3.9800,3.9900,155217.3100,62158.1670,3.3100,5.4000,0.7155,0.7155,0.9100,8.1999,6.7865,0.7164,2.5860,2.5731,217200.9851,216943.6768,216943.6768,866631.9305,865605.2704,4.5113,4.5113,5.4381
2022-03-07,3.9800,4.0200,3.9500,3.9600,127797.6800,50838.8030,3.2900,5.3600,0.5891,0.5891,0.7700,8.1382,6.7354,0.7110,2.5665,2.5538,217200.9851,216943.6768,216943.6768,860115.9010,859096.9601,4.5454,4.5454,5.4711
2022-03-08,3.9600,3.9700,3.8500,3.8800,190536.4000,74538.7380,3.2200,5.2500,0.8783,0.8783,1.2000,7.9738,6.5994,0.6967,2.5147,2.5022,217200.9851,216943.6768,216943.6768,842739.8222,841741.4660,4.6392,4.6392,5.5901
2022-03-09,3.8800,3.9000,3.7200,3.8000,236374.0600,90361.7190,3.1600,5.1400,1.0896,1.0896,1.4300,7.8094,6.4633,0.6823,2.4628,2.4506,217200.9851,216943.6768,216943.6768,825363.7434,824385.9718,4.7368,4.7368,5.6962
2022-03-10,3.8500,3.8700,3.8200,3.8400,158633.7800,61040.2090,3.1900,5.2000,0.7312,0.7312,0.8800,7.8916,6.5313,0.6895,2.4887,2.4764,217200.9851,216943.6768,216943.6768,834051.7828,833063.7189,4.6875,4.6875,5.6426
2022-03-11,3.8200,3.9100,3.7700,3.8900,132971.5600,50975.4820,3.2300,5.2600,0.6129,0.6129,0.7700,7.9944,6.6164,0.6985,2.5212,2.5086,217200.9851,216943.6768,216943.6768,844911.8320,843910.9028,4.6272,4.6272,5.5728
2022-03-14,3.8600,3.8900,3.8000,3.8000,125666.6500,48335.1390,3.1600,5.1400,0.5793,0.5793,0.7400,7.8094,6.4633,0.6823,2.4628,2.4506,217200.9851,216943.6768,216943.6768,825363.7434,824385.9718,4.7368,4.7368,5.6962
2022-03-15,3.7900,3.8000,3.6500,3.6700,231548.4000,86362.5500,3.0500,4.9700,1.0673,1.0673,1.3700,7.5423,6.2422,0.6590,2.3786,2.3668,217200.9851,216943.6768,216943.6768,797127.6153,796183.2939,4.9046,4.9046,5.9016
2022-03-16,3.7100,3.7600,3.6200,3.7400,199305.3800,73610.7000,3.1100,5.0600,0.9187,0.9187,1.1300,7.6861,6.3613,0.6715,2.4239,2.4119,217200.9851,216943.6768,216943.6768,812331.6843,811369.3512,4.8128,4.8128,5.7878
2022-03-17,3.7800,3.7800,3.7200,3.7300,180703.8700,67711.6750,3.1000,5.0500,0.8330,0.8330,1.0700,7.6656,6.3442,0.6697,2.4175,2.4055,217200.9851,216943.6768,216943.6768,810159.6744,809199.9145,4.8257,4.8257,5.8065
2022-03-18,3.7100,3.8000,3.7000,3.7400,250257.4000,93888.9160,3.1100,5.0600,1.1536,1.1536,1.4400,7.6861,6.3613,0.6715,2.4239,2.4119,217200.9851,216943.6768,216943.6768,812331.6843,811369.3512,4.8128,4.8128,5.7878
2022-03-21,3.7700,3.7800,3.7400,3.7800,186799.6000,70206.2870,3.1400,5.1100,0.8611,0.8611,0.9500,7.7683,6.4293,0.6787,2.4499,2.4377,217200.9851,216943.6768,216943.6768,821019.7237,820047.0983,4.7619,4.7619,5.7325
2022-03-22,3.7400,3.8400,3.7400,3.8100,178087.6600,67630.6080,3.1700,5.1500,0.8209,0.8209,0.8500,7.8300,6.4803,0.6841,2.4693,2.4571,217200.9851,216943.6768,216943.6768,827535.7532,826555.4086,4.7244,4.7244,5.6782
2022-03-23,3.8100,3.8400,3.7800,3.8200,145373.0800,55512.5590,3.1700,5.1700,0.6701,0.6701,0.7300,7.8505,6.4973,0.6859,2.4758,2.4635,217200.9851,216943.6768,216943.6768,829707.7631,828724.8454,4.7120,4.7120,5.6782
2022-03-24,3.8000,3.8200,3.7700,3.7800,104441.1400,39615.9180,3.1400,5.1100,0.4814,0.4814,0.5500,7.7683,6.4293,0.6787,2.4499,2.4377,217200.9851,216943.6768,216943.6768,821019.7237,820047.0983,4.7619,4.7619,5.7325
2022-03-25,3.7800,3.8400,3.7700,3.8100,133064.5100,50682.3540,3.1700,5.1500,0.6134,0.6134,0.7700,7.8300,6.4803,0.6841,2.4693,2.4571,217200.9851,216943.6768,216943.6768,827535.7532,826555.4086,4.7244,4.7244,5.6782
2022-03-28,3.7900,3.9800,3.7500,3.9200,463113.2300,180975.8750,3.2600,5.3000,2.1347,2.1347,3.1000,8.0560,6.6674,0.7038,2.5406,2.5280,217200.9851,216943.6768,216943.6768,851427.8616,850419.2131,4.5918,4.5918,5.5215
2022-03-29,3.9200,3.9800,3.8900,3.9400,188806.4100,74352.7300,3.2700,5.3300,0.8703,0.8703,0.9200,8.0971,6.7014,0.7074,2.5536,2.5409,217200.9851,216943.6768,216943.6768,855771.8813,854758.0866,4.5685,4.5685,5.5046
2022-03-30,3.9700,4.0400,3.9500,4.0300,328047.7800,131042.0640,3.3500,5.4500,1.5121,1.5121,1.5900,6.8723,6.8723,0.6911,2.5999,2.5999,217200.9851,216943.6768,216943.6768,875319.9700,874283.0175,4.4665,4.4665,5.3731
2022-03-31,4.0300,4.4300,4.0100,4.3000,1845832.9800,793649.0050,3.5700,5.8200,8.5084,8.5084,7.5800,7.3327,7.3327,0.7374,2.7741,2.7741,217200.9851,216943.6768,216943.6768,933964.2359,932857.8102,4.1860,4.1860,5.0420
2022-04-01,4.2100,4.6000,4.2000,4.5900,1618193.7000,721387.3590,3.8100,6.2100,7.4590,7.4590,2.7300,7.8273,7.8273,0.7871,2.9612,2.9612,217200.9851,216943.6768,216943.6768,996952.5216,995771.4765,3.9216,3.9216,4.7244
2022-04-06,4.4600,4.6900,4.4000,4.6000,1305505.3600,598698.2250,3.8200,6.2200,6.0177,6.0177,1.4700,7.8443,7.8443,0.7888,2.9677,2.9677,217201.0082,216943.6999,216943.6999,999124.6377,997941.0195,3.9130,3.9130,4.7120
2022-04-07,4.5500,4.6000,4.3400,4.3700,1147447.4100,511567.3950,3.6300,5.9100,5.2891,5.2891,1.0900,7.4521,7.4521,0.7494,2.8193,2.8193,217201.0082,216943.6999,216943.6999,949168.4058,948043.9686,4.1190,4.1190,4.9587
2022-04-08,4.4100,4.4500,4.2700,4.3900,854779.5100,372967.2730,3.6500,5.9400,3.9401,3.9401,0.6800,7.4862,7.4862,0.7528,2.8322,2.8322,217201.0082,216943.6999,216943.6999,953512.4260,952382.8426,4.1002,4.1002,4.9315
2022-04-11,4.3500,4.4200,4.2500,4.2900,644048.5700,278357.5480,3.5600,5.8000,2.9687,2.9687,0.4800,7.3157,7.3157,0.7356,2.7677,2.7677,217201.0082,216943.6999,216943.6999,931792.3252,930688.4726,4.1958,4.1958,5.0562
2022-04-12,4.2800,4.4200,4.2100,4.3500,590433.7100,253793.7080,3.6100,5.8900,2.7216,2.7216,0.5300,7.4180,7.4180,0.7459,2.8064,2.8064,217201.0082,216943.6999,216943.6999,944824.3857,943705.0946,4.1379,4.1379,4.9861
2022-04-13,4.2900,4.3900,4.2600,4.3000,424683.2000,184209.4240,3.5700,5.8200,1.9576,1.9576,0.4700,7.3327,7.3327,0.7374,2.7741,2.7741,217201.0082,216943.6999,216943.6999,933964.3353,932857.9096,4.1860,4.1860,5.0420
2022-04-14,4.4000,4.4300,4.2900,4.3400,341089.3100,148039.6560,3.6100,5.8700,1.5722,1.5722,0.4700,7.4010,7.4010,0.7442,2.7999,2.7999,217201.0082,216943.6999,216943.6999,942652.3756,941535.6576,4.1475,4.1475,4.9861
2022-04-15,4.3100,4.4500,4.2900,4.4200,494768.6100,216895.5010,3.6700,5.9800,2.2806,2.2806,0.8700,7.5374,7.5374,0.7579,2.8515,2.8515,217201.0082,216943.6999,216943.6999,960028.4562,958891.1536,4.0724,4.0724,4.9046
2022-04-18,4.3200,4.3300,4.1900,4.2200,472813.2100,200720.0350,3.5100,5.7100,2.1794,2.1794,0.9500,7.1963,7.1963,0.7236,2.7225,2.7225,217201.0082,216943.6999,216943.6999,916588.2546,915502.4136,4.2654,4.2654,5.1282
2022-04-19,4.2200,4.3000,4.1700,4.2800,371483.0000,157006.9700,3.5600,5.7900,1.7123,1.7123,0.8000,7.2986,7.2986,0.7339,2.7612,2.7612,217201.0082,216943.6999,216943.6999,929620.3151,928519.0356,4.2056,4.2056,5.0562
2022-04-20,4.2800,4.3200,4.1700,4.2100,282035.7000,119259.7800,3.5000,5.7000,1.3000,1.3000,0.6700,7.1793,7.1793,0.7219,2.7161,2.7161,217201.0082,216943.6999,216943.6999,914416.2445,913332.9766,4.2755,4.2755,5.1429
2022-04-21,4.1700,4.2300,4.1000,4.1100,309230.3300,128861.1560,3.4100,5.5600,1.4254,1.4254,0.7900,7.0087,7.0087,0.7048,2.6515,2.6515,217201.0082,216943.6999,216943.6999,892696.1437,891638.6066,4.3796,4.3796,5.2786
2022-04-22,4.1300,4.2300,4.1100,4.1800,307011.0800,128513.6600,3.4700,5.6600,1.4152,1.4152,0.8000,7.1281,7.1281,0.7168,2.6967,2.6967,217201.0082,216943.6999,216943.6999,907900.2143,906824.6656,4.3062,4.3062,5.1873
2022-04-25,4.1400,4.2200,3.9600,3.9800,504287.1100,205745.9560,3.3100,5.3800,2.3245,2.3245,1.4500,6.7871,6.7871,0.6825,2.5677,2.5677,217201.0082,216943.6999,216943.6999,864460.0126,863435.9256,4.5226,4.5226,5.4381
2022-04-26,4.0100,4.0300,3.8600,3.9000,428641.6000,169518.0010,3.2400,5.2800,1.9758,1.9758,1.2100,6.6506,6.6506,0.6688,2.5161,2.5161,217201.0082,216943.6999,216943.6999,847083.9320,846080.4296,4.6154,4.6154,5.5556
2022-04-27,3.8500,3.9500,3.8400,3.9400,312378.1500,121763.9080,3.2700,5.3300,1.4399,1.4399,0.8500,6.7188,6.7188,0.6756,2.5419,2.5419,217201.0082,216943.6999,216943.6999,855771.9723,854758.1776,4.5685,4.5685,5.5046
2022-04-28,3.9300,4.0100,3.8800,3.9700,304175.9400,120021.5490,3.3000,5.3700,1.4021,1.4021,0.8200,6.7700,6.7700,0.6808,2.5612,2.5612,217201.0082,216943.6999,216943.6999,862288.0026,861266.4886,4.5340,4.5340,5.4545
2022-04-29,3.9700,4.0100,3.9000,3.9800,353239.5500,139812.1550,3.3100,5.3800,1.6283,1.6283,0.9500,6.7871,6.7871,0.6825,2.5677,2.5677,217201.0082,216943.6999,216943.6999,864460.0126,863435.9256,4.5226,4.5226,5.4381
2022-05-05,4.0200,4.3400,3.9900,4.2900,1057752.3900,442656.5980,3.5600,5.8000,4.8757,4.8757,2.7800,7.3157,7.0559,0.7230,2.7677,2.6262,217201.2396,216943.9313,216943.9313,931793.3179,930689.4653,4.1958,4.1958,5.0562
2022-05-06,4.3000,4.3300,4.1900,4.2400,418306.6400,178158.3430,3.5200,5.7400,1.9282,1.9282,0.8500,7.2304,6.9736,0.7146,2.7354,2.5956,217201.2396,216943.9313,216943.9313,920933.2559,919842.2687,4.2453,4.2453,5.1136
2022-05-09,4.2400,4.2800,4.1400,4.1700,262213.2100,109784.4090,3.4600,5.6400,1.2087,1.2087,0.5400,7.1111,6.8585,0.7028,2.6903,2.5528,217201.2396,216943.9313,216943.9313,905729.1691,904656.1935,4.3165,4.3165,5.2023
2022-05-10,4.1200,4.1900,4.0300,4.1900,421087.4500,172618.3130,3.4800,5.6700,1.9410,1.9410,0.8800,7.1452,6.8914,0.7062,2.7032,2.5650,217201.2396,216943.9313,216943.9313,910073.1939,908995.0721,4.2959,4.2959,5.1724
2022-05-11,4.1500,4.2700,4.1300,4.1400,412362.8500,172768.4480,3.4400,5.6000,1.9008,1.9008,0.8200,7.0599,6.8092,0.6977,2.6709,2.5344,217201.2396,216943.9313,216943.9313,899213.1319,898147.8756,4.3478,4.3478,5.2326
2022-05-12,4.1000,4.2200,4.1000,4.1900,424430.8500,176372.4830,3.4800,5.6700,1.9564,1.9564,0.8300,7.1452,6.8914,0.7062,2.7032,2.5650,217201.2396,216943.9313,216943.9313,910073.1939,908995.0721,4.2959,4.2959,5.1724
2022-05-13,4.0300,4.0900,4.0100,4.0300,337610.0000,136480.0100,3.5000,5.7000,1.5562,1.5562,0.8700,6.8723,6.6282,0.7004,2.5999,2.4671,217201.2396,216943.9313,216943.9313,875320.9956,874284.0431,4.4665,4.4665,5.1429
2022-05-16,4.0700,4.1500,4.0200,4.1400,415259.6000,169891.7480,3.5900,5.8500,1.9141,1.9141,1.1200,7.0599,6.8092,0.7196,2.6709,2.5344,217201.2396,216943.9313,216943.9313,899213.1319,898147.8756,4.3478,4.3478,5.0139
2022-05-17,4.1100,4.1700,4.0200,4.1300,364184.4100,148995.0680,3.5800,5.8400,1.6787,1.6787,0.9100,7.0429,6.7927,0.7178,2.6644,2.5283,217201.2396,216943.9313,216943.9313,897041.1195,895978.4363,4.3583,4.3584,5.0279
2022-05-18,4.1700,4.2100,4.1300,4.1300,318399.9900,132817.5630,3.5800,5.8400,1.4677,1.4677,0.8100,7.0429,6.7927,0.7178,2.6644,2.5283,217201.2396,216943.9313,216943.9313,897041.1195,895978.4363,4.3583,4.3584,5.0279
2022-05-19,4.0800,4.1400,4.0600,4.0900,249351.9300,102058.9300,3.5500,5.7800,1.1494,1.1494,0.6700,6.9746,6.7269,0.7109,2.6386,2.5038,217201.2396,216943.9313,216943.9313,888353.0700,887300.6790,4.4010,4.4010,5.0704
2022-05-20,4.0800,4.1500,4.0600,4.1400,251481.0000,103788.8990,3.5900,5.8500,1.1592,1.1592,0.7500,7.0599,6.8092,0.7196,2.6709,2.5344,217201.2396,216943.9313,216943.9313,899213.1319,898147.8756,4.3478,4.3478,5.0139
2022-05-23,4.1400,4.1400,4.0300,4.0500,362784.5300,147941.4480,3.5200,5.7300,1.6723,1.6723,1.1300,6.9064,6.6611,0.7039,2.6128,2.4793,217201.2396,216943.9313,216943.9313,879665.0204,878622.9218,4.4444,4.4444,5.1136
2022-05-24,4.0800,4.0800,3.9600,3.9600,335780.4400,134684.8070,3.4400,5.6000,1.5478,1.5478,1.0900,6.7530,6.5131,0.6883,2.5548,2.4242,217201.2396,216943.9313,216943.9313,860116.9088,859097.9679,4.5454,4.5455,5.2326
2022-05-25,3.9500,4.1100,3.9300,4.0900,387006.5900,157066.7120,3.5500,5.7800,1.7839,1.7839,1.2700,6.9746,6.7269,0.7109,2.6386,2.5038,217201.2396,216943.9313,216943.9313,888353.0700,887300.6790,4.4010,4.4010,5.0704
2022-05-26,4.1100,4.1600,4.0300,4.1400,333449.8900,136665.1910,3.5900,5.8500,1.5370,1.5370,1.0500,7.0599,6.8092,0.7196,2.6709,2.5344,217201.2396,216943.9313,216943.9313,899213.1319,898147.8756,4.3478,4.3478,5.0139
2022-05-27,4.1600,4.1600,4.0600,4.0700,223744.4400,91431.7180,3.5300,5.7500,1.0313,1.0313,0.6700,6.9405,6.6940,0.7074,2.6257,2.4916,217201.2396,216943.9313,216943.9313,884009.0452,882961.8004,4.4226,4.4226,5.0992
2022-05-30,4.0800,4.2600,4.0600,4.1700,363327.9700,151372.0880,3.6200,5.8900,1.6748,1.6748,1.1100,7.1111,6.8585,0.7248,2.6903,2.5528,217201.2396,216943.9313,216943.9313,905729.1691,904656.1935,4.3165,4.3165,4.9724
2022-05-31,4.1400,4.1700,4.0900,4.1500,253040.3800,104437.7660,3.6000,5.8600,1.1664,1.1664,0.7700,7.0770,6.8256,0.7213,2.6773,2.5405,217201.2396,216943.9313,216943.9313,901385.1443,900317.3149,4.3373,4.3373,5.0000
2022-06-01,4.1400,4.2600,4.0700,4.2400,517398.1700,215718.3630,3.6800,5.9900,2.3849,2.3849,1.6600,7.2304,6.9736,0.7369,2.7354,2.5956,217201.2396,216943.9313,216943.9313,920933.2559,919842.2687,4.2453,4.2453,4.8913
2022-06-02,4.2100,4.3400,4.1800,4.3100,431562.9700,184316.9280,3.7400,6.0900,1.9893,1.9893,1.2800,7.3498,7.0888,0.7491,2.7806,2.6385,217201.2396,216943.9313,216943.9313,936137.3427,935028.3439,4.1763,4.1763,4.8128
2022-06-06,4.3800,4.3900,4.1500,4.3300,618471.0400,262434.6690,3.7600,6.1200,2.8508,2.8508,1.7300,7.3839,7.1217,0.7526,2.7935,2.6507,217201.2396,216943.9313,216943.9313,940481.3675,939367.2225,4.1570,4.1570,4.7872
2022-06-07,4.3100,4.3600,4.2700,4.3200,304433.9300,131349.3010,3.7500,6.1000,1.4033,1.4033,0.7000,7.3669,7.1052,0.7508,2.7870,2.6446,217201.2396,216943.9313,216943.9313,938309.3551,937197.7832,4.1667,4.1667,4.8000
2022-06-08,4.2900,4.3200,4.2100,4.2800,248284.7700,105991.3890,3.7100,6.0500,1.1445,1.1445,0.5800,7.2986,7.0394,0.7439,2.7612,2.6201,217201.2396,216943.9313,216943.9313,929621.3055,928520.0260,4.2056,4.2056,4.8518
2022-06-09,4.2900,4.3600,4.2500,4.3500,351033.3000,151307.2450,3.7700,6.1500,1.6181,1.6181,0.8300,7.4180,7.1546,0.7561,2.8064,2.6630,217201.2396,216943.9313,216943.9313,944825.3923,943706.1012,4.1379,4.1379,4.7745
2022-06-10,4.3000,4.3800,4.2300,4.3800,391491.6500,168838.4080,3.8000,6.1900,1.8046,1.8046,1.0000,7.4692,7.2039,0.7613,2.8257,2.6813,217201.2396,216943.9313,216943.9313,951341.4294,950214.4191,4.1096,4.1096,4.7368
2022-06-13,4.3300,4.3400,4.2100,4.2500,282130.6700,120325.6590,3.6900,6.0100,1.3005,1.3005,0.7400,7.2475,6.9901,0.7387,2.7419,2.6018,217201.2396,216943.9313,216943.9313,923105.2683,922011.7080,4.2353,4.2353,4.8780
2022-06-14,4.2100,4.3800,4.2000,4.3600,330448.8100,142331.9800,3.7800,6.1600,1.5232,1.5232,1.0500,7.4351,7.1710,0.7578,2.8128,2.6691,217201.2396,216943.9313,216943.9313,946997.4047,945875.5405,4.1284,4.1284,4.7619
2022-06-15,4.3600,4.7800,4.3500,4.5700,867554.3800,395895.4440,3.9600,6.4600,3.9990,3.9990,2.7100,7.7932,7.5164,0.7943,2.9483,2.7976,217201.2396,216943.9313,216943.9313,992609.6650,991433.7660,3.9387,3.9387,4.5455
2022-06-16,4.5500,4.5700,4.3900,4.4200,562154.8700,252022.7890,3.8300,6.2500,2.5912,2.5912,1.2600,7.5374,7.2697,0.7682,2.8515,2.7058,217201.2396,216943.9313,216943.9313,960029.4790,958892.1763,4.0724,4.0724,4.6997
2022-06-17,4.4000,4.4200,4.2900,4.3600,391781.0100,170594.8740,3.7800,6.1600,1.8059,1.8059,0.8000,7.4351,7.1710,0.7578,2.8128,2.6691,217201.2396,216943.9313,216943.9313,946997.4047,945875.5405,4.1284,4.1284,4.7619
2022-06-20,4.3600,4.3700,4.2800,4.3100,259888.1300,112026.7380,3.7400,6.0900,1.1980,1.1980,0.5300,7.3498,7.0888,0.7491,2.7806,2.6385,217201.2396,216943.9313,216943.9313,936137.3427,935028.3439,4.1763,4.1763,4.8128
2022-06-21,4.2900,4.3400,4.2500,4.2800,249800.0000,107139.8390,3.7100,6.0500,1.1514,1.1514,0.5200,7.2986,7.0394,0.7439,2.7612,2.6201,217201.2396,216943.9313,216943.9313,929621.3055,928520.0260,4.2056,4.2056,4.8518
2022-06-22,4.2600,4.3200,4.2300,4.2400,203325.3800,86865.3880,3.6800,5.9900,0.9372,0.9372,0.4400,7.2304,6.9736,0.7369,2.7354,2.5956,217201.2396,216943.9313,216943.9313,920933.2559,919842.2687,4.2453,4.2453,4.8913
2022-06-23,4.2500,4.3600,4.2100,4.3400,273584.0800,117312.4650,3.7700,6.1300,1.2611,1.2611,0.8200,7.4010,7.1381,0.7543,2.7999,2.6568,217201.2396,216943.9313,216943.9313,942653.3799,941536.6618,4.1475,4.1475,4.7745
2022-06-24,4.3600,4.3600,4.2300,4.2500,300098.2100,128068.3900,3.6900,6.0100,1.3833,1.3833,1.0900,7.2475,6.9901,0.7387,2.7419,2.6018,217201.2396,216943.9313,216943.9313,923105.2683,922011.7080,4.2353,4.2353,4.8780
2022-06-27,4.2600,4.3000,4.2400,4.2800,203243.2800,86845.5990,3.7100,6.0500,0.9368,0.9368,0.7900,7.2986,7.0394,0.7439,2.7612,2.6201,217201.2396,216943.9313,216943.9313,929621.3055,928520.0260,4.2056,4.2056,4.8518
2022-06-28,4.2900,4.3300,4.2400,4.3000,259992.2900,111356.1230,3.7300,6.0800,1.1984,1.1984,1.0600,7.3328,7.0723,0.7474,2.7741,2.6324,217201.2396,216943.9313,216943.9313,933965.3303,932858.9046,4.1860,4.1860,4.8257
2022-06-29,4.2900,4.3200,4.2600,4.2700,223528.5900,95805.3360,3.7000,6.0300,1.0304,1.0304,0.9000,7.2816,7.0230,0.7422,2.7548,2.6140,217201.2396,216943.9313,216943.9313,927449.2931,926350.5867,4.2154,4.2155,4.8649
2022-06-30,4.2700,4.5800,4.2700,4.5300,709097.9100,315609.3660,3.9300,6.4000,3.2686,3.2686,2.8100,7.7250,7.4506,0.7873,2.9225,2.7732,217201.2396,216943.9313,216943.9313,983921.6154,982756.0088,3.9735,3.9735,4.5802
2022-07-01,4.5500,4.5800,4.4000,4.4500,314356.2800,140622.9400,3.8600,6.2900,1.4490,1.4490,0.9300,7.5885,7.3190,0.7734,2.8709,2.7242,217201.2396,216943.9313,216943.9313,966545.5162,965400.4943,4.0449,4.0449,4.6632
2022-07-04,4.4700,4.4800,4.3700,4.3900,224965.8200,99108.8560,3.8100,6.2000,1.0370,1.0370,0.6600,7.4864,7.2205,0.7630,2.8322,2.6875,217204.8308,216947.0425,216943.9313,953529.2072,952397.5166,4.1002,4.1002,4.7244
2022-07-05,4.4000,4.4700,4.3600,4.4200,213260.6200,94161.2320,3.8300,6.2500,0.9830,0.9830,0.6200,7.5375,7.2698,0.7682,2.8516,2.7059,217204.8308,216947.0425,216947.0425,960045.3521,958905.9279,4.0724,4.0724,4.6997
2022-07-06,4.4000,4.4500,4.3400,4.4200,315575.5300,138815.8650,3.8300,6.2500,1.4546,1.4546,0.9400,7.5375,7.2698,0.7682,2.8516,2.7059,217204.8308,216947.0425,216947.0425,960045.3521,958905.9279,4.0724,4.0724,4.6997
2022-07-07,4.3900,4.6300,4.3800,4.5400,382588.6200,173009.3480,3.9400,6.4200,1.7635,1.7635,1.0800,7.7422,7.4672,0.7891,2.9290,2.7793,217204.8308,216947.0425,216947.0425,986109.9318,984939.5730,3.9647,3.9648,4.5685
2022-07-08,4.5700,4.6000,4.4900,4.5500,199232.6600,90625.0570,3.9500,6.4300,0.9183,0.9183,0.6900,7.7592,7.4836,0.7908,2.9355,2.7855,217204.8308,216947.0425,216947.0425,988281.9801,987109.0434,3.9560,3.9560,4.5570
2022-07-11,4.5800,4.6800,4.5300,4.6100,300257.0500,138262.2340,4.0000,6.5100,1.3840,1.3840,1.1200,7.8615,7.5823,0.8013,2.9742,2.8222,217204.8308,216947.0425,216947.0425,1001314.2700,1000125.8659,3.9045,3.9046,4.5000
2022-07-12,4.6500,4.7800,4.6100,4.7400,508414.8200,239961.1190,4.1100,6.7000,2.3435,2.3435,1.8000,8.0832,7.7961,0.8238,3.0580,2.9018,217204.8308,216947.0425,216947.0425,1029550.8980,1028328.9815,3.7975,3.7975,4.3796
2022-07-13,4.7300,4.7300,4.5800,4.6100,311460.8500,144279.7520,4.0000,6.5100,1.4357,1.4357,0.9100,7.8615,7.5823,0.8013,2.9742,2.8222,217204.8308,216947.0425,216947.0425,1001314.2700,1000125.8659,3.9045,3.9046,4.5000
2022-07-14,4.5500,4.6400,4.4700,4.5900,280536.4400,127963.9320,3.9800,6.4900,1.2931,1.2931,0.8200,7.8274,7.5494,0.7978,2.9613,2.8099,217204.8308,216947.0425,216947.0425,996970.1734,995786.9251,3.9216,3.9216,4.5226
2022-07-15,4.6500,4.7700,4.5400,4.5500,326410.9300,151537.0060,3.9500,6.4300,1.5046,1.5046,1.0200,7.7592,7.4836,0.7908,2.9355,2.7855,217204.8308,216947.0425,216947.0425,988281.9801,987109.0434,3.9560,3.9560,4.5570
2022-07-18,4.5400,4.6500,4.5200,4.6400,295273.3800,135735.6250,4.0300,6.5600,1.3610,1.3610,0.8500,7.9127,7.6317,0.8065,2.9935,2.8405,217204.8308,216947.0425,216947.0425,1007830.4149,1006634.2772,3.8793,3.8793,4.4665
2022-07-19,4.7500,4.8700,4.6800,4.7000,440468.7200,209226.1480,4.0800,6.6400,2.0303,2.0303,1.2800,8.0150,7.4080,0.8169,3.0322,2.6962,217204.8308,216947.0425,216947.0425,1020862.7048,1019651.0998,3.8298,3.8298,4.4118
2022-07-20,4.8000,4.9200,4.7600,4.8900,450691.3800,218721.5910,4.2400,6.9100,2.0774,2.0774,1.3600,8.3390,7.7075,0.8499,3.1548,2.8052,217204.8308,216947.0425,216947.0425,1062131.6226,1060871.0378,3.6810,3.6810,4.2453
2022-07-21,4.9200,4.9500,4.7500,4.7500,321356.9300,154304.9000,4.1200,6.7100,1.4813,1.4813,0.9000,8.1003,7.4868,0.8256,3.0645,2.7249,217204.8308,216947.0425,216947.0425,1031722.9463,1030498.4519,3.7895,3.7895,4.3689
2022-07-22,4.7800,4.9100,4.7500,4.8300,279538.6000,134943.5930,4.1900,6.8200,1.2885,1.2885,0.7600,8.2367,7.6129,0.8395,3.1161,2.7708,217204.8308,216947.0425,216947.0425,1049099.3328,1047854.2153,3.7267,3.7267,4.2959
2022-07-25,4.8000,4.9300,4.7700,4.8800,328285.5800,159387.0530,4.2300,6.9000,1.5132,1.5132,0.9200,8.3220,7.6917,0.8482,3.1484,2.7994,217204.8308,216947.0425,216947.0425,1059959.5743,1058701.5674,3.6885,3.6885,4.2553
2022-07-26,4.8600,5.0200,4.8200,4.9700,287800.3000,142702.1240,4.3100,7.0200,1.3266,1.3266,0.7900,8.4754,7.8336,0.8638,3.2064,2.8511,217204.8308,216947.0425,216947.0425,1079508.0091,1078226.8012,3.6217,3.6217,4.1763
2022-07-27,4.9600,4.9800,4.8800,4.9500,206349.2000,101751.2610,4.2900,6.9900,0.9512,0.9512,0.6200,8.4413,7.8020,0.8603,3.1935,2.8396,217204.8308,216947.0425,216947.0425,1075163.9125,1073887.8604,3.6364,3.6364,4.1958
2022-07-28,4.9300,5.0100,4.8800,4.9100,343360.4000,169542.0030,4.2600,6.9400,1.5827,1.5827,1.2100,8.3731,7.7390,0.8534,3.1677,2.8166,217204.8308,216947.0425,216947.0425,1066475.7192,1065209.9787,3.6660,3.6660,4.2254
2022-07-29,4.9100,4.9900,4.8400,4.8800,333491.4700,163600.4390,4.2300,6.9000,1.5372,1.5372,1.1500,8.3220,7.6917,0.8482,3.1484,2.7994,217204.8308,216947.0425,216947.0425,1059959.5743,1058701.5674,3.6885,3.6885,4.2553
2022-08-01,4.8700,4.9200,4.7900,4.8500,332664.9100,161397.2230,4.2100,6.8500,1.5334,1.5334,1.1100,8.2708,7.6444,0.8430,3.1290,2.7822,217204.8308,216947.0425,216947.0425,1053443.4294,1052193.1561,3.7113,3.7113,4.2755
2022-08-02,4.8700,4.8700,4.6400,4.7200,411406.7600,194641.2650,4.0900,6.6700,1.8963,1.8963,1.3700,8.0491,7.4395,0.8204,3.0451,2.7076,217204.8308,216947.0425,216947.0425,1025206.8014,1023990.0406,3.8135,3.8136,4.4010
2022-08-03,4.7200,4.7900,4.6600,4.7100,266562.3400,126022.2520,4.0900,6.6600,1.2287,1.2287,0.8200,8.0321,7.4238,0.8186,3.0387,2.7019,217204.8308,216947.0425,216947.0425,1023034.7531,1021820.5702,3.8216,3.8217,4.4010
2022-08-04,4.7000,4.7300,4.5600,4.5900,440172.8600,203400.8890,3.9800,6.4900,2.0289,2.0289,1.3000,7.8274,7.2346,0.7978,2.9613,2.6331,217204.8308,216947.0425,216947.0425,996970.1734,995786.9251,3.9216,3.9216,4.5226
2022-08-05,4.5600,4.6500,4.5200,4.6300,206210.9800,94561.2050,4.0200,6.5400,0.9505,0.9505,0.5800,7.8956,7.2977,0.8047,2.9871,2.6560,217204.8308,216947.0425,216947.0425,1005658.3666,1004464.8068,3.8877,3.8877,4.4776
2022-08-08,4.6300,4.6500,4.5700,4.6000,183693.9800,84534.2510,3.9900,6.5000,0.8467,0.8467,0.5500,7.8445,7.2504,0.7995,2.9677,2.6388,217204.8308,216947.0425,216947.0425,999142.2217,997956.3955,3.9130,3.9130,4.5113
2022-08-09,4.6100,4.6500,4.5600,4.6200,153615.1700,70923.2300,4.0100,6.5300,0.7081,0.7081,0.5100,7.8786,7.2819,0.8030,2.9806,2.6503,217204.8308,216947.0425,216947.0425,1003486.3183,1002295.3364,3.8961,3.8961,4.4888
2022-08-10,4.6200,4.6600,4.5600,4.5900,130934.5400,60146.2680,3.9800,6.4900,0.6035,0.6035,0.5200,7.8274,7.2346,0.7978,2.9613,2.6331,217204.8308,216947.0425,216947.0425,996970.1734,995786.9251,3.9216,3.9216,4.5226
2022-08-11,4.5900,4.6700,4.5600,4.6200,251347.4800,115995.8010,4.0100,6.5300,1.1586,1.1586,1.1300,7.8786,7.2819,0.8030,2.9806,2.6503,217204.8308,216947.0425,216947.0425,1003486.3183,1002295.3364,3.8961,3.8961,4.4888
2022-08-12,4.6100,4.6200,4.4900,4.5500,266689.3300,120913.9430,3.9500,6.4300,1.2293,1.2293,1.4400,7.7592,7.1716,0.7908,2.9355,2.6101,217204.8308,216947.0425,216947.0425,988281.9801,987109.0434,3.9560,3.9560,4.5570
2022-08-15,4.4800,4.5300,4.3600,4.4100,341045.7300,151060.8370,3.8300,6.2300,1.5720,1.5720,1.7300,7.5205,6.9509,0.7665,2.8451,2.5298,217204.8308,216947.0425,216947.0425,957873.3038,956736.4574,4.0816,4.0816,4.6997
2022-08-16,4.5100,4.5900,4.4200,4.5700,537112.8200,241724.5990,3.9600,6.4600,2.4758,2.4758,2.3500,7.7933,7.2048,0.7748,2.9484,2.6216,217205.0480,216947.2597,216947.2597,992627.0694,991448.9768,3.9386,3.9387,4.5455
2022-08-17,4.6000,4.6300,4.5000,4.5800,316275.5000,144936.7140,3.9700,6.4700,1.4578,1.4578,1.0400,7.8104,7.2206,0.7765,2.9548,2.6273,217205.0480,216947.2597,216947.2597,994799.1198,993618.4494,3.9300,3.9301,4.5340
2022-08-18,4.6000,4.6100,4.4700,4.4800,240157.2800,108247.4370,3.8900,6.3300,1.1070,1.1070,0.7000,7.6398,7.0630,0.7596,2.8903,2.5700,217205.0480,216947.2597,216947.2597,973078.6150,971923.7235,4.0178,4.0178,4.6272
2022-08-19,4.5000,4.5500,4.4600,4.4700,228034.4800,103018.3140,3.8800,6.3200,1.0511,1.0511,0.6700,7.6228,7.0472,0.7579,2.8838,2.5642,217205.0480,216947.2597,216947.2597,970906.5646,969754.2509,4.0268,4.0268,4.6392
2022-08-22,4.4400,4.5300,4.4200,4.4200,231297.0200,103042.4820,3.8300,6.2500,1.0661,1.0661,0.7000,7.5375,6.9684,0.7494,2.8516,2.5355,217205.0480,216947.2597,216947.2597,960046.3122,958906.8879,4.0723,4.0723,4.6997
2022-08-23,4.4300,4.4300,4.3700,4.4100,159890.9000,70317.7620,3.8300,6.2300,0.7370,0.7370,0.5100,7.5205,6.9526,0.7477,2.8451,2.5298,217205.0480,216947.2597,216947.2597,957874.2617,956737.4153,4.0815,4.0816,4.6997
2022-08-24,4.4000,4.4300,4.3000,4.3000,233548.2500,101725.5870,3.7300,6.0800,1.0765,1.0765,0.9900,7.3329,6.7792,0.7291,2.7742,2.4667,217205.0480,216947.2597,216947.2597,933981.7064,932873.2167,4.1860,4.1860,4.8257
2022-08-25,4.3400,4.4300,4.3000,4.3700,295372.7900,129032.6110,3.7900,6.1700,1.3615,1.3615,1.3500,7.4523,6.8895,0.7409,2.8193,2.5069,217205.0480,216947.2597,216947.2597,949186.0598,948059.5249,4.1189,4.1189,4.7493
2022-08-26,4.4000,4.4800,4.3500,4.4500,303973.7200,134876.0660,3.8600,6.2900,1.4011,1.4011,1.3200,7.5887,7.0157,0.7545,2.8709,2.5528,217205.0480,216947.2597,216947.2597,966562.4636,965415.3057,4.0449,4.0449,4.6632
2022-08-29,4.4300,4.4500,4.3000,4.3600,275863.4000,119841.9930,3.7800,6.1600,1.2716,1.2716,1.1300,7.4352,6.8738,0.7392,2.8129,2.5011,217205.0480,216947.2597,216947.2597,947014.0093,945890.0523,4.1284,4.1284,4.7619
2022-08-30,4.4000,4.4800,4.3700,4.4600,294799.1000,130736.3390,3.8700,6.3000,1.3589,1.3589,1.1600,7.6057,7.0314,0.7562,2.8774,2.5585,217205.0480,216947.2597,216947.2597,968734.5141,967584.7783,4.0358,4.0358,4.6512
2022-08-31,4.4500,4.5300,4.4100,4.4200,293621.2100,130798.1320,3.8300,6.2500,1.3534,1.3534,1.0500,7.5375,6.9684,0.7494,2.8516,2.5355,217205.0480,216947.2597,216947.2597,960046.3122,958906.8879,4.0723,4.0723,4.6997
2022-09-01,4.4100,4.4400,4.3600,4.4000,236090.7500,103943.6960,3.8200,6.2200,1.0882,1.0882,0.8100,7.5034,6.9368,0.7460,2.8387,2.5241,217205.0480,216947.2597,216947.2597,955702.2112,954567.9427,4.0908,4.0908,4.7120
2022-09-02,4.4100,4.4700,4.3900,4.4500,213210.0900,94639.1820,3.8600,6.2900,0.9828,0.9828,0.7600,7.5887,7.0157,0.7545,2.8709,2.5528,217205.0480,216947.2597,216947.2597,966562.4636,965415.3057,4.0449,4.0449,4.6632
2022-09-05,4.4600,4.5500,4.4300,4.5400,256153.7900,115180.7830,3.9400,6.4200,1.1807,1.1807,0.9800,7.7422,7.1575,0.7697,2.9290,2.6044,217205.0480,216947.2597,216947.2597,986110.9179,984940.5590,3.9647,3.9647,4.5685
2022-09-06,4.5800,4.5900,4.5000,4.5200,186783.1600,84728.7820,3.9200,6.3900,0.8610,0.8610,0.7200,7.7081,7.1260,0.7664,2.9161,2.5929,217205.0480,216947.2597,216947.2597,981766.8170,980601.6138,3.9822,3.9822,4.5918
2022-09-07,4.5700,4.5700,4.4600,4.4800,132698.1500,59509.1870,3.8900,6.3300,0.6117,0.6117,0.5600,7.6398,7.0630,0.7596,2.8903,2.5700,217205.0480,216947.2597,216947.2597,973078.6150,971923.7235,4.0178,4.0178,4.6272
2022-09-08,4.4600,4.5700,4.4600,4.5500,170799.4500,77380.0210,3.9500,6.4300,0.7873,0.7873,0.8300,7.7592,7.1733,0.7714,2.9355,2.6101,217205.0480,216947.2597,216947.2597,988282.9684,987110.0316,3.9560,3.9560,4.5570
2022-09-09,4.5700,4.5900,4.5100,4.5700,221384.6400,101066.4030,3.9600,6.4600,1.0205,1.0205,1.1500,7.7933,7.2048,0.7748,2.9484,2.6216,217205.0480,216947.2597,216947.2597,992627.0694,991448.9768,3.9386,3.9387,4.5455
2022-09-13,4.5800,4.6200,4.5100,4.5700,177234.1500,80932.7550,3.9600,6.4600,0.8169,0.8169,0.9200,7.7933,7.2048,0.7748,2.9484,2.6216,217205.0480,216947.2597,216947.2597,992627.0694,991448.9768,3.9386,3.9387,4.5455
2022-09-14,4.5200,4.5800,4.5100,4.5400,168066.8300,76557.2770,3.9400,6.4200,0.7747,0.7747,0.9500,7.7422,7.1575,0.7697,2.9290,2.6044,217205.0480,216947.2597,216947.2597,986110.9179,984940.5590,3.9647,3.9647,4.5685
2022-09-15,4.6300,4.6400,4.4700,4.5200,311916.9100,141873.7880,3.9200,6.3900,1.4378,1.4378,1.7900,7.7081,7.1260,0.7664,2.9161,2.5929,217205.0480,216947.2597,216947.2597,981766.8170,980601.6138,3.9822,3.9822,4.5918
2022-09-16,4.5100,4.5400,4.4100,4.4100,226319.0700,101178.9970,3.8300,6.2300,1.0432,1.0432,1.0800,7.5205,6.9526,0.7477,2.8451,2.5298,217205.0480,216947.2597,216947.2597,957874.2617,956737.4153,4.0815,4.0816,4.6997
2022-09-19,4.4200,4.4900,4.3900,4.4700,160719.8600,71524.7680,3.8800,6.3200,0.7408,0.7408,0.7300,7.6228,7.0472,0.7579,2.8838,2.5642,217205.0480,216947.2597,216947.2597,970906.5646,969754.2509,4.0268,4.0268,4.6392
2022-09-20,4.4800,4.5100,4.3500,4.4000,314429.8600,138302.5430,3.8200,6.2200,1.4493,1.4493,1.5100,7.5034,6.9368,0.7460,2.8387,2.5241,217205.0480,216947.2597,216947.2597,955702.2112,954567.9427,4.0908,4.0908,4.7120
2022-09-21,4.3800,4.5100,4.3400,4.4900,255232.6000,113831.0450,3.9000,6.3400,1.1765,1.1765,1.0800,7.6569,7.0787,0.7613,2.8967,2.5757,217205.0480,216947.2597,216947.2597,975250.6655,974093.1961,4.0088,4.0088,4.6154
2022-09-22,4.4700,4.5500,4.4300,4.5300,173121.9100,77761.4220,3.9300,6.4000,0.7980,0.7980,0.6800,7.7251,7.1418,0.7681,2.9226,2.5986,217205.0480,216947.2597,216947.2597,983938.8674,982771.0864,3.9734,3.9734,4.5802
2022-09-23,4.5000,4.5600,4.4500,4.4700,152447.5200,68618.4440,3.8800,6.3200,0.7027,0.7027,0.6700,7.6228,7.0472,0.7579,2.8838,2.5642,217205.0480,216947.2597,216947.2597,970906.5646,969754.2509,4.0268,4.0268,4.6392
2022-09-26,4.4700,4.5000,4.2600,4.3200,368839.7200,160695.3480,3.7500,6.1000,1.7001,1.7001,1.7500,7.3670,6.8107,0.7324,2.7871,2.4782,217205.0480,216947.2597,216947.2597,938325.8074,937212.1619,4.1666,4.1666,4.8000
2022-09-27,4.3100,4.3800,4.2100,4.3600,281140.5700,120974.9290,3.7800,6.1600,1.2959,1.2959,1.1100,7.4352,6.8738,0.7392,2.8129,2.5011,217205.0480,216947.2597,216947.2597,947014.0093,945890.0523,4.1284,4.1284,4.7619
2022-09-28,4.3300,4.4400,4.2700,4.3400,306931.0100,134265.4770,3.7700,6.1300,1.4148,1.4148,1.2500,7.4011,6.8422,0.7358,2.8000,2.4896,217205.0480,216947.2597,216947.2597,942669.9083,941551.1071,4.1474,4.1474,4.7745
2022-09-29,4.3700,4.4300,4.2800,4.3000,170616.2600,74015.9360,3.7300,6.0800,0.7864,0.7864,0.6700,7.3329,6.7792,0.7291,2.7742,2.4667,217205.0480,216947.2597,216947.2597,933981.7064,932873.2167,4.1860,4.1860,4.8257
2022-09-30,4.2800,4.3800,4.2600,4.2900,264144.1400,114145.7810,3.7200,6.0600,1.2176,1.2176,1.0300,7.3158,6.7634,0.7274,2.7677,2.4610,217205.0480,216947.2597,216947.2597,931809.6559,930703.7441,4.1957,4.1957,4.8387
2022-10-10,4.2800,4.3800,4.2200,4.2400,322515.1000,138852.2800,3.6800,5.9900,1.4866,1.4866,1.1600,7.2306,6.6846,0.7189,2.7355,2.4323,217205.0480,216947.2597,216947.2597,920949.4035,919856.3811,4.2452,4.2452,4.8913
2022-10-11,4.2400,4.3000,4.2000,4.2800,266112.7500,113334.9310,3.7100,6.0500,1.2266,1.2266,0.9900,7.2988,6.7476,0.7257,2.7613,2.4552,217205.0480,216946.4547,216946.4547,929637.6054,928530.8261,4.2055,4.2055,4.8518
2022-10-12,4.2900,4.4400,4.2600,4.4300,388424.2700,169429.6440,3.8400,6.2600,1.7904,1.7904,1.4600,7.5546,6.9841,0.7511,2.8580,2.5413,217205.0480,216946.4547,216946.4547,962218.3626,961072.7943,4.0631,4.0631,4.6875
2022-10-13,4.4200,4.4300,4.3400,4.3600,200031.6000,87541.7310,3.7800,6.1600,0.9220,0.9220,0.7100,7.4352,6.8738,0.7392,2.8129,2.5011,217205.0480,216946.4547,216946.4547,947014.0093,945886.5425,4.1284,4.1284,4.7619
2022-10-14,4.3900,4.5400,4.3700,4.5000,298130.4000,134089.2400,3.9000,6.3600,1.3742,1.3742,1.0300,7.6739,7.0945,0.7630,2.9032,2.5814,217205.0480,216946.4547,216946.4547,977422.7160,976259.0462,3.9999,3.9999,4.6154
2022-10-17,4.4700,4.5900,4.4700,4.5600,183049.7600,83092.8920,3.9600,6.4400,0.8438,0.8438,0.6200,7.7763,7.1891,0.7731,2.9419,2.6159,217205.0480,216946.4547,216946.4547,990455.0189,989275.8334,3.9473,3.9473,4.5455
2022-10-18,4.5800,4.5900,4.5000,4.5200,118748.1800,53937.0880,3.9200,6.3900,0.5474,0.5474,0.4400,7.7081,7.1260,0.7664,2.9161,2.5929,217205.0480,216946.4547,216946.4547,981766.8170,980597.9752,3.9822,3.9822,4.5918
2022-10-19,4.5000,4.5300,4.4800,4.4900,95093.0000,42809.6280,3.9000,6.3400,0.4383,0.4383,0.4000,7.6569,7.0787,0.7613,2.8967,2.5757,217205.0480,216946.4547,216946.4547,975250.6655,974089.5816,4.0088,4.0088,4.6154
2022-10-20,4.4800,4.5100,4.4400,4.4700,113232.3400,50612.7570,3.8800,6.3200,0.5219,0.5219,0.6300,7.6228,7.0472,0.7579,2.8838,2.5642,217205.0480,216946.4547,216946.4547,970906.5646,969750.6525,4.0268,4.0268,4.6392
2022-10-21,4.5000,4.5000,4.3800,4.4100,142599.6800,63083.5230,3.8300,6.2300,0.6573,0.6573,0.8800,7.5205,6.9526,0.7477,2.8451,2.5298,217205.0480,216946.4547,216946.4547,957874.2617,956733.8652,4.0815,4.0816,4.6997
2022-10-24,4.4100,4.4700,4.2500,4.2800,208423.6000,90274.7070,3.7100,6.0500,0.9607,0.9607,1.6000,7.2988,6.7476,0.7257,2.7613,2.4552,217205.0480,216946.4547,216946.4547,929637.6054,928530.8261,4.2055,4.2055,4.8518
2022-10-25,4.2900,4.3100,4.1200,4.1700,317989.4800,133071.6180,3.6200,5.8900,1.4658,1.4658,2.3400,7.1112,6.5742,0.7070,2.6903,2.3921,217205.0480,216946.4547,216946.4547,905745.0502,904666.7161,4.3165,4.3165,4.9724
2022-10-26,4.1100,4.1200,3.8800,3.9000,805927.4100,320125.8430,3.3800,5.5100,3.7149,3.7149,4.5900,6.6508,5.8772,0.6396,2.5161,2.1725,217205.0963,216946.5030,216946.5030,847099.8756,846091.3617,4.6153,4.6153,5.3254
2022-10-27,3.8900,3.9100,3.7800,3.8200,609408.4200,233347.4140,3.3100,5.4000,2.8090,2.8090,1.9200,6.5143,5.7566,0.6265,2.4645,2.1280,217205.0963,216946.5030,216946.5030,829723.4679,828735.6415,4.7119,4.7120,5.4381
2022-10-28,3.7900,3.8100,3.6900,3.7100,509057.4600,190563.6100,3.2200,5.2400,2.3465,2.3465,1.2200,6.3267,5.5908,0.6085,2.3935,2.0667,217205.0963,216946.5030,216946.5030,805830.9073,804871.5261,4.8517,4.8517,5.5901
2022-10-31,3.7200,3.7800,3.6700,3.7200,426653.1400,159193.6780,3.2300,5.2600,1.9666,1.9666,0.8700,6.3438,5.6059,0.6101,2.4000,2.0723,217205.0963,216946.5030,216946.5030,808002.9582,807040.9912,4.8386,4.8386,5.5728
2022-11-01,3.7300,3.7700,3.7100,3.7600,371326.2700,139006.7460,3.2600,5.3100,1.7116,1.7116,0.7000,6.4120,5.6662,0.6167,2.4258,2.0946,217205.0963,216946.5030,216946.5030,816691.1621,815718.8513,4.7871,4.7871,5.5215
2022-11-02,3.7400,3.7700,3.7100,3.7500,366889.2700,137105.3510,3.2500,5.3000,1.6912,1.6912,0.6700,6.3950,5.6511,0.6150,2.4193,2.0890,217205.0963,216946.5030,216946.5030,814519.1111,813549.3863,4.7999,4.7999,5.5385
2022-11-03,3.7200,3.7500,3.7100,3.7400,279193.3900,104253.3810,3.2400,5.2800,1.2869,1.2869,0.6100,6.3779,5.6360,0.6134,2.4129,2.0834,217205.0963,216946.5030,216946.5030,812347.0602,811379.9212,4.8127,4.8127,5.5556
2022-11-04,3.7300,3.8500,3.7200,3.8300,415553.3000,157546.8660,3.3200,5.4100,1.9155,1.9155,1.0600,6.5314,5.7717,0.6282,2.4709,2.1335,217205.0963,216946.5030,216946.5030,831895.5188,830905.1065,4.6996,4.6997,5.4217
2022-11-07,3.8100,3.8400,3.7900,3.8200,214213.8600,81830.3690,3.3100,5.4000,0.9874,0.9874,0.5800,6.5143,5.7566,0.6265,2.4645,2.1280,217205.0963,216946.5030,216946.5030,829723.4679,828735.6415,4.7119,4.7120,5.4381
2022-11-08,3.8200,3.8400,3.7800,3.8000,196353.8900,74735.3800,3.3000,5.3700,0.9051,0.9051,0.6000,6.4802,5.7265,0.6232,2.4516,2.1168,217205.0963,216946.5030,216946.5030,825379.3659,824396.7114,4.7367,4.7368,5.4545
2022-11-09,3.8100,3.8400,3.8000,3.8300,184645.3100,70603.2250,3.3200,5.4100,0.8511,0.8511,0.6300,6.5314,5.7717,0.6282,2.4709,2.1335,217205.0963,216946.5030,216946.5030,831895.5188,830905.1065,4.6996,4.6997,5.4217
2022-11-10,3.8100,3.8400,3.7800,3.8400,209060.2000,79808.0040,3.3300,5.4300,0.9636,0.9636,0.8100,6.5484,5.7867,0.6298,2.4774,2.1391,217205.0963,216946.5030,216946.5030,834067.5698,833074.5715,4.6874,4.6874,5.4054
2022-11-11,3.8800,3.9600,3.8400,3.9100,405455.7100,157867.7210,3.3900,5.5200,1.8689,1.8689,1.6600,6.6678,5.8922,0.6413,2.5226,2.1781,217205.0963,216946.5030,216946.5030,849271.9265,848260.8267,4.6035,4.6035,5.3097
2022-11-14,3.9500,3.9900,3.9200,3.9400,393293.6100,155696.8080,3.4200,5.5700,1.8129,1.8129,1.6300,6.7190,5.9374,0.6462,2.5419,2.1948,217205.0963,216946.5030,216946.5030,855788.0794,854769.2218,4.5684,4.5684,5.2632
2022-11-15,3.9200,4.0000,3.9100,3.9800,239189.2700,94928.6450,3.4500,5.6200,1.1025,1.1025,0.8600,6.7872,5.9977,0.6528,2.5677,2.2171,217205.0963,216946.5030,216946.5030,864476.2833,863447.0819,4.5225,4.5225,5.2174
2022-11-16,3.9700,3.9900,3.9300,3.9500,175581.7900,69341.8500,3.4300,5.5800,0.8093,0.8093,0.6100,6.7360,5.9525,0.6478,2.5484,2.2004,217205.0963,216946.5030,216946.5030,857960.1304,856938.6869,4.5569,4.5569,5.2478
2022-11-17,3.9500,3.9500,3.9200,3.9400,131230.1500,51661.2340,3.4200,5.5700,0.6049,0.6049,0.4600,6.7190,5.9374,0.6462,2.5419,2.1948,217205.0963,216946.5030,216946.5030,855788.0794,854769.2218,4.5684,4.5684,5.2632
2022-11-18,3.9600,3.9700,3.8900,3.8900,202663.0000,79373.8830,3.3700,5.5000,0.9342,0.9342,0.7500,6.6337,5.8621,0.6380,2.5097,2.1670,217205.0963,216946.5030,216946.5030,844927.8246,843921.8967,4.6272,4.6272,5.3412
2022-11-21,3.8800,3.9000,3.8200,3.8600,175695.1700,67881.5880,3.3500,5.4500,0.8099,0.8099,0.7700,6.5825,5.8169,0.6331,2.4903,2.1503,217205.0963,216946.5030,216946.5030,838411.6717,837413.5016,4.6631,4.6631,5.3731
2022-11-22,3.8800,3.9600,3.8800,3.9300,221164.3800,86727.6810,3.4100,5.5500,1.0194,1.0194,1.2000,6.7019,5.9224,0.6446,2.5355,2.1893,217205.0963,216946.5030,216946.5030,853616.0285,852599.7568,4.5801,4.5801,5.2786
2022-11-23,3.9200,3.9700,3.9100,3.9300,199531.5100,78655.1450,3.4100,5.5500,0.9197,0.9197,1.1000,6.7019,5.9224,0.6446,2.5355,2.1893,217205.0963,216946.5030,216946.5030,853616.0285,852599.7568,4.5801,4.5801,5.2786
2022-11-24,3.9500,3.9600,3.9100,3.9300,135719.8800,53434.2750,3.4100,5.5500,0.6256,0.6256,0.7300,6.7019,5.9224,0.6446,2.5355,2.1893,217205.0963,216946.5030,216946.5030,853616.0285,852599.7568,4.5801,4.5801,5.2786
2022-11-25,3.9300,4.0500,3.9300,4.0400,362023.9400,144920.9340,3.5000,5.7100,1.6687,1.6687,1.9400,6.8895,6.0881,0.6626,2.6064,2.2505,217205.0963,216946.5030,216946.5030,877508.5891,876463.8721,4.4554,4.4554,5.1429
2022-11-28,4.0000,4.0100,3.9200,3.9800,230754.6300,91510.2520,3.4500,5.6200,1.0636,1.0636,1.0500,6.7872,5.9977,0.6528,2.5677,2.2171,217205.0963,216946.5030,216946.5030,864476.2833,863447.0819,4.5225,4.5225,5.2174
2022-11-29,4.0300,4.1400,4.0100,4.1000,430925.4500,175810.7220,3.5600,5.7900,1.9863,1.9863,1.8700,6.9918,6.1786,0.6724,2.6451,2.2840,217205.0963,216946.5030,216946.5030,890540.8948,889480.6623,4.3902,4.3902,5.0562
2022-11-30,4.1300,4.2100,4.0400,4.0600,397855.8500,163409.1470,3.5200,5.7400,1.8339,1.8339,1.4600,6.9236,6.1183,0.6659,2.6193,2.2617,217205.0963,216946.5030,216946.5030,881852.6910,880802.8022,4.4334,4.4334,5.1136
2022-12-01,4.1200,4.1300,4.0000,4.0300,379165.7900,153636.8970,3.5000,5.6900,1.7477,1.7477,1.2200,6.8724,6.0731,0.6610,2.6000,2.2450,217205.0963,216946.5030,216946.5030,875336.5381,874294.4071,4.4664,4.4664,5.1429
2022-12-02,4.0200,4.0400,3.9600,4.0100,251347.0900,100394.4680,3.4800,5.6700,1.1586,1.1586,0.7000,6.8383,6.0429,0.6577,2.5871,2.2338,217205.0963,216946.5030,216946.5030,870992.4362,869955.4770,4.4887,4.4887,5.1724
2022-12-05,4.0500,4.1000,4.0300,4.0800,307029.0000,124832.2060,3.5400,5.7700,1.4152,1.4152,0.9100,6.9577,6.1484,0.6692,2.6322,2.2728,217205.0963,216946.5030,216946.5030,886196.7929,885141.7322,4.4117,4.4117,5.0847
2022-12-06,4.0800,4.1000,4.0400,4.0700,214486.0300,87242.0990,3.5300,5.7500,0.9887,0.9887,0.6100,6.9407,6.1333,0.6675,2.6258,2.2672,217205.0963,216946.5030,216946.5030,884024.7419,882972.2672,4.4225,4.4225,5.0992
2022-12-07,4.0700,4.0700,4.0100,4.0300,177955.6500,71946.3870,3.5000,5.6900,0.8203,0.8203,0.5700,6.8724,6.0731,0.6610,2.6000,2.2450,217205.0963,216946.5030,216946.5030,875336.5381,874294.4071,4.4664,4.4664,5.1429
2022-12-08,4.0500,4.1000,4.0300,4.0900,255969.7300,104350.0480,3.5500,5.7800,1.1799,1.1799,0.9600,6.9748,6.1635,0.6708,2.6387,2.2784,217205.0963,216946.5030,216946.5030,888368.8439,887311.1973,4.4009,4.4009,5.0704
2022-12-09,4.0900,4.1400,4.0700,4.0800,180366.7500,73937.0660,3.5400,5.7700,0.8314,0.8314,0.7500,6.9577,6.1484,0.6692,2.6322,2.2728,217205.0963,216946.5030,216946.5030,886196.7929,885141.7322,4.4117,4.4117,5.0847
2022-12-12,4.0800,4.0900,4.0000,4.0100,255516.4900,103147.5490,3.4800,5.6700,1.1778,1.1778,1.1200,6.8383,6.0429,0.6577,2.5871,2.2338,217205.0963,216946.5030,216946.5030,870992.4362,869955.4770,4.4887,4.4887,5.1724
2022-12-13,4.0400,4.0900,4.0100,4.0800,199209.9500,80978.4990,3.5400,5.7700,0.9182,0.9182,0.9200,6.9577,6.1484,0.6692,2.6322,2.2728,217205.0963,216946.5030,216946.5030,886196.7929,885141.7322,4.4117,4.4117,5.0847
2022-12-14,4.1000,4.1100,4.0400,4.0600,170845.1300,69538.0370,3.5200,5.7400,0.7875,0.7875,0.8000,6.9236,6.1183,0.6659,2.6193,2.2617,217205.0963,216946.5030,216946.5030,881852.6910,880802.8022,4.4334,4.4334,5.1136
2022-12-15,4.0600,4.0800,4.0100,4.0200,157218.4000,63290.6170,3.4900,5.6800,0.7247,0.7247,0.7400,6.8554,6.0580,0.6593,2.5935,2.2394,217205.0963,216946.5030,216946.5030,873164.4871,872124.9421,4.4775,4.4775,5.1576
2022-12-16,4.0000,4.0500,3.9900,4.0200,171535.3100,68911.5860,3.4900,5.6800,0.7907,0.7907,0.8900,6.8554,6.0580,0.6593,2.5935,2.2394,217205.0963,216946.5030,216946.5030,873164.4871,872124.9421,4.4775,4.4775,5.1576
2022-12-19,4.0400,4.0500,3.9100,3.9300,189639.4100,75273.2510,3.4100,5.5500,0.8741,0.8741,0.9900,6.7019,5.9224,0.6446,2.5355,2.1893,217205.0963,216946.5030,216946.5030,853616.0285,852599.7568,4.5801,4.5801,5.2786
2022-12-20,3.9300,4.0100,3.9100,3.9500,181128.8600,71761.1660,3.4300,5.5800,0.8349,0.8349,1.0200,6.7360,5.9525,0.6478,2.5484,2.2004,217205.0963,216946.5030,216946.5030,857960.1304,856938.6869,4.5569,4.5569,5.2478
2022-12-21,3.9400,4.0000,3.9300,3.9600,134017.9700,53131.7520,3.4400,5.6000,0.6177,0.6177,0.7700,6.7531,5.9676,0.6495,2.5548,2.2060,217205.0963,216946.5030,216946.5030,860132.1813,859108.1519,4.5454,4.5454,5.2326
2022-12-22,4.0000,4.0100,3.8700,3.8800,156514.2400,61464.7010,3.3700,5.4800,0.7214,0.7214,0.9400,6.6166,5.8470,0.6364,2.5032,2.1614,217205.0963,216946.5030,216946.5030,842755.7736,841752.4316,4.6391,4.6391,5.3412
2022-12-23,3.8800,3.9100,3.8500,3.8700,130883.7800,50752.3130,3.3600,5.4700,0.6033,0.6033,0.7900,6.5996,5.8320,0.6347,2.4968,2.1558,217205.0963,216946.5030,216946.5030,840583.7227,839582.9666,4.6511,4.6511,5.3571
2022-12-26,3.8700,3.8800,3.8300,3.8400,130139.3400,50088.5290,3.3300,5.4300,0.5999,0.5999,0.8200,6.5484,5.7867,0.6298,2.4774,2.1391,217205.0963,216946.5030,216946.5030,834067.5698,833074.5715,4.6874,4.6874,5.4054
2022-12-27,3.8500,3.9500,3.8300,3.9200,191978.6400,74838.5150,3.4000,5.5400,0.8849,0.8849,1.3100,6.6849,5.9073,0.6429,2.5290,2.1837,217205.0963,216946.5030,216946.5030,851443.9775,850430.2918,4.5917,4.5918,5.2941
2022-12-28,3.9100,4.0000,3.9000,3.9500,196143.1800,77634.6440,3.4300,5.5800,0.9041,0.9041,1.3200,6.7360,5.9525,0.6478,2.5484,2.2004,217205.0963,216946.5030,216946.5030,857960.1304,856938.6869,4.5569,4.5569,5.2478
2022-12-29,3.9400,3.9700,3.9000,3.9500,137315.1300,54141.6660,3.4300,5.5800,0.6329,0.6329,0.8500,6.7360,5.9525,0.6478,2.5484,2.2004,217205.0963,216946.5030,216946.5030,857960.1304,856938.6869,4.5569,4.5569,5.2478
2022-12-30,3.9700,3.9900,3.9300,3.9700,127534.0500,50522.6560,3.4400,5.6100,0.5879,0.5879,0.8100,6.7701,5.9826,0.6511,2.5613,2.2115,217205.0963,216946.5030,216946.5030,862304.2323,861277.6169,4.5339,4.5339,5.2326
2023-01-03,3.9700,4.0100,3.9300,3.9900,184089.9300,73360.3490,3.4600,5.6400,0.8485,0.8485,1.1800,6.8042,6.0128,0.6544,2.5742,2.2227,217205.0963,216946.5030,216946.5030,866648.3342,865616.5470,4.5112,4.5112,5.2023
2023-01-04,4.0000,4.1300,3.9900,4.1100,372809.3100,152230.2980,3.5700,5.8100,1.7184,1.7184,2.2300,7.0089,6.1936,0.6741,2.6516,2.2895,217205.1204,216946.5271,216946.5030,892713.0448,891650.2264,4.3795,4.3795,5.0420
2023-01-05,4.1400,4.1500,4.0500,4.0700,225860.8000,92336.2190,3.5300,5.7500,1.0411,1.0411,1.1100,6.9407,6.1333,0.6675,2.6258,2.2672,217205.1204,216946.5271,216946.5271,884024.8400,882972.3653,4.4225,4.4225,5.0992
2023-01-06,4.0800,4.0800,4.0400,4.0500,133594.9900,54147.5090,3.5100,5.7200,0.6158,0.6158,0.6400,6.9066,6.1032,0.6642,2.6129,2.2561,217205.1204,216946.5271,216946.5271,879680.7376,878633.4348,4.4444,4.4444,5.1282
2023-01-09,4.0700,4.0700,4.0300,4.0300,136897.2000,55360.4290,3.5000,5.6900,0.6310,0.6310,0.6600,6.8724,6.0731,0.6610,2.6000,2.2450,217205.1204,216946.5271,216946.5271,875336.6352,874294.5042,4.4664,4.4664,5.1429
2023-01-10,4.0600,4.0600,3.9900,3.9900,132804.7000,53239.6640,3.4600,5.6400,0.6122,0.6122,0.6300,6.8042,6.0128,0.6544,2.5742,2.2227,217205.1204,216946.5271,216946.5271,866648.4304,865616.6431,4.5112,4.5112,5.2023
2023-01-11,4.0200,4.0500,3.9900,4.0300,140280.3200,56501.7520,3.5000,5.6900,0.6466,0.6466,0.7000,6.8724,6.0731,0.6610,2.6000,2.2450,217205.1204,216946.5271,216946.5271,875336.6352,874294.5042,4.4664,4.4664,5.1429
2023-01-12,4.0600,4.0600,3.9700,4.0000,117832.0000,47127.9680,3.4700,5.6500,0.5431,0.5431,0.7700,6.8213,6.0279,0.6560,2.5806,2.2282,217205.1204,216946.5271,216946.5271,868820.4816,867786.1084,4.4999,4.4999,5.1873
2023-01-13,4.0100,4.0500,3.9900,4.0500,138751.0000,55857.8150,3.5100,5.7200,0.6396,0.6396,1.0500,6.9066,6.1032,0.6642,2.6129,2.2561,217205.1204,216946.5271,216946.5271,879680.7376,878633.4348,4.4444,4.4444,5.1282
2023-01-16,4.0800,4.1500,4.0500,4.0800,283059.6900,115922.6390,3.5400,5.7700,1.3047,1.3047,2.1200,6.9577,6.1484,0.6692,2.6322,2.2728,217205.1204,216946.5271,216946.5271,886196.8912,885141.8306,4.4117,4.4117,5.0847
2023-01-17,4.0800,4.0900,4.0500,4.0700,205619.7500,83497.1730,3.5300,5.7500,0.9478,0.9478,1.2600,6.9407,6.1333,0.6675,2.6258,2.2672,217205.1204,216946.5271,216946.5271,884024.8400,882972.3653,4.4225,4.4225,5.0992
2023-01-18,4.2300,4.4800,4.1700,4.3100,1372689.9900,593160.8300,3.7400,6.0900,6.3273,6.3273,7.7500,7.3499,5.7928,0.7069,2.7806,2.4783,217205.1204,216946.5271,216946.5271,936154.0689,935039.5318,4.1763,4.1763,4.8128
2023-01-19,4.3100,4.3200,4.1700,4.2400,807603.4300,342816.1800,3.6800,5.9900,3.7226,3.7226,1.9100,7.2306,5.6987,0.6954,2.7355,2.4380,217205.1204,216946.5271,216946.5271,920949.7105,919853.2749,4.2452,4.2452,4.8913
2023-01-20,4.2700,4.2800,4.2000,4.2300,416440.5800,176166.3470,3.6700,5.9800,1.9196,1.9196,0.7400,7.2135,5.6852,0.6938,2.7290,2.4323,217205.1204,216946.5271,216946.5271,918777.6593,917683.8096,4.2552,4.2552,4.9046
2023-01-30,4.2600,4.2700,4.1900,4.2000,504091.9000,213034.1340,3.6400,5.9300,2.3236,2.3236,0.8200,7.1624,5.6449,0.6888,2.7097,2.4150,217205.1204,216946.5271,216946.5271,912261.5057,911175.4138,4.2856,4.2856,4.9451
2023-01-31,4.1900,4.2400,4.1800,4.2000,331668.1800,139641.5960,3.6400,5.9300,1.5288,1.5288,0.5000,7.1624,5.6449,0.6888,2.7097,2.4150,217205.1204,216946.5271,216946.5271,912261.5057,911175.4138,4.2856,4.2856,4.9451
2023-02-01,4.2000,4.2400,4.1800,4.2400,362624.6200,152724.1760,3.6800,5.9900,1.6715,1.6715,0.5300,7.2306,5.6987,0.6954,2.7355,2.4380,217205.1204,216946.5271,216946.5271,920949.7105,919853.2749,4.2452,4.2452,4.8913
2023-02-02,4.2600,4.2700,4.1900,4.2000,238636.3000,100495.9360,3.6400,5.9300,1.1000,1.1000,0.4900,7.1624,5.6449,0.6888,2.7097,2.4150,217205.1204,216946.5271,216946.5271,912261.5057,911175.4138,4.2856,4.2856,4.9451
2023-02-03,4.2000,4.2000,4.1400,4.1600,201511.6000,83924.5090,3.6100,5.8800,0.9289,0.9289,0.5400,7.0941,5.5912,0.6823,2.6838,2.3920,217205.1204,216946.5271,216946.5271,903573.3009,902497.5527,4.3268,4.3268,4.9861
2023-02-06,4.1300,4.1700,4.1200,4.1500,174350.1800,72271.3360,3.6000,5.8600,0.8037,0.8037,0.5300,7.0771,5.5777,0.6806,2.6774,2.3863,217205.1204,216946.5271,216946.5271,901401.2497,900328.0875,4.3373,4.3373,5.0000
2023-02-07,4.1700,4.1800,4.1500,4.1700,141135.6200,58742.3070,3.6200,5.8900,0.6506,0.6506,0.5400,7.1112,5.6046,0.6839,2.6903,2.3978,217205.1204,216946.5271,216946.5271,905745.3521,904667.0180,4.3165,4.3165,4.9724
2023-02-08,4.1700,4.1800,4.1400,4.1400,131974.9000,54840.4540,3.5900,5.8500,0.6083,0.6083,0.5900,7.0600,5.5643,0.6790,2.6709,2.3805,217205.1204,216946.5271,216946.5271,899229.1985,898158.6222,4.3477,4.3477,5.0139
2023-02-09,4.1200,4.2100,4.1200,4.2100,245691.2400,102890.3760,3.6500,5.9500,1.1325,1.1325,1.3800,7.1794,5.6584,0.6905,2.7161,2.4208,217205.1204,216946.5271,216946.5271,914433.5569,913344.8791,4.2755,4.2755,4.9315
2023-02-10,4.2100,4.2400,4.1800,4.2300,217532.8000,91484.8530,3.6700,5.9800,1.0027,1.0027,1.2200,7.2135,5.6852,0.6938,2.7290,2.4323,217205.1204,216946.5271,216946.5271,918777.6593,917683.8096,4.2552,4.2552,4.9046
2023-02-13,4.2300,4.2300,4.1600,4.1900,262853.3900,110116.0930,3.6400,5.9200,1.2116,1.2116,1.4400,7.1453,5.6315,0.6872,2.7032,2.4093,217205.1204,216946.5271,216946.5271,910089.4545,909005.9485,4.2959,4.2959,4.9451
2023-02-14,4.2000,4.2500,4.1900,4.2300,279534.4900,118034.1610,3.6700,5.9800,1.2885,1.2885,1.4000,7.2135,5.6852,0.6938,2.7290,2.4323,217205.1204,216946.5271,216946.5271,918777.6593,917683.8096,4.2552,4.2552,4.9046
2023-02-15,4.2400,4.2500,4.1900,4.2000,166528.7100,70104.5970,3.6400,5.9300,0.7676,0.7676,0.7300,7.1624,5.6449,0.6888,2.7097,2.4150,217205.1204,216946.5271,216946.5271,912261.5057,911175.4138,4.2856,4.2856,4.9451
2023-02-16,4.2000,4.2300,4.1300,4.1500,294428.1800,123459.9310,3.6000,5.8600,1.3571,1.3571,1.2600,7.0771,5.5777,0.6806,2.6774,2.3863,217205.1204,216946.5271,216946.5271,901401.2497,900328.0875,4.3373,4.3373,5.0000
2023-02-17,4.1500,4.1700,4.1100,4.1200,225115.0400,93227.8840,3.5700,5.8200,1.0377,1.0377,0.9200,7.0259,5.5374,0.6757,2.6580,2.3690,217205.1204,216946.5271,216946.5271,894885.0960,893819.6917,4.3689,4.3689,5.0420
2023-02-20,4.1400,4.2200,4.1300,4.2100,357362.3000,149273.2020,3.6500,5.9500,1.6472,1.6472,1.4500,7.1794,5.6584,0.6905,2.7161,2.4208,217205.1204,216946.5271,216946.5271,914433.5569,913344.8791,4.2755,4.2755,4.9315
2023-02-21,4.2100,4.2300,4.1800,4.2200,218665.3300,91967.0050,3.6600,5.9600,1.0079,1.0079,0.8300,7.1965,5.6718,0.6921,2.7226,2.4265,217205.1204,216946.5271,216946.5271,916605.6081,915514.3444,4.2653,4.2653,4.9180
2023-02-22,4.2100,4.2100,4.1700,4.1900,161430.6100,67662.4130,3.6400,5.9200,0.7441,0.7441,0.6400,7.1453,5.6315,0.6872,2.7032,2.4093,217205.1204,216946.5271,216946.5271,910089.4545,909005.9485,4.2959,4.2959,4.9451
2023-02-23,4.2100,4.3600,4.1900,4.2800,625381.5400,267630.8180,3.7100,6.0500,2.8827,2.8827,2.4900,7.2988,5.7524,0.7020,2.7613,2.4610,217205.1204,216946.5271,216946.5271,929637.9153,928531.1360,4.2055,4.2055,4.8518
2023-02-24,4.3000,4.3200,4.2500,4.2800,245182.3600,104885.6240,3.7100,6.0500,1.1302,1.1302,0.7700,7.2988,5.7524,0.7020,2.7613,2.4610,217205.1204,216946.5271,216946.5271,929637.9153,928531.1360,4.2055,4.2055,4.8518
2023-02-27,4.2700,4.3100,4.2300,4.2400,224155.8400,95597.7680,3.6800,5.9900,1.0332,1.0332,0.7000,7.2306,5.6987,0.6954,2.7355,2.4380,217205.1204,216946.5271,216946.5271,920949.7105,919853.2749,4.2452,4.2452,4.8913
2023-02-28,4.2500,4.2700,4.2300,4.2700,159782.1700,67936.1970,3.7000,6.0300,0.7365,0.7365,0.5400,7.2817,5.7390,0.7003,2.7548,2.4553,217205.1204,216946.5271,216946.5271,927465.8641,926361.6707,4.2154,4.2154,4.8649
2023-03-01,4.2600,4.2900,4.2400,4.2800,236516.1000,101087.9380,3.7100,6.0500,1.0902,1.0902,0.8400,7.2988,5.7524,0.7020,2.7613,2.4610,217205.1204,216946.5271,216946.5271,929637.9153,928531.1360,4.2055,4.2055,4.8518
2023-03-02,4.2800,4.3200,4.2600,4.3000,178001.2600,76417.6710,3.7300,6.0800,0.8205,0.8205,0.6000,7.3329,5.7793,0.7052,2.7742,2.4725,217205.1204,216946.5271,216946.5271,933982.0177,932870.0665,4.1860,4.1860,4.8257
2023-03-03,4.3100,4.3300,4.2600,4.3200,218157.5500,93745.0320,3.7500,6.1000,1.0056,1.0056,1.0500,7.3670,5.8062,0.7085,2.7871,2.4840,217205.1204,216946.5271,216946.5271,938326.1201,937208.9971,4.1666,4.1666,4.8000
2023-03-06,4.3300,4.3400,4.2600,4.2700,225162.7400,96495.9200,3.7000,6.0300,1.0379,1.0379,1.1100,7.2817,5.7390,0.7003,2.7548,2.4553,217205.1204,216946.5271,216946.5271,927465.8641,926361.6707,4.2154,4.2154,4.8649
2023-03-07,4.2700,4.3600,4.2600,4.2700,322867.9900,139259.0930,3.7000,6.0300,1.4882,1.4882,1.5900,7.2817,5.7390,0.7003,2.7548,2.4553,217205.1204,216946.5271,216946.5271,927465.8641,926361.6707,4.2154,4.2154,4.8649
2023-03-08,4.2600,4.2800,4.2100,4.2600,321868.3100,136363.0700,3.7000,6.0200,1.4836,1.4836,1.3600,7.2647,5.7256,0.6987,2.7484,2.4495,217205.1204,216946.5271,216946.5271,925293.8129,924192.2054,4.2253,4.2253,4.8649
2023-03-09,4.2900,4.3200,4.2300,4.2400,237198.8400,101470.6780,3.6800,5.9900,1.0934,1.0934,0.9400,7.2306,5.6987,0.6954,2.7355,2.4380,217205.1204,216946.5271,216946.5271,920949.7105,919853.2749,4.2452,4.2452,4.8913
2023-03-10,4.2300,4.2400,4.1400,4.1500,256094.2000,106973.0980,3.6000,5.8600,1.1804,1.1804,0.9700,7.0771,5.5777,0.6806,2.6774,2.3863,217205.1204,216946.5271,216946.5271,901401.2497,900328.0875,4.3373,4.3373,5.0000
2023-03-13,4.1000,4.1600,4.1000,4.1400,154571.6000,63846.7070,3.5900,5.8500,0.7125,0.7125,0.5700,7.0600,5.5643,0.6790,2.6709,2.3805,217205.1204,216946.5271,216946.5271,899229.1985,898158.6222,4.3477,4.3477,5.0139
2023-03-14,4.1100,4.1300,4.0300,4.0500,231528.6000,94384.2990,3.5100,5.7200,1.0672,1.0672,0.9000,6.9066,5.4433,0.6642,2.6129,2.3288,217205.1204,216946.5271,216946.5271,879680.7376,878633.4348,4.4444,4.4444,5.1282
2023-03-15,4.1000,4.1500,4.0800,4.1300,211157.4200,87060.2800,3.5800,5.8400,0.9733,0.9733,0.8800,7.0430,5.5508,0.6774,2.6645,2.3748,217205.1204,216946.5271,216946.5271,897057.1473,895989.1569,4.3583,4.3583,5.0279
2023-03-16,4.1100,4.1800,4.1000,4.1400,237599.5700,98696.3580,3.5900,5.8500,1.0952,1.0952,1.0900,7.0600,5.5643,0.6790,2.6709,2.3805,217205.1204,216946.5271,216946.5271,899229.1985,898158.6222,4.3477,4.3477,5.0139
2023-03-17,4.1700,4.2000,4.1400,4.1700,191029.8700,79704.4970,3.6200,5.8900,0.8805,0.8805,0.8800,7.1112,5.6046,0.6839,2.6903,2.3978,217205.1204,216946.5271,216946.5271,905745.3521,904667.0180,4.3165,4.3165,4.9724
2023-03-20,4.1800,4.2300,4.1300,4.1400,247504.9700,103612.8740,3.5900,5.8500,1.1409,1.1409,1.2100,7.0600,5.5643,0.6790,2.6709,2.3805,217205.1204,216946.5271,216946.5271,899229.1985,898158.6222,4.3477,4.3477,5.0139
2023-03-21,4.1500,4.1800,4.0900,4.1000,237829.8000,97995.5670,3.5600,5.7900,1.0963,1.0963,1.0600,6.9918,5.5105,0.6724,2.6451,2.3575,217205.1204,216946.5271,216946.5271,890540.9936,889480.7611,4.3902,4.3902,5.0562
2023-03-22,4.1300,4.1600,4.0900,4.1400,165976.8000,68551.0550,3.5900,5.8500,0.7651,0.7651,0.7400,7.0600,5.5643,0.6790,2.6709,2.3805,217205.1204,216946.5271,216946.5271,899229.1985,898158.6222,4.3477,4.3477,5.0139
2023-03-23,4.1400,4.1600,4.0900,4.1400,288911.8000,119128.4920,3.5900,5.8500,1.3317,1.3317,1.3400,7.0600,5.5643,0.6790,2.6709,2.3805,217205.1204,216946.5271,216946.5271,899229.1985,898158.6222,4.3477,4.3477,5.0139
2023-03-24,4.1500,4.1600,4.0700,4.0800,291400.9500,119639.4200,3.5400,5.7700,1.3432,1.3432,1.2900,6.9577,5.4836,0.6692,2.6322,2.3460,217205.1204,216946.5271,216946.5271,886196.8912,885141.8306,4.4117,4.4117,5.0847
2023-03-27,4.0900,4.0900,4.0400,4.0500,211516.6800,85752.3590,3.5100,5.7200,0.9750,0.9750,0.8600,6.9066,5.4433,0.6642,2.6129,2.3288,217205.1204,216946.5271,216946.5271,879680.7376,878633.4348,4.4444,4.4444,5.1282
2023-03-28,4.0400,4.0800,4.0000,4.0400,356737.9400,143853.7420,3.5000,5.7100,1.6444,1.6444,1.4900,5.4299,5.4299,0.6306,2.3215,2.3215,217205.1204,216946.5271,216946.5271,877508.6864,876463.9695,4.4554,4.4554,5.1429
2023-03-29,4.0500,4.0600,3.9900,3.9900,250084.2100,100399.1760,3.4600,5.6400,1.1527,1.1527,0.9500,5.3627,5.3627,0.6228,2.2928,2.2928,217205.1204,216946.5271,216946.5271,866648.4304,865616.6431,4.5112,4.5112,5.2023
2023-03-30,4.0000,4.0200,3.9700,4.0200,201508.6000,80494.0920,3.4900,5.6800,0.9288,0.9288,0.7200,5.4031,5.4031,0.6275,2.3100,2.3100,217205.1204,216946.5271,216946.5271,873164.5840,872125.0389,4.4775,4.4775,5.1576
2023-03-31,4.0000,4.0400,3.9800,3.9900,208721.4400,83527.4670,3.4600,5.6400,0.9621,0.9621,0.8000,5.3627,5.3627,0.6228,2.2928,2.2928,217205.1204,216946.5271,216946.5271,866648.4304,865616.6431,4.5112,4.5112,5.2023
2023-04-03,3.9900,4.0300,3.9700,4.0200,369351.8600,147762.8600,3.4900,5.6800,1.7025,1.7025,1.5000,5.4031,5.4031,0.6275,2.3100,2.3100,217205.1204,216946.5271,216946.5271,873164.5840,872125.0389,4.4775,4.4775,5.1576
2023-04-04,4.0200,4.0600,3.9900,4.0300,243040.4800,97904.1310,3.5000,5.6900,1.1203,1.1203,0.8800,5.4165,5.4165,0.6290,2.3158,2.3158,217205.1228,216947.3720,216946.5271,875336.6449,874297.9092,4.4664,4.4664,5.1429
2023-04-06,4.0300,4.0300,3.9900,3.9900,209280.7300,83667.0250,3.4600,5.6400,0.9647,0.9647,0.8200,5.3627,5.3627,0.6228,2.2928,2.2928,217205.1228,216947.3720,216947.3720,866648.4400,865620.0143,4.5112,4.5112,5.2023
2023-04-07,4.0000,4.0100,3.9800,4.0100,142485.5700,56953.0940,3.4800,5.6700,0.6568,0.6568,0.5800,5.3896,5.3896,0.6259,2.3043,2.3043,217205.1228,216947.3720,216947.3720,870992.5424,869958.9617,4.4887,4.4887,5.1724
2023-04-10,4.0100,4.0200,3.9700,3.9900,299001.4000,119166.8900,3.4600,5.6400,1.3782,1.3782,1.2700,5.3627,5.3627,0.6228,2.2928,2.2928,217205.1228,216947.3720,216947.3720,866648.4400,865620.0143,4.5112,4.5112,5.2023
2023-04-11,3.9900,3.9900,3.9300,3.9400,351855.7000,138894.0010,3.4200,5.5700,1.6218,1.6218,1.3900,5.2955,5.2955,0.6150,2.2640,2.2640,217205.1228,216947.3720,216947.3720,855788.1838,854772.6457,4.5684,4.5684,5.2632
2023-04-12,3.9400,3.9700,3.9300,3.9500,230198.9300,90854.4910,3.4300,5.5800,1.0611,1.0611,0.9200,5.3090,5.3090,0.6165,2.2698,2.2698,217205.1228,216947.3720,216947.3720,857960.2351,856942.1194,4.5569,4.5569,5.2478
2023-04-13,3.9400,3.9900,3.9200,3.9700,277394.1200,109660.0530,3.4400,5.6100,1.2786,1.2786,1.1300,5.3359,5.3359,0.6197,2.2813,2.2813,217205.1228,216947.3720,216947.3720,862304.3375,861281.0668,4.5339,4.5339,5.2326
2023-04-14,3.9700,4.0000,3.9600,3.9800,233035.9600,92751.6950,3.4500,5.6200,1.0742,1.0742,0.9000,5.3493,5.3493,0.6212,2.2870,2.2870,217205.1228,216947.3720,216947.3720,864476.3887,863450.5406,4.5225,4.5225,5.2174
2023-04-17,3.9700,4.0600,3.9700,4.0500,287198.6700,115486.2920,3.5100,5.7200,1.3238,1.3238,1.0300,5.4434,5.4434,0.6322,2.3273,2.3273,217205.1228,216947.3720,216947.3720,879680.7473,878636.8566,4.4444,4.4444,5.1282
2023-04-18,4.0500,4.1100,4.0500,4.0900,308303.5600,125934.4100,3.5500,5.7800,1.4211,1.4211,1.1200,5.4971,5.4971,0.6384,2.3502,2.3502,217205.1228,216947.3720,216947.3720,888368.9523,887314.7515,4.4009,4.4009,5.0704
2023-04-19,4.1100,4.1500,4.0800,4.1100,366003.4700,150684.4690,3.5700,5.8100,1.6871,1.6871,1.3700,5.5240,5.5240,0.6415,2.3617,2.3617,217205.1228,216947.3720,216947.3720,892713.0547,891653.6989,4.3795,4.3795,5.0420
2023-04-20,4.1200,4.1300,4.0700,4.1300,258055.8000,105629.4210,3.5800,5.8400,1.1895,1.1895,0.8800,5.5509,5.5509,0.6446,2.3732,2.3732,217205.1228,216947.3720,216947.3720,897057.1572,895992.6464,4.3583,4.3583,5.0279
2023-04-21,4.1200,4.1400,4.0600,4.0700,274556.4600,112460.8520,3.5300,5.7500,1.2655,1.2655,0.9500,5.4703,5.4703,0.6353,2.3387,2.3387,217205.1228,216947.3720,216947.3720,884024.8498,882975.8040,4.4225,4.4225,5.0992
2023-04-24,4.0600,4.1100,4.0500,4.0700,237611.3900,96896.7100,3.5300,5.7500,1.0952,1.0952,0.8000,5.4703,5.4703,0.6353,2.3387,2.3387,217205.1228,216947.3720,216947.3720,884024.8498,882975.8040,4.4225,4.4225,5.0992
2023-04-25,4.0600,4.1200,4.0500,4.0900,323499.6000,132116.4500,3.5500,5.7800,1.4911,1.4911,1.1200,5.4971,5.4971,0.6384,2.3502,2.3502,217205.1228,216947.3720,216947.3720,888368.9523,887314.7515,4.4009,4.4009,5.0704
2023-04-26,4.0900,4.1300,4.0400,4.1100,383130.7400,156508.7920,3.5700,5.8100,1.7660,1.7660,1.3100,5.5240,5.5240,0.6415,2.3617,2.3617,217205.1228,216947.3720,216947.3720,892713.0547,891653.6989,4.3795,4.3795,5.0420
2023-04-27,4.1100,4.1700,4.0900,4.1600,284316.0300,117429.3820,3.6100,5.8800,1.3105,1.3105,0.9600,5.5912,5.5912,0.6493,2.3905,2.3905,217205.1228,216947.3720,216947.3720,903573.3108,902501.0675,4.3268,4.3268,4.9861
2023-04-28,4.1200,4.1300,4.0600,4.0800,546008.8000,223302.7410,3.5400,5.7700,2.5168,2.5168,1.8200,5.4837,5.3669,0.6220,2.3445,2.3199,217205.1228,216947.3720,216947.3720,886196.9010,885145.2778,4.4117,4.4117,5.0847
2023-05-04,4.0600,4.1700,4.0400,4.1700,666892.9300,275050.8920,3.6200,5.8900,3.0740,3.0740,1.8800,5.6047,5.4853,0.6357,2.3962,2.3710,217205.1228,216947.3720,216947.3720,905745.3621,904670.5412,4.3165,4.3165,4.9724
2023-05-05,4.1700,4.2500,4.1300,4.1600,589906.1600,246497.3000,3.6100,5.8800,2.7191,2.7191,1.3400,5.5912,5.4722,0.6342,2.3905,2.3653,217205.1228,216947.3720,216947.3720,903573.3108,902501.0675,4.3268,4.3268,4.9861
2023-05-08,4.1700,4.2800,4.1500,4.2700,799166.5800,338723.7500,3.7000,6.0300,3.6837,3.6837,1.6200,5.7391,5.6169,0.6509,2.4537,2.4279,217205.1228,216947.3720,216947.3720,927465.8744,926365.2784,4.2154,4.2154,4.8649
2023-05-09,4.2700,4.3700,4.2300,4.2300,902662.6900,387011.0710,3.6700,5.9800,4.1607,4.1607,1.5600,5.6853,5.5642,0.6448,2.4307,2.4051,217205.1228,216947.3720,216947.3720,918777.6694,917687.3836,4.2552,4.2552,4.9046
2023-05-10,4.2200,4.2300,4.1200,4.1300,509419.4000,212234.8810,3.5800,5.8400,2.3481,2.3481,0.7300,5.5509,5.4327,0.6296,2.3732,2.3483,217205.1228,216947.3720,216947.3720,897057.1572,895992.6464,4.3583,4.3583,5.0279
2023-05-11,4.1300,4.1800,4.1100,4.1300,330607.7600,136647.9000,3.5800,5.8400,1.5239,1.5239,0.4800,5.5509,5.4327,0.6296,2.3732,2.3483,217205.1228,216947.3720,216947.3720,897057.1572,895992.6464,4.3583,4.3583,5.0279
2023-05-12,4.1300,4.1600,4.1000,4.1000,301295.7600,124285.9500,3.5600,5.7900,1.3888,1.3888,0.4800,5.5106,5.3932,0.6250,2.3560,2.3312,217205.1228,216947.3720,216947.3720,890541.0035,889484.2252,4.3902,4.3902,5.0562
2023-05-15,4.1000,4.1100,4.0200,4.0900,417747.8200,169662.6720,3.5500,5.7800,1.9256,1.9256,0.7300,5.4971,5.3801,0.6235,2.3502,2.3255,217205.1228,216947.3720,216947.3720,888368.9523,887314.7515,4.4009,,5.0704
2023-05-16,4.0900,4.1300,4.0600,4.0600,216160.7000,88384.7190,3.5200,5.7400,0.9964,0.9964,0.4400,5.4568,5.3406,0.6189,2.3330,2.3085,217205.1228,216947.3720,216947.3720,881852.7986,880806.3303,4.4334,,5.1136
2023-05-17,4.0500,4.0800,4.0300,4.0500,198179.9600,80263.4380,3.5100,5.7200,0.9135,0.9135,0.5600,5.4434,5.3275,0.6174,2.3273,2.3028,217205.1228,216947.3720,216947.3720,879680.7473,878636.8566,4.4444,,5.1282
2023-05-18,4.0600,4.1200,4.0500,4.0900,252324.9300,103209.9250,3.5500,5.7800,1.1631,1.1631,0.8600,5.4971,5.3801,0.6235,2.3502,2.3255,217205.1228,216947.3720,216947.3720,888368.9523,887314.7515,4.4009,,5.0704
2023-05-19,4.0900,4.0900,4.0300,4.0300,233930.3000,94674.6250,3.5000,5.6900,1.0783,1.0783,0.8400,5.4165,5.3012,0.6143,2.3158,2.2914,217205.1228,216947.3720,216947.3720,875336.6449,874297.9092,4.4664,,5.1429
2023-05-22,4.0400,4.0500,4.0200,4.0300,139192.9600,56176.7760,3.5000,5.6900,0.6416,0.6416,0.5300,5.4165,5.3012,0.6143,2.3158,2.2914,217205.1228,216947.3720,216947.3720,875336.6449,874297.9092,4.4664,,5.1429
2023-05-23,4.0300,4.0500,3.9900,4.0000,191818.6900,77094.3290,3.4700,5.6500,0.8842,0.8842,0.9200,5.3762,5.2617,0.6098,2.2985,2.2744,217205.1228,216947.3720,216947.3720,868820.4912,867789.4880,4.4999,,5.1873
2023-05-24,4.0000,4.0200,3.9600,4.0000,250007.6500,99660.5370,3.4700,5.6500,1.1524,1.1524,1.2300,5.3762,5.2617,0.6098,2.2985,2.2744,217205.1228,216947.3720,216947.3720,868820.4912,867789.4880,4.4999,,5.1873
2023-05-25,3.9900,4.0100,3.9500,3.9700,164597.3200,65448.4330,3.4400,5.6100,0.7587,0.7587,0.7700,5.3359,5.2222,0.6052,2.2813,2.2573,217205.1228,216947.3720,216947.3720,862304.3375,861281.0668,4.5339,,5.2326
2023-05-26,3.9700,4.0000,3.9600,3.9900,120726.6000,48039.3870,3.4600,5.6400,0.5565,0.5565,0.6200,5.3627,5.2485,0.6082,2.2928,2.2687,217205.1228,216947.3720,216947.3720,866648.4400,865620.0143,4.5112,,5.2023
2023-05-29,3.9900,4.0100,3.9800,4.0000,120913.0000,48256.6630,3.4700,5.6500,0.5573,0.5573,0.7000,5.3762,5.2617,0.6098,2.2985,2.2744,217205.1228,216947.3720,216947.3720,868820.4912,867789.4880,4.4999,,5.1873
2023-05-30,3.9900,4.0100,3.9600,4.0000,163214.7400,65157.6840,3.4700,5.6500,0.7523,0.7523,0.9600,5.3762,5.2617,0.6098,2.2985,2.2744,217205.1228,216947.3720,216947.3720,868820.4912,867789.4880,4.4999,,5.1873
2023-05-31,4.0000,4.0000,3.9700,3.9900,120028.7900,47840.0890,3.4600,5.6400,0.5533,0.5533,0.7300,5.3627,5.2485,0.6082,2.2928,2.2687,217205.1228,216947.3720,216947.3720,866648.4400,865620.0143,4.5112,,5.2023
2023-06-01,3.9900,4.0000,3.9600,3.9800,181078.5400,72038.5760,3.4500,5.6200,0.8347,0.8347,1.3100,5.3493,5.2354,0.6067,2.2870,2.2630,217205.1952,216947.4444,216947.3720,864476.6769,863450.8287,4.5225,,5.2174
2023-06-02,3.9800,4.0100,3.9700,4.0100,158720.9000,63420.4610,3.4800,5.6700,0.7316,0.7316,1.1200,5.3896,5.2748,0.6113,2.3043,2.2801,217205.1952,216947.4444,216947.4444,870992.8328,869959.2520,4.4887,,5.1724
2023-06-05,4.0100,4.0300,4.0000,4.0200,138924.2500,55786.9430,3.4900,5.6800,0.6404,0.6404,0.9300,5.4031,5.2880,0.6128,2.3100,2.2857,217205.1952,216947.4444,216947.4444,873164.8847,872128.7265,4.4775,,5.1576
2023-06-06,4.0300,4.0400,3.9900,4.0100,258720.9000,104011.3840,3.4800,5.6700,1.1926,1.1926,1.7000,5.3896,5.2748,0.6113,2.3043,2.2801,217205.1952,216947.4444,216947.4444,870992.8328,869959.2520,4.4887,,5.1724
2023-06-07,3.8300,3.8700,3.8300,3.8500,237200.6100,91306.5170,3.5000,5.7000,1.0934,1.0934,1.3800,5.1746,5.0644,0.6035,2.2123,2.1891,217205.1952,216947.4444,216947.4444,836240.0015,835247.6609,4.6752,4.6753,5.1429
2023-06-08,3.8600,3.9200,3.8500,3.9200,238363.0000,92748.5470,3.5600,5.8000,1.0987,1.0987,1.2200,5.2687,5.1565,0.6144,2.2526,2.2289,217205.1952,216947.4444,216947.4444,851444.3652,850433.9820,4.5918,4.5918,5.0562
2023-06-09,3.9100,3.9100,3.8800,3.8800,125581.9700,48904.6330,3.5300,5.7400,0.5789,0.5789,0.6100,5.2149,5.1038,0.6082,2.2296,2.2061,217205.1952,216947.4444,216947.4444,842756.1574,841756.0843,4.6391,4.6392,5.0992
2023-06-12,3.8800,3.8800,3.8300,3.8400,172462.2000,66330.2940,3.4900,5.6800,0.7949,0.7949,0.8600,5.1611,5.0512,0.6019,2.2066,2.1834,217205.1952,216947.4444,216947.4444,834067.9496,833078.1865,4.6874,4.6875,5.1576
2023-06-13,3.8400,3.8500,3.8100,3.8200,135340.6600,51806.3250,3.4700,5.6500,0.6238,0.6238,0.6600,5.1342,5.0249,0.5988,2.1951,2.1720,217205.1952,216947.4444,216947.4444,829723.8457,828739.2376,4.7120,4.7120,5.1873
2023-06-14,3.8200,3.8300,3.7600,3.7800,191273.2000,72675.9310,3.4300,5.5900,0.8817,0.8817,1.0500,5.0805,4.9723,0.5925,2.1721,2.1493,217205.1952,216947.4444,216947.4444,821035.6379,820061.3398,4.7618,4.7619,5.2478
2023-06-15,3.7800,3.7900,3.7400,3.7500,251863.9800,94553.6850,3.4100,5.5500,1.1609,1.1609,1.4600,5.0402,4.9328,0.5878,2.1549,2.1322,217205.1952,216947.4444,216947.4444,814519.4820,813552.9165,4.7999,4.8000,5.2786
2023-06-16,3.7600,3.7600,3.7400,3.7400,166532.7000,62440.1000,3.4000,5.5400,0.7676,0.7676,0.9500,5.0267,4.9197,0.5862,2.1491,2.1265,217205.1952,216947.4444,216947.4444,812347.4300,811383.4421,4.8127,4.8128,5.2941
2023-06-19,3.7500,3.7500,3.7100,3.7200,152153.7500,56727.7320,3.3800,5.5100,0.7013,0.7013,0.8300,4.9998,4.8934,0.5831,2.1376,2.1152,217205.1952,216947.4444,216947.4444,808003.3261,807044.4932,4.8386,4.8387,5.3254
2023-06-20,3.7100,3.7300,3.7000,3.7100,123377.5100,45837.4660,3.3700,5.4900,0.5687,0.5687,0.6900,4.9864,4.8802,0.5815,2.1319,2.1095,217205.1952,216947.4444,216947.4444,805831.2742,804875.0187,4.8517,4.8518,5.3412
2023-06-21,3.7100,3.7300,3.7000,3.7000,138543.8000,51418.1640,3.3600,5.4800,0.6386,0.6386,0.7800,4.9730,4.8671,0.5800,2.1261,2.1038,217205.1952,216947.4444,216947.4444,803659.2222,802705.5443,4.8648,4.8649,5.3571
2023-06-26,3.7000,3.7100,3.6000,3.6200,243573.1400,88803.0290,3.2900,5.3600,1.1227,1.1227,1.4600,4.8654,4.7618,0.5674,2.0802,2.0583,217205.1952,216947.4444,216947.4444,786282.8066,785349.7487,4.9723,4.9724,5.4711
2023-06-27,3.6200,3.6900,3.6100,3.6700,139577.1600,50994.5050,3.3300,5.4300,0.6434,0.6434,0.8500,4.9326,4.8276,0.5753,2.1089,2.0867,217205.1952,216947.4444,216947.4444,797143.0664,796197.1209,4.9045,4.9046,5.4054
2023-06-28,3.6700,3.6800,3.6400,3.6700,127840.2100,46801.1810,3.3300,5.4300,0.5893,0.5893,0.8000,4.9326,4.8276,0.5753,2.1089,2.0867,217205.1952,216947.4444,216947.4444,797143.0664,796197.1209,4.9045,4.9046,5.4054
2023-06-29,3.6700,3.6700,3.6400,3.6500,103712.8000,37853.0800,3.3200,5.4000,0.4781,0.4781,0.6700,4.9058,4.8013,0.5721,2.0974,2.0754,217205.1952,216947.4444,216947.4444,792798.9625,791858.1721,4.9314,4.9315,5.4217
2023-06-30,3.6500,3.7000,3.6500,3.6900,126717.4000,46677.1960,3.3500,5.4600,0.5841,0.5841,0.8400,4.9595,4.8539,0.5784,2.1204,2.0981,217205.1952,216947.4444,216947.4444,801487.1703,800536.0698,4.8780,4.8780,5.3731
2023-07-03,3.7000,3.7500,3.6900,3.7400,148150.4000,55173.0040,3.4000,5.5400,0.6829,0.6829,1.0000,5.0267,4.9197,0.5862,2.1491,2.1265,217205.1952,216947.4444,216947.4444,812347.4300,811383.4421,4.8127,4.8128,5.2941
2023-07-04,3.7300,3.7400,3.7000,3.7100,93445.1600,34709.5800,3.3700,5.4900,0.4308,0.4307,0.7200,4.9864,4.8802,0.5815,2.1319,2.1095,217205.2457,216915.5324,216947.4444,805831.4615,804756.6252,4.8517,4.8518,5.3412
2023-07-05,3.7200,3.7200,3.6900,3.7100,104978.6000,38889.7230,3.3700,5.4900,0.4840,0.4840,0.8800,4.9864,4.8802,0.5815,2.1319,2.1095,217205.2457,216915.5324,216915.5324,805831.4615,804756.6252,4.8517,4.8518,5.3412
2023-07-06,3.7000,3.7100,3.6600,3.6800,116404.3500,42852.7600,3.3400,5.4500,0.5366,0.5366,1.0100,4.9461,4.8408,0.5768,2.1146,2.0924,217205.2457,216915.5324,216915.5324,799315.3042,798249.1592,4.8912,4.8913,5.3892
2023-07-07,3.6700,3.7000,3.6600,3.7000,98138.8600,36169.0390,3.3600,5.4800,0.4524,0.4524,0.8300,4.9730,4.8671,0.5800,2.1261,2.1038,217205.2457,216915.5324,216915.5324,803659.4091,802587.4699,4.8648,4.8649,5.3571
2023-07-10,3.7000,3.7100,3.6800,3.7000,65972.7500,24388.9620,3.3600,5.4800,0.3041,0.3041,0.5900,4.9730,4.8671,0.5800,2.1261,2.1038,217205.2457,216915.5324,216915.5324,803659.4091,802587.4699,4.8648,4.8649,5.3571
2023-07-11,3.7000,3.7200,3.6900,3.7200,72139.9200,26725.9010,3.3800,5.5100,0.3326,0.3326,0.7500,4.9998,4.8934,0.5831,2.1376,2.1152,217205.2457,216915.5324,216915.5324,808003.5140,806925.7805,4.8386,4.8387,5.3254
2023-07-12,3.7200,3.7300,3.7000,3.7000,69373.4400,25759.0060,3.3600,5.4800,0.3198,0.3198,0.7600,4.9730,4.8671,0.5800,2.1261,2.1038,217205.2457,216915.5324,216915.5324,803659.4091,802587.4699,4.8648,4.8649,5.3571
2023-07-13,3.7100,3.7400,3.7000,3.7400,91554.0700,34113.8450,3.4000,5.5400,0.4221,0.4221,1.0800,5.0267,4.9197,0.5862,2.1491,2.1265,217205.2457,216915.5324,216915.5324,812347.6189,811264.0912,4.8127,4.8128,5.2941
2023-07-14,3.7400,3.7400,3.7200,3.7200,59905.2600,22330.1230,3.3800,5.5100,0.2762,0.2762,0.7500,4.9998,4.8934,0.5831,2.1376,2.1152,217205.2457,216915.5324,216915.5324,808003.5140,806925.7805,4.8386,4.8387,5.3254
2023-07-17,3.7100,3.7200,3.6800,3.7000,85833.6100,31717.6920,3.3600,5.4800,0.3957,0.3957,1.2000,4.9730,4.8671,0.5800,2.1261,2.1038,217205.2457,216915.5324,216915.5324,803659.4091,802587.4699,4.8648,4.8649,5.3571
2023-07-18,3.7000,3.7300,3.6900,3.7300,107127.4500,39805.6320,3.3900,5.5200,0.4939,0.4939,1.4100,5.0133,4.9065,0.5847,2.1434,2.1208,217205.2457,216915.5324,216915.5324,810175.5665,809094.9359,4.8256,4.8257,5.3097
2023-07-19,3.7200,3.7400,3.7100,3.7300,61988.1500,23091.0240,3.3900,5.5200,0.2858,0.2858,0.7500,5.0133,4.9065,0.5847,2.1434,2.1208,217205.2457,216915.5324,216915.5324,810175.5665,809094.9359,4.8256,4.8257,5.3097
2023-07-20,3.7300,3.7500,3.7200,3.7200,112402.6000,41959.8780,3.3800,5.5100,0.5182,0.5182,1.3800,4.9998,4.8934,0.5831,2.1376,2.1152,217205.2457,216915.5324,216915.5324,808003.5140,806925.7805,4.8386,4.8387,5.3254
2023-07-21,3.7300,3.7500,3.7200,3.7500,108643.2000,40578.6220,3.4100,5.5500,0.5009,0.5009,1.2700,5.0402,4.9328,0.5878,2.1549,2.1322,217205.2457,216915.5324,216915.5324,814519.6714,813433.2465,4.7999,4.8000,5.2786
2023-07-24,3.7400,3.7500,3.7200,3.7300,71747.1900,26794.4970,3.3900,5.5200,0.3308,0.3308,0.7500,5.0133,4.9065,0.5847,2.1434,2.1208,217205.2457,216915.5324,216915.5324,810175.5665,809094.9359,4.8256,4.8257,5.3097
2023-07-25,3.7500,3.8000,3.7400,3.7900,194513.8000,73457.1570,3.4400,5.6100,0.8967,0.8967,2.1100,5.0939,4.9855,0.5941,2.1779,2.1550,217205.2457,216915.5324,216915.5324,823207.8812,822109.8678,4.7493,4.7493,5.2326
2023-07-26,3.7800,3.8000,3.7700,3.7800,106658.2600,40344.0840,3.4300,5.5900,0.4917,0.4917,0.9700,5.0805,4.9723,0.5925,2.1721,2.1493,217205.2457,216915.5324,216915.5324,821035.8287,819940.7125,4.7618,4.7619,5.2478
2023-07-27,3.7800,3.8400,3.7800,3.8000,151800.0700,57892.5950,3.4500,5.6200,0.6998,0.6998,1.2800,5.1074,4.9986,0.5956,2.1836,2.1606,217205.2457,216915.5324,216915.5324,825379.9337,824279.0231,4.7368,4.7368,5.2174
2023-07-28,3.8000,3.9300,3.7900,3.9100,485552.8900,188576.3570,3.5500,5.7900,2.2384,2.2384,3.8300,5.2552,5.1433,0.6129,2.2468,2.2232,217205.2457,216915.5324,216915.5324,849272.5107,848139.7317,4.6035,4.6036,5.0704
2023-07-31,3.9200,4.0100,3.9100,3.9900,569307.0000,226313.5380,3.6300,5.9100,2.6246,2.6246,2.8200,5.3627,5.2485,0.6254,2.2928,2.2687,217205.2457,216915.5324,216915.5324,866648.9303,865492.9743,4.5112,4.5113,4.9587
2023-08-01,3.9700,4.0000,3.9600,3.9900,411715.2800,163947.9390,3.6300,5.9100,1.8980,1.8980,1.3700,5.3627,5.2485,0.6254,2.2928,2.2687,217205.2457,216915.5324,216915.5324,866648.9303,865492.9743,4.5112,4.5113,4.9587
2023-08-02,3.9700,4.0300,3.9400,3.9700,288968.4000,114816.8700,3.6100,5.8800,1.3322,1.3322,0.8400,5.3359,5.2222,0.6223,2.2813,2.2573,217205.2457,216915.5324,216915.5324,862304.8254,861154.6636,4.5339,4.5340,4.9861
2023-08-03,3.9600,4.0300,3.9500,4.0100,313508.7400,125195.8310,3.6400,5.9300,1.4453,1.4453,0.8200,5.3896,5.2748,0.6285,2.3043,2.2801,217205.2457,216915.5324,216915.5324,870993.0353,869831.2849,4.4887,4.4888,4.9451
2023-08-04,4.0300,4.1100,4.0100,4.0500,532698.1800,216046.6970,3.6800,5.9900,2.4558,2.4558,1.2900,5.4434,5.3275,0.6348,2.3273,2.3028,217205.2457,216915.5324,216915.5324,879681.2451,878507.9062,4.4444,4.4444,4.8913
2023-08-07,4.0300,4.0400,3.9800,4.0000,273697.9100,109576.6540,3.6300,5.9200,1.2618,1.2618,0.6500,5.3762,5.2617,0.6270,2.2985,2.2744,217205.2457,216915.5324,216915.5324,868820.9828,867662.1296,4.4999,4.5000,4.9587
2023-08-08,4.0000,4.0200,3.9800,4.0000,174729.1600,69846.4990,3.6300,5.9200,0.8055,0.8055,0.4800,5.3762,5.2617,0.6270,2.2985,2.2744,217205.2457,216915.5324,216915.5324,868820.9828,867662.1296,4.4999,4.5000,4.9587
2023-08-09,3.9800,4.0200,3.9700,3.9900,162392.8800,64912.2070,3.6300,5.9100,0.7486,0.7486,0.5100,5.3627,5.2485,0.6254,2.2928,2.2687,217205.2457,216915.5324,216915.5324,866648.9303,865492.9743,4.5112,4.5113,4.9587
2023-08-10,3.9800,4.0200,3.9700,4.0100,191564.4000,76592.2180,3.6400,5.9300,0.8831,0.8831,0.6600,5.3896,5.2748,0.6285,2.3043,2.2801,217205.2457,216915.5324,216915.5324,870993.0353,869831.2849,4.4887,4.4888,4.9451
2023-08-11,4.0000,4.0200,3.9200,3.9400,237410.6000,93959.4790,3.5800,5.8300,1.0945,1.0945,0.8900,5.2955,5.1828,0.6176,2.2640,2.2403,217205.2457,216915.5324,216915.5324,855788.6681,854647.1977,4.5684,4.5685,5.0279
2023-08-14,3.9300,3.9400,3.8600,3.9000,202522.7400,78901.6380,3.5400,5.7700,0.9336,0.9336,0.9700,5.2418,5.1302,0.6113,2.2411,2.2175,217205.2457,216915.5324,216915.5324,847100.4582,845970.5764,4.6153,4.6154,5.0847
2023-08-15,3.9000,3.9400,3.8600,3.9200,191209.4300,74570.2620,3.5600,5.8000,0.8815,0.8815,0.9900,5.2687,5.1565,0.6144,2.2526,2.2289,217205.2457,216915.5324,216915.5324,851444.5631,850308.8870,4.5918,4.5918,5.0562
2023-08-16,3.9100,3.9500,3.8700,3.9100,178842.0000,69935.3820,3.5500,5.7900,0.8245,0.8245,0.9100,5.2552,5.1433,0.6129,2.2468,2.2232,217205.2457,216915.5324,216915.5324,849272.5107,848139.7317,4.6035,4.6036,5.0704
2023-08-17,3.9200,3.9300,3.8600,3.8800,209534.2700,81376.7820,3.5300,5.7400,0.9660,0.9660,1.0500,5.2149,5.1038,0.6082,2.2296,2.2061,217205.2457,216915.5324,216915.5324,842756.3533,841632.2657,4.6391,4.6392,5.0992
2023-08-18,3.8800,3.9500,3.8800,3.9200,286737.6000,112717.9800,3.5600,5.8000,1.3219,1.3219,1.4100,5.2687,5.1565,0.6144,2.2526,2.2289,217205.2457,216915.5324,216915.5324,851444.5631,850308.8870,4.5918,4.5918,5.0562
2023-08-21,3.9300,3.9300,3.8600,3.8600,187818.8000,73137.5020,3.5100,5.7100,0.8659,0.8659,0.8800,5.1880,5.0775,0.6050,2.2181,2.1948,217205.2457,216915.5324,216915.5324,838412.2484,837293.9551,4.6631,4.6632,5.1282
2023-08-22,3.8700,3.9000,3.8500,3.8900,195996.4800,75990.6130,3.5300,5.7600,0.9036,0.9036,0.9300,5.2283,5.1170,0.6097,2.2353,2.2118,217205.2457,216915.5324,216915.5324,844928.4058,843801.4210,4.6272,4.6272,5.0992
2023-08-23,3.8900,3.9500,3.8800,3.8900,213784.6000,83652.3230,3.5300,5.7600,0.9856,0.9856,1.0100,5.2283,5.1170,0.6097,2.2353,2.2118,217205.2457,216915.5324,216915.5324,844928.4058,843801.4210,4.6272,4.6272,5.0992
2023-08-24,3.8900,3.9100,3.8300,3.8300,180636.2000,69683.2140,3.4800,5.6700,0.8327,0.8327,0.8300,5.1477,5.0381,0.6003,2.2008,2.1777,217205.2457,216915.5324,216915.5324,831896.0910,830786.4891,4.6997,4.6997,5.1724
2023-08-25,3.8300,3.9100,3.8200,3.8600,224529.0000,86928.6070,3.5100,5.7100,1.0351,1.0351,1.0500,5.1880,5.0775,0.6050,2.2181,2.1948,217205.2457,216915.5324,216915.5324,838412.2484,837293.9551,4.6631,4.6632,5.1282
2023-08-28,4.0400,4.1000,3.9200,3.9500,504086.8200,200831.5430,3.5900,5.8500,2.3239,2.3239,2.5100,5.3090,5.1959,0.6191,2.2698,2.2459,217205.2457,216915.5324,216915.5324,857960.7205,856816.3530,4.5569,4.5570,5.0139
2023-08-29,3.9300,3.9500,3.7800,3.8300,684472.8900,262530.8240,3.4800,5.6700,3.1555,3.1555,2.5900,5.1477,4.8997,0.5838,2.2008,2.1861,217205.2457,216915.5324,216915.5324,831896.0910,830786.4891,4.6997,4.6997,5.1724
2023-08-30,3.8100,3.8200,3.7300,3.7300,431901.0000,162724.2400,3.3900,5.5200,1.9911,1.9911,1.1900,5.0133,4.7718,0.5685,2.1434,2.1291,217205.2457,216915.5324,216915.5324,810175.5665,809094.9359,4.8256,4.8257,5.3097
2023-08-31,3.7300,3.7600,3.7000,3.7100,283048.4900,105274.2140,3.3700,5.4900,1.3049,1.3049,0.7000,4.9864,4.7462,0.5655,2.1319,2.1177,217205.2457,216915.5324,216915.5324,805831.4615,804756.6252,4.8517,4.8518,5.3412
2023-09-01,3.7200,3.7600,3.7100,3.7300,233375.6900,87156.4840,3.3900,5.5200,1.0759,1.0759,0.5500,5.0133,4.7718,0.5685,2.1434,2.1291,217205.2457,216915.5324,216915.5324,810175.5665,809094.9359,4.8256,4.8257,5.3097
2023-09-04,3.7400,3.8500,3.7300,3.8200,449685.2200,171101.5440,3.4700,5.6500,2.0731,2.0731,1.0500,5.1342,4.8869,0.5823,2.1951,2.1804,217205.2457,216915.5324,216915.5324,829724.0386,828617.3338,4.7120,4.7120,5.1873
2023-09-05,3.8200,3.8200,3.7600,3.7700,258718.1500,97663.5640,3.4300,5.5800,1.1927,1.1927,0.6200,5.0670,4.8229,0.5746,2.1664,2.1519,217205.2457,216915.5324,216915.5324,818863.7763,817771.5571,4.7744,4.7745,5.2478
2023-09-06,3.7600,3.7800,3.7500,3.7600,127355.2000,47959.1950,3.4200,5.5600,0.5871,0.5871,0.3800,5.0536,4.8101,0.5731,2.1606,2.1462,217205.2457,216915.5324,216915.5324,816691.7238,815602.4018,4.7871,4.7872,5.2632
2023-09-07,3.7700,3.7900,3.7500,3.7600,169642.4000,63980.9150,3.4200,5.5600,0.7821,0.7821,0.6300,5.0536,4.8101,0.5731,2.1606,2.1462,217205.2457,216915.5324,216915.5324,816691.7238,815602.4018,4.7871,4.7872,5.2632
2023-09-08,3.7500,3.7900,3.7500,3.7700,150667.4000,56709.5980,3.4300,5.5800,0.6946,0.6946,0.6100,5.0670,4.8229,0.5746,2.1664,2.1519,217205.2457,216915.5324,216915.5324,818863.7763,817771.5571,4.7744,4.7745,5.2478
2023-09-11,3.7700,3.8200,3.7700,3.8000,214170.3000,81364.1790,3.4500,5.6200,0.9873,0.9873,0.9300,5.1074,4.8613,0.5792,2.1836,2.1690,217205.2457,216915.5324,216915.5324,825379.9337,824279.0231,4.7368,4.7368,5.2174
2023-09-12,3.8000,3.8100,3.7700,3.7800,121737.8000,46103.9800,3.4300,5.5900,0.5612,0.5612,0.6600,5.0805,4.8357,0.5762,2.1721,2.1576,217205.2457,216915.5324,216915.5324,821035.8287,819940.7125,4.7618,4.7619,5.2478
2023-09-13,3.7800,3.8000,3.7500,3.7700,158108.1200,59603.2980,3.4300,5.5800,0.7289,0.7289,1.0100,5.0670,4.8229,0.5746,2.1664,2.1519,217205.2457,216915.5324,216915.5324,818863.7763,817771.5571,4.7744,4.7745,5.2478
2023-09-14,3.7600,3.8000,3.7500,3.7900,186187.9500,70427.5100,3.4400,5.6100,0.8583,0.8583,1.1400,5.0939,4.8485,0.5777,2.1779,2.1633,217205.2457,216915.5324,216915.5324,823207.8812,822109.8678,4.7493,4.7493,5.2326
2023-09-15,3.8100,3.8400,3.7800,3.8000,243357.6000,92739.5840,3.4500,5.6200,1.1219,1.1219,1.4600,5.1074,4.8613,0.5792,2.1836,2.1690,217205.2457,216915.5324,216915.5324,825379.9337,824279.0231,4.7368,4.7368,5.2174
2023-09-18,3.8200,3.8300,3.7600,3.8100,162889.1000,61665.1840,3.4600,5.6400,0.7509,0.7509,0.8800,5.1208,4.8741,0.5807,2.1893,2.1747,217205.2457,216915.5324,216915.5324,827551.9861,826448.1784,4.7243,4.7244,5.2023
2023-09-19,3.7900,3.8300,3.7900,3.8200,189476.3800,72344.8470,3.4700,5.6500,0.8735,0.8735,1.0900,5.1342,4.8869,0.5823,2.1951,2.1804,217205.2457,216915.5324,216915.5324,829724.0386,828617.3338,4.7120,4.7120,5.1873
2023-09-20,3.8300,3.8500,3.8000,3.8300,198168.3100,75968.5360,3.4800,5.6700,0.9136,0.9136,1.0500,5.1477,4.8997,0.5838,2.2008,2.1861,217205.2457,216915.5324,216915.5324,831896.0910,830786.4891,4.6997,4.6997,5.1724
2023-09-21,3.8400,3.8500,3.8000,3.8300,162849.6000,62281.8410,3.4800,5.6700,0.7508,0.7508,0.8300,5.1477,4.8997,0.5838,2.2008,2.1861,217205.2457,216915.5324,216915.5324,831896.0910,830786.4891,4.6997,4.6997,5.1724
2023-09-22,3.8200,3.8500,3.8100,3.8400,227186.6500,87081.3700,3.4900,5.6800,1.0474,1.0474,1.1900,5.1611,4.9125,0.5853,2.2066,2.1919,217205.2457,216915.5324,216915.5324,834068.1435,832955.6444,4.6874,4.6875,5.1576
2023-09-25,3.8300,3.8700,3.8200,3.8400,173597.7300,66752.7240,3.4900,5.6800,0.8003,0.8003,0.9200,5.1611,4.9125,0.5853,2.2066,2.1919,217205.2457,216915.5324,216915.5324,834068.1435,832955.6444,4.6874,4.6875,5.1576
2023-09-26,3.8400,3.8600,3.8300,3.8400,176495.1300,67876.1970,3.4900,5.6800,0.8137,0.8137,0.9300,5.1611,4.9125,0.5853,2.2066,2.1919,217205.2457,216915.5324,216915.5324,834068.1435,832955.6444,4.6874,4.6875,5.1576
2023-09-27,3.8500,3.8500,3.8100,3.8200,167991.9600,64311.1790,3.4700,5.6500,0.7745,0.7745,0.9000,5.1342,4.8869,0.5823,2.1951,2.1804,217205.2457,216915.5324,216915.5324,829724.0386,828617.3338,4.7120,4.7120,5.1873
2023-09-28,3.8300,3.8400,3.8100,3.8200,145195.8000,55518.8340,3.4700,5.6500,0.6694,0.6694,0.8000,5.1342,4.8869,0.5823,2.1951,2.1804,217205.2457,216915.5324,216915.5324,829724.0386,828617.3338,4.7120,4.7120,5.1873
2023-10-09,3.8200,3.8200,3.7500,3.7700,196241.0000,74007.8320,3.4300,5.5800,0.9047,0.9047,1.1000,5.0670,4.8229,0.5746,2.1664,2.1519,217205.2457,216915.5324,216915.5324,818863.7763,817771.5571,4.7744,4.7745,5.2478
2023-10-10,3.7800,3.8100,3.7600,3.7600,151537.2000,57258.2460,3.4200,5.5600,0.6986,0.6986,0.8800,5.0536,4.8101,0.5731,2.1606,2.1462,217205.2457,216915.5324,216915.5324,816691.7238,815602.4018,4.7871,4.7872,5.2632
2023-10-11,3.7700,3.7800,3.7000,3.7000,217247.0000,81114.4520,3.3600,5.4800,1.0015,1.0015,1.3000,4.9730,4.7334,0.5640,2.1261,2.1119,217205.2457,216915.5324,216915.5324,803659.4091,802587.4699,4.8648,4.8649,5.3571
2023-10-12,3.7400,3.7700,3.7300,3.7400,189179.2000,70938.2050,3.4000,5.5400,0.8721,0.8721,1.0800,5.0267,4.7845,0.5701,2.1491,2.1348,217205.2457,216915.5324,216915.5324,812347.6189,811264.0912,4.8127,4.8128,5.2941
2023-10-13,3.7300,3.7600,3.7000,3.7200,153882.1400,57450.3040,3.3800,5.5100,0.7094,0.7094,0.8600,4.9998,4.7590,0.5670,2.1376,2.1234,217205.2457,216915.5324,216915.5324,808003.5140,806925.7805,4.8386,4.8387,5.3254
2023-10-16,3.7300,3.7500,3.7000,3.7500,176828.2000,65872.1890,3.4100,5.5500,0.8152,0.8152,0.9700,5.0402,4.7973,0.5716,2.1549,2.1405,217205.2457,216915.5324,216915.5324,814519.6714,813433.2465,4.7999,4.8000,5.2786
2023-10-17,3.7400,3.7800,3.7300,3.7700,173072.3000,65104.0250,3.4300,5.5800,0.7979,0.7979,0.9700,5.0670,4.8229,0.5746,2.1664,2.1519,217205.2457,216915.5324,216915.5324,818863.7763,817771.5571,4.7744,4.7745,5.2478
2023-10-18,3.7600,3.7800,3.7200,3.7500,157081.4000,58870.4480,3.4100,5.5500,0.7242,0.7242,0.8600,5.0402,4.7973,0.5716,2.1549,2.1405,217205.2457,216915.5324,216915.5324,814519.6714,813433.2465,4.7999,4.8000,5.2786
2023-10-19,3.7300,3.7400,3.6300,3.6300,387218.0700,141779.0290,3.3000,5.3700,1.7851,1.7851,2.2800,4.8789,4.6438,0.5533,2.0859,2.0720,217205.2457,216915.5324,216915.5324,788455.0419,787403.3826,4.9586,4.9587,5.4545
2023-10-20,3.6200,3.6700,3.6000,3.6400,168237.0000,61245.6270,3.3100,5.3900,0.7756,0.7756,0.8000,4.8923,4.6566,0.5548,2.0917,2.0777,217205.2457,216915.5324,216915.5324,790627.0943,789572.5379,4.9450,4.9451,5.4381
2023-10-23,3.6200,3.6400,3.5500,3.5700,199445.4600,71713.1600,3.2400,5.2800,0.9195,0.9195,0.9400,4.7982,4.5671,0.5442,2.0514,2.0377,217205.2457,216915.5324,216915.5324,775422.7271,774388.4507,5.0419,5.0420,5.5556
2023-10-24,3.5700,3.6000,3.5500,3.5900,218031.8700,77986.7100,3.2600,5.3100,1.0051,1.0051,1.0000,4.8251,4.5927,0.5472,2.0629,2.0492,217205.2457,216915.5324,216915.5324,779766.8321,778726.7613,5.0138,5.0139,5.5215
2023-10-25,3.6000,3.6300,3.5900,3.6100,173574.9000,62629.2990,3.2800,5.3400,0.8002,0.8002,0.7700,4.8520,4.6182,0.5503,2.0744,2.0606,217205.2457,216915.5324,216915.5324,784110.9370,783065.0720,4.9861,4.9861,5.4878
2023-10-26,3.6000,3.6400,3.5800,3.6300,142675.6000,51573.6330,3.3000,5.3700,0.6577,0.6577,0.6200,4.8789,4.6438,0.5533,2.0859,2.0720,217205.2457,216915.5324,216915.5324,788455.0419,787403.3826,4.9586,4.9587,5.4545
2023-10-27,3.6200,3.6500,3.6100,3.6400,131742.0900,47857.3110,3.3100,5.3900,0.6073,0.6073,0.7300,4.8923,4.6566,0.5548,2.0917,2.0777,217205.2457,216915.5324,216915.5324,790627.0943,789572.5379,4.9450,4.9451,5.4381
2023-10-30,3.6200,3.6400,3.5900,3.6200,220114.1200,79451.3140,3.2900,5.3600,1.0147,1.0147,1.2700,4.8654,4.6310,0.5518,2.0802,2.0663,217205.2457,216915.5324,216915.5324,786282.9894,785234.2273,4.9723,4.9724,5.4711
2023-10-31,3.6300,3.6700,3.6200,3.6700,282586.1700,102934.3490,3.3300,5.4300,1.3027,1.3027,1.5900,4.9326,4.5421,0.5457,2.1089,2.1017,217205.2709,216915.5576,216915.5324,797143.3442,796080.0964,4.9045,4.9046,5.4054
2023-11-01,3.6700,3.6800,3.6300,3.6500,210720.7400,77002.2570,3.3200,5.4000,0.9714,0.9714,1.1100,4.9058,4.5174,0.5428,2.0974,2.0902,217205.2709,216915.5576,216915.5324,792799.2388,791741.7852,4.9314,4.9315,5.4217
2023-11-02,3.6500,3.6700,3.6400,3.6500,151201.5100,55326.4550,3.3200,5.4000,0.6971,0.6971,0.7700,4.9058,4.5174,0.5428,2.0974,2.0902,217205.2709,216915.5576,216915.5576,792799.2388,791741.7852,4.9314,4.9315,5.4217
2023-11-03,3.6600,3.6600,3.6400,3.6400,143609.4800,52393.8520,3.3100,5.3900,0.6621,0.6621,0.7200,4.8923,4.5050,0.5413,2.0917,2.0845,217205.2709,216915.5576,216915.5576,790627.1861,789572.6297,4.9450,4.9451,5.4381
2023-11-06,3.6500,3.6800,3.6400,3.6700,185481.1400,67909.0690,3.3300,5.4300,0.8551,0.8551,0.9200,4.9326,4.5421,0.5457,2.1089,2.1017,217205.2709,216915.5576,216915.5576,797143.3442,796080.0964,4.9045,4.9046,5.4054
2023-11-07,3.6700,3.6800,3.6500,3.6600,138409.2000,50669.1810,3.3300,5.4200,0.6381,0.6381,0.7100,4.9192,4.5298,0.5442,2.1032,2.0960,217205.2709,216915.5576,216915.5576,794971.2915,793910.9408,4.9179,4.9180,5.4054
2023-11-08,3.6600,3.6700,3.6300,3.6500,153630.8000,56066.3460,3.3200,5.4000,0.7083,0.7083,0.9300,4.9058,4.5174,0.5428,2.0974,2.0902,217205.2709,216915.5576,216915.5576,792799.2388,791741.7852,4.9314,4.9315,5.4217
2023-11-09,3.6400,3.6600,3.6400,3.6400,106726.5600,38919.5080,3.3100,5.3900,0.4920,0.4920,0.6900,4.8923,4.5050,0.5413,2.0917,2.0845,217205.2709,216915.5576,216915.5576,790627.1861,789572.6297,4.9450,4.9451,5.4381
2023-11-10,3.6500,3.6600,3.6100,3.6100,134360.3000,48670.3260,3.2800,5.3400,0.6194,0.6194,0.9200,4.8520,4.4679,0.5368,2.0744,2.0673,217205.2709,216915.5576,216915.5576,784111.0279,783065.1629,4.9861,4.9861,5.4878
2023-11-13,3.6100,3.6300,3.6000,3.6200,104569.2500,37790.4800,3.2900,5.3600,0.4821,0.4821,0.7300,4.8654,4.4803,0.5383,2.0802,2.0731,217205.2709,216915.5576,216915.5576,786283.0807,785234.3185,4.9723,4.9724,5.4711
2023-11-14,3.6200,3.6400,3.6200,3.6300,119942.3800,43529.8400,3.3000,5.3700,0.5529,0.5529,0.9400,4.8789,4.4926,0.5398,2.0859,2.0788,217205.2709,216915.5576,216915.5576,788455.1334,787403.4741,4.9586,4.9587,5.4545
2023-11-15,3.6400,3.6600,3.6400,3.6400,104906.0000,38254.3070,3.3100,5.3900,0.4836,0.4836,0.8500,4.8923,4.5050,0.5413,2.0917,2.0845,217205.2709,216915.5576,216915.5576,790627.1861,789572.6297,4.9450,4.9451,5.4381
2023-11-16,3.6400,3.6500,3.6300,3.6300,90118.1000,32781.9430,3.3000,5.3700,0.4155,0.4155,0.7900,4.8789,4.4926,0.5398,2.0859,2.0788,217205.2709,216915.5576,216915.5576,788455.1334,787403.4741,4.9586,4.9587,5.4545
2023-11-17,3.6300,3.6400,3.6000,3.6100,117792.3500,42554.7220,3.2800,5.3400,0.5430,0.5430,1.0600,4.8520,4.4679,0.5368,2.0744,2.0673,217205.2709,216915.5576,216915.5576,784111.0279,783065.1629,4.9861,4.9861,5.4878
2023-11-20,3.6200,3.6300,3.5900,3.6200,120864.2000,43672.3160,3.2900,5.3600,0.5572,0.5572,1.1200,4.8654,4.4803,0.5383,2.0802,2.0731,217205.2709,216915.5576,216915.5576,786283.0807,785234.3185,4.9723,4.9724,5.4711
2023-11-21,3.6300,3.6500,3.6200,3.6300,224230.1000,81572.5710,3.3000,5.3700,1.0337,1.0337,2.0300,4.8789,4.4926,0.5398,2.0859,2.0788,217205.2709,216915.5576,216915.5576,788455.1334,787403.4741,4.9586,4.9587,5.4545
2023-11-22,3.6300,3.6400,3.6100,3.6100,99819.2000,36176.3770,3.2800,5.3400,0.4602,0.4602,0.7600,4.8520,4.4679,0.5368,2.0744,2.0673,217205.2709,216915.5576,216915.5576,784111.0279,783065.1629,4.9861,4.9861,5.4878
2023-11-23,3.6100,3.6300,3.6000,3.6300,107685.4600,38954.8530,3.3000,5.3700,0.4964,0.4964,0.8200,4.8789,4.4926,0.5398,2.0859,2.0788,217205.2709,216915.5576,216915.5576,788455.1334,787403.4741,4.9586,4.9587,5.4545
2023-11-24,3.6300,3.6500,3.6200,3.6400,179163.7300,65165.8570,3.3100,5.3900,0.8260,0.8260,1.3400,4.8923,4.5050,0.5413,2.0917,2.0845,217205.2709,216915.5576,216915.5576,790627.1861,789572.6297,4.9450,4.9451,5.4381
2023-11-27,3.6500,3.6500,3.6000,3.6100,145164.6400,52488.5950,3.2800,5.3400,0.6692,0.6692,0.9900,4.8520,4.4679,0.5368,2.0744,2.0673,217205.2709,216915.5576,216915.5576,784111.0279,783065.1629,4.9861,4.9861,5.4878
2023-11-28,3.6100,3.6300,3.6000,3.6100,86413.2600,31231.5110,3.2800,5.3400,0.3984,0.3984,0.5700,4.8520,4.4679,0.5368,2.0744,2.0673,217205.2709,216915.5576,216915.5576,784111.0279,783065.1629,4.9861,4.9861,5.4878
2023-11-29,3.6100,3.6200,3.5700,3.5800,167314.2900,60082.5280,3.2500,5.3000,0.7713,0.7713,1.3500,4.8117,4.4308,0.5323,2.0572,2.0502,217205.2709,216915.5576,216915.5576,777594.8698,776557.6962,5.0278,5.0279,5.5385
2023-11-30,3.5800,3.5900,3.5600,3.5700,108028.4000,38604.8260,3.2400,5.2800,0.4980,0.4980,0.7900,4.7982,4.4184,0.5309,2.0514,2.0444,217205.2709,216915.5576,216915.5576,775422.8171,774388.5406,5.0419,5.0420,5.5556
2023-12-01,3.5700,3.6000,3.5600,3.6000,137423.1800,49311.3140,3.2700,5.3300,0.6335,0.6335,1.0000,4.8386,4.4555,0.5353,2.0687,2.0616,217205.2709,216915.5576,216915.5576,781938.9752,780896.0074,4.9999,5.0000,5.5046
2023-12-04,3.6000,3.6100,3.5800,3.5900,103971.7900,37386.6380,3.2600,5.3100,0.4793,0.4793,0.8100,4.8251,4.4431,0.5338,2.0629,2.0559,217205.2709,216915.5576,216915.5576,779766.9225,778726.8518,5.0138,5.0139,5.5215
2023-12-05,3.5900,3.6000,3.5300,3.5400,156408.2000,55769.9410,3.2200,5.2400,0.7211,0.7211,1.3000,4.7579,4.3812,0.5264,2.0342,2.0272,217205.2709,216915.5576,216915.5576,768906.6590,767881.0739,5.0847,5.0847,5.5901
2023-12-06,3.5400,3.5600,3.5100,3.5400,128982.0800,45633.1240,3.2200,5.2400,0.5946,0.5946,0.9600,4.7579,4.3812,0.5264,2.0342,2.0272,217205.2709,216915.5576,216915.5576,768906.6590,767881.0739,5.0847,5.0847,5.5901
2023-12-07,3.5400,3.5700,3.5200,3.5600,127329.8600,45160.4490,3.2300,5.2700,0.5870,0.5870,1.0000,4.7848,4.4060,0.5294,2.0457,2.0387,217205.2709,216915.5576,216915.5576,773250.7644,772219.3851,5.0561,5.0562,5.5728
2023-12-08,3.5500,3.5800,3.5500,3.5600,164747.7000,58726.0560,3.2300,5.2700,0.7595,0.7595,1.2600,4.7848,4.4060,0.5294,2.0457,2.0387,217205.2709,216915.5576,216915.5576,773250.7644,772219.3851,5.0561,5.0562,5.5728
2023-12-11,3.5500,3.5900,3.5100,3.5900,210315.0900,74523.5960,3.2600,5.3100,0.9696,0.9696,1.5400,4.8251,4.4431,0.5338,2.0629,2.0559,217205.2709,216915.5576,216915.5576,779766.9225,778726.8518,5.0138,5.0139,5.5215
2023-12-12,3.5700,3.6100,3.5700,3.6100,114454.3400,41173.2880,3.2800,5.3400,0.5276,0.5276,0.7300,4.8520,4.4679,0.5368,2.0744,2.0673,217205.2709,216915.5576,216915.5576,784111.0279,783065.1629,4.9861,4.9861,5.4878
2023-12-13,3.6100,3.6200,3.5900,3.5900,186481.8000,67290.7520,3.2600,5.3100,0.8597,0.8597,1.2500,4.8251,4.4431,0.5338,2.0629,2.0559,217205.2709,216915.5576,216915.5576,779766.9225,778726.8518,5.0138,5.0139,5.5215
2023-12-14,3.6000,3.6100,3.5800,3.5900,85740.7300,30839.6500,3.2600,5.3100,0.3953,0.3953,0.5300,4.8251,4.4431,0.5338,2.0629,2.0559,217205.2709,216915.5576,216915.5576,779766.9225,778726.8518,5.0138,5.0139,5.5215
2023-12-15,3.6000,3.6100,3.5600,3.5700,122045.6200,43802.7870,3.2400,5.2800,0.5626,0.5626,0.8000,4.7982,4.4184,0.5309,2.0514,2.0444,217205.2709,216915.5576,216915.5576,775422.8171,774388.5406,5.0419,5.0420,5.5556
2023-12-18,3.5700,3.5900,3.5400,3.5600,103996.0900,37087.2160,3.2300,5.2700,0.4794,0.4794,0.7200,4.7848,4.4060,0.5294,2.0457,2.0387,217205.2709,216915.5576,216915.5576,773250.7644,772219.3851,5.0561,5.0562,5.5728
2023-12-19,3.5600,3.5600,3.5300,3.5400,99253.4000,35194.6510,3.2200,5.2400,0.4576,0.4576,0.8100,4.7579,4.3812,0.5264,2.0342,2.0272,217205.2709,216915.5576,216915.5576,768906.6590,767881.0739,5.0847,5.0847,5.5901
2023-12-20,3.5500,3.5600,3.5200,3.5200,123748.4400,43808.6540,3.2000,5.2100,0.5705,0.5705,1.0400,4.7310,4.3565,0.5234,2.0227,2.0158,217205.2709,216915.5576,216915.5576,764562.5536,763542.7628,5.1135,5.1136,5.6250
2023-12-21,3.5300,3.5300,3.4500,3.4900,217543.6000,75845.8720,3.1700,5.1700,1.0029,1.0029,2.0300,4.6907,4.3194,0.5190,2.0055,1.9986,217205.2709,216915.5576,216915.5576,758046.3954,757035.2960,5.1575,5.1576,5.6782
2023-12-22,3.4900,3.5000,3.4700,3.4800,128737.1000,44815.2770,3.1600,5.1500,0.5935,0.5935,0.9700,4.6773,4.3070,0.5175,1.9997,1.9929,217205.2709,216915.5576,216915.5576,755874.3427,754866.1404,5.1723,5.1724,5.6962
2023-12-25,3.4800,3.4800,3.4600,3.4700,81506.2000,28292.7970,3.1500,5.1400,0.3758,0.3758,0.6100,4.6638,4.2946,0.5160,1.9940,1.9872,217205.2709,216915.5576,216915.5576,753702.2900,752696.9849,5.1872,5.1873,5.7143
2023-12-26,3.4700,3.4800,3.4600,3.4700,79893.0000,27738.8430,3.1500,5.1400,0.3683,0.3683,0.6100,4.6638,4.2946,0.5160,1.9940,1.9872,217205.2709,216915.5576,216915.5576,753702.2900,752696.9849,5.1872,5.1873,5.7143
2023-12-27,3.4700,3.5000,3.4500,3.5000,111781.7300,38864.2440,3.1800,5.1800,0.5153,0.5153,0.8900,4.7042,4.3317,0.5204,2.0112,2.0043,217205.2709,216915.5576,216915.5576,760218.4482,759204.4516,5.1428,5.1429,5.6604
2023-12-28,3.4800,3.5500,3.4800,3.5500,147039.0000,51928.6190,3.2300,5.2500,0.6779,0.6779,1.1900,4.7714,4.3936,0.5279,2.0399,2.0330,217205.2709,216915.5576,216915.5576,771078.7117,770050.2295,5.0703,5.0704,5.5728
2023-12-29,3.5400,3.5600,3.5300,3.5500,93028.5200,33036.8980,3.2300,5.2500,0.4289,0.4289,0.8500,4.7714,4.3936,0.5279,2.0399,2.0330,217205.2709,216915.5576,216915.5576,771078.7117,770050.2295,5.0703,5.0704,5.5728
2024-01-02,3.5500,3.5900,3.5500,3.5700,131715.6900,47121.8160,3.2400,5.2800,0.6072,0.6072,1.2800,4.7982,4.4184,0.5309,2.0514,2.0444,217205.2709,216915.5576,216915.5576,775422.8171,774388.5406,5.0420,5.0420,5.8642
2024-01-03,3.5700,3.6100,3.5700,3.6000,136790.2000,49170.1380,3.2700,5.3300,0.6302,0.6302,1.2100,4.8386,4.4555,0.5353,2.0687,2.0616,217206.8933,217047.4450,217047.4450,781944.8159,781370.8020,5.0000,5.0000,5.8104
2024-01-04,3.6000,3.6100,3.5800,3.6000,172750.8000,62150.1090,3.2700,5.3300,0.7959,0.7959,1.3900,4.8386,4.4555,0.5353,2.0687,2.0616,217206.8933,217047.4450,217047.4450,781944.8159,781370.8020,5.0000,5.0000,5.8104
2024-01-05,3.6000,3.6800,3.5900,3.6400,417471.6000,152295.4660,3.3100,5.3900,1.9234,1.9234,3.0600,4.8924,4.5050,0.5413,2.0917,2.0845,217206.8933,217047.4450,217047.4450,790633.0916,790052.6998,4.9450,4.9450,5.7402
2024-01-08,3.6500,3.6900,3.6200,3.6300,317916.3700,116186.1150,3.3000,5.3700,1.4647,1.4647,1.6700,4.8789,4.4927,0.5398,2.0859,2.0788,217206.8933,217047.4450,217047.4450,788461.0227,787882.2254,4.9586,4.9586,5.7576
2024-01-09,3.6300,3.6600,3.5700,3.6500,218670.3300,79338.8060,3.3200,5.4000,1.0075,1.0075,0.9300,4.9058,4.5174,0.5428,2.0974,2.0903,217206.8933,217047.4450,217047.4450,792805.1605,792223.1743,4.9315,4.9315,5.7229
2024-01-10,3.6600,3.6800,3.6400,3.6500,148844.6000,54426.3300,3.3200,5.4000,0.6858,0.6858,0.5900,4.9058,4.5174,0.5428,2.0974,2.0903,217206.8933,217047.4450,217047.4450,792805.1605,792223.1743,4.9315,4.9315,5.7229
2024-01-11,3.6400,3.6800,3.6300,3.6500,190574.2000,69797.7890,3.3200,5.4000,0.8780,0.8780,0.7500,4.9058,4.5174,0.5428,2.0974,2.0903,217206.8933,217047.4450,217047.4450,792805.1605,792223.1743,4.9315,4.9315,5.7229
2024-01-12,3.6600,3.7700,3.6500,3.7100,276441.3300,102716.5810,3.3700,5.4900,1.2736,1.2736,1.0700,4.9864,4.5917,0.5517,2.1319,2.1246,217206.8933,217047.4450,217047.4450,805837.5741,805246.0210,4.8517,4.8517,5.6380
2024-01-15,3.7200,3.7500,3.7100,3.7300,202417.6000,75482.0970,3.3900,5.5200,0.9326,0.9326,0.8800,5.0133,4.6164,0.5546,2.1434,2.1361,217206.8933,217047.4450,217047.4450,810181.7120,809586.9699,4.8257,4.8257,5.6047
2024-01-16,3.7400,3.7900,3.7200,3.7800,350817.7600,132179.7530,3.4300,5.5900,1.5172,1.5172,1.6900,5.4123,4.9839,0.5766,2.3140,2.3061,231392.8320,231233.3837,231233.3837,874664.9050,874062.1904,4.4699,4.4699,5.5394
2024-01-17,3.7600,3.8000,3.7400,3.7500,318760.4000,120481.9870,3.4100,5.5500,1.3785,1.4686,1.3600,5.3694,4.9443,0.5720,2.2956,2.2878,231392.8320,231233.3837,217051.4343,867723.1200,867125.1889,4.5057,4.5057,5.5718
2024-01-18,3.7300,3.7500,3.6400,3.7300,362497.3500,133835.8610,3.3900,5.5200,1.5677,1.6701,1.3500,5.3407,4.9179,0.5690,2.2834,2.2756,231392.8320,231233.3837,217051.4343,863095.2634,862500.5212,4.5299,4.5299,5.6047
2024-01-19,3.7200,3.7200,3.6700,3.6900,167790.4000,61962.2560,3.3500,5.4600,0.7256,0.7730,0.5600,5.2835,4.8652,0.5629,2.2589,2.2512,231392.8320,231233.3837,217051.4343,853839.5501,853251.1859,4.5790,4.5790,5.6716
2024-01-22,3.7000,3.7000,3.5500,3.5800,319643.7200,115969.9230,3.2500,5.3000,1.3823,1.4727,1.1400,5.1260,4.7202,0.5461,2.1916,2.1841,231392.8320,231233.3837,217051.4343,828386.3386,827815.5136,4.7196,4.7196,5.8462
2024-01-23,3.5700,3.6500,3.4800,3.6100,314990.4700,112301.2940,3.2800,5.3400,1.3622,1.4512,1.0400,5.1689,4.7597,0.5507,2.2099,2.2024,231392.8320,231233.3837,217051.4343,835328.1235,834752.5152,4.6804,4.6804,5.7927
2024-01-24,3.5900,3.6700,3.5300,3.6600,302161.0500,109403.4520,3.3300,5.4200,1.3067,1.3921,1.0200,5.2405,4.8256,0.5583,2.2405,2.2329,231392.8320,231233.3837,217051.4343,846897.7651,846314.1843,4.6165,4.6165,5.7057
2024-01-25,3.6500,3.6800,3.6200,3.6700,358469.0700,131289.3770,3.3300,5.4300,1.5502,1.6515,1.2200,5.2548,4.8388,0.5598,2.2466,2.2390,231392.8320,231233.3837,217051.4343,849211.6934,848626.5182,4.6039,4.6039,5.7057
2024-01-26,3.6800,3.7800,3.6800,3.7400,330923.2300,123652.4590,3.4000,5.5400,1.4311,1.5246,1.1300,5.3551,4.9311,0.5705,2.2895,2.2817,231392.8320,231233.3837,217051.4343,865409.1917,864812.8550,4.5177,4.5177,5.5882
2024-01-29,3.7500,3.7900,3.7100,3.7300,329704.6000,123641.1320,3.3900,5.5200,1.4259,1.5190,1.0100,5.3407,4.9179,0.5690,2.2834,2.2756,231392.8320,231233.3837,217051.4343,863095.2634,862500.5212,4.5299,4.5299,5.6047
2024-01-30,3.7000,3.7500,3.6600,3.6700,263018.8000,97483.1850,3.3300,5.4300,1.0695,1.1349,0.8000,5.5897,5.1472,0.5734,2.3898,2.3817,246139.2789,245932.5877,231750.6383,903331.1536,902572.5969,4.3281,4.3281,5.7057
2024-01-31,3.6600,3.7200,3.6300,3.6500,335891.4200,123331.0130,3.3200,5.4000,1.3658,1.4494,1.0600,5.5593,5.1192,0.5703,2.3768,2.3687,246139.2789,245932.5877,231750.6383,898408.3680,897653.9451,4.3518,4.3518,5.7229
2024-02-01,3.6500,3.7200,3.6100,3.6300,306894.9300,112158.4660,3.3000,5.3700,1.2479,1.3242,0.9500,5.5288,5.0911,0.5672,2.3638,2.3557,246139.2789,245932.5877,231750.6383,893485.5824,892735.2934,4.3758,4.3758,5.7576
2024-02-02,3.6300,3.7300,3.5400,3.6000,405921.0600,148211.2480,3.2700,5.3300,1.6505,1.7515,1.3000,5.4831,5.0490,0.5625,2.3442,2.3362,246139.2789,245932.5877,231750.6383,886101.4040,885357.3157,4.4122,4.4122,5.8104
2024-02-05,3.5800,3.6300,3.4800,3.5600,427281.9800,151664.1470,3.2300,5.2700,1.7374,1.8437,1.3000,5.4222,4.9929,0.5563,2.3182,2.3103,246139.2789,245932.5877,231750.6383,876255.8329,875520.0122,4.4618,4.4618,5.8824
2024-02-06,3.5400,3.7200,3.5300,3.7100,452175.9600,164776.0840,3.3700,5.4900,1.8386,1.9511,1.3000,5.6506,5.2033,0.5797,2.4159,2.4076,246139.2789,245932.5877,231750.6383,913176.7247,912409.9004,4.2814,4.2814,5.6380
2024-02-07,3.6900,3.7800,3.6800,3.7800,463999.5600,174179.8090,3.4300,5.5900,1.8867,2.0022,1.2000,5.7573,5.3015,0.5906,2.4615,2.4530,246139.2789,245932.5877,231750.6383,930406.4742,929625.1815,4.2021,4.2021,5.5394
2024-02-08,3.7700,3.8400,3.7500,3.7600,446959.4700,169786.4930,3.4200,5.5600,1.8174,1.9286,1.0900,5.7268,5.2734,0.5875,2.4484,2.4401,246139.2789,245932.5877,231750.6383,925483.6887,924706.5298,4.2245,4.2245,5.5556
2024-02-19,3.7700,3.8000,3.7200,3.7600,319969.3500,120184.3170,3.4200,5.5600,1.3010,1.3807,0.7300,5.7268,5.2734,0.5875,2.4484,2.4401,246139.2789,245932.5877,231750.6383,925483.6887,924706.5298,4.2245,4.2245,5.5556
2024-02-20,3.7600,3.7900,3.7200,3.7800,249365.0000,93544.6580,3.4300,5.5900,1.0140,1.0760,0.5900,5.7573,5.3015,0.5906,2.4615,2.4530,246139.2789,245932.5877,231750.6383,930406.4742,929625.1815,4.2021,4.2021,5.5394
2024-02-21,3.7800,3.9300,3.7600,3.8500,464711.7700,179406.7070,3.5000,5.7000,1.8896,2.0052,1.2000,5.8639,5.3997,0.6016,2.5070,2.4985,246139.2789,245932.5877,231750.6383,947636.2238,946840.4626,4.1257,4.1257,5.4286
2024-02-22,3.8500,3.8600,3.8000,3.8400,222940.1600,85282.3010,3.4900,5.6800,0.9065,0.9620,0.5700,5.8486,5.3856,0.6000,2.5005,2.4920,246139.2789,245932.5877,231750.6383,945174.8310,944381.1368,4.1365,4.1365,5.4441
2024-02-23,3.8300,3.8800,3.8100,3.8300,247100.6900,94810.8660,3.4800,5.6700,1.0047,1.0662,0.7300,5.8334,5.3716,0.5984,2.4940,2.4855,246139.2789,245932.5877,231750.6383,942713.4382,941921.8109,4.1473,4.1473,5.4598
2024-02-26,3.8300,3.8400,3.7400,3.7500,272777.4200,102993.6170,3.4100,5.5500,1.1092,1.1770,0.9100,5.7116,5.2594,0.5859,2.4419,2.4336,246139.2789,245932.5877,231750.6383,923022.2959,922247.2039,4.2358,4.2358,5.5718
2024-02-27,3.7400,3.7700,3.7300,3.7600,241881.4000,90638.2960,3.4200,5.5600,0.9835,1.0437,0.8300,5.7268,5.2734,0.5875,2.4484,2.4401,246139.2789,245932.5877,231750.6383,925483.6887,924706.5298,4.2245,4.2245,5.5556
2024-02-28,3.7500,3.7900,3.7200,3.7200,354886.2700,133399.4470,3.3800,5.5100,1.4430,1.5313,1.2200,5.6659,5.2173,0.5813,2.4224,2.4141,246139.2789,245932.5877,231750.6383,915638.1175,914869.2262,4.2699,4.2699,5.6213
2024-02-29,3.7100,3.7600,3.7100,3.7500,256352.2900,95637.0820,3.4100,5.5500,1.0424,1.1062,0.9600,5.7116,5.2594,0.5859,2.4419,2.4336,246139.2789,245932.5877,231750.6383,923022.2959,922247.2039,4.2358,4.2358,5.5718
2024-03-01,3.7500,3.7500,3.7000,3.7200,352106.9300,130904.6310,3.3800,5.5100,1.4317,1.5193,1.2800,5.6659,5.2173,0.5813,2.4224,2.4141,246139.2789,245932.5877,231750.6383,915638.1175,914869.2262,4.2699,4.2699,5.6213
2024-03-04,3.7100,3.7200,3.6500,3.6700,272284.6900,99999.7700,3.3300,5.4300,1.1072,1.1749,0.9200,5.5897,5.1472,0.5734,2.3898,2.3817,246139.2789,245932.5877,231750.6383,903331.1536,902572.5969,4.3281,4.3281,5.7057
2024-03-05,3.6600,3.7000,3.6500,3.6900,213466.9600,78707.5910,3.3500,5.4600,0.8680,0.9211,0.7200,5.6202,5.1753,0.5766,2.4028,2.3946,246139.2789,245932.5877,231750.6383,908253.9391,907491.2486,4.3046,4.3046,5.6716
2024-03-06,3.7000,3.7200,3.6800,3.6900,206734.2200,76478.9790,3.3500,5.4600,0.8406,0.8921,0.7100,5.6202,5.1753,0.5766,2.4028,2.3946,246139.2789,245932.5877,231750.6383,908253.9391,907491.2486,4.3046,4.3046,5.6716
2024-03-07,3.6800,3.7400,3.6800,3.7200,267771.2900,99526.8230,3.3800,5.5100,1.0888,1.1554,1.0300,5.6659,5.2173,0.5813,2.4224,2.4141,246139.2789,245932.5877,231750.6383,915638.1175,914869.2262,4.2699,4.2699,5.6213
2024-03-08,3.7100,3.7300,3.6800,3.7300,180011.2800,66727.6370,3.3900,5.5200,0.7320,0.7767,0.6900,5.6811,5.2314,0.5828,2.4289,2.4206,246139.2789,245932.5877,231750.6383,918099.5103,917328.5521,4.2585,4.2585,5.6047
2024-03-11,3.7300,3.7400,3.7000,3.7200,143409.5000,53229.7650,3.3800,5.5100,0.5831,0.6188,0.6300,5.6659,5.2173,0.5813,2.4224,2.4141,246139.2789,245932.5877,231750.6383,915638.1175,914869.2262,4.2699,4.2699,5.6213
2024-03-12,3.7200,3.7300,3.6900,3.7000,217717.8000,80717.5570,3.3600,5.4800,0.8853,0.9394,1.0800,5.6354,5.1893,0.5781,2.4094,2.4011,246139.2789,245932.5877,231750.6383,910715.3319,909950.5745,4.2930,4.2930,5.6548
2024-03-13,3.7000,3.7000,3.6700,3.6700,178742.5200,65765.4710,3.3300,5.4300,0.7268,0.7713,0.8800,5.5897,5.1472,0.5734,2.3898,2.3817,246139.2789,245932.5877,231750.6383,903331.1536,902572.5969,4.3281,4.3281,5.7057
2024-03-14,3.6800,3.6900,3.6600,3.6700,129355.8000,47529.6830,3.3300,5.4300,0.5260,0.5582,0.6500,5.5897,5.1472,0.5734,2.3898,2.3817,246139.2789,245932.5877,231750.6383,903331.1536,902572.5969,4.3281,4.3281,5.7057
2024-03-15,3.6700,3.6900,3.6600,3.6900,180362.5200,66327.8290,3.3500,5.4600,0.7334,0.7783,1.0600,5.6202,5.1753,0.5766,2.4028,2.3946,246139.2789,245932.5877,231750.6383,908253.9391,907491.2486,4.3046,4.3046,5.6716
2024-03-18,3.6900,3.7100,3.6700,3.7100,222875.1700,82203.8910,3.3700,5.4900,0.9062,0.9617,1.3100,5.6506,5.2033,0.5797,2.4159,2.4076,246139.2789,245932.5877,231750.6383,913176.7247,912409.9004,4.2814,4.2814,5.6380
2024-03-19,3.7000,3.7100,3.6700,3.6800,138979.0000,51259.3360,3.3400,5.4500,0.5651,0.5997,0.7500,5.6050,5.1612,0.5750,2.3963,2.3882,246139.2789,245932.5877,231750.6383,905792.5464,905031.9227,4.3163,4.3163,5.6886
2024-03-20,3.6800,3.7000,3.6600,3.7000,168886.6000,62207.1300,3.3600,5.4800,0.6867,0.7287,0.9900,5.6354,5.1893,0.5781,2.4094,2.4011,246139.2789,245932.5877,231750.6383,910715.3319,909950.5745,4.2930,4.2930,5.6548
2024-03-21,3.6900,3.7300,3.6800,3.7200,243143.6800,90212.4080,3.3800,5.5100,0.9887,1.0492,1.4500,5.6659,5.2173,0.5813,2.4224,2.4141,246139.2789,245932.5877,231750.6383,915638.1175,914869.2262,4.2699,4.2699,5.6213
2024-03-22,3.7200,3.7300,3.6600,3.6800,255693.0000,94287.5310,3.3400,5.4500,1.0397,1.1033,1.3400,5.6050,5.1612,0.5750,2.3963,2.3882,246139.2789,245932.5877,231750.6383,905792.5464,905031.9227,4.3163,4.3163,5.6886
2024-03-25,3.6700,3.7300,3.6700,3.6900,243445.5300,90113.6020,3.3500,5.4600,0.9899,1.0505,1.1800,5.6202,5.1753,0.5766,2.4028,2.3946,246139.2789,245932.5877,231750.6383,908253.9391,907491.2486,4.3046,4.3046,5.6716
2024-03-26,3.7000,3.7500,3.6900,3.7500,318764.4000,118897.2390,3.4100,5.5500,1.2961,1.3755,1.5200,5.7116,5.2594,0.5859,2.4419,2.4336,246139.2789,245932.5877,231750.6383,923022.2959,922247.2039,4.2358,4.2358,5.5718
2024-03-27,3.7400,3.7800,3.7200,3.7300,238608.1700,89618.5720,3.3900,5.5200,0.9702,1.0296,0.9700,5.6811,5.2314,0.5828,2.4289,2.4206,246139.2789,245932.5877,231750.6383,918099.5103,917328.5521,4.2585,4.2585,5.6047
2024-03-28,3.7300,3.7300,3.6700,3.6800,291635.8900,107763.6230,3.3400,5.4500,1.1858,1.2584,1.1200,5.6050,5.1612,0.5750,2.3963,2.3882,246139.2789,245932.5877,231750.6383,905792.5464,905031.9227,4.3163,4.3163,5.6886
2024-03-29,3.6800,3.7200,3.6800,3.7000,180096.1000,66615.5680,3.3600,5.4800,0.7323,0.7771,0.6700,5.6354,5.1893,0.5781,2.4094,2.4011,246139.2789,245932.5877,231750.6383,910715.3319,909950.5745,4.2930,4.2930,5.6548
2024-04-01,3.7500,3.8600,3.7400,3.8600,777067.2800,296612.9890,3.5100,5.7100,3.1597,3.3530,3.0500,5.0321,5.0321,0.5731,2.4582,2.4582,246139.2789,245932.5877,231750.6383,950097.6166,949299.7885,4.1150,4.1150,5.4131
2024-04-02,3.8500,3.9100,3.8200,3.8600,403452.8000,156069.9390,3.5100,5.7100,1.6405,1.7409,1.1200,5.0321,5.0321,0.5731,2.4582,2.4582,246139.2789,245932.5877,231750.6383,950097.6166,949299.7885,4.1150,4.1150,5.4131
2024-04-03,3.8400,3.8700,3.8300,3.8500,211396.4100,81349.9460,3.5000,5.7000,0.8596,0.9122,0.5600,5.0190,5.0190,0.5717,2.4519,2.4519,246139.2789,245932.5877,231750.6383,947636.2238,946840.4626,4.1257,4.1257,5.4286
2024-04-08,3.8600,3.9100,3.8300,3.8600,276050.2700,106898.1630,3.5100,5.7100,1.1225,1.1912,0.7400,5.0321,5.0321,0.5731,2.4582,2.4582,246139.2789,245932.5877,231750.6383,950097.6166,949299.7885,4.1150,4.1150,5.4131
2024-04-09,3.8500,3.9000,3.8400,3.8800,249678.1200,96818.1510,3.5300,5.7400,1.0152,1.0774,0.6800,5.0581,5.0581,0.5761,2.4710,2.4710,246139.2789,245932.5877,231750.6383,955020.4021,954218.4403,4.0938,4.0938,5.3824
2024-04-10,3.8800,3.9100,3.8400,3.8700,233719.6000,90715.8110,3.5200,5.7300,0.9503,1.0085,0.6100,5.0451,5.0451,0.5746,2.4646,2.4646,246139.2789,245932.5877,231750.6383,952559.0093,951759.1144,4.1044,4.1044,5.3977
2024-04-11,3.8500,3.8800,3.8200,3.8500,183644.7300,70701.9030,3.5000,5.7000,0.7467,0.7924,0.6700,5.0190,5.0190,0.5717,2.4519,2.4519,246139.2789,245932.5877,231750.6383,947636.2238,946840.4626,4.1257,4.1257,5.4286
2024-04-12,3.8300,3.8700,3.8200,3.8300,226743.6000,87051.1020,3.4800,5.6700,0.9220,0.9784,0.9800,4.9930,4.9930,0.5687,2.4391,2.4391,246139.2789,245932.5877,231750.6383,942713.4382,941921.8109,4.1473,4.1473,5.4598
2024-04-15,3.8400,3.8900,3.7700,3.8500,348710.9400,134091.0090,3.5000,5.7000,1.4179,1.5047,1.4900,5.0190,5.0190,0.5717,2.4519,2.4519,246139.2789,245932.5877,231750.6383,947636.2238,946840.4626,4.1257,4.1257,5.4286
2024-04-16,3.8400,3.8600,3.7800,3.7900,435676.3800,166232.1580,3.4400,5.6100,1.7715,1.8799,1.7500,4.9408,4.9408,0.5627,2.4137,2.4137,246139.2789,245932.5877,231750.6383,932867.8670,932084.5074,4.1910,4.1910,5.5233
2024-04-17,3.7900,3.8800,3.7800,3.8700,424323.5700,162266.4230,3.5200,5.7300,1.7254,1.8309,1.4900,5.0451,5.0451,0.5746,2.4646,2.4646,246139.2789,245932.5877,231750.6383,952559.0093,951759.1144,4.1044,4.1044,5.3977
2024-04-18,3.8600,3.9500,3.8600,3.9200,457278.5300,179152.4810,3.5600,5.8000,1.8594,1.9731,1.4100,5.1103,5.1103,0.5821,2.4964,2.4964,246139.2789,245932.5877,231750.6383,964865.9733,964055.7438,4.0521,4.0521,5.3371
2024-04-19,3.9200,3.9600,3.9000,3.9200,281675.6000,110609.9580,3.5600,5.8000,1.1453,1.2154,0.7400,5.1103,5.1103,0.5821,2.4964,2.4964,246139.2789,245932.5877,231750.6383,964865.9733,964055.7438,4.0521,4.0521,5.3371
2024-04-22,3.9200,3.9600,3.8600,3.8800,299427.9200,116894.1300,3.5300,5.7400,1.2175,1.2920,0.7700,5.0581,5.0581,0.5761,2.4710,2.4710,246139.2789,245932.5877,231750.6383,955020.4021,954218.4403,4.0938,4.0938,5.3824
2024-04-23,3.8800,3.9300,3.8500,3.8800,255330.2500,99412.5920,3.5300,5.7400,1.0382,1.1017,0.6700,5.0581,5.0581,0.5761,2.4710,2.4710,246139.2789,245932.5877,231750.6383,955020.4021,954218.4403,4.0938,4.0938,5.3824
2024-04-24,3.8800,3.8900,3.8300,3.8500,268136.2000,103171.0530,3.5000,5.7000,1.0903,1.1570,0.7800,5.0190,5.0190,0.5717,2.4519,2.4519,246139.2789,245932.5877,231750.6383,947636.2238,946840.4626,4.1257,4.1257,5.4286
2024-04-25,3.8500,3.9200,3.8300,3.9100,273172.1200,105963.9370,3.5500,5.7900,1.1108,1.1787,0.8700,5.0973,5.0973,0.5806,2.4901,2.4901,246139.2789,245932.5877,231750.6383,962404.5805,961596.4179,4.0624,4.0624,5.3521
2024-04-26,3.9100,3.9200,3.8100,3.8500,460918.0000,177313.5310,3.5000,5.7000,1.8742,1.9889,1.6700,5.0190,5.0190,0.5717,2.4519,2.4519,246139.2789,245932.5877,231750.6383,947636.2238,946840.4626,4.1257,4.1257,5.4286
2024-04-29,3.8500,3.9200,3.8100,3.9100,543468.5400,210611.3770,3.5500,5.7900,2.2098,2.3451,1.7500,5.0973,4.9929,0.5561,2.4901,2.4731,246139.2789,245932.5877,231750.6383,962404.5805,961596.4179,4.0624,4.0624,5.3521
2024-04-30,3.9100,3.9700,3.8900,3.9300,437876.4000,172106.1120,3.5700,5.8200,1.7805,1.8894,1.2200,5.1233,5.0184,0.5590,2.5028,2.4857,246139.2789,245932.5877,231750.6383,967327.3661,966515.0697,4.0417,4.0417,5.3221
2024-05-06,3.9600,3.9900,3.9100,3.9400,419442.8800,165672.6420,3.5800,5.8300,1.7055,1.8099,1.0600,5.1364,5.0312,0.5604,2.5092,2.4921,246139.2789,245932.5877,231750.6383,969788.7589,968974.3955,4.0315,4.0315,5.3073
2024-05-07,3.9300,3.9400,3.8900,3.9300,290070.2000,113496.4360,3.5700,5.8200,1.1795,1.2516,0.6800,5.1233,5.0184,0.5590,2.5028,2.4857,246139.2789,245932.5877,231750.6383,967327.3661,966515.0697,4.0417,4.0417,5.3221
2024-05-08,3.9200,3.9400,3.8900,3.8900,281798.4000,110318.7960,3.5300,5.7600,1.1458,1.2160,0.6500,5.0712,4.9673,0.5533,2.4773,2.4604,246139.2789,245932.5877,231750.6383,957481.7949,956677.7662,4.0833,4.0833,5.3824
2024-05-09,3.8800,3.9300,3.8800,3.9200,332534.9300,130044.3990,3.5600,5.8000,1.3521,1.4349,0.8400,5.1103,5.0056,0.5575,2.4964,2.4794,246139.2789,245932.5877,231750.6383,964865.9733,964055.7438,4.0521,4.0521,5.3371
2024-05-10,3.7600,3.7800,3.7400,3.7700,425491.5800,160057.4590,3.6000,5.8600,1.7301,1.8360,1.2100,4.9147,4.8141,0.5511,2.4009,2.3845,246139.2789,245932.5877,231750.6383,927945.0815,927165.8556,4.2133,9.2531,5.2778
2024-05-13,3.7700,3.8600,3.7400,3.8400,441854.1100,167923.4550,3.6700,5.9700,1.7966,1.9066,1.2600,5.0060,4.9035,0.5613,2.4455,2.4288,246139.2789,245932.5877,231750.6383,945174.8310,944381.1368,4.1365,9.0844,5.1771
2024-05-14,3.8300,3.8700,3.8100,3.8200,228898.4800,87835.4250,3.6500,5.9400,0.9307,0.9877,0.6500,4.9799,4.8780,0.5584,2.4328,2.4162,246139.2789,245932.5877,231750.6383,940252.0454,939462.4850,4.1581,9.1320,5.2055
2024-05-15,3.8200,3.8800,3.8000,3.8500,300016.5300,115237.8540,3.6800,5.9900,1.2199,1.2946,0.8800,5.0190,4.9163,0.5628,2.4519,2.4351,246139.2789,245932.5877,231750.6383,947636.2238,946840.4626,4.1257,9.0608,5.1630
2024-05-16,3.8400,3.9500,3.8400,3.9200,497194.3800,194335.8630,3.7400,6.1000,2.0217,2.1454,1.4400,5.1103,5.0056,0.5730,2.4964,2.4794,246139.2789,245932.5877,231750.6383,964865.9733,964055.7438,4.0521,8.8990,5.0802
2024-05-17,3.9300,3.9900,3.8900,3.9900,393600.1000,155105.2240,3.8100,6.2100,1.6004,1.6984,1.0400,5.2015,5.0950,0.5833,2.5410,2.5237,246139.2789,245932.5877,231750.6383,982095.7228,981271.0249,3.9810,8.7429,4.9869
2024-05-20,4.0000,4.0300,3.9100,3.9600,356746.0200,141355.7160,3.7800,6.1600,1.4506,1.5394,0.9600,5.1624,5.0567,0.5789,2.5219,2.5047,246139.2789,245932.5877,231750.6383,974711.5444,973893.0473,4.0111,8.8091,5.0265
2024-05-21,3.9400,4.0700,3.9300,4.0500,508257.7600,203799.8340,3.8700,6.3000,2.0667,2.1931,1.4300,5.2798,5.1717,0.5920,2.5792,2.5616,246139.2789,245932.5877,231750.6383,996864.0795,996026.9802,3.9220,8.6134,4.9096
2024-05-22,4.0400,4.1700,4.0300,4.1200,660786.6200,272169.8660,3.9300,6.4100,2.6869,2.8513,1.6100,5.3710,5.2610,0.6023,2.6238,2.6059,246139.2789,245932.5877,231750.6383,1014093.8291,1013242.2613,3.8554,8.4670,4.8346
2024-05-23,4.1200,4.1700,4.0600,4.1200,450507.2000,185816.9290,3.9300,6.4100,1.8318,1.9439,0.9300,5.3710,5.2610,0.6023,2.6238,2.6059,246139.2789,245932.5877,231750.6383,1014093.8291,1013242.2613,3.8554,8.4670,4.8346
2024-05-24,4.1000,4.1800,4.0900,4.1300,337754.0400,139848.6400,3.9400,6.4200,1.3734,1.4574,0.7100,5.3841,5.2738,0.6037,2.6302,2.6122,246139.2789,245932.5877,231750.6383,1016555.2219,1015701.5872,3.8460,8.4465,4.8223
2024-05-27,4.1100,4.1500,4.0900,4.1400,350334.3100,144617.4770,3.9500,6.4400,1.4245,1.5117,0.7600,5.3971,5.2866,0.6052,2.6366,2.6186,246139.2789,245932.5877,231750.6383,1019016.6146,1018160.9131,3.8367,8.4261,4.8101
2024-05-28,4.1200,4.1600,4.0700,4.0900,348974.4200,143126.0720,3.9100,6.3600,1.4190,1.5058,0.7600,5.3319,5.2227,0.5979,2.6047,2.5869,246139.2789,245932.5877,231750.6383,1006709.6507,1005864.2837,3.8836,8.5291,4.8593
2024-05-29,4.0700,4.1500,4.0600,4.0900,347644.8000,142793.3120,3.9100,6.3600,1.4136,1.5001,0.8100,5.3319,5.2227,0.5979,2.6047,2.5869,246139.2789,245932.5877,231750.6383,1006709.6507,1005864.2837,3.8836,8.5291,4.8593
2024-05-30,4.0800,4.1600,4.0800,4.1000,455132.5300,187546.8050,3.9200,6.3800,1.8506,1.9639,1.2400,5.3449,5.2355,0.5993,2.6111,2.5933,246139.2789,245932.5877,231750.6383,1009171.0435,1008323.6096,3.8742,8.5083,4.8469
2024-05-31,4.1000,4.1500,4.0800,4.1400,281891.9200,116102.1970,3.9500,6.4400,1.1462,1.2164,0.7700,5.3971,5.2866,0.6052,2.6366,2.6186,246139.2789,245932.5877,231750.6383,1019016.6146,1018160.9131,3.8367,8.4261,4.8101
2024-06-03,4.1300,4.1300,3.9700,4.0100,470367.0800,188859.6090,3.8300,6.2400,1.9126,2.0296,1.3200,5.2276,5.1206,0.5862,2.5538,2.5363,246139.2789,245932.5877,231750.6383,987018.5084,986189.6767,3.9611,8.6993,4.9608
2024-06-04,3.9900,4.0200,3.9600,4.0000,361299.5200,144279.5740,3.8200,6.2200,1.4691,1.5590,0.9500,5.2146,5.1078,0.5847,2.5474,2.5300,246139.2789,245932.5877,231750.6383,984557.1156,983730.3508,3.9710,8.7210,4.9738
2024-06-05,3.9800,3.9900,3.8700,3.8800,323753.2400,126844.5940,3.7100,6.0300,1.3164,1.3970,0.8400,5.0581,4.9546,0.5672,2.4710,2.4541,246139.2789,245932.5877,231750.6383,955020.4021,954218.4403,4.0938,8.9907,5.1213
2024-06-06,3.8800,3.9100,3.8300,3.8800,381459.1200,147614.9370,3.7100,6.0300,1.5511,1.6460,1.0100,5.0581,4.9546,0.5672,2.4710,2.4541,246139.2789,245932.5877,231750.6383,955020.4021,954218.4403,4.0938,8.9907,5.1213
2024-06-07,3.8900,3.9300,3.8700,3.9200,287706.3200,112156.9450,3.7400,6.1000,1.1699,1.2414,0.7900,5.1103,5.0056,0.5730,2.4964,2.4794,246139.2789,245932.5877,231750.6383,964865.9733,964055.7438,4.0521,4.8469,5.0802
2024-06-11,3.9400,3.9400,3.8300,3.8500,326527.3700,126179.1150,3.6800,5.9900,1.3277,1.4090,0.8900,5.0190,4.9163,0.5628,2.4519,2.4351,246139.2789,245932.5877,231750.6383,947636.2238,946840.4626,4.1257,4.9351,5.1630
2024-06-12,3.8300,3.8500,3.8000,3.8300,288535.1400,110481.2730,3.6600,5.9600,1.1732,1.2450,0.8600,4.9930,4.8907,0.5599,2.4391,2.4225,246139.2789,245932.5877,231750.6383,942713.4382,941921.8109,4.1473,4.9608,5.1913
2024-06-13,3.8400,3.8600,3.7700,3.7800,240630.8000,91404.5390,3.6100,5.8800,0.9784,1.0383,0.7500,4.9278,4.8269,0.5526,2.4073,2.3909,246139.2789,245932.5877,231750.6383,930406.4742,929625.1815,4.2021,5.0265,5.2632
2024-06-14,3.7900,3.8300,3.7500,3.8200,246176.2900,93538.1870,3.6500,5.9400,1.0010,1.0622,0.8100,4.9799,4.8780,0.5584,2.4328,2.4162,246139.2789,245932.5877,231750.6383,940252.0454,939462.4850,4.1581,4.9738,5.2055
2024-06-17,3.8100,3.8500,3.7700,3.7700,239799.4000,91220.3780,3.6000,5.8600,0.9751,1.0347,0.8600,4.9147,4.8141,0.5511,2.4009,2.3845,246139.2789,245932.5877,231750.6383,927945.0815,927165.8556,4.2133,5.0398,5.2778
2024-06-18,3.7800,3.8100,3.7500,3.7900,188355.7200,71350.4030,3.6200,5.8900,0.7659,0.8128,0.7000,4.9408,4.8396,0.5540,2.4137,2.3972,246139.2789,245932.5877,231750.6383,932867.8670,932084.5074,4.1910,5.0132,5.2486
2024-06-19,3.8000,3.8200,3.7800,3.7900,219676.7200,83471.4870,3.6200,5.8900,0.8932,0.9479,0.9100,4.9408,4.8396,0.5540,2.4137,2.3972,246139.2789,245932.5877,231750.6383,932867.8670,932084.5074,4.1910,5.0132,5.2486
2024-06-20,3.7800,3.8000,3.7100,3.7300,309811.9700,115853.1130,3.5600,5.8000,1.2597,1.3368,1.3700,4.8626,4.7630,0.5453,2.3754,2.3592,246139.2789,245932.5877,231750.6383,918099.5103,917328.5521,4.2585,5.0938,5.3371
2024-06-21,3.7300,3.7600,3.7000,3.7100,222720.1400,82985.8420,3.5400,5.7700,0.9056,0.9610,0.9300,4.8365,4.7375,0.5423,2.3627,2.3466,246139.2789,245932.5877,231750.6383,913176.7247,912409.9004,4.2814,5.1213,5.3672
2024-06-24,3.7000,3.7100,3.6200,3.6400,387150.0000,141263.8190,3.4800,5.6600,1.5742,1.6705,1.6400,4.7453,4.6481,0.5321,2.3181,2.3023,246139.2789,245932.5877,231750.6383,895946.9752,895194.6192,4.3638,5.2198,5.4598
2024-06-25,3.6500,3.7000,3.6400,3.6800,273841.8000,100602.8430,3.5100,5.7200,1.1135,1.1816,1.0300,4.7974,4.6992,0.5379,2.3436,2.3276,246139.2789,245932.5877,231750.6383,905792.5464,905031.9227,4.3163,5.1630,5.4131
2024-06-26,3.6700,3.7100,3.6600,3.7000,275788.1500,101700.7290,3.5300,5.7500,1.1214,1.1900,0.9800,4.8235,4.7247,0.5409,2.3563,2.3403,246139.2789,245932.5877,231750.6383,910715.3319,909950.5745,4.2930,5.1351,5.3824
2024-06-27,3.7000,3.7300,3.6700,3.7100,320160.8100,118581.3840,3.5400,5.7700,1.3018,1.3815,1.0900,4.8365,4.7375,0.5423,2.3627,2.3466,246139.2789,245932.5877,231750.6383,913176.7247,912409.9004,4.2814,5.1213,5.3672
2024-06-28,3.7100,3.8100,3.6900,3.7700,401442.6000,151180.3840,3.6000,5.8600,1.6323,1.7322,1.3600,4.9147,4.8141,0.5511,2.4009,2.3845,246139.2789,245932.5877,231750.6383,927945.0815,927165.8556,4.2133,5.0398,5.2778
2024-07-01,3.7700,3.8300,3.7700,3.8200,248593.4000,94586.6320,3.6500,5.9400,1.0108,1.0727,0.7500,4.9799,4.8780,0.5584,2.4328,2.4162,246139.2789,245932.5877,231750.6383,940252.0454,939462.4850,4.1581,4.9738,5.2055
2024-07-02,3.8200,3.8800,3.8100,3.8800,352893.6000,136073.0410,3.7000,6.0300,1.4349,1.5227,1.1600,5.0581,4.9546,0.5672,2.4710,2.4541,246139.2789,245932.5877,231750.6383,955020.4021,954218.4403,4.0938,4.8969,5.1351
2024-07-03,3.8700,3.9000,3.8400,3.8600,265679.6000,102672.9280,3.6900,6.0000,1.0803,1.1464,0.8300,5.0321,4.9290,0.5643,2.4582,2.4415,246139.2789,245932.5877,231750.6383,950097.6166,949299.7885,4.1150,4.9223,5.1491
2024-07-04,3.8500,3.8700,3.7800,3.7900,236581.0700,90531.0460,3.6200,5.8900,0.9620,1.0208,0.7400,4.9408,4.8396,0.5540,2.4137,2.3972,246139.2789,245932.5877,231750.6383,932867.8670,932084.5074,4.1910,5.0132,5.2486
2024-07-05,3.7900,3.8100,3.6900,3.7100,350222.4000,130962.4150,3.5400,5.7700,1.4241,1.5112,1.1600,4.8365,4.7375,0.5423,2.3627,2.3466,246139.2789,245932.5877,231750.6383,913176.7247,912409.9004,4.2814,5.1213,5.3672
2024-07-08,3.7100,3.7500,3.6700,3.6800,305925.7400,113195.4500,3.5100,5.7200,1.2439,1.3201,1.0500,4.7974,4.6992,0.5379,2.3436,2.3276,246139.2789,245932.5877,231750.6383,905792.5464,905031.9227,4.3163,5.1630,5.4131
2024-07-09,3.6800,3.7900,3.6600,3.7800,275572.1200,102768.9820,3.6100,5.8800,1.1205,1.1891,0.9100,4.9278,4.8269,0.5526,2.4073,2.3909,246139.2789,245932.5877,231750.6383,930406.4742,929625.1815,4.2021,5.0265,5.2632
2024-07-10,3.7700,3.7900,3.7300,3.7400,242988.8000,91196.5730,3.5700,5.8200,0.9880,1.0485,0.8500,4.8756,4.7758,0.5467,2.3818,2.3656,246139.2789,245932.5877,231750.6383,920560.9031,919787.8780,4.2471,5.0802,5.3221
2024-07-11,3.7700,3.7800,3.7100,3.7300,272791.8000,102094.6730,3.5600,5.8000,1.1092,1.1771,0.9700,4.8626,4.7630,0.5453,2.3754,2.3592,246139.2789,245932.5877,231750.6383,918099.5103,917328.5521,4.2585,5.0938,5.3371
2024-07-12,3.7300,3.7900,3.7200,3.7800,275678.0000,104042.1770,3.6100,5.8800,1.1209,1.1895,0.9500,4.9278,4.8269,0.5526,2.4073,2.3909,246139.2789,245932.5877,231750.6383,930406.4742,929625.1815,4.2021,5.0265,5.2632
2024-07-15,3.7900,3.8300,3.7700,3.8200,260888.0000,99264.4340,3.6500,5.9400,1.0608,1.1257,0.9500,4.9799,4.8780,0.5584,2.4328,2.4162,246139.2789,245932.5877,231750.6383,940252.0454,939462.4850,4.1581,4.9738,5.2055
2024-07-16,3.8200,3.8600,3.7600,3.7700,270441.3900,102810.8240,3.6000,5.8600,1.0997,1.1669,1.0200,4.9147,4.8141,0.5511,2.4009,2.3845,246139.2789,245932.5877,231750.6383,927945.0815,927165.8556,4.2133,5.0398,5.2778
2024-07-17,3.7700,3.8000,3.7500,3.7800,188985.0000,71301.7410,3.6100,5.8800,0.7684,0.8155,0.7100,4.9278,4.8269,0.5526,2.4073,2.3909,246139.2789,245932.5877,231750.6383,930406.4742,929625.1815,4.2021,5.0265,5.2632
2024-07-18,3.7800,3.7900,3.7300,3.7900,200509.9300,75436.2360,3.6200,5.8900,0.8153,0.8652,0.7900,4.9408,4.8396,0.5540,2.4137,2.3972,246139.2789,245932.5877,231750.6383,932867.8670,932084.5074,4.1910,5.0132,5.2486
2024-07-19,3.7800,3.8000,3.7500,3.7900,272160.2000,102746.9780,3.6200,5.8900,1.1066,1.1744,1.1400,4.9408,4.8396,0.5540,2.4137,2.3972,246139.2789,245932.5877,231750.6383,932867.8670,932084.5074,4.1910,5.0132,5.2486
2024-07-22,3.7800,3.7800,3.7000,3.7300,266140.0000,99239.5340,3.5600,5.8000,1.0822,1.1484,1.1200,4.8626,4.7630,0.5453,2.3754,2.3592,246139.2789,245932.5877,231750.6383,918099.5103,917328.5521,4.2585,5.0938,5.3371
2024-07-23,3.7200,3.7900,3.7100,3.7500,289899.8700,109134.0700,3.5800,5.8300,1.1788,1.2509,1.2100,4.8887,4.7886,0.5482,2.3882,2.3719,246139.2789,245932.5877,231750.6383,923022.2959,922247.2039,4.2358,5.0667,5.3073
2024-07-24,3.7500,3.8000,3.7300,3.7700,270761.8400,102055.3540,3.6000,5.8600,1.1010,1.1683,1.1100,4.9147,4.8141,0.5511,2.4009,2.3845,246139.2789,245932.5877,231750.6383,927945.0815,927165.8556,4.2133,5.0398,5.2778
2024-07-25,3.7700,3.7900,3.6900,3.7300,272480.1200,101502.6770,3.5600,5.8000,1.1079,1.1757,1.0500,4.8626,4.7630,0.5453,2.3754,2.3592,246139.2789,245932.5877,231750.6383,918099.5103,917328.5521,4.2585,5.0938,5.3371
2024-07-26,3.7100,3.7300,3.6600,3.6900,256573.0500,94803.4250,3.5200,5.7400,1.0433,1.1071,0.9400,4.8105,4.7119,0.5394,2.3500,2.3339,246139.2789,245932.5877,231750.6383,908253.9391,907491.2486,4.3046,5.1491,5.3977
2024-07-29,3.6900,3.7500,3.6600,3.7400,222407.4000,82644.5320,3.5700,5.8200,0.9043,0.9597,0.8200,4.8756,4.7758,0.5467,2.3818,2.3656,246139.2789,245932.5877,231750.6383,920560.9031,919787.8780,4.2471,5.0802,5.3221
2024-07-30,3.7300,3.7500,3.7000,3.7300,190375.8800,70985.1260,3.5600,5.8000,0.7741,0.8215,0.7300,4.8626,4.7630,0.5453,2.3754,2.3592,246139.2789,245932.5877,231750.6383,918099.5103,917328.5521,4.2585,5.0938,5.3371
2024-07-31,3.7300,3.8000,3.7300,3.7900,324903.4000,122542.2830,3.6200,5.8900,1.3211,1.4020,1.3400,4.9408,4.8396,0.5540,2.4137,2.3972,246139.2789,245932.5877,231750.6383,932867.8670,932084.5074,4.1910,5.0132,5.2486
2024-08-01,3.7900,3.8100,3.7600,3.7700,239621.6500,90542.5350,3.6000,5.8600,0.9743,1.0340,0.9500,4.9147,4.8141,0.5511,2.4009,2.3845,246139.2789,245932.5877,231750.6383,927945.0815,927165.8556,4.2133,5.0398,5.2778
2024-08-02,3.7600,3.8100,3.7400,3.7700,224593.0600,84937.6800,3.6000,5.8600,0.9132,0.9691,0.9100,4.9147,4.8141,0.5511,2.4009,2.3845,246139.2789,245932.5877,231750.6383,927945.0815,927165.8556,4.2133,5.0398,5.2778
2024-08-05,3.7600,3.7900,3.7200,3.7300,239762.2500,90048.0070,3.5600,5.8000,0.9749,1.0346,1.0000,4.8626,4.7630,0.5453,2.3754,2.3592,246139.2789,245932.5877,231750.6383,918099.5103,917328.5521,4.2585,5.0938,5.3371
2024-08-06,3.7400,3.7400,3.6700,3.6900,248134.1900,91839.2030,3.5200,5.7400,1.0090,1.0707,1.0200,4.8105,4.7119,0.5394,2.3500,2.3339,246139.2789,245932.5877,231750.6383,908253.9391,907491.2486,4.3046,5.1491,5.3977
2024-08-07,3.6900,3.7000,3.6700,3.6800,124512.1200,45856.0230,3.5100,5.7200,0.5063,0.5373,0.4900,4.7974,4.6992,0.5379,2.3436,2.3276,246139.2789,245932.5877,231750.6383,905792.5464,905031.9227,4.3163,5.1630,5.4131
2024-08-08,3.6700,3.6900,3.6300,3.6700,203939.3000,74617.4140,3.5000,5.7100,0.8292,0.8800,0.9500,4.7844,4.6864,0.5365,2.3372,2.3213,246139.2789,245932.5877,231750.6383,903331.1536,902572.5969,4.3281,5.1771,5.4286
2024-08-09,3.6800,3.7100,3.6600,3.6600,161368.6000,59446.6000,3.4900,5.6900,0.6561,0.6963,0.7800,4.7713,4.6736,0.5350,2.3309,2.3150,246139.2789,245932.5877,231750.6383,900869.7608,900113.2710,4.3399,5.1913,5.4441
2024-08-12,3.6600,3.6700,3.6300,3.6300,118775.4900,43287.3320,3.4700,5.6400,0.4830,0.5125,0.6100,4.7322,4.6353,0.5306,2.3118,2.2960,246139.2789,245932.5877,231750.6383,893485.5824,892735.2934,4.3758,5.2342,5.4755
2024-08-13,3.6100,3.6700,3.6100,3.6500,163966.2900,59808.5460,3.4800,5.6800,0.6667,0.7075,0.9600,4.7583,4.6609,0.5336,2.3245,2.3086,246139.2789,245932.5877,231750.6383,898408.3680,897653.9451,4.3518,5.2055,5.4598
2024-08-14,3.6500,3.6800,3.6400,3.6400,131932.2900,48208.1170,3.4800,5.6600,0.5365,0.5693,0.8500,4.7453,4.6481,0.5321,2.3181,2.3023,246139.2789,245932.5877,231750.6383,895946.9752,895194.6192,4.3638,5.2198,5.4598
2024-08-15,3.6400,3.6900,3.6300,3.6700,203687.2100,74798.2640,3.5000,5.7100,0.8282,0.8789,1.3100,4.7844,4.6864,0.5365,2.3372,2.3213,246139.2789,245932.5877,231750.6383,903331.1536,902572.5969,4.3281,5.1771,5.4286
2024-08-16,3.6700,3.7000,3.6600,3.6900,220636.2000,81299.5720,3.5200,5.7400,0.8971,0.9520,1.4100,4.8105,4.7119,0.5394,2.3500,2.3339,246139.2789,245932.5877,231750.6383,908253.9391,907491.2486,4.3046,5.1491,5.3977
2024-08-19,3.6900,3.7800,3.6800,3.7700,357017.7600,133334.7680,3.6000,5.8600,1.4517,1.5405,2.1300,4.9147,4.8141,0.5511,2.4009,2.3845,246139.2789,245932.5877,231750.6383,927945.0815,927165.8556,4.2133,5.0398,5.2778
2024-08-20,3.7800,3.7900,3.7300,3.7500,284881.3600,107041.2630,3.5800,5.8300,1.1584,1.2293,1.3200,4.8887,4.7886,0.5482,2.3882,2.3719,246139.2789,245932.5877,231750.6383,923022.2959,922247.2039,4.2358,5.0667,5.3073
2024-08-21,3.7500,3.7500,3.6800,3.6900,253360.6400,93828.2370,3.5200,5.7400,1.0302,1.0932,1.0600,4.8105,4.7119,0.5394,2.3500,2.3339,246139.2789,245932.5877,231750.6383,908253.9391,907491.2486,4.3046,5.1491,5.3977
2024-08-22,3.7000,3.7600,3.7000,3.7400,297161.4000,111124.9150,3.5700,5.8200,1.2083,1.2822,1.1300,4.8756,4.7758,0.5467,2.3818,2.3656,246139.2789,245932.5877,231750.6383,920560.9031,919787.8780,4.2471,5.0802,5.3221
2024-08-23,3.7500,3.7500,3.7100,3.7300,256581.0100,95661.8380,3.5600,5.8000,1.0433,1.1071,0.9100,4.8626,4.7630,0.5453,2.3754,2.3592,246139.2789,245932.5877,231750.6383,918099.5103,917328.5521,4.2585,5.0938,5.3371
2024-08-26,3.7400,3.8000,3.7100,3.7900,334442.0000,125604.4540,3.6200,5.8900,1.3599,1.4431,1.1500,4.9408,4.8396,0.5540,2.4137,2.3972,246139.2789,245932.5877,231750.6383,932867.8670,932084.5074,4.1910,5.0132,5.2486
2024-08-27,3.8000,3.8200,3.7700,3.7900,233646.6000,88709.2660,3.6200,5.8900,0.9500,1.0082,0.8200,4.9408,4.8396,0.5540,2.4137,2.3972,246139.2789,245932.5877,231750.6383,932867.8670,932084.5074,4.1910,5.0132,5.2486
2024-08-28,3.7700,3.7800,3.7200,3.7400,317205.4500,118693.4670,3.5700,5.8200,1.2903,1.3687,1.1500,4.8756,4.7039,0.5337,2.3818,2.3144,246139.2789,245846.9527,231750.6383,920560.9031,919467.6031,4.2471,5.0802,5.3221
2024-08-29,3.7300,3.7500,3.6600,3.6800,342296.0400,126531.2300,3.5100,5.7200,1.3923,1.4775,1.1900,4.7974,4.6285,0.5251,2.3436,2.2773,246139.2789,245846.9527,231665.0033,905792.5464,904716.7859,4.3163,5.1630,5.4131
2024-08-30,3.6700,3.7500,3.6600,3.6900,350197.3300,129649.9870,3.5200,5.7400,1.4245,1.5117,1.1800,4.8105,4.6410,0.5266,2.3500,2.2835,246139.2789,245846.9527,231665.0033,908253.9391,907175.2555,4.3046,5.1491,5.3977
2024-09-02,3.6900,3.7600,3.6700,3.6800,430085.1300,160239.5870,3.5100,5.7200,1.7494,1.8565,1.3600,4.7974,4.6285,0.5251,2.3436,2.2773,246139.2789,245846.9527,231665.0033,905792.5464,904716.7859,4.3163,5.1630,5.4131
2024-09-03,3.6800,3.6900,3.6200,3.6300,353485.4400,128629.5880,3.4700,5.6400,1.4378,1.5258,1.0600,4.7322,4.5656,0.5180,2.3118,2.2464,246139.2789,245846.9527,231665.0033,893485.5824,892424.4383,4.3758,5.2342,5.4755
2024-09-04,3.6200,3.6400,3.6100,3.6200,138337.0000,50175.4830,3.4600,5.6300,0.5627,0.5971,0.3900,4.7192,4.5530,0.5166,2.3054,2.2402,246139.2789,245846.9527,231665.0033,891024.1896,889965.9688,4.3879,5.2486,5.4913
2024-09-05,3.6200,3.6400,3.6000,3.6200,142006.4000,51316.9810,3.4600,5.6300,0.5776,0.6130,0.4400,4.7192,4.5530,0.5166,2.3054,2.2402,246139.2789,245846.9527,231665.0033,891024.1896,889965.9688,4.3879,5.2486,5.4913
2024-09-06,3.6300,3.6600,3.6000,3.6000,188504.7700,68499.8030,3.4400,5.6000,0.7668,0.8137,0.6700,4.6931,4.5278,0.5137,2.2927,2.2278,246139.2789,245846.9527,231665.0033,886101.4040,885049.0297,4.4122,5.2778,5.5233
2024-09-09,3.5900,3.5900,3.5100,3.5200,242128.8000,85639.4030,3.3600,5.4700,0.9849,1.0452,0.9700,4.5888,4.4272,0.5023,2.2417,2.1783,246139.2789,245846.9527,231665.0033,866410.2617,865381.2735,4.5125,5.3977,5.6548
2024-09-10,3.5200,3.5400,3.4800,3.5200,157022.2200,54995.3050,3.3600,5.4700,0.6387,0.6778,0.7400,4.5888,4.4272,0.5023,2.2417,2.1783,246139.2789,245846.9527,231665.0033,866410.2617,865381.2735,4.5125,5.3977,5.6548
2024-09-11,3.5100,3.5100,3.4200,3.4600,243056.6000,84100.4790,3.3000,5.3800,0.9887,1.0492,1.4000,4.5106,4.3518,0.4937,2.2035,2.1412,246139.2789,245846.9527,231665.0033,851641.9050,850630.4563,4.5908,5.4913,5.7576
2024-09-12,3.4400,3.4900,3.4400,3.4700,144728.8000,50189.5620,3.3100,5.4000,0.5887,0.6247,0.7400,4.5236,4.3643,0.4952,2.2099,2.1474,246139.2789,245846.9527,231665.0033,854103.2978,853088.9259,4.5775,5.4755,5.7402
2024-09-13,3.4700,3.4900,3.4300,3.4400,140535.6000,48636.8200,3.2800,5.3500,0.5716,0.6066,0.7200,4.4845,4.3266,0.4909,2.1908,2.1288,246139.2789,245846.9527,231665.0033,846719.1194,845713.5173,4.6175,5.5233,5.7927
2024-09-18,3.4400,3.4500,3.3700,3.4200,191251.4000,65180.5080,3.2700,5.3200,0.7779,0.8256,1.0300,4.4585,4.3014,0.4880,2.1780,2.1164,246139.2789,245846.9527,231665.0033,841796.3338,840796.5782,4.6445,5.5556,5.8104
2024-09-19,3.4200,3.4700,3.4000,3.4600,153347.5200,52732.3020,3.3000,5.3800,0.6238,0.6619,0.8700,4.5106,4.3518,0.4937,2.2035,2.1412,246139.2789,245846.9527,231665.0033,851641.9050,850630.4563,4.5908,5.4913,5.7576
2024-09-20,3.4600,3.4700,3.4300,3.4500,146185.4200,50400.6360,3.2900,5.3600,0.5946,0.6310,0.8400,4.4976,4.3392,0.4923,2.1971,2.1350,246139.2789,245846.9527,231665.0033,849180.5122,848171.9868,4.6041,5.5072,5.7751
2024-09-23,3.4400,3.5100,3.4400,3.5000,233667.8000,81385.9010,3.3400,5.4400,0.9505,1.0086,1.5100,4.5628,4.4021,0.4994,2.2290,2.1659,246139.2789,245846.9527,231665.0033,861487.4762,860464.3345,4.5383,5.4286,5.6886
2024-09-24,3.5100,3.6500,3.5000,3.6400,323077.1300,115601.9510,3.4800,5.6600,1.3141,1.3946,1.8700,4.7453,4.5782,0.5194,2.3181,2.2526,246139.2789,245846.9527,231665.0033,895946.9752,894882.9078,4.3638,5.2198,5.4598
2024-09-25,3.6600,3.7700,3.6600,3.7300,532674.0900,198562.1880,3.5600,5.8000,2.1667,2.2993,2.5400,4.8626,4.6913,0.5323,2.3754,2.3082,246139.2789,245846.9527,231665.0033,918099.5103,917009.1336,4.2585,5.0938,5.3371
2024-09-26,3.7200,3.9500,3.7100,3.9500,554272.2300,211638.2980,3.7700,6.1400,2.2545,2.3926,2.0000,5.1494,4.9680,0.5637,2.5156,2.4444,246139.2789,245846.9527,231665.0033,972250.1517,971095.4632,4.0213,4.8101,5.0398
2024-09-27,3.9900,4.0400,3.8800,3.9700,657219.4000,260149.9440,3.7900,6.1700,2.6733,2.8369,1.8400,5.1755,4.9932,0.5665,2.5283,2.4568,246139.2789,245846.9527,231665.0033,977172.9372,976012.4022,4.0010,4.7859,5.0132
2024-09-30,4.0400,4.3300,4.0300,4.2800,953284.6300,397115.4450,4.0900,6.6600,3.8776,4.1149,2.0700,5.5796,5.3831,0.6107,2.7257,2.6486,246139.2789,245846.9527,231665.0033,1053476.1137,1052224.9576,3.7112,4.4393,4.6455
2024-10-08,4.7000,4.7000,4.2700,4.4300,1011988.4700,450160.6100,4.2300,6.8900,4.1163,4.3683,1.6800,5.7751,5.5718,0.6321,2.8212,2.7414,246139.2789,245846.9527,231665.0033,1090397.0055,1089102.0005,3.5856,4.2889,4.4917
2024-10-09,4.3200,4.3900,4.0000,4.0100,788214.4800,328972.4690,3.8300,6.2400,3.2061,3.4024,1.0600,5.2276,5.0435,0.5722,2.5538,2.4815,246139.2789,245846.9527,231665.0033,987018.5084,985846.2803,3.9611,4.7382,4.9608
2024-10-10,4.0800,4.2700,4.0500,4.1500,699650.9200,291350.2540,3.9600,6.4500,2.8459,3.0201,0.8800,5.4101,5.2196,0.5922,2.6429,2.5682,246139.2789,245846.9527,231665.0033,1021478.0074,1020264.8537,3.8275,4.5783,4.7980
2024-10-11,4.1400,4.1900,4.0100,4.0600,452566.3800,185397.1800,3.8800,6.3100,1.8408,1.9535,0.5500,5.2928,5.1064,0.5794,2.5856,2.5125,246139.2789,245846.9527,231665.0033,999325.4723,998138.6280,3.9123,4.6798,4.8969
2024-10-14,4.1200,4.2400,4.1200,4.2000,505944.6800,211612.2980,4.0100,6.5300,2.0580,2.1839,0.6500,5.4753,5.2825,0.5993,2.6748,2.5991,246139.2789,245846.9527,231665.0033,1033784.9714,1032557.2013,3.7819,4.5238,4.7382
2024-10-15,4.1800,4.2600,4.0800,4.1000,523089.5100,218432.6160,3.9100,6.3800,2.1277,2.2580,0.7600,5.3449,5.1567,0.5851,2.6111,2.5372,246139.2789,245846.9527,231665.0033,1009171.0435,1007972.5061,3.8742,4.6341,4.8593
2024-10-16,4.0700,4.2500,4.0500,4.2200,498538.8500,208503.0050,4.0300,6.5600,2.0278,2.1520,0.8400,5.5014,5.3076,0.6022,2.6875,2.6115,246139.2789,245846.9527,231665.0033,1038707.7570,1037474.1404,3.7640,4.5024,4.7146
2024-10-17,4.2100,4.2500,4.1300,4.1400,373884.7700,156372.4560,3.9500,6.4400,1.5208,1.6139,0.7000,5.3971,5.2070,0.5908,2.6366,2.5620,246139.2789,245846.9527,231665.0033,1019016.6146,1017806.3842,3.8367,4.5894,4.8101
2024-10-18,4.1600,4.2500,4.0600,4.1900,588624.7700,245212.8980,4.0000,6.5200,2.3943,2.5408,1.2500,5.4623,5.2699,0.5979,2.6684,2.5929,246139.2789,245846.9527,231665.0033,1031323.5786,1030098.7318,3.7909,4.5346,4.7500
2024-10-21,4.2000,4.2100,4.1100,4.1600,422542.0200,175347.9130,3.9700,6.4700,1.7187,1.8239,0.8500,5.4232,5.2322,0.5936,2.6493,2.5743,246139.2789,245846.9527,231665.0033,1023939.4002,1022723.3232,3.8183,4.5673,4.7859
2024-10-22,4.1600,4.2000,4.1100,4.1400,320895.7200,132930.5470,3.9500,6.4400,1.3053,1.3852,0.6700,5.3971,5.2070,0.5908,2.6366,2.5620,246139.2789,245846.9527,231665.0033,1019016.6146,1017806.3842,3.8367,4.5894,4.8101
2024-10-23,4.1500,4.1800,4.1300,4.1500,354343.6600,147131.4010,3.9600,6.4500,1.4413,1.5296,0.8000,5.4101,5.2196,0.5922,2.6429,2.5682,246139.2789,245846.9527,231665.0033,1021478.0074,1020264.8537,3.8275,4.5783,4.7980
2024-10-24,4.1300,4.1600,4.1100,4.1400,276618.4000,114371.6070,3.9500,6.4400,1.1252,1.1940,0.6700,5.3971,5.2070,0.5908,2.6366,2.5620,246139.2789,245846.9527,231665.0033,1019016.6146,1017806.3842,3.8367,4.5894,4.8101
2024-10-25,4.1300,4.1500,4.0900,4.1300,282103.8000,116334.6650,3.9400,6.4200,1.1475,1.2177,0.7200,5.3841,5.1944,0.5893,2.6302,2.5558,246139.2789,245846.9527,231665.0033,1016555.2219,1015347.9147,3.8460,4.6005,4.8223
2024-10-28,4.1200,4.1400,4.0700,4.1400,296998.0200,121998.6470,3.9500,6.4400,1.2081,1.2820,0.9000,5.3971,5.2070,0.5908,2.6366,2.5620,246139.2789,245846.9527,231665.0033,1019016.6146,1017806.3842,3.8367,4.5894,4.8101
2024-10-29,4.1400,4.2100,4.0800,4.0800,417818.9800,172880.0360,3.9000,6.3400,1.6995,1.8035,1.3600,5.3189,5.1316,0.5822,2.5983,2.5248,246139.2789,245846.9527,231665.0033,1004248.2579,1003055.5670,3.8932,4.6569,4.8718
2024-10-30,4.0600,4.0800,3.9700,4.0100,493765.7300,198333.8520,3.8300,6.2400,2.0084,2.1314,1.5200,5.2276,5.0363,0.5602,2.5538,2.5279,246139.2789,245846.9527,231665.0033,987018.5084,985846.2803,3.9611,4.7382,4.9608
2024-10-31,4.0100,4.0500,3.9700,4.0200,350287.3800,140516.0310,3.8400,6.2500,1.4248,1.5120,0.9900,5.2407,5.0488,0.5616,2.5601,2.5342,246139.2789,245846.9527,231665.0033,989479.9012,988304.7499,3.9513,4.7264,4.9479
2024-11-01,4.0000,4.0700,3.9900,4.0100,384654.5400,154830.7770,3.8300,6.2400,1.5646,1.6604,1.0400,5.2276,5.0363,0.5602,2.5538,2.5279,246139.2789,245846.9527,231665.0033,987018.5084,985846.2803,3.9611,4.7382,4.9608
2024-11-04,4.0200,4.0400,3.9500,4.0400,314077.9000,125576.4090,3.8600,6.2800,1.2775,1.3557,0.8100,5.2667,5.0740,0.5644,2.5729,2.5469,246139.2789,245846.9527,231665.0033,994402.6868,993221.6889,3.9317,4.7030,4.9223
2024-11-05,4.0200,4.1200,4.0100,4.1200,411862.6400,167967.1100,3.9300,6.4100,1.6753,1.7778,1.0500,5.3710,5.1744,0.5756,2.6238,2.5973,246139.2789,245846.9527,231665.0033,1014093.8291,1012889.4451,3.8554,4.6117,4.8346
2024-11-06,4.1100,4.1200,4.0600,4.0900,336305.1000,137362.8540,3.9000,6.3600,1.3679,1.4517,0.8600,5.3319,5.1368,0.5714,2.6047,2.5784,246139.2789,245846.9527,231665.0033,1006709.6507,1005514.0365,3.8836,4.6455,4.8718
2024-11-07,4.0700,4.2400,4.0700,4.2300,544081.4900,226534.1840,4.0400,6.5800,2.2131,2.3486,1.5100,5.5144,5.3126,0.5910,2.6939,2.6666,246139.2789,245846.9527,231665.0033,1041169.1497,1039932.6099,3.7551,4.4917,4.7030
2024-11-08,4.2700,4.3000,4.1400,4.1700,451733.0300,189562.3150,3.9800,6.4800,1.8375,1.9499,1.1300,5.4362,5.2372,0.5826,2.6557,2.6288,246139.2789,245846.9527,231665.0033,1026400.7930,1025181.7928,3.8091,4.5564,4.7739
2024-11-11,4.1800,4.2000,4.0900,4.1400,395641.3300,163185.4020,3.9500,6.4400,1.6093,1.7078,0.9600,5.3971,5.1996,0.5784,2.6366,2.6099,246139.2789,245846.9527,231665.0033,1019016.6146,1017806.3842,3.8367,4.5894,4.8101
2024-11-12,4.1400,4.1900,4.0800,4.1100,388174.3900,160894.6460,3.9200,6.3900,1.5789,1.6756,0.9100,5.3580,5.1619,0.5742,2.6174,2.5910,246139.2789,245846.9527,231665.0033,1011632.4363,1010430.9756,3.8647,4.6229,4.8469
2024-11-13,4.0900,4.1800,4.0800,4.1400,468083.0500,193528.5020,3.9500,6.4400,1.9040,2.0205,1.1100,5.3971,5.1996,0.5784,2.6366,2.6099,246139.2789,245846.9527,231665.0033,1019016.6146,1017806.3842,3.8367,4.5894,4.8101
2024-11-14,4.1400,4.1900,4.1100,4.1300,405306.5700,168420.9230,3.9400,6.4200,1.6486,1.7495,0.9000,5.3841,5.1870,0.5770,2.6302,2.6036,246139.2789,245846.9527,231665.0033,1016555.2219,1015347.9147,3.8460,4.6005,4.8223
2024-11-15,4.1100,4.2000,4.0900,4.1200,508240.8700,210809.5200,3.9300,6.4100,2.0673,2.1939,1.2000,5.3710,5.1744,0.5756,2.6238,2.5973,246139.2789,245846.9527,231665.0033,1014093.8291,1012889.4451,3.8554,4.6117,4.8346
2024-11-18,4.1900,4.4600,4.1800,4.2200,1114792.5800,475948.7950,4.0300,6.5600,4.5345,4.8121,2.5700,5.5014,5.3000,0.5896,2.6875,2.6603,246139.2789,245846.9527,231665.0033,1038707.7570,1037474.1404,3.7640,4.5024,4.7146
2024-11-19,4.2500,4.3900,4.1800,4.2800,905196.6200,387966.6680,4.0900,6.6600,3.6820,3.9074,1.5700,5.5796,5.3754,0.5979,2.7257,2.6982,246139.2789,245846.9527,231665.0033,1053476.1137,1052224.9576,3.7112,4.4393,4.6455
2024-11-20,4.2700,4.3300,4.2200,4.2500,560570.0300,238556.2340,4.0600,6.6100,2.2802,2.4197,0.8200,5.5405,5.3377,0.5938,2.7066,2.6792,246139.2789,245846.9527,231665.0033,1046091.9353,1044849.5490,3.7374,4.4706,4.6798
2024-11-21,4.2400,4.2600,4.1900,4.2500,376298.2700,159079.9640,4.0600,6.6100,1.5306,1.6243,0.5400,5.5405,5.3377,0.5938,2.7066,2.6792,246139.2789,245846.9527,231665.0033,1046091.9353,1044849.5490,3.7374,4.4706,4.6798
2024-11-22,4.2500,4.3000,4.0900,4.1000,503230.4500,210397.1500,3.9100,6.3800,2.0469,2.1722,0.7300,5.3449,5.1493,0.5728,2.6111,2.5847,246139.2789,245846.9527,231665.0033,1009171.0435,1007972.5061,3.8742,4.6341,4.8593
2024-11-25,4.1000,4.1400,4.0500,4.0900,401593.1800,164203.2970,3.9000,6.3600,1.6335,1.7335,0.5800,5.3319,5.1368,0.5714,2.6047,2.5784,246139.2789,245846.9527,231665.0033,1006709.6507,1005514.0365,3.8836,4.6455,4.8718
2024-11-26,4.0700,4.1300,4.0700,4.1100,303132.2600,124459.1660,3.9200,6.3900,1.2330,1.3085,0.5500,5.3580,5.1619,0.5742,2.6174,2.5910,246139.2789,245846.9527,231665.0033,1011632.4363,1010430.9756,3.8647,4.6229,4.8469
2024-11-27,4.1000,4.1700,4.0200,4.1700,411045.9200,168616.5130,3.9800,6.4800,1.6720,1.7743,0.9600,5.4362,5.2372,0.5826,2.6557,2.6288,246139.2789,245846.9527,231665.0033,1026400.7930,1025181.7928,3.8091,4.5564,4.7739
2024-11-28,4.1700,4.2000,4.1300,4.1500,337495.2200,140666.1970,3.9600,6.4500,1.3728,1.4568,0.8500,5.4101,5.2121,0.5798,2.6429,2.6162,246139.2789,245846.9527,231665.0033,1021478.0074,1020264.8537,3.8275,4.5783,4.7980
2024-11-29,4.1500,4.2300,4.1400,4.2000,421808.0200,177322.2100,4.0100,6.5300,1.7157,1.8208,1.0800,5.4753,5.2749,0.5868,2.6748,2.6477,246139.2789,245846.9527,231665.0033,1033784.9714,1032557.2013,3.7819,4.5238,4.7382
2024-12-02,4.2000,4.2200,4.1500,4.2000,453456.1100,189741.1740,4.0100,6.5300,1.8445,1.9574,1.2100,5.4753,5.2749,0.5868,2.6748,2.6477,246139.2789,245846.9527,231665.0033,1033784.9714,1032557.2013,3.7819,4.5238,4.7382
2024-12-03,4.2000,4.2500,4.1800,4.2500,394209.9500,166130.4950,4.0600,6.6100,1.6035,1.7016,1.0200,5.5405,5.3377,0.5938,2.7066,2.6792,246139.2789,245846.9527,231665.0033,1046091.9353,1044849.5490,3.7374,4.4706,4.6798
2024-12-04,4.2400,4.2700,4.2100,4.2300,285572.6000,120938.3400,4.0400,6.5800,1.1616,1.2327,0.7100,5.5144,5.3126,0.5910,2.6939,2.6666,246139.2789,245846.9527,231665.0033,1041169.1497,1039932.6099,3.7551,4.4917,4.7030
2024-12-05,4.2300,4.2500,4.1900,4.2100,247759.8900,104612.7750,4.0200,6.5500,1.0078,1.0695,0.6500,5.4883,5.2875,0.5882,2.6811,2.6540,246139.2789,245846.9527,231665.0033,1036246.3642,1035015.6709,3.7729,4.5131,4.7264
2024-12-06,4.2100,4.2900,4.2100,4.2800,405538.4000,172832.7120,4.0900,6.6600,1.6496,1.7505,1.1200,5.5796,5.3754,0.5979,2.7257,2.6982,246139.2789,245846.9527,231665.0033,1053476.1137,1052224.9576,3.7112,4.4393,4.6455
2024-12-09,4.2800,4.3200,4.2600,4.2900,346456.0600,148731.6080,4.1000,6.6700,1.4092,1.4955,0.9700,5.5926,5.3879,0.5993,2.7321,2.7045,246139.2789,245846.9527,231665.0033,1055937.5065,1054683.4271,3.7026,4.4289,4.6341
2024-12-10,4.3600,4.3900,4.3000,4.3200,406682.0100,176258.5090,4.1200,6.7200,1.6542,1.7555,1.2100,5.6317,5.4256,0.6035,2.7512,2.7234,246139.2789,245846.9527,231665.0033,1063321.6848,1062058.8357,3.6769,4.3981,4.6117
2024-12-11,4.3100,4.3600,4.2600,4.3500,448518.8600,193784.0110,4.1500,6.7600,1.8244,1.9361,1.3300,5.6709,5.4633,0.6077,2.7703,2.7423,246139.2789,245846.9527,231665.0033,1070705.8632,1069434.2442,3.6515,4.3678,4.5783
2024-12-12,4.3400,4.4400,4.3200,4.4300,481412.4900,211433.9790,4.2300,6.8900,1.9582,2.0781,1.3000,5.7751,5.5638,0.6189,2.8212,2.7927,246139.2789,245846.9527,231665.0033,1090397.0055,1089102.0005,3.5856,4.2889,4.4917
2024-12-13,4.4100,4.4200,4.3100,4.3200,667463.3000,291674.1690,4.1200,6.7200,2.7150,2.8812,1.6000,5.6317,5.4256,0.6035,2.7512,2.7234,246139.2789,245846.9527,231665.0033,1063321.6848,1062058.8357,3.6769,4.3981,4.6117
2024-12-16,4.3200,4.3700,4.3000,4.3600,374349.3500,162226.4430,4.1600,6.7800,1.5227,1.6159,0.8000,5.6839,5.4759,0.6091,2.7767,2.7486,246139.2789,245846.9527,231665.0033,1073167.2560,1071892.7138,3.6431,4.3578,4.5673
2024-12-17,4.3300,4.3800,4.2600,4.3000,536002.9600,230999.9330,4.1100,6.6900,2.1802,2.3137,1.1300,5.6057,5.4005,0.6007,2.7385,2.7108,246139.2789,245846.9527,231665.0033,1058398.8993,1057141.8966,3.6940,4.4186,4.6229
2024-12-18,4.3100,4.3800,4.2900,4.3500,318444.8000,138632.6220,4.1500,6.7600,1.2953,1.3746,0.6300,5.6709,5.4633,0.6077,2.7703,2.7423,246139.2789,245846.9527,231665.0033,1070705.8632,1069434.2442,3.6515,4.3678,4.5783
2024-12-19,4.3400,4.3600,4.2400,4.2600,378493.3600,162100.7270,4.0700,6.6200,1.5395,1.6338,0.8000,5.5535,5.3503,0.5951,2.7130,2.6855,246139.2789,245846.9527,231665.0033,1048553.3281,1047308.0185,3.7287,4.4601,4.6683
2024-12-20,4.2700,4.2900,4.2000,4.2200,265569.7100,112739.1380,4.0300,6.5600,1.0802,1.1464,0.5800,5.5014,5.3000,0.5896,2.6875,2.6603,246139.2789,245846.9527,231665.0033,1038707.7570,1037474.1404,3.7640,4.5024,4.7146
2024-12-23,4.2200,4.2900,4.2100,4.2300,340403.2500,144647.6480,4.0400,6.5800,1.3846,1.4694,0.9100,5.5144,5.3126,0.5910,2.6939,2.6666,246139.2789,245846.9527,231665.0033,1041169.1497,1039932.6099,3.7551,4.4917,4.7030
2024-12-24,4.2200,4.2900,4.2100,4.2900,291411.2600,124422.7210,4.1000,6.6700,1.1853,1.2579,0.7900,5.5926,5.3879,0.5993,2.7321,2.7045,246139.2789,245846.9527,231665.0033,1055937.5065,1054683.4271,3.7026,4.4289,4.6341
2024-12-25,4.2900,4.3400,4.2800,4.3300,322827.2200,139130.3020,4.1300,6.7300,1.3131,1.3935,1.0100,5.6448,5.4382,0.6049,2.7576,2.7297,246139.2789,245846.9527,231665.0033,1065783.0776,1064517.3052,3.6684,4.3880,4.6005
2024-12-26,4.3200,4.3400,4.2700,4.3300,302746.4000,130323.2500,4.1300,6.7300,1.2314,1.3068,0.9500,5.6448,5.4382,0.6049,2.7576,2.7297,246139.2789,245846.9527,231665.0033,1065783.0776,1064517.3052,3.6684,4.3880,4.6005
2024-12-27,4.3100,4.3700,4.2600,4.3700,376713.5400,162970.8670,4.1700,6.8000,1.5323,1.6261,1.2400,5.6969,5.4884,0.6105,2.7830,2.7549,246139.2789,245846.9527,231665.0033,1075628.6488,1074351.1833,3.6348,4.3478,4.5564
2024-12-30,4.3700,4.4500,4.3500,4.4400,431332.4500,190442.0370,4.2400,6.9000,1.7545,1.8619,1.3200,5.7882,5.5763,0.6203,2.8276,2.7990,246139.2789,245846.9527,231665.0033,1092858.3983,1091560.4700,3.5775,4.2793,4.4811
2024-12-31,4.4400,4.5100,4.3400,4.3500,425963.5500,188281.6870,4.1500,6.7600,1.7326,1.8387,1.2300,5.6709,5.4633,0.6077,2.7703,2.7423,246139.2789,245846.9527,231665.0033,1070705.8632,1069434.2442,3.6515,4.3678,4.5783
2025-01-02,4.3800,4.4100,4.1800,4.2100,475077.4400,203594.2510,4.0200,6.5500,1.9324,2.0507,1.2800,5.4883,5.2875,0.5882,2.6811,2.6540,246139.2789,245846.9527,231665.0033,1036246.3642,1035015.6709,4.5131,4.5131,4.9751
2025-01-03,4.2300,4.2500,4.1600,4.1800,345436.2000,145101.5280,3.9900,6.5000,1.4051,1.4911,0.8600,5.4492,5.2498,0.5840,2.6620,2.6351,246139.2789,245846.9527,231665.0033,1028862.1858,1027640.2623,4.5455,4.5455,5.0125
2025-01-06,4.1900,4.2500,4.1400,4.2400,377532.4000,158853.0390,4.0500,6.5900,1.5356,1.6296,0.9200,5.5275,5.3251,0.5924,2.7002,2.6729,246139.2789,245846.9527,231665.0033,1043630.5425,1042391.0794,4.4811,4.4811,4.9383
2025-01-07,4.2400,4.2500,4.1900,4.2300,244363.0200,103179.3420,4.0400,6.5800,0.9940,1.0548,0.5900,5.5144,5.3126,0.5910,2.6939,2.6666,246139.2789,245846.9527,231665.0033,1041169.1497,1039932.6099,4.4917,4.4917,4.9505
2025-01-08,4.2300,4.2800,4.1700,4.2300,333979.5200,141063.1770,4.0400,6.5800,1.3585,1.4416,0.8900,5.5144,5.3126,0.5910,2.6939,2.6666,246139.2789,245846.9527,231665.0033,1041169.1497,1039932.6099,4.4917,4.4917,4.9505
2025-01-09,4.2300,4.2300,4.1600,4.1800,255659.0500,107219.0710,3.9900,6.5000,1.0399,1.1036,0.7200,5.4492,5.2498,0.5840,2.6620,2.6351,246139.2789,245846.9527,231665.0033,1028862.1858,1027640.2623,4.5455,4.5455,5.0125
2025-01-10,4.1800,4.2000,4.1100,4.1200,272152.3300,112833.7670,3.9300,6.4100,1.1070,1.1748,0.8700,5.3710,5.1744,0.5756,2.6238,2.5973,246139.2789,245846.9527,231665.0033,1014093.8291,1012889.4451,4.6117,4.6117,5.0891
2025-01-13,4.0900,4.1100,4.0300,4.0600,249751.4500,101538.5150,3.8800,6.3100,1.0159,1.0781,0.8400,5.2928,5.0991,0.5672,2.5856,2.5595,246139.2789,245846.9527,231665.0033,999325.4723,998138.6280,4.6798,4.6798,5.1546
2025-01-14,4.0600,4.1500,4.0600,4.1300,310227.4500,127540.4340,3.9400,6.4200,1.2619,1.3391,1.1400,5.3841,5.1870,0.5770,2.6302,2.6036,246139.2789,245846.9527,231665.0033,1016555.2219,1015347.9147,4.6005,4.6005,5.0761
2025-01-15,4.1300,4.2200,4.1100,4.1600,284502.3700,118607.2270,3.9700,6.4700,1.1572,1.2281,1.0000,5.4232,5.2247,0.5812,2.6493,2.6225,246139.2789,245846.9527,231665.0033,1023939.4002,1022723.3232,4.5673,4.5673,5.0378
2025-01-16,4.2100,4.3500,4.1900,4.3000,598254.4600,256435.3240,4.1100,6.6900,2.4334,2.5824,2.1800,5.6057,5.4005,0.6007,2.7385,2.7108,246139.2789,245846.9527,231665.0033,1058398.8993,1057141.8966,4.4186,4.4186,4.8662
2025-01-17,4.2900,4.3300,4.2600,4.3000,273618.4000,117694.6290,4.1100,6.6900,1.1130,1.1811,0.8000,5.6057,5.4005,0.6007,2.7385,2.7108,246139.2789,245846.9527,231665.0033,1058398.8993,1057141.8966,4.4186,4.4186,4.8662
2025-01-20,4.3100,4.3500,4.2900,4.3100,235327.0000,101632.0880,4.1100,6.7000,0.9572,1.0158,0.6900,5.6187,5.4131,0.6021,2.7448,2.7171,246139.2789,245846.9527,231665.0033,1060860.2921,1059600.3661,4.4084,4.4084,4.8662
2025-01-21,4.3100,4.3300,4.2600,4.2800,170679.4000,73222.5230,4.0900,6.6600,0.6943,0.7368,0.5000,5.5796,5.3754,0.5979,2.7257,2.6982,246139.2789,245846.9527,231665.0033,1053476.1137,1052224.9576,4.4393,4.4393,4.8900
2025-01-22,4.2800,4.2800,4.1500,4.1700,294088.4500,123297.5330,3.9800,6.4800,1.1962,1.2695,0.9400,5.4362,5.2372,0.5826,2.6557,2.6288,246139.2789,245846.9527,231665.0033,1026400.7930,1025181.7928,4.5564,4.5564,5.0251
2025-01-23,4.2000,4.3300,4.2000,4.2700,409144.3600,174533.0690,4.0800,6.6400,1.6642,1.7661,1.3000,5.5666,5.3628,0.5965,2.7193,2.6918,246139.2789,245846.9527,231665.0033,1051014.7209,1049766.4880,4.4496,4.4496,4.9020
2025-01-24,4.2700,4.3000,4.2300,4.2800,259123.5900,110427.2200,4.0900,6.6600,1.0540,1.1185,0.9400,5.5796,5.3754,0.5979,2.7257,2.6982,246139.2789,245846.9527,231665.0033,1053476.1137,1052224.9576,4.4393,4.4393,4.8900
2025-01-27,4.2800,4.3800,4.2800,4.3500,296940.6000,129274.9040,4.1500,6.7600,1.2078,1.2818,1.0900,5.6709,5.4633,0.6077,2.7703,2.7423,246139.2789,245846.9527,231665.0033,1070705.8632,1069434.2442,4.3678,4.3678,4.8193
2025-02-05,4.3500,4.4000,4.2600,4.2700,286252.4000,123223.8650,4.0800,6.6400,1.1644,1.2356,1.0000,5.5666,5.3628,0.5965,2.7193,2.6918,246139.2789,245846.9527,231665.0033,1051014.7209,1049766.4880,4.4496,4.4496,4.9020
2025-02-06,4.3000,4.3100,4.2400,4.2800,242410.0000,103454.1620,4.0900,6.6600,0.9860,1.0464,0.7800,5.5796,5.3754,0.5979,2.7257,2.6982,246139.2789,245846.9527,231665.0033,1053476.1137,1052224.9576,4.4393,4.4393,4.8900
2025-02-07,4.2700,4.3400,4.2500,4.3100,276598.4000,118766.2270,4.1100,6.7000,1.1251,1.1940,0.9300,5.6187,5.4131,0.6021,2.7448,2.7171,246139.2789,245846.9527,231665.0033,1060860.2921,1059600.3661,4.4084,4.4084,4.8662
2025-02-10,4.3000,4.3200,4.2600,4.2700,309246.4400,132535.7250,4.0800,6.6400,1.2579,1.3349,1.1400,5.5666,5.3628,0.5965,2.7193,2.6918,246139.2789,245846.9527,231665.0033,1051014.7209,1049766.4880,4.4496,4.4496,4.9020
2025-02-11,4.2600,4.3500,4.2500,4.3300,405102.1700,174751.5370,4.1300,6.7300,1.6478,1.7487,1.4400,5.6448,5.4382,0.6049,2.7576,2.7297,246139.2789,245846.9527,231665.0033,1065783.0776,1064517.3052,4.3880,4.3880,4.8426
2025-02-12,4.3200,4.3400,4.2800,4.3100,245768.7300,105790.2120,4.1100,6.7000,0.9997,1.0609,0.8100,5.6187,5.4131,0.6021,2.7448,2.7171,246139.2789,245846.9527,231665.0033,1060860.2921,1059600.3661,4.4084,4.4084,4.8662
2025-02-13,4.3000,4.3200,4.2700,4.2900,243380.8600,104610.3380,4.1000,6.6700,0.9900,1.0506,0.8200,5.5926,5.3879,0.5993,2.7321,2.7045,246139.2789,245846.9527,231665.0033,1055937.5065,1054683.4271,4.4289,4.4289,4.8780
2025-02-14,4.2900,4.3000,4.2300,4.2700,277912.3700,118186.9480,4.0800,6.6400,1.1304,1.1996,0.9400,5.5666,5.3628,0.5965,2.7193,2.6918,246139.2789,245846.9527,231665.0033,1051014.7209,1049766.4880,4.4496,4.4496,4.9020
2025-02-17,4.2700,4.2800,4.2200,4.2400,252083.7500,106795.5460,4.0500,6.5900,1.0254,1.0881,0.8500,5.5275,5.3251,0.5924,2.7002,2.6729,246139.2789,245846.9527,231665.0033,1043630.5425,1042391.0794,4.4811,4.4811,4.9383
2025-02-18,4.2400,4.3600,4.2200,4.3100,492398.3700,211849.0600,4.1100,6.7000,2.0029,2.1255,1.7300,5.6187,5.4131,0.6021,2.7448,2.7171,246139.2789,245846.9527,231665.0033,1060860.2921,1059600.3661,4.4084,4.4084,4.8662
2025-02-19,4.3000,4.3300,4.2500,4.2600,282701.5800,121149.9310,4.0700,6.6200,1.1499,1.2203,0.9400,5.5535,5.3503,0.5951,2.7130,2.6855,246139.2789,245846.9527,231665.0033,1048553.3281,1047308.0185,4.4601,4.4601,4.9140
2025-02-20,4.2800,4.2800,4.2400,4.2500,217853.9100,92741.7600,4.0600,6.6100,0.8861,0.9404,0.7000,5.5405,5.3377,0.5938,2.7066,2.6792,246139.2789,245846.9527,231665.0033,1046091.9353,1044849.5490,4.4706,4.4706,4.9261
2025-02-21,4.2400,4.2600,4.2000,4.2100,312179.7700,131575.0680,4.0200,6.5500,1.2698,1.3475,1.0200,5.4883,5.2875,0.5882,2.6811,2.6540,246139.2789,245846.9527,231665.0033,1036246.3642,1035015.6709,4.5131,4.5131,4.9751
2025-02-24,4.2000,4.2400,4.1900,4.2000,237969.3800,100155.9440,4.0100,6.5300,0.9680,1.0272,0.7600,5.4753,5.2749,0.5868,2.6748,2.6477,246139.2789,245846.9527,231665.0033,1033784.9714,1032557.2013,4.5238,4.5238,4.9875
2025-02-25,4.2000,4.2000,4.1400,4.1500,255486.8000,106413.3140,3.9600,6.4500,1.0392,1.1028,0.8300,5.4101,5.2121,0.5798,2.6429,2.6162,246139.2789,245846.9527,231665.0033,1021478.0074,1020264.8537,4.5783,4.5783,5.0505
2025-02-26,4.1500,4.2200,4.1400,4.1900,268001.1600,112194.8970,4.0000,6.5200,1.0901,1.1568,1.0300,5.4623,5.2624,0.5854,2.6684,2.6414,246139.2789,245846.9527,231665.0033,1031323.5786,1030098.7318,4.5346,4.5346,5.0000
2025-02-27,4.1900,4.2100,4.1700,4.2000,266977.9400,111717.6830,4.0100,6.5300,1.0860,1.1524,1.0300,5.4753,5.2749,0.5868,2.6748,2.6477,246139.2789,245846.9527,231665.0033,1033784.9714,1032557.2013,4.5238,4.5238,4.9875
2025-02-28,4.1900,4.2200,4.1300,4.1500,315303.1700,131446.7520,3.9600,6.4500,1.2825,1.3610,1.1800,5.4101,5.2121,0.5798,2.6429,2.6162,246139.2789,245846.9527,231665.0033,1021478.0074,1020264.8537,4.5783,4.5783,5.0505
2025-03-03,4.1400,4.1700,4.1300,4.1400,262705.3100,108858.3630,3.9500,6.4400,1.0686,1.1340,0.9800,5.3971,5.1996,0.5784,2.6366,2.6099,246139.2789,245846.9527,231665.0033,1019016.6146,1017806.3842,4.5894,4.5894,5.0633
2025-03-04,4.1300,4.1700,4.1200,4.1400,215352.6900,89247.5090,3.9500,6.4400,0.8760,0.9296,0.7900,5.3971,5.1996,0.5784,2.6366,2.6099,246139.2789,245846.9527,231665.0033,1019016.6146,1017806.3842,4.5894,4.5894,5.0633
2025-03-05,4.1400,4.1900,4.1200,4.1800,240370.2100,99947.3830,3.9900,6.5000,0.9777,1.0376,0.9000,5.4492,5.2498,0.5840,2.6620,2.6351,246139.2789,245846.9527,231665.0033,1028862.1858,1027640.2623,4.5455,4.5455,5.0125
2025-03-06,4.1700,4.1800,4.1300,4.1600,310176.9800,128704.3070,3.9700,6.4700,1.2617,1.3389,1.1900,5.4232,5.2247,0.5812,2.6493,2.6225,246139.2789,245846.9527,231665.0033,1023939.4002,1022723.3232,4.5673,4.5673,5.0378
2025-03-07,4.1500,4.1700,4.1300,4.1400,223370.2800,92525.6150,3.9500,6.4400,0.9086,0.9642,0.8300,5.3971,5.1996,0.5784,2.6366,2.6099,246139.2789,245846.9527,231665.0033,1019016.6146,1017806.3842,4.5894,4.5894,5.0633
2025-03-10,4.1400,4.1500,4.1000,4.1100,187729.2600,77283.9110,3.9200,6.3900,0.7636,0.8103,0.7500,5.3580,5.1619,0.5742,2.6174,2.5910,246139.2789,245846.9527,231665.0033,1011632.4363,1010430.9756,4.6229,4.6229,5.1020
2025-03-11,4.1000,4.1300,4.0900,4.1200,149770.3700,61533.4980,3.9300,6.4100,0.6092,0.6465,0.6400,5.3710,5.1744,0.5756,2.6238,2.5973,246139.2789,245846.9527,231665.0033,1014093.8291,1012889.4451,4.6117,4.6117,5.0891
2025-03-12,4.1200,4.1400,4.1000,4.1400,190908.4600,78662.8600,3.9500,6.4400,0.7765,0.8241,0.8600,5.3971,5.1996,0.5784,2.6366,2.6099,246139.2789,245846.9527,231665.0033,1019016.6146,1017806.3842,4.5894,4.5894,5.0633
2025-03-13,4.1200,4.1500,4.1200,4.1400,206769.0000,85449.6590,3.9500,6.4400,0.8410,0.8925,0.9700,5.3971,5.1996,0.5784,2.6366,2.6099,246139.2789,245846.9527,231665.0033,1019016.6146,1017806.3842,4.5894,4.5894,5.0633
2025-03-14,4.1400,4.1900,4.1300,4.1800,307640.5000,128408.7170,3.9900,6.5000,1.2513,1.3280,1.6000,5.4492,5.2498,0.5840,2.6620,2.6351,246139.2789,245846.9527,231665.0033,1028862.1858,1027640.2623,4.5455,4.5455,5.0125
2025-03-17,4.1800,4.2100,4.1700,4.2000,217999.0700,91429.2940,4.0100,6.5300,0.8867,0.9410,1.0500,5.4753,5.2749,0.5868,2.6748,2.6477,246139.2789,245846.9527,231665.0033,1033784.9714,1032557.2013,4.5238,4.5238,4.9875
2025-03-18,4.2000,4.2100,4.1700,4.1900,175104.2700,73316.9290,4.0000,6.5200,0.7122,0.7559,0.8200,5.4623,5.2624,0.5854,2.6684,2.6414,246139.2789,245846.9527,231665.0033,1031323.5786,1030098.7318,4.5346,4.5346,5.0000
2025-03-19,4.1900,4.2300,4.1800,4.2300,307127.8200,129173.5850,4.0400,6.5800,1.2493,1.3257,1.4000,5.5144,5.3126,0.5910,2.6939,2.6666,246139.2789,245846.9527,231665.0033,1041169.1497,1039932.6099,4.4917,4.4917,4.9505
2025-03-20,4.2200,4.2700,4.2100,4.2300,288058.3500,121947.8240,4.0400,6.5800,1.1717,1.2434,1.1900,5.5144,5.3126,0.5910,2.6939,2.6666,246139.2789,245846.9527,231665.0033,1041169.1497,1039932.6099,4.4917,4.4917,4.9505
2025-03-21,4.2200,4.2700,4.1900,4.2100,275401.0000,116579.9530,4.0200,6.5500,1.1202,1.1888,1.0600,5.4883,5.2875,0.5882,2.6811,2.6540,246139.2789,245846.9527,231665.0033,1036246.3642,1035015.6709,4.5131,4.5131,4.9751
2025-03-24,4.2100,4.2600,4.2100,4.2600,330670.9100,140107.9370,4.0700,6.6200,1.3450,1.4274,1.3100,5.5535,5.3503,0.5951,2.7130,2.6855,246139.2789,245846.9527,231665.0033,1048553.3281,1047308.0185,4.4601,4.4601,4.9140
2025-03-25,4.2600,4.3000,4.2500,4.2800,257668.7100,110376.2070,4.0900,6.6600,1.0481,1.1122,0.9400,5.5796,5.3754,0.5979,2.7257,2.6982,246139.2789,245846.9527,231665.0033,1053476.1137,1052224.9576,4.4393,4.4393,4.8900
2025-03-26,4.2800,4.2900,4.2200,4.2400,287445.7100,122312.4660,4.0500,6.5900,1.1692,1.2408,0.9900,5.5275,5.3251,0.5924,2.7002,2.6729,246139.2789,245846.9527,231665.0033,1043630.5425,1042391.0794,4.4811,4.4811,4.9383
2025-03-27,4.2400,4.2700,4.2200,4.2500,195504.2000,83062.8440,4.0600,6.6100,0.7952,0.8439,0.6800,5.5405,5.3377,0.5938,2.7066,2.6792,246139.2789,245846.9527,231665.0033,1046091.9353,1044849.5490,4.4706,4.4706,4.9261
2025-03-28,4.2500,4.2600,4.1900,4.2300,265029.1000,111844.6800,4.0400,6.5800,1.0780,1.1440,0.9800,5.5144,5.3126,0.5910,2.6939,2.6666,246139.2789,245846.9527,231665.0033,1041169.1497,1039932.6099,4.4917,4.4917,4.9505
2025-03-31,4.2700,4.5200,4.2600,4.4500,1334624.5600,588330.3560,4.2500,6.9200,5.4298,5.7610,4.9900,5.3776,5.3776,0.5892,2.7646,2.7646,246139.2789,245794.9789,231665.0033,1095319.7911,1093787.6561,4.2697,4.2697,4.7059
2025-04-01,4.4200,4.4800,4.3800,4.4100,574396.8100,253690.3650,4.2100,6.8600,2.3369,2.4800,1.2300,5.3293,5.3293,0.5839,2.7398,2.7398,246139.2789,245794.9789,231613.0295,1085474.2199,1083955.8569,4.3084,4.3084,4.7506
2025-04-02,4.4300,4.5400,4.4200,4.5200,577207.8800,259978.4760,4.3200,7.0300,2.3483,2.4921,1.0900,5.4622,5.4622,0.5985,2.8081,2.8081,246139.2789,245794.9789,231613.0295,1112549.5406,1110993.3046,4.2035,4.2035,4.6296
2025-04-03,4.4900,4.5800,4.4900,4.5300,474196.2100,214704.7010,4.3300,7.0400,1.9292,2.0474,0.8000,5.4743,5.4743,0.5998,2.8143,2.8143,246139.2789,245794.9789,231613.0295,1115010.9334,1113451.2544,4.1943,4.1943,4.6189
2025-04-07,4.4100,4.4900,4.0800,4.1700,852642.0100,365847.0200,3.9800,6.4800,3.4689,3.6813,1.3200,5.0393,5.0393,0.5521,2.5907,2.5907,246139.2789,245794.9789,231613.0295,1026400.7930,1024965.0620,4.5564,4.5564,5.0251
2025-04-08,4.1700,4.3400,4.1600,4.2500,656455.6200,279033.0400,4.0600,6.6100,2.6707,2.8343,0.8600,5.1359,5.1359,0.5627,2.6404,2.6404,246139.2789,245794.9789,231613.0295,1046091.9353,1044628.6603,4.4706,4.4706,4.9261
2025-04-09,4.2500,4.2500,4.1300,4.2100,539640.8200,226191.1500,4.0200,6.5500,2.1955,2.3299,0.8600,5.0876,5.0876,0.5574,2.6155,2.6155,246139.2789,245794.9789,231613.0295,1036246.3642,1034796.8612,4.5131,4.5131,4.9751
2025-04-10,4.2400,4.2700,4.2000,4.2100,424924.6900,179733.5880,4.0200,6.5500,1.7288,1.8346,0.6900,5.0876,5.0876,0.5574,2.6155,2.6155,246139.2789,245794.9789,231613.0295,1036246.3642,1034796.8612,4.5131,4.5131,4.9751
2025-04-11,4.2000,4.2100,4.1600,4.1800,334542.0000,139885.1670,3.9900,6.5000,1.3611,1.4444,0.5700,5.0513,5.0513,0.5535,2.5969,2.5969,246139.2789,245794.9789,231613.0295,1028862.1858,1027423.0118,4.5455,4.5455,5.0125
2025-04-14,4.2100,4.2300,4.1900,4.2100,296665.0200,124883.9750,4.0200,6.5500,1.2070,1.2809,0.5300,5.0876,5.0876,0.5574,2.6155,2.6155,246139.2789,245794.9789,231613.0295,1036246.3642,1034796.8612,4.5131,4.5131,4.9751
2025-04-15,4.2200,4.2800,4.2000,4.2800,339298.1800,144188.5110,4.0900,6.6600,1.3804,1.4649,0.7500,5.1722,5.1722,0.5667,2.6590,2.6590,246139.2789,245794.9789,231613.0295,1053476.1137,1052002.5097,4.4393,4.4393,4.8900
2025-04-16,4.2900,4.3300,4.2700,4.3300,396796.2200,170755.9520,4.1300,6.7300,1.6143,1.7132,1.0300,5.2326,5.2326,0.5733,2.6901,2.6901,246139.2789,245794.9789,231613.0295,1065783.0776,1064292.2586,4.3880,4.3880,4.8426
2025-04-17,4.3100,4.3500,4.2800,4.3300,281499.6200,121657.1980,4.1300,6.7300,1.1453,1.2154,0.7900,5.2326,5.2326,0.5733,2.6901,2.6901,246139.2789,245794.9789,231613.0295,1065783.0776,1064292.2586,4.3880,4.3880,4.8426
2025-04-18,4.3300,4.4000,4.3100,4.3800,303368.9900,132439.4310,4.1800,6.8100,1.2342,1.3098,0.9200,5.2930,5.2930,0.5799,2.7211,2.7211,246139.2789,245794.9789,231613.0295,1078090.0416,1076582.0076,4.3379,4.3379,4.7847
2025-04-21,4.3800,4.4200,4.3000,4.3100,393172.8500,170927.4050,4.1100,6.7000,1.5996,1.6975,1.2200,5.2084,5.2084,0.5707,2.6776,2.6776,246139.2789,245794.9789,231613.0295,1060860.2921,1059376.3591,4.4084,4.4084,4.8662
2025-04-22,4.2800,4.3300,4.2700,4.3100,400354.6700,172120.6180,4.1100,6.7000,1.6288,1.7285,1.1700,5.2084,5.1886,0.5622,2.6776,2.6352,246139.2789,245794.9789,231613.0295,1060860.2921,1059376.3591,4.4084,4.4084,4.8662
2025-04-23,4.3200,4.3600,4.3000,4.3200,348759.9600,150918.5620,4.1200,6.7200,1.4189,1.5058,0.9800,5.2205,5.2007,0.5635,2.6838,2.6413,246139.2789,245794.9789,231613.0295,1063321.6848,1061834.3088,4.3981,4.3981,4.8544
2025-04-24,4.3300,4.3700,4.3200,4.3600,292010.2000,127084.0130,4.1600,6.7800,1.1880,1.2608,0.8500,5.2689,5.2488,0.5687,2.7087,2.6658,246139.2789,245794.9789,231613.0295,1073167.2560,1071666.1080,4.3578,4.3578,4.8077
2025-04-25,4.3700,4.4400,4.3400,4.4300,310826.6000,136607.4440,4.2300,6.8900,1.2646,1.3420,0.8900,5.3534,5.3331,0.5778,2.7522,2.7086,246139.2789,245794.9789,231613.0295,1090397.0055,1088871.7565,4.2889,4.2889,4.7281
2025-04-28,4.4400,4.4700,4.4300,4.4500,303947.0700,135227.5990,4.2500,6.9200,1.2366,1.3123,0.8700,5.3776,5.3572,0.5804,2.7646,2.7208,246139.2789,245794.9789,231613.0295,1095319.7911,1093787.6561,4.2697,4.2697,4.7059
2025-04-29,4.4400,4.4900,4.4000,4.4200,313688.3600,138984.0580,4.2200,6.8700,1.2762,1.3544,0.9500,5.3414,5.3211,0.5765,2.7460,2.7025,246139.2789,245794.9789,231613.0295,1087935.6127,1086413.8067,4.2986,4.2986,4.7393
2025-04-30,4.2700,4.2700,4.1400,4.1500,507710.9700,211933.9180,4.1500,6.7600,2.0656,2.1921,1.6200,5.0151,4.9960,0.5558,2.5782,2.5374,246139.2789,245794.9789,231613.0295,1021478.0074,1020049.1624,4.5783,4.8193,4.8193
2025-05-06,4.1600,4.1700,4.0900,4.1100,414507.5300,170413.3140,4.1100,6.6900,1.6864,1.7897,1.2000,4.9667,4.9479,0.5505,2.5534,2.5129,246139.2789,245794.9789,231613.0295,1011632.4363,1010217.3633,4.6229,4.8662,4.8662
2025-05-07,4.1400,4.1900,4.1300,4.1700,366556.3600,152554.3610,4.1700,6.7900,1.4913,1.5826,0.9900,5.0393,5.0201,0.5585,2.5907,2.5496,246139.2789,245794.9789,231613.0295,1026400.7930,1024965.0620,4.5564,4.7962,4.7962
2025-05-08,4.1700,4.2400,4.1600,4.2200,269473.6400,113238.2180,4.2200,6.8700,1.0963,1.1635,0.7100,5.0997,5.0803,0.5652,2.6217,2.5802,246139.2789,245794.9789,231613.0295,1038707.7570,1037254.8110,4.5024,4.7393,4.7393
2025-05-09,4.2200,4.2800,4.2100,4.2600,296283.7100,126115.1230,4.2600,6.9400,1.2054,1.2792,0.7900,5.1480,5.1284,0.5705,2.6466,2.6046,246139.2789,245794.9789,231613.0295,1048553.3281,1047086.6101,4.4601,4.6948,4.6948
2025-05-12,4.2600,4.3600,4.2400,4.2800,360514.1000,155027.8370,4.2800,6.9700,1.4667,1.5565,0.9700,5.1722,5.1525,0.5732,2.6590,2.6169,246139.2789,245794.9789,231613.0295,1053476.1137,1052002.5097,4.4393,4.6729,4.6729
2025-05-13,4.2900,4.3500,4.2400,4.3500,319267.0900,137418.1950,4.3500,7.0800,1.2989,1.3785,0.9300,5.2568,5.2368,0.5826,2.7025,2.6597,246139.2789,245794.9789,231613.0295,1070705.8632,1069208.1582,4.3678,4.5977,4.5977
2025-05-14,4.3300,4.4300,4.3100,4.4100,422946.7600,185267.7220,4.4100,7.1800,1.7207,1.8261,1.3100,5.3293,5.3090,0.5906,2.7398,2.6963,246139.2789,245794.9789,231613.0295,1085474.2199,1083955.8569,4.3084,4.5351,4.5351
2025-05-15,4.4000,4.4400,4.3600,4.3700,280444.7000,123261.6370,4.3700,7.1200,1.1410,1.2108,0.8400,5.2809,5.2609,0.5853,2.7149,2.6719,246139.2789,245794.9789,231613.0295,1075628.6488,1074124.0578,4.3478,4.5767,4.5767
2025-05-16,4.3700,4.3900,4.3000,4.3300,315143.5500,136523.5180,4.3300,7.0500,1.2821,1.3606,0.9400,5.2326,5.2127,0.5799,2.6901,2.6474,246139.2789,245794.9789,231613.0295,1065783.0776,1064292.2586,4.3880,4.6189,4.6189
2025-05-19,4.3500,4.3700,4.3200,4.3400,226396.4200,98413.1840,4.3400,7.0700,0.9211,0.9775,0.6700,5.2447,5.2247,0.5813,2.6963,2.6535,246139.2789,245794.9789,231613.0295,1068244.4704,1066750.2084,4.3779,4.6083,4.6083
2025-05-20,4.3500,4.3800,4.3000,4.3200,182669.6700,79183.6860,4.3200,7.0400,0.7432,0.7887,0.5800,5.2205,5.2007,0.5786,2.6838,2.6413,246139.2789,245794.9789,231613.0295,1063321.6848,1061834.3088,4.3981,4.6296,4.6296
2025-05-21,4.3200,4.3900,4.3200,4.3900,223701.9600,97659.5420,4.3900,7.1500,0.9101,0.9658,0.7800,5.3051,5.2849,0.5880,2.7273,2.6841,246139.2789,245794.9789,231613.0295,1080551.4344,1079039.9574,4.3280,4.5558,4.5558
2025-05-22,4.3800,4.4500,4.3600,4.4400,335665.3100,148355.8670,4.4400,7.2300,1.3656,1.4493,1.3700,5.3655,5.3451,0.5946,2.7584,2.7147,246139.2789,245794.9789,231613.0295,1092858.3983,1091329.7063,4.2793,4.5045,4.5045
2025-05-23,4.4400,4.5100,4.4000,4.4100,368422.3700,164264.5780,4.4100,7.1800,1.4989,1.5907,1.4400,5.3293,5.3090,0.5906,2.7398,2.6963,246139.2789,245794.9789,231613.0295,1085474.2199,1083955.8569,4.3084,4.5351,4.5351
2025-05-26,4.4100,4.4900,4.3900,4.4200,284823.6000,126381.3470,4.4200,7.2000,1.1588,1.2297,1.0700,5.3414,5.3211,0.5920,2.7460,2.7025,246139.2789,245794.9789,231613.0295,1087935.6127,1086413.8067,4.2986,4.5249,4.5249
2025-05-27,4.4200,4.4700,4.4100,4.4700,320646.7400,142592.9440,4.4700,7.2800,1.3045,1.3844,1.1500,5.4018,5.3812,0.5987,2.7770,2.7330,246139.2789,245794.9789,231613.0295,1100242.5767,1098703.5557,4.2506,4.4743,4.4743
2025-05-28,4.4700,4.5200,4.4300,4.5200,368357.6300,165298.5130,4.5200,7.3600,1.4986,1.5904,1.2000,5.4622,5.4414,0.6054,2.8081,2.7636,246139.2789,245794.9789,231613.0295,1112549.5406,1110993.3046,4.2035,4.4248,4.4248
2025-05-29,4.5200,4.5700,4.4700,4.5100,408533.0500,184357.3240,4.5100,7.3500,1.6621,1.7639,1.2200,5.4501,5.4294,0.6040,2.8019,2.7575,246139.2789,245794.9789,231613.0295,1110088.1478,1108535.3548,4.2129,4.4346,4.4346
2025-05-30,4.5100,4.5700,4.5100,4.5700,330957.8500,150406.5850,4.5700,7.4400,1.3465,1.4289,0.9500,5.5226,5.5016,0.6121,2.8392,2.7942,246139.2789,245794.9789,231613.0295,1124856.5046,1123283.0536,4.1575,4.3764,4.3764
2025-06-03,4.5600,4.6800,4.5300,4.6700,541815.5800,250329.7380,4.6700,7.6100,2.2043,2.3393,1.5800,5.6435,5.6220,0.6255,2.9013,2.8553,246139.2789,245794.9789,231613.0295,1149470.4325,1147862.5515,4.0685,4.2827,4.2827
2025-06-04,4.6600,4.7500,4.6300,4.7200,431405.4000,202376.7470,4.7200,7.6900,1.7551,1.8626,1.0900,5.7039,5.6822,0.6321,2.9323,2.8859,246139.2789,245794.9789,231613.0295,1161777.3964,1160152.3004,4.0254,4.2373,4.2373
2025-06-05,4.7300,4.7700,4.5900,4.6000,444713.1500,206467.7970,4.6000,7.4900,1.8093,1.9201,1.0700,5.5589,5.5378,0.6161,2.8578,2.8125,246139.2789,245794.9789,231613.0295,1132240.6829,1130656.9029,4.1304,4.3478,4.3478
2025-06-06,4.6200,4.6600,4.6000,4.6400,248599.1300,115079.9850,4.6400,7.5600,1.0114,1.0733,0.5800,5.6072,5.5859,0.6214,2.8826,2.8370,246139.2789,245794.9789,231613.0295,1142086.2541,1140488.7021,4.0948,4.3103,4.3103
