交易日期,开盘价(元),最高价(元),最低价(元),收盘价(元),涨跌(元),涨跌幅(%),成交量(手),成交额(千元),收盘价(前复权)(元),收盘价(后复权)(元),换手率(%),换手率(自由流通)(%),量比,PE市盈率,PE市盈率(TTM),PB市净率,PS市销率,PS市销率(TTM),总股本(万股),流通股本(万股),自由流通股本(万股),总市值(万元),流通市值(万元),股息率(Tushare)(%),"股息率(TTM,Tushare)(%)",股息率(%),股息率(S2-滚动累计)(%),股息率(S1-沿用)(%),股息率(S2-累加)(%)
2010-07-15,2.7400,2.7400,2.6900,2.7000,,,40397251.8000,10949613.7820,1.2500,2.7000,39.1814,39.1814,,12.1405,12.1405,1.9105,3.5498,3.5498,29223529.4000,1031032.5000,1031032.5000,78903529.3800,2783787.7500,,,0.0000,0.0000,0.0000,1.9708
2010-07-16,2.7000,2.7000,2.6800,2.6900,-0.0100,-0.3700,13789551.1700,3707551.2940,1.2400,2.6900,13.3745,13.3745,,13.1473,13.1473,1.7686,3.8442,3.8442,31764705.9000,1031032.5000,1031032.5000,85447058.8710,2773477.4250,,,0.0000,0.0000,0.0000,2.0000
2010-07-19,2.6800,2.7100,2.6800,2.7100,0.0200,0.7400,11467383.2900,3088010.3790,1.2500,2.7100,11.1222,11.1222,,13.2451,13.2451,1.7817,3.8728,3.8728,31764705.9000,1031032.5000,1031032.5000,86082352.9890,2794098.0750,,,0.0000,0.0000,0.0000,2.0149
2010-07-20,2.7000,2.7100,2.6900,2.7100,0.0000,0.0000,8442260.5700,2278829.2370,1.2500,2.7100,8.1882,8.1882,,13.2451,13.2451,1.7817,3.8728,3.8728,31764705.9000,1031032.5000,1031032.5000,86082352.9890,2794098.0750,,,0.0000,0.0000,0.0000,2.0000
2010-07-21,2.7000,2.7100,2.6900,2.7100,0.0000,0.0000,6220943.1700,1678918.0490,1.2500,2.7100,6.0337,6.0337,,13.2451,13.2451,1.7817,3.8728,3.8728,31764705.9000,1031032.5000,1031032.5000,86082352.9890,2794098.0750,,,0.0000,0.0000,0.0000,2.0000
2010-07-22,2.7000,2.7500,2.6900,2.7300,0.0200,0.7400,10651225.7100,2895029.1180,1.2600,2.7300,10.3306,10.3306,0.6600,13.3428,13.3428,1.7949,3.9014,3.9014,31764705.9000,1031032.5000,1031032.5000,86717647.1070,2814718.7250,,,0.0000,0.0000,0.0000,2.0000
2010-07-23,2.7300,2.8400,2.7300,2.8100,0.0800,2.9300,17927829.4600,5001163.7170,1.3000,2.8100,17.3882,17.3882,1.7700,13.7338,13.7338,1.8475,4.0157,4.0157,31764705.9000,1031032.5000,1031032.5000,89258823.5790,2897201.3250,,,0.0000,0.0000,0.0000,1.9780
2010-07-26,2.8300,2.8400,2.7700,2.8000,-0.0100,-0.3600,7046938.7600,1974873.4340,1.2900,2.8000,6.8348,6.8348,0.6400,13.6849,13.6849,1.8409,4.0014,4.0014,31764705.9000,1031032.5000,1031032.5000,88941176.5200,2886891.0000,,,0.0000,0.0000,0.0000,1.9081
2010-07-27,2.7900,2.8000,2.7700,2.7800,-0.0200,-0.7100,3844839.8500,1070439.9900,1.2900,2.7800,3.7291,3.7291,0.3800,13.5872,13.5872,1.8277,3.9728,3.9728,31764705.9000,1031032.5000,1031032.5000,88305882.4020,2866270.3500,,,0.0000,0.0000,0.0000,1.9355
2010-07-28,2.7800,2.8500,2.7800,2.8400,0.0600,2.1600,7969171.3800,2248740.0810,1.3100,2.8400,7.7293,7.7293,0.8700,13.8804,13.8804,1.8672,4.0586,4.0586,31764705.9000,1031032.5000,1031032.5000,90211764.7560,2928132.3000,,,0.0000,0.0000,0.0000,1.9424
2010-07-29,2.8400,2.8800,2.8100,2.8300,-0.0100,-0.3500,8945883.9500,2542991.6310,1.3100,2.8300,8.6766,8.6766,0.9400,13.8316,13.8316,1.8606,4.0443,4.0443,31764705.9000,1031032.5000,1031032.5000,89894117.6970,2917821.9750,,,0.0000,0.0000,0.0000,1.9014
2010-07-30,2.8200,2.8200,2.7700,2.7900,-0.0400,-1.4100,5106245.5700,1423707.8060,1.2900,2.7900,4.9526,4.9526,0.5600,13.6361,13.6361,1.8343,3.9871,3.9871,31764705.9000,1031032.5000,1031032.5000,88623529.4610,2876580.6750,,,0.0000,0.0000,0.0000,1.9149
2010-08-02,2.7800,2.8100,2.7700,2.8000,0.0100,0.3600,5215746.3200,1454410.9360,1.2900,2.8000,5.0588,5.0588,0.7900,13.6849,13.6849,1.8409,4.0014,4.0014,31764705.9000,1031032.5000,1031032.5000,88941176.5200,2886891.0000,,,0.0000,0.0000,0.0000,1.9424
2010-08-03,2.8000,2.8100,2.7300,2.7300,-0.0700,-2.5000,5667042.0000,1568202.1740,1.2600,2.7300,5.4965,5.4965,0.9100,13.3428,13.3428,1.7949,3.9014,3.9014,31764705.9000,1031032.5000,1031032.5000,86717647.1070,2814718.7250,,,0.0000,0.0000,0.0000,1.9286
2010-08-04,2.7300,2.7500,2.7000,2.7300,0.0000,0.0000,4138634.6300,1127311.9600,1.2600,2.7300,4.0141,4.0141,0.6300,13.3428,13.3428,1.7949,3.9014,3.9014,31764705.9000,1031032.5000,1031032.5000,86717647.1070,2814718.7250,,,0.0000,0.0000,0.0000,1.9780
2010-08-05,2.7300,2.7300,2.7100,2.7200,-0.0100,-0.3700,3355002.2000,911158.9460,1.2600,2.7200,3.2540,3.2540,0.5800,13.4535,13.4535,1.7707,3.9337,3.9337,32145882.3000,1031032.5000,1031032.5000,87436799.8560,2804408.4000,,,0.0000,0.0000,0.0000,1.9780
2010-08-06,2.7200,2.7300,2.7000,2.7200,0.0000,0.0000,3280149.0900,891315.2160,1.2600,2.7200,3.1814,3.1814,0.7000,13.4535,13.4535,1.7707,3.9337,3.9337,32145882.3000,1031032.5000,1031032.5000,87436799.8560,2804408.4000,,,0.0000,0.0000,0.0000,1.9853
2010-08-09,2.7200,2.7300,2.7000,2.7200,0.0000,0.0000,4598875.8400,1246015.5580,1.2600,2.7200,4.4605,4.4605,1.0600,13.4535,13.4535,1.7707,3.9337,3.9337,32145882.3000,1031032.5000,1031032.5000,87436799.8560,2804408.4000,,,0.0000,0.0000,0.0000,1.9853
2010-08-10,2.7100,2.7200,2.6800,2.6900,-0.0300,-1.1000,5066835.4800,1364669.7700,1.2400,2.6900,4.9143,4.9143,1.2000,13.3051,13.3051,1.7512,3.8904,3.8904,32145882.3000,1031032.5000,1031032.5000,86472423.3870,2773477.4250,,,0.0000,0.0000,0.0000,1.9926
2010-08-11,2.6900,2.7000,2.6800,2.6900,0.0000,0.0000,4681193.6300,1258909.8390,1.2400,2.6900,4.5403,4.5403,1.1500,13.3051,13.3051,1.7512,3.8904,3.8904,32145882.3000,1031032.5000,1031032.5000,86472423.3870,2773477.4250,,,0.0000,0.0000,0.0000,2.0074
2010-08-12,2.6800,2.6900,2.6800,2.6800,-0.0100,-0.3700,5115667.3100,1372025.9690,1.2400,2.6800,4.9617,4.9617,1.2200,13.2556,13.2556,1.7447,3.8759,3.8759,32145882.3000,1031032.5000,1031032.5000,86150964.5640,2763167.1000,,,0.0000,0.0000,0.0000,2.0149
2010-08-13,2.6800,2.6900,2.6800,2.6900,0.0100,0.3700,6615541.2500,1774477.6680,1.2400,2.6900,6.4164,6.4164,1.4500,13.3051,13.3051,1.7512,3.8904,3.8904,32145882.3000,1031032.5000,1031032.5000,86472423.3870,2773477.4250,,,0.0000,0.0000,0.0000,2.0149
2010-08-16,2.6800,2.7200,2.6800,2.7100,0.0200,0.7400,3865491.6500,1043020.8260,1.2500,2.7100,3.7491,3.7491,0.7400,13.5431,13.5431,1.7512,3.9599,3.9599,32479411.7000,1031032.5000,1031032.5000,88019205.7070,2794098.0750,,,0.0000,0.0000,0.0000,2.0149
2010-08-17,2.7000,2.7000,2.6800,2.6900,-0.0200,-0.7400,3327280.9100,894785.9290,1.2400,2.6900,3.2271,3.2271,0.6600,13.4431,13.4431,1.7383,3.9307,3.9307,32479411.7000,1031032.5000,1031032.5000,87369617.4730,2773477.4250,,,0.0000,0.0000,0.0000,2.0000
2010-08-18,2.6900,2.7100,2.6800,2.6900,0.0000,0.0000,3959870.7200,1065636.6510,1.2400,2.6900,3.8407,3.8407,0.8400,13.4431,13.4431,1.7383,3.9307,3.9307,32479411.7000,1031032.5000,1031032.5000,87369617.4730,2773477.4250,,,0.0000,0.0000,0.0000,2.0074
2010-08-19,2.6900,2.7000,2.6800,2.6900,0.0000,0.0000,4142537.2600,1113238.2250,1.2400,2.6900,4.0179,4.0179,0.9100,13.4431,13.4431,1.7383,3.9307,3.9307,32479411.7000,1031032.5000,1031032.5000,87369617.4730,2773477.4250,,,0.0000,0.0000,0.0000,2.0074
2010-08-20,2.6800,2.6900,2.6800,2.6800,-0.0100,-0.3700,4295121.3300,1151677.3020,1.2400,2.6800,4.1658,4.1658,0.9800,13.3932,13.3932,1.7319,3.9161,3.9161,32479411.7000,1031032.5000,1031032.5000,87044823.3560,2763167.1000,,,0.0000,0.0000,0.0000,2.0149
2010-08-23,2.6800,2.6900,2.6800,2.6800,0.0000,0.0000,1466815.1700,393475.9450,1.2400,2.6800,1.4227,1.4227,0.3700,13.3932,13.3932,1.7319,3.9161,3.9161,32479411.7000,1031032.5000,1031032.5000,87044823.3560,2763167.1000,,,0.0000,0.0000,0.0000,2.0149
2010-08-24,2.6800,2.7000,2.6800,2.6900,0.0100,0.3700,2563052.4900,688912.7410,1.2400,2.6900,2.4859,2.4859,0.7500,13.4431,13.4431,1.7383,3.9307,3.9307,32479411.7000,1031032.5000,1031032.5000,87369617.4730,2773477.4250,,,0.0000,0.0000,0.0000,2.0149
2010-08-25,2.6800,2.6900,2.6800,2.6800,-0.0100,-0.3700,3366945.1400,902581.6250,1.2400,2.6800,3.2656,3.2656,1.0200,13.3932,13.3932,1.7319,3.9161,3.9161,32479411.7000,1031032.5000,1031032.5000,87044823.3560,2763167.1000,,,0.0000,0.0000,0.0000,2.0149
2010-08-26,2.6800,2.6900,2.6800,2.6900,0.0100,0.3700,1727320.9000,463500.7990,1.2400,2.6900,1.6753,1.6753,0.5500,13.4431,13.4431,1.7383,3.9307,3.9307,32479411.7000,1031032.5000,1031032.5000,87369617.4730,2773477.4250,,,0.0000,0.0000,0.0000,2.0149
2010-08-27,2.6900,2.6900,2.6800,2.6900,0.0000,0.0000,1534878.0500,411906.5550,1.2400,2.6900,1.4887,1.4887,0.5700,13.4431,13.4431,1.7383,3.9307,3.9307,32479411.7000,1031032.5000,1031032.5000,87369617.4730,2773477.4250,,,0.0000,0.0000,0.0000,2.0074
2010-08-30,2.6900,2.7100,2.6800,2.7000,0.0100,0.3700,3661373.9000,986902.6180,1.2500,2.7000,3.5512,3.5512,1.7200,13.4931,11.2259,1.7448,3.9453,3.4533,32479411.7000,1031032.5000,1031032.5000,87694411.5900,2783787.7500,,,0.0000,0.0000,0.0000,2.0074
2010-08-31,2.7000,2.7000,2.6800,2.6900,-0.0100,-0.3700,2288977.0800,615761.2280,1.2400,2.6900,2.2201,2.2201,0.8900,13.4431,11.1843,1.7383,3.9307,3.4405,32479411.7000,1031032.5000,1031032.5000,87369617.4730,2773477.4250,,,0.0000,0.0000,0.0000,2.0000
2010-09-01,2.6800,2.7000,2.6800,2.6800,-0.0100,-0.3700,3136429.5200,842476.7140,1.2400,2.6800,3.0420,3.0420,1.2500,13.3932,11.1427,1.7319,3.9161,3.4277,32479411.7000,1031032.5000,1031032.5000,87044823.3560,2763167.1000,,,0.0000,0.0000,0.0000,2.0149
2010-09-02,2.6900,2.6900,2.6800,2.6900,0.0100,0.3700,1676088.9800,449766.1810,1.2400,2.6900,1.6256,1.6256,0.6800,13.4431,11.1843,1.7383,3.9307,3.4405,32479411.7000,1031032.5000,1031032.5000,87369617.4730,2773477.4250,,,0.0000,0.0000,0.0000,2.0074
2010-09-03,2.6900,2.7000,2.6800,2.6900,0.0000,0.0000,2825240.6400,758869.0450,1.2400,2.6900,2.7402,2.7402,1.1500,13.4431,11.1843,1.7383,3.9307,3.4405,32479411.7000,1031032.5000,1031032.5000,87369617.4730,2773477.4250,,,0.0000,0.0000,0.0000,2.0074
2010-09-06,2.6900,2.7000,2.6800,2.7000,0.0100,0.3700,2439620.3800,656577.6230,1.2500,2.7000,2.3662,2.3662,0.9000,13.4931,11.2259,1.7448,3.9453,3.4533,32479411.7000,1031032.5000,1031032.5000,87694411.5900,2783787.7500,,,0.0000,0.0000,0.0000,2.0074
2010-09-07,2.7000,2.7000,2.6800,2.6900,-0.0100,-0.3700,1712861.3600,460782.4920,1.2400,2.6900,1.6613,1.6613,0.6900,13.4431,11.1843,1.7383,3.9307,3.4405,32479411.7000,1031032.5000,1031032.5000,87369617.4730,2773477.4250,,,0.0000,0.0000,0.0000,2.0000
2010-09-08,2.6800,2.7000,2.6800,2.7000,0.0100,0.3700,2253965.0900,605671.7240,1.2500,2.7000,2.1861,2.1861,0.9600,13.4931,11.2259,1.7448,3.9453,3.4533,32479411.7000,1031032.5000,1031032.5000,87694411.5900,2783787.7500,,,0.0000,0.0000,0.0000,2.0149
2010-09-09,2.6900,2.7000,2.6800,2.6900,-0.0100,-0.3700,2232502.2400,599339.4970,1.2400,2.6900,2.1653,2.1653,1.0200,13.4431,11.1843,1.7383,3.9307,3.4405,32479411.7000,1031032.5000,1031032.5000,87369617.4730,2773477.4250,,,0.0000,0.0000,0.0000,2.0074
2010-09-10,2.6800,2.7000,2.6800,2.6900,0.0000,0.0000,2849695.8700,765617.2950,1.2400,2.6900,2.7639,2.7639,1.2400,13.4431,11.1843,1.7383,3.9307,3.4405,32479411.7000,1031032.5000,1031032.5000,87369617.4730,2773477.4250,,,0.0000,0.0000,0.0000,2.0149
2010-09-13,2.6900,2.7000,2.6800,2.7000,0.0100,0.3700,2973850.2900,800205.1390,1.2500,2.7000,2.8843,2.8843,1.2900,13.4931,11.2259,1.7448,3.9453,3.4533,32479411.7000,1031032.5000,1031032.5000,87694411.5900,2783787.7500,,,0.0000,0.0000,0.0000,2.0074
2010-09-14,2.6900,2.7000,2.6800,2.6900,-0.0100,-0.3700,2182471.2300,587166.5680,1.2400,2.6900,2.1168,2.1168,0.9100,13.4431,11.1843,1.7383,3.9307,3.4405,32479411.7000,1031032.5000,1031032.5000,87369617.4730,2773477.4250,,,0.0000,0.0000,0.0000,2.0074
2010-09-15,2.6900,2.6900,2.6800,2.6800,-0.0100,-0.3700,1797044.2600,481997.2090,1.2400,2.6800,1.7430,1.7430,0.7200,13.3932,11.1427,1.7319,3.9161,3.4277,32479411.7000,1031032.5000,1031032.5000,87044823.3560,2763167.1000,,,0.0000,0.0000,0.0000,2.0074
2010-09-16,2.6800,2.6900,2.6100,2.6300,-0.0500,-1.8700,5433750.7500,1437568.8860,1.2200,2.6300,5.2702,5.2702,2.2600,13.1433,10.9348,1.6995,3.8430,3.3638,32479411.7000,1031032.5000,1031032.5000,85420852.7710,2711615.4750,,,0.0000,0.0000,0.0000,2.0149
2010-09-17,2.6200,2.6300,2.5700,2.6000,-0.0300,-1.1400,2606874.1300,676648.5500,1.2000,2.6000,2.5284,2.5284,0.8600,12.9934,10.8101,1.6802,3.7992,3.3254,32479411.7000,1031032.5000,1031032.5000,84446470.4200,2680684.5000,,,0.0000,0.0000,0.0000,2.0611
2010-09-20,2.6000,2.6200,2.5800,2.6000,0.0000,0.0000,1653958.5000,429141.7350,1.2000,2.6000,1.6042,1.6042,0.5500,12.9934,10.8101,1.6802,3.7992,3.3254,32479411.7000,1031032.5000,1031032.5000,84446470.4200,2680684.5000,,,0.0000,0.0000,0.0000,2.0769
2010-09-21,2.6000,2.6100,2.5900,2.5900,-0.0100,-0.3800,752218.9900,195137.1070,1.2000,2.5900,0.7296,0.7296,0.2800,12.9434,10.7685,1.6737,3.7846,3.3126,32479411.7000,1031032.5000,1031032.5000,84121676.3030,2670374.1750,,,0.0000,0.0000,0.0000,2.0769
2010-09-27,2.6000,2.6000,2.5700,2.5900,0.0000,0.0000,961037.1500,248183.6870,1.2000,2.5900,0.9321,0.9321,0.3900,12.9434,10.7685,1.6737,3.7846,3.3126,32479411.7000,1031032.5000,1031032.5000,84121676.3030,2670374.1750,,,0.0000,0.0000,0.0000,2.0769
2010-09-28,2.5800,2.5900,2.5700,2.5700,-0.0200,-0.7700,888310.3100,228960.4850,1.1900,2.5700,0.8616,0.8616,0.3900,12.8434,10.6854,1.6608,3.7554,3.2870,32479411.7000,1031032.5000,1031032.5000,83472088.0690,2649753.5250,,,0.0000,0.0000,0.0000,2.0930
2010-09-29,2.5700,2.5800,2.5200,2.5300,-0.0400,-1.5600,1394755.2700,355972.0750,1.1700,2.5300,1.3528,1.3528,1.0200,12.6435,10.5191,1.6349,3.6969,3.2359,32479411.7000,1031032.5000,1031032.5000,82172911.6010,2608512.2250,,,0.0000,0.0000,0.0000,2.1012
2010-09-30,2.5300,2.6400,2.5300,2.6100,0.0800,3.1600,2524757.5900,657088.0290,1.2100,2.6100,2.4488,2.4488,2.2300,13.0433,10.8517,1.6866,3.8138,3.3382,32479411.7000,1031032.5000,1031032.5000,84771264.5370,2690994.8250,,,0.0000,0.0000,0.0000,2.1344
2010-10-08,2.6400,2.6900,2.6200,2.6700,0.0600,2.3000,3442118.1500,916298.5580,1.2300,2.6700,3.3385,3.3385,2.6400,13.3432,11.1012,1.7254,3.9015,3.4149,32479411.7000,1031032.5000,1031032.5000,86720029.2390,2752856.7750,,,0.0000,0.0000,0.0000,2.0455
2010-10-11,2.6700,2.7300,2.6500,2.7000,0.0300,1.1200,5725404.9400,1543154.2270,1.2500,2.7000,5.5531,5.5531,3.1100,13.4931,11.2259,1.7448,3.9453,3.4533,32479411.7000,1031032.5000,1031032.5000,87694411.5900,2783787.7500,,,0.0000,0.0000,0.0000,2.0225
2010-10-12,2.6800,2.6900,2.6600,2.6800,-0.0200,-0.7400,2194685.7900,587754.6810,1.2400,2.6800,2.1286,2.1286,0.7900,13.3932,11.1427,1.7319,3.9161,3.4277,32479411.7000,1031032.5000,1031032.5000,87044823.3560,2763167.1000,,,0.0000,0.0000,0.0000,2.0149
2010-10-13,2.6700,2.7200,2.6500,2.7100,0.0300,1.1200,5141264.0900,1383467.2910,1.2500,2.7100,4.9865,4.9865,1.6800,13.5431,11.2675,1.7512,3.9599,3.4661,32479411.7000,1031032.5000,1031032.5000,88019205.7070,2794098.0750,,,0.0000,0.0000,0.0000,2.0225
2010-10-14,2.7300,2.8200,2.7300,2.7900,0.0800,2.9500,13279412.5900,3700757.0840,1.2900,2.7900,12.8797,12.8797,3.4900,13.9429,11.6001,1.8029,4.0768,3.5684,32479411.7000,1031032.5000,1031032.5000,90617558.6430,2876580.6750,,,0.0000,0.0000,0.0000,1.9780
2010-10-15,2.8100,2.9500,2.8100,2.9500,0.1600,5.7300,16637922.2300,4798576.2920,1.3600,2.9500,10.8444,10.8444,2.7900,14.7425,12.2653,1.9063,4.3106,3.7730,32479411.7000,1534235.3000,1534235.3000,95814264.5150,4525994.1350,,,0.0000,0.0000,0.0000,1.9217
2010-10-18,2.9800,3.1000,2.9400,2.9500,0.0000,0.0000,11178601.8200,3365090.0570,1.3600,2.9500,7.2861,7.2861,1.3000,14.7425,12.2653,1.9063,4.3106,3.7730,32479411.7000,1534235.3000,1534235.3000,95814264.5150,4525994.1350,,,0.0000,0.0000,0.0000,1.8121
2010-10-19,2.9000,2.9600,2.8400,2.9400,-0.0100,-0.3400,4996673.0100,1455175.0140,1.3600,2.9400,3.2568,3.2568,0.5200,14.6925,12.2237,1.8999,4.2960,3.7602,32479411.7000,1534235.3000,1534235.3000,95489470.3980,4510651.7820,,,0.0000,0.0000,0.0000,1.8621
2010-10-20,2.9500,3.0200,2.9000,2.9400,0.0000,0.0000,6381942.5200,1884762.9430,1.3600,2.9400,4.1597,4.1597,0.6200,14.6925,12.2237,1.8999,4.2960,3.7602,32479411.7000,1534235.3000,1534235.3000,95489470.3980,4510651.7820,,,0.0000,0.0000,0.0000,1.8305
2010-10-21,2.9300,2.9300,2.8000,2.8400,-0.1000,-3.4000,6273212.8300,1782841.3740,1.3100,2.8400,4.0888,4.0888,0.6000,14.1928,11.8080,1.8352,4.1499,3.6323,32479411.7000,1534235.3000,1534235.3000,92241529.2280,4357228.2520,,,0.0000,0.0000,0.0000,1.8430
2010-10-22,2.8300,2.8400,2.7700,2.8100,-0.0300,-1.0600,4060103.9000,1136434.0910,1.3000,2.8100,2.6463,2.6463,0.4500,14.0428,11.6832,1.8159,4.1061,3.5940,32479411.7000,1534235.3000,1534235.3000,91267146.8770,4311201.1930,,,0.0000,0.0000,0.0000,1.9081
2010-10-25,2.8100,2.8400,2.7600,2.8300,0.0200,0.7100,4699433.1700,1319910.8590,1.3100,2.8300,3.0630,3.0630,0.7100,14.1428,11.7664,1.8288,4.1353,3.6196,32479411.7000,1534235.3000,1534235.3000,91916735.1110,4341885.8990,,,0.0000,0.0000,0.0000,1.9217
2010-10-26,2.8300,2.8400,2.7400,2.7600,-0.0700,-2.4700,4858251.4900,1351903.6550,1.2800,2.7600,3.1666,3.1666,0.9200,13.7930,11.4754,1.7836,4.0330,3.5300,32479411.7000,1534235.3000,1534235.3000,89643176.2920,4234489.4280,,,0.0000,0.0000,0.0000,1.9081
2010-10-27,2.7500,2.8100,2.7300,2.7600,0.0000,0.0000,4591104.9200,1273020.7380,1.2800,2.7600,2.9924,2.9924,0.8700,13.7930,11.4754,1.7836,4.0330,3.5300,32479411.7000,1534235.3000,1534235.3000,89643176.2920,4234489.4280,,,0.0000,0.0000,0.0000,1.9636
2010-10-28,2.7800,2.8100,2.7500,2.8000,0.0400,1.4500,3165194.2200,879640.0630,1.2900,2.8000,2.0630,2.0630,0.6500,13.9929,10.8706,1.7220,4.0915,3.3173,32479411.7000,1534235.3000,1534235.3000,90942352.7600,4295858.8400,,,0.0000,0.0000,0.0000,1.9424
2010-10-29,2.7900,2.8000,2.7400,2.7600,-0.0400,-1.4300,2512908.6700,693182.3790,1.2800,2.7600,1.6379,1.6379,0.5900,13.7930,10.7153,1.6974,4.0330,3.2699,32479411.7000,1534235.3000,1534235.3000,89643176.2920,4234489.4280,,,0.0000,0.0000,0.0000,1.9355
2010-11-01,2.7500,2.7800,2.7400,2.7800,0.0200,0.7200,3553336.9400,981577.5660,1.2900,2.7800,2.3160,2.3160,0.9000,13.8929,10.7930,1.7097,4.0622,3.2936,32479411.7000,1534235.3000,1534235.3000,90292764.5260,4265174.1340,,,0.0000,0.0000,0.0000,1.9636
2010-11-02,2.7700,2.7900,2.7200,2.7700,-0.0100,-0.3600,3613033.5600,993981.0150,1.2800,2.7700,2.3549,2.3549,0.9700,13.8429,10.7541,1.7036,4.0476,3.2818,32479411.7000,1534235.3000,1534235.3000,89967970.4090,4249831.7810,,,0.0000,0.0000,0.0000,1.9495
2010-11-03,2.7800,2.8400,2.7400,2.8200,0.0500,1.8100,6291963.2900,1762488.3990,1.3000,2.8200,4.1010,4.1010,1.8000,14.0928,10.9482,1.7343,4.1207,3.3410,32479411.7000,1534235.3000,1534235.3000,91591940.9940,4326543.5460,,,0.0000,0.0000,0.0000,1.9424
2010-11-04,2.8200,2.8700,2.8100,2.8400,0.0200,0.7100,4349136.0500,1234006.2400,1.3100,2.8400,2.8347,2.8347,1.1400,14.1928,11.0259,1.7466,4.1499,3.3647,32479411.7000,1534235.3000,1534235.3000,92241529.2280,4357228.2520,,,0.0000,0.0000,0.0000,1.9149
2010-11-05,2.8700,2.9000,2.8500,2.8900,0.0500,1.7600,5199553.8900,1494552.9020,1.3400,2.8900,3.3890,3.3890,1.2800,14.4426,11.2200,1.7774,4.2230,3.4240,32479411.7000,1534235.3000,1534235.3000,93865499.8130,4433940.0170,,,0.0000,0.0000,0.0000,1.8815
2010-11-08,2.8900,2.9100,2.8600,2.8900,0.0000,0.0000,3869731.1800,1116586.1120,1.3400,2.8900,2.5223,2.5223,0.8400,14.4426,11.2200,1.7774,4.2230,3.4240,32479411.7000,1534235.3000,1534235.3000,93865499.8130,4433940.0170,,,0.0000,0.0000,0.0000,1.8685
2010-11-09,2.8900,2.8900,2.7900,2.8300,-0.0600,-2.0800,4494430.1300,1278537.8960,1.3100,2.8300,2.9294,2.9294,0.9600,14.1428,10.9871,1.7405,4.1353,3.3529,32479411.7000,1534235.3000,1534235.3000,91916735.1110,4341885.8990,,,0.0000,0.0000,0.0000,1.8685
2010-11-10,2.8000,2.8000,2.7500,2.7700,-0.0600,-2.1200,4778430.7100,1323713.0620,1.2800,2.7700,3.1145,3.1145,0.9900,13.8429,10.7541,1.7036,4.0476,3.2818,32479411.7000,1534235.3000,1534235.3000,89967970.4090,4249831.7810,,,0.0000,0.0000,0.0000,1.9286
2010-11-11,2.7600,2.8300,2.7500,2.8000,0.0300,1.0800,3725950.2200,1034785.7750,1.2900,2.8000,2.4285,2.4285,0.8200,13.9929,10.8706,1.7220,4.0915,3.3173,32479411.7000,1534235.3000,1534235.3000,90942352.7600,4295858.8400,,,0.0000,0.0000,0.0000,1.9565
2010-11-12,2.7700,2.7900,2.6800,2.7200,-0.0800,-2.8600,5373640.9800,1467717.5500,1.2600,2.7200,3.5025,3.5025,1.2200,13.5931,10.5600,1.6728,3.9746,3.2226,32479411.7000,1534235.3000,1534235.3000,88343999.8240,4173120.0160,,,0.0000,0.0000,0.0000,1.9495
2010-11-15,2.7100,2.7500,2.6800,2.7500,0.0300,1.1000,2963727.7100,801901.8000,1.2700,2.7500,1.9317,1.9317,0.6700,13.7430,10.6765,1.6913,4.0184,3.2581,32479411.7000,1534235.3000,1534235.3000,89318382.1750,4219147.0750,,,0.0000,0.0000,0.0000,1.9926
2010-11-16,2.7300,2.7300,2.6600,2.6700,-0.0800,-2.9100,3656204.5700,984648.1100,1.2300,2.6700,2.3831,2.3831,0.8600,13.3432,10.3659,1.6421,3.9015,3.1633,32479411.7000,1534235.3000,1534235.3000,86720029.2390,4096408.2510,,,0.0000,0.0000,0.0000,1.9780
2010-11-17,2.6500,2.6900,2.6300,2.6700,0.0000,0.0000,1849582.1700,492908.1280,1.2300,2.6700,1.2055,1.2055,0.4500,13.3432,10.3659,1.6421,3.9015,3.1633,32479411.7000,1534235.3000,1534235.3000,86720029.2390,4096408.2510,,,0.0000,0.0000,0.0000,2.0377
2010-11-18,2.6700,2.6900,2.6600,2.6700,0.0000,0.0000,1714570.1600,457764.4410,1.2300,2.6700,1.1175,1.1175,0.4900,13.3432,10.3659,1.6421,3.9015,3.1633,32479411.7000,1534235.3000,1534235.3000,86720029.2390,4096408.2510,,,0.0000,0.0000,0.0000,2.0225
2010-11-19,2.6800,2.6900,2.6100,2.6800,0.0100,0.3700,2501484.9700,663721.4500,1.2400,2.6800,1.6304,1.6304,0.8000,13.3932,10.4047,1.6482,3.9161,3.1752,32479411.7000,1534235.3000,1534235.3000,87044823.3560,4111750.6040,,,0.0000,0.0000,0.0000,2.0149
2010-11-22,2.6500,2.6600,2.6300,2.6500,-0.0300,-1.1200,1597644.5700,422875.2020,1.2300,2.6500,1.0413,1.0413,0.6300,13.2432,10.2882,1.6298,3.8723,3.1396,32479411.7000,1534235.3000,1534235.3000,86070441.0050,4065723.5450,,,0.0000,0.0000,0.0000,2.0377
2010-11-23,2.6400,2.6500,2.5900,2.6200,-0.0300,-1.1300,1925677.2400,502820.7530,1.2100,2.6200,1.2551,1.2551,0.8500,13.0933,10.1718,1.6113,3.8284,3.1041,32479411.7000,1534235.3000,1534235.3000,85096058.6540,4019696.4860,,,0.0000,0.0000,0.0000,2.0455
2010-11-24,2.6100,2.6600,2.6000,2.6400,0.0200,0.7600,1330595.7100,350644.7150,1.2200,2.6400,0.8673,0.8673,0.6900,13.1933,10.2494,1.6236,3.8577,3.1278,32479411.7000,1534235.3000,1534235.3000,85745646.8880,4050381.1920,,,0.0000,0.0000,0.0000,2.0690
2010-11-25,2.6400,2.6800,2.6200,2.6600,0.0200,0.7600,1680156.6500,445511.2180,1.2300,2.6600,1.0951,1.0951,0.9300,13.2932,10.3271,1.6359,3.8869,3.1515,32479411.7000,1534235.3000,1534235.3000,86395235.1220,4081065.8980,,,0.0000,0.0000,0.0000,2.0455
2010-11-26,2.6600,2.6600,2.6200,2.6400,-0.0200,-0.7500,1503070.5700,395513.7480,1.2200,2.6400,0.9797,0.9797,0.8300,13.1933,10.2494,1.6236,3.8577,3.1278,32479411.7000,1534235.3000,1534235.3000,85745646.8880,4050381.1920,,,0.0000,0.0000,0.0000,2.0301
2010-11-29,2.6200,2.6500,2.6100,2.6300,-0.0100,-0.3800,1642973.5500,431283.8390,1.2200,2.6300,1.0709,1.0709,1.0200,13.1433,10.2106,1.6175,3.8430,3.1159,32479411.7000,1534235.3000,1534235.3000,85420852.7710,4035038.8390,,,0.0000,0.0000,0.0000,2.0611
2010-11-30,2.6200,2.6400,2.5800,2.6100,-0.0200,-0.7600,2000388.9600,521835.8410,1.2100,2.6100,1.3038,1.3038,1.2400,13.0433,10.1330,1.6052,3.8138,3.0922,32479411.7000,1534235.3000,1534235.3000,84771264.5370,4004354.1330,,,0.0000,0.0000,0.0000,2.0611
2010-12-01,2.6100,2.6400,2.5900,2.6300,0.0200,0.7700,1136119.4500,296564.5080,1.2200,2.6300,0.7405,0.7405,0.7000,13.1433,10.2106,1.6175,3.8430,3.1159,32479411.7000,1534235.3000,1534235.3000,85420852.7710,4035038.8390,,,0.0000,0.0000,0.0000,2.0690
2010-12-02,2.6400,2.6900,2.6400,2.6800,0.0500,1.9000,3072605.2800,818634.5940,1.2400,2.6800,2.0027,2.0027,1.9300,13.3932,10.4047,1.6482,3.9161,3.1752,32479411.7000,1534235.3000,1534235.3000,87044823.3560,4111750.6040,,,0.0000,0.0000,0.0000,2.0455
2010-12-03,2.6800,2.6800,2.6400,2.6600,-0.0200,-0.7500,1382434.7400,367390.8820,1.2300,2.6600,0.9011,0.9011,0.7400,13.2932,10.3271,1.6359,3.8869,3.1515,32479411.7000,1534235.3000,1534235.3000,86395235.1220,4081065.8980,,,0.0000,0.0000,0.0000,2.0149
2010-12-06,2.6600,2.6800,2.6400,2.6600,0.0000,0.0000,1359016.0600,361355.9900,1.2300,2.6600,0.8858,0.8858,0.7400,13.2932,10.3271,1.6359,3.8869,3.1515,32479411.7000,1534235.3000,1534235.3000,86395235.1220,4081065.8980,,,0.0000,0.0000,0.0000,2.0301
2010-12-07,2.6500,2.6800,2.6200,2.6600,0.0000,0.0000,1397172.0600,370037.3420,1.2300,2.6600,0.9107,0.9107,0.7800,13.2932,10.3271,1.6359,3.8869,3.1515,32479411.7000,1534235.3000,1534235.3000,86395235.1220,4081065.8980,,,0.0000,0.0000,0.0000,2.0377
2010-12-08,2.6600,2.6700,2.6200,2.6300,-0.0300,-1.1300,1788172.4500,472845.1980,1.2200,2.6300,1.1655,1.1655,1.0700,13.1433,10.2106,1.6175,3.8430,3.1159,32479411.7000,1534235.3000,1534235.3000,85420852.7710,4035038.8390,,,0.0000,0.0000,0.0000,2.0301
2010-12-09,2.6300,2.6500,2.6100,2.6200,-0.0100,-0.3800,1265679.5800,331966.5380,1.2100,2.6200,0.8250,0.8250,0.7000,13.0933,10.1718,1.6113,3.8284,3.1041,32479411.7000,1534235.3000,1534235.3000,85096058.6540,4019696.4860,,,0.0000,0.0000,0.0000,2.0532
2010-12-10,2.6100,2.6300,2.5900,2.6300,0.0100,0.3800,2440774.7400,637472.6460,1.2200,2.6300,1.5909,1.5909,1.7000,13.1433,10.2106,1.6175,3.8430,3.1159,32479411.7000,1534235.3000,1534235.3000,85420852.7710,4035038.8390,,,0.0000,0.0000,0.0000,2.0690
2010-12-13,2.6200,2.6600,2.6100,2.6600,0.0300,1.1400,2454731.1600,646737.7180,1.2300,2.6600,1.6000,1.6000,1.4900,13.2932,10.3271,1.6359,3.8869,3.1515,32479411.7000,1534235.3000,1534235.3000,86395235.1220,4081065.8980,,,0.0000,0.0000,0.0000,2.0611
2010-12-14,2.6500,2.6600,2.6300,2.6500,-0.0100,-0.3800,1576827.0000,417096.5140,1.2300,2.6500,1.0278,1.0278,0.8400,13.2432,10.2882,1.6298,3.8723,3.1396,32479411.7000,1534235.3000,1534235.3000,86070441.0050,4065723.5450,,,0.0000,0.0000,0.0000,2.0377
2010-12-15,2.6500,2.6600,2.6300,2.6400,-0.0100,-0.3800,1607818.2400,425025.9590,1.2200,2.6400,1.0480,1.0480,0.8400,13.1933,10.2494,1.6236,3.8577,3.1278,32479411.7000,1534235.3000,1534235.3000,85745646.8880,4050381.1920,,,0.0000,0.0000,0.0000,2.0377
2010-12-16,2.6300,2.6400,2.6200,2.6300,-0.0100,-0.3800,755098.0300,198668.8660,1.2200,2.6300,0.4922,0.4922,0.4000,13.1433,10.2106,1.6175,3.8430,3.1159,32479411.7000,1534235.3000,1534235.3000,85420852.7710,4035038.8390,,,0.0000,0.0000,0.0000,2.0532
2010-12-17,2.6300,2.6300,2.6100,2.6300,0.0000,0.0000,823840.2100,215932.7920,1.2200,2.6300,0.5370,0.5370,0.4700,13.1433,10.2106,1.6175,3.8430,3.1159,32479411.7000,1534235.3000,1534235.3000,85420852.7710,4035038.8390,,,0.0000,0.0000,0.0000,2.0532
2010-12-20,2.6300,2.6400,2.5900,2.6100,-0.0200,-0.7600,1683324.8300,438968.6560,1.2100,2.6100,1.0972,1.0972,1.1700,13.0433,10.1330,1.6052,3.8138,3.0922,32479411.7000,1534235.3000,1534235.3000,84771264.5370,4004354.1330,,,0.0000,0.0000,0.0000,2.0532
2010-12-21,2.6100,2.6600,2.6000,2.6500,0.0400,1.5300,2168492.4500,571284.6470,1.2300,2.6500,1.4134,1.4134,1.6800,13.2432,10.2882,1.6298,3.8723,3.1396,32479411.7000,1534235.3000,1534235.3000,86070441.0050,4065723.5450,,,0.0000,0.0000,0.0000,2.0690
2010-12-22,2.6500,2.6500,2.6200,2.6200,-0.0300,-1.1300,982001.4800,258469.2680,1.2100,2.6200,0.6401,0.6401,0.7000,13.0933,10.1718,1.6113,3.8284,3.1041,32479411.7000,1534235.3000,1534235.3000,85096058.6540,4019696.4860,,,0.0000,0.0000,0.0000,2.0377
2010-12-23,2.6200,2.6600,2.6000,2.6300,0.0100,0.3800,1865999.0800,490913.8130,1.2200,2.6300,1.2162,1.2162,1.4500,13.1433,10.2106,1.6175,3.8430,3.1159,32479411.7000,1534235.3000,1534235.3000,85420852.7710,4035038.8390,,,0.0000,0.0000,0.0000,2.0611
2010-12-24,2.6100,2.6500,2.6000,2.6300,0.0000,0.0000,1623116.4000,426395.8900,1.2200,2.6300,1.0579,1.0579,1.0800,13.1433,10.2106,1.6175,3.8430,3.1159,32479411.7000,1534235.3000,1534235.3000,85420852.7710,4035038.8390,,,0.0000,0.0000,0.0000,2.0690
2010-12-27,2.6400,2.6500,2.6000,2.6100,-0.0200,-0.7600,1500502.6800,393704.6230,1.2100,2.6100,0.9780,0.9780,0.9000,13.0433,10.1330,1.6052,3.8138,3.0922,32479411.7000,1534235.3000,1534235.3000,84771264.5370,4004354.1330,,,0.0000,0.0000,0.0000,2.0455
2010-12-28,2.6000,2.6100,2.5500,2.5600,-0.0500,-1.9200,2296398.3600,594633.7330,1.1800,2.5600,1.4968,1.4968,1.4100,12.7935,9.9388,1.5744,3.7408,3.0330,32479411.7000,1534235.3000,1534235.3000,83147293.9520,3927642.3680,,,0.0000,0.0000,0.0000,2.0769
2010-12-29,2.5700,2.5900,2.5600,2.5800,0.0200,0.7800,1159717.0900,298438.3220,1.1900,2.5800,0.7559,0.7559,0.7000,12.8934,10.0165,1.5867,3.7700,3.0567,32479411.7000,1534235.3000,1534235.3000,83796882.1860,3958327.0740,,,0.0000,0.0000,0.0000,2.1012
2010-12-30,2.5800,2.6100,2.5600,2.6000,0.0200,0.7800,2150939.4600,554586.6150,1.2000,2.6000,1.4020,1.4020,1.2700,12.9934,10.0941,1.5990,3.7992,3.0804,32479411.7000,1534235.3000,1534235.3000,84446470.4200,3989011.7800,,,0.0000,0.0000,0.0000,2.0930
2010-12-31,2.6000,2.6800,2.5800,2.6800,0.0800,3.0800,3876899.5700,1022164.9210,1.2400,2.6800,2.5269,2.5269,2.2200,13.3932,10.4047,1.6482,3.9161,3.1752,32479411.7000,1534235.3000,1534235.3000,87044823.3560,4111750.6040,,,0.0000,0.0000,0.0000,2.0769
2011-01-04,2.6600,2.6700,2.6300,2.6700,-0.0100,-0.3700,1323679.1100,351364.7540,1.2300,2.6700,0.8628,0.8628,0.6000,13.3432,10.3659,1.6421,3.9015,3.1633,32479411.7000,1534235.3000,1534235.3000,86720029.2390,4096408.2510,,,0.2030,0.2030,2.0301,6.9737
2011-01-05,2.6500,2.6700,2.6200,2.6300,-0.0400,-1.5000,1367133.7100,362070.9450,1.2200,2.6300,0.8911,0.8911,0.6300,13.1433,10.2106,1.6175,3.8430,3.1159,32479411.7000,1534235.3000,1534235.3000,85420852.7710,4035038.8390,,,0.2038,0.2038,2.0377,7.0000
2011-01-06,2.6300,2.6400,2.6100,2.6100,-0.0200,-0.7600,1141087.5700,299025.5750,1.2100,2.6100,0.7438,0.7438,0.5800,13.0433,10.1330,1.6052,3.8138,3.0922,32479411.7000,1534235.3000,1534235.3000,84771264.5370,4004354.1330,,,0.2053,0.2053,2.0532,7.0532
2011-01-07,2.6000,2.6800,2.6000,2.6500,0.0400,1.5300,3071530.3900,814806.2050,1.2300,2.6500,2.0020,2.0020,1.5600,13.2432,10.2882,1.6298,3.8723,3.1396,32479411.7000,1534235.3000,1534235.3000,86070441.0050,4065723.5450,,,0.2077,0.2077,2.0769,7.1346
2011-01-10,2.6400,2.6600,2.6200,2.6300,-0.0200,-0.7500,1684955.6800,445055.2620,1.2200,2.6300,1.0982,1.0982,0.7800,13.1433,10.2106,1.6175,3.8430,3.1159,32479411.7000,1534235.3000,1534235.3000,85420852.7710,4035038.8390,,,0.2045,0.2045,2.0455,7.0265
2011-01-11,2.6300,2.6500,2.6100,2.6300,0.0000,0.0000,1474421.5600,388071.3780,1.2200,2.6300,0.9610,0.9610,0.8600,13.1433,10.2106,1.6175,3.8430,3.1159,32479411.7000,1534235.3000,1534235.3000,85420852.7710,4035038.8390,,,0.2053,0.2053,2.0532,7.0532
2011-01-12,2.6400,2.6600,2.6300,2.6600,0.0300,1.1400,2481910.8700,657342.8080,1.2300,2.6600,1.6177,1.6177,1.4200,13.2932,10.3271,1.6359,3.8869,3.1515,32479411.7000,1534235.3000,1534235.3000,86395235.1220,4081065.8980,,,0.2045,0.2045,2.0455,7.0265
2011-01-13,2.6600,2.6800,2.6400,2.6700,0.0100,0.3800,1540896.0200,410088.3850,1.2300,2.6700,1.0043,1.0043,0.7800,13.3432,10.3659,1.6421,3.9015,3.1633,32479411.7000,1534235.3000,1534235.3000,86720029.2390,4096408.2510,,,0.2030,0.2030,2.0301,6.9737
2011-01-14,2.6600,2.6700,2.6400,2.6500,-0.0200,-0.7500,1085556.2300,287917.7560,1.2300,2.6500,0.7076,0.7076,0.5300,13.2432,10.2882,1.6298,3.8723,3.1396,32479411.7000,1534235.3000,1534235.3000,86070441.0050,4065723.5450,,,0.2030,0.2030,2.0301,6.9737
2011-01-17,2.6300,2.6400,2.5800,2.5900,-0.0600,-2.2600,1811750.0000,472577.2850,1.2000,2.5900,1.1809,1.1809,1.1000,12.9434,10.0553,1.5929,3.7846,3.0685,32479411.7000,1534235.3000,1534235.3000,84121676.3030,3973669.4270,,,0.2053,0.2053,2.0532,7.0532
2011-01-18,2.5900,2.6100,2.5800,2.6000,0.0100,0.3900,1170404.9900,303898.1350,1.2000,2.6000,0.7629,0.7629,0.7000,12.9934,10.0941,1.5990,3.7992,3.0804,32479411.7000,1534235.3000,1534235.3000,84446470.4200,3989011.7800,,,0.2085,0.2085,2.0849,7.1622
2011-01-19,2.6000,2.6200,2.5900,2.6100,0.0100,0.3800,1165735.7300,303377.4900,1.2100,2.6100,0.7598,0.7598,0.7200,13.0433,10.1330,1.6052,3.8138,3.0922,32479411.7000,1534235.3000,1534235.3000,84771264.5370,4004354.1330,,,0.2077,0.2077,2.0769,7.1346
2011-01-20,2.6100,2.6200,2.5700,2.5800,-0.0300,-1.1500,1183235.6900,306775.0740,1.1900,2.5800,0.7712,0.7712,0.8700,12.8934,10.0165,1.5867,3.7700,3.0567,32479411.7000,1534235.3000,1534235.3000,83796882.1860,3958327.0740,,,0.2069,0.2069,2.0690,7.1073
2011-01-21,2.5800,2.6400,2.5700,2.6200,0.0400,1.5500,1321215.7600,345327.5120,1.2100,2.6200,0.8612,0.8612,1.0300,13.0933,10.1718,1.6113,3.8284,3.1041,32479411.7000,1534235.3000,1534235.3000,85096058.6540,4019696.4860,,,0.2093,0.2093,2.0930,7.1899
2011-01-24,2.6100,2.6100,2.5800,2.5900,-0.0300,-1.1500,1280184.0900,332233.9170,1.2000,2.5900,0.8344,0.8344,0.9600,12.9434,10.0553,1.5929,3.7846,3.0685,32479411.7000,1534235.3000,1534235.3000,84121676.3030,3973669.4270,,,0.2069,0.2069,2.0690,7.1073
2011-01-25,2.5900,2.6000,2.5800,2.6000,0.0100,0.3900,858093.8100,222379.3640,1.2000,2.6000,0.5593,0.5593,0.7000,12.9934,10.0941,1.5990,3.7992,3.0804,32479411.7000,1534235.3000,1534235.3000,84446470.4200,3989011.7800,,,0.2085,0.2085,2.0849,7.1622
2011-01-26,2.6000,2.6100,2.5900,2.6100,0.0100,0.3800,503516.6100,131027.7860,1.2100,2.6100,0.3282,0.3282,0.4300,13.0433,10.1330,1.6052,3.8138,3.0922,32479411.7000,1534235.3000,1534235.3000,84771264.5370,4004354.1330,,,0.2077,0.2077,2.0769,7.1346
2011-01-27,2.6000,2.6200,2.5800,2.6200,0.0100,0.3800,1400617.6000,363989.9190,1.2100,2.6200,0.9129,0.9129,1.3600,13.0933,10.1718,1.6113,3.8284,3.1041,32479411.7000,1534235.3000,1534235.3000,85096058.6540,4019696.4860,,,0.2077,0.2077,2.0769,7.1346
2011-01-28,2.6100,2.6100,2.5900,2.6100,-0.0100,-0.3800,742712.2400,193194.2620,1.2100,2.6100,0.4841,0.4841,0.6900,13.0433,10.1330,1.6052,3.8138,3.0922,32479411.7000,1534235.3000,1534235.3000,84771264.5370,4004354.1330,,,0.2069,0.2069,2.0690,7.1073
2011-01-31,2.6000,2.6200,2.5900,2.6200,0.0100,0.3800,829197.7700,216339.3860,1.2100,2.6200,0.5405,0.5405,0.8700,13.0933,10.1718,1.6113,3.8284,3.1041,32479411.7000,1534235.3000,1534235.3000,85096058.6540,4019696.4860,,,0.2077,0.2077,2.0769,7.1346
2011-02-01,2.6100,2.6300,2.6000,2.6200,0.0000,0.0000,836640.5700,218845.8560,1.2100,2.6200,0.5453,0.5453,0.9700,13.0933,10.1718,1.6113,3.8284,3.1041,32479411.7000,1534235.3000,1534235.3000,85096058.6540,4019696.4860,,,0.2069,0.2069,2.0690,7.1073
2011-02-09,2.6100,2.6200,2.6000,2.6000,-0.0200,-0.7600,740177.6800,193027.5110,1.2000,2.6000,0.4824,0.4824,0.8600,12.9934,10.0941,1.5990,3.7992,3.0804,32479411.7000,1534235.3000,1534235.3000,84446470.4200,3989011.7800,,,0.2069,0.2069,2.0690,7.1073
2011-02-10,2.6200,2.6200,2.6000,2.6100,0.0100,0.3800,837792.5800,218682.7950,1.2100,2.6100,0.5461,0.5461,0.9200,13.0433,10.1330,1.6052,3.8138,3.0922,32479411.7000,1534235.3000,1534235.3000,84771264.5370,4004354.1330,,,0.2061,0.2061,2.0611,7.0802
2011-02-11,2.6100,2.6200,2.6000,2.6100,0.0000,0.0000,1515437.9100,394979.7000,1.2100,2.6100,0.9877,0.9877,1.9000,13.0433,10.1330,1.6052,3.8138,3.0922,32479411.7000,1534235.3000,1534235.3000,84771264.5370,4004354.1330,,,0.2069,0.2069,2.0690,7.1073
2011-02-14,2.6100,2.6900,2.6100,2.6800,0.0700,2.6800,3939676.5700,1044478.3240,1.2400,2.6800,2.5678,2.5678,4.1400,13.3932,10.4047,1.6482,3.9161,3.1752,32479411.7000,1534235.3000,1534235.3000,87044823.3560,4111750.6040,,,0.2069,0.2069,2.0690,7.1073
2011-02-15,2.6700,2.6800,2.6500,2.6600,-0.0200,-0.7500,2019884.1100,539440.6830,1.2300,2.6600,1.3165,1.3165,1.2800,13.2932,10.3271,1.6359,3.8869,3.1515,32479411.7000,1534235.3000,1534235.3000,86395235.1220,4081065.8980,,,0.2022,0.2022,2.0225,6.9476
2011-02-16,2.6600,2.6700,2.6400,2.6700,0.0100,0.3800,1423772.3300,377158.4370,1.2300,2.6700,0.9280,0.9280,0.7900,13.3432,10.3659,1.6421,3.9015,3.1633,32479411.7000,1534235.3000,1534235.3000,86720029.2390,4096408.2510,,,0.2030,0.2030,2.0301,6.9737
2011-02-17,2.6600,2.6800,2.6500,2.6700,0.0000,0.0000,968294.6100,257848.0540,1.2300,2.6700,0.6311,0.6311,0.5000,13.3432,10.3659,1.6421,3.9015,3.1633,32479411.7000,1534235.3000,1534235.3000,86720029.2390,4096408.2510,,,0.2030,0.2030,2.0301,6.9737
2011-02-18,2.6600,2.6600,2.6400,2.6500,-0.0200,-0.7500,986433.6900,261419.1270,1.2300,2.6500,0.6429,0.6429,0.5000,13.2432,10.2882,1.6298,3.8723,3.1396,32479411.7000,1534235.3000,1534235.3000,86070441.0050,4065723.5450,,,0.2030,0.2030,2.0301,6.9737
2011-02-21,2.6400,2.6500,2.6200,2.6500,0.0000,0.0000,1444819.4200,380484.8930,1.2300,2.6500,0.9417,0.9417,0.7700,13.2432,10.2882,1.6298,3.8723,3.1396,32479411.7000,1534235.3000,1534235.3000,86070441.0050,4065723.5450,,,0.2045,0.2045,2.0455,7.0265
2011-02-22,2.6400,2.6400,2.5900,2.6000,-0.0500,-1.8900,2638608.8800,688278.9770,1.2000,2.6000,1.7198,1.7198,1.9300,12.9934,10.0941,1.5990,3.7992,3.0804,32479411.7000,1534235.3000,1534235.3000,84446470.4200,3989011.7800,,,0.2045,0.2045,2.0455,7.0265
2011-02-23,2.6000,2.6100,2.5900,2.6000,0.0000,0.0000,1033949.9600,268385.3900,1.2000,2.6000,0.6739,0.6739,0.6900,12.9934,10.0941,1.5990,3.7992,3.0804,32479411.7000,1534235.3000,1534235.3000,84446470.4200,3989011.7800,,,0.2077,0.2077,2.0769,7.1346
2011-02-24,2.6000,2.6100,2.5900,2.6000,0.0000,0.0000,870947.4000,226025.9490,1.2000,2.6000,0.5677,0.5677,0.6200,12.9934,10.0941,1.5990,3.7992,3.0804,32479411.7000,1534235.3000,1534235.3000,84446470.4200,3989011.7800,,,0.2077,0.2077,2.0769,7.1346
2011-02-25,2.6000,2.6200,2.5900,2.6100,0.0100,0.3800,867237.1400,225918.6290,1.2100,2.6100,0.5653,0.5653,0.6200,13.0433,10.1330,1.6052,3.8138,3.0922,32479411.7000,1534235.3000,1534235.3000,84771264.5370,4004354.1330,,,0.2077,0.2077,2.0769,7.1346
2011-02-28,2.6100,2.6200,2.6000,2.6100,0.0000,0.0000,802046.0100,209170.1330,1.2100,2.6100,0.5228,0.5228,0.5800,13.0433,10.1330,1.6052,3.8138,3.0922,32479411.7000,1534235.3000,1534235.3000,84771264.5370,4004354.1330,,,0.2069,0.2069,2.0690,7.1073
2011-03-01,2.6100,2.6300,2.6100,2.6200,0.0100,0.3800,1443762.9600,377775.4150,1.2100,2.6200,0.9410,0.9410,1.1600,13.0933,10.1718,1.6113,3.8284,3.1041,32479411.7000,1534235.3000,1534235.3000,85096058.6540,4019696.4860,,,0.2069,0.2069,2.0690,7.1073
2011-03-03,2.6300,2.7000,2.6200,2.6700,0.0500,1.9100,5524782.9700,1471257.2320,1.2300,2.6700,3.6010,3.6010,5.5100,13.3432,10.3659,1.6421,3.9015,3.1633,32479411.7000,1534235.3000,1534235.3000,86720029.2390,4096408.2510,,,0.2053,0.2053,2.0532,7.0532
2011-03-04,2.6600,2.6900,2.6600,2.6800,0.0100,0.3700,2234217.9000,597488.8080,1.2400,2.6800,1.4562,1.4562,1.1700,13.3932,10.4047,1.6482,3.9161,3.1752,32479411.7000,1534235.3000,1534235.3000,87044823.3560,4111750.6040,,,0.2030,0.2030,2.0301,6.9737
2011-03-07,2.6800,2.7200,2.6800,2.7000,0.0200,0.7500,3591180.4100,968748.3890,1.2500,2.7000,2.3407,2.3407,1.6500,13.4931,10.4824,1.6605,3.9453,3.1989,32479411.7000,1534235.3000,1534235.3000,87694411.5900,4142435.3100,,,0.2015,0.2015,2.0149,6.9216
2011-03-08,2.7000,2.7100,2.6800,2.7000,0.0000,0.0000,1493080.1600,402090.8500,1.2500,2.7000,0.9732,0.9732,0.5500,13.4931,10.4824,1.6605,3.9453,3.1989,32479411.7000,1534235.3000,1534235.3000,87694411.5900,4142435.3100,,,0.2000,0.2000,2.0000,6.8704
2011-03-09,2.7000,2.7200,2.6800,2.6900,-0.0100,-0.3700,1786576.1900,482920.3960,1.2400,2.6900,1.1645,1.1645,0.6300,13.4431,10.4435,1.6544,3.9307,3.1870,32479411.7000,1534235.3000,1534235.3000,87369617.4730,4127092.9570,,,0.2000,0.2000,2.0000,6.8704
2011-03-10,2.6900,2.7000,2.6500,2.6600,-0.0300,-1.1200,1346640.3700,359229.1160,1.2300,2.6600,0.8777,0.8777,0.4600,13.2932,10.3271,1.6359,3.8869,3.1515,32479411.7000,1534235.3000,1534235.3000,86395235.1220,4081065.8980,,,0.2007,0.2007,2.0074,6.8959
2011-03-11,2.6500,2.6700,2.6400,2.6400,-0.0200,-0.7500,1242635.0000,329569.0910,1.2200,2.6400,0.8099,0.8099,0.5900,13.1933,10.2494,1.6236,3.8577,3.1278,32479411.7000,1534235.3000,1534235.3000,85745646.8880,4050381.1920,,,0.2038,0.2038,2.0377,7.0000
2011-03-14,2.6300,2.6500,2.6200,2.6300,-0.0100,-0.3800,1350938.1000,355687.5200,1.2200,2.6300,0.8805,0.8805,0.7100,13.1433,10.2106,1.6175,3.8430,3.1159,32479411.7000,1534235.3000,1534235.3000,85420852.7710,4035038.8390,,,0.2053,0.2053,2.0532,7.0532
2011-03-15,2.6300,2.6400,2.6000,2.6300,0.0000,0.0000,1922296.3000,503268.0290,1.2200,2.6300,1.2529,1.2529,1.3300,13.1433,10.2106,1.6175,3.8430,3.1159,32479411.7000,1534235.3000,1534235.3000,85420852.7710,4035038.8390,,,0.2053,0.2053,2.0532,7.0532
2011-03-16,2.6200,2.6500,2.6200,2.6400,0.0100,0.3800,1104822.0800,290647.6920,1.2200,2.6400,0.7201,0.7201,0.7200,13.1933,10.2494,1.6236,3.8577,3.1278,32479411.7000,1534235.3000,1534235.3000,85745646.8880,4050381.1920,,,0.2061,0.2061,2.0611,7.0802
2011-03-17,2.6300,2.6300,2.6100,2.6200,-0.0200,-0.7600,1231157.1000,322148.6590,1.2100,2.6200,0.8025,0.8025,0.8800,13.0933,10.1718,1.6113,3.8284,3.1041,32479411.7000,1534235.3000,1534235.3000,85096058.6540,4019696.4860,,,0.2053,0.2053,2.0532,7.0532
2011-03-18,2.6300,2.6400,2.6200,2.6300,0.0100,0.3800,1188837.7200,312710.9930,1.2200,2.6300,0.7749,0.7749,0.8700,13.1433,10.2106,1.6175,3.8430,3.1159,32479411.7000,1534235.3000,1534235.3000,85420852.7710,4035038.8390,,,0.2053,0.2053,2.0532,7.0532
2011-03-21,2.6300,2.6500,2.6200,2.6500,0.0200,0.7600,1207222.8600,317872.1370,1.2300,2.6500,0.7869,0.7869,0.8900,13.2432,10.2882,1.6298,3.8723,3.1396,32479411.7000,1534235.3000,1534235.3000,86070441.0050,4065723.5450,,,0.2053,0.2053,2.0532,7.0532
2011-03-22,2.6500,2.6600,2.6300,2.6600,0.0100,0.3800,1545546.8900,409820.1250,1.2300,2.6600,1.0074,1.0074,1.1600,13.2932,10.3271,1.6359,3.8869,3.1515,32479411.7000,1534235.3000,1534235.3000,86395235.1220,4081065.8980,,,0.2038,0.2038,2.0377,7.0000
2011-03-23,2.6500,2.6800,2.6500,2.6700,0.0100,0.3800,1387978.2500,370386.1390,1.2300,2.6700,0.9047,0.9047,1.1100,13.3432,10.3659,1.6421,3.9015,3.1633,32479411.7000,1534235.3000,1534235.3000,86720029.2390,4096408.2510,,,0.2038,0.2038,2.0377,7.0000
2011-03-24,2.6700,2.6800,2.6600,2.6800,0.0100,0.3700,1170446.5200,312496.2560,1.2400,2.6800,0.7629,0.7629,0.8900,13.3932,10.4047,1.6482,3.9161,3.1752,32479411.7000,1534235.3000,1534235.3000,87044823.3560,4111750.6040,,,0.2022,0.2022,2.0225,6.9476
2011-03-25,2.6800,2.7100,2.6700,2.7000,0.0200,0.7500,3103717.9100,836316.6170,1.2500,2.7000,2.0230,2.0230,2.3900,13.4931,10.4824,1.6605,3.9453,3.1989,32479411.7000,1534235.3000,1534235.3000,87694411.5900,4142435.3100,,,0.2015,0.2015,2.0149,6.9216
2011-03-28,2.7100,2.7400,2.7000,2.7200,0.0200,0.7400,3634283.5600,990547.3710,1.2600,2.7200,2.3688,2.3688,2.1600,13.5931,10.5600,1.6728,3.9746,3.2226,32479411.7000,1534235.3000,1534235.3000,88343999.8240,4173120.0160,,,0.1993,0.1993,1.9926,6.8450
2011-03-29,2.7100,2.7800,2.7000,2.7400,0.0200,0.7400,3499668.9600,959689.7160,1.2700,2.7400,2.2811,2.2811,1.6100,13.6930,10.6377,1.6851,4.0038,3.2462,32479411.7000,1534235.3000,1534235.3000,88993588.0580,4203804.7220,,,0.1993,0.1993,1.9926,6.8450
2011-03-30,2.7500,2.7700,2.7200,2.7500,0.0100,0.3600,2378171.6200,653972.4830,1.2700,2.7500,1.5501,1.5501,0.9300,9.4145,9.4145,1.6477,3.0755,3.0755,32479411.7000,1534235.3000,1534235.3000,89318382.1750,4219147.0750,,,0.1964,0.1964,1.9636,6.7455
2011-03-31,2.7500,2.7800,2.7200,2.7600,0.0100,0.3600,2241261.3600,617135.1300,1.2800,2.7600,1.4608,1.4608,0.8100,9.4488,9.4488,1.6537,3.0867,3.0867,32479411.7000,1534235.3000,1534235.3000,89643176.2920,4234489.4280,,,0.1964,0.1964,1.9636,6.7455
2011-04-01,2.7600,2.8000,2.7500,2.7900,0.0300,1.0900,2107750.0800,585497.2470,1.2900,2.7900,1.3738,1.3738,0.7100,9.5515,9.5515,1.6717,3.1202,3.1202,32479411.7000,1534235.3000,1534235.3000,90617558.6430,4280516.4870,,,0.1957,0.1957,1.9565,6.7210
2011-04-06,2.7900,2.8800,2.7800,2.8600,0.0700,2.5100,5912804.3200,1680666.1210,1.3200,2.8600,3.8539,3.8539,2.1300,9.7911,9.7911,1.7136,3.1985,3.1985,32479411.7000,1534235.3000,1534235.3000,92891117.4620,4387912.9580,,,0.1935,0.1935,1.9355,6.6487
2011-04-07,2.8600,2.9100,2.8400,2.8700,0.0100,0.3500,3390760.6600,976058.7460,1.3300,2.8700,2.2101,2.2101,1.0500,9.8253,9.8253,1.7196,3.2097,3.2097,32479411.7000,1534235.3000,1534235.3000,93215911.5790,4403255.3110,,,0.1888,0.1888,1.8881,6.4860
2011-04-08,2.8600,2.8700,2.8300,2.8600,-0.0100,-0.3500,1335508.2100,380314.4860,1.3200,2.8600,0.8705,0.8705,0.4200,9.7911,9.7911,1.7136,3.1985,3.1985,32479411.7000,1534235.3000,1534235.3000,92891117.4620,4387912.9580,,,0.1888,0.1888,1.8881,6.4860
2011-04-11,2.8600,2.9000,2.8600,2.8700,0.0100,0.3500,2406111.1200,693642.5590,1.3300,2.8700,1.5683,1.5683,0.8000,9.8253,9.8253,1.7196,3.2097,3.2097,32479411.7000,1534235.3000,1534235.3000,93215911.5790,4403255.3110,,,0.1888,0.1888,1.8881,6.4860
2011-04-12,2.8600,2.8800,2.8400,2.8400,-0.0300,-1.0500,1331157.2400,380423.7920,1.3100,2.8400,0.8676,0.8676,0.4400,9.7226,9.7226,1.7017,3.1762,3.1762,32479411.7000,1534235.3000,1534235.3000,92241529.2280,4357228.2520,,,0.1888,0.1888,1.8881,6.4860
2011-04-13,2.8300,2.9000,2.8200,2.9000,0.0600,2.1100,1627407.5000,464399.2020,1.3400,2.9000,1.0607,1.0607,0.5700,9.9280,9.9280,1.7376,3.2433,3.2433,32479411.7000,1534235.3000,1534235.3000,94190293.9300,4449282.3700,,,0.1908,0.1908,1.9081,6.5548
2011-04-14,2.9000,3.0000,2.8900,2.9600,0.0600,2.0700,4833727.9200,1434704.3450,1.3700,2.9600,3.1506,3.1506,2.4000,10.1334,10.1334,1.7736,3.3104,3.3104,32479411.7000,1534235.3000,1534235.3000,96139058.6320,4541336.4880,,,0.1862,0.1862,1.8621,6.3966
2011-04-15,2.9600,3.0000,2.9400,2.9800,0.0200,0.6800,2332770.6500,694725.9810,1.3800,2.9800,1.5205,1.5205,1.0100,10.2019,10.2019,1.7855,3.3327,3.3327,32479411.7000,1534235.3000,1534235.3000,96788646.8660,4572021.1940,,,0.1824,0.1824,1.8243,6.2669
2011-04-18,2.9700,3.0100,2.9500,2.9800,0.0000,0.0000,2529961.7100,755336.3750,1.3800,2.9800,1.6490,1.6490,1.0100,10.2019,10.2019,1.7855,3.3327,3.3327,32479411.7000,1534235.3000,1534235.3000,96788646.8660,4572021.1940,,,0.1818,0.1818,1.8182,6.2458
2011-04-19,2.9600,2.9700,2.9100,2.9100,-0.0700,-2.3500,1604530.9300,470493.0470,1.3500,2.9100,1.0458,1.0458,0.6300,9.9623,9.9623,1.7436,3.2545,3.2545,32479411.7000,1534235.3000,1534235.3000,94515088.0470,4464624.7230,,,0.1824,0.1824,1.8243,6.2669
2011-04-20,2.9200,2.9500,2.8900,2.9400,0.0300,1.0300,1671886.3100,488434.3100,1.3600,2.9400,1.0897,1.0897,0.6500,10.0650,10.0650,1.7616,3.2880,3.2880,32479411.7000,1534235.3000,1534235.3000,95489470.3980,4510651.7820,,,0.1849,0.1849,1.8493,6.3527
2011-04-21,2.9500,2.9600,2.9100,2.9200,-0.0200,-0.6800,1704166.4500,499617.5280,1.3500,2.9200,1.1108,1.1108,0.6600,9.9965,9.9965,1.7496,3.2656,3.2656,32479411.7000,1534235.3000,1534235.3000,94839882.1640,4479967.0760,,,0.1831,0.1831,1.8305,6.2881
2011-04-22,2.9200,2.9300,2.8700,2.8800,-0.0400,-1.3700,1152072.7400,333473.5780,1.3300,2.8800,0.7509,0.7509,0.5900,9.8596,9.8596,1.7256,3.2209,3.2209,32479411.7000,1534235.3000,1534235.3000,93540705.6960,4418597.6640,,,0.1849,0.1849,1.8493,6.3527
2011-04-25,2.8800,2.9100,2.8600,2.8800,0.0000,0.0000,1389487.2000,400896.6190,1.3300,2.8800,0.9057,0.9057,0.8000,9.8596,9.8596,1.7256,3.2209,3.2209,32479411.7000,1534235.3000,1534235.3000,93540705.6960,4418597.6640,,,0.1875,0.1875,1.8750,6.4410
2011-04-26,2.8700,2.9000,2.8600,2.8800,0.0000,0.0000,1116716.7900,321634.6340,1.3300,2.8800,0.7279,0.7279,0.7400,9.8596,9.8596,1.7256,3.2209,3.2209,32479411.7000,1534235.3000,1534235.3000,93540705.6960,4418597.6640,,,0.1882,0.1882,1.8815,6.4634
2011-04-27,2.8900,2.9400,2.8800,2.9000,0.0200,0.6900,2266405.2100,661362.5080,1.3400,2.9000,1.4772,1.4772,1.6100,9.9280,9.9280,1.7376,3.2433,3.2433,32479411.7000,1534235.3000,1534235.3000,94190293.9300,4449282.3700,,,0.1869,0.1869,1.8685,6.4187
2011-04-28,2.9200,3.0100,2.9000,2.9600,0.0600,2.0700,3979120.9200,1183250.5540,1.3700,2.9600,2.5936,2.5936,2.6100,10.1334,9.2468,1.6679,3.3104,3.0637,32479411.7000,1534235.3000,1534235.3000,96139058.6320,4541336.4880,,,0.1849,0.1849,1.8493,6.3527
2011-04-29,2.9500,2.9600,2.8800,2.9400,-0.0200,-0.6800,2245556.3400,652935.5110,1.3600,2.9400,1.4636,1.4636,1.1300,10.0650,9.1843,1.6567,3.2880,3.0430,32479411.7000,1534235.3000,1534235.3000,95489470.3980,4510651.7820,,,0.1831,0.1831,1.8305,6.2881
2011-05-03,2.9200,2.9300,2.8900,2.9200,-0.0200,-0.6800,1103649.1500,321157.4660,1.3500,2.9200,0.7193,0.7193,0.5000,9.9965,9.1219,1.6454,3.2656,3.0223,32479411.7000,1534235.3000,1534235.3000,94839882.1640,4479967.0760,,,0.1849,0.1849,1.8493,6.3527
2011-05-04,2.9000,2.9100,2.8300,2.8600,-0.0600,-2.0500,1563440.5300,450222.4390,1.3200,2.8600,1.0190,1.0190,0.7300,9.7911,8.9344,1.6116,3.1985,2.9602,32479411.7000,1534235.3000,1534235.3000,92891117.4620,4387912.9580,,,0.1862,0.1862,1.8621,6.3966
2011-05-05,2.8400,2.9400,2.8300,2.9300,0.0700,2.4500,2316342.3400,670348.5900,1.3600,2.9300,1.5098,1.5098,1.0400,10.0307,9.1531,1.6510,3.2768,3.0326,32479411.7000,1534235.3000,1534235.3000,95164676.2810,4495309.4290,,,0.1901,0.1901,1.9014,6.5317
2011-05-06,2.9000,2.9400,2.8800,2.9200,-0.0100,-0.3400,1373928.3800,401458.9450,1.3500,2.9200,0.8955,0.8955,0.6100,9.9965,9.1219,1.6454,3.2656,3.0223,32479411.7000,1534235.3000,1534235.3000,94839882.1640,4479967.0760,,,0.1862,0.1862,1.8621,6.3966
2011-05-09,2.9200,2.9400,2.8800,2.8900,-0.0300,-1.0300,725817.9600,210632.2720,1.3400,2.8900,0.4731,0.4731,0.4200,9.8938,9.0281,1.6285,3.2321,2.9912,32479411.7000,1534235.3000,1534235.3000,93865499.8130,4433940.0170,,,0.1849,0.1849,1.8493,6.3527
2011-05-10,2.8900,2.9300,2.8700,2.9300,0.0400,1.3800,663426.0800,192236.7380,1.3600,2.9300,0.4324,0.4324,0.4700,10.0307,9.1531,1.6510,3.2768,3.0326,32479411.7000,1534235.3000,1534235.3000,95164676.2810,4495309.4290,,,0.1869,0.1869,1.8685,6.4187
2011-05-11,2.9200,2.9300,2.8900,2.9100,-0.0200,-0.6800,682417.2200,198725.0230,1.3500,2.9100,0.4448,0.4448,0.5100,9.9623,9.0906,1.6397,3.2545,3.0119,32479411.7000,1534235.3000,1534235.3000,94515088.0470,4464624.7230,,,0.1849,0.1849,1.8493,6.3527
2011-05-12,2.9000,2.9100,2.8600,2.8800,-0.0300,-1.0300,702661.7700,203040.2720,1.3300,2.8800,0.4580,0.4580,0.6100,9.8596,8.9969,1.6228,3.2209,2.9809,32479411.7000,1534235.3000,1534235.3000,93540705.6960,4418597.6640,,,0.1862,0.1862,1.8621,6.3966
2011-05-13,2.8800,2.9100,2.8400,2.9000,0.0200,0.6900,1026696.6000,294965.6720,1.3400,2.9000,0.6692,0.6692,1.2400,9.9280,9.0594,1.6341,3.2433,3.0016,32479411.7000,1534235.3000,1534235.3000,94190293.9300,4449282.3700,,,0.1875,0.1875,1.8750,6.4410
2011-05-16,2.8900,2.9100,2.8600,2.8800,-0.0200,-0.6900,1065197.3500,307041.1980,1.3300,2.8800,0.6943,0.6943,1.4000,9.8596,8.9969,1.6228,3.2209,2.9809,32479411.7000,1534235.3000,1534235.3000,93540705.6960,4418597.6640,,,0.1869,0.1869,1.8685,6.4187
2011-05-17,2.8800,2.9000,2.8400,2.8900,0.0100,0.3500,1273192.9400,365756.2810,1.3400,2.8900,0.8299,0.8299,1.5400,9.8938,9.0281,1.6285,3.2321,2.9912,32479411.7000,1534235.3000,1534235.3000,93865499.8130,4433940.0170,,,0.1875,0.1875,1.8750,6.4410
2011-05-18,2.8800,2.9300,2.8700,2.9200,0.0300,1.0400,989160.9100,287402.0080,1.3500,2.9200,0.6447,0.6447,1.0400,9.9965,9.1219,1.6454,3.2656,3.0223,32479411.7000,1534235.3000,1534235.3000,94839882.1640,4479967.0760,,,0.1875,0.1875,1.8750,6.4410
2011-05-19,2.9200,2.9500,2.9100,2.9200,0.0000,0.0000,892481.6000,261508.9020,1.3500,2.9200,0.5817,0.5817,0.8800,9.9965,9.1219,1.6454,3.2656,3.0223,32479411.7000,1534235.3000,1534235.3000,94839882.1640,4479967.0760,,,0.1849,0.1849,1.8493,6.3527
2011-05-20,2.9200,2.9400,2.9100,2.9300,0.0100,0.3400,727419.1500,212983.6080,1.3600,2.9300,0.4741,0.4741,0.6900,10.0307,9.1531,1.6510,3.2768,3.0326,32479411.7000,1534235.3000,1534235.3000,95164676.2810,4495309.4290,,,0.1849,0.1849,1.8493,6.3527
2011-05-23,2.9200,2.9300,2.8600,2.8700,-0.0600,-2.0500,1039396.2400,299716.9410,1.3300,2.8700,0.6775,0.6775,1.0500,9.8253,8.9657,1.6172,3.2097,2.9705,32479411.7000,1534235.3000,1534235.3000,93215911.5790,4403255.3110,,,0.1849,0.1849,1.8493,6.3527
2011-05-24,2.8600,2.8800,2.8400,2.8500,-0.0200,-0.7000,1041047.9600,297517.0780,1.3200,2.8500,0.6785,0.6785,1.0600,9.7569,8.9032,1.6059,3.1873,2.9498,32479411.7000,1534235.3000,1534235.3000,92566323.3450,4372570.6050,,,0.1888,0.1888,1.8881,6.4860
2011-05-25,2.8500,2.8600,2.7700,2.7800,-0.0700,-2.4600,1682566.9300,471437.8830,1.2900,2.7800,1.0967,1.0967,1.7900,9.5172,8.6845,1.5665,3.1091,2.8774,32479411.7000,1534235.3000,1534235.3000,90292764.5260,4265174.1340,,,0.1895,0.1895,1.8947,6.5088
2011-05-26,2.7900,2.8200,2.7800,2.8000,0.0200,0.7200,1632968.9100,457262.2400,1.2900,2.8000,1.0644,1.0644,1.5200,9.5857,8.7470,1.5778,3.1314,2.8981,32479411.7000,1534235.3000,1534235.3000,90942352.7600,4295858.8400,,,0.1935,0.1935,1.9355,6.6487
2011-05-27,2.8000,2.8200,2.7700,2.7800,-0.0200,-0.7100,1284910.2400,359145.3970,1.2900,2.7800,0.8375,0.8375,1.0500,9.5172,8.6845,1.5665,3.1091,2.8774,32479411.7000,1534235.3000,1534235.3000,90292764.5260,4265174.1340,,,0.1929,0.1929,1.9286,6.6250
2011-05-30,2.7700,2.8500,2.7600,2.8400,0.0600,2.1600,1350593.7000,381157.5870,1.3100,2.8400,0.8803,0.8803,1.0100,9.7226,8.8719,1.6003,3.1762,2.9395,32479411.7000,1534235.3000,1534235.3000,92241529.2280,4357228.2520,,,0.1949,0.1949,1.9495,6.6968
2011-05-31,2.8200,2.8500,2.8100,2.8400,0.0000,0.0000,1289882.3800,365306.9130,1.3100,2.8400,0.8407,0.8407,0.9200,9.7226,8.8719,1.6003,3.1762,2.9395,32479411.7000,1534235.3000,1534235.3000,92241529.2280,4357228.2520,,,0.1915,0.1915,1.9149,6.5780
2011-06-01,2.8600,2.8600,2.8200,2.8400,0.0000,0.0000,1322910.5700,375967.9420,1.3100,2.8400,0.8623,0.8623,0.9100,9.7226,8.8719,1.6003,3.1762,2.9395,32479411.7000,1534235.3000,1534235.3000,92241529.2280,4357228.2520,,,0.1888,0.1888,1.8881,6.4860
2011-06-02,2.8100,2.8300,2.7300,2.7700,-0.0700,-2.4600,2146052.5200,593849.1520,1.2800,2.7700,1.3988,1.3988,1.5600,9.4830,8.6533,1.5609,3.0979,2.8670,32479411.7000,1534235.3000,1534235.3000,89967970.4090,4249831.7810,,,0.1922,0.1922,1.9217,6.6014
2011-06-03,2.7600,2.8100,2.7600,2.8000,0.0300,1.0800,1726215.0700,480962.8880,1.2900,2.8000,1.1251,1.1251,1.1700,9.5857,8.7470,1.5778,3.1314,2.8981,32479411.7000,1534235.3000,1534235.3000,90942352.7600,4295858.8400,,,0.1957,0.1957,1.9565,6.7210
2011-06-07,2.7900,2.8000,2.7600,2.7800,-0.0200,-0.7100,981179.5700,272271.8070,1.2900,2.7800,0.6395,0.6395,0.6300,9.5172,8.6845,1.5665,3.1091,2.8774,32479411.7000,1534235.3000,1534235.3000,90292764.5260,4265174.1340,,,0.1935,0.1935,1.9355,6.6487
2011-06-09,2.7600,2.7700,2.7100,2.7300,-0.0500,-1.8000,1960664.3200,535193.8560,1.2600,2.7300,1.2779,1.2779,1.3100,9.3461,8.5283,1.5383,3.0531,2.8256,32479411.7000,1534235.3000,1534235.3000,88668793.9410,4188462.3690,,,0.1957,0.1957,1.9565,6.7210
2011-06-10,2.7300,2.7500,2.7000,2.7300,0.0000,0.0000,999070.0200,271763.4260,1.2600,2.7300,0.6512,0.6512,0.6100,9.3461,8.5283,1.5383,3.0531,2.8256,32479411.7000,1534235.3000,1534235.3000,88668793.9410,4188462.3690,,,0.1978,0.1978,1.9780,6.7949
2011-06-13,2.7200,2.7400,2.6900,2.7300,0.0000,0.0000,1077365.1000,291790.1770,1.2600,2.7300,0.7022,0.7022,0.6900,9.3461,8.5283,1.5383,3.0531,2.8256,32479411.7000,1534235.3000,1534235.3000,88668793.9410,4188462.3690,,,0.1985,0.1985,1.9853,6.8199
2011-06-14,2.7200,2.7500,2.7100,2.7300,0.0000,0.0000,1707907.6800,466514.2810,1.2600,2.7300,1.1132,1.1132,1.2700,9.3461,8.5283,1.5383,3.0531,2.8256,32479411.7000,1534235.3000,1534235.3000,88668793.9410,4188462.3690,,,0.1985,0.1985,1.9853,6.8199
2011-06-15,2.7200,2.7300,2.7100,2.7100,-0.0200,-0.7300,789187.3200,214590.8620,1.2500,2.7100,0.5144,0.5144,0.5900,9.2776,8.4658,1.5271,3.0308,2.8049,32479411.7000,1534235.3000,1534235.3000,88019205.7070,4157777.6630,,,0.1985,0.1985,1.9853,6.8199
2011-06-16,2.7000,2.7200,2.6900,2.7100,0.0000,0.0000,1052824.1000,284479.1960,1.2500,2.7100,0.6862,0.6862,0.8100,9.2776,8.4658,1.5271,3.0308,2.8049,32479411.7000,1534235.3000,1534235.3000,88019205.7070,4157777.6630,,,0.2000,0.2000,2.0000,6.8704
2011-06-17,2.6700,2.6700,2.6400,2.6400,-0.0700,-2.5800,486190.1500,129117.6660,1.2400,2.6900,0.3169,0.3169,0.4300,9.0379,8.2472,1.5343,2.9525,2.7325,32479411.7000,1534235.3000,1534235.3000,85745646.8880,4050381.1920,,2.0455,0.2022,0.2022,2.0225,6.9476
2011-06-20,2.6400,2.6500,2.6100,2.6400,0.0000,0.0000,1265210.6200,332456.0250,1.2400,2.6900,0.8247,0.8247,1.2400,9.0379,8.2472,1.5343,2.9525,2.7325,32479411.7000,1534235.3000,1534235.3000,85745646.8880,4050381.1920,,2.0455,0.2045,0.2045,2.0455,7.0265
2011-06-21,2.6300,2.6700,2.6300,2.6500,0.0100,0.3800,1037443.9800,274929.5320,1.2500,2.7000,0.6762,0.6762,0.9800,9.0722,8.2784,1.5401,2.9637,2.7428,32479411.7000,1534235.3000,1534235.3000,86070441.0050,4065723.5450,,2.0377,0.2053,0.2053,2.0532,7.0532
2011-06-22,2.6500,2.7200,2.6400,2.7000,0.0500,1.8900,1399572.1300,375587.0690,1.2700,2.7500,0.9122,0.9122,1.5100,9.2433,8.4346,1.5692,3.0196,2.7946,32479411.7000,1534235.3000,1534235.3000,87694411.5900,4142435.3100,,2.0000,0.2038,0.2038,2.0377,7.0000
2011-06-23,2.6900,2.7300,2.6800,2.7300,0.0300,1.1100,891160.2800,241031.1120,1.2900,2.7800,0.5808,0.5808,0.8500,9.3461,8.5283,1.5866,3.0531,2.8256,32479411.7000,1534235.3000,1534235.3000,88668793.9410,4188462.3690,,1.9780,0.2007,0.2007,2.0074,6.8959
2011-06-24,2.7200,2.8000,2.7100,2.7900,0.0600,2.2000,1683211.7300,466503.0200,1.3100,2.8400,1.0971,1.0971,1.6600,9.5515,8.7157,1.6215,3.1202,2.8877,32479411.7000,1534235.3000,1534235.3000,90617558.6430,4280516.4870,,1.9355,0.1985,0.1985,1.9853,6.8199
2011-06-27,2.7900,2.8000,2.7700,2.8000,0.0100,0.3600,1072792.1900,299312.9730,1.3200,2.8500,0.6992,0.6992,0.8500,9.5857,8.7470,1.6273,3.1314,2.8981,32479411.7000,1534235.3000,1534235.3000,90942352.7600,4295858.8400,,1.9286,0.1935,0.1935,1.9355,6.6487
2011-06-28,2.7900,2.8000,2.7700,2.7900,-0.0100,-0.3600,1160874.9100,323670.4240,1.3100,2.8400,0.7566,0.7566,0.9500,9.5515,8.7157,1.6215,3.1202,2.8877,32479411.7000,1534235.3000,1534235.3000,90617558.6430,4280516.4870,,1.9355,0.1935,0.1935,1.9355,6.6487
2011-06-29,2.7900,2.8000,2.7600,2.7800,-0.0100,-0.3600,1423433.5100,395380.6620,1.3100,2.8300,0.9278,0.9278,1.1500,9.5172,8.6845,1.6157,3.1091,2.8774,32479411.7000,1534235.3000,1534235.3000,90292764.5260,4265174.1340,,1.9424,0.1935,0.1935,1.9355,6.6487
2011-06-30,2.7700,2.8000,2.7600,2.8000,0.0200,0.7200,1100242.0900,306652.2470,1.3200,2.8500,0.7171,0.7171,0.8800,9.5857,8.7470,1.6273,3.1314,2.8981,32479411.7000,1534235.3000,1534235.3000,90942352.7600,4295858.8400,,1.9286,0.1949,0.1949,1.9495,6.6968
2011-07-01,2.8000,2.8100,2.7200,2.7400,-0.0600,-2.1400,1614900.2400,445271.8110,1.2900,2.7900,1.0526,1.0526,1.2500,9.3803,8.5595,1.5924,3.0643,2.8360,32479411.7000,1534235.3000,1534235.3000,88993588.0580,4203804.7220,,1.9708,0.1929,0.1929,1.9286,6.6250
2011-07-04,2.7500,2.7800,2.7300,2.7700,0.0300,1.0900,1334706.0000,367823.2570,1.3100,2.8200,0.8699,0.8699,1.0500,9.4830,8.6533,1.6098,3.0979,2.8670,32479411.7000,1534235.3000,1534235.3000,89967970.4090,4249831.7810,,1.9495,0.1964,0.1964,1.9636,6.7455
2011-07-05,2.7700,2.7700,2.7300,2.7400,-0.0300,-1.0800,1106417.2600,304055.4920,1.2900,2.7900,0.7212,0.7212,0.8300,9.3803,8.5595,1.5924,3.0643,2.8360,32479411.7000,1534235.3000,1534235.3000,88993588.0580,4203804.7220,,1.9708,0.1949,0.1949,1.9495,6.6968
2011-07-06,2.7400,2.7400,2.6700,2.7000,-0.0400,-1.4600,2171117.0400,584537.1590,1.2700,2.7500,1.4151,1.4151,1.6500,9.2433,8.4346,1.5692,3.0196,2.7946,32479411.7000,1534235.3000,1534235.3000,87694411.5900,4142435.3100,,2.0000,0.1971,0.1971,1.9708,6.7701
2011-07-07,2.7100,2.7300,2.6500,2.6700,-0.0300,-1.1100,2852780.2500,763537.4800,1.2600,2.7200,1.8594,1.8594,1.9500,9.1406,8.3409,1.5517,2.9860,2.7635,32479411.7000,1534235.3000,1534235.3000,86720029.2390,4096408.2510,,2.0225,0.1993,0.1993,1.9926,6.8450
2011-07-08,2.6800,2.7000,2.6500,2.6900,0.0200,0.7500,1476434.3900,395555.0350,1.2700,2.7400,0.9623,0.9623,0.8100,9.2091,8.4033,1.5634,3.0084,2.7842,32479411.7000,1534235.3000,1534235.3000,87369617.4730,4127092.9570,,2.0074,0.2015,0.2015,2.0149,6.9216
2011-07-11,2.6800,2.7000,2.6600,2.6800,-0.0100,-0.3700,845126.0100,226337.0740,1.2600,2.7300,0.5508,0.5508,0.4700,9.1749,8.3721,1.5575,2.9972,2.7739,32479411.7000,1534235.3000,1534235.3000,87044823.3560,4111750.6040,,2.0149,0.2015,0.2015,2.0149,6.9216
2011-07-12,2.6700,2.6800,2.6300,2.6600,-0.0200,-0.7500,1927685.2600,510497.7810,1.2500,2.7100,1.2564,1.2564,1.1400,9.1064,8.3096,1.5459,2.9749,2.7532,32479411.7000,1534235.3000,1534235.3000,86395235.1220,4081065.8980,,2.0301,0.2022,0.2022,2.0225,6.9476
2011-07-13,2.6700,2.7100,2.6600,2.7100,0.0500,1.8800,2047256.3500,550570.0680,1.2800,2.7600,1.3344,1.3344,1.1000,9.2776,8.4658,1.5750,3.0308,2.8049,32479411.7000,1534235.3000,1534235.3000,88019205.7070,4157777.6630,,1.9926,0.2022,0.2022,2.0225,6.9476
2011-07-14,2.7000,2.7100,2.6800,2.7000,-0.0100,-0.3700,1487218.3000,400973.5790,1.2700,2.7500,0.9694,0.9694,0.8100,9.2433,8.4346,1.5692,3.0196,2.7946,32479411.7000,1534235.3000,1534235.3000,87694411.5900,4142435.3100,,2.0000,0.2000,0.2000,2.0000,6.8704
2011-07-15,2.7000,2.7200,2.6700,2.7000,0.0000,0.0000,1683323.9900,454436.2720,1.2700,2.7500,0.8229,0.8229,1.0800,9.2433,8.4346,1.5692,3.0196,2.7946,32479411.7000,2045647.0500,2045647.0500,87694411.5900,5523247.0350,,2.0000,0.2000,0.2000,2.0000,6.8704
2011-07-18,2.7000,2.7300,2.6900,2.7300,0.0300,1.1100,2437299.5500,661308.9690,1.2900,2.7800,1.1915,1.1915,1.5300,9.3461,8.5283,1.5866,3.0531,2.8256,32479411.7000,2045647.0500,2045647.0500,88668793.9410,5584616.4465,,1.9780,0.2000,0.2000,2.0000,6.8704
2011-07-19,2.7200,2.7300,2.7000,2.7200,-0.0100,-0.3700,1326586.5800,360476.2870,1.2800,2.7700,0.6485,0.6485,0.6900,9.3118,8.4971,1.5808,3.0420,2.8153,32479411.7000,2045647.0500,2045647.0500,88343999.8240,5564159.9760,,1.9853,0.1985,0.1985,1.9853,6.8199
2011-07-20,2.7200,2.7400,2.7000,2.7200,0.0000,0.0000,1291157.2000,350683.4300,1.2800,2.7700,0.6312,0.6312,0.7200,9.3118,8.4971,1.5808,3.0420,2.8153,32479411.7000,2045647.0500,2045647.0500,88343999.8240,5564159.9760,,1.9853,0.1985,0.1985,1.9853,6.8199
2011-07-21,2.7100,2.7200,2.6800,2.7100,-0.0100,-0.3700,1554564.4200,418908.9680,1.2800,2.7600,0.7599,0.7599,0.9400,9.2776,8.4658,1.5750,3.0308,2.8049,32479411.7000,2045647.0500,2045647.0500,88019205.7070,5543703.5055,,1.9926,0.1993,0.1993,1.9926,6.8450
2011-07-22,2.7000,2.7100,2.6800,2.6900,-0.0200,-0.7400,1028604.1200,276592.9300,1.2700,2.7400,0.5028,0.5028,0.6200,9.2091,8.4033,1.5634,3.0084,2.7842,32479411.7000,2045647.0500,2045647.0500,87369617.4730,5502790.5645,,2.0074,0.2000,0.2000,2.0000,6.8704
2011-07-25,2.6800,2.6900,2.6300,2.6400,-0.0500,-1.8600,1347858.0400,358015.6640,1.2400,2.6900,0.6589,0.6589,0.8800,9.0379,8.2472,1.5343,2.9525,2.7325,32479411.7000,2045647.0500,2045647.0500,85745646.8880,5400508.2120,,2.0455,0.2015,0.2015,2.0149,6.9216
2011-07-26,2.6400,2.6700,2.6300,2.6500,0.0100,0.3800,1492801.4400,394957.7810,1.2500,2.7000,0.7297,0.7297,1.1400,9.0722,8.2784,1.5401,2.9637,2.7428,32479411.7000,2045647.0500,2045647.0500,86070441.0050,5420964.6825,,2.0377,0.2045,0.2045,2.0455,7.0265
2011-07-27,2.6400,2.6600,2.6300,2.6500,0.0000,0.0000,737222.6500,195043.8370,1.2500,2.7000,0.3604,0.3604,0.5500,9.0722,8.2784,1.5401,2.9637,2.7428,32479411.7000,2045647.0500,2045647.0500,86070441.0050,5420964.6825,,2.0377,0.2045,0.2045,2.0455,7.0265
2011-07-28,2.6400,2.6500,2.6300,2.6400,-0.0100,-0.3800,589935.4500,155565.2950,1.2400,2.6900,0.2884,0.2884,0.4800,9.0379,8.2472,1.5343,2.9525,2.7325,32479411.7000,2045647.0500,2045647.0500,85745646.8880,5400508.2120,,2.0455,0.2045,0.2045,2.0455,7.0265
2011-07-29,2.6400,2.7200,2.6300,2.6800,0.0400,1.5200,1341140.6700,358571.4490,1.2600,2.7300,0.6556,0.6556,1.2900,9.1749,8.3721,1.5575,2.9972,2.7739,32479411.7000,2045647.0500,2045647.0500,87044823.3560,5482334.0940,,2.0149,0.2045,0.2045,2.0455,7.0265
2011-08-01,2.6700,2.7000,2.6500,2.6800,0.0000,0.0000,574264.6500,153636.3470,1.2600,2.7300,0.2807,0.2807,0.5200,9.1749,8.3721,1.5575,2.9972,2.7739,32479411.7000,2045647.0500,2045647.0500,87044823.3560,5482334.0940,,2.0149,0.2022,0.2022,2.0225,6.9476
2011-08-02,2.6600,2.6700,2.6400,2.6500,-0.0300,-1.1200,336750.1400,89295.3600,1.2500,2.7000,0.1646,0.1646,0.3600,9.0722,8.2784,1.5401,2.9637,2.7428,32479411.7000,2045647.0500,2045647.0500,86070441.0050,5420964.6825,,2.0377,0.2030,0.2030,2.0301,6.9737
2011-08-03,2.6400,2.6700,2.6300,2.6700,0.0200,0.7500,963881.3500,255751.5930,1.2600,2.7200,0.4712,0.4712,1.3500,9.1406,8.3409,1.5517,2.9860,2.7635,32479411.7000,2045647.0500,2045647.0500,86720029.2390,5461877.6235,,2.0225,0.2045,0.2045,2.0455,7.0265
2011-08-04,2.6700,2.6700,2.6500,2.6600,-0.0100,-0.3700,239029.0800,63458.0620,1.2500,2.7100,0.1168,0.1168,0.3100,9.1064,8.3096,1.5459,2.9749,2.7532,32479411.7000,2045647.0500,2045647.0500,86395235.1220,5441421.1530,,2.0301,0.2022,0.2022,2.0225,6.9476
2011-08-05,2.6300,2.6400,2.6100,2.6200,-0.0400,-1.5000,836354.6600,219373.2010,1.2300,2.6700,0.4088,0.4088,1.2100,8.9695,8.1847,1.5227,2.9301,2.7118,32479411.7000,2045647.0500,2045647.0500,85096058.6540,5359595.2710,,2.0611,0.2053,0.2053,2.0532,7.0532
2011-08-08,2.6100,2.6200,2.5700,2.5800,-0.0400,-1.5300,1343831.3100,348849.4100,1.2200,2.6300,0.6569,0.6569,2.2800,8.8325,8.0597,1.4994,2.8854,2.6704,32479411.7000,2045647.0500,2045647.0500,83796882.1860,5277769.3890,,2.0930,0.2069,0.2069,2.0690,7.1073
2011-08-09,2.5500,2.5900,2.5300,2.5900,0.0100,0.3900,1393853.6500,356557.9190,1.2200,2.6400,0.6814,0.6814,1.8700,8.8668,8.0910,1.5052,2.8966,2.6807,32479411.7000,2045647.0500,2045647.0500,84121676.3030,5298225.8595,,2.0849,0.2118,0.2118,2.1176,7.2745
2011-08-10,2.6100,2.6200,2.5700,2.5900,0.0000,0.0000,1315276.5800,342178.6410,1.2200,2.6400,0.6430,0.6430,1.3800,8.8668,8.0910,1.5052,2.8966,2.6807,32479411.7000,2045647.0500,2045647.0500,84121676.3030,5298225.8595,,2.0849,0.2069,0.2069,2.0690,7.1073
2011-08-11,2.5500,2.6300,2.5400,2.6200,0.0300,1.1600,1304436.3300,339673.2080,1.2300,2.6700,0.6377,0.6377,1.2700,8.9695,8.1847,1.5227,2.9301,2.7118,32479411.7000,2045647.0500,2045647.0500,85096058.6540,5359595.2710,,2.0611,0.2118,0.2118,2.1176,7.2745
2011-08-12,2.6300,2.6300,2.6000,2.6200,0.0000,0.0000,908207.6300,237620.0160,1.2300,2.6700,0.4440,0.4440,0.7300,8.9695,8.1847,1.5227,2.9301,2.7118,32479411.7000,2045647.0500,2045647.0500,85096058.6540,5359595.2710,,2.0611,0.2053,0.2053,2.0532,7.0532
2011-08-15,2.6200,2.6500,2.5900,2.6400,0.0200,0.7600,1445159.4900,379242.9820,1.2400,2.6900,0.7065,0.7065,1.1500,9.0379,8.2472,1.5343,2.9525,2.7325,32479411.7000,2045647.0500,2045647.0500,85745646.8880,5400508.2120,,2.0455,0.2061,0.2061,2.0611,7.0802
2011-08-16,2.6400,2.6600,2.6200,2.6300,-0.0100,-0.3800,875285.6900,231019.4490,1.2400,2.6800,0.4279,0.4279,0.6900,9.0037,8.2159,1.5285,2.9413,2.7221,32479411.7000,2045647.0500,2045647.0500,85420852.7710,5380051.7415,,2.0532,0.2045,0.2045,2.0455,7.0265
2011-08-17,2.6200,2.6500,2.6200,2.6300,0.0000,0.0000,599649.7600,157957.1640,1.2400,2.6800,0.2931,0.2931,0.5100,9.0037,8.2159,1.5285,2.9413,2.7221,32479411.7000,2045647.0500,2045647.0500,85420852.7710,5380051.7415,,2.0532,0.2061,0.2061,2.0611,7.0802
2011-08-18,2.6300,2.6400,2.5800,2.5900,-0.0400,-1.5200,823760.1300,214913.4850,1.2200,2.6400,0.4027,0.4027,0.8000,8.8668,8.0910,1.5052,2.8966,2.6807,32479411.7000,2045647.0500,2045647.0500,84121676.3030,5298225.8595,,2.0849,0.2053,0.2053,2.0532,7.0532
2011-08-19,2.5500,2.5900,2.5400,2.5700,-0.0200,-0.7700,865120.4000,221871.0720,1.2100,2.6200,0.4229,0.4229,0.9300,8.7983,8.0285,1.4936,2.8742,2.6600,32479411.7000,2045647.0500,2045647.0500,83472088.0690,5257312.9185,,2.1012,0.2118,0.2118,2.1176,7.2745
2011-08-22,2.5700,2.5900,2.5600,2.5700,0.0000,0.0000,649274.2500,167085.4270,1.2100,2.6200,0.3174,0.3174,0.7000,8.7983,8.0285,1.4936,2.8742,2.6600,32479411.7000,2045647.0500,2045647.0500,83472088.0690,5257312.9185,,2.1012,0.2101,0.2101,2.1012,7.2179
2011-08-23,2.5800,2.6000,2.5600,2.6000,0.0300,1.1700,492172.1400,127054.8510,1.2300,2.6500,0.2406,0.2406,0.6500,8.9010,8.1222,1.5110,2.9078,2.6911,32479411.7000,2045647.0500,2045647.0500,84446470.4200,5318682.3300,,2.0769,0.2093,0.2093,2.0930,7.1899
2011-08-24,2.6000,2.6100,2.5800,2.5800,-0.0200,-0.7700,452655.9000,117625.2710,1.2200,2.6300,0.2213,0.2213,0.6600,8.8325,8.0597,1.4994,2.8854,2.6704,32479411.7000,2045647.0500,2045647.0500,83796882.1860,5277769.3890,,2.0930,0.2077,0.2077,2.0769,7.1346
2011-08-25,2.5900,2.6600,2.5900,2.6400,0.0600,2.3300,2118756.6100,558981.6830,1.2400,2.6900,1.0357,1.0357,3.2300,9.0379,8.2472,1.5343,2.9525,2.7325,32479411.7000,2045647.0500,2045647.0500,85745646.8880,5400508.2120,,2.0455,0.2085,0.2085,2.0849,7.1622
2011-08-26,2.6400,2.6500,2.6000,2.6200,-0.0200,-0.7600,1346825.7700,353725.5870,1.2300,2.6700,0.6584,0.6584,1.4700,8.9695,7.3549,1.4439,2.9301,2.5110,32479411.7000,2045647.0500,2045647.0500,85096058.6540,5359595.2710,,2.0611,0.2045,0.2045,2.0455,7.0265
2011-08-29,2.6100,2.6100,2.5800,2.6000,-0.0200,-0.7600,1139258.7000,295869.6380,1.2300,2.6500,0.5569,0.5569,1.1300,8.9010,7.2987,1.4329,2.9078,2.4918,32479411.7000,2045647.0500,2045647.0500,84446470.4200,5318682.3300,,2.0769,0.2069,0.2069,2.0690,7.1073
2011-08-30,2.6100,2.6400,2.5900,2.6000,0.0000,0.0000,1471883.6600,384754.5260,1.2300,2.6500,0.7195,0.7195,1.3300,8.9010,7.2987,1.4329,2.9078,2.4918,32479411.7000,2045647.0500,2045647.0500,84446470.4200,5318682.3300,,2.0769,0.2069,0.2069,2.0690,7.1073
2011-08-31,2.5900,2.6100,2.5800,2.6100,0.0100,0.3800,894447.2400,232158.2000,1.2300,2.6600,0.4372,0.4372,0.6800,8.9352,7.3268,1.4384,2.9189,2.5014,32479411.7000,2045647.0500,2045647.0500,84771264.5370,5339138.8005,,2.0690,0.2085,0.2085,2.0849,7.1622
2011-09-01,2.6000,2.6200,2.5900,2.6000,-0.0100,-0.3800,560964.5200,145877.5230,1.2300,2.6500,0.2742,0.2742,0.4000,8.9010,7.2987,1.4329,2.9078,2.4918,32479411.7000,2045647.0500,2045647.0500,84446470.4200,5318682.3300,,2.0769,0.2077,0.2077,2.0769,7.1346
2011-09-02,2.5900,2.6000,2.5700,2.5800,-0.0200,-0.7700,702327.8600,181338.7040,1.2200,2.6300,0.3433,0.3433,0.6500,8.8325,7.2426,1.4219,2.8854,2.4726,32479411.7000,2045647.0500,2045647.0500,83796882.1860,5277769.3890,,2.0930,0.2085,0.2085,2.0849,7.1622
2011-09-05,2.5700,2.5800,2.5500,2.5500,-0.0300,-1.1600,1152727.8900,295776.0370,1.2000,2.6000,0.5635,0.5635,1.2100,8.7298,7.1584,1.4054,2.8518,2.4439,32479411.7000,2045647.0500,2045647.0500,82822499.8350,5216399.9775,,2.1176,0.2101,0.2101,2.1012,7.2179
2011-09-06,2.5500,2.5600,2.5300,2.5600,0.0100,0.3900,1132088.0300,288070.4690,1.2100,2.6100,0.5534,0.5534,1.1800,8.7641,7.1865,1.4109,2.8630,2.4535,32479411.7000,2045647.0500,2045647.0500,83147293.9520,5236856.4480,,2.1094,0.2118,0.2118,2.1176,7.2745
2011-09-07,2.5600,2.5900,2.5500,2.5800,0.0200,0.7800,1042332.5400,267757.3860,1.2200,2.6300,0.5095,0.5095,1.1700,8.8325,7.2426,1.4219,2.8854,2.4726,32479411.7000,2045647.0500,2045647.0500,83796882.1860,5277769.3890,,2.0930,0.2109,0.2109,2.1094,7.2461
2011-09-08,2.5800,2.5900,2.5700,2.5800,0.0000,0.0000,537840.2000,138618.7680,1.2200,2.6300,0.2629,0.2629,0.5900,8.8325,7.2426,1.4219,2.8854,2.4726,32479411.7000,2045647.0500,2045647.0500,83796882.1860,5277769.3890,,2.0930,0.2093,0.2093,2.0930,7.1899
2011-09-09,2.5800,2.6000,2.5700,2.5800,0.0000,0.0000,674590.7500,174213.7650,1.2200,2.6300,0.3298,0.3298,0.7400,8.8325,7.2426,1.4219,2.8854,2.4726,32479411.7000,2045647.0500,2045647.0500,83796882.1860,5277769.3890,,2.0930,0.2093,0.2093,2.0930,7.1899
2011-09-13,2.5600,2.5800,2.5500,2.5700,-0.0100,-0.3900,549688.4200,140773.3380,1.2100,2.6200,0.2687,0.2687,0.6100,8.7983,7.2145,1.4164,2.8742,2.4631,32479411.7000,2045647.0500,2045647.0500,83472088.0690,5257312.9185,,2.1012,0.2109,0.2109,2.1094,7.2461
2011-09-14,2.5700,2.5800,2.5300,2.5600,-0.0100,-0.3900,1136283.4600,289610.4460,1.2100,2.6100,0.5555,0.5555,1.4400,8.7641,7.1865,1.4109,2.8630,2.4535,32479411.7000,2045647.0500,2045647.0500,83147293.9520,5236856.4480,,2.1094,0.2101,0.2101,2.1012,7.2179
2011-09-15,2.5500,2.5600,2.5400,2.5400,-0.0200,-0.7800,906802.2900,230868.4530,1.2000,2.5900,0.4433,0.4433,1.1500,8.6956,7.1303,1.3999,2.8407,2.4343,32479411.7000,2045647.0500,2045647.0500,82497705.7180,5195943.5070,,2.1260,0.2118,0.2118,2.1176,7.2745
2011-09-16,2.5500,2.5600,2.5400,2.5500,0.0100,0.3900,824129.1500,210017.7020,1.2000,2.6000,0.4029,0.4029,1.0800,8.7298,7.1584,1.4054,2.8518,2.4439,32479411.7000,2045647.0500,2045647.0500,82822499.8350,5216399.9775,,2.1176,0.2118,0.2118,2.1176,7.2745
2011-09-19,2.5400,2.5500,2.5100,2.5200,-0.0300,-1.1800,949230.9100,239747.2290,1.1900,2.5700,0.4640,0.4640,1.1600,8.6271,7.0742,1.3888,2.8183,2.4151,32479411.7000,2045647.0500,2045647.0500,81848117.4840,5155030.5660,,2.1429,0.2126,0.2126,2.1260,7.3031
2011-09-20,2.5200,2.5400,2.5100,2.5300,0.0100,0.4000,547312.9000,138046.9190,1.1900,2.5800,0.2676,0.2676,0.6300,8.6614,7.1022,1.3943,2.8295,2.4247,32479411.7000,2045647.0500,2045647.0500,82172911.6010,5175487.0365,,2.1344,0.2143,0.2143,2.1429,7.3611
2011-09-21,2.5300,2.5800,2.5200,2.5600,0.0300,1.1900,1410005.5200,360258.0400,1.2100,2.6100,0.6893,0.6893,1.6200,8.7641,7.1865,1.4109,2.8630,2.4535,32479411.7000,2045647.0500,2045647.0500,83147293.9520,5236856.4480,,2.1094,0.2134,0.2134,2.1344,7.3320
2011-09-22,2.5400,2.5600,2.5100,2.5200,-0.0400,-1.5600,1024580.7800,258935.4860,1.1900,2.5700,0.5009,0.5009,1.1000,8.6271,7.0742,1.3888,2.8183,2.4151,32479411.7000,2045647.0500,2045647.0500,81848117.4840,5155030.5660,,2.1429,0.2126,0.2126,2.1260,7.3031
2011-09-23,2.5000,2.5100,2.4700,2.5100,-0.0100,-0.4000,1617727.3000,402610.8200,1.1800,2.5600,0.7908,0.7908,1.7000,8.5929,7.0461,1.3833,2.8071,2.4056,32479411.7000,2045647.0500,2045647.0500,81523323.3670,5134574.0955,,2.1514,0.2160,0.2160,2.1600,7.4200
2011-09-26,2.5000,2.5100,2.4600,2.4800,-0.0300,-1.2000,830002.1000,206298.0560,1.1700,2.5300,0.4057,0.4057,0.7500,8.4902,6.9619,1.3668,2.7736,2.3768,32479411.7000,2045647.0500,2045647.0500,80548941.0160,5073204.6840,,2.1774,0.2160,0.2160,2.1600,7.4200
2011-09-27,2.4900,2.5000,2.4600,2.4800,0.0000,0.0000,941887.2600,233429.8920,1.1700,2.5300,0.4604,0.4604,0.8700,8.4902,6.9619,1.3668,2.7736,2.3768,32479411.7000,2045647.0500,2045647.0500,80548941.0160,5073204.6840,,2.1774,0.2169,0.2169,2.1687,7.4498
2011-09-28,2.4900,2.5000,2.4500,2.4700,-0.0100,-0.4000,842694.3400,208091.2460,1.1600,2.5200,0.4119,0.4119,0.7200,8.4560,6.9338,1.3613,2.7624,2.3672,32479411.7000,2045647.0500,2045647.0500,80224146.8990,5052748.2135,,2.1862,0.2169,0.2169,2.1687,7.4498
2011-09-29,2.4600,2.4700,2.4400,2.4600,-0.0100,-0.4000,751900.4000,184776.2300,1.1600,2.5100,0.3676,0.3676,0.7200,8.4217,6.9057,1.3558,2.7512,2.3576,32479411.7000,2045647.0500,2045647.0500,79899352.7820,5032291.7430,,2.1951,0.2195,0.2195,2.1951,7.5407
2011-09-30,2.4600,2.4800,2.4400,2.4600,0.0000,0.0000,1309441.7500,322135.1300,1.1600,2.5100,0.6401,0.6401,1.3100,8.4217,6.9057,1.3558,2.7512,2.3576,32479411.7000,2045647.0500,2045647.0500,79899352.7820,5032291.7430,,2.1951,0.2195,0.2195,2.1951,7.5407
2011-10-10,2.4500,2.4800,2.4300,2.4700,0.0100,0.4100,1111131.3900,272211.0480,1.1600,2.5200,0.5432,0.5432,1.1900,8.4560,6.9338,1.3613,2.7624,2.3672,32479411.7000,2045647.0500,2045647.0500,80224146.8990,5052748.2135,,2.1862,0.2204,0.2204,2.2041,7.5714
2011-10-11,2.5500,2.5800,2.5000,2.5200,0.0500,2.0200,2147530.5600,543984.0110,1.1900,2.5700,1.0498,1.0518,2.1700,8.6271,7.0742,1.3888,2.8183,2.4151,32479411.7000,2045647.0500,2041740.2161,81848117.4840,5155030.5660,,2.1429,0.2118,0.2118,2.1176,7.2745
2011-10-12,2.5100,2.6000,2.5000,2.5800,0.0600,2.3800,2997826.8800,768931.1310,1.2200,2.6300,1.4655,1.4683,2.4300,8.8325,7.2426,1.4219,2.8854,2.4726,32479411.7000,2045647.0500,2041740.2161,83796882.1860,5277769.3890,,2.0930,0.2151,0.2151,2.1514,7.3904
2011-10-13,2.5700,2.6000,2.5400,2.5900,0.0100,0.3900,1518818.2900,389246.9250,1.2200,2.6400,0.7425,0.7439,0.9100,8.8668,7.2707,1.4274,2.8966,2.4822,32479411.7000,2045647.0500,2041740.2161,84121676.3030,5298225.8595,,2.0849,0.2101,0.2101,2.1012,7.2179
2011-10-14,2.5700,2.6100,2.5400,2.6000,0.0100,0.3900,1659998.7500,426718.9100,1.2300,2.6500,0.8115,0.8130,0.9100,8.9010,7.2987,1.4329,2.9078,2.4918,32479411.7000,2045647.0500,2041740.2161,84446470.4200,5318682.3300,,2.0769,0.2101,0.2101,2.1012,7.2179
2011-10-17,2.5900,2.6100,2.5800,2.6100,0.0100,0.3800,1291117.1000,335204.3550,1.2300,2.6600,0.6312,0.6324,0.6800,8.9352,7.3268,1.4384,2.9189,2.5014,32479411.7000,2045647.0500,2041740.2161,84771264.5370,5339138.8005,,2.0690,0.2085,0.2085,2.0849,7.1622
2011-10-18,2.5800,2.6300,2.5600,2.6200,0.0100,0.3800,2167123.7400,561545.5740,1.2300,2.6700,1.0594,1.0614,1.1300,8.9695,7.3549,1.4439,2.9301,2.5110,32479411.7000,2045647.0500,2041740.2161,85096058.6540,5359595.2710,,2.0611,0.2093,0.2093,2.0930,7.1899
2011-10-19,2.6000,2.6100,2.5900,2.5900,-0.0300,-1.1500,777991.6400,202397.7680,1.2200,2.6400,0.3803,0.3810,0.4000,8.8668,7.2707,1.4274,2.8966,2.4822,32479411.7000,2045647.0500,2041740.2161,84121676.3030,5298225.8595,,2.0849,0.2077,0.2077,2.0769,7.1346
2011-10-20,2.5800,2.5900,2.5400,2.5500,-0.0400,-1.5400,757627.1900,194318.0350,1.2000,2.6000,0.3704,0.3711,0.5100,8.7298,7.1584,1.4054,2.8518,2.4439,32479411.7000,2045647.0500,2041740.2161,82822499.8350,5216399.9775,,2.1176,0.2093,0.2093,2.0930,7.1899
2011-10-21,2.5600,2.5900,2.5400,2.5800,0.0300,1.1800,765121.1300,196758.8550,1.2200,2.6300,0.3740,0.3747,0.5700,8.8325,7.2426,1.4219,2.8854,2.4726,32479411.7000,2045647.0500,2041740.2161,83796882.1860,5277769.3890,,2.0930,0.2109,0.2109,2.1094,7.2461
2011-10-24,2.5800,2.6500,2.5800,2.6300,0.0500,1.9400,1797251.4600,470987.8760,1.2400,2.6800,0.8786,0.8803,1.5600,9.0037,7.3830,1.4495,2.9413,2.5206,32479411.7000,2045647.0500,2041740.2161,85420852.7710,5380051.7415,,2.0532,0.2093,0.2093,2.0930,7.1899
2011-10-25,2.6300,2.6700,2.6200,2.6600,0.0300,1.1400,1424169.1700,377086.0800,1.2500,2.7100,0.6962,0.6975,1.1400,9.1064,7.4672,1.4660,2.9749,2.5493,32479411.7000,2045647.0500,2041740.2161,86395235.1220,5441421.1530,,2.0301,0.2053,0.2053,2.0532,7.0532
2011-10-26,2.6500,2.6900,2.6400,2.6500,-0.0100,-0.3800,1432028.9500,381972.5420,1.2500,2.7000,0.7000,0.7014,1.3000,9.0722,7.4391,1.4605,2.9637,2.5397,32479411.7000,2045647.0500,2041740.2161,86070441.0050,5420964.6825,,2.0377,0.2038,0.2038,2.0377,7.0000
2011-10-27,2.6600,2.6800,2.6500,2.6800,0.0300,1.1300,964786.1300,257687.2100,1.2600,2.7300,0.4716,0.4725,0.7800,9.1749,6.9367,1.4032,2.9972,2.4172,32479411.7000,2045647.0500,2041740.2161,87044823.3560,5482334.0940,,2.0149,0.2030,0.2030,2.0301,6.9737
2011-10-28,2.6900,2.7200,2.6700,2.6800,0.0000,0.0000,1882423.6700,507374.8720,1.2600,2.7300,0.9202,0.9220,1.4700,9.1749,6.9367,1.4032,2.9972,2.4172,32479411.7000,2045647.0500,2041740.2161,87044823.3560,5482334.0940,,2.0149,0.2007,0.2007,2.0074,6.8959
2011-10-31,2.6800,2.7000,2.6700,2.6800,0.0000,0.0000,959299.0400,257103.6970,1.2600,2.7300,0.4689,0.4698,0.6400,9.1749,6.9367,1.4032,2.9972,2.4172,32479411.7000,2045647.0500,2041740.2161,87044823.3560,5482334.0940,,2.0149,0.2015,0.2015,2.0149,6.9216
2011-11-01,2.6600,2.6900,2.6400,2.6700,-0.0100,-0.3700,943031.7600,251323.5700,1.2600,2.7200,0.4610,0.4619,0.7100,9.1406,6.9108,1.3979,2.9860,2.4082,32479411.7000,2045647.0500,2041740.2161,86720029.2390,5461877.6235,,2.0225,0.2030,0.2030,2.0301,6.9737
2011-11-02,2.6400,2.6800,2.6300,2.6800,0.0100,0.3700,865833.2900,229497.1090,1.2600,2.7300,0.4233,0.4241,0.7000,9.1749,6.9367,1.4032,2.9972,2.4172,32479411.7000,2045647.0500,2041740.2161,87044823.3560,5482334.0940,,2.0149,0.2045,0.2045,2.0455,7.0265
2011-11-03,2.6800,2.6800,2.6500,2.6600,-0.0200,-0.7500,1687365.4500,449649.7510,1.2500,2.7100,0.8249,0.8264,1.5000,9.1064,6.8850,1.3927,2.9749,2.3992,32479411.7000,2045647.0500,2041740.2161,86395235.1220,5441421.1530,,2.0301,0.2015,0.2015,2.0149,6.9216
2011-11-04,2.6700,2.6800,2.6500,2.6700,0.0100,0.3800,1237157.0700,329377.4930,1.2600,2.7200,0.6048,0.6059,0.9800,9.1406,6.9108,1.3979,2.9860,2.4082,32479411.7000,2045647.0500,2041740.2161,86720029.2390,5461877.6235,,2.0225,0.2022,0.2022,2.0225,6.9476
2011-11-07,2.6600,2.6700,2.6300,2.6400,-0.0300,-1.1200,576657.4900,152757.0150,1.2400,2.6900,0.2819,0.2824,0.5100,9.0379,6.8332,1.3822,2.9525,2.3811,32479411.7000,2045647.0500,2041740.2161,85745646.8880,5400508.2120,,2.0455,0.2030,0.2030,2.0301,6.9737
2011-11-08,2.6400,2.6500,2.6200,2.6400,0.0000,0.0000,691759.0300,182232.8130,1.2400,2.6900,0.3382,0.3388,0.6500,9.0379,6.8332,1.3822,2.9525,2.3811,32479411.7000,2045647.0500,2041740.2161,85745646.8880,5400508.2120,,2.0455,0.2045,0.2045,2.0455,7.0265
2011-11-09,2.6400,2.6700,2.6300,2.6600,0.0200,0.7600,902772.2400,238965.0380,1.2500,2.7100,0.4413,0.4422,0.8900,9.1064,6.8850,1.3927,2.9749,2.3992,32479411.7000,2045647.0500,2041740.2161,86395235.1220,5441421.1530,,2.0301,0.2045,0.2045,2.0455,7.0265
2011-11-10,2.6400,2.6500,2.6200,2.6300,-0.0300,-1.1300,719835.9400,189202.8130,1.2400,2.6800,0.3519,0.3526,0.7100,9.0037,6.8073,1.3770,2.9413,2.3721,32479411.7000,2045647.0500,2041740.2161,85420852.7710,5380051.7415,,2.0532,0.2045,0.2045,2.0455,7.0265
2011-11-11,2.6200,2.6500,2.6200,2.6500,0.0200,0.7600,480400.2900,126538.3630,1.2500,2.7000,0.2348,0.2353,0.5800,9.0722,6.8591,1.3874,2.9637,2.3901,32479411.7000,2045647.0500,2041740.2161,86070441.0050,5420964.6825,,2.0377,0.2061,0.2061,2.0611,7.0802
2011-11-14,2.6500,2.6800,2.6400,2.6600,0.0100,0.3800,932314.9500,248127.8020,1.2500,2.7100,0.4558,0.4566,1.3800,9.1064,6.8850,1.3927,2.9749,2.3992,32479411.7000,2045647.0500,2041740.2161,86395235.1220,5441421.1530,,2.0301,0.2038,0.2038,2.0377,7.0000
2011-11-15,2.6600,2.6600,2.6200,2.6400,-0.0200,-0.7500,627080.1200,165232.2470,1.2400,2.6900,0.3065,0.3071,0.8400,9.0379,6.8332,1.3822,2.9525,2.3811,32479411.7000,2045647.0500,2041740.2161,85745646.8880,5400508.2120,,2.0455,0.2030,0.2030,2.0301,6.9737
2011-11-16,2.6400,2.6400,2.5800,2.5900,-0.0500,-1.8900,738191.3600,192623.3350,1.2200,2.6400,0.3609,0.3616,1.0100,8.8668,6.7038,1.3560,2.8966,2.3360,32479411.7000,2045647.0500,2041740.2161,84121676.3030,5298225.8595,,2.0849,0.2045,0.2045,2.0455,7.0265
2011-11-17,2.5900,2.6000,2.5800,2.5900,0.0000,0.0000,327042.3300,84691.0380,1.2200,2.6400,0.1599,0.1602,0.4700,8.8668,6.7038,1.3560,2.8966,2.3360,32479411.7000,2045647.0500,2041740.2161,84121676.3030,5298225.8595,,2.0849,0.2085,0.2085,2.0849,7.1622
2011-11-18,2.5800,2.5900,2.5500,2.5500,-0.0400,-1.5400,506803.5200,130042.2010,1.2000,2.6000,0.2477,0.2482,0.8200,8.7298,6.6002,1.3351,2.8518,2.3000,32479411.7000,2045647.0500,2041740.2161,82822499.8350,5216399.9775,,2.1176,0.2093,0.2093,2.0930,7.1899
2011-11-21,2.5600,2.5600,2.5300,2.5400,-0.0100,-0.3900,289326.4400,73492.3900,1.2000,2.5900,0.1414,0.1417,0.4600,8.6956,6.5744,1.3299,2.8407,2.2909,32479411.7000,2045647.0500,2041740.2161,82497705.7180,5195943.5070,,2.1260,0.2109,0.2109,2.1094,7.2461
2011-11-22,2.5300,2.5500,2.5200,2.5400,0.0000,0.0000,313025.0800,79482.3900,1.2000,2.5900,0.1530,0.1533,0.6300,8.6956,6.5744,1.3299,2.8407,2.2909,32479411.7000,2045647.0500,2041740.2161,82497705.7180,5195943.5070,,2.1260,0.2134,0.2134,2.1344,7.3320
2011-11-23,2.5500,2.5600,2.5300,2.5600,0.0200,0.7900,486043.6900,123468.0700,1.2100,2.6100,0.2376,0.2381,1.1200,8.7641,6.6261,1.3403,2.8630,2.3090,32479411.7000,2045647.0500,2041740.2161,83147293.9520,5236856.4480,,2.1094,0.2118,0.2118,2.1176,7.2745
2011-11-24,2.5400,2.5800,2.5300,2.5700,0.0100,0.3900,475862.6100,121835.7640,1.2100,2.6200,0.2326,0.2331,1.2400,8.7983,6.6520,1.3456,2.8742,2.3180,32479411.7000,2045647.0500,2041740.2161,83472088.0690,5257312.9185,,2.1012,0.2126,0.2126,2.1260,7.3031
2011-11-25,2.5600,2.5700,2.5300,2.5400,-0.0300,-1.1700,271756.7900,69178.5080,1.2000,2.5900,0.1328,0.1331,0.6600,8.6956,6.5744,1.3299,2.8407,2.2909,32479411.7000,2045647.0500,2041740.2161,82497705.7180,5195943.5070,,2.1260,0.2109,0.2109,2.1094,7.2461
2011-11-28,2.5300,2.5600,2.5300,2.5500,0.0100,0.3900,244541.4800,62251.0810,1.2000,2.6000,0.1195,0.1198,0.6700,8.7298,6.6002,1.3351,2.8518,2.3000,32479411.7000,2045647.0500,2041740.2161,82822499.8350,5216399.9775,,2.1176,0.2134,0.2134,2.1344,7.3320
2011-11-29,2.5600,2.5800,2.5500,2.5700,0.0200,0.7800,412914.7500,105813.7070,1.2100,2.6200,0.2019,0.2022,1.1500,8.7983,6.6520,1.3456,2.8742,2.3180,32479411.7000,2045647.0500,2041740.2161,83472088.0690,5257312.9185,,2.1012,0.2109,0.2109,2.1094,7.2461
2011-11-30,2.5700,2.5800,2.5300,2.5400,-0.0300,-1.1700,689297.5200,176132.1410,1.2000,2.5900,0.3370,0.3376,1.8200,8.6956,6.5744,1.3299,2.8407,2.2909,32479411.7000,2045647.0500,2041740.2161,82497705.7180,5195943.5070,,2.1260,0.2101,0.2101,2.1012,7.2179
2011-12-01,2.5800,2.6300,2.5600,2.6000,0.0600,2.3600,1155583.1900,299696.3210,1.2300,2.6500,0.5649,0.5660,2.7600,8.9010,6.7297,1.3613,2.9078,2.3451,32479411.7000,2045647.0500,2041740.2161,84446470.4200,5318682.3300,,2.0769,0.2093,0.2093,2.0930,7.1899
2011-12-02,2.5800,2.5900,2.5500,2.5800,-0.0200,-0.7700,442450.5400,113682.0740,1.2200,2.6300,0.2163,0.2167,0.8000,8.8325,6.6779,1.3508,2.8854,2.3270,32479411.7000,2045647.0500,2041740.2161,83796882.1860,5277769.3890,,2.0930,0.2093,0.2093,2.0930,7.1899
2011-12-05,2.5800,2.6000,2.5700,2.6000,0.0200,0.7800,670929.2000,173882.7940,1.2300,2.6500,0.3280,0.3286,1.1400,8.9010,6.7297,1.3613,2.9078,2.3451,32479411.7000,2045647.0500,2041740.2161,84446470.4200,5318682.3300,,2.0769,0.2093,0.2093,2.0930,7.1899
2011-12-06,2.5900,2.6000,2.5500,2.5600,-0.0400,-1.5400,469445.0100,120574.3050,1.2100,2.6100,0.2295,0.2299,0.7000,8.7641,6.6261,1.3403,2.8630,2.3090,32479411.7000,2045647.0500,2041740.2161,83147293.9520,5236856.4480,,2.1094,0.2085,0.2085,2.0849,7.1622
2011-12-07,2.5500,2.5800,2.5500,2.5700,0.0100,0.3900,264147.2200,67834.1260,1.2100,2.6200,0.1291,0.1294,0.3900,8.7983,6.6520,1.3456,2.8742,2.3180,32479411.7000,2045647.0500,2041740.2161,83472088.0690,5257312.9185,,2.1012,0.2118,0.2118,2.1176,7.2745
2011-12-08,2.5700,2.5900,2.5500,2.5800,0.0100,0.3900,408195.3600,105039.1770,1.2200,2.6300,0.1995,0.1999,0.6800,8.8325,6.6779,1.3508,2.8854,2.3270,32479411.7000,2045647.0500,2041740.2161,83796882.1860,5277769.3890,,2.0930,0.2101,0.2101,2.1012,7.2179
2011-12-09,2.5700,2.6000,2.5700,2.5900,0.0100,0.3900,438893.5900,113578.6810,1.2200,2.6400,0.2146,0.2150,0.9700,8.8668,6.7038,1.3560,2.8966,2.3360,32479411.7000,2045647.0500,2041740.2161,84121676.3030,5298225.8595,,2.0849,0.2101,0.2101,2.1012,7.2179
2011-12-12,2.5900,2.6000,2.5700,2.5700,-0.0200,-0.7700,236463.4100,61025.0380,1.2100,2.6200,0.1156,0.1158,0.5300,8.7983,6.6520,1.3456,2.8742,2.3180,32479411.7000,2045647.0500,2041740.2161,83472088.0690,5257312.9185,,2.1012,0.2085,0.2085,2.0849,7.1622
2011-12-13,2.5700,2.5900,2.5300,2.5400,-0.0300,-1.1700,720106.1600,185134.8360,1.2000,2.5900,0.3520,0.3527,1.9800,8.6956,6.5744,1.3299,2.8407,2.2909,32479411.7000,2045647.0500,2041740.2161,82497705.7180,5195943.5070,,2.1260,0.2101,0.2101,2.1012,7.2179
2011-12-14,2.5400,2.5500,2.5200,2.5400,0.0000,0.0000,317520.9000,80564.9390,1.2000,2.5900,0.1552,0.1555,0.7700,8.6956,6.5744,1.3299,2.8407,2.2909,32479411.7000,2045647.0500,2041740.2161,82497705.7180,5195943.5070,,2.1260,0.2126,0.2126,2.1260,7.3031
2011-12-15,2.5400,2.5500,2.5100,2.5300,-0.0100,-0.3900,447536.2200,113002.3120,1.1900,2.5800,0.2188,0.2192,1.0500,8.6614,6.5485,1.3246,2.8295,2.2819,32479411.7000,2045647.0500,2041740.2161,82172911.6010,5175487.0365,,2.1344,0.2126,0.2126,2.1260,7.3031
2011-12-16,2.5200,2.5800,2.5100,2.5700,0.0400,1.5800,987821.0400,251193.2280,1.2100,2.6200,0.4829,0.4838,2.2900,8.7983,6.6520,1.3456,2.8742,2.3180,32479411.7000,2045647.0500,2041740.2161,83472088.0690,5257312.9185,,2.1012,0.2143,0.2143,2.1429,7.3611
2011-12-19,2.5500,2.5700,2.5200,2.5600,-0.0100,-0.3900,775536.5800,197608.7940,1.2100,2.6100,0.3791,0.3798,1.4300,8.7641,6.6261,1.3403,2.8630,2.3090,32479411.7000,2045647.0500,2041740.2161,83147293.9520,5236856.4480,,2.1094,0.2118,0.2118,2.1176,7.2745
2011-12-20,2.5600,2.5900,2.5500,2.5800,0.0200,0.7800,575518.6400,147816.9070,1.2200,2.6300,0.2813,0.2819,0.8900,8.8325,6.6779,1.3508,2.8854,2.3270,32479411.7000,2045647.0500,2041740.2161,83796882.1860,5277769.3890,,2.0930,0.2109,0.2109,2.1094,7.2461
2011-12-21,2.5800,2.6100,2.5700,2.6000,0.0200,0.7800,1105751.7300,286884.0270,1.2300,2.6500,0.5405,0.5416,1.7800,8.9010,6.7297,1.3613,2.9078,2.3451,32479411.7000,2045647.0500,2041740.2161,84446470.4200,5318682.3300,,2.0769,0.2093,0.2093,2.0930,7.1899
2011-12-22,2.5900,2.6200,2.5800,2.6000,0.0000,0.0000,1273378.7500,330566.3250,1.2300,2.6500,0.6225,0.6237,1.6400,8.9010,6.7297,1.3613,2.9078,2.3451,32479411.7000,2045647.0500,2041740.2161,84446470.4200,5318682.3300,,2.0769,0.2085,0.2085,2.0849,7.1622
2011-12-23,2.5900,2.6100,2.5800,2.5800,-0.0200,-0.7700,757727.2900,196594.5070,1.2200,2.6300,0.3704,0.3711,0.8000,8.8325,6.6779,1.3508,2.8854,2.3270,32479411.7000,2045647.0500,2041740.2161,83796882.1860,5277769.3890,,2.0930,0.2085,0.2085,2.0849,7.1622
2011-12-26,2.5800,2.5900,2.5700,2.5800,0.0000,0.0000,441242.2100,113750.4480,1.2200,2.6300,0.2157,0.2161,0.4900,8.8325,6.6779,1.3508,2.8854,2.3270,32479411.7000,2045647.0500,2041740.2161,83796882.1860,5277769.3890,,2.0930,0.2093,0.2093,2.0930,7.1899
2011-12-27,2.5800,2.6000,2.5700,2.5900,0.0100,0.3900,493991.7900,127537.9900,1.2200,2.6400,0.2415,0.2419,0.5900,8.8668,6.7038,1.3560,2.8966,2.3360,32479411.7000,2045647.0500,2041740.2161,84121676.3030,5298225.8595,,2.0849,0.2093,0.2093,2.0930,7.1899
2011-12-28,2.5800,2.5900,2.5500,2.5900,0.0000,0.0000,771802.1900,198844.2560,1.2200,2.6400,0.3773,0.3780,0.9500,8.8668,6.7038,1.3560,2.8966,2.3360,32479411.7000,2045647.0500,2041740.2161,84121676.3030,5298225.8595,,2.0849,0.2093,0.2093,2.0930,7.1899
2011-12-29,2.5800,2.6000,2.5700,2.6000,0.0100,0.3900,477046.1000,123674.9800,1.2300,2.6500,0.2332,0.2336,0.6400,8.9010,6.7297,1.3613,2.9078,2.3451,32479411.7000,2045647.0500,2041740.2161,84446470.4200,5318682.3300,,2.0769,0.2093,0.2093,2.0930,7.1899
2011-12-30,2.6000,2.6200,2.5900,2.6200,0.0200,0.7700,1018920.6700,265189.5910,1.2300,2.6700,0.4981,0.4990,1.7300,8.9695,6.7814,1.3717,2.9301,2.3631,32479411.7000,2045647.0500,2041740.2161,85096058.6540,5359595.2710,,2.0611,0.2077,0.2077,2.0769,7.1346
2012-01-04,2.6200,2.6300,2.5900,2.6000,-0.0200,-0.7600,799008.7700,208896.5390,1.2300,2.6500,0.3906,0.3913,1.2500,8.9010,6.7297,1.3613,2.9078,2.3451,32479411.7000,2045647.0500,2041740.2161,84446470.4200,5318682.3300,2.0769,2.0769,0.5019,0.5019,5.0191,10.9924
2012-01-05,2.6000,2.6600,2.6000,2.6500,0.0500,1.9200,1431808.4400,378868.1480,1.2500,2.7000,0.6999,0.7013,2.0100,9.0722,6.8591,1.3874,2.9637,2.3901,32479411.7000,2045647.0500,2041740.2161,86070441.0050,5420964.6825,2.0377,2.0377,0.5058,0.5058,5.0577,11.0769
2012-01-06,2.6400,2.6700,2.6400,2.6600,0.0100,0.3800,797697.0800,211840.1640,1.2500,2.7100,0.3899,0.3907,0.8900,9.1064,6.8850,1.3927,2.9749,2.3992,32479411.7000,2045647.0500,2041740.2161,86395235.1220,5441421.1530,2.0301,2.0301,0.4981,0.4981,4.9811,10.9091
2012-01-09,2.6500,2.6800,2.6300,2.6800,0.0200,0.7500,899182.7900,239344.8880,1.2600,2.7300,0.4396,0.4404,0.9900,9.1749,6.9367,1.4032,2.9972,2.4172,32479411.7000,2045647.0500,2041740.2161,87044823.3560,5482334.0940,2.0149,2.0149,0.4962,0.4962,4.9623,10.8679
2012-01-10,2.6700,2.7000,2.6600,2.6900,0.0100,0.3700,871977.2800,233754.7000,1.2700,2.7400,0.4263,0.4271,0.8800,9.2091,6.9626,1.4084,3.0084,2.4262,32479411.7000,2045647.0500,2041740.2161,87369617.4730,5502790.5645,2.0074,2.0074,0.4925,0.4925,4.9251,10.7865
2012-01-11,2.6900,2.7000,2.6700,2.6700,-0.0200,-0.7400,767996.2300,206008.0790,1.2600,2.7200,0.3754,0.3761,0.8000,9.1406,6.9108,1.3979,2.9860,2.4082,32479411.7000,2045647.0500,2041740.2161,86720029.2390,5461877.6235,2.0225,2.0225,0.4888,0.4888,4.8885,10.7063
2012-01-12,2.6700,2.6800,2.6500,2.6500,-0.0200,-0.7500,936822.3000,249596.5860,1.2500,2.7000,0.4580,0.4588,0.9800,9.0722,6.8591,1.3874,2.9637,2.3901,32479411.7000,2045647.0500,2041740.2161,86070441.0050,5420964.6825,2.0377,2.0377,0.4925,0.4925,4.9251,10.7865
2012-01-13,2.6500,2.6600,2.6400,2.6500,0.0000,0.0000,692651.3800,183878.4080,1.2500,2.7000,0.3386,0.3392,0.8100,9.0722,6.8591,1.3874,2.9637,2.3901,32479411.7000,2045647.0500,2041740.2161,86070441.0050,5420964.6825,2.0377,2.0377,0.4962,0.4962,4.9623,10.8679
2012-01-17,2.6500,2.7000,2.6400,2.6900,0.0400,1.5100,1223837.6900,326730.9210,1.2700,2.7400,0.4786,0.4793,1.4700,9.2091,6.9626,1.4084,3.0084,2.4262,32479411.7000,2557058.8000,2553151.9661,87369617.4730,6878488.1720,2.0074,2.0074,0.4962,0.4962,4.9623,10.8679
2012-01-18,2.6900,2.7000,2.6600,2.6900,0.0000,0.0000,1264056.3900,339461.9580,1.2700,2.7400,0.4943,0.4951,1.4100,9.2091,6.9626,1.4084,3.0084,2.4262,32479411.7000,2557058.8000,2553151.9661,87369617.4730,6878488.1720,2.0074,2.0074,0.4888,0.4888,4.8885,10.7063
2012-01-19,2.6900,2.7100,2.6800,2.7000,0.0100,0.3700,940046.7600,253916.8320,1.2700,2.7500,0.3676,0.3682,0.9600,9.2433,6.9885,1.4136,3.0196,2.4352,32479411.7000,2557058.8000,2553151.9661,87694411.5900,6904058.7600,2.0000,2.0000,0.4888,0.4888,4.8885,10.7063
2012-01-20,2.7100,2.7300,2.6900,2.7200,0.0200,0.7400,1522521.8000,412517.3490,1.2800,2.7700,0.5954,0.5963,1.5100,9.3118,7.0403,1.4241,3.0420,2.4533,32479411.7000,2557058.8000,2553151.9661,88343999.8240,6955199.9360,1.9853,1.9853,0.4852,0.4852,4.8524,10.6273
2012-01-30,2.7300,2.7300,2.6700,2.6800,-0.0400,-1.4700,1161107.5300,312947.7510,1.2600,2.7300,0.4541,0.4548,1.0300,9.1749,6.9367,1.4032,2.9972,2.4172,32479411.7000,2557058.8000,2553151.9661,87044823.3560,6852917.5840,2.0149,2.0149,0.4817,0.4817,4.8168,10.5495
2012-01-31,2.6900,2.7000,2.6700,2.7000,0.0200,0.7500,1087843.6900,291857.1430,1.2700,2.7500,0.4254,0.4261,0.8900,9.2433,6.9885,1.4136,3.0196,2.4352,32479411.7000,2557058.8000,2553151.9661,87694411.5900,6904058.7600,2.0000,2.0000,0.4888,0.4888,4.8885,10.7063
2012-02-01,2.6900,2.7100,2.6800,2.6800,-0.0200,-0.7400,684075.1600,184259.1500,1.2600,2.7300,0.2675,0.2679,0.5700,9.1749,6.9367,1.4032,2.9972,2.4172,32479411.7000,2557058.8000,2553151.9661,87044823.3560,6852917.5840,2.0149,2.0149,0.4888,0.4888,4.8885,10.7063
2012-02-02,2.6900,2.7300,2.6800,2.7300,0.0500,1.8700,1094227.6600,296519.8440,1.2900,2.7800,0.4279,0.4286,1.0100,9.3461,7.0661,1.4293,3.0531,2.4623,32479411.7000,2557058.8000,2553151.9661,88668793.9410,6980770.5240,1.9780,1.9780,0.4888,0.4888,4.8885,10.7063
2012-02-03,2.7300,2.7600,2.7200,2.7500,0.0200,0.7300,1315928.2100,360612.3140,1.3000,2.8000,0.5146,0.5154,1.1900,9.4145,7.1179,1.4398,3.0755,2.4803,32479411.7000,2557058.8000,2553151.9661,89318382.1750,7031911.7000,1.9636,1.9636,0.4817,0.4817,4.8168,10.5495
2012-02-06,2.7500,2.7600,2.7300,2.7500,0.0000,0.0000,655166.6600,179869.8310,1.3000,2.8000,0.2562,0.2566,0.6100,9.4145,7.1179,1.4398,3.0755,2.4803,32479411.7000,2557058.8000,2553151.9661,89318382.1750,7031911.7000,1.9636,1.9636,0.4782,0.4782,4.7818,10.4727
2012-02-07,2.7400,2.7500,2.7100,2.7200,-0.0300,-1.0900,549971.5900,149949.7040,1.2800,2.7700,0.2151,0.2154,0.5700,9.3118,7.0403,1.4241,3.0420,2.4533,32479411.7000,2557058.8000,2553151.9661,88343999.8240,6955199.9360,1.9853,1.9853,0.4799,0.4799,4.7993,10.5109
2012-02-08,2.7200,2.7700,2.7100,2.7500,0.0300,1.1000,725506.7300,199172.5760,1.3000,2.8000,0.2837,0.2842,0.8400,9.4145,7.1179,1.4398,3.0755,2.4803,32479411.7000,2557058.8000,2553151.9661,89318382.1750,7031911.7000,1.9636,1.9636,0.4835,0.4835,4.8346,10.5882
2012-02-09,2.7500,2.7600,2.7200,2.7300,-0.0200,-0.7300,511266.1400,139719.1600,1.2900,2.7800,0.1999,0.2002,0.5900,9.3461,7.0661,1.4293,3.0531,2.4623,32479411.7000,2557058.8000,2553151.9661,88668793.9410,6980770.5240,1.9780,1.9780,0.4782,0.4782,4.7818,10.4727
2012-02-10,2.7200,2.7500,2.7100,2.7200,-0.0100,-0.3700,820189.0000,223715.7220,1.2800,2.7700,0.3208,0.3212,1.0900,9.3118,7.0403,1.4241,3.0420,2.4533,32479411.7000,2557058.8000,2553151.9661,88343999.8240,6955199.9360,1.9853,1.9853,0.4835,0.4835,4.8346,10.5882
2012-02-13,2.7100,2.7200,2.7000,2.7100,-0.0100,-0.3700,605652.1500,164014.6330,1.2800,2.7600,0.2369,0.2372,0.9300,9.2776,7.0144,1.4189,3.0308,2.4443,32479411.7000,2557058.8000,2553151.9661,88019205.7070,6929629.3480,1.9926,1.9926,0.4852,0.4852,4.8524,10.6273
2012-02-14,2.7100,2.7100,2.6900,2.7000,-0.0100,-0.3700,573868.4800,154930.0150,1.2700,2.7500,0.2244,0.2248,0.8900,9.2433,6.9885,1.4136,3.0196,2.4352,32479411.7000,2557058.8000,2553151.9661,87694411.5900,6904058.7600,2.0000,2.0000,0.4852,0.4852,4.8524,10.6273
2012-02-15,2.7000,2.7200,2.7000,2.7000,0.0000,0.0000,719773.5600,194801.0100,1.2700,2.7500,0.2815,0.2819,1.1100,9.2433,6.9885,1.4136,3.0196,2.4352,32479411.7000,2557058.8000,2553151.9661,87694411.5900,6904058.7600,2.0000,2.0000,0.4870,0.4870,4.8704,10.6667
2012-02-16,2.7000,2.7100,2.6900,2.6900,-0.0100,-0.3700,556566.3800,150089.1270,1.2700,2.7400,0.2177,0.2180,0.8600,9.2091,6.9626,1.4084,3.0084,2.4262,32479411.7000,2557058.8000,2553151.9661,87369617.4730,6878488.1720,2.0074,2.0074,0.4870,0.4870,4.8704,10.6667
2012-02-17,2.7000,2.7100,2.6900,2.7000,0.0100,0.3700,418418.3500,113204.5000,1.2700,2.7500,0.1636,0.1639,0.6400,9.2433,6.9885,1.4136,3.0196,2.4352,32479411.7000,2557058.8000,2553151.9661,87694411.5900,6904058.7600,2.0000,2.0000,0.4870,0.4870,4.8704,10.6667
2012-02-20,2.7300,2.7400,2.7100,2.7200,0.0200,0.7400,792685.4800,216279.2410,1.2800,2.7700,0.3100,0.3105,1.3800,9.3118,7.0403,1.4241,3.0420,2.4533,32479411.7000,2557058.8000,2553151.9661,88343999.8240,6955199.9360,1.9853,1.9853,0.4817,0.4817,4.8168,10.5495
2012-02-21,2.7200,2.7300,2.7100,2.7200,0.0000,0.0000,330522.6000,89963.6920,1.2800,2.7700,0.1293,0.1295,0.5400,9.3118,7.0403,1.4241,3.0420,2.4533,32479411.7000,2557058.8000,2553151.9661,88343999.8240,6955199.9360,1.9853,1.9853,0.4835,0.4835,4.8346,10.5882
2012-02-22,2.7200,2.7300,2.7000,2.7200,0.0000,0.0000,807483.0900,218980.1870,1.2800,2.7700,0.3158,0.3163,1.4300,9.3118,7.0403,1.4241,3.0420,2.4533,32479411.7000,2557058.8000,2553151.9661,88343999.8240,6955199.9360,1.9853,1.9853,0.4835,0.4835,4.8346,10.5882
2012-02-23,2.7200,2.7200,2.7100,2.7100,-0.0100,-0.3700,597189.8200,162052.7250,1.2800,2.7600,0.2335,0.2339,1.0300,9.2776,7.0144,1.4189,3.0308,2.4443,32479411.7000,2557058.8000,2553151.9661,88019205.7070,6929629.3480,1.9926,1.9926,0.4835,0.4835,4.8346,10.5882
2012-02-24,2.7100,2.7400,2.7000,2.7400,0.0300,1.1100,1276668.3100,347006.5310,1.2900,2.7900,0.4993,0.5000,2.1700,9.3803,7.0920,1.4346,3.0643,2.4713,32479411.7000,2557058.8000,2553151.9661,88993588.0580,7006341.1120,1.9708,1.9708,0.4852,0.4852,4.8524,10.6273
2012-02-27,2.7400,2.7500,2.7200,2.7400,0.0000,0.0000,1489393.4000,407709.7420,1.2900,2.7900,0.5825,0.5834,1.9600,9.3803,7.0920,1.4346,3.0643,2.4713,32479411.7000,2557058.8000,2553151.9661,88993588.0580,7006341.1120,1.9708,1.9708,0.4799,0.4799,4.7993,10.5109
2012-02-28,2.7300,2.7600,2.7300,2.7600,0.0200,0.7300,1124726.3900,309419.7960,1.3000,2.8100,0.4399,0.4405,1.2500,9.4488,7.1438,1.4450,3.0867,2.4894,32479411.7000,2557058.8000,2553151.9661,89643176.2920,7057482.2880,1.9565,1.9565,0.4817,0.4817,4.8168,10.5495
2012-02-29,2.7500,2.7600,2.7300,2.7500,-0.0100,-0.3600,597754.8700,164003.9360,1.3000,2.8000,0.2338,0.2341,0.5600,9.4145,7.1179,1.4398,3.0755,2.4803,32479411.7000,2557058.8000,2553151.9661,89318382.1750,7031911.7000,1.9636,1.9636,0.4782,0.4782,4.7818,10.4727
2012-03-01,2.7400,2.7500,2.7300,2.7400,-0.0100,-0.3600,354280.7700,97169.6780,1.2900,2.7900,0.1386,0.1388,0.3500,9.3803,7.0920,1.4346,3.0643,2.4713,32479411.7000,2557058.8000,2553151.9661,88993588.0580,7006341.1120,1.9708,1.9708,0.4799,0.4799,4.7993,10.5109
2012-03-02,2.7400,2.7500,2.7300,2.7400,0.0000,0.0000,742825.6200,203751.2160,1.2900,2.7900,0.2905,0.2909,0.7700,9.3803,7.0920,1.4346,3.0643,2.4713,32479411.7000,2557058.8000,2553151.9661,88993588.0580,7006341.1120,1.9708,1.9708,0.4799,0.4799,4.7993,10.5109
2012-03-05,2.7500,2.7500,2.7200,2.7300,-0.0100,-0.3600,1088134.0800,297624.9690,1.2900,2.7800,0.4255,0.4262,1.2600,9.3461,7.0661,1.4293,3.0531,2.4623,32479411.7000,2557058.8000,2553151.9661,88668793.9410,6980770.5240,1.9780,1.9780,0.4782,0.4782,4.7818,10.4727
2012-03-06,2.7300,2.7400,2.7000,2.7100,-0.0200,-0.7300,750215.9100,203736.4910,1.2800,2.7600,0.2934,0.2938,0.9600,9.2776,7.0144,1.4189,3.0308,2.4443,32479411.7000,2557058.8000,2553151.9661,88019205.7070,6929629.3480,1.9926,1.9926,0.4817,0.4817,4.8168,10.5495
2012-03-07,2.7000,2.7100,2.6800,2.6900,-0.0200,-0.7400,863970.7500,232791.5690,1.2700,2.7400,0.3379,0.3384,1.2200,9.2091,6.9626,1.4084,3.0084,2.4262,32479411.7000,2557058.8000,2553151.9661,87369617.4730,6878488.1720,2.0074,2.0074,0.4870,0.4870,4.8704,10.6667
2012-03-08,2.6900,2.7200,2.6900,2.7100,0.0200,0.7400,774023.8100,209339.5990,1.2800,2.7600,0.3027,0.3032,1.0200,9.2776,7.0144,1.4189,3.0308,2.4443,32479411.7000,2557058.8000,2553151.9661,88019205.7070,6929629.3480,1.9926,1.9926,0.4888,0.4888,4.8885,10.7063
2012-03-09,2.7100,2.7200,2.6900,2.7100,0.0000,0.0000,892407.1400,241321.7440,1.2800,2.7600,0.3490,0.3495,1.0600,9.2776,7.0144,1.4189,3.0308,2.4443,32479411.7000,2557058.8000,2553151.9661,88019205.7070,6929629.3480,1.9926,1.9926,0.4852,0.4852,4.8524,10.6273
2012-03-12,2.7000,2.7100,2.6900,2.7000,-0.0100,-0.3700,768103.0300,206918.3050,1.2700,2.7500,0.3004,0.3008,0.8800,9.2433,6.9885,1.4136,3.0196,2.4352,32479411.7000,2557058.8000,2553151.9661,87694411.5900,6904058.7600,2.0000,2.0000,0.4870,0.4870,4.8704,10.6667
2012-03-13,2.7100,2.7200,2.6900,2.7100,0.0100,0.3700,693445.4100,187976.9280,1.2800,2.7600,0.2712,0.2716,0.8600,9.2776,7.0144,1.4189,3.0308,2.4443,32479411.7000,2557058.8000,2553151.9661,88019205.7070,6929629.3480,1.9926,1.9926,0.4852,0.4852,4.8524,10.6273
2012-03-14,2.7200,2.7400,2.7000,2.7000,-0.0100,-0.3700,1577189.6300,428756.7120,1.2700,2.7500,0.6168,0.6177,1.9800,9.2433,6.9885,1.4136,3.0196,2.4352,32479411.7000,2557058.8000,2553151.9661,87694411.5900,6904058.7600,2.0000,2.0000,0.4835,0.4835,4.8346,10.5882
2012-03-15,2.7000,2.7200,2.6600,2.6700,-0.0300,-1.1100,2303732.7500,621654.4710,1.2600,2.7200,0.9009,0.9023,2.4500,9.1406,6.9108,1.3979,2.9860,2.4082,32479411.7000,2557058.8000,2553151.9661,86720029.2390,6827346.9960,2.0225,2.0225,0.4870,0.4870,4.8704,10.6667
2012-03-16,2.6700,2.6800,2.6600,2.6800,0.0100,0.3700,1196188.9000,319721.2880,1.2600,2.7300,0.4678,0.4685,0.9600,9.1749,6.9367,1.4032,2.9972,2.4172,32479411.7000,2557058.8000,2553151.9661,87044823.3560,6852917.5840,2.0149,2.0149,0.4925,0.4925,4.9251,10.7865
2012-03-19,2.6700,2.6800,2.6400,2.6500,-0.0300,-1.1200,1335596.8200,354730.8500,1.2500,2.7000,0.5223,0.5231,1.0200,9.0722,6.8591,1.3874,2.9637,2.3901,32479411.7000,2557058.8000,2553151.9661,86070441.0050,6776205.8200,2.0377,2.0377,0.4925,0.4925,4.9251,10.7865
2012-03-20,2.6500,2.6600,2.6200,2.6200,-0.0300,-1.1300,1293739.5600,340791.9360,1.2300,2.6700,0.5059,0.5067,0.9100,8.9695,6.7814,1.3717,2.9301,2.3631,32479411.7000,2557058.8000,2553151.9661,85096058.6540,6699494.0560,2.0611,2.0611,0.4962,0.4962,4.9623,10.8679
2012-03-21,2.6300,2.6400,2.6100,2.6200,0.0000,0.0000,1357604.0400,355773.4320,1.2300,2.6700,0.5309,0.5317,0.8800,8.9695,6.7814,1.3717,2.9301,2.3631,32479411.7000,2557058.8000,2553151.9661,85096058.6540,6699494.0560,2.0611,2.0611,0.5000,0.5000,5.0000,10.9506
2012-03-22,2.6200,2.6500,2.6200,2.6500,0.0300,1.1500,1694366.2600,446258.7080,1.2500,2.7000,0.6626,0.6636,1.1300,9.0722,6.8591,1.3874,2.9637,2.3901,32479411.7000,2557058.8000,2553151.9661,86070441.0050,6776205.8200,2.0377,2.0377,0.5019,0.5019,5.0191,10.9924
2012-03-23,2.6500,2.6600,2.6300,2.6400,-0.0100,-0.3800,1095889.1700,289625.2170,1.2400,2.6900,0.4286,0.4338,0.8000,7.0325,7.0325,1.3200,2.2700,2.2700,32479411.7000,2557058.8000,2526095.5503,85745646.8880,6750635.2320,2.0455,2.0455,0.4962,0.4962,4.9623,10.8679
2012-03-26,2.6400,2.6600,2.6400,2.6600,0.0200,0.7600,999129.0500,264515.9880,1.2500,2.7100,0.3907,0.3955,0.7400,7.0858,7.0858,1.3300,2.2872,2.2872,32479411.7000,2557058.8000,2526095.5503,86395235.1220,6801776.4080,2.0301,2.0301,0.4981,0.4981,4.9811,10.9091
2012-03-27,2.6600,2.6600,2.6500,2.6500,-0.0100,-0.3800,689225.7800,182779.3580,1.2500,2.7000,0.2695,0.2728,0.5400,7.0592,7.0592,1.3250,2.2786,2.2786,32479411.7000,2557058.8000,2526095.5503,86070441.0050,6776205.8200,2.0377,2.0377,0.4944,0.4944,4.9436,10.8271
2012-03-28,2.6500,2.6700,2.6500,2.6500,0.0000,0.0000,952921.7400,253326.9550,1.2500,2.7000,0.3727,0.3772,0.8200,7.0592,7.0592,1.3250,2.2786,2.2786,32479411.7000,2557058.8000,2526095.5503,86070441.0050,6776205.8200,2.0377,2.0377,0.4962,0.4962,4.9623,10.8679
2012-03-29,2.6500,2.6600,2.6400,2.6500,0.0000,0.0000,815700.8400,215946.4540,1.2500,2.7000,0.3190,0.3229,0.7500,7.0592,7.0592,1.3250,2.2786,2.2786,32479411.7000,2557058.8000,2526095.5503,86070441.0050,6776205.8200,2.0377,2.0377,0.4962,0.4962,4.9623,10.8679
2012-03-30,2.6400,2.6800,2.6400,2.6800,0.0300,1.1300,962161.8700,255435.9050,1.2600,2.7300,0.3763,0.3809,1.0600,7.1391,7.1391,1.3400,2.3044,2.3044,32479411.7000,2557058.8000,2526095.5503,87044823.3560,6852917.5840,2.0149,2.0149,0.4981,0.4981,4.9811,10.9091
2012-04-05,2.6600,2.6700,2.6300,2.6500,-0.0300,-1.1200,1403061.8900,371017.3970,1.2500,2.7000,0.5487,0.5554,1.5900,7.0592,7.0592,1.3250,2.2786,2.2786,32479411.7000,2557058.8000,2526095.5503,86070441.0050,6776205.8200,2.0377,2.0377,0.4944,0.4944,4.9436,10.8271
2012-04-06,2.6500,2.6600,2.6300,2.6400,-0.0100,-0.3800,444639.7800,117426.0580,1.2400,2.6900,0.1739,0.1760,0.4600,7.0325,7.0325,1.3200,2.2700,2.2700,32479411.7000,2557058.8000,2526095.5503,85745646.8880,6750635.2320,2.0455,2.0455,0.4962,0.4962,4.9623,10.8679
2012-04-09,2.6300,2.6500,2.6300,2.6300,-0.0100,-0.3800,257655.0100,67821.8340,1.2400,2.6800,0.1008,0.1020,0.2800,7.0059,7.0059,1.3150,2.2614,2.2614,32479411.7000,2557058.8000,2526095.5503,85420852.7710,6725064.6440,2.0532,2.0532,0.5000,0.5000,5.0000,10.9506
2012-04-10,2.6300,2.6500,2.6300,2.6400,0.0100,0.3800,330857.2400,87320.1510,1.2400,2.6900,0.1294,0.1310,0.4300,7.0325,7.0325,1.3200,2.2700,2.2700,32479411.7000,2557058.8000,2526095.5503,85745646.8880,6750635.2320,2.0455,2.0455,0.5000,0.5000,5.0000,10.9506
2012-04-11,2.6400,2.6600,2.6300,2.6400,0.0000,0.0000,735892.5700,194501.5990,1.2400,2.6900,0.2878,0.2913,1.0800,7.0325,7.0325,1.3200,2.2700,2.2700,32479411.7000,2557058.8000,2526095.5503,85745646.8880,6750635.2320,2.0455,2.0455,0.4981,0.4981,4.9811,10.9091
2012-04-12,2.6400,2.6800,2.6400,2.6800,0.0400,1.5200,909915.1700,242298.7150,1.2600,2.7300,0.3558,0.3602,1.4300,7.1391,7.1391,1.3400,2.3044,2.3044,32479411.7000,2557058.8000,2526095.5503,87044823.3560,6852917.5840,2.0149,2.0149,0.4981,0.4981,4.9811,10.9091
2012-04-13,2.6700,2.6900,2.6700,2.6800,0.0000,0.0000,621696.5100,166614.3800,1.2600,2.7300,0.2431,0.2461,1.1600,7.1391,7.1391,1.3400,2.3044,2.3044,32479411.7000,2557058.8000,2526095.5503,87044823.3560,6852917.5840,2.0149,2.0149,0.4925,0.4925,4.9251,10.7865
2012-04-16,2.6700,2.6800,2.6600,2.6600,-0.0200,-0.7500,499994.7700,133489.6390,1.2500,2.7100,0.1955,0.1979,0.8800,7.0858,7.0858,1.3300,2.2872,2.2872,32479411.7000,2557058.8000,2526095.5503,86395235.1220,6801776.4080,2.0301,2.0301,0.4925,0.4925,4.9251,10.7865
2012-04-17,2.6600,2.6800,2.6600,2.6800,0.0200,0.7500,527584.4000,140902.2970,1.2600,2.7300,0.2063,0.2089,0.8500,7.1391,7.1391,1.3400,2.3044,2.3044,32479411.7000,2557058.8000,2526095.5503,87044823.3560,6852917.5840,2.0149,2.0149,0.4944,0.4944,4.9436,10.8271
2012-04-18,2.6800,2.7200,2.6700,2.7100,0.0300,1.1200,1089413.0000,294550.4040,1.2800,2.7600,0.4260,0.4313,1.6500,7.2190,7.2190,1.3550,2.3302,2.3302,32479411.7000,2557058.8000,2526095.5503,88019205.7070,6929629.3480,1.9926,1.9926,0.4907,0.4907,4.9067,10.7463
2012-04-19,2.7000,2.7200,2.7000,2.7100,0.0000,0.0000,595536.4100,161329.9360,1.2800,2.7600,0.2329,0.2358,0.8200,7.2190,7.2190,1.3550,2.3302,2.3302,32479411.7000,2557058.8000,2526095.5503,88019205.7070,6929629.3480,1.9926,1.9926,0.4870,0.4870,4.8704,10.6667
2012-04-20,2.7100,2.7400,2.7000,2.7300,0.0200,0.7400,780286.8700,212170.2310,1.2900,2.7800,0.3052,0.3089,1.1700,7.2723,7.2723,1.3650,2.3474,2.3474,32479411.7000,2557058.8000,2526095.5503,88668793.9410,6980770.5240,1.9780,1.9780,0.4852,0.4852,4.8524,10.6273
2012-04-23,2.7300,2.7300,2.7100,2.7100,-0.0200,-0.7300,478122.0100,130024.6940,1.2800,2.7600,0.1870,0.1893,0.6800,7.2190,7.2190,1.3550,2.3302,2.3302,32479411.7000,2557058.8000,2526095.5503,88019205.7070,6929629.3480,1.9926,1.9926,0.4817,0.4817,4.8168,10.5495
2012-04-24,2.7200,2.7500,2.7100,2.7400,0.0300,1.1100,916455.3700,250534.9760,1.2900,2.7900,0.3584,0.3628,1.3200,7.2989,7.2989,1.3700,2.3560,2.3560,32479411.7000,2557058.8000,2526095.5503,88993588.0580,7006341.1120,1.9708,1.9708,0.4835,0.4835,4.8346,10.5882
2012-04-25,2.7300,2.7400,2.7200,2.7400,0.0000,0.0000,471601.3000,128911.2360,1.2900,2.7900,0.1844,0.1867,0.6100,7.2989,7.2989,1.3700,2.3560,2.3560,32479411.7000,2557058.8000,2526095.5503,88993588.0580,7006341.1120,1.9708,1.9708,0.4817,0.4817,4.8168,10.5495
2012-04-26,2.7300,2.7500,2.7200,2.7300,-0.0100,-0.3600,489346.1900,133423.5490,1.2900,2.7800,0.1914,0.1937,0.7500,7.2723,7.2723,1.3650,2.3474,2.3474,32479411.7000,2557058.8000,2526095.5503,88668793.9410,6980770.5240,1.9780,1.9780,0.4817,0.4817,4.8168,10.5495
2012-04-27,2.7300,2.7400,2.7200,2.7200,-0.0100,-0.3700,536522.4200,146129.8770,1.2800,2.7700,0.2098,0.2124,0.8600,7.2456,7.2456,1.3600,2.3388,2.3388,32479411.7000,2557058.8000,2526095.5503,88343999.8240,6955199.9360,1.9853,1.9853,0.4817,0.4817,4.8168,10.5495
2012-05-02,2.7400,2.7400,2.7200,2.7300,0.0100,0.3700,1241895.9200,339059.8630,1.2900,2.7800,0.4857,0.4922,2.1500,7.2723,6.7524,1.2780,2.3474,2.2440,32479411.7000,2557058.8000,2523154.6954,88668793.9410,6980770.5240,1.9780,1.9780,0.4799,0.4799,4.7993,10.5109
2012-05-03,2.7300,2.7300,2.7100,2.7300,0.0000,0.0000,613998.6800,167023.3680,1.2900,2.7800,0.2401,0.2433,0.8400,7.2723,6.7524,1.2780,2.3474,2.2440,32479411.7000,2557058.8000,2523154.6954,88668793.9410,6980770.5240,1.9780,1.9780,0.4817,0.4817,4.8168,10.5495
2012-05-04,2.7300,2.7500,2.7200,2.7300,0.0000,0.0000,993280.5300,271352.8480,1.2900,2.7800,0.3884,0.3937,1.4800,7.2723,6.7524,1.2780,2.3474,2.2440,32479411.7000,2557058.8000,2523154.6954,88668793.9410,6980770.5240,1.9780,1.9780,0.4817,0.4817,4.8168,10.5495
2012-05-07,2.7300,2.7400,2.7200,2.7300,0.0000,0.0000,811409.6600,221749.6280,1.2900,2.7800,0.3173,0.3216,1.0500,7.2723,6.7524,1.2780,2.3474,2.2440,32479411.7000,2557058.8000,2523154.6954,88668793.9410,6980770.5240,1.9780,1.9780,0.4817,0.4817,4.8168,10.5495
2012-05-08,2.7300,2.7600,2.7200,2.7600,0.0300,1.1000,1041314.5900,285364.2840,1.3000,2.8100,0.4072,0.4127,1.2400,7.3522,6.8266,1.2921,2.3732,2.2686,32479411.7000,2557058.8000,2523154.6954,89643176.2920,7057482.2880,1.9565,1.9565,0.4817,0.4817,4.8168,10.5495
2012-05-09,2.7500,2.7500,2.7200,2.7200,-0.0400,-1.4500,753350.4400,205883.9450,1.2800,2.7700,0.2946,0.2986,0.8000,7.2456,6.7277,1.2734,2.3388,2.2358,32479411.7000,2557058.8000,2523154.6954,88343999.8240,6955199.9360,1.9853,1.9853,0.4782,0.4782,4.7818,10.4727
2012-05-10,2.7300,2.7500,2.7200,2.7400,0.0200,0.7400,557573.6500,152488.4050,1.2900,2.7900,0.2181,0.2210,0.6600,7.2989,6.7772,1.2827,2.3560,2.2522,32479411.7000,2557058.8000,2523154.6954,88993588.0580,7006341.1120,1.9708,1.9708,0.4817,0.4817,4.8168,10.5495
2012-05-11,2.7300,2.7500,2.7200,2.7300,-0.0100,-0.3600,657249.8700,179589.9970,1.2900,2.7800,0.2570,0.2605,0.7900,7.2723,6.7524,1.2780,2.3474,2.2440,32479411.7000,2557058.8000,2523154.6954,88668793.9410,6980770.5240,1.9780,1.9780,0.4817,0.4817,4.8168,10.5495
2012-05-14,2.7300,2.7300,2.6800,2.6900,-0.0400,-1.4700,797919.7900,215838.8340,1.2700,2.7400,0.3120,0.3162,1.0400,7.1657,6.6535,1.2593,2.3130,2.2111,32479411.7000,2557058.8000,2523154.6954,87369617.4730,6878488.1720,2.0074,2.0074,0.4817,0.4817,4.8168,10.5495
2012-05-15,2.6900,2.7000,2.6700,2.6900,0.0000,0.0000,648277.6900,173923.0940,1.2700,2.7400,0.2535,0.2569,0.8500,7.1657,6.6535,1.2593,2.3130,2.2111,32479411.7000,2557058.8000,2523154.6954,87369617.4730,6878488.1720,2.0074,2.0074,0.4888,0.4888,4.8885,10.7063
2012-05-16,2.6900,2.7000,2.6600,2.6700,-0.0200,-0.7400,738934.8500,197565.2470,1.2600,2.7200,0.2890,0.2929,1.0800,7.1125,6.6040,1.2499,2.2958,2.1947,32479411.7000,2557058.8000,2523154.6954,86720029.2390,6827346.9960,2.0225,2.0225,0.4888,0.4888,4.8885,10.7063
2012-05-17,2.6700,2.7100,2.6600,2.7000,0.0300,1.1200,568698.2000,152741.0160,1.2700,2.7500,0.2224,0.2254,0.8400,7.1924,6.6782,1.2640,2.3216,2.2193,32479411.7000,2557058.8000,2523154.6954,87694411.5900,6904058.7600,2.0000,2.0000,0.4925,0.4925,4.9251,10.7865
2012-05-18,2.6800,2.6900,2.6400,2.6500,-0.0500,-1.8500,869981.8800,231640.3600,1.2500,2.7000,0.3402,0.3448,1.2800,7.0592,6.5546,1.2406,2.2786,2.1782,32479411.7000,2557058.8000,2523154.6954,86070441.0050,6776205.8200,2.0377,2.0377,0.4907,0.4907,4.9067,10.7463
2012-05-21,2.6700,2.6700,2.6400,2.6500,0.0000,0.0000,607312.0100,161301.1250,1.2500,2.7000,0.2375,0.2407,0.8400,7.0592,6.5546,1.2406,2.2786,2.1782,32479411.7000,2557058.8000,2523154.6954,86070441.0050,6776205.8200,2.0377,2.0377,0.4925,0.4925,4.9251,10.7865
2012-05-22,2.6600,2.6600,2.6500,2.6600,0.0100,0.3800,358150.3000,95100.4130,1.2500,2.7100,0.1401,0.1419,0.5200,7.0858,6.5793,1.2453,2.2872,2.1864,32479411.7000,2557058.8000,2523154.6954,86395235.1220,6801776.4080,2.0301,2.0301,0.4944,0.4944,4.9436,10.8271
2012-05-23,2.6600,2.6700,2.6500,2.6500,-0.0100,-0.3800,267765.4700,71126.8600,1.2500,2.7000,0.1047,0.1061,0.4300,7.0592,6.5546,1.2406,2.2786,2.1782,32479411.7000,2557058.8000,2523154.6954,86070441.0050,6776205.8200,2.0377,2.0377,0.4944,0.4944,4.9436,10.8271
2012-05-24,2.6500,2.6600,2.6400,2.6500,0.0000,0.0000,357095.9600,94628.3200,1.2500,2.7000,0.1397,0.1415,0.6700,7.0592,6.5546,1.2406,2.2786,2.1782,32479411.7000,2557058.8000,2523154.6954,86070441.0050,6776205.8200,2.0377,2.0377,0.4962,0.4962,4.9623,10.8679
2012-05-25,2.6500,2.6600,2.6400,2.6400,-0.0100,-0.3800,303392.3200,80460.6610,1.2400,2.6900,0.1186,0.1202,0.6200,7.0325,6.5298,1.2359,2.2700,2.1700,32479411.7000,2557058.8000,2523154.6954,85745646.8880,6750635.2320,2.0455,2.0455,0.4962,0.4962,4.9623,10.8679
2012-05-28,2.6500,2.6700,2.6500,2.6600,0.0200,0.7600,599692.8900,159273.5080,1.2500,2.7100,0.2345,0.2377,1.5800,7.0858,6.5793,1.2453,2.2872,2.1864,32479411.7000,2557058.8000,2523154.6954,86395235.1220,6801776.4080,2.0301,2.0301,0.4962,0.4962,4.9623,10.8679
2012-05-29,2.6600,2.6900,2.6500,2.6900,0.0300,1.1300,560489.9100,149678.9090,1.2700,2.7400,0.2192,0.2221,1.4900,7.1657,6.6535,1.2593,2.3130,2.2111,32479411.7000,2557058.8000,2523154.6954,87369617.4730,6878488.1720,2.0074,2.0074,0.4944,0.4944,4.9436,10.8271
2012-05-30,2.6800,2.6900,2.6700,2.6900,0.0000,0.0000,525532.0000,140802.3300,1.2700,2.7400,0.2055,0.2083,1.2600,7.1657,6.6535,1.2593,2.3130,2.2111,32479411.7000,2557058.8000,2523154.6954,87369617.4730,6878488.1720,2.0074,2.0074,0.4907,0.4907,4.9067,10.7463
2012-05-31,2.6700,2.6800,2.6400,2.6400,-0.0500,-1.8600,740934.9200,196877.2150,1.2400,2.6900,0.2898,0.2937,1.5800,7.0325,6.5298,1.2359,2.2700,2.1700,32479411.7000,2557058.8000,2523154.6954,85745646.8880,6750635.2320,2.0455,2.0455,0.4925,0.4925,4.9251,10.7865
2012-06-01,2.6500,2.6700,2.6500,2.6500,0.0100,0.3800,384165.7800,102195.3070,1.2500,2.7000,0.1502,0.1523,0.7000,7.0592,6.5546,1.2406,2.2786,2.1782,32479411.7000,2557058.8000,2523154.6954,86070441.0050,6776205.8200,2.0377,2.0377,0.4962,0.4962,4.9623,10.8679
2012-06-04,2.6500,2.6600,2.6100,2.6100,-0.0400,-1.5100,727540.8600,191653.5480,1.2300,2.6600,0.2845,0.2883,1.2900,6.9526,6.4556,1.2219,2.2442,2.1453,32479411.7000,2557058.8000,2523154.6954,84771264.5370,6673923.4680,2.0690,2.0690,0.4962,0.4962,4.9623,10.8679
2012-06-05,2.6200,2.6300,2.6100,2.6200,0.0100,0.3800,373050.8900,97795.4300,1.2300,2.6700,0.1459,0.1479,0.6300,6.9793,6.4803,1.2265,2.2528,2.1536,32479411.7000,2557058.8000,2523154.6954,85096058.6540,6699494.0560,2.0611,2.0611,0.5019,0.5019,5.0191,10.9924
2012-06-06,2.6300,2.6400,2.6200,2.6400,0.0200,0.7600,283506.4700,74669.7700,1.2400,2.6900,0.1109,0.1124,0.5200,7.0325,6.5298,1.2359,2.2700,2.1700,32479411.7000,2557058.8000,2523154.6954,85745646.8880,6750635.2320,2.0455,2.0455,0.5000,0.5000,5.0000,10.9506
2012-06-07,2.6400,2.6500,2.6200,2.6300,-0.0100,-0.3800,362827.9700,95696.1110,1.2400,2.6800,0.1419,0.1438,0.7200,7.0059,6.5051,1.2312,2.2614,2.1618,32479411.7000,2557058.8000,2523154.6954,85420852.7710,6725064.6440,2.0532,2.0532,0.4981,0.4981,4.9811,10.9091
2012-06-11,2.6200,2.6300,2.6100,2.6200,-0.0100,-0.3800,1014209.9200,265645.4940,1.2300,2.6700,0.3966,0.4020,2.3800,6.9793,6.4803,1.2265,2.2528,2.1536,32479411.7000,2557058.8000,2523154.6954,85096058.6540,6699494.0560,2.0611,2.0611,0.5019,0.5019,5.0191,10.9924
2012-06-12,2.6200,2.6200,2.6000,2.6100,-0.0100,-0.3800,576055.3700,150400.6500,1.2300,2.6600,0.2253,0.2283,1.0400,6.9526,6.4556,1.2219,2.2442,2.1453,32479411.7000,2557058.8000,2523154.6954,84771264.5370,6673923.4680,2.0690,2.0690,0.5019,0.5019,5.0191,10.9924
2012-06-13,2.6200,2.6300,2.6100,2.6200,0.0100,0.3800,766522.1300,200400.5620,1.2300,2.6700,0.2998,0.3038,1.4700,6.9793,6.4803,1.2265,2.2528,2.1536,32479411.7000,2557058.8000,2523154.6954,85096058.6540,6699494.0560,2.0611,2.0611,0.5019,0.5019,5.0191,10.9924
2012-06-14,2.6200,2.6300,2.6000,2.6200,0.0000,0.0000,647593.0300,169062.8470,1.2300,2.6700,0.2533,0.2567,1.0800,6.9793,6.4803,1.2265,2.2528,2.1536,32479411.7000,2557058.8000,2523154.6954,85096058.6540,6699494.0560,2.0611,2.0611,0.5019,0.5019,5.0191,10.9924
2012-06-15,2.6200,2.6700,2.6100,2.6500,0.0300,1.1500,921047.0400,243480.3580,1.2500,2.7000,0.3602,0.3650,1.3700,7.0592,6.5546,1.2406,2.2786,2.1782,32479411.7000,2557058.8000,2523154.6954,86070441.0050,6776205.8200,2.0377,2.0377,0.5019,0.5019,5.0191,10.9924
2012-06-18,2.6600,2.6700,2.6500,2.6700,0.0200,0.7500,515677.6600,137480.2520,1.2600,2.7200,0.2017,0.2044,0.6600,7.1125,6.6040,1.2499,2.2958,2.1947,32479411.7000,2557058.8000,2523154.6954,86720029.2390,6827346.9960,2.0225,,0.4944,0.4944,4.9436,10.8271
2012-06-19,2.6700,2.6800,2.6500,2.6700,0.0000,0.0000,623490.3100,166439.5930,1.2600,2.7200,0.2438,0.2471,0.9100,7.1125,6.6040,1.2499,2.2958,2.1947,32479411.7000,2557058.8000,2523154.6954,86720029.2390,6827346.9960,2.0225,,0.4925,0.4925,4.9251,10.7865
2012-06-20,2.5700,2.5700,2.5400,2.5500,-0.1200,-4.4900,453398.7700,115849.3710,1.2600,2.7300,0.1773,0.1797,0.6500,6.7928,6.3072,1.2721,2.1926,2.0960,32479411.7000,2557058.8000,2523154.6954,82822499.8350,6520499.9400,2.1176,5.1569,0.5117,0.5117,5.1167,11.2062
2012-06-21,2.5500,2.5600,2.5300,2.5400,-0.0100,-0.3900,736937.1300,187559.3720,1.2600,2.7200,0.2882,0.2921,1.1700,6.7662,6.2825,1.2671,2.1840,2.0878,32479411.7000,2557058.8000,2523154.6954,82497705.7180,6494929.3520,2.1260,5.1772,0.5157,0.5157,5.1569,11.2941
2012-06-25,2.5400,2.5600,2.5300,2.5400,0.0000,0.0000,523618.5000,133621.9300,1.2600,2.7200,0.2048,0.2075,0.8100,6.7662,6.2825,1.2671,2.1840,2.0878,32479411.7000,2557058.8000,2523154.6954,82497705.7180,6494929.3520,2.1260,5.1772,0.5177,0.5177,5.1772,11.3386
2012-06-26,2.5400,2.5600,2.5400,2.5500,0.0100,0.3900,354178.6200,90227.0690,1.2600,2.7300,0.1385,0.1404,0.6200,6.7928,6.3072,1.2721,2.1926,2.0960,32479411.7000,2557058.8000,2523154.6954,82822499.8350,6520499.9400,2.1176,5.1569,0.5177,0.5177,5.1772,11.3386
2012-06-27,2.5500,2.5600,2.5400,2.5600,0.0100,0.3900,374289.0700,95468.9280,1.2700,2.7400,0.1464,0.1483,0.7000,6.8194,6.3319,1.2771,2.2012,2.1042,32479411.7000,2557058.8000,2523154.6954,83147293.9520,6546070.5280,2.1094,5.1367,0.5157,0.5157,5.1569,11.2941
2012-06-28,2.5600,2.5700,2.5500,2.5500,-0.0100,-0.3900,365294.3200,93616.9620,1.2600,2.7300,0.1429,0.1448,0.7500,6.7928,6.3072,1.2721,2.1926,2.0960,32479411.7000,2557058.8000,2523154.6954,82822499.8350,6520499.9400,2.1176,5.1569,0.5137,0.5137,5.1367,11.2500
2012-06-29,2.5500,2.5900,2.5500,2.5900,0.0400,1.5700,662791.1900,170797.9780,1.2800,2.7700,0.2592,0.2627,1.4100,6.8993,6.4061,1.2920,2.2270,2.1289,32479411.7000,2557058.8000,2523154.6954,84121676.3030,6622782.2920,2.0849,5.0772,0.5157,0.5157,5.1569,11.2941
2012-07-02,2.5800,2.5900,2.5700,2.5800,-0.0100,-0.3900,502919.5000,129756.1230,1.2800,2.7600,0.1967,0.1993,1.1000,6.8727,6.3814,1.2870,2.2184,2.1207,32479411.7000,2557058.8000,2523154.6954,83796882.1860,6597211.7040,2.0930,5.0969,0.5097,0.5097,5.0969,11.1628
2012-07-03,2.5800,2.5900,2.5700,2.5700,-0.0100,-0.3900,299592.8400,77208.3810,1.2700,2.7500,0.1172,0.1187,0.6600,6.8461,6.3567,1.2821,2.2098,2.1125,32479411.7000,2557058.8000,2523154.6954,83472088.0690,6571641.1160,2.1012,5.1167,0.5097,0.5097,5.0969,11.1628
2012-07-04,2.5700,2.5800,2.5600,2.5700,0.0000,0.0000,368931.5200,94729.5410,1.2700,2.7500,0.1443,0.1462,0.8400,6.8461,6.3567,1.2821,2.2098,2.1125,32479411.7000,2557058.8000,2523154.6954,83472088.0690,6571641.1160,2.1012,5.1167,0.5117,0.5117,5.1167,11.2062
2012-07-05,2.5600,2.5700,2.5600,2.5700,0.0000,0.0000,356870.3600,91615.9130,1.2700,2.7500,0.1396,0.1414,0.8100,6.8461,6.3567,1.2821,2.2098,2.1125,32479411.7000,2557058.8000,2523154.6954,83472088.0690,6571641.1160,2.1012,5.1167,0.5137,0.5137,5.1367,11.2500
2012-07-06,2.5500,2.5600,2.5400,2.5500,-0.0200,-0.7800,336544.7400,85901.1160,1.2600,2.7300,0.1316,0.1334,0.7700,6.7928,6.3072,1.2721,2.1926,2.0960,32479411.7000,2557058.8000,2523154.6954,82822499.8350,6520499.9400,2.1176,5.1569,0.5157,0.5157,5.1569,11.2941
2012-07-09,2.5500,2.5700,2.5000,2.5100,-0.0400,-1.5700,772002.2500,196074.0470,1.2400,2.6900,0.3019,0.3060,2.0700,6.6862,6.2083,1.2521,2.1582,2.0631,32479411.7000,2557058.8000,2523154.6954,81523323.3670,6418217.5880,2.1514,5.2390,0.5157,0.5157,5.1569,11.2941
2012-07-10,2.5100,2.5200,2.4900,2.5000,-0.0100,-0.4000,455831.0000,114142.7590,1.2400,2.6800,0.1783,0.1807,1.0700,6.6596,6.1835,1.2471,2.1496,2.0549,32479411.7000,2557058.8000,2523154.6954,81198529.2500,6392647.0000,2.1600,5.2600,0.5239,0.5239,5.2390,11.4741
2012-07-11,2.5000,2.5100,2.4700,2.4800,-0.0200,-0.8000,501957.7100,124921.5140,1.2300,2.6600,0.1963,0.1989,1.1000,6.6063,6.1341,1.2372,2.1324,2.0385,32479411.7000,2557058.8000,2523154.6954,80548941.0160,6341505.8240,2.1774,5.3024,0.5260,0.5260,5.2600,11.5200
2012-07-12,2.4800,2.4900,2.4500,2.4600,-0.0200,-0.8100,775421.9700,191233.9880,1.2200,2.6300,0.3032,0.3073,1.6000,6.5530,6.0846,1.2272,2.1152,2.0220,32479411.7000,2557058.8000,2523154.6954,79899352.7820,6290364.6480,2.1951,5.3455,0.5302,0.5302,5.3024,11.6129
2012-07-13,2.4600,2.4800,2.4600,2.4700,0.0100,0.4100,351682.2100,86780.1650,1.2200,2.6500,0.1375,0.1394,0.6200,6.5797,6.1093,1.2322,2.1238,2.0303,32479411.7000,2557058.8000,2523154.6954,80224146.8990,6315935.2360,2.1862,5.3239,0.5346,0.5346,5.3455,11.7073
2012-07-16,2.4800,2.4800,2.4600,2.4800,0.0100,0.4000,607064.0400,150161.7350,1.2300,2.6600,0.2374,0.2406,1.0600,6.6063,6.1341,1.2372,2.1324,2.0385,32479411.7000,2557058.8000,2523154.6954,80548941.0160,6341505.8240,2.1774,5.3024,0.5302,0.5302,5.3024,11.6129
2012-07-17,2.4800,2.5000,2.4700,2.4900,0.0100,0.4000,447816.1500,111298.2180,1.2300,2.6700,0.1751,0.1775,0.8300,6.6330,6.1588,1.2421,2.1410,2.0467,32479411.7000,2557058.8000,2523154.6954,80873735.1330,6367076.4120,2.1687,5.2811,0.5302,0.5302,5.3024,11.6129
2012-07-18,2.5000,2.5100,2.4800,2.4900,0.0000,0.0000,379635.8200,94859.7730,1.2300,2.6700,0.1485,0.1505,0.7100,6.6330,6.1588,1.2421,2.1410,2.0467,32479411.7000,2557058.8000,2523154.6954,80873735.1330,6367076.4120,2.1687,5.2811,0.5260,0.5260,5.2600,11.5200
2012-07-19,2.5000,2.5100,2.4900,2.4900,0.0000,0.0000,317751.6600,79383.8470,1.2300,2.6700,0.1243,0.1259,0.6200,6.6330,6.1588,1.2421,2.1410,2.0467,32479411.7000,2557058.8000,2523154.6954,80873735.1330,6367076.4120,2.1687,5.2811,0.5260,0.5260,5.2600,11.5200
2012-07-20,2.4900,2.5000,2.4700,2.4900,0.0000,0.0000,298114.4400,74093.5310,1.2300,2.6700,0.1166,0.1182,0.7100,6.6330,6.1588,1.2421,2.1410,2.0467,32479411.7000,2557058.8000,2523154.6954,80873735.1330,6367076.4120,2.1687,5.2811,0.5281,0.5281,5.2811,11.5663
2012-07-23,2.4800,2.4900,2.4500,2.4600,-0.0300,-1.2000,343129.0500,84743.0160,1.2200,2.6300,0.1342,0.1360,0.8400,6.5530,6.0846,1.2272,2.1152,2.0220,32479411.7000,2557058.8000,2523154.6954,79899352.7820,6290364.6480,2.1951,5.3455,0.5302,0.5302,5.3024,11.6129
2012-07-24,2.4700,2.4700,2.4400,2.4400,-0.0200,-0.8100,425784.5100,104499.6240,1.2100,2.6100,0.1665,0.1688,1.1900,6.4998,6.0351,1.2172,2.0980,2.0056,32479411.7000,2557058.8000,2523154.6954,79249764.5480,6239223.4720,2.2131,5.3893,0.5324,0.5324,5.3239,11.6599
2012-07-25,2.4400,2.4600,2.4400,2.4500,0.0100,0.4100,210082.4700,51371.2130,1.2100,2.6200,0.0822,0.0833,0.6000,6.5264,6.0599,1.2222,2.1066,2.0138,32479411.7000,2557058.8000,2523154.6954,79574558.6650,6264794.0600,2.2041,5.3673,0.5389,0.5389,5.3893,11.8033
2012-07-26,2.4400,2.4600,2.4400,2.4500,0.0000,0.0000,244777.8900,60068.5840,1.2100,2.6200,0.0957,0.0970,0.7700,6.5264,6.0599,1.2222,2.1066,2.0138,32479411.7000,2557058.8000,2523154.6954,79574558.6650,6264794.0600,2.2041,5.3673,0.5389,0.5389,5.3893,11.8033
2012-07-27,2.4600,2.4900,2.4500,2.4800,0.0300,1.2200,391187.3800,96730.2170,1.2300,2.6600,0.1530,0.1550,1.2900,6.6063,6.1341,1.2372,2.1324,2.0385,32479411.7000,2557058.8000,2523154.6954,80548941.0160,6341505.8240,2.1774,5.3024,0.5346,0.5346,5.3455,11.7073
2012-07-30,2.4800,2.5100,2.4700,2.4900,0.0100,0.4000,421100.5800,105079.6980,1.2300,2.6700,0.1647,0.1669,1.3000,6.6330,6.1588,1.2421,2.1410,2.0467,32479411.7000,2557058.8000,2523154.6954,80873735.1330,6367076.4120,2.1687,5.2811,0.5302,0.5302,5.3024,11.6129
2012-07-31,2.5000,2.5200,2.4900,2.5200,0.0300,1.2000,418067.9100,104970.9540,1.2500,2.7000,0.1635,0.1657,1.2300,6.7129,6.2330,1.2571,2.1668,2.0714,32479411.7000,2557058.8000,2523154.6954,81848117.4840,6443788.1760,2.1429,5.2183,0.5260,0.5260,5.2600,11.5200
2012-08-01,2.5100,2.5200,2.5000,2.5000,-0.0200,-0.7900,293447.1500,73745.4540,1.2400,2.6800,0.1148,0.1163,0.8700,6.6596,6.1835,1.2471,2.1496,2.0549,32479411.7000,2557058.8000,2523154.6954,81198529.2500,6392647.0000,2.1600,5.2600,0.5239,0.5239,5.2390,11.4741
2012-08-02,2.5000,2.5200,2.5000,2.5100,0.0100,0.4000,239735.5800,60150.1650,1.2400,2.6900,0.0938,0.0950,0.6800,6.6862,6.2083,1.2521,2.1582,2.0631,32479411.7000,2557058.8000,2523154.6954,81523323.3670,6418217.5880,2.1514,5.2390,0.5260,0.5260,5.2600,11.5200
2012-08-03,2.5100,2.5300,2.5100,2.5200,0.0100,0.4000,220082.9400,55523.3910,1.2500,2.7000,0.0861,0.0872,0.6200,6.7129,6.2330,1.2571,2.1668,2.0714,32479411.7000,2557058.8000,2523154.6954,81848117.4840,6443788.1760,2.1429,5.2183,0.5239,0.5239,5.2390,11.4741
2012-08-06,2.5200,2.5300,2.5000,2.5000,-0.0200,-0.7900,419063.7200,105235.8570,1.2400,2.6800,0.1639,0.1661,1.3200,6.6596,6.1835,1.2471,2.1496,2.0549,32479411.7000,2557058.8000,2523154.6954,81198529.2500,6392647.0000,2.1600,5.2600,0.5218,0.5218,5.2183,11.4286
2012-08-07,2.5100,2.5200,2.5000,2.5000,0.0000,0.0000,302722.1300,75807.2690,1.2400,2.6800,0.1184,0.1200,0.9500,6.6596,6.1835,1.2471,2.1496,2.0549,32479411.7000,2557058.8000,2523154.6954,81198529.2500,6392647.0000,2.1600,5.2600,0.5239,0.5239,5.2390,11.4741
2012-08-08,2.5000,2.5300,2.5000,2.5100,0.0100,0.4000,483055.6300,121856.6740,1.2400,2.6900,0.1889,0.1914,1.6400,6.6862,6.2083,1.2521,2.1582,2.0631,32479411.7000,2557058.8000,2523154.6954,81523323.3670,6418217.5880,2.1514,5.2390,0.5260,0.5260,5.2600,11.5200
2012-08-09,2.5100,2.5300,2.5100,2.5300,0.0200,0.8000,344231.8200,86869.9650,1.2500,2.7100,0.1346,0.1364,1.0300,6.7395,6.2577,1.2621,2.1754,2.0796,32479411.7000,2557058.8000,2523154.6954,82172911.6010,6469358.7640,2.1344,5.1976,0.5239,0.5239,5.2390,11.4741
2012-08-10,2.5300,2.5400,2.5200,2.5300,0.0000,0.0000,310226.9300,78647.1750,1.2500,2.7100,0.1213,0.1230,0.8800,6.7395,6.2577,1.2621,2.1754,2.0796,32479411.7000,2557058.8000,2523154.6954,82172911.6010,6469358.7640,2.1344,5.1976,0.5198,0.5198,5.1976,11.3834
2012-08-13,2.5200,2.5400,2.5200,2.5300,0.0000,0.0000,447446.6500,113574.3330,1.2500,2.7100,0.1750,0.1773,1.2000,6.7395,6.2577,1.2621,2.1754,2.0796,32479411.7000,2557058.8000,2523154.6954,82172911.6010,6469358.7640,2.1344,5.1976,0.5218,0.5218,5.2183,11.4286
2012-08-14,2.5300,2.5500,2.5300,2.5400,0.0100,0.4000,662670.7200,168674.4590,1.2600,2.7200,0.2592,0.2626,1.7600,6.7662,6.2825,1.2671,2.1840,2.0878,32479411.7000,2557058.8000,2523154.6954,82497705.7180,6494929.3520,2.1260,5.1772,0.5198,0.5198,5.1976,11.3834
2012-08-15,2.5400,2.5500,2.5100,2.5100,-0.0300,-1.1800,348357.9600,88009.9900,1.2400,2.6900,0.1362,0.1381,0.7700,6.6862,6.2083,1.2521,2.1582,2.0631,32479411.7000,2557058.8000,2523154.6954,81523323.3670,6418217.5880,2.1514,5.2390,0.5177,0.5177,5.1772,11.3386
2012-08-16,2.5100,2.5300,2.5100,2.5200,0.0100,0.4000,146740.1600,36929.5750,1.2500,2.7000,0.0574,0.0582,0.3500,6.7129,6.2330,1.2571,2.1668,2.0714,32479411.7000,2557058.8000,2523154.6954,81848117.4840,6443788.1760,2.1429,5.2183,0.5239,0.5239,5.2390,11.4741
2012-08-17,2.5200,2.5300,2.5000,2.5100,-0.0100,-0.4000,390859.3100,98199.5140,1.2400,2.6900,0.1529,0.1549,1.0200,6.6862,6.2083,1.2521,2.1582,2.0631,32479411.7000,2557058.8000,2523154.6954,81523323.3670,6418217.5880,2.1514,5.2390,0.5218,0.5218,5.2183,11.4286
2012-08-20,2.5000,2.5200,2.4800,2.5000,-0.0100,-0.4000,303001.7000,75585.7040,1.2400,2.6800,0.1185,0.1201,0.7600,6.6596,6.1835,1.2471,2.1496,2.0549,32479411.7000,2557058.8000,2523154.6954,81198529.2500,6392647.0000,2.1600,5.2600,0.5260,0.5260,5.2600,11.5200
2012-08-21,2.4900,2.5000,2.4800,2.4800,-0.0200,-0.8000,533740.9600,132665.1200,1.2300,2.6600,0.2087,0.2115,1.4400,6.6063,6.1341,1.2372,2.1324,2.0385,32479411.7000,2557058.8000,2523154.6954,80548941.0160,6341505.8240,2.1774,5.3024,0.5281,0.5281,5.2811,11.5663
2012-08-22,2.4800,2.4900,2.4700,2.4900,0.0100,0.4000,396450.3200,98186.3120,1.2300,2.6700,0.1550,0.1571,1.1500,6.6330,6.1588,1.2421,2.1410,2.0467,32479411.7000,2557058.8000,2523154.6954,80873735.1330,6367076.4120,2.1687,5.2811,0.5302,0.5302,5.3024,11.6129
2012-08-23,2.4800,2.4900,2.4700,2.4800,-0.0100,-0.4000,552910.1200,137063.6330,1.2300,2.6600,0.2162,0.2191,1.5600,6.6063,6.1341,1.2372,2.1324,2.0385,32479411.7000,2557058.8000,2523154.6954,80548941.0160,6341505.8240,2.1774,5.3024,0.5302,0.5302,5.3024,11.6129
2012-08-24,2.4800,2.4800,2.4700,2.4800,0.0000,0.0000,490996.4200,121555.0200,1.2300,2.6600,0.1920,0.1946,1.1300,6.6063,6.1341,1.2372,2.1324,2.0385,32479411.7000,2557058.8000,2523154.6954,80548941.0160,6341505.8240,2.1774,5.3024,0.5302,0.5302,5.3024,11.6129
2012-08-27,2.4700,2.5000,2.4700,2.4900,0.0100,0.4000,531571.1700,132158.6670,1.2300,2.6700,0.2079,0.2107,1.1700,6.6330,6.1588,1.2421,2.1410,2.0467,32479411.7000,2557058.8000,2523154.6954,80873735.1330,6367076.4120,2.1687,5.2811,0.5324,0.5324,5.3239,11.6599
2012-08-28,2.4900,2.5100,2.4800,2.4900,0.0000,0.0000,308478.2300,77043.9890,1.2300,2.6700,0.1206,0.1223,0.6200,6.6330,6.1588,1.2421,2.1410,2.0467,32479411.7000,2557058.8000,2523154.6954,80873735.1330,6367076.4120,2.1687,5.2811,0.5281,0.5281,5.2811,11.5663
2012-08-29,2.5000,2.5100,2.4800,2.5000,0.0100,0.4000,203373.6500,50627.6810,1.2400,2.6800,0.0795,0.0806,0.4500,6.6596,6.1835,1.2471,2.1496,2.0549,32479411.7000,2557058.8000,2523154.6954,81198529.2500,6392647.0000,2.1600,5.2600,0.5260,0.5260,5.2600,11.5200
2012-08-30,2.4800,2.5000,2.4800,2.4900,-0.0100,-0.4000,627005.8000,156143.4620,1.2300,2.6700,0.2452,0.2486,1.5000,6.6330,5.9572,1.1696,2.1410,2.0053,32479411.7000,2557058.8000,2522354.6954,80873735.1330,6367076.4120,2.1687,5.2811,0.5302,0.5302,5.3024,11.6129
2012-08-31,2.4900,2.4900,2.4700,2.4800,-0.0100,-0.4000,411675.5800,102074.5010,1.2300,2.6600,0.1610,0.1632,0.9500,6.6063,5.9332,1.1649,2.1324,1.9972,32479411.7000,2557058.8000,2522354.6954,80548941.0160,6341505.8240,2.1774,5.3024,0.5281,0.5281,5.2811,11.5663
2012-09-03,2.4700,2.4800,2.4500,2.4500,-0.0300,-1.2100,496761.3900,122287.4890,1.2100,2.6200,0.1943,0.1969,1.1900,6.5264,5.8615,1.1508,2.1066,1.9731,32479411.7000,2557058.8000,2522354.6954,79574558.6650,6264794.0600,2.2041,5.3673,0.5324,0.5324,5.3239,11.6599
2012-09-04,2.4500,2.4600,2.4400,2.4500,0.0000,0.0000,467642.5000,114482.2830,1.2100,2.6200,0.1829,0.1854,1.1400,6.5264,5.8615,1.1508,2.1066,1.9731,32479411.7000,2557058.8000,2522354.6954,79574558.6650,6264794.0600,2.2041,5.3673,0.5367,0.5367,5.3673,11.7551
2012-09-05,2.4500,2.4500,2.4100,2.4200,-0.0300,-1.2200,664459.8400,161032.5000,1.2000,2.5900,0.2599,0.2634,1.5100,6.4465,5.7897,1.1367,2.0809,1.9489,32479411.7000,2557058.8000,2522354.6954,78600176.3140,6188082.2960,2.2314,5.4339,0.5367,0.5367,5.3673,11.7551
2012-09-06,2.4200,2.4300,2.4100,2.4300,0.0100,0.4100,356867.7600,86172.9250,1.2000,2.6000,0.1396,0.1415,0.6700,6.4731,5.8136,1.1414,2.0894,1.9570,32479411.7000,2557058.8000,2522354.6954,78924970.4310,6213652.8840,2.2222,5.4115,0.5434,0.5434,5.4339,11.9008
2012-09-07,2.4300,2.5000,2.4200,2.4900,0.0600,2.4700,1413177.2900,348722.9150,1.2300,2.6700,0.5527,0.5603,2.9500,6.6330,5.9572,1.1696,2.1410,2.0053,32479411.7000,2557058.8000,2522354.6954,80873735.1330,6367076.4120,2.1687,5.2811,0.5412,0.5412,5.4115,11.8519
2012-09-10,2.4800,2.4900,2.4600,2.4800,-0.0100,-0.4000,567568.5100,140452.2360,1.2300,2.6600,0.2220,0.2250,0.8300,6.6063,5.9332,1.1649,2.1324,1.9972,32479411.7000,2557058.8000,2522354.6954,80548941.0160,6341505.8240,2.1774,5.3024,0.5302,0.5302,5.3024,11.6129
2012-09-11,2.4700,2.4700,2.4400,2.4700,-0.0100,-0.4000,389357.6500,95517.1640,1.2200,2.6500,0.1523,0.1544,0.5600,6.5797,5.9093,1.1602,2.1238,1.9892,32479411.7000,2557058.8000,2522354.6954,80224146.8990,6315935.2360,2.1862,5.3239,0.5324,0.5324,5.3239,11.6599
2012-09-12,2.4700,2.4800,2.4400,2.4600,-0.0100,-0.4000,403047.5800,98985.5140,1.2200,2.6300,0.1576,0.1598,0.5900,6.5530,5.8854,1.1555,2.1152,1.9811,32479411.7000,2557058.8000,2522354.6954,79899352.7820,6290364.6480,2.1951,5.3455,0.5324,0.5324,5.3239,11.6599
2012-09-13,2.4500,2.4700,2.4400,2.4500,-0.0100,-0.4100,306642.9800,75332.4170,1.2100,2.6200,0.1199,0.1216,0.4900,6.5264,5.8615,1.1508,2.1066,1.9731,32479411.7000,2557058.8000,2522354.6954,79574558.6650,6264794.0600,2.2041,5.3673,0.5367,0.5367,5.3673,11.7551
2012-09-14,2.4600,2.4900,2.4500,2.4800,0.0300,1.2200,623671.6100,154088.0490,1.2300,2.6600,0.2439,0.2473,1.0100,6.6063,5.9332,1.1649,2.1324,1.9972,32479411.7000,2557058.8000,2522354.6954,80548941.0160,6341505.8240,2.1774,5.3024,0.5346,0.5346,5.3455,11.7073
2012-09-17,2.4700,2.4900,2.4500,2.4600,-0.0200,-0.8100,521931.6700,128960.1740,1.2200,2.6300,0.2041,0.2069,1.1400,6.5530,5.8854,1.1555,2.1152,1.9811,32479411.7000,2557058.8000,2522354.6954,79899352.7820,6290364.6480,2.1951,5.3455,0.5324,0.5324,5.3239,11.6599
2012-09-18,2.4600,2.4600,2.4400,2.4400,-0.0200,-0.8100,275451.5700,67379.7370,1.2100,2.6100,0.1077,0.1092,0.6100,6.4998,5.8375,1.1461,2.0980,1.9650,32479411.7000,2557058.8000,2522354.6954,79249764.5480,6239223.4720,2.2131,5.3893,0.5346,0.5346,5.3455,11.7073
2012-09-19,2.4400,2.4500,2.4200,2.4400,0.0000,0.0000,561596.6500,136685.4920,1.2100,2.6100,0.2196,0.2226,1.3200,6.4998,5.8375,1.1461,2.0980,1.9650,32479411.7000,2557058.8000,2522354.6954,79249764.5480,6239223.4720,2.2131,5.3893,0.5389,0.5389,5.3893,11.8033
2012-09-20,2.4200,2.4400,2.4100,2.4300,-0.0100,-0.4100,541029.1000,131155.7190,1.2000,2.6000,0.2116,0.2145,1.1800,6.4731,5.8136,1.1414,2.0894,1.9570,32479411.7000,2557058.8000,2522354.6954,78924970.4310,6213652.8840,2.2222,5.4115,0.5434,0.5434,5.4339,11.9008
2012-09-21,2.4200,2.4300,2.4100,2.4100,-0.0200,-0.8200,622897.9200,150625.2520,1.1900,2.5800,0.2436,0.2470,1.2300,6.4199,5.7658,1.1320,2.0723,1.9408,32479411.7000,2557058.8000,2522354.6954,78275382.1970,6162511.7080,2.2407,5.4564,0.5434,0.5434,5.4339,11.9008
2012-09-24,2.4100,2.4200,2.4000,2.4100,0.0000,0.0000,581309.4500,140051.2210,1.1900,2.5800,0.2273,0.2305,1.1500,6.4199,5.7658,1.1320,2.0723,1.9408,32479411.7000,2557058.8000,2522354.6954,78275382.1970,6162511.7080,2.2407,5.4564,0.5456,0.5456,5.4564,11.9502
2012-09-25,2.4100,2.4200,2.4000,2.4100,0.0000,0.0000,229521.8700,55224.9830,1.1900,2.5800,0.0898,0.0910,0.4400,6.4199,5.7658,1.1320,2.0723,1.9408,32479411.7000,2557058.8000,2522354.6954,78275382.1970,6162511.7080,2.2407,5.4564,0.5456,0.5456,5.4564,11.9502
2012-09-26,2.4000,2.4100,2.3800,2.4000,-0.0100,-0.4100,359195.0400,86034.4300,1.1900,2.5700,0.1405,0.1424,0.7100,6.3932,5.7418,1.1273,2.0637,1.9328,32479411.7000,2557058.8000,2522354.6954,77950588.0800,6136941.1200,2.2500,5.4792,0.5479,0.5479,5.4792,12.0000
2012-09-27,2.3900,2.4600,2.3900,2.4500,0.0500,2.0800,896599.8800,218146.5150,1.2100,2.6200,0.3506,0.3555,1.9200,6.5264,5.8615,1.1508,2.1066,1.9731,32479411.7000,2557058.8000,2522354.6954,79574558.6650,6264794.0600,2.2041,5.3673,0.5502,0.5502,5.5021,12.0502
2012-09-28,2.4300,2.4700,2.4300,2.4600,0.0100,0.4100,729860.6400,178359.9470,1.2200,2.6300,0.2854,0.2894,1.3600,6.5530,5.8854,1.1555,2.1152,1.9811,32479411.7000,2557058.8000,2522354.6954,79899352.7820,6290364.6480,2.1951,5.3455,0.5412,0.5412,5.4115,11.8519
2012-10-08,2.4500,2.4700,2.4400,2.4700,0.0100,0.4100,459625.0600,112792.4900,1.2200,2.6500,0.1797,0.1822,0.8200,6.5797,5.9093,1.1602,2.1238,1.9892,32479411.7000,2557058.8000,2522354.6954,80224146.8990,6315935.2360,2.1862,5.3239,0.5367,0.5367,5.3673,11.7551
2012-10-09,2.4700,2.5100,2.4600,2.4900,0.0200,0.8100,747256.8000,186064.5730,1.2300,2.6700,0.2922,0.2963,1.4000,6.6330,5.9572,1.1696,2.1410,2.0053,32479411.7000,2557058.8000,2522354.6954,80873735.1330,6367076.4120,2.1687,5.2811,0.5324,0.5324,5.3239,11.6599
2012-10-10,2.4900,2.4900,2.4600,2.4800,-0.0100,-0.4000,442813.3700,109675.0260,1.2300,2.6600,0.1732,0.1756,0.6900,6.6063,5.9332,1.1649,2.1324,1.9972,32479411.7000,2557058.8000,2522354.6954,80548941.0160,6341505.8240,2.1774,5.3024,0.5281,0.5281,5.2811,11.5663
2012-10-11,2.4800,2.5000,2.4600,2.4900,0.0100,0.4000,484361.4000,119885.0640,1.2300,2.6700,0.1894,0.1920,0.7400,6.6330,5.9572,1.1696,2.1410,2.0053,32479411.7000,2557058.8000,2522354.6954,80873735.1330,6367076.4120,2.1687,5.2811,0.5302,0.5302,5.3024,11.6129
2012-10-12,2.4900,2.5200,2.4900,2.5000,0.0100,0.4000,622896.9200,156021.0100,1.2400,2.6800,0.2436,0.2470,1.0900,6.6596,5.9811,1.1743,2.1496,2.0133,32479411.7000,2557058.8000,2522354.6954,81198529.2500,6392647.0000,2.1600,5.2600,0.5281,0.5281,5.2811,11.5663
2012-10-15,2.5000,2.5200,2.4900,2.5100,0.0100,0.4000,426454.6800,106985.9620,1.2400,2.6900,0.1668,0.1696,0.7700,6.6862,6.0050,1.1790,2.1582,2.0214,32479411.7000,2557058.8000,2514377.5301,81523323.3670,6418217.5880,2.1514,5.2390,0.5260,0.5260,5.2600,11.5200
2012-10-16,2.5100,2.5200,2.4900,2.5000,-0.0100,-0.4000,317060.7000,79218.7490,1.2400,2.6800,0.1240,0.1261,0.5800,6.6596,5.9811,1.1743,2.1496,2.0133,32479411.7000,2557058.8000,2514377.5301,81198529.2500,6392647.0000,2.1600,5.2600,0.5239,0.5239,5.2390,11.4741
2012-10-17,2.5000,2.5200,2.5000,2.5100,0.0100,0.4000,358322.8500,89947.6610,1.2400,2.6900,0.1401,0.1425,0.7800,6.6862,6.0050,1.1790,2.1582,2.0214,32479411.7000,2557058.8000,2514377.5301,81523323.3670,6418217.5880,2.1514,5.2390,0.5260,0.5260,5.2600,11.5200
2012-10-18,2.5200,2.5300,2.5000,2.5100,0.0000,0.0000,626360.7700,157733.3870,1.2400,2.6900,0.2450,0.2491,1.4200,6.6862,6.0050,1.1790,2.1582,2.0214,32479411.7000,2557058.8000,2514377.5301,81523323.3670,6418217.5880,2.1514,5.2390,0.5218,0.5218,5.2183,11.4286
2012-10-19,2.5100,2.5200,2.5000,2.5200,0.0100,0.4000,483597.7500,121613.0280,1.2500,2.7000,0.1891,0.1923,1.0300,6.7129,6.0289,1.1837,2.1668,2.0294,32479411.7000,2557058.8000,2514377.5301,81848117.4840,6443788.1760,2.1429,5.2183,0.5239,0.5239,5.2390,11.4741
2012-10-22,2.5100,2.5300,2.5000,2.5200,0.0000,0.0000,399217.6600,100669.4730,1.2500,2.7000,0.1561,0.1588,0.9000,6.7129,6.0289,1.1837,2.1668,2.0294,32479411.7000,2557058.8000,2514377.5301,81848117.4840,6443788.1760,2.1429,5.2183,0.5239,0.5239,5.2390,11.4741
2012-10-23,2.5200,2.5300,2.5100,2.5100,-0.0100,-0.4000,204174.2000,51423.3920,1.2400,2.6900,0.0798,0.0812,0.4700,6.6862,6.0050,1.1790,2.1582,2.0214,32479411.7000,2557058.8000,2514377.5301,81523323.3670,6418217.5880,2.1514,5.2390,0.5218,0.5218,5.2183,11.4286
2012-10-24,2.5100,2.5200,2.5000,2.5100,0.0000,0.0000,282755.9100,70945.3330,1.2400,2.6900,0.1106,0.1125,0.6800,6.6862,6.0050,1.1790,2.1582,2.0214,32479411.7000,2557058.8000,2514377.5301,81523323.3670,6418217.5880,2.1514,5.2390,0.5239,0.5239,5.2390,11.4741
2012-10-25,2.5000,2.5200,2.4900,2.5000,-0.0100,-0.4000,305650.0200,76598.3060,1.2400,2.6800,0.1195,0.1216,0.7700,6.6596,5.9811,1.1743,2.1496,2.0133,32479411.7000,2557058.8000,2514377.5301,81198529.2500,6392647.0000,2.1600,5.2600,0.5260,0.5260,5.2600,11.5200
2012-10-26,2.5000,2.5200,2.4600,2.4700,-0.0300,-1.2000,417160.9200,103694.0200,1.2200,2.6500,0.1631,0.1659,1.2400,6.5797,5.9093,1.1602,2.1238,1.9892,32479411.7000,2557058.8000,2514377.5301,80224146.8990,6315935.2360,2.1862,5.3239,0.5260,0.5260,5.2600,11.5200
2012-10-29,2.4800,2.4800,2.4600,2.4700,0.0000,0.0000,322312.4400,79662.8020,1.2200,2.6500,0.1260,0.1282,1.0000,6.5797,5.6795,1.1040,2.1238,1.9341,32479411.7000,2557058.8000,2514377.5301,80224146.8990,6315935.2360,2.1862,5.3239,0.5302,0.5302,5.3024,11.6129
2012-10-30,2.4700,2.4900,2.4600,2.4800,0.0100,0.4000,468233.7300,115817.7620,1.2300,2.6600,0.1831,0.1862,1.5300,6.6063,5.7025,1.1085,2.1324,1.9420,32479411.7000,2557058.8000,2514377.5301,80548941.0160,6341505.8240,2.1774,5.3024,0.5324,0.5324,5.3239,11.6599
2012-10-31,2.4800,2.5100,2.4700,2.5000,0.0200,0.8100,347476.2000,86516.2050,1.2400,2.6800,0.1359,0.1382,0.9700,6.6596,5.7484,1.1174,2.1496,1.9576,32479411.7000,2557058.8000,2514377.5301,81198529.2500,6392647.0000,2.1600,5.2600,0.5302,0.5302,5.3024,11.6129
2012-11-01,2.5000,2.5400,2.5000,2.5300,0.0300,1.2000,723127.8800,182520.9900,1.2500,2.7100,0.2828,0.2876,1.9400,6.7395,5.8174,1.1308,2.1754,1.9811,32479411.7000,2557058.8000,2514377.5301,82172911.6010,6469358.7640,2.1344,5.1976,0.5260,0.5260,5.2600,11.5200
2012-11-02,2.5300,2.5700,2.5200,2.5500,0.0200,0.7900,881866.6500,224221.7030,1.2600,2.7300,0.3449,0.3507,1.9400,6.7928,5.8634,1.1397,2.1926,1.9968,32479411.7000,2557058.8000,2514377.5301,82822499.8350,6520499.9400,2.1176,5.1569,0.5198,0.5198,5.1976,11.3834
2012-11-05,2.5500,2.5700,2.5300,2.5600,0.0100,0.3900,480544.0300,122566.4720,1.2700,2.7400,0.1879,0.1911,0.8800,6.8194,5.8864,1.1442,2.2012,2.0046,32479411.7000,2557058.8000,2514377.5301,83147293.9520,6546070.5280,2.1094,5.1367,0.5157,0.5157,5.1569,11.2941
2012-11-06,2.5600,2.5700,2.5300,2.5700,0.0100,0.3900,664080.6900,169617.2520,1.2700,2.7500,0.2597,0.2641,1.1400,6.8461,5.9094,1.1487,2.2098,2.0124,32479411.7000,2557058.8000,2514377.5301,83472088.0690,6571641.1160,2.1012,5.1167,0.5137,0.5137,5.1367,11.2500
2012-11-07,2.5600,2.5800,2.5500,2.5700,0.0000,0.0000,347925.8000,89354.3280,1.2700,2.7500,0.1361,0.1384,0.5600,6.8461,5.9094,1.1487,2.2098,2.0124,32479411.7000,2557058.8000,2514377.5301,83472088.0690,6571641.1160,2.1012,5.1167,0.5137,0.5137,5.1367,11.2500
2012-11-08,2.5600,2.5800,2.5300,2.5700,0.0000,0.0000,515907.3500,131693.3140,1.2700,2.7500,0.2018,0.2052,0.8300,6.8461,5.9094,1.1487,2.2098,2.0124,32479411.7000,2557058.8000,2514377.5301,83472088.0690,6571641.1160,2.1012,5.1167,0.5137,0.5137,5.1367,11.2500
2012-11-09,2.5600,2.5800,2.5500,2.5800,0.0100,0.3900,652931.7300,167540.4360,1.2800,2.7600,0.2553,0.2597,1.1300,6.8727,5.9324,1.1532,2.2184,2.0203,32479411.7000,2557058.8000,2514377.5301,83796882.1860,6597211.7040,2.0930,5.0969,0.5137,0.5137,5.1367,11.2500
2012-11-12,2.5600,2.5900,2.5600,2.5800,0.0000,0.0000,746183.3900,192478.9090,1.2800,2.7600,0.2918,0.2968,1.4000,6.8727,5.9324,1.1532,2.2184,2.0203,32479411.7000,2557058.8000,2514377.5301,83796882.1860,6597211.7040,2.0930,5.0969,0.5137,0.5137,5.1367,11.2500
2012-11-13,2.5800,2.5800,2.5500,2.5700,-0.0100,-0.3900,742740.2000,190646.3370,1.2700,2.7500,0.2905,0.2954,1.2700,6.8461,5.9094,1.1487,2.2098,2.0124,32479411.7000,2557058.8000,2514377.5301,83472088.0690,6571641.1160,2.1012,5.1167,0.5097,0.5097,5.0969,11.1628
2012-11-14,2.5700,2.6000,2.5600,2.5800,0.0100,0.3900,715845.7900,184864.2650,1.2800,2.7600,0.2799,0.2847,1.1900,6.8727,5.9324,1.1532,2.2184,2.0203,32479411.7000,2557058.8000,2514377.5301,83796882.1860,6597211.7040,2.0930,5.0969,0.5117,0.5117,5.1167,11.2062
2012-11-15,2.5700,2.6000,2.5600,2.5800,0.0000,0.0000,622015.2400,160295.8050,1.2800,2.7600,0.2433,0.2474,0.9200,6.8727,5.9324,1.1532,2.2184,2.0203,32479411.7000,2557058.8000,2514377.5301,83796882.1860,6597211.7040,2.0930,5.0969,0.5117,0.5117,5.1167,11.2062
2012-11-16,2.5700,2.5800,2.5300,2.5800,0.0000,0.0000,765162.1200,195627.9770,1.2800,2.7600,0.2992,0.3043,1.1000,6.8727,5.9324,1.1532,2.2184,2.0203,32479411.7000,2557058.8000,2514377.5301,83796882.1860,6597211.7040,2.0930,5.0969,0.5117,0.5117,5.1167,11.2062
2012-11-19,2.5600,2.5800,2.5400,2.5600,-0.0200,-0.7800,399474.9700,102256.0250,1.2700,2.7400,0.1562,0.1589,0.5600,6.8194,5.8864,1.1442,2.2012,2.0046,32479411.7000,2557058.8000,2514377.5301,83147293.9520,6546070.5280,2.1094,5.1367,0.5137,0.5137,5.1367,11.2500
2012-11-20,2.5600,2.5700,2.5400,2.5700,0.0100,0.3900,337557.1600,86347.9250,1.2700,2.7500,0.1320,0.1343,0.5200,6.8461,5.9094,1.1487,2.2098,2.0124,32479411.7000,2557058.8000,2514377.5301,83472088.0690,6571641.1160,2.1012,5.1167,0.5137,0.5137,5.1367,11.2500
2012-11-21,2.5600,2.5900,2.5600,2.5800,0.0100,0.3900,385298.4400,99283.0800,1.2800,2.7600,0.1507,0.1532,0.6800,6.8727,5.9324,1.1532,2.2184,2.0203,32479411.7000,2557058.8000,2514377.5301,83796882.1860,6597211.7040,2.0930,5.0969,0.5137,0.5137,5.1367,11.2500
2012-11-22,2.5800,2.5900,2.5700,2.5800,0.0000,0.0000,269064.3000,69414.3780,1.2800,2.7600,0.1052,0.1070,0.5400,6.8727,5.9324,1.1532,2.2184,2.0203,32479411.7000,2557058.8000,2514377.5301,83796882.1860,6597211.7040,2.0930,5.0969,0.5097,0.5097,5.0969,11.1628
2012-11-23,2.5900,2.6000,2.5700,2.5800,0.0000,0.0000,560003.8700,144810.9340,1.2800,2.7600,0.2190,0.2227,1.3000,6.8727,5.9324,1.1532,2.2184,2.0203,32479411.7000,2557058.8000,2514377.5301,83796882.1860,6597211.7040,2.0930,5.0969,0.5077,0.5077,5.0772,11.1197
2012-11-26,2.5700,2.6100,2.5600,2.6100,0.0300,1.1600,492694.5600,127556.7330,1.2900,2.8000,0.1927,0.1960,1.2600,6.9526,6.0014,1.1666,2.2442,2.0438,32479411.7000,2557058.8000,2514377.5301,84771264.5370,6673923.4680,2.0690,5.0383,0.5117,0.5117,5.1167,11.2062
2012-11-27,2.6000,2.6200,2.5900,2.6100,0.0000,0.0000,540745.8700,141082.2150,1.2900,2.8000,0.2115,0.2151,1.3200,6.9526,6.0014,1.1666,2.2442,2.0438,32479411.7000,2557058.8000,2514377.5301,84771264.5370,6673923.4680,2.0690,5.0383,0.5058,0.5058,5.0577,11.0769
2012-11-28,2.6100,2.6400,2.6000,2.6400,0.0300,1.1500,787485.5100,206354.7230,1.3100,2.8300,0.3080,0.3132,1.7500,7.0325,6.0704,1.1800,2.2700,2.0673,32479411.7000,2557058.8000,2514377.5301,85745646.8880,6750635.2320,2.0455,4.9811,0.5038,0.5038,5.0383,11.0345
2012-11-29,2.6400,2.6500,2.6200,2.6400,0.0000,0.0000,667608.9100,176335.0010,1.3100,2.8300,0.2611,0.2655,1.2600,7.0325,6.0704,1.1800,2.2700,2.0673,32479411.7000,2557058.8000,2514377.5301,85745646.8880,6750635.2320,2.0455,4.9811,0.4981,0.4981,4.9811,10.9091
2012-11-30,2.6300,2.6500,2.6000,2.6000,-0.0400,-1.5200,515480.2200,135805.2930,1.2900,2.7800,0.2016,0.2050,0.8500,6.9260,5.9784,1.1621,2.2356,2.0359,32479411.7000,2557058.8000,2514377.5301,84446470.4200,6648352.8800,2.0769,5.0577,0.5000,0.5000,5.0000,10.9506
2012-12-03,2.6000,2.6200,2.5800,2.6100,0.0100,0.3800,447196.7100,115975.1260,1.2900,2.8000,0.1749,0.1779,0.7400,6.9526,6.0014,1.1666,2.2442,2.0438,32479411.7000,2557058.8000,2514377.5301,84771264.5370,6673923.4680,2.0690,5.0383,0.5058,0.5058,5.0577,11.0769
2012-12-04,2.6000,2.6100,2.5800,2.5800,-0.0300,-1.1500,589500.7800,153184.5440,1.2800,2.7600,0.2305,0.2345,1.0000,6.8727,5.9324,1.1532,2.2184,2.0203,32479411.7000,2557058.8000,2514377.5301,83796882.1860,6597211.7040,2.0930,5.0969,0.5058,0.5058,5.0577,11.0769
2012-12-05,2.5900,2.6400,2.5800,2.6200,0.0400,1.5500,1288078.9600,336307.0700,1.3000,2.8100,0.5037,0.5123,2.1400,6.9793,6.0244,1.1710,2.2528,2.0516,32479411.7000,2557058.8000,2514377.5301,85096058.6540,6699494.0560,2.0611,5.0191,0.5077,0.5077,5.0772,11.1197
2012-12-06,2.6200,2.6300,2.6000,2.6200,0.0000,0.0000,773405.5700,202659.7770,1.3000,2.8100,0.3025,0.3076,1.1000,6.9793,6.0244,1.1710,2.2528,2.0516,32479411.7000,2557058.8000,2514377.5301,85096058.6540,6699494.0560,2.0611,5.0191,0.5019,0.5019,5.0191,10.9924
2012-12-07,2.6200,2.6500,2.6100,2.6200,0.0000,0.0000,1946804.1700,511144.1150,1.3000,2.8100,0.7613,0.7743,2.6900,6.9793,6.0244,1.1710,2.2528,2.0516,32479411.7000,2557058.8000,2514377.5301,85096058.6540,6699494.0560,2.0611,5.0191,0.5019,0.5019,5.0191,10.9924
2012-12-10,2.6300,2.6700,2.6200,2.6700,0.0500,1.9100,1440237.9800,380876.4330,1.3200,2.8600,0.5632,0.5728,1.4300,7.1125,6.1393,1.1934,2.2958,2.0908,32479411.7000,2557058.8000,2514377.5301,86720029.2390,6827346.9960,2.0225,4.9251,0.5000,0.5000,5.0000,10.9506
2012-12-11,2.6500,2.6900,2.6500,2.6700,0.0000,0.0000,753004.6200,201508.4940,1.3200,2.8600,0.2945,0.2995,0.6200,7.1125,6.1393,1.1934,2.2958,2.0908,32479411.7000,2557058.8000,2514377.5301,86720029.2390,6827346.9960,2.0225,4.9251,0.4962,0.4962,4.9623,10.8679
2012-12-12,2.6700,2.6900,2.6600,2.6800,0.0100,0.3700,936139.0600,250756.1690,1.3300,2.8700,0.3661,0.3723,0.7500,7.1391,6.1623,1.1979,2.3044,2.0986,32479411.7000,2557058.8000,2514377.5301,87044823.3560,6852917.5840,2.0149,4.9067,0.4925,0.4925,4.9251,10.7865
2012-12-13,2.6800,2.6900,2.6600,2.6800,0.0000,0.0000,610813.7300,163479.4490,1.3300,2.8700,0.2389,0.2429,0.5200,7.1391,6.1623,1.1979,2.3044,2.0986,32479411.7000,2557058.8000,2514377.5301,87044823.3560,6852917.5840,2.0149,4.9067,0.4907,0.4907,4.9067,10.7463
2012-12-14,2.6800,2.8000,2.6800,2.7900,0.1100,4.1000,1919042.6300,530947.5970,1.3800,2.9900,0.7505,0.7632,1.6900,7.4321,6.4153,1.2470,2.3990,2.1847,32479411.7000,2557058.8000,2514377.5301,90617558.6430,7134194.0520,1.9355,4.7133,0.4907,0.4907,4.9067,10.7463
2012-12-17,2.7800,2.8000,2.7200,2.7400,-0.0500,-1.7900,1588318.7300,437070.9440,1.3600,2.9300,0.6212,0.6317,1.4000,7.2989,6.3003,1.2247,2.3560,2.1456,32479411.7000,2557058.8000,2514377.5301,88993588.0580,7006341.1120,1.9708,4.7993,0.4730,0.4730,4.7302,10.3597
2012-12-18,2.7300,2.7900,2.7100,2.7700,0.0300,1.0900,1911910.8100,526175.2900,1.3700,2.9700,0.7477,0.7604,1.6500,7.3788,6.3693,1.2381,2.3818,2.1691,32479411.7000,2557058.8000,2514377.5301,89967970.4090,7083052.8760,1.9495,4.7473,0.4817,0.4817,4.8168,10.5495
2012-12-19,2.7600,2.7800,2.7300,2.7500,-0.0200,-0.7200,995470.9200,274450.5350,1.3600,2.9500,0.3893,0.3959,0.7100,7.3256,6.3233,1.2291,2.3646,2.1534,32479411.7000,2557058.8000,2514377.5301,89318382.1750,7031911.7000,1.9636,4.7818,0.4764,0.4764,4.7645,10.4348
2012-12-20,2.7500,2.7600,2.7200,2.7400,-0.0100,-0.3600,608276.9400,166533.2630,1.3600,2.9300,0.2379,0.2419,0.4300,7.2989,6.3003,1.2247,2.3560,2.1456,32479411.7000,2557058.8000,2514377.5301,88993588.0580,7006341.1120,1.9708,4.7993,0.4782,0.4782,4.7818,10.4727
2012-12-21,2.7400,2.7600,2.7000,2.7100,-0.0300,-1.0900,1127596.9300,307656.2180,1.3400,2.9000,0.4410,0.4485,0.8000,7.2190,6.2313,1.2113,2.3302,2.1221,32479411.7000,2557058.8000,2514377.5301,88019205.7070,6929629.3480,1.9926,4.8524,0.4799,0.4799,4.7993,10.5109
2012-12-24,2.7200,2.7500,2.7100,2.7300,0.0200,0.7400,548385.4800,149795.9940,1.3500,2.9200,0.2145,0.2181,0.4400,7.2723,6.2773,1.2202,2.3474,2.1377,32479411.7000,2557058.8000,2514377.5301,88668793.9410,6980770.5240,1.9780,4.8168,0.4835,0.4835,4.8346,10.5882
2012-12-25,2.7300,2.8300,2.7200,2.8000,0.0700,2.5600,1436198.2900,400844.1840,1.3900,3.0000,0.5617,0.5712,1.3800,7.4588,6.4383,1.2515,2.4076,2.1925,32479411.7000,2557058.8000,2514377.5301,90942352.7600,7159764.6400,1.9286,4.6964,0.4817,0.4817,4.8168,10.5495
2012-12-26,2.8000,2.8000,2.7500,2.7700,-0.0300,-1.0700,1071265.4600,296052.3960,1.3700,2.9700,0.4189,0.4261,1.1400,7.3788,6.3693,1.2381,2.3818,2.1691,32479411.7000,2557058.8000,2514377.5301,89967970.4090,7083052.8760,1.9495,4.7473,0.4696,0.4696,4.6964,10.2857
2012-12-27,2.7600,2.7800,2.7300,2.7400,-0.0300,-1.0800,1096882.1900,301428.7310,1.3600,2.9300,0.4290,0.4362,1.1400,7.2989,6.3003,1.2247,2.3560,2.1456,32479411.7000,2557058.8000,2514377.5301,88993588.0580,7006341.1120,1.9708,4.7993,0.4764,0.4764,4.7645,10.4348
2012-12-28,2.7400,2.7800,2.7300,2.7600,0.0200,0.7300,1655376.9900,455348.6320,1.3700,2.9600,0.6474,0.6584,1.5700,7.3522,6.3463,1.2336,2.3732,2.1612,32479411.7000,2557058.8000,2514377.5301,89643176.2920,7057482.2880,1.9565,4.7645,0.4799,0.4799,4.7993,10.5109
2012-12-31,2.7600,2.8100,2.7500,2.8000,0.0400,1.4500,1781086.5800,495313.7790,1.3900,3.0000,0.6965,0.7084,1.5300,7.4588,6.4383,1.2515,2.4076,2.1925,32479411.7000,2557058.8000,2514377.5301,90942352.7600,7159764.6400,1.9286,4.6964,0.4764,0.4764,4.7645,10.4348
2013-01-04,2.8300,2.9000,2.8000,2.8900,0.0900,3.2100,3680172.5900,1055235.8900,1.4300,3.1000,1.4392,1.4637,2.6100,7.6985,6.6452,1.2917,2.4850,2.2630,32479411.7000,2557058.8000,2514377.5301,93865499.8130,7389899.9320,4.5502,4.5502,0.5530,0.5530,5.5300,11.7845
2013-01-07,2.8800,2.9000,2.8600,2.8700,-0.0200,-0.6900,1391158.9900,400317.1730,1.4200,3.0700,0.5440,0.5533,0.7500,7.6452,6.5992,1.2828,2.4678,2.2474,32479411.7000,2557058.8000,2514377.5301,93215911.5790,7338758.7560,4.5819,4.5819,0.5434,0.5434,5.4340,11.5799
2013-01-08,2.8800,2.8900,2.8200,2.8400,-0.0300,-1.0500,1038673.7200,295654.5980,1.4100,3.0400,0.4062,0.4131,0.5400,7.5653,6.5302,1.2694,2.4420,2.2239,32479411.7000,2557058.8000,2514377.5301,92241529.2280,7262046.9920,4.6303,4.6303,0.5434,0.5434,5.4340,11.5799
2013-01-09,2.8400,2.8500,2.8000,2.8200,-0.0200,-0.7000,1017743.2100,287554.3570,1.4000,3.0200,0.3980,0.4048,0.5300,7.5120,6.4842,1.2604,2.4248,2.2082,32479411.7000,2557058.8000,2514377.5301,91591940.9940,7210905.8160,4.6631,4.6631,0.5511,0.5511,5.5106,11.7430
2013-01-10,2.8200,2.8300,2.8100,2.8200,0.0000,0.0000,1246764.6800,351421.8480,1.4000,3.0200,0.4876,0.4959,0.7000,7.5120,6.4842,1.2604,2.4248,2.2082,32479411.7000,2557058.8000,2514377.5301,91591940.9940,7210905.8160,4.6631,4.6631,0.5550,0.5550,5.5496,11.8262
2013-01-11,2.8200,2.8200,2.7700,2.7900,-0.0300,-1.0600,983375.7800,274844.0200,1.3800,2.9900,0.3846,0.3911,0.5900,7.4321,6.4153,1.2470,2.3990,2.1847,32479411.7000,2557058.8000,2514377.5301,90617558.6430,7134194.0520,4.7133,4.7133,0.5550,0.5550,5.5496,11.8262
2013-01-14,2.7800,2.8700,2.7700,2.8400,0.0500,1.7900,2010388.3400,567769.0600,1.4100,3.0400,0.7862,0.7996,1.7700,7.5653,6.5302,1.2694,2.4420,2.2239,32479411.7000,2557058.8000,2514377.5301,92241529.2280,7262046.9920,4.6303,4.6303,0.5629,0.5629,5.6295,11.9964
2013-01-15,2.8400,2.8600,2.8200,2.8400,0.0000,0.0000,1815495.2200,513996.5780,1.4100,3.0400,0.7100,0.7220,1.4400,7.5653,6.5302,1.2694,2.4420,2.2239,32479411.7000,2557058.8000,2514377.5301,92241529.2280,7262046.9920,4.6303,4.6303,0.5511,0.5511,5.5106,11.7430
2013-01-16,2.8300,2.8300,2.7600,2.7800,-0.0600,-2.1100,1476534.2700,411938.2900,1.3800,2.9800,0.5774,0.5872,1.0400,7.4055,6.3923,1.2425,2.3904,2.1769,32479411.7000,2557058.8000,2514377.5301,90292764.5260,7108623.4640,4.7302,4.7302,0.5530,0.5530,5.5300,11.7845
2013-01-17,2.7800,2.7800,2.7500,2.7700,-0.0100,-0.3600,837812.3300,231529.8920,1.3700,2.9700,0.3276,0.3332,0.5600,7.3788,6.3693,1.2381,2.3818,2.1691,32479411.7000,2557058.8000,2514377.5301,89967970.4090,7083052.8760,4.7473,4.7473,0.5629,0.5629,5.6295,11.9964
2013-01-18,2.7800,2.8200,2.7700,2.8000,0.0300,1.0800,932512.7800,260399.0150,1.3900,3.0000,0.3647,0.3709,0.6500,7.4588,6.4383,1.2515,2.4076,2.1925,32479411.7000,2557058.8000,2514377.5301,90942352.7600,7159764.6400,4.6964,4.6964,0.5629,0.5629,5.6295,11.9964
2013-01-21,2.8100,2.8100,2.7600,2.7800,-0.0200,-0.7100,1493966.4400,414922.8010,1.3800,2.9800,0.5843,0.5942,1.0600,7.4055,6.3923,1.2425,2.3904,2.1769,32479411.7000,2557058.8000,2514377.5301,90292764.5260,7108623.4640,4.7302,4.7302,0.5569,0.5569,5.5694,11.8683
2013-01-22,2.7700,2.8800,2.7600,2.8100,0.0300,1.0800,3003670.8100,844795.0250,1.3900,3.0100,1.1747,1.1946,2.2900,7.4854,6.4613,1.2560,2.4162,2.2004,32479411.7000,2557058.8000,2514377.5301,91267146.8770,7185335.2280,4.6797,4.6797,0.5650,0.5650,5.6498,12.0397
2013-01-23,2.8100,2.8400,2.7900,2.8300,0.0200,0.7100,2319538.1300,653407.4380,1.4000,3.0300,0.9071,0.9225,1.5000,7.5387,6.5072,1.2649,2.4334,2.2160,32479411.7000,2557058.8000,2514377.5301,91916735.1110,7236476.4040,4.6466,4.6466,0.5569,0.5569,5.5694,11.8683
2013-01-24,2.8300,2.9100,2.8200,2.8600,0.0300,1.0600,4247465.6800,1217478.2060,1.4200,3.0600,1.6611,1.6893,2.4700,7.6186,6.5762,1.2783,2.4592,2.2395,32479411.7000,2557058.8000,2514377.5301,92891117.4620,7313188.1680,4.5979,4.5979,0.5530,0.5530,5.5300,11.7845
2013-01-25,2.8500,2.8600,2.8000,2.8200,-0.0400,-1.4000,1816205.2500,514305.8680,1.4000,3.0200,0.7103,0.7223,0.7600,7.5120,6.4842,1.2604,2.4248,2.2082,32479411.7000,2557058.8000,2514377.5301,91591940.9940,7210905.8160,4.6631,4.6631,0.5491,0.5491,5.4912,11.7018
2013-01-28,2.8200,2.9200,2.8100,2.9100,0.0900,3.1900,3909469.9100,1124930.1970,1.4400,3.1200,1.5289,1.5548,1.5200,7.7518,6.6912,1.3007,2.5022,2.2787,32479411.7000,2557058.8000,2514377.5301,94515088.0470,7441041.1080,4.5189,4.5189,0.5550,0.5550,5.5496,11.8262
2013-01-29,2.9000,2.9300,2.8800,2.9100,0.0000,0.0000,3136019.4500,908397.2380,1.4400,3.1200,1.2264,1.2472,1.0300,7.7518,6.6912,1.3007,2.5022,2.2787,32479411.7000,2557058.8000,2514377.5301,94515088.0470,7441041.1080,4.5189,4.5189,0.5397,0.5397,5.3966,11.5000
2013-01-30,2.9200,3.0200,2.9100,3.0100,0.1000,3.4400,5585647.0900,1661433.0980,1.4900,3.2200,2.1844,2.2215,1.8100,8.0182,6.9211,1.3453,2.5882,2.3570,32479411.7000,2557058.8000,2514377.5301,97763029.2170,7696746.9880,4.3688,4.3688,0.5360,0.5360,5.3596,11.4212
2013-01-31,3.0200,3.1100,3.0100,3.0800,0.0700,2.3300,5027889.0800,1542566.1190,1.5300,3.3000,1.9663,1.9997,1.3400,8.2046,7.0821,1.3766,2.6484,2.4118,32479411.7000,2557058.8000,2514377.5301,100036588.0360,7875741.1040,4.2695,4.2695,0.5182,0.5182,5.1821,11.0430
2013-02-01,3.0700,3.1500,3.0400,3.1400,0.0600,1.9500,3881292.5600,1202759.1950,1.5600,3.3600,1.5179,1.5436,1.0000,8.3645,7.2200,1.4035,2.6999,2.4588,32479411.7000,2557058.8000,2514377.5301,101985352.7380,8029164.6320,4.1879,4.1879,0.5098,0.5098,5.0977,10.8632
2013-02-04,3.1400,3.2800,3.1300,3.2300,0.0900,2.8700,5018729.8700,1614986.6080,1.6000,3.4600,1.9627,1.9960,1.1600,8.6042,7.4270,1.4437,2.7773,2.5293,32479411.7000,2557058.8000,2514377.5301,104908499.7910,8259299.9240,4.0712,4.0712,0.4984,0.4984,4.9841,10.6210
2013-02-05,3.2000,3.2200,3.1500,3.1900,-0.0400,-1.2400,3431873.7500,1093831.0780,1.5800,3.4200,1.3421,1.3649,0.7600,8.4977,7.3350,1.4258,2.7429,2.4979,32479411.7000,2557058.8000,2514377.5301,103609323.3230,8157017.5720,4.1223,4.1223,0.4891,0.4891,4.8906,10.4219
2013-02-06,3.1900,3.2400,3.1600,3.2000,0.0100,0.3100,2331707.7900,745610.4810,1.5800,3.4300,0.9119,0.9273,0.5100,8.5243,7.3580,1.4303,2.7515,2.5058,32479411.7000,2557058.8000,2514377.5301,103934117.4400,8182588.1600,4.1094,4.1094,0.4906,0.4906,4.9060,10.4545
2013-02-07,3.1900,3.2100,3.0800,3.1400,-0.0600,-1.8800,3154620.3100,990458.0730,1.5600,3.3600,1.2337,1.2546,0.8000,8.3645,7.2200,1.4035,2.6999,2.4588,32479411.7000,2557058.8000,2514377.5301,101985352.7380,8029164.6320,4.1879,4.1879,0.4906,0.4906,4.9060,10.4545
2013-02-08,3.1300,3.1600,3.0900,3.1000,-0.0400,-1.2700,2331586.9800,725853.0820,1.5400,3.3200,0.9118,0.9273,0.6500,8.2579,7.1281,1.3856,2.6656,2.4275,32479411.7000,2557058.8000,2514377.5301,100686176.2700,7926882.2800,4.2419,4.2419,0.5000,0.5000,5.0000,10.6550
2013-02-18,3.1200,3.1700,3.0800,3.0900,-0.0100,-0.3200,2536389.2400,794786.1520,1.5300,3.3100,0.9919,1.0088,0.7800,8.2313,7.1051,1.3811,2.6570,2.4196,32479411.7000,2557058.8000,2514377.5301,100361382.1530,7901311.6920,4.2557,4.2557,0.5016,0.5016,5.0160,10.6891
2013-02-19,3.0900,3.1100,3.0400,3.0700,-0.0200,-0.6500,1536959.8300,471430.3590,1.5200,3.2900,0.6011,0.6113,0.5600,8.1780,7.0591,1.3722,2.6398,2.4040,32479411.7000,2557058.8000,2514377.5301,99711793.9190,7850170.5160,4.2834,4.2834,0.5065,0.5065,5.0647,10.7929
2013-02-20,3.0700,3.0900,3.0100,3.0500,-0.0200,-0.6500,1826879.1000,555142.8950,1.5100,3.2700,0.7144,0.7266,0.7700,8.1247,7.0131,1.3632,2.6226,2.3883,32479411.7000,2557058.8000,2514377.5301,99062205.6850,7799029.3400,4.3115,4.3115,0.5098,0.5098,5.0977,10.8632
2013-02-21,3.0300,3.0400,2.9000,2.9500,-0.1000,-3.2800,3045387.8800,899360.8380,1.4600,3.1600,1.1910,1.2112,1.3400,7.8583,6.7832,1.3185,2.5366,2.3100,32479411.7000,2557058.8000,2514377.5301,95814264.5150,7543323.4600,4.4576,4.4576,0.5165,0.5165,5.1650,11.0066
2013-02-22,2.9400,2.9400,2.8800,2.9100,-0.0400,-1.3600,1408400.0500,410501.2700,1.4400,3.1200,0.5508,0.5601,0.6200,7.7518,6.6912,1.3007,2.5022,2.2787,32479411.7000,2557058.8000,2514377.5301,94515088.0470,7441041.1080,4.5189,4.5189,0.5323,0.5323,5.3231,11.3435
2013-02-25,2.9000,2.9500,2.8800,2.9000,-0.0100,-0.3400,1134465.6400,330343.0820,1.4400,3.1100,0.4437,0.4512,0.5500,7.7251,6.6682,1.2962,2.4936,2.2709,32479411.7000,2557058.8000,2514377.5301,94190293.9300,7415470.5200,4.5345,4.5345,0.5397,0.5397,5.3966,11.5000
2013-02-26,2.8900,2.9800,2.8600,2.8700,-0.0300,-1.0300,2108107.4900,618109.1470,1.4200,3.0700,0.8244,0.8384,1.1800,7.6452,6.5992,1.2828,2.4678,2.2474,32479411.7000,2557058.8000,2514377.5301,93215911.5790,7338758.7560,4.5819,4.5819,0.5415,0.5415,5.4152,11.5398
2013-02-27,2.8800,2.9500,2.8700,2.9300,0.0600,2.0900,1821345.1900,530276.5820,1.4500,3.1400,0.7123,0.7244,0.9600,7.8051,6.7372,1.3096,2.5194,2.2943,32479411.7000,2557058.8000,2514377.5301,95164676.2810,7492182.2840,4.4881,4.4881,0.5434,0.5434,5.4340,11.5799
2013-02-28,2.9400,3.0200,2.9100,3.0000,0.0700,2.3900,2243033.0100,666391.2100,1.4900,3.2100,0.8772,0.8921,1.1800,7.9915,6.8981,1.3409,2.5796,2.3492,32479411.7000,2557058.8000,2514377.5301,97438235.1000,7671176.4000,4.3833,4.3833,0.5323,0.5323,5.3231,11.3435
2013-03-01,3.0000,3.0100,2.9000,2.9500,-0.0500,-1.6700,1437112.1900,425484.9290,1.4600,3.1600,0.5620,0.5716,0.8200,7.8583,6.7832,1.3185,2.5366,2.3100,32479411.7000,2557058.8000,2514377.5301,95814264.5150,7543323.4600,4.4576,4.4576,0.5217,0.5217,5.2167,11.1167
2013-03-04,2.8900,2.9500,2.8000,2.8500,-0.1000,-3.3900,2521333.9700,722470.5350,1.4100,3.0500,0.9860,1.0028,1.4400,7.5919,6.5532,1.2738,2.4506,2.2317,32479411.7000,2557058.8000,2514377.5301,92566323.3450,7287617.5800,4.6140,4.6140,0.5415,0.5415,5.4152,11.5398
2013-03-05,2.8500,3.0100,2.8400,2.9700,0.1200,4.2100,2848666.5000,828992.1070,1.4700,3.1800,1.1140,1.1330,1.4100,7.9116,6.8292,1.3275,2.5538,2.3257,32479411.7000,2557058.8000,2514377.5301,96463852.7490,7594464.6360,4.4276,4.4276,0.5491,0.5491,5.4912,11.7018
2013-03-06,2.9700,2.9800,2.9100,2.9400,-0.0300,-1.0100,1980330.1200,582177.8250,1.4600,3.1500,0.7745,0.7876,0.9100,7.8317,6.7602,1.3141,2.5280,2.3022,32479411.7000,2557058.8000,2514377.5301,95489470.3980,7517752.8720,4.4728,4.4728,0.5269,0.5269,5.2694,11.2290
2013-03-07,2.9200,2.9300,2.8500,2.8700,-0.0700,-2.3800,1519929.5700,439762.7450,1.4200,3.0700,0.5944,0.6045,0.6900,7.6452,6.5992,1.2828,2.4678,2.2474,32479411.7000,2557058.8000,2514377.5301,93215911.5790,7338758.7560,4.5819,4.5819,0.5360,0.5360,5.3596,11.4212
2013-03-08,2.8800,2.9100,2.8500,2.8700,0.0000,0.0000,1060029.8500,304208.7020,1.4200,3.0700,0.4146,0.4216,0.5100,7.6452,6.5992,1.2828,2.4678,2.2474,32479411.7000,2557058.8000,2514377.5301,93215911.5790,7338758.7560,4.5819,4.5819,0.5434,0.5434,5.4340,11.5799
2013-03-11,2.8600,2.8700,2.8200,2.8500,-0.0200,-0.7000,1134219.5300,322332.1640,1.4100,3.0500,0.4436,0.4511,0.5700,7.5919,6.5532,1.2738,2.4506,2.2317,32479411.7000,2557058.8000,2514377.5301,92566323.3450,7287617.5800,4.6140,4.6140,0.5472,0.5472,5.4720,11.6608
2013-03-12,2.8400,2.8800,2.8000,2.8200,-0.0300,-1.0500,1474140.3300,418276.9220,1.4000,3.0200,0.5765,0.5863,0.8600,7.5120,6.4842,1.2604,2.4248,2.2082,32479411.7000,2557058.8000,2514377.5301,91591940.9940,7210905.8160,4.6631,4.6631,0.5511,0.5511,5.5106,11.7430
2013-03-13,2.8100,2.8400,2.7700,2.8000,-0.0200,-0.7100,1370568.4500,383820.6880,1.3900,3.0000,0.5360,0.5451,0.9600,7.4588,6.4383,1.2515,2.4076,2.1925,32479411.7000,2557058.8000,2514377.5301,90942352.7600,7159764.6400,4.6964,4.6964,0.5569,0.5569,5.5694,11.8683
2013-03-14,2.7900,2.8400,2.7800,2.8400,0.0400,1.4300,1253300.2300,352081.3980,1.4100,3.0400,0.4901,0.4985,0.9600,7.5653,6.5302,1.2694,2.4420,2.2239,32479411.7000,2557058.8000,2514377.5301,92241529.2280,7262046.9920,4.6303,4.6303,0.5609,0.5609,5.6093,11.9534
2013-03-15,2.8400,2.8900,2.8000,2.8700,0.0300,1.0600,1974684.9900,564087.6410,1.4200,3.0700,0.7722,0.7854,1.5700,7.6452,6.5992,1.2828,2.4678,2.2474,32479411.7000,2557058.8000,2514377.5301,93215911.5790,7338758.7560,4.5819,4.5819,0.5511,0.5511,5.5106,11.7430
2013-03-18,2.8500,2.8600,2.8000,2.8000,-0.0700,-2.4400,1220969.7700,344937.1170,1.3900,3.0000,0.4775,0.4856,0.8500,7.4588,6.4383,1.2515,2.4076,2.1925,32479411.7000,2557058.8000,2514377.5301,90942352.7600,7159764.6400,4.6964,4.6964,0.5491,0.5491,5.4912,11.7018
2013-03-19,2.8100,2.8300,2.7900,2.8100,0.0100,0.3600,1156647.4300,324261.8360,1.3900,3.0100,0.4523,0.4600,0.7900,7.4854,6.4613,1.2560,2.4162,2.2004,32479411.7000,2557058.8000,2514377.5301,91267146.8770,7185335.2280,4.6797,4.6797,0.5569,0.5569,5.5694,11.8683
2013-03-20,2.8100,2.9100,2.8100,2.8900,0.0800,2.8500,2179338.8900,626229.1340,1.4300,3.1000,0.8523,0.8668,1.5600,7.6985,6.6452,1.2917,2.4850,2.2630,32479411.7000,2557058.8000,2514377.5301,93865499.8130,7389899.9320,4.5502,4.5502,0.5569,0.5569,5.5694,11.8683
2013-03-21,2.8900,2.9100,2.8600,2.8800,-0.0100,-0.3500,948539.3300,273727.2490,1.4300,3.0800,0.3709,0.3772,0.6100,7.6719,6.6222,1.2872,2.4764,2.2552,32479411.7000,2557058.8000,2514377.5301,93540705.6960,7364329.3440,4.5660,4.5660,0.5415,0.5415,5.4152,11.5398
2013-03-22,2.8800,2.8900,2.8600,2.8800,0.0000,0.0000,630323.0600,181191.4280,1.4300,3.0800,0.2465,0.2507,0.4200,7.6719,6.6222,1.2872,2.4764,2.2552,32479411.7000,2557058.8000,2514377.5301,93540705.6960,7364329.3440,4.5660,4.5660,0.5434,0.5434,5.4340,11.5799
2013-03-25,2.8900,2.9200,2.8900,2.9000,0.0200,0.6900,737212.0700,213916.2660,1.4400,3.1100,0.2883,0.2932,0.6000,7.7251,6.6682,1.2962,2.4936,2.2709,32479411.7000,2557058.8000,2514377.5301,94190293.9300,7415470.5200,4.5345,4.5345,0.5415,0.5415,5.4152,11.5398
2013-03-26,2.8900,2.9000,2.8300,2.8600,-0.0400,-1.3800,1070998.6700,306508.6570,1.4200,3.0600,0.4188,0.4259,0.9500,7.6186,6.5762,1.2783,2.4592,2.2395,32479411.7000,2557058.8000,2514377.5301,92891117.4620,7313188.1680,4.5979,4.5979,0.5415,0.5415,5.4152,11.5398
2013-03-27,2.8700,2.8900,2.8100,2.8200,-0.0400,-1.4000,1741730.8600,495851.4090,1.4000,3.0200,0.6811,0.6927,1.5600,6.3126,6.3126,1.2215,2.1706,2.1706,32479411.7000,2557058.8000,2514377.5301,91591940.9940,7210905.8160,4.6631,4.6631,0.5453,0.5453,5.4530,11.6202
2013-03-28,2.8000,2.8000,2.6400,2.7000,-0.1200,-4.2600,3964462.4800,1067750.9910,1.3400,2.8900,1.5504,1.5884,3.8600,6.0440,6.0440,1.1695,2.0782,2.0782,32479411.7000,2557058.8000,2495842.3036,87694411.5900,6904058.7600,4.8704,4.8704,0.5589,0.5589,5.5893,11.9107
2013-03-29,2.7000,2.7200,2.6900,2.7000,0.0000,0.0000,901652.0200,244257.0960,1.3400,2.8900,0.3526,0.3613,0.5500,6.0440,6.0440,1.1695,2.0782,2.0782,32479411.7000,2557058.8000,2495842.3036,87694411.5900,6904058.7600,4.8704,4.8704,0.5796,0.5796,5.7963,12.3519
2013-04-01,2.6900,2.7100,2.6800,2.6800,-0.0200,-0.7400,830337.8600,223221.9980,1.3300,2.8700,0.3247,0.3327,0.4900,5.9992,5.9992,1.1609,2.0628,2.0628,32479411.7000,2557058.8000,2495842.3036,87044823.3560,6852917.5840,4.9067,4.9067,0.5818,0.5818,5.8178,12.3978
2013-04-02,2.6800,2.7100,2.6700,2.6900,0.0100,0.3700,865062.1800,232918.3370,1.3300,2.8800,0.3383,0.3466,0.5100,6.0216,6.0216,1.1652,2.0705,2.0705,32479411.7000,2557058.8000,2495842.3036,87369617.4730,6878488.1720,4.8885,4.8885,0.5840,0.5840,5.8396,12.4440
2013-04-03,2.7100,2.7600,2.7000,2.7300,0.0400,1.4900,1293044.7900,352956.6560,1.3500,2.9200,0.5057,0.5181,0.7800,6.1111,6.1111,1.1825,2.1013,2.1013,32479411.7000,2557058.8000,2495842.3036,88668793.9410,6980770.5240,4.8168,4.8168,0.5775,0.5775,5.7749,12.3063
2013-04-08,2.7000,2.7200,2.6900,2.7100,-0.0200,-0.7300,1001157.7500,270890.5260,1.3400,2.9000,0.3915,0.4011,0.6400,6.0664,6.0664,1.1739,2.0859,2.0859,32479411.7000,2557058.8000,2495842.3036,88019205.7070,6929629.3480,4.8524,4.8524,0.5796,0.5796,5.7963,12.3519
2013-04-09,2.7200,2.7400,2.7200,2.7200,0.0100,0.3700,840664.0000,229251.0370,1.3500,2.9100,0.3288,0.3368,0.8600,6.0887,6.0887,1.1782,2.0936,2.0936,32479411.7000,2557058.8000,2495842.3036,88343999.8240,6955199.9360,4.8346,4.8346,0.5754,0.5754,5.7537,12.2610
2013-04-10,2.7200,2.7300,2.7100,2.7100,-0.0100,-0.3700,749641.2100,203995.5710,1.3400,2.9000,0.2932,0.3004,0.7800,6.0664,6.0664,1.1739,2.0859,2.0859,32479411.7000,2557058.8000,2495842.3036,88019205.7070,6929629.3480,4.8524,4.8524,0.5754,0.5754,5.7537,12.2610
2013-04-11,2.7300,2.7400,2.6900,2.7000,-0.0100,-0.3700,624441.1500,169528.4950,1.3400,2.8900,0.2442,0.2502,0.6600,6.0440,6.0440,1.1695,2.0782,2.0782,32479411.7000,2557058.8000,2495842.3036,87694411.5900,6904058.7600,4.8704,4.8704,0.5733,0.5733,5.7326,12.2161
2013-04-12,2.7100,2.7200,2.7000,2.7100,0.0100,0.3700,480957.1700,130242.3850,1.3400,2.9000,0.1881,0.1927,0.5300,6.0664,6.0664,1.1739,2.0859,2.0859,32479411.7000,2557058.8000,2495842.3036,88019205.7070,6929629.3480,4.8524,4.8524,0.5775,0.5775,5.7749,12.3063
2013-04-15,2.7200,2.7300,2.7100,2.7200,0.0100,0.3700,985616.9100,268210.9980,1.3500,2.9100,0.3854,0.3955,1.3300,6.0887,6.0887,1.1782,2.0936,2.0936,32479411.7000,2557058.8000,2491806.0825,88343999.8240,6955199.9360,4.8346,4.8346,0.5754,0.5754,5.7537,12.2610
2013-04-16,2.7200,2.7300,2.7000,2.7100,-0.0100,-0.3700,640647.7300,173837.5310,1.3400,2.9000,0.2505,0.2571,0.8700,6.0664,6.0664,1.1739,2.0859,2.0859,32479411.7000,2557058.8000,2491806.0825,88019205.7070,6929629.3480,4.8524,4.8524,0.5754,0.5754,5.7537,12.2610
2013-04-17,2.7200,2.7200,2.6800,2.6900,-0.0200,-0.7400,712368.7500,191983.5810,1.3300,2.8800,0.2786,0.2859,1.0200,6.0216,6.0216,1.1652,2.0705,2.0705,32479411.7000,2557058.8000,2491806.0825,87369617.4730,6878488.1720,4.8885,4.8885,0.5754,0.5754,5.7537,12.2610
2013-04-18,2.6800,2.7000,2.6700,2.6900,0.0000,0.0000,591910.1700,159070.0330,1.3300,2.8800,0.2315,0.2375,0.8600,6.0216,6.0216,1.1652,2.0705,2.0705,32479411.7000,2557058.8000,2491806.0825,87369617.4730,6878488.1720,4.8885,4.8885,0.5840,0.5840,5.8396,12.4440
2013-04-19,2.7000,2.7600,2.6900,2.7400,0.0500,1.8600,1283260.6900,350434.8880,1.3600,2.9300,0.5019,0.5150,1.8800,6.1335,6.1335,1.1869,2.1090,2.1090,32479411.7000,2557058.8000,2491806.0825,88993588.0580,7006341.1120,4.7993,4.7993,0.5796,0.5796,5.7963,12.3519
2013-04-22,2.7400,2.7500,2.7200,2.7300,-0.0100,-0.3600,708384.8100,193668.9130,1.3500,2.9200,0.2770,0.2843,0.8400,6.1111,6.1111,1.1825,2.1013,2.1013,32479411.7000,2557058.8000,2491806.0825,88668793.9410,6980770.5240,4.8168,4.8168,0.5712,0.5712,5.7117,12.1715
2013-04-23,2.7300,2.7400,2.6800,2.6900,-0.0400,-1.4700,751540.2200,202884.8570,1.3300,2.8800,0.2939,0.3016,0.9500,6.0216,6.0216,1.1652,2.0705,2.0705,32479411.7000,2557058.8000,2491806.0825,87369617.4730,6878488.1720,4.8885,4.8885,0.5733,0.5733,5.7326,12.2161
2013-04-24,2.6900,2.7400,2.6800,2.7400,0.0500,1.8600,1148333.9200,312241.6680,1.3600,2.9300,0.4491,0.4608,1.4200,6.1335,6.1335,1.1869,2.1090,2.1090,32479411.7000,2557058.8000,2491806.0825,88993588.0580,7006341.1120,4.7993,4.7993,0.5818,0.5818,5.8178,12.3978
2013-04-25,2.7400,2.7400,2.6900,2.7100,-0.0300,-1.0900,1161322.6600,314680.4730,1.3400,2.9000,0.4542,0.4661,1.3000,6.0664,6.0664,1.1739,2.0859,2.0859,32479411.7000,2557058.8000,2491806.0825,88019205.7070,6929629.3480,4.8524,4.8524,0.5712,0.5712,5.7117,12.1715
2013-04-26,2.7200,2.7200,2.6800,2.6900,-0.0200,-0.7400,985264.9600,265189.4340,1.3300,2.8800,0.3853,0.3954,0.9700,6.0216,6.0216,1.1652,2.0705,2.0705,32479411.7000,2557058.8000,2491806.0825,87369617.4730,6878488.1720,4.8885,4.8885,0.5754,0.5754,5.7537,12.2610
2013-05-02,2.6900,2.7100,2.6600,2.7000,0.0100,0.3700,1163259.9900,311891.2140,1.3400,2.8900,0.4549,0.4668,1.2200,6.0440,5.8993,1.0979,2.0782,2.0191,32479411.7000,2557058.8000,2491806.0825,87694411.5900,6904058.7600,4.8704,4.8704,0.5818,0.5818,5.8178,12.3978
2013-05-03,2.7000,2.7400,2.7000,2.7200,0.0200,0.7400,1047087.5700,285196.8320,1.3500,2.9100,0.4095,0.4202,1.0000,6.0887,5.9430,1.1060,2.0936,2.0340,32479411.7000,2557058.8000,2491806.0825,88343999.8240,6955199.9360,4.8346,4.8346,0.5796,0.5796,5.7963,12.3519
2013-05-06,2.7200,2.7500,2.7100,2.7200,0.0000,0.0000,908230.8500,247971.8090,1.3500,2.9100,0.3552,0.3645,0.8200,6.0887,5.9430,1.1060,2.0936,2.0340,32479411.7000,2557058.8000,2491806.0825,88343999.8240,6955199.9360,4.8346,4.8346,0.5754,0.5754,5.7537,12.2610
2013-05-07,2.7200,2.7400,2.7200,2.7300,0.0100,0.3700,636287.3200,173651.1110,1.3500,2.9200,0.2488,0.2554,0.6000,6.1111,5.9649,1.1101,2.1013,2.0415,32479411.7000,2557058.8000,2491806.0825,88668793.9410,6980770.5240,4.8168,4.8168,0.5754,0.5754,5.7537,12.2610
2013-05-08,2.7400,2.7600,2.7300,2.7500,0.0200,0.7300,858030.3200,235798.4310,1.3600,2.9500,0.3356,0.3443,0.9100,6.1559,6.0086,1.1182,2.1167,2.0565,32479411.7000,2557058.8000,2491806.0825,89318382.1750,7031911.7000,4.7818,4.7818,0.5712,0.5712,5.7117,12.1715
2013-05-09,2.7500,2.7600,2.7300,2.7400,-0.0100,-0.3600,599612.7000,164517.7970,1.3600,2.9300,0.2345,0.2406,0.6500,6.1335,5.9867,1.1142,2.1090,2.0490,32479411.7000,2557058.8000,2491806.0825,88993588.0580,7006341.1120,4.7993,4.7993,0.5691,0.5691,5.6909,12.1273
2013-05-10,2.7400,2.7600,2.7200,2.7400,0.0000,0.0000,1021023.9000,279260.8660,1.3600,2.9300,0.3993,0.4098,1.2600,6.1335,5.9867,1.1142,2.1090,2.0490,32479411.7000,2557058.8000,2491806.0825,88993588.0580,7006341.1120,4.7993,4.7993,0.5712,0.5712,5.7117,12.1715
2013-05-13,2.7400,2.7400,2.7100,2.7300,-0.0100,-0.3600,681283.5000,185628.2600,1.3500,2.9200,0.2664,0.2734,0.8500,6.1111,5.9649,1.1101,2.1013,2.0415,32479411.7000,2557058.8000,2491806.0825,88668793.9410,6980770.5240,4.8168,4.8168,0.5712,0.5712,5.7117,12.1715
2013-05-14,2.7200,2.7300,2.6900,2.7000,-0.0300,-1.1000,831401.4400,225070.2550,1.3400,2.8900,0.3251,0.3337,1.1000,6.0440,5.8993,1.0979,2.0782,2.0191,32479411.7000,2557058.8000,2491806.0825,87694411.5900,6904058.7600,4.8704,4.8704,0.5754,0.5754,5.7537,12.2610
2013-05-15,2.7100,2.7100,2.6900,2.7100,0.0100,0.3700,265666.4600,71793.4220,1.3400,2.9000,0.1039,0.1066,0.3300,6.0664,5.9212,1.1020,2.0859,2.0266,32479411.7000,2557058.8000,2491806.0825,88019205.7070,6929629.3480,4.8524,4.8524,0.5775,0.5775,5.7749,12.3063
2013-05-16,2.7000,2.7300,2.6900,2.7200,0.0100,0.3700,745005.8700,202233.2580,1.3500,2.9100,0.2914,0.2990,1.1000,6.0887,5.9430,1.1060,2.0936,2.0340,32479411.7000,2557058.8000,2491806.0825,88343999.8240,6955199.9360,4.8346,4.8346,0.5796,0.5796,5.7963,12.3519
2013-05-17,2.7200,2.7600,2.7100,2.7500,0.0300,1.1000,1661202.6300,454307.5980,1.3600,2.9500,0.6497,0.6667,2.3400,6.1559,6.0086,1.1182,2.1167,2.0565,32479411.7000,2557058.8000,2491806.0825,89318382.1750,7031911.7000,4.7818,4.7818,0.5754,0.5754,5.7537,12.2610
2013-05-20,2.7600,2.8000,2.7500,2.7600,0.0100,0.3600,1121608.4500,311214.6920,1.3700,2.9600,0.4386,0.4501,1.3400,6.1783,6.0304,1.1223,2.1244,2.0640,32479411.7000,2557058.8000,2491806.0825,89643176.2920,7057482.2880,4.7645,4.7645,0.5670,0.5670,5.6703,12.0833
2013-05-21,2.7600,2.7800,2.7500,2.7600,0.0000,0.0000,691719.7800,190779.8210,1.3700,2.9600,0.2705,0.2776,0.7500,6.1783,6.0304,1.1223,2.1244,2.0640,32479411.7000,2557058.8000,2491806.0825,89643176.2920,7057482.2880,4.7645,4.7645,0.5670,0.5670,5.6703,12.0833
2013-05-22,2.7600,2.7800,2.7400,2.7600,0.0000,0.0000,606040.1100,167257.9850,1.3700,2.9600,0.2370,0.2432,0.6800,6.1783,6.0304,1.1223,2.1244,2.0640,32479411.7000,2557058.8000,2491806.0825,89643176.2920,7057482.2880,4.7645,4.7645,0.5670,0.5670,5.6703,12.0833
2013-05-23,2.7500,2.7600,2.7100,2.7300,-0.0300,-1.0900,1097184.5300,299669.2650,1.3500,2.9200,0.4291,0.4403,1.1400,6.1111,5.9649,1.1101,2.1013,2.0415,32479411.7000,2557058.8000,2491806.0825,88668793.9410,6980770.5240,4.8168,4.8168,0.5691,0.5691,5.6909,12.1273
2013-05-24,2.7300,2.7400,2.7100,2.7300,0.0000,0.0000,958624.5600,261342.0480,1.3500,2.9200,0.3749,0.3847,0.9300,6.1111,5.9649,1.1101,2.1013,2.0415,32479411.7000,2557058.8000,2491806.0825,88668793.9410,6980770.5240,4.8168,4.8168,0.5733,0.5733,5.7326,12.2161
2013-05-27,2.7200,2.7300,2.7100,2.7200,-0.0100,-0.3700,878057.6500,238780.7210,1.3500,2.9100,0.3434,0.3524,0.9800,6.0887,5.9430,1.1060,2.0936,2.0340,32479411.7000,2557058.8000,2491806.0825,88343999.8240,6955199.9360,4.8346,4.8346,0.5754,0.5754,5.7537,12.2610
2013-05-28,2.7100,2.7500,2.7100,2.7400,0.0200,0.7400,1559114.7600,424869.4280,1.3600,2.9300,0.6097,0.6257,1.8400,6.1335,5.9867,1.1142,2.1090,2.0490,32479411.7000,2557058.8000,2491806.0825,88993588.0580,7006341.1120,4.7993,4.7993,0.5775,0.5775,5.7749,12.3063
2013-05-29,2.7500,2.7600,2.7300,2.7400,0.0000,0.0000,1357664.9000,372133.6290,1.3600,2.9300,0.5309,0.5449,1.3300,6.1335,5.9867,1.1142,2.1090,2.0490,32479411.7000,2557058.8000,2491806.0825,88993588.0580,7006341.1120,4.7993,4.7993,0.5691,0.5691,5.6909,12.1273
2013-05-30,2.7300,2.7500,2.7300,2.7300,-0.0100,-0.3600,1276805.0500,349311.8980,1.3500,2.9200,0.4993,0.5124,1.0900,6.1111,5.9649,1.1101,2.1013,2.0415,32479411.7000,2557058.8000,2491806.0825,88668793.9410,6980770.5240,4.8168,4.8168,0.5733,0.5733,5.7326,12.2161
2013-05-31,2.7300,2.7500,2.7300,2.7300,0.0000,0.0000,830026.0800,227337.3280,1.3500,2.9200,0.3246,0.3331,0.6900,6.1111,5.9649,1.1101,2.1013,2.0415,32479411.7000,2557058.8000,2491806.0825,88668793.9410,6980770.5240,4.8168,4.8168,0.5733,0.5733,5.7326,12.2161
2013-06-03,2.7300,2.7500,2.7200,2.7400,0.0100,0.3700,1095320.2300,300406.3270,1.3600,2.9300,0.4284,0.4396,0.9300,6.1335,5.9867,1.1142,2.1090,2.0490,32479411.7000,2557058.8000,2491806.0825,88993588.0580,7006341.1120,4.7993,4.7993,0.5733,0.5733,5.7326,12.2161
2013-06-04,2.7400,2.7500,2.7300,2.7300,-0.0100,-0.3600,1091288.8300,298943.8380,1.3500,2.9200,0.4268,0.4380,0.8900,6.1111,5.9649,1.1101,2.1013,2.0415,32479411.7000,2557058.8000,2491806.0825,88668793.9410,6980770.5240,4.8168,4.8168,0.5712,0.5712,5.7117,12.1715
2013-06-05,2.7300,2.7500,2.7300,2.7400,0.0100,0.3700,963192.7700,263784.9740,1.3600,2.9300,0.3767,0.3865,0.8500,6.1335,5.9867,1.1142,2.1090,2.0490,32479411.7000,2557058.8000,2491806.0825,88993588.0580,7006341.1120,4.7993,4.7993,0.5733,0.5733,5.7326,12.2161
2013-06-06,2.7400,2.7500,2.7200,2.7200,-0.0200,-0.7300,708823.0200,193927.2830,1.3500,2.9100,0.2772,0.2845,0.6700,6.0887,5.9430,1.1060,2.0936,2.0340,32479411.7000,2557058.8000,2491806.0825,88343999.8240,6955199.9360,4.8346,4.8346,0.5712,0.5712,5.7117,12.1715
2013-06-07,2.7300,2.7400,2.7000,2.7000,-0.0200,-0.7400,738334.9900,200550.1070,1.3400,2.8900,0.2887,0.2963,0.7900,6.0440,5.8993,1.0979,2.0782,2.0191,32479411.7000,2557058.8000,2491806.0825,87694411.5900,6904058.7600,4.8704,4.8704,0.5733,0.5733,5.7326,12.2161
2013-06-13,2.6900,2.7000,2.6500,2.6900,-0.0100,-0.3700,1671068.5400,445669.3660,1.3300,2.8800,0.6535,0.6706,1.8200,6.0216,5.8775,1.0938,2.0705,2.0116,32479411.7000,2557058.8000,2491806.0825,87369617.4730,6878488.1720,4.8885,4.8885,0.5818,0.5818,5.8178,12.3978
2013-06-14,2.6800,2.7200,2.6700,2.7100,0.0200,0.7400,1279955.2400,344050.8630,1.3400,2.9000,0.5006,0.5137,1.2400,6.0664,5.9212,1.1020,2.0859,2.0266,32479411.7000,2557058.8000,2491806.0825,88019205.7070,6929629.3480,4.8524,4.8524,0.5840,0.5840,5.8396,12.4440
2013-06-17,2.7100,2.7200,2.6700,2.6700,-0.0400,-1.4800,753110.7200,202839.1870,1.3200,2.8600,0.2945,0.3022,0.7000,5.9768,5.8338,1.0857,2.0552,1.9966,32479411.7000,2557058.8000,2491806.0825,86720029.2390,6827346.9960,4.9251,4.9251,0.5775,0.5775,5.7749,12.3063
2013-06-18,2.7000,2.7100,2.6700,2.6900,0.0200,0.7500,662927.1600,178215.8970,1.3300,2.8800,0.2593,0.2665,0.6400,6.0216,5.8775,1.0938,2.0705,2.0116,32479411.7000,2557058.8000,2487512.5923,87369617.4730,6878488.1720,4.8885,4.8885,0.5796,0.5796,5.7963,12.3519
2013-06-19,2.6900,2.7000,2.6600,2.6700,-0.0200,-0.7400,575374.7500,153832.1880,1.3200,2.8600,0.2250,0.2313,0.5600,5.9768,5.8338,1.0857,2.0552,1.9966,32479411.7000,2557058.8000,2487512.5923,86720029.2390,6827346.9960,4.9251,4.9251,0.5818,0.5818,5.8178,12.3978
2013-06-20,2.6700,2.6700,2.5900,2.6000,-0.0700,-2.6200,1173885.8000,307844.1620,1.2900,2.7800,0.4591,0.4719,1.1900,5.8201,5.6809,1.0572,2.0013,1.9443,32479411.7000,2557058.8000,2487512.5923,84446470.4200,6648352.8800,5.0577,,0.5861,0.5861,5.8614,12.4906
2013-06-21,2.5900,2.6100,2.5600,2.5700,-0.0300,-1.1500,974624.9300,251967.4980,1.2700,2.7500,0.3812,0.3918,1.1000,5.7530,5.6153,1.0450,1.9782,1.9219,32479411.7000,2557058.8000,2487512.5923,83472088.0690,6571641.1160,5.1167,,0.6042,0.6042,6.0425,12.8764
2013-06-24,2.5700,2.5800,2.4700,2.4800,-0.0900,-3.5000,1746314.7600,436416.7290,1.2300,2.6600,0.6829,0.7020,2.1100,5.5515,5.4187,1.0085,1.9089,1.8546,32479411.7000,2557058.8000,2487512.5923,80548941.0160,6341505.8240,5.3024,,0.6089,0.6089,6.0895,12.9767
2013-06-25,2.4700,2.5400,2.4300,2.5100,0.0300,1.2100,1803706.8900,446450.0640,1.2400,2.6900,0.7054,0.7251,1.7600,5.6187,5.4842,1.0206,1.9320,1.8770,32479411.7000,2557058.8000,2487512.5923,81523323.3670,6418217.5880,5.2390,,0.6336,0.6336,6.3360,13.5020
2013-06-26,2.5200,2.5300,2.4700,2.5200,0.0100,0.4000,1563769.3700,390549.3090,1.2500,2.7000,0.6116,0.6286,1.2500,5.6410,5.5061,1.0247,1.9397,1.8845,32479411.7000,2557058.8000,2487512.5923,81848117.4840,6443788.1760,5.2183,,0.6210,0.6210,6.2103,13.2341
2013-06-27,2.5200,2.5900,2.5100,2.5600,0.0400,1.5900,1899082.0000,484874.2580,1.2700,2.7400,0.7427,0.7634,1.3100,5.7306,5.5935,1.0410,1.9705,1.9144,32479411.7000,2557058.8000,2487512.5923,83147293.9520,6546070.5280,5.1367,,0.6210,0.6210,6.2103,13.2341
2013-06-28,2.4300,2.4800,2.3800,2.4600,-0.1000,-3.9100,2155810.5400,525116.5030,1.3000,2.8100,0.8431,0.8667,1.3500,5.5067,5.3750,1.0683,1.8935,1.8396,32479411.7000,2557058.8000,2487512.5923,79899352.7820,6290364.6480,5.3455,6.3618,0.6440,0.6440,6.4403,13.7243
2013-07-01,2.4500,2.5000,2.4100,2.4900,0.0300,1.2200,1236240.5800,303264.6750,1.3200,2.8400,0.4835,0.4970,0.6700,5.5739,5.4405,1.0813,1.9166,1.8620,32479411.7000,2557058.8000,2487512.5923,80873735.1330,6367076.4120,5.2811,6.2851,0.6388,0.6388,6.3878,13.6122
2013-07-02,2.4900,2.5300,2.4700,2.5000,0.0100,0.4000,1249373.0600,311567.4110,1.3200,2.8500,0.4886,0.5023,0.7200,5.5963,5.4624,1.0857,1.9243,1.8695,32479411.7000,2557058.8000,2487512.5923,81198529.2500,6392647.0000,5.2600,6.2600,0.6285,0.6285,6.2851,13.3936
2013-07-03,2.5000,2.5000,2.4400,2.4700,-0.0300,-1.2000,1114858.6000,274387.8000,1.3000,2.8200,0.4360,0.4482,0.6900,5.5291,5.3968,1.0726,1.9012,1.8471,32479411.7000,2557058.8000,2487512.5923,80224146.8990,6315935.2360,5.3239,6.3360,0.6260,0.6260,6.2600,13.3400
2013-07-04,2.4500,2.4900,2.4500,2.4700,0.0000,0.0000,678187.6400,167596.2110,1.3000,2.8200,0.2652,0.2726,0.4400,5.5291,5.3968,1.0726,1.9012,1.8471,32479411.7000,2557058.8000,2487512.5923,80224146.8990,6315935.2360,5.3239,6.3360,0.6388,0.6388,6.3878,13.6122
2013-07-05,2.4800,2.4800,2.4700,2.4800,0.0100,0.4000,352141.6400,87140.0320,1.3100,2.8300,0.1377,0.1416,0.2700,5.5515,5.4187,1.0770,1.9089,1.8546,32479411.7000,2557058.8000,2487512.5923,80548941.0160,6341505.8240,5.3024,6.3105,0.6310,0.6310,6.3105,13.4476
2013-07-08,2.4700,2.4900,2.4500,2.4900,0.0100,0.4000,830337.3900,205588.3060,1.3200,2.8400,0.3247,0.3338,0.9000,5.5739,5.4405,1.0813,1.9166,1.8620,32479411.7000,2557058.8000,2487512.5923,80873735.1330,6367076.4120,5.2811,6.2851,0.6336,0.6336,6.3360,13.5020
2013-07-09,2.4800,2.5100,2.4700,2.4900,0.0000,0.0000,520905.4100,129861.1320,1.3200,2.8400,0.2037,0.2094,0.6200,5.5739,5.4405,1.0813,1.9166,1.8620,32479411.7000,2557058.8000,2487512.5923,80873735.1330,6367076.4120,5.2811,6.2851,0.6310,0.6310,6.3105,13.4476
2013-07-10,2.4900,2.5200,2.4800,2.5100,0.0200,0.8000,739869.5400,185032.1050,1.3300,2.8700,0.2893,0.2974,1.0600,5.6187,5.4842,1.0900,1.9320,1.8770,32479411.7000,2557058.8000,2487512.5923,81523323.3670,6418217.5880,5.2390,6.2351,0.6285,0.6285,6.2851,13.3936
2013-07-11,2.5100,2.6100,2.5000,2.5700,0.0600,2.3900,1265136.6200,323263.9250,1.3600,2.9300,0.4948,0.5086,2.0300,5.7530,5.6153,1.1161,1.9782,1.9219,32479411.7000,2557058.8000,2487512.5923,83472088.0690,6571641.1160,5.1167,6.0895,0.6235,0.6235,6.2351,13.2869
2013-07-12,2.5600,2.5700,2.5100,2.5100,-0.0600,-2.3300,1243409.3400,316190.2390,1.3300,2.8700,0.4863,0.4999,1.6800,5.6187,5.4842,1.0900,1.9320,1.8770,32479411.7000,2557058.8000,2487512.5923,81523323.3670,6418217.5880,5.2390,6.2351,0.6113,0.6113,6.1133,13.0273
2013-07-15,2.5200,2.5500,2.5000,2.5200,0.0100,0.4000,1036862.8400,261112.1840,1.3300,2.8800,0.4055,0.4168,1.1300,5.6410,5.5061,1.0944,1.9397,1.8845,32479411.7000,2557058.8000,2487512.5923,81848117.4840,6443788.1760,5.2183,6.2103,0.6210,0.6210,6.2103,13.2341
2013-07-16,2.5000,2.5400,2.4900,2.5300,0.0100,0.4000,820718.6700,206333.4730,1.3400,2.8900,0.0289,0.3144,0.8500,5.6634,5.5279,1.0987,1.9474,1.8920,32479411.7000,28416352.9197,2610630.2383,82172911.6010,71893372.8868,5.1976,6.1858,0.6260,0.6260,6.2600,13.3400
2013-07-17,2.5200,2.5700,2.5200,2.5400,0.0100,0.4000,688614.8900,175598.6680,1.3400,2.9000,0.0242,0.2638,0.6700,5.6858,5.5498,1.1030,1.9551,1.8994,32479411.7000,28416352.9197,2610630.2383,82497705.7180,72177536.4160,5.1772,6.1614,0.6210,0.6210,6.2103,13.2341
2013-07-18,2.5400,2.5600,2.5100,2.5200,-0.0200,-0.7900,811182.5600,205767.7330,1.3300,2.8800,0.0285,0.3107,0.8000,5.6410,5.5061,1.0944,1.9397,1.8845,32479411.7000,28416352.9197,2610630.2383,81848117.4840,71609209.3576,5.2183,6.2103,0.6161,0.6161,6.1614,13.1299
2013-07-19,2.5300,2.5600,2.5100,2.5200,0.0000,0.0000,803424.5500,203265.9210,1.3300,2.8800,0.0283,0.3078,0.8700,5.6410,5.5061,1.0944,1.9397,1.8845,32479411.7000,28416352.9197,2610630.2383,81848117.4840,71609209.3576,5.2183,6.2103,0.6186,0.6186,6.1858,13.1818
2013-07-22,2.5000,2.5300,2.4900,2.5200,0.0000,0.0000,785056.8000,197446.1020,1.3300,2.8800,0.0276,0.3007,0.9400,5.6410,5.5061,1.0944,1.9397,1.8845,32479411.7000,28416352.9197,2610630.2383,81848117.4840,71609209.3576,5.2183,6.2103,0.6260,0.6260,6.2600,13.3400
2013-07-23,2.5300,2.5500,2.5100,2.5300,0.0100,0.4000,794730.0500,201591.2390,1.3400,2.8900,0.0280,0.3044,1.0200,5.6634,5.5279,1.0987,1.9474,1.8920,32479411.7000,28416352.9197,2610630.2383,82172911.6010,71893372.8868,5.1976,6.1858,0.6186,0.6186,6.1858,13.1818
2013-07-24,2.5300,2.5400,2.5000,2.5200,-0.0100,-0.4000,773980.4500,194974.7020,1.3300,2.8800,0.0272,0.2965,1.0000,5.6410,5.5061,1.0944,1.9397,1.8845,32479411.7000,28416352.9197,2610630.2383,81848117.4840,71609209.3576,5.2183,6.2103,0.6186,0.6186,6.1858,13.1818
2013-07-25,2.5300,2.5400,2.5100,2.5100,-0.0100,-0.4000,588008.7600,148111.4660,1.3300,2.8700,0.0207,0.2252,0.7400,5.6187,5.4842,1.0900,1.9320,1.8770,32479411.7000,28416352.9197,2610630.2383,81523323.3670,71325045.8284,5.2390,6.2351,0.6186,0.6186,6.1858,13.1818
2013-07-26,2.5100,2.5200,2.4800,2.4800,-0.0300,-1.2000,580164.6000,145019.9710,1.3100,2.8300,0.0204,0.2222,0.7700,5.5515,5.4187,1.0770,1.9089,1.8546,32479411.7000,28416352.9197,2610630.2383,80548941.0160,70472555.2409,5.3024,6.3105,0.6235,0.6235,6.2351,13.2869
2013-07-29,2.4800,2.4800,2.4200,2.4400,-0.0400,-1.6100,664688.6900,162960.9450,1.2900,2.7900,0.0234,0.2546,0.9400,5.4620,5.3313,1.0596,1.8781,1.8247,32479411.7000,28416352.9197,2610630.2383,79249764.5480,69335901.1241,5.3893,6.4139,0.6310,0.6310,6.3105,13.4476
2013-07-30,2.4500,2.4900,2.4300,2.4500,0.0100,0.4100,798407.0700,196396.8880,1.2900,2.8000,0.0281,0.3058,1.1700,5.4843,5.3531,1.0640,1.8858,1.8321,32479411.7000,28416352.9197,2610630.2383,79574558.6650,69620064.6533,5.3673,6.3878,0.6388,0.6388,6.3878,13.6122
2013-07-31,2.4700,2.4800,2.4400,2.4500,0.0000,0.0000,417187.3600,102439.3930,1.2900,2.8000,0.0147,0.1598,0.6100,5.4843,5.3531,1.0640,1.8858,1.8321,32479411.7000,28416352.9197,2610630.2383,79574558.6650,69620064.6533,5.3673,6.3878,0.6336,0.6336,6.3360,13.5020
2013-08-01,2.4500,2.4900,2.4400,2.4800,0.0300,1.2200,703287.5600,173541.7050,1.3100,2.8300,0.0247,0.2694,1.1500,5.5515,5.4187,1.0770,1.9089,1.8546,32479411.7000,28416352.9197,2610630.2383,80548941.0160,70472555.2409,5.3024,6.3105,0.6388,0.6388,6.3878,13.6122
2013-08-02,2.4900,2.5000,2.4600,2.4600,-0.0200,-0.8100,568255.9900,140840.6930,1.3000,2.8100,0.0200,0.2177,0.9000,5.5067,5.3750,1.0683,1.8935,1.8396,32479411.7000,28416352.9197,2610630.2383,79899352.7820,69904228.1825,5.3455,6.3618,0.6285,0.6285,6.2851,13.3936
2013-08-05,2.4700,2.4800,2.4500,2.4700,0.0100,0.4100,348225.7800,85716.7580,1.3000,2.8200,0.0123,0.1334,0.5500,5.5291,5.3968,1.0726,1.9012,1.8471,32479411.7000,28416352.9197,2610630.2383,80224146.8990,70188391.7117,5.3239,6.3360,0.6336,0.6336,6.3360,13.5020
2013-08-06,2.4600,2.4800,2.4500,2.4700,0.0000,0.0000,547468.2800,134721.4060,1.3000,2.8200,0.0193,0.2097,0.9700,5.5291,5.3968,1.0726,1.9012,1.8471,32479411.7000,28416352.9197,2610630.2383,80224146.8990,70188391.7117,5.3239,6.3360,0.6362,0.6362,6.3618,13.5569
2013-08-07,2.4600,2.4800,2.4500,2.4500,-0.0200,-0.8100,534566.9900,131546.0070,1.2900,2.8000,0.0188,0.2048,1.0300,5.4843,5.3531,1.0640,1.8858,1.8321,32479411.7000,28416352.9197,2610630.2383,79574558.6650,69620064.6533,5.3673,6.3878,0.6362,0.6362,6.3618,13.5569
2013-08-08,2.4500,2.4700,2.4400,2.4500,0.0000,0.0000,507882.7400,124712.2440,1.2900,2.8000,0.0179,0.1945,0.9400,5.4843,5.3531,1.0640,1.8858,1.8321,32479411.7000,28416352.9197,2610630.2383,79574558.6650,69620064.6533,5.3673,6.3878,0.6388,0.6388,6.3878,13.6122
2013-08-09,2.4600,2.4600,2.4400,2.4600,0.0100,0.4100,513680.7800,125916.1200,1.3000,2.8100,0.0181,0.1968,1.0200,5.5067,5.3750,1.0683,1.8935,1.8396,32479411.7000,28416352.9197,2610630.2383,79899352.7820,69904228.1825,5.3455,6.3618,0.6362,0.6362,6.3618,13.5569
2013-08-12,2.4600,2.5000,2.4500,2.4900,0.0300,1.2200,823497.4400,203885.6450,1.3200,2.8400,0.0290,0.3154,1.6800,5.5739,5.4405,1.0813,1.9166,1.8620,32479411.7000,28416352.9197,2610630.2383,80873735.1330,70756718.7701,5.2811,6.2851,0.6362,0.6362,6.3618,13.5569
2013-08-13,2.4900,2.5000,2.4700,2.4900,0.0000,0.0000,960021.5600,238523.5680,1.3200,2.8400,0.0338,0.3677,1.6400,5.5739,5.4405,1.0813,1.9166,1.8620,32479411.7000,28416352.9197,2610630.2383,80873735.1330,70756718.7701,5.2811,6.2851,0.6285,0.6285,6.2851,13.3936
2013-08-14,2.5000,2.5100,2.4900,2.4900,0.0000,0.0000,667268.5900,166918.2810,1.3200,2.8400,0.0235,0.2556,1.0000,5.5739,5.4405,1.0813,1.9166,1.8620,32479411.7000,28416352.9197,2610630.2383,80873735.1330,70756718.7701,5.2811,6.2851,0.6260,0.6260,6.2600,13.3400
2013-08-15,2.5000,2.5100,2.4800,2.4800,-0.0100,-0.4000,552772.0500,137947.0310,1.3100,2.8300,0.0195,0.2117,0.8000,5.5515,5.4187,1.0770,1.9089,1.8546,32479411.7000,28416352.9197,2610630.2383,80548941.0160,70472555.2409,5.3024,6.3105,0.6260,0.6260,6.2600,13.3400
2013-08-16,2.4900,2.7300,2.4700,2.5000,0.0200,0.8100,2277178.8100,575640.3160,1.3200,2.8500,0.0801,0.8723,3.2400,5.5963,5.4624,1.0857,1.9243,1.8695,32479411.7000,28416352.9197,2610630.2383,81198529.2500,71040882.2993,5.2600,6.2600,0.6285,0.6285,6.2851,13.3936
2013-08-19,2.5000,2.5200,2.4900,2.5000,0.0000,0.0000,737509.0200,184801.1790,1.3200,2.8500,0.0260,0.2825,0.7000,5.5963,5.4624,1.0857,1.9243,1.8695,32479411.7000,28416352.9197,2610630.2383,81198529.2500,71040882.2993,5.2600,6.2600,0.6260,0.6260,6.2600,13.3400
2013-08-20,2.5000,2.5300,2.4900,2.5100,0.0100,0.4000,809986.2300,202904.6750,1.3300,2.8700,0.0285,0.3103,0.7800,5.6187,5.4842,1.0900,1.9320,1.8770,32479411.7000,28416352.9197,2610630.2383,81523323.3670,71325045.8284,5.2390,6.2351,0.6260,0.6260,6.2600,13.3400
2013-08-21,2.5200,2.5200,2.4800,2.4900,-0.0200,-0.8000,543025.5600,135696.0120,1.3200,2.8400,0.0191,0.2080,0.5400,5.5739,5.4405,1.0813,1.9166,1.8620,32479411.7000,28416352.9197,2610630.2383,80873735.1330,70756718.7701,5.2811,6.2851,0.6210,0.6210,6.2103,13.2341
2013-08-22,2.4900,2.5000,2.4700,2.4800,-0.0100,-0.4000,635018.0200,157868.9270,1.3100,2.8300,0.0223,0.2432,0.6500,5.5515,5.4187,1.0770,1.9089,1.8546,32479411.7000,28416352.9197,2610630.2383,80548941.0160,70472555.2409,5.3024,6.3105,0.6285,0.6285,6.2851,13.3936
2013-08-23,2.4900,2.4900,2.4400,2.4700,-0.0100,-0.4000,751959.9100,185354.6100,1.3000,2.8200,0.0265,0.2880,0.7500,5.5291,5.3968,1.0726,1.9012,1.8471,32479411.7000,28416352.9197,2610630.2383,80224146.8990,70188391.7117,5.3239,6.3360,0.6285,0.6285,6.2851,13.3936
2013-08-26,2.4600,2.4900,2.4500,2.4800,0.0100,0.4000,743018.5900,183589.3650,1.3100,2.8300,0.0261,0.2846,1.0700,5.5515,5.4187,1.0770,1.9089,1.8546,32479411.7000,28416352.9197,2610630.2383,80548941.0160,70472555.2409,5.3024,6.3105,0.6362,0.6362,6.3618,13.5569
2013-08-27,2.4800,2.4900,2.4500,2.4700,-0.0100,-0.4000,593435.9800,146308.8490,1.3000,2.8200,0.0209,0.2273,0.8500,5.5291,5.3968,1.0726,1.9012,1.8471,32479411.7000,28416352.9197,2610630.2383,80224146.8990,70188391.7117,5.3239,6.3360,0.6310,0.6310,6.3105,13.4476
2013-08-28,2.4700,2.4700,2.4500,2.4500,-0.0200,-0.8100,681467.5000,167559.0750,1.2900,2.8000,0.0240,0.2610,1.0400,5.4843,5.3531,1.0640,1.8858,1.8321,32479411.7000,28416352.9197,2610630.2383,79574558.6650,69620064.6533,5.3673,6.3878,0.6336,0.6336,6.3360,13.5020
2013-08-29,2.4700,2.4700,2.4400,2.4600,0.0100,0.4100,592288.0900,145486.7060,1.3000,2.8100,0.0208,0.2278,0.8700,5.5067,5.0908,1.0118,1.8935,1.7867,32479411.7000,28416352.9197,2600206.6498,79899352.7820,69904228.1825,5.3455,6.3618,0.6336,0.6336,6.3360,13.5020
2013-08-30,2.4500,2.4700,2.4500,2.4700,0.0100,0.4100,673338.8500,165540.0820,1.3000,2.8200,0.0237,0.2590,1.0000,5.5291,5.1115,1.0159,1.9012,1.7940,32479411.7000,28416352.9197,2600206.6498,80224146.8990,70188391.7117,5.3239,6.3360,0.6388,0.6388,6.3878,13.6122
2013-09-02,2.4700,2.4700,2.4500,2.4600,-0.0100,-0.4000,879870.6400,216555.2060,1.3000,2.8100,0.0310,0.3384,1.3400,5.5067,5.0908,1.0118,1.8935,1.7867,32479411.7000,28416352.9197,2600206.6498,79899352.7820,69904228.1825,5.3455,6.3618,0.6336,0.6336,6.3360,13.5020
2013-09-03,2.4700,2.4900,2.4600,2.4900,0.0300,1.2200,816389.6500,202103.8220,1.3200,2.8400,0.0287,0.3140,1.1900,5.5739,5.1529,1.0241,1.9166,1.8085,32479411.7000,28416352.9197,2600206.6498,80873735.1330,70756718.7701,5.2811,6.2851,0.6336,0.6336,6.3360,13.5020
2013-09-04,2.4800,2.4900,2.4600,2.4800,-0.0100,-0.4000,672476.8200,166480.4080,1.3100,2.8300,0.0237,0.2586,0.9200,5.5515,5.1322,1.0200,1.9089,1.8012,32479411.7000,28416352.9197,2600206.6498,80548941.0160,70472555.2409,5.3024,6.3105,0.6310,0.6310,6.3105,13.4476
2013-09-05,2.4800,2.4800,2.4600,2.4700,-0.0100,-0.4000,545779.3100,134620.0300,1.3000,2.8200,0.0192,0.2099,0.7500,5.5291,5.1115,1.0159,1.9012,1.7940,32479411.7000,28416352.9197,2600206.6498,80224146.8990,70188391.7117,5.3239,6.3360,0.6310,0.6310,6.3105,13.4476
2013-09-06,2.4600,2.4800,2.4600,2.4700,0.0000,0.0000,733392.8100,181157.4090,1.3000,2.8200,0.0258,0.2821,1.0200,5.5291,5.1115,1.0159,1.9012,1.7940,32479411.7000,28416352.9197,2600206.6498,80224146.8990,70188391.7117,5.3239,6.3360,0.6362,0.6362,6.3618,13.5569
2013-09-09,2.5000,2.7200,2.5000,2.7200,0.2500,10.1200,6526572.2900,1724344.3340,1.4400,3.1100,0.2297,2.5100,8.9500,6.0887,5.6289,1.1187,2.0936,1.9755,32479411.7000,28416352.9197,2600206.6498,88343999.8240,77292479.9416,4.8346,5.7537,0.6260,0.6260,6.2600,13.3400
2013-09-10,2.7500,2.7500,2.6200,2.6800,-0.0400,-1.4700,4344232.8000,1160276.6900,1.4200,3.0600,0.1529,1.6707,2.3400,5.9992,5.5461,1.1023,2.0628,1.9465,32479411.7000,28416352.9197,2600206.6498,87044823.3560,76155825.8248,4.9067,5.8396,0.5691,0.5691,5.6909,12.1273
2013-09-11,2.6600,2.6700,2.6200,2.6400,-0.0400,-1.4900,2539002.2600,671314.3750,1.3900,3.0100,0.0894,0.9765,0.9900,5.9097,5.4634,1.0858,2.0321,1.9174,32479411.7000,28416352.9197,2600206.6498,85745646.8880,75019171.7080,4.9811,5.9280,0.5883,0.5883,5.8835,12.5376
2013-09-12,2.6400,2.7400,2.6100,2.6700,0.0300,1.1400,4985359.8500,1332753.5700,1.4100,3.0500,0.1754,1.9173,1.7000,5.9768,5.5254,1.0982,2.0552,1.9392,32479411.7000,28416352.9197,2600206.6498,86720029.2390,75871662.2956,4.9251,5.8614,0.5928,0.5928,5.9280,12.6326
2013-09-13,2.6400,2.6600,2.6100,2.6300,-0.0400,-1.5000,2124791.8300,560167.8670,1.3900,3.0000,0.0748,0.8172,0.5600,5.8873,5.4427,1.0817,2.0244,1.9102,32479411.7000,28416352.9197,2600206.6498,85420852.7710,74735008.1788,5.0000,5.9506,0.5928,0.5928,5.9280,12.6326
2013-09-16,2.6400,2.6500,2.6100,2.6300,0.0000,0.0000,1372798.1600,360898.5320,1.3900,3.0000,0.0483,0.5280,0.3300,5.8873,5.4427,1.0817,2.0244,1.9102,32479411.7000,28416352.9197,2600206.6498,85420852.7710,74735008.1788,5.0000,5.9506,0.5928,0.5928,5.9280,12.6326
2013-09-17,2.6200,2.6300,2.5400,2.5500,-0.0800,-3.0400,1508377.3700,389683.3680,1.3500,2.9100,0.0531,0.5801,0.4900,5.7082,5.2771,1.0488,1.9628,1.8521,32479411.7000,28416352.9197,2600206.6498,82822499.8350,72461699.9452,5.1569,6.1373,0.5973,0.5973,5.9733,12.7290
2013-09-18,2.5600,2.5700,2.5300,2.5400,-0.0100,-0.3900,1071763.7700,273063.7770,1.3400,2.9000,0.0377,0.4122,0.4300,5.6858,5.2564,1.0447,1.9551,1.8448,32479411.7000,28416352.9197,2600206.6498,82497705.7180,72177536.4160,5.1772,6.1614,0.6113,0.6113,6.1133,13.0273
2013-09-23,2.5500,2.5800,2.5500,2.5600,0.0200,0.7900,870586.9900,222987.5120,1.3500,2.9200,0.0306,0.3348,0.3900,5.7306,5.2978,1.0529,1.9705,1.8593,32479411.7000,28416352.9197,2600206.6498,83147293.9520,72745863.4744,5.1367,6.1133,0.6137,0.6137,6.1373,13.0784
2013-09-24,2.5600,2.5600,2.5100,2.5200,-0.0400,-1.5600,1581775.4400,399175.6010,1.3300,2.8800,0.0557,0.6083,1.1400,5.6410,5.2150,1.0365,1.9397,1.8303,32479411.7000,28416352.9197,2600206.6498,81848117.4840,71609209.3576,5.2183,6.2103,0.6113,0.6113,6.1133,13.0273
2013-09-25,2.5200,2.5300,2.5100,2.5200,0.0000,0.0000,747295.6600,188472.2840,1.3300,2.8800,0.0263,0.2874,0.5800,5.6410,5.2150,1.0365,1.9397,1.8303,32479411.7000,28416352.9197,2600206.6498,81848117.4840,71609209.3576,5.2183,6.2103,0.6210,0.6210,6.2103,13.2341
2013-09-26,2.5100,2.5200,2.4800,2.4900,-0.0300,-1.1900,1134126.0300,282394.1260,1.3200,2.8400,0.0399,0.4362,0.9800,5.5739,5.1529,1.0241,1.9166,1.8085,32479411.7000,28416352.9197,2600206.6498,80873735.1330,70756718.7701,5.2811,6.2851,0.6235,0.6235,6.2351,13.2869
2013-09-27,2.4900,2.5000,2.4800,2.4900,0.0000,0.0000,673367.1000,167810.3880,1.3200,2.8400,0.0237,0.2590,0.6200,5.5739,5.1529,1.0241,1.9166,1.8085,32479411.7000,28416352.9197,2600206.6498,80873735.1330,70756718.7701,5.2811,6.2851,0.6285,0.6285,6.2851,13.3936
2013-09-30,2.4900,2.5100,2.4900,2.5000,0.0100,0.4000,517352.7400,129242.7400,1.3200,2.8500,0.0182,0.1990,0.5200,5.5963,5.1736,1.0283,1.9243,1.8158,32479411.7000,28416352.9197,2600206.6498,81198529.2500,71040882.2993,5.2600,6.2600,0.6285,0.6285,6.2851,13.3936
2013-10-08,2.4900,2.5100,2.4700,2.5100,0.0100,0.4000,1025113.0400,255282.6440,1.3300,2.8700,0.0361,0.3942,1.1000,5.6187,5.1943,1.0324,1.9320,1.8230,32479411.7000,28416352.9197,2600206.6498,81523323.3670,71325045.8284,5.2390,6.2351,0.6285,0.6285,6.2851,13.3936
2013-10-09,2.5000,2.5100,2.4900,2.5100,0.0000,0.0000,702546.6300,175723.1110,1.3300,2.8700,0.0247,0.2702,0.8600,5.6187,5.1943,1.0324,1.9320,1.8230,32479411.7000,28416352.9197,2600206.6498,81523323.3670,71325045.8284,5.2390,6.2351,0.6260,0.6260,6.2600,13.3400
2013-10-10,2.5100,2.5100,2.4800,2.4800,-0.0300,-1.2000,869917.0200,216421.4130,1.3100,2.8300,0.0306,0.3346,1.0700,5.5515,5.1322,1.0200,1.9089,1.8012,32479411.7000,28416352.9197,2600206.6498,80548941.0160,70472555.2409,5.3024,6.3105,0.6235,0.6235,6.2351,13.2869
2013-10-11,2.5000,2.5200,2.4800,2.5100,0.0300,1.2100,1560528.6900,389718.5140,1.3300,2.8700,0.0549,0.6002,2.0600,5.6187,5.1943,1.0324,1.9320,1.8230,32479411.7000,28416352.9197,2600206.6498,81523323.3670,71325045.8284,5.2390,6.2351,0.6260,0.6260,6.2600,13.3400
2013-10-14,2.5100,2.5100,2.4900,2.5100,0.0000,0.0000,966170.8700,241764.5090,1.3300,2.8700,0.0340,0.3716,1.0300,5.6187,5.1943,1.0324,1.9320,1.8230,32479411.7000,28416352.9197,2600206.6498,81523323.3670,71325045.8284,5.2390,6.2351,0.6235,0.6235,6.2351,13.2869
2013-10-15,2.5000,2.5100,2.4900,2.4900,-0.0200,-0.8000,671687.3100,167618.6890,1.3200,2.8400,0.0236,0.2583,0.6600,5.5739,5.1529,1.0241,1.9166,1.8085,32479411.7000,28416352.9197,2600206.6498,80873735.1330,70756718.7701,5.2811,6.2851,0.6260,0.6260,6.2600,13.3400
2013-10-16,2.4900,2.5000,2.4800,2.4900,0.0000,0.0000,763993.2300,190001.7490,1.3200,2.8400,0.0269,0.2938,0.8000,5.5739,5.1529,1.0241,1.9166,1.8085,32479411.7000,28416352.9197,2600206.6498,80873735.1330,70756718.7701,5.2811,6.2851,0.6285,0.6285,6.2851,13.3936
2013-10-17,2.5000,2.5100,2.4900,2.4900,0.0000,0.0000,632162.2700,158074.2850,1.3200,2.8400,0.0222,0.2431,0.6500,5.5739,5.1529,1.0241,1.9166,1.8085,32479411.7000,28416352.9197,2600206.6498,80873735.1330,70756718.7701,5.2811,6.2851,0.6260,0.6260,6.2600,13.3400
2013-10-18,2.4900,2.5100,2.4800,2.4900,0.0000,0.0000,707402.2100,176430.0050,1.3200,2.8400,0.0249,0.2721,0.7700,5.5739,5.1529,1.0241,1.9166,1.8085,32479411.7000,28416352.9197,2600206.6498,80873735.1330,70756718.7701,5.2811,6.2851,0.6285,0.6285,6.2851,13.3936
2013-10-21,2.4900,2.5200,2.4800,2.5100,0.0200,0.8000,930501.8400,232863.1370,1.3300,2.8700,0.0327,0.3579,1.2400,5.6187,5.1943,1.0324,1.9320,1.8230,32479411.7000,28416352.9197,2600206.6498,81523323.3670,71325045.8284,5.2390,6.2351,0.6285,0.6285,6.2851,13.3936
2013-10-22,2.5100,2.5100,2.4900,2.5000,-0.0100,-0.4000,609785.7100,152406.7470,1.3200,2.8500,0.0215,0.2345,0.8200,5.5963,5.1736,1.0283,1.9243,1.8158,32479411.7000,28416352.9197,2600206.6498,81198529.2500,71040882.2993,5.2600,6.2600,0.6235,0.6235,6.2351,13.2869
2013-10-23,2.5000,2.5300,2.4900,2.5000,0.0000,0.0000,1002318.8800,251555.9370,1.3200,2.8500,0.0353,0.3855,1.3800,5.5963,5.1736,1.0283,1.9243,1.8158,32479411.7000,28416352.9197,2600206.6498,81198529.2500,71040882.2993,5.2600,6.2600,0.6260,0.6260,6.2600,13.3400
2013-10-24,2.5000,2.5100,2.4800,2.4800,-0.0200,-0.8000,885374.6100,220122.1840,1.3100,2.8300,0.0312,0.3405,1.1400,5.5515,5.1322,1.0200,1.9089,1.8012,32479411.7000,28416352.9197,2600206.6498,80548941.0160,70472555.2409,5.3024,6.3105,0.6260,0.6260,6.2600,13.3400
2013-10-25,2.4800,2.5200,2.4800,2.4800,0.0000,0.0000,1578991.9400,394393.6100,1.3100,2.8300,0.0556,0.6073,1.9100,5.5515,5.1322,1.0200,1.9089,1.8012,32479411.7000,28416352.9197,2600206.6498,80548941.0160,70472555.2409,5.3024,6.3105,0.6310,0.6310,6.3105,13.4476
2013-10-28,2.4900,2.5000,2.4800,2.4900,0.0100,0.4000,838749.6200,208838.0220,1.3200,2.8400,0.0295,0.3226,0.8400,5.5739,5.1529,1.0241,1.9166,1.8085,32479411.7000,28416352.9197,2600206.6498,80873735.1330,70756718.7701,5.2811,6.2851,0.6285,0.6285,6.2851,13.3936
2013-10-29,2.5000,2.5900,2.5000,2.5400,0.0500,2.0100,2461506.6400,624805.0410,1.3400,2.9000,0.0866,0.9467,2.5000,5.6858,5.2564,1.0447,1.9551,1.8448,32479411.7000,28416352.9197,2600206.6498,82497705.7180,72177536.4160,5.1772,6.1614,0.6260,0.6260,6.2600,13.3400
2013-10-30,2.5300,2.5800,2.5200,2.5700,0.0300,1.1800,1431116.7100,365371.3370,1.3600,2.9300,0.0504,0.5504,1.0600,5.7530,5.3185,1.0571,1.9782,1.8666,32479411.7000,28416352.9197,2600206.6498,83472088.0690,73030027.0036,5.1167,6.0895,0.6186,0.6186,6.1858,13.1818
2013-10-31,2.5700,2.5700,2.5400,2.5500,-0.0200,-0.7800,928302.3700,236716.5340,1.3500,2.9100,0.0327,0.3575,0.6500,5.7082,5.0812,1.0013,1.9628,1.8120,32479411.7000,28416352.9197,2596977.4178,82822499.8350,72461699.9452,5.1569,6.1373,0.6089,0.6089,6.0895,12.9767
2013-11-01,2.5600,2.5800,2.5100,2.5600,0.0100,0.3900,1439698.5900,368032.1720,1.3500,2.9200,0.0507,0.5544,0.9900,5.7306,5.1011,1.0052,1.9705,1.8191,32479411.7000,28416352.9197,2596977.4178,83147293.9520,72745863.4744,5.1367,6.1133,0.6113,0.6113,6.1133,13.0273
2013-11-04,2.5700,2.5800,2.5400,2.5600,0.0000,0.0000,777653.9400,199245.8040,1.3500,2.9200,0.0274,0.2994,0.5500,5.7306,5.1011,1.0052,1.9705,1.8191,32479411.7000,28416352.9197,2596977.4178,83147293.9520,72745863.4744,5.1367,6.1133,0.6089,0.6089,6.0895,12.9767
2013-11-05,2.5400,2.5600,2.5200,2.5600,0.0000,0.0000,845733.6600,214826.1780,1.3500,2.9200,0.0298,0.3257,0.6000,5.7306,5.1011,1.0052,1.9705,1.8191,32479411.7000,28416352.9197,2596977.4178,83147293.9520,72745863.4744,5.1367,6.1133,0.6161,0.6161,6.1614,13.1299
2013-11-06,2.5400,2.5500,2.5300,2.5300,-0.0300,-1.1700,609662.0500,154817.8490,1.3400,2.8900,0.0215,0.2348,0.5600,5.6634,5.0413,0.9934,1.9474,1.7978,32479411.7000,28416352.9197,2596977.4178,82172911.6010,71893372.8868,5.1976,6.1858,0.6161,0.6161,6.1614,13.1299
2013-11-07,2.5400,2.5500,2.5300,2.5500,0.0200,0.7900,623017.6300,158200.3740,1.3500,2.9100,0.0219,0.2399,0.6800,5.7082,5.0812,1.0013,1.9628,1.8120,32479411.7000,28416352.9197,2596977.4178,82822499.8350,72461699.9452,5.1569,6.1373,0.6161,0.6161,6.1614,13.1299
2013-11-08,2.5400,2.5600,2.5300,2.5500,0.0000,0.0000,757636.6100,193307.3410,1.3500,2.9100,0.0267,0.2917,0.8800,5.7082,5.0812,1.0013,1.9628,1.8120,32479411.7000,28416352.9197,2596977.4178,82822499.8350,72461699.9452,5.1569,6.1373,0.6161,0.6161,6.1614,13.1299
2013-11-11,2.5500,2.5600,2.5400,2.5500,0.0000,0.0000,605396.9100,154460.1300,1.3500,2.9100,0.0213,0.2331,0.8400,5.7082,5.0812,1.0013,1.9628,1.8120,32479411.7000,28416352.9197,2596977.4178,82822499.8350,72461699.9452,5.1569,6.1373,0.6137,0.6137,6.1373,13.0784
2013-11-12,2.5500,2.5700,2.5500,2.5500,0.0000,0.0000,623353.8600,159559.6240,1.3500,2.9100,0.0219,0.2400,0.9100,5.7082,5.0812,1.0013,1.9628,1.8120,32479411.7000,28416352.9197,2596977.4178,82822499.8350,72461699.9452,5.1569,6.1373,0.6137,0.6137,6.1373,13.0784
2013-11-13,2.5500,2.5600,2.5100,2.5200,-0.0300,-1.1800,792859.7000,200576.6530,1.3300,2.8800,0.0279,0.3053,1.2300,5.6410,5.0214,0.9895,1.9397,1.7907,32479411.7000,28416352.9197,2596977.4178,81848117.4840,71609209.3576,5.2183,6.2103,0.6137,0.6137,6.1373,13.0784
2013-11-14,2.5200,2.5300,2.5100,2.5200,0.0000,0.0000,699845.7400,176398.8460,1.3300,2.8800,0.0246,0.2695,1.0300,5.6410,5.0214,0.9895,1.9397,1.7907,32479411.7000,28416352.9197,2596977.4178,81848117.4840,71609209.3576,5.2183,6.2103,0.6210,0.6210,6.2103,13.2341
2013-11-15,2.5200,2.5500,2.5200,2.5400,0.0200,0.7900,858826.5000,217816.3990,1.3400,2.9000,0.0302,0.3307,1.2300,5.6858,5.0612,0.9973,1.9551,1.8049,32479411.7000,28416352.9197,2596977.4178,82497705.7180,72177536.4160,5.1772,6.1614,0.6210,0.6210,6.2103,13.2341
2013-11-18,2.5400,2.6000,2.5300,2.5900,0.0500,1.9700,1687111.8000,433184.5870,1.3700,2.9600,0.0594,0.6496,2.3600,5.7977,5.1609,1.0170,1.9936,1.8404,32479411.7000,28416352.9197,2596977.4178,84121676.3030,73598354.0620,5.0772,6.0425,0.6161,0.6161,6.1614,13.1299
2013-11-19,2.5900,2.5900,2.5600,2.5800,-0.0100,-0.3900,1180132.3200,303988.2950,1.3600,2.9500,0.0415,0.4544,1.2700,5.7754,5.1409,1.0130,1.9859,1.8333,32479411.7000,28416352.9197,2596977.4178,83796882.1860,73314190.5328,5.0969,6.0659,0.6042,0.6042,6.0425,12.8764
2013-11-20,2.5800,2.5900,2.5600,2.5900,0.0100,0.3900,826307.6300,213083.9800,1.3700,2.9600,0.0291,0.3182,0.7900,5.7977,5.1609,1.0170,1.9936,1.8404,32479411.7000,28416352.9197,2596977.4178,84121676.3030,73598354.0620,5.0772,6.0425,0.6066,0.6066,6.0659,12.9264
2013-11-21,2.5700,2.6300,2.5600,2.6200,0.0300,1.1600,1451500.9000,375905.1070,1.3800,2.9900,0.0511,0.5589,1.3800,5.8649,5.2206,1.0288,2.0167,1.8617,32479411.7000,28416352.9197,2596977.4178,85096058.6540,74450844.6496,5.0191,5.9733,0.6089,0.6089,6.0895,12.9767
2013-11-22,2.6200,2.6300,2.6000,2.6000,-0.0200,-0.7600,1030530.8300,269630.9580,1.3700,2.9700,0.0363,0.3968,0.8600,5.8201,5.1808,1.0209,2.0013,1.8475,32479411.7000,28416352.9197,2596977.4178,84446470.4200,73882517.5912,5.0577,6.0192,0.5973,0.5973,5.9733,12.7290
2013-11-25,2.6000,2.6300,2.5900,2.6000,0.0000,0.0000,697306.4300,181951.6870,1.3700,2.9700,0.0245,0.2685,0.5600,5.8201,5.1808,1.0209,2.0013,1.8475,32479411.7000,28416352.9197,2596977.4178,84446470.4200,73882517.5912,5.0577,6.0192,0.6019,0.6019,6.0192,12.8269
2013-11-26,2.6000,2.6100,2.5900,2.5900,-0.0100,-0.3800,397873.8600,103504.6840,1.3700,2.9600,0.0140,0.1532,0.3800,5.7977,5.1609,1.0170,1.9936,1.8404,32479411.7000,28416352.9197,2596977.4178,84121676.3030,73598354.0620,5.0772,6.0425,0.6019,0.6019,6.0192,12.8269
2013-11-27,2.5900,2.6100,2.5800,2.5900,0.0000,0.0000,501186.3800,130225.4850,1.3700,2.9600,0.0176,0.1930,0.5700,5.7977,5.1609,1.0170,1.9936,1.8404,32479411.7000,28416352.9197,2596977.4178,84121676.3030,73598354.0620,5.0772,6.0425,0.6042,0.6042,6.0425,12.8764
2013-11-28,2.6000,2.6300,2.5900,2.6200,0.0300,1.1600,785156.0500,205361.2680,1.3800,2.9900,0.0276,0.3023,0.9600,5.8649,5.2206,1.0288,2.0167,1.8617,32479411.7000,28416352.9197,2596977.4178,85096058.6540,74450844.6496,5.0191,5.9733,0.6019,0.6019,6.0192,12.8269
2013-11-29,2.6300,2.6300,2.6100,2.6200,0.0000,0.0000,648963.9500,170112.2160,1.3800,2.9900,0.0228,0.2499,0.9500,5.8649,5.2206,1.0288,2.0167,1.8617,32479411.7000,28416352.9197,2596977.4178,85096058.6540,74450844.6496,5.0191,5.9733,0.5951,0.5951,5.9506,12.6806
2013-12-02,2.6200,2.6800,2.6200,2.6700,0.0500,1.9100,1627318.1000,431870.3020,1.4100,3.0500,0.0573,0.6266,2.6800,5.9768,5.3203,1.0484,2.0552,1.8973,32479411.7000,28416352.9197,2596977.4178,86720029.2390,75871662.2956,4.9251,5.8614,0.5973,0.5973,5.9733,12.7290
2013-12-03,2.6600,2.6800,2.6400,2.6600,-0.0100,-0.3700,1022049.2000,271403.9470,1.4000,3.0400,0.0360,0.3936,1.2900,5.9544,5.3004,1.0445,2.0475,1.8902,32479411.7000,28416352.9197,2596977.4178,86395235.1220,75587498.7664,4.9436,5.8835,0.5883,0.5883,5.8835,12.5376
2013-12-04,2.6500,2.6800,2.6400,2.6600,0.0000,0.0000,994247.0300,264133.9300,1.4000,3.0400,0.0350,0.3828,1.0800,5.9544,5.3004,1.0445,2.0475,1.8902,32479411.7000,28416352.9197,2596977.4178,86395235.1220,75587498.7664,4.9436,5.8835,0.5906,0.5906,5.9057,12.5849
2013-12-05,2.6600,2.6600,2.6100,2.6400,-0.0200,-0.7500,826544.9000,217680.6540,1.3900,3.0100,0.0291,0.3183,0.8100,5.9097,5.2605,1.0366,2.0321,1.8759,32479411.7000,28416352.9197,2596977.4178,85745646.8880,75019171.7080,4.9811,5.9280,0.5883,0.5883,5.8835,12.5376
2013-12-06,2.6200,2.6400,2.6100,2.6400,0.0000,0.0000,906722.0300,238073.6560,1.3900,3.0100,0.0319,0.3491,0.8900,5.9097,5.2605,1.0366,2.0321,1.8759,32479411.7000,28416352.9197,2596977.4178,85745646.8880,75019171.7080,4.9811,5.9280,0.5973,0.5973,5.9733,12.7290
2013-12-09,2.6400,2.6400,2.6100,2.6100,-0.0300,-1.1400,740807.9100,194118.7560,1.3800,2.9800,0.0261,0.2853,0.6900,5.8425,5.2007,1.0248,2.0090,1.8546,32479411.7000,28416352.9197,2596977.4178,84771264.5370,74166681.1204,5.0383,5.9962,0.5928,0.5928,5.9280,12.6326
2013-12-10,2.6100,2.6300,2.6000,2.6100,0.0000,0.0000,554778.2300,144976.3050,1.3800,2.9800,0.0195,0.2136,0.6200,5.8425,5.2007,1.0248,2.0090,1.8546,32479411.7000,28416352.9197,2596977.4178,84771264.5370,74166681.1204,5.0383,5.9962,0.5996,0.5996,5.9962,12.7778
2013-12-11,2.6000,2.6200,2.5500,2.5700,-0.0400,-1.5300,956461.3700,246098.1650,1.3600,2.9300,0.0337,0.3683,1.1900,5.7530,5.1210,1.0091,1.9782,1.8262,32479411.7000,28416352.9197,2596977.4178,83472088.0690,73030027.0036,5.1167,6.0895,0.6019,0.6019,6.0192,12.8269
2013-12-12,2.5600,2.5700,2.5400,2.5500,-0.0200,-0.7800,810031.3200,206430.7360,1.3500,2.9100,0.0285,0.3119,1.0200,5.7082,5.0812,1.0013,1.9628,1.8120,32479411.7000,28416352.9197,2596977.4178,82822499.8350,72461699.9452,5.1569,6.1373,0.6113,0.6113,6.1133,13.0273
2013-12-13,2.5400,2.5500,2.5200,2.5300,-0.0200,-0.7800,825968.0500,209322.1500,1.3400,2.8900,0.0291,0.3180,1.0400,5.6634,5.0413,0.9934,1.9474,1.7978,32479411.7000,28416352.9197,2596977.4178,82172911.6010,71893372.8868,5.1976,6.1858,0.6161,0.6161,6.1614,13.1299
2013-12-16,2.5400,2.5500,2.5200,2.5300,0.0000,0.0000,645500.2300,163572.8530,1.3400,2.8900,0.0227,0.2486,0.8300,5.6634,5.0413,0.9934,1.9474,1.7978,32479411.7000,28416352.9197,2596977.4178,82172911.6010,71893372.8868,5.1976,6.1858,0.6161,0.6161,6.1614,13.1299
2013-12-17,2.5400,2.5400,2.5100,2.5400,0.0100,0.4000,939016.0700,236937.8770,1.3400,2.9000,0.0330,0.3616,1.2400,5.6858,5.0612,0.9973,1.9551,1.8049,32479411.7000,28416352.9197,2596977.4178,82497705.7180,72177536.4160,5.1772,6.1614,0.6161,0.6161,6.1614,13.1299
2013-12-18,2.5300,2.5300,2.5200,2.5300,-0.0100,-0.3900,460349.6900,116151.1230,1.3400,2.8900,0.0162,0.1773,0.5500,5.6634,5.0413,0.9934,1.9474,1.7978,32479411.7000,28416352.9197,2596977.4178,82172911.6010,71893372.8868,5.1976,6.1858,0.6186,0.6186,6.1858,13.1818
2013-12-19,2.5300,2.5300,2.5100,2.5200,-0.0100,-0.4000,801127.1500,201692.2240,1.3300,2.8800,0.0282,0.3085,1.0900,5.6410,5.0214,0.9895,1.9397,1.7907,32479411.7000,28416352.9197,2596977.4178,81848117.4840,71609209.3576,5.2183,6.2103,0.6186,0.6186,6.1858,13.1818
2013-12-20,2.5200,2.5200,2.4400,2.4500,-0.0700,-2.7800,1425699.1600,354088.7610,1.2900,2.8000,0.0502,0.5490,1.9400,5.4843,4.8819,0.9620,1.8858,1.7409,32479411.7000,28416352.9197,2596977.4178,79574558.6650,69620064.6533,5.3673,6.3878,0.6210,0.6210,6.2103,13.2341
2013-12-23,2.4700,2.4800,2.4500,2.4700,0.0200,0.8200,679869.0800,167878.3320,1.3000,2.8200,0.0239,0.2618,0.8000,5.5291,4.9218,0.9699,1.9012,1.7551,32479411.7000,28416352.9197,2596977.4178,80224146.8990,70188391.7117,5.3239,6.3360,0.6336,0.6336,6.3360,13.5020
2013-12-24,2.4700,2.4800,2.4600,2.4600,-0.0100,-0.4000,528625.1400,130463.2740,1.3000,2.8100,0.0186,0.2036,0.6100,5.5067,4.9018,0.9659,1.8935,1.7480,32479411.7000,28416352.9197,2596977.4178,79899352.7820,69904228.1825,5.3455,6.3618,0.6336,0.6336,6.3360,13.5020
2013-12-25,2.4700,2.4800,2.4600,2.4700,0.0100,0.4100,386408.4600,95292.4440,1.3000,2.8200,0.0136,0.1488,0.5000,5.5291,4.9218,0.9699,1.9012,1.7551,32479411.7000,28416352.9197,2596977.4178,80224146.8990,70188391.7117,5.3239,6.3360,0.6336,0.6336,6.3360,13.5020
2013-12-26,2.4600,2.4700,2.4200,2.4400,-0.0300,-1.2100,693209.2900,169672.6940,1.2900,2.7900,0.0244,0.2669,0.9100,5.4620,4.8620,0.9581,1.8781,1.7338,32479411.7000,28416352.9197,2596977.4178,79249764.5480,69335901.1241,5.3893,6.4139,0.6362,0.6362,6.3618,13.5569
2013-12-27,2.4400,2.4800,2.4300,2.4600,0.0200,0.8200,991977.0900,243832.9170,1.3000,2.8100,0.0349,0.3820,1.3400,5.5067,4.9018,0.9659,1.8935,1.7480,32479411.7000,28416352.9197,2596977.4178,79899352.7820,69904228.1825,5.3455,6.3618,0.6414,0.6414,6.4139,13.6680
2013-12-30,2.4700,2.4800,2.4500,2.4600,0.0000,0.0000,677453.2600,166797.6870,1.3000,2.8100,0.0238,0.2609,1.0300,5.5067,4.9018,0.9659,1.8935,1.7480,32479411.7000,28416352.9197,2596977.4178,79899352.7820,69904228.1825,5.3455,6.3618,0.6336,0.6336,6.3360,13.5020
2013-12-31,2.4600,2.5000,2.4500,2.4800,0.0200,0.8100,772044.6700,191125.6440,1.3100,2.8300,0.0272,0.2973,1.1800,5.5515,4.9417,0.9738,1.9089,1.7622,32479411.7000,28416352.9197,2596977.4178,80548941.0160,70472555.2409,5.3024,6.3105,0.6362,0.6362,6.3618,13.5569
2014-01-02,2.4800,2.4800,2.4500,2.4700,-0.0100,-0.4000,580071.5800,143059.4930,1.3000,2.8200,0.0204,0.2234,0.8200,5.5291,4.9218,0.9699,1.9012,1.7551,32479411.7000,28416352.9197,2596977.4178,80224146.8990,70188391.7117,6.3360,6.3360,0.7137,0.7137,7.1371,14.4758
2014-01-03,2.4600,2.4700,2.4400,2.4600,-0.0100,-0.4000,653190.3500,160306.3720,1.3000,2.8100,0.0230,0.2515,0.8800,5.5067,4.9018,0.9659,1.8935,1.7480,32479411.7000,28416352.9197,2596977.4178,79899352.7820,69904228.1825,6.3618,6.3618,0.7195,0.7195,7.1951,14.5935
2014-01-06,2.4600,2.4600,2.4100,2.4400,-0.0200,-0.8100,1036282.4900,251799.9550,1.2900,2.7900,0.0365,0.3990,1.4100,5.4620,4.8620,0.9581,1.8781,1.7338,32479411.7000,28416352.9197,2596977.4178,79249764.5480,69335901.1241,6.4139,6.4139,0.7195,0.7195,7.1951,14.5935
2014-01-07,2.4200,2.4300,2.4100,2.4300,-0.0100,-0.4100,625783.6700,151461.1820,1.2800,2.7800,0.0220,0.2410,0.8400,5.4396,4.8421,0.9542,1.8704,1.7267,32479411.7000,28416352.9197,2596977.4178,78924970.4310,69051737.5949,6.4403,6.4403,0.7314,0.7314,7.3140,14.8347
2014-01-08,2.4200,2.4300,2.4100,2.4200,-0.0100,-0.4100,807067.1300,195345.3800,1.2800,2.7600,0.0284,0.3108,1.1000,5.4172,4.8221,0.9502,1.8627,1.7196,32479411.7000,28416352.9197,2596977.4178,78600176.3140,68767574.0657,6.4669,6.4669,0.7314,0.7314,7.3140,14.8347
2014-01-09,2.4200,2.4300,2.4100,2.4100,-0.0100,-0.4100,629095.6700,151940.6980,1.2700,2.7500,0.0221,0.2422,0.8500,5.3948,4.8022,0.9463,1.8550,1.7125,32479411.7000,28416352.9197,2596977.4178,78275382.1970,68483410.5365,6.4938,6.4938,0.7314,0.7314,7.3140,14.8347
2014-01-10,2.4100,2.4200,2.3900,2.4100,0.0000,0.0000,913877.3100,219846.2470,1.2700,2.7500,0.0322,0.3519,1.2200,5.3948,4.8022,0.9463,1.8550,1.7125,32479411.7000,28416352.9197,2596977.4178,78275382.1970,68483410.5365,6.4938,6.4938,0.7344,0.7344,7.3444,14.8963
2014-01-13,2.4000,2.4200,2.3900,2.4100,0.0000,0.0000,670922.0400,161369.6690,1.2700,2.7500,0.0236,0.2583,0.8400,5.3948,4.8022,0.9463,1.8550,1.7125,32479411.7000,28416352.9197,2596977.4178,78275382.1970,68483410.5365,6.4938,6.4938,0.7375,0.7375,7.3750,14.9583
2014-01-14,2.4100,2.4200,2.4000,2.4100,0.0000,0.0000,608047.5000,146415.0170,1.2700,2.7500,0.0214,0.2341,0.8300,5.3948,4.8022,0.9463,1.8550,1.7125,32479411.7000,28416352.9197,2596977.4178,78275382.1970,68483410.5365,6.4938,6.4938,0.7344,0.7344,7.3444,14.8963
2014-01-15,2.4100,2.4200,2.3900,2.3900,-0.0200,-0.8300,615731.2700,147586.3560,1.2600,2.7300,0.0217,0.2371,0.8500,5.3500,4.7623,0.9384,1.8396,1.6983,32479411.7000,28416352.9197,2596977.4178,77625793.9630,67915083.4781,6.5481,6.5481,0.7344,0.7344,7.3444,14.8963
2014-01-16,2.3900,2.4000,2.3600,2.3800,-0.0100,-0.4200,1210630.6000,287050.4460,1.2600,2.7200,0.0426,0.4662,1.7600,5.3276,4.7424,0.9345,1.8319,1.6912,32479411.7000,28416352.9197,2596977.4178,77300999.8460,67630919.9489,6.5756,6.5756,0.7406,0.7406,7.4059,15.0209
2014-01-17,2.3700,2.3800,2.3500,2.3600,-0.0200,-0.8400,676013.2400,159441.3370,1.2500,2.7000,0.0238,0.2603,0.8400,5.2829,4.7026,0.9267,1.8165,1.6770,32479411.7000,28416352.9197,2596977.4178,76651411.6120,67062592.8905,6.6314,6.6314,0.7468,0.7468,7.4684,15.1477
2014-01-20,2.3600,2.3800,2.3500,2.3600,0.0000,0.0000,592630.0500,140303.6750,1.2500,2.7000,0.0209,0.2282,0.7800,5.2829,4.7026,0.9267,1.8165,1.6770,32479411.7000,28416352.9197,2596977.4178,76651411.6120,67062592.8905,6.6314,6.6314,0.7500,0.7500,7.5000,15.2119
2014-01-21,2.3700,2.3800,2.3600,2.3700,0.0100,0.4200,520020.7000,123117.9360,1.2500,2.7100,0.0183,0.2002,0.7000,5.3053,4.7225,0.9306,1.8242,1.6841,32479411.7000,28416352.9197,2596977.4178,76976205.7290,67346756.4197,6.6034,6.6034,0.7468,0.7468,7.4684,15.1477
2014-01-22,2.3700,2.4000,2.3700,2.3900,0.0200,0.8400,1183875.3700,282175.3050,1.2600,2.7300,0.0417,0.4559,1.6400,5.3500,4.7623,0.9384,1.8396,1.6983,32479411.7000,28416352.9197,2596977.4178,77625793.9630,67915083.4781,6.5481,6.5481,0.7468,0.7468,7.4684,15.1477
2014-01-23,2.3800,2.3800,2.3600,2.3600,-0.0300,-1.2600,801769.6300,190007.5720,1.2500,2.7000,0.0282,0.3087,0.9600,5.2829,4.7026,0.9267,1.8165,1.6770,32479411.7000,28416352.9197,2596977.4178,76651411.6120,67062592.8905,6.6314,6.6314,0.7437,0.7437,7.4370,15.0840
2014-01-24,2.3600,2.3800,2.3600,2.3700,0.0100,0.4200,667196.2800,158055.7270,1.2500,2.7100,0.0235,0.2569,0.8800,5.3053,4.7225,0.9306,1.8242,1.6841,32479411.7000,28416352.9197,2596977.4178,76976205.7290,67346756.4197,6.6034,6.6034,0.7500,0.7500,7.5000,15.2119
2014-01-27,2.3600,2.3700,2.3500,2.3600,-0.0100,-0.4200,486720.6300,114855.2680,1.2500,2.7000,0.0171,0.1874,0.6500,5.2829,4.7026,0.9267,1.8165,1.6770,32479411.7000,28416352.9197,2596977.4178,76651411.6120,67062592.8905,6.6314,6.6314,0.7500,0.7500,7.5000,15.2119
2014-01-28,2.3700,2.3800,2.3600,2.3700,0.0100,0.4200,726207.6400,172146.8690,1.2500,2.7100,0.0256,0.2796,0.9900,5.3053,4.7225,0.9306,1.8242,1.6841,32479411.7000,28416352.9197,2596977.4178,76976205.7290,67346756.4197,6.6034,6.6034,0.7468,0.7468,7.4684,15.1477
2014-01-29,2.3800,2.4000,2.3700,2.4000,0.0300,1.2700,683473.8600,163177.0320,1.2700,2.7400,0.0241,0.2632,0.8800,5.3724,4.7823,0.9424,1.8473,1.7054,32479411.7000,28416352.9197,2596977.4178,77950588.0800,68199247.0073,6.5208,6.5208,0.7437,0.7437,7.4370,15.0840
2014-01-30,2.3900,2.4000,2.3700,2.3800,-0.0200,-0.8300,338108.4400,80524.5690,1.2600,2.7200,0.0119,0.1302,0.5000,5.3276,4.7424,0.9345,1.8319,1.6912,32479411.7000,28416352.9197,2596977.4178,77300999.8460,67630919.9489,6.5756,6.5756,0.7406,0.7406,7.4059,15.0209
2014-02-07,2.3700,2.3700,2.3500,2.3700,-0.0100,-0.4200,522864.9100,123542.0590,1.2500,2.7100,0.0184,0.2013,0.9000,5.3053,4.7225,0.9306,1.8242,1.6841,32479411.7000,28416352.9197,2596977.4178,76976205.7290,67346756.4197,6.6034,6.6034,0.7468,0.7468,7.4684,15.1477
2014-02-10,2.3700,2.3900,2.3700,2.3800,0.0100,0.4200,940724.2300,223925.5130,1.2600,2.7200,0.0331,0.3622,1.7100,5.3276,4.7424,0.9345,1.8319,1.6912,32479411.7000,28416352.9197,2596977.4178,77300999.8460,67630919.9489,6.5756,6.5756,0.7468,0.7468,7.4684,15.1477
2014-02-11,2.3800,2.4200,2.3700,2.4100,0.0300,1.2600,1759770.3100,422409.6630,1.2700,2.7500,0.0619,0.6776,2.7400,5.3948,4.8022,0.9463,1.8550,1.7125,32479411.7000,28416352.9197,2596977.4178,78275382.1970,68483410.5365,6.4938,6.4938,0.7437,0.7437,7.4370,15.0840
2014-02-12,2.4000,2.4200,2.3900,2.4100,0.0000,0.0000,923374.0100,222048.9490,1.2700,2.7500,0.0325,0.3556,1.0900,5.3948,4.8022,0.9463,1.8550,1.7125,32479411.7000,28416352.9197,2596977.4178,78275382.1970,68483410.5365,6.4938,6.4938,0.7375,0.7375,7.3750,14.9583
2014-02-13,2.4000,2.4300,2.3900,2.4100,0.0000,0.0000,1196293.6500,288029.3770,1.2700,2.7500,0.0421,0.4606,1.3300,5.3948,4.8022,0.9463,1.8550,1.7125,32479411.7000,28416352.9197,2596977.4178,78275382.1970,68483410.5365,6.4938,6.4938,0.7375,0.7375,7.3750,14.9583
2014-02-14,2.4100,2.4100,2.3900,2.4100,0.0000,0.0000,667363.7300,160181.5700,1.2700,2.7500,0.0235,0.2570,0.6200,5.3948,4.8022,0.9463,1.8550,1.7125,32479411.7000,28416352.9197,2596977.4178,78275382.1970,68483410.5365,6.4938,6.4938,0.7344,0.7344,7.3444,14.8963
2014-02-17,2.4100,2.4100,2.4000,2.4000,-0.0100,-0.4100,614907.1000,147881.2970,1.2700,2.7400,0.0216,0.2368,0.5600,5.3724,4.7823,0.9424,1.8473,1.7054,32479411.7000,28416352.9197,2596977.4178,77950588.0800,68199247.0073,6.5208,6.5208,0.7344,0.7344,7.3444,14.8963
2014-02-18,2.4000,2.4100,2.3800,2.3800,-0.0200,-0.8300,665234.8900,158780.5870,1.2600,2.7200,0.0234,0.2562,0.6400,5.3276,4.7424,0.9345,1.8319,1.6912,32479411.7000,28416352.9197,2596977.4178,77300999.8460,67630919.9489,6.5756,6.5756,0.7375,0.7375,7.3750,14.9583
2014-02-19,2.3800,2.4300,2.3700,2.4100,0.0300,1.2600,1436125.9200,344063.4230,1.2700,2.7500,0.0505,0.5530,1.7700,5.3948,4.8022,0.9463,1.8550,1.7125,32479411.7000,28416352.9197,2596977.4178,78275382.1970,68483410.5365,6.4938,6.4938,0.7437,0.7437,7.4370,15.0840
2014-02-20,2.4000,2.4200,2.3700,2.3800,-0.0300,-1.2400,1207607.6900,289235.2360,1.2600,2.7200,0.0425,0.4650,1.3200,5.3276,4.7424,0.9345,1.8319,1.6912,32479411.7000,28416352.9197,2596977.4178,77300999.8460,67630919.9489,6.5756,6.5756,0.7375,0.7375,7.3750,14.9583
2014-02-21,2.3800,2.3900,2.3700,2.3800,0.0000,0.0000,613465.3500,145904.9700,1.2600,2.7200,0.0216,0.2362,0.6700,5.3276,4.7424,0.9345,1.8319,1.6912,32479411.7000,28416352.9197,2596977.4178,77300999.8460,67630919.9489,6.5756,6.5756,0.7437,0.7437,7.4370,15.0840
2014-02-24,2.3700,2.3700,2.3300,2.3500,-0.0300,-1.2600,1086326.6200,255211.3930,1.2400,2.6800,0.0382,0.4183,1.2000,5.2605,4.6826,0.9227,1.8088,1.6699,32479411.7000,28416352.9197,2596977.4178,76326617.4950,66778429.3613,6.6596,6.6596,0.7468,0.7468,7.4684,15.1477
2014-02-25,2.3500,2.3600,2.3300,2.3400,-0.0100,-0.4300,987932.1700,231436.0350,1.2400,2.6700,0.0348,0.3804,0.9900,5.2381,4.6627,0.9188,1.8011,1.6628,32479411.7000,28416352.9197,2596977.4178,76001823.3780,66494265.8321,6.6880,6.6880,0.7532,0.7532,7.5319,15.2766
2014-02-26,2.3300,2.3500,2.3200,2.3400,0.0000,0.0000,691476.6100,161699.0070,1.2400,2.6700,0.0243,0.2663,0.6500,5.2381,4.6627,0.9188,1.8011,1.6628,32479411.7000,28416352.9197,2596977.4178,76001823.3780,66494265.8321,6.6880,6.6880,0.7597,0.7597,7.5966,15.4077
2014-02-27,2.3400,2.3500,2.3200,2.3400,0.0000,0.0000,967866.7300,226151.4000,1.2400,2.6700,0.0341,0.3727,1.0600,5.2381,4.6627,0.9188,1.8011,1.6628,32479411.7000,28416352.9197,2596977.4178,76001823.3780,66494265.8321,6.6880,6.6880,0.7564,0.7564,7.5641,15.3419
2014-02-28,2.3400,2.3400,2.3200,2.3300,-0.0100,-0.4300,753201.1500,175688.8440,1.2300,2.6600,0.0265,0.2900,0.8700,5.2157,4.6428,0.9149,1.7934,1.6557,32479411.7000,28416352.9197,2596977.4178,75677029.2610,66210102.3029,6.7167,6.7167,0.7564,0.7564,7.5641,15.3419
2014-03-03,2.3400,2.3400,2.3200,2.3300,0.0000,0.0000,1044706.8700,243347.5260,1.2300,2.6600,0.0368,0.4023,1.1600,5.2157,4.6428,0.9149,1.7934,1.6557,32479411.7000,28416352.9197,2596977.4178,75677029.2610,66210102.3029,6.7167,6.7167,0.7564,0.7564,7.5641,15.3419
2014-03-04,2.3200,2.3400,2.3100,2.3400,0.0100,0.4300,1062432.8400,247214.8750,1.2400,2.6700,0.0374,0.4091,1.2000,5.2381,4.6627,0.9188,1.8011,1.6628,32479411.7000,28416352.9197,2596977.4178,76001823.3780,66494265.8321,6.6880,6.6880,0.7629,0.7629,7.6293,15.4741
2014-03-05,2.3300,2.3400,2.3200,2.3200,-0.0200,-0.8500,533519.2200,124000.5070,1.2300,2.6500,0.0188,0.2054,0.5900,5.1933,4.6229,0.9110,1.7858,1.6486,32479411.7000,28416352.9197,2596977.4178,75352235.1440,65925938.7737,6.7457,6.7457,0.7597,0.7597,7.5966,15.4077
2014-03-06,2.3200,2.3300,2.3100,2.3200,0.0000,0.0000,557069.6400,129327.0540,1.2300,2.6500,0.0196,0.2145,0.6400,5.1933,4.6229,0.9110,1.7858,1.6486,32479411.7000,28416352.9197,2596977.4178,75352235.1440,65925938.7737,6.7457,6.7457,0.7629,0.7629,7.6293,15.4741
2014-03-07,2.3300,2.3400,2.3200,2.3300,0.0100,0.4300,710832.3700,165369.4330,1.2300,2.6600,0.0250,0.2737,0.9000,5.2157,4.6428,0.9149,1.7934,1.6557,32479411.7000,28416352.9197,2596977.4178,75677029.2610,66210102.3029,6.7167,6.7167,0.7597,0.7597,7.5966,15.4077
2014-03-10,2.3200,2.3300,2.2800,2.2900,-0.0400,-1.7200,890454.0200,204907.7000,1.2100,2.6200,0.0313,0.3429,1.1400,5.1262,4.5631,0.8992,1.7627,1.6272,32479411.7000,28416352.9197,2596977.4178,74377852.7930,65073448.1861,6.8341,6.8341,0.7629,0.7629,7.6293,15.4741
2014-03-11,2.2900,2.2900,2.2800,2.2900,0.0000,0.0000,644905.4100,147325.5520,1.2100,2.6200,0.0227,0.2483,0.8600,5.1262,4.5631,0.8992,1.7627,1.6272,32479411.7000,28416352.9197,2596977.4178,74377852.7930,65073448.1861,6.8341,6.8341,0.7729,0.7729,7.7293,15.6769
2014-03-12,2.2900,2.3000,2.2700,2.2900,0.0000,0.0000,906091.7700,206872.2160,1.2100,2.6200,0.0319,0.3489,1.3600,5.1262,4.5631,0.8992,1.7627,1.6272,32479411.7000,28416352.9197,2596977.4178,74377852.7930,65073448.1861,6.8341,6.8341,0.7729,0.7729,7.7293,15.6769
2014-03-13,2.3000,2.4400,2.2900,2.3600,0.0700,3.0600,2730613.0600,645265.7250,1.2500,2.7000,0.0961,1.0515,3.6800,5.2829,4.7026,0.9267,1.8165,1.6770,32479411.7000,28416352.9197,2596977.4178,76651411.6120,67062592.8905,6.6314,6.6314,0.7696,0.7696,7.6957,15.6087
2014-03-14,2.3500,2.3800,2.3200,2.3600,0.0000,0.0000,1849762.2600,433875.4760,1.2500,2.7000,0.0651,0.7123,1.5700,5.2829,4.7026,0.9267,1.8165,1.6770,32479411.7000,28416352.9197,2596977.4178,76651411.6120,67062592.8905,6.6314,6.6314,0.7532,0.7532,7.5319,15.2766
2014-03-17,2.3500,2.3600,2.3300,2.3400,-0.0200,-0.8500,949741.6400,222266.6990,1.2400,2.6700,0.0334,0.3657,0.6800,5.2381,4.6627,0.9188,1.8011,1.6628,32479411.7000,28416352.9197,2596977.4178,76001823.3780,66494265.8321,6.6880,6.6880,0.7532,0.7532,7.5319,15.2766
2014-03-18,2.3400,2.3400,2.3200,2.3400,0.0000,0.0000,931412.2600,217275.6460,1.2400,2.6700,0.0328,0.3587,0.6600,5.2381,4.6627,0.9188,1.8011,1.6628,32479411.7000,28416352.9197,2596977.4178,76001823.3780,66494265.8321,6.6880,6.6880,0.7564,0.7564,7.5641,15.3419
2014-03-19,2.3300,2.3400,2.3200,2.3300,-0.0100,-0.4300,567938.5300,132144.6720,1.2300,2.6600,0.0200,0.2187,0.3900,5.2157,4.6428,0.9149,1.7934,1.6557,32479411.7000,28416352.9197,2596977.4178,75677029.2610,66210102.3029,6.7167,6.7167,0.7597,0.7597,7.5966,15.4077
2014-03-20,2.3300,2.3500,2.3200,2.3300,0.0000,0.0000,964722.4100,225817.3600,1.2300,2.6600,0.0339,0.3715,0.6900,5.2157,4.6428,0.9149,1.7934,1.6557,32479411.7000,28416352.9197,2596977.4178,75677029.2610,66210102.3029,6.7167,6.7167,0.7597,0.7597,7.5966,15.4077
2014-03-21,2.3300,2.4200,2.3200,2.4000,0.0700,3.0000,3061115.4000,729938.9050,1.2700,2.7400,0.1077,1.1787,2.9100,5.3724,4.7823,0.9424,1.8473,1.7054,32479411.7000,28416352.9197,2596977.4178,77950588.0800,68199247.0073,6.5208,6.5208,0.7597,0.7597,7.5966,15.4077
2014-03-24,2.4100,2.4200,2.3800,2.4000,0.0000,0.0000,1720795.6900,412987.4770,1.2700,2.7400,0.0606,0.6626,1.3300,5.3724,4.7823,0.9424,1.8473,1.7054,32479411.7000,28416352.9197,2596977.4178,77950588.0800,68199247.0073,6.5208,6.5208,0.7344,0.7344,7.3444,14.8963
2014-03-25,2.3900,2.4100,2.3800,2.4000,0.0000,0.0000,917155.8500,219660.2410,1.2700,2.7400,0.0323,0.3532,0.6300,5.3724,4.7823,0.9424,1.8473,1.7054,32479411.7000,28416352.9197,2596977.4178,77950588.0800,68199247.0073,6.5208,6.5208,0.7406,0.7406,7.4059,15.0209
2014-03-26,2.4000,2.4100,2.3900,2.4000,0.0000,0.0000,1014735.7400,243881.5260,1.2700,2.7400,0.0357,0.3907,0.7000,4.6869,4.6869,0.9246,1.6850,1.6850,32479411.7000,28416352.9197,2596977.4178,77950588.0800,68199247.0073,6.5208,6.5208,0.7375,0.7375,7.3750,14.9583
2014-03-27,2.4000,2.4300,2.3800,2.4000,0.0000,0.0000,1161358.2600,279295.3990,1.2700,2.7400,0.0409,0.4472,0.7600,4.6869,4.6869,0.9246,1.6850,1.6850,32479411.7000,28416352.9197,2596977.4178,77950588.0800,68199247.0073,6.5208,6.5208,0.7375,0.7375,7.3750,14.9583
2014-03-28,2.4000,2.4500,2.4000,2.4300,0.0300,1.2500,1366444.4700,331737.0820,1.2800,2.7800,0.0481,0.5262,0.8700,4.7455,4.7455,0.9361,1.7060,1.7060,32479411.7000,28416352.9197,2596977.4178,78924970.4310,69051737.5949,6.4403,6.4403,0.7375,0.7375,7.3750,14.9583
2014-03-31,2.4300,2.4400,2.4100,2.4200,-0.0100,-0.4100,954154.4400,231781.9860,1.2800,2.7600,0.0336,0.3674,0.7700,4.7260,4.7260,0.9323,1.6990,1.6990,32479411.7000,28416352.9197,2596977.4178,78600176.3140,68767574.0657,6.4669,6.4669,0.7284,0.7284,7.2840,14.7737
2014-04-01,2.4200,2.4400,2.4100,2.4200,0.0000,0.0000,557922.9000,135405.4570,1.2800,2.7600,0.0196,0.2148,0.5200,4.7260,4.7260,0.9323,1.6990,1.6990,32479411.7000,28416352.9197,2596977.4178,78600176.3140,68767574.0657,6.4669,6.4669,0.7314,0.7314,7.3140,14.8347
2014-04-02,2.4300,2.4400,2.4200,2.4400,0.0200,0.8300,643830.4900,156321.1190,1.2900,2.7900,0.0227,0.2479,0.6400,4.7650,4.7650,0.9400,1.7130,1.7130,32479411.7000,28416352.9197,2596977.4178,79249764.5480,69335901.1241,6.4139,6.4139,0.7284,0.7284,7.2840,14.7737
2014-04-03,2.4400,2.4400,2.3600,2.3900,-0.0500,-2.0500,1901239.7400,455949.6300,1.2600,2.7300,0.0669,0.7321,2.0300,4.6674,4.6674,0.9207,1.6779,1.6779,32479411.7000,28416352.9197,2596977.4178,77625793.9630,67915083.4781,6.5481,6.5481,0.7254,0.7254,7.2541,14.7131
2014-04-04,2.3800,2.4100,2.3700,2.4000,0.0100,0.4200,656255.1700,157119.0800,1.2700,2.7400,0.0231,0.2527,0.6100,4.6869,4.6869,0.9246,1.6850,1.6850,32479411.7000,28416352.9197,2596977.4178,77950588.0800,68199247.0073,6.5208,6.5208,0.7437,0.7437,7.4370,15.0840
2014-04-08,2.4000,2.4600,2.3900,2.4400,0.0400,1.6700,1725730.2200,419845.1420,1.2900,2.7900,0.0607,0.6645,1.8300,4.7650,4.7650,0.9400,1.7130,1.7130,32479411.7000,28416352.9197,2596977.4178,79249764.5480,69335901.1241,6.4139,6.4139,0.7375,0.7375,7.3750,14.9583
2014-04-09,2.4400,2.4500,2.4300,2.4500,0.0100,0.4100,768971.3500,187962.2230,1.2900,2.8000,0.0271,0.2961,0.7000,4.7846,4.7846,0.9438,1.7201,1.7201,32479411.7000,28416352.9197,2596977.4178,79574558.6650,69620064.6533,6.3878,6.3878,0.7254,0.7254,7.2541,14.7131
2014-04-10,2.4400,2.4900,2.4300,2.4600,0.0100,0.4100,1603229.0100,393646.7810,1.3000,2.8100,0.0564,0.6173,1.4100,4.8041,4.8041,0.9477,1.7271,1.7271,32479411.7000,28416352.9197,2596977.4178,79899352.7820,69904228.1825,6.3618,6.3618,0.7254,0.7254,7.2541,14.7131
2014-04-11,2.4600,2.4800,2.4500,2.4700,0.0100,0.4100,1340097.7200,330214.0330,1.3000,2.8200,0.0472,0.5160,1.0100,4.8236,4.8236,0.9515,1.7341,1.7341,32479411.7000,28416352.9197,2596977.4178,80224146.8990,70188391.7117,6.3360,6.3360,0.7195,0.7195,7.1951,14.5935
2014-04-14,2.4700,2.4800,2.4500,2.4700,0.0000,0.0000,613667.9700,151045.7310,1.3000,2.8200,0.0216,0.2363,0.5000,4.8236,4.8236,0.9515,1.7341,1.7341,32479411.7000,28416352.9197,2596977.4178,80224146.8990,70188391.7117,6.3360,6.3360,0.7166,0.7166,7.1660,14.5344
2014-04-15,2.4500,2.4600,2.4200,2.4300,-0.0400,-1.6200,685129.8700,167110.6660,1.2800,2.7800,0.0241,0.2638,0.5700,4.7455,4.7455,0.9361,1.7060,1.7060,32479411.7000,28416352.9197,2596977.4178,78924970.4310,69051737.5949,6.4403,6.4403,0.7224,0.7224,7.2245,14.6531
2014-04-16,2.4300,2.4500,2.4200,2.4400,0.0100,0.4100,541251.2800,131841.7790,1.2900,2.7900,0.0190,0.2084,0.5400,4.7650,4.7650,0.9400,1.7130,1.7130,32479411.7000,28416352.9197,2596977.4178,79249764.5480,69335901.1241,6.4139,6.4139,0.7284,0.7284,7.2840,14.7737
2014-04-17,2.4500,2.4500,2.4300,2.4400,0.0000,0.0000,407728.5500,99412.0750,1.2900,2.7900,0.0143,0.1570,0.4300,4.7650,4.7650,0.9400,1.7130,1.7130,32479411.7000,28416352.9197,2596977.4178,79249764.5480,69335901.1241,6.4139,6.4139,0.7224,0.7224,7.2245,14.6531
2014-04-18,2.4300,2.4300,2.4100,2.4200,-0.0200,-0.8200,760944.9900,183960.4740,1.2800,2.7600,0.0268,0.2930,1.0600,4.7260,4.7260,0.9323,1.6990,1.6990,32479411.7000,28416352.9197,2596977.4178,78600176.3140,68767574.0657,6.4669,6.4669,0.7284,0.7284,7.2840,14.7737
2014-04-21,2.4200,2.4400,2.4000,2.4000,-0.0200,-0.8300,675480.3800,163600.2300,1.2700,2.7400,0.0238,0.2601,1.1200,4.6869,4.6869,0.9246,1.6850,1.6850,32479411.7000,28416352.9197,2596977.4178,77950588.0800,68199247.0073,6.5208,6.5208,0.7314,0.7314,7.3140,14.8347
2014-04-22,2.4000,2.4200,2.4000,2.4100,0.0100,0.4200,556241.7200,133921.6580,1.2700,2.7500,0.0196,0.2142,0.9100,4.7065,4.7065,0.9284,1.6920,1.6920,32479411.7000,28416352.9197,2596977.4178,78275382.1970,68483410.5365,6.4938,6.4938,0.7375,0.7375,7.3750,14.9583
2014-04-23,2.4100,2.4200,2.4000,2.4200,0.0100,0.4100,545814.8600,131324.7360,1.2800,2.7600,0.0192,0.2102,0.9300,4.7260,4.7260,0.9323,1.6990,1.6990,32479411.7000,28416352.9197,2596977.4178,78600176.3140,68767574.0657,6.4669,6.4669,0.7344,0.7344,7.3444,14.8963
2014-04-24,2.4100,2.4200,2.4000,2.4000,-0.0200,-0.8300,515590.3000,124134.2250,1.2700,2.7400,0.0181,0.1985,0.8800,4.6869,4.6869,0.9246,1.6850,1.6850,32479411.7000,28416352.9197,2596977.4178,77950588.0800,68199247.0073,6.5208,6.5208,0.7344,0.7344,7.3444,14.8963
2014-04-25,2.4100,2.4300,2.4000,2.4100,0.0100,0.4200,864338.1200,208540.1770,1.2700,2.7500,0.0304,0.3328,1.4200,4.7065,4.7065,0.9284,1.6920,1.6920,32479411.7000,28416352.9197,2596977.4178,78275382.1970,68483410.5365,6.4938,6.4938,0.7344,0.7344,7.3444,14.8963
2014-04-28,2.4100,2.4300,2.4000,2.4200,0.0100,0.4100,928141.6700,224233.0810,1.2800,2.7600,0.0327,0.3574,1.4700,4.7260,4.5504,0.8698,1.6990,1.6396,32479411.7000,28416352.9197,2596977.4178,78600176.3140,68767574.0657,6.4669,6.4669,0.7344,0.7344,7.3444,14.8963
2014-04-29,2.4200,2.4400,2.4100,2.4300,0.0100,0.4100,858452.0600,207904.6620,1.2800,2.7800,0.0302,0.3306,1.2600,4.7455,4.5692,0.8734,1.7060,1.6463,32479411.7000,28416352.9197,2596977.4178,78924970.4310,69051737.5949,6.4403,6.4403,0.7314,0.7314,7.3140,14.8347
2014-04-30,2.4300,2.4400,2.4100,2.4200,-0.0100,-0.4100,478729.4200,115707.3350,1.2800,2.7600,0.0168,0.1843,0.6400,4.7260,4.5504,0.8698,1.6990,1.6396,32479411.7000,28416352.9197,2596977.4178,78600176.3140,68767574.0657,6.4669,6.4669,0.7284,0.7284,7.2840,14.7737
2014-05-05,2.4100,2.4100,2.3800,2.3900,-0.0300,-1.2400,1062937.5000,254313.0550,1.2600,2.7300,0.0374,0.4093,1.4600,4.6674,4.4939,0.8590,1.6779,1.6192,32479411.7000,28416352.9197,2596977.4178,77625793.9630,67915083.4781,6.5481,6.5481,0.7344,0.7344,7.3444,14.8963
2014-05-06,2.3900,2.4000,2.3800,2.3900,0.0000,0.0000,639548.7800,152813.2450,1.2600,2.7300,0.0225,0.2463,0.7600,4.6674,4.4939,0.8590,1.6779,1.6192,32479411.7000,28416352.9197,2596977.4178,77625793.9630,67915083.4781,6.5481,6.5481,0.7406,0.7406,7.4059,15.0209
2014-05-07,2.3800,2.3900,2.3800,2.3800,-0.0100,-0.4200,463988.2200,110709.6290,1.2600,2.7200,0.0163,0.1787,0.5800,4.6479,4.4751,0.8554,1.6709,1.6125,32479411.7000,28416352.9197,2596977.4178,77300999.8460,67630919.9489,6.5756,6.5756,0.7437,0.7437,7.4370,15.0840
2014-05-08,2.3900,2.4100,2.3800,2.3900,0.0100,0.4200,514410.7900,123195.3970,1.2600,2.7300,0.0181,0.1981,0.7300,4.6674,4.4939,0.8590,1.6779,1.6192,32479411.7000,28416352.9197,2596977.4178,77625793.9630,67915083.4781,6.5481,6.5481,0.7406,0.7406,7.4059,15.0209
2014-05-09,2.4000,2.4200,2.3900,2.4000,0.0100,0.4200,780576.4400,187861.7610,1.2700,2.7400,0.0275,0.3006,1.2400,4.6869,4.5128,0.8626,1.6850,1.6260,32479411.7000,28416352.9197,2596977.4178,77950588.0800,68199247.0073,6.5208,6.5208,0.7375,0.7375,7.3750,14.9583
2014-05-12,2.4100,2.4400,2.4000,2.4200,0.0200,0.8300,937790.8600,227191.4500,1.2800,2.7600,0.0330,0.3611,1.3500,4.7260,4.5504,0.8698,1.6990,1.6396,32479411.7000,28416352.9197,2596977.4178,78600176.3140,68767574.0657,6.4669,6.4669,0.7344,0.7344,7.3444,14.8963
2014-05-13,2.4200,2.4400,2.4200,2.4300,0.0100,0.4100,631405.0200,153562.0050,1.2800,2.7800,0.0222,0.2431,0.9500,4.7455,4.5692,0.8734,1.7060,1.6463,32479411.7000,28416352.9197,2596977.4178,78924970.4310,69051737.5949,6.4403,6.4403,0.7314,0.7314,7.3140,14.8347
2014-05-14,2.4300,2.4400,2.4200,2.4300,0.0000,0.0000,382931.7200,93116.5370,1.2800,2.7800,0.0135,0.1475,0.5800,4.7455,4.5692,0.8734,1.7060,1.6463,32479411.7000,28416352.9197,2596977.4178,78924970.4310,69051737.5949,6.4403,6.4403,0.7284,0.7284,7.2840,14.7737
2014-05-15,2.4300,2.4400,2.4300,2.4400,0.0100,0.4100,448068.8800,109172.7080,1.2900,2.7900,0.0158,0.1725,0.6900,4.7650,4.5880,0.8770,1.7130,1.6531,32479411.7000,28416352.9197,2596977.4178,79249764.5480,69335901.1241,6.4139,6.4139,0.7284,0.7284,7.2840,14.7737
2014-05-16,2.4400,2.4600,2.4300,2.4500,0.0100,0.4100,733143.8000,179277.1050,1.2900,2.8000,0.0258,0.2823,1.1500,4.7846,4.6068,0.8806,1.7201,1.6599,32479411.7000,28416352.9197,2596977.4178,79574558.6650,69620064.6533,6.3878,6.3878,0.7254,0.7254,7.2541,14.7131
2014-05-19,2.4500,2.4500,2.4200,2.4400,-0.0100,-0.4100,579904.9900,141172.0460,1.2900,2.7900,0.0204,0.2233,0.9300,4.7650,4.5880,0.8770,1.7130,1.6531,32479411.7000,28416352.9197,2596977.4178,79249764.5480,69335901.1241,6.4139,6.4139,0.7224,0.7224,7.2245,14.6531
2014-05-20,2.4400,2.4500,2.4300,2.4500,0.0100,0.4100,696636.4900,170000.3370,1.2900,2.8000,0.0245,0.2682,1.2500,4.7846,4.6068,0.8806,1.7201,1.6599,32479411.7000,28416352.9197,2596977.4178,79574558.6650,69620064.6533,6.3878,6.3878,0.7254,0.7254,7.2541,14.7131
2014-05-21,2.4400,2.4600,2.4300,2.4600,0.0100,0.4100,487947.1500,119346.6170,1.3000,2.8100,0.0172,0.1879,0.8600,4.8041,4.6256,0.8842,1.7271,1.6667,32479411.7000,28416352.9197,2596977.4178,79899352.7820,69904228.1825,6.3618,6.3618,0.7254,0.7254,7.2541,14.7131
2014-05-22,2.4500,2.4800,2.4500,2.4600,0.0000,0.0000,520635.8900,128238.9450,1.3000,2.8100,0.0183,0.2005,0.8800,4.8041,4.6256,0.8842,1.7271,1.6667,32479411.7000,28416352.9197,2596977.4178,79899352.7820,69904228.1825,6.3618,6.3618,0.7224,0.7224,7.2245,14.6531
2014-05-23,2.4600,2.4700,2.4500,2.4700,0.0100,0.4100,317642.8100,78182.8040,1.3000,2.8200,0.0112,0.1223,0.5300,4.8236,4.6444,0.8878,1.7341,1.6734,32479411.7000,28416352.9197,2596977.4178,80224146.8990,70188391.7117,6.3360,6.3360,0.7195,0.7195,7.1951,14.5935
2014-05-26,2.4700,2.4800,2.4600,2.4600,-0.0100,-0.4000,431549.9500,106464.5140,1.3000,2.8100,0.0152,0.1662,0.8300,4.8041,4.6256,0.8842,1.7271,1.6667,32479411.7000,28416352.9197,2596977.4178,79899352.7820,69904228.1825,6.3618,6.3618,0.7166,0.7166,7.1660,14.5344
2014-05-27,2.4600,2.4800,2.4500,2.4700,0.0100,0.4100,560668.9700,138503.4750,1.3000,2.8200,0.0197,0.2159,1.1400,4.8236,4.6444,0.8878,1.7341,1.6734,32479411.7000,28416352.9197,2596977.4178,80224146.8990,70188391.7117,6.3360,6.3360,0.7195,0.7195,7.1951,14.5935
2014-05-28,2.4700,2.5000,2.4600,2.4800,0.0100,0.4000,662131.0400,164321.4820,1.3100,2.8300,0.0233,0.2550,1.4300,4.8432,4.6632,0.8914,1.7411,1.6802,32479411.7000,28416352.9197,2596977.4178,80548941.0160,70472555.2409,6.3105,6.3105,0.7166,0.7166,7.1660,14.5344
2014-05-29,2.4900,2.5000,2.4800,2.4900,0.0100,0.4000,441965.3700,110132.9230,1.3200,2.8400,0.0156,0.1702,0.8900,4.8627,4.6820,0.8950,1.7481,1.6870,32479411.7000,28416352.9197,2596977.4178,80873735.1330,70756718.7701,6.2851,6.2851,0.7108,0.7108,7.1084,14.4177
2014-05-30,2.4900,2.5000,2.4800,2.4900,0.0000,0.0000,457852.0400,114062.0800,1.3200,2.8400,0.0161,0.1763,0.9500,4.8627,4.6820,0.8950,1.7481,1.6870,32479411.7000,28416352.9197,2596977.4178,80873735.1330,70756718.7701,6.2851,6.2851,0.7108,0.7108,7.1084,14.4177
2014-06-03,2.4900,2.5100,2.4800,2.5100,0.0200,0.8000,607766.8200,151914.8540,1.3300,2.8700,0.0214,0.2340,1.1900,4.9017,4.7196,0.9022,1.7622,1.7005,32479411.7000,28416352.9197,2596977.4178,81523323.3670,71325045.8284,6.2351,6.2351,0.7108,0.7108,7.1084,14.4177
2014-06-04,2.5000,2.5100,2.4800,2.4800,-0.0300,-1.2000,617289.4700,153772.6000,1.3100,2.8300,0.0217,0.2377,1.1300,4.8432,4.6632,0.8914,1.7411,1.6802,32479411.7000,28416352.9197,2596977.4178,80548941.0160,70472555.2409,6.3105,6.3105,0.7080,0.7080,7.0800,14.3600
2014-06-05,2.4800,2.5300,2.4800,2.5200,0.0400,1.6100,689291.2800,172840.6820,1.3300,2.8800,0.0243,0.2654,1.2400,4.9213,4.7384,0.9058,1.7692,1.7073,32479411.7000,28416352.9197,2596977.4178,81848117.4840,71609209.3576,6.2103,6.2103,0.7137,0.7137,7.1371,14.4758
2014-06-06,2.5200,2.5400,2.4900,2.5100,-0.0100,-0.4000,797219.3100,200538.2060,1.3300,2.8700,0.0281,0.3070,1.4200,4.9017,4.7196,0.9022,1.7622,1.7005,32479411.7000,28416352.9197,2596977.4178,81523323.3670,71325045.8284,6.2351,6.2351,0.7024,0.7024,7.0238,14.2460
2014-06-09,2.5000,2.5400,2.5000,2.5200,0.0100,0.4000,622535.9000,156987.8790,1.3300,2.8800,0.0219,0.2397,0.9800,4.9213,4.7384,0.9058,1.7692,1.7073,32479411.7000,28416352.9197,2596977.4178,81848117.4840,71609209.3576,6.2103,6.2103,0.7080,0.7080,7.0800,14.3600
2014-06-10,2.5200,2.5500,2.5100,2.5500,0.0300,1.1900,808698.5000,204846.3320,1.3500,2.9100,0.0285,0.3114,1.2100,4.9799,4.7948,0.9166,1.7903,1.7276,32479411.7000,28416352.9197,2596977.4178,82822499.8350,72461699.9452,6.1373,6.1373,0.7024,0.7024,7.0238,14.2460
2014-06-11,2.5400,2.5600,2.5300,2.5500,0.0000,0.0000,618255.7000,157335.3710,1.3500,2.9100,0.0218,0.2381,0.8700,4.9799,4.7948,0.9166,1.7903,1.7276,32479411.7000,28416352.9197,2596977.4178,82822499.8350,72461699.9452,6.1373,6.1373,0.6969,0.6969,6.9685,14.1339
2014-06-12,2.5400,2.5500,2.5400,2.5500,0.0000,0.0000,466012.8600,118639.0320,1.3500,2.9100,0.0164,0.1794,0.6600,4.9799,4.7948,0.9166,1.7903,1.7276,32479411.7000,28416352.9197,2596977.4178,82822499.8350,72461699.9452,6.1373,6.1373,0.6969,0.6969,6.9685,14.1339
2014-06-13,2.5400,2.5800,2.5400,2.5800,0.0300,1.1800,1072044.6900,274615.8550,1.3600,2.9500,0.0377,0.4128,1.6200,5.0384,4.8512,0.9273,1.8113,1.7480,32479411.7000,28416352.9197,2596977.4178,83796882.1860,73314190.5328,6.0659,6.0659,0.6969,0.6969,6.9685,14.1339
2014-06-16,2.5800,2.5900,2.5500,2.5800,0.0000,0.0000,1266001.4200,324848.9810,1.3600,2.9500,0.0446,0.4875,1.7600,5.0384,4.8512,0.9273,1.8113,1.7480,32479411.7000,28416352.9197,2596977.4178,83796882.1860,73314190.5328,6.0659,6.0659,0.6860,0.6860,6.8605,13.9147
2014-06-17,2.5700,2.5800,2.5500,2.5700,-0.0100,-0.3900,878234.1800,224914.3750,1.3600,2.9300,0.0309,0.3382,1.0400,5.0189,4.8324,0.9237,1.8043,1.7412,32479411.7000,28416352.9197,2596977.4178,83472088.0690,73030027.0036,6.0895,6.0895,0.6887,0.6887,6.8872,13.9689
2014-06-18,2.5600,2.5700,2.5100,2.5200,-0.0500,-1.9500,1221767.1700,309148.5850,1.3300,2.8800,0.0430,0.4705,1.4200,4.9213,4.7384,0.9058,1.7692,1.7073,32479411.7000,28416352.9197,2596977.4178,81848117.4840,71609209.3576,6.2103,6.2103,0.6914,0.6914,6.9141,14.0234
2014-06-19,2.5200,2.5300,2.4800,2.4900,-0.0300,-1.1900,861493.4800,215339.1590,1.3200,2.8400,0.0303,0.3317,0.8800,4.8627,4.6820,0.8950,1.7481,1.6870,32479411.7000,28416352.9197,2596977.4178,80873735.1330,70756718.7701,6.2851,6.2851,0.7024,0.7024,7.0238,14.2460
2014-06-20,2.4900,2.5200,2.4800,2.5100,0.0200,0.8000,576604.3500,144374.0870,1.3300,2.8700,0.0203,0.2220,0.5400,4.9017,4.7196,0.9022,1.7622,1.7005,32479411.7000,28416352.9197,2596977.4178,81523323.3670,71325045.8284,6.2351,6.2351,0.7108,0.7108,7.1084,14.4177
2014-06-23,2.5200,2.5200,2.4900,2.5000,-0.0100,-0.4000,582058.8000,145764.5780,1.3200,2.8500,0.0205,0.2241,0.6100,4.8822,4.7008,0.8986,1.7552,1.6938,32479411.7000,28416352.9197,2596977.4178,81198529.2500,71040882.2993,6.2600,6.2600,0.7024,0.7024,7.0238,14.2460
2014-06-24,2.5100,2.5100,2.5000,2.5000,0.0000,0.0000,340263.0400,85230.4010,1.3200,2.8500,0.0120,0.1310,0.4100,4.8822,4.7008,0.8986,1.7552,1.6938,32479411.7000,28416352.9197,2596977.4178,81198529.2500,71040882.2993,6.2600,6.2600,0.7052,0.7052,7.0518,14.3028
2014-06-25,2.5000,2.5100,2.5000,2.5100,0.0100,0.4000,362460.0200,90796.2120,1.3300,2.8700,0.0128,0.1396,0.5100,4.9017,4.7196,0.9022,1.7622,1.7005,32479411.7000,28416352.9197,2596977.4178,81523323.3670,71325045.8284,6.2351,6.2351,0.7080,0.7080,7.0800,14.3600
2014-06-26,2.5100,2.5300,2.5000,2.5300,0.0200,0.8000,531358.2000,134067.8480,1.3400,2.8900,0.0187,0.2046,0.9800,4.9408,4.7572,0.9094,1.7762,1.7141,32479411.7000,28416352.9197,2596977.4178,82172911.6010,71893372.8868,6.1858,6.1858,0.7052,0.7052,7.0518,14.3028
2014-06-27,2.5300,2.5300,2.5100,2.5200,-0.0100,-0.4000,452027.6100,114066.1280,1.3300,2.8800,0.0159,0.1741,0.9400,4.9213,4.7384,0.9058,1.7692,1.7073,32479411.7000,28416352.9197,2596977.4178,81848117.4840,71609209.3576,6.2103,6.2103,0.6996,0.6996,6.9960,14.1897
2014-06-30,2.5300,2.5400,2.5200,2.5200,0.0000,0.0000,596976.2300,150746.8420,1.3300,2.8800,0.0210,0.2299,1.3200,4.9213,4.7384,0.9058,1.7692,1.7073,32479411.7000,28416352.9197,2596977.4178,81848117.4840,71609209.3576,6.2103,,0.6996,0.6996,6.9960,14.1897
2014-07-01,2.5300,2.5300,2.5100,2.5300,0.0100,0.4000,748363.9800,188721.0090,1.3400,2.8900,0.0263,0.2882,1.6400,4.9408,4.7572,0.9094,1.7762,1.7141,32479411.7000,28416352.9197,2596977.4178,82172911.6010,71893372.8868,6.1858,,0.6996,0.6996,6.9960,14.1897
2014-07-02,2.5200,2.5400,2.5100,2.5200,-0.0100,-0.4000,1154973.5100,291701.5450,1.3300,2.8800,0.0406,0.4447,2.1500,4.9213,4.7384,0.9058,1.7692,1.7073,32479411.7000,28416352.9197,2596977.4178,81848117.4840,71609209.3576,6.2103,,0.7024,0.7024,7.0238,14.2460
2014-07-03,2.3500,2.3700,2.3400,2.3600,-0.1600,-6.3500,965062.6400,227454.4970,1.3400,2.9000,0.0340,0.3716,1.3900,4.6088,4.4375,0.9059,1.6569,1.5989,32479411.7000,28416352.9197,2596977.4178,76651411.6120,67062592.8905,6.6314,7.5000,0.7532,0.7532,7.5319,15.2766
2014-07-04,2.3600,2.3700,2.3500,2.3600,0.0000,0.0000,516298.8000,121876.3860,1.3400,2.9000,0.0182,0.1988,0.6600,4.6088,4.4375,0.9059,1.6569,1.5989,32479411.7000,28416352.9197,2596977.4178,76651411.6120,67062592.8905,6.6314,7.5000,0.7500,0.7500,7.5000,15.2119
2014-07-07,2.3600,2.3700,2.3500,2.3700,0.0100,0.4200,877804.7700,207422.8710,1.3500,2.9200,0.0309,0.3380,1.1000,4.6283,4.4563,0.9097,1.6639,1.6057,32479411.7000,28416352.9197,2596977.4178,76976205.7290,67346756.4197,6.6034,7.4684,0.7500,0.7500,7.5000,15.2119
2014-07-08,2.3700,2.3800,2.3500,2.3700,0.0000,0.0000,679365.3300,160722.8790,1.3500,2.9200,0.0239,0.2616,0.8000,4.6283,4.4563,0.9097,1.6639,1.6057,32479411.7000,28416352.9197,2596977.4178,76976205.7290,67346756.4197,6.6034,7.4684,0.7468,0.7468,7.4684,15.1477
2014-07-09,2.3700,2.3700,2.3500,2.3500,-0.0200,-0.8400,677001.1300,159685.0630,1.3400,2.8900,0.0238,0.2607,0.8100,4.5893,4.4187,0.9021,1.6499,1.5921,32479411.7000,28416352.9197,2596977.4178,76326617.4950,66778429.3613,6.6596,7.5319,0.7468,0.7468,7.4684,15.1477
2014-07-10,2.3500,2.3600,2.3500,2.3600,0.0100,0.4300,456148.0100,107414.9160,1.3400,2.9000,0.0161,0.1756,0.6100,4.6088,4.4375,0.9059,1.6569,1.5989,32479411.7000,28416352.9197,2596977.4178,76651411.6120,67062592.8905,6.6314,7.5000,0.7532,0.7532,7.5319,15.2766
2014-07-11,2.3600,2.3700,2.3500,2.3500,-0.0100,-0.4200,546110.3200,128745.2900,1.3400,2.8900,0.0192,0.2103,0.8500,4.5893,4.4187,0.9021,1.6499,1.5921,32479411.7000,28416352.9197,2596977.4178,76326617.4950,66778429.3613,6.6596,7.5319,0.7500,0.7500,7.5000,15.2119
2014-07-14,2.3600,2.3600,2.3500,2.3600,0.0100,0.4300,836305.3900,196895.1980,1.3400,2.9000,0.0294,0.3220,1.2900,4.6088,4.4375,0.9059,1.6569,1.5989,32479411.7000,28416352.9197,2596977.4178,76651411.6120,67062592.8905,6.6314,7.5000,0.7500,0.7500,7.5000,15.2119
2014-07-15,2.3600,2.3700,2.3600,2.3700,0.0100,0.4200,690948.1500,163346.2560,1.3500,2.9200,0.0243,0.2661,1.0800,4.6283,4.4563,0.9097,1.6639,1.6057,32479411.7000,28416352.9197,2596977.4178,76976205.7290,67346756.4197,6.6034,7.4684,0.7500,0.7500,7.5000,15.2119
2014-07-16,2.3700,2.3700,2.3600,2.3700,0.0000,0.0000,872820.3500,206409.0470,1.3500,2.9200,0.0307,0.3361,1.3600,4.6283,4.4563,0.9097,1.6639,1.6057,32479411.7000,28416352.9197,2596977.4178,76976205.7290,67346756.4197,6.6034,7.4684,0.7468,0.7468,7.4684,15.1477
2014-07-17,2.3700,2.3700,2.3500,2.3700,0.0000,0.0000,653061.8600,154285.9800,1.3500,2.9200,0.0230,0.2515,0.9600,4.6283,4.4563,0.9097,1.6639,1.6057,32479411.7000,28416352.9197,2596977.4178,76976205.7290,67346756.4197,6.6034,7.4684,0.7468,0.7468,7.4684,15.1477
2014-07-18,2.3600,2.3700,2.3500,2.3600,-0.0100,-0.4200,630664.2800,148953.6200,1.3400,2.9000,0.0222,0.2428,0.8800,4.6088,4.4375,0.9059,1.6569,1.5989,32479411.7000,28416352.9197,2596977.4178,76651411.6120,67062592.8905,6.6314,7.5000,0.7500,0.7500,7.5000,15.2119
2014-07-21,2.3600,2.3700,2.3500,2.3600,0.0000,0.0000,574220.1300,135363.6560,1.3400,2.9000,0.0202,0.2211,0.7800,4.6088,4.4375,0.9059,1.6569,1.5989,32479411.7000,28416352.9197,2596977.4178,76651411.6120,67062592.8905,6.6314,7.5000,0.7500,0.7500,7.5000,15.2119
2014-07-22,2.3600,2.3700,2.3500,2.3600,0.0000,0.0000,1282717.1100,302632.1000,1.3400,2.9000,0.0451,0.4939,1.8700,4.6088,4.4375,0.9059,1.6569,1.5989,32479411.7000,28416352.9197,2596977.4178,76651411.6120,67062592.8905,6.6314,7.5000,0.7500,0.7500,7.5000,15.2119
2014-07-23,2.3600,2.3700,2.3500,2.3600,0.0000,0.0000,1400373.0600,331037.0870,1.3400,2.9000,0.0493,0.5392,1.7400,4.6088,4.4375,0.9059,1.6569,1.5989,32479411.7000,28416352.9197,2596977.4178,76651411.6120,67062592.8905,6.6314,7.5000,0.7500,0.7500,7.5000,15.2119
2014-07-24,2.3600,2.4100,2.3600,2.4000,0.0400,1.6900,1819434.2200,434659.6770,1.3700,2.9500,0.0640,0.7006,2.0000,4.6869,4.5128,0.9212,1.6850,1.6260,32479411.7000,28416352.9197,2596977.4178,77950588.0800,68199247.0073,6.5208,7.3750,0.7500,0.7500,7.5000,15.2119
2014-07-25,2.4100,2.4600,2.4000,2.4500,0.0500,2.0800,1457038.0900,354514.4360,1.3900,3.0100,0.0513,0.5611,1.2800,4.7846,4.6068,0.9404,1.7201,1.6599,32479411.7000,28416352.9197,2596977.4178,79574558.6650,69620064.6533,6.3878,7.2245,0.7344,0.7344,7.3444,14.8963
2014-07-28,2.4600,2.5400,2.4500,2.5300,0.0800,3.2700,2963831.3200,744034.9520,1.4400,3.1100,0.1043,1.1413,2.2700,4.9408,4.7572,0.9711,1.7762,1.7141,32479411.7000,28416352.9197,2596977.4178,82172911.6010,71893372.8868,6.1858,6.9960,0.7195,0.7195,7.1951,14.5935
2014-07-29,2.5300,2.5400,2.5000,2.5200,-0.0100,-0.4000,1794291.5800,452431.0100,1.4300,3.1000,0.0631,0.6909,1.0100,4.9213,4.7384,0.9673,1.7692,1.7073,32479411.7000,28416352.9197,2596977.4178,81848117.4840,71609209.3576,6.2103,7.0238,0.6996,0.6996,6.9960,14.1897
2014-07-30,2.5100,2.5300,2.4800,2.4900,-0.0300,-1.1900,1934249.5400,485527.6190,1.4200,3.0600,0.0681,0.7448,1.0300,4.8627,4.6820,0.9558,1.7481,1.6870,32479411.7000,28416352.9197,2596977.4178,80873735.1330,70756718.7701,6.2851,7.1084,0.7052,0.7052,7.0518,14.3028
2014-07-31,2.4900,2.5200,2.4700,2.5200,0.0300,1.2000,1831751.6000,456023.3560,1.4300,3.1000,0.0645,0.7053,0.9200,4.9213,4.7384,0.9673,1.7692,1.7073,32479411.7000,28416352.9197,2596977.4178,81848117.4840,71609209.3576,6.2103,7.0238,0.7108,0.7108,7.1084,14.4177
2014-08-01,2.5100,2.5700,2.5000,2.5200,0.0000,0.0000,2401680.0700,609343.7990,1.4300,3.1000,0.0845,0.9248,1.2000,4.9213,4.7384,0.9673,1.7692,1.7073,32479411.7000,28416352.9197,2596977.4178,81848117.4840,71609209.3576,6.2103,7.0238,0.7052,0.7052,7.0518,14.3028
2014-08-04,2.5300,2.5400,2.5100,2.5300,0.0100,0.4000,1541139.7300,390031.1450,1.4400,3.1100,0.0542,0.5934,0.7100,4.9408,4.7572,0.9711,1.7762,1.7141,32479411.7000,28416352.9197,2596977.4178,82172911.6010,71893372.8868,6.1858,6.9960,0.6996,0.6996,6.9960,14.1897
2014-08-05,2.5400,2.5500,2.5200,2.5300,0.0000,0.0000,1346529.8100,341018.8370,1.4400,3.1100,0.0474,0.5185,0.7100,4.9408,4.7572,0.9711,1.7762,1.7141,32479411.7000,28416352.9197,2596977.4178,82172911.6010,71893372.8868,6.1858,6.9960,0.6969,0.6969,6.9685,14.1339
2014-08-06,2.5300,2.5400,2.5000,2.5300,0.0000,0.0000,1378258.0000,347621.6270,1.4400,3.1100,0.0485,0.5307,0.7600,4.9408,4.7572,0.9711,1.7762,1.7141,32479411.7000,28416352.9197,2596977.4178,82172911.6010,71893372.8868,6.1858,6.9960,0.6996,0.6996,6.9960,14.1897
2014-08-07,2.5300,2.5400,2.4900,2.4900,-0.0400,-1.5800,1254129.0200,314622.1850,1.4200,3.0600,0.0441,0.4829,0.7400,4.8627,4.6820,0.9558,1.7481,1.6870,32479411.7000,28416352.9197,2596977.4178,80873735.1330,70756718.7701,6.2851,7.1084,0.6996,0.6996,6.9960,14.1897
2014-08-08,2.5000,2.5100,2.4800,2.5000,0.0100,0.4000,1088729.5900,271338.0940,1.4200,3.0800,0.0383,0.4192,0.6900,4.8822,4.7008,0.9596,1.7552,1.6938,32479411.7000,28416352.9197,2596977.4178,81198529.2500,71040882.2993,6.2600,7.0800,0.7080,0.7080,7.0800,14.3600
2014-08-11,2.5100,2.5300,2.5000,2.5200,0.0200,0.8000,803857.9600,202147.2090,1.4300,3.1000,0.0283,0.3095,0.6100,4.9213,4.7384,0.9673,1.7692,1.7073,32479411.7000,28416352.9197,2596977.4178,81848117.4840,71609209.3576,6.2103,7.0238,0.7052,0.7052,7.0518,14.3028
2014-08-12,2.5200,2.5300,2.5000,2.5100,-0.0100,-0.4000,779728.0200,195597.4310,1.4300,3.0900,0.0274,0.3002,0.6600,4.9017,4.7196,0.9635,1.7622,1.7005,32479411.7000,28416352.9197,2596977.4178,81523323.3670,71325045.8284,6.2351,7.0518,0.7024,0.7024,7.0238,14.2460
2014-08-13,2.5100,2.5200,2.4900,2.5100,0.0000,0.0000,1285074.2600,322007.3560,1.4300,3.0900,0.0452,0.4948,1.2100,4.9017,4.7196,0.9635,1.7622,1.7005,32479411.7000,28416352.9197,2596977.4178,81523323.3670,71325045.8284,6.2351,7.0518,0.7052,0.7052,7.0518,14.3028
2014-08-14,2.5000,2.5200,2.4900,2.5000,-0.0100,-0.4000,1239492.5000,311071.5500,1.4200,3.0800,0.0436,0.4773,1.1900,4.8822,4.7008,0.9596,1.7552,1.6938,32479411.7000,28416352.9197,2596977.4178,81198529.2500,71040882.2993,6.2600,7.0800,0.7080,0.7080,7.0800,14.3600
2014-08-15,2.5100,2.5200,2.4900,2.5200,0.0200,0.8000,950626.6200,238190.8760,1.4300,3.1000,0.0335,0.3661,0.9100,4.9213,4.7384,0.9673,1.7692,1.7073,32479411.7000,28416352.9197,2596977.4178,81848117.4840,71609209.3576,6.2103,7.0238,0.7052,0.7052,7.0518,14.3028
2014-08-18,2.5200,2.5200,2.5000,2.5000,-0.0200,-0.7900,967148.4500,242418.2800,1.4200,3.0800,0.0340,0.3724,0.9600,4.8822,4.7008,0.9596,1.7552,1.6938,32479411.7000,28416352.9197,2596977.4178,81198529.2500,71040882.2993,6.2600,7.0800,0.7024,0.7024,7.0238,14.2460
2014-08-19,2.5000,2.5200,2.5000,2.5100,0.0100,0.4000,1522617.5600,381490.7800,1.4300,3.0900,0.0536,0.5863,1.4600,4.9017,4.7196,0.9635,1.7622,1.7005,32479411.7000,28416352.9197,2596977.4178,81523323.3670,71325045.8284,6.2351,7.0518,0.7080,0.7080,7.0800,14.3600
2014-08-20,2.5100,2.5100,2.4900,2.5000,-0.0100,-0.4000,699617.3100,175113.2200,1.4200,3.0800,0.0246,0.2694,0.5900,4.8822,4.7008,0.9596,1.7552,1.6938,32479411.7000,28416352.9197,2596977.4178,81198529.2500,71040882.2993,6.2600,7.0800,0.7052,0.7052,7.0518,14.3028
2014-08-21,2.5000,2.5100,2.4700,2.4800,-0.0200,-0.8000,1195626.2700,296747.4080,1.4100,3.0500,0.0421,0.4604,1.1100,4.8432,4.6632,0.9520,1.7411,1.6802,32479411.7000,28416352.9197,2596977.4178,80548941.0160,70472555.2409,6.3105,7.1371,0.7080,0.7080,7.0800,14.3600
2014-08-22,2.4800,2.4900,2.4700,2.4800,0.0000,0.0000,1126423.7400,278974.2290,1.4100,3.0500,0.0396,0.4337,1.0600,4.8432,4.6632,0.9520,1.7411,1.6802,32479411.7000,28416352.9197,2596977.4178,80548941.0160,70472555.2409,6.3105,7.1371,0.7137,0.7137,7.1371,14.4758
2014-08-25,2.4800,2.4900,2.4600,2.4600,-0.0200,-0.8100,986122.8400,243214.5600,1.4000,3.0300,0.0347,0.3797,0.8900,4.8041,4.6256,0.9443,1.7271,1.6667,32479411.7000,28416352.9197,2596977.4178,79899352.7820,69904228.1825,6.3618,7.1951,0.7137,0.7137,7.1371,14.4758
2014-08-26,2.4600,2.4700,2.4500,2.4600,0.0000,0.0000,954958.2200,234537.0830,1.4000,3.0300,0.0336,0.3677,0.8600,4.8041,4.6256,0.9443,1.7271,1.6667,32479411.7000,28416352.9197,2596977.4178,79899352.7820,69904228.1825,6.3618,7.1951,0.7195,0.7195,7.1951,14.5935
2014-08-27,2.4500,2.4600,2.4400,2.4500,-0.0100,-0.4100,554488.5000,135819.6420,1.3900,3.0100,0.0195,0.2135,0.5600,4.7846,4.4706,0.8781,1.7201,1.6098,32479411.7000,28416352.9197,2596977.4178,79574558.6650,69620064.6533,6.3878,7.2245,0.7224,0.7224,7.2245,14.6531
2014-08-28,2.4400,2.4500,2.4100,2.4100,-0.0400,-1.6300,756576.7700,183771.5280,1.3700,2.9600,0.0266,0.2913,0.7900,4.7065,4.3976,0.8638,1.6920,1.5836,32479411.7000,28416352.9197,2596977.4178,78275382.1970,68483410.5365,6.4938,7.3444,0.7254,0.7254,7.2541,14.7131
2014-08-29,2.4200,2.4400,2.4100,2.4300,0.0200,0.8300,903230.3800,219073.3470,1.3800,2.9900,0.0318,0.3478,1.0300,4.7455,4.4341,0.8709,1.7060,1.5967,32479411.7000,28416352.9197,2596977.4178,78924970.4310,69051737.5949,6.4403,7.2840,0.7314,0.7314,7.3140,14.8347
2014-09-01,2.4400,2.4500,2.4200,2.4400,0.0100,0.4100,1102010.7600,268739.9900,1.3900,3.0000,0.0388,0.4243,1.3300,4.7650,4.4524,0.8745,1.7130,1.6033,32479411.7000,28416352.9197,2596977.4178,79249764.5480,69335901.1241,6.4139,7.2541,0.7254,0.7254,7.2541,14.7131
2014-09-02,2.4400,2.4800,2.4400,2.4700,0.0300,1.2300,1467454.6900,360034.0540,1.4100,3.0400,0.0516,0.5651,1.7200,4.8236,4.5071,0.8853,1.7341,1.6230,32479411.7000,28416352.9197,2596977.4178,80224146.8990,70188391.7117,6.3360,7.1660,0.7254,0.7254,7.2541,14.7131
2014-09-03,2.4800,2.5100,2.4700,2.5000,0.0300,1.2100,1407603.9300,351110.4950,1.4200,3.0800,0.0495,0.5420,1.4700,4.8822,4.5618,0.8960,1.7552,1.6427,32479411.7000,28416352.9197,2596977.4178,81198529.2500,71040882.2993,6.2600,7.0800,0.7137,0.7137,7.1371,14.4758
2014-09-04,2.5000,2.5200,2.4900,2.5100,0.0100,0.4000,954345.5000,238804.0040,1.4300,3.0900,0.0336,0.3675,0.8500,4.9017,4.5801,0.8996,1.7622,1.6493,32479411.7000,28416352.9197,2596977.4178,81523323.3670,71325045.8284,6.2351,7.0518,0.7080,0.7080,7.0800,14.3600
2014-09-05,2.5200,2.5300,2.5100,2.5200,0.0100,0.4000,1110972.5600,280200.9780,1.4300,3.1000,0.0391,0.4278,0.9500,4.9213,4.5983,0.9032,1.7692,1.6558,32479411.7000,28416352.9197,2596977.4178,81848117.4840,71609209.3576,6.2103,7.0238,0.7024,0.7024,7.0238,14.2460
2014-09-09,2.5300,2.5300,2.5100,2.5100,-0.0100,-0.4000,879434.2300,221355.7520,1.4300,3.0900,0.0309,0.3386,0.7300,4.9017,4.5801,0.8996,1.7622,1.6493,32479411.7000,28416352.9197,2596977.4178,81523323.3670,71325045.8284,6.2351,7.0518,0.6996,0.6996,6.9960,14.1897
2014-09-10,2.5100,2.5100,2.4800,2.4900,-0.0200,-0.8000,1184725.4100,295283.5920,1.4200,3.0600,0.0417,0.4562,1.0200,4.8627,4.5436,0.8924,1.7481,1.6361,32479411.7000,28416352.9197,2596977.4178,80873735.1330,70756718.7701,6.2851,7.1084,0.7052,0.7052,7.0518,14.3028
2014-09-11,2.4900,2.5100,2.4800,2.4800,-0.0100,-0.4000,1563341.5800,389347.2880,1.4100,3.0500,0.0550,0.6020,1.4100,4.8432,4.5253,0.8888,1.7411,1.6295,32479411.7000,28416352.9197,2596977.4178,80548941.0160,70472555.2409,6.3105,7.1371,0.7108,0.7108,7.1084,14.4177
2014-09-12,2.4800,2.5000,2.4700,2.5000,0.0200,0.8100,742914.0600,184589.1450,1.4200,3.0800,0.0261,0.2861,0.6500,4.8822,4.5618,0.8960,1.7552,1.6427,32479411.7000,28416352.9197,2596977.4178,81198529.2500,71040882.2993,6.2600,7.0800,0.7137,0.7137,7.1371,14.4758
2014-09-15,2.4900,2.4900,2.4700,2.4800,-0.0200,-0.8000,1139399.6500,282818.1590,1.4100,3.0500,0.0401,0.4387,1.0400,4.8432,4.5253,0.8888,1.7411,1.6295,32479411.7000,28416352.9197,2596977.4178,80548941.0160,70472555.2409,6.3105,7.1371,0.7108,0.7108,7.1084,14.4177
2014-09-16,2.4900,2.5300,2.4800,2.5000,0.0200,0.8100,2719382.0300,681078.2950,1.4200,3.0800,0.0957,1.0471,2.4700,4.8822,4.5618,0.8960,1.7552,1.6427,32479411.7000,28416352.9197,2596977.4178,81198529.2500,71040882.2993,6.2600,7.0800,0.7108,0.7108,7.1084,14.4177
2014-09-17,2.4900,2.5000,2.4800,2.4900,-0.0100,-0.4000,1745923.8600,434954.2750,1.4200,3.0600,0.0614,0.6723,1.1900,4.8627,4.5436,0.8924,1.7481,1.6361,32479411.7000,28416352.9197,2596977.4178,80873735.1330,70756718.7701,6.2851,7.1084,0.7108,0.7108,7.1084,14.4177
2014-09-18,2.4800,2.5100,2.4700,2.5000,0.0100,0.4000,1763639.1500,439395.9550,1.4200,3.0800,0.0621,0.6791,1.1100,4.8822,4.5618,0.8960,1.7552,1.6427,32479411.7000,28416352.9197,2596977.4178,81198529.2500,71040882.2993,6.2600,7.0800,0.7137,0.7137,7.1371,14.4758
2014-09-19,2.5000,2.5000,2.4800,2.5000,0.0000,0.0000,1269368.5900,316308.8900,1.4200,3.0800,0.0447,0.4888,0.7800,4.8822,4.5618,0.8960,1.7552,1.6427,32479411.7000,28416352.9197,2596977.4178,81198529.2500,71040882.2993,6.2600,7.0800,0.7080,0.7080,7.0800,14.3600
2014-09-22,2.4900,2.4900,2.4500,2.4500,-0.0500,-2.0000,1216348.3800,299989.2190,1.3900,3.0100,0.0428,0.4684,0.7000,4.7846,4.4706,0.8781,1.7201,1.6098,32479411.7000,28416352.9197,2596977.4178,79574558.6650,69620064.6533,6.3878,7.2245,0.7108,0.7108,7.1084,14.4177
2014-09-23,2.4500,2.4700,2.4500,2.4600,0.0100,0.4100,887116.9600,218136.7160,1.4000,3.0300,0.0312,0.3416,0.5100,4.8041,4.4889,0.8817,1.7271,1.6164,32479411.7000,28416352.9197,2596977.4178,79899352.7820,69904228.1825,6.3618,7.1951,0.7224,0.7224,7.2245,14.6531
2014-09-24,2.4600,2.5000,2.4500,2.4800,0.0200,0.8100,1815872.2000,450154.9560,1.4100,3.0500,0.0639,0.6992,1.3200,4.8432,4.5253,0.8888,1.7411,1.6295,32479411.7000,28416352.9197,2596977.4178,80548941.0160,70472555.2409,6.3105,7.1371,0.7195,0.7195,7.1951,14.5935
2014-09-25,2.5000,2.5100,2.4800,2.4900,0.0100,0.4000,1562372.0300,390265.5000,1.4200,3.0600,0.0550,0.6016,1.1200,4.8627,4.5436,0.8924,1.7481,1.6361,32479411.7000,28416352.9197,2596977.4178,80873735.1330,70756718.7701,6.2851,7.1084,0.7080,0.7080,7.0800,14.3600
2014-09-26,2.4800,2.5000,2.4800,2.4900,0.0000,0.0000,830871.7500,206939.2050,1.4200,3.0600,0.0292,0.3199,0.6200,4.8627,4.5436,0.8924,1.7481,1.6361,32479411.7000,28416352.9197,2596977.4178,80873735.1330,70756718.7701,6.2851,7.1084,0.7137,0.7137,7.1371,14.4758
2014-09-29,2.4900,2.5000,2.4700,2.4800,-0.0100,-0.4000,1435071.3200,356577.7300,1.4100,3.0500,0.0505,0.5526,1.1400,4.8432,4.5253,0.8888,1.7411,1.6295,32479411.7000,28416352.9197,2596977.4178,80548941.0160,70472555.2409,6.3105,7.1371,0.7108,0.7108,7.1084,14.4177
2014-09-30,2.4900,2.4900,2.4700,2.4900,0.0100,0.4000,1363279.2100,338154.6320,1.4200,3.0600,0.0480,0.5249,1.0400,4.8627,4.5436,0.8924,1.7481,1.6361,32479411.7000,28416352.9197,2596977.4178,80873735.1330,70756718.7701,6.2851,7.1084,0.7108,0.7108,7.1084,14.4177
2014-10-08,2.4900,2.4900,2.4700,2.4900,0.0000,0.0000,1257328.4700,312015.8330,1.4200,3.0600,0.0442,0.4842,0.9000,4.8627,4.5436,0.8924,1.7481,1.6361,32479411.7000,28416352.9197,2596977.4178,80873735.1330,70756718.7701,6.2851,7.1084,0.7108,0.7108,7.1084,14.4177
2014-10-09,2.4900,2.5000,2.4800,2.4900,0.0000,0.0000,1089672.2500,271100.4180,1.4200,3.0600,0.0383,0.4196,0.8400,4.8627,4.5436,0.8924,1.7481,1.6361,32479411.7000,28416352.9197,2596977.4178,80873735.1330,70756718.7701,6.2851,7.1084,0.7108,0.7108,7.1084,14.4177
2014-10-10,2.4800,2.4900,2.4700,2.4800,-0.0100,-0.4000,1249695.9200,309615.5170,1.4100,3.0500,0.0440,0.4812,1.0500,4.8432,4.5253,0.8888,1.7411,1.6295,32479411.7000,28416352.9197,2596977.4178,80548941.0160,70472555.2409,6.3105,7.1371,0.7137,0.7137,7.1371,14.4758
2014-10-13,2.4700,2.4800,2.4500,2.4600,-0.0200,-0.8100,1303432.0400,320408.5180,1.4000,3.0300,0.0459,0.5019,1.0200,4.8041,4.4889,0.8817,1.7271,1.6164,32479411.7000,28416352.9197,2596977.4178,79899352.7820,69904228.1825,6.3618,7.1951,0.7166,0.7166,7.1660,14.5344
2014-10-14,2.4500,2.4800,2.4500,2.4600,0.0000,0.0000,1330295.1200,327593.8310,1.4000,3.0300,0.0468,0.5122,1.0600,4.8041,4.4889,0.8817,1.7271,1.6164,32479411.7000,28416352.9197,2596977.4178,79899352.7820,69904228.1825,6.3618,7.1951,0.7224,0.7224,7.2245,14.6531
2014-10-15,2.4600,2.4800,2.4500,2.4700,0.0100,0.4100,1349716.7100,333146.6010,1.4100,3.0400,0.0475,0.5197,1.0800,4.8236,4.5071,0.8853,1.7341,1.6230,32479411.7000,28416352.9197,2596977.4178,80224146.8990,70188391.7117,6.3360,7.1660,0.7195,0.7195,7.1951,14.5935
2014-10-16,2.4700,2.5000,2.4600,2.4800,0.0100,0.4000,1964602.6700,487185.7340,1.4100,3.0500,0.0691,0.7565,1.5500,4.8432,4.5253,0.8888,1.7411,1.6295,32479411.7000,28416352.9197,2596977.4178,80548941.0160,70472555.2409,6.3105,7.1371,0.7166,0.7166,7.1660,14.5344
2014-10-17,2.4800,2.4800,2.4500,2.4600,-0.0200,-0.8100,1653561.4300,407595.1710,1.4000,3.0300,0.0582,0.6367,1.1500,4.8041,4.4889,0.8817,1.7271,1.6164,32479411.7000,28416352.9197,2596977.4178,79899352.7820,69904228.1825,6.3618,7.1951,0.7137,0.7137,7.1371,14.4758
2014-10-20,2.4700,2.4800,2.4600,2.4700,0.0100,0.4100,1172151.0800,289533.0740,1.4100,3.0400,0.0412,0.4514,0.7700,4.8236,4.5071,0.8853,1.7341,1.6230,32479411.7000,28416352.9197,2596977.4178,80224146.8990,70188391.7117,6.3360,7.1660,0.7166,0.7166,7.1660,14.5344
2014-10-21,2.4700,2.4800,2.4500,2.4600,-0.0100,-0.4000,1571411.4600,386993.9870,1.4000,3.0300,0.0553,0.6051,1.0500,4.8041,4.4889,0.8817,1.7271,1.6164,32479411.7000,28416352.9197,2596977.4178,79899352.7820,69904228.1825,6.3618,7.1951,0.7166,0.7166,7.1660,14.5344
2014-10-22,2.4600,2.4700,2.4500,2.4700,0.0100,0.4100,1209858.6700,298254.4980,1.4100,3.0400,0.0426,0.4659,0.7800,4.8236,4.5071,0.8853,1.7341,1.6230,32479411.7000,28416352.9197,2596977.4178,80224146.8990,70188391.7117,6.3360,7.1660,0.7195,0.7195,7.1951,14.5935
2014-10-23,2.4700,2.4700,2.4500,2.4500,-0.0200,-0.8100,1255774.5200,308833.3400,1.3900,3.0100,0.0442,0.4836,0.8300,4.7846,4.4706,0.8781,1.7201,1.6098,32479411.7000,28416352.9197,2596977.4178,79574558.6650,69620064.6533,6.3878,7.2245,0.7166,0.7166,7.1660,14.5344
2014-10-24,2.4500,2.4600,2.4400,2.4500,0.0000,0.0000,723852.5300,177480.7560,1.3900,3.0100,0.0255,0.2787,0.5300,4.7846,4.4706,0.8781,1.7201,1.6098,32479411.7000,28416352.9197,2596977.4178,79574558.6650,69620064.6533,6.3878,7.2245,0.7224,0.7224,7.2245,14.6531
2014-10-27,2.4400,2.4500,2.4200,2.4300,-0.0200,-0.8200,1166328.3500,284057.9220,1.3800,2.9900,0.0410,0.4491,0.9800,4.7455,4.4341,0.8709,1.7060,1.5967,32479411.7000,28416352.9197,2596977.4178,78924970.4310,69051737.5949,6.4403,7.2840,0.7254,0.7254,7.2541,14.7131
2014-10-28,2.4300,2.4500,2.4200,2.4500,0.0200,0.8200,1085014.4400,264768.8610,1.3900,3.0100,0.0382,0.4178,0.9200,4.7846,4.4706,0.8781,1.7201,1.6098,32479411.7000,28416352.9197,2596977.4178,79574558.6650,69620064.6533,6.3878,7.2245,0.7284,0.7284,7.2840,14.7737
2014-10-29,2.4500,2.4800,2.4500,2.4800,0.0300,1.2200,1822752.0300,448913.2070,1.4100,3.0500,0.0641,0.7019,1.6800,4.8432,4.5253,0.8888,1.7411,1.6295,32479411.7000,28416352.9197,2596977.4178,80548941.0160,70472555.2409,6.3105,7.1371,0.7224,0.7224,7.2245,14.6531
2014-10-30,2.4700,2.5200,2.4600,2.5000,0.0200,0.8100,2932952.3000,729196.7430,1.4200,3.0800,0.1032,1.1294,2.4200,4.8822,4.5618,0.8960,1.7552,1.6427,32479411.7000,28416352.9197,2596977.4178,81198529.2500,71040882.2993,6.2600,7.0800,0.7166,0.7166,7.1660,14.5344
2014-10-31,2.5000,2.5900,2.5000,2.5600,0.0600,2.4000,6360797.5300,1613815.8300,1.4600,3.1500,0.2238,2.4493,4.1100,4.9994,4.5997,0.8687,1.7973,1.6457,32479411.7000,28416352.9197,2596977.4178,83147293.9520,72745863.4744,6.1133,6.9141,0.7080,0.7080,7.0800,14.3600
2014-11-03,2.5500,2.5600,2.5300,2.5400,-0.0200,-0.7800,3175165.4700,808566.6060,1.4400,3.1200,0.1117,1.2226,1.1900,4.9603,4.5638,0.8619,1.7833,1.6328,32479411.7000,28416352.9197,2596977.4178,82497705.7180,72177536.4160,6.1614,6.9685,0.6941,0.6941,6.9412,14.0784
2014-11-04,2.5400,2.5500,2.5200,2.5400,0.0000,0.0000,2208683.6900,558848.9300,1.4400,3.1200,0.0777,0.8505,0.7200,4.9603,4.5638,0.8619,1.7833,1.6328,32479411.7000,28416352.9197,2596977.4178,82497705.7180,72177536.4160,6.1614,6.9685,0.6969,0.6969,6.9685,14.1339
2014-11-05,2.5300,2.5400,2.4900,2.5000,-0.0400,-1.5700,3325318.9900,833384.4900,1.4200,3.0800,0.1170,1.2805,1.0100,4.8822,4.4919,0.8484,1.7552,1.6071,32479411.7000,28416352.9197,2596977.4178,81198529.2500,71040882.2993,6.2600,7.0800,0.6996,0.6996,6.9960,14.1897
2014-11-06,2.5000,2.5100,2.4900,2.5000,0.0000,0.0000,1559348.8500,389878.7240,1.4200,3.0800,0.0549,0.6004,0.4300,4.8822,4.4919,0.8484,1.7552,1.6071,32479411.7000,28416352.9197,2596977.4178,81198529.2500,71040882.2993,6.2600,7.0800,0.7080,0.7080,7.0800,14.3600
2014-11-07,2.5000,2.5400,2.4800,2.4900,-0.0100,-0.4000,3462612.3900,868852.9460,1.4200,3.0600,0.1219,1.3333,1.0400,4.8627,4.4739,0.8450,1.7481,1.6007,32479411.7000,28416352.9197,2596977.4178,80873735.1330,70756718.7701,6.2851,7.1084,0.7080,0.7080,7.0800,14.3600
2014-11-10,2.5100,2.5600,2.5000,2.5500,0.0600,2.4100,4943056.5700,1251339.0830,1.4500,3.1400,0.1740,1.9034,1.8000,4.9799,4.5818,0.8653,1.7903,1.6392,32479411.7000,28416352.9197,2596977.4178,82822499.8350,72461699.9452,6.1373,6.9412,0.7052,0.7052,7.0518,14.3028
2014-11-11,2.5600,2.7700,2.5600,2.6900,0.1400,5.4900,12881039.5900,3440600.5310,1.5300,3.3100,0.4533,4.9600,4.1600,5.2533,4.8333,0.9128,1.8886,1.7292,32479411.7000,28416352.9197,2596977.4178,87369617.4730,76439989.3540,5.8178,6.5799,0.6914,0.6914,6.9141,14.0234
2014-11-12,2.6500,2.6600,2.6100,2.6500,-0.0400,-1.4900,4528923.5700,1193759.2580,1.5100,3.2600,0.1594,1.7439,0.8700,5.1751,4.7614,0.8993,1.8605,1.7035,32479411.7000,28416352.9197,2596977.4178,86070441.0050,75303335.2372,5.9057,6.6792,0.6679,0.6679,6.6792,13.5472
2014-11-13,2.6600,2.7000,2.6300,2.6400,-0.0100,-0.3800,5069190.2300,1352212.6230,1.5000,3.2500,0.1784,1.9520,0.9300,5.1556,4.7435,0.8959,1.8535,1.6971,32479411.7000,28416352.9197,2596977.4178,85745646.8880,75019171.7080,5.9280,6.7045,0.6654,0.6654,6.6541,13.4962
2014-11-14,2.6500,2.6800,2.6200,2.6700,0.0300,1.1400,3505164.6400,927565.0320,1.5200,3.2800,0.1234,1.3497,0.5700,5.2142,4.7974,0.9060,1.8745,1.7164,32479411.7000,28416352.9197,2596977.4178,86720029.2390,75871662.2956,5.8614,6.6292,0.6679,0.6679,6.6792,13.5472
2014-11-17,2.7000,2.7100,2.6000,2.6100,-0.0600,-2.2500,3615879.4400,959668.2900,1.4800,3.2100,0.1272,1.3923,0.5800,5.0970,4.6896,0.8857,1.8324,1.6778,32479411.7000,28416352.9197,2596977.4178,84771264.5370,74166681.1204,5.9962,6.7816,0.6556,0.6556,6.5556,13.2963
2014-11-18,2.6200,2.6200,2.5300,2.5400,-0.0700,-2.6800,4380782.7000,1126491.7400,1.4400,3.1200,0.1542,1.6869,0.7400,4.9603,4.5638,0.8619,1.7833,1.6328,32479411.7000,28416352.9197,2596977.4178,82497705.7180,72177536.4160,6.1614,6.9685,0.6756,0.6756,6.7557,13.7023
2014-11-19,2.5400,2.5500,2.5200,2.5400,0.0000,0.0000,1976569.6700,501369.4700,1.4400,3.1200,0.0696,0.7611,0.4700,4.9603,4.5638,0.8619,1.7833,1.6328,32479411.7000,28416352.9197,2596977.4178,82497705.7180,72177536.4160,6.1614,6.9685,0.6969,0.6969,6.9685,14.1339
2014-11-20,2.5300,2.5500,2.5200,2.5400,0.0000,0.0000,2203686.4800,558325.1930,1.4400,3.1200,0.0775,0.8486,0.5900,4.9603,4.5638,0.8619,1.7833,1.6328,32479411.7000,28416352.9197,2596977.4178,82497705.7180,72177536.4160,6.1614,6.9685,0.6996,0.6996,6.9960,14.1897
2014-11-21,2.5400,2.5800,2.5200,2.5700,0.0300,1.1800,2787774.4000,709691.0050,1.4600,3.1600,0.0981,1.0735,0.8900,5.0189,4.6177,0.8721,1.8043,1.6521,32479411.7000,28416352.9197,2596977.4178,83472088.0690,73030027.0036,6.0895,6.8872,0.6969,0.6969,6.9685,14.1339
2014-11-24,2.5300,2.5800,2.5200,2.5600,-0.0100,-0.3900,5023578.4900,1283593.9400,1.4600,3.1500,0.1768,1.9344,1.6800,4.9994,4.5997,0.8687,1.7973,1.6457,32479411.7000,28416352.9197,2596977.4178,83147293.9520,72745863.4744,6.1133,6.9141,0.6996,0.6996,6.9960,14.1897
2014-11-25,2.5600,2.6200,2.5500,2.6100,0.0500,1.9500,4363835.6500,1126493.5200,1.4800,3.2100,0.1536,1.6804,1.3300,5.0970,4.6896,0.8857,1.8324,1.6778,32479411.7000,28416352.9197,2596977.4178,84771264.5370,74166681.1204,5.9962,6.7816,0.6914,0.6914,6.9141,14.0234
2014-11-26,2.6100,2.6900,2.6000,2.6600,0.0500,1.9200,4569338.8100,1210393.2040,1.5100,3.2700,0.1608,1.7595,1.4000,5.1947,4.7794,0.9027,1.8675,1.7100,32479411.7000,28416352.9197,2596977.4178,86395235.1220,75587498.7664,5.8835,6.6541,0.6782,0.6782,6.7816,13.7548
2014-11-27,2.6900,2.7100,2.6400,2.6900,0.0300,1.1300,5946087.0300,1592453.5580,1.5300,3.3100,0.2092,2.2896,1.5700,5.2533,4.8333,0.9128,1.8886,1.7292,32479411.7000,28416352.9197,2596977.4178,87369617.4730,76439989.3540,5.8178,6.5799,0.6580,0.6580,6.5799,13.3457
2014-11-28,2.6800,2.8600,2.6700,2.8500,0.1600,5.9500,14868541.5000,4124558.7740,1.6200,3.5100,0.5232,5.7253,3.2800,5.5657,5.1208,0.9671,2.0009,1.8321,32479411.7000,28416352.9197,2596977.4178,92566323.3450,80986605.8211,5.4912,6.2105,0.6604,0.6604,6.6045,13.3955
2014-12-01,2.8600,2.9600,2.8100,2.8200,-0.0300,-1.0500,10695368.2900,3064508.9470,1.6000,3.4700,0.3764,4.1184,1.5400,5.5071,5.0669,0.9569,1.9798,1.8128,32479411.7000,28416352.9197,2596977.4178,91591940.9940,80134115.2336,5.5496,6.2766,0.6189,0.6189,6.1888,12.5524
2014-12-02,2.8000,3.0100,2.7800,2.9600,0.1400,4.9600,11003451.1500,3168654.8850,1.6800,3.6400,0.3872,4.2370,1.3600,5.7805,5.3184,1.0045,2.0781,1.9028,32479411.7000,28416352.9197,2596977.4178,96139058.6320,84112404.6423,5.2872,5.9797,0.6321,0.6321,6.3214,12.8214
2014-12-03,2.9700,3.0400,2.8700,2.9200,-0.0400,-1.3500,12151751.0100,3592873.3730,1.6600,3.5900,0.4276,4.6792,1.2900,5.7024,5.2466,0.9909,2.0500,1.8771,32479411.7000,28416352.9197,2596977.4178,94839882.1640,82975750.5255,5.3596,6.0616,0.5960,0.5960,5.9596,12.0875
2014-12-04,2.9400,3.0600,2.9000,3.0500,0.1300,4.4500,10797022.2000,3216189.4850,1.7300,3.7500,0.3800,4.1575,0.9900,5.9563,5.4801,1.0350,2.1413,1.9607,32479411.7000,28416352.9197,2596977.4178,99062205.6850,86669876.4051,5.1311,5.8033,0.6020,0.6020,6.0204,12.2109
2014-12-05,3.0800,3.3300,3.0100,3.3100,0.2600,8.5200,18027286.2600,5726925.8700,1.8800,4.0700,0.6344,6.9416,1.5100,6.4641,5.9473,1.1232,2.3238,2.1278,32479411.7000,28416352.9197,2596977.4178,107506852.7270,94058128.1642,4.7281,5.3474,0.5747,0.5747,5.7468,11.6558
2014-12-08,3.2500,3.4500,3.1400,3.3600,0.0500,1.5100,15083357.1800,4945467.1570,1.9100,4.1300,0.5308,5.8080,1.2000,6.5617,6.0371,1.1402,2.3589,2.1599,32479411.7000,28416352.9197,2596977.4178,109130823.3120,95478945.8102,4.6577,5.2679,0.5446,0.5446,5.4462,11.0462
2014-12-09,3.2800,3.3700,3.0200,3.0500,-0.3100,-9.2300,18294919.0200,5916902.4840,1.7300,3.7500,0.6438,7.0447,1.3600,5.9563,5.4801,1.0350,2.1413,1.9607,32479411.7000,28416352.9197,2596977.4178,99062205.6850,86669876.4051,5.1311,5.8033,0.5396,0.5396,5.3963,10.9451
2014-12-10,3.0500,3.1300,2.9000,3.1000,0.0500,1.6400,11909557.0900,3594745.6780,1.7600,3.8100,0.4191,4.5859,0.8000,6.0539,5.5700,1.0520,2.1764,1.9928,32479411.7000,28416352.9197,2596977.4178,100686176.2700,88090694.0511,5.0484,5.7097,0.5803,0.5803,5.8033,11.7705
2014-12-11,3.0500,3.1200,3.0100,3.0500,-0.0500,-1.6100,7388012.7200,2253379.0940,1.7300,3.7500,0.2600,2.8449,0.5000,5.9563,5.4801,1.0350,2.1413,1.9607,32479411.7000,28416352.9197,2596977.4178,99062205.6850,86669876.4051,5.1311,5.8033,0.5803,0.5803,5.8033,11.7705
2014-12-12,3.0500,3.1000,3.0300,3.0400,-0.0100,-0.3300,5374037.2300,1644183.3510,1.7300,3.7400,0.1891,2.0693,0.3800,5.9368,5.4622,1.0316,2.1343,1.9542,32479411.7000,28416352.9197,2596977.4178,98737411.5680,86385712.8759,5.1480,5.8224,0.5803,0.5803,5.8033,11.7705
2014-12-15,3.0200,3.0200,2.9600,3.0000,-0.0400,-1.3200,5026331.3100,1498517.8260,1.7100,3.6900,0.1769,1.9355,0.4300,5.8587,5.3903,1.0180,2.1062,1.9285,32479411.7000,28416352.9197,2596977.4178,97438235.1000,85249058.7591,5.2167,5.9000,0.5861,0.5861,5.8609,11.8874
2014-12-16,3.0000,3.1000,2.9900,3.1000,0.1000,3.3300,7299799.9100,2228124.7980,1.7600,3.8100,0.2569,2.8109,0.7600,6.0539,5.5700,1.0520,2.1764,1.9928,32479411.7000,28416352.9197,2596977.4178,100686176.2700,88090694.0511,5.0484,5.7097,0.5900,0.5900,5.9000,11.9667
2014-12-17,3.1100,3.3000,3.0800,3.2400,0.1400,4.5200,16112481.4400,5128502.6080,1.8400,3.9900,0.5670,6.2043,2.1800,6.3273,5.8215,1.0995,2.2747,2.0828,32479411.7000,28416352.9197,2596977.4178,105233293.9080,92068983.4598,4.8302,5.4630,0.5691,0.5691,5.6913,11.5434
2014-12-18,3.2500,3.2600,3.1300,3.1600,-0.0800,-2.4700,8023692.2500,2558192.3860,1.8000,3.8900,0.2824,3.0896,0.9700,6.1711,5.6778,1.0723,2.2185,2.0314,32479411.7000,28416352.9197,2596977.4178,102634940.9720,89795675.2263,4.9525,5.6013,0.5446,0.5446,5.4462,11.0462
2014-12-19,3.1600,3.2600,3.1400,3.2400,0.0800,2.5300,9470066.6500,3042794.2160,1.8400,3.9900,0.3333,3.6466,1.1300,6.3273,5.8215,1.0995,2.2747,2.0828,32479411.7000,28416352.9197,2596977.4178,105233293.9080,92068983.4598,4.8302,5.4630,0.5601,0.5601,5.6013,11.3608
2014-12-22,3.2900,3.5600,3.2700,3.5600,0.3200,9.8800,23626923.7400,8248902.8700,2.0300,4.3800,0.8315,9.0979,2.5700,6.9523,6.3965,1.2081,2.4994,2.2885,32479411.7000,28416352.9197,2596977.4178,115626705.6520,101162216.3941,4.3961,4.9719,0.5380,0.5380,5.3799,10.9119
2014-12-23,3.4200,3.5200,3.3200,3.3600,-0.2000,-5.6200,14338438.0800,4931225.1460,1.9100,4.1300,0.5046,5.5212,1.1100,6.5617,6.0371,1.1402,2.3589,2.1599,32479411.7000,28416352.9197,2596977.4178,109130823.3120,95478945.8102,4.6577,5.2679,0.5175,0.5175,5.1754,10.4971
2014-12-24,3.3600,3.3900,3.1600,3.2100,-0.1500,-4.4600,9221132.7600,2994357.4660,1.8300,3.9500,0.3245,3.5507,0.6400,6.2688,5.7676,1.0893,2.2536,2.0635,32479411.7000,28416352.9197,2596977.4178,104258911.5570,91216492.8722,4.8754,5.5140,0.5268,0.5268,5.2679,10.6845
2014-12-25,3.2700,3.3600,3.2100,3.3400,0.1300,4.0500,9365370.5900,3085447.1360,1.9000,4.1100,0.3296,3.6063,0.7200,6.5226,6.0012,1.1334,2.3449,2.1471,32479411.7000,28416352.9197,2596977.4178,108481235.0780,94910618.7518,4.6856,5.2994,0.5413,0.5413,5.4128,10.9786
2014-12-26,3.3400,3.4800,3.3000,3.4600,0.1200,3.5900,9506748.5400,3222118.6140,1.9700,4.2600,0.3346,3.6607,0.7200,6.7570,6.2168,1.1741,2.4292,2.2242,32479411.7000,28416352.9197,2596977.4178,112378764.4820,98320581.1022,4.5231,5.1156,0.5299,0.5299,5.2994,10.7485
2014-12-29,3.5600,3.6200,3.3800,3.4400,-0.0200,-0.5800,12273695.5400,4328634.6910,1.9600,4.2300,0.4319,4.7261,0.9300,6.7179,6.1809,1.1673,2.4151,2.2114,32479411.7000,28416352.9197,2596977.4178,111729176.2480,97752254.0438,4.5494,5.1453,0.4972,0.4972,4.9719,10.0843
2014-12-30,3.4400,3.5900,3.4100,3.5400,0.1000,2.9100,9340922.5400,3281640.7580,2.0100,4.3500,0.3287,3.5968,0.8500,6.9132,6.3605,1.2013,2.4853,2.2756,32479411.7000,28416352.9197,2596977.4178,114977117.4180,100593889.3357,4.4209,5.0000,0.5145,0.5145,5.1453,10.4360
2014-12-31,3.5500,3.7700,3.5000,3.7100,0.1700,4.8000,13637367.0700,4973496.1860,2.1100,4.5600,0.4799,5.2512,1.3700,7.2452,6.6660,1.2590,2.6047,2.3849,32479411.7000,28416352.9197,2596977.4178,120498617.4070,105424669.3321,4.2183,4.7709,0.4986,0.4986,4.9859,10.1127
2015-01-05,3.7600,3.9200,3.7200,3.8900,0.1800,4.8500,14404796.2800,5486170.7960,2.2100,4.7800,0.5069,5.5468,1.3300,7.5967,6.9894,1.3200,2.7310,2.5006,32479411.7000,28416352.9197,2596977.4178,126344911.5130,110539612.8576,4.5501,4.5501,0.4840,0.4840,4.8404,9.2766
2015-01-06,3.8100,4.1300,3.7800,3.9500,0.0600,1.5400,15092859.2900,5975994.8490,2.2500,4.8600,0.5311,5.8117,1.2800,7.7139,7.0972,1.3404,2.7732,2.5392,32479411.7000,28416352.9197,2596977.4178,128293676.2150,112244594.0328,4.4810,4.4810,0.4777,0.4777,4.7769,9.1549
2015-01-07,3.9000,3.9900,3.8200,3.8900,-0.0600,-1.5200,9633187.4800,3760354.6540,2.2100,4.7800,0.3390,3.7094,0.7400,7.5967,6.9894,1.3200,2.7310,2.5006,32479411.7000,28416352.9197,2596977.4178,126344911.5130,110539612.8576,4.5501,4.5501,0.4667,0.4667,4.6667,8.9436
2015-01-08,3.9000,3.9300,3.7100,3.7300,-0.1600,-4.1100,8456808.0500,3190135.1330,2.1200,4.5900,0.2976,3.2564,0.6800,7.2843,6.7019,1.2658,2.6187,2.3978,32479411.7000,28416352.9197,2596977.4178,121148205.6410,105992996.3905,4.7453,4.7453,0.4667,0.4667,4.6667,8.9436
2015-01-09,3.7000,4.0200,3.6400,3.7600,0.0300,0.8000,16490177.9600,6249768.7750,2.1400,4.6200,0.5803,6.3498,1.3500,7.3428,6.7558,1.2759,2.6398,2.4171,32479411.7000,28416352.9197,2596977.4178,122122587.9920,106845486.9781,4.7074,4.7074,0.4919,0.4919,4.9189,9.4270
2015-01-12,3.7000,3.7600,3.6000,3.6700,-0.0900,-2.3900,8255471.2300,3037866.1010,2.0900,4.5100,0.2905,3.1789,0.6400,7.1671,6.5941,1.2454,2.5766,2.3592,32479411.7000,28416352.9197,2596977.4178,119199440.9390,104288015.2153,4.8229,4.8229,0.4919,0.4919,4.9189,9.4270
2015-01-13,3.6500,3.7000,3.6200,3.6600,-0.0100,-0.2700,4375984.3700,1603502.1330,2.0800,4.5000,0.1540,1.6850,0.3800,7.1476,6.5762,1.2420,2.5696,2.3528,32479411.7000,28416352.9197,2596977.4178,118874646.8220,104003851.6861,4.8361,4.8361,0.4986,0.4986,4.9863,9.5562
2015-01-14,3.6700,3.7900,3.6700,3.7300,0.0700,1.9100,6501409.8500,2427109.2980,2.1200,4.5900,0.2288,2.5035,0.6900,7.2843,6.7019,1.2658,2.6187,2.3978,32479411.7000,28416352.9197,2596977.4178,121148205.6410,105992996.3905,4.7453,4.7453,0.4959,0.4959,4.9591,9.5041
2015-01-15,3.7200,3.8700,3.6800,3.8600,0.1300,3.4900,8002042.2400,3024979.9910,2.2000,4.7500,0.2816,3.0813,0.9100,7.5381,6.9355,1.3099,2.7100,2.4814,32479411.7000,28416352.9197,2596977.4178,125370529.1620,109687122.2700,4.5855,4.5855,0.4892,0.4892,4.8925,9.3763
2015-01-16,3.8900,3.9900,3.8600,3.9400,0.0800,2.0700,10038200.2200,3950040.3280,2.2400,4.8500,0.3533,3.8653,1.1500,7.6944,7.0793,1.3370,2.7661,2.5328,32479411.7000,28416352.9197,2596977.4178,127968882.0980,111960430.5036,4.4924,4.4924,0.4679,0.4679,4.6787,8.9666
2015-01-19,3.6700,3.7800,3.5500,3.5500,-0.3900,-9.9000,10241361.8000,3735646.9960,2.0200,4.3700,0.3604,3.9436,1.3800,6.9327,6.3785,1.2047,2.4923,2.2821,32479411.7000,28416352.9197,2596977.4178,115301911.5350,100878052.8649,4.9859,4.9859,0.4959,0.4959,4.9591,9.5041
2015-01-20,3.5300,3.6400,3.4800,3.5700,0.0200,0.5600,7506245.0600,2672988.8440,2.0300,4.3900,0.2642,2.8904,0.9600,6.9718,6.4145,1.2115,2.5064,2.2949,32479411.7000,28416352.9197,2596977.4178,115951499.7690,101446379.9233,4.9580,4.9580,0.5156,0.5156,5.1558,9.8810
2015-01-21,3.5900,3.8200,3.5500,3.7700,0.2000,5.6000,10120540.3100,3720674.8940,2.1400,4.6400,0.3562,3.8970,1.2000,7.3624,6.7738,1.2793,2.6468,2.4235,32479411.7000,28416352.9197,2596977.4178,122447382.1090,107129650.5073,4.6950,4.6950,0.5070,0.5070,5.0696,9.7159
2015-01-22,3.7600,3.7600,3.6600,3.7300,-0.0400,-1.0600,7062514.1500,2627961.9400,2.1200,4.5900,0.2485,2.7195,0.7700,7.2843,6.7019,1.2658,2.6187,2.3978,32479411.7000,28416352.9197,2596977.4178,121148205.6410,105992996.3905,4.7453,4.7453,0.4840,0.4840,4.8404,9.2766
2015-01-23,3.7400,3.8400,3.7100,3.7400,0.0100,0.2700,8969481.3500,3374609.1170,2.1300,4.6000,0.3156,3.4538,1.0000,7.3038,6.7199,1.2691,2.6257,2.4042,32479411.7000,28416352.9197,2596977.4178,121472999.7580,106277159.9197,4.7326,4.7326,0.4866,0.4866,4.8663,9.3262
2015-01-26,3.7300,3.7300,3.6500,3.7100,-0.0300,-0.8000,5391732.7000,1988524.3940,2.1100,4.5600,0.1897,2.0762,0.6100,7.2452,6.6660,1.2590,2.6047,2.3849,32479411.7000,28416352.9197,2596977.4178,120498617.4070,105424669.3321,4.7709,4.7709,0.4879,0.4879,4.8794,9.3512
2015-01-27,3.7100,3.7100,3.5500,3.6200,-0.0900,-2.4300,6660680.6100,2413402.9170,2.0600,4.4500,0.2344,2.5648,0.8500,7.0694,6.5043,1.2284,2.5415,2.3271,32479411.7000,28416352.9197,2596977.4178,117575470.3540,102867197.5693,4.8895,4.8895,0.4906,0.4906,4.9057,9.4016
2015-01-28,3.5900,3.6500,3.5600,3.5800,-0.0400,-1.1000,3768611.5500,1355516.5500,2.0400,4.4000,0.1326,1.4512,0.4900,6.9913,6.4324,1.2149,2.5134,2.3014,32479411.7000,28416352.9197,2596977.4178,116276293.8860,101730543.4525,4.9441,4.9441,0.5070,0.5070,5.0696,9.7159
2015-01-29,3.5100,3.5500,3.4700,3.5000,-0.0800,-2.2300,5251510.2800,1841374.1490,1.9900,4.3000,0.1848,2.0222,0.8200,6.8351,6.2887,1.1877,2.4572,2.2499,32479411.7000,28416352.9197,2596977.4178,113677940.9500,99457235.2190,5.0571,5.0571,0.5185,0.5185,5.1852,9.9373
2015-01-30,3.5200,3.5500,3.4500,3.4600,-0.0400,-1.1400,3655587.9400,1278243.1830,1.9700,4.2600,0.1286,1.4076,0.6100,6.7570,6.2168,1.1741,2.4292,2.2242,32479411.7000,28416352.9197,2596977.4178,112378764.4820,98320581.1022,5.1156,5.1156,0.5170,0.5170,5.1705,9.9091
2015-02-02,3.3800,3.4200,3.3100,3.3300,-0.1300,-3.7600,4155746.2400,1401030.2560,1.8900,4.1000,0.1462,1.6002,0.8400,6.5031,5.9832,1.1300,2.3379,2.1407,32479411.7000,28416352.9197,2596977.4178,108156440.9610,94626455.2226,5.3153,5.3153,0.5385,0.5385,5.3846,10.3195
2015-02-03,3.3500,3.4200,3.3300,3.4000,0.0700,2.1000,3725064.0400,1255367.5960,1.9300,4.1800,0.1311,1.4344,0.7900,6.6398,6.1090,1.1538,2.3870,2.1857,32479411.7000,28416352.9197,2596977.4178,110429999.7800,96615599.9270,5.2059,5.2059,0.5433,0.5433,5.4328,10.4119
2015-02-04,3.4100,3.4500,3.3500,3.3600,-0.0400,-1.1800,3158059.9000,1074703.5060,1.9100,4.1300,0.1111,1.2161,0.7700,6.5617,6.0371,1.1402,2.3589,2.1599,32479411.7000,28416352.9197,2596977.4178,109130823.3120,95478945.8102,5.2679,5.2679,0.5337,0.5337,5.3372,10.2287
2015-02-05,3.5600,3.5700,3.3000,3.3200,-0.0400,-1.1900,11612718.7500,4001022.8120,1.8900,4.0800,0.4087,4.4716,2.9100,6.4836,5.9653,1.1266,2.3309,2.1342,32479411.7000,28416352.9197,2596977.4178,107831646.8440,94342291.6934,5.3313,5.3313,0.5112,0.5112,5.1124,9.7978
2015-02-06,3.2900,3.3100,3.1800,3.2200,-0.1000,-3.0100,5691605.9800,1853260.5090,1.8300,3.9600,0.2003,2.1916,1.0800,6.2883,5.7856,1.0927,2.2607,2.0699,32479411.7000,28416352.9197,2596977.4178,104583705.6740,91500656.4014,5.4969,5.4969,0.5532,0.5532,5.5319,10.6018
2015-02-09,3.2000,3.2600,3.1500,3.2300,0.0100,0.3100,5022979.6100,1606961.7240,1.8400,3.9700,0.1768,1.9342,0.8900,6.3078,5.8036,1.0961,2.2677,2.0764,32479411.7000,28416352.9197,2596977.4178,104908499.7910,91784819.9306,5.4799,5.4799,0.5687,0.5687,5.6875,10.9000
2015-02-10,3.2200,3.2900,3.2000,3.2700,0.0400,1.2400,4775457.8200,1553913.3960,1.8600,4.0200,0.1681,1.8389,0.8200,6.3859,5.8754,1.1097,2.2958,2.1021,32479411.7000,28416352.9197,2596977.4178,106207676.2590,92921474.0474,5.4128,5.4128,0.5652,0.5652,5.6522,10.8323
2015-02-11,3.2700,3.2800,3.2400,3.2600,-0.0100,-0.3100,2678052.5700,872335.5450,1.8500,4.0100,0.0942,1.0312,0.4400,6.3664,5.8575,1.1063,2.2887,2.0957,32479411.7000,28416352.9197,2596977.4178,105882882.1420,92637310.5182,5.4294,5.4294,0.5566,0.5566,5.5657,10.6667
2015-02-12,3.2600,3.2700,3.2100,3.2500,-0.0100,-0.3100,2653541.5400,859453.4030,1.8500,4.0000,0.0934,1.0218,0.4500,6.3469,5.8395,1.1029,2.2817,2.0892,32479411.7000,28416352.9197,2596977.4178,105558088.0250,92353146.9890,5.4462,5.4462,0.5583,0.5583,5.5828,10.6994
2015-02-13,3.2600,3.3500,3.2500,3.3100,0.0600,1.8500,8491970.6300,2797239.9470,1.8800,4.0700,0.2988,3.2699,2.0400,6.4641,5.9473,1.1232,2.3238,2.1278,32479411.7000,28416352.9197,2596977.4178,107506852.7270,94058128.1642,5.3474,5.3474,0.5583,0.5583,5.5828,10.6994
2015-02-16,3.3000,3.3100,3.2700,3.2900,-0.0200,-0.6000,3204728.0400,1053116.1760,1.8700,4.0500,0.1128,1.2340,0.6800,6.4250,5.9114,1.1164,2.3098,2.1149,32479411.7000,28416352.9197,2596977.4178,106857264.4930,93489801.1058,5.3799,5.3799,0.5515,0.5515,5.5152,10.5697
2015-02-17,3.3000,3.3400,3.2900,3.3100,0.0200,0.6100,3697342.7200,1223977.4440,1.8800,4.0700,0.1301,1.4237,0.8500,6.4641,5.9473,1.1232,2.3238,2.1278,32479411.7000,28416352.9197,2596977.4178,107506852.7270,94058128.1642,5.3474,5.3474,0.5515,0.5515,5.5152,10.5697
2015-02-25,3.3100,3.3200,3.2700,3.2900,-0.0200,-0.6000,3443647.3400,1133252.3150,1.8700,4.0500,0.1212,1.3260,0.8300,6.4250,5.9114,1.1164,2.3098,2.1149,32479411.7000,28416352.9197,2596977.4178,106857264.4930,93489801.1058,5.3799,5.3799,0.5498,0.5498,5.4985,10.5378
2015-02-26,3.2800,3.3600,3.2500,3.3500,0.0600,1.8200,5798578.2300,1922318.7100,1.9100,4.1200,0.2041,2.2328,1.3500,6.5422,6.0192,1.1368,2.3519,2.1535,32479411.7000,28416352.9197,2596977.4178,108806029.1950,95194782.2810,5.2836,5.2836,0.5549,0.5549,5.5488,10.6341
2015-02-27,3.3500,3.3700,3.3200,3.3400,-0.0100,-0.3000,4331353.1300,1448644.4520,1.9000,4.1100,0.1524,1.6678,0.8800,6.5226,6.0012,1.1334,2.3449,2.1471,32479411.7000,28416352.9197,2596977.4178,108481235.0780,94910618.7518,5.2994,5.2994,0.5433,0.5433,5.4328,10.4119
2015-03-02,3.3600,3.3600,3.3200,3.3600,0.0200,0.6000,5229235.2700,1747305.5360,1.9100,4.1300,0.1840,2.0136,1.2800,6.5617,6.0371,1.1402,2.3589,2.1599,32479411.7000,28416352.9197,2596977.4178,109130823.3120,95478945.8102,5.2679,5.2679,0.5417,0.5417,5.4167,10.3810
2015-03-03,3.3400,3.3400,3.2400,3.2400,-0.1200,-3.5700,5742485.1700,1886501.1490,1.8400,3.9900,0.2021,2.2112,1.2800,6.3273,5.8215,1.0995,2.2747,2.0828,32479411.7000,28416352.9197,2596977.4178,105233293.9080,92068983.4598,5.4630,5.4630,0.5449,0.5449,5.4491,10.4431
2015-03-04,3.2400,3.2600,3.1900,3.2200,-0.0200,-0.6200,4745769.9800,1529228.9400,1.8300,3.9600,0.1670,1.8274,0.9700,6.2883,5.7856,1.0927,2.2607,2.0699,32479411.7000,28416352.9197,2596977.4178,104583705.6740,91500656.4014,5.4969,5.4969,0.5617,0.5617,5.6173,10.7654
2015-03-05,3.2000,3.2100,3.1000,3.1400,-0.0800,-2.4800,6108914.2100,1922215.5780,1.7900,3.8600,0.2150,2.3523,1.1800,6.1321,5.6418,1.0655,2.2045,2.0185,32479411.7000,28416352.9197,2596977.4178,101985352.7380,89227348.1679,5.6369,5.6369,0.5687,0.5687,5.6875,10.9000
2015-03-06,3.1300,3.1600,3.1200,3.1500,0.0100,0.3200,4439682.0000,1396009.9070,1.7900,3.8700,0.1562,1.7096,0.8500,6.1516,5.6598,1.0689,2.2115,2.0249,32479411.7000,28416352.9197,2596977.4178,102310146.8550,89511511.6971,5.6190,5.6190,0.5815,0.5815,5.8147,11.1438
2015-03-09,3.1500,3.3300,3.1000,3.2900,0.1400,4.4400,11759543.5000,3775232.7470,1.8700,4.0500,0.4138,4.5282,2.2400,6.4250,5.9114,1.1164,2.3098,2.1149,32479411.7000,28416352.9197,2596977.4178,106857264.4930,93489801.1058,5.3799,5.3799,0.5778,0.5778,5.7778,11.0730
2015-03-10,3.2500,3.2500,3.1900,3.2000,-0.0900,-2.7400,7226501.7800,2324410.3310,1.8200,3.9400,0.2543,2.7827,1.1000,6.2492,5.7496,1.0859,2.2466,2.0571,32479411.7000,28416352.9197,2596977.4178,103934117.4400,90932329.3430,5.5313,5.5313,0.5600,0.5600,5.6000,10.7323
2015-03-11,3.2000,3.2700,3.1900,3.2200,0.0200,0.6300,6663940.5500,2152089.5610,1.8300,3.9600,0.2345,2.5660,0.9700,6.2883,5.7856,1.0927,2.2607,2.0699,32479411.7000,28416352.9197,2596977.4178,104583705.6740,91500656.4014,5.4969,5.4969,0.5687,0.5687,5.6875,10.9000
2015-03-12,3.2600,3.3600,3.2400,3.3200,0.1000,3.1100,12376324.7300,4087800.3640,1.8900,4.0800,0.4355,4.7657,1.7100,6.4836,5.9653,1.1266,2.3309,2.1342,32479411.7000,28416352.9197,2596977.4178,107831646.8440,94342291.6934,5.3313,5.3313,0.5583,0.5583,5.5828,10.6994
2015-03-13,3.3300,3.3900,3.2900,3.3200,0.0000,0.0000,9230464.4900,3081767.5190,1.8900,4.0800,0.3248,3.5543,1.0900,6.4836,5.9653,1.1266,2.3309,2.1342,32479411.7000,28416352.9197,2596977.4178,107831646.8440,94342291.6934,5.3313,5.3313,0.5465,0.5465,5.4655,10.4745
2015-03-16,3.3400,3.3700,3.3100,3.3600,0.0400,1.2000,8261171.9700,2759869.5490,1.9100,4.1300,0.2907,3.1811,0.8700,6.5617,6.0371,1.1402,2.3589,2.1599,32479411.7000,28416352.9197,2596977.4178,109130823.3120,95478945.8102,5.2679,5.2679,0.5449,0.5449,5.4491,10.4431
2015-03-17,3.3800,3.4100,3.3600,3.4000,0.0400,1.1900,10023481.5400,3391451.9170,1.9300,4.1800,0.3527,3.8597,1.1500,6.6398,6.1090,1.1538,2.3870,2.1857,32479411.7000,28416352.9197,2596977.4178,110429999.7800,96615599.9270,5.2059,5.2059,0.5385,0.5385,5.3846,10.3195
2015-03-18,3.4100,3.5300,3.4000,3.5200,0.1200,3.5300,13394131.0100,4641740.6210,2.0000,4.3300,0.4714,5.1576,1.4400,6.8742,6.3246,1.1945,2.4713,2.2628,32479411.7000,28416352.9197,2596977.4178,114327529.1840,100025562.2773,5.0284,5.0284,0.5337,0.5337,5.3372,10.2287
2015-03-19,3.5300,3.5400,3.4600,3.4800,-0.0400,-1.1400,10537686.5200,3677978.6740,1.9800,4.2800,0.3708,4.0577,0.9900,6.7960,6.2527,1.1809,2.4432,2.2371,32479411.7000,28416352.9197,2596977.4178,113028352.7160,98888908.1606,5.0862,5.0862,0.5156,0.5156,5.1558,9.8810
2015-03-20,3.4800,3.5900,3.4800,3.5600,0.0800,2.3000,12656460.4400,4464006.7910,2.0300,4.3800,0.4454,4.8735,1.2300,6.9523,6.3965,1.2081,2.4994,2.2885,32479411.7000,28416352.9197,2596977.4178,115626705.6520,101162216.3941,4.9719,4.9719,0.5230,0.5230,5.2299,10.0230
2015-03-23,3.6000,3.6300,3.5700,3.6200,0.0600,1.6900,11862623.8800,4271454.6570,2.0600,4.4500,0.4175,4.5679,1.0800,7.0694,6.5043,1.2284,2.5415,2.3271,32479411.7000,28416352.9197,2596977.4178,117575470.3540,102867197.5693,4.8895,4.8895,0.5056,0.5056,5.0556,9.6889
2015-03-24,3.6200,3.8400,3.5800,3.7300,0.1100,3.0400,21212404.7700,7820087.4140,2.1200,4.5900,0.7465,8.1580,1.8100,7.2843,6.7019,1.2658,2.6187,2.3978,32479411.7000,28416352.9197,2600206.6498,121148205.6410,105992996.3905,4.7453,4.7453,0.5028,0.5028,5.0276,9.6354
2015-03-25,3.7100,3.7900,3.6200,3.6400,-0.0900,-2.4100,17699620.2600,6535026.2180,2.0700,4.4800,0.6229,6.8070,1.2700,6.5878,6.5878,1.1928,2.2698,2.2698,32479411.7000,28416352.9197,2600206.6498,118225058.5880,103435524.6277,4.8626,4.8626,0.4906,0.4906,4.9057,9.4016
2015-03-26,3.6000,3.6900,3.5500,3.6500,0.0100,0.2700,12647544.1100,4588904.6210,2.0800,4.4900,0.4451,4.8701,0.8500,6.6059,6.6059,1.1961,2.2760,2.2760,32479411.7000,28416352.9197,2596977.4178,118549852.7050,103719688.1569,4.8493,4.8493,0.5056,0.5056,5.0556,9.6889
2015-03-27,3.6500,3.6700,3.6000,3.6400,-0.0100,-0.2700,10071004.7400,3658351.0980,2.0700,4.4800,0.3544,3.8780,0.6600,6.5878,6.5878,1.1928,2.2698,2.2698,32479411.7000,28416352.9197,2596977.4178,118225058.5880,103435524.6277,4.8626,4.8626,0.4986,0.4986,4.9863,9.5562
2015-03-30,3.6600,3.7500,3.6300,3.7400,0.1000,2.7500,16120008.0700,5965906.2220,2.1300,4.6000,0.5673,6.2072,1.1000,6.7688,6.7688,1.2256,2.3322,2.3322,32479411.7000,28416352.9197,2596977.4178,121472999.7580,106277159.9197,4.7326,4.7326,0.4973,0.4973,4.9727,9.5301
2015-03-31,3.7800,3.8100,3.6500,3.6700,-0.0700,-1.8700,15501343.0500,5785938.4880,2.0900,4.5100,0.5455,5.9690,1.0000,6.6421,6.6421,1.2027,2.2885,2.2885,32479411.7000,28416352.9197,2596977.4178,119199440.9390,104288015.2153,4.8229,4.8229,0.4815,0.4815,4.8148,9.2275
2015-04-01,3.6500,3.7100,3.6400,3.6900,0.0200,0.5400,10222806.8600,3761058.9330,2.1000,4.5400,0.3598,3.9364,0.7100,6.6783,6.6783,1.2092,2.3010,2.3010,32479411.7000,28416352.9197,2596977.4178,119849029.1730,104856342.2737,4.7967,4.7967,0.4986,0.4986,4.9863,9.5562
2015-04-02,3.7000,3.7100,3.6200,3.6500,-0.0400,-1.0800,10345083.5600,3783034.4750,2.0800,4.4900,0.3641,3.9835,0.8000,6.6059,6.6059,1.1961,2.2760,2.2760,32479411.7000,28416352.9197,2596977.4178,118549852.7050,103719688.1569,4.8493,4.8493,0.4919,0.4919,4.9189,9.4270
2015-04-03,3.6200,3.6600,3.6100,3.6600,0.0100,0.2700,9365862.5400,3407118.7010,2.0800,4.5000,0.3296,3.6064,0.7500,6.6240,6.6240,1.1994,2.2823,2.2823,32479411.7000,28416352.9197,2596977.4178,118874646.8220,104003851.6861,4.8361,4.8361,0.5028,0.5028,5.0276,9.6354
2015-04-07,3.7000,3.7700,3.6900,3.7700,0.1100,3.0100,17188756.2600,6411085.9980,2.1400,4.6400,0.6049,6.6188,1.4000,6.8231,6.8231,1.2354,2.3509,2.3509,32479411.7000,28416352.9197,2596977.4178,122447382.1090,107129650.5073,4.6950,4.6950,0.4919,0.4919,4.9189,9.4270
2015-04-08,3.7700,3.8100,3.7100,3.8100,0.0400,1.0600,16229811.8700,6114279.6860,2.1700,4.6900,0.5711,6.2495,1.3000,6.8955,6.8955,1.2486,2.3758,2.3758,32479411.7000,28416352.9197,2596977.4178,123746558.5770,108266304.6241,4.6457,4.6457,0.4828,0.4828,4.8276,9.2520
2015-04-09,3.8100,3.8800,3.7600,3.7700,-0.0400,-1.0500,16118984.4500,6122229.8030,2.1400,4.6400,0.5672,6.2068,1.2700,6.8231,6.8231,1.2354,2.3509,2.3509,32479411.7000,28416352.9197,2596977.4178,122447382.1090,107129650.5073,4.6950,4.6950,0.4777,0.4777,4.7769,9.1549
2015-04-10,3.7600,3.8200,3.7400,3.8100,0.0400,1.0600,13397760.1900,5066602.2240,2.1700,4.6900,0.4715,5.1590,0.9700,6.8955,6.8955,1.2486,2.3758,2.3758,32479411.7000,28416352.9197,2596977.4178,123746558.5770,108266304.6241,4.6457,4.6457,0.4840,0.4840,4.8404,9.2766
2015-04-13,3.8800,3.9600,3.8300,3.9200,0.1100,2.8900,24740382.6000,9601556.8890,2.2300,4.8200,0.8706,9.5266,1.7100,7.0945,7.0945,1.2846,2.4444,2.4444,32479411.7000,28416352.9197,2596977.4178,127319293.8640,111392103.4452,4.5153,4.5153,0.4691,0.4691,4.6907,8.9897
2015-04-14,3.9000,3.9000,3.8400,3.8700,-0.0500,-1.2800,15300560.6500,5920128.9030,2.2000,4.7600,0.5384,5.8917,0.8700,7.0040,7.0040,1.2682,2.4132,2.4132,32479411.7000,28416352.9197,2596977.4178,125695323.2790,109971285.7992,4.5736,4.5736,0.4667,0.4667,4.6667,8.9436
2015-04-15,3.8700,3.9800,3.8500,3.9000,0.0300,0.7800,23912761.2500,9340788.2420,2.2200,4.8000,0.8415,9.2079,1.3900,7.0583,7.0583,1.2780,2.4319,2.4319,32479411.7000,28416352.9197,2596977.4178,126669705.6300,110823776.3868,4.5385,4.5385,0.4703,0.4703,4.7028,9.0129
2015-04-16,3.8800,3.9700,3.8400,3.9700,0.0700,1.7900,17919011.4900,6996960.4520,2.2600,4.8800,0.6306,6.8999,0.9600,7.1850,7.1850,1.3010,2.4756,2.4756,32479411.7000,28416352.9197,2596977.4178,128943264.4490,112812921.0912,4.4584,4.4584,0.4691,0.4691,4.6907,8.9897
2015-04-17,4.0300,4.0600,3.9700,4.0300,0.0600,1.5100,22043098.9700,8858037.0110,2.2900,4.9600,0.7757,8.4880,1.1600,7.2936,7.2936,1.3206,2.5130,2.5130,32479411.7000,28416352.9197,2596977.4178,130892029.1510,114517902.2664,4.3921,4.3921,0.4516,0.4516,4.5161,8.6551
2015-04-20,4.0900,4.0900,3.9300,3.9500,-0.0800,-1.9900,28469285.1500,11478212.6040,2.2500,4.8600,1.0019,10.9625,1.3700,7.1488,7.1488,1.2944,2.4631,2.4631,32479411.7000,28416352.9197,2596977.4178,128293676.2150,112244594.0328,4.4810,4.4810,0.4450,0.4450,4.4499,8.5281
2015-04-21,3.9300,4.0000,3.9100,3.9900,0.0400,1.0100,12621943.3300,4987734.2710,2.2700,4.9100,0.4442,4.8602,0.5900,7.2212,7.2212,1.3075,2.4881,2.4881,32479411.7000,28416352.9197,2596977.4178,129592852.6830,113381248.1496,4.4361,4.4361,0.4631,0.4631,4.6310,8.8753
2015-04-22,4.0100,4.0500,3.9800,4.0400,0.0500,1.2500,15926381.7900,6386851.1040,2.3000,4.9700,0.5605,6.1327,0.7600,7.3117,7.3117,1.3239,2.5192,2.5192,32479411.7000,28416352.9197,2596977.4178,131216823.2680,114802065.7956,4.3812,4.3812,0.4539,0.4539,4.5387,8.6983
2015-04-23,4.0400,4.0400,3.9800,4.0100,-0.0300,-0.7400,13015679.1500,5214445.9240,2.2800,4.9300,0.4580,5.0119,0.6700,7.2574,7.2574,1.3141,2.5005,2.5005,32479411.7000,28416352.9197,2596977.4178,130242440.9170,113949575.2080,4.4140,4.4140,0.4505,0.4505,4.5050,8.6337
2015-04-24,3.9500,3.9600,3.8700,3.9200,-0.0900,-2.2400,13805123.9300,5413919.1830,2.2300,4.8200,0.4858,5.3158,0.7500,7.0945,7.0945,1.2846,2.4444,2.4444,32479411.7000,28416352.9197,2596977.4178,127319293.8640,111392103.4452,4.5153,4.5153,0.4608,0.4608,4.6076,8.8304
2015-04-27,3.9300,4.0200,3.9200,4.0000,0.0800,2.0400,15067520.6700,5999519.4330,2.2800,4.9200,0.5302,5.8019,0.9000,7.2393,7.2393,1.3108,2.4943,2.4943,32479411.7000,28416352.9197,2596977.4178,129917646.8000,113665411.6788,4.4250,4.4250,0.4631,0.4631,4.6310,8.8753
2015-04-28,4.0200,4.2500,4.0000,4.1100,0.1100,2.7500,30045236.5300,12330604.3330,2.3400,5.0600,1.0573,11.5693,2.1300,7.4384,7.4384,1.3469,2.5629,2.5629,32479411.7000,28416352.9197,2596977.4178,133490382.0870,116791210.5000,4.3066,4.3066,0.4527,0.4527,4.5274,8.6766
2015-04-29,4.0300,4.0500,3.9600,4.0200,-0.0900,-2.1900,13543729.5000,5434724.4920,2.2900,4.9400,0.4766,5.2152,0.7700,7.2755,7.2478,1.1620,2.5068,2.4908,32479411.7000,28416352.9197,2596977.4178,130567235.0340,114233738.7372,4.4030,4.4030,0.4516,0.4516,4.5161,8.6551
2015-04-30,4.0200,4.0400,3.9500,3.9600,-0.0600,-1.4900,11393627.0800,4540166.5050,2.2500,4.8700,0.4010,4.3873,0.6700,7.1669,7.1396,1.1446,2.4694,2.4536,32479411.7000,28416352.9197,2596977.4178,128618470.3320,112528757.5620,4.4697,4.4697,0.4527,0.4527,4.5274,8.6766
2015-05-04,3.9600,3.9600,3.9100,3.9500,-0.0100,-0.2500,9552547.0600,3758818.6490,2.2500,4.8600,0.3362,3.6783,0.5700,7.1488,7.1216,1.1417,2.4631,2.4474,32479411.7000,28416352.9197,2596977.4178,128293676.2150,112244594.0328,4.4810,4.4810,0.4596,0.4596,4.5960,8.8081
2015-05-05,3.9400,3.9400,3.7400,3.7700,-0.1800,-4.5600,13404008.2100,5159307.1900,2.1400,4.6400,0.4717,5.1614,0.8400,6.8231,6.7971,1.0897,2.3509,2.3359,32479411.7000,28416352.9197,2596977.4178,122447382.1090,107129650.5073,4.6950,4.6950,0.4619,0.4619,4.6193,8.8528
2015-05-06,3.7700,3.8500,3.6900,3.7200,-0.0500,-1.3300,10258128.0500,3879876.1310,2.1200,4.5800,0.3610,3.9500,0.6600,6.7326,6.7069,1.0753,2.3197,2.3049,32479411.7000,28416352.9197,2596977.4178,120823411.5240,105708832.8613,4.7581,4.7581,0.4828,0.4828,4.8276,9.2520
2015-05-07,3.7200,3.7300,3.6400,3.6500,-0.0700,-1.8800,8974439.7000,3300842.3790,2.0800,4.4900,0.3158,3.4557,0.7700,6.6059,6.5807,1.0550,2.2760,2.2615,32479411.7000,28416352.9197,2596977.4178,118549852.7050,103719688.1569,4.8493,4.8493,0.4892,0.4892,4.8925,9.3763
2015-05-08,3.6800,3.7000,3.6400,3.7000,0.0500,1.3700,7133417.6000,2623303.0730,2.1000,4.5500,0.2510,2.7468,0.6700,6.6964,6.6709,1.0695,2.3072,2.2925,32479411.7000,28416352.9197,2596977.4178,120173823.2900,105140505.8029,4.7838,4.7838,0.4946,0.4946,4.9457,9.4783
2015-05-11,3.7000,3.7500,3.6500,3.7400,0.0400,1.0800,10168319.0700,3756128.5820,2.1300,4.6000,0.3578,3.9154,1.0300,6.7688,6.7430,1.0810,2.3322,2.3173,32479411.7000,28416352.9197,2596977.4178,121472999.7580,106277159.9197,4.7326,4.7326,0.4919,0.4919,4.9189,9.4270
2015-05-12,3.7500,3.7700,3.7100,3.7500,0.0100,0.2700,8899649.6600,3325401.8600,2.1300,4.6100,0.3132,3.4269,0.8900,6.7869,6.7610,1.0839,2.3384,2.3235,32479411.7000,28416352.9197,2596977.4178,121797793.8750,106561323.4489,4.7200,4.7200,0.4853,0.4853,4.8533,9.3013
2015-05-13,3.7600,3.7800,3.7100,3.7200,-0.0300,-0.8000,8116952.1100,3035582.8270,2.1200,4.5800,0.2856,3.1255,0.8900,6.7326,6.7069,1.0753,2.3197,2.3049,32479411.7000,28416352.9197,2596977.4178,120823411.5240,105708832.8613,4.7581,4.7581,0.4840,0.4840,4.8404,9.2766
2015-05-14,3.7300,3.7400,3.7000,3.7100,-0.0100,-0.2700,6607738.7200,2457321.5040,2.1100,4.5600,0.2325,2.5444,0.7600,6.7145,6.6889,1.0724,2.3135,2.2987,32479411.7000,28416352.9197,2596977.4178,120498617.4070,105424669.3321,4.7709,4.7709,0.4879,0.4879,4.8794,9.3512
2015-05-15,3.7000,3.7100,3.6300,3.6600,-0.0500,-1.3500,7066818.2800,2589704.0860,2.0800,4.5000,0.2403,1.9706,0.8600,6.6240,6.5988,1.0579,2.2823,2.2677,32479411.7000,29405529.3904,3586153.8885,118874646.8220,107624237.5689,4.8361,4.8361,0.4919,0.4919,4.9189,9.4270
2015-05-18,3.6300,3.6400,3.6000,3.6100,-0.0500,-1.3700,5967311.1600,2162340.9440,2.0500,4.4400,0.2029,1.6640,0.7300,6.5335,6.5086,1.0435,2.2511,2.2368,32479411.7000,29405529.3904,3586153.8885,117250676.2370,106153961.0993,4.9030,4.9030,0.5014,0.5014,5.0138,9.6088
2015-05-19,3.6000,3.7100,3.5900,3.7000,0.0900,2.4900,7861318.5600,2884874.0330,2.1000,4.5500,0.2673,2.1921,1.0700,6.6964,6.6709,1.0695,2.3072,2.2925,32479411.7000,29405529.3904,3586153.8885,120173823.2900,108800458.7445,4.7838,4.7838,0.5056,0.5056,5.0556,9.6889
2015-05-20,3.7000,3.7400,3.6700,3.6900,-0.0100,-0.2700,9094012.2100,3363989.5020,2.1000,4.5400,0.3093,2.5359,1.2800,6.6783,6.6528,1.0666,2.3010,2.2863,32479411.7000,29405529.3904,3586153.8885,119849029.1730,108506403.4506,4.7967,4.7967,0.4919,0.4919,4.9189,9.4270
2015-05-21,3.6900,3.6900,3.6600,3.6800,-0.0100,-0.2700,6931553.9100,2548179.6240,2.0900,4.5300,0.2357,1.9329,0.9500,6.6602,6.6348,1.0637,2.2948,2.2801,32479411.7000,29405529.3904,3586153.8885,119524235.0560,108212348.1567,4.8098,4.8098,0.4932,0.4932,4.9322,9.4526
2015-05-22,3.7100,3.7900,3.7000,3.7900,0.1100,2.9900,12098921.8600,4532768.8310,2.1600,4.6600,0.4115,3.3738,1.6400,6.8593,6.8331,1.0955,2.3633,2.3483,32479411.7000,29405529.3904,3586153.8885,123096970.3430,111446956.3896,4.6702,4.6702,0.4906,0.4906,4.9057,9.4016
2015-05-25,3.8000,3.9000,3.7900,3.8900,0.1000,2.6400,12287216.0500,4733161.6710,2.2100,4.7800,0.4179,3.4263,1.4600,7.0402,7.0134,1.1244,2.4257,2.4102,32479411.7000,29405529.3904,3586153.8885,126344911.5130,114387509.3287,4.5501,4.5501,0.4789,0.4789,4.7895,9.1789
2015-05-26,3.9300,3.9300,3.8400,3.9000,0.0100,0.2600,10237897.0700,3975272.1970,2.2200,4.8000,0.3482,2.8548,1.0600,7.0583,7.0315,1.1273,2.4319,2.4164,32479411.7000,29405529.3904,3586153.8885,126669705.6300,114681564.6226,4.5385,4.5385,0.4631,0.4631,4.6310,8.8753
2015-05-27,3.8900,3.9100,3.8400,3.8700,-0.0300,-0.7700,9563471.1800,3702639.2910,2.2000,4.7600,0.3252,2.6668,0.9400,7.0040,6.9774,1.1186,2.4132,2.3978,32479411.7000,29405529.3904,3586153.8885,125695323.2790,113799398.7408,4.5736,4.5736,0.4679,0.4679,4.6787,8.9666
2015-05-28,3.8600,3.8800,3.6600,3.6700,-0.2000,-5.1700,16542930.7200,6262442.1080,2.0900,4.5100,0.5626,4.6130,1.6200,6.6421,6.6168,1.0608,2.2885,2.2739,32479411.7000,29405529.3904,3586153.8885,119199440.9390,107918292.8628,4.8229,4.8229,0.4715,0.4715,4.7150,9.0363
2015-05-29,3.6600,3.7000,3.5800,3.6400,-0.0300,-0.8200,11631271.2700,4229698.3360,2.0700,4.4800,0.3955,3.2434,0.9600,6.5878,6.5627,1.0521,2.2698,2.2553,32479411.7000,29405529.3904,3586153.8885,118225058.5880,107036126.9811,4.8626,4.8626,0.4973,0.4973,4.9727,9.5301
2015-06-01,3.6400,3.7800,3.6100,3.7700,0.1300,3.5700,13328463.5000,4934180.5490,2.1400,4.6400,0.4533,3.7166,1.1100,6.8231,6.7971,1.0897,2.3509,2.3359,32479411.7000,29405529.3904,3586153.8885,122447382.1090,110858845.8018,4.6950,4.6950,0.5000,0.5000,5.0000,9.5824
2015-06-02,3.7500,3.7900,3.7000,3.7600,-0.0100,-0.2700,12042724.6700,4501666.8170,2.1400,4.6200,0.4095,3.3581,0.9800,6.8050,6.7791,1.0868,2.3446,2.3297,32479411.7000,29405529.3904,3586153.8885,122122587.9920,110564790.5079,4.7074,4.7074,0.4853,0.4853,4.8533,9.3013
2015-06-03,3.7800,3.7900,3.6900,3.7400,-0.0200,-0.5300,9834876.8700,3673114.2700,2.1300,4.6000,0.3345,2.7425,0.7800,6.7688,6.7430,1.0810,2.3322,2.3173,32479411.7000,29405529.3904,3586153.8885,121472999.7580,109976679.9201,4.7326,4.7326,0.4815,0.4815,4.8148,9.2275
2015-06-04,3.7500,3.8900,3.7100,3.8500,0.1100,2.9400,19913672.8500,7579292.8900,2.1900,4.7400,0.6772,5.5529,1.5700,6.9679,6.9413,1.1128,2.4008,2.3855,32479411.7000,29405529.3904,3586153.8885,125045735.0450,113211288.1530,4.5974,4.5974,0.4853,0.4853,4.8533,9.3013
2015-06-05,3.9000,3.9300,3.7900,3.8500,0.0000,0.0000,15718947.5300,6059918.2470,2.1900,4.7400,0.5346,4.3832,1.1800,6.9679,6.9413,1.1128,2.4008,2.3855,32479411.7000,29405529.3904,3586153.8885,125045735.0450,113211288.1530,4.5974,4.5974,0.4667,0.4667,4.6667,8.9436
2015-06-08,3.8600,4.1500,3.8300,4.1200,0.2700,7.0100,36023743.2300,14449962.4350,2.3400,5.0700,1.2251,10.0452,2.5400,7.4565,7.4281,1.1909,2.5691,2.5527,32479411.7000,29405529.3904,3586153.8885,133815176.2040,121150781.0884,4.2961,4.2961,0.4715,0.4715,4.7150,9.0363
2015-06-09,4.1200,4.1700,3.9800,4.0400,-0.0800,-1.9400,24860295.4800,10124687.5370,2.3000,4.9700,0.8454,6.9323,1.3300,7.3117,7.2839,1.1678,2.5192,2.5032,32479411.7000,29405529.3904,3586153.8885,131216823.2680,118798338.7372,4.3812,4.3812,0.4417,0.4417,4.4175,8.4660
2015-06-10,4.0000,4.0100,3.9600,3.9900,-0.0500,-1.2400,14376929.5800,5729672.7320,2.2700,4.9100,0.4889,4.0090,0.6800,7.2212,7.1937,1.1533,2.4881,2.4722,32479411.7000,29405529.3904,3586153.8885,129592852.6830,117328062.2677,4.4361,4.4361,0.4550,0.4550,4.5500,8.7200
2015-06-11,3.9800,4.0000,3.9200,3.9500,-0.0400,-1.0000,11852490.5000,4680097.3000,2.2500,4.8600,0.4031,3.3051,0.5300,7.1488,7.1216,1.1417,2.4631,2.4474,32479411.7000,29405529.3904,3586153.8885,128293676.2150,116151841.0921,4.4810,4.4810,0.4573,0.4573,4.5729,8.7638
2015-06-12,3.9500,3.9700,3.9100,3.9700,0.0200,0.5100,12345316.2100,4865945.8320,2.2600,4.8800,0.4198,3.4425,0.6000,7.1850,7.1577,1.1475,2.4756,2.4598,32479411.7000,29405529.3904,3586153.8885,128943264.4490,116739951.6799,4.4584,4.4584,0.4608,0.4608,4.6076,8.8304
2015-06-15,3.9600,3.9700,3.8600,3.8700,-0.1000,-2.5200,12395746.8700,4857626.3770,2.2000,4.7600,0.4215,3.4566,0.6200,7.0040,6.9774,1.1186,2.4132,2.3978,32479411.7000,29405529.3904,3586153.8885,125695323.2790,113799398.7408,4.5736,4.5736,0.4596,0.4596,4.5960,8.8081
2015-06-16,3.8400,3.9100,3.7800,3.8200,-0.0500,-1.2900,11932472.9600,4593277.3990,2.1700,4.7000,0.4058,3.3274,0.7900,6.9136,6.8872,1.1042,2.3821,2.3669,32479411.7000,29405529.3904,3586153.8885,124071352.6940,112329122.2713,4.6335,4.6335,0.4740,0.4740,4.7396,9.0833
2015-06-17,3.8700,3.8900,3.8000,3.8600,0.0400,1.0500,11594869.5400,4458039.9750,2.2000,4.7500,0.3943,3.2332,0.9200,6.9859,6.9593,1.1157,2.4070,2.3916,32479411.7000,29405529.3904,3586153.8885,125370529.1620,113505343.4469,4.5855,4.5855,0.4703,0.4703,4.7028,9.0129
2015-06-18,3.8400,3.8400,3.7200,3.7400,-0.1200,-3.1100,9983861.7600,3777946.2370,2.1300,4.6000,0.3395,2.7840,0.8300,6.7688,6.7430,1.0810,2.3322,2.3173,32479411.7000,29405529.3904,3586153.8885,121472999.7580,109976679.9201,4.7326,4.7326,0.4740,0.4740,4.7396,9.0833
2015-06-19,3.7000,3.7400,3.5400,3.5600,-0.1800,-4.8100,10177211.6400,3726162.0730,2.0300,4.3800,0.3461,2.8379,0.8700,6.4430,6.4185,1.0290,2.2199,2.2058,32479411.7000,29405529.3904,3586153.8885,115626705.6520,104683684.6298,4.9719,4.9719,0.4919,0.4919,4.9189,9.4270
2015-06-23,3.5900,3.7000,3.5200,3.7000,0.1400,3.9300,10041876.3300,3634878.7810,2.1000,4.5500,0.3415,2.8002,0.9000,6.6964,6.6709,1.0695,2.3072,2.2925,32479411.7000,29405529.3904,3586153.8885,120173823.2900,108800458.7445,4.7838,4.7838,0.5070,0.5070,5.0696,9.7159
2015-06-24,3.7100,3.7500,3.6700,3.7500,0.0500,1.3500,9639952.3500,3575187.9440,2.1300,4.6100,0.3278,2.6881,0.9000,6.7869,6.7610,1.0839,2.3384,2.3235,32479411.7000,29405529.3904,3586153.8885,121797793.8750,110270735.2140,4.7200,4.7200,0.4906,0.4906,4.9057,9.4016
2015-06-25,3.8200,3.8500,3.6600,3.6900,-0.0600,-1.6000,11082280.7000,4173775.9320,2.1000,4.5400,0.3769,3.0903,1.0800,6.6783,6.6528,1.0666,2.3010,2.2863,32479411.7000,29405529.3904,3586153.8885,119849029.1730,108506403.4506,4.7967,4.7967,0.4764,0.4764,4.7644,9.1309
2015-06-26,3.6400,3.7000,3.4200,3.5300,-0.1600,-4.3400,14346964.7000,5154144.5470,2.0100,4.3400,0.4879,4.0007,1.4100,6.3887,6.3644,1.0203,2.2012,2.1872,32479411.7000,29405529.3904,3586153.8885,114652323.3010,103801518.7481,5.0142,5.0142,0.5000,0.5000,5.0000,9.5824
2015-06-29,3.6000,3.6300,3.3500,3.5400,0.0100,0.2800,16197002.9000,5728415.6240,2.0100,4.3500,0.5508,4.5165,1.4600,6.4068,6.3824,1.0232,2.2075,2.1934,32479411.7000,29405529.3904,3586153.8885,114977117.4180,104095574.0420,5.0000,5.0000,0.5056,0.5056,5.0556,9.6889
2015-06-30,3.5400,3.7200,3.4700,3.7100,0.1700,4.8000,16761552.4700,6054932.8960,2.1100,4.5600,0.5700,4.6740,1.3700,6.7145,6.6889,1.0724,2.3135,2.2987,32479411.7000,29405529.3904,3586153.8885,120498617.4070,109094514.0384,4.7709,4.7709,0.5141,0.5141,5.1412,9.8531
2015-07-01,3.6600,3.6900,3.5700,3.5900,-0.1200,-3.2300,11320600.0300,4125991.4130,2.0400,4.4200,0.3850,3.1568,0.8300,6.4973,6.4726,1.0377,2.2386,2.2244,32479411.7000,29405529.3904,3586153.8885,116601088.0030,105565850.5115,4.9304,4.9304,0.4973,0.4973,4.9727,9.5301
2015-07-02,3.6100,3.6700,3.4500,3.6300,0.0400,1.1100,14161723.1400,5063489.6580,2.0600,4.4600,0.4816,3.9490,1.0200,6.5697,6.5447,1.0492,2.2636,2.2491,32479411.7000,29405529.3904,3586153.8885,117900264.4710,106742071.6872,4.8760,4.8760,0.5042,0.5042,5.0416,9.6620
2015-07-03,3.5800,3.6400,3.4500,3.5100,-0.1200,-3.3100,14075134.1200,5004755.7590,2.0000,4.3200,0.4787,3.9249,0.9700,6.3525,6.3283,1.0146,2.1887,2.1748,32479411.7000,29405529.3904,3586153.8885,114002735.0670,103213408.1603,5.0427,,0.5084,0.5084,5.0838,9.7430
2015-07-06,3.8000,3.8600,3.6500,3.8600,0.3500,9.9700,43720880.2200,16565088.1400,2.2000,4.7500,1.4868,12.1916,3.0100,6.9859,6.9593,1.1157,2.4070,2.3916,32479411.7000,29405529.3904,3586153.8885,125370529.1620,113505343.4469,4.5855,,0.4789,0.4789,4.7895,9.1789
2015-07-07,3.8000,4.1900,3.7700,4.1200,0.2600,6.7400,37410993.3200,15103792.5890,2.3400,5.0700,1.2722,10.4321,1.8700,7.4565,7.4281,1.1909,2.5691,2.5527,32479411.7000,29405529.3904,3586153.8885,133815176.2040,121150781.0884,4.2961,,0.4789,0.4789,4.7895,9.1789
2015-07-08,3.9500,4.1200,3.7100,3.9300,-0.1900,-4.6100,39753651.1500,15730203.8610,2.2400,4.8300,1.3519,11.0853,1.6500,7.1126,7.0856,1.1360,2.4507,2.4350,32479411.7000,29405529.3904,3586153.8885,127644087.9810,115563730.5043,4.5038,,0.4608,0.4608,4.6076,8.8304
2015-07-09,3.9300,4.2200,3.7900,4.1300,0.2000,5.0900,30284787.0000,12172961.5020,2.3500,5.0800,1.0299,8.4449,1.0200,7.4746,7.4461,1.1938,2.5754,2.5589,32479411.7000,29405529.3904,3586153.8885,134139970.3210,121444836.3824,4.2857,,0.4631,0.4631,4.6310,8.8753
2015-07-10,3.8700,4.1600,3.8100,3.9400,-0.1900,-4.6000,34273560.9800,13750051.1500,2.3400,5.0700,1.1655,9.5572,1.0400,7.1307,7.1036,1.2021,2.4569,2.4412,32479411.7000,29405529.3904,3586153.8885,127968882.0980,115857785.7982,4.4924,4.6193,0.4703,0.4703,4.7028,9.0129
2015-07-13,3.8400,3.8500,3.7500,3.7800,-0.1600,-4.0600,21408176.3600,8130583.2730,2.2500,4.8600,0.7280,5.9697,0.5800,6.8412,6.8151,1.1533,2.3571,2.3421,32479411.7000,29405529.3904,3586153.8885,122772176.2260,111152901.0957,4.6825,4.8148,0.4740,0.4740,4.7396,9.0833
2015-07-14,3.7200,3.7700,3.6200,3.7100,-0.0700,-1.8500,15191145.1300,5630058.0310,2.2100,4.7700,0.5166,4.2361,0.4700,6.7145,6.6889,1.1319,2.3135,2.2987,32479411.7000,29405529.3904,3586153.8885,120498617.4070,109094514.0384,4.7709,4.9057,0.4892,0.4892,4.8925,9.3763
2015-07-15,3.6800,3.8100,3.6600,3.8000,0.0900,2.4300,15519691.7600,5826074.7700,2.2600,4.8900,0.5278,4.3277,0.5500,6.8774,6.8512,1.1594,2.3696,2.3545,32479411.7000,29405529.3904,3586153.8885,123421764.4600,111741011.6835,4.6579,4.7895,0.4946,0.4946,4.9457,9.4783
2015-07-16,3.8000,3.8800,3.7200,3.7600,-0.0400,-1.0500,12166289.8000,4605125.9770,2.2400,4.8400,0.4137,3.3926,0.5200,6.8050,6.7791,1.1472,2.3446,2.3297,32479411.7000,29405529.3904,3586153.8885,122122587.9920,110564790.5079,4.7074,4.8404,0.4789,0.4789,4.7895,9.1789
2015-07-17,3.7700,3.7800,3.7100,3.7600,0.0000,0.0000,8132723.8800,3047237.1050,2.2400,4.8400,0.2766,2.2678,0.4100,6.8050,6.7791,1.1472,2.3446,2.3297,32479411.7000,29405529.3904,3586153.8885,122122587.9920,110564790.5079,4.7074,4.8404,0.4828,0.4828,4.8276,9.2520
2015-07-20,3.7500,3.7600,3.7100,3.7300,-0.0300,-0.8000,7318529.0400,2730769.2680,2.2200,4.8000,0.2489,2.0408,0.5100,6.7507,6.7250,1.1380,2.3259,2.3111,32479411.7000,29405529.3904,3586153.8885,121148205.6410,109682624.6262,4.7453,4.8794,0.4853,0.4853,4.8533,9.3013
2015-07-21,3.7100,3.7300,3.6600,3.7000,-0.0300,-0.8000,7298551.6000,2695851.1650,2.2000,4.7600,0.2482,2.0352,0.6300,6.6964,6.6709,1.1289,2.3072,2.2925,32479411.7000,29405529.3904,3586153.8885,120173823.2900,108800458.7445,4.7838,4.9189,0.4906,0.4906,4.9057,9.4016
2015-07-22,3.6800,3.7000,3.6600,3.6700,-0.0300,-0.8100,5475865.3000,2013604.8490,2.1800,4.7200,0.1862,1.5269,0.5400,6.6421,6.6168,1.1197,2.2885,2.2739,32479411.7000,29405529.3904,3586153.8885,119199440.9390,107918292.8628,4.8229,4.9591,0.4946,0.4946,4.9457,9.4783
2015-07-23,3.6700,3.7100,3.6600,3.7000,0.0300,0.8200,6343240.1600,2339719.5890,2.2000,4.7600,0.2157,1.7688,0.7900,6.6964,6.6709,1.1289,2.3072,2.2925,32479411.7000,29405529.3904,3586153.8885,120173823.2900,108800458.7445,4.7838,4.9189,0.4959,0.4959,4.9591,9.5041
2015-07-24,3.6900,3.7000,3.6500,3.6500,-0.0500,-1.3500,6416679.4300,2357488.1390,2.1700,4.6900,0.2182,1.7893,0.9300,6.6059,6.5807,1.1136,2.2760,2.2615,32479411.7000,29405529.3904,3586153.8885,118549852.7050,107330182.2750,4.8493,4.9863,0.4932,0.4932,4.9322,9.4526
2015-07-27,3.6200,3.6300,3.4000,3.4100,-0.2400,-6.5800,10372234.5400,3668295.1100,2.0300,4.3900,0.3527,2.8923,1.5800,6.1715,6.1480,1.0404,2.1264,2.1128,32479411.7000,29405529.3904,3586153.8885,110754793.8970,100272855.2213,5.1906,5.3372,0.5028,0.5028,5.0276,9.6354
2015-07-28,3.3800,3.5400,3.3600,3.4500,0.0400,1.1700,8613455.1500,2975242.8710,2.0500,4.4400,0.2929,2.4019,1.2000,6.2439,6.2201,1.0526,2.1513,2.1376,32479411.7000,29405529.3904,3586153.8885,112053970.3650,101449076.3969,5.1304,5.2754,0.5385,0.5385,5.3846,10.3195
2015-07-29,3.4400,3.4700,3.4100,3.4600,0.0100,0.2900,5218662.9200,1792869.1550,2.0600,4.4500,0.1775,1.4552,0.7000,6.2620,6.2382,1.0556,2.1576,2.1438,32479411.7000,29405529.3904,3586153.8885,112378764.4820,101743131.6908,5.1156,5.2601,0.5291,0.5291,5.2907,10.1395
2015-07-30,3.4500,3.4600,3.4000,3.4100,-0.0500,-1.4500,4251320.1100,1457605.5520,2.0300,4.3900,0.1446,1.1855,0.5800,6.1715,6.1480,1.0404,2.1264,2.1128,32479411.7000,29405529.3904,3586153.8885,110754793.8970,100272855.2213,5.1906,5.3372,0.5275,0.5275,5.2754,10.1101
2015-07-31,3.3900,3.4500,3.3700,3.4400,0.0300,0.8800,5434694.9000,1853947.1290,2.0500,4.4200,0.1848,1.5155,0.7800,6.2258,6.2021,1.0495,2.1451,2.1314,32479411.7000,29405529.3904,3586153.8885,111729176.2480,101155021.1030,5.1453,5.2907,0.5369,0.5369,5.3687,10.2891
2015-08-03,3.4200,3.5300,3.4100,3.5100,0.0700,2.0300,8788136.9500,3050816.2650,2.0900,4.5100,0.2989,2.4506,1.3000,6.3525,6.3283,1.0709,2.1887,2.1748,32479411.7000,29405529.3904,3586153.8885,114002735.0670,103213408.1603,5.0427,5.1852,0.5322,0.5322,5.3216,10.1988
2015-08-04,3.5000,3.5200,3.4700,3.5200,0.0100,0.2800,3326680.9200,1164673.4340,2.0900,4.5300,0.1131,0.9276,0.5100,6.3706,6.3463,1.0739,2.1950,2.1810,32479411.7000,29405529.3904,3586153.8885,114327529.1840,103507463.4542,5.0284,5.1705,0.5200,0.5200,5.2000,9.9657
2015-08-05,3.5000,3.5100,3.4500,3.4500,-0.0700,-1.9900,2810820.7800,977560.0070,2.0500,4.4400,0.0956,0.7838,0.5200,6.2439,6.2201,1.0526,2.1513,2.1376,32479411.7000,29405529.3904,3586153.8885,112053970.3650,101449076.3969,5.1304,5.2754,0.5200,0.5200,5.2000,9.9657
2015-08-06,3.4300,3.4700,3.4200,3.4300,-0.0200,-0.5800,2208076.0800,760566.7470,2.0400,4.4100,0.0751,0.6157,0.4500,6.2077,6.1841,1.0465,2.1389,2.1252,32479411.7000,29405529.3904,3586153.8885,111404382.1310,100860965.8091,5.1603,5.3061,0.5306,0.5306,5.3061,10.1691
2015-08-07,3.4400,3.4700,3.4300,3.4500,0.0200,0.5800,2481477.4500,857078.5070,2.0500,4.4400,0.0844,0.6920,0.5500,6.2439,6.2201,1.0526,2.1513,2.1376,32479411.7000,29405529.3904,3586153.8885,112053970.3650,101449076.3969,5.1304,5.2754,0.5291,0.5291,5.2907,10.1395
2015-08-10,3.4300,3.5200,3.4200,3.5100,0.0600,1.7400,5563078.9200,1933286.3240,2.0900,4.5100,0.1892,1.5513,1.4200,6.3525,6.3283,1.0709,2.1887,2.1748,32479411.7000,29405529.3904,3586153.8885,114002735.0670,103213408.1603,5.0427,5.1852,0.5306,0.5306,5.3061,10.1691
2015-08-11,3.4900,3.5000,3.4500,3.4800,-0.0300,-0.8500,4297869.6800,1493925.2900,2.0700,4.4800,0.1462,1.1985,1.3100,6.2982,6.2742,1.0617,2.1700,2.1562,32479411.7000,29405529.3904,3586153.8885,113028352.7160,102331242.2786,5.0862,5.2299,0.5215,0.5215,5.2149,9.9943
2015-08-12,3.4600,3.4600,3.4300,3.4400,-0.0400,-1.1500,2980200.6700,1027993.4470,2.0500,4.4200,0.1013,0.8310,0.8600,6.2258,6.2021,1.0495,2.1451,2.1314,32479411.7000,29405529.3904,3586153.8885,111729176.2480,101155021.1030,5.1453,5.2907,0.5260,0.5260,5.2601,10.0809
2015-08-13,3.4400,3.4500,3.4000,3.4500,0.0100,0.2900,3371451.7300,1156421.6430,2.0500,4.4400,0.1147,0.9401,0.9600,6.2439,6.2201,1.0526,2.1513,2.1376,32479411.7000,29405529.3904,3586153.8885,112053970.3650,101449076.3969,5.1304,5.2754,0.5291,0.5291,5.2907,10.1395
2015-08-14,3.4300,3.4400,3.4200,3.4300,-0.0200,-0.5800,2922408.6300,1002360.6660,2.0400,4.4100,0.0994,0.8149,0.7800,6.2077,6.1841,1.0465,2.1389,2.1252,32479411.7000,29405529.3904,3586153.8885,111404382.1310,100860965.8091,5.1603,5.3061,0.5306,0.5306,5.3061,10.1691
2015-08-17,3.4200,3.4300,3.3900,3.4100,-0.0200,-0.5800,3891158.8000,1323575.3310,2.0300,4.3900,0.1323,1.0851,1.0200,6.1715,6.1480,1.0404,2.1264,2.1128,32479411.7000,29405529.3904,3586153.8885,110754793.8970,100272855.2213,5.1906,5.3372,0.5322,0.5322,5.3216,10.1988
2015-08-18,3.4000,3.4300,3.3500,3.3600,-0.0500,-1.4700,5593676.2200,1897134.6670,2.0000,4.3200,0.1902,1.5598,1.6000,6.0810,6.0579,1.0251,2.0952,2.0819,32479411.7000,29405529.3904,3586153.8885,109130823.3120,98802578.7517,5.2679,5.4167,0.5353,0.5353,5.3529,10.2588
2015-08-19,3.3300,3.3600,3.2600,3.3400,-0.0200,-0.6000,6154987.0200,2041158.9030,1.9900,4.3000,0.2093,1.7163,1.6400,6.0448,6.0218,1.0190,2.0827,2.0695,32479411.7000,29405529.3904,3586153.8885,108481235.0780,98214468.1639,5.2994,5.4491,0.5465,0.5465,5.4655,10.4745
2015-08-20,3.3600,3.3900,3.3200,3.3200,-0.0200,-0.6000,3839435.1000,1288910.2800,1.9700,4.2700,0.1306,1.0706,0.8800,6.0086,5.9858,1.0129,2.0703,2.0571,32479411.7000,29405529.3904,3586153.8885,107831646.8440,97626357.5761,5.3313,5.4819,0.5417,0.5417,5.4167,10.3810
2015-08-21,3.3000,3.3700,3.2800,3.3200,0.0000,0.0000,5980791.5100,1985216.6670,1.9700,4.2700,0.2034,1.6677,1.3300,6.0086,5.9858,1.0129,2.0703,2.0571,32479411.7000,29405529.3904,3586153.8885,107831646.8440,97626357.5761,5.3313,5.4819,0.5515,0.5515,5.5152,10.5697
2015-08-24,3.2800,3.2800,2.9900,3.0100,-0.3100,-9.3400,9739097.8700,3015321.2620,1.7900,3.8700,0.3312,2.7158,1.9100,5.4476,5.4268,0.9183,1.8770,1.8650,32479411.7000,29405529.3904,3586153.8885,97763029.2170,88510643.4651,5.8804,6.0465,0.5549,0.5549,5.5488,10.6341
2015-08-25,2.9000,3.0200,2.7100,2.7400,-0.2700,-8.9700,9344377.1800,2676473.7960,1.6300,3.5200,0.3178,2.6057,1.4900,4.9589,4.9401,0.8360,1.7086,1.6977,32479411.7000,29405529.3904,3586153.8885,88993588.0580,80571150.5297,6.4599,6.6423,0.6276,0.6276,6.2759,12.0276
2015-08-26,2.8000,2.9100,2.7400,2.8300,0.0900,3.2800,8507678.8700,2390387.1490,1.6800,3.6400,0.2893,2.3724,1.2100,5.1218,5.1023,0.8634,1.7647,1.7535,32479411.7000,29405529.3904,3586153.8885,91916735.1110,83217648.1748,6.2544,6.4311,0.6500,0.6500,6.5000,12.4571
2015-08-27,2.8400,3.0000,2.7800,2.9800,0.1500,5.3000,7999607.4100,2298336.5930,1.7700,3.8300,0.2720,2.2307,1.0700,5.3933,5.3728,0.9092,1.8583,1.8464,32479411.7000,29405529.3904,3586153.8885,96788646.8660,87628477.5834,5.9396,6.1074,0.6408,0.6408,6.4085,12.2817
2015-08-28,2.9900,3.0300,2.9400,3.0100,0.0300,1.0100,6911073.8500,2057450.2530,1.7900,3.8700,0.2350,1.9272,0.8300,5.4476,5.4390,0.8726,1.8770,1.8503,32479411.7000,29405529.3904,3586153.8885,97763029.2170,88510643.4651,5.8804,6.0465,0.6087,0.6087,6.0870,11.6656
2015-08-31,2.9800,3.0000,2.9100,2.9900,-0.0200,-0.6600,5528972.5900,1632999.7000,1.7800,3.8500,0.1880,1.5418,0.6500,5.4114,5.4029,0.8668,1.8645,1.8380,32479411.7000,29405529.3904,3586153.8885,97113440.9830,87922532.8773,5.9197,6.0870,0.6107,0.6107,6.1074,11.7047
2015-09-01,2.9800,3.2100,2.9500,3.1600,0.1700,5.6900,14490299.7900,4502529.1600,1.8800,4.0600,0.4928,4.0406,1.8900,5.7191,5.7101,0.9161,1.9705,1.9425,32479411.7000,29405529.3904,3586153.8885,102634940.9720,92921472.8737,5.6013,5.7595,0.6107,0.6107,6.1074,11.7047
2015-09-02,3.0600,3.3900,3.0400,3.3700,0.2100,6.6500,19956688.1700,6450391.2410,2.0000,4.3300,0.6787,5.5649,2.3000,6.0991,6.0895,0.9770,2.1014,2.0716,32479411.7000,29405529.3904,3586153.8885,109455617.4290,99096634.0456,5.2522,5.4006,0.5948,0.5948,5.9477,11.3987
2015-09-07,3.2600,3.2700,3.1000,3.1200,-0.2500,-7.4200,6443335.9100,2055250.6000,1.8600,4.0100,0.2191,1.7967,0.5900,5.6467,5.6378,0.9045,1.9456,1.9179,32479411.7000,29405529.3904,3586153.8885,101335764.5040,91745251.6980,5.6731,5.8333,0.5583,0.5583,5.5828,10.6994
2015-09-08,3.1000,3.1800,3.0700,3.1500,0.0300,0.9600,4299557.2100,1346175.5950,1.8700,4.0500,0.1462,1.1989,0.4000,5.7010,5.6920,0.9132,1.9643,1.9363,32479411.7000,29405529.3904,3586153.8885,102310146.8550,92627417.5798,5.6190,5.7778,0.5871,0.5871,5.8710,11.2516
2015-09-09,3.1400,3.1800,3.1100,3.1700,0.0200,0.6300,4042052.6800,1272402.6560,1.8900,4.0800,0.1375,1.1271,0.4000,5.7372,5.7281,0.9190,1.9767,1.9486,32479411.7000,29405529.3904,3586153.8885,102959735.0890,93215528.1676,5.5836,5.7413,0.5796,0.5796,5.7962,11.1083
2015-09-10,3.1400,3.1900,3.1300,3.1700,0.0000,0.0000,2796673.3900,885797.5080,1.8900,4.0800,0.0951,0.7799,0.2800,5.7372,5.7281,0.9190,1.9767,1.9486,32479411.7000,29405529.3904,3586153.8885,102959735.0890,93215528.1676,5.5836,5.7413,0.5796,0.5796,5.7962,11.1083
2015-09-11,3.1500,3.1700,3.1200,3.1400,-0.0300,-0.9500,1840525.9400,579384.2750,1.8700,4.0400,0.0626,0.5132,0.2500,5.6829,5.6739,0.9103,1.9580,1.9302,32479411.7000,29405529.3904,3586153.8885,101985352.7380,92333362.2859,5.6369,5.7962,0.5778,0.5778,5.7778,11.0730
2015-09-14,3.1400,3.2200,3.0600,3.1400,0.0000,0.0000,5216798.3400,1643864.9590,1.8700,4.0400,0.1774,1.4547,1.3400,5.6829,5.6739,0.9103,1.9580,1.9302,32479411.7000,29405529.3904,3586153.8885,101985352.7380,92333362.2859,5.6369,5.7962,0.5796,0.5796,5.7962,11.1083
2015-09-15,3.1100,3.1700,3.1000,3.1600,0.0200,0.6400,4869509.5100,1530771.5760,1.8800,4.0600,0.1656,1.3579,1.3400,5.7191,5.7101,0.9161,1.9705,1.9425,32479411.7000,29405529.3904,3586153.8885,102634940.9720,92921472.8737,5.6013,5.7595,0.5852,0.5852,5.8521,11.2154
2015-09-16,3.1400,3.2100,3.1000,3.1700,0.0100,0.3200,3363860.3600,1057267.7390,1.8900,4.0800,0.1144,0.9380,0.9000,5.7372,5.7281,0.9190,1.9767,1.9486,32479411.7000,29405529.3904,3586153.8885,102959735.0890,93215528.1676,5.5836,5.7413,0.5796,0.5796,5.7962,11.1083
2015-09-17,3.1500,3.1900,3.1300,3.1500,-0.0200,-0.6300,2558660.6000,809539.5510,1.8700,4.0500,0.0870,0.7135,0.7100,5.7010,5.6920,0.9132,1.9643,1.9363,32479411.7000,29405529.3904,3586153.8885,102310146.8550,92627417.5798,5.6190,5.7778,0.5778,0.5778,5.7778,11.0730
2015-09-18,3.1500,3.1700,3.1300,3.1400,-0.0100,-0.3200,2543587.2100,801314.9980,1.8700,4.0400,0.0865,0.7093,0.7100,5.6829,5.6739,0.9103,1.9580,1.9302,32479411.7000,29405529.3904,3586153.8885,101985352.7380,92333362.2859,5.6369,5.7962,0.5778,0.5778,5.7778,11.0730
2015-09-21,3.1300,3.1400,3.1000,3.1200,-0.0200,-0.6400,2630961.7900,820965.7330,1.8600,4.0100,0.0895,0.7336,0.7100,5.6467,5.6378,0.9045,1.9456,1.9179,32479411.7000,29405529.3904,3586153.8885,101335764.5040,91745251.6980,5.6731,5.8333,0.5815,0.5815,5.8147,11.1438
2015-09-22,3.1200,3.1500,3.1100,3.1400,0.0200,0.6400,1910815.8500,599526.9550,1.8700,4.0400,0.0650,0.5328,0.6000,5.6829,5.6739,0.9103,1.9580,1.9302,32479411.7000,29405529.3904,3586153.8885,101985352.7380,92333362.2859,5.6369,5.7962,0.5833,0.5833,5.8333,11.1795
2015-09-23,3.1200,3.1300,3.0900,3.1000,-0.0400,-1.2700,1824137.0500,567271.7700,1.8400,3.9900,0.0620,0.5087,0.7000,5.6105,5.6016,0.8987,1.9331,1.9056,32479411.7000,29405529.3904,3586153.8885,100686176.2700,91157141.1102,5.7097,5.8710,0.5833,0.5833,5.8333,11.1795
2015-09-24,3.1000,3.1100,3.0800,3.0900,-0.0100,-0.3200,1410323.2200,436291.5620,1.8400,3.9700,0.0480,0.3933,0.6100,5.5924,5.5836,0.8958,1.9268,1.8995,32479411.7000,29405529.3904,3586153.8885,100361382.1530,90863085.8163,5.7282,5.8900,0.5871,0.5871,5.8710,11.2516
2015-09-25,3.0800,3.1100,3.0600,3.1100,0.0200,0.6500,2065469.9600,636519.7140,1.8500,4.0000,0.0702,0.5760,1.0000,5.6286,5.6197,0.9016,1.9393,1.9117,32479411.7000,29405529.3904,3586153.8885,101010970.3870,91451196.4041,5.6913,5.8521,0.5909,0.5909,5.9091,11.3247
2015-09-28,3.0900,3.1000,3.0700,3.0800,-0.0300,-0.9600,928485.3300,286040.7750,1.8300,3.9600,0.0316,0.2589,0.4700,5.5743,5.5655,0.8929,1.9206,1.8933,32479411.7000,29405529.3904,3586153.8885,100036588.0360,90569030.5224,5.7468,5.9091,0.5890,0.5890,5.8900,11.2880
2015-09-29,3.0700,3.0700,3.0200,3.0300,-0.0500,-1.6200,1943152.5200,589769.8220,1.8000,3.9000,0.0661,0.5418,1.1900,5.4838,5.4752,0.8784,1.8894,1.8626,32479411.7000,29405529.3904,3586153.8885,98412617.4510,89098754.0529,5.8416,6.0066,0.5928,0.5928,5.9283,11.3616
2015-09-30,3.0300,3.0600,3.0200,3.0300,0.0000,0.0000,1470617.9000,447049.2880,1.8000,3.9000,0.0500,0.4101,0.9000,5.4838,5.4752,0.8784,1.8894,1.8626,32479411.7000,29405529.3904,3586153.8885,98412617.4510,89098754.0529,5.8416,6.0066,0.6007,0.6007,6.0066,11.5116
2015-10-08,3.0800,3.1000,3.0600,3.0800,0.0500,1.6500,2175893.2800,670450.5880,1.8300,3.9600,0.0740,0.6067,1.3900,5.5743,5.5655,0.8929,1.9206,1.8933,32479411.7000,29405529.3904,3586153.8885,100036588.0360,90569030.5224,5.7468,5.9091,0.5909,0.5909,5.9091,11.3247
2015-10-09,3.0800,3.1000,3.0700,3.0900,0.0100,0.3200,1837100.9300,567440.9420,1.8400,3.9700,0.0625,0.5123,1.0700,5.5924,5.5836,0.8958,1.9268,1.8995,32479411.7000,29405529.3904,3586153.8885,100361382.1530,90863085.8163,5.7282,5.8900,0.5909,0.5909,5.9091,11.3247
2015-10-12,3.1000,3.1600,3.0900,3.1500,0.0600,1.9400,3300399.7900,1033755.5430,1.8700,4.0500,0.1122,0.9203,1.9800,5.7010,5.6920,0.9132,1.9643,1.9363,32479411.7000,29405529.3904,3586153.8885,102310146.8550,92627417.5798,5.6190,5.7778,0.5871,0.5871,5.8710,11.2516
2015-10-13,3.1400,3.1500,3.1200,3.1300,-0.0200,-0.6300,1624295.6500,508734.6700,1.8600,4.0300,0.0552,0.4529,0.7600,5.6648,5.6559,0.9074,1.9518,1.9240,32479411.7000,29405529.3904,3586153.8885,101660558.6210,92039306.9920,5.6550,5.8147,0.5796,0.5796,5.7962,11.1083
2015-10-14,3.1200,3.1300,3.1000,3.1000,-0.0300,-0.9600,1624365.8000,505713.7130,1.8400,3.9900,0.0552,0.4530,0.7800,5.6105,5.6016,0.8987,1.9331,1.9056,32479411.7000,29405529.3904,3586153.8885,100686176.2700,91157141.1102,5.7097,5.8710,0.5833,0.5833,5.8333,11.1795
2015-10-15,3.1000,3.1400,3.0900,3.1300,0.0300,0.9700,1704404.5600,531347.7040,1.8600,4.0300,0.0580,0.4753,0.8100,5.6648,5.6559,0.9074,1.9518,1.9240,32479411.7000,29405529.3904,3586153.8885,101660558.6210,92039306.9920,5.6550,5.8147,0.5871,0.5871,5.8710,11.2516
2015-10-16,3.1400,3.1500,3.1200,3.1400,0.0100,0.3200,2463336.6400,772920.9950,1.8700,4.0400,0.0838,0.6869,1.2200,5.6829,5.6739,0.9103,1.9580,1.9302,32479411.7000,29405529.3904,3586153.8885,101985352.7380,92333362.2859,5.6369,5.7962,0.5796,0.5796,5.7962,11.1083
2015-10-19,3.1500,3.1500,3.1100,3.1300,-0.0100,-0.3200,2827198.8300,886733.5100,1.8600,4.0300,0.0961,0.7884,1.3200,5.6648,5.6559,0.9074,1.9518,1.9240,32479411.7000,29405529.3904,3586153.8885,101660558.6210,92039306.9920,5.6550,5.8147,0.5778,0.5778,5.7778,11.0730
2015-10-20,3.1200,3.1400,3.1200,3.1400,0.0100,0.3200,1881134.4700,588837.0260,1.8700,4.0400,0.0640,0.5246,0.9200,5.6829,5.6739,0.9103,1.9580,1.9302,32479411.7000,29405529.3904,3586153.8885,101985352.7380,92333362.2859,5.6369,5.7962,0.5833,0.5833,5.8333,11.1795
2015-10-21,3.1400,3.2000,3.1200,3.1900,0.0500,1.5900,6068205.6200,1915113.2150,1.9000,4.1000,0.2064,1.6921,2.8900,5.7734,5.7643,0.9248,1.9892,1.9609,32479411.7000,29405529.3904,3586153.8885,103609323.3230,93803638.7554,5.5486,5.7053,0.5796,0.5796,5.7962,11.1083
2015-10-22,3.1500,3.1800,3.1300,3.1500,-0.0400,-1.2500,3127832.2000,985771.0740,1.8700,4.0500,0.1064,0.8722,1.0500,5.7010,5.6920,0.9132,1.9643,1.9363,32479411.7000,29405529.3904,3586153.8885,102310146.8550,92627417.5798,5.6190,5.7778,0.5778,0.5778,5.7778,11.0730
2015-10-23,3.1500,3.1700,3.1400,3.1600,0.0100,0.3200,2599485.4200,819079.9680,1.8800,4.0600,0.0884,0.7249,0.7900,5.7191,5.7101,0.9161,1.9705,1.9425,32479411.7000,29405529.3904,3586153.8885,102634940.9720,92921472.8737,5.6013,5.7595,0.5778,0.5778,5.7778,11.0730
2015-10-26,3.1800,3.1900,3.1500,3.1700,0.0100,0.3200,2685701.1800,851196.6410,1.8900,4.0800,0.0913,0.7489,0.8100,5.7372,5.7126,0.8774,1.9767,1.9275,32479411.7000,29405529.3904,3586153.8885,102959735.0890,93215528.1676,5.5836,5.7413,0.5723,0.5723,5.7233,10.9686
2015-10-27,3.1600,3.1700,3.1400,3.1500,-0.0200,-0.6300,2264562.4900,714450.3820,1.8700,4.0500,0.0770,0.6391,0.6900,5.7010,5.6766,0.8718,1.9643,1.9153,32479411.7000,29405529.3904,3543299.0685,102310146.8550,92627417.5798,5.6190,5.7778,0.5759,0.5759,5.7595,11.0380
2015-10-28,3.1500,3.1600,3.1300,3.1500,0.0000,0.0000,1965505.0200,618862.3390,1.8700,4.0500,0.0668,0.5547,0.5900,5.7010,5.6766,0.8718,1.9643,1.9153,32479411.7000,29405529.3904,3543299.0685,102310146.8550,92627417.5798,5.6190,5.7778,0.5778,0.5778,5.7778,11.0730
2015-10-29,3.1400,3.1500,3.1300,3.1300,-0.0200,-0.6300,1488403.9600,467279.5610,1.8600,4.0300,0.0506,0.4201,0.5900,5.6648,5.6405,0.9296,1.9518,1.9032,32479411.7000,29405529.3904,3543299.0685,101660558.6210,92039306.9920,5.6550,5.8147,0.5796,0.5796,5.7962,11.1083
2015-10-30,3.1300,3.1500,3.1200,3.1400,0.0100,0.3200,1615416.8100,507044.2000,1.8700,4.0400,0.0549,0.4559,0.7300,5.6829,5.6586,0.9326,1.9580,1.9092,32479411.7000,29405529.3904,3543299.0685,101985352.7380,92333362.2859,5.6369,5.7962,0.5815,0.5815,5.8147,11.1438
2015-11-02,3.1300,3.1500,3.1100,3.1100,-0.0300,-0.9600,2156399.0700,675040.6780,1.8500,4.0000,0.0733,0.6086,1.0800,5.6286,5.6045,0.9237,1.9393,1.8910,32479411.7000,29405529.3904,3543299.0685,101010970.3870,91451196.4041,5.6913,5.8521,0.5815,0.5815,5.8147,11.1438
2015-11-03,3.1100,3.1200,3.0600,3.0700,-0.0400,-1.2900,2167451.2000,668600.1940,1.8300,3.9500,0.0737,0.6117,1.1400,5.5562,5.5324,0.9118,1.9144,1.8667,32479411.7000,29405529.3904,3543299.0685,99711793.9190,90274975.2285,5.7655,5.9283,0.5852,0.5852,5.8521,11.2154
2015-11-04,3.0700,3.1500,3.0600,3.1500,0.0800,2.6100,4067193.2300,1263851.4680,1.8700,4.0500,0.1383,1.1479,2.1600,5.7010,5.6766,0.9355,1.9643,1.9153,32479411.7000,29405529.3904,3543299.0685,102310146.8550,92627417.5798,5.6190,5.7778,0.5928,0.5928,5.9283,11.3616
2015-11-05,3.1400,3.2500,3.1200,3.2000,0.0500,1.5900,8125184.7800,2599442.7290,1.9000,4.1200,0.2763,2.2931,3.5300,5.7915,5.7667,0.9504,1.9954,1.9457,32479411.7000,29405529.3904,3543299.0685,103934117.4400,94097694.0493,5.5313,5.6875,0.5796,0.5796,5.7962,11.1083
2015-11-06,3.1800,3.2100,3.1600,3.2000,0.0000,0.0000,4894290.5800,1558232.7090,1.9000,4.1200,0.1664,1.3813,1.3500,5.7915,5.7667,0.9504,1.9954,1.9457,32479411.7000,29405529.3904,3543299.0685,103934117.4400,94097694.0493,5.5313,5.6875,0.5723,0.5723,5.7233,10.9686
2015-11-09,3.2300,3.3800,3.2300,3.3300,0.1300,4.0600,10167794.6500,3385888.1930,1.9800,4.2800,0.3458,2.8696,2.3700,6.0267,6.0010,0.9890,2.0765,2.0248,32479411.7000,29405529.3904,3543299.0685,108156440.9610,97920412.8700,5.3153,5.4655,0.5635,0.5635,5.6347,10.7988
2015-11-10,3.3000,3.3300,3.2700,3.2900,-0.0400,-1.2000,4645924.2800,1531133.5940,1.9600,4.2300,0.1580,1.3112,0.7900,5.9543,5.9289,0.9771,2.0516,2.0004,32479411.7000,29405529.3904,3543299.0685,106857264.4930,96744191.6944,5.3799,5.5319,0.5515,0.5515,5.5152,10.5697
2015-11-11,3.2900,3.2900,3.2300,3.2700,-0.0200,-0.6100,3622909.2200,1182061.0690,1.9400,4.2100,0.1232,1.0225,0.5700,5.9181,5.8928,0.9712,2.0391,1.9883,32479411.7000,29405529.3904,3543299.0685,106207676.2590,96156081.1066,5.4128,5.5657,0.5532,0.5532,5.5319,10.6018
2015-11-12,3.2600,3.2700,3.2200,3.2300,-0.0400,-1.2200,2219998.6200,719395.3150,1.9200,4.1500,0.0755,0.6265,0.3500,5.8458,5.8207,0.9593,2.0141,1.9640,32479411.7000,29405529.3904,3543299.0685,104908499.7910,94979859.9310,5.4799,5.6347,0.5583,0.5583,5.5828,10.6994
2015-11-13,3.2200,3.2500,3.2000,3.2100,-0.0200,-0.6200,2327907.0200,749385.2720,1.9100,4.1300,0.0792,0.6570,0.4600,5.8096,5.7847,0.9533,2.0017,1.9518,32479411.7000,29405529.3904,3543299.0685,104258911.5570,94391749.3432,5.5140,5.6698,0.5652,0.5652,5.6522,10.8323
2015-11-16,3.1900,3.2300,3.1800,3.2300,0.0200,0.6200,2051500.0500,658117.2090,1.9200,4.1500,0.0698,0.5790,0.4500,5.8458,5.8207,0.9593,2.0141,1.9640,32479411.7000,29405529.3904,3543299.0685,104908499.7910,94979859.9310,5.4799,5.6347,0.5705,0.5705,5.7053,10.9342
2015-11-17,3.2300,3.2800,3.2200,3.2400,0.0100,0.3100,3874938.7100,1259699.7480,1.9300,4.1700,0.1318,1.0936,1.3000,5.8639,5.8388,0.9623,2.0204,1.9700,32479411.7000,29405529.3904,3543299.0685,105233293.9080,95273915.2249,5.4630,5.6173,0.5635,0.5635,5.6347,10.7988
2015-11-18,3.2300,3.2700,3.2100,3.2500,0.0100,0.3100,3615938.2800,1170345.2770,1.9300,4.1800,0.1230,1.0205,1.2800,5.8820,5.8568,0.9652,2.0266,1.9761,32479411.7000,29405529.3904,3543299.0685,105558088.0250,95567970.5188,5.4462,5.6000,0.5635,0.5635,5.6347,10.7988
2015-11-19,3.2400,3.2500,3.2100,3.2400,-0.0100,-0.3100,2646567.6900,854566.9370,1.9300,4.1700,0.0900,0.7469,0.9400,5.8639,5.8388,0.9623,2.0204,1.9700,32479411.7000,29405529.3904,3543299.0685,105233293.9080,95273915.2249,5.4630,5.6173,0.5617,0.5617,5.6173,10.7654
2015-11-20,3.2400,3.2500,3.2100,3.2300,-0.0100,-0.3100,3126107.8500,1007683.9960,1.9200,4.1500,0.1063,0.8823,1.0800,5.8458,5.8207,0.9593,2.0141,1.9640,32479411.7000,29405529.3904,3543299.0685,104908499.7910,94979859.9310,5.4799,5.6347,0.5617,0.5617,5.6173,10.7654
2015-11-23,3.2200,3.2300,3.2000,3.2100,-0.0200,-0.6200,2226004.8000,715854.9030,1.9100,4.1300,0.0757,0.6282,0.7300,5.8096,5.7847,0.9533,2.0017,1.9518,32479411.7000,29405529.3904,3543299.0685,104258911.5570,94391749.3432,5.5140,5.6698,0.5652,0.5652,5.6522,10.8323
2015-11-24,3.2000,3.2100,3.1800,3.2000,-0.0100,-0.3100,3080582.0400,983831.8260,1.9000,4.1200,0.1048,0.8694,0.9900,5.7915,5.7667,0.9504,1.9954,1.9457,32479411.7000,29405529.3904,3543299.0685,103934117.4400,94097694.0493,5.5313,5.6875,0.5687,0.5687,5.6875,10.9000
2015-11-25,3.1900,3.2300,3.1800,3.2300,0.0300,0.9400,2744332.6300,880851.5200,1.9200,4.1500,0.0933,0.7745,0.9300,5.8458,5.8207,0.9593,2.0141,1.9640,32479411.7000,29405529.3904,3543299.0685,104908499.7910,94979859.9310,5.4799,5.6347,0.5705,0.5705,5.7053,10.9342
2015-11-26,3.2200,3.2400,3.2100,3.2200,-0.0100,-0.3100,1986038.3100,640015.9170,1.9200,4.1400,0.0675,0.5605,0.7200,5.8277,5.8027,0.9563,2.0079,1.9579,32479411.7000,29405529.3904,3543299.0685,104583705.6740,94685804.6371,5.4969,5.6522,0.5652,0.5652,5.6522,10.8323
2015-11-27,3.2100,3.2200,3.1000,3.1300,-0.0900,-2.8000,3049232.6700,963799.5580,1.8600,4.0300,0.1037,0.8606,1.1600,5.6648,5.6405,0.9296,1.9518,1.9032,32479411.7000,29405529.3904,3543299.0685,101660558.6210,92039306.9920,5.6550,5.8147,0.5670,0.5670,5.6698,10.8660
2015-11-30,3.1300,3.1700,3.1100,3.1500,0.0200,0.6400,3271239.9200,1027774.7810,1.8700,4.0500,0.1112,0.9232,1.2500,5.7010,5.6766,0.9355,1.9643,1.9153,32479411.7000,29405529.3904,3543299.0685,102310146.8550,92627417.5798,5.6190,5.7778,0.5815,0.5815,5.8147,11.1438
2015-12-01,3.1400,3.1400,3.1100,3.1200,-0.0300,-0.9500,2052914.5300,641232.5140,1.8600,4.0100,0.0698,0.5794,0.7300,5.6467,5.6225,0.9266,1.9456,1.8971,32479411.7000,29405529.3904,3543299.0685,101335764.5040,91745251.6980,5.6731,5.8333,0.5796,0.5796,5.7962,11.1083
2015-12-02,3.1200,3.2500,3.1100,3.2400,0.1200,3.8500,6635767.4000,2119992.6350,1.9300,4.1700,0.2257,1.8728,2.5300,5.8639,5.8388,0.9623,2.0204,1.9700,32479411.7000,29405529.3904,3543299.0685,105233293.9080,95273915.2249,5.4630,5.6173,0.5833,0.5833,5.8333,11.1795
2015-12-03,3.2200,3.3900,3.2100,3.3400,0.1000,3.0900,10640564.2200,3523961.5130,1.9900,4.3000,0.3619,3.0030,3.1300,6.0448,6.0190,0.9920,2.0827,2.0308,32479411.7000,29405529.3904,3543299.0685,108481235.0780,98214468.1639,5.2994,5.4491,0.5652,0.5652,5.6522,10.8323
2015-12-04,3.3200,3.3400,3.2800,3.3000,-0.0400,-1.2000,5498624.0100,1817714.4050,1.9600,4.2400,0.1870,1.5518,1.0700,5.9724,5.9469,0.9801,2.0578,2.0065,32479411.7000,29405529.3904,3543299.0685,107182058.6100,97038246.9883,5.3636,5.5152,0.5482,0.5482,5.4819,10.5060
2015-12-07,3.3000,3.3100,3.2600,3.2700,-0.0300,-0.9100,1779331.7800,582602.7110,1.9400,4.2100,0.0605,0.5022,0.3200,5.9181,5.8928,0.9712,2.0391,1.9883,32479411.7000,29405529.3904,3543299.0685,106207676.2590,96156081.1066,5.4128,5.5657,0.5515,0.5515,5.5152,10.5697
2015-12-08,3.2500,3.2600,3.1800,3.2100,-0.0600,-1.8300,2396198.9100,770157.2140,1.9100,4.1300,0.0815,0.6763,0.4500,5.8096,5.7847,0.9533,2.0017,1.9518,32479411.7000,29405529.3904,3543299.0685,104258911.5570,94391749.3432,5.5140,5.6698,0.5600,0.5600,5.6000,10.7323
2015-12-09,3.1900,3.2500,3.1800,3.2300,0.0200,0.6200,1607812.3200,518588.9110,1.9200,4.1500,0.0547,0.4538,0.3000,5.8458,5.8207,0.9593,2.0141,1.9640,32479411.7000,29405529.3904,3543299.0685,104908499.7910,94979859.9310,5.4799,5.6347,0.5705,0.5705,5.7053,10.9342
2015-12-10,3.2200,3.2600,3.2000,3.2300,0.0000,0.0000,1756656.7300,567761.2540,1.9200,4.1500,0.0597,0.4958,0.4000,5.8458,5.8207,0.9593,2.0141,1.9640,32479411.7000,29405529.3904,3543299.0685,104908499.7910,94979859.9310,5.4799,5.6347,0.5652,0.5652,5.6522,10.8323
2015-12-11,3.2100,3.2400,3.1900,3.2300,0.0000,0.0000,2423985.7700,778045.9320,1.9200,4.1500,0.0824,0.6841,0.9300,5.8458,5.8207,0.9593,2.0141,1.9640,32479411.7000,29405529.3904,3543299.0685,104908499.7910,94979859.9310,5.4799,5.6347,0.5670,0.5670,5.6698,10.8660
2015-12-14,3.2000,3.2800,3.2000,3.2800,0.0500,1.5500,2777256.3300,901848.9310,1.9500,4.2200,0.0944,0.7838,1.3900,5.9362,5.9109,0.9741,2.0453,1.9944,32479411.7000,29405529.3904,3543299.0685,106532470.3760,96450136.4005,5.3963,5.5488,0.5687,0.5687,5.6875,10.9000
2015-12-15,3.2700,3.2800,3.2300,3.2400,-0.0400,-1.2200,1279827.7300,416591.8520,1.9300,4.1700,0.0435,0.3612,0.5800,5.8639,5.8388,0.9623,2.0204,1.9700,32479411.7000,29405529.3904,3543299.0685,105233293.9080,95273915.2249,5.4630,5.6173,0.5566,0.5566,5.5657,10.6667
2015-12-16,3.2500,3.2600,3.2300,3.2400,0.0000,0.0000,1129360.8100,366282.3480,1.9300,4.1700,0.0384,0.3187,0.5700,5.8639,5.8388,0.9623,2.0204,1.9700,32479411.7000,29405529.3904,3543299.0685,105233293.9080,95273915.2249,5.4630,5.6173,0.5600,0.5600,5.6000,10.7323
2015-12-17,3.2400,3.2800,3.2400,3.2700,0.0300,0.9300,2112740.5000,688339.4490,1.9400,4.2100,0.0718,0.5963,1.1300,5.9181,5.8928,0.9712,2.0391,1.9883,32479411.7000,29405529.3904,3543299.0685,106207676.2590,96156081.1066,5.4128,5.5657,0.5617,0.5617,5.6173,10.7654
2015-12-18,3.2500,3.3400,3.2500,3.2800,0.0100,0.3100,2713387.6000,892574.0060,1.9500,4.2200,0.0923,0.7658,1.4000,5.9362,5.9109,0.9741,2.0453,1.9944,32479411.7000,29405529.3904,3543299.0685,106532470.3760,96450136.4005,5.3963,5.5488,0.5600,0.5600,5.6000,10.7323
2015-12-21,3.2600,3.3400,3.2600,3.3100,0.0300,0.9100,3571994.6300,1180666.1900,1.9700,4.2600,0.1215,1.0081,1.7800,5.9905,5.9649,0.9830,2.0640,2.0126,32479411.7000,29405529.3904,3543299.0685,107506852.7270,97332302.2822,5.3474,5.4985,0.5583,0.5583,5.5828,10.6994
2015-12-22,3.3100,3.3200,3.2800,3.3100,0.0000,0.0000,1816912.2800,599348.4790,1.9700,4.2600,0.0618,0.5128,0.8400,5.9905,5.9649,0.9830,2.0640,2.0126,32479411.7000,29405529.3904,3543299.0685,107506852.7270,97332302.2822,5.3474,5.4985,0.5498,0.5498,5.4985,10.5378
2015-12-23,3.3000,3.3400,3.2800,3.3000,-0.0100,-0.3000,2635338.6800,870971.5580,1.9600,4.2400,0.0896,0.7438,1.1600,5.9724,5.9469,0.9801,2.0578,2.0065,32479411.7000,29405529.3904,3543299.0685,107182058.6100,97038246.9883,5.3636,5.5152,0.5515,0.5515,5.5152,10.5697
2015-12-24,3.3000,3.3100,3.2500,3.2800,-0.0200,-0.6100,2470539.2600,809165.1870,1.9500,4.2200,0.0840,0.6972,0.9600,5.9362,5.9109,0.9741,2.0453,1.9944,32479411.7000,29405529.3904,3543299.0685,106532470.3760,96450136.4005,5.3963,5.5488,0.5515,0.5515,5.5152,10.5697
2015-12-25,3.2800,3.2900,3.2600,3.2700,-0.0100,-0.3000,1219166.6900,399167.7870,1.9400,4.2100,0.0415,0.3441,0.4600,5.9181,5.8928,0.9712,2.0391,1.9883,32479411.7000,29405529.3904,3543299.0685,106207676.2590,96156081.1066,5.4128,5.5657,0.5549,0.5549,5.5488,10.6341
2015-12-28,3.2700,3.2800,3.2000,3.2000,-0.0700,-2.1400,2546599.0400,825957.6910,1.9000,4.1200,0.0866,0.7187,1.0900,5.7915,5.7667,0.9504,1.9954,1.9457,32479411.7000,29405529.3904,3543299.0685,103934117.4400,94097694.0493,5.5313,5.6875,0.5566,0.5566,5.5657,10.6667
2015-12-29,3.2100,3.2400,3.2000,3.2400,0.0400,1.2500,1459282.8200,469657.5790,1.9300,4.1700,0.0496,0.4118,0.6800,5.8639,5.8388,0.9623,2.0204,1.9700,32479411.7000,29405529.3904,3543299.0685,105233293.9080,95273915.2249,5.4630,5.6173,0.5670,0.5670,5.6698,10.8660
2015-12-30,3.2300,3.2400,3.2100,3.2300,-0.0100,-0.3100,1268803.3200,408871.3760,1.9200,4.1500,0.0431,0.3581,0.6100,5.8458,5.8207,0.9593,2.0141,1.9640,32479411.7000,29405529.3904,3543299.0685,104908499.7910,94979859.9310,5.4799,5.6347,0.5635,0.5635,5.6347,10.7988
2015-12-31,3.2300,3.2500,3.2200,3.2300,0.0000,0.0000,1582481.2800,511938.6640,1.9200,4.1500,0.0538,0.4313,0.8800,5.8458,5.8207,0.9593,2.0141,1.9640,32479411.7000,29405529.3904,3668842.5385,104908499.7910,94979859.9310,5.4799,5.6347,0.5635,0.5635,5.6347,10.7988
2016-01-04,3.2400,3.2400,3.1100,3.1200,-0.1100,-3.4100,1913127.0000,609918.4880,1.8600,4.0100,0.0651,0.5215,1.1800,5.6467,5.6225,0.9266,1.9456,1.8971,32479411.7000,29405529.3904,3668842.5385,101335764.5040,91745251.6980,5.8333,5.8333,0.5148,0.5148,5.1481,10.3951
2016-01-05,3.1000,3.1700,3.0800,3.1600,0.0400,1.2800,3215456.2100,1010967.5600,1.8800,4.0600,0.1093,0.8764,1.8300,5.7191,5.6946,0.9385,1.9705,1.9214,32479411.7000,29405529.3904,3668842.5385,102634940.9720,92921472.8737,5.7595,5.7595,0.5381,0.5381,5.3806,10.8645
2016-01-06,3.1500,3.1900,3.1400,3.1800,0.0200,0.6300,1684199.9000,534016.6600,1.8900,4.0900,0.0573,0.4591,0.8900,5.7553,5.7306,0.9444,1.9830,1.9336,32479411.7000,29405529.3904,3668842.5385,103284529.2060,93509583.4615,5.7233,5.7233,0.5295,0.5295,5.2952,10.6921
2016-01-07,3.1600,3.1700,3.1000,3.1100,-0.0700,-2.2000,676930.2000,213026.0280,1.8500,4.0000,0.0230,0.1845,0.3500,5.6286,5.6045,0.9237,1.9393,1.8910,32479411.7000,29405529.3904,3668842.5385,101010970.3870,91451196.4041,5.8521,5.8521,0.5278,0.5278,5.2785,10.6582
2016-01-08,3.1400,3.1700,3.1100,3.1600,0.0500,1.6100,2696910.5200,848424.9840,1.8800,4.0600,0.0917,0.7351,1.4900,5.7191,5.6946,0.9385,1.9705,1.9214,32479411.7000,29405529.3904,3668842.5385,102634940.9720,92921472.8737,5.7595,5.7595,0.5312,0.5312,5.3121,10.7261
2016-01-11,3.1400,3.1500,3.0900,3.0900,-0.0700,-2.2200,2863885.6200,896360.9740,1.8400,3.9700,0.0974,0.7806,1.4100,5.5924,5.5685,0.9177,1.9268,1.8788,32479411.7000,29405529.3904,3668842.5385,100361382.1530,90863085.8163,5.8900,5.8900,0.5312,0.5312,5.3121,10.7261
2016-01-12,3.1100,3.1400,3.0900,3.1300,0.0400,1.2900,1763419.2300,549730.2840,1.8600,4.0300,0.0600,0.4806,0.7900,5.6648,5.6405,0.9296,1.9518,1.9032,32479411.7000,29405529.3904,3668842.5385,101660558.6210,92039306.9920,5.8147,5.8147,0.5363,0.5363,5.3633,10.8296
2016-01-13,3.1300,3.1500,3.1100,3.1200,-0.0100,-0.3200,1536207.6000,481542.8590,1.8600,4.0100,0.0522,0.4187,0.7900,5.6467,5.6225,0.9266,1.9456,1.8971,32479411.7000,29405529.3904,3668842.5385,101335764.5040,91745251.6980,5.8333,5.8333,0.5329,0.5329,5.3291,10.7604
2016-01-14,3.0900,3.1200,3.0600,3.1200,0.0000,0.0000,2738626.0500,847415.4950,1.8600,4.0100,0.0931,0.7465,1.4400,5.6467,5.6225,0.9266,1.9456,1.8971,32479411.7000,29405529.3904,3668842.5385,101335764.5040,91745251.6980,5.8333,5.8333,0.5398,0.5398,5.3981,10.8997
2016-01-15,3.1100,3.1100,3.0600,3.0700,-0.0500,-1.6000,2146738.0300,662801.8580,1.8300,3.9500,0.0730,0.5851,0.9300,5.5562,5.5324,0.9118,1.9144,1.8667,32479411.7000,29405529.3904,3668842.5385,99711793.9190,90274975.2285,5.9283,5.9283,0.5363,0.5363,5.3633,10.8296
2016-01-18,3.0500,3.1100,3.0300,3.0700,0.0000,0.0000,2139644.4000,658513.7660,1.8300,3.9500,0.0728,0.5832,0.9700,5.5562,5.5324,0.9118,1.9144,1.8667,32479411.7000,29405529.3904,3668842.5385,99711793.9190,90274975.2285,5.9283,5.9283,0.5469,0.5469,5.4689,11.0426
2016-01-19,3.0800,3.1200,3.0600,3.1100,0.0400,1.3000,1434957.3400,444661.2120,1.8500,4.0000,0.0488,0.3911,0.6900,5.6286,5.6045,0.9237,1.9393,1.8910,32479411.7000,29405529.3904,3668842.5385,101010970.3870,91451196.4041,5.8521,5.8521,0.5416,0.5416,5.4156,10.9351
2016-01-20,3.1000,3.1200,3.0800,3.1100,0.0000,0.0000,1884368.1900,583696.2850,1.8500,4.0000,0.0641,0.5136,0.9400,5.6286,5.6045,0.9237,1.9393,1.8910,32479411.7000,29405529.3904,3668842.5385,101010970.3870,91451196.4041,5.8521,5.8521,0.5381,0.5381,5.3806,10.8645
2016-01-21,3.0800,3.1300,3.0800,3.0900,-0.0200,-0.6400,1727071.1400,536059.0560,1.8400,3.9700,0.0587,0.4707,0.8300,5.5924,5.5685,0.9177,1.9268,1.8788,32479411.7000,29405529.3904,3668842.5385,100361382.1530,90863085.8163,5.8900,5.8900,0.5416,0.5416,5.4156,10.9351
2016-01-22,3.1000,3.1100,3.0700,3.1100,0.0200,0.6500,1515520.1900,468537.7180,1.8500,4.0000,0.0515,0.4131,0.8100,5.6286,5.6045,0.9237,1.9393,1.8910,32479411.7000,29405529.3904,3668842.5385,101010970.3870,91451196.4041,5.8521,5.8521,0.5381,0.5381,5.3806,10.8645
2016-01-25,3.0900,3.1000,3.0700,3.1000,-0.0100,-0.3200,1613665.2300,497810.3250,1.8400,3.9900,0.0549,0.4398,0.9300,5.6105,5.5865,0.9207,1.9331,1.8849,32479411.7000,29405529.3904,3668842.5385,100686176.2700,91157141.1102,5.8710,5.8710,0.5398,0.5398,5.3981,10.8997
2016-01-26,3.0800,3.0900,2.9300,2.9500,-0.1500,-4.8400,2207486.7600,666917.4390,1.7500,3.7900,0.0751,0.6017,1.3500,5.3390,5.3162,0.8761,1.8395,1.7937,32479411.7000,29405529.3904,3668842.5385,95814264.5150,86746311.7017,6.1695,6.1695,0.5416,0.5416,5.4156,10.9351
2016-01-27,2.9500,2.9700,2.8900,2.9500,0.0000,0.0000,2399650.2200,706129.8950,1.7500,3.7900,0.0816,0.6541,1.3400,5.3390,5.3162,0.8761,1.8395,1.7937,32479411.7000,29405529.3904,3668842.5385,95814264.5150,86746311.7017,6.1695,6.1695,0.5654,0.5654,5.6542,11.4169
2016-01-28,2.9500,2.9600,2.9100,2.9100,-0.0400,-1.3600,1590225.9300,466818.2160,1.7300,3.7400,0.0541,0.4334,0.8400,5.2666,5.2441,0.8643,1.8146,1.7694,32479411.7000,29405529.3904,3668842.5385,94515088.0470,85570090.5261,6.2543,6.2543,0.5654,0.5654,5.6542,11.4169
2016-01-29,2.9100,3.0000,2.9100,2.9900,0.0800,2.7500,1987770.8200,589150.1580,1.7800,3.8500,0.0676,0.5418,1.0700,5.4114,5.3882,0.8880,1.8645,1.8180,32479411.7000,29405529.3904,3668842.5385,97113440.9830,87922532.8773,6.0870,6.0870,0.5732,0.5732,5.7320,11.5739
2016-02-01,2.9900,2.9900,2.9200,2.9400,-0.0500,-1.6700,1007929.6700,297433.5640,1.7500,3.7800,0.0343,0.2747,0.5100,5.3209,5.2981,0.8732,1.8333,1.7876,32479411.7000,29405529.3904,3668842.5385,95489470.3980,86452256.4078,6.1905,6.1905,0.5579,0.5579,5.5786,11.2642
2016-02-02,2.9400,2.9700,2.9300,2.9600,0.0200,0.6800,1189785.7100,351511.3380,1.7600,3.8100,0.0405,0.3243,0.6500,5.3571,5.3342,0.8791,1.8458,1.7998,32479411.7000,29405529.3904,3668842.5385,96139058.6320,87040366.9956,6.1486,6.1486,0.5673,0.5673,5.6735,11.4558
2016-02-03,2.9400,2.9500,2.9000,2.9200,-0.0400,-1.3500,1043089.6800,304478.3210,1.7400,3.7600,0.0355,0.2843,0.6400,5.2847,5.2621,0.8672,1.8208,1.7755,32479411.7000,29405529.3904,3668842.5385,94839882.1640,85864145.8200,6.2329,6.2329,0.5673,0.5673,5.6735,11.4558
2016-02-04,2.9300,2.9500,2.9200,2.9300,0.0100,0.3400,864651.8400,253707.5010,1.7400,3.7700,0.0294,0.2357,0.6300,5.3028,5.2801,0.8702,1.8271,1.7815,32479411.7000,29405529.3904,3668842.5385,95164676.2810,86158201.1139,6.2116,6.2116,0.5693,0.5693,5.6928,11.4949
2016-02-05,2.9300,2.9400,2.9100,2.9200,-0.0100,-0.3400,656930.1200,192073.2050,1.7400,3.7600,0.0223,0.1791,0.5400,5.2847,5.2621,0.8672,1.8208,1.7755,32479411.7000,29405529.3904,3668842.5385,94839882.1640,85864145.8200,6.2329,6.2329,0.5693,0.5693,5.6928,11.4949
2016-02-15,2.8700,2.9100,2.8500,2.8900,-0.0300,-1.0300,912311.0500,262813.1370,1.7200,3.7200,0.0310,0.2487,0.9600,5.2304,5.2080,0.8583,1.8021,1.7572,32479411.7000,29405529.3904,3668842.5385,93865499.8130,84981979.9383,6.2976,6.2976,0.5812,0.5812,5.8118,11.7352
2016-02-16,2.9000,2.9500,2.8900,2.9400,0.0500,1.7300,1280652.1200,375299.4800,1.7500,3.7800,0.0436,0.3491,1.3700,5.3209,5.2981,0.8732,1.8333,1.7876,32479411.7000,29405529.3904,3668842.5385,95489470.3980,86452256.4078,6.1905,6.1905,0.5752,0.5752,5.7517,11.6138
2016-02-17,2.9400,2.9800,2.9300,2.9700,0.0300,1.0200,1380607.5100,407818.8920,1.7700,3.8200,0.0470,0.3763,1.4500,5.3752,5.3522,0.8821,1.8520,1.8059,32479411.7000,29405529.3904,3668842.5385,96463852.7490,87334422.2895,6.1279,6.1279,0.5673,0.5673,5.6735,11.4558
2016-02-18,2.9800,2.9800,2.9500,2.9700,0.0000,0.0000,1463013.5600,433664.6710,1.7700,3.8200,0.0498,0.3988,1.4400,5.3752,5.3522,0.8821,1.8520,1.8059,32479411.7000,29405529.3904,3668842.5385,96463852.7490,87334422.2895,6.1279,6.1279,0.5597,0.5597,5.5973,11.3020
2016-02-19,2.9600,2.9800,2.9400,2.9500,-0.0200,-0.6700,1223877.6900,361889.1950,1.7500,3.7900,0.0416,0.3336,1.0700,5.3390,5.3162,0.8761,1.8395,1.7937,32479411.7000,29405529.3904,3668842.5385,95814264.5150,86746311.7017,6.1695,6.1695,0.5635,0.5635,5.6351,11.3784
2016-02-22,2.9800,3.0300,2.9600,3.0000,0.0500,1.6900,1677229.4700,501775.8280,1.7800,3.8600,0.0570,0.4572,1.3400,5.4295,5.4063,0.8910,1.8707,1.8241,32479411.7000,29405529.3904,3668842.5385,97438235.1000,88216588.1712,6.0667,6.0667,0.5597,0.5597,5.5973,11.3020
2016-02-23,3.0000,3.0000,2.9600,2.9800,-0.0200,-0.6700,1263811.6300,375741.9740,1.7700,3.8300,0.0430,0.3445,0.9000,5.3933,5.3702,0.8850,1.8583,1.8120,32479411.7000,29405529.3904,3668842.5385,96788646.8660,87628477.5834,6.1074,6.1074,0.5560,0.5560,5.5600,11.2267
2016-02-24,2.9600,2.9900,2.9600,2.9800,0.0000,0.0000,952478.8500,283044.3170,1.7700,3.8300,0.0324,0.2596,0.6800,5.3933,5.3702,0.8850,1.8583,1.8120,32479411.7000,29405529.3904,3668842.5385,96788646.8660,87628477.5834,6.1074,6.1074,0.5635,0.5635,5.6351,11.3784
2016-02-25,2.9800,2.9800,2.9000,2.9200,-0.0600,-2.0100,2315151.9400,684747.4270,1.7400,3.7600,0.0787,0.6310,1.7600,5.2847,5.2621,0.8672,1.8208,1.7755,32479411.7000,29405529.3904,3668842.5385,94839882.1640,85864145.8200,6.2329,6.2329,0.5597,0.5597,5.5973,11.3020
2016-02-26,2.9300,2.9700,2.9200,2.9600,0.0400,1.3700,1405324.7400,414976.6420,1.7600,3.8100,0.0478,0.3830,0.9500,5.3571,5.3342,0.8791,1.8458,1.7998,32479411.7000,29405529.3904,3668842.5385,96139058.6320,87040366.9956,6.1486,6.1486,0.5693,0.5693,5.6928,11.4949
2016-02-29,2.9500,2.9900,2.9100,2.9900,0.0300,1.0100,2605846.0600,768176.7800,1.7800,3.8500,0.0886,0.7103,1.7100,5.4114,5.3882,0.8880,1.8645,1.8180,32479411.7000,29405529.3904,3668842.5385,97113440.9830,87922532.8773,6.0870,6.0870,0.5654,0.5654,5.6542,11.4169
2016-03-01,2.9800,3.0100,2.9600,2.9900,0.0000,0.0000,1426632.1000,425758.7950,1.7800,3.8500,0.0485,0.3889,0.8400,5.4114,5.3882,0.8880,1.8645,1.8180,32479411.7000,29405529.3904,3668842.5385,97113440.9830,87922532.8773,6.0870,6.0870,0.5597,0.5597,5.5973,11.3020
2016-03-02,3.0000,3.0500,2.9900,3.0500,0.0600,2.0100,2205801.7500,667956.1780,1.8100,3.9200,0.0750,0.6012,1.2700,5.5200,5.4964,0.9058,1.9019,1.8545,32479411.7000,29405529.3904,3668842.5385,99062205.6850,89686864.6407,5.9672,5.9672,0.5560,0.5560,5.5600,11.2267
2016-03-03,3.0400,3.0800,3.0300,3.0800,0.0300,0.9800,1868188.2700,570413.7820,1.8300,3.9600,0.0635,0.5092,0.9400,5.5743,5.5504,0.9147,1.9206,1.8728,32479411.7000,29405529.3904,3668842.5385,100036588.0360,90569030.5224,5.9091,5.9091,0.5487,0.5487,5.4868,11.0789
2016-03-04,3.0700,3.2100,3.0500,3.2000,0.1200,3.9000,5271311.4800,1659320.3280,1.9000,4.1200,0.1793,1.4368,2.7700,5.7915,5.7667,0.9504,1.9954,1.9457,32479411.7000,29405529.3904,3668842.5385,103934117.4400,94097694.0493,5.6875,5.6875,0.5433,0.5433,5.4332,10.9707
2016-03-07,3.1800,3.1900,3.1500,3.1800,-0.0200,-0.6300,1700295.8100,539430.7030,1.8900,4.0900,0.0578,0.4634,0.6400,5.7553,5.7306,0.9444,1.9830,1.9336,32479411.7000,29405529.3904,3668842.5385,103284529.2060,93509583.4615,5.7233,5.7233,0.5245,0.5245,5.2453,10.5912
2016-03-08,3.1700,3.1900,3.0900,3.1800,0.0000,0.0000,2249407.9600,705773.3040,1.8900,4.0900,0.0765,0.6131,0.9000,5.7553,5.7306,0.9444,1.9830,1.9336,32479411.7000,29405529.3904,3668842.5385,103284529.2060,93509583.4615,5.7233,5.7233,0.5262,0.5262,5.2618,10.6246
2016-03-09,3.1500,3.2200,3.1200,3.2100,0.0300,0.9400,2315883.3900,735275.2200,1.9100,4.1300,0.0788,0.6312,0.8700,5.8096,5.7847,0.9533,2.0017,1.9518,32479411.7000,29405529.3904,3668842.5385,104258911.5570,94391749.3432,5.6698,5.6698,0.5295,0.5295,5.2952,10.6921
2016-03-10,3.1800,3.1900,3.1400,3.1500,-0.0600,-1.8700,1179985.8600,374240.1100,1.8700,4.0500,0.0401,0.3216,0.4400,5.7010,5.6766,0.9355,1.9643,1.9153,32479411.7000,29405529.3904,3668842.5385,102310146.8550,92627417.5798,5.7778,5.7778,0.5245,0.5245,5.2453,10.5912
2016-03-11,3.1400,3.2000,3.1300,3.1900,0.0400,1.2700,1382085.5600,437020.6840,1.9000,4.1000,0.0470,0.3767,0.5400,5.7734,5.7487,0.9474,1.9892,1.9396,32479411.7000,29405529.3904,3668842.5385,103609323.3230,93803638.7554,5.7053,5.7053,0.5312,0.5312,5.3121,10.7261
2016-03-14,3.1800,3.2000,3.1600,3.1900,0.0000,0.0000,1471446.1100,468904.3980,1.9000,4.1000,0.0500,0.4011,0.8300,5.7734,5.7487,0.9474,1.9892,1.9396,32479411.7000,29405529.3904,3668842.5385,103609323.3230,93803638.7554,5.7053,5.7053,0.5245,0.5245,5.2453,10.5912
2016-03-15,3.1900,3.2000,3.1400,3.1900,0.0000,0.0000,1787681.7300,567050.1120,1.9000,4.1000,0.0608,0.4873,1.0400,5.7734,5.7487,0.9474,1.9892,1.9396,32479411.7000,29405529.3904,3668842.5385,103609323.3230,93803638.7554,5.7053,5.7053,0.5229,0.5229,5.2288,10.5580
2016-03-16,3.1700,3.2500,3.1700,3.2500,0.0600,1.8800,4521615.8000,1459107.0210,1.9300,4.1800,0.1538,1.2324,2.7800,5.8820,5.8568,0.9652,2.0266,1.9761,32479411.7000,29405529.3904,3668842.5385,105558088.0250,95567970.5188,5.6000,5.6000,0.5262,0.5262,5.2618,10.6246
2016-03-17,3.2400,3.2500,3.2000,3.2100,-0.0400,-1.2300,1789543.9900,575115.9360,1.9100,4.1300,0.0609,0.4878,0.8700,5.8096,5.7847,0.9533,2.0017,1.9518,32479411.7000,29405529.3904,3668842.5385,104258911.5570,94391749.3432,5.6698,5.6698,0.5148,0.5148,5.1481,10.3951
2016-03-18,3.2200,3.2200,3.1900,3.2200,0.0100,0.3100,2296704.5400,735884.5940,1.9200,4.1400,0.0781,0.6260,1.0500,5.8277,5.8027,0.9563,2.0079,1.9579,32479411.7000,29405529.3904,3668842.5385,104583705.6740,94685804.6371,5.6522,5.6522,0.5180,0.5180,5.1801,10.4596
2016-03-21,3.2100,3.2300,3.2000,3.2100,-0.0100,-0.3100,2444573.0000,785307.5740,1.9100,4.1300,0.0831,0.6663,1.0300,5.8096,5.7847,0.9533,2.0017,1.9518,32479411.7000,29405529.3904,3668842.5385,104258911.5570,94391749.3432,5.6698,5.6698,0.5196,0.5196,5.1963,10.4922
2016-03-22,3.2100,3.2200,3.1800,3.1800,-0.0300,-0.9300,1206303.0100,385505.5020,1.8900,4.0900,0.0410,0.3288,0.4700,5.7553,5.7306,0.9444,1.9830,1.9336,32479411.7000,29405529.3904,3668842.5385,103284529.2060,93509583.4615,5.7233,5.7233,0.5196,0.5196,5.1963,10.4922
2016-03-23,3.1800,3.2000,3.1700,3.1800,0.0000,0.0000,924696.0400,294433.4370,1.8900,4.0900,0.0314,0.2520,0.3800,5.7553,5.7306,0.9444,1.9830,1.9336,32479411.7000,29405529.3904,3668842.5385,103284529.2060,93509583.4615,5.7233,5.7233,0.5245,0.5245,5.2453,10.5912
2016-03-24,3.1800,3.1800,3.1500,3.1600,-0.0200,-0.6300,809723.5600,256274.6050,1.8800,4.0600,0.0275,0.2207,0.4700,5.7191,5.6946,0.9385,1.9705,1.9214,32479411.7000,29405529.3904,3668842.5385,102634940.9720,92921472.8737,5.7595,5.7595,0.5245,0.5245,5.2453,10.5912
2016-03-25,3.1600,3.1800,3.1500,3.1600,0.0000,0.0000,562644.1500,177930.5400,1.8800,4.0600,0.0191,0.1534,0.3700,5.7191,5.6946,0.9385,1.9705,1.9214,32479411.7000,29405529.3904,3668842.5385,102634940.9720,92921472.8737,5.7595,5.7595,0.5278,0.5278,5.2785,10.6582
2016-03-28,3.1600,3.1800,3.1500,3.1500,-0.0100,-0.3200,855934.7400,271224.8170,1.8700,4.0500,0.0291,0.2333,0.7200,5.7010,5.6766,0.9355,1.9643,1.9153,32479411.7000,29405529.3904,3668842.5385,102310146.8550,92627417.5798,5.7778,5.7778,0.5278,0.5278,5.2785,10.6582
2016-03-29,3.1600,3.1700,3.1400,3.1500,0.0000,0.0000,1073904.3600,338801.4540,1.8700,4.0500,0.0365,0.2927,1.2300,5.7010,5.6766,0.9355,1.9643,1.9153,32479411.7000,29405529.3904,3668842.5385,102310146.8550,92627417.5798,5.7778,5.7778,0.5278,0.5278,5.2785,10.6582
2016-03-30,3.1600,3.2100,3.1500,3.2000,0.0500,1.5900,1251288.5300,398683.1490,1.9000,4.1200,0.0426,0.3411,1.4800,5.7915,5.7667,0.9504,1.9954,1.9457,32479411.7000,29405529.3904,3668842.5385,103934117.4400,94097694.0493,5.6875,5.6875,0.5278,0.5278,5.2785,10.6582
2016-03-31,3.2000,3.2100,3.1800,3.2000,0.0000,0.0000,820844.6000,262022.8970,1.9000,4.1200,0.0279,0.2237,0.9000,5.7915,5.7667,0.9504,1.9954,1.9457,32479411.7000,29405529.3904,3668842.5385,103934117.4400,94097694.0493,5.6875,5.6875,0.5212,0.5212,5.2125,10.5250
2016-04-01,3.1900,3.2100,3.1600,3.2000,0.0000,0.0000,1155405.6800,367538.4270,1.9000,4.1200,0.0393,0.3261,1.2700,5.7555,5.7555,0.9196,1.9385,1.9385,32479411.7000,29405529.3904,3543299.0685,103934117.4400,94097694.0493,5.6875,5.6875,0.5229,0.5229,5.2288,10.5580
2016-04-05,3.1800,3.2200,3.1700,3.2100,0.0100,0.3100,1542619.3300,492795.1970,1.9100,4.1300,0.0525,0.4354,1.5000,5.7735,5.7735,0.9225,1.9445,1.9445,32479411.7000,29405529.3904,3543299.0685,104258911.5570,94391749.3432,5.6698,5.6698,0.5245,0.5245,5.2453,10.5912
2016-04-06,3.1900,3.2000,3.1800,3.1800,-0.0300,-0.9300,805776.8300,256831.9660,1.8900,4.0900,0.0274,0.2274,0.6900,5.7195,5.7195,0.9139,1.9263,1.9263,32479411.7000,29405529.3904,3543299.0685,103284529.2060,93509583.4615,5.7233,5.7233,0.5229,0.5229,5.2288,10.5580
2016-04-07,3.1900,3.1900,3.1500,3.1600,-0.0200,-0.6300,852654.7900,270220.5640,1.8800,4.0600,0.0290,0.2406,0.7600,5.6836,5.6836,0.9081,1.9142,1.9142,32479411.7000,29405529.3904,3543299.0685,102634940.9720,92921472.8737,5.7595,5.7595,0.5229,0.5229,5.2288,10.5580
2016-04-08,3.1500,3.1700,3.1400,3.1600,0.0000,0.0000,777714.5300,245251.8730,1.8800,4.0600,0.0264,0.2195,0.7500,5.6836,5.6836,0.9081,1.9142,1.9142,32479411.7000,29405529.3904,3543299.0685,102634940.9720,92921472.8737,5.7595,5.7595,0.5295,0.5295,5.2952,10.6921
2016-04-11,3.1500,3.1900,3.1500,3.1700,0.0100,0.3200,986950.4100,313141.1570,1.8900,4.0800,0.0336,0.2785,0.9600,5.7016,5.7016,0.9110,1.9203,1.9203,32479411.7000,29405529.3904,3543299.0685,102959735.0890,93215528.1676,5.7413,5.7413,0.5295,0.5295,5.2952,10.6921
2016-04-12,3.1700,3.1800,3.1500,3.1600,-0.0100,-0.3200,617992.2400,195532.7730,1.8800,4.0600,0.0210,0.1744,0.6200,5.6836,5.6836,0.9081,1.9142,1.9142,32479411.7000,29405529.3904,3543299.0685,102634940.9720,92921472.8737,5.7595,5.7595,0.5262,0.5262,5.2618,10.6246
2016-04-13,3.1600,3.2100,3.1600,3.1900,0.0300,0.9500,1908483.9300,609347.4700,1.9000,4.1000,0.0649,0.5386,2.3600,5.7375,5.7375,0.9167,1.9324,1.9324,32479411.7000,29405529.3904,3543299.0685,103609323.3230,93803638.7554,5.7053,5.7053,0.5278,0.5278,5.2785,10.6582
2016-04-14,3.2000,3.2100,3.1800,3.1900,0.0000,0.0000,747041.2700,238319.1700,1.9000,4.1000,0.0254,0.2108,0.7300,5.7375,5.7375,0.9167,1.9324,1.9324,32479411.7000,29405529.3904,3543299.0685,103609323.3230,93803638.7554,5.7053,5.7053,0.5212,0.5212,5.2125,10.5250
2016-04-15,3.1900,3.2000,3.1700,3.1800,-0.0100,-0.3100,728665.9200,231944.3370,1.8900,4.0900,0.0248,0.2056,0.7200,5.7195,5.7195,0.9139,1.9263,1.9263,32479411.7000,29405529.3904,3543299.0685,103284529.2060,93509583.4615,5.7233,5.7233,0.5229,0.5229,5.2288,10.5580
2016-04-18,3.1700,3.1800,3.1500,3.1600,-0.0200,-0.6300,774496.4500,244885.7190,1.8800,4.0600,0.0263,0.2186,0.7800,5.6836,5.6836,0.9081,1.9142,1.9142,32479411.7000,29405529.3904,3543299.0685,102634940.9720,92921472.8737,5.7595,5.7595,0.5262,0.5262,5.2618,10.6246
2016-04-19,3.1600,3.1700,3.1500,3.1600,0.0000,0.0000,680667.4900,214976.0400,1.8800,4.0600,0.0231,0.1921,0.7100,5.6836,5.6836,0.9081,1.9142,1.9142,32479411.7000,29405529.3904,3543299.0685,102634940.9720,92921472.8737,5.7595,5.7595,0.5278,0.5278,5.2785,10.6582
2016-04-20,3.1600,3.1700,3.0800,3.1400,-0.0200,-0.6300,2384006.9000,744209.5760,1.8700,4.0400,0.0811,0.6728,2.4600,5.6476,5.6476,0.9024,1.9021,1.9021,32479411.7000,29405529.3904,3543299.0685,101985352.7380,92333362.2859,5.7962,5.7962,0.5278,0.5278,5.2785,10.6582
2016-04-21,3.1300,3.1400,3.1100,3.1100,-0.0300,-0.9600,775425.7400,242419.8760,1.8500,4.0000,0.0264,0.2188,0.7300,5.5936,5.5936,0.8938,1.8839,1.8839,32479411.7000,29405529.3904,3543299.0685,101010970.3870,91451196.4041,5.8521,5.8521,0.5329,0.5329,5.3291,10.7604
2016-04-22,3.1100,3.1400,3.1100,3.1300,0.0200,0.6400,840423.0300,262848.7600,1.8600,4.0300,0.0286,0.2372,0.7900,5.6296,5.6296,0.8995,1.8961,1.8961,32479411.7000,29405529.3904,3543299.0685,101660558.6210,92039306.9920,5.8147,5.8147,0.5363,0.5363,5.3633,10.8296
2016-04-25,3.1300,3.1400,3.1000,3.1300,0.0000,0.0000,807158.7300,251872.8280,1.8600,4.0300,0.0274,0.2278,0.7400,5.6296,5.6296,0.8995,1.8961,1.8961,32479411.7000,29405529.3904,3543299.0685,101660558.6210,92039306.9920,5.8147,5.8147,0.5329,0.5329,5.3291,10.7604
2016-04-26,3.1300,3.1400,3.1200,3.1300,0.0000,0.0000,553558.3500,173221.5730,1.8600,4.0300,0.0188,0.1562,0.5000,5.6296,5.6296,0.8995,1.8961,1.8961,32479411.7000,29405529.3904,3543299.0685,101660558.6210,92039306.9920,5.8147,5.8147,0.5329,0.5329,5.3291,10.7604
2016-04-27,3.1400,3.1400,3.1200,3.1200,-0.0100,-0.3200,407739.9700,127478.5720,1.8600,4.0100,0.0139,0.1151,0.3800,5.6116,5.6116,0.8966,1.8900,1.8900,32479411.7000,29405529.3904,3543299.0685,101335764.5040,91745251.6980,5.8333,5.8333,0.5312,0.5312,5.3121,10.7261
2016-04-28,3.1300,3.1400,3.1200,3.1300,0.0100,0.3200,607284.9000,189872.5240,1.8600,4.0300,0.0207,0.1714,0.9000,5.6296,5.6296,0.8995,1.8961,1.8961,32479411.7000,29405529.3904,3543299.0685,101660558.6210,92039306.9920,5.8147,5.8147,0.5329,0.5329,5.3291,10.7604
2016-04-29,3.1200,3.1300,3.1100,3.1200,-0.0100,-0.3200,708406.4800,220888.4350,1.8600,4.0100,0.0241,0.1999,1.1000,5.6116,5.5939,0.8575,1.8900,1.8949,32479411.7000,29405529.3904,3543299.0685,101335764.5040,91745251.6980,5.8333,5.8333,0.5346,0.5346,5.3462,10.7949
2016-05-03,3.1200,3.1500,3.1100,3.1400,0.0200,0.6400,1081403.4100,338916.4450,1.8700,4.0400,0.0368,0.3052,1.7500,5.6476,5.6298,0.8630,1.9021,1.9071,32479411.7000,29405529.3904,3543299.0685,101985352.7380,92333362.2859,5.7962,5.7962,0.5346,0.5346,5.3462,10.7949
2016-05-04,3.1300,3.1400,3.1200,3.1300,-0.0100,-0.3200,708878.4500,221774.5290,1.8600,4.0300,0.0241,0.2001,1.0600,5.6296,5.6118,0.8603,1.8961,1.9010,32479411.7000,29405529.3904,3543299.0685,101660558.6210,92039306.9920,5.8147,5.8147,0.5329,0.5329,5.3291,10.7604
2016-05-05,3.1300,3.1300,3.1100,3.1300,0.0000,0.0000,679529.2800,212122.2760,1.8600,4.0300,0.0231,0.1918,0.9700,5.6296,5.6118,0.8603,1.8961,1.9010,32479411.7000,29405529.3904,3543299.0685,101660558.6210,92039306.9920,5.8147,5.8147,0.5329,0.5329,5.3291,10.7604
2016-05-06,3.1300,3.1300,3.1000,3.1000,-0.0300,-0.9600,1144285.6600,355918.3360,1.8400,3.9900,0.0389,0.3229,1.5100,5.5756,5.5580,0.8520,1.8779,1.8828,32479411.7000,29405529.3904,3543299.0685,100686176.2700,91157141.1102,5.8710,5.8710,0.5329,0.5329,5.3291,10.7604
2016-05-09,3.1000,3.1000,3.0600,3.0700,-0.0300,-0.9700,972347.5700,299759.2430,1.8300,3.9500,0.0331,0.2744,1.1200,5.5217,5.5043,0.8438,1.8597,1.8646,32479411.7000,29405529.3904,3543299.0685,99711793.9190,90274975.2285,5.9283,5.9283,0.5381,0.5381,5.3806,10.8645
2016-05-10,3.0600,3.0800,3.0500,3.0700,0.0000,0.0000,850977.3600,260850.5170,1.8300,3.9500,0.0289,0.2402,0.9300,5.5217,5.5043,0.8438,1.8597,1.8646,32479411.7000,29405529.3904,3543299.0685,99711793.9190,90274975.2285,5.9283,5.9283,0.5451,0.5451,5.4510,11.0065
2016-05-11,3.0700,3.0800,3.0500,3.0700,0.0000,0.0000,946720.2700,289997.0620,1.8300,3.9500,0.0322,0.2672,1.0900,5.5217,5.5043,0.8438,1.8597,1.8646,32479411.7000,29405529.3904,3543299.0685,99711793.9190,90274975.2285,5.9283,5.9283,0.5433,0.5433,5.4332,10.9707
2016-05-12,3.0600,3.0700,3.0400,3.0500,-0.0200,-0.6500,839045.3300,256352.9100,1.8100,3.9200,0.0285,0.2368,0.9100,5.4857,5.4684,0.8383,1.8476,1.8524,32479411.7000,29405529.3904,3543299.0685,99062205.6850,89686864.6407,5.9672,5.9672,0.5451,0.5451,5.4510,11.0065
2016-05-13,3.0500,3.0700,3.0400,3.0500,0.0000,0.0000,699742.2500,213618.8310,1.8100,3.9200,0.0238,0.1975,0.7400,5.4857,5.4684,0.8383,1.8476,1.8524,32479411.7000,29405529.3904,3543299.0685,99062205.6850,89686864.6407,5.9672,5.9672,0.5469,0.5469,5.4689,11.0426
2016-05-16,3.0500,3.0600,3.0400,3.0600,0.0100,0.3300,471212.4200,143851.7110,1.8200,3.9400,0.0160,0.1330,0.5500,5.5037,5.4863,0.8410,1.8537,1.8585,32479411.7000,29405529.3904,3543299.0685,99386999.8020,89980919.9346,5.9477,5.9477,0.5469,0.5469,5.4689,11.0426
2016-05-17,3.0600,3.0600,3.0500,3.0600,0.0000,0.0000,579095.8600,176906.2920,1.8200,3.9400,0.0197,0.1634,0.7600,5.5037,5.4863,0.8410,1.8537,1.8585,32479411.7000,29405529.3904,3543299.0685,99386999.8020,89980919.9346,5.9477,5.9477,0.5451,0.5451,5.4510,11.0065
2016-05-18,3.0500,3.0700,3.0300,3.0600,0.0000,0.0000,1374487.7400,419347.2730,1.8200,3.9400,0.0467,0.3879,1.9400,5.5037,5.4863,0.8410,1.8537,1.8585,32479411.7000,29405529.3904,3543299.0685,99386999.8020,89980919.9346,5.9477,5.9477,0.5469,0.5469,5.4689,11.0426
2016-05-19,3.0600,3.0800,3.0500,3.0700,0.0100,0.3300,906080.9400,278206.0570,1.8300,3.9500,0.0308,0.2557,1.1400,5.5217,5.5043,0.8438,1.8597,1.8646,32479411.7000,29405529.3904,3543299.0685,99711793.9190,90274975.2285,5.9283,5.9283,0.5451,0.5451,5.4510,11.0065
2016-05-20,3.0700,3.0800,3.0600,3.0800,0.0100,0.3300,768284.7500,236177.8950,1.8300,3.9600,0.0261,0.2168,0.9500,5.5397,5.5222,0.8465,1.8658,1.8706,32479411.7000,29405529.3904,3543299.0685,100036588.0360,90569030.5224,5.9091,5.9091,0.5433,0.5433,5.4332,10.9707
2016-05-23,3.0800,3.1000,3.0700,3.0900,0.0100,0.3200,844634.2400,261191.7200,1.8400,3.9700,0.0287,0.2384,1.0300,5.5577,5.5401,0.8493,1.8718,1.8767,32479411.7000,29405529.3904,3543299.0685,100361382.1530,90863085.8163,5.8900,5.8900,0.5416,0.5416,5.4156,10.9351
2016-05-24,3.1000,3.1000,3.0800,3.0900,0.0000,0.0000,550334.3300,170037.8030,1.8400,3.9700,0.0187,0.1553,0.6200,5.5577,5.5401,0.8493,1.8718,1.8767,32479411.7000,29405529.3904,3543299.0685,100361382.1530,90863085.8163,5.8900,5.8900,0.5381,0.5381,5.3806,10.8645
2016-05-25,3.1000,3.1100,3.0900,3.1000,0.0100,0.3200,444186.7600,137575.5770,1.8400,3.9900,0.0151,0.1254,0.5000,5.5756,5.5580,0.8520,1.8779,1.8828,32479411.7000,29405529.3904,3543299.0685,100686176.2700,91157141.1102,5.8710,5.8710,0.5381,0.5381,5.3806,10.8645
2016-05-26,3.1000,3.1100,3.0900,3.1000,0.0000,0.0000,704419.2100,218462.6740,1.8400,3.9900,0.0240,0.1988,1.0000,5.5756,5.5580,0.8520,1.8779,1.8828,32479411.7000,29405529.3904,3543299.0685,100686176.2700,91157141.1102,5.8710,5.8710,0.5381,0.5381,5.3806,10.8645
2016-05-27,3.1000,3.1100,3.0900,3.1000,0.0000,0.0000,665333.7300,206348.3540,1.8400,3.9900,0.0226,0.1878,1.0000,5.5756,5.5580,0.8520,1.8779,1.8828,32479411.7000,29405529.3904,3543299.0685,100686176.2700,91157141.1102,5.8710,5.8710,0.5381,0.5381,5.3806,10.8645
2016-05-30,3.1100,3.1300,3.0900,3.1300,0.0300,0.9700,780858.5300,243241.3630,1.8600,4.0300,0.0266,0.2204,1.2200,5.6296,5.6118,0.8603,1.8961,1.9010,32479411.7000,29405529.3904,3543299.0685,101660558.6210,92039306.9920,5.8147,5.8147,0.5363,0.5363,5.3633,10.8296
2016-05-31,3.1200,3.2000,3.1200,3.1900,0.0600,1.9200,1533157.8700,486419.5740,1.9000,4.1000,0.0521,0.4327,2.4400,5.7375,5.7194,0.8768,1.9324,1.9375,32479411.7000,29405529.3904,3543299.0685,103609323.3230,93803638.7554,5.7053,5.7053,0.5346,0.5346,5.3462,10.7949
2016-06-01,3.1900,3.1900,3.1600,3.1600,-0.0300,-0.9400,1104516.3100,350670.7380,1.8800,4.0600,0.0376,0.3117,1.3400,5.6836,5.6656,0.8685,1.9142,1.9192,32479411.7000,29405529.3904,3543299.0685,102634940.9720,92921472.8737,5.7595,5.7595,0.5229,0.5229,5.2288,10.5580
2016-06-02,3.1600,3.1700,3.1600,3.1600,0.0000,0.0000,634001.0500,200569.0930,1.8800,4.0600,0.0216,0.1789,0.6600,5.6836,5.6656,0.8685,1.9142,1.9192,32479411.7000,29405529.3904,3543299.0685,102634940.9720,92921472.8737,5.7595,5.7595,0.5278,0.5278,5.2785,10.6582
2016-06-03,3.1700,3.1900,3.1500,3.1900,0.0300,0.9500,835986.7700,265104.4320,1.9000,4.1000,0.0284,0.2359,0.8900,5.7375,5.7194,0.8768,1.9324,1.9375,32479411.7000,29405529.3904,3543299.0685,103609323.3230,93803638.7554,5.7053,5.7053,0.5262,0.5262,5.2618,10.6246
2016-06-06,3.1900,3.1900,3.1700,3.1800,-0.0100,-0.3100,672879.4400,213730.3630,1.8900,4.0900,0.0229,0.1899,0.6900,5.7195,5.7015,0.8740,1.9263,1.9314,32479411.7000,29405529.3904,3543299.0685,103284529.2060,93509583.4615,5.7233,5.7233,0.5229,0.5229,5.2288,10.5580
2016-06-07,3.1900,3.1900,3.1700,3.1700,-0.0100,-0.3100,499123.9500,158483.6870,1.8900,4.0800,0.0170,0.1409,0.5200,5.7016,5.6835,0.8713,1.9203,1.9253,32479411.7000,29405529.3904,3543299.0685,102959735.0890,93215528.1676,5.7413,5.7413,0.5229,0.5229,5.2288,10.5580
2016-06-08,3.1800,3.1800,3.1600,3.1800,0.0100,0.3200,617744.6300,195863.9780,1.8900,4.0900,0.0210,0.1743,0.8200,5.7195,5.7015,0.8740,1.9263,1.9314,32479411.7000,29405529.3904,3543299.0685,103284529.2060,93509583.4615,5.7233,5.7233,0.5245,0.5245,5.2453,10.5912
2016-06-13,3.1600,3.1800,3.1400,3.1500,-0.0300,-0.9400,954339.9100,301915.6800,1.8700,4.0500,0.0325,0.2693,1.4600,5.6656,5.6477,0.8658,1.9082,1.9132,32479411.7000,29405529.3904,3543299.0685,102310146.8550,92627417.5798,5.7778,5.7778,0.5278,0.5278,5.2785,10.6582
2016-06-14,3.1400,3.1800,3.1400,3.1600,0.0100,0.3200,887281.8500,280555.8620,1.8800,4.0600,0.0302,0.2504,1.2400,5.6836,5.6656,0.8685,1.9142,1.9192,32479411.7000,29405529.3904,3543299.0685,102634940.9720,92921472.8737,5.7595,5.7595,0.5312,0.5312,5.3121,10.7261
2016-06-15,3.1500,3.1800,3.1400,3.1600,0.0000,0.0000,758424.2100,239639.5230,1.8800,4.0600,0.0258,0.2140,1.0400,5.6836,5.6656,0.8685,1.9142,1.9192,32479411.7000,29405529.3904,3543299.0685,102634940.9720,92921472.8737,5.7595,5.7595,0.5295,0.5295,5.2952,10.6921
2016-06-16,3.1600,3.1700,3.1500,3.1600,0.0000,0.0000,595619.7300,187998.5310,1.8800,4.0600,0.0203,0.1681,0.8000,5.6836,5.6656,0.8685,1.9142,1.9192,32479411.7000,29405529.3904,3543299.0685,102634940.9720,92921472.8737,5.7595,5.7595,0.5278,0.5278,5.2785,10.6582
2016-06-17,3.1600,3.1800,3.1500,3.1700,0.0100,0.3200,679231.7500,215253.6700,1.8900,4.0800,0.0231,0.1917,0.8900,5.7016,5.6835,0.8713,1.9203,1.9253,32479411.7000,29405529.3904,3543299.0685,102959735.0890,93215528.1676,5.7413,5.7413,0.5278,0.5278,5.2785,10.6582
2016-06-20,3.1800,3.1800,3.1600,3.1800,0.0100,0.3200,405585.9400,128543.9580,1.8900,4.0900,0.0138,0.1145,0.5200,5.7195,5.7015,0.8740,1.9263,1.9314,32479411.7000,29405529.3904,3543299.0685,103284529.2060,93509583.4615,5.7233,5.7233,0.5245,0.5245,5.2453,10.5912
2016-06-21,3.1700,3.1800,3.1600,3.1700,-0.0100,-0.3100,553782.9500,175749.9330,1.8900,4.0800,0.0188,0.1563,0.8300,5.7016,5.6835,0.8713,1.9203,1.9253,32479411.7000,29405529.3904,3543299.0685,102959735.0890,93215528.1676,5.7413,5.7413,0.5262,0.5262,5.2618,10.6246
2016-06-22,3.1700,3.1800,3.1600,3.1700,0.0000,0.0000,715364.6800,227194.9040,1.8900,4.0800,0.0243,0.2019,1.2000,5.7016,5.6835,0.8713,1.9203,1.9253,32479411.7000,29405529.3904,3543299.0685,102959735.0890,93215528.1676,5.7413,5.7413,0.5262,0.5262,5.2618,10.6246
2016-06-23,3.1800,3.1900,3.1700,3.1800,0.0100,0.3200,568924.8800,180926.4740,1.8900,4.0900,0.0193,0.1606,0.9600,5.7195,5.7015,0.8740,1.9263,1.9314,32479411.7000,29405529.3904,3543299.0685,103284529.2060,93509583.4615,5.7233,5.7233,0.5245,0.5245,5.2453,10.5912
2016-06-24,3.1800,3.1900,3.1500,3.1700,-0.0100,-0.3100,826459.7300,261932.1820,1.8900,4.0800,0.0281,0.2332,1.4100,5.7016,5.6835,0.8713,1.9203,1.9253,32479411.7000,29405529.3904,3543299.0685,102959735.0890,93215528.1676,5.7413,5.7413,0.5245,0.5245,5.2453,10.5912
2016-06-27,3.1600,3.1700,3.1500,3.1700,0.0000,0.0000,569437.9700,180061.3840,1.8900,4.0800,0.0194,0.1607,0.9300,5.7016,5.6835,0.8713,1.9203,1.9253,32479411.7000,29405529.3904,3543299.0685,102959735.0890,93215528.1676,5.7413,5.7413,0.5278,0.5278,5.2785,10.6582
2016-06-28,3.1600,3.1700,3.1500,3.1700,0.0000,0.0000,498431.4000,157481.3360,1.8900,4.0800,0.0170,0.1407,0.7700,5.7016,5.6835,0.8713,1.9203,1.9253,32479411.7000,29405529.3904,3543299.0685,102959735.0890,93215528.1676,5.7413,5.7413,0.5278,0.5278,5.2785,10.6582
2016-06-29,3.1700,3.1900,3.1600,3.1800,0.0100,0.3200,688684.9700,218727.8250,1.8900,4.0900,0.0234,0.1944,1.0800,5.7195,5.7015,0.8740,1.9263,1.9314,32479411.7000,29405529.3904,3543299.0685,103284529.2060,93509583.4615,5.7233,5.7233,0.5262,0.5262,5.2618,10.6246
2016-06-30,3.1900,3.2100,3.1800,3.2000,0.0200,0.6300,1080193.2200,345820.9170,1.9000,4.1200,0.0367,0.3049,1.7100,5.7555,5.7373,0.8795,1.9385,1.9435,32479411.7000,29405529.3904,3543299.0685,103934117.4400,94097694.0493,5.6875,5.6875,0.5229,0.5229,5.2288,10.5580
2016-07-01,3.2100,3.2300,3.2000,3.2200,0.0200,0.6300,808962.2400,260182.8900,1.9200,4.1400,0.0275,0.2283,1.1000,5.7915,5.7732,0.8850,1.9506,1.9557,32479411.7000,29405529.3904,3543299.0685,104583705.6740,94685804.6371,5.6522,5.6522,0.5196,0.5196,5.1963,10.4922
2016-07-04,3.2200,3.2700,3.2100,3.2700,0.0500,1.5500,1096848.7300,356835.4460,1.9400,4.2100,0.0373,0.3096,1.5000,5.8814,5.8628,0.8988,1.9809,1.9860,32479411.7000,29405529.3904,3543299.0685,106207676.2590,96156081.1066,5.5657,5.5657,0.5180,0.5180,5.1801,10.4596
2016-07-05,3.2700,3.2800,3.2500,3.2700,0.0000,0.0000,895469.0900,292457.6650,1.9400,4.2100,0.0305,0.2527,1.0700,5.8814,5.8628,0.8988,1.9809,1.9860,32479411.7000,29405529.3904,3543299.0685,106207676.2590,96156081.1066,5.5657,5.5657,0.5101,0.5101,5.1009,10.2997
2016-07-06,3.2700,3.2900,3.2500,3.2800,0.0100,0.3100,1537895.0400,502353.5770,1.9500,4.2200,0.0523,0.4340,1.6800,5.8994,5.8808,0.9015,1.9869,1.9921,32479411.7000,29405529.3904,3543299.0685,106532470.3760,96450136.4005,5.5488,5.5488,0.5101,0.5101,5.1009,10.2997
2016-07-07,3.1200,3.1200,3.0900,3.1000,-0.1800,-5.4900,1593078.7600,493495.0440,1.9500,4.2100,0.0542,0.4496,1.4700,5.5756,5.5580,0.8972,1.8779,1.8828,32479411.7000,29405529.3904,3543299.0685,100686176.2700,91157141.1102,5.8710,11.2516,0.5346,0.5346,5.3462,10.7949
2016-07-08,3.0900,3.1000,3.0700,3.0700,-0.0300,-0.9700,865606.1400,266268.9990,1.9300,4.1700,0.0294,0.2443,0.7300,5.5217,5.5043,0.8885,1.8597,1.8646,32479411.7000,29405529.3904,3543299.0685,99711793.9190,90274975.2285,5.9283,11.3616,0.5398,0.5398,5.3981,10.8997
2016-07-11,3.0800,3.1000,3.0700,3.0800,0.0100,0.3300,760332.0000,234514.8690,1.9300,4.1800,0.0259,0.2146,0.6300,5.5397,5.5222,0.8914,1.8658,1.8706,32479411.7000,29405529.3904,3543299.0685,100036588.0360,90569030.5224,5.9091,5.4156,0.5416,0.5416,5.4156,10.9351
2016-07-12,3.0800,3.1400,3.0800,3.1300,0.0500,1.6200,1478779.2700,459801.4990,1.9600,4.2500,0.0503,0.4173,1.3100,5.6296,5.6118,0.9059,1.8961,1.9010,32479411.7000,29405529.3904,3543299.0685,101660558.6210,92039306.9920,5.8147,5.3291,0.5416,0.5416,5.4156,10.9351
2016-07-13,3.1200,3.1600,3.1100,3.1500,0.0200,0.6400,1772607.8400,556056.0060,1.9800,4.2700,0.0603,0.5003,1.4200,5.6656,5.6477,0.9116,1.9082,1.9132,32479411.7000,29405529.3904,3543299.0685,102310146.8550,92627417.5798,5.7778,5.2952,0.5346,0.5346,5.3462,10.7949
2016-07-14,3.1400,3.1400,3.1100,3.1200,-0.0300,-0.9500,1040131.1700,324395.5020,1.9600,4.2300,0.0354,0.2935,0.8000,5.6116,5.5939,0.9030,1.8900,1.8949,32479411.7000,29405529.3904,3543299.0685,101335764.5040,91745251.6980,5.8333,5.3462,0.5312,0.5312,5.3121,10.7261
2016-07-15,3.1200,3.1300,3.1100,3.1200,0.0000,0.0000,889914.4200,277159.2890,1.9600,4.2300,0.0303,0.2512,0.7500,5.6116,5.5939,0.9030,1.8900,1.8949,32479411.7000,29405529.3904,3543299.0685,101335764.5040,91745251.6980,5.8333,5.3462,0.5346,0.5346,5.3462,10.7949
2016-07-18,3.1100,3.1400,3.1100,3.1200,0.0000,0.0000,1220830.8100,381092.0000,1.9600,4.2300,0.0415,0.3445,1.0300,5.6116,5.5939,0.9030,1.8900,1.8949,32479411.7000,29405529.3904,3543299.0685,101335764.5040,91745251.6980,5.8333,5.3462,0.5363,0.5363,5.3633,10.8296
2016-07-19,3.1200,3.1300,3.1000,3.1000,-0.0200,-0.6400,955791.3000,296970.6960,1.9500,4.2100,0.0325,0.2697,0.7500,5.5756,5.5580,0.8972,1.8779,1.8828,32479411.7000,29405529.3904,3543299.0685,100686176.2700,91157141.1102,5.8710,5.3806,0.5346,0.5346,5.3462,10.7949
2016-07-20,3.1000,3.1100,3.0800,3.0900,-0.0100,-0.3200,674667.2300,208466.7500,1.9400,4.1900,0.0229,0.1904,0.5700,5.5577,5.5401,0.8943,1.8718,1.8767,32479411.7000,29405529.3904,3543299.0685,100361382.1530,90863085.8163,5.8900,5.3981,0.5381,0.5381,5.3806,10.8645
2016-07-21,3.0900,3.1100,3.0800,3.1000,0.0100,0.3200,656740.2000,203489.9380,1.9500,4.2100,0.0223,0.1853,0.6900,5.5756,5.5580,0.8972,1.8779,1.8828,32479411.7000,29405529.3904,3543299.0685,100686176.2700,91157141.1102,5.8710,5.3806,0.5398,0.5398,5.3981,10.8997
2016-07-22,3.1000,3.1000,3.0800,3.0900,-0.0100,-0.3200,596559.3800,184198.4520,1.9400,4.1900,0.0203,0.1684,0.6800,5.5577,5.5401,0.8943,1.8718,1.8767,32479411.7000,29405529.3904,3543299.0685,100361382.1530,90863085.8163,5.8900,5.3981,0.5381,0.5381,5.3806,10.8645
2016-07-25,3.0800,3.1000,3.0800,3.1000,0.0100,0.3200,726086.1600,224610.8840,1.9500,4.2100,0.0247,0.2049,0.8800,5.5756,5.5580,0.8972,1.8779,1.8828,32479411.7000,29405529.3904,3543299.0685,100686176.2700,91157141.1102,5.8710,5.3806,0.5416,0.5416,5.4156,10.9351
2016-07-26,3.0900,3.1200,3.0900,3.1200,0.0200,0.6500,725613.0100,225438.7830,1.9600,4.2300,0.0247,0.2048,1.0100,5.6116,5.5939,0.9030,1.8900,1.8949,32479411.7000,29405529.3904,3543299.0685,101335764.5040,91745251.6980,5.8333,5.3462,0.5398,0.5398,5.3981,10.8997
2016-07-27,3.1200,3.1200,3.0800,3.1200,0.0000,0.0000,1611620.6300,500079.9660,1.9600,4.2300,0.0548,0.4548,2.3800,5.6116,5.5939,0.9030,1.8900,1.8949,32479411.7000,29405529.3904,3543299.0685,101335764.5040,91745251.6980,5.8333,5.3462,0.5346,0.5346,5.3462,10.7949
2016-07-28,3.1100,3.1100,3.1000,3.1000,-0.0200,-0.6400,628277.4800,195008.2150,1.9500,4.2100,0.0214,0.1773,0.7300,5.5756,5.5580,0.8972,1.8779,1.8828,32479411.7000,29405529.3904,3543299.0685,100686176.2700,91157141.1102,5.8710,5.3806,0.5363,0.5363,5.3633,10.8296
2016-07-29,3.1100,3.1100,3.1000,3.1100,0.0100,0.3200,482038.3700,149674.0650,1.9500,4.2200,0.0164,0.1360,0.5600,5.5936,5.5760,0.9001,1.8839,1.8889,32479411.7000,29405529.3904,3543299.0685,101010970.3870,91451196.4041,5.8521,5.3633,0.5363,0.5363,5.3633,10.8296
2016-08-01,3.1000,3.1200,3.1000,3.1200,0.0100,0.3200,1115964.3100,346705.8440,1.9600,4.2300,0.0380,0.3150,1.3400,5.6116,5.5939,0.9030,1.8900,1.8949,32479411.7000,29405529.3904,3543299.0685,101335764.5040,91745251.6980,5.8333,5.3462,0.5381,0.5381,5.3806,10.8645
2016-08-02,3.1100,3.1200,3.1100,3.1200,0.0000,0.0000,615009.7000,191685.5700,1.9600,4.2300,0.0209,0.1736,0.6700,5.6116,5.5939,0.9030,1.8900,1.8949,32479411.7000,29405529.3904,3543299.0685,101335764.5040,91745251.6980,5.8333,5.3462,0.5363,0.5363,5.3633,10.8296
2016-08-03,3.1100,3.1200,3.1100,3.1100,-0.0100,-0.3200,455423.0900,141817.6150,1.9500,4.2200,0.0155,0.1285,0.5100,5.5936,5.5760,0.9001,1.8839,1.8889,32479411.7000,29405529.3904,3543299.0685,101010970.3870,91451196.4041,5.8521,5.3633,0.5363,0.5363,5.3633,10.8296
2016-08-04,3.1200,3.1200,3.1000,3.1200,0.0100,0.3200,920005.5100,285953.3010,1.9600,4.2300,0.0313,0.2596,1.4000,5.6116,5.5939,0.9030,1.8900,1.8949,32479411.7000,29405529.3904,3543299.0685,101335764.5040,91745251.6980,5.8333,5.3462,0.5346,0.5346,5.3462,10.7949
2016-08-05,3.1100,3.1200,3.1000,3.1200,0.0000,0.0000,625730.6000,194770.4770,1.9600,4.2300,0.0213,0.1766,0.8700,5.6116,5.5939,0.9030,1.8900,1.8949,32479411.7000,29405529.3904,3543299.0685,101335764.5040,91745251.6980,5.8333,5.3462,0.5363,0.5363,5.3633,10.8296
2016-08-08,3.1100,3.1200,3.1000,3.1200,0.0000,0.0000,749354.1200,233256.9000,1.9600,4.2300,0.0255,0.2115,1.0000,5.6116,5.5939,0.9030,1.8900,1.8949,32479411.7000,29405529.3904,3543299.0685,101335764.5040,91745251.6980,5.8333,5.3462,0.5363,0.5363,5.3633,10.8296
2016-08-09,3.1200,3.1400,3.1100,3.1300,0.0100,0.3200,1342069.8200,419161.2780,1.9600,4.2500,0.0456,0.3788,1.9900,5.6296,5.6118,0.9059,1.8961,1.9010,32479411.7000,29405529.3904,3543299.0685,101660558.6210,92039306.9920,5.8147,5.3291,0.5346,0.5346,5.3462,10.7949
2016-08-10,3.1300,3.1400,3.1200,3.1400,0.0100,0.3200,719292.0400,225299.0520,1.9700,4.2600,0.0245,0.2030,0.8800,5.6476,5.6298,0.9088,1.9021,1.9071,32479411.7000,29405529.3904,3543299.0685,101985352.7380,92333362.2859,5.7962,5.3121,0.5329,0.5329,5.3291,10.7604
2016-08-11,3.1400,3.1900,3.1300,3.1600,0.0200,0.6400,2042573.3200,646227.9920,1.9800,4.2900,0.0695,0.5765,2.3400,5.6836,5.6656,0.9145,1.9142,1.9192,32479411.7000,29405529.3904,3543299.0685,102634940.9720,92921472.8737,5.7595,5.2785,0.5312,0.5312,5.3121,10.7261
2016-08-12,3.1600,3.2100,3.1500,3.2100,0.0500,1.5800,2228816.7500,711113.7000,2.0100,4.3600,0.0758,0.6290,2.0300,5.7735,5.7553,0.9290,1.9445,1.9496,32479411.7000,29405529.3904,3543299.0685,104258911.5570,94391749.3432,5.6698,5.1963,0.5278,0.5278,5.2785,10.6582
2016-08-15,3.2200,3.2900,3.2100,3.2500,0.0400,1.2500,2689056.1200,875524.9790,2.0400,4.4100,0.0914,0.7589,1.9000,5.8454,5.8270,0.9406,1.9688,1.9739,32479411.7000,29405529.3904,3543299.0685,105558088.0250,95567970.5188,5.6000,5.1323,0.5180,0.5180,5.1801,10.4596
2016-08-16,3.2600,3.2600,3.1800,3.2000,-0.0500,-1.5400,3199686.4800,1026235.8240,2.0100,4.3400,0.1088,0.9030,1.7700,5.7555,5.7373,0.9261,1.9385,1.9435,32479411.7000,29405529.3904,3543299.0685,103934117.4400,94097694.0493,5.6875,5.2125,0.5117,0.5117,5.1166,10.3313
2016-08-17,3.2000,3.2000,3.1700,3.1800,-0.0200,-0.6300,951220.6800,302882.1400,2.0000,4.3200,0.0323,0.2685,0.4400,5.7195,5.7015,0.9203,1.9263,1.9314,32479411.7000,29405529.3904,3543299.0685,103284529.2060,93509583.4615,5.7233,5.2453,0.5212,0.5212,5.2125,10.5250
2016-08-18,3.1800,3.1900,3.1700,3.1800,0.0000,0.0000,914536.5200,291081.8900,2.0000,4.3200,0.0311,0.2581,0.4100,5.7195,5.7015,0.9203,1.9263,1.9314,32479411.7000,29405529.3904,3543299.0685,103284529.2060,93509583.4615,5.7233,5.2453,0.5245,0.5245,5.2453,10.5912
2016-08-19,3.1800,3.1900,3.1700,3.1800,0.0000,0.0000,607766.9900,193290.0180,2.0000,4.3200,0.0207,0.1715,0.3000,5.7195,5.7015,0.9203,1.9263,1.9314,32479411.7000,29405529.3904,3543299.0685,103284529.2060,93509583.4615,5.7233,5.2453,0.5245,0.5245,5.2453,10.5912
2016-08-22,3.1800,3.2100,3.1700,3.2000,0.0200,0.6300,1518314.2800,484234.9380,2.0100,4.3400,0.0516,0.4285,0.9100,5.7555,5.7373,0.9261,1.9385,1.9435,32479411.7000,29405529.3904,3543299.0685,103934117.4400,94097694.0493,5.6875,5.2125,0.5245,0.5245,5.2453,10.5912
2016-08-23,3.2000,3.2300,3.1900,3.2100,0.0100,0.3100,1273775.2200,409479.4630,2.0100,4.3600,0.0433,0.3595,0.8900,5.7735,5.7553,0.9290,1.9445,1.9496,32479411.7000,29405529.3904,3543299.0685,104258911.5570,94391749.3432,5.6698,5.1963,0.5212,0.5212,5.2125,10.5250
2016-08-24,3.2100,3.2200,3.2000,3.2100,0.0000,0.0000,850730.6100,272762.9110,2.0100,4.3600,0.0289,0.2401,0.8100,5.7735,5.7553,0.9290,1.9445,1.9496,32479411.7000,29405529.3904,3543299.0685,104258911.5570,94391749.3432,5.6698,5.1963,0.5196,0.5196,5.1963,10.4922
2016-08-25,3.2000,3.2200,3.1900,3.2200,0.0100,0.3100,901566.4500,288929.3340,2.0200,4.3700,0.0307,0.2544,0.8700,5.7915,5.7732,0.9319,1.9506,1.9557,32479411.7000,29405529.3904,3543299.0685,104583705.6740,94685804.6371,5.6522,5.1801,0.5212,0.5212,5.2125,10.5250
2016-08-26,3.2100,3.2200,3.2000,3.2000,-0.0200,-0.6200,556907.8300,178849.7780,2.0100,4.3400,0.0189,0.1572,0.5400,5.7555,5.7373,0.9261,1.9385,1.9435,32479411.7000,29405529.3904,3543299.0685,103934117.4400,94097694.0493,5.6875,5.2125,0.5196,0.5196,5.1963,10.4922
2016-08-29,3.2000,3.2100,3.1700,3.1800,-0.0200,-0.6300,956119.3700,304310.0950,2.0000,4.3200,0.0325,0.2698,0.9400,5.7195,5.6933,0.9203,1.9263,1.9771,32479411.7000,29405529.3904,3543299.0685,103284529.2060,93509583.4615,5.7233,5.2453,0.5212,0.5212,5.2125,10.5250
2016-08-30,3.1800,3.2100,3.1700,3.2100,0.0300,0.9400,1061560.6500,338987.7410,2.0100,4.3600,0.0361,0.2996,1.1700,5.7735,5.7470,0.9290,1.9445,1.9957,32479411.7000,29405529.3904,3543299.0685,104258911.5570,94391749.3432,5.6698,5.1963,0.5245,0.5245,5.2453,10.5912
2016-08-31,3.2100,3.2100,3.1900,3.2100,0.0000,0.0000,616479.5900,197342.6050,2.0100,4.3600,0.0210,0.1740,0.7100,5.7735,5.7470,0.9290,1.9445,1.9957,32479411.7000,29405529.3904,3543299.0685,104258911.5570,94391749.3432,5.6698,5.1963,0.5196,0.5196,5.1963,10.4922
2016-09-01,3.2000,3.2100,3.1800,3.1800,-0.0300,-0.9300,1155876.8300,369546.6680,2.0000,4.3200,0.0393,0.3262,1.4100,5.7195,5.6933,0.9203,1.9263,1.9771,32479411.7000,29405529.3904,3543299.0685,103284529.2060,93509583.4615,5.7233,5.2453,0.5212,0.5212,5.2125,10.5250
2016-09-02,3.1800,3.2000,3.1800,3.1900,0.0100,0.3100,1229367.7000,392450.6160,2.0000,4.3300,0.0418,0.3470,1.4100,5.7375,5.7112,0.9232,1.9324,1.9833,32479411.7000,29405529.3904,3543299.0685,103609323.3230,93803638.7554,5.7053,5.2288,0.5245,0.5245,5.2453,10.5912
2016-09-05,3.1900,3.2100,3.1800,3.1900,0.0000,0.0000,1017592.9800,325155.3910,2.0000,4.3300,0.0346,0.2872,1.0100,5.7375,5.7112,0.9232,1.9324,1.9833,32479411.7000,29405529.3904,3543299.0685,103609323.3230,93803638.7554,5.7053,5.2288,0.5229,0.5229,5.2288,10.5580
2016-09-06,3.2000,3.2200,3.1900,3.2000,0.0100,0.3100,1122876.2200,359619.3590,2.0100,4.3400,0.0382,0.3169,1.1100,5.7555,5.7291,0.9261,1.9385,1.9895,32479411.7000,29405529.3904,3543299.0685,103934117.4400,94097694.0493,5.6875,5.2125,0.5212,0.5212,5.2125,10.5250
2016-09-07,3.2000,3.2100,3.1900,3.2000,0.0000,0.0000,957026.2800,306391.6230,2.0100,4.3400,0.0325,0.2701,0.9300,5.7555,5.7291,0.9261,1.9385,1.9895,32479411.7000,29405529.3904,3543299.0685,103934117.4400,94097694.0493,5.6875,5.2125,0.5212,0.5212,5.2125,10.5250
2016-09-08,3.2000,3.2100,3.1900,3.2000,0.0000,0.0000,818243.6700,261475.9680,2.0100,4.3400,0.0278,0.2309,0.7500,5.7555,5.7291,0.9261,1.9385,1.9895,32479411.7000,29405529.3904,3543299.0685,103934117.4400,94097694.0493,5.6875,5.2125,0.5212,0.5212,5.2125,10.5250
2016-09-09,3.1900,3.2000,3.1800,3.1900,-0.0100,-0.3100,685683.9000,218915.2940,2.0000,4.3300,0.0233,0.1935,0.6700,5.7375,5.7112,0.9232,1.9324,1.9833,32479411.7000,29405529.3904,3543299.0685,103609323.3230,93803638.7554,5.7053,5.2288,0.5229,0.5229,5.2288,10.5580
2016-09-12,3.1800,3.1800,3.1300,3.1400,-0.0500,-1.5700,1607206.2100,506920.1140,1.9700,4.2600,0.0547,0.4536,1.7500,5.6476,5.6217,0.9088,1.9021,1.9522,32479411.7000,29405529.3904,3543299.0685,101985352.7380,92333362.2859,5.7962,5.3121,0.5245,0.5245,5.2453,10.5912
2016-09-13,3.1500,3.1600,3.1300,3.1500,0.0100,0.3200,856343.3700,268934.1440,1.9800,4.2700,0.0291,0.2417,0.8200,5.6656,5.6396,0.9116,1.9082,1.9584,32479411.7000,29405529.3904,3543299.0685,102310146.8550,92627417.5798,5.7778,5.2952,0.5295,0.5295,5.2952,10.6921
2016-09-14,3.1400,3.1500,3.1000,3.1100,-0.0400,-1.2700,935117.5300,291772.7810,1.9500,4.2200,0.0318,0.2639,0.9500,5.5936,5.5680,0.9001,1.8839,1.9336,32479411.7000,29405529.3904,3543299.0685,101010970.3870,91451196.4041,5.8521,5.3633,0.5312,0.5312,5.3121,10.7261
2016-09-19,3.1100,3.1300,3.1100,3.1200,0.0100,0.3200,691437.8100,215504.6620,1.9600,4.2300,0.0235,0.1951,0.7100,5.6116,5.5859,0.9030,1.8900,1.9398,32479411.7000,29405529.3904,3543299.0685,101335764.5040,91745251.6980,5.8333,5.3462,0.5363,0.5363,5.3633,10.8296
2016-09-20,3.1200,3.1300,3.1100,3.1200,0.0000,0.0000,711210.0100,222096.2460,1.9600,4.2300,0.0242,0.2007,0.7400,5.6116,5.5859,0.9030,1.8900,1.9398,32479411.7000,29405529.3904,3543299.0685,101335764.5040,91745251.6980,5.8333,5.3462,0.5346,0.5346,5.3462,10.7949
2016-09-21,3.1200,3.1400,3.1200,3.1300,0.0100,0.3200,752931.2500,235646.2600,1.9600,4.2500,0.0256,0.2125,0.7800,5.6296,5.6038,0.9059,1.8961,1.9460,32479411.7000,29405529.3904,3543299.0685,101660558.6210,92039306.9920,5.8147,5.3291,0.5346,0.5346,5.3462,10.7949
2016-09-22,3.1400,3.1500,3.1300,3.1400,0.0100,0.3200,628998.2400,197707.1260,1.9700,4.2600,0.0214,0.1775,0.8000,5.6476,5.6217,0.9088,1.9021,1.9522,32479411.7000,29405529.3904,3543299.0685,101985352.7380,92333362.2859,5.7962,5.3121,0.5312,0.5312,5.3121,10.7261
2016-09-23,3.1400,3.1500,3.1400,3.1500,0.0100,0.3200,405699.9900,127601.4550,1.9800,4.2700,0.0138,0.1145,0.5500,5.6656,5.6396,0.9116,1.9082,1.9584,32479411.7000,29405529.3904,3543299.0685,102310146.8550,92627417.5798,5.7778,5.2952,0.5312,0.5312,5.3121,10.7261
2016-09-26,3.1400,3.1500,3.1100,3.1200,-0.0300,-0.9500,847751.5900,265509.3850,1.9600,4.2300,0.0288,0.2393,1.3300,5.6116,5.5859,0.9030,1.8900,1.9398,32479411.7000,29405529.3904,3543299.0685,101335764.5040,91745251.6980,5.8333,5.3462,0.5312,0.5312,5.3121,10.7261
2016-09-27,3.1200,3.1500,3.1100,3.1500,0.0300,0.9600,863415.4700,270228.2980,1.9800,4.2700,0.0294,0.2437,1.2900,5.6656,5.6396,0.9116,1.9082,1.9584,32479411.7000,29405529.3904,3543299.0685,102310146.8550,92627417.5798,5.7778,5.2952,0.5346,0.5346,5.3462,10.7949
2016-09-28,3.1400,3.1500,3.1300,3.1300,-0.0200,-0.6300,475698.3900,149038.8260,1.9600,4.2500,0.0162,0.1343,0.6800,5.6296,5.6038,0.9059,1.8961,1.9460,32479411.7000,29405529.3904,3543299.0685,101660558.6210,92039306.9920,5.8147,5.3291,0.5312,0.5312,5.3121,10.7261
2016-09-29,3.1300,3.1400,3.1300,3.1400,0.0100,0.3200,450600.0200,141277.8150,1.9700,4.2600,0.0153,0.1272,0.7000,5.6476,5.6217,0.9088,1.9021,1.9522,32479411.7000,29405529.3904,3543299.0685,101985352.7380,92333362.2859,5.7962,5.3121,0.5329,0.5329,5.3291,10.7604
2016-09-30,3.1400,3.1400,3.1300,3.1300,-0.0100,-0.3200,339622.4100,106403.5930,1.9600,4.2500,0.0115,0.0958,0.5600,5.6296,5.6038,0.9059,1.8961,1.9460,32479411.7000,29405529.3904,3543299.0685,101660558.6210,92039306.9920,5.8147,5.3291,0.5312,0.5312,5.3121,10.7261
2016-10-10,3.1400,3.1500,3.1300,3.1500,0.0200,0.6400,1147618.7600,360419.5730,1.9800,4.2700,0.0390,0.3239,1.9300,5.6656,5.6396,0.9116,1.9082,1.9584,32479411.7000,29405529.3904,3543299.0685,102310146.8550,92627417.5798,5.7778,5.2952,0.5312,0.5312,5.3121,10.7261
2016-10-11,3.1500,3.1500,3.1400,3.1400,-0.0100,-0.3200,653991.7600,205828.9490,1.9700,4.2600,0.0222,0.1846,1.0000,5.6476,5.6217,0.9088,1.9021,1.9522,32479411.7000,29405529.3904,3543299.0685,101985352.7380,92333362.2859,5.7962,5.3121,0.5295,0.5295,5.2952,10.6921
2016-10-12,3.1400,3.1500,3.1400,3.1400,0.0000,0.0000,594528.8400,186797.8060,1.9700,4.2600,0.0202,0.1678,0.9700,5.6476,5.6217,0.9088,1.9021,1.9522,32479411.7000,29405529.3904,3543299.0685,101985352.7380,92333362.2859,5.7962,5.3121,0.5312,0.5312,5.3121,10.7261
2016-10-13,3.1400,3.1500,3.1300,3.1400,0.0000,0.0000,643814.7300,202120.1060,1.9700,4.2600,0.0219,0.1817,1.0100,5.6476,5.6217,0.9088,1.9021,1.9522,32479411.7000,29405529.3904,3543299.0685,101985352.7380,92333362.2859,5.7962,5.3121,0.5312,0.5312,5.3121,10.7261
2016-10-14,3.1400,3.1400,3.1300,3.1400,0.0000,0.0000,394496.4200,123676.4200,1.9700,4.2600,0.0134,0.1113,0.5800,5.6476,5.6217,0.9088,1.9021,1.9522,32479411.7000,29405529.3904,3543299.0685,101985352.7380,92333362.2859,5.7962,5.3121,0.5312,0.5312,5.3121,10.7261
2016-10-17,3.1400,3.1400,3.1200,3.1300,-0.0100,-0.3200,643333.6600,201414.6770,1.9600,4.2500,0.0219,0.1816,0.9400,5.6296,5.6038,0.9059,1.8961,1.9460,32479411.7000,29405529.3904,3543299.0685,101660558.6210,92039306.9920,5.8147,5.3291,0.5312,0.5312,5.3121,10.7261
2016-10-18,3.1300,3.1500,3.1200,3.1400,0.0100,0.3200,963810.4900,302068.0910,1.9700,4.2600,0.0328,0.2720,1.6400,5.6476,5.6217,0.9088,1.9021,1.9522,32479411.7000,29405529.3904,3543299.0685,101985352.7380,92333362.2859,5.7962,5.3121,0.5329,0.5329,5.3291,10.7604
2016-10-19,3.1400,3.1500,3.1400,3.1400,0.0000,0.0000,514613.0100,161886.9970,1.9700,4.2600,0.0175,0.1452,0.7900,5.6476,5.6217,0.9088,1.9021,1.9522,32479411.7000,29405529.3904,3543299.0685,101985352.7380,92333362.2859,5.7962,5.3121,0.5312,0.5312,5.3121,10.7261
2016-10-20,3.1500,3.1500,3.1400,3.1400,0.0000,0.0000,359788.7200,113091.1270,1.9700,4.2600,0.0122,0.1015,0.5700,5.6476,5.6217,0.9088,1.9021,1.9522,32479411.7000,29405529.3904,3543299.0685,101985352.7380,92333362.2859,5.7962,5.3121,0.5295,0.5295,5.2952,10.6921
2016-10-21,3.1400,3.1500,3.1300,3.1400,0.0000,0.0000,616940.5400,193750.1320,1.9700,4.2600,0.0210,0.1741,1.0700,5.6476,5.6217,0.9088,1.9021,1.9522,32479411.7000,29405529.3904,3543299.0685,101985352.7380,92333362.2859,5.7962,5.3121,0.5312,0.5312,5.3121,10.7261
2016-10-24,3.1400,3.1900,3.1400,3.1700,0.0300,0.9600,1580858.6000,500307.3770,1.9900,4.3000,0.0538,0.4462,2.5500,5.7016,5.6754,0.9174,1.9203,1.9709,32479411.7000,29405529.3904,3543299.0685,102959735.0890,93215528.1676,5.7413,5.2618,0.5312,0.5312,5.3121,10.7261
2016-10-25,3.1700,3.1900,3.1600,3.1800,0.0100,0.3200,1226882.7700,390123.1610,2.0000,4.3200,0.0417,0.3463,1.5200,5.7195,5.6933,0.9203,1.9263,1.9771,32479411.7000,29405529.3904,3543299.0685,103284529.2060,93509583.4615,5.7233,5.2453,0.5262,0.5262,5.2618,10.6246
2016-10-26,3.1800,3.1900,3.1600,3.1600,-0.0200,-0.6300,583868.4400,185014.0050,1.9800,4.2900,0.0199,0.1648,0.6800,5.6836,5.6575,0.9145,1.9142,1.9647,32479411.7000,29405529.3904,3543299.0685,102634940.9720,92921472.8737,5.7595,5.2785,0.5245,0.5245,5.2453,10.5912
2016-10-27,3.1600,3.1700,3.1400,3.1500,-0.0100,-0.3200,600765.4200,189496.6950,1.9800,4.2700,0.0204,0.1695,0.6900,5.6656,5.6396,0.9116,1.9082,1.9584,32479411.7000,29405529.3904,3543299.0685,102310146.8550,92627417.5798,5.7778,5.2952,0.5278,0.5278,5.2785,10.6582
2016-10-28,3.1500,3.1700,3.1500,3.1700,0.0200,0.6300,753428.4500,238358.0030,1.9900,4.3000,0.0256,0.2126,0.8200,5.7016,5.6754,0.9174,1.9203,1.9709,32479411.7000,29405529.3904,3543299.0685,102959735.0890,93215528.1676,5.7413,5.2618,0.5295,0.5295,5.2952,10.6921
2016-10-31,3.1600,3.1700,3.1400,3.1600,-0.0100,-0.3200,587930.0700,185447.4800,1.9800,4.2900,0.0200,0.1659,0.6200,5.6836,5.6535,0.8341,1.9142,1.9927,32479411.7000,29405529.3904,3543299.0685,102634940.9720,92921472.8737,5.7595,5.2785,0.5278,0.5278,5.2785,10.6582
2016-11-01,3.1600,3.1700,3.1500,3.1700,0.0100,0.3200,589707.3500,186457.5500,1.9900,4.3000,0.0201,0.1664,0.7900,5.7016,5.6714,0.8367,1.9203,1.9990,32479411.7000,29405529.3904,3543299.0685,102959735.0890,93215528.1676,5.7413,5.2618,0.5278,0.5278,5.2785,10.6582
2016-11-02,3.1600,3.1700,3.1500,3.1600,-0.0100,-0.3200,562213.1600,177332.0830,1.9800,4.2900,0.0191,0.1587,0.9000,5.6836,5.6535,0.8341,1.9142,1.9927,32479411.7000,29405529.3904,3543299.0685,102634940.9720,92921472.8737,5.7595,5.2785,0.5278,0.5278,5.2785,10.6582
2016-11-03,3.1500,3.1600,3.1400,3.1500,-0.0100,-0.3200,613703.2000,193382.3110,1.9800,4.2700,0.0209,0.1732,0.9900,5.6656,5.6356,0.8314,1.9082,1.9864,32479411.7000,29405529.3904,3543299.0685,102310146.8550,92627417.5798,5.7778,5.2952,0.5295,0.5295,5.2952,10.6921
2016-11-04,3.1500,3.1600,3.1400,3.1500,0.0000,0.0000,785850.5400,247542.0000,1.9800,4.2700,0.0267,0.2218,1.2600,5.6656,5.6356,0.8314,1.9082,1.9864,32479411.7000,29405529.3904,3543299.0685,102310146.8550,92627417.5798,5.7778,5.2952,0.5295,0.5295,5.2952,10.6921
2016-11-07,3.1500,3.1600,3.1400,3.1600,0.0100,0.3200,845757.4600,266365.1500,1.9800,4.2900,0.0288,0.2387,1.3500,5.6836,5.6535,0.8341,1.9142,1.9927,32479411.7000,29405529.3904,3543299.0685,102634940.9720,92921472.8737,5.7595,5.2785,0.5295,0.5295,5.2952,10.6921
2016-11-08,3.1600,3.1900,3.1500,3.1800,0.0200,0.6300,1627493.3200,516092.9050,2.0000,4.3200,0.0553,0.4593,2.4000,5.7195,5.6893,0.8393,1.9263,2.0053,32479411.7000,29405529.3904,3543299.0685,103284529.2060,93509583.4615,5.7233,5.2453,0.5278,0.5278,5.2785,10.6582
2016-11-09,3.1800,3.1800,3.1400,3.1500,-0.0300,-0.9400,1597853.6700,503668.3200,1.9800,4.2700,0.0543,0.4510,1.8000,5.6656,5.6356,0.8314,1.9082,1.9864,32479411.7000,29405529.3904,3543299.0685,102310146.8550,92627417.5798,5.7778,5.2952,0.5245,0.5245,5.2453,10.5912
2016-11-10,3.1600,3.1700,3.1500,3.1700,0.0200,0.6300,664842.7600,210425.1800,1.9900,4.3000,0.0226,0.1876,0.6100,5.7016,5.6714,0.8367,1.9203,1.9990,32479411.7000,29405529.3904,3543299.0685,102959735.0890,93215528.1676,5.7413,5.2618,0.5278,0.5278,5.2785,10.6582
2016-11-11,3.1600,3.1700,3.1500,3.1700,0.0000,0.0000,1187553.5400,375127.5900,1.9900,4.3000,0.0404,0.3352,1.0800,5.7016,5.6714,0.8367,1.9203,1.9990,32479411.7000,29405529.3904,3543299.0685,102959735.0890,93215528.1676,5.7413,5.2618,0.5278,0.5278,5.2785,10.6582
2016-11-14,3.1600,3.1800,3.1500,3.1700,0.0000,0.0000,1128986.7000,357509.1030,1.9900,4.3000,0.0384,0.3186,0.9500,5.7016,5.6714,0.8367,1.9203,1.9990,32479411.7000,29405529.3904,3543299.0685,102959735.0890,93215528.1676,5.7413,5.2618,0.5278,0.5278,5.2785,10.6582
2016-11-15,3.1700,3.1800,3.1500,3.1600,-0.0100,-0.3200,1216915.3900,385049.3470,1.9800,4.2900,0.0414,0.3434,0.9800,5.6836,5.6535,0.8341,1.9142,1.9927,32479411.7000,29405529.3904,3543299.0685,102634940.9720,92921472.8737,5.7595,5.2785,0.5262,0.5262,5.2618,10.6246
2016-11-16,3.1600,3.1700,3.1600,3.1600,0.0000,0.0000,701280.5400,221892.4430,1.9800,4.2900,0.0238,0.1979,0.6000,5.6836,5.6535,0.8341,1.9142,1.9927,32479411.7000,29405529.3904,3543299.0685,102634940.9720,92921472.8737,5.7595,5.2785,0.5278,0.5278,5.2785,10.6582
2016-11-17,3.1600,3.1700,3.1500,3.1600,0.0000,0.0000,611585.1800,193096.4750,1.9800,4.2900,0.0208,0.1726,0.6200,5.6836,5.6535,0.8341,1.9142,1.9927,32479411.7000,29405529.3904,3543299.0685,102634940.9720,92921472.8737,5.7595,5.2785,0.5278,0.5278,5.2785,10.6582
2016-11-18,3.1600,3.1700,3.1500,3.1700,0.0100,0.3200,611436.0400,193339.2350,1.9900,4.3000,0.0208,0.1726,0.6300,5.7016,5.6714,0.8367,1.9203,1.9990,32479411.7000,29405529.3904,3543299.0685,102959735.0890,93215528.1676,5.7413,5.2618,0.5278,0.5278,5.2785,10.6582
2016-11-21,3.1600,3.1800,3.1500,3.1800,0.0100,0.3200,1654741.0500,524742.0140,2.0000,4.3200,0.0563,0.4670,1.9400,5.7195,5.6893,0.8393,1.9263,2.0053,32479411.7000,29405529.3904,3543299.0685,103284529.2060,93509583.4615,5.7233,5.2453,0.5278,0.5278,5.2785,10.6582
2016-11-22,3.1800,3.2000,3.1700,3.1900,0.0100,0.3100,2051529.5600,653396.4580,2.0000,4.3300,0.0698,0.5790,2.1400,5.7375,5.7072,0.8420,1.9324,2.0117,32479411.7000,29405529.3904,3543299.0685,103609323.3230,93803638.7554,5.7053,5.2288,0.5245,0.5245,5.2453,10.5912
2016-11-23,3.1900,3.2200,3.1800,3.2100,0.0200,0.6300,3825951.3200,1225589.4880,2.0100,4.3600,0.1301,1.0798,3.4000,5.7735,5.7430,0.8473,1.9445,2.0243,32479411.7000,29405529.3904,3543299.0685,104258911.5570,94391749.3432,5.6698,5.1963,0.5229,0.5229,5.2288,10.5580
2016-11-24,3.2000,3.2100,3.1800,3.1900,-0.0200,-0.6200,1304237.2600,416597.8740,2.0000,4.3300,0.0444,0.3681,0.7400,5.7375,5.7072,0.8420,1.9324,2.0117,32479411.7000,29405529.3904,3543299.0685,103609323.3230,93803638.7554,5.7053,5.2288,0.5212,0.5212,5.2125,10.5250
2016-11-25,3.1900,3.2200,3.1900,3.2200,0.0300,0.9400,2176574.0700,698011.1440,2.0200,4.3700,0.0740,0.6143,1.1500,5.7915,5.7609,0.8499,1.9506,2.0306,32479411.7000,29405529.3904,3543299.0685,104583705.6740,94685804.6371,5.6522,5.1801,0.5229,0.5229,5.2288,10.5580
2016-11-28,3.2200,3.2600,3.2000,3.2200,0.0000,0.0000,5763080.9300,1862053.6600,2.0200,4.3700,0.1960,1.6265,2.6200,5.7915,5.7609,0.8499,1.9506,2.0306,32479411.7000,29405529.3904,3543299.0685,104583705.6740,94685804.6371,5.6522,5.1801,0.5180,0.5180,5.1801,10.4596
2016-11-29,3.2100,3.2400,3.2000,3.2300,0.0100,0.3100,2359992.2500,760254.5470,2.0300,4.3800,0.0803,0.6660,0.7800,5.8095,5.7787,0.8525,1.9566,2.0369,32479411.7000,29405529.3904,3543299.0685,104908499.7910,94979859.9310,5.6347,5.1641,0.5196,0.5196,5.1963,10.4922
2016-11-30,3.2300,3.2300,3.2000,3.2100,-0.0200,-0.6200,1921966.8900,618284.7730,2.0100,4.3600,0.0654,0.5424,0.6200,5.7735,5.7430,0.8473,1.9445,2.0243,32479411.7000,29405529.3904,3543299.0685,104258911.5570,94391749.3432,5.6698,5.1963,0.5164,0.5164,5.1641,10.4272
2016-12-01,3.2100,3.2300,3.2000,3.2200,0.0100,0.3100,1883863.5000,606668.0730,2.0200,4.3700,0.0641,0.5317,0.7000,5.7915,5.7609,0.8499,1.9506,2.0306,32479411.7000,29405529.3904,3543299.0685,104583705.6740,94685804.6371,5.6522,5.1801,0.5196,0.5196,5.1963,10.4922
2016-12-02,3.2200,3.2300,3.1900,3.2200,0.0000,0.0000,3284665.1200,1054982.9960,2.0200,4.3700,0.1117,0.9270,1.1600,5.7915,5.7609,0.8499,1.9506,2.0306,32479411.7000,29405529.3904,3543299.0685,104583705.6740,94685804.6371,5.6522,5.1801,0.5180,0.5180,5.1801,10.4596
2016-12-05,3.2100,3.2500,3.2000,3.2400,0.0200,0.6200,2691412.4200,867532.4010,2.0300,4.4000,0.0915,0.7596,0.8800,5.8275,5.7966,0.8552,1.9627,2.0432,32479411.7000,29405529.3904,3543299.0685,105233293.9080,95273915.2249,5.6173,5.1481,0.5196,0.5196,5.1963,10.4922
2016-12-06,3.2400,3.2500,3.2300,3.2500,0.0100,0.3100,1903806.8300,616778.4090,2.0400,4.4100,0.0647,0.5373,0.7800,5.8454,5.8145,0.8578,1.9688,2.0495,32479411.7000,29405529.3904,3543299.0685,105558088.0250,95567970.5188,5.6000,5.1323,0.5148,0.5148,5.1481,10.3951
2016-12-07,3.2400,3.2500,3.2300,3.2400,-0.0100,-0.3100,1146155.9300,370593.4170,2.0300,4.4000,0.0390,0.3235,0.4900,5.8275,5.7966,0.8552,1.9627,2.0432,32479411.7000,29405529.3904,3543299.0685,105233293.9080,95273915.2249,5.6173,5.1481,0.5148,0.5148,5.1481,10.3951
2016-12-08,3.2400,3.2500,3.2200,3.2400,0.0000,0.0000,1593783.9400,514993.6490,2.0300,4.4000,0.0542,0.4498,0.7300,5.8275,5.7966,0.8552,1.9627,2.0432,32479411.7000,29405529.3904,3543299.0685,105233293.9080,95273915.2249,5.6173,5.1481,0.5148,0.5148,5.1481,10.3951
2016-12-09,3.2300,3.2900,3.2300,3.2700,0.0300,0.9300,4067371.6100,1328464.0090,2.0500,4.4400,0.1383,1.1479,1.9100,5.8814,5.8503,0.8631,1.9809,2.0621,32479411.7000,29405529.3904,3543299.0685,106207676.2590,96156081.1066,5.5657,5.1009,0.5164,0.5164,5.1641,10.4272
2016-12-12,3.2600,3.3100,3.2100,3.2600,-0.0100,-0.3100,5298455.3100,1726650.7550,2.0500,4.4200,0.1802,1.4953,2.3200,5.8634,5.8324,0.8605,1.9748,2.0558,32479411.7000,29405529.3904,3543299.0685,105882882.1420,95862025.8127,5.5828,5.1166,0.5117,0.5117,5.1166,10.3313
2016-12-13,3.2400,3.2500,3.1900,3.2100,-0.0500,-1.5300,3174172.5800,1019685.7210,2.0100,4.3600,0.1079,0.8958,1.1300,5.7735,5.7430,0.8473,1.9445,2.0243,32479411.7000,29405529.3904,3543299.0685,104258911.5570,94391749.3432,5.6698,5.1963,0.5148,0.5148,5.1481,10.3951
2016-12-14,3.2100,3.2300,3.2000,3.2100,0.0000,0.0000,2622731.0800,843580.4600,2.0100,4.3600,0.0892,0.7402,0.8600,5.7735,5.7430,0.8473,1.9445,2.0243,32479411.7000,29405529.3904,3543299.0685,104258911.5570,94391749.3432,5.6698,5.1963,0.5196,0.5196,5.1963,10.4922
2016-12-15,3.2000,3.2100,3.1500,3.1700,-0.0400,-1.2500,2797455.4600,887614.3840,1.9900,4.3000,0.0951,0.7895,0.8300,5.7016,5.6714,0.8367,1.9203,1.9990,32479411.7000,29405529.3904,3543299.0685,102959735.0890,93215528.1676,5.7413,5.2618,0.5212,0.5212,5.2125,10.5250
2016-12-16,3.1500,3.1700,3.1400,3.1500,-0.0200,-0.6300,2224005.3100,700680.4080,1.9800,4.2700,0.0756,0.6277,0.6200,5.6656,5.6356,0.8314,1.9082,1.9864,32479411.7000,29405529.3904,3543299.0685,102310146.8550,92627417.5798,5.7778,5.2952,0.5295,0.5295,5.2952,10.6921
2016-12-19,3.1500,3.1600,3.1300,3.1400,-0.0100,-0.3200,1318275.5200,414247.2000,1.9700,4.2600,0.0448,0.3720,0.4100,5.6476,5.6177,0.8288,1.9021,1.9801,32479411.7000,29405529.3904,3543299.0685,101985352.7380,92333362.2859,5.7962,5.3121,0.5295,0.5295,5.2952,10.6921
2016-12-20,3.1400,3.1500,3.1000,3.1200,-0.0200,-0.6400,1864919.9700,581996.9190,1.9600,4.2300,0.0634,0.5263,0.7700,5.6116,5.5819,0.8235,1.8900,1.9675,32479411.7000,29405529.3904,3543299.0685,101335764.5040,91745251.6980,5.8333,5.3462,0.5312,0.5312,5.3121,10.7261
2016-12-21,3.1200,3.1400,3.1200,3.1300,0.0100,0.3200,1537417.6700,480680.8550,1.9600,4.2500,0.0523,0.4339,0.7100,5.6296,5.5998,0.8261,1.8961,1.9738,32479411.7000,29405529.3904,3543299.0685,101660558.6210,92039306.9920,5.8147,5.3291,0.5346,0.5346,5.3462,10.7949
2016-12-22,3.1300,3.1300,3.1100,3.1300,0.0000,0.0000,775497.0000,242055.4420,1.9600,4.2500,0.0264,0.2189,0.4000,5.6296,5.5998,0.8261,1.8961,1.9738,32479411.7000,29405529.3904,3543299.0685,101660558.6210,92039306.9920,5.8147,5.3291,0.5329,0.5329,5.3291,10.7604
2016-12-23,3.1200,3.1300,3.1100,3.1200,-0.0100,-0.3200,928722.7600,289653.7360,1.9600,4.2300,0.0316,0.2621,0.6000,5.6116,5.5819,0.8235,1.8900,1.9675,32479411.7000,29405529.3904,3543299.0685,101335764.5040,91745251.6980,5.8333,5.3462,0.5346,0.5346,5.3462,10.7949
2016-12-26,3.1100,3.1300,3.0900,3.1300,0.0100,0.3200,1501796.0600,467041.0330,1.9600,4.2500,0.0511,0.4238,1.1700,5.6296,5.5998,0.8261,1.8961,1.9738,32479411.7000,29405529.3904,3543299.0685,101660558.6210,92039306.9920,5.8147,5.3291,0.5363,0.5363,5.3633,10.8296
2016-12-27,3.1200,3.1300,3.1100,3.1100,-0.0200,-0.6400,694130.4500,216126.2380,1.9500,4.2200,0.0236,0.1959,0.5300,5.5936,5.5641,0.8209,1.8839,1.9612,32479411.7000,29405529.3904,3543299.0685,101010970.3870,91451196.4041,5.8521,5.3633,0.5346,0.5346,5.3462,10.7949
2016-12-28,3.1100,3.1200,3.0900,3.1000,-0.0100,-0.3200,1294946.1100,401771.7680,1.9500,4.2100,0.0440,0.3655,1.1900,5.5756,5.5462,0.8182,1.8779,1.9549,32479411.7000,29405529.3904,3543299.0685,100686176.2700,91157141.1102,5.8710,5.3806,0.5363,0.5363,5.3633,10.8296
2016-12-29,3.0900,3.1000,3.0900,3.0900,-0.0100,-0.3200,1659229.4300,513537.1810,1.9400,4.1900,0.0564,0.4683,1.6000,5.5577,5.5283,0.8156,1.8718,1.9486,32479411.7000,29405529.3904,3543299.0685,100361382.1530,90863085.8163,5.8900,5.3981,0.5398,0.5398,5.3981,10.8997
2016-12-30,3.1000,3.1100,3.0900,3.1000,0.0100,0.3200,2089576.5500,646713.1720,1.9500,4.2100,0.0711,0.5897,1.7200,5.5756,5.5462,0.8182,1.8779,1.9549,32479411.7000,29405529.3904,3543299.0685,100686176.2700,91157141.1102,5.8710,5.3806,0.5381,0.5381,5.3806,10.8645
2017-01-03,3.1000,3.1300,3.0900,3.1200,0.0200,0.6500,1967451.3800,612871.3100,1.9600,4.2300,0.0669,0.5553,1.3600,5.6116,5.5819,0.8235,1.8900,1.9675,32479411.7000,29405529.3904,3543299.0685,101335764.5040,91745251.6980,5.3462,5.3462,0.5484,0.5484,5.4839,11.2355
2017-01-04,3.1200,3.1400,3.1100,3.1200,0.0000,0.0000,1706902.9900,533118.7320,1.9600,4.2300,0.0580,0.4817,1.1100,5.6116,5.5819,0.8235,1.8900,1.9675,32479411.7000,29405529.3904,3543299.0685,101335764.5040,91745251.6980,5.3462,5.3462,0.5449,0.5449,5.4487,11.1635
2017-01-05,3.1300,3.1400,3.1200,3.1300,0.0100,0.3200,1094379.4100,342385.6560,1.9600,4.2500,0.0372,0.3089,0.6300,5.6296,5.5998,0.8261,1.8961,1.9738,32479411.7000,29405529.3904,3543299.0685,101660558.6210,92039306.9920,5.3291,5.3291,0.5431,0.5431,5.4313,11.1278
2017-01-06,3.1300,3.1300,3.1200,3.1300,0.0000,0.0000,1022967.2100,319656.7330,1.9600,4.2500,0.0348,0.2887,0.6000,5.6296,5.5998,0.8261,1.8961,1.9738,32479411.7000,29405529.3904,3543299.0685,101660558.6210,92039306.9920,5.3291,5.3291,0.5431,0.5431,5.4313,11.1278
2017-01-09,3.1300,3.1300,3.1200,3.1300,0.0000,0.0000,1195327.7700,373443.6680,1.9600,4.2500,0.0406,0.3373,0.7600,5.6296,5.5998,0.8261,1.8961,1.9738,32479411.7000,29405529.3904,3543299.0685,101660558.6210,92039306.9920,5.3291,5.3291,0.5431,0.5431,5.4313,11.1278
2017-01-10,3.1200,3.1300,3.1200,3.1300,0.0000,0.0000,1116094.1600,348515.0730,1.9600,4.2500,0.0380,0.3150,0.8000,5.6296,5.5998,0.8261,1.8961,1.9738,32479411.7000,29405529.3904,3543299.0685,101660558.6210,92039306.9920,5.3291,5.3291,0.5449,0.5449,5.4487,11.1635
2017-01-11,3.1200,3.1300,3.1100,3.1200,-0.0100,-0.3200,1337041.0800,417271.6120,1.9600,4.2300,0.0455,0.3773,1.0900,5.6116,5.5819,0.8235,1.8900,1.9675,32479411.7000,29405529.3904,3543299.0685,101335764.5040,91745251.6980,5.3462,5.3462,0.5449,0.5449,5.4487,11.1635
2017-01-12,3.1200,3.1200,3.1100,3.1200,0.0000,0.0000,700754.7400,218353.3750,1.9600,4.2300,0.0238,0.1978,0.6100,5.6116,5.5819,0.8235,1.8900,1.9675,32479411.7000,29405529.3904,3543299.0685,101335764.5040,91745251.6980,5.3462,5.3462,0.5449,0.5449,5.4487,11.1635
2017-01-13,3.1100,3.1300,3.1100,3.1200,0.0000,0.0000,1915918.5200,598121.4550,1.9600,4.2300,0.0652,0.5407,1.7800,5.6116,5.5819,0.8235,1.8900,1.9675,32479411.7000,29405529.3904,3543299.0685,101335764.5040,91745251.6980,5.3462,5.3462,0.5466,0.5466,5.4662,11.1994
2017-01-16,3.1200,3.1900,3.1100,3.1600,0.0400,1.2800,5915837.5500,1860811.3670,1.9800,4.2900,0.2012,1.6696,4.7200,5.6836,5.6535,0.8341,1.9142,1.9927,32479411.7000,29405529.3904,3543299.0685,102634940.9720,92921472.8737,5.2785,5.2785,0.5449,0.5449,5.4487,11.1635
2017-01-17,3.1500,3.1500,3.1400,3.1500,-0.0100,-0.3200,1095138.1500,344443.2140,1.9800,4.2700,0.0372,0.3091,0.5000,5.6656,5.6356,0.8314,1.9082,1.9864,32479411.7000,29405529.3904,3543299.0685,102310146.8550,92627417.5798,5.2952,5.2952,0.5397,0.5397,5.3968,11.0571
2017-01-18,3.1500,3.1600,3.1400,3.1500,0.0000,0.0000,1298143.5500,408892.1000,1.9800,4.2700,0.0441,0.3664,0.5900,5.6656,5.6356,0.8314,1.9082,1.9864,32479411.7000,29405529.3904,3543299.0685,102310146.8550,92627417.5798,5.2952,5.2952,0.5397,0.5397,5.3968,11.0571
2017-01-19,3.1500,3.1700,3.1500,3.1600,0.0100,0.3200,1671129.0300,527737.3340,1.9800,4.2900,0.0568,0.4716,0.7600,5.6836,5.6535,0.8341,1.9142,1.9927,32479411.7000,29405529.3904,3543299.0685,102634940.9720,92921472.8737,5.2785,5.2785,0.5397,0.5397,5.3968,11.0571
2017-01-20,3.1500,3.1700,3.1500,3.1600,0.0000,0.0000,1042379.5000,329419.5950,1.9800,4.2900,0.0354,0.2942,0.4400,5.6836,5.6535,0.8341,1.9142,1.9927,32479411.7000,29405529.3904,3543299.0685,102634940.9720,92921472.8737,5.2785,5.2785,0.5397,0.5397,5.3968,11.0571
2017-01-23,3.1600,3.1700,3.1600,3.1700,0.0100,0.3200,1193719.1100,377792.8110,1.9900,4.3000,0.0406,0.3369,0.5400,5.7016,5.6714,0.8367,1.9203,1.9990,32479411.7000,29405529.3904,3543299.0685,102959735.0890,93215528.1676,5.2618,5.2618,0.5380,0.5380,5.3797,11.0222
2017-01-24,3.1600,3.1900,3.1600,3.1800,0.0100,0.3200,1445298.8500,458756.9840,2.0000,4.3200,0.0492,0.4079,1.1500,5.7195,5.6893,0.8393,1.9263,2.0053,32479411.7000,29405529.3904,3543299.0685,103284529.2060,93509583.4615,5.2453,5.2453,0.5380,0.5380,5.3797,11.0222
2017-01-25,3.1800,3.1900,3.1800,3.1900,0.0100,0.3100,847750.3000,270061.2880,2.0000,4.3300,0.0288,0.2393,0.6400,5.7375,5.7072,0.8420,1.9324,2.0117,32479411.7000,29405529.3904,3543299.0685,103609323.3230,93803638.7554,5.2288,5.2288,0.5346,0.5346,5.3459,10.9528
2017-01-26,3.1900,3.2100,3.1900,3.2100,0.0200,0.6300,989478.4600,316891.1740,2.0100,4.3600,0.0336,0.2793,0.8000,5.7735,5.7430,0.8473,1.9445,2.0243,32479411.7000,29405529.3904,3543299.0685,104258911.5570,94391749.3432,5.1963,5.1963,0.5329,0.5329,5.3292,10.9185
2017-02-03,3.2100,3.2100,3.1800,3.1800,-0.0300,-0.9300,886525.9700,282798.9260,2.0000,4.3200,0.0301,0.2502,0.8000,5.7195,5.6893,0.8393,1.9263,2.0053,32479411.7000,29405529.3904,3543299.0685,103284529.2060,93509583.4615,5.2453,5.2453,0.5296,0.5296,5.2960,10.8505
2017-02-06,3.1900,3.1900,3.1700,3.1800,0.0000,0.0000,1063060.8700,338270.7540,2.0000,4.3200,0.0362,0.3000,0.9900,5.7195,5.6893,0.8393,1.9263,2.0053,32479411.7000,29405529.3904,3543299.0685,103284529.2060,93509583.4615,5.2453,5.2453,0.5329,0.5329,5.3292,10.9185
2017-02-07,3.1800,3.1900,3.1700,3.1700,-0.0100,-0.3100,919809.3600,292144.0560,1.9900,4.3000,0.0313,0.2596,0.8800,5.7016,5.6714,0.8367,1.9203,1.9990,32479411.7000,29405529.3904,3543299.0685,102959735.0890,93215528.1676,5.2618,5.2618,0.5346,0.5346,5.3459,10.9528
2017-02-08,3.1700,3.1800,3.1600,3.1800,0.0100,0.3200,1165061.0300,369554.1170,2.0000,4.3200,0.0396,0.3288,1.2400,5.7195,5.6893,0.8393,1.9263,2.0053,32479411.7000,29405529.3904,3543299.0685,103284529.2060,93509583.4615,5.2453,5.2453,0.5363,0.5363,5.3628,10.9874
2017-02-09,3.1700,3.1900,3.1700,3.1800,0.0000,0.0000,1131999.8300,360295.3350,2.0000,4.3200,0.0385,0.3195,1.1300,5.7195,5.6893,0.8393,1.9263,2.0053,32479411.7000,29405529.3904,3543299.0685,103284529.2060,93509583.4615,5.2453,5.2453,0.5363,0.5363,5.3628,10.9874
2017-02-10,3.1900,3.2000,3.1800,3.2000,0.0200,0.6300,1492707.6800,476614.9430,2.0100,4.3400,0.0508,0.4213,1.4400,5.7555,5.7251,0.8446,1.9385,2.0180,32479411.7000,29405529.3904,3543299.0685,103934117.4400,94097694.0493,5.2125,5.2125,0.5329,0.5329,5.3292,10.9185
2017-02-13,3.2000,3.2300,3.1900,3.2200,0.0200,0.6300,1761288.4100,566727.8770,2.0200,4.3700,0.0599,0.4971,1.5300,5.7915,5.7609,0.8499,1.9506,2.0306,32479411.7000,29405529.3904,3543299.0685,104583705.6740,94685804.6371,5.1801,5.1801,0.5312,0.5312,5.3125,10.8844
2017-02-14,3.2200,3.2300,3.2100,3.2200,0.0000,0.0000,866731.2400,278732.9050,2.0200,4.3700,0.0295,0.2446,0.6700,5.7915,5.7609,0.8499,1.9506,2.0306,32479411.7000,29405529.3904,3543299.0685,104583705.6740,94685804.6371,5.1801,5.1801,0.5280,0.5280,5.2795,10.8168
2017-02-15,3.2200,3.3000,3.2100,3.2900,0.0700,2.1700,4971439.1200,1622176.4720,2.0600,4.4600,0.1691,1.4031,3.8700,5.9174,5.8861,0.8684,1.9930,2.0747,32479411.7000,29405529.3904,3543299.0685,106857264.4930,96744191.6944,5.0699,5.0699,0.5280,0.5280,5.2795,10.8168
2017-02-16,3.2900,3.3000,3.2700,3.2900,0.0000,0.0000,2438042.3500,800442.5050,2.0600,4.4600,0.0829,0.6881,1.1900,5.9174,5.8861,0.8684,1.9930,2.0747,32479411.7000,29405529.3904,3543299.0685,106857264.4930,96744191.6944,5.0699,5.0699,0.5167,0.5167,5.1672,10.5866
2017-02-17,3.2900,3.2900,3.2500,3.2600,-0.0300,-0.9100,2148699.4100,702251.9800,2.0500,4.4200,0.0731,0.6064,0.9300,5.8634,5.8324,0.8605,1.9748,2.0558,32479411.7000,29405529.3904,3543299.0685,105882882.1420,95862025.8127,5.1166,5.1166,0.5167,0.5167,5.1672,10.5866
2017-02-20,3.2500,3.3100,3.2400,3.2600,0.0000,0.0000,9122102.5500,2979528.0990,2.0500,4.4200,0.3102,2.5745,3.7400,5.8634,5.8324,0.8605,1.9748,2.0558,32479411.7000,29405529.3904,3543299.0685,105882882.1420,95862025.8127,5.1166,5.1166,0.5231,0.5231,5.2308,10.7169
2017-02-21,3.2700,3.2900,3.2600,3.2700,0.0100,0.3100,3500567.8400,1145646.6420,2.0500,4.4400,0.1190,0.9879,0.9000,5.8814,5.8503,0.8631,1.9809,2.0621,32479411.7000,29405529.3904,3543299.0685,106207676.2590,96156081.1066,5.1009,5.1009,0.5199,0.5199,5.1988,10.6514
2017-02-22,3.2600,3.2700,3.2500,3.2700,0.0000,0.0000,2213983.0800,722512.6160,2.0500,4.4400,0.0753,0.6248,0.5000,5.8814,5.8503,0.8631,1.9809,2.0621,32479411.7000,29405529.3904,3543299.0685,106207676.2590,96156081.1066,5.1009,5.1009,0.5215,0.5215,5.2147,10.6840
2017-02-23,3.2700,3.2900,3.2600,3.2800,0.0100,0.3100,2024387.4800,663106.8300,2.0600,4.4500,0.0688,0.5713,0.5200,5.8994,5.8682,0.8657,1.9869,2.0684,32479411.7000,29405529.3904,3543299.0685,106532470.3760,96450136.4005,5.0854,5.0854,0.5199,0.5199,5.1988,10.6514
2017-02-24,3.2700,3.2800,3.2600,3.2700,-0.0100,-0.3000,1251033.0500,408741.0610,2.0500,4.4400,0.0425,0.3531,0.3300,5.8814,5.8503,0.8631,1.9809,2.0621,32479411.7000,29405529.3904,3543299.0685,106207676.2590,96156081.1066,5.1009,5.1009,0.5199,0.5199,5.1988,10.6514
2017-02-27,3.2600,3.2700,3.2400,3.2500,-0.0200,-0.6100,1582221.4300,514586.4370,2.0400,4.4100,0.0538,0.4465,0.4400,5.8454,5.8145,0.8578,1.9688,2.0495,32479411.7000,29405529.3904,3543299.0685,105558088.0250,95567970.5188,5.1323,5.1323,0.5215,0.5215,5.2147,10.6840
2017-02-28,3.2400,3.2600,3.2400,3.2500,0.0000,0.0000,1447999.0600,471085.7360,2.0400,4.4100,0.0492,0.4087,0.6800,5.8454,5.8145,0.8578,1.9688,2.0495,32479411.7000,29405529.3904,3543299.0685,105558088.0250,95567970.5188,5.1323,5.1323,0.5247,0.5247,5.2469,10.7500
2017-03-01,3.2500,3.2700,3.2500,3.2600,0.0100,0.3100,1749622.7000,570124.9070,2.0500,4.4200,0.0595,0.4938,1.0300,5.8634,5.8324,0.8605,1.9748,2.0558,32479411.7000,29405529.3904,3543299.0685,105882882.1420,95862025.8127,5.1166,5.1166,0.5231,0.5231,5.2308,10.7169
2017-03-02,3.2600,3.2700,3.2500,3.2600,0.0000,0.0000,1133703.6500,369043.8910,2.0500,4.4200,0.0386,0.3200,0.7000,5.8634,5.8324,0.8605,1.9748,2.0558,32479411.7000,29405529.3904,3543299.0685,105882882.1420,95862025.8127,5.1166,5.1166,0.5215,0.5215,5.2147,10.6840
2017-03-03,3.2400,3.2500,3.2300,3.2400,-0.0200,-0.6100,1169404.3800,378675.8920,2.0300,4.4000,0.0398,0.3300,0.8200,5.8275,5.7966,0.8552,1.9627,2.0432,32479411.7000,29405529.3904,3543299.0685,105233293.9080,95273915.2249,5.1481,5.1481,0.5247,0.5247,5.2469,10.7500
2017-03-06,3.2400,3.2500,3.2300,3.2400,0.0000,0.0000,1350166.4700,437901.8160,2.0300,4.4000,0.0459,0.3810,0.9500,5.8275,5.7966,0.8552,1.9627,2.0432,32479411.7000,29405529.3904,3543299.0685,105233293.9080,95273915.2249,5.1481,5.1481,0.5247,0.5247,5.2469,10.7500
2017-03-07,3.2400,3.2500,3.2300,3.2400,0.0000,0.0000,1130735.4200,365734.0560,2.0300,4.4000,0.0385,0.3191,0.8300,5.8275,5.7966,0.8552,1.9627,2.0432,32479411.7000,29405529.3904,3543299.0685,105233293.9080,95273915.2249,5.1481,5.1481,0.5247,0.5247,5.2469,10.7500
2017-03-08,3.2300,3.2500,3.2300,3.2500,0.0100,0.3100,1169284.3300,379157.9410,2.0400,4.4100,0.0398,0.3300,0.8900,5.8454,5.8145,0.8578,1.9688,2.0495,32479411.7000,29405529.3904,3543299.0685,105558088.0250,95567970.5188,5.1323,5.1323,0.5263,0.5263,5.2632,10.7833
2017-03-09,3.2400,3.2500,3.2300,3.2300,-0.0200,-0.6200,1711834.6700,554045.2590,2.0300,4.3800,0.0582,0.4831,1.4400,5.8095,5.7787,0.8525,1.9566,2.0369,32479411.7000,29405529.3904,3543299.0685,104908499.7910,94979859.9310,5.1641,5.1641,0.5247,0.5247,5.2469,10.7500
2017-03-10,3.2300,3.2400,3.2200,3.2400,0.0100,0.3100,1302138.7900,420649.1830,2.0300,4.4000,0.0443,0.3675,1.0000,5.8275,5.7966,0.8552,1.9627,2.0432,32479411.7000,29405529.3904,3543299.0685,105233293.9080,95273915.2249,5.1481,5.1481,0.5263,0.5263,5.2632,10.7833
2017-03-13,3.2300,3.2600,3.2200,3.2600,0.0200,0.6200,1502928.2600,486671.3550,2.0500,4.4200,0.0511,0.4242,1.1300,5.8634,5.8324,0.8605,1.9748,2.0558,32479411.7000,29405529.3904,3543299.0685,105882882.1420,95862025.8127,5.1166,5.1166,0.5263,0.5263,5.2632,10.7833
2017-03-14,3.2500,3.2700,3.2500,3.2600,0.0000,0.0000,1219869.3600,397921.0170,2.0500,4.4200,0.0415,0.3443,0.8900,5.8634,5.8324,0.8605,1.9748,2.0558,32479411.7000,29405529.3904,3543299.0685,105882882.1420,95862025.8127,5.1166,5.1166,0.5231,0.5231,5.2308,10.7169
2017-03-15,3.2600,3.2600,3.2400,3.2600,0.0000,0.0000,1187791.6800,386271.7630,2.0500,4.4200,0.0404,0.3352,0.8600,5.8634,5.8324,0.8605,1.9748,2.0558,32479411.7000,29405529.3904,3543299.0685,105882882.1420,95862025.8127,5.1166,5.1166,0.5215,0.5215,5.2147,10.6840
2017-03-16,3.2600,3.2900,3.2500,3.2800,0.0200,0.6100,2571937.0800,840401.0120,2.0600,4.4500,0.0875,0.7259,1.8600,5.8994,5.8682,0.8657,1.9869,2.0684,32479411.7000,29405529.3904,3543299.0685,106532470.3760,96450136.4005,5.0854,5.0854,0.5215,0.5215,5.2147,10.6840
2017-03-17,3.2700,3.2800,3.2400,3.2600,-0.0200,-0.6100,1783060.3100,581361.2400,2.0500,4.4200,0.0606,0.5032,1.1500,5.8634,5.8324,0.8605,1.9748,2.0558,32479411.7000,29405529.3904,3543299.0685,105882882.1420,95862025.8127,5.1166,5.1166,0.5199,0.5199,5.1988,10.6514
2017-03-20,3.2600,3.2600,3.2400,3.2600,0.0000,0.0000,1505390.7600,489726.7060,2.0500,4.4200,0.0512,0.4249,0.9100,5.8634,5.8324,0.8605,1.9748,2.0558,32479411.7000,29405529.3904,3543299.0685,105882882.1420,95862025.8127,5.1166,5.1166,0.5215,0.5215,5.2147,10.6840
2017-03-21,3.2600,3.2600,3.2500,3.2500,-0.0100,-0.3100,1530490.0600,498060.8510,2.0400,4.4100,0.0520,0.4319,0.9300,5.8454,5.8145,0.8578,1.9688,2.0495,32479411.7000,29405529.3904,3543299.0685,105558088.0250,95567970.5188,5.1323,5.1323,0.5215,0.5215,5.2147,10.6840
2017-03-22,3.2400,3.2500,3.2200,3.2400,-0.0100,-0.3100,1805040.9900,583535.5490,2.0300,4.4000,0.0614,0.5094,1.0500,5.8275,5.7966,0.8552,1.9627,2.0432,32479411.7000,29405529.3904,3543299.0685,105233293.9080,95273915.2249,5.1481,5.1481,0.5247,0.5247,5.2469,10.7500
2017-03-23,3.2300,3.2500,3.2300,3.2400,0.0000,0.0000,1674563.2800,541951.3410,2.0300,4.4000,0.0569,0.4726,0.9100,5.8275,5.7966,0.8552,1.9627,2.0432,32479411.7000,29405529.3904,3543299.0685,105233293.9080,95273915.2249,5.1481,5.1481,0.5263,0.5263,5.2632,10.7833
2017-03-24,3.2400,3.2500,3.2300,3.2500,0.0100,0.3100,1494266.5200,483890.4470,2.0400,4.4100,0.0508,0.4217,0.9000,5.8454,5.8145,0.8578,1.9688,2.0495,32479411.7000,29405529.3904,3543299.0685,105558088.0250,95567970.5188,5.1323,5.1323,0.5247,0.5247,5.2469,10.7500
2017-03-27,3.2400,3.2900,3.2400,3.2800,0.0300,0.9200,3003512.3300,981747.7670,2.0600,4.4500,0.1021,0.8477,1.8700,5.8994,5.8682,0.8657,1.9869,2.0684,32479411.7000,29405529.3904,3543299.0685,106532470.3760,96450136.4005,5.0854,5.0854,0.5247,0.5247,5.2469,10.7500
2017-03-28,3.2800,3.2900,3.2700,3.2800,0.0000,0.0000,1131155.5300,370795.5930,2.0600,4.4500,0.0385,0.3192,0.5900,5.8994,5.8682,0.8657,1.9869,2.0684,32479411.7000,29405529.3904,3543299.0685,106532470.3760,96450136.4005,5.0854,5.0854,0.5183,0.5183,5.1829,10.6189
2017-03-29,3.2800,3.3000,3.2700,3.2900,0.0100,0.3000,2848784.2300,937769.8170,2.0600,4.4600,0.0969,0.8040,1.5600,5.8093,5.8093,0.8629,2.1117,2.1117,32479411.7000,29405529.3904,3543299.0685,106857264.4930,96744191.6944,5.0699,5.0699,0.5183,0.5183,5.1829,10.6189
2017-03-30,3.2900,3.3000,3.2600,3.2900,0.0000,0.0000,2698495.4900,884358.8870,2.0600,4.4600,0.0918,0.7616,1.3300,5.8093,5.8093,0.8629,2.1117,2.1117,32479411.7000,29405529.3904,3543299.0685,106857264.4930,96744191.6944,5.0699,5.0699,0.5167,0.5167,5.1672,10.5866
2017-03-31,3.2800,3.3600,3.2700,3.3400,0.0500,1.5200,4181305.1800,1387281.4820,2.1000,4.5300,0.1422,1.1801,1.8700,5.8976,5.8976,0.8761,2.1438,2.1438,32479411.7000,29405529.3904,3543299.0685,108481235.0780,98214468.1639,4.9940,4.9940,0.5183,0.5183,5.1829,10.6189
2017-04-05,3.3300,3.3600,3.3200,3.3500,0.0100,0.3000,2521206.5300,840554.3410,2.1000,4.5500,0.0857,0.7115,0.9100,5.9153,5.9153,0.8787,2.1502,2.1502,32479411.7000,29405529.3904,3543299.0685,108806029.1950,98508523.4578,4.9791,4.9791,0.5105,0.5105,5.1051,10.4595
2017-04-06,3.3500,3.3500,3.3200,3.3400,-0.0100,-0.3000,1876541.6500,625583.7540,2.1000,4.5300,0.0638,0.5296,0.7000,5.8976,5.8976,0.8761,2.1438,2.1438,32479411.7000,29405529.3904,3543299.0685,108481235.0780,98214468.1639,4.9940,4.9940,0.5075,0.5075,5.0746,10.3970
2017-04-07,3.3400,3.3700,3.3200,3.3600,0.0200,0.6000,2675818.7100,894763.4080,2.1100,4.5600,0.0910,0.7552,0.9500,5.9329,5.9329,0.8813,2.1567,2.1567,32479411.7000,29405529.3904,3543299.0685,109130823.3120,98802578.7517,4.9643,4.9643,0.5090,0.5090,5.0898,10.4281
2017-04-10,3.3600,3.3600,3.3400,3.3400,-0.0200,-0.6000,1774057.3500,593621.5130,2.1000,4.5300,0.0603,0.5007,0.6400,5.8976,5.8976,0.8761,2.1438,2.1438,32479411.7000,29405529.3904,3543299.0685,108481235.0780,98214468.1639,4.9940,4.9940,0.5060,0.5060,5.0595,10.3661
2017-04-11,3.3300,3.3400,3.3100,3.3400,0.0000,0.0000,1455698.7400,484191.4070,2.1000,4.5300,0.0495,0.4108,0.5600,5.8976,5.8976,0.8761,2.1438,2.1438,32479411.7000,29405529.3904,3543299.0685,108481235.0780,98214468.1639,4.9940,4.9940,0.5105,0.5105,5.1051,10.4595
2017-04-12,3.3300,3.3300,3.3000,3.3200,-0.0200,-0.6000,2214044.0700,734138.6060,2.0800,4.5100,0.0753,0.6249,1.0700,5.8623,5.8623,0.8708,2.1310,2.1310,32479411.7000,29405529.3904,3543299.0685,107831646.8440,97626357.5761,5.0241,5.0241,0.5105,0.5105,5.1051,10.4595
2017-04-13,3.3200,3.3300,3.3100,3.3200,0.0000,0.0000,1572607.9100,521740.4200,2.0800,4.5100,0.0535,0.4438,0.7900,5.8623,5.8623,0.8708,2.1310,2.1310,32479411.7000,29405529.3904,3543299.0685,107831646.8440,97626357.5761,5.0241,5.0241,0.5120,0.5120,5.1205,10.4910
2017-04-14,3.3200,3.3200,3.2800,3.3100,-0.0100,-0.3000,1887071.0400,622558.9340,2.0800,4.4900,0.0642,0.5326,0.9700,5.8446,5.8446,0.8682,2.1246,2.1246,32479411.7000,29405529.3904,3543299.0685,107506852.7270,97332302.2822,5.0393,5.0393,0.5120,0.5120,5.1205,10.4910
2017-04-17,3.2900,3.3100,3.2700,3.3000,-0.0100,-0.3000,2266744.0700,745123.5840,2.0700,4.4800,0.0771,0.6397,1.2700,5.8270,5.8270,0.8656,2.1182,2.1182,32479411.7000,29405529.3904,3543299.0685,107182058.6100,97038246.9883,5.0545,5.0545,0.5167,0.5167,5.1672,10.5866
2017-04-18,3.2900,3.3000,3.2700,3.2700,-0.0300,-0.9100,1289584.0600,423039.0990,2.0500,4.4400,0.0439,0.3640,0.6900,5.7740,5.7740,0.8577,2.0989,2.0989,32479411.7000,29405529.3904,3543299.0685,106207676.2590,96156081.1066,5.1009,5.1009,0.5167,0.5167,5.1672,10.5866
2017-04-19,3.2600,3.2700,3.2300,3.2500,-0.0200,-0.6100,2742287.1800,890876.4060,2.0400,4.4100,0.0933,0.7739,1.4900,5.7387,5.7387,0.8524,2.0861,2.0861,32479411.7000,29405529.3904,3543299.0685,105558088.0250,95567970.5188,5.1323,5.1323,0.5215,0.5215,5.2147,10.6840
2017-04-20,3.2500,3.2700,3.2400,3.2600,0.0100,0.3100,1448019.1400,471469.3590,2.0500,4.4200,0.0492,0.4087,0.7400,5.7564,5.7564,0.8551,2.0925,2.0925,32479411.7000,29405529.3904,3543299.0685,105882882.1420,95862025.8127,5.1166,5.1166,0.5231,0.5231,5.2308,10.7169
2017-04-21,3.2600,3.3000,3.2500,3.2900,0.0300,0.9200,3277923.6400,1076741.6620,2.0600,4.4600,0.1115,0.9251,1.7000,5.8093,5.8093,0.8629,2.1117,2.1117,32479411.7000,29405529.3904,3543299.0685,106857264.4930,96744191.6944,5.0699,5.0699,0.5215,0.5215,5.2147,10.6840
2017-04-24,3.2800,3.3200,3.2800,3.3200,0.0300,0.9100,2575190.0200,851249.3670,2.0800,4.5100,0.0876,0.7268,1.1700,5.8623,5.8623,0.8708,2.1310,2.1310,32479411.7000,29405529.3904,3543299.0685,107831646.8440,97626357.5761,5.0241,5.0241,0.5183,0.5183,5.1829,10.6189
2017-04-25,3.3100,3.3300,3.3000,3.3300,0.0100,0.3000,1501615.5900,497906.0490,2.0900,4.5200,0.0511,0.4238,0.6600,5.8800,5.8800,0.8734,2.1374,2.1374,32479411.7000,29405529.3904,3543299.0685,108156440.9610,97920412.8700,5.0090,5.0090,0.5136,0.5136,5.1360,10.5227
2017-04-26,3.3200,3.3600,3.3100,3.3500,0.0200,0.6000,2797945.6700,934723.0780,2.1000,4.5500,0.0952,0.7896,1.2100,5.9153,5.9153,0.8787,2.1502,2.1502,32479411.7000,29405529.3904,3543299.0685,108806029.1950,98508523.4578,4.9791,4.9791,0.5120,0.5120,5.1205,10.4910
2017-04-27,3.3400,3.3900,3.3400,3.3800,0.0300,0.9000,3056399.4700,1027246.2540,2.1200,4.5900,0.1039,0.8626,1.3200,5.9682,5.9682,0.8865,2.1695,2.1695,32479411.7000,29405529.3904,3543299.0685,109780411.5460,99390689.3396,4.9349,4.9349,0.5090,0.5090,5.0898,10.4281
2017-04-28,3.3700,3.3800,3.3500,3.3800,0.0000,0.0000,1639821.8200,551495.8910,2.1200,4.5900,0.0558,0.4628,0.6200,5.9682,5.9682,0.8865,2.1695,2.1695,32479411.7000,29405529.3904,3543299.0685,109780411.5460,99390689.3396,4.9349,4.9349,0.5045,0.5045,5.0445,10.3353
2017-05-02,3.3700,3.3700,3.3300,3.3300,-0.0500,-1.4800,1468888.7700,491426.2570,2.0900,4.5200,0.0500,0.4146,0.6300,5.8800,5.8475,0.8431,2.1374,2.0946,32479411.7000,29405529.3904,3543299.0685,108156440.9610,97920412.8700,5.0090,5.0090,0.5045,0.5045,5.0445,10.3353
2017-05-03,3.3300,3.3300,3.3000,3.3100,-0.0200,-0.6000,1028426.7600,341014.3370,2.0800,4.4900,0.0350,0.2902,0.4900,5.8446,5.8123,0.8380,2.1246,2.0820,32479411.7000,29405529.3904,3543299.0685,107506852.7270,97332302.2822,5.0393,5.0393,0.5105,0.5105,5.1051,10.4595
2017-05-04,3.3100,3.3200,3.3000,3.3200,0.0100,0.3000,856428.4300,283634.1150,2.0800,4.5100,0.0291,0.2417,0.4300,5.8623,5.8299,0.8406,2.1310,2.0883,32479411.7000,29405529.3904,3543299.0685,107831646.8440,97626357.5761,5.0241,5.0241,0.5136,0.5136,5.1360,10.5227
2017-05-05,3.3100,3.3300,3.2900,3.3300,0.0100,0.3000,1687091.8300,558892.1510,2.0900,4.5200,0.0574,0.4761,1.0500,5.8800,5.8475,0.8431,2.1374,2.0946,32479411.7000,29405529.3904,3543299.0685,108156440.9610,97920412.8700,5.0090,5.0090,0.5136,0.5136,5.1360,10.5227
2017-05-08,3.3200,3.3700,3.3100,3.3700,0.0400,1.2000,2671585.5300,895536.0910,2.1100,4.5700,0.0909,0.7540,2.0000,5.9506,5.9177,0.8532,2.1631,2.1198,32479411.7000,29405529.3904,3543299.0685,109455617.4290,99096634.0456,4.9496,4.9496,0.5120,0.5120,5.1205,10.4910
2017-05-09,3.3600,3.3700,3.3500,3.3600,-0.0100,-0.3000,1110722.9900,372929.9670,2.1100,4.5600,0.0378,0.3135,0.7200,5.9329,5.9001,0.8507,2.1567,2.1135,32479411.7000,29405529.3904,3543299.0685,109130823.3120,98802578.7517,4.9643,4.9643,0.5060,0.5060,5.0595,10.3661
2017-05-10,3.3500,3.3900,3.3500,3.3800,0.0200,0.6000,1740728.0600,586779.5120,2.1200,4.5900,0.0592,0.4913,1.1800,5.9682,5.9353,0.8558,2.1695,2.1261,32479411.7000,29405529.3904,3543299.0685,109780411.5460,99390689.3396,4.9349,4.9349,0.5075,0.5075,5.0746,10.3970
2017-05-11,3.3700,3.4300,3.3700,3.4100,0.0300,0.8900,2135152.4500,727267.0210,2.1400,4.6300,0.0726,0.6026,1.3200,6.0212,5.9879,0.8634,2.1888,2.1449,32479411.7000,29405529.3904,3543299.0685,110754793.8970,100272855.2213,4.8915,4.8915,0.5045,0.5045,5.0445,10.3353
2017-05-12,3.4000,3.4700,3.3900,3.4600,0.0500,1.4700,2864838.0400,983341.3110,2.1700,4.7000,0.0974,0.8085,1.5300,6.1095,6.0757,0.8760,2.2209,2.1764,32479411.7000,29405529.3904,3543299.0685,112378764.4820,101743131.6908,4.8208,4.8208,0.5000,0.5000,5.0000,10.2441
2017-05-15,3.4600,3.4900,3.4300,3.4400,-0.0200,-0.5800,1506005.0200,520017.5480,2.1600,4.6700,0.0512,0.4250,0.7200,6.0742,6.0406,0.8709,2.2080,2.1638,32479411.7000,29405529.3904,3543299.0685,111729176.2480,101155021.1030,4.8488,4.8488,0.4913,0.4913,4.9133,10.0665
2017-05-16,3.4400,3.4400,3.3900,3.4100,-0.0300,-0.8700,1999430.0400,681753.3730,2.1400,4.6300,0.0680,0.5643,1.0700,6.0212,5.9879,0.8634,2.1888,2.1449,32479411.7000,29405529.3904,3543299.0685,110754793.8970,100272855.2213,4.8915,4.8915,0.4942,0.4942,4.9419,10.1250
2017-05-17,3.4000,3.4100,3.3900,3.4100,0.0000,0.0000,1877483.7300,638709.0590,2.1400,4.6300,0.0638,0.5299,0.9200,6.0212,5.9879,0.8634,2.1888,2.1449,32479411.7000,29405529.3904,3543299.0685,110754793.8970,100272855.2213,4.8915,4.8915,0.5000,0.5000,5.0000,10.2441
2017-05-18,3.3900,3.4300,3.3900,3.4200,0.0100,0.2900,1367624.0900,466499.7110,2.1500,4.6400,0.0465,0.3860,0.6600,6.0389,6.0055,0.8659,2.1952,2.1512,32479411.7000,29405529.3904,3543299.0685,111079588.0140,100566910.5152,4.8772,4.8772,0.5015,0.5015,5.0147,10.2743
2017-05-19,3.4200,3.4400,3.4100,3.4300,0.0100,0.2900,1017881.6000,349190.1270,2.1500,4.6500,0.0346,0.2873,0.5300,6.0565,6.0231,0.8684,2.2016,2.1575,32479411.7000,29405529.3904,3543299.0685,111404382.1310,100860965.8091,4.8630,4.8630,0.4971,0.4971,4.9708,10.1842
2017-05-22,3.4300,3.4600,3.4200,3.4500,0.0200,0.5800,1280555.5600,441265.6720,2.1700,4.6800,0.0435,0.3614,0.8200,6.0918,6.0582,0.8735,2.2144,2.1701,32479411.7000,29405529.3904,3543299.0685,112053970.3650,101449076.3969,4.8348,4.8348,0.4956,0.4956,4.9563,10.1545
2017-05-23,3.4500,3.5100,3.4500,3.5000,0.0500,1.4500,2391768.4300,832326.3210,2.2000,4.7500,0.0813,0.6750,1.5900,6.1801,6.1460,0.8861,2.2465,2.2015,32479411.7000,29405529.3904,3543299.0685,113677940.9500,102919352.8664,4.7657,4.7657,0.4928,0.4928,4.9275,10.0957
2017-05-24,3.4900,3.5100,3.4700,3.5000,0.0000,0.0000,1611395.9900,562239.4230,2.2000,4.7500,0.0548,0.4548,1.0200,6.1801,6.1460,0.8861,2.2465,2.2015,32479411.7000,29405529.3904,3543299.0685,113677940.9500,102919352.8664,4.7657,4.7657,0.4871,0.4871,4.8711,9.9799
2017-05-25,3.4900,3.5900,3.4600,3.4800,-0.0200,-0.5700,5486726.7800,1931159.5840,2.1800,4.7200,0.1866,1.5485,3.5800,6.1448,6.1109,0.8811,2.2337,2.1890,32479411.7000,29405529.3904,3543299.0685,113028352.7160,102331242.2786,4.7931,4.7931,0.4871,0.4871,4.8711,9.9799
2017-05-26,3.4900,3.5200,3.4800,3.5100,0.0300,0.8600,2225964.2600,778812.0320,2.2000,4.7600,0.0757,0.6282,0.9400,6.1978,6.1635,0.8887,2.2529,2.2078,32479411.7000,29405529.3904,3543299.0685,114002735.0670,103213408.1603,4.7521,4.7521,0.4871,0.4871,4.8711,9.9799
2017-05-31,3.5000,3.5700,3.5000,3.5400,0.0300,0.8500,2494346.2300,885255.7550,2.2200,4.8000,0.0848,0.7040,0.9600,6.2508,6.2162,0.8963,2.2722,2.2267,32479411.7000,29405529.3904,3543299.0685,114977117.4180,104095574.0420,4.7119,4.7119,0.4857,0.4857,4.8571,9.9514
2017-06-01,3.5500,3.5800,3.5400,3.5800,0.0400,1.1300,1938491.1100,690342.7070,2.2500,4.8600,0.0659,0.5471,0.6800,6.3214,6.2865,0.9064,2.2979,2.2519,32479411.7000,29405529.3904,3543299.0685,116276293.8860,105271795.2176,4.6592,4.6592,0.4789,0.4789,4.7887,9.8113
2017-06-02,3.5800,3.6100,3.5500,3.5700,-0.0100,-0.2800,1633382.7700,585238.0560,2.2400,4.8400,0.0555,0.4610,0.5900,6.3037,6.2689,0.9039,2.2915,2.2456,32479411.7000,29405529.3904,3543299.0685,115951499.7690,104977739.9237,4.6723,4.6723,0.4749,0.4749,4.7486,9.7291
2017-06-05,3.5600,3.5700,3.4300,3.4600,-0.1100,-3.0800,3698737.9500,1288701.9980,2.1700,4.7000,0.1258,1.0439,1.3400,6.1095,6.0757,0.8760,2.2209,2.1764,32479411.7000,29405529.3904,3543299.0685,112378764.4820,101743131.6908,4.8208,4.8208,0.4775,0.4775,4.7753,9.7837
2017-06-06,3.4500,3.4800,3.4400,3.4700,0.0100,0.2900,1470430.4600,509141.7820,2.1800,4.7100,0.0500,0.4150,0.6100,6.1272,6.0933,0.8785,2.2273,2.1827,32479411.7000,29405529.3904,3543299.0685,112703558.5990,102037186.9847,4.8069,4.8069,0.4928,0.4928,4.9275,10.0957
2017-06-07,3.4700,3.5200,3.4600,3.5100,0.0400,1.1500,2248119.5900,785677.9900,2.2000,4.7600,0.0765,0.6345,1.0000,6.1978,6.1635,0.8887,2.2529,2.2078,32479411.7000,29405529.3904,3543299.0685,114002735.0670,103213408.1603,4.7521,4.7521,0.4899,0.4899,4.8991,10.0375
2017-06-08,3.5000,3.5200,3.4700,3.5100,0.0000,0.0000,1504939.4700,525481.3360,2.2000,4.7600,0.0512,0.4247,0.6800,6.1978,6.1635,0.8887,2.2529,2.2078,32479411.7000,29405529.3904,3543299.0685,114002735.0670,103213408.1603,4.7521,4.7521,0.4857,0.4857,4.8571,9.9514
2017-06-09,3.5100,3.5400,3.4900,3.5000,-0.0100,-0.2800,2663143.4600,936179.0860,2.2000,4.7500,0.0906,0.7516,1.2600,6.1801,6.1460,0.8861,2.2465,2.2015,32479411.7000,29405529.3904,3543299.0685,113677940.9500,102919352.8664,4.7657,4.7657,0.4843,0.4843,4.8433,9.9231
2017-06-12,3.5000,3.5100,3.4700,3.4800,-0.0200,-0.5700,1907044.1600,665646.9940,2.1800,4.7200,0.0649,0.5382,0.8200,6.1448,6.1109,0.8811,2.2337,2.1890,32479411.7000,29405529.3904,3543299.0685,113028352.7160,102331242.2786,4.7931,4.7931,0.4857,0.4857,4.8571,9.9514
2017-06-13,3.4800,3.5000,3.4600,3.4900,0.0100,0.2900,1357015.8100,472332.4370,2.1900,4.7400,0.0461,0.3830,0.6900,6.1625,6.1284,0.8836,2.2401,2.1952,32479411.7000,29405529.3904,3543299.0685,113353146.8330,102625297.5725,4.7794,4.7794,0.4885,0.4885,4.8851,10.0086
2017-06-14,3.4900,3.5000,3.4600,3.4800,-0.0100,-0.2900,1159989.8200,403374.0660,2.1800,4.7200,0.0394,0.3274,0.6000,6.1448,6.1109,0.8811,2.2337,2.1890,32479411.7000,29405529.3904,3543299.0685,113028352.7160,102331242.2786,4.7931,4.7931,0.4871,0.4871,4.8711,9.9799
2017-06-15,3.4700,3.4800,3.4300,3.4400,-0.0400,-1.1500,1712849.1700,591038.9600,2.1600,4.6700,0.0582,0.4834,1.0000,6.0742,6.0406,0.8709,2.2080,2.1638,32479411.7000,29405529.3904,3543299.0685,111729176.2480,101155021.1030,4.8488,4.8488,0.4899,0.4899,4.8991,10.0375
2017-06-16,3.4400,3.4600,3.4300,3.4500,0.0100,0.2900,1145312.4400,394857.8940,2.1700,4.6800,0.0389,0.3232,0.6500,6.0918,6.0582,0.8735,2.2144,2.1701,32479411.7000,29405529.3904,3543299.0685,112053970.3650,101449076.3969,4.8348,4.8348,0.4942,0.4942,4.9419,10.1250
2017-06-19,3.4500,3.4600,3.4200,3.4300,-0.0200,-0.5800,2171127.7600,747571.7790,2.1500,4.6500,0.0738,0.6127,1.4900,6.0565,6.0231,0.8684,2.2016,2.1575,32479411.7000,29405529.3904,3543299.0685,111404382.1310,100860965.8091,4.8630,4.8630,0.4928,0.4928,4.9275,10.0957
2017-06-20,3.4400,3.4700,3.4300,3.4700,0.0400,1.1700,1527058.5800,527539.3140,2.1800,4.7100,0.0519,0.4310,1.0100,6.1272,6.0933,0.8785,2.2273,2.1827,32479411.7000,29405529.3904,3543299.0685,112703558.5990,102037186.9847,4.8069,4.8069,0.4942,0.4942,4.9419,10.1250
2017-06-21,3.4700,3.4900,3.4600,3.4700,0.0000,0.0000,1164291.1100,404100.9060,2.1800,4.7100,0.0396,0.3286,0.7500,6.1272,6.0933,0.8785,2.2273,2.1827,32479411.7000,29405529.3904,3543299.0685,112703558.5990,102037186.9847,4.8069,4.8069,0.4899,0.4899,4.8991,10.0375
2017-06-22,3.4700,3.5300,3.4700,3.5000,0.0300,0.8600,3556516.0500,1243702.5190,2.2000,4.7500,0.1209,1.0037,2.3000,6.1801,6.1460,0.8861,2.2465,2.2015,32479411.7000,29405529.3904,3543299.0685,113677940.9500,102919352.8664,4.7657,4.7657,0.4899,0.4899,4.8991,10.0375
2017-06-23,3.4900,3.5200,3.4700,3.5100,0.0100,0.2900,2379700.1000,832859.5160,2.2000,4.7600,0.0809,0.6716,1.2400,6.1978,6.1635,0.8887,2.2529,2.2078,32479411.7000,29405529.3904,3543299.0685,114002735.0670,103213408.1603,4.7521,4.7521,0.4871,0.4871,4.8711,9.9799
2017-06-26,3.5100,3.5600,3.4900,3.5000,-0.0100,-0.2800,3359070.7600,1185554.9990,2.2000,4.7500,0.1142,0.9480,1.5600,6.1801,6.1460,0.8861,2.2465,2.2015,32479411.7000,29405529.3904,3543299.0685,113677940.9500,102919352.8664,4.7657,4.7657,0.4843,0.4843,4.8433,9.9231
2017-06-27,3.5000,3.5100,3.4600,3.4900,-0.0100,-0.2900,2746461.7800,956043.2770,2.1900,4.7400,0.0934,0.7751,1.1500,6.1625,6.1284,0.8836,2.2401,2.1952,32479411.7000,29405529.3904,3543299.0685,113353146.8330,102625297.5725,4.7794,4.7794,0.4857,0.4857,4.8571,9.9514
2017-06-28,3.4800,3.5100,3.4700,3.4700,-0.0200,-0.5700,1915373.0500,668180.1150,2.1800,4.7100,0.0651,0.5406,0.7300,6.1272,6.0933,0.8785,2.2273,2.1827,32479411.7000,29405529.3904,3543299.0685,112703558.5990,102037186.9847,4.8069,4.8069,0.4885,0.4885,4.8851,10.0086
2017-06-29,3.4800,3.5100,3.4700,3.5000,0.0300,0.8600,1219920.9900,425856.2760,2.2000,4.7500,0.0415,0.3443,0.4400,6.1801,6.1460,0.8861,2.2465,2.2015,32479411.7000,29405529.3904,3543299.0685,113677940.9500,102919352.8664,4.7657,4.7657,0.4885,0.4885,4.8851,10.0086
2017-06-30,3.4900,3.5200,3.4900,3.5200,0.0200,0.5700,1458829.7400,511661.6510,2.2100,4.7800,0.0496,0.4117,0.6300,6.2154,6.1811,0.8912,2.2594,2.2141,32479411.7000,29405529.3904,3543299.0685,114327529.1840,103507463.4542,4.7386,4.7386,0.4871,0.4871,4.8711,9.9799
2017-07-03,3.5100,3.5300,3.5000,3.5200,0.0000,0.0000,1531216.5600,538454.5980,2.2100,4.7800,0.0521,0.4321,0.7200,6.2154,6.1811,0.8912,2.2594,2.2141,32479411.7000,29405529.3904,3543299.0685,114327529.1840,103507463.4542,4.7386,4.7386,0.4843,0.4843,4.8433,9.9231
2017-07-04,3.5200,3.5300,3.5000,3.5200,0.0000,0.0000,2092521.4400,735924.7310,2.2100,4.7800,0.0712,0.5906,1.1800,6.2154,6.1811,0.8912,2.2594,2.2141,32479411.7000,29405529.3904,3543299.0685,114327529.1840,103507463.4542,4.7386,4.7386,0.4830,0.4830,4.8295,9.8949
2017-07-05,3.5200,3.5300,3.5000,3.5200,0.0000,0.0000,1623873.2600,570060.2730,2.2100,4.7800,0.0552,0.4583,0.9900,6.2154,6.1811,0.8912,2.2594,2.2141,32479411.7000,29405529.3904,3543299.0685,114327529.1840,103507463.4542,4.7386,4.7386,0.4830,0.4830,4.8295,9.8949
2017-07-06,3.5200,3.5400,3.5100,3.5300,0.0100,0.2800,1758883.2200,619484.7960,2.2200,4.7900,0.0598,0.4964,1.1100,6.2331,6.1987,0.8937,2.2658,2.2204,32479411.7000,29405529.3904,3543299.0685,114652323.3010,103801518.7481,4.7252,4.7252,0.4830,0.4830,4.8295,9.8949
2017-07-07,3.5200,3.5400,3.5200,3.5400,0.0100,0.2800,1197315.3000,422703.2280,2.2200,4.8000,0.0407,0.3379,0.7100,6.2508,6.2162,0.8963,2.2722,2.2267,32479411.7000,29405529.3904,3543299.0685,114977117.4180,104095574.0420,4.7119,,0.4830,0.4830,4.8295,9.8949
2017-07-10,3.5400,3.5400,3.5200,3.5300,-0.0100,-0.2800,1346110.6600,475218.1530,2.2200,4.7900,0.0458,0.3799,0.8200,6.2331,6.1987,0.8937,2.2658,2.2204,32479411.7000,29405529.3904,3543299.0685,114652323.3010,103801518.7481,4.7252,,0.4802,0.4802,4.8023,9.8390
2017-07-11,3.5300,3.5800,3.5200,3.5800,0.0500,1.4200,2788896.8800,989757.5560,2.2500,4.8600,0.0948,0.7871,1.7400,6.3214,6.2865,0.9064,2.2979,2.2519,32479411.7000,29405529.3904,3543299.0685,116276293.8860,105271795.2176,4.6592,,0.4816,0.4816,4.8159,9.8669
2017-07-12,3.5700,3.6200,3.5600,3.5900,0.0100,0.2800,3596889.3300,1295239.9080,2.2500,4.8700,0.1223,1.0151,2.0600,6.3390,6.3040,0.9089,2.3043,2.2581,32479411.7000,29405529.3904,3543299.0685,116601088.0030,105565850.5115,4.6462,,0.4762,0.4762,4.7619,9.7563
2017-07-13,3.4400,3.4900,3.4300,3.4700,-0.1200,-3.3400,3122948.3700,1080649.3690,2.2900,4.9400,0.1062,0.8814,1.4600,6.1272,6.0933,0.9181,2.2273,2.1827,32479411.7000,29405529.3904,3543299.0685,112703558.5990,102037186.9847,4.8069,4.8991,0.4942,0.4942,4.9419,10.1250
2017-07-14,3.4700,3.5100,3.4600,3.4900,0.0200,0.5800,2097201.0000,730028.2430,2.3000,4.9700,0.0713,0.5919,0.8700,6.1625,6.1284,0.9233,2.2401,2.1952,32479411.7000,29405529.3904,3543299.0685,113353146.8330,102625297.5725,4.7794,4.8710,0.4899,0.4899,4.8991,10.0375
2017-07-17,3.5000,3.6300,3.4900,3.6000,0.1100,3.1500,5294292.2500,1886160.3680,2.3700,5.1300,0.1800,1.4942,2.0400,6.3567,6.3216,0.9525,2.3107,2.2644,32479411.7000,29405529.3904,3543299.0685,116925882.1200,105859905.8054,4.6333,4.7222,0.4857,0.4857,4.8571,9.9514
2017-07-18,3.5900,3.6100,3.5300,3.5700,-0.0300,-0.8300,3193217.9100,1141525.6270,2.3500,5.0800,0.1086,0.9012,0.9400,6.3037,6.2689,0.9445,2.2915,2.2456,32479411.7000,29405529.3904,3543299.0685,115951499.7690,104977739.9237,4.6723,4.7619,0.4735,0.4735,4.7354,9.7019
2017-07-19,3.5600,3.6000,3.5600,3.5600,-0.0100,-0.2800,3004781.9100,1075526.2190,2.3400,5.0700,0.1022,0.8480,0.8700,6.2861,6.2513,0.9419,2.2850,2.2393,32479411.7000,29405529.3904,3543299.0685,115626705.6520,104683684.6298,4.6854,4.7752,0.4775,0.4775,4.7753,9.7837
2017-07-20,3.5800,3.5900,3.5500,3.5900,0.0300,0.8400,1848577.7700,660266.6180,2.3600,5.1100,0.0629,0.5217,0.5500,6.3390,6.3040,0.9498,2.3043,2.2581,32479411.7000,29405529.3904,3543299.0685,116601088.0030,105565850.5115,4.6462,4.7353,0.4749,0.4749,4.7486,9.7291
2017-07-21,3.5800,3.6200,3.5700,3.6000,0.0100,0.2800,1940296.3100,697965.9280,2.3700,5.1300,0.0660,0.5476,0.6300,6.3567,6.3216,0.9525,2.3107,2.2644,32479411.7000,29405529.3904,3543299.0685,116925882.1200,105859905.8054,4.6333,4.7222,0.4749,0.4749,4.7486,9.7291
2017-07-24,3.6000,3.6600,3.5900,3.6100,0.0100,0.2800,2357677.5600,855815.0840,2.3800,5.1400,0.0802,0.6654,0.7700,6.3744,6.3391,0.9551,2.3171,2.2707,32479411.7000,29405529.3904,3543299.0685,117250676.2370,106153961.0993,4.6205,4.7091,0.4722,0.4722,4.7222,9.6750
2017-07-25,3.6200,3.7200,3.6200,3.6900,0.0800,2.2200,3441090.1200,1265641.6590,2.4300,5.2500,0.1170,0.9712,1.3900,6.5156,6.4796,0.9763,2.3685,2.3210,32479411.7000,29405529.3904,3543299.0685,119849029.1730,108506403.4506,4.5203,4.6070,0.4696,0.4696,4.6961,9.6215
2017-07-26,3.6900,3.8000,3.6800,3.7400,0.0500,1.3600,3094875.6900,1159126.9940,2.4600,5.3300,0.1052,0.8734,1.2300,6.6039,6.5674,0.9895,2.4006,2.3525,32479411.7000,29405529.3904,3543299.0685,121472999.7580,109976679.9201,4.4599,4.5454,0.4607,0.4607,4.6070,9.4390
2017-07-27,3.7400,3.7500,3.6800,3.7200,-0.0200,-0.5300,1978380.0400,734429.5460,2.4500,5.3000,0.0673,0.5583,0.7800,6.5686,6.5323,0.9842,2.3877,2.3399,32479411.7000,29405529.3904,3543299.0685,120823411.5240,109388569.3323,4.4839,4.5699,0.4545,0.4545,4.5455,9.3128
2017-07-28,3.7000,3.7400,3.6700,3.7200,0.0000,0.0000,1460752.2400,541058.0470,2.4500,5.3000,0.0497,0.4123,0.5700,6.5686,6.5323,0.9842,2.3877,2.3399,32479411.7000,29405529.3904,3543299.0685,120823411.5240,109388569.3323,4.4839,4.5699,0.4595,0.4595,4.5946,9.4135
2017-07-31,3.7200,3.7500,3.7000,3.7100,-0.0100,-0.2700,1592437.8200,593983.7090,2.4400,5.2800,0.0542,0.4494,0.6500,6.5509,6.5147,0.9816,2.3813,2.3336,32479411.7000,29405529.3904,3543299.0685,120498617.4070,109094514.0384,4.4960,4.5822,0.4570,0.4570,4.5699,9.3629
2017-08-01,3.7100,3.7400,3.7000,3.7400,0.0300,0.8100,1613288.9700,601004.2940,2.4600,5.3300,0.0549,0.4553,0.7000,6.6039,6.5674,0.9895,2.4006,2.3525,32479411.7000,29405529.3904,3543299.0685,121472999.7580,109976679.9201,4.4599,4.5454,0.4582,0.4582,4.5822,9.3881
2017-08-02,3.7400,3.8100,3.7300,3.7900,0.0500,1.3400,2697351.2900,1020910.5920,2.5000,5.4000,0.0917,0.7613,1.3800,6.6922,6.6552,1.0027,2.4327,2.3839,32479411.7000,29405529.3904,3543299.0685,123096970.3430,111446956.3896,4.4011,4.4855,0.4545,0.4545,4.5455,9.3128
2017-08-03,3.7900,3.8400,3.7400,3.7600,-0.0300,-0.7900,2167602.8000,820778.6350,2.4800,5.3500,0.0737,0.6117,1.1600,6.6392,6.6025,0.9948,2.4134,2.3651,32479411.7000,29405529.3904,3543299.0685,122122587.9920,110564790.5079,4.4362,4.5212,0.4485,0.4485,4.4855,9.1900
2017-08-04,3.7600,3.7800,3.7400,3.7600,0.0000,0.0000,1414574.1200,531899.6370,2.4800,5.3500,0.0481,0.3992,0.7400,6.6392,6.6025,0.9948,2.4134,2.3651,32479411.7000,29405529.3904,3543299.0685,122122587.9920,110564790.5079,4.4362,4.5212,0.4521,0.4521,4.5213,9.2633
2017-08-07,3.7500,3.7600,3.6900,3.7300,-0.0300,-0.8000,2077498.2500,773488.3080,2.4600,5.3100,0.0706,0.5863,1.1000,6.5863,6.5499,0.9868,2.3942,2.3462,32479411.7000,29405529.3904,3543299.0685,121148205.6410,109682624.6262,4.4718,4.5576,0.4533,0.4533,4.5333,9.2880
2017-08-08,3.7300,3.7400,3.6800,3.7200,-0.0100,-0.2700,2079546.2900,771416.9940,2.4500,5.3000,0.0707,0.5869,1.0400,6.5686,6.5323,0.9842,2.3877,2.3399,32479411.7000,29405529.3904,3543299.0685,120823411.5240,109388569.3323,4.4839,4.5699,0.4558,0.4558,4.5576,9.3378
2017-08-09,3.7100,3.7200,3.6400,3.6500,-0.0700,-1.8800,2106677.9500,774064.5930,2.4000,5.2000,0.0716,0.5946,1.0100,6.4450,6.4094,0.9657,2.3428,2.2959,32479411.7000,29405529.3904,3543299.0685,118549852.7050,107330182.2750,4.5699,4.6575,0.4582,0.4582,4.5822,9.3881
2017-08-10,3.6400,3.6600,3.6000,3.6400,-0.0100,-0.2700,1937453.1700,703484.5370,2.4000,5.1800,0.0659,0.5468,0.9800,6.4273,6.3918,0.9630,2.3364,2.2896,32479411.7000,29405529.3904,3543299.0685,118225058.5880,107036126.9811,4.5824,4.6703,0.4670,0.4670,4.6703,9.5687
2017-08-11,3.6200,3.6600,3.5700,3.6500,0.0100,0.2700,3203619.2400,1156620.3950,2.4000,5.2000,0.1089,0.9041,1.6700,6.4450,6.4094,0.9657,2.3428,2.2959,32479411.7000,29405529.3904,3543299.0685,118549852.7050,107330182.2750,4.5699,4.6575,0.4696,0.4696,4.6961,9.6215
2017-08-14,3.6200,3.6300,3.6000,3.6100,-0.0400,-1.1000,1915946.7300,691841.1730,2.3800,5.1400,0.0652,0.5407,0.8400,6.3744,6.3391,0.9551,2.3171,2.2707,32479411.7000,29405529.3904,3543299.0685,117250676.2370,106153961.0993,4.6205,4.7091,0.4696,0.4696,4.6961,9.6215
2017-08-15,3.6000,3.7200,3.6000,3.6500,0.0400,1.1100,3588194.4500,1317423.5140,2.4000,5.2000,0.1220,1.0127,1.6000,6.4450,6.4094,0.9657,2.3428,2.2959,32479411.7000,29405529.3904,3543299.0685,118549852.7050,107330182.2750,4.5699,4.6575,0.4722,0.4722,4.7222,9.6750
2017-08-16,3.6500,3.6700,3.6200,3.6300,-0.0200,-0.5500,1843525.0100,670815.9960,2.3900,5.1700,0.0627,0.5203,0.7200,6.4097,6.3743,0.9604,2.3300,2.2833,32479411.7000,29405529.3904,3543299.0685,117900264.4710,106742071.6872,4.5950,4.6832,0.4658,0.4658,4.6575,9.5425
2017-08-17,3.6300,3.6500,3.6200,3.6500,0.0200,0.5500,1061430.3900,386224.0670,2.4000,5.2000,0.0361,0.2996,0.4200,6.4450,6.4094,0.9657,2.3428,2.2959,32479411.7000,29405529.3904,3543299.0685,118549852.7050,107330182.2750,4.5699,4.6575,0.4683,0.4683,4.6832,9.5950
2017-08-18,3.6300,3.6600,3.6200,3.6400,-0.0100,-0.2700,1077583.5800,392090.3910,2.4000,5.1800,0.0366,0.3041,0.4600,6.4273,6.3918,0.9630,2.3364,2.2896,32479411.7000,29405529.3904,3543299.0685,118225058.5880,107036126.9811,4.5824,4.6703,0.4683,0.4683,4.6832,9.5950
2017-08-21,3.6400,3.6600,3.6100,3.6500,0.0100,0.2700,1393321.0400,506765.2900,2.4000,5.2000,0.0474,0.3932,0.7300,6.4450,6.4094,0.9657,2.3428,2.2959,32479411.7000,29405529.3904,3543299.0685,118549852.7050,107330182.2750,4.5699,4.6575,0.4670,0.4670,4.6703,9.5687
2017-08-22,3.6600,3.7000,3.6400,3.6900,0.0400,1.1000,1246432.2000,457479.4230,2.4300,5.2500,0.0424,0.3518,0.7000,6.5156,6.4796,0.9763,2.3685,2.3210,32479411.7000,29405529.3904,3543299.0685,119849029.1730,108506403.4506,4.5203,4.6070,0.4645,0.4645,4.6448,9.5164
2017-08-23,3.6900,3.7700,3.6800,3.7500,0.0600,1.6300,1729809.9400,646617.4870,2.4700,5.3400,0.0588,0.4882,1.3100,6.6216,6.5850,0.9921,2.4070,2.3588,32479411.7000,29405529.3904,3543299.0685,121797793.8750,110270735.2140,4.4480,4.5333,0.4607,0.4607,4.6070,9.4390
2017-08-24,3.7500,3.8100,3.7400,3.7900,0.0400,1.0700,2031899.3100,767177.1380,2.5000,5.4000,0.0691,0.5734,1.5600,6.6922,6.6552,1.0027,2.4327,2.3839,32479411.7000,29405529.3904,3543299.0685,123096970.3430,111446956.3896,4.4011,4.4855,0.4533,0.4533,4.5333,9.2880
2017-08-25,3.7800,3.9300,3.7800,3.9100,0.1200,3.1700,3915572.0500,1506461.4890,2.5700,5.5700,0.1332,1.1051,2.6200,6.9041,6.8659,1.0345,2.5097,2.4594,32479411.7000,29405529.3904,3543299.0685,126994499.7470,114975619.9165,4.2660,4.3478,0.4497,0.4497,4.4974,9.2143
2017-08-28,3.9100,3.9600,3.8300,3.8600,-0.0500,-1.2800,3368391.1000,1311405.6290,2.5400,5.5000,0.1145,0.9506,1.6300,6.8158,6.7781,1.0212,2.4776,2.4280,32479411.7000,29405529.3904,3543299.0685,125370529.1620,113505343.4469,4.3212,4.4041,0.4348,0.4348,4.3478,8.9079
2017-08-29,3.8600,3.9100,3.8300,3.9000,0.0400,1.0400,1591943.1200,616739.7650,2.5700,5.5500,0.0541,0.4493,0.6500,6.8864,6.8484,1.0318,2.5033,2.4531,32479411.7000,29405529.3904,3543299.0685,126669705.6300,114681564.6226,4.2769,4.3589,0.4404,0.4404,4.4041,9.0233
2017-08-30,3.9000,3.9300,3.8200,3.8500,-0.0500,-1.2800,2057647.0900,796773.4320,2.5400,5.4800,0.0700,0.5807,0.8100,6.7981,6.7606,1.0186,2.4712,2.4217,32479411.7000,29405529.3904,3543299.0685,125045735.0450,113211288.1530,4.3325,4.4155,0.4359,0.4359,4.3590,8.9308
2017-08-31,3.8400,3.8700,3.7400,3.7700,-0.0800,-2.0800,4933725.8900,1868739.0150,2.4800,5.3700,0.1678,1.3924,1.9000,6.6569,6.5345,0.9601,2.4198,2.3431,32479411.7000,29405529.3904,3543299.0685,122447382.1090,110858845.8018,4.4244,4.5092,0.4427,0.4427,4.4271,9.0703
2017-09-01,3.7700,3.8100,3.6800,3.7000,-0.0700,-1.8600,4710519.9100,1762167.8700,2.4400,5.2700,0.1602,1.3294,1.4800,6.5333,6.4132,0.9423,2.3749,2.2996,32479411.7000,29405529.3904,3543299.0685,120173823.2900,108800458.7445,4.5081,4.5946,0.4509,0.4509,4.5093,9.2387
2017-09-04,3.6900,3.7700,3.6800,3.7500,0.0500,1.3500,2414361.8800,902794.3280,2.4700,5.3400,0.0821,0.6814,0.7200,6.6216,6.4998,0.9551,2.4070,2.3307,32479411.7000,29405529.3904,3543299.0685,121797793.8750,110270735.2140,4.4480,4.5333,0.4607,0.4607,4.6070,9.4390
2017-09-05,3.7600,3.8600,3.7500,3.8500,0.1000,2.6700,2995179.5000,1144843.3480,2.5400,5.4800,0.1019,0.8453,0.9500,6.7981,6.6732,0.9805,2.4712,2.3928,32479411.7000,29405529.3904,3543299.0685,125045735.0450,113211288.1530,4.3325,4.4155,0.4521,0.4521,4.5213,9.2633
2017-09-06,3.8300,3.8800,3.8100,3.8500,0.0000,0.0000,1572803.8700,604062.2180,2.5400,5.4800,0.0535,0.4439,0.4600,6.7981,6.6732,0.9805,2.4712,2.3928,32479411.7000,29405529.3904,3543299.0685,125045735.0450,113211288.1530,4.3325,4.4155,0.4439,0.4439,4.4386,9.0940
2017-09-07,3.8400,3.8500,3.8000,3.8300,-0.0200,-0.5200,1216728.7500,465094.8950,2.5200,5.4500,0.0414,0.3434,0.3700,6.7628,6.6385,0.9754,2.4583,2.3804,32479411.7000,29405529.3904,3543299.0685,124396146.8110,112623177.5652,4.3551,4.4386,0.4427,0.4427,4.4271,9.0703
2017-09-08,3.8200,3.8400,3.7900,3.8000,-0.0300,-0.7800,1317261.3100,501670.8400,2.5000,5.4100,0.0448,0.3718,0.5100,6.7099,6.5865,0.9678,2.4391,2.3618,32479411.7000,29405529.3904,3543299.0685,123421764.4600,111741011.6835,4.3895,4.4736,0.4450,0.4450,4.4503,9.1178
2017-09-11,3.8200,3.8700,3.7900,3.8200,0.0200,0.5300,2557973.0300,981765.6610,2.5200,5.4400,0.0870,0.7219,1.3400,6.7452,6.6212,0.9729,2.4519,2.3742,32479411.7000,29405529.3904,3543299.0685,124071352.6940,112329122.2713,4.3665,4.4502,0.4450,0.4450,4.4503,9.1178
2017-09-12,3.8300,3.8500,3.8000,3.8400,0.0200,0.5200,1595378.7700,609746.9800,2.5300,5.4700,0.0543,0.4503,0.8300,6.7805,6.6558,0.9780,2.4648,2.3866,32479411.7000,29405529.3904,3543299.0685,124720940.9280,112917232.8591,4.3438,4.4270,0.4439,0.4439,4.4386,9.0940
2017-09-13,3.8400,3.8500,3.8200,3.8200,-0.0200,-0.5200,1627260.9600,624443.3110,2.5200,5.4400,0.0553,0.4593,0.9900,6.7452,6.6212,0.9729,2.4519,2.3742,32479411.7000,29405529.3904,3543299.0685,124071352.6940,112329122.2713,4.3665,4.4502,0.4427,0.4427,4.4271,9.0703
2017-09-14,3.8300,3.8500,3.7500,3.7900,-0.0300,-0.7900,1917879.3200,729945.4790,2.5000,5.4000,0.0652,0.5413,1.1500,6.6922,6.5692,0.9652,2.4327,2.3555,32479411.7000,29405529.3904,3543299.0685,123096970.3430,111446956.3896,4.4011,4.4855,0.4439,0.4439,4.4386,9.0940
2017-09-15,3.7700,3.7900,3.7200,3.7600,-0.0300,-0.7900,1973829.3400,739975.2520,2.4800,5.3500,0.0671,0.5571,1.0900,6.6392,6.5172,0.9576,2.4134,2.3369,32479411.7000,29405529.3904,3543299.0685,122122587.9920,110564790.5079,4.4362,4.5212,0.4509,0.4509,4.5093,9.2387
2017-09-18,3.7600,3.7800,3.6800,3.7000,-0.0600,-1.6000,2114885.1200,791539.3160,2.4400,5.2700,0.0719,0.5969,1.0900,6.5333,6.4132,0.9423,2.3749,2.2996,32479411.7000,29405529.3904,3543299.0685,120173823.2900,108800458.7445,4.5081,4.5946,0.4521,0.4521,4.5213,9.2633
2017-09-19,3.7200,3.7400,3.6600,3.7200,0.0200,0.5400,3263389.7000,1207160.6360,2.4500,5.3000,0.1110,0.9210,1.7700,6.5686,6.4478,0.9474,2.3877,2.3120,32479411.7000,29405529.3904,3543299.0685,120823411.5240,109388569.3323,4.4839,4.5699,0.4570,0.4570,4.5699,9.3629
2017-09-20,3.7100,3.7600,3.7000,3.7100,-0.0100,-0.2700,1898056.5000,707463.2370,2.4400,5.2800,0.0645,0.5357,0.8700,6.5509,6.4305,0.9449,2.3813,2.3058,32479411.7000,29405529.3904,3543299.0685,120498617.4070,109094514.0384,4.4960,4.5822,0.4582,0.4582,4.5822,9.3881
2017-09-21,3.7200,3.7800,3.7000,3.7700,0.0600,1.6200,1819815.0100,681354.8710,2.4800,5.3700,0.0619,0.5136,0.8100,6.6569,6.5345,0.9601,2.4198,2.3431,32479411.7000,29405529.3904,3543299.0685,122447382.1090,110858845.8018,4.4244,4.5092,0.4570,0.4570,4.5699,9.3629
2017-09-22,3.7600,3.8100,3.7600,3.7900,0.0200,0.5300,1737749.7700,657691.5720,2.5000,5.4000,0.0591,0.4904,0.7800,6.6922,6.5692,0.9652,2.4327,2.3555,32479411.7000,29405529.3904,3543299.0685,123096970.3430,111446956.3896,4.4011,4.4855,0.4521,0.4521,4.5213,9.2633
2017-09-25,3.7800,3.8700,3.7600,3.8500,0.0600,1.5800,2485807.3000,948472.6700,2.5400,5.4800,0.0845,0.7016,1.1500,6.7981,6.6732,0.9805,2.4712,2.3928,32479411.7000,29405529.3904,3543299.0685,125045735.0450,113211288.1530,4.3325,4.4155,0.4497,0.4497,4.4974,9.2143
2017-09-26,3.8300,3.8800,3.8300,3.8500,0.0000,0.0000,1526696.7600,588754.8190,2.5400,5.4800,0.0519,0.4309,0.6800,6.7981,6.6732,0.9805,2.4712,2.3928,32479411.7000,29405529.3904,3543299.0685,125045735.0450,113211288.1530,4.3325,4.4155,0.4439,0.4439,4.4386,9.0940
2017-09-27,3.8400,3.8600,3.8000,3.8200,-0.0300,-0.7800,1232950.3900,471370.7700,2.5200,5.4400,0.0419,0.3480,0.6500,6.7452,6.6212,0.9729,2.4519,2.3742,32479411.7000,29405529.3904,3543299.0685,124071352.6940,112329122.2713,4.3665,4.4502,0.4427,0.4427,4.4271,9.0703
2017-09-28,3.8200,3.8500,3.7900,3.8400,0.0200,0.5200,1375980.8400,524104.6360,2.5300,5.4700,0.0468,0.3883,0.7800,6.7805,6.6558,0.9780,2.4648,2.3866,32479411.7000,29405529.3904,3543299.0685,124720940.9280,112917232.8591,4.3438,4.4270,0.4450,0.4450,4.4503,9.1178
2017-09-29,3.8300,3.8500,3.8100,3.8200,-0.0200,-0.5200,1188309.7500,454450.1160,2.5200,5.4400,0.0404,0.3354,0.7100,6.7452,6.6212,0.9729,2.4519,2.3742,32479411.7000,29405529.3904,3543299.0685,124071352.6940,112329122.2713,4.3665,4.4502,0.4439,0.4439,4.4386,9.0940
2017-10-09,3.9100,3.9300,3.7400,3.7900,-0.0300,-0.7900,5703902.7100,2185634.4110,2.5000,5.4000,0.1940,1.6098,3.6500,6.6922,6.5692,0.9652,2.4327,2.3555,32479411.7000,29405529.3904,3543299.0685,123096970.3430,111446956.3896,4.4011,4.4855,0.4348,0.4348,4.3478,8.9079
2017-10-10,3.7800,3.8100,3.7400,3.7800,-0.0100,-0.2600,3131817.7100,1182039.9170,2.4900,5.3800,0.1065,0.8839,1.4200,6.6745,6.5518,0.9627,2.4263,2.3493,32479411.7000,29405529.3904,3543299.0685,122772176.2260,111152901.0957,4.4127,4.4973,0.4497,0.4497,4.4974,9.2143
2017-10-11,3.7800,3.8600,3.7700,3.8400,0.0600,1.5900,2600607.7500,991211.4000,2.5300,5.4700,0.0884,0.7340,1.0300,6.7805,6.6558,0.9780,2.4648,2.3866,32479411.7000,29405529.3904,3543299.0685,124720940.9280,112917232.8591,4.3438,4.4270,0.4497,0.4497,4.4974,9.2143
2017-10-12,3.8300,3.8600,3.7800,3.8000,-0.0400,-1.0400,2879075.0800,1101956.9670,2.5000,5.4100,0.0979,0.8125,1.0300,6.7099,6.5865,0.9678,2.4391,2.3618,32479411.7000,29405529.3904,3543299.0685,123421764.4600,111741011.6835,4.3895,4.4736,0.4439,0.4439,4.4386,9.0940
2017-10-13,3.8000,3.8100,3.7600,3.7600,-0.0400,-1.0500,2412867.0500,913638.0880,2.4800,5.3500,0.0821,0.6810,0.7800,6.6392,6.5172,0.9576,2.4134,2.3369,32479411.7000,29405529.3904,3543299.0685,122122587.9920,110564790.5079,4.4362,4.5212,0.4474,0.4474,4.4737,9.1658
2017-10-16,3.7700,3.8100,3.7600,3.8000,0.0400,1.0600,2056550.2200,779222.0780,2.5000,5.4100,0.0699,0.5804,0.6100,6.7099,6.5865,0.9678,2.4391,2.3618,32479411.7000,29405529.3904,3543299.0685,123421764.4600,111741011.6835,4.3895,4.4736,0.4509,0.4509,4.5093,9.2387
2017-10-17,3.8000,3.8100,3.7600,3.7600,-0.0400,-1.0500,2014053.3900,761728.6840,2.4800,5.3500,0.0685,0.5684,0.7700,6.6392,6.5172,0.9576,2.4134,2.3369,32479411.7000,29405529.3904,3543299.0685,122122587.9920,110564790.5079,4.4362,4.5212,0.4474,0.4474,4.4737,9.1658
2017-10-18,3.7800,3.8300,3.7600,3.8200,0.0600,1.6000,2831809.7700,1073955.7140,2.5200,5.4400,0.0963,0.7992,1.1800,6.7452,6.6212,0.9729,2.4519,2.3742,32479411.7000,29405529.3904,3543299.0685,124071352.6940,112329122.2713,4.3665,4.4502,0.4497,0.4497,4.4974,9.2143
2017-10-19,3.8100,3.8500,3.8000,3.8500,0.0300,0.7900,2134620.6500,817873.0970,2.5400,5.4800,0.0726,0.6024,0.8800,6.7981,6.6732,0.9805,2.4712,2.3928,32479411.7000,29405529.3904,3543299.0685,125045735.0450,113211288.1530,4.3325,4.4155,0.4462,0.4462,4.4619,9.1417
2017-10-20,3.8300,3.8500,3.8100,3.8300,-0.0200,-0.5200,1672086.1100,641058.3870,2.5200,5.4500,0.0569,0.4719,0.7300,6.7628,6.6385,0.9754,2.4583,2.3804,32479411.7000,29405529.3904,3543299.0685,124396146.8110,112623177.5652,4.3551,4.4386,0.4439,0.4439,4.4386,9.0940
2017-10-23,3.8200,3.8400,3.7800,3.7800,-0.0500,-1.3100,1830686.3300,697334.1220,2.4900,5.3800,0.0623,0.5167,0.8500,6.6745,6.5518,0.9627,2.4263,2.3493,32479411.7000,29405529.3904,3543299.0685,122772176.2260,111152901.0957,4.4127,4.4973,0.4450,0.4450,4.4503,9.1178
2017-10-24,3.7900,3.8100,3.7800,3.8000,0.0200,0.5300,1516744.7300,575895.6010,2.5000,5.4100,0.0516,0.4281,0.7200,6.7099,6.5865,0.9678,2.4391,2.3618,32479411.7000,29405529.3904,3543299.0685,123421764.4600,111741011.6835,4.3895,4.4736,0.4485,0.4485,4.4855,9.1900
2017-10-25,3.8000,3.8100,3.7500,3.7700,-0.0300,-0.7900,1676109.3200,632567.6730,2.4800,5.3700,0.0570,0.4730,0.8400,6.6569,6.5345,0.9601,2.4198,2.3431,32479411.7000,29405529.3904,3543299.0685,122447382.1090,110858845.8018,4.4244,4.5092,0.4474,0.4474,4.4737,9.1658
2017-10-26,3.7600,3.7600,3.6800,3.7000,-0.0700,-1.8600,4645126.4500,1720552.1930,2.4400,5.2700,0.1580,1.3110,2.6300,6.5333,6.4132,0.9423,2.3749,2.2996,32479411.7000,29405529.3904,3543299.0685,120173823.2900,108800458.7445,4.5081,4.5946,0.4521,0.4521,4.5213,9.2633
2017-10-27,3.6900,3.7500,3.6800,3.7200,0.0200,0.5400,4336945.4800,1612201.8900,2.4500,5.3000,0.1475,1.2240,1.9100,6.5686,6.4478,0.9474,2.3877,2.3120,32479411.7000,29405529.3904,3543299.0685,120823411.5240,109388569.3323,4.4839,4.5699,0.4607,0.4607,4.6070,9.4390
2017-10-30,3.7200,3.7700,3.7100,3.7400,0.0200,0.5400,3524719.8900,1317859.9980,2.4600,5.3300,0.1199,0.9948,1.2600,6.6039,6.4825,0.9525,2.4006,2.3245,32479411.7000,29405529.3904,3543299.0685,121472999.7580,109976679.9201,4.4599,4.5454,0.4570,0.4570,4.5699,9.3629
2017-10-31,3.7500,3.7800,3.7300,3.7400,0.0000,0.0000,2552215.9200,960555.3510,2.4600,5.3300,0.0868,0.7203,0.8100,6.6039,6.4007,0.9160,2.4006,2.2995,32479411.7000,29405529.3904,3543299.0685,121472999.7580,109976679.9201,4.4599,4.5454,0.4533,0.4533,4.5333,9.2880
2017-11-01,3.7400,3.7500,3.6900,3.7300,-0.0100,-0.2700,2662549.5700,988864.4460,2.4600,5.3100,0.0905,0.7514,0.8000,6.5863,6.3836,0.9136,2.3942,2.2934,32479411.7000,29405529.3904,3543299.0685,121148205.6410,109682624.6262,4.4718,4.5576,0.4545,0.4545,4.5455,9.3128
2017-11-02,3.7200,3.7300,3.6800,3.7200,-0.0100,-0.2700,2537027.5100,939266.9050,2.4500,5.3000,0.0863,0.7160,0.7200,6.5686,6.3665,0.9111,2.3877,2.2872,32479411.7000,29405529.3904,3543299.0685,120823411.5240,109388569.3323,4.4839,4.5699,0.4570,0.4570,4.5699,9.3629
2017-11-03,3.7200,3.7300,3.6800,3.7200,0.0000,0.0000,2815646.4100,1043007.2810,2.4500,5.3000,0.0958,0.7946,0.9000,6.5686,6.3665,0.9111,2.3877,2.2872,32479411.7000,29405529.3904,3543299.0685,120823411.5240,109388569.3323,4.4839,4.5699,0.4570,0.4570,4.5699,9.3629
2017-11-06,3.7000,3.7100,3.6600,3.6800,-0.0400,-1.0800,2118381.6400,779819.1130,2.4200,5.2400,0.0720,0.5979,0.7500,6.4980,6.2980,0.9013,2.3621,2.2626,32479411.7000,29405529.3904,3543299.0685,119524235.0560,108212348.1567,4.5326,4.6195,0.4595,0.4595,4.5946,9.4135
2017-11-07,3.6800,3.7200,3.6600,3.7100,0.0300,0.8200,3098003.2600,1142444.1000,2.4400,5.2800,0.1054,0.8743,1.2200,6.5509,6.3494,0.9087,2.3813,2.2811,32479411.7000,29405529.3904,3543299.0685,120498617.4070,109094514.0384,4.4960,4.5822,0.4620,0.4620,4.6196,9.4647
2017-11-08,3.7000,3.7200,3.6800,3.7100,0.0000,0.0000,2883015.4300,1067408.0940,2.4400,5.2800,0.0980,0.8137,1.0900,6.5509,6.3494,0.9087,2.3813,2.2811,32479411.7000,29405529.3904,3543299.0685,120498617.4070,109094514.0384,4.4960,4.5822,0.4595,0.4595,4.5946,9.4135
2017-11-09,3.7000,3.7000,3.6700,3.6800,-0.0300,-0.8100,1798935.7800,663025.5210,2.4200,5.2400,0.0612,0.5077,0.6700,6.4980,6.2980,0.9013,2.3621,2.2626,32479411.7000,29405529.3904,3543299.0685,119524235.0560,108212348.1567,4.5326,4.6195,0.4595,0.4595,4.5946,9.4135
2017-11-10,3.6700,3.6800,3.6100,3.6300,-0.0500,-1.3600,2804353.9700,1019758.9650,2.3900,5.1700,0.0954,0.7915,1.1000,6.4097,6.2124,0.8891,2.3300,2.2319,32479411.7000,29405529.3904,3543299.0685,117900264.4710,106742071.6872,4.5950,4.6832,0.4632,0.4632,4.6322,9.4905
2017-11-13,3.6300,3.6700,3.5900,3.6400,0.0100,0.2800,6214725.6400,2254873.7920,2.4000,5.1800,0.2113,1.7539,2.4500,6.4273,6.2296,0.8915,2.3364,2.2380,32479411.7000,29405529.3904,3543299.0685,118225058.5880,107036126.9811,4.5824,4.6703,0.4683,0.4683,4.6832,9.5950
2017-11-14,3.6300,3.6300,3.6000,3.6100,-0.0300,-0.8200,1795618.2400,648693.2550,2.3800,5.1400,0.0611,0.5068,0.5300,6.3744,6.1782,0.8842,2.3171,2.2196,32479411.7000,29405529.3904,3543299.0685,117250676.2370,106153961.0993,4.6205,4.7091,0.4683,0.4683,4.6832,9.5950
2017-11-15,3.6100,3.6200,3.5800,3.6100,0.0000,0.0000,2620142.6600,944492.7410,2.3800,5.1400,0.0891,0.7395,0.8500,6.3744,6.1782,0.8842,2.3171,2.2196,32479411.7000,29405529.3904,3543299.0685,117250676.2370,106153961.0993,4.6205,4.7091,0.4709,0.4709,4.7091,9.6482
2017-11-16,3.6100,3.6100,3.5600,3.5700,-0.0400,-1.1100,2166882.6900,775063.7180,2.3500,5.0800,0.0737,0.6115,0.7100,6.3037,6.1098,0.8744,2.2915,2.1950,32479411.7000,29405529.3904,3543299.0685,115951499.7690,104977739.9237,4.6723,4.7619,0.4709,0.4709,4.7091,9.6482
2017-11-17,3.5700,3.6700,3.5600,3.6600,0.0900,2.5200,5864140.2600,2119303.1900,2.4100,5.2100,0.1994,1.6550,1.8800,6.4627,6.2638,0.8964,2.3492,2.2503,32479411.7000,29405529.3904,3543299.0685,118874646.8220,107624237.5689,4.5574,4.6448,0.4762,0.4762,4.7619,9.7563
2017-11-20,3.6400,3.6900,3.6200,3.6700,0.0100,0.2700,3327769.3100,1216118.0950,2.4200,5.2300,0.1132,0.9392,0.8900,6.4803,6.2809,0.8989,2.3556,2.2565,32479411.7000,29405529.3904,3543299.0685,119199440.9390,107918292.8628,4.5450,4.6321,0.4670,0.4670,4.6703,9.5687
2017-11-21,3.6700,3.7200,3.6400,3.6600,-0.0100,-0.2700,5284486.0400,1945353.0330,2.4100,5.2100,0.1797,1.4914,1.6800,6.4627,6.2638,0.8964,2.3492,2.2503,32479411.7000,29405529.3904,3543299.0685,118874646.8220,107624237.5689,4.5574,4.6448,0.4632,0.4632,4.6322,9.4905
2017-11-22,3.6800,3.8100,3.6700,3.8000,0.1400,3.8300,5927299.3300,2225047.3320,2.5000,5.4100,0.2016,1.6728,1.5400,6.7099,6.5034,0.9307,2.4391,2.3364,32479411.7000,29405529.3904,3543299.0685,123421764.4600,111741011.6835,4.3895,4.4736,0.4620,0.4620,4.6196,9.4647
2017-11-23,3.8100,3.8800,3.7500,3.7900,-0.0100,-0.2600,5796859.6700,2218887.9170,2.5000,5.4000,0.1971,1.6360,1.2800,6.6922,6.4863,0.9283,2.4327,2.3303,32479411.7000,29405529.3904,3543299.0685,123096970.3430,111446956.3896,4.4011,4.4855,0.4462,0.4462,4.4619,9.1417
2017-11-24,3.7700,3.8300,3.7600,3.8000,0.0100,0.2600,2665175.4600,1010581.3860,2.5000,5.4100,0.0906,0.7522,0.5100,6.7099,6.5034,0.9307,2.4391,2.3364,32479411.7000,29405529.3904,3543299.0685,123421764.4600,111741011.6835,4.3895,4.4736,0.4509,0.4509,4.5093,9.2387
2017-11-27,3.7900,3.8100,3.7100,3.8000,0.0000,0.0000,4424698.3800,1666859.9500,2.5000,5.4100,0.1505,1.2488,0.9600,6.7099,6.5034,0.9307,2.4391,2.3364,32479411.7000,29405529.3904,3543299.0685,123421764.4600,111741011.6835,4.3895,4.4736,0.4485,0.4485,4.4855,9.1900
2017-11-28,3.7700,3.7800,3.7300,3.7500,-0.0500,-1.3200,1943564.5000,728022.3610,2.4700,5.3400,0.0661,0.5485,0.4000,6.6216,6.4178,0.9185,2.4070,2.3057,32479411.7000,29405529.3904,3543299.0685,121797793.8750,110270735.2140,4.4480,4.5333,0.4509,0.4509,4.5093,9.2387
2017-11-29,3.7500,3.7800,3.7300,3.7500,0.0000,0.0000,1703672.5700,638845.8820,2.4700,5.3400,0.0579,0.4808,0.4100,6.6216,6.4178,0.9185,2.4070,2.3057,32479411.7000,29405529.3904,3543299.0685,121797793.8750,110270735.2140,4.4480,4.5333,0.4533,0.4533,4.5333,9.2880
2017-11-30,3.7500,3.7700,3.7400,3.7400,-0.0100,-0.2700,2001574.7100,752065.2250,2.4600,5.3300,0.0681,0.5649,0.6100,6.6039,6.4007,0.9160,2.4006,2.2995,32479411.7000,29405529.3904,3543299.0685,121472999.7580,109976679.9201,4.4599,4.5454,0.4533,0.4533,4.5333,9.2880
2017-12-01,3.7500,3.7600,3.7000,3.7400,0.0000,0.0000,2741050.3500,1023099.0560,2.4600,5.3300,0.0932,0.7736,1.0800,6.6039,6.4007,0.9160,2.4006,2.2995,32479411.7000,29405529.3904,3543299.0685,121472999.7580,109976679.9201,4.4599,4.5454,0.4533,0.4533,4.5333,9.2880
2017-12-04,3.7300,3.7500,3.7100,3.7400,0.0000,0.0000,1396798.8600,521297.7960,2.4600,5.3300,0.0475,0.3942,0.5500,6.6039,6.4007,0.9160,2.4006,2.2995,32479411.7000,29405529.3904,3543299.0685,121472999.7580,109976679.9201,4.4599,4.5454,0.4558,0.4558,4.5576,9.3378
2017-12-05,3.7400,3.8400,3.7300,3.8100,0.0700,1.8700,4702996.3600,1782744.7760,2.5100,5.4300,0.1599,1.3273,2.4000,6.7275,6.5205,0.9332,2.4455,2.3426,32479411.7000,29405529.3904,3543299.0685,123746558.5770,112035066.9774,4.3780,4.4619,0.4545,0.4545,4.5455,9.3128
2017-12-06,3.8000,3.8200,3.7600,3.8000,-0.0100,-0.2600,2685232.1000,1018528.9190,2.5000,5.4100,0.0913,0.7578,1.0700,6.7099,6.5034,0.9307,2.4391,2.3364,32479411.7000,29405529.3904,3543299.0685,123421764.4600,111741011.6835,4.3895,4.4736,0.4474,0.4474,4.4737,9.1658
2017-12-07,3.7900,3.8000,3.7300,3.7800,-0.0200,-0.5300,1968366.7200,740074.6960,2.4900,5.3800,0.0669,0.5555,0.7300,6.6745,6.4692,0.9258,2.4263,2.3241,32479411.7000,29405529.3904,3543299.0685,122772176.2260,111152901.0957,4.4127,4.4973,0.4485,0.4485,4.4855,9.1900
2017-12-08,3.7600,3.7700,3.7200,3.7400,-0.0400,-1.0600,2191477.2000,819907.9220,2.4600,5.3300,0.0745,0.6185,0.8100,6.6039,6.4007,0.9160,2.4006,2.2995,32479411.7000,29405529.3904,3543299.0685,121472999.7580,109976679.9201,4.4599,4.5454,0.4521,0.4521,4.5213,9.2633
2017-12-11,3.7300,3.7400,3.7100,3.7300,-0.0100,-0.2700,1853311.5000,690067.0580,2.4600,5.3100,0.0630,0.5230,0.7200,6.5863,6.3836,0.9136,2.3942,2.2934,32479411.7000,29405529.3904,3543299.0685,121148205.6410,109682624.6262,4.4718,4.5576,0.4558,0.4558,4.5576,9.3378
2017-12-12,3.7300,3.7400,3.7000,3.7000,-0.0300,-0.8000,1470308.3100,546576.3130,2.4400,5.2700,0.0500,0.4150,0.5500,6.5333,6.3322,0.9062,2.3749,2.2749,32479411.7000,29405529.3904,3543299.0685,120173823.2900,108800458.7445,4.5081,4.5946,0.4558,0.4558,4.5576,9.3378
2017-12-13,3.7000,3.7200,3.6800,3.7100,0.0100,0.2700,1510632.9400,558933.0120,2.4400,5.2800,0.0514,0.4263,0.7400,6.5509,6.3494,0.9087,2.3813,2.2811,32479411.7000,29405529.3904,3543299.0685,120498617.4070,109094514.0384,4.4960,4.5822,0.4595,0.4595,4.5946,9.4135
2017-12-14,3.7200,3.7500,3.6900,3.7100,0.0000,0.0000,1733037.1900,644235.3230,2.4400,5.2800,0.0589,0.4891,0.9600,6.5509,6.3494,0.9087,2.3813,2.2811,32479411.7000,29405529.3904,3543299.0685,120498617.4070,109094514.0384,4.4960,4.5822,0.4570,0.4570,4.5699,9.3629
2017-12-15,3.7100,3.7100,3.6600,3.6700,-0.0400,-1.0800,2014829.8600,740607.3290,2.4200,5.2300,0.0685,0.5686,1.1500,6.4803,6.2809,0.8989,2.3556,2.2565,32479411.7000,29405529.3904,3543299.0685,119199440.9390,107918292.8628,4.5450,4.6321,0.4582,0.4582,4.5822,9.3881
2017-12-18,3.6800,3.6900,3.6600,3.6700,0.0000,0.0000,1633539.2900,599373.1080,2.4200,5.2300,0.0556,0.4610,0.9500,6.4803,6.2809,0.8989,2.3556,2.2565,32479411.7000,29405529.3904,3543299.0685,119199440.9390,107918292.8628,4.5450,4.6321,0.4620,0.4620,4.6196,9.4647
2017-12-19,3.6700,3.7100,3.6600,3.7100,0.0400,1.0900,2074206.3000,763993.7830,2.4400,5.2800,0.0705,0.5854,1.2400,6.5509,6.3494,0.9087,2.3813,2.2811,32479411.7000,29405529.3904,3543299.0685,120498617.4070,109094514.0384,4.4960,4.5822,0.4632,0.4632,4.6322,9.4905
2017-12-20,3.7000,3.7200,3.6800,3.7100,0.0000,0.0000,2019680.2500,747292.7780,2.4400,5.2800,0.0687,0.5700,1.1300,6.5509,6.3494,0.9087,2.3813,2.2811,32479411.7000,29405529.3904,3543299.0685,120498617.4070,109094514.0384,4.4960,4.5822,0.4595,0.4595,4.5946,9.4135
2017-12-21,3.7000,3.7200,3.6900,3.7000,-0.0100,-0.2700,1810896.5600,670453.0910,2.4400,5.2700,0.0616,0.5111,0.9600,6.5333,6.3322,0.9062,2.3749,2.2749,32479411.7000,29405529.3904,3543299.0685,120173823.2900,108800458.7445,4.5081,4.5946,0.4595,0.4595,4.5946,9.4135
2017-12-22,3.7000,3.7100,3.6600,3.6700,-0.0300,-0.8100,1542766.6200,567833.8770,2.4200,5.2300,0.0525,0.4354,0.8100,6.4803,6.2809,0.8989,2.3556,2.2565,32479411.7000,29405529.3904,3543299.0685,119199440.9390,107918292.8628,4.5450,4.6321,0.4595,0.4595,4.5946,9.4135
2017-12-25,3.6800,3.7100,3.6700,3.6800,0.0100,0.2700,2035946.7600,751869.0010,2.4200,5.2400,0.0692,0.5746,1.1200,6.4980,6.2980,0.9013,2.3621,2.2626,32479411.7000,29405529.3904,3543299.0685,119524235.0560,108212348.1567,4.5326,4.6195,0.4620,0.4620,4.6196,9.4647
2017-12-26,3.6800,3.7600,3.6800,3.7600,0.0800,2.1700,2848255.8900,1062487.1150,2.4800,5.3500,0.0969,0.8038,1.5000,6.6392,6.4349,0.9209,2.4134,2.3118,32479411.7000,29405529.3904,3543299.0685,122122587.9920,110564790.5079,4.4362,4.5212,0.4620,0.4620,4.6196,9.4647
2017-12-27,3.7600,3.8000,3.7200,3.7500,-0.0100,-0.2700,3085492.4400,1162208.8240,2.4700,5.3400,0.1049,0.8708,1.5000,6.6216,6.4178,0.9185,2.4070,2.3057,32479411.7000,29405529.3904,3543299.0685,121797793.8750,110270735.2140,4.4480,4.5333,0.4521,0.4521,4.5213,9.2633
2017-12-28,3.7400,3.8000,3.7300,3.7800,0.0300,0.8000,3035240.4000,1144477.3080,2.4900,5.3800,0.1032,0.8566,1.3400,6.6745,6.4692,0.9258,2.4263,2.3241,32479411.7000,29405529.3904,3543299.0685,122772176.2260,111152901.0957,4.4127,4.4973,0.4545,0.4545,4.5455,9.3128
2017-12-29,3.7900,3.8600,3.7900,3.8300,0.0500,1.3200,3160217.1100,1210267.2670,2.5200,5.4500,0.1075,0.8919,1.2600,6.7628,6.5547,0.9381,2.4583,2.3549,32479411.7000,29405529.3904,3543299.0685,124396146.8110,112623177.5652,4.3551,4.4386,0.4485,0.4485,4.4855,9.1900
2018-01-02,3.8400,3.9400,3.7700,3.8500,0.0200,0.5200,7985191.0200,3073323.6220,2.5400,5.4800,0.2716,2.2536,2.8200,6.7981,6.5889,0.9430,2.4712,2.3672,32479411.7000,29405529.3904,3543299.0685,125045735.0450,113211288.1530,4.4155,4.4155,0.4643,0.4643,4.6432,9.1719
2018-01-03,3.8300,3.9000,3.8300,3.8800,0.0300,0.7800,3073498.2000,1189311.7750,2.5600,5.5300,0.1045,0.8674,0.7600,6.8511,6.6403,0.9503,2.4904,2.3856,32479411.7000,29405529.3904,3543299.0685,126020117.3960,114093454.0348,4.3814,4.3814,0.4655,0.4655,4.6554,9.1958
2018-01-04,3.8800,3.9100,3.8500,3.8700,-0.0100,-0.2600,3151427.1100,1221849.0430,2.5500,5.5100,0.1072,0.8894,0.7700,6.8335,6.6232,0.9479,2.4840,2.3795,32479411.7000,29405529.3904,3543299.0685,125695323.2790,113799398.7408,4.3927,4.3927,0.4595,0.4595,4.5954,9.0773
2018-01-05,3.8700,3.9000,3.8500,3.8700,0.0000,0.0000,2454164.4400,950348.7930,2.5500,5.5100,0.0835,0.6926,0.6000,6.8335,6.6232,0.9479,2.4840,2.3795,32479411.7000,29405529.3904,3543299.0685,125695323.2790,113799398.7408,4.3927,4.3927,0.4607,0.4607,4.6072,9.1008
2018-01-08,3.8800,3.8900,3.8400,3.8600,-0.0100,-0.2600,2326323.0400,899692.7160,2.5400,5.5000,0.0791,0.6565,0.5900,6.8158,6.6061,0.9454,2.4776,2.3733,32479411.7000,29405529.3904,3543299.0685,125370529.1620,113505343.4469,4.4041,4.4041,0.4595,0.4595,4.5954,9.0773
2018-01-09,3.8500,3.8800,3.8200,3.8300,-0.0300,-0.7800,2526695.0900,973208.7420,2.5200,5.4500,0.0859,0.7131,0.6700,6.7628,6.5547,0.9381,2.4583,2.3549,32479411.7000,29405529.3904,3543299.0685,124396146.8110,112623177.5652,4.4386,4.4386,0.4631,0.4631,4.6312,9.1481
2018-01-10,3.8200,3.9200,3.8100,3.9100,0.0800,2.0900,4192770.9600,1627388.3290,2.5700,5.5700,0.1426,1.1833,1.5500,6.9041,6.6916,0.9577,2.5097,2.4041,32479411.7000,29405529.3904,3543299.0685,126994499.7470,114975619.9165,4.3478,4.3478,0.4668,0.4668,4.6675,9.2199
2018-01-11,3.9100,4.0000,3.9000,3.9900,0.0800,2.0500,4006490.2500,1588690.5590,2.6300,5.6800,0.1362,1.1307,1.3700,7.0453,6.8285,0.9773,2.5610,2.4532,32479411.7000,29405529.3904,3543299.0685,129592852.6830,117328062.2677,4.2606,4.2606,0.4560,0.4560,4.5601,9.0077
2018-01-12,4.0000,4.0400,3.9900,4.0100,0.0200,0.5000,3452961.5100,1387864.2690,2.6400,5.7100,0.1174,0.9745,1.1100,7.0807,6.8628,0.9822,2.5739,2.4655,32479411.7000,29405529.3904,3543299.0685,130242440.9170,117916172.8555,4.2394,4.2394,0.4457,0.4457,4.4575,8.8050
2018-01-15,4.0200,4.1700,4.0100,4.1200,0.1100,2.7400,5515164.2200,2262276.4710,2.7100,5.8700,0.1876,1.5565,1.6700,7.2749,7.0510,1.0091,2.6445,2.5332,32479411.7000,29405529.3904,3543299.0685,133815176.2040,121150781.0884,4.1262,4.1262,0.4435,0.4435,4.4353,8.7612
2018-01-16,4.1100,4.1800,4.0500,4.1500,0.0300,0.7300,8429619.6700,3454334.1290,2.7300,5.9100,0.2867,2.3790,2.1400,7.3279,7.1024,1.0164,2.6637,2.5516,32479411.7000,29405529.3904,3543299.0685,134789558.5550,122032946.9702,4.0964,4.0964,0.4338,0.4338,4.3382,8.5693
2018-01-17,4.1500,4.3200,4.1400,4.2200,0.0700,1.6900,8547128.3800,3620705.0130,2.7800,6.0100,0.2907,2.4122,1.6700,7.4515,7.2222,1.0336,2.7087,2.5947,32479411.7000,29405529.3904,3543299.0685,137063117.3740,124091334.0275,4.0284,4.0284,0.4296,0.4296,4.2964,8.4867
2018-01-18,4.2700,4.3900,4.2600,4.3700,0.1500,3.5500,8076568.1700,3480417.1810,2.8800,6.2200,0.2747,2.2794,1.3500,7.7163,7.4789,1.0703,2.8050,2.6869,32479411.7000,29405529.3904,3543299.0685,141935029.1290,128502163.4360,3.8901,3.8901,0.4176,0.4176,4.1756,8.2482
2018-01-19,4.4200,4.4800,4.3500,4.4700,0.1000,2.2900,6059788.5400,2687820.8900,2.9400,6.3700,0.2061,1.7102,0.8900,7.8929,7.6500,1.0948,2.8691,2.7484,32479411.7000,29405529.3904,3543299.0685,145182970.2990,131442716.3751,3.8031,3.8031,0.4034,0.4034,4.0339,7.9683
2018-01-22,4.4400,4.5300,4.3400,4.3600,-0.1100,-2.4600,8013254.6700,3545959.6860,2.8700,6.2100,0.2725,2.2615,1.0900,7.6987,7.4618,1.0679,2.7985,2.6807,32479411.7000,29405529.3904,3543299.0685,141610235.0120,128208108.1421,3.8991,3.8991,0.4016,0.4016,4.0158,7.9324
2018-01-23,4.3700,4.5200,4.3300,4.4800,0.1200,2.7500,16348061.9100,7219026.0170,2.9500,6.3800,0.5560,4.6138,2.0900,7.9106,7.6671,1.0973,2.8756,2.7545,32479411.7000,29405529.3904,3543299.0685,145507764.4160,131736771.6690,3.7946,3.7946,0.4080,0.4080,4.0801,8.0595
2018-01-24,4.5400,4.6800,4.4800,4.5300,0.0500,1.1200,12098990.6900,5515567.7230,2.9800,6.4500,0.4115,3.4146,1.2900,7.9989,7.7527,1.1095,2.9076,2.7853,32479411.7000,29405529.3904,3543299.0685,147131735.0010,133207048.1385,3.7527,3.7527,0.3927,0.3927,3.9273,7.7577
2018-01-25,4.5200,4.5800,4.4200,4.5400,0.0100,0.2200,7431980.7900,3347409.1360,2.9900,6.4600,0.2527,2.0975,0.7300,8.0165,7.7698,1.1120,2.9141,2.7914,32479411.7000,29405529.3904,3543299.0685,147456529.1180,133501103.4324,3.7445,3.7445,0.3945,0.3945,3.9447,7.7920
2018-01-26,4.5200,4.6400,4.4200,4.4800,-0.0600,-1.3200,18722998.3300,8467111.2350,2.9500,6.3800,0.6367,5.2841,1.8700,7.9106,7.6671,1.0973,2.8756,2.7545,32479411.7000,29405529.3904,3543299.0685,145507764.4160,131736771.6690,3.7946,3.7946,0.3945,0.3945,3.9447,7.7920
2018-01-29,4.5100,4.6100,4.4600,4.5100,0.0300,0.6700,9272793.6200,4201461.2600,2.9700,6.4200,0.3153,2.6170,0.7400,7.9635,7.7185,1.1046,2.8948,2.7730,32479411.7000,29405529.3904,3543299.0685,146482146.7670,132618937.5507,3.7694,3.7694,0.3953,0.3953,3.9534,7.8093
2018-01-30,4.5100,4.5200,4.4100,4.4200,-0.0900,-2.0000,5415752.0800,2410301.7680,2.9100,6.2900,0.1842,1.5284,0.4200,7.8046,7.5645,1.0826,2.8370,2.7176,32479411.7000,29405529.3904,3543299.0685,143558999.7140,129972439.9056,3.8461,3.8461,0.3953,0.3953,3.9534,7.8093
2018-01-31,4.4100,4.4700,4.3800,4.4600,0.0400,0.9000,5016716.1100,2221010.8690,2.9400,6.3500,0.1706,1.4158,0.4700,7.8753,7.6329,1.0924,2.8627,2.7422,32479411.7000,29405529.3904,3543299.0685,144858176.1820,131148661.0812,3.8116,3.8116,0.4043,0.4043,4.0431,7.9864
2018-02-01,4.4500,4.5400,4.4300,4.5100,0.0500,1.1200,7231629.5000,3247557.8510,2.9700,6.4200,0.2459,2.0409,0.7900,7.9635,7.7185,1.1046,2.8948,2.7730,32479411.7000,29405529.3904,3543299.0685,146482146.7670,132618937.5507,3.7694,3.7694,0.4007,0.4007,4.0067,7.9146
2018-02-02,4.4800,4.5100,4.4100,4.5100,0.0000,0.0000,4897905.5300,2187841.2240,2.9700,6.4200,0.1666,1.3823,0.5400,7.9635,7.7185,1.1046,2.8948,2.7730,32479411.7000,29405529.3904,3543299.0685,146482146.7670,132618937.5507,3.7694,3.7694,0.3980,0.3980,3.9799,7.8616
2018-02-05,4.4600,4.7600,4.4400,4.7500,0.2400,5.3200,9886598.2400,4551366.2840,3.1300,6.7600,0.3362,2.7902,1.5500,8.3873,8.1292,1.1634,3.0489,2.9205,32479411.7000,29405529.3904,3543299.0685,154277205.5750,139676264.6044,3.5789,3.5789,0.3998,0.3998,3.9978,7.8969
2018-02-06,4.6500,4.7400,4.5900,4.7100,-0.0400,-0.8400,10942621.6900,5108326.6370,3.1000,6.7100,0.3721,3.0883,1.6900,8.3167,8.0608,1.1536,3.0232,2.8959,32479411.7000,29405529.3904,3543299.0685,152978029.1070,138500043.4288,3.6093,3.6093,0.3834,0.3834,3.8344,7.5742
2018-02-07,4.7000,4.8200,4.4100,4.4600,-0.2500,-5.3100,11218485.5200,5173766.2660,2.9400,6.3500,0.3815,3.1661,1.4800,7.8753,7.6329,1.0924,2.8627,2.7422,32479411.7000,29405529.3904,3543299.0685,144858176.1820,131148661.0812,3.8116,3.8116,0.3794,0.3794,3.7936,7.4936
2018-02-08,4.4300,4.4600,4.1700,4.3100,-0.1500,-3.3600,9495951.5800,4081431.8690,2.8400,6.1400,0.3229,2.6800,1.0700,7.6104,7.3762,1.0556,2.7664,2.6500,32479411.7000,29405529.3904,3543299.0685,139986264.4270,126737831.6726,3.9443,3.9443,0.4025,0.4025,4.0248,7.9503
2018-02-09,4.1700,4.2300,4.0000,4.1600,-0.1500,-3.4800,10430730.9700,4287138.5810,2.7400,5.9200,0.3547,2.9438,1.1200,7.3455,7.1195,1.0189,2.6702,2.5578,32479411.7000,29405529.3904,3543299.0685,135114352.6720,122327002.2641,4.0865,4.0865,0.4276,0.4276,4.2758,8.4460
2018-02-12,4.1400,4.1600,4.0500,4.0900,-0.0700,-1.6800,5683728.5200,2329221.7430,2.6900,5.8200,0.1933,1.6041,0.5500,7.2219,6.9997,1.0018,2.6252,2.5147,32479411.7000,29405529.3904,3543299.0685,132840793.8530,120268615.2067,4.1564,4.1564,0.4307,0.4307,4.3068,8.5072
2018-02-13,4.1300,4.2500,4.1100,4.1500,0.0600,1.4700,6433021.1400,2680564.5660,2.7300,5.9100,0.2188,1.8155,0.6700,7.3279,7.1024,1.0164,2.6637,2.5516,32479411.7000,29405529.3904,3543299.0685,134789558.5550,122032946.9702,4.0964,4.0964,0.4317,0.4317,4.3172,8.5278
2018-02-14,4.1500,4.1900,4.1000,4.1600,0.0100,0.2400,2636217.7300,1092055.7920,2.7400,5.9200,0.0897,0.7440,0.3000,7.3455,7.1195,1.0189,2.6702,2.5578,32479411.7000,29405529.3904,3543299.0685,135114352.6720,122327002.2641,4.0865,4.0865,0.4296,0.4296,4.2964,8.4867
2018-02-22,4.2700,4.3200,4.2500,4.3100,0.1500,3.6100,5380012.0100,2307025.3640,2.8400,6.1400,0.1830,1.5184,0.7800,7.6104,7.3762,1.0556,2.7664,2.6500,32479411.7000,29405529.3904,3543299.0685,139986264.4270,126737831.6726,3.9443,3.9443,0.4176,0.4176,4.1756,8.2482
2018-02-23,4.3100,4.3500,4.2700,4.3400,0.0300,0.7000,3367814.6400,1451094.9460,2.8600,6.1800,0.1145,0.9505,0.5500,7.6634,7.4275,1.0630,2.7857,2.6684,32479411.7000,29405529.3904,3543299.0685,140960646.7780,127619997.5543,3.9170,3.9170,0.4137,0.4137,4.1369,8.1717
2018-02-26,4.3700,4.4200,4.2600,4.3200,-0.0200,-0.4600,6781887.6900,2932758.9510,2.8400,6.1500,0.2306,1.9140,1.4400,7.6280,7.3933,1.0581,2.7729,2.6561,32479411.7000,29405529.3904,3543299.0685,140311058.5440,127031886.9665,3.9352,3.9352,0.4080,0.4080,4.0801,8.0595
2018-02-27,4.3100,4.3200,4.1700,4.2000,-0.1200,-2.7800,6379448.3900,2697143.3960,2.7700,5.9800,0.2169,1.8004,1.3000,7.4162,7.1879,1.0287,2.6958,2.5824,32479411.7000,29405529.3904,3543299.0685,136413529.1400,123503223.4397,4.0476,4.0476,0.4137,0.4137,4.1369,8.1717
2018-02-28,4.1400,4.1700,4.1000,4.1300,-0.0700,-1.6700,3983068.4700,1646072.2710,2.7200,5.8800,0.1355,1.1241,0.8100,7.2926,7.0681,1.0116,2.6509,2.5393,32479411.7000,29405529.3904,3543299.0685,134139970.3210,121444836.3824,4.1162,4.1162,0.4307,0.4307,4.3068,8.5072
2018-03-01,4.1000,4.1700,4.0800,4.1300,0.0000,0.0000,3413249.9000,1410150.1480,2.7200,5.8800,0.1161,0.9633,0.6600,7.2926,7.0681,1.0116,2.6509,2.5393,32479411.7000,29405529.3904,3543299.0685,134139970.3210,121444836.3824,4.1162,4.1162,0.4349,0.4349,4.3488,8.5902
2018-03-02,4.0900,4.1400,4.0700,4.1100,-0.0200,-0.4800,2825757.8000,1158641.5920,2.7100,5.8500,0.0961,0.7975,0.5900,7.2572,7.0339,1.0067,2.6381,2.5270,32479411.7000,29405529.3904,3543299.0685,133490382.0870,120856725.7945,4.1362,4.1362,0.4359,0.4359,4.3594,8.6112
2018-03-05,4.1000,4.1300,4.0400,4.0700,-0.0400,-0.9700,3822804.7100,1556840.9570,2.6800,5.8000,0.1300,1.0789,0.8200,7.1866,6.9655,0.9969,2.6124,2.5024,32479411.7000,29405529.3904,3543299.0685,132191205.6190,119680504.6189,4.1769,4.1769,0.4349,0.4349,4.3488,8.5902
2018-03-06,4.1000,4.1100,4.0000,4.0400,-0.0300,-0.7400,10748248.7300,4338624.0220,2.6600,5.7500,0.3655,3.0334,2.6300,7.1336,6.9141,0.9895,2.5931,2.4840,32479411.7000,29405529.3904,3543299.0685,131216823.2680,118798338.7372,4.2079,4.2079,0.4349,0.4349,4.3488,8.5902
2018-03-07,4.0600,4.1100,4.0400,4.0500,0.0100,0.2500,6061359.0900,2469408.0700,2.6700,5.7700,0.2061,1.7107,1.2200,7.1513,6.9312,0.9920,2.5996,2.4901,32479411.7000,29405529.3904,3543299.0685,131541617.3850,119092394.0311,4.1975,4.1975,0.4392,0.4392,4.3916,8.6749
2018-03-08,4.0400,4.0600,4.0000,4.0200,-0.0300,-0.7400,5146952.1200,2074853.6090,2.6500,5.7200,0.1750,1.4526,0.9600,7.0983,6.8799,0.9846,2.5803,2.4717,32479411.7000,29405529.3904,3543299.0685,130567235.0340,118210228.1494,4.2288,4.2288,0.4413,0.4413,4.4134,8.7178
2018-03-09,4.0300,4.0500,3.9900,4.0200,0.0000,0.0000,3805173.9300,1527722.7680,2.6500,5.7200,0.1294,1.0739,0.6700,7.0983,6.8799,0.9846,2.5803,2.4717,32479411.7000,29405529.3904,3543299.0685,130567235.0340,118210228.1494,4.2288,4.2288,0.4424,0.4424,4.4243,8.7395
2018-03-12,4.0400,4.0600,4.0100,4.0300,0.0100,0.2500,6418260.5700,2588505.4140,2.6500,5.7400,0.2183,1.8114,1.0800,7.1160,6.8970,0.9871,2.5867,2.4778,32479411.7000,29405529.3904,3543299.0685,130892029.1510,118504283.4433,4.2183,4.2183,0.4413,0.4413,4.4134,8.7178
2018-03-13,4.0800,4.1700,4.0700,4.1300,0.1000,2.4800,10351929.6200,4270441.7880,2.7200,5.8800,0.3520,2.9216,1.6100,7.2926,6.9516,0.9404,2.6509,2.4978,32479411.7000,29405529.3904,3543299.0685,134139970.3210,121444836.3824,4.1162,4.1162,0.4370,0.4370,4.3701,8.6324
2018-03-14,4.1200,4.1200,4.0700,4.0900,-0.0400,-0.9700,3980799.7100,1630078.3700,2.6900,5.8200,0.1354,1.1235,0.6300,7.2219,6.8843,0.9313,2.6252,2.4736,32479411.7000,29405529.3904,3543299.0685,132840793.8530,120268615.2067,4.1564,4.1564,0.4328,0.4328,4.3277,8.5485
2018-03-15,4.0700,4.1400,4.0700,4.1300,0.0400,0.9800,3858217.4200,1587712.8070,2.7200,5.8800,0.1312,1.0889,0.6500,7.2926,6.9516,0.9404,2.6509,2.4978,32479411.7000,29405529.3904,3543299.0685,134139970.3210,121444836.3824,4.1162,4.1162,0.4381,0.4381,4.3808,8.6536
2018-03-16,4.1200,4.1300,4.0600,4.0700,-0.0600,-1.4500,3556187.5300,1453850.8650,2.6800,5.8000,0.1209,1.0036,0.6300,7.1866,6.8506,0.9267,2.6124,2.4615,32479411.7000,29405529.3904,3543299.0685,132191205.6190,119680504.6189,4.1769,4.1769,0.4328,0.4328,4.3277,8.5485
2018-03-19,4.0600,4.0800,4.0300,4.0800,0.0100,0.2500,2837586.3700,1150696.0310,2.6900,5.8100,0.0965,0.8008,0.5000,7.2043,6.8675,0.9290,2.6188,2.4675,32479411.7000,29405529.3904,3543299.0685,132515999.7360,119974559.9128,4.1666,4.1666,0.4392,0.4392,4.3916,8.6749
2018-03-20,4.0500,4.1100,4.0500,4.1000,0.0200,0.4900,3098355.9700,1265184.0590,2.7000,5.8400,0.1054,0.8744,0.6300,7.2396,6.9011,0.9336,2.6316,2.4796,32479411.7000,29405529.3904,3543299.0685,133165587.9700,120562670.5006,4.1463,4.1463,0.4402,0.4402,4.4025,8.6963
2018-03-21,4.1000,4.1400,4.0900,4.1000,0.0000,0.0000,4292399.3100,1765375.9280,2.7000,5.8400,0.1460,1.2114,1.2400,7.2396,6.9011,0.9336,2.6316,2.4796,32479411.7000,29405529.3904,3543299.0685,133165587.9700,120562670.5006,4.1463,4.1463,0.4349,0.4349,4.3488,8.5902
2018-03-22,4.1100,4.1100,4.0200,4.0600,-0.0400,-0.9800,4183705.6700,1697211.5740,2.6700,5.7800,0.1423,1.1807,1.1900,7.1690,6.8338,0.9245,2.6060,2.4554,32479411.7000,29405529.3904,3543299.0685,131866411.5020,119386449.3250,4.1872,4.1872,0.4338,0.4338,4.3382,8.5693
2018-03-23,3.9700,3.9800,3.9100,3.9500,-0.1100,-2.7100,7439769.7900,2933802.9750,2.6000,5.6200,0.2530,2.0997,2.0700,6.9747,6.6486,0.8994,2.5354,2.3889,32479411.7000,29405529.3904,3543299.0685,128293676.2150,116151841.0921,4.3038,4.3038,0.4491,0.4491,4.4912,8.8715
2018-03-26,3.9300,3.9500,3.7900,3.8200,-0.1300,-3.2900,6338633.2100,2438461.1270,2.5200,5.4400,0.2156,1.7889,1.4500,6.7452,6.4298,0.8698,2.4519,2.3103,32479411.7000,29405529.3904,3543299.0685,124071352.6940,112329122.2713,4.4502,4.4502,0.4537,0.4537,4.5369,8.9618
2018-03-27,3.8700,3.8900,3.8000,3.8400,0.0200,0.5200,4987732.2100,1916506.3660,2.5300,5.4700,0.1696,1.4077,0.9800,6.4635,6.4635,0.9262,2.3224,2.3224,32479411.7000,29405529.3904,3543299.0685,124720940.9280,112917232.8591,4.4270,4.4270,0.4607,0.4607,4.6072,9.1008
2018-03-28,3.8100,3.9100,3.8100,3.8600,0.0200,0.5200,4860143.3400,1878739.8370,2.5400,5.5000,0.1653,1.3716,0.8900,6.4972,6.4972,0.9311,2.3345,2.3345,32479411.7000,29405529.3904,3543299.0685,125370529.1620,113505343.4469,4.4041,4.4041,0.4680,0.4680,4.6798,9.2441
2018-03-29,3.8500,3.9900,3.8200,3.9600,0.1000,2.5900,5004730.1700,1951364.9160,2.6100,5.6400,0.1702,1.4124,0.9000,6.6655,6.6655,0.9552,2.3949,2.3949,32479411.7000,29405529.3904,3543299.0685,128618470.3320,116445896.3860,4.2929,4.2929,0.4631,0.4631,4.6312,9.1481
2018-03-30,3.9500,3.9800,3.9000,3.9100,-0.0500,-1.2600,2966040.1600,1166737.4440,2.5700,5.5700,0.1009,0.8371,0.5200,6.5813,6.5813,0.9431,2.3647,2.3647,32479411.7000,29405529.3904,3543299.0685,126994499.7470,114975619.9165,4.3478,4.3478,0.4514,0.4514,4.5139,8.9165
2018-04-02,3.9000,3.9300,3.8300,3.8400,-0.0700,-1.7900,3864427.2400,1494678.7330,2.5300,5.4700,0.1314,1.0906,0.8000,6.4635,6.4635,0.9262,2.3224,2.3224,32479411.7000,29405529.3904,3543299.0685,124720940.9280,112917232.8591,4.4270,4.4270,0.4572,0.4572,4.5718,9.0308
2018-04-03,3.8100,3.8600,3.8100,3.8300,-0.0100,-0.2600,3416619.2500,1307374.9820,2.5200,5.4500,0.1162,0.9642,0.7900,6.4467,6.4467,0.9238,2.3163,2.3163,32479411.7000,29405529.3904,3543299.0685,124396146.8110,112623177.5652,4.4386,4.4386,0.4680,0.4680,4.6798,9.2441
2018-04-04,3.8300,3.8600,3.8100,3.8100,-0.0200,-0.5200,2894061.6300,1109491.6170,2.5100,5.4300,0.0984,0.8168,0.7200,6.4130,6.4130,0.9190,2.3042,2.3042,32479411.7000,29405529.3904,3543299.0685,123746558.5770,112035066.9774,4.4619,4.4619,0.4655,0.4655,4.6554,9.1958
2018-04-09,3.8200,3.8400,3.8000,3.8300,0.0200,0.5200,2210682.2400,844269.2060,2.5200,5.4500,0.0752,0.6239,0.6100,6.4467,6.4467,0.9238,2.3163,2.3163,32479411.7000,29405529.3904,3543299.0685,124396146.8110,112623177.5652,4.4386,4.4386,0.4668,0.4668,4.6675,9.2199
2018-04-10,3.8300,3.9500,3.8100,3.9400,0.1100,2.8700,4625275.4200,1794284.6040,2.5900,5.6100,0.1573,1.3054,1.5100,6.6318,6.6318,0.9504,2.3829,2.3829,32479411.7000,29405529.3904,3543299.0685,127968882.0980,115857785.7982,4.3147,4.3147,0.4655,0.4655,4.6554,9.1958
2018-04-11,3.9200,4.0200,3.9100,3.9900,0.0500,1.2700,5064446.0100,2008746.4130,2.6300,5.6800,0.1722,1.4293,1.4900,6.7160,6.7160,0.9624,2.4131,2.4131,32479411.7000,29405529.3904,3543299.0685,129592852.6830,117328062.2677,4.2606,4.2606,0.4548,0.4548,4.5485,8.9847
2018-04-12,3.9800,3.9900,3.8900,3.9000,-0.0900,-2.2600,3032962.8800,1191961.5550,2.5700,5.5500,0.1031,0.8560,0.8300,6.5645,6.5645,0.9407,2.3587,2.3587,32479411.7000,29405529.3904,3543299.0685,126669705.6300,114681564.6226,4.3589,4.3589,0.4480,0.4480,4.4799,8.8492
2018-04-13,3.9300,3.9400,3.8600,3.8700,-0.0300,-0.7700,2589944.0600,1007392.4210,2.5500,5.5100,0.0881,0.7309,0.7300,6.5140,6.5140,0.9335,2.3405,2.3405,32479411.7000,29405529.3904,3543299.0685,125695323.2790,113799398.7408,4.3927,4.3927,0.4537,0.4537,4.5369,8.9618
2018-04-16,3.8500,3.8500,3.7400,3.7500,-0.1200,-3.1000,6021860.2500,2280826.2520,2.4700,5.3400,0.2048,1.6995,1.7200,6.3120,6.3120,0.9045,2.2679,2.2679,32479411.7000,29405529.3904,3543299.0685,121797793.8750,110270735.2140,4.5333,4.5333,0.4631,0.4631,4.6312,9.1481
2018-04-17,3.7500,3.7700,3.7200,3.7300,-0.0200,-0.5300,3263887.3600,1222250.7360,2.4600,5.3100,0.1110,0.9211,0.7600,6.2783,6.2783,0.8997,2.2558,2.2558,32479411.7000,29405529.3904,3543299.0685,121148205.6410,109682624.6262,4.5576,4.5576,0.4755,0.4755,4.7547,9.3920
2018-04-18,3.7700,3.7900,3.7300,3.7700,0.0400,1.0700,3674283.3900,1380132.0780,2.4800,5.3700,0.1250,1.0370,0.9200,6.3457,6.3457,0.9094,2.2800,2.2800,32479411.7000,29405529.3904,3543299.0685,122447382.1090,110858845.8018,4.5092,4.5092,0.4729,0.4729,4.7294,9.3422
2018-04-19,3.7600,3.8100,3.7500,3.7800,0.0100,0.2700,3108492.2200,1174626.2490,2.4900,5.3800,0.1057,0.8773,0.8400,6.3625,6.3625,0.9118,2.2861,2.2861,32479411.7000,29405529.3904,3543299.0685,122772176.2260,111152901.0957,4.4973,4.4973,0.4742,0.4742,4.7420,9.3670
2018-04-20,3.7600,3.7700,3.7100,3.7400,-0.0400,-1.0600,3092581.3800,1156097.5720,2.4600,5.3300,0.1052,0.8728,0.8300,6.2952,6.2952,0.9021,2.2619,2.2619,32479411.7000,29405529.3904,3543299.0685,121472999.7580,109976679.9201,4.5454,4.5454,0.4742,0.4742,4.7420,9.3670
2018-04-23,3.7300,3.7700,3.7100,3.7600,0.0200,0.5300,2324395.1900,870895.2310,2.4800,5.3500,0.0790,0.6560,0.6100,6.3288,6.3288,0.9070,2.2740,2.2740,32479411.7000,29405529.3904,3543299.0685,122122587.9920,110564790.5079,4.5212,4.5212,0.4780,0.4780,4.7802,9.4424
2018-04-24,3.7700,3.8700,3.7600,3.8400,0.0800,2.1300,4552732.7200,1742952.4810,2.5300,5.4700,0.1548,1.2849,1.4700,6.4635,6.4635,0.9262,2.3224,2.3224,32479411.7000,29405529.3904,3543299.0685,124720940.9280,112917232.8591,4.4270,4.4270,0.4729,0.4729,4.7294,9.3422
2018-04-25,3.8200,3.8300,3.7900,3.8100,-0.0300,-0.7800,1762515.9100,671518.0440,2.5100,5.4300,0.0599,0.4974,0.5300,6.4130,6.4130,0.9190,2.3042,2.3042,32479411.7000,29405529.3904,3543299.0685,123746558.5770,112035066.9774,4.4619,4.4619,0.4668,0.4668,4.6675,9.2199
2018-04-26,3.8100,3.8200,3.7500,3.7900,-0.0200,-0.5200,2094667.9000,792297.7330,2.5000,5.4000,0.0712,0.5912,0.7100,6.3793,6.3793,0.9142,2.2921,2.2921,32479411.7000,29405529.3904,3543299.0685,123096970.3430,111446956.3896,4.4855,4.4855,0.4680,0.4680,4.6798,9.2441
2018-04-27,3.7900,3.8100,3.7700,3.8100,0.0200,0.5300,1754450.7500,665337.6760,2.5100,5.4300,0.0597,0.4951,0.6300,6.4130,6.4130,0.9190,2.3042,2.3042,32479411.7000,29405529.3904,3543299.0685,123746558.5770,112035066.9774,4.4619,4.4619,0.4704,0.4704,4.7045,9.2929
2018-05-02,3.8500,3.8900,3.8300,3.8600,0.0500,1.3100,2915207.9700,1124863.8950,2.5400,5.5000,0.0991,0.8227,1.1700,6.4972,6.3968,0.9084,2.3345,2.3024,32479411.7000,29405529.3904,3543299.0685,125370529.1620,113505343.4469,4.4041,4.4041,0.4631,0.4631,4.6312,9.1481
2018-05-03,3.8500,3.8800,3.8300,3.8400,-0.0200,-0.5200,1998100.0200,769484.9320,2.5300,5.4700,0.0679,0.5639,0.7600,6.4635,6.3637,0.9037,2.3224,2.2905,32479411.7000,29405529.3904,3543299.0685,124720940.9280,112917232.8591,4.4270,4.4270,0.4631,0.4631,4.6312,9.1481
2018-05-04,3.8300,3.8500,3.8100,3.8300,-0.0100,-0.2600,1623540.3700,621039.1200,2.5200,5.4500,0.0552,0.4582,0.7700,6.4467,6.3471,0.9014,2.3163,2.2845,32479411.7000,29405529.3904,3543299.0685,124396146.8110,112623177.5652,4.4386,4.4386,0.4655,0.4655,4.6554,9.1958
2018-05-07,3.8400,3.8700,3.8200,3.8600,0.0300,0.7800,2365475.5900,910243.5030,2.5400,5.5000,0.0804,0.6676,1.1400,6.4972,6.3968,0.9084,2.3345,2.3024,32479411.7000,29405529.3904,3543299.0685,125370529.1620,113505343.4469,4.4041,4.4041,0.4643,0.4643,4.6432,9.1719
2018-05-08,3.8500,3.9300,3.8400,3.9000,0.0400,1.0400,2945746.3100,1148087.6620,2.5700,5.5500,0.1002,0.8314,1.3800,6.5645,6.4631,0.9178,2.3587,2.3263,32479411.7000,29405529.3904,3543299.0685,126669705.6300,114681564.6226,4.3589,4.3589,0.4631,0.4631,4.6312,9.1481
2018-05-09,3.9000,3.9100,3.8700,3.9000,0.0000,0.0000,1683194.7300,653707.8190,2.5700,5.5500,0.0572,0.4750,0.7100,6.5645,6.4631,0.9178,2.3587,2.3263,32479411.7000,29405529.3904,3543299.0685,126669705.6300,114681564.6226,4.3589,4.3589,0.4572,0.4572,4.5718,9.0308
2018-05-10,3.9100,3.9200,3.8600,3.8900,-0.0100,-0.2600,1585320.9300,616719.1030,2.5600,5.5400,0.0539,0.4474,0.7500,6.5477,6.4466,0.9155,2.3526,2.3203,32479411.7000,29405529.3904,3543299.0685,126344911.5130,114387509.3287,4.3701,4.3701,0.4560,0.4560,4.5601,9.0077
2018-05-11,3.9000,3.9300,3.8800,3.9100,0.0200,0.5100,2256160.2300,882037.5720,2.5700,5.5700,0.0767,0.6367,1.1100,6.5813,6.4797,0.9202,2.3647,2.3322,32479411.7000,29405529.3904,3543299.0685,126994499.7470,114975619.9165,4.3478,4.3478,0.4572,0.4572,4.5718,9.0308
2018-05-14,3.9200,3.9600,3.9200,3.9400,0.0300,0.7700,2460567.6600,970220.6770,2.5900,5.6100,0.0837,0.6944,1.1400,6.6318,6.5294,0.9272,2.3829,2.3501,32479411.7000,29405529.3904,3543299.0685,127968882.0980,115857785.7982,4.3147,4.3147,0.4548,0.4548,4.5485,8.9847
2018-05-15,3.9500,3.9600,3.8900,3.9200,-0.0200,-0.5100,2574006.7500,1006940.2660,2.5800,5.5800,0.0875,0.7264,1.1800,6.5982,6.4963,0.9225,2.3708,2.3382,32479411.7000,29405529.3904,3543299.0685,127319293.8640,115269675.2104,4.3367,4.3367,0.4514,0.4514,4.5139,8.9165
2018-05-16,3.9000,3.9000,3.8300,3.8500,-0.0700,-1.7900,2723970.4600,1054382.9230,2.5400,5.4800,0.0926,0.7688,1.2900,6.4803,6.3803,0.9061,2.3284,2.2964,32479411.7000,29405529.3904,3543299.0685,125045735.0450,113211288.1530,4.4155,4.4155,0.4572,0.4572,4.5718,9.0308
2018-05-17,3.8600,3.8600,3.8300,3.8500,0.0000,0.0000,1591980.5900,612022.5890,2.5400,5.4800,0.0541,0.4493,0.6900,6.4803,6.3803,0.9061,2.3284,2.2964,32479411.7000,29405529.3904,3543299.0685,125045735.0450,113211288.1530,4.4155,4.4155,0.4619,0.4619,4.6192,9.1244
2018-05-18,3.8400,3.9000,3.8300,3.9000,0.0500,1.3000,2421181.5000,933856.3820,2.5700,5.5500,0.0823,0.6833,1.0400,6.5645,6.4631,0.9178,2.3587,2.3263,32479411.7000,29405529.3904,3543299.0685,126669705.6300,114681564.6226,4.3589,4.3589,0.4643,0.4643,4.6432,9.1719
2018-05-21,3.9100,3.9300,3.9000,3.9200,0.0200,0.5100,2724701.8200,1066366.6520,2.5800,5.5800,0.0927,0.7690,1.1600,6.5982,6.4963,0.9225,2.3708,2.3382,32479411.7000,29405529.3904,3543299.0685,127319293.8640,115269675.2104,4.3367,4.3367,0.4560,0.4560,4.5601,9.0077
2018-05-22,3.9100,3.9100,3.8600,3.8900,-0.0300,-0.7700,2502037.3900,969874.4800,2.5600,5.5400,0.0851,0.7061,1.0400,6.5477,6.4466,0.9155,2.3526,2.3203,32479411.7000,29405529.3904,3543299.0685,126344911.5130,114387509.3287,4.3701,4.3701,0.4560,0.4560,4.5601,9.0077
2018-05-23,3.8700,3.8800,3.8200,3.8300,-0.0600,-1.5400,2699196.3100,1039300.3940,2.5200,5.4500,0.0918,0.7618,1.1300,6.4467,6.3471,0.9014,2.3163,2.2845,32479411.7000,29405529.3904,3543299.0685,124396146.8110,112623177.5652,4.4386,4.4386,0.4607,0.4607,4.6072,9.1008
2018-05-24,3.8400,3.8400,3.7800,3.7900,-0.0400,-1.0400,2840829.3800,1082557.5890,2.5000,5.4000,0.0966,0.8017,1.1900,6.3793,6.2808,0.8919,2.2921,2.2607,32479411.7000,29405529.3904,3543299.0685,123096970.3430,111446956.3896,4.4855,4.4855,0.4643,0.4643,4.6432,9.1719
2018-05-25,3.6400,3.6500,3.6100,3.6300,-0.1600,-4.2200,2140187.2400,777477.9730,2.5100,5.4300,0.0728,0.6040,0.8100,6.1100,6.0157,0.8917,2.1954,2.1652,32479411.7000,29405529.3904,3543299.0685,117900264.4710,106742071.6872,4.6832,9.5950,0.4898,0.4898,4.8984,9.6758
2018-05-28,3.6300,3.6300,3.6000,3.6100,-0.0200,-0.5500,1656986.8300,598636.1130,2.5000,5.4000,0.0563,0.4676,0.6400,6.0764,5.9825,0.8868,2.1833,2.1533,32479411.7000,29405529.3904,3543299.0685,117250676.2370,106153961.0993,4.7091,9.6482,0.4912,0.4912,4.9118,9.7025
2018-05-29,3.6000,3.6300,3.5500,3.6200,0.0100,0.2800,2795215.0100,1002061.0330,2.5000,5.4100,0.0951,0.7889,1.1800,6.0932,5.9991,0.8893,2.1893,2.1593,32479411.7000,29405529.3904,3543299.0685,117575470.3540,106448016.3932,4.6961,9.6215,0.4953,0.4953,4.9528,9.7833
2018-05-30,3.5900,3.6000,3.5500,3.5600,-0.0600,-1.6600,1886217.1500,674377.6460,2.4600,5.3200,0.0641,0.5323,0.7800,5.9922,5.8997,0.8745,2.1530,2.1235,32479411.7000,29405529.3904,3543299.0685,115626705.6520,104683684.6298,4.7752,9.7837,0.4967,0.4967,4.9666,9.8106
2018-05-31,3.5900,3.6000,3.5600,3.5900,0.0300,0.8400,2308158.3100,826234.8100,2.4800,5.3700,0.0785,0.6514,1.0200,6.0427,5.9494,0.8819,2.1712,2.1414,32479411.7000,29405529.3904,3543299.0685,116601088.0030,105565850.5115,4.7353,9.7019,0.4967,0.4967,4.9666,9.8106
2018-06-01,3.5700,3.6300,3.5700,3.6000,0.0100,0.2800,2005514.1300,721807.2330,2.4900,5.3800,0.0682,0.5660,0.9300,6.0595,5.9660,0.8843,2.1772,2.1473,32479411.7000,29405529.3904,3543299.0685,116925882.1200,105859905.8054,4.7222,9.6750,0.4994,0.4994,4.9944,9.8655
2018-06-04,3.6100,3.6800,3.6000,3.6600,0.0600,1.6700,2614902.8300,953994.7570,2.5300,5.4700,0.0889,0.7380,1.2300,6.1605,6.0654,0.8991,2.2135,2.1831,32479411.7000,29405529.3904,3543299.0685,118874646.8220,107624237.5689,4.6448,9.5164,0.4939,0.4939,4.9391,9.7562
2018-06-05,3.6700,3.6800,3.6400,3.6700,0.0100,0.2700,1893778.6500,694336.4610,2.5400,5.4900,0.0644,0.5345,0.8200,6.1774,6.0820,0.9015,2.2196,2.1891,32479411.7000,29405529.3904,3543299.0685,119199440.9390,107918292.8628,4.6321,9.4904,0.4858,0.4858,4.8583,9.5967
2018-06-06,3.6700,3.6700,3.6200,3.6400,-0.0300,-0.8200,1834993.7300,668233.2610,2.5200,5.4400,0.0624,0.5179,0.8600,6.1269,6.0323,0.8942,2.2014,2.1712,32479411.7000,29405529.3904,3543299.0685,118225058.5880,107036126.9811,4.6703,9.5686,0.4858,0.4858,4.8583,9.5967
2018-06-07,3.6500,3.6800,3.6300,3.6600,0.0200,0.5500,1705524.7700,622611.5210,2.5300,5.4700,0.0580,0.4813,0.8000,6.1605,6.0654,0.8991,2.2135,2.1831,32479411.7000,29405529.3904,3543299.0685,118874646.8220,107624237.5689,4.6448,9.5164,0.4885,0.4885,4.8849,9.6493
2018-06-08,3.6400,3.6500,3.5800,3.5900,-0.0700,-1.9100,2060445.3000,742394.4380,2.4800,5.3700,0.0701,0.5815,1.0200,6.0427,5.9494,0.8819,2.1712,2.1414,32479411.7000,29405529.3904,3543299.0685,116601088.0030,105565850.5115,4.7353,9.7019,0.4898,0.4898,4.8984,9.6758
2018-06-11,3.5800,3.6000,3.5500,3.6000,0.0100,0.2800,1999832.8300,714308.3960,2.4900,5.3800,0.0680,0.5644,0.9900,6.0595,5.9660,0.8843,2.1772,2.1473,32479411.7000,29405529.3904,3543299.0685,116925882.1200,105859905.8054,4.7222,9.6750,0.4980,0.4980,4.9804,9.8380
2018-06-12,3.5900,3.6100,3.5800,3.6000,0.0000,0.0000,1236175.4300,444362.4870,2.4900,5.3800,0.0420,0.3489,0.6500,6.0595,5.9660,0.8843,2.1772,2.1473,32479411.7000,29405529.3904,3543299.0685,116925882.1200,105859905.8054,4.7222,9.6750,0.4967,0.4967,4.9666,9.8106
2018-06-13,3.6000,3.6000,3.5600,3.5900,-0.0100,-0.2800,1664307.9100,595061.8920,2.4800,5.3700,0.0566,0.4697,0.9400,6.0427,5.9494,0.8819,2.1712,2.1414,32479411.7000,29405529.3904,3543299.0685,116601088.0030,105565850.5115,4.7353,9.7019,0.4953,0.4953,4.9528,9.7833
2018-06-14,3.5800,3.6200,3.5700,3.6100,0.0200,0.5600,2210587.3400,794744.7300,2.5000,5.4000,0.0752,0.6239,1.2800,6.0764,5.9825,0.8868,2.1833,2.1533,32479411.7000,29405529.3904,3543299.0685,117250676.2370,106153961.0993,4.7091,9.6482,0.4980,0.4980,4.9804,9.8380
2018-06-15,3.6000,3.6600,3.5900,3.6300,0.0200,0.5500,2401626.7700,872612.8850,2.5100,5.4300,0.0817,0.6778,1.3100,6.1100,6.0157,0.8917,2.1954,2.1652,32479411.7000,29405529.3904,3543299.0685,117900264.4710,106742071.6872,4.6832,9.5950,0.4953,0.4953,4.9528,9.7833
2018-06-19,3.6100,3.6500,3.5700,3.6300,0.0000,0.0000,6221790.3700,2252600.4830,2.5100,5.4300,0.2116,1.7559,3.2700,6.1100,6.0157,0.8917,2.1954,2.1652,32479411.7000,29405529.3904,3543299.0685,117900264.4710,106742071.6872,4.6832,9.5950,0.4939,0.4939,4.9391,9.7562
2018-06-20,3.6100,3.6200,3.5800,3.5800,-0.0500,-1.3800,1946871.6700,698903.0100,2.4800,5.3500,0.0662,0.5495,0.7100,6.0259,5.9328,0.8794,2.1651,2.1354,32479411.7000,29405529.3904,3543299.0685,116276293.8860,105271795.2176,4.7486,9.7290,0.4939,0.4939,4.9391,9.7562
2018-06-21,3.5800,3.6100,3.5700,3.5900,0.0100,0.2800,2014547.6900,723569.9330,2.4800,5.3700,0.0685,0.5686,0.7000,6.0427,5.9494,0.8819,2.1712,2.1414,32479411.7000,29405529.3904,3543299.0685,116601088.0030,105565850.5115,4.7353,9.7019,0.4980,0.4980,4.9804,9.8380
2018-06-22,3.5700,3.5800,3.5500,3.5800,-0.0100,-0.2800,1745337.9000,622454.3270,2.4800,5.3500,0.0594,0.4926,0.5900,6.0259,5.9328,0.8794,2.1651,2.1354,32479411.7000,29405529.3904,3543299.0685,116276293.8860,105271795.2176,4.7486,9.7290,0.4994,0.4994,4.9944,9.8655
2018-06-25,3.5900,3.6000,3.5200,3.5300,-0.0500,-1.4000,2010404.4600,714982.8380,2.4400,5.2800,0.0684,0.5674,0.7000,5.9417,5.8500,0.8671,2.1349,2.1056,32479411.7000,29405529.3904,3543299.0685,114652323.3010,103801518.7481,4.8158,9.8668,0.4967,0.4967,4.9666,9.8106
2018-06-26,3.5100,3.5100,3.4200,3.4600,-0.0700,-1.9800,2868053.7100,992423.7390,2.3900,5.1700,0.0975,0.8094,1.0300,5.8239,5.7340,0.8499,2.0926,2.0638,32479411.7000,29405529.3904,3543299.0685,112378764.4820,101743131.6908,4.9133,10.0664,0.5080,0.5080,5.0798,10.0342
2018-06-27,3.4500,3.4600,3.3900,3.4300,-0.0300,-0.8700,2930275.3300,1003286.6790,2.3700,5.1300,0.0997,0.8270,1.3800,5.7734,5.6842,0.8426,2.0744,2.0459,32479411.7000,29405529.3904,3543299.0685,111404382.1310,100860965.8091,4.9562,10.1545,0.5168,0.5168,5.1681,10.2087
2018-06-28,3.4000,3.4300,3.3800,3.3900,-0.0400,-1.1700,2072589.6300,705239.0880,2.3400,5.0700,0.0705,0.5849,0.9000,5.7061,5.6180,0.8328,2.0502,2.0221,32479411.7000,29405529.3904,3543299.0685,110105205.6630,99684744.6335,5.0147,10.2743,0.5244,0.5244,5.2441,10.3588
2018-06-29,3.3800,3.4500,3.3800,3.4400,0.0500,1.4700,2037466.5900,696418.0070,2.3800,5.1400,0.0693,0.5750,0.8800,5.7902,5.7008,0.8450,2.0805,2.0519,32479411.7000,29405529.3904,3543299.0685,111729176.2480,101155021.1030,4.9418,10.1250,0.5275,0.5275,5.2751,10.4201
2018-07-02,3.4300,3.4300,3.3100,3.3200,-0.1200,-3.4900,2749616.6400,927034.1180,2.3000,4.9600,0.0935,0.7760,1.1500,5.5882,5.5020,0.8156,2.0079,1.9803,32479411.7000,29405529.3904,3543299.0685,107831646.8440,97626357.5761,5.1204,10.4909,0.5198,0.5198,5.1983,10.2682
2018-07-03,3.3200,3.3300,3.2500,3.3100,-0.0100,-0.3000,3577015.5100,1174574.4270,2.2900,4.9500,0.1216,1.0095,1.4100,5.5714,5.4854,0.8131,2.0018,1.9743,32479411.7000,29405529.3904,3543299.0685,107506852.7270,97332302.2822,5.1359,10.5226,0.5370,0.5370,5.3705,10.6084
2018-07-04,3.3000,3.3600,3.2900,3.3200,0.0100,0.3000,2716146.9900,905174.9590,2.3000,4.9600,0.0924,0.7666,1.0200,6.0216,5.9286,0.8170,2.1636,2.1339,34998303.3873,29405529.3904,3543299.0704,116194367.2458,97626357.5761,4.7164,9.6632,0.5403,0.5403,5.4030,10.6727
2018-07-05,3.3200,3.3700,3.2900,3.3600,0.0400,1.2000,3164035.5200,1054451.7330,2.3200,5.0200,0.1076,0.8930,1.2000,6.0942,6.0001,0.8269,2.1897,2.1596,34998303.3873,29405529.3904,3543299.0685,117594299.3813,98802578.7517,4.6603,9.5481,0.5370,0.5370,5.3705,10.6084
2018-07-06,3.3400,3.4100,3.3200,3.3900,0.0300,0.8900,2977449.8500,1002629.7950,2.3400,5.0700,0.1013,0.8403,1.0500,6.1486,6.0536,0.8342,2.2092,2.1789,34998303.3873,29405529.3904,3543299.0685,118644248.4829,99684744.6335,4.6190,9.4636,0.5338,0.5338,5.3383,10.5449
2018-07-09,3.4000,3.5300,3.3900,3.5200,0.1300,3.8300,3372784.6100,1169149.3510,2.4300,5.2600,0.1147,0.9519,1.1100,6.3844,6.2858,0.8662,2.2939,2.2624,34998303.3873,29405529.3904,3543299.0685,123194027.9233,103507463.4542,4.4485,9.1141,0.5244,0.5244,5.2441,10.3588
2018-07-10,3.5100,3.5300,3.4600,3.5000,-0.0200,-0.5700,1977952.4500,690714.8570,2.4200,5.2300,0.0673,0.5582,0.6300,6.3481,6.2501,0.8613,2.2809,2.2496,34998303.3873,29405529.3904,3543299.0685,122494061.8556,102919352.8664,4.4739,9.1662,0.5080,0.5080,5.0798,10.0342
2018-07-11,3.4500,3.4800,3.4200,3.4600,-0.0400,-1.1400,1994194.2500,688430.0180,2.3900,5.1700,0.0678,0.5628,0.7000,6.2755,6.1787,0.8515,2.2548,2.2239,34998303.3873,29405529.3904,3543299.0685,121094129.7201,101743131.6908,4.5256,9.2722,0.5168,0.5168,5.1681,10.2087
2018-07-12,3.4600,3.5500,3.4500,3.5300,0.0700,2.0200,2432661.1300,857313.1730,2.4400,5.2800,0.0827,0.6866,0.9000,6.4025,6.3037,0.8687,2.3005,2.2689,34998303.3873,29405529.3904,3543299.0685,123544010.9572,103801518.7481,4.4358,9.0883,0.5153,0.5153,5.1532,10.1792
2018-07-13,3.5400,3.5400,3.4900,3.5000,-0.0300,-0.8500,1372584.8200,481429.7860,2.4200,5.2300,0.0467,0.3874,0.5400,6.3481,6.2501,0.8613,2.2809,2.2496,34998303.3873,29405529.3904,3543299.0685,122494061.8556,102919352.8664,4.4739,4.6923,0.5037,0.5037,5.0367,9.9492
2018-07-16,3.4900,3.5000,3.4100,3.4200,-0.0800,-2.2900,1984569.6200,682197.6390,2.3600,5.1100,0.0675,0.5601,0.8900,6.2030,6.1072,0.8416,2.2288,2.1982,34998303.3873,29405529.3904,3543299.0685,119694197.5846,100566910.5152,4.5785,4.8021,0.5109,0.5109,5.1089,10.0917
2018-07-17,3.4200,3.4300,3.3900,3.4100,-0.0100,-0.2900,1333221.4100,453804.8050,2.3600,5.1000,0.0453,0.3763,0.6800,6.1849,6.0894,0.8392,2.2223,2.1917,34998303.3873,29405529.3904,3543299.0685,119344214.5507,100272855.2213,4.5919,4.8162,0.5213,0.5213,5.2135,10.2982
2018-07-18,3.4200,3.4800,3.4100,3.4100,0.0000,0.0000,1719877.8600,591851.9900,2.3600,5.1000,0.0585,0.4854,0.9400,6.1849,6.0894,0.8392,2.2223,2.1917,34998303.3873,29405529.3904,3543299.0685,119344214.5507,100272855.2213,4.5919,4.8162,0.5213,0.5213,5.2135,10.2982
2018-07-19,3.4200,3.4300,3.3500,3.3700,-0.0400,-1.1700,2154908.6700,728824.3610,2.3300,5.0400,0.0733,0.6082,1.2200,6.1123,6.0179,0.8293,2.1962,2.1660,34998303.3873,29405529.3904,3543299.0685,117944282.4152,99096634.0456,4.6465,4.8733,0.5213,0.5213,5.2135,10.2982
2018-07-20,3.3600,3.5600,3.3400,3.5400,0.1700,5.0400,4547298.0400,1577430.2600,2.4500,5.2900,0.1546,1.2834,2.6500,6.4206,6.3215,0.8712,2.3070,2.2753,34998303.3873,29405529.3904,3543299.0685,123893993.9910,104095574.0420,4.4233,4.6393,0.5307,0.5307,5.3065,10.4821
2018-07-23,3.5100,3.6400,3.5000,3.6000,0.0600,1.6900,4780787.3200,1714898.6500,2.4900,5.3800,0.1626,1.3492,2.0400,6.5295,6.4287,0.8859,2.3461,2.3139,34998303.3873,29405529.3904,3543299.0685,125993892.1943,105859905.8054,4.3496,4.5620,0.5080,0.5080,5.0798,10.0342
2018-07-24,3.6000,3.6500,3.5800,3.6200,0.0200,0.5600,3647713.4400,1322356.3940,2.5000,5.4100,0.1240,1.0295,1.2500,6.5657,6.4644,0.8908,2.3591,2.3267,34998303.3873,29405529.3904,3543299.0685,126693858.2620,106448016.3932,4.3256,4.5368,0.4953,0.4953,4.9528,9.7833
2018-07-25,3.6400,3.6500,3.6100,3.6400,0.0200,0.5500,2082470.0700,756201.3000,2.5200,5.4400,0.0708,0.5877,0.6200,6.6020,6.5001,0.8958,2.3721,2.3396,34998303.3873,29405529.3904,3543299.0685,127393824.3298,107036126.9811,4.3018,4.5119,0.4898,0.4898,4.8984,9.6758
2018-07-26,3.6400,3.6600,3.5700,3.5900,-0.0500,-1.3700,2343609.3500,845817.1950,2.4800,5.3700,0.0797,0.6614,0.6800,6.5113,6.4108,0.8835,2.3396,2.3074,34998303.3873,29405529.3904,3543299.0685,125643909.1604,105565850.5115,4.3617,4.5747,0.4898,0.4898,4.8984,9.6758
2018-07-27,3.5900,3.6000,3.5500,3.5900,0.0000,0.0000,1499939.7600,536185.1860,2.4800,5.3700,0.0510,0.4233,0.4300,6.5113,6.4108,0.8835,2.3396,2.3074,34998303.3873,29405529.3904,3543299.0685,125643909.1604,105565850.5115,4.3617,4.5747,0.4967,0.4967,4.9666,9.8106
2018-07-30,3.5800,3.6500,3.5600,3.6100,0.0200,0.5600,2272240.7700,818543.4630,2.5000,5.4000,0.0773,0.6413,0.7900,6.5476,6.4465,0.8884,2.3526,2.3203,34998303.3873,29405529.3904,3543299.0685,126343875.2282,106153961.0993,4.3375,4.5494,0.4980,0.4980,4.9804,9.8380
2018-07-31,3.5900,3.6400,3.5800,3.6400,0.0300,0.8300,1779429.4400,642991.3890,2.5200,5.4400,0.0605,0.5022,0.7500,6.6020,6.5001,0.8958,2.3721,2.3396,34998303.3873,29405529.3904,3543299.0685,127393824.3298,107036126.9811,4.3018,4.5119,0.4967,0.4967,4.9666,9.8106
2018-08-01,3.6400,3.6900,3.5900,3.6000,-0.0400,-1.1000,2495806.0000,909676.9960,2.4900,5.3800,0.0849,0.7044,1.2500,6.5295,6.4287,0.8859,2.3461,2.3139,34998303.3873,29405529.3904,3543299.0685,125993892.1943,105859905.8054,4.3496,4.5620,0.4898,0.4898,4.8984,9.6758
2018-08-02,3.5900,3.6000,3.4800,3.5000,-0.1000,-2.7800,2866342.4000,1011259.2480,2.4200,5.2300,0.0975,0.8089,1.3800,6.3481,6.2501,0.8613,2.2809,2.2496,34998303.3873,29405529.3904,3543299.0685,122494061.8556,102919352.8664,4.4739,4.6923,0.4967,0.4967,4.9666,9.8106
2018-08-03,3.5000,3.5800,3.4900,3.5300,0.0300,0.8600,2913086.9900,1032874.5060,2.4400,5.2800,0.0991,0.8221,1.3300,6.4025,6.3037,0.8687,2.3005,2.2689,34998303.3873,29405529.3904,3543299.0685,123544010.9572,103801518.7481,4.4358,4.6525,0.5094,0.5094,5.0943,10.0629
2018-08-06,3.5300,3.6400,3.5300,3.5600,0.0300,0.8500,3702266.1500,1332767.6730,2.4600,5.3200,0.1259,1.0449,1.5000,6.4569,6.3572,0.8761,2.3200,2.2882,34998303.3873,29405529.3904,3543299.0685,124593960.0588,104683684.6298,4.3985,4.6133,0.5051,0.5051,5.0510,9.9773
2018-08-07,3.5700,3.6300,3.5400,3.6300,0.0700,1.9700,2191736.1800,786158.7240,2.5100,5.4300,0.0745,0.6186,0.8000,6.5839,6.4822,0.8933,2.3656,2.3331,34998303.3873,29405529.3904,3543299.0685,127043841.2959,106742071.6872,4.3136,4.5243,0.4994,0.4994,4.9944,9.8655
2018-08-08,3.6300,3.6300,3.5700,3.5800,-0.0500,-1.3800,1518534.7300,546121.3160,2.4800,5.3500,0.0516,0.4286,0.5400,6.4932,6.3929,0.8810,2.3330,2.3010,34998303.3873,29405529.3904,3543299.0685,125293926.1265,105271795.2176,4.3739,4.5875,0.4912,0.4912,4.9118,9.7025
2018-08-09,3.5600,3.6400,3.5500,3.6300,0.0500,1.4000,2021615.7100,731146.6000,2.5100,5.4300,0.0687,0.5705,0.7700,6.5839,6.4822,0.8933,2.3656,2.3331,34998303.3873,29405529.3904,3543299.0685,127043841.2959,106742071.6872,4.3136,4.5243,0.5008,0.5008,5.0084,9.8933
2018-08-10,3.6300,3.6300,3.5900,3.6100,-0.0200,-0.5500,1411560.8300,509255.9640,2.5000,5.4000,0.0480,0.3984,0.5700,6.5476,6.4465,0.8884,2.3526,2.3203,34998303.3873,29405529.3904,3543299.0685,126343875.2282,106153961.0993,4.3375,4.5494,0.4912,0.4912,4.9118,9.7025
2018-08-13,3.5800,3.5900,3.5100,3.5600,-0.0500,-1.3900,2264691.4400,803003.3490,2.4600,5.3200,0.0770,0.6391,1.0400,6.4569,6.3572,0.8761,2.3200,2.2882,34998303.3873,29405529.3904,3543299.0685,124593960.0588,104683684.6298,4.3985,4.6133,0.4980,0.4980,4.9804,9.8380
2018-08-14,3.5500,3.5600,3.5100,3.5500,-0.0100,-0.2800,1510397.9800,533788.2210,2.4500,5.3100,0.0514,0.4263,0.8000,6.4388,6.3394,0.8736,2.3135,2.2817,34998303.3873,29405529.3904,3543299.0685,124243977.0249,104389629.3359,4.4109,4.6262,0.5023,0.5023,5.0225,9.9211
2018-08-15,3.5400,3.5500,3.4900,3.4900,-0.0600,-1.6900,1859556.5200,653161.3900,2.4100,5.2200,0.0632,0.5248,1.0700,6.3300,6.2322,0.8589,2.2744,2.2432,34998303.3873,29405529.3904,3543299.0685,122144078.8217,102625297.5725,4.4867,4.7058,0.5037,0.5037,5.0367,9.9492
2018-08-16,3.4700,3.5100,3.4500,3.5100,0.0200,0.5700,2177830.9700,757197.3660,2.4300,5.2500,0.0741,0.6146,1.2000,6.3662,6.2679,0.8638,2.2874,2.2560,34998303.3873,29405529.3904,3543299.0685,122844044.8894,103213408.1603,4.4611,4.6790,0.5138,0.5138,5.1383,10.1499
2018-08-17,3.5200,3.5400,3.4900,3.5000,-0.0100,-0.2800,1780544.8600,626711.4650,2.4200,5.2300,0.0606,0.5025,0.9700,6.3481,6.2501,0.8613,2.2809,2.2496,34998303.3873,29405529.3904,3543299.0685,122494061.8556,102919352.8664,4.4739,4.6923,0.5065,0.5065,5.0653,10.0057
2018-08-20,3.5100,3.5700,3.5000,3.5700,0.0700,2.0000,1737295.0200,615448.1860,2.4700,5.3400,0.0591,0.4903,0.9100,6.4751,6.3751,0.8785,2.3265,2.2946,34998303.3873,29405529.3904,3543299.0685,124943943.0927,104977739.9237,4.3861,4.6003,0.5080,0.5080,5.0798,10.0342
2018-08-21,3.5700,3.6200,3.5600,3.5900,0.0200,0.5600,1748023.5100,629329.7320,2.4800,5.3700,0.0594,0.4933,0.9600,6.5113,6.4108,0.8835,2.3396,2.3074,34998303.3873,29405529.3904,3543299.0685,125643909.1604,105565850.5115,4.3617,4.5747,0.4994,0.4994,4.9944,9.8655
2018-08-22,3.5900,3.5900,3.5500,3.5700,-0.0200,-0.5600,1057462.4400,377234.9240,2.4700,5.3400,0.0360,0.2984,0.5700,6.4751,6.3751,0.8785,2.3265,2.2946,34998303.3873,29405529.3904,3543299.0685,124943943.0927,104977739.9237,4.3861,4.6003,0.4967,0.4967,4.9666,9.8106
2018-08-23,3.5700,3.6000,3.5500,3.5700,0.0000,0.0000,1327319.9700,474486.5420,2.4700,5.3400,0.0451,0.3746,0.7800,6.4751,6.3751,0.8785,2.3265,2.2946,34998303.3873,29405529.3904,3543299.0685,124943943.0927,104977739.9237,4.3861,4.6003,0.4994,0.4994,4.9944,9.8655
2018-08-24,3.5600,3.6400,3.5500,3.6100,0.0400,1.1200,2173324.6000,780965.0150,2.5000,5.4000,0.0739,0.6134,1.4200,6.5476,6.4465,0.8884,2.3526,2.3203,34998303.3873,29405529.3904,3543299.0685,126343875.2282,106153961.0993,4.3375,4.5494,0.5008,0.5008,5.0084,9.8933
2018-08-27,3.6200,3.6400,3.5900,3.6400,0.0300,0.8300,2224352.0600,804944.8330,2.5200,5.4400,0.0756,0.6278,1.3800,6.6020,6.5001,0.8958,2.3721,2.3396,34998303.3873,29405529.3904,3543299.0685,127393824.3298,107036126.9811,4.3018,4.5119,0.4925,0.4925,4.9254,9.7293
2018-08-28,3.6400,3.6600,3.6100,3.6200,-0.0200,-0.5500,1190027.4800,432253.6800,2.5000,5.4100,0.0405,0.3359,0.7000,6.5657,6.4644,0.8908,2.3591,2.3267,34998303.3873,29405529.3904,3543299.0685,126693858.2620,106448016.3932,4.3256,4.5368,0.4898,0.4898,4.8984,9.6758
2018-08-29,3.6300,3.6500,3.6200,3.6400,0.0200,0.5500,1674760.3500,608283.7850,2.5200,5.4400,0.0570,0.4727,1.0500,6.6020,6.3647,0.8036,2.3721,2.2492,34998303.3873,29405529.3904,3543299.0685,127393824.3298,107036126.9811,4.3018,4.5119,0.4912,0.4912,4.9118,9.7025
2018-08-30,3.6300,3.6500,3.6000,3.6000,-0.0400,-1.1000,1330696.3900,481383.1630,2.4900,5.3800,0.0453,0.3756,0.7700,6.5295,6.2947,0.7948,2.3461,2.2245,34998303.3873,29405529.3904,3543299.0685,125993892.1943,105859905.8054,4.3496,4.5620,0.4912,0.4912,4.9118,9.7025
2018-08-31,3.6000,3.6500,3.5900,3.6300,0.0300,0.8300,2096313.4400,759973.6360,2.5100,5.4300,0.0713,0.5916,1.2200,6.5839,6.3472,0.8014,2.3656,2.2430,34998303.3873,29405529.3904,3543299.0685,127043841.2959,106742071.6872,4.3136,4.5243,0.4953,0.4953,4.9528,9.7833
2018-09-03,3.6200,3.6500,3.6200,3.6400,0.0100,0.2800,1480814.5100,538766.2090,2.5200,5.4400,0.0504,0.4179,0.8700,6.6020,6.3647,0.8036,2.3721,2.2492,34998303.3873,29405529.3904,3543299.0685,127393824.3298,107036126.9811,4.3018,4.5119,0.4925,0.4925,4.9254,9.7293
2018-09-04,3.6400,3.6700,3.6100,3.6500,0.0100,0.2700,1773349.0600,645012.8050,2.5200,5.4600,0.0603,0.5005,1.1400,6.6202,6.3821,0.8058,2.3787,2.2554,34998303.3873,29405529.3904,3543299.0685,127743807.3636,107330182.2750,4.2900,4.4995,0.4898,0.4898,4.8984,9.6758
2018-09-05,3.6400,3.6500,3.5900,3.6000,-0.0500,-1.3700,1707489.1300,617880.7380,2.4900,5.3800,0.0581,0.4819,1.0200,6.5295,6.2947,0.7948,2.3461,2.2245,34998303.3873,29405529.3904,3543299.0685,125993892.1943,105859905.8054,4.3496,4.5620,0.4898,0.4898,4.8984,9.6758
2018-09-06,3.6000,3.6200,3.5600,3.5700,-0.0300,-0.8300,1536553.6400,552103.9490,2.4700,5.3400,0.0523,0.4337,0.9200,6.4751,6.2423,0.7881,2.3265,2.2060,34998303.3873,29405529.3904,3543299.0685,124943943.0927,104977739.9237,4.3861,4.6003,0.4953,0.4953,4.9528,9.7833
2018-09-07,3.5800,3.6100,3.5700,3.5900,0.0200,0.5600,1052135.4900,377530.1680,2.4800,5.3700,0.0358,0.2969,0.6100,6.5113,6.2772,0.7925,2.3396,2.2183,34998303.3873,29405529.3904,3543299.0685,125643909.1604,105565850.5115,4.3617,4.5747,0.4980,0.4980,4.9804,9.8380
2018-09-10,3.5800,3.6100,3.5700,3.6000,0.0100,0.2800,1501858.1600,539932.2840,2.4900,5.3800,0.0511,0.4239,0.9900,6.5295,6.2947,0.7948,2.3461,2.2245,34998303.3873,29405529.3904,3543299.0685,125993892.1943,105859905.8054,4.3496,4.5620,0.4980,0.4980,4.9804,9.8380
2018-09-11,3.5900,3.6300,3.5800,3.5900,-0.0100,-0.2800,1049783.6400,378567.3670,2.4800,5.3700,0.0357,0.2963,0.6900,6.5113,6.2772,0.7925,2.3396,2.2183,34998303.3873,29405529.3904,3543299.0685,125643909.1604,105565850.5115,4.3617,4.5747,0.4967,0.4967,4.9666,9.8106
2018-09-12,3.5800,3.5900,3.5600,3.5700,-0.0200,-0.5600,929218.6500,331851.6570,2.4700,5.3400,0.0316,0.2622,0.6800,6.4751,6.2423,0.7881,2.3265,2.2060,34998303.3873,29405529.3904,3543299.0685,124943943.0927,104977739.9237,4.3861,4.6003,0.4980,0.4980,4.9804,9.8380
2018-09-13,3.5900,3.6300,3.5800,3.6300,0.0600,1.6800,1512021.7900,545321.6600,2.5100,5.4300,0.0514,0.4267,1.2500,6.5839,6.3472,0.8014,2.3656,2.2430,34998303.3873,29405529.3904,3543299.0685,127043841.2959,106742071.6872,4.3136,4.5243,0.4967,0.4967,4.9666,9.8106
2018-09-14,3.6300,3.6400,3.6100,3.6300,0.0000,0.0000,1370083.5000,497232.2220,2.5100,5.4300,0.0466,0.3867,1.1300,6.5839,6.3472,0.8014,2.3656,2.2430,34998303.3873,29405529.3904,3543299.0685,127043841.2959,106742071.6872,4.3136,4.5243,0.4912,0.4912,4.9118,9.7025
2018-09-17,3.6200,3.6300,3.6000,3.6200,-0.0100,-0.2800,875448.1200,316633.3050,2.5000,5.4100,0.0298,0.2471,0.6900,6.5657,6.3297,0.7992,2.3591,2.2369,34998303.3873,29405529.3904,3543299.0685,126693858.2620,106448016.3932,4.3256,4.5368,0.4925,0.4925,4.9254,9.7293
2018-09-18,3.6200,3.6500,3.6100,3.6400,0.0200,0.5500,1523711.8100,552884.7640,2.5200,5.4400,0.0518,0.4300,1.3300,6.6020,6.3647,0.8036,2.3721,2.2492,34998303.3873,29405529.3904,3543299.0685,127393824.3298,107036126.9811,4.3018,4.5119,0.4925,0.4925,4.9254,9.7293
2018-09-19,3.6400,3.6700,3.6300,3.6500,0.0100,0.2700,2368213.4100,865116.2270,2.5200,5.4600,0.0805,0.6684,1.9100,6.6202,6.3821,0.8058,2.3787,2.2554,34998303.3873,29405529.3904,3543299.0685,127743807.3636,107330182.2750,4.2900,4.4995,0.4898,0.4898,4.8984,9.6758
2018-09-20,3.6500,3.7000,3.6500,3.6700,0.0200,0.5500,2145600.5800,788894.1340,2.5400,5.4900,0.0730,0.6055,1.4000,6.6564,6.4171,0.8102,2.3917,2.2678,34998303.3873,29405529.3904,3543299.0685,128443773.4314,107918292.8628,4.2666,4.4750,0.4885,0.4885,4.8849,9.6493
2018-09-21,3.6800,3.9300,3.6700,3.9300,0.2600,7.0800,6346063.1400,2416146.7680,2.7200,5.8800,0.2158,1.7910,3.8300,7.1280,6.8717,0.8676,2.5611,2.4284,34998303.3873,29405529.3904,3543299.0685,137543332.3121,115563730.5043,3.9844,4.1789,0.4845,0.4845,4.8451,9.5707
2018-09-25,3.8600,3.8800,3.8200,3.8600,-0.0700,-1.7800,3033685.5200,1168792.5480,2.6700,5.7700,0.1032,0.8562,1.1400,7.0010,6.7493,0.8522,2.5155,2.3852,34998303.3873,29405529.3904,3543299.0685,135093451.0750,113505343.4469,4.0566,4.2547,0.4619,0.4619,4.6192,9.1244
2018-09-26,3.8600,3.9200,3.8300,3.8500,-0.0100,-0.2600,4435859.4300,1717691.8860,2.6600,5.7600,0.1509,1.2519,1.4400,6.9829,6.7319,0.8499,2.5090,2.3790,34998303.3873,29405529.3904,3543299.0685,134743468.0411,113211288.1530,4.0672,4.2658,0.4619,0.4619,4.6192,9.1244
2018-09-27,3.8400,3.8600,3.8000,3.8400,-0.0100,-0.2600,3012595.2600,1152842.4430,2.6500,5.7400,0.1024,0.8502,0.8200,6.9648,6.7144,0.8477,2.5025,2.3728,34998303.3873,29405529.3904,3543299.0685,134393485.0072,112917232.8591,4.0777,4.2769,0.4643,0.4643,4.6432,9.1719
2018-09-28,3.8400,3.9400,3.8400,3.8900,0.0500,1.3000,3461350.4100,1346751.3260,2.6900,5.8200,0.1177,0.9769,0.9100,7.0555,6.8018,0.8588,2.5351,2.4037,34998303.3873,29405529.3904,3543299.0685,136143400.1766,114387509.3287,4.0253,4.2219,0.4643,0.4643,4.6432,9.1719
2018-10-08,3.8100,3.8300,3.7500,3.7900,-0.1000,-2.5700,3011259.0300,1141005.0730,2.6200,5.6700,0.1024,0.8498,0.7400,6.8741,6.6269,0.8367,2.4699,2.3419,34998303.3873,29405529.3904,3543299.0685,132643569.8379,111446956.3896,4.1315,4.3333,0.4680,0.4680,4.6798,9.2441
2018-10-09,3.7700,3.7900,3.7300,3.7500,-0.0400,-1.0600,1898498.3400,712987.9890,2.5900,5.6100,0.0646,0.5358,0.5600,6.8015,6.5570,0.8279,2.4438,2.3172,34998303.3873,29405529.3904,3543299.0685,131243637.7024,110270735.2140,4.1756,4.3795,0.4729,0.4729,4.7294,9.3422
2018-10-10,3.7500,3.7900,3.7200,3.7600,0.0100,0.2700,1967473.7100,738722.0640,2.6000,5.6200,0.0669,0.5553,0.6200,6.8197,6.5745,0.8301,2.4503,2.3234,34998303.3873,29405529.3904,3543299.0685,131593620.7362,110564790.5079,4.1645,4.3679,0.4755,0.4755,4.7547,9.3920
2018-10-11,3.6600,3.7300,3.6200,3.6500,-0.1100,-2.9300,3197570.6000,1177383.3920,2.5200,5.4600,0.1087,0.9024,1.2000,6.6202,6.3821,0.8058,2.3787,2.2554,34998303.3873,29405529.3904,3543299.0685,127743807.3636,107330182.2750,4.2900,4.4995,0.4872,0.4872,4.8716,9.6230
2018-10-12,3.6600,3.7600,3.6400,3.7400,0.0900,2.4700,2792808.8900,1031217.0310,2.5900,5.5900,0.0950,0.7882,1.0300,6.7834,6.5395,0.8257,2.4373,2.3110,34998303.3873,29405529.3904,3543299.0685,130893654.6685,109976679.9201,4.1868,4.3912,0.4872,0.4872,4.8716,9.6230
2018-10-15,3.7400,3.7400,3.6600,3.7000,-0.0400,-1.0700,2003000.3900,740616.8220,2.5600,5.5300,0.0681,0.5653,0.7800,6.7108,6.4696,0.8168,2.4112,2.2863,34998303.3873,29405529.3904,3543299.0685,129493722.5330,108800458.7445,4.2320,4.4387,0.4767,0.4767,4.7674,9.4171
2018-10-16,3.7000,3.7700,3.7000,3.7400,0.0400,1.0800,1880431.5900,702479.7200,2.5900,5.5900,0.0639,0.5307,0.7900,6.7834,6.5395,0.8257,2.4373,2.3110,34998303.3873,29405529.3904,3543299.0685,130893654.6685,109976679.9201,4.1868,4.3912,0.4819,0.4819,4.8189,9.5189
2018-10-17,3.7600,3.7900,3.7000,3.7700,0.0300,0.8000,2564520.6000,963513.7260,2.6100,5.6400,0.0872,0.7238,1.0800,6.8378,6.5920,0.8323,2.4569,2.3296,34998303.3873,29405529.3904,3543299.0685,131943603.7701,110858845.8018,4.1535,4.3563,0.4742,0.4742,4.7420,9.3670
2018-10-18,3.7600,3.7600,3.6800,3.6800,-0.0900,-2.3900,1988488.6400,738715.9240,2.5400,5.5000,0.0676,0.5612,0.8000,6.6746,6.4346,0.8124,2.3982,2.2739,34998303.3873,29405529.3904,3543299.0685,128793756.4653,108212348.1567,4.2550,4.4628,0.4742,0.4742,4.7420,9.3670
2018-10-19,3.6800,3.8200,3.6500,3.7900,0.1100,2.9900,3594117.1400,1343377.7840,2.6200,5.6700,0.1222,1.0143,1.6000,6.8741,6.6269,0.8367,2.4699,2.3419,34998303.3873,29405529.3904,3543299.0685,132643569.8379,111446956.3896,4.1315,4.3333,0.4845,0.4845,4.8451,9.5707
2018-10-22,3.8100,3.9200,3.7900,3.8900,0.1000,2.6400,4522420.6300,1755086.6330,2.6900,5.8200,0.1538,1.2763,1.8800,7.0555,6.8018,0.8588,2.5351,2.4037,34998303.3873,29405529.3904,3543299.0685,136143400.1766,114387509.3287,4.0253,4.2219,0.4680,0.4680,4.6798,9.2441
2018-10-23,3.8700,3.8900,3.8000,3.8100,-0.0800,-2.0600,2295292.0100,882185.9930,2.6300,5.7000,0.0781,0.6478,0.7900,6.9104,6.6619,0.8411,2.4829,2.3543,34998303.3873,29405529.3904,3543299.0685,133343535.9056,112035066.9774,4.1099,4.3105,0.4607,0.4607,4.6072,9.1008
2018-10-24,3.8000,3.9300,3.8000,3.8700,0.0600,1.5700,3546615.9300,1371223.7730,2.6800,5.7900,0.1206,1.0009,1.1800,7.0192,6.7668,0.8544,2.5220,2.3913,34998303.3873,29405529.3904,3543299.0685,135443434.1089,113799398.7408,4.0461,4.2437,0.4692,0.4692,4.6921,9.2684
2018-10-25,3.8100,3.8900,3.8000,3.8800,0.0100,0.2600,2438318.1000,936227.8630,2.6800,5.8000,0.0829,0.6881,0.7600,7.0373,6.7843,0.8566,2.5285,2.3975,34998303.3873,29405529.3904,3543299.0685,135793417.1427,114093454.0348,4.0357,4.2328,0.4680,0.4680,4.6798,9.2441
2018-10-26,3.8800,3.9100,3.8300,3.9100,0.0300,0.7700,2759112.1400,1066834.9000,2.7000,5.8500,0.0938,0.7787,0.8400,7.0917,6.8368,0.8632,2.5481,2.4161,34998303.3873,29405529.3904,3543299.0685,136843366.2443,114975619.9165,4.0047,4.2003,0.4595,0.4595,4.5954,9.0773
2018-10-29,3.9000,3.9300,3.8000,3.8200,-0.0900,-2.3000,2738384.0600,1055114.1630,2.6400,5.7100,0.0931,0.7728,0.8800,6.9285,6.6794,0.8433,2.4894,2.3604,34998303.3873,29405529.3904,3543299.0685,133693518.9395,112329122.2713,4.0991,4.2993,0.4572,0.4572,4.5718,9.0308
2018-10-30,3.8200,3.8700,3.8100,3.8400,0.0200,0.5200,2673064.2500,1027688.8240,2.6500,5.7400,0.0909,0.7544,0.9700,6.9648,6.7144,0.8477,2.5025,2.3728,34998303.3873,29405529.3904,3543299.0685,134393485.0072,112917232.8591,4.0777,4.2769,0.4668,0.4668,4.6675,9.2199
2018-10-31,3.8500,3.8800,3.8200,3.8700,0.0300,0.7800,2519740.3100,971634.6380,2.6800,5.7900,0.0857,0.7111,0.8900,7.0192,6.6211,0.8736,2.5220,2.3109,34998303.3873,29405529.3904,3543299.0685,135443434.1089,113799398.7408,4.0461,4.2437,0.4631,0.4631,4.6312,9.1481
2018-11-01,3.8700,3.8800,3.8100,3.8200,-0.0500,-1.2900,2581878.4000,992372.7170,2.6400,5.7100,0.0878,0.7287,0.9800,6.9285,6.5356,0.8623,2.4894,2.2811,34998303.3873,29405529.3904,3543299.0685,133693518.9395,112329122.2713,4.0991,4.2993,0.4607,0.4607,4.6072,9.1008
2018-11-02,3.8600,3.9000,3.8000,3.8700,0.0500,1.3100,5169929.5800,1989854.6350,2.6800,5.7900,0.1758,1.4591,1.9500,7.0192,6.6211,0.8736,2.5220,2.3109,34998303.3873,29405529.3904,3543299.0685,135443434.1089,113799398.7408,4.0461,4.2437,0.4619,0.4619,4.6192,9.1244
2018-11-05,3.8500,3.8600,3.7900,3.8200,-0.0500,-1.2900,2977318.1500,1136522.9360,2.6400,5.7100,0.1013,0.8403,0.9500,6.9285,6.5356,0.8623,2.4894,2.2811,34998303.3873,29405529.3904,3543299.0685,133693518.9395,112329122.2713,4.0991,4.2993,0.4631,0.4631,4.6312,9.1481
2018-11-06,3.8100,3.8200,3.7600,3.7900,-0.0300,-0.7900,2189093.4000,829144.9060,2.6200,5.6700,0.0744,0.6178,0.6900,6.8741,6.4842,0.8555,2.4699,2.2632,34998303.3873,29405529.3904,3543299.0685,132643569.8379,111446956.3896,4.1315,4.3333,0.4680,0.4680,4.6798,9.2441
2018-11-07,3.8000,3.8200,3.7600,3.7800,-0.0100,-0.2600,1934982.2600,732459.0770,2.6100,5.6500,0.0658,0.5461,0.6300,6.8559,6.4671,0.8532,2.4634,2.2572,34998303.3873,29405529.3904,3543299.0685,132293586.8040,111152901.0957,4.1425,4.3448,0.4692,0.4692,4.6921,9.2684
2018-11-08,3.8100,3.8100,3.7700,3.7900,0.0100,0.2600,1650840.8000,626390.6430,2.6200,5.6700,0.0561,0.4659,0.5600,6.8741,6.4842,0.8555,2.4699,2.2632,34998303.3873,29405529.3904,3543299.0685,132643569.8379,111446956.3896,4.1315,4.3333,0.4680,0.4680,4.6798,9.2441
2018-11-09,3.7600,3.7600,3.6300,3.6500,-0.1400,-3.6900,5125664.1600,1877729.5490,2.5200,5.4600,0.1743,1.4466,1.8400,6.6202,6.2447,0.8239,2.3787,2.1796,34998303.3873,29405529.3904,3543299.0685,127743807.3636,107330182.2750,4.2900,4.4995,0.4742,0.4742,4.7420,9.3670
2018-11-12,3.6400,3.6500,3.6100,3.6400,-0.0100,-0.2700,3102948.9200,1126745.4990,2.5200,5.4400,0.1055,0.8757,1.1200,6.6020,6.2276,0.8216,2.3721,2.1736,34998303.3873,29405529.3904,3543299.0685,127393824.3298,107036126.9811,4.3018,4.5119,0.4898,0.4898,4.8984,9.6758
2018-11-13,3.6100,3.6600,3.6000,3.6500,0.0100,0.2700,2564127.8300,931221.0190,2.5200,5.4600,0.0872,0.7237,0.9200,6.6202,6.2447,0.8239,2.3787,2.1796,34998303.3873,29405529.3904,3543299.0685,127743807.3636,107330182.2750,4.2900,4.4995,0.4939,0.4939,4.9391,9.7562
2018-11-14,3.6400,3.6400,3.5800,3.5900,-0.0600,-1.6400,3190158.2200,1150340.0390,2.4800,5.3700,0.1085,0.9003,1.1100,6.5113,6.1421,0.8104,2.3396,2.1437,34998303.3873,29405529.3904,3543299.0685,125643909.1604,105565850.5115,4.3617,4.5747,0.4898,0.4898,4.8984,9.6758
2018-11-15,3.5900,3.6100,3.5800,3.6100,0.0200,0.5600,2207327.9800,794177.1270,2.5000,5.4000,0.0751,0.6230,0.7100,6.5476,6.1763,0.8149,2.3526,2.1557,34998303.3873,29405529.3904,3543299.0685,126343875.2282,106153961.0993,4.3375,4.5494,0.4967,0.4967,4.9666,9.8106
2018-11-16,3.6100,3.6300,3.5800,3.6000,-0.0100,-0.2800,2893044.1200,1042756.5250,2.4900,5.3800,0.0984,0.8165,0.8900,6.5295,6.1592,0.8126,2.3461,2.1497,34998303.3873,29405529.3904,3543299.0685,125993892.1943,105859905.8054,4.3496,4.5620,0.4939,0.4939,4.9391,9.7562
2018-11-19,3.6100,3.6600,3.6000,3.6500,0.0500,1.3900,2724815.5800,990402.2290,2.5200,5.4600,0.0927,0.7690,0.9800,6.6202,6.2447,0.8239,2.3787,2.1796,34998303.3873,29405529.3904,3543299.0685,127743807.3636,107330182.2750,4.2900,4.4995,0.4939,0.4939,4.9391,9.7562
2018-11-20,3.6400,3.6400,3.5900,3.6000,-0.0500,-1.3700,2451051.5500,884861.6380,2.4900,5.3800,0.0834,0.6917,0.9000,6.5295,6.1592,0.8126,2.3461,2.1497,34998303.3873,29405529.3904,3543299.0685,125993892.1943,105859905.8054,4.3496,4.5620,0.4898,0.4898,4.8984,9.6758
2018-11-21,3.5800,3.6200,3.5800,3.6200,0.0200,0.5600,1620489.3500,584314.3150,2.5000,5.4100,0.0551,0.4573,0.6000,6.5657,6.1934,0.8171,2.3591,2.1616,34998303.3873,29405529.3904,3543299.0685,126693858.2620,106448016.3932,4.3256,4.5368,0.4980,0.4980,4.9804,9.8380
2018-11-22,3.6200,3.6200,3.5900,3.6000,-0.0200,-0.5500,1048926.4600,377587.7600,2.4900,5.3800,0.0357,0.2960,0.4400,6.5295,6.1592,0.8126,2.3461,2.1497,34998303.3873,29405529.3904,3543299.0685,125993892.1943,105859905.8054,4.3496,4.5620,0.4925,0.4925,4.9254,9.7293
2018-11-23,3.5900,3.6000,3.5600,3.5700,-0.0300,-0.8300,1859151.3500,666022.9710,2.4700,5.3400,0.0632,0.5247,0.8700,6.4751,6.1078,0.8058,2.3265,2.1318,34998303.3873,29405529.3904,3543299.0685,124943943.0927,104977739.9237,4.3861,4.6003,0.4967,0.4967,4.9666,9.8106
2018-11-26,3.5800,3.6000,3.5700,3.5900,0.0200,0.5600,1646409.0400,590280.3360,2.4800,5.3700,0.0560,0.4647,0.8500,6.5113,6.1421,0.8104,2.3396,2.1437,34998303.3873,29405529.3904,3543299.0685,125643909.1604,105565850.5115,4.3617,4.5747,0.4980,0.4980,4.9804,9.8380
2018-11-27,3.6000,3.6000,3.5600,3.5700,-0.0200,-0.5600,1153919.5100,413222.9790,2.4700,5.3400,0.0392,0.3257,0.6700,6.4751,6.1078,0.8058,2.3265,2.1318,34998303.3873,29405529.3904,3543299.0685,124943943.0927,104977739.9237,4.3861,4.6003,0.4953,0.4953,4.9528,9.7833
2018-11-28,3.5700,3.5900,3.5600,3.5800,0.0100,0.2800,1457028.6900,521337.1770,2.4800,5.3500,0.0495,0.4112,0.9900,6.4932,6.1250,0.8081,2.3330,2.1378,34998303.3873,29405529.3904,3543299.0685,125293926.1265,105271795.2176,4.3739,4.5875,0.4994,0.4994,4.9944,9.8655
2018-11-29,3.5900,3.6000,3.5500,3.5500,-0.0300,-0.8400,1602727.2100,572212.9710,2.4500,5.3100,0.0545,0.4523,1.1200,6.4388,6.0736,0.8013,2.3135,2.1198,34998303.3873,29405529.3904,3543299.0685,124243977.0249,104389629.3359,4.4109,4.6262,0.4967,0.4967,4.9666,9.8106
2018-11-30,3.5600,3.5700,3.5400,3.5700,0.0200,0.5600,1645998.3100,585552.7870,2.4700,5.3400,0.0560,0.4645,1.0700,6.4751,6.1078,0.8058,2.3265,2.1318,34998303.3873,29405529.3904,3543299.0685,124943943.0927,104977739.9237,4.3861,4.6003,0.5008,0.5008,5.0084,9.8933
2018-12-03,3.6200,3.6300,3.6000,3.6200,0.0500,1.4000,3047202.0500,1102419.4470,2.5000,5.4100,0.1036,0.8600,2.0300,6.5657,6.1934,0.8171,2.3591,2.1616,34998303.3873,29405529.3904,3543299.0685,126693858.2620,106448016.3932,4.3256,4.5368,0.4925,0.4925,4.9254,9.7293
2018-12-04,3.6100,3.6200,3.6000,3.6100,-0.0100,-0.2800,1428432.6200,515570.9840,2.5000,5.4000,0.0486,0.4031,0.8000,6.5476,6.1763,0.8149,2.3526,2.1557,34998303.3873,29405529.3904,3543299.0685,126343875.2282,106153961.0993,4.3375,4.5494,0.4939,0.4939,4.9391,9.7562
2018-12-05,3.5900,3.6200,3.5800,3.6000,-0.0100,-0.2800,1592518.2300,573391.6900,2.4900,5.3800,0.0542,0.4494,0.8700,6.5295,6.1592,0.8126,2.3461,2.1497,34998303.3873,29405529.3904,3543299.0685,125993892.1943,105859905.8054,4.3496,4.5620,0.4967,0.4967,4.9666,9.8106
2018-12-06,3.5900,3.6000,3.5600,3.5700,-0.0300,-0.8300,2335345.7300,835142.0070,2.4700,5.3400,0.0794,0.6591,1.2500,6.4751,6.1078,0.8058,2.3265,2.1318,34998303.3873,29405529.3904,3543299.0685,124943943.0927,104977739.9237,4.3861,4.6003,0.4967,0.4967,4.9666,9.8106
2018-12-07,3.5800,3.5900,3.5700,3.5800,0.0100,0.2800,1190305.9300,425767.0630,2.4800,5.3500,0.0405,0.3359,0.5900,6.4932,6.1250,0.8081,2.3330,2.1378,34998303.3873,29405529.3904,3543299.0685,125293926.1265,105271795.2176,4.3739,4.5875,0.4980,0.4980,4.9804,9.8380
2018-12-10,3.5600,3.5700,3.5500,3.5600,-0.0200,-0.5600,1221830.9000,435129.2860,2.4600,5.3200,0.0416,0.3448,0.6400,6.4569,6.0907,0.8036,2.3200,2.1258,34998303.3873,29405529.3904,3543299.0685,124593960.0588,104683684.6298,4.3985,4.6133,0.5008,0.5008,5.0084,9.8933
2018-12-11,3.5600,3.5700,3.5500,3.5600,0.0000,0.0000,1084711.4300,385923.2520,2.4600,5.3200,0.0369,0.3061,0.7000,6.4569,6.0907,0.8036,2.3200,2.1258,34998303.3873,29405529.3904,3543299.0685,124593960.0588,104683684.6298,4.3985,4.6133,0.5008,0.5008,5.0084,9.8933
2018-12-12,3.5700,3.5800,3.5600,3.5700,0.0100,0.2800,1085168.3400,387118.6250,2.4700,5.3400,0.0369,0.3063,0.7300,6.4751,6.1078,0.8058,2.3265,2.1318,34998303.3873,29405529.3904,3543299.0685,124943943.0927,104977739.9237,4.3861,4.6003,0.4994,0.4994,4.9944,9.8655
2018-12-13,3.5700,3.6100,3.5600,3.5900,0.0200,0.5600,1674773.9000,601135.3490,2.4800,5.3700,0.0570,0.4727,1.2100,6.5113,6.1421,0.8104,2.3396,2.1437,34998303.3873,29405529.3904,3543299.0685,125643909.1604,105565850.5115,4.3617,4.5747,0.4994,0.4994,4.9944,9.8655
2018-12-14,3.5800,3.5900,3.5700,3.5700,-0.0200,-0.5600,1630378.6500,583258.9100,2.4700,5.3400,0.0554,0.4601,1.3000,6.4751,6.1078,0.8058,2.3265,2.1318,34998303.3873,29405529.3904,3543299.0685,124943943.0927,104977739.9237,4.3861,4.6003,0.4980,0.4980,4.9804,9.8380
2018-12-17,3.5600,3.5800,3.5500,3.5800,0.0100,0.2800,2019174.5500,719998.2660,2.4800,5.3500,0.0687,0.5699,1.5100,6.4932,6.1250,0.8081,2.3330,2.1378,34998303.3873,29405529.3904,3543299.0685,125293926.1265,105271795.2176,4.3739,4.5875,0.5008,0.5008,5.0084,9.8933
2018-12-18,3.5600,3.5700,3.5300,3.5500,-0.0300,-0.8400,1783177.5500,633391.9540,2.4500,5.3100,0.0606,0.5033,1.1900,6.4388,6.0736,0.8013,2.3135,2.1198,34998303.3873,29405529.3904,3543299.0685,124243977.0249,104389629.3359,4.4109,4.6262,0.5008,0.5008,5.0084,9.8933
2018-12-19,3.5500,3.5500,3.5300,3.5300,-0.0200,-0.5600,1611010.0200,570960.6120,2.4400,5.2800,0.0548,0.4547,0.9800,6.4025,6.0394,0.7968,2.3005,2.1079,34998303.3873,29405529.3904,3543299.0685,123544010.9572,103801518.7481,4.4358,4.6525,0.5023,0.5023,5.0225,9.9211
2018-12-20,3.5300,3.5400,3.4500,3.5100,-0.0200,-0.5700,2889978.7000,1009301.9940,2.4300,5.2500,0.0983,0.8156,1.6600,6.3662,6.0052,0.7923,2.2874,2.0960,34998303.3873,29405529.3904,3543299.0685,122844044.8894,103213408.1603,4.4611,4.6790,0.5051,0.5051,5.0510,9.9773
2018-12-21,3.5000,3.5200,3.4600,3.5100,0.0000,0.0000,2817340.3500,980590.9580,2.4300,5.2500,0.0958,0.7951,1.4200,6.3662,6.0052,0.7923,2.2874,2.0960,34998303.3873,29405529.3904,3543299.0685,122844044.8894,103213408.1603,4.4611,4.6790,0.5094,0.5094,5.0943,10.0629
2018-12-24,3.4900,3.5500,3.4700,3.5300,0.0200,0.5700,2200423.0300,773518.4620,2.4400,5.2800,0.0748,0.6210,0.9900,6.4025,6.0394,0.7968,2.3005,2.1079,34998303.3873,29405529.3904,3543299.0685,123544010.9572,103801518.7481,4.4358,4.6525,0.5109,0.5109,5.1089,10.0917
2018-12-25,3.5200,3.5800,3.5100,3.5600,0.0300,0.8500,3193008.7300,1131610.9990,2.4600,5.3200,0.1086,0.9011,1.4100,6.4569,6.0907,0.8036,2.3200,2.1258,34998303.3873,29405529.3904,3543299.0685,124593960.0588,104683684.6298,4.3985,4.6133,0.5065,0.5065,5.0653,10.0057
2018-12-26,3.5500,3.6000,3.5500,3.5900,0.0300,0.8400,2160061.6700,773461.0510,2.4800,5.3700,0.0735,0.6096,0.8500,6.5113,6.1421,0.8104,2.3396,2.1437,34998303.3873,29405529.3904,3543299.0685,125643909.1604,105565850.5115,4.3617,4.5747,0.5023,0.5023,5.0225,9.9211
2018-12-27,3.6100,3.6200,3.5900,3.6000,0.0100,0.2800,2686513.4600,968539.4540,2.4900,5.3800,0.0914,0.7582,1.0100,6.5295,6.1592,0.8126,2.3461,2.1497,34998303.3873,29405529.3904,3543299.0685,125993892.1943,105859905.8054,4.3496,4.5620,0.4939,0.4939,4.9391,9.7562
2018-12-28,3.6100,3.6600,3.6000,3.6000,0.0000,0.0000,2056423.1100,746424.1900,2.4900,5.3800,0.0699,0.5804,0.7900,6.5295,6.1592,0.8126,2.3461,2.1497,34998303.3873,29405529.3904,3543299.0685,125993892.1943,105859905.8054,4.3496,4.5620,0.4939,0.4939,4.9391,9.7562
2019-01-02,3.6100,3.6200,3.5100,3.5200,-0.0800,-2.2200,1988996.9800,704292.5380,2.4300,5.2600,0.0676,0.5613,0.8100,6.3844,6.0223,0.7946,2.2939,2.1019,34998303.3873,29405529.3904,3543299.0685,123194027.9233,103507463.4542,4.6657,4.6657,0.4817,0.4817,4.8172,9.8560
2019-01-03,3.5100,3.5500,3.5000,3.5400,0.0200,0.5700,1470488.6200,518947.4810,2.4500,5.2900,0.0500,0.4150,0.6100,6.4206,6.0565,0.7991,2.3070,2.1139,34998303.3873,29405529.3904,3543299.0685,123893993.9910,104095574.0420,4.6393,4.6393,0.4954,0.4954,4.9544,10.1368
2019-01-04,3.5300,3.6000,3.5100,3.5900,0.0500,1.4100,2049765.5000,728741.2180,2.4800,5.3700,0.0697,0.5785,0.9900,6.5113,6.1421,0.8104,2.3396,2.1437,34998303.3873,29405529.3904,3543299.0685,125643909.1604,105565850.5115,4.5747,4.5747,0.4926,0.4926,4.9263,10.0793
2019-01-07,3.6100,3.6100,3.5500,3.5700,-0.0200,-0.5600,2268774.6900,809767.4550,2.4700,5.3400,0.0772,0.6403,1.1100,6.4751,6.1078,0.8058,2.3265,2.1318,34998303.3873,29405529.3904,3543299.0685,124943943.0927,104977739.9237,4.6003,4.6003,0.4817,0.4817,4.8172,9.8560
2019-01-08,3.5700,3.5700,3.5200,3.5300,-0.0400,-1.1200,1951065.8800,689125.4090,2.4400,5.2800,0.0664,0.5506,0.9900,6.4025,6.0394,0.7968,2.3005,2.1079,34998303.3873,29405529.3904,3543299.0685,123544010.9572,103801518.7481,4.6525,4.6525,0.4871,0.4871,4.8711,9.9664
2019-01-09,3.5400,3.5800,3.5300,3.5500,0.0200,0.5700,2897081.7400,1031939.3640,2.4500,5.3100,0.0985,0.8176,1.4900,6.4388,6.0736,0.8013,2.3135,2.1198,34998303.3873,29405529.3904,3543299.0685,124243977.0249,104389629.3359,4.6262,4.6262,0.4912,0.4912,4.9124,10.0508
2019-01-10,3.5500,3.5600,3.5000,3.5100,-0.0400,-1.1300,2737707.7300,964822.7770,2.4300,5.2500,0.0931,0.7726,1.2900,6.3662,6.0052,0.7923,2.2874,2.0960,34998303.3873,29405529.3904,3543299.0685,122844044.8894,103213408.1603,4.6790,4.6790,0.4899,0.4899,4.8986,10.0225
2019-01-11,3.5100,3.5300,3.5000,3.5300,0.0200,0.5700,2062165.9400,725203.7850,2.4400,5.2800,0.0701,0.5820,0.8700,6.4025,6.0394,0.7968,2.3005,2.1079,34998303.3873,29405529.3904,3543299.0685,123544010.9572,103801518.7481,4.6525,4.6525,0.4954,0.4954,4.9544,10.1368
2019-01-14,3.5300,3.5400,3.4900,3.5000,-0.0300,-0.8500,1659132.9600,581765.7760,2.4200,5.2300,0.0564,0.4682,0.7000,6.3481,5.9881,0.7900,2.2809,2.0900,34998303.3873,29405529.3904,3543299.0685,122494061.8556,102919352.8664,4.6923,4.6923,0.4926,0.4926,4.9263,10.0793
2019-01-15,3.5000,3.5300,3.4900,3.5300,0.0300,0.8600,1730631.1200,608349.3480,2.4400,5.2800,0.0589,0.4884,0.7700,6.4025,6.0394,0.7968,2.3005,2.1079,34998303.3873,29405529.3904,3543299.0685,123544010.9572,103801518.7481,4.6525,4.6525,0.4969,0.4969,4.9686,10.1657
2019-01-16,3.5200,3.5300,3.5000,3.5200,-0.0100,-0.2800,1489836.2600,523314.3790,2.4300,5.2600,0.0507,0.4205,0.6700,6.3844,6.0223,0.7946,2.2939,2.1019,34998303.3873,29405529.3904,3543299.0685,123194027.9233,103507463.4542,4.6657,4.6657,0.4940,0.4940,4.9403,10.1080
2019-01-17,3.5300,3.5500,3.5200,3.5300,0.0100,0.2800,2493697.7000,881590.9220,2.4400,5.2800,0.0848,0.7038,1.2900,6.4025,6.0394,0.7968,2.3005,2.1079,34998303.3873,29405529.3904,3543299.0685,123544010.9572,103801518.7481,4.6525,4.6525,0.4926,0.4926,4.9263,10.0793
2019-01-18,3.5400,3.6000,3.5300,3.5800,0.0500,1.4200,3531703.4200,1260595.5100,2.4800,5.3500,0.1201,0.9967,1.8700,6.4932,6.1250,0.8081,2.3330,2.1378,34998303.3873,29405529.3904,3543299.0685,125293926.1265,105271795.2176,4.5875,4.5875,0.4912,0.4912,4.9124,10.0508
2019-01-21,3.5800,3.6300,3.5800,3.5800,0.0000,0.0000,2913045.5000,1047007.3480,2.4800,5.3500,0.0991,0.8221,1.3400,6.4932,6.1250,0.8081,2.3330,2.1378,34998303.3873,29405529.3904,3543299.0685,125293926.1265,105271795.2176,4.5875,4.5875,0.4858,0.4858,4.8575,9.9385
2019-01-22,3.5900,3.5900,3.5600,3.5700,-0.0100,-0.2800,1361119.7200,485998.4330,2.4700,5.3400,0.0463,0.3841,0.5600,6.4751,6.1078,0.8058,2.3265,2.1318,34998303.3873,29405529.3904,3543299.0685,124943943.0927,104977739.9237,4.6003,4.6003,0.4844,0.4844,4.8440,9.9109
2019-01-23,3.5700,3.6000,3.5600,3.5900,0.0200,0.5600,1654534.0000,593241.0070,2.4800,5.3700,0.0563,0.4669,0.7000,6.5113,6.1421,0.8104,2.3396,2.1437,34998303.3873,29405529.3904,3543299.0685,125643909.1604,105565850.5115,4.5747,4.5747,0.4871,0.4871,4.8711,9.9664
2019-01-24,3.6000,3.6200,3.5900,3.6100,0.0200,0.5600,1558177.3200,562125.1530,2.5000,5.4000,0.0530,0.4398,0.6500,6.5476,6.1763,0.8149,2.3526,2.1557,34998303.3873,29405529.3904,3543299.0685,126343875.2282,106153961.0993,4.5494,4.5494,0.4831,0.4831,4.8306,9.8833
2019-01-25,3.6300,3.6800,3.6200,3.6700,0.0600,1.6600,2761011.5000,1010418.1860,2.5400,5.4900,0.0939,0.7792,1.2500,6.6564,6.2789,0.8284,2.3917,2.1915,34998303.3873,29405529.3904,3543299.0685,128443773.4314,107918292.8628,4.4750,4.4750,0.4791,0.4791,4.7906,9.8017
2019-01-28,3.6900,3.7200,3.6500,3.6800,0.0100,0.2700,2207072.4500,816000.0610,2.5400,5.5000,0.0751,0.6229,1.0800,6.6746,6.2960,0.8307,2.3982,2.1975,34998303.3873,29405529.3904,3543299.0685,128793756.4653,108212348.1567,4.4628,4.4628,0.4713,0.4713,4.7127,9.6423
2019-01-29,3.6700,3.7100,3.6500,3.6900,0.0100,0.2700,1652011.0300,607016.1430,2.5500,5.5200,0.0562,0.4662,0.8700,6.6927,6.3132,0.8329,2.4047,2.2034,34998303.3873,29405529.3904,3543299.0685,129143739.4991,108506403.4506,4.4507,4.4507,0.4738,0.4738,4.7384,9.6948
2019-01-30,3.6900,3.7000,3.6700,3.6800,-0.0100,-0.2700,1599005.3900,589541.8130,2.5400,5.5000,0.0544,0.4513,0.8100,6.6746,6.2960,0.8307,2.3982,2.1975,34998303.3873,29405529.3904,3543299.0685,128793756.4653,108212348.1567,4.4628,4.4628,0.4713,0.4713,4.7127,9.6423
2019-01-31,3.7000,3.7400,3.6900,3.7200,0.0400,1.0900,2513565.0500,934017.9170,2.5700,5.5600,0.0855,0.7094,1.2900,6.7471,6.3645,0.8397,2.4243,2.2214,34998303.3873,29405529.3904,3543299.0685,130193688.6008,109388569.3323,4.4148,4.4148,0.4700,0.4700,4.7000,9.6162
2019-02-01,3.7300,3.7400,3.7000,3.7200,0.0000,0.0000,1767724.2200,656657.2560,2.5700,5.5600,0.0601,0.4989,0.8200,6.7471,6.3645,0.8397,2.4243,2.2214,34998303.3873,29405529.3904,3543299.0685,130193688.6008,109388569.3323,4.4148,4.4148,0.4662,0.4662,4.6622,9.5389
2019-02-11,3.7000,3.7100,3.6800,3.7000,-0.0200,-0.5400,2031410.6400,750709.1780,2.5600,5.5300,0.0691,0.5733,1.0400,6.7108,6.3303,0.8352,2.4112,2.2094,34998303.3873,29405529.3904,3543299.0685,129493722.5330,108800458.7445,4.4387,4.4387,0.4700,0.4700,4.7000,9.6162
2019-02-12,3.7100,3.7300,3.6900,3.7200,0.0200,0.5400,1868599.7000,692541.9140,2.5700,5.5600,0.0635,0.5274,0.9800,6.7471,6.3645,0.8397,2.4243,2.2214,34998303.3873,29405529.3904,3543299.0685,130193688.6008,109388569.3323,4.4148,4.4148,0.4687,0.4687,4.6873,9.5903
2019-02-13,3.7200,3.7700,3.7000,3.7600,0.0400,1.0800,2467423.0000,921640.1410,2.6000,5.6200,0.0839,0.6964,1.2600,6.8197,6.4329,0.8487,2.4503,2.2452,34998303.3873,29405529.3904,3543299.0685,131593620.7362,110564790.5079,4.3679,4.3679,0.4675,0.4675,4.6747,9.5645
2019-02-14,3.7600,3.7600,3.7100,3.7100,-0.0500,-1.3300,2200813.4300,820136.6080,2.5700,5.5500,0.0748,0.6211,1.0300,6.7290,6.3474,0.8374,2.4178,2.2154,34998303.3873,29405529.3904,3543299.0685,129843705.5669,109094514.0384,4.4267,4.4267,0.4625,0.4625,4.6250,9.4628
2019-02-15,3.7100,3.7200,3.6500,3.6500,-0.0600,-1.6200,2669147.5200,979209.2380,2.5200,5.4600,0.0908,0.7533,1.2900,6.6202,6.2447,0.8239,2.3787,2.1796,34998303.3873,29405529.3904,3543299.0685,127743807.3636,107330182.2750,4.4995,4.4995,0.4687,0.4687,4.6873,9.5903
2019-02-18,3.6700,3.7100,3.6600,3.7000,0.0500,1.3700,3497139.7300,1291055.6610,2.5600,5.5300,0.1189,0.9870,1.5600,6.7108,6.3303,0.8352,2.4112,2.2094,34998303.3873,29405529.3904,3543299.0685,129493722.5330,108800458.7445,4.4387,4.4387,0.4738,0.4738,4.7384,9.6948
2019-02-19,3.7100,3.7300,3.6700,3.6900,-0.0100,-0.2700,3024879.8600,1117491.3220,2.5500,5.5200,0.1029,0.8537,1.1900,6.6927,6.3132,0.8329,2.4047,2.2034,34998303.3873,29405529.3904,3543299.0685,129143739.4991,108506403.4506,4.4507,4.4507,0.4687,0.4687,4.6873,9.5903
2019-02-20,3.7000,3.7100,3.6800,3.7000,0.0100,0.2700,2010684.0000,743050.0550,2.5600,5.5300,0.0684,0.5675,0.7300,6.7108,6.3303,0.8352,2.4112,2.2094,34998303.3873,29405529.3904,3543299.0685,129493722.5330,108800458.7445,4.4387,4.4387,0.4700,0.4700,4.7000,9.6162
2019-02-21,3.7000,3.7200,3.6800,3.6800,-0.0200,-0.5400,2164284.1800,799653.6020,2.5400,5.5000,0.0736,0.6108,0.8100,6.6746,6.2960,0.8307,2.3982,2.1975,34998303.3873,29405529.3904,3543299.0685,128793756.4653,108212348.1567,4.4628,4.4628,0.4700,0.4700,4.7000,9.6162
2019-02-22,3.6700,3.6900,3.6300,3.6800,0.0000,0.0000,3535105.6900,1292181.7710,2.5400,5.5000,0.1202,0.9977,1.3200,6.6746,6.2960,0.8307,2.3982,2.1975,34998303.3873,29405529.3904,3543299.0685,128793756.4653,108212348.1567,4.4628,4.4628,0.4738,0.4738,4.7384,9.6948
2019-02-25,3.7000,3.9000,3.6900,3.8800,0.2000,5.4300,9501898.1600,3582437.0900,2.6800,5.8000,0.3231,2.6817,3.3400,7.0373,6.6382,0.8758,2.5285,2.3169,34998303.3873,29405529.3904,3543299.0685,135793417.1427,114093454.0348,4.2328,4.2328,0.4700,0.4700,4.7000,9.6162
2019-02-26,3.8500,3.8700,3.7800,3.7900,-0.0900,-2.3200,7356004.1200,2810293.6810,2.6200,5.6700,0.2502,2.0760,1.8200,6.8741,6.4842,0.8555,2.4699,2.2632,34998303.3873,29405529.3904,3543299.0685,132643569.8379,111446956.3896,4.3333,4.3333,0.4517,0.4517,4.5169,9.2416
2019-02-27,3.7900,3.8900,3.7800,3.8200,0.0300,0.7900,6040746.6100,2310185.1600,2.6400,5.7100,0.2054,1.7048,1.2300,6.9285,6.5356,0.8623,2.4894,2.2811,34998303.3873,29405529.3904,3543299.0685,133693518.9395,112329122.2713,4.2993,4.2993,0.4588,0.4588,4.5884,9.3879
2019-02-28,3.8200,3.8300,3.7900,3.8000,-0.0200,-0.5200,3472138.7200,1321442.9290,2.6300,5.6800,0.1181,0.9799,0.6100,6.8922,6.5013,0.8578,2.4764,2.2691,34998303.3873,29405529.3904,3543299.0685,132993552.8717,111741011.6835,4.3219,4.3219,0.4552,0.4552,4.5524,9.3141
2019-03-01,3.8200,3.8500,3.7700,3.8500,0.0500,1.3200,5244326.3300,1994732.1360,2.6600,5.7600,0.1783,1.4801,0.8800,6.9829,6.5869,0.8690,2.5090,2.2990,34998303.3873,29405529.3904,3543299.0685,134743468.0411,113211288.1530,4.2658,4.2658,0.4552,0.4552,4.5524,9.3141
2019-03-04,3.8700,3.9400,3.8300,3.8700,0.0200,0.5200,9146999.8000,3546599.9630,2.6800,5.7900,0.3111,2.5815,1.4500,7.0192,6.6211,0.8736,2.5220,2.3109,34998303.3873,29405529.3904,3543299.0685,135443434.1089,113799398.7408,4.2437,4.2437,0.4494,0.4494,4.4935,9.1938
2019-03-05,3.8500,3.8600,3.8200,3.8400,-0.0300,-0.7800,4608603.9800,1768245.1660,2.6500,5.7400,0.1567,1.3007,0.7400,6.9648,6.5698,0.8668,2.5025,2.2930,34998303.3873,29405529.3904,3543299.0685,134393485.0072,112917232.8591,4.2769,4.2769,0.4517,0.4517,4.5169,9.2416
2019-03-06,3.8400,3.8600,3.8200,3.8500,0.0100,0.2600,5403515.7400,2074415.6130,2.6600,5.7600,0.1838,1.5250,0.9500,6.9829,6.5869,0.8690,2.5090,2.2990,34998303.3873,29405529.3904,3543299.0685,134743468.0411,113211288.1530,4.2658,4.2658,0.4529,0.4529,4.5286,9.2656
2019-03-07,3.8400,3.8500,3.7900,3.8000,-0.0500,-1.3000,5300423.7100,2020204.2230,2.6300,5.6800,0.1803,1.4959,0.9500,6.8922,6.5013,0.8578,2.4764,2.2691,34998303.3873,29405529.3904,3543299.0685,132993552.8717,111741011.6835,4.3219,4.3219,0.4529,0.4529,4.5286,9.2656
2019-03-08,3.7700,3.7700,3.6900,3.6900,-0.1100,-2.8900,5567635.7000,2077322.3800,2.5500,5.5200,0.1893,1.5713,0.9400,6.6927,6.3132,0.8329,2.4047,2.2034,34998303.3873,29405529.3904,3543299.0685,129143739.4991,108506403.4506,4.4507,4.4507,0.4613,0.4613,4.6127,9.4377
2019-03-11,3.6900,3.7200,3.6800,3.7100,0.0200,0.5400,4308452.7700,1592813.3140,2.5700,5.5500,0.1465,1.2159,0.7200,6.7290,6.3474,0.8374,2.4178,2.2154,34998303.3873,29405529.3904,3543299.0685,129843705.5669,109094514.0384,4.4267,4.4267,0.4713,0.4713,4.7127,9.6423
2019-03-12,3.7200,3.7800,3.7100,3.7400,0.0300,0.8100,4519019.0200,1691736.3040,2.5900,5.5900,0.1537,1.2754,0.9000,6.7834,6.3987,0.8442,2.4373,2.2333,34998303.3873,29405529.3904,3543299.0685,130893654.6685,109976679.9201,4.3912,4.3912,0.4675,0.4675,4.6747,9.5645
2019-03-13,3.7400,3.7400,3.6900,3.7100,-0.0300,-0.8000,3671297.2800,1361750.6900,2.5700,5.5500,0.1249,1.0361,0.7300,6.7290,6.3474,0.8374,2.4178,2.2154,34998303.3873,29405529.3904,3543299.0685,129843705.5669,109094514.0384,4.4267,4.4267,0.4650,0.4650,4.6497,9.5134
2019-03-14,3.7000,3.7300,3.6900,3.7000,-0.0100,-0.2700,2997455.9800,1112082.3440,2.5600,5.5300,0.1019,0.8460,0.6400,6.7108,6.3303,0.8352,2.4112,2.2094,34998303.3873,29405529.3904,3543299.0685,129493722.5330,108800458.7445,4.4387,4.4387,0.4700,0.4700,4.7000,9.6162
2019-03-15,3.7000,3.7400,3.7000,3.7100,0.0100,0.2700,2742606.2700,1019270.5020,2.5700,5.5500,0.0933,0.7740,0.6500,6.7290,6.3474,0.8374,2.4178,2.2154,34998303.3873,29405529.3904,3543299.0685,129843705.5669,109094514.0384,4.4267,4.4267,0.4700,0.4700,4.7000,9.6162
2019-03-18,3.7200,3.7600,3.7000,3.7500,0.0400,1.0800,3747890.8100,1398613.7540,2.5900,5.6100,0.1275,1.0577,1.0300,6.8015,6.4158,0.8465,2.4438,2.2393,34998303.3873,29405529.3904,3543299.0685,131243637.7024,110270735.2140,4.3795,4.3795,0.4675,0.4675,4.6747,9.5645
2019-03-19,3.7600,3.7700,3.7300,3.7400,-0.0100,-0.2700,2402697.2600,900121.4400,2.5900,5.5900,0.0817,0.6781,0.6800,6.7834,6.3987,0.8442,2.4373,2.2333,34998303.3873,29405529.3904,3543299.0685,130893654.6685,109976679.9201,4.3912,4.3912,0.4625,0.4625,4.6250,9.4628
2019-03-20,3.7300,3.7500,3.7100,3.7300,-0.0100,-0.2700,2390197.8300,891184.0550,2.5800,5.5800,0.0813,0.6746,0.7700,6.7653,6.3816,0.8420,2.4308,2.2273,34998303.3873,29405529.3904,3543299.0685,130543671.6346,109682624.6262,4.4030,4.4030,0.4662,0.4662,4.6622,9.5389
2019-03-21,3.7300,3.7400,3.7100,3.7100,-0.0200,-0.5400,2517453.4800,937959.1260,2.5700,5.5500,0.0856,0.7105,0.8800,6.7290,6.3474,0.8374,2.4178,2.2154,34998303.3873,29405529.3904,3543299.0685,129843705.5669,109094514.0384,4.4267,4.4267,0.4662,0.4662,4.6622,9.5389
2019-03-22,3.7200,3.7300,3.6900,3.7200,0.0100,0.2700,2285460.0900,848079.4740,2.5700,5.5600,0.0777,0.6450,0.8300,6.7471,6.3645,0.8397,2.4243,2.2214,34998303.3873,29405529.3904,3543299.0685,130193688.6008,109388569.3323,4.4148,4.4148,0.4675,0.4675,4.6747,9.5645
2019-03-25,3.6900,3.7000,3.6600,3.6600,-0.0600,-1.6100,3398433.2300,1251644.9640,2.5300,5.4700,0.1156,0.9591,1.2700,6.6383,6.2618,0.8262,2.3852,2.1855,34998303.3873,29405529.3904,3543299.0685,128093790.3975,107624237.5689,4.4872,4.4872,0.4713,0.4713,4.7127,9.6423
2019-03-26,3.6800,3.6800,3.6500,3.6700,0.0100,0.2700,2464385.8300,903353.7900,2.5400,5.4900,0.0838,0.6955,0.9500,6.6564,6.2789,0.8284,2.3917,2.1915,34998303.3873,29405529.3904,3543299.0685,128443773.4314,107918292.8628,4.4750,4.4750,0.4726,0.4726,4.7255,9.6685
2019-03-27,3.6700,3.7100,3.6700,3.6900,0.0200,0.5400,2628925.0400,969409.8520,2.5500,5.5200,0.0894,0.7419,1.0100,6.6927,6.3132,0.8329,2.4047,2.2034,34998303.3873,29405529.3904,3543299.0685,129143739.4991,108506403.4506,4.4507,4.4507,0.4738,0.4738,4.7384,9.6948
2019-03-28,3.6800,3.6900,3.6600,3.6700,-0.0200,-0.5400,2068651.0100,758626.0750,2.5400,5.4900,0.0703,0.5838,0.7800,6.6564,6.2789,0.8284,2.3917,2.1915,34998303.3873,29405529.3904,3543299.0685,128443773.4314,107918292.8628,4.4750,4.4750,0.4726,0.4726,4.7255,9.6685
2019-03-29,3.6700,3.7400,3.6600,3.7300,0.0600,1.6300,3901971.0400,1448110.8040,2.5800,5.5800,0.1327,1.1012,1.5200,6.7653,6.3816,0.8420,2.4308,2.2273,34998303.3873,29405529.3904,3543299.0685,130543671.6346,109682624.6262,4.4030,4.4030,0.4738,0.4738,4.7384,9.6948
2019-04-01,3.7300,3.7800,3.7200,3.7700,0.0400,1.0700,5872666.4300,2209430.2190,2.6100,5.6400,0.1997,1.6574,2.0300,6.5066,6.5066,0.8296,2.2042,2.2042,34998303.3873,29405529.3904,3543299.0685,131943603.7701,110858845.8018,4.3563,4.3563,0.4662,0.4662,4.6622,9.5389
2019-04-02,3.7800,3.7900,3.7300,3.7500,-0.0200,-0.5300,4958620.8800,1862471.3990,2.5900,5.6100,0.1686,1.3994,1.4600,6.4721,6.4721,0.8252,2.1926,2.1926,34998303.3873,29405529.3904,3543299.0685,131243637.7024,110270735.2140,4.3795,4.3795,0.4601,0.4601,4.6005,9.4127
2019-04-03,3.7200,3.7500,3.7000,3.7400,-0.0100,-0.2700,4463713.9900,1660829.3720,2.5900,5.5900,0.1518,1.2598,1.1500,6.4549,6.4549,0.8230,2.1867,2.1867,34998303.3873,29405529.3904,3543299.0685,130893654.6685,109976679.9201,4.3912,4.3912,0.4675,0.4675,4.6747,9.5645
2019-04-04,3.7500,3.7900,3.7400,3.7900,0.0500,1.3400,6759445.3600,2546212.6700,2.6200,5.6700,0.2299,1.9077,1.5900,6.5412,6.5412,0.8340,2.2159,2.2159,34998303.3873,29405529.3904,3543299.0685,132643569.8379,111446956.3896,4.3333,4.3333,0.4637,0.4637,4.6373,9.4880
2019-04-08,3.8000,3.8500,3.7700,3.7900,0.0000,0.0000,6278431.3700,2395207.1730,2.6200,5.6700,0.2135,1.7719,1.2100,6.5412,6.5412,0.8340,2.2159,2.2159,34998303.3873,29405529.3904,3543299.0685,132643569.8379,111446956.3896,4.3333,4.3333,0.4576,0.4576,4.5763,9.3632
2019-04-09,3.7800,3.8000,3.7600,3.7800,-0.0100,-0.2600,2700147.1200,1019951.4780,2.6100,5.6500,0.0918,0.7620,0.4800,6.5239,6.5239,0.8318,2.2101,2.2101,34998303.3873,29405529.3904,3543299.0685,132293586.8040,111152901.0957,4.3448,4.3448,0.4601,0.4601,4.6005,9.4127
2019-04-10,3.7700,3.7900,3.7500,3.7700,-0.0100,-0.2600,2557502.6500,961966.8540,2.6100,5.6400,0.0870,0.7218,0.5100,6.5066,6.5066,0.8296,2.2042,2.2042,34998303.3873,29405529.3904,3543299.0685,131943603.7701,110858845.8018,4.3563,4.3563,0.4613,0.4613,4.6127,9.4377
2019-04-11,3.7700,3.7900,3.7300,3.7300,-0.0400,-1.0600,2773195.3200,1041563.7470,2.5800,5.5800,0.0943,0.7827,0.6100,6.4376,6.4376,0.8208,2.1809,2.1809,34998303.3873,29405529.3904,3543299.0685,130543671.6346,109682624.6262,4.4030,4.4030,0.4613,0.4613,4.6127,9.4377
2019-04-12,3.7300,3.7500,3.7200,3.7400,0.0100,0.2700,2221906.0800,829476.4800,2.5900,5.5900,0.0756,0.6271,0.5300,6.4549,6.4549,0.8230,2.1867,2.1867,34998303.3873,29405529.3904,3543299.0685,130893654.6685,109976679.9201,4.3912,4.3912,0.4662,0.4662,4.6622,9.5389
2019-04-15,3.7700,3.8300,3.7700,3.7800,0.0400,1.0700,5508004.5000,2094156.5810,2.6100,5.6500,0.1873,1.5545,1.6700,6.5239,6.5239,0.8318,2.2101,2.2101,34998303.3873,29405529.3904,3543299.0685,132293586.8040,111152901.0957,4.3448,4.3448,0.4613,0.4613,4.6127,9.4377
2019-04-16,3.7600,3.8900,3.7600,3.8900,0.1100,2.9100,7571674.7900,2907947.1140,2.6900,5.8200,0.2575,2.1369,2.4000,6.7137,6.7137,0.8560,2.2744,2.2744,34998303.3873,29405529.3904,3543299.0685,136143400.1766,114387509.3287,4.2219,4.2219,0.4625,0.4625,4.6250,9.4628
2019-04-17,3.8700,3.9200,3.8500,3.8800,-0.0100,-0.2600,5028800.1700,1953144.2320,2.6800,5.8000,0.1710,1.4192,1.2200,6.6965,6.6965,0.8538,2.2686,2.2686,34998303.3873,29405529.3904,3543299.0685,135793417.1427,114093454.0348,4.2328,4.2328,0.4494,0.4494,4.4935,9.1938
2019-04-18,3.8700,3.8700,3.8300,3.8400,-0.0400,-1.0300,2451283.4600,943008.0950,2.6500,5.7400,0.0834,0.6918,0.5300,6.6275,6.6275,0.8450,2.2452,2.2452,34998303.3873,29405529.3904,3543299.0685,134393485.0072,112917232.8591,4.2769,4.2769,0.4494,0.4494,4.4935,9.1938
2019-04-19,3.8400,3.8700,3.8300,3.8500,0.0100,0.2600,2509753.8700,966724.8580,2.6600,5.7600,0.0853,0.7083,0.5500,6.6447,6.6447,0.8472,2.2510,2.2510,34998303.3873,29405529.3904,3543299.0685,134743468.0411,113211288.1530,4.2658,4.2658,0.4529,0.4529,4.5286,9.2656
2019-04-22,3.8500,3.8600,3.7700,3.7800,-0.0700,-1.8200,3284562.8600,1250717.1900,2.6100,5.6500,0.1117,0.9270,0.7100,6.5239,6.5239,0.8318,2.2101,2.2101,34998303.3873,29405529.3904,3543299.0685,132293586.8040,111152901.0957,4.3448,4.3448,0.4517,0.4517,4.5169,9.2416
2019-04-23,3.7800,3.8000,3.7600,3.7700,-0.0100,-0.2600,3018971.2200,1140412.2640,2.6100,5.6400,0.1027,0.8520,0.7200,6.5066,6.5066,0.8296,2.2042,2.2042,34998303.3873,29405529.3904,3543299.0685,131943603.7701,110858845.8018,4.3563,4.3563,0.4601,0.4601,4.6005,9.4127
2019-04-24,3.7800,3.7900,3.7400,3.7700,0.0000,0.0000,3298604.4200,1243211.4450,2.6100,5.6400,0.1122,0.9309,1.0100,6.5066,6.5066,0.8296,2.2042,2.2042,34998303.3873,29405529.3904,3543299.0685,131943603.7701,110858845.8018,4.3563,4.3563,0.4601,0.4601,4.6005,9.4127
2019-04-25,3.7700,3.7700,3.7300,3.7400,-0.0300,-0.8000,3066191.7100,1148725.4400,2.5900,5.5900,0.1043,0.8653,1.0500,6.4549,6.4549,0.8230,2.1867,2.1867,34998303.3873,29405529.3904,3543299.0685,130893654.6685,109976679.9201,4.3912,4.3912,0.4613,0.4613,4.6127,9.4377
2019-04-26,3.7300,3.7400,3.7100,3.7200,-0.0200,-0.5300,2629237.1600,979407.2370,2.5700,5.5600,0.0894,0.7420,0.8700,6.4203,6.4203,0.8186,2.1750,2.1750,34998303.3873,29405529.3904,3543299.0685,130193688.6008,109388569.3323,4.4148,4.4148,0.4662,0.4662,4.6622,9.5389
2019-04-29,3.7300,3.7600,3.7200,3.7400,0.0200,0.5400,3247171.4900,1214220.8660,2.5900,5.5900,0.1104,0.9164,1.0600,6.4549,6.3758,0.7921,2.1867,2.1257,34998303.3873,29405529.3904,3543299.0685,130893654.6685,109976679.9201,4.3912,4.3912,0.4662,0.4662,4.6622,9.5389
2019-04-30,3.7300,3.7800,3.7200,3.7600,0.0200,0.5300,2927606.9400,1098346.5360,2.6000,5.6200,0.0996,0.8262,0.9600,6.4894,6.4099,0.7963,2.1984,2.1371,34998303.3873,29405529.3904,3543299.0685,131593620.7362,110564790.5079,4.3679,4.3679,0.4662,0.4662,4.6622,9.5389
2019-05-06,3.7100,3.7200,3.6200,3.6500,-0.1100,-2.9300,6101232.0600,2238637.4280,2.5200,5.4600,0.2075,1.7219,2.0100,6.2995,6.2224,0.7730,2.1341,2.0746,34998303.3873,29405529.3904,3543299.0685,127743807.3636,107330182.2750,4.4995,4.4995,0.4687,0.4687,4.6873,9.5903
2019-05-07,3.6700,3.6800,3.6400,3.6600,0.0100,0.2700,2757619.4700,1009782.2070,2.5300,5.4700,0.0938,0.7783,0.7700,6.3168,6.2394,0.7751,2.1399,2.0803,34998303.3873,29405529.3904,3543299.0685,128093790.3975,107624237.5689,4.4872,4.4872,0.4738,0.4738,4.7384,9.6948
2019-05-08,3.6400,3.6400,3.6100,3.6100,-0.0500,-1.3700,2456114.0400,889276.1510,2.5000,5.4000,0.0835,0.6932,0.7000,6.2305,6.1542,0.7646,2.1107,2.0519,34998303.3873,29405529.3904,3543299.0685,126343875.2282,106153961.0993,4.5494,4.5494,0.4777,0.4777,4.7775,9.7747
2019-05-09,3.6000,3.6200,3.5800,3.5900,-0.0200,-0.5500,2393865.6400,861096.8410,2.4800,5.3700,0.0814,0.6756,0.6800,6.1960,6.1201,0.7603,2.0990,2.0405,34998303.3873,29405529.3904,3543299.0685,125643909.1604,105565850.5115,4.5747,4.5747,0.4831,0.4831,4.8306,9.8833
2019-05-10,3.6100,3.6700,3.5800,3.6500,0.0600,1.6700,3135705.0300,1137771.4850,2.5200,5.4600,0.1066,0.8850,0.9400,6.2995,6.2224,0.7730,2.1341,2.0746,34998303.3873,29405529.3904,3543299.0685,127743807.3636,107330182.2750,4.4995,4.4995,0.4817,0.4817,4.8172,9.8560
2019-05-13,3.6300,3.6300,3.5900,3.6000,-0.0500,-1.3700,1894966.0700,683006.7960,2.4900,5.3800,0.0644,0.5348,0.5600,6.2132,6.1371,0.7624,2.1049,2.0462,34998303.3873,29405529.3904,3543299.0685,125993892.1943,105859905.8054,4.5620,4.5620,0.4791,0.4791,4.7906,9.8017
2019-05-14,3.5800,3.6100,3.5800,3.5800,-0.0200,-0.5600,2274710.6800,816498.8430,2.4800,5.3500,0.0774,0.6420,0.9000,6.1787,6.1030,0.7582,2.0932,2.0348,34998303.3873,29405529.3904,3543299.0685,125293926.1265,105271795.2176,4.5875,4.5875,0.4858,0.4858,4.8575,9.9385
2019-05-15,3.6000,3.6300,3.5800,3.6100,0.0300,0.8400,2555841.7800,920488.4070,2.5000,5.4000,0.0869,0.7213,1.0500,6.2305,6.1542,0.7646,2.1107,2.0519,34998303.3873,29405529.3904,3543299.0685,126343875.2282,106153961.0993,4.5494,4.5494,0.4831,0.4831,4.8306,9.8833
2019-05-16,3.6000,3.6400,3.5900,3.6200,0.0100,0.2800,2466123.8200,891685.8240,2.5000,5.4100,0.0839,0.6960,1.0100,6.2478,6.1712,0.7667,2.1165,2.0575,34998303.3873,29405529.3904,3543299.0685,126693858.2620,106448016.3932,4.5368,4.5368,0.4831,0.4831,4.8306,9.8833
2019-05-17,3.6200,3.6400,3.6000,3.6100,-0.0100,-0.2800,2896358.6200,1049746.4660,2.5000,5.4000,0.0985,0.8174,1.1700,6.2305,6.1542,0.7646,2.1107,2.0519,34998303.3873,29405529.3904,3543299.0685,126343875.2282,106153961.0993,4.5494,4.5494,0.4804,0.4804,4.8039,9.8287
2019-05-20,3.6000,3.6600,3.6000,3.6500,0.0400,1.1100,3123310.7700,1137925.4250,2.5200,5.4600,0.1062,0.8815,1.2900,6.2995,6.2224,0.7730,2.1341,2.0746,34998303.3873,29405529.3904,3543299.0685,127743807.3636,107330182.2750,4.4995,4.4995,0.4831,0.4831,4.8306,9.8833
2019-05-21,3.6500,3.6900,3.6400,3.6700,0.0200,0.5500,2275406.7200,834813.4420,2.5400,5.4900,0.0774,0.6422,0.8500,6.3341,6.2565,0.7773,2.1458,2.0860,34998303.3873,29405529.3904,3543299.0685,128443773.4314,107918292.8628,4.4750,4.4750,0.4764,0.4764,4.7644,9.7479
2019-05-22,3.6700,3.6900,3.6600,3.6700,0.0000,0.0000,1659859.0200,610510.2740,2.5400,5.4900,0.0564,0.4685,0.6200,6.3341,6.2565,0.7773,2.1458,2.0860,34998303.3873,29405529.3904,3543299.0685,128443773.4314,107918292.8628,4.4750,4.4750,0.4738,0.4738,4.7384,9.6948
2019-05-23,3.6700,3.6900,3.6500,3.6800,0.0100,0.2700,2403209.0000,882344.3740,2.5400,5.5000,0.0817,0.6782,0.9700,6.3513,6.2735,0.7794,2.1516,2.0916,34998303.3873,29405529.3904,3543299.0685,128793756.4653,108212348.1567,4.4628,4.4628,0.4738,0.4738,4.7384,9.6948
2019-05-24,3.6800,3.7100,3.6700,3.6900,0.0100,0.2700,2090797.7100,772260.0750,2.5500,5.5200,0.0711,0.5901,0.8500,6.3686,6.2906,0.7815,2.1575,2.0973,34998303.3873,29405529.3904,3543299.0685,129143739.4991,108506403.4506,4.4507,4.4507,0.4726,0.4726,4.7255,9.6685
2019-05-27,3.6800,3.7100,3.6600,3.7000,0.0100,0.2700,2300336.8500,848980.8540,2.5600,5.5300,0.0782,0.6492,1.0000,6.3858,6.3076,0.7836,2.1633,2.1030,34998303.3873,29405529.3904,3543299.0685,129493722.5330,108800458.7445,4.4387,,0.4726,0.4726,4.7255,9.6685
2019-05-28,3.7000,3.7300,3.6900,3.7200,0.0200,0.5400,3215281.7600,1194350.2560,2.5700,5.5600,0.1093,0.9074,1.5000,6.4203,6.3417,0.7879,2.1750,2.1144,34998303.3873,29405529.3904,3543299.0685,130193688.6008,109388569.3323,4.4148,,0.4700,0.4700,4.7000,9.6162
2019-05-29,3.7100,3.7200,3.6700,3.6800,-0.0400,-1.0800,2285576.3900,843866.6000,2.5400,5.5000,0.0777,0.6450,0.9800,6.3513,6.2735,0.7794,2.1516,2.0916,34998303.3873,29405529.3904,3543299.0685,128793756.4653,108212348.1567,4.4628,,0.4687,0.4687,4.6873,9.5903
2019-05-30,3.6900,3.7200,3.6700,3.7100,0.0300,0.8200,2043511.1600,754138.2640,2.5700,5.5500,0.0695,0.5767,0.8300,6.4031,6.3246,0.7857,2.1692,2.1087,34998303.3873,29405529.3904,3543299.0685,129843705.5669,109094514.0384,4.4267,,0.4713,0.4713,4.7127,9.6423
2019-05-31,3.7100,3.7100,3.6700,3.6800,-0.0300,-0.8100,2071238.8700,764866.5980,2.5400,5.5000,0.0704,0.5846,0.8700,6.3513,6.2735,0.7794,2.1516,2.0916,34998303.3873,29405529.3904,3543299.0685,128793756.4653,108212348.1567,4.4628,,0.4687,0.4687,4.6873,9.5903
2019-06-03,3.6900,3.7300,3.6800,3.7300,0.0500,1.3600,2460188.4400,912694.4600,2.5800,5.5800,0.0837,0.6943,1.0300,6.4376,6.3587,0.7900,2.1809,2.1201,34998303.3873,29405529.3904,3543299.0685,130543671.6346,109682624.6262,4.4030,,0.4713,0.4713,4.7127,9.6423
2019-06-04,3.7300,3.7500,3.7200,3.7500,0.0200,0.5400,2129093.6100,795835.0300,2.5900,5.6100,0.0724,0.6009,0.8800,6.4721,6.3928,0.7942,2.1926,2.1314,34998303.3873,29405529.3904,3543299.0685,131243637.7024,110270735.2140,4.3795,,0.4662,0.4662,4.6622,9.5389
2019-06-05,3.7600,3.8000,3.7500,3.7700,0.0200,0.5300,2552371.3400,964493.5130,2.6100,5.6400,0.0868,0.7203,1.1600,6.5066,6.4269,0.7984,2.2042,2.1428,34998303.3873,29405529.3904,3543299.0685,131943603.7701,110858845.8018,4.3563,,0.4625,0.4625,4.6250,9.4628
2019-06-06,3.7800,3.7800,3.7500,3.7700,0.0000,0.0000,1436831.3000,540935.0870,2.6100,5.6400,0.0489,0.4055,0.6400,6.5066,6.4269,0.7984,2.2042,2.1428,34998303.3873,29405529.3904,3543299.0685,131943603.7701,110858845.8018,4.3563,,0.4601,0.4601,4.6005,9.4127
2019-06-10,3.7600,3.8000,3.7600,3.7900,0.0200,0.5300,2277941.7200,862129.1420,2.6200,5.6700,0.0775,0.6429,1.0700,6.5412,6.4610,0.8027,2.2159,2.1542,34998303.3873,29405529.3904,3543299.0685,132643569.8379,111446956.3896,4.3333,,0.4625,0.4625,4.6250,9.4628
2019-06-11,3.8000,3.8200,3.7900,3.8100,0.0200,0.5300,2715991.2200,1033547.8000,2.6300,5.7000,0.0924,0.7665,1.2500,6.5757,6.4951,0.8069,2.2276,2.1655,34998303.3873,29405529.3904,3543299.0685,133343535.9056,112035066.9774,4.3105,,0.4576,0.4576,4.5763,9.3632
2019-06-12,3.8000,3.8300,3.7900,3.8100,0.0000,0.0000,2200160.2100,837916.3440,2.6300,5.7000,0.0748,0.6209,0.9900,6.5757,6.4951,0.8069,2.2276,2.1655,34998303.3873,29405529.3904,3543299.0685,133343535.9056,112035066.9774,4.3105,,0.4576,0.4576,4.5763,9.3632
2019-06-13,3.8200,3.8200,3.7800,3.7800,-0.0300,-0.7900,1990225.8500,754366.8750,2.6100,5.6500,0.0677,0.5617,0.8900,6.5239,6.4440,0.8006,2.2101,2.1485,34998303.3873,29405529.3904,3543299.0685,132293586.8040,111152901.0957,4.3448,,0.4552,0.4552,4.5524,9.3141
2019-06-14,3.7900,3.8000,3.7500,3.7600,-0.0200,-0.5300,2192162.1500,826364.5470,2.6000,5.6200,0.0745,0.6187,1.0300,6.4894,6.4099,0.7963,2.1984,2.1371,34998303.3873,29405529.3904,3543299.0685,131593620.7362,110564790.5079,4.3679,,0.4588,0.4588,4.5884,9.3879
2019-06-17,3.7600,3.8100,3.7500,3.8000,0.0400,1.0600,2404319.4000,911372.4600,2.6300,5.6800,0.0818,0.6786,1.0600,6.5584,6.4781,0.8048,2.2218,2.1598,34998303.3873,29405529.3904,3543299.0685,132993552.8717,111741011.6835,4.3219,,0.4625,0.4625,4.6250,9.4628
2019-06-18,3.8000,3.8300,3.7900,3.8200,0.0200,0.5300,3201835.0600,1221080.9560,2.6400,5.7100,0.1089,0.9036,1.3900,6.5929,6.5122,0.8090,2.2335,2.1712,34998303.3873,29405529.3904,3543299.0685,133693518.9395,112329122.2713,4.2993,,0.4576,0.4576,4.5763,9.3632
2019-06-19,3.7000,3.7000,3.6400,3.6500,-0.1700,-4.4500,4829202.0600,1765824.6840,2.6400,5.7100,0.1642,1.3629,2.0100,6.2995,6.2224,0.8026,2.1341,2.0746,34998303.3873,29405529.3904,3543299.0685,127743807.3636,107330182.2750,4.4995,4.7644,0.4700,0.4700,4.7000,9.6162
2019-06-20,3.6500,3.6900,3.6300,3.6700,0.0200,0.5500,5573280.7100,2039371.5540,2.6600,5.7400,0.1895,1.5729,1.9100,6.3341,6.2565,0.8070,2.1458,2.0860,34998303.3873,29405529.3904,3543299.0685,128443773.4314,107918292.8628,4.4750,4.7385,0.4764,0.4764,4.7644,9.7479
2019-06-21,3.6600,3.6700,3.6300,3.6400,-0.0300,-0.8200,4187513.1800,1527189.3010,2.6300,5.7000,0.1424,1.1818,1.1500,6.2823,6.2053,0.8004,2.1282,2.0689,34998303.3873,29405529.3904,3543299.0685,127393824.3298,107036126.9811,4.5119,4.7775,0.4751,0.4751,4.7514,9.7213
2019-06-24,3.6400,3.6600,3.6300,3.6600,0.0200,0.5500,2113891.5500,770958.7920,2.6500,5.7300,0.0719,0.5966,0.5200,6.3168,6.2394,0.8048,2.1399,2.0803,34998303.3873,29405529.3904,3543299.0685,128093790.3975,107624237.5689,4.4872,4.7514,0.4777,0.4777,4.7775,9.7747
2019-06-25,3.6500,3.6600,3.6200,3.6400,-0.0200,-0.5500,3168505.5000,1153432.5150,2.6300,5.7000,0.1078,0.8942,0.8000,6.2823,6.2053,0.8004,2.1282,2.0689,34998303.3873,29405529.3904,3543299.0685,127393824.3298,107036126.9811,4.5119,4.7775,0.4764,0.4764,4.7644,9.7479
2019-06-26,3.6400,3.6400,3.6000,3.6200,-0.0200,-0.5500,2416127.3700,873957.5560,2.6200,5.6700,0.0822,0.6819,0.6100,6.2478,6.1712,0.7960,2.1165,2.0575,34998303.3873,29405529.3904,3543299.0685,126693858.2620,106448016.3932,4.5368,4.8039,0.4777,0.4777,4.7775,9.7747
2019-06-27,3.6200,3.6400,3.6100,3.6200,0.0000,0.0000,2935329.8600,1062950.8580,2.6200,5.6700,0.0998,0.8284,0.8400,6.2478,6.1712,0.7960,2.1165,2.0575,34998303.3873,29405529.3904,3543299.0685,126693858.2620,106448016.3932,4.5368,4.8039,0.4804,0.4804,4.8039,9.8287
2019-06-28,3.6200,3.6200,3.5800,3.6000,-0.0200,-0.5500,2835837.5600,1020321.7940,2.6100,5.6300,0.0964,0.8003,0.9600,6.2132,6.1371,0.7916,2.1049,2.0462,34998303.3873,29405529.3904,3543299.0685,125993892.1943,105859905.8054,4.5620,4.8306,0.4804,0.4804,4.8039,9.8287
2019-07-01,3.6200,3.6300,3.6100,3.6200,0.0200,0.5600,3439892.8700,1245433.9950,2.6200,5.6700,0.1170,0.9708,1.2800,6.2478,6.1712,0.7960,2.1165,2.0575,34998303.3873,29405529.3904,3543299.0685,126693858.2620,106448016.3932,4.5368,4.8039,0.4804,0.4804,4.8039,9.8287
2019-07-02,3.6200,3.6400,3.6100,3.6400,0.0200,0.5500,2971126.9000,1077676.5780,2.6300,5.7000,0.1010,0.8385,1.0000,6.2823,6.2053,0.8004,2.1282,2.0689,34998303.3873,29405529.3904,3543299.0685,127393824.3298,107036126.9811,4.5119,4.7775,0.4804,0.4804,4.8039,9.8287
2019-07-03,3.6400,3.6600,3.6200,3.6600,0.0200,0.5500,2924186.3600,1065842.1230,2.6500,5.7300,0.0994,0.8253,1.0000,6.3168,6.2394,0.8048,2.1399,2.0803,34998303.3873,29405529.3904,3543299.0685,128093790.3975,107624237.5689,4.4872,4.7514,0.4777,0.4777,4.7775,9.7747
2019-07-04,3.6600,3.6700,3.6400,3.6600,0.0000,0.0000,2255482.3200,824233.4670,2.6500,5.7300,0.0767,0.6365,0.7500,6.3168,6.2394,0.8048,2.1399,2.0803,34998303.3873,29405529.3904,3543299.0685,128093790.3975,107624237.5689,4.4872,4.7514,0.4751,0.4751,4.7514,9.7213
2019-07-05,3.6600,3.6600,3.6400,3.6500,-0.0100,-0.2700,1596520.3800,581968.1320,2.6400,5.7100,0.0543,0.4506,0.5500,6.2995,6.2224,0.8026,2.1341,2.0746,34998303.3873,29405529.3904,3543299.0685,127743807.3636,107330182.2750,4.4995,4.7644,0.4751,0.4751,4.7514,9.7213
2019-07-08,3.6400,3.6400,3.5900,3.6000,-0.0500,-1.3700,3154465.1900,1137592.2770,2.6100,5.6300,0.1073,0.8903,1.2000,6.2132,6.1371,0.7916,2.1049,2.0462,34998303.3873,29405529.3904,3543299.0685,125993892.1943,105859905.8054,4.5620,4.8306,0.4777,0.4777,4.7775,9.7747
2019-07-09,3.6000,3.6000,3.5800,3.5800,-0.0200,-0.5600,1850498.9600,663897.7590,2.5900,5.6000,0.0629,0.5223,0.7200,6.1787,6.1030,0.7872,2.0932,2.0348,34998303.3873,29405529.3904,3543299.0685,125293926.1265,105271795.2176,4.5875,4.8576,0.4831,0.4831,4.8306,9.8833
2019-07-10,3.5900,3.6000,3.5700,3.5900,0.0100,0.2800,1223500.3600,438552.2890,2.6000,5.6200,0.0416,0.3453,0.5200,6.1960,6.1201,0.7894,2.0990,2.0405,34998303.3873,29405529.3904,3543299.0685,125643909.1604,105565850.5115,4.5747,4.8440,0.4844,0.4844,4.8440,9.9109
2019-07-11,3.5900,3.6000,3.5800,3.5900,0.0000,0.0000,1289051.9300,462915.2180,2.6000,5.6200,0.0438,0.3638,0.6400,6.1960,6.1201,0.7894,2.0990,2.0405,34998303.3873,29405529.3904,3543299.0685,125643909.1604,105565850.5115,4.5747,4.8440,0.4844,0.4844,4.8440,9.9109
2019-07-12,3.6000,3.6100,3.5800,3.6000,0.0100,0.2800,1659001.8500,596835.2360,2.6100,5.6300,0.0564,0.4682,0.9100,6.2132,6.1371,0.7916,2.1049,2.0462,34998303.3873,29405529.3904,3543299.0685,125993892.1943,105859905.8054,4.5620,4.8306,0.4831,0.4831,4.8306,9.8833
2019-07-15,3.6000,3.6000,3.5600,3.5900,-0.0100,-0.2800,2799219.0500,1002448.2280,2.6000,5.6200,0.0952,0.7900,1.5300,6.1960,6.1201,0.7894,2.0990,2.0405,34998303.3873,29405529.3904,3543299.0685,125643909.1604,105565850.5115,4.5747,4.8440,0.4831,0.4831,4.8306,9.8833
2019-07-16,3.5800,3.5900,3.5700,3.5800,-0.0100,-0.2800,1271189.8800,454757.5080,2.5900,5.6000,0.0432,0.3588,0.7200,6.1787,6.1030,0.7872,2.0932,2.0348,34998303.3873,29405529.3904,3543299.0685,125293926.1265,105271795.2176,4.5875,4.8576,0.4858,0.4858,4.8575,9.9385
2019-07-17,3.5800,3.5800,3.5600,3.5700,-0.0100,-0.2800,1251890.3900,446960.4480,2.5800,5.5900,0.0426,0.3533,0.7600,6.1615,6.0860,0.7850,2.0873,2.0291,34998303.3873,29405529.3904,3543299.0685,124943943.0927,104977739.9237,4.6003,4.8712,0.4858,0.4858,4.8575,9.9385
2019-07-18,3.5600,3.5700,3.5500,3.5500,-0.0200,-0.5600,1838950.3100,653650.6980,2.5700,5.5600,0.0625,0.5190,1.1100,6.1269,6.0519,0.7806,2.0756,2.0178,34998303.3873,29405529.3904,3543299.0685,124243977.0249,104389629.3359,4.6262,4.8986,0.4885,0.4885,4.8848,9.9944
2019-07-19,3.5600,3.5800,3.5500,3.5700,0.0200,0.5600,1648216.8900,587878.3890,2.5800,5.5900,0.0561,0.4652,0.9300,6.1615,6.0860,0.7850,2.0873,2.0291,34998303.3873,29405529.3904,3543299.0685,124943943.0927,104977739.9237,4.6003,4.8712,0.4885,0.4885,4.8848,9.9944
2019-07-22,3.5700,3.5900,3.5500,3.5700,0.0000,0.0000,2173788.7700,776691.8530,2.5800,5.5900,0.0739,0.6135,1.2300,6.1615,6.0860,0.7850,2.0873,2.0291,34998303.3873,29405529.3904,3543299.0685,124943943.0927,104977739.9237,4.6003,4.8712,0.4871,0.4871,4.8711,9.9664
2019-07-23,3.5700,3.6000,3.5700,3.5900,0.0200,0.5600,2100226.9900,752749.8950,2.6000,5.6200,0.0714,0.5927,1.2800,6.1960,6.1201,0.7894,2.0990,2.0405,34998303.3873,29405529.3904,3543299.0685,125643909.1604,105565850.5115,4.5747,4.8440,0.4871,0.4871,4.8711,9.9664
2019-07-24,3.6000,3.6100,3.5700,3.5900,0.0000,0.0000,2770585.6900,995020.2810,2.6000,5.6200,0.0942,0.7819,1.5400,6.1960,6.1201,0.7894,2.0990,2.0405,34998303.3873,29405529.3904,3543299.0685,125643909.1604,105565850.5115,4.5747,4.8440,0.4831,0.4831,4.8306,9.8833
2019-07-25,3.5800,3.6000,3.5700,3.5900,0.0000,0.0000,2158015.5300,773177.3840,2.6000,5.6200,0.0734,0.6090,1.0200,6.1960,6.1201,0.7894,2.0990,2.0405,34998303.3873,29405529.3904,3543299.0685,125643909.1604,105565850.5115,4.5747,4.8440,0.4858,0.4858,4.8575,9.9385
2019-07-26,3.5900,3.6000,3.5700,3.5900,0.0000,0.0000,2021544.1500,725407.5140,2.6000,5.6200,0.0687,0.5705,0.9300,6.1960,6.1201,0.7894,2.0990,2.0405,34998303.3873,29405529.3904,3543299.0685,125643909.1604,105565850.5115,4.5747,4.8440,0.4844,0.4844,4.8440,9.9109
2019-07-29,3.5900,3.6100,3.5800,3.6000,0.0100,0.2800,2001204.0100,719928.4000,2.6100,5.6300,0.0681,0.5648,0.8900,6.2132,6.1371,0.7916,2.1049,2.0462,34998303.3873,29405529.3904,3543299.0685,125993892.1943,105859905.8054,4.5620,4.8306,0.4844,0.4844,4.8440,9.9109
2019-07-30,3.6000,3.6200,3.5900,3.6100,0.0100,0.2800,2297045.5800,828801.7190,2.6100,5.6500,0.0781,0.6483,1.0400,6.2305,6.1542,0.7938,2.1107,2.0519,34998303.3873,29405529.3904,3543299.0685,126343875.2282,106153961.0993,4.5494,4.8172,0.4831,0.4831,4.8306,9.8833
2019-07-31,3.6100,3.6100,3.5900,3.6000,-0.0100,-0.2800,2362359.8800,850440.1960,2.6100,5.6300,0.0803,0.6667,1.0500,6.2132,6.1371,0.7916,2.1049,2.0462,34998303.3873,29405529.3904,3543299.0685,125993892.1943,105859905.8054,4.5620,4.8306,0.4817,0.4817,4.8172,9.8560
2019-08-01,3.5900,3.6000,3.5700,3.5800,-0.0200,-0.5600,2122692.4100,761097.7210,2.5900,5.6000,0.0722,0.5991,0.9800,6.1787,6.1030,0.7872,2.0932,2.0348,34998303.3873,29405529.3904,3543299.0685,125293926.1265,105271795.2176,4.5875,4.8576,0.4844,0.4844,4.8440,9.9109
2019-08-02,3.5500,3.5600,3.5400,3.5500,-0.0300,-0.8400,2649461.3700,940406.3840,2.5700,5.5600,0.0901,0.7477,1.2300,6.1269,6.0519,0.7806,2.0756,2.0178,34998303.3873,29405529.3904,3543299.0685,124243977.0249,104389629.3359,4.6262,4.8986,0.4899,0.4899,4.8986,10.0225
2019-08-05,3.5400,3.5400,3.5000,3.5000,-0.0500,-1.4100,3038064.8700,1067129.9480,2.5300,5.4800,0.1033,0.8574,1.3300,6.0406,5.9666,0.7696,2.0464,1.9893,34998303.3873,29405529.3904,3543299.0685,122494061.8556,102919352.8664,4.6923,4.9686,0.4912,0.4912,4.9124,10.0508
2019-08-06,3.4600,3.4700,3.4300,3.4600,-0.0400,-1.1400,2935396.2500,1011962.0140,2.5000,5.4100,0.0998,0.8284,1.1800,5.9716,5.8985,0.7608,2.0230,1.9666,34998303.3873,29405529.3904,3543299.0685,121094129.7201,101743131.6908,4.7466,5.0261,0.5026,0.5026,5.0260,10.2832
2019-08-07,3.4600,3.4700,3.4200,3.4300,-0.0300,-0.8700,1847216.8200,635453.7920,2.4800,5.3700,0.0628,0.5213,0.7000,5.9198,5.8473,0.7542,2.0055,1.9495,34998303.3873,29405529.3904,3543299.0685,120044180.6184,100860965.8091,4.7881,5.0700,0.5026,0.5026,5.0260,10.2832
2019-08-08,3.4400,3.4600,3.4300,3.4600,0.0300,0.8700,2320951.8600,800443.5400,2.5000,5.4100,0.0789,0.6550,0.9200,5.9716,5.8985,0.7608,2.0230,1.9666,34998303.3873,29405529.3904,3543299.0685,121094129.7201,101743131.6908,4.7466,5.0261,0.5055,0.5055,5.0552,10.3430
2019-08-09,3.4600,3.4800,3.4500,3.4600,0.0000,0.0000,2090080.2800,724502.7660,2.5000,5.4100,0.0711,0.5899,0.8200,5.9716,5.8985,0.7608,2.0230,1.9666,34998303.3873,29405529.3904,3543299.0685,121094129.7201,101743131.6908,4.7466,5.0261,0.5026,0.5026,5.0260,10.2832
2019-08-12,3.4500,3.4800,3.4500,3.4800,0.0200,0.5800,1799973.5700,623460.6680,2.5200,5.4500,0.0612,0.5080,0.7400,6.0061,5.9326,0.7652,2.0347,1.9780,34998303.3873,29405529.3904,3543299.0685,121794095.7878,102331242.2786,4.7193,4.9972,0.5041,0.5041,5.0406,10.3130
2019-08-13,3.4600,3.4700,3.4400,3.4500,-0.0300,-0.8600,1618078.8700,558790.3030,2.5000,5.4000,0.0550,0.4567,0.7400,5.9544,5.8814,0.7586,2.0171,1.9609,34998303.3873,29405529.3904,3543299.0685,120744146.6862,101449076.3969,4.7603,5.0406,0.5026,0.5026,5.0260,10.2832
2019-08-14,3.4700,3.4800,3.4300,3.4400,-0.0100,-0.2900,2733006.3500,944194.2460,2.4900,5.3800,0.0929,0.7713,1.4100,5.9371,5.8644,0.7564,2.0113,1.9552,34998303.3873,29405529.3904,3543299.0685,120394163.6523,101155021.1030,4.7742,5.0553,0.5012,0.5012,5.0115,10.2536
2019-08-15,3.4000,3.4300,3.4000,3.4300,-0.0100,-0.2900,2072571.6500,707984.3000,2.4800,5.3700,0.0705,0.5849,0.9800,5.9198,5.8473,0.7542,2.0055,1.9495,34998303.3873,29405529.3904,3543299.0685,120044180.6184,100860965.8091,4.7881,5.0700,0.5115,0.5115,5.1147,10.4647
2019-08-16,3.4300,3.4400,3.4200,3.4200,-0.0100,-0.2900,1993041.2100,682761.8440,2.4800,5.3500,0.0678,0.5625,0.9700,5.9026,5.8303,0.7520,1.9996,1.9439,34998303.3873,29405529.3904,3543299.0685,119694197.5846,100566910.5152,4.8021,5.0848,0.5070,0.5070,5.0700,10.3732
2019-08-19,3.4200,3.4400,3.3800,3.4300,0.0100,0.2900,4619048.3300,1572070.9420,2.4800,5.3700,0.1571,1.3036,2.2600,5.9198,5.8473,0.7542,2.0055,1.9495,34998303.3873,29405529.3904,3543299.0685,120044180.6184,100860965.8091,4.7881,5.0700,0.5085,0.5085,5.0848,10.4035
2019-08-20,3.4200,3.4400,3.4200,3.4300,0.0000,0.0000,1987323.5000,681648.6070,2.4800,5.3700,0.0676,0.5609,0.7600,5.9198,5.8473,0.7542,2.0055,1.9495,34998303.3873,29405529.3904,3543299.0685,120044180.6184,100860965.8091,4.7881,5.0700,0.5085,0.5085,5.0848,10.4035
2019-08-21,3.4300,3.4300,3.4200,3.4200,-0.0100,-0.2900,1084247.5100,371366.7580,2.4800,5.3500,0.0369,0.3060,0.4000,5.9026,5.8303,0.7520,1.9996,1.9439,34998303.3873,29405529.3904,3543299.0685,119694197.5846,100566910.5152,4.8021,5.0848,0.5070,0.5070,5.0700,10.3732
2019-08-22,3.4300,3.4300,3.4000,3.4100,-0.0100,-0.2900,1603240.4500,546552.9020,2.4700,5.3400,0.0545,0.4525,0.6800,5.8853,5.8132,0.7498,1.9938,1.9382,34998303.3873,29405529.3904,3543299.0685,119344214.5507,100272855.2213,4.8162,5.0997,0.5070,0.5070,5.0700,10.3732
2019-08-23,3.4100,3.4200,3.3900,3.4100,0.0000,0.0000,1348988.8700,460119.8300,2.4700,5.3400,0.0459,0.3807,0.6000,5.8853,5.8132,0.7498,1.9938,1.9382,34998303.3873,29405529.3904,3543299.0685,119344214.5507,100272855.2213,4.8162,5.0997,0.5100,0.5100,5.0997,10.4340
2019-08-26,3.3800,3.4000,3.3800,3.3800,-0.0300,-0.8800,1962956.9300,664712.2720,2.4500,5.2900,0.0668,0.5540,0.9200,5.8335,5.7621,0.7432,1.9762,1.9211,34998303.3873,29405529.3904,3543299.0685,118294265.4491,99390689.3396,4.8589,5.1450,0.5145,0.5145,5.1450,10.5266
2019-08-27,3.3900,3.4300,3.3900,3.4100,0.0300,0.8900,2702405.2000,922881.9370,2.4700,5.3400,0.0919,0.7627,1.6900,5.8853,5.8132,0.7498,1.9938,1.9382,34998303.3873,29405529.3904,3543299.0685,119344214.5507,100272855.2213,4.8162,5.0997,0.5130,0.5130,5.1298,10.4956
2019-08-28,3.4200,3.4200,3.3900,3.4000,-0.0100,-0.2900,1568628.8500,534005.4770,2.4600,5.3200,0.0533,0.4427,0.9000,5.8681,5.7962,0.7476,1.9879,1.9325,34998303.3873,29405529.3904,3543299.0685,118994231.5168,99978799.9274,4.8303,5.1147,0.5085,0.5085,5.0848,10.4035
2019-08-29,3.4000,3.4100,3.3900,3.3900,-0.0100,-0.2900,1121916.7500,380867.3710,2.4500,5.3100,0.0382,0.3166,0.6100,5.8508,5.7791,0.7454,1.9821,1.9268,34998303.3873,29405529.3904,3543299.0685,118644248.4829,99684744.6335,4.8446,5.1298,0.5115,0.5115,5.1147,10.4647
2019-08-30,3.4100,3.4200,3.4000,3.4000,0.0100,0.2900,1794587.6100,611382.2630,2.4600,5.3200,0.0610,0.5065,1.0300,5.8681,5.7962,0.7476,1.9879,1.9325,34998303.3873,29405529.3904,3543299.0685,118994231.5168,99978799.9274,4.8303,5.1147,0.5100,0.5100,5.0997,10.4340
2019-09-02,3.4000,3.4200,3.3900,3.4100,0.0100,0.2900,2331254.9700,793792.7010,2.4700,5.3400,0.0793,0.6579,1.2700,5.8853,5.7256,0.7221,1.9938,1.9391,34998303.3873,29405529.3904,3543299.0685,119344214.5507,100272855.2213,4.8162,5.0997,0.5115,0.5115,5.1147,10.4647
2019-09-03,3.4200,3.4200,3.4000,3.4100,0.0000,0.0000,1669965.5700,568786.4690,2.4700,5.3400,0.0568,0.4713,0.8800,5.8853,5.7256,0.7221,1.9938,1.9391,34998303.3873,29405529.3904,3543299.0685,119344214.5507,100272855.2213,4.8162,5.0997,0.5085,0.5085,5.0848,10.4035
2019-09-04,3.4100,3.4500,3.4000,3.4500,0.0400,1.1700,2488459.3000,852846.9030,2.5000,5.4000,0.0846,0.7023,1.4700,5.9544,5.7928,0.7306,2.0171,1.9618,34998303.3873,29405529.3904,3543299.0685,120744146.6862,101449076.3969,4.7603,5.0406,0.5100,0.5100,5.0997,10.4340
2019-09-05,3.4500,3.5000,3.4400,3.4800,0.0300,0.8700,3580718.9400,1246075.8940,2.5200,5.4500,0.1218,1.0106,1.9000,6.0061,5.8432,0.7369,2.0347,1.9789,34998303.3873,29405529.3904,3543299.0685,121794095.7878,102331242.2786,4.7193,4.9972,0.5041,0.5041,5.0406,10.3130
2019-09-06,3.4900,3.5000,3.4700,3.4900,0.0100,0.2900,2143808.5100,746846.7280,2.5300,5.4600,0.0729,0.6050,0.9000,6.0234,5.8599,0.7390,2.0405,1.9846,34998303.3873,29405529.3904,3543299.0685,122144078.8217,102625297.5725,4.7058,4.9828,0.4983,0.4983,4.9828,10.1948
2019-09-09,3.5100,3.5200,3.4700,3.4900,0.0000,0.0000,3269488.5900,1139491.0860,2.5300,5.4600,0.1112,0.9227,1.3400,6.0234,5.8599,0.7390,2.0405,1.9846,34998303.3873,29405529.3904,3543299.0685,122144078.8217,102625297.5725,4.7058,4.9828,0.4954,0.4954,4.9544,10.1368
2019-09-10,3.4900,3.4900,3.4500,3.4800,-0.0100,-0.2900,2683090.8100,930804.7380,2.5200,5.4500,0.0912,0.7572,1.0200,6.0061,5.8432,0.7369,2.0347,1.9789,34998303.3873,29405529.3904,3543299.0685,121794095.7878,102331242.2786,4.7193,4.9972,0.4983,0.4983,4.9828,10.1948
2019-09-11,3.4900,3.5200,3.4800,3.5200,0.0400,1.1500,2702190.8100,947002.2970,2.5500,5.5100,0.0919,0.7626,0.9500,6.0752,5.9103,0.7454,2.0581,2.0016,34998303.3873,29405529.3904,3543299.0685,123194027.9233,103507463.4542,4.6657,4.9404,0.4983,0.4983,4.9828,10.1948
2019-09-12,3.5300,3.5400,3.5100,3.5300,0.0100,0.2800,1901307.5000,671393.6530,2.5500,5.5200,0.0647,0.5366,0.6600,6.0924,5.9271,0.7475,2.0639,2.0073,34998303.3873,29405529.3904,3543299.0685,123544010.9572,103801518.7481,4.6525,4.9264,0.4926,0.4926,4.9263,10.0793
2019-09-16,3.5300,3.5400,3.5100,3.5200,-0.0100,-0.2800,1318001.7300,464418.0800,2.5500,5.5100,0.0448,0.3720,0.5200,6.0752,5.9103,0.7454,2.0581,2.0016,34998303.3873,29405529.3904,3543299.0685,123194027.9233,103507463.4542,4.6657,4.9404,0.4926,0.4926,4.9263,10.0793
2019-09-17,3.5200,3.5300,3.4800,3.4900,-0.0300,-0.8500,1984592.3900,695113.6540,2.5300,5.4600,0.0675,0.5601,0.8400,6.0234,5.8599,0.7390,2.0405,1.9846,34998303.3873,29405529.3904,3543299.0685,122144078.8217,102625297.5725,4.7058,4.9828,0.4940,0.4940,4.9403,10.1080
2019-09-18,3.4900,3.5100,3.4800,3.4800,-0.0100,-0.2900,1385533.1500,484246.5860,2.5200,5.4500,0.0471,0.3910,0.6500,6.0061,5.8432,0.7369,2.0347,1.9789,34998303.3873,29405529.3904,3543299.0685,121794095.7878,102331242.2786,4.7193,4.9972,0.4983,0.4983,4.9828,10.1948
2019-09-19,3.4900,3.5000,3.4800,3.4800,0.0000,0.0000,1271155.9800,443315.0350,2.5200,5.4500,0.0432,0.3587,0.6800,6.0061,5.8432,0.7369,2.0347,1.9789,34998303.3873,29405529.3904,3543299.0685,121794095.7878,102331242.2786,4.7193,4.9972,0.4983,0.4983,4.9828,10.1948
2019-09-20,3.4900,3.4900,3.4800,3.4900,0.0100,0.2900,2074736.0100,723372.1460,2.5300,5.4600,0.0706,0.5855,1.3200,6.0234,5.8599,0.7390,2.0405,1.9846,34998303.3873,29405529.3904,3543299.0685,122144078.8217,102625297.5725,4.7058,4.9828,0.4983,0.4983,4.9828,10.1948
2019-09-23,3.4800,3.4900,3.4600,3.4700,-0.0200,-0.5700,1279520.3700,444295.7140,2.5100,5.4300,0.0435,0.3611,0.8000,5.9889,5.8264,0.7348,2.0288,1.9732,34998303.3873,29405529.3904,3543299.0685,121444112.7539,102037186.9847,4.7329,5.0116,0.4997,0.4997,4.9971,10.2241
2019-09-24,3.4700,3.4800,3.4600,3.4700,0.0000,0.0000,1017625.1900,353624.6370,2.5100,5.4300,0.0346,0.2872,0.6400,5.9889,5.8264,0.7348,2.0288,1.9732,34998303.3873,29405529.3904,3543299.0685,121444112.7539,102037186.9847,4.7329,5.0116,0.5012,0.5012,5.0115,10.2536
2019-09-25,3.4800,3.4800,3.4600,3.4600,-0.0100,-0.2900,1110017.6500,385284.9220,2.5000,5.4100,0.0377,0.3133,0.7900,5.9716,5.8096,0.7327,2.0230,1.9675,34998303.3873,29405529.3904,3543299.0685,121094129.7201,101743131.6908,4.7466,5.0261,0.4997,0.4997,4.9971,10.2241
2019-09-26,3.4700,3.5200,3.4600,3.5000,0.0400,1.1600,2358635.2300,823912.7090,2.5300,5.4800,0.0802,0.6657,1.7500,6.0406,5.8767,0.7411,2.0464,1.9903,34998303.3873,29405529.3904,3543299.0685,122494061.8556,102919352.8664,4.6923,4.9686,0.5012,0.5012,5.0115,10.2536
2019-09-27,3.4900,3.5000,3.4600,3.4900,-0.0100,-0.2900,2110097.1300,734986.7060,2.5300,5.4600,0.0718,0.5955,1.3500,6.0234,5.8599,0.7390,2.0405,1.9846,34998303.3873,29405529.3904,3543299.0685,122144078.8217,102625297.5725,4.7058,4.9828,0.4983,0.4983,4.9828,10.1948
2019-09-30,3.4800,3.5000,3.4600,3.4600,-0.0300,-0.8600,1506468.3700,524605.7840,2.5000,5.4100,0.0512,0.4252,0.9600,5.9716,5.8096,0.7327,2.0230,1.9675,34998303.3873,29405529.3904,3543299.0685,121094129.7201,101743131.6908,4.7466,5.0261,0.4997,0.4997,4.9971,10.2241
2019-10-08,3.4600,3.4900,3.4600,3.4800,0.0200,0.5800,1725077.3000,599779.6410,2.5200,5.4500,0.0587,0.4869,1.0600,6.0061,5.8432,0.7369,2.0347,1.9789,34998303.3873,29405529.3904,3543299.0685,121794095.7878,102331242.2786,4.7193,4.9972,0.5026,0.5026,5.0260,10.2832
2019-10-09,3.4700,3.5000,3.4600,3.4900,0.0100,0.2900,2188909.0800,763141.1810,2.5300,5.4600,0.0744,0.6178,1.2400,6.0234,5.8599,0.7390,2.0405,1.9846,34998303.3873,29405529.3904,3543299.0685,122144078.8217,102625297.5725,4.7058,4.9828,0.5012,0.5012,5.0115,10.2536
2019-10-10,3.4900,3.5100,3.4700,3.4900,0.0000,0.0000,1914705.9100,669202.3690,2.5300,5.4600,0.0651,0.5404,0.9700,6.0234,5.8599,0.7390,2.0405,1.9846,34998303.3873,29405529.3904,3543299.0685,122144078.8217,102625297.5725,4.7058,4.9828,0.4983,0.4983,4.9828,10.1948
2019-10-11,3.5000,3.5400,3.4900,3.5300,0.0400,1.1500,2541839.7100,894671.1460,2.5500,5.5200,0.0864,0.7174,1.3500,6.0924,5.9271,0.7475,2.0639,2.0073,34998303.3873,29405529.3904,3543299.0685,123544010.9572,103801518.7481,4.6525,4.9264,0.4969,0.4969,4.9686,10.1657
2019-10-14,3.5400,3.6000,3.5400,3.5600,0.0300,0.8500,4059276.4200,1450354.2440,2.5800,5.5700,0.1380,1.1456,2.0500,6.1442,5.9775,0.7539,2.0815,2.0244,34998303.3873,29405529.3904,3543299.0685,124593960.0588,104683684.6298,4.6133,4.8849,0.4912,0.4912,4.9124,10.0508
2019-10-15,3.5700,3.6000,3.5600,3.5800,0.0200,0.5600,2453349.5400,878475.0380,2.5900,5.6000,0.0834,0.6924,0.9900,6.1787,6.0111,0.7581,2.0932,2.0358,34998303.3873,29405529.3904,3543299.0685,125293926.1265,105271795.2176,4.5875,4.8576,0.4871,0.4871,4.8711,9.9664
2019-10-16,3.6000,3.6300,3.5800,3.5900,0.0100,0.2800,2488733.7900,895803.7580,2.6000,5.6200,0.0846,0.7024,0.9500,6.1960,6.0279,0.7602,2.0990,2.0414,34998303.3873,29405529.3904,3543299.0685,125643909.1604,105565850.5115,4.5747,4.8440,0.4831,0.4831,4.8306,9.8833
2019-10-17,3.5900,3.6100,3.5700,3.5900,0.0000,0.0000,1602132.8300,575562.0090,2.6000,5.6200,0.0545,0.4522,0.6000,6.1960,6.0279,0.7602,2.0990,2.0414,34998303.3873,29405529.3904,3543299.0685,125643909.1604,105565850.5115,4.5747,4.8440,0.4844,0.4844,4.8440,9.9109
2019-10-18,3.6000,3.6200,3.5600,3.5700,-0.0200,-0.5600,2135127.6500,766366.1000,2.5800,5.5900,0.0726,0.6026,0.8100,6.1615,5.9943,0.7560,2.0873,2.0301,34998303.3873,29405529.3904,3543299.0685,124943943.0927,104977739.9237,4.6003,4.8712,0.4831,0.4831,4.8306,9.8833
2019-10-21,3.5600,3.6000,3.5600,3.6000,0.0300,0.8400,1896667.4700,679747.4610,2.6100,5.6300,0.0645,0.5353,0.7400,6.2132,6.0446,0.7623,2.1049,2.0471,34998303.3873,29405529.3904,3543299.0685,125993892.1943,105859905.8054,4.5620,4.8306,0.4885,0.4885,4.8848,9.9944
2019-10-22,3.6100,3.6200,3.5900,3.6100,0.0100,0.2800,1867033.0500,673046.7720,2.6100,5.6500,0.0635,0.5269,0.8800,6.2305,6.0614,0.7644,2.1107,2.0528,34998303.3873,29405529.3904,3543299.0685,126343875.2282,106153961.0993,4.5494,4.8172,0.4817,0.4817,4.8172,9.8560
2019-10-23,3.6100,3.6500,3.6000,3.6400,0.0300,0.8300,2707337.8100,984142.3300,2.6300,5.7000,0.0921,0.7641,1.3600,6.2823,6.1118,0.7708,2.1282,2.0699,34998303.3873,29405529.3904,3543299.0685,127393824.3298,107036126.9811,4.5119,4.7775,0.4817,0.4817,4.8172,9.8560
2019-10-24,3.6500,3.6900,3.6400,3.6500,0.0100,0.2700,2797081.3600,1024675.7950,2.6400,5.7100,0.0951,0.7894,1.3700,6.2995,6.1286,0.7729,2.1341,2.0756,34998303.3873,29405529.3904,3543299.0685,127743807.3636,107330182.2750,4.4995,4.7644,0.4764,0.4764,4.7644,9.7479
2019-10-25,3.6600,3.6600,3.6000,3.6600,0.0100,0.2700,1915499.3500,696798.1190,2.6500,5.7300,0.0651,0.5406,0.8400,6.3168,6.1454,0.7750,2.1399,2.0813,34998303.3873,29405529.3904,3543299.0685,128093790.3975,107624237.5689,4.4872,4.7514,0.4751,0.4751,4.7514,9.7213
2019-10-28,3.6600,3.6700,3.6400,3.6500,-0.0100,-0.2700,2022778.2900,738636.4590,2.6400,5.7100,0.0688,0.5709,0.9000,6.2995,6.0301,0.7437,2.1341,2.0734,34998303.3873,29405529.3904,3543299.0685,127743807.3636,107330182.2750,4.4995,4.7644,0.4751,0.4751,4.7514,9.7213
2019-10-29,3.6500,3.6500,3.6000,3.6100,-0.0400,-1.1000,2028999.0600,734787.6270,2.6100,5.6500,0.0690,0.5726,0.9000,6.2305,5.9640,0.7355,2.1107,2.0506,34998303.3873,29405529.3904,3543299.0685,126343875.2282,106153961.0993,4.5494,4.8172,0.4764,0.4764,4.7644,9.7479
2019-10-30,3.6100,3.6400,3.6000,3.6200,0.0100,0.2800,1517801.1000,549863.3640,2.6200,5.6700,0.0516,0.4284,0.6600,6.2478,5.9806,0.7376,2.1165,2.0563,34998303.3873,29405529.3904,3543299.0685,126693858.2620,106448016.3932,4.5368,4.8039,0.4817,0.4817,4.8172,9.8560
2019-10-31,3.6300,3.6400,3.6200,3.6400,0.0200,0.5500,1851311.6400,672228.2410,2.6300,5.7000,0.0630,0.5225,0.9000,6.2823,6.0136,0.7416,2.1282,2.0677,34998303.3873,29405529.3904,3543299.0685,127393824.3298,107036126.9811,4.5119,4.7775,0.4791,0.4791,4.7906,9.8017
2019-11-01,3.6300,3.6700,3.6200,3.6600,0.0200,0.5500,1730210.1900,631805.0080,2.6500,5.7300,0.0588,0.4883,0.9300,6.3168,6.0466,0.7457,2.1399,2.0790,34998303.3873,29405529.3904,3543299.0685,128093790.3975,107624237.5689,4.4872,4.7514,0.4791,0.4791,4.7906,9.8017
2019-11-04,3.6600,3.6800,3.6500,3.6500,-0.0100,-0.2700,1340231.5100,491428.4950,2.6400,5.7100,0.0456,0.3782,0.7300,6.2995,6.0301,0.7437,2.1341,2.0734,34998303.3873,29405529.3904,3543299.0685,127743807.3636,107330182.2750,4.4995,4.7644,0.4751,0.4751,4.7514,9.7213
2019-11-05,3.6500,3.6900,3.6500,3.6600,0.0100,0.2700,2198587.4600,806199.6800,2.6500,5.7300,0.0748,0.6205,1.3000,6.3168,6.0466,0.7457,2.1399,2.0790,34998303.3873,29405529.3904,3543299.0685,128093790.3975,107624237.5689,4.4872,4.7514,0.4764,0.4764,4.7644,9.7479
2019-11-06,3.6600,3.6900,3.6600,3.6800,0.0200,0.5500,1385611.5000,509271.0200,2.6600,5.7600,0.0471,0.3911,0.8000,6.3513,6.0797,0.7498,2.1516,2.0904,34998303.3873,29405529.3904,3543299.0685,128793756.4653,108212348.1567,4.4628,4.7256,0.4751,0.4751,4.7514,9.7213
2019-11-07,3.6800,3.6900,3.6600,3.6600,-0.0200,-0.5400,1456726.7900,535041.8820,2.6500,5.7300,0.0495,0.4111,0.8600,6.3168,6.0466,0.7457,2.1399,2.0790,34998303.3873,29405529.3904,3543299.0685,128093790.3975,107624237.5689,4.4872,4.7514,0.4726,0.4726,4.7255,9.6685
2019-11-08,3.6700,3.6900,3.6000,3.6100,-0.0500,-1.3700,2043124.1500,744468.5670,2.6100,5.6500,0.0695,0.5766,1.2600,6.2305,5.9640,0.7355,2.1107,2.0506,34998303.3873,29405529.3904,3543299.0685,126343875.2282,106153961.0993,4.5494,4.8172,0.4738,0.4738,4.7384,9.6948
2019-11-11,3.6000,3.6100,3.5500,3.5500,-0.0600,-1.6600,2608944.7700,931220.4020,2.5700,5.5600,0.0887,0.7363,1.5500,6.1269,5.8649,0.7233,2.0756,2.0166,34998303.3873,29405529.3904,3543299.0685,124243977.0249,104389629.3359,4.6262,4.8986,0.4831,0.4831,4.8306,9.8833
2019-11-12,3.5700,3.5800,3.5500,3.5600,0.0100,0.2800,1458279.4900,519416.2730,2.5800,5.5700,0.0496,0.4116,0.7500,6.1442,5.8814,0.7253,2.0815,2.0222,34998303.3873,29405529.3904,3543299.0685,124593960.0588,104683684.6298,4.6133,4.8849,0.4871,0.4871,4.8711,9.9664
2019-11-13,3.5500,3.5800,3.5500,3.5700,0.0100,0.2800,1728420.9400,616486.7190,2.5800,5.5900,0.0588,0.4878,0.9700,6.1615,5.8980,0.7274,2.0873,2.0279,34998303.3873,29405529.3904,3543299.0685,124943943.0927,104977739.9237,4.6003,4.8712,0.4899,0.4899,4.8986,10.0225
2019-11-14,3.5700,3.5800,3.5400,3.5600,-0.0100,-0.2800,1747484.5500,621983.0360,2.5800,5.5700,0.0594,0.4932,0.9400,6.1442,5.8814,0.7253,2.0815,2.0222,34998303.3873,29405529.3904,3543299.0685,124593960.0588,104683684.6298,4.6133,4.8849,0.4871,0.4871,4.8711,9.9664
2019-11-15,3.5700,3.5800,3.5600,3.5700,0.0100,0.2800,1386117.0700,494270.6160,2.5800,5.5900,0.0471,0.3912,0.7200,6.1615,5.8980,0.7274,2.0873,2.0279,34998303.3873,29405529.3904,3543299.0685,124943943.0927,104977739.9237,4.6003,4.8712,0.4871,0.4871,4.8711,9.9664
2019-11-18,3.5700,3.5900,3.5500,3.5900,0.0200,0.5600,1697528.4300,605886.8700,2.6000,5.6200,0.0577,0.4791,0.9500,6.1960,5.9310,0.7314,2.0990,2.0393,34998303.3873,29405529.3904,3543299.0685,125643909.1604,105565850.5115,4.5747,4.8440,0.4871,0.4871,4.8711,9.9664
2019-11-19,3.5700,3.6100,3.5700,3.6000,0.0100,0.2800,1486384.3600,534375.0380,2.6100,5.6300,0.0505,0.4195,0.9300,6.2132,5.9475,0.7335,2.1049,2.0450,34998303.3873,29405529.3904,3543299.0685,125993892.1943,105859905.8054,4.5620,4.8306,0.4871,0.4871,4.8711,9.9664
2019-11-20,3.6000,3.6000,3.5700,3.5800,-0.0200,-0.5600,1575929.6100,564947.6770,2.5900,5.6000,0.0536,0.4448,0.9800,6.1787,5.9145,0.7294,2.0932,2.0336,34998303.3873,29405529.3904,3543299.0685,125293926.1265,105271795.2176,4.5875,4.8576,0.4831,0.4831,4.8306,9.8833
2019-11-21,3.5700,3.6100,3.5600,3.5900,0.0100,0.2800,1899563.7800,681485.2820,2.6000,5.6200,0.0646,0.5361,1.2000,6.1960,5.9310,0.7314,2.0990,2.0393,34998303.3873,29405529.3904,3543299.0685,125643909.1604,105565850.5115,4.5747,4.8440,0.4871,0.4871,4.8711,9.9664
2019-11-22,3.6000,3.6200,3.5900,3.6000,0.0100,0.2800,1548681.8900,559348.4170,2.6100,5.6300,0.0527,0.4371,0.9600,6.2132,5.9475,0.7335,2.1049,2.0450,34998303.3873,29405529.3904,3543299.0685,125993892.1943,105859905.8054,4.5620,4.8306,0.4831,0.4831,4.8306,9.8833
2019-11-25,3.6100,3.6500,3.6000,3.6400,0.0400,1.1100,1948106.2100,708803.3740,2.6300,5.7000,0.0662,0.5498,1.1900,6.2823,6.0136,0.7416,2.1282,2.0677,34998303.3873,29405529.3904,3543299.0685,127393824.3298,107036126.9811,4.5119,4.7775,0.4817,0.4817,4.8172,9.8560
2019-11-26,3.6500,3.6700,3.6400,3.6400,0.0000,0.0000,2540886.7000,927983.5810,2.6300,5.7000,0.0864,0.7171,1.5000,6.2823,6.0136,0.7416,2.1282,2.0677,34998303.3873,29405529.3904,3543299.0685,127393824.3298,107036126.9811,4.5119,4.7775,0.4764,0.4764,4.7644,9.7479
2019-11-27,3.6500,3.6600,3.6400,3.6600,0.0200,0.5500,1091212.3900,398620.4400,2.6500,5.7300,0.0371,0.3080,0.5700,6.3168,6.0466,0.7457,2.1399,2.0790,34998303.3873,29405529.3904,3543299.0685,128093790.3975,107624237.5689,4.4872,4.7514,0.4764,0.4764,4.7644,9.7479
2019-11-28,3.6600,3.6600,3.6300,3.6400,-0.0200,-0.5500,1379384.6700,503229.6090,2.6300,5.7000,0.0469,0.3893,0.7600,6.2823,6.0136,0.7416,2.1282,2.0677,34998303.3873,29405529.3904,3543299.0685,127393824.3298,107036126.9811,4.5119,4.7775,0.4751,0.4751,4.7514,9.7213
2019-11-29,3.6400,3.6600,3.6200,3.6200,-0.0200,-0.5500,2162408.0500,787910.2820,2.6200,5.6700,0.0735,0.6103,1.2700,6.2478,5.9806,0.7376,2.1165,2.0563,34998303.3873,29405529.3904,3543299.0685,126693858.2620,106448016.3932,4.5368,4.8039,0.4777,0.4777,4.7775,9.7747
2019-12-02,3.6200,3.6400,3.6200,3.6200,0.0000,0.0000,1203962.9700,436889.1700,2.6200,5.6700,0.0409,0.3398,0.6600,6.2478,5.9806,0.7376,2.1165,2.0563,34998303.3873,29405529.3904,3543299.0685,126693858.2620,106448016.3932,4.5368,4.8039,0.4804,0.4804,4.8039,9.8287
2019-12-03,3.6200,3.6400,3.6100,3.6300,0.0100,0.2800,1263004.0400,457965.7050,2.6300,5.6800,0.0430,0.3564,0.7500,6.2650,5.9971,0.7396,2.1224,2.0620,34998303.3873,29405529.3904,3543299.0685,127043841.2959,106742071.6872,4.5243,4.7907,0.4804,0.4804,4.8039,9.8287
2019-12-04,3.6200,3.6300,3.6100,3.6100,-0.0200,-0.5500,1165119.9000,421969.3170,2.6100,5.6500,0.0396,0.3288,0.8200,6.2305,5.9640,0.7355,2.1107,2.0506,34998303.3873,29405529.3904,3543299.0685,126343875.2282,106153961.0993,4.5494,4.8172,0.4804,0.4804,4.8039,9.8287
2019-12-05,3.6300,3.6300,3.6100,3.6200,0.0100,0.2800,1446622.0300,524023.5780,2.6200,5.6700,0.0492,0.4083,1.0100,6.2478,5.9806,0.7376,2.1165,2.0563,34998303.3873,29405529.3904,3543299.0685,126693858.2620,106448016.3932,4.5368,4.8039,0.4791,0.4791,4.7906,9.8017
2019-12-06,3.6300,3.6300,3.6000,3.6100,-0.0100,-0.2800,917378.2900,331591.7190,2.6100,5.6500,0.0312,0.2589,0.6300,6.2305,5.9640,0.7355,2.1107,2.0506,34998303.3873,29405529.3904,3543299.0685,126343875.2282,106153961.0993,4.5494,4.8172,0.4791,0.4791,4.7906,9.8017
2019-12-09,3.6100,3.6200,3.5900,3.6100,0.0000,0.0000,1339847.6900,483294.3210,2.6100,5.6500,0.0456,0.3781,1.1200,6.2305,5.9640,0.7355,2.1107,2.0506,34998303.3873,29405529.3904,3543299.0685,126343875.2282,106153961.0993,4.5494,4.8172,0.4817,0.4817,4.8172,9.8560
2019-12-10,3.6100,3.6200,3.6000,3.6100,0.0000,0.0000,1527077.0900,551363.3390,2.6100,5.6500,0.0519,0.4310,1.2500,6.2305,5.9640,0.7355,2.1107,2.0506,34998303.3873,29405529.3904,3543299.0685,126343875.2282,106153961.0993,4.5494,4.8172,0.4817,0.4817,4.8172,9.8560
2019-12-11,3.6200,3.6200,3.6000,3.6100,0.0000,0.0000,1574843.8400,568755.8850,2.6100,5.6500,0.0536,0.4445,1.2300,6.2305,5.9640,0.7355,2.1107,2.0506,34998303.3873,29405529.3904,3543299.0685,126343875.2282,106153961.0993,4.5494,4.8172,0.4804,0.4804,4.8039,9.8287
2019-12-12,3.6200,3.6200,3.5900,3.6100,0.0000,0.0000,1961784.5700,707307.0670,2.6100,5.6500,0.0667,0.5537,1.4400,6.2305,5.9640,0.7355,2.1107,2.0506,34998303.3873,29405529.3904,3543299.0685,126343875.2282,106153961.0993,4.5494,4.8172,0.4804,0.4804,4.8039,9.8287
2019-12-13,3.6200,3.6700,3.6100,3.6600,0.0500,1.3900,2593158.2800,944034.2470,2.6500,5.7300,0.0882,0.7318,1.7700,6.3168,6.0466,0.7457,2.1399,2.0790,34998303.3873,29405529.3904,3543299.0685,128093790.3975,107624237.5689,4.4872,4.7514,0.4804,0.4804,4.8039,9.8287
2019-12-16,3.6500,3.6600,3.6300,3.6400,-0.0200,-0.5500,1526249.5000,555984.3790,2.6300,5.7000,0.0519,0.4307,0.8500,6.2823,6.0136,0.7416,2.1282,2.0677,34998303.3873,29405529.3904,3543299.0685,127393824.3298,107036126.9811,4.5119,4.7775,0.4764,0.4764,4.7644,9.7479
2019-12-17,3.6500,3.6900,3.6300,3.6600,0.0200,0.5500,2077258.2400,760747.3040,2.6500,5.7300,0.0706,0.5862,1.1300,6.3168,6.0466,0.7457,2.1399,2.0790,34998303.3873,29405529.3904,3543299.0685,128093790.3975,107624237.5689,4.4872,4.7514,0.4764,0.4764,4.7644,9.7479
2019-12-18,3.6600,3.6800,3.6600,3.6800,0.0200,0.5500,1592269.9000,584517.5010,2.6600,5.7600,0.0541,0.4494,0.8200,6.3513,6.0797,0.7498,2.1516,2.0904,34998303.3873,29405529.3904,3543299.0685,128793756.4653,108212348.1567,4.4628,4.7256,0.4751,0.4751,4.7514,9.7213
2019-12-19,3.6800,3.7000,3.6700,3.6900,0.0100,0.2700,1662331.4600,613298.4360,2.6700,5.7700,0.0565,0.4691,0.8500,6.3686,6.0962,0.7518,2.1575,2.0961,34998303.3873,29405529.3904,3543299.0685,129143739.4991,108506403.4506,4.4507,4.7128,0.4726,0.4726,4.7255,9.6685
2019-12-20,3.6900,3.7100,3.6800,3.7100,0.0200,0.5400,1320134.4500,488142.7070,2.6900,5.8100,0.0449,0.3726,0.7000,6.4031,6.1292,0.7559,2.1692,2.1074,34998303.3873,29405529.3904,3543299.0685,129843705.5669,109094514.0384,4.4267,4.6874,0.4713,0.4713,4.7127,9.6423
2019-12-23,3.7100,3.7200,3.6800,3.6900,-0.0200,-0.5400,1842624.2600,681410.3960,2.6700,5.7700,0.0627,0.5200,1.1300,6.3686,6.0962,0.7518,2.1575,2.0961,34998303.3873,29405529.3904,3543299.0685,129143739.4991,108506403.4506,4.4507,4.7128,0.4687,0.4687,4.6873,9.5903
2019-12-24,3.6900,3.6900,3.6800,3.6800,-0.0100,-0.2700,769698.9600,283456.5970,2.6600,5.7600,0.0262,0.2172,0.4500,6.3513,6.0797,0.7498,2.1516,2.0904,34998303.3873,29405529.3904,3543299.0685,128793756.4653,108212348.1567,4.4628,4.7256,0.4713,0.4713,4.7127,9.6423
2019-12-25,3.6800,3.6900,3.6600,3.6700,-0.0100,-0.2700,975581.0300,358254.1370,2.6600,5.7400,0.0332,0.2753,0.6800,6.3341,6.0632,0.7477,2.1458,2.0847,34998303.3873,29405529.3904,3543299.0685,128443773.4314,107918292.8628,4.4750,4.7385,0.4726,0.4726,4.7255,9.6685
2019-12-26,3.6700,3.7100,3.6600,3.7100,0.0400,1.0900,1276176.7700,470280.6650,2.6900,5.8100,0.0434,0.3602,0.9700,6.4031,6.1292,0.7559,2.1692,2.1074,34998303.3873,29405529.3904,3543299.0685,129843705.5669,109094514.0384,4.4267,4.6874,0.4738,0.4738,4.7384,9.6948
2019-12-27,3.7000,3.7500,3.7000,3.7300,0.0200,0.5400,2160089.7400,805405.6460,2.7000,5.8400,0.0735,0.6096,1.7500,6.4376,6.1623,0.7600,2.1809,2.1188,34998303.3873,29405529.3904,3543299.0685,130543671.6346,109682624.6262,4.4030,4.6622,0.4700,0.4700,4.7000,9.6162
2019-12-30,3.7300,3.7300,3.6800,3.7200,-0.0100,-0.2700,2160008.2900,800089.4930,2.6900,5.8200,0.0735,0.6096,1.5400,6.4203,6.1458,0.7579,2.1750,2.1131,34998303.3873,29405529.3904,3543299.0685,130193688.6008,109388569.3323,4.4148,4.6748,0.4662,0.4662,4.6622,9.5389
2019-12-31,3.7100,3.7200,3.6800,3.6900,-0.0300,-0.8100,1967030.8000,726579.6210,2.6700,5.7700,0.0669,0.5551,1.3400,6.3686,6.0962,0.7518,2.1575,2.0961,34998303.3873,29405529.3904,3543299.0685,129143739.4991,108506403.4506,4.4507,4.7128,0.4687,0.4687,4.6873,9.5903
2020-01-02,3.7100,3.7500,3.7000,3.7300,0.0400,1.0800,2055124.7000,766905.8780,2.7000,5.8400,0.0699,0.5800,1.2000,6.4376,6.1623,0.7600,2.1809,2.1188,34998303.3873,29405529.3904,3543299.0685,130543671.6346,109682624.6262,4.6622,4.6622,0.4903,0.4903,4.9030,9.8922
2020-01-03,3.7400,3.7400,3.7100,3.7200,-0.0100,-0.2700,1118142.7600,416711.4920,2.6900,5.8200,0.0380,0.3156,0.5800,6.4203,6.1458,0.7579,2.1750,2.1131,34998303.3873,29405529.3904,3543299.0685,130193688.6008,109388569.3323,4.6748,4.6748,0.4864,0.4864,4.8636,9.8128
2020-01-06,3.7100,3.7200,3.6700,3.6900,-0.0300,-0.8100,2510802.1800,928482.8120,2.6700,5.7700,0.0854,0.7086,1.3300,6.3686,6.0962,0.7518,2.1575,2.0961,34998303.3873,29405529.3904,3543299.0685,129143739.4991,108506403.4506,4.7128,4.7128,0.4903,0.4903,4.9030,9.8922
2020-01-07,3.6900,3.7500,3.6800,3.7200,0.0300,0.8100,2912949.5500,1084517.4800,2.6900,5.8200,0.0991,0.8221,1.4800,6.4203,6.1458,0.7579,2.1750,2.1131,34998303.3873,29405529.3904,3543299.0685,130193688.6008,109388569.3323,4.6748,4.6748,0.4930,0.4930,4.9295,9.9458
2020-01-08,3.7100,3.7200,3.6800,3.6900,-0.0300,-0.8100,1682148.8400,621621.2690,2.6700,5.7700,0.0572,0.4747,0.8000,6.3686,6.0962,0.7518,2.1575,2.0961,34998303.3873,29405529.3904,3543299.0685,129143739.4991,108506403.4506,4.7128,4.7128,0.4903,0.4903,4.9030,9.8922
2020-01-09,3.7000,3.7100,3.6700,3.6800,-0.0100,-0.2700,1290993.4700,476337.0980,2.6600,5.7600,0.0439,0.3643,0.6300,6.3513,6.0797,0.7498,2.1516,2.0904,34998303.3873,29405529.3904,3543299.0685,128793756.4653,108212348.1567,4.7256,4.7256,0.4916,0.4916,4.9162,9.9189
2020-01-10,3.6900,3.7000,3.6700,3.6800,0.0000,0.0000,1027248.1800,378111.7310,2.6600,5.7600,0.0349,0.2899,0.5400,6.3513,6.0797,0.7498,2.1516,2.0904,34998303.3873,29405529.3904,3543299.0685,128793756.4653,108212348.1567,4.7256,4.7256,0.4930,0.4930,4.9295,9.9458
2020-01-13,3.6800,3.6800,3.6500,3.6800,0.0000,0.0000,1662265.0900,608708.7560,2.6600,5.7600,0.0565,0.4691,0.8800,6.3513,6.0797,0.7498,2.1516,2.0904,34998303.3873,29405529.3904,3543299.0685,128793756.4653,108212348.1567,4.7256,4.7256,0.4943,0.4943,4.9429,9.9728
2020-01-14,3.6800,3.6900,3.6700,3.6800,0.0000,0.0000,1314185.6900,483396.7540,2.6600,5.7600,0.0447,0.3709,0.7700,6.3513,6.0797,0.7498,2.1516,2.0904,34998303.3873,29405529.3904,3543299.0685,128793756.4653,108212348.1567,4.7256,4.7256,0.4943,0.4943,4.9429,9.9728
2020-01-15,3.6700,3.6800,3.6500,3.6500,-0.0300,-0.8200,1033064.9000,377725.9460,2.6400,5.7100,0.0351,0.2916,0.7400,6.2995,6.0301,0.7437,2.1341,2.0734,34998303.3873,29405529.3904,3543299.0685,127743807.3636,107330182.2750,4.7644,4.7644,0.4956,0.4956,4.9564,10.0000
2020-01-16,3.6600,3.6600,3.6100,3.6100,-0.0400,-1.1000,1820159.8100,660037.5020,2.6100,5.6500,0.0619,0.5137,1.4400,6.2305,5.9640,0.7355,2.1107,2.0506,34998303.3873,29405529.3904,3543299.0685,126343875.2282,106153961.0993,4.8172,4.8172,0.4970,0.4970,4.9699,10.0273
2020-01-17,3.6100,3.6400,3.6000,3.6200,0.0100,0.2800,992637.7700,359412.8500,2.6200,5.6600,0.0338,0.2801,0.7200,6.2478,5.9806,0.7376,2.1165,2.0563,34998303.3873,29405529.3904,3543299.0685,126693858.2620,106448016.3932,4.8039,4.8039,0.5039,0.5039,5.0388,10.1662
2020-01-20,3.6200,3.6300,3.6100,3.6200,0.0000,0.0000,872500.0900,315896.9310,2.6200,5.6600,0.0297,0.2462,0.6400,6.2478,5.9806,0.7376,2.1165,2.0563,34998303.3873,29405529.3904,3543299.0685,126693858.2620,106448016.3932,4.8039,4.8039,0.5025,0.5025,5.0249,10.1381
2020-01-21,3.6200,3.6200,3.5700,3.5800,-0.0400,-1.1000,1950674.2300,700428.5260,2.5900,5.6000,0.0663,0.5505,1.6200,6.1787,5.9145,0.7294,2.0932,2.0336,34998303.3873,29405529.3904,3543299.0685,125293926.1265,105271795.2176,4.8576,4.8576,0.5025,0.5025,5.0249,10.1381
2020-01-22,3.5700,3.5800,3.5400,3.5700,-0.0100,-0.2800,1788009.8000,637001.4460,2.5800,5.5900,0.0608,0.5046,1.3400,6.1615,5.8980,0.7274,2.0873,2.0279,34998303.3873,29405529.3904,3543299.0685,124943943.0927,104977739.9237,4.8712,4.8712,0.5095,0.5095,5.0952,10.2801
2020-01-23,3.5600,3.5600,3.5100,3.5200,-0.0500,-1.4000,2431274.3600,857675.2930,2.5500,5.5100,0.0827,0.6862,1.6400,6.0752,5.8153,0.7172,2.0581,1.9995,34998303.3873,29405529.3904,3543299.0685,123194027.9233,103507463.4542,4.9404,4.9404,0.5110,0.5110,5.1096,10.3090
2020-02-03,3.3000,3.4000,3.2700,3.3700,-0.1500,-4.2600,4777265.6800,1595441.0330,2.4400,5.2700,0.1625,1.3483,2.9700,5.8163,5.5675,0.6866,1.9704,1.9143,34998303.3873,29405529.3904,3543299.0685,117944282.4152,99096634.0456,5.1603,5.1603,0.5512,0.5512,5.5121,11.1212
2020-02-04,3.3500,3.4300,3.3500,3.4200,0.0500,1.4800,3219481.2300,1090924.2980,2.4700,5.3500,0.1095,0.9086,1.3600,5.9026,5.6501,0.6968,1.9996,1.9427,34998303.3873,29405529.3904,3543299.0685,119694197.5846,100566910.5152,5.0848,5.0848,0.5430,0.5430,5.4299,10.9552
2020-02-05,3.4200,3.4400,3.3900,3.4200,0.0000,0.0000,2481941.2300,848611.5530,2.4700,5.3500,0.0844,0.7005,0.8800,5.9026,5.6501,0.6968,1.9996,1.9427,34998303.3873,29405529.3904,3543299.0685,119694197.5846,100566910.5152,5.0848,5.0848,0.5319,0.5319,5.3187,10.7310
2020-02-06,3.4300,3.4400,3.4000,3.4300,0.0100,0.2900,1910762.6200,653402.5160,2.4800,5.3700,0.0650,0.5393,0.6500,5.9198,5.6667,0.6988,2.0055,1.9484,34998303.3873,29405529.3904,3543299.0685,120044180.6184,100860965.8091,5.0700,5.0700,0.5303,0.5303,5.3032,10.6997
2020-02-07,3.4100,3.4100,3.3800,3.4000,-0.0300,-0.8700,1991684.7700,675907.2450,2.4600,5.3200,0.0677,0.5621,0.6700,5.8681,5.6171,0.6927,1.9879,1.9313,34998303.3873,29405529.3904,3543299.0685,118994231.5168,99978799.9274,5.1147,5.1147,0.5334,0.5334,5.3343,10.7625
2020-02-10,3.3800,3.4000,3.3700,3.3900,-0.0100,-0.2900,1586097.7600,537274.7260,2.4500,5.3000,0.0539,0.4476,0.5500,5.8508,5.6006,0.6907,1.9821,1.9257,34998303.3873,29405529.3904,3543299.0685,118644248.4829,99684744.6335,5.1298,5.1298,0.5382,0.5382,5.3817,10.8580
2020-02-11,3.4000,3.4300,3.3900,3.4200,0.0300,0.8800,1791483.3800,611598.3690,2.4700,5.3500,0.0609,0.5056,0.8000,5.9026,5.6501,0.6968,1.9996,1.9427,34998303.3873,29405529.3904,3543299.0685,119694197.5846,100566910.5152,5.0848,5.0848,0.5350,0.5350,5.3500,10.7941
2020-02-12,3.4200,3.4300,3.4000,3.4300,0.0100,0.2900,1232113.5300,421327.4840,2.4800,5.3700,0.0419,0.3477,0.6300,5.9198,5.6667,0.6988,2.0055,1.9484,34998303.3873,29405529.3904,3543299.0685,120044180.6184,100860965.8091,5.0700,5.0700,0.5319,0.5319,5.3187,10.7310
2020-02-13,3.4300,3.4300,3.4000,3.4100,-0.0200,-0.5800,1232772.4100,421511.1860,2.4700,5.3400,0.0419,0.3479,0.7200,5.8853,5.6336,0.6948,1.9938,1.9370,34998303.3873,29405529.3904,3543299.0685,119344214.5507,100272855.2213,5.0997,5.0997,0.5303,0.5303,5.3032,10.6997
2020-02-14,3.4000,3.4300,3.4000,3.4300,0.0200,0.5900,1123135.5800,384310.4980,2.4800,5.3700,0.0382,0.3170,0.7200,5.9198,5.6667,0.6988,2.0055,1.9484,34998303.3873,29405529.3904,3543299.0685,120044180.6184,100860965.8091,5.0700,5.0700,0.5350,0.5350,5.3500,10.7941
2020-02-17,3.4200,3.4800,3.4200,3.4700,0.0400,1.1700,1895057.6600,654233.7390,2.5100,5.4300,0.0644,0.5348,1.3600,5.9889,5.7327,0.7070,2.0288,1.9711,34998303.3873,29405529.3904,3543299.0685,121444112.7539,102037186.9847,5.0116,5.0116,0.5319,0.5319,5.3187,10.7310
2020-02-18,3.4600,3.4700,3.4400,3.4500,-0.0200,-0.5800,1593549.5200,550310.8960,2.5000,5.4000,0.0542,0.4497,1.1000,5.9544,5.6997,0.7029,2.0171,1.9597,34998303.3873,29405529.3904,3543299.0685,120744146.6862,101449076.3969,5.0406,5.0406,0.5257,0.5257,5.2572,10.6069
2020-02-19,3.4500,3.4900,3.4400,3.4800,0.0300,0.8700,1582631.1600,549791.4420,2.5200,5.4400,0.0538,0.4467,1.1200,6.0061,5.7493,0.7090,2.0347,1.9768,34998303.3873,29405529.3904,3543299.0685,121794095.7878,102331242.2786,4.9972,4.9972,0.5272,0.5272,5.2725,10.6377
2020-02-20,3.4800,3.5100,3.4600,3.5100,0.0300,0.8600,1994229.3300,694356.2590,2.5400,5.4900,0.0678,0.5628,1.3400,6.0579,5.7988,0.7151,2.0522,1.9938,34998303.3873,29405529.3904,3543299.0685,122844044.8894,103213408.1603,4.9545,4.9545,0.5227,0.5227,5.2270,10.5460
2020-02-21,3.4900,3.5100,3.4800,3.4900,-0.0200,-0.5700,1432435.2500,500496.6220,2.5300,5.4600,0.0487,0.4043,0.8700,6.0234,5.7658,0.7111,2.0405,1.9825,34998303.3873,29405529.3904,3543299.0685,122144078.8217,102625297.5725,4.9828,4.9828,0.5212,0.5212,5.2120,10.5158
2020-02-24,3.4800,3.5000,3.4600,3.4600,-0.0300,-0.8600,1860105.4000,646737.0000,2.5000,5.4100,0.0633,0.5250,1.0900,5.9716,5.7162,0.7050,2.0230,1.9654,34998303.3873,29405529.3904,3543299.0685,121094129.7201,101743131.6908,5.0261,5.0261,0.5227,0.5227,5.2270,10.5460
2020-02-25,3.4400,3.4400,3.4200,3.4300,-0.0300,-0.8700,2105790.0100,722304.3680,2.4800,5.3700,0.0716,0.5943,1.2400,5.9198,5.6667,0.6988,2.0055,1.9484,34998303.3873,29405529.3904,3543299.0685,120044180.6184,100860965.8091,5.0700,5.0700,0.5288,0.5288,5.2878,10.6686
2020-02-26,3.4100,3.4600,3.4000,3.4500,0.0200,0.5800,2189189.6300,751298.8780,2.5000,5.4000,0.0744,0.6178,1.2200,5.9544,5.6997,0.7029,2.0171,1.9597,34998303.3873,29405529.3904,3543299.0685,120744146.6862,101449076.3969,5.0406,5.0406,0.5334,0.5334,5.3343,10.7625
2020-02-27,3.4400,3.4700,3.4400,3.4600,0.0100,0.2900,1700223.3400,587500.5860,2.5000,5.4100,0.0578,0.4798,0.8900,5.9716,5.7162,0.7050,2.0230,1.9654,34998303.3873,29405529.3904,3543299.0685,121094129.7201,101743131.6908,5.0261,5.0261,0.5288,0.5288,5.2878,10.6686
2020-02-28,3.4400,3.4800,3.4100,3.4100,-0.0500,-1.4500,2535858.8300,873845.6470,2.4700,5.3400,0.0862,0.7157,1.3700,5.8853,5.6336,0.6948,1.9938,1.9370,34998303.3873,29405529.3904,3543299.0685,119344214.5507,100272855.2213,5.0997,5.0997,0.5288,0.5288,5.2878,10.6686
2020-03-02,3.4200,3.4700,3.4200,3.4600,0.0500,1.4700,1812825.2100,625109.7500,2.5000,5.4100,0.0616,0.5116,0.8700,5.9716,5.7162,0.7050,2.0230,1.9654,34998303.3873,29405529.3904,3543299.0685,121094129.7201,101743131.6908,5.0261,5.0261,0.5319,0.5319,5.3187,10.7310
2020-03-03,3.4700,3.4900,3.4600,3.4800,0.0200,0.5800,1907567.5500,663521.3820,2.5200,5.4400,0.0649,0.5384,0.9200,6.0061,5.7493,0.7090,2.0347,1.9768,34998303.3873,29405529.3904,3543299.0685,121794095.7878,102331242.2786,4.9972,4.9972,0.5242,0.5242,5.2421,10.5764
2020-03-04,3.4800,3.5000,3.4700,3.4900,0.0100,0.2900,1406807.9100,490358.1670,2.5300,5.4600,0.0478,0.3970,0.6900,6.0234,5.7658,0.7111,2.0405,1.9825,34998303.3873,29405529.3904,3543299.0685,122144078.8217,102625297.5725,4.9828,4.9828,0.5227,0.5227,5.2270,10.5460
2020-03-05,3.4900,3.5300,3.4900,3.5200,0.0300,0.8600,2291823.2600,805454.5940,2.5500,5.5100,0.0779,0.6468,1.2200,6.0752,5.8153,0.7172,2.0581,1.9995,34998303.3873,29405529.3904,3543299.0685,123194027.9233,103507463.4542,4.9404,4.9404,0.5212,0.5212,5.2120,10.5158
2020-03-06,3.5100,3.5200,3.4800,3.5000,-0.0200,-0.5700,1519932.5500,531961.8330,2.5300,5.4800,0.0517,0.4290,0.7600,6.0406,5.7823,0.7131,2.0464,1.9881,34998303.3873,29405529.3904,3543299.0685,122494061.8556,102919352.8664,4.9686,4.9686,0.5182,0.5182,5.1823,10.4558
2020-03-09,3.4700,3.4700,3.4200,3.4300,-0.0700,-2.0000,2821717.7200,969290.0560,2.4800,5.3700,0.0960,0.7964,1.5800,5.9198,5.6667,0.6988,2.0055,1.9484,34998303.3873,29405529.3904,3543299.0685,120044180.6184,100860965.8091,5.0700,5.0700,0.5242,0.5242,5.2421,10.5764
2020-03-10,3.4100,3.4700,3.4100,3.4600,0.0300,0.8700,2078093.2200,717049.4800,2.5000,5.4100,0.0707,0.5865,1.0400,5.9716,5.7162,0.7050,2.0230,1.9654,34998303.3873,29405529.3904,3543299.0685,121094129.7201,101743131.6908,5.0261,5.0261,0.5334,0.5334,5.3343,10.7625
2020-03-11,3.4700,3.4700,3.4300,3.4300,-0.0300,-0.8700,1583657.1400,546167.9110,2.4800,5.3700,0.0539,0.4469,0.7800,5.9198,5.6667,0.6988,2.0055,1.9484,34998303.3873,29405529.3904,3543299.0685,120044180.6184,100860965.8091,5.0700,5.0700,0.5242,0.5242,5.2421,10.5764
2020-03-12,3.4200,3.4400,3.4000,3.4300,0.0000,0.0000,1858719.7100,635881.2060,2.4800,5.3700,0.0632,0.5246,0.9000,5.9198,5.6667,0.6988,2.0055,1.9484,34998303.3873,29405529.3904,3543299.0685,120044180.6184,100860965.8091,5.0700,5.0700,0.5319,0.5319,5.3187,10.7310
2020-03-13,3.3800,3.4300,3.3500,3.4000,-0.0300,-0.8700,2903983.3000,982450.8030,2.4600,5.3200,0.0988,0.8196,1.4700,5.8681,5.6171,0.6927,1.9879,1.9313,34998303.3873,29405529.3904,3543299.0685,118994231.5168,99978799.9274,5.1147,5.1147,0.5382,0.5382,5.3817,10.8580
2020-03-16,3.4100,3.4300,3.3700,3.3700,-0.0300,-0.8800,2596026.8700,882059.7110,2.4400,5.2700,0.0883,0.7327,1.1500,5.8163,5.5675,0.6866,1.9704,1.9143,34998303.3873,29405529.3904,3543299.0685,117944282.4152,99096634.0456,5.1603,5.1603,0.5334,0.5334,5.3343,10.7625
2020-03-17,3.3700,3.4200,3.3600,3.4000,0.0300,0.8900,2792972.3500,947833.2940,2.4600,5.3200,0.0950,0.7882,1.2700,5.8681,5.6171,0.6927,1.9879,1.9313,34998303.3873,29405529.3904,3543299.0685,118994231.5168,99978799.9274,5.1147,5.1147,0.5398,0.5398,5.3976,10.8902
2020-03-18,3.4000,3.4100,3.3500,3.3600,-0.0400,-1.1800,2143309.6800,724544.4420,2.4300,5.2600,0.0729,0.6049,0.9100,5.7990,5.5510,0.6846,1.9645,1.9086,34998303.3873,29405529.3904,3543299.0685,117594299.3813,98802578.7517,5.1756,5.1756,0.5350,0.5350,5.3500,10.7941
2020-03-19,3.3500,3.3800,3.3000,3.3100,-0.0500,-1.4900,2535946.4600,844013.9650,2.4000,5.1800,0.0862,0.7157,1.0300,5.7127,5.4684,0.6744,1.9353,1.8802,34998303.3873,29405529.3904,3543299.0685,115844384.2120,97332302.2822,5.2538,5.2538,0.5430,0.5430,5.4299,10.9552
2020-03-20,3.3300,3.3700,3.3100,3.3400,0.0300,0.9100,2458266.9000,819868.3680,2.4200,5.2300,0.0836,0.6938,0.9500,5.7645,5.5180,0.6805,1.9528,1.8973,34998303.3873,29405529.3904,3543299.0685,116894333.3136,98214468.1639,5.2066,5.2066,0.5462,0.5462,5.4625,11.0210
2020-03-23,3.3100,3.3100,3.2800,3.2800,-0.0600,-1.8000,1763631.8500,580377.8440,2.3700,5.1300,0.0600,0.4977,0.7000,5.6609,5.4188,0.6683,1.9178,1.8632,34998303.3873,29405529.3904,3543299.0685,114794435.1103,96450136.4005,5.3019,5.3019,0.5495,0.5495,5.4955,11.0876
2020-03-24,3.3100,3.3500,3.3000,3.3500,0.0700,2.1300,2137951.4900,710821.9410,2.4200,5.2400,0.0727,0.6034,0.9100,5.7818,5.5345,0.6825,1.9587,1.9029,34998303.3873,29405529.3904,3543299.0685,117244316.3475,98508523.4578,5.1911,5.1911,0.5495,0.5495,5.4955,11.0876
2020-03-25,3.3800,3.3900,3.3500,3.3700,0.0200,0.6000,1674231.5400,564134.4580,2.4400,5.2700,0.0569,0.4725,0.7600,5.8163,5.5675,0.6866,1.9704,1.9143,34998303.3873,29405529.3904,3543299.0685,117944282.4152,99096634.0456,5.1603,5.1603,0.5382,0.5382,5.3817,10.8580
2020-03-26,3.3500,3.3900,3.3400,3.3700,0.0000,0.0000,1357576.0100,456921.0850,2.4400,5.2700,0.0462,0.3831,0.6400,5.8163,5.5675,0.6866,1.9704,1.9143,34998303.3873,29405529.3904,3543299.0685,117944282.4152,99096634.0456,5.1603,5.1603,0.5430,0.5430,5.4299,10.9552
2020-03-27,3.3900,3.4200,3.3700,3.3900,0.0200,0.5900,1683813.7500,572400.8590,2.4500,5.3000,0.0573,0.4752,0.9000,5.8508,5.6006,0.6907,1.9821,1.9257,34998303.3873,29405529.3904,3543299.0685,118644248.4829,99684744.6335,5.1298,5.1298,0.5366,0.5366,5.3658,10.8260
2020-03-30,3.3700,3.4100,3.3600,3.4100,0.0200,0.5900,2181046.0900,741562.6540,2.4700,5.3400,0.0742,0.6155,1.2700,5.8853,5.6336,0.6948,1.9938,1.9370,34998303.3873,29405529.3904,3543299.0685,119344214.5507,100272855.2213,5.0997,5.0997,0.5398,0.5398,5.3976,10.8902
2020-03-31,3.4200,3.4300,3.3500,3.3700,-0.0400,-1.1700,1651900.3400,560225.3120,2.4400,5.2700,0.0562,0.4662,0.9100,5.5608,5.5608,0.6746,1.8803,1.8803,34998303.3873,29405529.3904,3543299.0685,117944282.4152,99096634.0456,5.1603,5.1603,0.5319,0.5319,5.3187,10.7310
2020-04-01,3.3700,3.4100,3.3700,3.3800,0.0100,0.3000,1116665.3500,378709.9880,2.4500,5.2900,0.0380,0.2215,0.6500,5.5773,5.5773,0.6766,1.8859,1.8859,34998303.3873,29405529.3904,5041233.4856,118294265.4491,99390689.3396,5.1450,5.1450,0.5398,0.5398,5.3976,10.8902
2020-04-02,3.3700,3.4000,3.3600,3.4000,0.0200,0.5900,1047867.7400,354395.7110,2.4600,5.3200,0.0356,0.2079,0.6600,5.6103,5.6103,0.6806,1.8970,1.8970,34998303.3873,29405529.3904,5041233.4856,118994231.5168,99978799.9274,5.1147,5.1147,0.5398,0.5398,5.3976,10.8902
2020-04-03,3.3900,3.4100,3.3800,3.4000,0.0000,0.0000,1157804.2900,393195.6030,2.4600,5.3200,0.0394,0.2297,0.7500,5.6103,5.6103,0.6806,1.8970,1.8970,34998303.3873,29405529.3904,5041233.4856,118994231.5168,99978799.9274,5.1147,5.1147,0.5366,0.5366,5.3658,10.8260
2020-04-07,3.4300,3.4300,3.4100,3.4200,0.0200,0.5900,1220966.7700,417633.4260,2.4700,5.3500,0.0415,0.2422,0.8500,5.6433,5.6433,0.6846,1.9082,1.9082,34998303.3873,29405529.3904,5041233.4856,119694197.5846,100566910.5152,5.0848,5.0848,0.5303,0.5303,5.3032,10.6997
2020-04-08,3.4100,3.4100,3.3900,3.4000,-0.0200,-0.5800,966158.6400,328551.7200,2.4600,5.3200,0.0329,0.1917,0.7800,5.6103,5.6103,0.6806,1.8970,1.8970,34998303.3873,29405529.3904,5041233.4856,118994231.5168,99978799.9274,5.1147,5.1147,0.5334,0.5334,5.3343,10.7625
2020-04-09,3.4100,3.4200,3.3900,3.4000,0.0000,0.0000,722320.0000,246074.4410,2.4600,5.3200,0.0246,0.1433,0.6600,5.6103,5.6103,0.6806,1.8970,1.8970,34998303.3873,29405529.3904,5041233.4856,118994231.5168,99978799.9274,5.1147,5.1147,0.5334,0.5334,5.3343,10.7625
2020-04-10,3.4100,3.4100,3.3900,3.4100,0.0100,0.2900,907580.3900,308890.8930,2.4700,5.3400,0.0309,0.1800,0.8900,5.6268,5.6268,0.6826,1.9026,1.9026,34998303.3873,29405529.3904,5041233.4856,119344214.5507,100272855.2213,5.0997,5.0997,0.5334,0.5334,5.3343,10.7625
2020-04-13,3.4000,3.4200,3.3900,3.4000,-0.0100,-0.2900,920479.0100,313557.1150,2.4600,5.3200,0.0313,0.1826,0.9300,5.6103,5.6103,0.6806,1.8970,1.8970,34998303.3873,29405529.3904,5041233.4856,118994231.5168,99978799.9274,5.1147,5.1147,0.5350,0.5350,5.3500,10.7941
2020-04-14,3.4100,3.4200,3.4000,3.4200,0.0200,0.5900,831783.6600,283848.1430,2.4700,5.3500,0.0283,0.1650,0.8800,5.6433,5.6433,0.6846,1.9082,1.9082,34998303.3873,29405529.3904,5041233.4856,119694197.5846,100566910.5152,5.0848,5.0848,0.5334,0.5334,5.3343,10.7625
2020-04-15,3.4100,3.4200,3.4100,3.4200,0.0000,0.0000,862672.4000,294681.0190,2.4700,5.3500,0.0293,0.1711,0.9900,5.6433,5.6433,0.6846,1.9082,1.9082,34998303.3873,29405529.3904,5041233.4856,119694197.5846,100566910.5152,5.0848,5.0848,0.5334,0.5334,5.3343,10.7625
2020-04-16,3.4000,3.4400,3.4000,3.4300,0.0100,0.2900,1063711.8600,364102.5900,2.4800,5.3700,0.0362,0.2110,1.2500,5.6598,5.6598,0.6866,1.9138,1.9138,34998303.3873,29405529.3904,5041233.4856,120044180.6184,100860965.8091,5.0700,5.0700,0.5350,0.5350,5.3500,10.7941
2020-04-17,3.4400,3.4400,3.4200,3.4400,0.0100,0.2900,1230781.9400,422558.2490,2.4900,5.3800,0.0419,0.2441,1.3400,5.6763,5.6763,0.6886,1.9193,1.9193,34998303.3873,29405529.3904,5041233.4856,120394163.6523,101155021.1030,5.0553,5.0553,0.5288,0.5288,5.2878,10.6686
2020-04-20,3.4300,3.4400,3.4200,3.4200,-0.0200,-0.5800,1120274.9000,383753.2860,2.4700,5.3500,0.0381,0.2222,1.1400,5.6433,5.6433,0.6846,1.9082,1.9082,34998303.3873,29405529.3904,5041233.4856,119694197.5846,100566910.5152,5.0848,5.0848,0.5303,0.5303,5.3032,10.6997
2020-04-21,3.4100,3.4200,3.4000,3.4100,-0.0100,-0.2900,1039959.9700,354646.0920,2.4700,5.3400,0.0354,0.2063,1.0200,5.6268,5.6268,0.6826,1.9026,1.9026,34998303.3873,29405529.3904,5041233.4856,119344214.5507,100272855.2213,5.0997,5.0997,0.5334,0.5334,5.3343,10.7625
2020-04-22,3.4100,3.4300,3.4000,3.4200,0.0100,0.2900,848105.0400,289662.2950,2.4700,5.3500,0.0288,0.1682,0.8000,5.6433,5.6433,0.6846,1.9082,1.9082,34998303.3873,29405529.3904,5041233.4856,119694197.5846,100566910.5152,5.0848,5.0848,0.5334,0.5334,5.3343,10.7625
2020-04-23,3.4200,3.4200,3.3800,3.4000,-0.0200,-0.5800,1179408.3600,401006.1070,2.4600,5.3200,0.0401,0.2340,1.1100,5.6103,5.6103,0.6806,1.8970,1.8970,34998303.3873,29405529.3904,5041233.4856,118994231.5168,99978799.9274,5.1147,5.1147,0.5319,0.5319,5.3187,10.7310
2020-04-24,3.4000,3.4000,3.3800,3.4000,0.0000,0.0000,612445.3800,207830.1950,2.4600,5.3200,0.0208,0.1215,0.5700,5.6103,5.6103,0.6806,1.8970,1.8970,34998303.3873,29405529.3904,5041233.4856,118994231.5168,99978799.9274,5.1147,5.1147,0.5350,0.5350,5.3500,10.7941
2020-04-27,3.3900,3.4300,3.3900,3.4100,0.0100,0.2900,1378678.3800,470462.1950,2.4700,5.3400,0.0469,0.2735,1.4400,5.6268,5.6268,0.6826,1.9026,1.9026,34998303.3873,29405529.3904,5041233.4856,119344214.5507,100272855.2213,5.0997,5.0997,0.5366,0.5366,5.3658,10.8260
2020-04-28,3.4100,3.4100,3.3800,3.4000,-0.0100,-0.2900,1229048.6700,417684.5980,2.4600,5.3200,0.0418,0.2438,1.2100,5.6103,5.6103,0.6806,1.8970,1.8970,34998303.3873,29405529.3904,5041233.4856,118994231.5168,99978799.9274,5.1147,5.1147,0.5334,0.5334,5.3343,10.7625
2020-04-29,3.4100,3.4400,3.4000,3.4400,0.0400,1.1800,1449932.0200,496514.8200,2.4900,5.3800,0.0493,0.2876,1.3800,5.6763,5.5988,0.6611,1.9193,1.8784,34998303.3873,29405529.3904,5041233.4856,120394163.6523,101155021.1030,5.0553,5.0553,0.5334,0.5334,5.3343,10.7625
2020-04-30,3.4500,3.4700,3.4400,3.4600,0.0200,0.5800,1184735.0900,409683.8160,2.5000,5.4100,0.0403,0.2350,1.0100,5.7093,5.6314,0.6649,1.9305,1.8893,34998303.3873,29405529.3904,5041233.4856,121094129.7201,101743131.6908,5.0261,5.0261,0.5272,0.5272,5.2725,10.6377
2020-05-06,3.4200,3.4300,3.4000,3.4200,-0.0400,-1.1600,2263613.0300,772368.0830,2.4700,5.3500,0.0770,0.4490,1.9300,5.6433,5.5663,0.6573,1.9082,1.8675,34998303.3873,29405529.3904,5041233.4856,119694197.5846,100566910.5152,5.0848,5.0848,0.5319,0.5319,5.3187,10.7310
2020-05-07,3.4100,3.4200,3.4000,3.4100,-0.0100,-0.2900,1314750.7100,447967.3240,2.4700,5.3400,0.0447,0.2608,0.8800,5.6268,5.5500,0.6553,1.9026,1.8620,34998303.3873,29405529.3904,5041233.4856,119344214.5507,100272855.2213,5.0997,5.0997,0.5334,0.5334,5.3343,10.7625
2020-05-08,3.4200,3.4200,3.4000,3.4200,0.0100,0.2900,1342731.1600,458120.1300,2.4700,5.3500,0.0457,0.2663,0.9000,5.6433,5.5663,0.6573,1.9082,1.8675,34998303.3873,29405529.3904,5041233.4856,119694197.5846,100566910.5152,5.0848,5.0848,0.5319,0.5319,5.3187,10.7310
2020-05-11,3.4200,3.4300,3.4000,3.4200,0.0000,0.0000,1315827.2100,450101.0140,2.4700,5.3500,0.0447,0.2610,0.8700,5.6433,5.5663,0.6573,1.9082,1.8675,34998303.3873,29405529.3904,5041233.4856,119694197.5846,100566910.5152,5.0848,5.0848,0.5319,0.5319,5.3187,10.7310
2020-05-12,3.4200,3.4300,3.4100,3.4100,-0.0100,-0.2900,788390.0200,269083.2140,2.4700,5.3400,0.0268,0.1564,0.5300,5.6268,5.5500,0.6553,1.9026,1.8620,34998303.3873,29405529.3904,5041233.4856,119344214.5507,100272855.2213,5.0997,5.0997,0.5319,0.5319,5.3187,10.7310
2020-05-13,3.4100,3.4100,3.4000,3.4100,0.0000,0.0000,690121.1200,234943.0450,2.4700,5.3400,0.0235,0.1369,0.4900,5.6268,5.5500,0.6553,1.9026,1.8620,34998303.3873,29405529.3904,5041233.4856,119344214.5507,100272855.2213,5.0997,5.0997,0.5334,0.5334,5.3343,10.7625
2020-05-14,3.4000,3.4100,3.3900,3.3900,-0.0200,-0.5900,794681.4200,269921.4860,2.4500,5.3000,0.0270,0.1576,0.7300,5.5938,5.5175,0.6515,1.8914,1.8511,34998303.3873,29405529.3904,5041233.4856,118644248.4829,99684744.6335,5.1298,5.1298,0.5350,0.5350,5.3500,10.7941
2020-05-15,3.4000,3.4000,3.3900,3.3900,0.0000,0.0000,936888.2500,317917.5210,2.4500,5.3000,0.0319,0.1858,0.9500,5.5938,5.5175,0.6515,1.8914,1.8511,34998303.3873,29405529.3904,5041233.4856,118644248.4829,99684744.6335,5.1298,5.1298,0.5350,0.5350,5.3500,10.7941
2020-05-18,3.3900,3.4000,3.3800,3.3900,0.0000,0.0000,962885.2700,326556.3130,2.4500,5.3000,0.0327,0.1910,1.0600,5.5938,5.5175,0.6515,1.8914,1.8511,34998303.3873,29405529.3904,5041233.4856,118644248.4829,99684744.6335,5.1298,5.1298,0.5366,0.5366,5.3658,10.8260
2020-05-19,3.4000,3.4100,3.3900,3.4000,0.0100,0.2900,897599.7900,304941.0620,2.4600,5.3200,0.0305,0.1781,1.0800,5.6103,5.5337,0.6534,1.8970,1.8565,34998303.3873,29405529.3904,5041233.4856,118994231.5168,99978799.9274,5.1147,5.1147,0.5350,0.5350,5.3500,10.7941
2020-05-20,3.4000,3.4100,3.3900,3.4100,0.0100,0.2900,968434.0300,329110.6500,2.4700,5.3400,0.0329,0.1921,1.1300,5.6268,5.5500,0.6553,1.9026,1.8620,34998303.3873,29405529.3904,5041233.4856,119344214.5507,100272855.2213,5.0997,5.0997,0.5350,0.5350,5.3500,10.7941
2020-05-21,3.4100,3.4100,3.3900,3.4000,-0.0100,-0.2900,826316.7000,281045.0090,2.4600,5.3200,0.0281,0.1639,0.9100,5.6103,5.5337,0.6534,1.8970,1.8565,34998303.3873,29405529.3904,5041233.4856,118994231.5168,99978799.9274,5.1147,5.1147,0.5334,0.5334,5.3343,10.7625
2020-05-22,3.4000,3.4000,3.3700,3.3700,-0.0300,-0.8800,1271629.3300,430605.9050,2.4400,5.2700,0.0432,0.2522,1.3800,5.5608,5.4849,0.6476,1.8803,1.8402,34998303.3873,29405529.3904,5041233.4856,117944282.4152,99096634.0456,5.1603,5.1603,0.5350,0.5350,5.3500,10.7941
2020-05-25,3.3800,3.3900,3.3700,3.3900,0.0200,0.5900,703112.5700,237553.6380,2.4500,5.3000,0.0239,0.1395,0.7100,5.5938,5.5175,0.6515,1.8914,1.8511,34998303.3873,29405529.3904,5041233.4856,118644248.4829,99684744.6335,5.1298,5.1298,0.5382,0.5382,5.3817,10.8580
2020-05-26,3.3900,3.3900,3.3800,3.3800,-0.0100,-0.2900,832791.2300,281915.9560,2.4500,5.2900,0.0283,0.1652,0.8900,5.5773,5.5012,0.6496,1.8859,1.8456,34998303.3873,29405529.3904,5041233.4856,118294265.4491,99390689.3396,5.1450,5.1450,0.5366,0.5366,5.3658,10.8260
2020-05-27,3.3900,3.4100,3.3800,3.4000,0.0200,0.5900,1035891.6300,351900.0450,2.4600,5.3200,0.0352,0.2055,1.1300,5.6103,5.5337,0.6534,1.8970,1.8565,34998303.3873,29405529.3904,5041233.4856,118994231.5168,99978799.9274,5.1147,5.1147,0.5366,0.5366,5.3658,10.8260
2020-05-28,3.4100,3.4300,3.4000,3.4300,0.0300,0.8800,1625057.0800,555961.3580,2.4800,5.3700,0.0553,0.3224,1.7400,5.6598,5.5826,0.6592,1.9138,1.8729,34998303.3873,29405529.3904,5041233.4856,120044180.6184,100860965.8091,5.0700,5.0700,0.5334,0.5334,5.3343,10.7625
2020-05-29,3.4200,3.4300,3.4000,3.4000,-0.0300,-0.8700,1061256.1800,361974.8260,2.4600,5.3200,0.0361,0.2105,0.9700,5.6103,5.5337,0.6534,1.8970,1.8565,34998303.3873,29405529.3904,5041233.4856,118994231.5168,99978799.9274,5.1147,5.1147,0.5319,0.5319,5.3187,10.7310
2020-06-01,3.4100,3.4300,3.4000,3.4200,0.0200,0.5900,1093454.8200,374091.1100,2.4700,5.3500,0.0372,0.2169,1.0400,5.6433,5.5663,0.6573,1.9082,1.8675,34998303.3873,29405529.3904,5041233.4856,119694197.5846,100566910.5152,5.0848,5.0848,0.5334,0.5334,5.3343,10.7625
2020-06-02,3.4200,3.4300,3.4100,3.4300,0.0100,0.2900,903739.6300,309272.9780,2.4800,5.3700,0.0307,0.1793,0.8000,5.6598,5.5826,0.6592,1.9138,1.8729,34998303.3873,29405529.3904,5041233.4856,120044180.6184,100860965.8091,5.0700,5.0700,0.5319,0.5319,5.3187,10.7310
2020-06-03,3.4300,3.4500,3.4200,3.4200,-0.0100,-0.2900,1489830.1600,511561.1000,2.4700,5.3500,0.0507,0.2955,1.3000,5.6433,5.5663,0.6573,1.9082,1.8675,34998303.3873,29405529.3904,5041233.4856,119694197.5846,100566910.5152,5.0848,5.0848,0.5303,0.5303,5.3032,10.6997
2020-06-04,3.4300,3.4400,3.4100,3.4100,-0.0100,-0.2900,984787.0400,336384.8610,2.4700,5.3400,0.0335,0.1953,0.8000,5.6268,5.5500,0.6553,1.9026,1.8620,34998303.3873,29405529.3904,5041233.4856,119344214.5507,100272855.2213,5.0997,5.0997,0.5303,0.5303,5.3032,10.6997
2020-06-05,3.4200,3.4200,3.4100,3.4200,0.0100,0.2900,730676.6100,249401.1870,2.4700,5.3500,0.0248,0.1449,0.6600,5.6433,5.5663,0.6573,1.9082,1.8675,34998303.3873,29405529.3904,5041233.4856,119694197.5846,100566910.5152,5.0848,5.0848,0.5319,0.5319,5.3187,10.7310
2020-06-08,3.4100,3.4200,3.4000,3.4100,-0.0100,-0.2900,1174452.0100,400272.4540,2.4700,5.3400,0.0399,0.2330,1.1300,5.6268,5.5500,0.6553,1.9026,1.8620,34998303.3873,29405529.3904,5041233.4856,119344214.5507,100272855.2213,5.0997,5.0997,0.5334,0.5334,5.3343,10.7625
2020-06-09,3.4100,3.4200,3.4000,3.4200,0.0100,0.2900,1471207.0600,502056.9270,2.4700,5.3500,0.0500,0.2918,1.3900,5.6433,5.5663,0.6573,1.9082,1.8675,34998303.3873,29405529.3904,5041233.4856,119694197.5846,100566910.5152,5.0848,5.0848,0.5334,0.5334,5.3343,10.7625
2020-06-10,3.4200,3.4200,3.4000,3.4000,-0.0200,-0.5800,1071199.7200,364829.3900,2.4600,5.3200,0.0364,0.2125,0.9200,5.6103,5.5337,0.6534,1.8970,1.8565,34998303.3873,29405529.3904,5041233.4856,118994231.5168,99978799.9274,5.1147,5.1147,0.5319,0.5319,5.3187,10.7310
2020-06-11,3.4000,3.4100,3.3800,3.3800,-0.0200,-0.5900,1845071.9500,625612.5820,2.4500,5.2900,0.0627,0.3660,1.7000,5.5773,5.5012,0.6496,1.8859,1.8456,34998303.3873,29405529.3904,5041233.4856,118294265.4491,99390689.3396,5.1450,5.1450,0.5350,0.5350,5.3500,10.7941
2020-06-12,3.3700,3.3800,3.3600,3.3800,0.0000,0.0000,3000637.9100,1010857.2570,2.4500,5.2900,0.1020,0.5952,2.3800,5.5773,5.5012,0.6496,1.8859,1.8456,34998303.3873,29405529.3904,5041233.4856,118294265.4491,99390689.3396,5.1450,5.1450,0.5398,0.5398,5.3976,10.8902
2020-06-15,3.3600,3.3700,3.3300,3.3300,-0.0500,-1.4800,2346116.9300,785210.8570,2.4100,5.2100,0.0798,0.4654,1.3700,5.4948,5.4198,0.6400,1.8580,1.8183,34998303.3873,29405529.3904,5041233.4856,116544350.2797,97920412.8700,5.2223,5.2223,0.5414,0.5414,5.4137,10.9226
2020-06-16,3.3500,3.3600,3.3400,3.3500,0.0200,0.6000,1339180.0000,448360.2120,2.4200,5.2400,0.0455,0.2656,0.6900,5.5278,5.4524,0.6438,1.8691,1.8292,34998303.3873,29405529.3904,5041233.4856,117244316.3475,98508523.4578,5.1911,5.1911,0.5430,0.5430,5.4299,10.9552
2020-06-17,3.3500,3.3600,3.3400,3.3600,0.0100,0.3000,909603.1600,304841.3420,2.4300,5.2600,0.0309,0.1804,0.4700,5.5443,5.4686,0.6457,1.8747,1.8347,34998303.3873,29405529.3904,5041233.4856,117594299.3813,98802578.7517,5.1756,5.1756,0.5430,0.5430,5.4299,10.9552
2020-06-18,3.3500,3.3600,3.3300,3.3500,-0.0100,-0.3000,1684543.1600,564152.5970,2.4200,5.2400,0.0573,0.3342,0.8900,5.5278,5.4524,0.6438,1.8691,1.8292,34998303.3873,29405529.3904,5041233.4856,117244316.3475,98508523.4578,5.1911,5.1911,0.5430,0.5430,5.4299,10.9552
2020-06-19,3.3500,3.3600,3.3400,3.3500,0.0000,0.0000,2011989.1000,674556.6260,2.4200,5.2400,0.0684,0.3991,1.0800,5.5278,5.4524,0.6438,1.8691,1.8292,34998303.3873,29405529.3904,5041233.4856,117244316.3475,98508523.4578,5.1911,,0.5430,0.5430,5.4299,10.9552
2020-06-22,3.3500,3.3700,3.3400,3.3600,0.0100,0.3000,1999267.5300,670955.0610,2.4300,5.2600,0.0680,0.3966,1.2100,5.5443,5.4686,0.6457,1.8747,1.8347,34998303.3873,29405529.3904,5041233.4856,117594299.3813,98802578.7517,5.1756,,0.5430,0.5430,5.4299,10.9552
2020-06-23,3.3500,3.3600,3.3400,3.3500,-0.0100,-0.3000,1221076.0700,409165.8490,2.4200,5.2400,0.0415,0.2422,0.7700,5.5278,5.4524,0.6438,1.8691,1.8292,34998303.3873,29405529.3904,5041233.4856,117244316.3475,98508523.4578,5.1911,,0.5430,0.5430,5.4299,10.9552
2020-06-24,3.3600,3.3800,3.3500,3.3700,0.0200,0.6000,1712748.3800,575751.0180,2.4400,5.2700,0.0582,0.3397,1.0900,5.5608,5.4849,0.6476,1.8803,1.8402,34998303.3873,29405529.3904,5041233.4856,117944282.4152,99096634.0456,5.1603,,0.5414,0.5414,5.4137,10.9226
2020-06-29,3.3700,3.3800,3.3500,3.3700,0.0000,0.0000,1645915.4400,553830.1660,2.4400,5.2700,0.0560,0.3265,0.9500,5.5608,5.4849,0.6476,1.8803,1.8402,34998303.3873,29405529.3904,5041233.4856,117944282.4152,99096634.0456,5.1603,,0.5398,0.5398,5.3976,10.8902
2020-06-30,3.3700,3.3800,3.3600,3.3800,0.0100,0.3000,1529920.6500,516158.0760,2.4500,5.2900,0.0520,0.3035,0.8900,5.5773,5.5012,0.6496,1.8859,1.8456,34998303.3873,29405529.3904,5041233.4856,118294265.4491,99390689.3396,5.1450,,0.5398,0.5398,5.3976,10.8902
2020-07-01,3.3800,3.4000,3.3700,3.3900,0.0100,0.3000,1799746.4600,608516.2210,2.4500,5.3000,0.0612,0.3570,1.1100,5.5938,5.5175,0.6515,1.8914,1.8511,34998303.3873,29405529.3904,5041233.4856,118644248.4829,99684744.6335,5.1298,,0.5382,0.5382,5.3817,10.8580
2020-07-02,3.3900,3.4500,3.3800,3.4500,0.0600,1.7700,3276964.2300,1119935.7450,2.5000,5.4000,0.1114,0.6500,2.0700,5.6928,5.6151,0.6630,1.9249,1.8839,34998303.3873,29405529.3904,5041233.4856,120744146.6862,101449076.3969,5.0406,,0.5366,0.5366,5.3658,10.8260
2020-07-03,3.4500,3.5100,3.4500,3.5100,0.0600,1.7400,3716922.6700,1297519.1020,2.5400,5.4900,0.1264,0.7373,1.8600,5.7919,5.7128,0.6746,1.9584,1.9166,34998303.3873,29405529.3904,5041233.4856,122844044.8894,103213408.1603,4.9545,,0.5272,0.5272,5.2725,10.6377
2020-07-06,3.5300,3.7800,3.5200,3.7600,0.2500,7.1200,6923825.6000,2536366.3280,2.7200,5.8800,0.2355,1.3734,2.8900,6.2044,6.1197,0.7226,2.0979,2.0531,34998303.3873,29405529.3904,5041233.4856,131593620.7362,110564790.5079,4.6250,,0.5153,0.5153,5.1530,10.3966
2020-07-07,3.8000,3.8600,3.7200,3.7300,-0.0300,-0.8000,5011850.5200,1890890.0920,2.7000,5.8400,0.1704,0.9942,1.4500,6.1549,6.0708,0.7168,2.0811,2.0367,34998303.3873,29405529.3904,5041233.4856,130543671.6346,109682624.6262,4.6622,,0.4787,0.4787,4.7868,9.6579
2020-07-08,3.7200,3.7600,3.6900,3.7100,-0.0200,-0.5400,4612709.1100,1716524.6580,2.6800,5.8000,0.1569,0.9150,1.1100,6.1219,6.0383,0.7130,2.0700,2.0258,34998303.3873,29405529.3904,5041233.4856,129843705.5669,109094514.0384,4.6874,,0.4890,0.4890,4.8898,9.8656
2020-07-09,3.7100,3.7200,3.6300,3.6400,-0.0700,-1.8900,5311726.4700,1941304.5870,2.6300,5.7000,0.1806,1.0537,1.1300,6.0064,5.9244,0.6995,2.0309,1.9876,34998303.3873,29405529.3904,5041233.4856,127393824.3298,107036126.9811,4.7775,,0.4903,0.4903,4.9030,9.8922
2020-07-10,3.4700,3.4800,3.3600,3.3600,-0.2800,-7.6900,5489279.5900,1871966.2530,2.5600,5.5300,0.1867,1.0889,1.0700,5.5443,5.4686,0.6691,1.8747,1.8347,34998303.3873,29405529.3904,5041233.4856,117594299.3813,98802578.7517,5.1756,5.4137,0.5242,0.5242,5.2421,10.5764
2020-07-13,3.3500,3.3800,3.3300,3.3500,-0.0100,-0.3000,6298933.7700,2109860.5480,2.5500,5.5100,0.2142,1.2495,1.1500,5.5278,5.4524,0.6671,1.8691,1.8292,34998303.3873,29405529.3904,5041233.4856,117244316.3475,98508523.4578,5.1911,5.4299,0.5430,0.5430,5.4299,10.9552
2020-07-14,3.3400,3.3500,3.3000,3.3100,-0.0400,-1.1900,4513475.0400,1500919.7180,2.5200,5.4500,0.1535,0.8953,0.8400,5.4618,5.3873,0.6592,1.8468,1.8074,34998303.3873,29405529.3904,5041233.4856,115844384.2120,97332302.2822,5.2538,5.4955,0.5446,0.5446,5.4461,10.9880
2020-07-15,3.3200,3.3300,3.2800,3.2800,-0.0300,-0.9100,4057866.4700,1337402.6990,2.5000,5.4000,0.1380,0.8049,0.7700,5.4123,5.3384,0.6532,1.8301,1.7910,34998303.3873,29405529.3904,5041233.4856,114794435.1103,96450136.4005,5.3019,5.5458,0.5479,0.5479,5.4789,11.0542
2020-07-16,3.2900,3.3100,3.2600,3.2700,-0.0100,-0.3000,3956193.7500,1301205.7820,2.4900,5.3800,0.1345,0.7848,0.7700,5.3958,5.3222,0.6512,1.8245,1.7856,34998303.3873,29405529.3904,5041233.4856,114444452.0765,96156081.1066,5.3181,5.5627,0.5529,0.5529,5.5289,11.1550
2020-07-17,3.2800,3.2900,3.2600,3.2800,0.0100,0.3100,2425786.9300,793969.9810,2.5000,5.4000,0.0825,0.4812,0.5000,5.4123,5.3384,0.6532,1.8301,1.7910,34998303.3873,29405529.3904,5041233.4856,114794435.1103,96450136.4005,5.3019,5.5458,0.5546,0.5546,5.5457,11.1890
2020-07-20,3.2800,3.3300,3.2700,3.3200,0.0400,1.2200,3502147.0200,1157688.8890,2.5300,5.4600,0.1191,0.6947,0.8200,5.4783,5.4035,0.6612,1.8524,1.8129,34998303.3873,29405529.3904,5041233.4856,116194367.2458,97626357.5761,5.2380,5.4790,0.5546,0.5546,5.5457,11.1890
2020-07-21,3.3300,3.3300,3.2900,3.3000,-0.0200,-0.6000,2086229.7300,689014.5960,2.5100,5.4300,0.0709,0.4138,0.5700,5.4453,5.3710,0.6572,1.8412,1.8019,34998303.3873,29405529.3904,5041233.4856,115494401.1781,97038246.9883,5.2697,5.5122,0.5462,0.5462,5.4625,11.0210
2020-07-22,3.3000,3.3300,3.2800,3.2900,-0.0100,-0.3000,2589830.6200,856429.9640,2.5000,5.4200,0.0881,0.5137,0.8100,5.4288,5.3547,0.6552,1.8356,1.7965,34998303.3873,29405529.3904,5041233.4856,115144418.1442,96744191.6944,5.2858,5.5289,0.5512,0.5512,5.5121,11.1212
2020-07-23,3.2800,3.2900,3.2500,3.2700,-0.0200,-0.6100,3381775.2700,1105252.6250,2.4900,5.3800,0.1150,0.6708,1.1600,5.3958,5.3222,0.6512,1.8245,1.7856,34998303.3873,29405529.3904,5041233.4856,114444452.0765,96156081.1066,5.3181,5.5627,0.5546,0.5546,5.5457,11.1890
2020-07-24,3.2700,3.2700,3.2200,3.2300,-0.0400,-1.2200,3104504.7100,1007868.2150,2.4600,5.3200,0.1056,0.6158,1.1100,5.3298,5.2571,0.6432,1.8022,1.7637,34998303.3873,29405529.3904,5041233.4856,113044519.9410,94979859.9310,5.3839,5.6316,0.5563,0.5563,5.5627,11.2232
2020-07-27,3.2400,3.2500,3.2200,3.2200,-0.0100,-0.3100,1813847.8000,586004.7850,2.4500,5.3000,0.0617,0.3598,0.6200,5.3133,5.2408,0.6412,1.7966,1.7583,34998303.3873,29405529.3904,5041233.4856,112694536.9071,94685804.6371,5.4007,5.6491,0.5614,0.5614,5.6142,11.3272
2020-07-28,3.2300,3.2500,3.2200,3.2300,0.0100,0.3100,1664858.1200,538053.6460,2.4600,5.3200,0.0566,0.3302,0.6400,5.3298,5.2571,0.6432,1.8022,1.7637,34998303.3873,29405529.3904,5041233.4856,113044519.9410,94979859.9310,5.3839,5.6316,0.5632,0.5632,5.6316,11.3622
2020-07-29,3.2200,3.2600,3.2200,3.2500,0.0200,0.6200,2010710.4200,651657.7110,2.4700,5.3500,0.0684,0.3989,0.8000,5.3628,5.2896,0.6472,1.8133,1.7746,34998303.3873,29405529.3904,5041233.4856,113744486.0087,95567970.5188,5.3508,5.5970,0.5649,0.5649,5.6491,11.3975
2020-07-30,3.2400,3.2500,3.2200,3.2300,-0.0200,-0.6200,2033999.9500,657702.7290,2.4600,5.3200,0.0692,0.4035,0.8500,5.3298,5.2571,0.6432,1.8022,1.7637,34998303.3873,29405529.3904,5041233.4856,113044519.9410,94979859.9310,5.3839,5.6316,0.5614,0.5614,5.6142,11.3272
2020-07-31,3.2300,3.2500,3.2200,3.2300,0.0000,0.0000,2199505.7000,710196.6940,2.4600,5.3200,0.0748,0.4363,1.0300,5.3298,5.2571,0.6432,1.8022,1.7637,34998303.3873,29405529.3904,5041233.4856,113044519.9410,94979859.9310,5.3839,5.6316,0.5632,0.5632,5.6316,11.3622
2020-08-03,3.2400,3.2400,3.2200,3.2400,0.0100,0.3100,2101908.6700,679416.9300,2.4700,5.3300,0.0715,0.4169,1.0800,5.3463,5.2733,0.6452,1.8078,1.7692,34998303.3873,29405529.3904,5041233.4856,113394502.9749,95273915.2249,5.3673,5.6142,0.5614,0.5614,5.6142,11.3272
2020-08-04,3.2300,3.2800,3.2300,3.2700,0.0300,0.9300,3982557.4000,1296351.4330,2.4900,5.3800,0.1354,0.7900,1.9900,5.3958,5.3222,0.6512,1.8245,1.7856,34998303.3873,29405529.3904,5041233.4856,114444452.0765,96156081.1066,5.3181,5.5627,0.5632,0.5632,5.6316,11.3622
2020-08-05,3.2500,3.2600,3.2300,3.2400,-0.0300,-0.9200,2036890.2200,660015.7140,2.4700,5.3300,0.0693,0.4040,0.8300,5.3463,5.2733,0.6452,1.8078,1.7692,34998303.3873,29405529.3904,5041233.4856,113394502.9749,95273915.2249,5.3673,5.6142,0.5597,0.5597,5.5969,11.2923
2020-08-06,3.2500,3.2600,3.2300,3.2500,0.0100,0.3100,1908300.9100,618619.1040,2.4700,5.3500,0.0649,0.3785,0.7700,5.3628,5.2896,0.6472,1.8133,1.7746,34998303.3873,29405529.3904,5041233.4856,113744486.0087,95567970.5188,5.3508,5.5970,0.5597,0.5597,5.5969,11.2923
2020-08-07,3.2500,3.2500,3.2200,3.2300,-0.0200,-0.6200,1782016.4900,575845.4440,2.4600,5.3200,0.0606,0.3535,0.7300,5.3298,5.2571,0.6432,1.8022,1.7637,34998303.3873,29405529.3904,5041233.4856,113044519.9410,94979859.9310,5.3839,5.6316,0.5597,0.5597,5.5969,11.2923
2020-08-10,3.2300,3.2500,3.2200,3.2300,0.0000,0.0000,1907100.4700,616734.0870,2.4600,5.3200,0.0649,0.3783,0.8100,5.3298,5.2571,0.6432,1.8022,1.7637,34998303.3873,29405529.3904,5041233.4856,113044519.9410,94979859.9310,5.3839,5.6316,0.5632,0.5632,5.6316,11.3622
2020-08-11,3.2400,3.2500,3.2300,3.2300,0.0000,0.0000,2319825.3000,751648.6450,2.4600,5.3200,0.0789,0.4602,1.0000,5.3298,5.2571,0.6432,1.8022,1.7637,34998303.3873,29405529.3904,5041233.4856,113044519.9410,94979859.9310,5.3839,5.6316,0.5614,0.5614,5.6142,11.3272
2020-08-12,3.2300,3.2400,3.2200,3.2400,0.0100,0.3100,1959183.8100,633499.8030,2.4700,5.3300,0.0666,0.3886,0.9800,5.3463,5.2733,0.6452,1.8078,1.7692,34998303.3873,29405529.3904,5041233.4856,113394502.9749,95273915.2249,5.3673,5.6142,0.5632,0.5632,5.6316,11.3622
2020-08-13,3.2400,3.2500,3.2300,3.2400,0.0000,0.0000,1546157.3500,500882.2250,2.4700,5.3300,0.0526,0.3067,0.7800,5.3463,5.2733,0.6452,1.8078,1.7692,34998303.3873,29405529.3904,5041233.4856,113394502.9749,95273915.2249,5.3673,5.6142,0.5614,0.5614,5.6142,11.3272
2020-08-14,3.2400,3.2600,3.2300,3.2500,0.0100,0.3100,1685278.9700,547064.5890,2.4700,5.3500,0.0573,0.3343,0.8900,5.3628,5.2896,0.6472,1.8133,1.7746,34998303.3873,29405529.3904,5041233.4856,113744486.0087,95567970.5188,5.3508,5.5970,0.5614,0.5614,5.6142,11.3272
2020-08-17,3.2600,3.3100,3.2500,3.3000,0.0500,1.5400,4580693.2700,1503856.8050,2.5100,5.4300,0.1558,0.9086,2.4300,5.4453,5.3710,0.6572,1.8412,1.8019,34998303.3873,29405529.3904,5041233.4856,115494401.1781,97038246.9883,5.2697,5.5122,0.5580,0.5580,5.5798,11.2577
2020-08-18,3.2900,3.3000,3.2600,3.2700,-0.0300,-0.9100,2787921.4600,911777.4810,2.4900,5.3800,0.0948,0.5530,1.1500,5.3958,5.3222,0.6512,1.8245,1.7856,34998303.3873,29405529.3904,5041233.4856,114444452.0765,96156081.1066,5.3181,5.5627,0.5529,0.5529,5.5289,11.1550
2020-08-19,3.2700,3.2700,3.2500,3.2500,-0.0200,-0.6100,1983844.0800,646751.4270,2.4700,5.3500,0.0675,0.3935,0.7900,5.3628,5.2896,0.6472,1.8133,1.7746,34998303.3873,29405529.3904,5041233.4856,113744486.0087,95567970.5188,5.3508,5.5970,0.5563,0.5563,5.5627,11.2232
2020-08-20,3.2500,3.2500,3.2300,3.2400,-0.0100,-0.3100,1598072.1300,517432.6640,2.4700,5.3300,0.0543,0.3170,0.6300,5.3463,5.2733,0.6452,1.8078,1.7692,34998303.3873,29405529.3904,5041233.4856,113394502.9749,95273915.2249,5.3673,5.6142,0.5597,0.5597,5.5969,11.2923
2020-08-21,3.2500,3.2500,3.2300,3.2400,0.0000,0.0000,1424771.7800,462232.6550,2.4700,5.3300,0.0485,0.2826,0.5600,5.3463,5.2733,0.6452,1.8078,1.7692,34998303.3873,29405529.3904,5041233.4856,113394502.9749,95273915.2249,5.3673,5.6142,0.5597,0.5597,5.5969,11.2923
2020-08-24,3.2500,3.2500,3.2300,3.2300,-0.0100,-0.3100,1296575.0600,419885.0760,2.4600,5.3200,0.0441,0.2572,0.5200,5.3298,5.2571,0.6432,1.8022,1.7637,34998303.3873,29405529.3904,5041233.4856,113044519.9410,94979859.9310,5.3839,5.6316,0.5597,0.5597,5.5969,11.2923
2020-08-25,3.2400,3.2400,3.2300,3.2300,0.0000,0.0000,1104871.4500,357338.2430,2.4600,5.3200,0.0376,0.2192,0.6100,5.3298,5.2571,0.6432,1.8022,1.7637,34998303.3873,29405529.3904,5041233.4856,113044519.9410,94979859.9310,5.3839,5.6316,0.5614,0.5614,5.6142,11.3272
2020-08-26,3.2400,3.2400,3.2200,3.2300,0.0000,0.0000,1416273.0500,457418.1010,2.4600,5.3200,0.0482,0.2809,0.9600,5.3298,5.2571,0.6432,1.8022,1.7637,34998303.3873,29405529.3904,5041233.4856,113044519.9410,94979859.9310,5.3839,5.6316,0.5614,0.5614,5.6142,11.3272
2020-08-27,3.2300,3.2300,3.2100,3.2200,-0.0100,-0.3100,1941147.0000,625207.0710,2.4500,5.3000,0.0660,0.3851,1.4200,5.3133,5.2408,0.6412,1.7966,1.7583,34998303.3873,29405529.3904,5041233.4856,112694536.9071,94685804.6371,5.4007,5.6491,0.5632,0.5632,5.6316,11.3622
2020-08-28,3.2200,3.2400,3.2100,3.2300,0.0100,0.3100,1738548.1800,560958.1540,2.4600,5.3200,0.0591,0.3449,1.2100,5.3298,5.2571,0.6432,1.8022,1.7637,34998303.3873,29405529.3904,5041233.4856,113044519.9410,94979859.9310,5.3839,5.6316,0.5649,0.5649,5.6491,11.3975
2020-08-31,3.2300,3.2400,3.2100,3.2100,-0.0200,-0.6200,2288935.0100,738580.7120,2.4400,5.2800,0.0778,0.4540,1.5300,5.2968,5.6317,0.6392,1.7910,1.7465,34998303.3873,29405529.3904,5041233.4856,112344553.8732,94391749.3432,5.4175,5.6667,0.5632,0.5632,5.6316,11.3622
2020-09-01,3.2100,3.2200,3.2000,3.2100,0.0000,0.0000,1446094.2300,464127.4920,2.4400,5.2800,0.0492,0.2869,0.8500,5.2968,5.6317,0.6480,1.7910,1.7465,34998303.3873,29405529.3904,5041233.4856,112344553.8732,94391749.3432,5.4175,5.6667,0.5667,0.5667,5.6667,11.4330
2020-09-02,3.2100,3.2100,3.1800,3.1900,-0.0200,-0.6200,2487030.6800,793202.6240,2.4300,5.2500,0.0846,0.4933,1.4100,5.2638,5.5966,0.6440,1.7799,1.7356,34998303.3873,29405529.3904,5041233.4856,111644587.8055,93803638.7554,5.4515,5.7022,0.5667,0.5667,5.6667,11.4330
2020-09-03,3.1800,3.2000,3.1700,3.1700,-0.0200,-0.6300,1761717.5400,560161.5920,2.4100,5.2200,0.0599,0.3495,0.8900,5.2308,5.5615,0.6400,1.7687,1.7247,34998303.3873,29405529.3904,5041233.4856,110944621.7377,93215528.1676,5.4858,5.7382,0.5720,0.5720,5.7201,11.5409
2020-09-04,3.1600,3.1700,3.1400,3.1600,-0.0100,-0.3200,1589299.7500,501555.8010,2.4100,5.2000,0.0540,0.3153,0.8200,5.2143,5.5440,0.6380,1.7631,1.7193,34998303.3873,29405529.3904,5041233.4856,110594638.7039,92921472.8737,5.5032,5.7564,0.5756,0.5756,5.7563,11.6139
2020-09-07,3.1500,3.1700,3.1400,3.1400,-0.0200,-0.6300,1332971.4100,420761.7670,2.3900,5.1700,0.0453,0.2644,0.7000,5.1813,5.5089,0.6339,1.7520,1.7084,34998303.3873,29405529.3904,5041233.4856,109894672.6361,92333362.2859,5.5383,5.7930,0.5775,0.5775,5.7746,11.6508
2020-09-08,3.1500,3.1800,3.1400,3.1800,0.0400,1.2700,1543224.6000,488188.7850,2.4200,5.2300,0.0525,0.3061,0.9000,5.2473,5.5790,0.6420,1.7743,1.7302,34998303.3873,29405529.3904,5041233.4856,111294604.7716,93509583.4615,5.4686,5.7202,0.5775,0.5775,5.7746,11.6508
2020-09-09,3.1600,3.1800,3.1600,3.1700,-0.0100,-0.3100,1328930.7700,421409.1490,2.4100,5.2200,0.0452,0.2636,0.7600,5.2308,5.5615,0.6400,1.7687,1.7247,34998303.3873,29405529.3904,5041233.4856,110944621.7377,93215528.1676,5.4858,5.7382,0.5756,0.5756,5.7563,11.6139
2020-09-10,3.1800,3.1800,3.1500,3.1600,-0.0100,-0.3200,1244344.6000,393619.9970,2.4100,5.2000,0.0423,0.2468,0.8200,5.2143,5.5440,0.6380,1.7631,1.7193,34998303.3873,29405529.3904,5041233.4856,110594638.7039,92921472.8737,5.5032,5.7564,0.5720,0.5720,5.7201,11.5409
2020-09-11,3.1600,3.1700,3.1500,3.1600,0.0000,0.0000,1033232.6600,326099.8960,2.4100,5.2000,0.0351,0.2050,0.7300,5.2143,5.5440,0.6380,1.7631,1.7193,34998303.3873,29405529.3904,5041233.4856,110594638.7039,92921472.8737,5.5032,5.7564,0.5756,0.5756,5.7563,11.6139
2020-09-14,3.1600,3.1700,3.1500,3.1600,0.0000,0.0000,926041.2000,292356.4610,2.4100,5.2000,0.0315,0.1837,0.7100,5.2143,5.5440,0.6380,1.7631,1.7193,34998303.3873,29405529.3904,5041233.4856,110594638.7039,92921472.8737,5.5032,5.7564,0.5756,0.5756,5.7563,11.6139
2020-09-15,3.1600,3.1700,3.1500,3.1600,0.0000,0.0000,861950.1400,272191.0110,2.4100,5.2000,0.0293,0.1710,0.7100,5.2143,5.5440,0.6380,1.7631,1.7193,34998303.3873,29405529.3904,5041233.4856,110594638.7039,92921472.8737,5.5032,5.7564,0.5756,0.5756,5.7563,11.6139
2020-09-16,3.1600,3.1700,3.1500,3.1700,0.0100,0.3200,1060709.7000,335613.6710,2.4100,5.2200,0.0361,0.2104,0.9800,5.2308,5.5615,0.6400,1.7687,1.7247,34998303.3873,29405529.3904,5041233.4856,110944621.7377,93215528.1676,5.4858,5.7382,0.5756,0.5756,5.7563,11.6139
2020-09-17,3.1700,3.1800,3.1600,3.1700,0.0000,0.0000,1079628.2300,342011.0100,2.4100,5.2200,0.0367,0.2142,1.0500,5.2308,5.5615,0.6400,1.7687,1.7247,34998303.3873,29405529.3904,5041233.4856,110944621.7377,93215528.1676,5.4858,5.7382,0.5738,0.5738,5.7382,11.5773
2020-09-18,3.1700,3.2000,3.1600,3.2000,0.0300,0.9500,2041922.9000,649979.7060,2.4400,5.2700,0.0694,0.7593,2.0600,5.2803,5.6141,0.6460,1.7854,1.7410,34998303.3873,29405529.3904,2689136.6559,111994570.8394,94097694.0493,5.4344,5.6844,0.5738,0.5738,5.7382,11.5773
2020-09-21,3.2000,3.2100,3.1800,3.1900,-0.0100,-0.3100,1476060.2400,471177.7880,2.4300,5.2500,0.0502,0.2928,1.2400,5.2638,5.5966,0.6440,1.7799,1.7356,34998303.3873,29405529.3904,5041233.4856,111644587.8055,93803638.7554,5.4515,5.7022,0.5684,0.5684,5.6844,11.4688
2020-09-22,3.1800,3.1900,3.1600,3.1700,-0.0200,-0.6300,1334951.5800,424001.6010,2.4100,5.2200,0.0454,0.2648,1.0200,5.2308,5.5615,0.6400,1.7687,1.7247,34998303.3873,29405529.3904,5041233.4856,110944621.7377,93215528.1676,5.4858,5.7382,0.5720,0.5720,5.7201,11.5409
2020-09-23,3.1700,3.1700,3.1600,3.1600,-0.0100,-0.3200,947594.5000,299938.7440,2.4100,5.2000,0.0322,0.1880,0.6800,5.2143,5.5440,0.6380,1.7631,1.7193,34998303.3873,29405529.3904,5041233.4856,110594638.7039,92921472.8737,5.5032,5.7564,0.5738,0.5738,5.7382,11.5773
2020-09-24,3.1600,3.1600,3.1400,3.1500,-0.0100,-0.3200,1356116.9700,426824.4120,2.4000,5.1800,0.0461,0.2690,0.9900,5.1978,5.5264,0.6359,1.7575,1.7138,34998303.3873,29405529.3904,5041233.4856,110244655.6700,92627417.5798,5.5207,5.7747,0.5756,0.5756,5.7563,11.6139
2020-09-25,3.1500,3.1600,3.1400,3.1500,0.0000,0.0000,1701327.2000,536114.2520,2.4000,5.1800,0.0579,0.3375,1.1900,5.1978,5.5264,0.6359,1.7575,1.7138,34998303.3873,29405529.3904,5041233.4856,110244655.6700,92627417.5798,5.5207,5.7747,0.5775,0.5775,5.7746,11.6508
2020-09-28,3.1500,3.1900,3.1400,3.1900,0.0400,1.2700,2342504.1900,741824.9720,2.4300,5.2500,0.0797,0.4647,1.7200,5.2638,5.5966,0.6440,1.7799,1.7356,34998303.3873,29405529.3904,5041233.4856,111644587.8055,93803638.7554,5.4515,5.7022,0.5775,0.5775,5.7746,11.6508
2020-09-29,3.1900,3.1900,3.1700,3.1700,-0.0200,-0.6300,965496.6800,306809.4220,2.4100,5.2200,0.0328,0.1915,0.6300,5.2308,5.5615,0.6400,1.7687,1.7247,34998303.3873,29405529.3904,5041233.4856,110944621.7377,93215528.1676,5.4858,5.7382,0.5702,0.5702,5.7022,11.5047
2020-09-30,3.1800,3.1900,3.1500,3.1700,0.0000,0.0000,1868810.1500,591727.8620,2.4100,5.2200,0.0636,0.3707,1.2800,5.2308,5.5615,0.6400,1.7687,1.7247,34998303.3873,29405529.3904,5041233.4856,110944621.7377,93215528.1676,5.4858,5.7382,0.5720,0.5720,5.7201,11.5409
2020-10-09,3.1800,3.1900,3.1600,3.1700,0.0000,0.0000,1130315.3000,358822.3410,2.4100,5.2200,0.0384,0.2242,0.6900,5.2308,5.5615,0.6400,1.7687,1.7247,34998303.3873,29405529.3904,5041233.4856,110944621.7377,93215528.1676,5.4858,5.7382,0.5720,0.5720,5.7201,11.5409
2020-10-12,3.1700,3.2000,3.1600,3.1900,0.0200,0.6300,1976013.3200,629606.3000,2.4300,5.2500,0.0672,0.3920,1.2300,5.2638,5.5966,0.6440,1.7799,1.7356,34998303.3873,29405529.3904,5041233.4856,111644587.8055,93803638.7554,5.4515,5.7022,0.5738,0.5738,5.7382,11.5773
2020-10-13,3.1800,3.1900,3.1600,3.1700,-0.0200,-0.6300,1804094.8500,572529.5880,2.4100,5.2200,0.0614,0.3579,1.0900,5.2308,5.5615,0.6400,1.7687,1.7247,34998303.3873,29405529.3904,5041233.4856,110944621.7377,93215528.1676,5.4858,5.7382,0.5720,0.5720,5.7201,11.5409
2020-10-14,3.1700,3.1700,3.1500,3.1700,0.0000,0.0000,2060250.7100,650313.6880,2.4100,5.2200,0.0701,0.4087,1.3300,5.2308,5.5615,0.6400,1.7687,1.7247,34998303.3873,29405529.3904,5041233.4856,110944621.7377,93215528.1676,5.4858,5.7382,0.5738,0.5738,5.7382,11.5773
2020-10-15,3.1600,3.1800,3.1500,3.1800,0.0100,0.3200,1392775.0200,442070.9230,2.4200,5.2300,0.0474,0.2763,0.7900,5.2473,5.5790,0.6420,1.7743,1.7302,34998303.3873,29405529.3904,5041233.4856,111294604.7716,93509583.4615,5.4686,5.7202,0.5756,0.5756,5.7563,11.6139
2020-10-16,3.1800,3.2100,3.1700,3.1900,0.0100,0.3100,3660340.9000,1169282.3850,2.4300,5.2500,0.1245,0.7261,2.1900,5.2638,5.5966,0.6440,1.7799,1.7356,34998303.3873,29405529.3904,5041233.4856,111644587.8055,93803638.7554,5.4515,5.7022,0.5720,0.5720,5.7201,11.5409
2020-10-19,3.2000,3.2400,3.1900,3.2100,0.0200,0.6300,4055852.6600,1305690.5010,2.4400,5.2800,0.1379,0.8045,1.8600,5.2968,5.6317,0.6480,1.7910,1.7465,34998303.3873,29405529.3904,5041233.4856,112344553.8732,94391749.3432,5.4175,5.6667,0.5684,0.5684,5.6844,11.4688
2020-10-20,3.2000,3.2100,3.1800,3.1800,-0.0300,-0.9300,2108630.9200,672656.8890,2.4200,5.2300,0.0717,0.4183,0.8100,5.2473,5.5790,0.6420,1.7743,1.7302,34998303.3873,29405529.3904,5041233.4856,111294604.7716,93509583.4615,5.4686,5.7202,0.5684,0.5684,5.6844,11.4688
2020-10-21,3.1900,3.2100,3.1700,3.2100,0.0300,0.9400,1920689.5100,613255.8260,2.4400,5.2800,0.0653,0.3810,0.7200,5.2968,5.6317,0.6480,1.7910,1.7465,34998303.3873,29405529.3904,5041233.4856,112344553.8732,94391749.3432,5.4175,5.6667,0.5702,0.5702,5.7022,11.5047
2020-10-22,3.2100,3.2300,3.2000,3.2100,0.0000,0.0000,2115674.9700,680157.4050,2.4400,5.2800,0.0719,0.4197,0.8100,5.2968,5.6317,0.6480,1.7910,1.7465,34998303.3873,29405529.3904,5041233.4856,112344553.8732,94391749.3432,5.4175,5.6667,0.5667,0.5667,5.6667,11.4330
2020-10-23,3.2100,3.2400,3.2100,3.2300,0.0200,0.6200,2272667.6300,733803.3360,2.4600,5.3200,0.0773,0.4508,0.8200,5.3298,5.6668,0.6521,1.8022,1.7574,34998303.3873,29405529.3904,5041233.4856,113044519.9410,94979859.9310,5.3839,5.6316,0.5667,0.5667,5.6667,11.4330
2020-10-26,3.2300,3.2500,3.2100,3.2300,0.0000,0.0000,1961924.1100,633154.2210,2.4600,5.3200,0.0667,0.3892,0.7900,5.3298,5.6668,0.6521,1.8022,1.7574,34998303.3873,29405529.3904,5041233.4856,113044519.9410,94979859.9310,5.3839,5.6316,0.5632,0.5632,5.6316,11.3622
2020-10-27,3.2200,3.2200,3.2000,3.2100,-0.0200,-0.6200,1136152.4500,364914.8390,2.4400,5.2800,0.0386,0.2254,0.5500,5.2968,5.6317,0.6480,1.7910,1.7465,34998303.3873,29405529.3904,5041233.4856,112344553.8732,94391749.3432,5.4175,5.6667,0.5649,0.5649,5.6491,11.3975
2020-10-28,3.2000,3.2100,3.1800,3.1800,-0.0300,-0.9300,1231307.7100,392608.7040,2.4200,5.2300,0.0419,0.2442,0.6500,5.2473,5.5790,0.6420,1.7743,1.7302,34998303.3873,29405529.3904,5041233.4856,111294604.7716,93509583.4615,5.4686,5.7202,0.5684,0.5684,5.6844,11.4688
2020-10-29,3.1700,3.1700,3.1500,3.1500,-0.0300,-0.9400,1678500.4800,530863.8250,2.4000,5.1800,0.0571,0.3330,0.9600,5.1978,5.5264,0.6359,1.7575,1.7138,34998303.3873,29405529.3904,5041233.4856,110244655.6700,92627417.5798,5.5207,5.7747,0.5738,0.5738,5.7382,11.5773
2020-10-30,3.1600,3.1700,3.1500,3.1500,0.0000,0.0000,1613912.1500,510162.4430,2.4000,5.1800,0.0549,0.3201,0.9700,5.1978,5.5264,0.6359,1.7575,1.7138,34998303.3873,29405529.3904,5041233.4856,110244655.6700,92627417.5798,5.5207,5.7747,0.5756,0.5756,5.7563,11.6139
2020-11-02,3.1600,3.1800,3.1500,3.1700,0.0200,0.6300,1448238.4900,458994.2650,2.4100,5.2200,0.0493,0.2873,0.9500,5.2308,5.6385,0.6051,1.7687,1.7054,34998303.3873,29405529.3904,5041233.4856,110944621.7377,93215528.1676,5.4858,5.7382,0.5756,0.5756,5.7563,11.6139
2020-11-03,3.1900,3.2000,3.1700,3.1800,0.0100,0.3200,1609549.2000,512433.6000,2.4200,5.2300,0.0547,0.3193,1.1300,5.2473,5.6563,0.6070,1.7743,1.7108,34998303.3873,29405529.3904,5041233.4856,111294604.7716,93509583.4615,5.4686,5.7202,0.5702,0.5702,5.7022,11.5047
2020-11-04,3.1900,3.1900,3.1700,3.1700,-0.0100,-0.3100,1193757.3700,379338.8840,2.4100,5.2200,0.0406,0.2368,0.7900,5.2308,5.6385,0.6051,1.7687,1.7054,34998303.3873,29405529.3904,5041233.4856,110944621.7377,93215528.1676,5.4858,5.7382,0.5702,0.5702,5.7022,11.5047
2020-11-05,3.1900,3.1900,3.1700,3.1800,0.0100,0.3200,1342035.5100,427017.8060,2.4200,5.2300,0.0456,0.2662,0.8900,5.2473,5.6563,0.6070,1.7743,1.7108,34998303.3873,29405529.3904,5041233.4856,111294604.7716,93509583.4615,5.4686,5.7202,0.5702,0.5702,5.7022,11.5047
2020-11-06,3.1900,3.2000,3.1700,3.2000,0.0200,0.6300,1536008.9100,489940.5520,2.4400,5.2700,0.0522,0.3047,1.0700,5.2803,5.6919,0.6108,1.7854,1.7216,34998303.3873,29405529.3904,5041233.4856,111994570.8394,94097694.0493,5.4344,5.6844,0.5702,0.5702,5.7022,11.5047
2020-11-09,3.2000,3.2200,3.1900,3.2100,0.0100,0.3100,1871922.6300,600107.0040,2.4400,5.2800,0.0637,0.3713,1.3100,5.2968,5.7097,0.6127,1.7910,1.7270,34998303.3873,29405529.3904,5041233.4856,112344553.8732,94391749.3432,5.4175,5.6667,0.5684,0.5684,5.6844,11.4688
2020-11-10,3.2200,3.2300,3.2100,3.2100,0.0000,0.0000,1575411.4700,507299.5560,2.4400,5.2800,0.0536,0.3125,1.0400,5.2968,5.7097,0.6127,1.7910,1.7270,34998303.3873,29405529.3904,5041233.4856,112344553.8732,94391749.3432,5.4175,5.6667,0.5649,0.5649,5.6491,11.3975
2020-11-11,3.2200,3.2400,3.2000,3.2300,0.0200,0.6200,2442814.3500,787374.3920,2.4600,5.3200,0.0831,0.4846,1.6200,5.3298,5.7452,0.6166,1.8022,1.7377,34998303.3873,29405529.3904,5041233.4856,113044519.9410,94979859.9310,5.3839,5.6316,0.5649,0.5649,5.6491,11.3975
2020-11-12,3.2300,3.2300,3.2100,3.2100,-0.0200,-0.6200,1275841.4900,410273.2750,2.4400,5.2800,0.0434,0.2531,0.7300,5.2968,5.7097,0.6127,1.7910,1.7270,34998303.3873,29405529.3904,5041233.4856,112344553.8732,94391749.3432,5.4175,5.6667,0.5632,0.5632,5.6316,11.3622
2020-11-13,3.2100,3.2100,3.1800,3.1800,-0.0300,-0.9300,1540934.6000,491152.3220,2.4200,5.2300,0.0524,0.3057,0.8900,5.2473,5.6563,0.6070,1.7743,1.7108,34998303.3873,29405529.3904,5041233.4856,111294604.7716,93509583.4615,5.4686,5.7202,0.5667,0.5667,5.6667,11.4330
2020-11-16,3.1900,3.2000,3.1800,3.1900,0.0100,0.3100,1089455.1700,347353.2250,2.4300,5.2500,0.0370,0.2161,0.6300,5.2638,5.6741,0.6089,1.7799,1.7162,34998303.3873,29405529.3904,5041233.4856,111644587.8055,93803638.7554,5.4515,5.7022,0.5702,0.5702,5.7022,11.5047
2020-11-17,3.1900,3.2000,3.1800,3.1900,0.0000,0.0000,1233465.3000,393847.0230,2.4300,5.2500,0.0419,0.2447,0.7800,5.2638,5.6741,0.6089,1.7799,1.7162,34998303.3873,29405529.3904,5041233.4856,111644587.8055,93803638.7554,5.4515,5.7022,0.5702,0.5702,5.7022,11.5047
2020-11-18,3.2000,3.2300,3.1900,3.2100,0.0200,0.6300,2040921.1200,655170.4380,2.4400,5.2800,0.0694,0.4048,1.3500,5.2968,5.7097,0.6127,1.7910,1.7270,34998303.3873,29405529.3904,5041233.4856,112344553.8732,94391749.3432,5.4175,5.6667,0.5684,0.5684,5.6844,11.4688
2020-11-19,3.2100,3.2300,3.2000,3.2300,0.0200,0.6200,1435003.9400,461444.9690,2.4600,5.3200,0.0488,0.2847,1.0000,5.3298,5.7452,0.6166,1.8022,1.7377,34998303.3873,29405529.3904,5041233.4856,113044519.9410,94979859.9310,5.3839,5.6316,0.5667,0.5667,5.6667,11.4330
2020-11-20,3.2200,3.2300,3.2000,3.2000,-0.0300,-0.9300,1279993.0800,410750.7530,2.4400,5.2700,0.0435,0.2539,0.8700,5.2803,5.6919,0.6108,1.7854,1.7216,34998303.3873,29405529.3904,5041233.4856,111994570.8394,94097694.0493,5.4344,5.6844,0.5649,0.5649,5.6491,11.3975
2020-11-23,3.2000,3.2400,3.2000,3.2400,0.0400,1.2500,2493232.5200,803791.0010,2.4700,5.3300,0.0848,0.4946,1.7600,5.3463,5.7630,0.6185,1.8078,1.7431,34998303.3873,29405529.3904,5041233.4856,113394502.9749,95273915.2249,5.3673,5.6142,0.5684,0.5684,5.6844,11.4688
2020-11-24,3.2300,3.2500,3.2300,3.2300,-0.0100,-0.3100,1286759.0500,416519.3850,2.4600,5.3200,0.0438,0.2552,0.7600,5.3298,5.7452,0.6166,1.8022,1.7377,34998303.3873,29405529.3904,5041233.4856,113044519.9410,94979859.9310,5.3839,5.6316,0.5632,0.5632,5.6316,11.3622
2020-11-25,3.2400,3.2500,3.2100,3.2200,-0.0100,-0.3100,1532474.4300,495838.2560,2.4500,5.3000,0.0521,0.3040,0.9000,5.3133,5.7275,0.6147,1.7966,1.7323,34998303.3873,29405529.3904,5041233.4856,112694536.9071,94685804.6371,5.4007,5.6491,0.5614,0.5614,5.6142,11.3272
2020-11-26,3.2200,3.2400,3.2100,3.2300,0.0100,0.3100,1366312.0100,440760.2360,2.4600,5.3200,0.0465,0.2710,0.8500,5.3298,5.7452,0.6166,1.8022,1.7377,34998303.3873,29405529.3904,5041233.4856,113044519.9410,94979859.9310,5.3839,5.6316,0.5649,0.5649,5.6491,11.3975
2020-11-27,3.2400,3.3200,3.2300,3.3200,0.0900,2.7900,5789340.6200,1898792.1900,2.5300,5.4600,0.1969,1.1484,3.6400,5.4783,5.9053,0.6337,1.8524,1.7861,34998303.3873,29405529.3904,5041233.4856,116194367.2458,97626357.5761,5.2380,5.4790,0.5614,0.5614,5.6142,11.3272
2020-11-30,3.3400,3.4500,3.2900,3.2900,-0.0300,-0.9000,7507052.2000,2526251.8530,2.5000,5.4200,0.2553,1.4891,3.0100,5.4288,5.8520,0.6280,1.8356,1.7700,34998303.3873,29405529.3904,5041233.4856,115144418.1442,96744191.6944,5.2858,5.5289,0.5446,0.5446,5.4461,10.9880
2020-12-01,3.2800,3.3800,3.2700,3.3600,0.0700,2.1300,4099828.9400,1362547.7470,2.5600,5.5300,0.1394,0.8133,1.1700,5.5443,5.9765,0.6414,1.8747,1.8077,34998303.3873,29405529.3904,5041233.4856,117594299.3813,98802578.7517,5.1756,5.4137,0.5546,0.5546,5.5457,11.1890
2020-12-02,3.3600,3.3600,3.3100,3.3300,-0.0300,-0.8900,2441264.4600,814366.3380,2.5300,5.4800,0.0830,0.4843,0.6000,5.4948,5.9231,0.6356,1.8580,1.7915,34998303.3873,29405529.3904,5041233.4856,116544350.2797,97920412.8700,5.2223,5.4625,0.5414,0.5414,5.4137,10.9226
2020-12-03,3.3200,3.3400,3.2900,3.3100,-0.0200,-0.6000,2312807.4800,766849.1650,2.5200,5.4500,0.0787,0.4588,0.5500,5.4618,5.8875,0.6318,1.8468,1.7808,34998303.3873,29405529.3904,5041233.4856,115844384.2120,97332302.2822,5.2538,5.4955,0.5479,0.5479,5.4789,11.0542
2020-12-04,3.3100,3.3100,3.2600,3.2700,-0.0400,-1.2100,2016990.5800,660684.4430,2.4900,5.3800,0.0686,0.4001,0.4600,5.3958,5.8164,0.6242,1.8245,1.7592,34998303.3873,29405529.3904,5041233.4856,114444452.0765,96156081.1066,5.3181,5.5627,0.5495,0.5495,5.4955,11.0876
2020-12-07,3.2700,3.2800,3.2300,3.2400,-0.0300,-0.9200,2645755.8000,858639.1310,2.4700,5.3300,0.0900,0.5248,0.7200,5.3463,5.7630,0.6185,1.8078,1.7431,34998303.3873,29405529.3904,5041233.4856,113394502.9749,95273915.2249,5.3673,5.6142,0.5563,0.5563,5.5627,11.2232
2020-12-08,3.2400,3.2600,3.2100,3.2200,-0.0200,-0.6200,1952234.4400,630839.4530,2.4500,5.3000,0.0664,0.3873,0.7200,5.3133,5.7275,0.6147,1.7966,1.7323,34998303.3873,29405529.3904,5041233.4856,112694536.9071,94685804.6371,5.4007,5.6491,0.5614,0.5614,5.6142,11.3272
2020-12-09,3.2200,3.2400,3.2200,3.2300,0.0100,0.3100,1433055.3300,462833.6780,2.4600,5.3200,0.0487,0.2843,0.6300,5.3298,5.7452,0.6166,1.8022,1.7377,34998303.3873,29405529.3904,5041233.4856,113044519.9410,94979859.9310,5.3839,5.6316,0.5649,0.5649,5.6491,11.3975
2020-12-10,3.2300,3.2500,3.2200,3.2300,0.0000,0.0000,1934379.4600,625492.5810,2.4600,5.3200,0.0658,0.3837,0.9300,5.3298,5.7452,0.6166,1.8022,1.7377,34998303.3873,29405529.3904,5041233.4856,113044519.9410,94979859.9310,5.3839,5.6316,0.5632,0.5632,5.6316,11.3622
2020-12-11,3.2400,3.2400,3.2100,3.2200,-0.0100,-0.3100,2085435.9900,672289.9620,2.4500,5.3000,0.0709,0.4137,1.0400,5.3133,5.7275,0.6147,1.7966,1.7323,34998303.3873,29405529.3904,5041233.4856,112694536.9071,94685804.6371,5.4007,5.6491,0.5614,0.5614,5.6142,11.3272
2020-12-14,3.2300,3.2400,3.2200,3.2200,0.0000,0.0000,1395903.2100,450445.5760,2.4500,5.3000,0.0475,0.2769,0.6900,5.3133,5.7275,0.6147,1.7966,1.7323,34998303.3873,29405529.3904,5041233.4856,112694536.9071,94685804.6371,5.4007,5.6491,0.5632,0.5632,5.6316,11.3622
2020-12-15,3.2200,3.2300,3.1800,3.1900,-0.0300,-0.9300,1878674.6100,600478.0130,2.4300,5.2500,0.0639,0.3727,1.0700,5.2638,5.6741,0.6089,1.7799,1.7162,34998303.3873,29405529.3904,5041233.4856,111644587.8055,93803638.7554,5.4515,5.7022,0.5649,0.5649,5.6491,11.3975
2020-12-16,3.1900,3.2000,3.1600,3.1800,-0.0100,-0.3100,2096859.0600,666185.6720,2.4200,5.2300,0.0713,0.4159,1.2000,5.2473,5.6563,0.6070,1.7743,1.7108,34998303.3873,29405529.3904,5041233.4856,111294604.7716,93509583.4615,5.4686,5.7202,0.5702,0.5702,5.7022,11.5047
2020-12-17,3.1700,3.1900,3.1600,3.1800,0.0000,0.0000,1763801.1100,559778.6950,2.4200,5.2300,0.0600,0.3499,0.9400,5.2473,5.6563,0.6070,1.7743,1.7108,34998303.3873,29405529.3904,5041233.4856,111294604.7716,93509583.4615,5.4686,5.7202,0.5738,0.5738,5.7382,11.5773
2020-12-18,3.1800,3.1900,3.1600,3.1700,-0.0100,-0.3100,1632847.7600,517815.2280,2.4100,5.2200,0.0555,0.3239,0.8900,5.2308,5.6385,0.6051,1.7687,1.7054,34998303.3873,29405529.3904,5041233.4856,110944621.7377,93215528.1676,5.4858,5.7382,0.5720,0.5720,5.7201,11.5409
2020-12-21,3.1700,3.1800,3.1600,3.1700,0.0000,0.0000,1372059.5400,434816.5300,2.4100,5.2200,0.0467,0.2722,0.7800,5.2308,5.6385,0.6051,1.7687,1.7054,34998303.3873,29405529.3904,5041233.4856,110944621.7377,93215528.1676,5.4858,5.7382,0.5738,0.5738,5.7382,11.5773
2020-12-22,3.1600,3.1700,3.1400,3.1500,-0.0200,-0.6300,2663407.1300,839956.5250,2.4000,5.1800,0.0906,0.5283,1.5200,5.1978,5.6029,0.6013,1.7575,1.6947,34998303.3873,29405529.3904,5041233.4856,110244655.6700,92627417.5798,5.5207,5.7747,0.5756,0.5756,5.7563,11.6139
2020-12-23,3.1500,3.1500,3.1300,3.1400,-0.0100,-0.3200,2340518.2100,734506.8750,2.3900,5.1700,0.0796,0.4643,1.2300,5.1813,5.5852,0.5994,1.7520,1.6893,34998303.3873,29405529.3904,5041233.4856,109894672.6361,92333362.2859,5.5383,5.7930,0.5775,0.5775,5.7746,11.6508
2020-12-24,3.1500,3.1500,3.1300,3.1400,0.0000,0.0000,891723.4300,280258.4700,2.3900,5.1700,0.0303,0.1769,0.4600,5.1813,5.5852,0.5994,1.7520,1.6893,34998303.3873,29405529.3904,5041233.4856,109894672.6361,92333362.2859,5.5383,5.7930,0.5775,0.5775,5.7746,11.6508
2020-12-25,3.1400,3.1500,3.1300,3.1500,0.0100,0.3200,1201163.0300,377372.9170,2.4000,5.1800,0.0408,0.2383,0.6700,5.1978,5.6029,0.6013,1.7575,1.6947,34998303.3873,29405529.3904,5041233.4856,110244655.6700,92627417.5798,5.5207,5.7747,0.5793,0.5793,5.7930,11.6879
2020-12-28,3.1400,3.1500,3.1300,3.1400,-0.0100,-0.3200,1628165.5500,511158.0670,2.3900,5.1700,0.0554,0.3230,0.9600,5.1813,5.5852,0.5994,1.7520,1.6893,34998303.3873,29405529.3904,5041233.4856,109894672.6361,92333362.2859,5.5383,5.7930,0.5793,0.5793,5.7930,11.6879
2020-12-29,3.1400,3.1500,3.1300,3.1400,0.0000,0.0000,1631336.7800,511778.7460,2.3900,5.1700,0.0555,0.3236,0.9300,5.1813,5.5852,0.5994,1.7520,1.6893,34998303.3873,29405529.3904,5041233.4856,109894672.6361,92333362.2859,5.5383,5.7930,0.5793,0.5793,5.7930,11.6879
2020-12-30,3.1400,3.1400,3.1200,3.1300,-0.0100,-0.3200,2441142.0000,762922.2900,2.3800,5.1500,0.0830,0.4842,1.5900,5.1648,5.5674,0.5975,1.7464,1.6839,34998303.3873,29405529.3904,5041233.4856,109544689.6022,92039306.9920,5.5560,5.8115,0.5793,0.5793,5.7930,11.6879
2020-12-31,3.1300,3.1600,3.1200,3.1400,0.0100,0.3200,2598223.7300,815906.0950,2.3900,5.1700,0.0884,0.5154,1.6700,5.1813,5.5852,0.5994,1.7520,1.6893,34998303.3873,29405529.3904,5041233.4856,109894672.6361,92333362.2859,5.5383,5.7930,0.5812,0.5812,5.8115,11.7252
2021-01-04,3.1300,3.1400,3.1200,3.1300,-0.0100,-0.3200,2537917.2400,793752.0140,2.3800,5.1500,0.0863,0.5034,1.3400,5.1648,5.5674,0.5975,1.7464,1.6839,34998303.3873,29405529.3904,5041233.4856,109544689.6022,92039306.9920,5.8115,5.8115,0.5914,0.5914,5.9137,12.5208
2021-01-05,3.1300,3.1300,3.1100,3.1300,0.0000,0.0000,2122005.0600,662545.2440,2.3800,5.1500,0.0722,0.4209,0.9800,5.1648,5.5674,0.5975,1.7464,1.6839,34998303.3873,29405529.3904,5041233.4856,109544689.6022,92039306.9920,5.8115,5.8115,0.5914,0.5914,5.9137,12.5208
2021-01-06,3.1300,3.1400,3.1200,3.1300,0.0000,0.0000,2230770.4700,697914.3060,2.3800,5.1500,0.0759,0.4425,0.9800,5.1648,5.5674,0.5975,1.7464,1.6839,34998303.3873,29405529.3904,5041233.4856,109544689.6022,92039306.9920,5.8115,5.8115,0.5914,0.5914,5.9137,12.5208
2021-01-07,3.1300,3.1500,3.1200,3.1400,0.0100,0.3200,2651717.3100,831256.6990,2.3900,5.1700,0.0902,0.5260,1.1100,5.1813,5.5852,0.5994,1.7520,1.6893,34998303.3873,29405529.3904,5041233.4856,109894672.6361,92333362.2859,5.7930,5.7930,0.5914,0.5914,5.9137,12.5208
2021-01-08,3.1400,3.1500,3.1300,3.1400,0.0000,0.0000,1949690.5900,612250.7550,2.3900,5.1700,0.0663,0.3867,0.8000,5.1813,5.5852,0.5994,1.7520,1.6893,34998303.3873,29405529.3904,5041233.4856,109894672.6361,92333362.2859,5.7930,5.7930,0.5895,0.5895,5.8949,12.4809
2021-01-11,3.1400,3.1600,3.1300,3.1500,0.0100,0.3200,2872075.1900,905005.9370,2.4000,5.1800,0.0977,0.5697,1.2500,5.1978,5.6029,0.6013,1.7575,1.6947,34998303.3873,29405529.3904,5041233.4856,110244655.6700,92627417.5798,5.7747,5.7747,0.5895,0.5895,5.8949,12.4809
2021-01-12,3.1500,3.1600,3.1300,3.1500,0.0000,0.0000,2358456.2900,741236.4590,2.4000,5.1800,0.0802,0.4678,1.0000,5.1978,5.6029,0.6013,1.7575,1.6947,34998303.3873,29405529.3904,5041233.4856,110244655.6700,92627417.5798,5.7747,5.7747,0.5876,0.5876,5.8762,12.4413
2021-01-13,3.1500,3.1700,3.1400,3.1600,0.0100,0.3200,2351773.6600,742591.6460,2.4100,5.2000,0.0800,0.4665,0.9700,5.2143,5.6207,0.6032,1.7631,1.7001,34998303.3873,29405529.3904,5041233.4856,110594638.7039,92921472.8737,5.7564,5.7564,0.5876,0.5876,5.8762,12.4413
2021-01-14,3.1600,3.2000,3.1600,3.1800,0.0200,0.6300,2415659.2000,767493.0930,2.4200,5.2300,0.0821,0.4792,0.9900,5.2473,5.6563,0.6070,1.7743,1.7108,34998303.3873,29405529.3904,5041233.4856,111294604.7716,93509583.4615,5.7202,5.7202,0.5858,0.5858,5.8576,12.4019
2021-01-15,3.1800,3.2400,3.1700,3.2000,0.0200,0.6300,4453895.0900,1430323.1530,2.4400,5.2700,0.1515,0.8835,1.8600,5.2803,5.6919,0.6108,1.7854,1.7216,34998303.3873,29405529.3904,5041233.4856,111994570.8394,94097694.0493,5.6844,5.6844,0.5821,0.5821,5.8208,12.3239
2021-01-18,3.1900,3.2100,3.1600,3.1900,-0.0100,-0.3100,2988215.0600,951438.0810,2.4300,5.2500,0.1016,0.5928,1.0300,5.2638,5.6741,0.6089,1.7799,1.7162,34998303.3873,29405529.3904,5041233.4856,111644587.8055,93803638.7554,5.7022,5.7022,0.5803,0.5803,5.8025,12.2853
2021-01-19,3.1800,3.2200,3.1700,3.2000,0.0100,0.3100,3218256.2300,1027603.1830,2.4400,5.2700,0.1094,0.6384,1.1000,5.2803,5.6919,0.6108,1.7854,1.7216,34998303.3873,29405529.3904,5041233.4856,111994570.8394,94097694.0493,5.6844,5.6844,0.5821,0.5821,5.8208,12.3239
2021-01-20,3.1900,3.2100,3.1700,3.1800,-0.0200,-0.6300,1930655.8100,614986.5660,2.4200,5.2300,0.0657,0.3830,0.6300,5.2473,5.6563,0.6070,1.7743,1.7108,34998303.3873,29405529.3904,5041233.4856,111294604.7716,93509583.4615,5.7202,5.7202,0.5803,0.5803,5.8025,12.2853
2021-01-21,3.1800,3.1900,3.1600,3.1600,-0.0200,-0.6300,1756110.0200,556578.3990,2.4100,5.2000,0.0597,0.3483,0.5900,5.2143,5.6207,0.6032,1.7631,1.7001,34998303.3873,29405529.3904,5041233.4856,110594638.7039,92921472.8737,5.7564,5.7564,0.5821,0.5821,5.8208,12.3239
2021-01-22,3.1600,3.1700,3.1400,3.1400,-0.0200,-0.6300,1649041.9200,518800.1240,2.3900,5.1700,0.0561,0.3271,0.5700,5.1813,5.5852,0.5994,1.7520,1.6893,34998303.3873,29405529.3904,5041233.4856,109894672.6361,92333362.2859,5.7930,5.7930,0.5858,0.5858,5.8576,12.4019
2021-01-25,3.1400,3.1500,3.1300,3.1400,0.0000,0.0000,1718584.6600,538823.0610,2.3900,5.1700,0.0584,0.3409,0.7400,5.1813,5.5852,0.5994,1.7520,1.6893,34998303.3873,29405529.3904,5041233.4856,109894672.6361,92333362.2859,5.7930,5.7930,0.5895,0.5895,5.8949,12.4809
2021-01-26,3.1400,3.1500,3.1300,3.1300,-0.0100,-0.3200,1593959.7400,500440.7100,2.3800,5.1500,0.0542,0.3162,0.7800,5.1648,5.5674,0.5975,1.7464,1.6839,34998303.3873,29405529.3904,5041233.4856,109544689.6022,92039306.9920,5.8115,5.8115,0.5895,0.5895,5.8949,12.4809
2021-01-27,3.1400,3.1700,3.1300,3.1500,0.0200,0.6400,1673167.8700,527768.2830,2.4000,5.1800,0.0569,0.3319,0.9700,5.1978,5.6029,0.6013,1.7575,1.6947,34998303.3873,29405529.3904,5041233.4856,110244655.6700,92627417.5798,5.7747,5.7747,0.5895,0.5895,5.8949,12.4809
2021-01-28,3.1400,3.1500,3.1300,3.1400,-0.0100,-0.3200,1376007.2200,431267.9360,2.3900,5.1700,0.0468,0.2730,0.8200,5.1813,5.5852,0.5994,1.7520,1.6893,34998303.3873,29405529.3904,5041233.4856,109894672.6361,92333362.2859,5.7930,5.7930,0.5895,0.5895,5.8949,12.4809
2021-01-29,3.1400,3.1700,3.1300,3.1500,0.0100,0.3200,2348366.6000,739558.1560,2.4000,5.1800,0.0799,0.4658,1.4700,5.1978,5.6029,0.6013,1.7575,1.6947,34998303.3873,29405529.3904,5041233.4856,110244655.6700,92627417.5798,5.7747,5.7747,0.5895,0.5895,5.8949,12.4809
2021-02-01,3.1500,3.1800,3.1400,3.1700,0.0200,0.6300,2121436.0500,670585.6140,2.4100,5.2200,0.0721,0.4208,1.2200,5.2308,5.6385,0.6051,1.7687,1.7054,34998303.3873,29405529.3904,5041233.4856,110944621.7377,93215528.1676,5.7382,5.7382,0.5876,0.5876,5.8762,12.4413
2021-02-02,3.1800,3.1900,3.1500,3.1500,-0.0200,-0.6300,1571961.9300,497510.9970,2.4000,5.1800,0.0535,0.3118,0.8600,5.1978,5.6029,0.6013,1.7575,1.6947,34998303.3873,29405529.3904,5041233.4856,110244655.6700,92627417.5798,5.7747,5.7747,0.5821,0.5821,5.8208,12.3239
2021-02-03,3.1500,3.1600,3.1400,3.1400,-0.0100,-0.3200,1520663.6700,478646.9570,2.3900,5.1700,0.0517,0.3016,0.8400,5.1813,5.5852,0.5994,1.7520,1.6893,34998303.3873,29405529.3904,5041233.4856,109894672.6361,92333362.2859,5.7930,5.7930,0.5876,0.5876,5.8762,12.4413
2021-02-04,3.1400,3.1600,3.1300,3.1500,0.0100,0.3200,1889949.9600,594794.1670,2.4000,5.1800,0.0643,0.3749,1.0600,5.1978,5.6029,0.6013,1.7575,1.6947,34998303.3873,29405529.3904,5041233.4856,110244655.6700,92627417.5798,5.7747,5.7747,0.5895,0.5895,5.8949,12.4809
2021-02-05,3.1500,3.2100,3.1400,3.1900,0.0400,1.2700,4373978.1600,1392368.5640,2.4300,5.2500,0.1487,0.8676,2.3100,5.2638,5.6741,0.6089,1.7799,1.7162,34998303.3873,29405529.3904,5041233.4856,111644587.8055,93803638.7554,5.7022,5.7022,0.5876,0.5876,5.8762,12.4413
2021-02-08,3.1900,3.2000,3.1600,3.1800,-0.0100,-0.3100,2829753.5600,900743.1920,2.4200,5.2300,0.0962,0.5613,1.2300,5.2473,5.6563,0.6070,1.7743,1.7108,34998303.3873,29405529.3904,5041233.4856,111294604.7716,93509583.4615,5.7202,5.7202,0.5803,0.5803,5.8025,12.2853
2021-02-09,3.1700,3.1800,3.1400,3.1600,-0.0200,-0.6300,3154992.4700,995369.4930,2.4100,5.2000,0.1073,0.6258,1.2900,5.2143,5.6207,0.6032,1.7631,1.7001,34998303.3873,29405529.3904,5041233.4856,110594638.7039,92921472.8737,5.7564,5.7564,0.5839,0.5839,5.8391,12.3628
2021-02-10,3.1700,3.2300,3.1600,3.2100,0.0500,1.5800,3892936.1400,1246597.4640,2.4400,5.2800,0.1324,0.7722,1.4100,5.2968,5.7097,0.6127,1.7910,1.7270,34998303.3873,29405529.3904,5041233.4856,112344553.8732,94391749.3432,5.6667,5.6667,0.5839,0.5839,5.8391,12.3628
2021-02-18,3.2400,3.2600,3.2100,3.2200,0.0100,0.3100,3714033.7800,1201778.1280,2.4500,5.3000,0.1263,0.7367,1.1500,5.3133,5.7275,0.6147,1.7966,1.7323,34998303.3873,29405529.3904,5041233.4856,112694536.9071,94685804.6371,5.6491,5.6491,0.5713,0.5713,5.7130,12.0957
2021-02-19,3.2200,3.2400,3.2100,3.2300,0.0100,0.3100,2358212.7300,761089.4230,2.4600,5.3200,0.0802,0.4678,0.6600,5.3298,5.7452,0.6166,1.8022,1.7377,34998303.3873,29405529.3904,5041233.4856,113044519.9410,94979859.9310,5.6316,5.6316,0.5748,0.5748,5.7484,12.1708
2021-02-22,3.2400,3.2700,3.2100,3.2600,0.0300,0.9300,4032663.4300,1308227.1660,2.4800,5.3700,0.1371,0.7999,1.2600,5.3793,5.7986,0.6223,1.8189,1.7539,34998303.3873,29405529.3904,5041233.4856,114094469.0426,95862025.8127,5.5798,5.5798,0.5713,0.5713,5.7130,12.0957
2021-02-23,3.2500,3.2900,3.2400,3.2500,-0.0100,-0.3100,4059097.0600,1325090.6300,2.4700,5.3500,0.1380,0.8052,1.1800,5.3628,5.7808,0.6204,1.8133,1.7485,34998303.3873,29405529.3904,5041233.4856,113744486.0087,95567970.5188,5.5970,5.5970,0.5695,0.5695,5.6954,12.0585
2021-02-24,3.2500,3.2600,3.2200,3.2200,-0.0300,-0.9200,3175614.3200,1028278.3870,2.4500,5.3000,0.1080,0.6299,0.8800,5.3133,5.7275,0.6147,1.7966,1.7323,34998303.3873,29405529.3904,5041233.4856,112694536.9071,94685804.6371,5.6491,5.6491,0.5695,0.5695,5.6954,12.0585
2021-02-25,3.2300,3.2700,3.2300,3.2700,0.0500,1.5500,3097092.7200,1006812.0020,2.4900,5.3800,0.1053,0.6144,0.8900,5.3958,5.8164,0.6242,1.8245,1.7592,34998303.3873,29405529.3904,5041233.4856,114444452.0765,96156081.1066,5.5627,5.5627,0.5731,0.5731,5.7307,12.1331
2021-02-26,3.2500,3.2800,3.2400,3.2600,-0.0100,-0.3100,3808858.2300,1243933.9320,2.4800,5.3700,0.1295,0.7555,1.1400,5.3793,5.7986,0.6223,1.8189,1.7539,34998303.3873,29405529.3904,5041233.4856,114094469.0426,95862025.8127,5.5798,5.5798,0.5695,0.5695,5.6954,12.0585
2021-03-01,3.2600,3.2800,3.2400,3.2500,-0.0100,-0.3100,2157371.8400,702767.2660,2.4700,5.3500,0.0734,0.4279,0.5900,5.3628,5.7808,0.6204,1.8133,1.7485,34998303.3873,29405529.3904,5041233.4856,113744486.0087,95567970.5188,5.5970,5.5970,0.5678,0.5678,5.6779,12.0215
2021-03-02,3.2600,3.2600,3.2100,3.2100,-0.0400,-1.2300,2561371.0100,826614.8040,2.4400,5.2800,0.0871,0.5081,0.7900,5.2968,5.7097,0.6127,1.7910,1.7270,34998303.3873,29405529.3904,5041233.4856,112344553.8732,94391749.3432,5.6667,5.6667,0.5678,0.5678,5.6779,12.0215
2021-03-03,3.2100,3.2900,3.2100,3.2800,0.0700,2.1800,3645786.2800,1189810.8540,2.5000,5.4000,0.1240,0.7232,1.2300,5.4123,5.8342,0.6261,1.8301,1.7646,34998303.3873,29405529.3904,5041233.4856,114794435.1103,96450136.4005,5.5458,5.5458,0.5766,0.5766,5.7664,12.2087
2021-03-04,3.2700,3.3300,3.2700,3.3000,0.0200,0.6100,4531854.0600,1496531.1070,2.5100,5.4300,0.1541,0.8990,1.4800,5.4453,5.8698,0.6299,1.8412,1.7754,34998303.3873,29405529.3904,5041233.4856,115494401.1781,97038246.9883,5.5122,5.5122,0.5661,0.5661,5.6606,11.9847
2021-03-05,3.3000,3.3600,3.2900,3.3500,0.0500,1.5200,4377773.8600,1455744.9930,2.5500,5.5100,0.1489,0.8684,1.3100,5.5278,5.9587,0.6395,1.8691,1.8023,34998303.3873,29405529.3904,5041233.4856,117244316.3475,98508523.4578,5.4299,5.4299,0.5609,0.5609,5.6091,11.8758
2021-03-08,3.3600,3.4000,3.3300,3.3600,0.0100,0.3000,4568227.8800,1541819.6010,2.5600,5.5300,0.1554,0.9062,1.3200,5.5443,5.9765,0.6414,1.8747,1.8077,34998303.3873,29405529.3904,5041233.4856,117594299.3813,98802578.7517,5.4137,5.4137,0.5509,0.5509,5.5089,11.6637
2021-03-09,3.3700,3.4100,3.3300,3.3300,-0.0300,-0.8900,3879302.3500,1306684.0020,2.5300,5.4800,0.1319,0.7695,0.9900,5.4948,5.9231,0.6356,1.8580,1.7915,34998303.3873,29405529.3904,5041233.4856,116544350.2797,97920412.8700,5.4625,5.4625,0.5493,0.5493,5.4926,11.6291
2021-03-10,3.3300,3.3700,3.3100,3.3600,0.0300,0.9000,2067067.7700,690845.3480,2.5600,5.5300,0.0703,0.4100,0.4900,5.5443,5.9765,0.6414,1.8747,1.8077,34998303.3873,29405529.3904,5041233.4856,117594299.3813,98802578.7517,5.4137,5.4137,0.5559,0.5559,5.5586,11.7688
2021-03-11,3.3800,3.4300,3.3400,3.3800,0.0200,0.6000,3986709.8000,1351246.1540,2.5700,5.5600,0.1356,0.7908,1.0300,5.5773,6.0120,0.6452,1.8859,1.8184,34998303.3873,29405529.3904,5041233.4856,118294265.4491,99390689.3396,5.3817,5.3817,0.5476,0.5476,5.4763,11.5947
2021-03-12,3.3700,3.4000,3.3400,3.3800,0.0000,0.0000,2227469.4200,750899.7310,2.5700,5.5600,0.0758,0.4419,0.5900,5.5773,6.0120,0.6452,1.8859,1.8184,34998303.3873,29405529.3904,5041233.4856,118294265.4491,99390689.3396,5.3817,5.3817,0.5493,0.5493,5.4926,11.6291
2021-03-15,3.3800,3.4400,3.3600,3.4200,0.0400,1.1800,3109147.9300,1060902.7720,2.6000,5.6300,0.1057,0.6167,0.9300,5.6433,6.0832,0.6528,1.9082,1.8399,34998303.3873,29405529.3904,5041233.4856,119694197.5846,100566910.5152,5.3188,5.3188,0.5476,0.5476,5.4763,11.5947
2021-03-16,3.4200,3.4400,3.3900,3.4100,-0.0100,-0.2900,2180458.0700,745458.0590,2.6000,5.6100,0.0742,0.4325,0.7100,5.6268,6.0654,0.6509,1.9026,1.8346,34998303.3873,29405529.3904,5041233.4856,119344214.5507,100272855.2213,5.3344,5.3344,0.5412,0.5412,5.4123,11.4591
2021-03-17,3.4000,3.4100,3.3500,3.4000,-0.0100,-0.2900,2241012.9300,757567.0940,2.5900,5.6000,0.0762,0.4445,0.8300,5.6103,6.0476,0.6490,1.8970,1.8292,34998303.3873,29405529.3904,5041233.4856,118994231.5168,99978799.9274,5.3500,5.3500,0.5444,0.5444,5.4441,11.5265
2021-03-18,3.3900,3.4200,3.3800,3.3900,-0.0100,-0.2900,1750022.1900,594572.0470,2.5800,5.5800,0.0595,0.3471,0.6400,5.5938,6.0298,0.6471,1.8914,1.8238,34998303.3873,29405529.3904,5041233.4856,118644248.4829,99684744.6335,5.3658,5.3658,0.5460,0.5460,5.4602,11.5605
2021-03-19,3.3900,3.4100,3.3200,3.3400,-0.0500,-1.4700,2695439.0000,904510.4790,2.5400,5.5000,0.0917,0.5347,1.1700,5.5113,5.9409,0.6376,1.8635,1.7969,34998303.3873,29405529.3904,5041233.4856,116894333.3136,98214468.1639,5.4462,5.4462,0.5460,0.5460,5.4602,11.5605
2021-03-22,3.3400,3.3900,3.3300,3.3900,0.0500,1.5000,2098325.9500,707819.4840,2.5800,5.5800,0.0714,0.4162,0.8800,5.5938,6.0298,0.6471,1.8914,1.8238,34998303.3873,29405529.3904,5041233.4856,118644248.4829,99684744.6335,5.3658,5.3658,0.5542,0.5542,5.5419,11.7335
2021-03-23,3.3900,3.4200,3.3600,3.3900,0.0000,0.0000,1768610.4400,599073.4120,2.5800,5.5800,0.0601,0.3508,0.8100,5.5938,6.0298,0.6471,1.8914,1.8238,34998303.3873,29405529.3904,5041233.4856,118644248.4829,99684744.6335,5.3658,5.3658,0.5460,0.5460,5.4602,11.5605
2021-03-24,3.3900,3.4000,3.3600,3.4000,0.0100,0.2900,2236547.1700,756465.2220,2.5900,5.6000,0.0761,0.4437,1.0600,5.6103,6.0476,0.6490,1.8970,1.8292,34998303.3873,29405529.3904,5041233.4856,118994231.5168,99978799.9274,5.3500,5.3500,0.5460,0.5460,5.4602,11.5605
2021-03-25,3.4000,3.4100,3.3400,3.3400,-0.0600,-1.7600,2326179.3600,784273.7810,2.5400,5.5000,0.0791,0.4614,1.1000,5.5113,5.9409,0.6376,1.8635,1.7969,34998303.3873,29405529.3904,5041233.4856,116894333.3136,98214468.1639,5.4462,5.4462,0.5444,0.5444,5.4441,11.5265
2021-03-26,3.3500,3.3600,3.3100,3.3300,-0.0100,-0.3000,2139060.6900,712846.2680,2.5300,5.4800,0.0727,0.4243,0.9600,5.4948,5.9231,0.6356,1.8580,1.7915,34998303.3873,29405529.3904,5041233.4856,116544350.2797,97920412.8700,5.4625,5.4625,0.5525,0.5525,5.5254,11.6985
2021-03-29,3.3200,3.3900,3.3100,3.3800,0.0500,1.5000,2520924.9600,845565.8190,2.5700,5.5600,0.0857,0.5001,1.1900,5.5773,6.0120,0.6452,1.8859,1.8184,34998303.3873,29405529.3904,5041233.4856,118294265.4491,99390689.3396,5.3817,5.3817,0.5575,0.5575,5.5753,11.8042
2021-03-30,3.3800,3.3900,3.3500,3.3800,0.0000,0.0000,2076788.8900,699563.3110,2.5700,5.5600,0.0706,0.4120,0.9400,5.5773,6.0120,0.6452,1.8859,1.8184,34998303.3873,29405529.3904,5041233.4856,118294265.4491,99390689.3396,5.3817,5.3817,0.5476,0.5476,5.4763,11.5947
2021-03-31,3.3700,3.4000,3.3600,3.4000,0.0200,0.5900,2156340.2800,728751.7280,2.5900,5.6000,0.0733,0.4277,0.9500,5.5109,5.5109,0.6313,1.8085,1.8085,34998303.3873,29405529.3904,5041233.4856,118994231.5168,99978799.9274,5.3500,5.3500,0.5493,0.5493,5.4926,11.6291
2021-04-01,3.4000,3.4000,3.3700,3.3800,-0.0200,-0.5900,1319271.1900,446595.9920,2.5700,5.5600,0.0449,0.2617,0.5900,5.4785,5.4785,0.6276,1.7979,1.7979,34998303.3873,29405529.3904,5041233.4856,118294265.4491,99390689.3396,5.3817,5.3817,0.5444,0.5444,5.4441,11.5265
2021-04-02,3.3800,3.3900,3.3300,3.3500,-0.0300,-0.8900,2228531.2000,746448.6400,2.5500,5.5100,0.0758,0.4421,1.0900,5.4299,5.4299,0.6220,1.7819,1.7819,34998303.3873,29405529.3904,5041233.4856,117244316.3475,98508523.4578,5.4299,5.4299,0.5476,0.5476,5.4763,11.5947
2021-04-06,3.3400,3.3500,3.3300,3.3400,-0.0100,-0.3000,989615.0600,329969.7150,2.5400,5.5000,0.0337,0.1963,0.4800,5.4137,5.4137,0.6202,1.7766,1.7766,34998303.3873,29405529.3904,5041233.4856,116894333.3136,98214468.1639,5.4462,5.4462,0.5542,0.5542,5.5419,11.7335
2021-04-07,3.3300,3.3500,3.3100,3.3500,0.0100,0.3000,1794959.2800,597906.5680,2.5500,5.5100,0.0610,0.3561,1.0200,5.4299,5.4299,0.6220,1.7819,1.7819,34998303.3873,29405529.3904,5041233.4856,117244316.3475,98508523.4578,5.4299,5.4299,0.5559,0.5559,5.5586,11.7688
2021-04-08,3.3400,3.3500,3.3300,3.3400,-0.0100,-0.3000,1368786.4500,457078.8110,2.5400,5.5000,0.0465,0.2715,0.8100,5.4137,5.4137,0.6202,1.7766,1.7766,34998303.3873,29405529.3904,5041233.4856,116894333.3136,98214468.1639,5.4462,5.4462,0.5542,0.5542,5.5419,11.7335
2021-04-09,3.3400,3.3600,3.3300,3.3600,0.0200,0.6000,1689938.8300,565661.1180,2.5600,5.5300,0.0575,0.3352,1.1000,5.4461,5.4461,0.6239,1.7873,1.7873,34998303.3873,29405529.3904,5041233.4856,117594299.3813,98802578.7517,5.4137,5.4137,0.5542,0.5542,5.5419,11.7335
2021-04-12,3.3600,3.4000,3.3500,3.4000,0.0400,1.1900,1926942.0000,651566.8930,2.5900,5.6000,0.0655,0.3822,1.1900,5.5109,5.5109,0.6313,1.8085,1.8085,34998303.3873,29405529.3904,5041233.4856,118994231.5168,99978799.9274,5.3500,5.3500,0.5509,0.5509,5.5089,11.6637
2021-04-13,3.4000,3.4100,3.3700,3.3900,-0.0100,-0.2900,1740652.0000,589527.6800,2.5800,5.5800,0.0592,0.3453,1.1200,5.4947,5.4947,0.6294,1.8032,1.8032,34998303.3873,29405529.3904,5041233.4856,118644248.4829,99684744.6335,5.3658,5.3658,0.5444,0.5444,5.4441,11.5265
2021-04-14,3.3900,3.3900,3.3400,3.3500,-0.0400,-1.1800,1699211.7200,570667.9590,2.5500,5.5100,0.0578,0.3371,1.0000,5.4299,5.4299,0.6220,1.7819,1.7819,34998303.3873,29405529.3904,5041233.4856,117244316.3475,98508523.4578,5.4299,5.4299,0.5460,0.5460,5.4602,11.5605
2021-04-15,3.3400,3.3600,3.3300,3.3500,0.0000,0.0000,1291511.2300,431303.9140,2.5500,5.5100,0.0439,0.2562,0.7700,5.4299,5.4299,0.6220,1.7819,1.7819,34998303.3873,29405529.3904,5041233.4856,117244316.3475,98508523.4578,5.4299,5.4299,0.5542,0.5542,5.5419,11.7335
2021-04-16,3.3500,3.3600,3.3400,3.3500,0.0000,0.0000,867744.0000,290948.4990,2.5500,5.5100,0.0295,0.1721,0.5200,5.4299,5.4299,0.6220,1.7819,1.7819,34998303.3873,29405529.3904,5041233.4856,117244316.3475,98508523.4578,5.4299,5.4299,0.5525,0.5525,5.5254,11.6985
2021-04-19,3.3500,3.3700,3.3400,3.3500,0.0000,0.0000,1571886.2200,526956.2250,2.5500,5.5100,0.0535,0.3118,1.0400,5.4299,5.4299,0.6220,1.7819,1.7819,34998303.3873,29405529.3904,5041233.4856,117244316.3475,98508523.4578,5.4299,5.4299,0.5525,0.5525,5.5254,11.6985
2021-04-20,3.3500,3.3500,3.3300,3.3300,-0.0200,-0.6000,1609637.8200,537071.3390,2.5300,5.4800,0.0547,0.3193,1.1200,5.3974,5.3974,0.6183,1.7713,1.7713,34998303.3873,29405529.3904,5041233.4856,116544350.2797,97920412.8700,5.4625,5.4625,0.5525,0.5525,5.5254,11.6985
2021-04-21,3.3300,3.3400,3.3200,3.3300,0.0000,0.0000,1113390.5300,370964.3670,2.5300,5.4800,0.0379,0.2209,0.7900,5.3974,5.3974,0.6183,1.7713,1.7713,34998303.3873,29405529.3904,5041233.4856,116544350.2797,97920412.8700,5.4625,5.4625,0.5559,0.5559,5.5586,11.7688
2021-04-22,3.3400,3.3400,3.2900,3.3000,-0.0300,-0.9000,1922218.7700,635994.4460,2.5100,5.4300,0.0654,0.3813,1.4900,5.3488,5.3488,0.6127,1.7553,1.7553,34998303.3873,29405529.3904,5041233.4856,115494401.1781,97038246.9883,5.5122,5.5122,0.5542,0.5542,5.5419,11.7335
2021-04-23,3.3000,3.3100,3.2600,3.2600,-0.0400,-1.2100,2007128.2600,657527.6120,2.4800,5.3700,0.0683,0.3981,1.4200,5.2840,5.2840,0.6053,1.7341,1.7341,34998303.3873,29405529.3904,5041233.4856,114094469.0426,95862025.8127,5.5798,5.5798,0.5609,0.5609,5.6091,11.8758
2021-04-26,3.2700,3.2800,3.2400,3.2400,-0.0200,-0.6100,1834029.7000,596824.7270,2.4700,5.3300,0.0624,0.3638,1.1200,5.2516,5.2516,0.6016,1.7234,1.7234,34998303.3873,29405529.3904,5041233.4856,113394502.9749,95273915.2249,5.6142,5.6142,0.5661,0.5661,5.6606,11.9847
2021-04-27,3.2400,3.2500,3.2200,3.2300,-0.0100,-0.3100,1350030.6400,436020.1810,2.4600,5.3200,0.0459,0.2678,0.8000,5.2354,5.2354,0.5997,1.7181,1.7181,34998303.3873,29405529.3904,5041233.4856,113044519.9410,94979859.9310,5.6316,5.6316,0.5713,0.5713,5.7130,12.0957
2021-04-28,3.2400,3.2400,3.2100,3.2200,-0.0100,-0.3100,1596444.5500,513947.7620,2.4500,5.3000,0.0543,0.3167,0.9700,5.2192,5.2192,0.5979,1.7128,1.7128,34998303.3873,29405529.3904,5041233.4856,112694536.9071,94685804.6371,5.6491,5.6491,0.5713,0.5713,5.7130,12.0957
2021-04-29,3.2200,3.2400,3.2100,3.2300,0.0100,0.3100,2852282.2400,920097.8860,2.4600,5.3200,0.0970,0.5658,1.6400,5.2354,5.2354,0.5997,1.7181,1.7181,34998303.3873,29405529.3904,5041233.4856,113044519.9410,94979859.9310,5.6316,5.6316,0.5748,0.5748,5.7484,12.1708
2021-04-30,3.2300,3.2400,3.1900,3.2000,-0.0300,-0.9300,2602852.0000,834869.0850,2.4400,5.2700,0.0885,0.5163,1.3500,5.1867,5.1468,0.5760,1.7021,1.6823,34998303.3873,29405529.3904,5041233.4856,111994570.8394,94097694.0493,5.6844,5.6844,0.5731,0.5731,5.7307,12.1331
2021-05-06,3.2000,3.2200,3.2000,3.2100,0.0100,0.3100,1526100.9500,490538.7020,2.4400,5.2800,0.0519,0.3027,0.7500,5.2029,5.1629,0.5778,1.7075,1.6876,34998303.3873,29405529.3904,5041233.4856,112344553.8732,94391749.3432,5.6667,5.6667,0.5784,0.5784,5.7844,12.2469
2021-05-07,3.2100,3.2600,3.2100,3.2500,0.0400,1.2500,2206651.3000,713876.4840,2.4700,5.3500,0.0750,0.4377,1.1100,5.2678,5.2273,0.5850,1.7287,1.7086,34998303.3873,29405529.3904,5041233.4856,113744486.0087,95567970.5188,5.5970,5.5970,0.5766,0.5766,5.7664,12.2087
2021-05-10,3.2500,3.2500,3.2200,3.2400,-0.0100,-0.3100,1505542.4600,487477.1940,2.4700,5.3300,0.0512,0.2986,0.7000,5.2516,5.2112,0.5832,1.7234,1.7034,34998303.3873,29405529.3904,5041233.4856,113394502.9749,95273915.2249,5.6142,5.6142,0.5695,0.5695,5.6954,12.0585
2021-05-11,3.2400,3.2700,3.2300,3.2600,0.0200,0.6200,1618162.7300,526391.6410,2.4800,5.3700,0.0550,0.3210,0.7600,5.2840,5.2433,0.5868,1.7341,1.7139,34998303.3873,29405529.3904,5041233.4856,114094469.0426,95862025.8127,5.5798,5.5798,0.5713,0.5713,5.7130,12.0957
2021-05-12,3.2500,3.2800,3.2400,3.2700,0.0100,0.3100,1319707.4800,430882.7670,2.4900,5.3800,0.0449,0.2618,0.7000,5.3002,5.2594,0.5886,1.7394,1.7191,34998303.3873,29405529.3904,5041233.4856,114444452.0765,96156081.1066,5.5627,5.5627,0.5695,0.5695,5.6954,12.0585
2021-05-13,3.2600,3.2700,3.2500,3.2700,0.0000,0.0000,1058380.9700,344811.7770,2.4900,5.3800,0.0360,0.2099,0.6500,5.3002,5.2594,0.5886,1.7394,1.7191,34998303.3873,29405529.3904,5041233.4856,114444452.0765,96156081.1066,5.5627,5.5627,0.5678,0.5678,5.6779,12.0215
2021-05-14,3.2700,3.2900,3.2600,3.2900,0.0200,0.6100,1418803.0000,464528.2030,2.5000,5.4200,0.0482,0.2814,0.9200,5.3326,5.2916,0.5922,1.7500,1.7297,34998303.3873,29405529.3904,5041233.4856,115144418.1442,96744191.6944,5.5289,5.5289,0.5661,0.5661,5.6606,11.9847
2021-05-17,3.2800,3.2900,3.2600,3.2700,-0.0200,-0.6100,1512399.1900,495123.5720,2.4900,5.3800,0.0514,0.3000,1.0900,5.3002,5.2594,0.5886,1.7394,1.7191,34998303.3873,29405529.3904,5041233.4856,114444452.0765,96156081.1066,5.5627,5.5627,0.5643,0.5643,5.6433,11.9482
2021-05-18,3.2700,3.2700,3.2400,3.2500,-0.0200,-0.6100,1701609.4100,552730.9400,2.4700,5.3500,0.0579,0.3375,1.2300,5.2678,5.2273,0.5850,1.7287,1.7086,34998303.3873,29405529.3904,5041233.4856,113744486.0087,95567970.5188,5.5970,5.5970,0.5661,0.5661,5.6606,11.9847
2021-05-19,3.2500,3.2500,3.2300,3.2400,-0.0100,-0.3100,1553719.4200,503004.2860,2.4700,5.3300,0.0528,0.3082,1.1100,5.2516,5.2112,0.5832,1.7234,1.7034,34998303.3873,29405529.3904,5041233.4856,113394502.9749,95273915.2249,5.6142,5.6142,0.5695,0.5695,5.6954,12.0585
2021-05-20,3.2400,3.2600,3.2300,3.2500,0.0100,0.3100,1590669.0000,516593.1620,2.4700,5.3500,0.0541,0.3155,1.1000,5.2678,5.2273,0.5850,1.7287,1.7086,34998303.3873,29405529.3904,5041233.4856,113744486.0087,95567970.5188,5.5970,5.5970,0.5713,0.5713,5.7130,12.0957
2021-05-21,3.2500,3.2600,3.2300,3.2400,-0.0100,-0.3100,1175337.9800,381308.6640,2.4700,5.3300,0.0400,0.2331,0.7600,5.2516,5.2112,0.5832,1.7234,1.7034,34998303.3873,29405529.3904,5041233.4856,113394502.9749,95273915.2249,5.6142,5.6142,0.5695,0.5695,5.6954,12.0585
2021-05-24,3.2400,3.2500,3.2300,3.2400,0.0000,0.0000,930928.0700,301950.2390,2.4700,5.3300,0.0317,0.1847,0.6200,5.2516,5.2112,0.5832,1.7234,1.7034,34998303.3873,29405529.3904,5041233.4856,113394502.9749,95273915.2249,5.6142,5.6142,0.5713,0.5713,5.7130,12.0957
2021-05-25,3.2500,3.2800,3.2400,3.2700,0.0300,0.9300,3820642.3200,1246905.9460,2.4900,5.3800,0.1299,0.7579,2.7500,5.3002,5.2594,0.5886,1.7394,1.7191,34998303.3873,29405529.3904,5041233.4856,114444452.0765,96156081.1066,5.5627,5.5627,0.5695,0.5695,5.6954,12.0585
2021-05-26,3.2700,3.2900,3.2600,3.2800,0.0100,0.3100,2366460.7800,774875.7780,2.5000,5.4000,0.0805,0.4694,1.3000,5.3164,5.2755,0.5904,1.7447,1.7244,34998303.3873,29405529.3904,5041233.4856,114794435.1103,96450136.4005,5.5458,5.5458,0.5661,0.5661,5.6606,11.9847
2021-05-27,3.2800,3.2900,3.2700,3.2700,-0.0100,-0.3000,1729846.6000,566782.0690,2.4900,5.3800,0.0588,0.3431,0.8800,5.3002,5.2594,0.5886,1.7394,1.7191,34998303.3873,29405529.3904,5041233.4856,114444452.0765,96156081.1066,5.5627,5.5627,0.5643,0.5643,5.6433,11.9482
2021-05-28,3.2800,3.2900,3.2600,3.2800,0.0100,0.3100,2095581.1900,686023.4600,2.5000,5.4000,0.0713,0.4157,1.0500,5.3164,5.2755,0.5904,1.7447,1.7244,34998303.3873,29405529.3904,5041233.4856,114794435.1103,96450136.4005,5.5458,5.5458,0.5643,0.5643,5.6433,11.9482
2021-05-31,3.2800,3.2800,3.2500,3.2600,-0.0200,-0.6100,1872459.7800,610437.7470,2.4800,5.3700,0.0637,0.3714,0.8600,5.2840,5.2433,0.5868,1.7341,1.7139,34998303.3873,29405529.3904,5041233.4856,114094469.0426,95862025.8127,5.5798,5.5798,0.5643,0.5643,5.6433,11.9482
2021-06-01,3.2600,3.2600,3.2400,3.2500,-0.0100,-0.3100,1783100.8700,578933.1390,2.4700,5.3500,0.0606,0.3537,0.7500,5.2678,5.2273,0.5850,1.7287,1.7086,34998303.3873,29405529.3904,5041233.4856,113744486.0087,95567970.5188,5.5970,5.5970,0.5678,0.5678,5.6779,12.0215
2021-06-02,3.2500,3.2900,3.2300,3.2900,0.0400,1.2300,3614953.6700,1178549.6110,2.5000,5.4200,0.1229,0.7171,1.8400,5.3326,5.2916,0.5922,1.7500,1.7297,34998303.3873,29405529.3904,5041233.4856,115144418.1442,96744191.6944,5.5289,5.5289,0.5695,0.5695,5.6954,12.0585
2021-06-03,3.2900,3.3100,3.2800,3.2900,0.0000,0.0000,2674262.5500,881657.4650,2.5000,5.4200,0.0909,0.5305,1.2100,5.3326,5.2916,0.5922,1.7500,1.7297,34998303.3873,29405529.3904,5041233.4856,115144418.1442,96744191.6944,5.5289,5.5289,0.5626,0.5626,5.6261,11.9119
2021-06-04,3.2900,3.3300,3.2900,3.3200,0.0300,0.9100,2812085.1300,929936.8560,2.5300,5.4600,0.0956,0.5578,1.1700,5.3812,5.3398,0.5976,1.7660,1.7454,34998303.3873,29405529.3904,5041233.4856,116194367.2458,97626357.5761,5.4790,5.4790,0.5626,0.5626,5.6261,11.9119
2021-06-07,3.3200,3.3300,3.2900,3.3200,0.0000,0.0000,2805174.5500,929602.9110,2.5300,5.4600,0.0954,0.5564,1.1000,5.3812,5.3398,0.5976,1.7660,1.7454,34998303.3873,29405529.3904,5041233.4856,116194367.2458,97626357.5761,5.4790,5.4790,0.5575,0.5575,5.5753,11.8042
2021-06-08,3.3200,3.3500,3.2900,3.3500,0.0300,0.9000,3681242.7400,1224758.6990,2.5500,5.5100,0.1252,0.7302,1.3400,5.4299,5.3881,0.6030,1.7819,1.7612,34998303.3873,29405529.3904,5041233.4856,117244316.3475,98508523.4578,5.4299,5.4299,0.5575,0.5575,5.5753,11.8042
2021-06-09,3.3400,3.3700,3.3400,3.3500,0.0000,0.0000,2787430.6300,935474.9040,2.5500,5.5100,0.0948,0.5529,0.8900,5.4299,5.3881,0.6030,1.7819,1.7612,34998303.3873,29405529.3904,5041233.4856,117244316.3475,98508523.4578,5.4299,5.4299,0.5542,0.5542,5.5419,11.7335
2021-06-10,3.3400,3.3700,3.3100,3.3200,-0.0300,-0.9000,2541243.9900,848384.1850,2.5300,5.4600,0.0864,0.5041,0.8600,5.3812,5.3398,0.5976,1.7660,1.7454,34998303.3873,29405529.3904,5041233.4856,116194367.2458,97626357.5761,5.4790,5.4790,0.5542,0.5542,5.5419,11.7335
2021-06-11,3.3200,3.3400,3.3000,3.3200,0.0000,0.0000,2011294.0200,667013.0660,2.5300,5.4600,0.0684,0.3990,0.6900,5.3812,5.3398,0.5976,1.7660,1.7454,34998303.3873,29405529.3904,5041233.4856,116194367.2458,97626357.5761,5.4790,5.4790,0.5575,0.5575,5.5753,11.8042
2021-06-15,3.3200,3.3300,3.2700,3.2800,-0.0400,-1.2000,2209725.6900,726180.8450,2.5000,5.4000,0.0751,0.4383,0.8000,5.3164,5.2755,0.5904,1.7447,1.7244,34998303.3873,29405529.3904,5041233.4856,114794435.1103,96450136.4005,5.5458,5.5458,0.5575,0.5575,5.5753,11.8042
2021-06-16,3.2800,3.2900,3.2600,3.2700,-0.0100,-0.3000,2246811.8600,735860.5540,2.4900,5.3800,0.0764,0.4457,0.8500,5.3002,5.2594,0.5886,1.7394,1.7191,34998303.3873,29405529.3904,5041233.4856,114444452.0765,96156081.1066,5.5627,5.5627,0.5643,0.5643,5.6433,11.9482
2021-06-17,3.0900,3.1300,3.0700,3.0800,-0.1900,-5.8100,3092720.5800,957602.9000,2.4900,5.3800,0.1052,0.6135,1.3100,4.9922,4.9538,0.5086,1.6383,1.6193,34998303.3873,29405529.3904,5041233.4856,107794774.4329,90569030.5224,5.9059,11.9156,0.5990,0.5990,5.9903,12.6828
2021-06-18,3.0800,3.0800,3.0500,3.0500,-0.0300,-0.9700,2602889.4900,796759.2840,2.4700,5.3300,0.0885,0.5163,1.0800,4.9436,4.9056,0.5036,1.6224,1.6035,34998303.3873,29405529.3904,5041233.4856,106744825.3313,89686864.6407,5.9640,12.0328,0.6010,0.6010,6.0097,12.7240
2021-06-21,3.0600,3.0600,3.0200,3.0300,-0.0200,-0.6600,2532134.9700,768721.5750,2.4500,5.3000,0.0861,0.5023,1.0400,4.9112,4.8734,0.5003,1.6117,1.5930,34998303.3873,29405529.3904,5041233.4856,106044859.2635,89098754.0529,6.0033,12.1123,0.6049,0.6049,6.0490,12.8072
2021-06-22,3.0300,3.0500,3.0200,3.0400,0.0100,0.3300,1989144.0400,603739.6220,2.4600,5.3100,0.0676,0.3946,0.7800,4.9274,4.8895,0.5020,1.6170,1.5982,34998303.3873,29405529.3904,5041233.4856,106394842.2974,89392809.3468,5.9836,12.0724,0.6109,0.6109,6.1089,12.9340
2021-06-23,3.0300,3.0500,3.0300,3.0400,0.0000,0.0000,1774258.2400,538371.8450,2.4600,5.3100,0.0603,0.3519,0.7100,4.9274,4.8895,0.5020,1.6170,1.5982,34998303.3873,29405529.3904,5041233.4856,106394842.2974,89392809.3468,5.9836,12.0724,0.6109,0.6109,6.1089,12.9340
2021-06-24,3.0400,3.0600,3.0300,3.0600,0.0200,0.6600,2070030.8600,630475.7660,2.4700,5.3500,0.0704,0.4106,0.8600,4.9598,4.9217,0.5053,1.6277,1.6087,34998303.3873,29405529.3904,5041233.4856,107094808.3651,89980919.9346,5.9445,11.9935,0.6089,0.6089,6.0888,12.8914
2021-06-25,3.0500,3.0800,3.0500,3.0700,0.0100,0.3300,1326846.9700,407175.3110,2.4800,5.3700,0.0451,0.2632,0.6000,4.9760,4.9377,0.5069,1.6330,1.6140,34998303.3873,29405529.3904,5041233.4856,107444791.3990,90274975.2285,5.9251,11.9544,0.6069,0.6069,6.0689,12.8492
2021-06-28,3.0700,3.0800,3.0400,3.0500,-0.0200,-0.6500,1426092.3600,435127.5850,2.4700,5.3300,0.0485,0.2829,0.7400,4.9436,4.9056,0.5036,1.6224,1.6035,34998303.3873,29405529.3904,5041233.4856,106744825.3313,89686864.6407,5.9640,12.0328,0.6029,0.6029,6.0293,12.7655
2021-06-29,3.0400,3.0500,3.0300,3.0300,-0.0200,-0.6600,1329395.1400,403513.9090,2.4500,5.3000,0.0452,0.2637,0.7700,4.9112,4.8734,0.5003,1.6117,1.5930,34998303.3873,29405529.3904,5041233.4856,106044859.2635,89098754.0529,6.0033,12.1123,0.6089,0.6089,6.0888,12.8914
2021-06-30,3.0300,3.0500,3.0300,3.0300,0.0000,0.0000,1647993.3300,500193.1890,2.4500,5.3000,0.0560,0.3269,1.0400,4.9112,4.8734,0.5003,1.6117,1.5930,34998303.3873,29405529.3904,5041233.4856,106044859.2635,89098754.0529,6.0033,12.1123,0.6109,0.6109,6.1089,12.9340
2021-07-01,3.0400,3.0500,3.0300,3.0400,0.0100,0.3300,1109275.2700,337187.1810,2.4600,5.3100,0.0377,0.2200,0.7100,4.9274,4.8895,0.5020,1.6170,1.5982,34998303.3873,29405529.3904,5041233.4856,106394842.2974,89392809.3468,5.9836,12.0724,0.6089,0.6089,6.0888,12.8914
2021-07-02,3.0400,3.0500,3.0300,3.0300,-0.0100,-0.3300,1305828.2900,396332.6350,2.4500,5.3000,0.0444,0.2590,0.9500,4.9112,4.8734,0.5003,1.6117,1.5930,34998303.3873,29405529.3904,5041233.4856,106044859.2635,89098754.0529,6.0033,12.1123,0.6089,0.6089,6.0888,12.8914
2021-07-05,3.0300,3.0400,3.0200,3.0400,0.0100,0.3300,1493881.0700,453152.2940,2.4600,5.3100,0.0508,0.2963,1.1000,4.9274,4.8895,0.5020,1.6170,1.5982,34998303.3873,29405529.3904,5041233.4856,106394842.2974,89392809.3468,5.9836,12.0724,0.6109,0.6109,6.1089,12.9340
2021-07-06,3.0400,3.0500,3.0300,3.0500,0.0100,0.3300,1310203.1500,398330.1910,2.4700,5.3300,0.0446,0.2599,0.9500,4.9436,4.9056,0.5036,1.6224,1.6035,34998303.3873,29405529.3904,5041233.4856,106744825.3313,89686864.6407,5.9640,12.0328,0.6089,0.6089,6.0888,12.8914
2021-07-07,3.0400,3.0500,3.0300,3.0300,-0.0200,-0.6600,1134286.6200,345052.2760,2.4500,5.3000,0.0386,0.2250,0.8300,4.9112,4.8734,0.5003,1.6117,1.5930,34998303.3873,29405529.3904,5041233.4856,106044859.2635,89098754.0529,6.0033,12.1123,0.6089,0.6089,6.0888,12.8914
2021-07-08,3.0400,3.0500,3.0200,3.0200,-0.0100,-0.3300,1763511.7300,534833.0160,2.4400,5.2800,0.0600,0.3498,1.3900,4.8950,4.8573,0.4987,1.6064,1.5877,34998303.3873,29405529.3904,5041233.4856,105694876.2296,88804698.7590,6.0232,12.1524,0.6089,0.6089,6.0888,12.8914
2021-07-09,3.0300,3.0400,3.0200,3.0300,0.0100,0.3300,1956856.5000,592508.6000,2.4500,5.3000,0.0665,0.3882,1.4000,4.9112,4.8734,0.5003,1.6117,1.5930,34998303.3873,29405529.3904,5041233.4856,106044859.2635,89098754.0529,6.0033,12.1123,0.6109,0.6109,6.1089,12.9340
2021-07-12,3.0400,3.0400,3.0200,3.0200,-0.0100,-0.3300,2047292.1700,619426.6110,2.4400,5.2800,0.0696,0.4061,1.3400,4.8950,4.8573,0.4987,1.6064,1.5877,34998303.3873,29405529.3904,5041233.4856,105694876.2296,88804698.7590,6.0232,6.1291,0.6089,0.6089,6.0888,12.8914
2021-07-13,3.0200,3.0300,3.0100,3.0200,0.0000,0.0000,1855759.6200,560973.0420,2.4400,5.2800,0.0631,0.3681,1.1300,4.8950,4.8573,0.5624,1.6064,1.5877,34998303.3873,29405529.3904,5041233.4856,105694876.2296,88804698.7590,6.0232,6.1291,0.6129,0.6129,6.1291,12.9768
2021-07-14,3.0300,3.0300,2.9800,2.9900,-0.0300,-0.9900,2974130.0200,891945.0130,2.4200,5.2300,0.1011,0.5900,1.7000,4.8464,4.8091,0.5568,1.5904,1.5719,34998303.3873,29405529.3904,5041233.4856,104644927.1280,87922532.8773,6.0837,6.1906,0.6109,0.6109,6.1089,12.9340
2021-07-15,2.9900,3.0100,2.9900,3.0000,0.0100,0.3300,1582344.4100,475074.6580,2.4300,5.2400,0.0538,0.3139,0.7500,4.8626,4.8252,0.5586,1.5958,1.5772,34998303.3873,29405529.3904,5041233.4856,104994910.1619,88216588.1712,6.0634,6.1700,0.6191,0.6191,6.1906,13.1070
2021-07-16,3.0000,3.0100,2.9900,2.9900,-0.0100,-0.3300,1350142.2000,404410.2820,2.4200,5.2300,0.0459,0.2678,0.6500,4.8464,4.8091,0.5568,1.5904,1.5719,34998303.3873,29405529.3904,5041233.4856,104644927.1280,87922532.8773,6.0837,6.1906,0.6170,0.6170,6.1700,13.0633
2021-07-19,2.9900,3.0100,2.9900,3.0000,0.0100,0.3300,1338805.3400,401263.6080,2.4300,5.2400,0.0455,0.2656,0.6800,4.8626,4.8252,0.5586,1.5958,1.5772,34998303.3873,29405529.3904,5041233.4856,104994910.1619,88216588.1712,6.0634,6.1700,0.6191,0.6191,6.1906,13.1070
2021-07-20,3.0000,3.0000,2.9900,3.0000,0.0000,0.0000,1039303.2100,311169.8480,2.4300,5.2400,0.0353,0.2062,0.5700,4.8626,4.8252,0.5586,1.5958,1.5772,34998303.3873,29405529.3904,5041233.4856,104994910.1619,88216588.1712,6.0634,6.1700,0.6170,0.6170,6.1700,13.0633
2021-07-21,2.9900,3.0000,2.9800,2.9900,-0.0100,-0.3300,1876157.5700,560996.1220,2.4200,5.2300,0.0638,0.3722,1.1300,4.8464,4.8091,0.5568,1.5904,1.5719,34998303.3873,29405529.3904,5041233.4856,104644927.1280,87922532.8773,6.0837,6.1906,0.6191,0.6191,6.1906,13.1070
2021-07-22,2.9900,3.0000,2.9800,3.0000,0.0100,0.3300,1295344.5100,387639.2370,2.4300,5.2400,0.0441,0.2569,0.9000,4.8626,4.8252,0.5586,1.5958,1.5772,34998303.3873,29405529.3904,5041233.4856,104994910.1619,88216588.1712,6.0634,6.1700,0.6191,0.6191,6.1906,13.1070
2021-07-23,2.9900,3.0000,2.9800,2.9900,-0.0100,-0.3300,1632418.9100,487867.1720,2.4200,5.2300,0.0555,0.3238,1.1800,4.8464,4.8091,0.5568,1.5904,1.5719,34998303.3873,29405529.3904,5041233.4856,104644927.1280,87922532.8773,6.0837,6.1906,0.6191,0.6191,6.1906,13.1070
2021-07-26,2.9900,3.0000,2.9700,2.9800,-0.0100,-0.3300,2198351.9900,655192.3200,2.4100,5.2100,0.0748,0.4361,1.5300,4.8301,4.7930,0.5549,1.5851,1.5667,34998303.3873,29405529.3904,5041233.4856,104294944.0942,87628477.5834,6.1041,6.2114,0.6191,0.6191,6.1906,13.1070
2021-07-27,2.9800,2.9900,2.9600,2.9600,-0.0200,-0.6700,2279113.5200,677285.8570,2.3900,5.1700,0.0775,0.4521,1.4200,4.7977,4.7608,0.5512,1.5745,1.5562,34998303.3873,29405529.3904,5041233.4856,103594978.0264,87040366.9956,6.1453,6.2534,0.6211,0.6211,6.2114,13.1510
2021-07-28,2.9600,2.9800,2.9500,2.9700,0.0100,0.3400,3066469.3700,910517.8940,2.4000,5.1900,0.1043,0.6083,1.6500,4.8139,4.7769,0.5530,1.5798,1.5614,34998303.3873,29405529.3904,5041233.4856,103944961.0603,87334422.2895,6.1246,6.2323,0.6253,0.6253,6.2534,13.2399
2021-07-29,2.9700,2.9800,2.9500,2.9500,-0.0200,-0.6700,1634062.4600,483543.9710,2.3800,5.1600,0.0556,0.3241,0.7800,4.7815,4.7447,0.5493,1.5692,1.5509,34998303.3873,29405529.3904,5041233.4856,103244994.9925,86746311.7017,6.1662,6.2746,0.6232,0.6232,6.2323,13.1953
2021-07-30,2.9500,2.9600,2.9200,2.9300,-0.0200,-0.6800,1919688.0100,562566.7120,2.3700,5.1200,0.0653,0.3808,0.8900,4.7491,4.7126,0.5456,1.5585,1.5404,34998303.3873,29405529.3904,5041233.4856,102545028.9248,86158201.1139,6.2082,6.3174,0.6275,0.6275,6.2746,13.2847
2021-08-02,2.9200,2.9500,2.9000,2.9400,0.0100,0.3400,2362337.5400,691216.0780,2.3800,5.1400,0.0803,0.4686,1.0600,4.7653,4.7287,0.5475,1.5638,1.5457,34998303.3873,29405529.3904,5041233.4856,102895011.9587,86452256.4078,6.1871,6.2959,0.6339,0.6339,6.3390,13.4212
2021-08-03,2.9300,2.9300,2.9100,2.9200,-0.0200,-0.6800,1595357.8500,465289.2820,2.3600,5.1000,0.0543,0.3165,0.7100,4.7329,4.6965,0.5437,1.5532,1.5351,34998303.3873,29405529.3904,5041233.4856,102195045.8909,85864145.8200,6.2295,6.3390,0.6317,0.6317,6.3174,13.3754
2021-08-04,2.9100,2.9300,2.9100,2.9200,0.0000,0.0000,1324488.6100,386261.2930,2.3600,5.1000,0.0450,0.2627,0.6300,4.7329,4.6965,0.5437,1.5532,1.5351,34998303.3873,29405529.3904,5041233.4856,102195045.8909,85864145.8200,6.2295,6.3390,0.6361,0.6361,6.3608,13.4674
2021-08-05,2.9100,2.9200,2.9000,2.9000,-0.0200,-0.6800,1521286.0000,442859.8390,2.3400,5.0700,0.0517,0.3018,0.8600,4.7005,4.6643,0.5400,1.5426,1.5246,34998303.3873,29405529.3904,5041233.4856,101495079.8232,85276035.2322,6.2725,6.3828,0.6361,0.6361,6.3608,13.4674
2021-08-06,2.9100,2.9100,2.9000,2.9100,0.0100,0.3400,1024003.3200,297518.4480,2.3500,5.0900,0.0348,0.2031,0.5900,4.7167,4.6804,0.5419,1.5479,1.5299,34998303.3873,29405529.3904,5041233.4856,101845062.8570,85570090.5261,6.2509,6.3608,0.6361,0.6361,6.3608,13.4674
2021-08-09,2.9000,2.9300,2.9000,2.9200,0.0100,0.3400,1678234.8600,489971.7530,2.3600,5.1000,0.0571,0.3329,1.0700,4.7329,4.6965,0.5437,1.5532,1.5351,34998303.3873,29405529.3904,5041233.4856,102195045.8909,85864145.8200,6.2295,6.3390,0.6383,0.6383,6.3828,13.5138
2021-08-10,2.9200,2.9300,2.9100,2.9200,0.0000,0.0000,1423640.0700,415376.8610,2.3600,5.1000,0.0484,0.2824,1.0000,4.7329,4.6965,0.5437,1.5532,1.5351,34998303.3873,29405529.3904,5041233.4856,102195045.8909,85864145.8200,6.2295,6.3390,0.6339,0.6339,6.3390,13.4212
2021-08-11,2.9200,2.9600,2.9200,2.9500,0.0300,1.0300,3082059.5900,907452.8560,2.3800,5.1600,0.1048,0.6114,2.2100,4.7815,4.7447,0.5493,1.5692,1.5509,34998303.3873,29405529.3904,5041233.4856,103244994.9925,86746311.7017,6.1662,6.2746,0.6339,0.6339,6.3390,13.4212
2021-08-12,2.9400,2.9500,2.9300,2.9400,-0.0100,-0.3400,1211603.9200,355821.4400,2.3800,5.1400,0.0412,0.2403,0.6900,4.7653,4.7287,0.5475,1.5638,1.5457,34998303.3873,29405529.3904,5041233.4856,102895011.9587,86452256.4078,6.1871,6.2959,0.6296,0.6296,6.2959,13.3299
2021-08-13,2.9300,2.9400,2.9200,2.9300,-0.0100,-0.3400,901282.4900,264155.2090,2.3700,5.1200,0.0307,0.1788,0.5400,4.7491,4.7126,0.5456,1.5585,1.5404,34998303.3873,29405529.3904,5041233.4856,102545028.9248,86158201.1139,6.2082,6.3174,0.6317,0.6317,6.3174,13.3754
2021-08-16,2.9300,2.9400,2.9200,2.9300,0.0000,0.0000,1012687.6300,297216.6360,2.3700,5.1200,0.0344,0.2009,0.6100,4.7491,4.7126,0.5456,1.5585,1.5404,34998303.3873,29405529.3904,5041233.4856,102545028.9248,86158201.1139,6.2082,6.3174,0.6317,0.6317,6.3174,13.3754
2021-08-17,2.9300,2.9500,2.9300,2.9300,0.0000,0.0000,1780377.2400,523495.1070,2.3700,5.1200,0.0605,0.3532,1.1700,4.7491,4.7126,0.5456,1.5585,1.5404,34998303.3873,29405529.3904,5041233.4856,102545028.9248,86158201.1139,6.2082,6.3174,0.6317,0.6317,6.3174,13.3754
2021-08-18,2.9200,2.9700,2.9200,2.9600,0.0300,1.0200,2365522.9300,697692.5250,2.3900,5.1700,0.0804,0.4692,1.4800,4.7977,4.7608,0.5512,1.5745,1.5562,34998303.3873,29405529.3904,5041233.4856,103594978.0264,87040366.9956,6.1453,6.2534,0.6339,0.6339,6.3390,13.4212
2021-08-19,2.9600,2.9600,2.9300,2.9400,-0.0200,-0.6800,1511865.5200,445044.1560,2.3800,5.1400,0.0514,0.2999,1.0400,4.7653,4.7287,0.5475,1.5638,1.5457,34998303.3873,29405529.3904,5041233.4856,102895011.9587,86452256.4078,6.1871,6.2959,0.6253,0.6253,6.2534,13.2399
2021-08-20,2.9400,2.9700,2.9300,2.9600,0.0200,0.6800,2118413.7700,624720.2270,2.3900,5.1700,0.0720,0.4202,1.4000,4.7977,4.7608,0.5512,1.5745,1.5562,34998303.3873,29405529.3904,5041233.4856,103594978.0264,87040366.9956,6.1453,6.2534,0.6296,0.6296,6.2959,13.3299
2021-08-23,2.9600,2.9600,2.9500,2.9500,-0.0100,-0.3400,1273690.0000,376144.2360,2.3800,5.1600,0.0433,0.2527,0.7200,4.7815,4.7447,0.5493,1.5692,1.5509,34998303.3873,29405529.3904,5041233.4856,103244994.9925,86746311.7017,6.1662,6.2746,0.6253,0.6253,6.2534,13.2399
2021-08-24,2.9500,2.9600,2.9400,2.9400,-0.0100,-0.3400,1177603.7600,346800.5060,2.3800,5.1400,0.0400,0.2336,0.6500,4.7653,4.7287,0.5475,1.5638,1.5457,34998303.3873,29405529.3904,5041233.4856,102895011.9587,86452256.4078,6.1871,6.2959,0.6275,0.6275,6.2746,13.2847
2021-08-25,2.9400,2.9400,2.9300,2.9300,-0.0100,-0.3400,1099465.7500,322486.1390,2.3700,5.1200,0.0374,0.2181,0.6500,4.7491,4.7126,0.5456,1.5585,1.5404,34998303.3873,29405529.3904,5041233.4856,102545028.9248,86158201.1139,6.2082,6.3174,0.6296,0.6296,6.2959,13.3299
2021-08-26,2.9300,2.9400,2.9200,2.9200,-0.0100,-0.3400,1222318.3400,357327.4940,2.3600,5.1000,0.0416,0.2425,0.8500,4.7329,4.6965,0.5437,1.5532,1.5351,34998303.3873,29405529.3904,5041233.4856,102195045.8909,85864145.8200,6.2295,6.3390,0.6317,0.6317,6.3174,13.3754
2021-08-27,2.9200,2.9300,2.9200,2.9300,0.0100,0.3400,1282525.0100,375021.9490,2.3700,5.1200,0.0429,0.2305,0.9300,4.7491,4.7126,0.5456,1.5585,1.5404,34998303.3873,29928453.8234,5564157.9186,102545028.9248,87690369.7026,6.2082,6.3174,0.6339,0.6339,6.3390,13.4212
2021-08-30,2.9200,2.9300,2.9100,2.9200,-0.0100,-0.3400,1972912.0100,575297.4650,2.3600,5.1000,0.0659,0.3546,1.6300,4.7329,4.6965,0.5437,1.5532,1.5351,34998303.3873,29928453.8234,5564157.9186,102195045.8909,87391085.1643,6.2295,6.3390,0.6339,0.6339,6.3390,13.4212
2021-08-31,2.9200,2.9600,2.9100,2.9600,0.0400,1.3700,2664243.3600,783608.1280,2.3900,5.1700,0.0890,0.4788,1.9700,4.7977,4.5165,0.5351,1.5745,1.5138,34998303.3873,29928453.8234,5564157.9186,103594978.0264,88588223.3173,6.1453,6.2534,0.6339,0.6339,6.3390,13.4212
2021-09-01,2.9500,2.9900,2.9500,2.9900,0.0300,1.0100,3381567.2100,1004927.6200,2.4200,5.2300,0.1130,0.6077,2.0500,4.8464,4.5623,0.5405,1.5904,1.5292,34998303.3873,29928453.8234,5564157.9186,104644927.1280,89486076.9320,6.0837,6.1906,0.6275,0.6275,6.2746,13.2847
2021-09-02,2.9800,2.9900,2.9700,2.9800,-0.0100,-0.3300,1602181.0700,477514.0530,2.4100,5.2100,0.0535,0.2879,0.7600,4.8301,4.5470,0.5387,1.5851,1.5241,34998303.3873,29928453.8234,5564157.9186,104294944.0942,89186792.3937,6.1041,6.2114,0.6211,0.6211,6.2114,13.1510
2021-09-03,2.9900,3.0100,2.9700,3.0100,0.0300,1.0100,2172751.4400,651084.6620,2.4300,5.2600,0.0726,0.3905,1.0000,4.8788,4.5928,0.5441,1.6011,1.5394,34998303.3873,29928453.8234,5564157.9186,105344893.1958,90084646.0084,6.0432,6.1495,0.6191,0.6191,6.1906,13.1070
2021-09-06,3.0000,3.0200,2.9900,3.0100,0.0000,0.0000,1601023.1500,481247.2540,2.4300,5.2600,0.0535,0.2877,0.6800,4.8788,4.5928,0.5441,1.6011,1.5394,34998303.3873,29928453.8234,5564157.9186,105344893.1958,90084646.0084,6.0432,6.1495,0.6170,0.6170,6.1700,13.0633
2021-09-07,3.0100,3.0400,2.9900,3.0200,0.0100,0.3300,2456223.9000,739318.3300,2.4400,5.2800,0.0821,0.4414,1.0800,4.8950,4.6081,0.5460,1.6064,1.5445,34998303.3873,29928453.8234,5564157.9186,105694876.2296,90383930.5467,6.0232,6.1291,0.6150,0.6150,6.1495,13.0199
2021-09-08,3.0300,3.0500,3.0100,3.0400,0.0200,0.6600,2088002.9400,633163.5000,2.4600,5.3100,0.0698,0.3753,0.9300,4.9274,4.6386,0.5496,1.6170,1.5547,34998303.3873,29928453.8234,5564157.9186,106394842.2974,90982499.6231,5.9836,6.0888,0.6109,0.6109,6.1089,12.9340
2021-09-09,3.0300,3.0500,3.0200,3.0400,0.0000,0.0000,1716369.9400,521023.4590,2.4600,5.3100,0.0573,0.3085,0.8700,4.9274,4.6386,0.5496,1.6170,1.5547,34998303.3873,29928453.8234,5564157.9186,106394842.2974,90982499.6231,5.9836,6.0888,0.6109,0.6109,6.1089,12.9340
2021-09-10,3.0400,3.0800,3.0300,3.0400,0.0000,0.0000,3263723.5700,996707.8020,2.4600,5.3100,0.1091,0.5866,1.6300,4.9274,4.6386,0.5496,1.6170,1.5547,34998303.3873,29928453.8234,5564157.9186,106394842.2974,90982499.6231,5.9836,6.0888,0.6089,0.6089,6.0888,12.8914
2021-09-13,3.0300,3.0500,3.0200,3.0300,-0.0100,-0.3300,2331395.1600,706945.4400,2.4500,5.3000,0.0779,0.4190,1.0500,4.9112,4.6233,0.5478,1.6117,1.5496,34998303.3873,29928453.8234,5564157.9186,106044859.2635,90683215.0849,6.0033,6.1089,0.6109,0.6109,6.1089,12.9340
2021-09-14,3.0400,3.0500,2.9900,2.9900,-0.0400,-1.3200,2836145.1300,855457.6510,2.4200,5.2300,0.0948,0.5097,1.2000,4.8464,4.5623,0.5405,1.5904,1.5292,34998303.3873,29928453.8234,5564157.9186,104644927.1280,89486076.9320,6.0837,6.1906,0.6089,0.6089,6.0888,12.8914
2021-09-15,2.9900,3.0000,2.9700,2.9800,-0.0100,-0.3300,2007711.5900,599470.1400,2.4100,5.2100,0.0671,0.3608,0.8200,4.8301,4.5470,0.5387,1.5851,1.5241,34998303.3873,29928453.8234,5564157.9186,104294944.0942,89186792.3937,6.1041,6.2114,0.6191,0.6191,6.1906,13.1070
2021-09-16,2.9800,3.0000,2.9700,2.9700,-0.0100,-0.3400,2632774.0000,785118.7310,2.4000,5.1900,0.0880,0.4732,1.0800,4.8139,4.5318,0.5369,1.5798,1.5189,34998303.3873,29928453.8234,5564157.9186,103944961.0603,88887507.8555,6.1246,6.2323,0.6211,0.6211,6.2114,13.1510
2021-09-17,2.9700,2.9900,2.9700,2.9800,0.0100,0.3400,1895274.0800,564732.4170,2.4100,5.2100,0.0633,0.3406,0.7200,4.8301,4.5470,0.5387,1.5851,1.5241,34998303.3873,29928453.8234,5564157.9186,104294944.0942,89186792.3937,6.1041,6.2114,0.6232,0.6232,6.2323,13.1953
2021-09-22,2.9500,2.9600,2.9400,2.9500,-0.0300,-1.0100,2319195.7700,684075.4360,2.3800,5.1600,0.0775,0.4168,0.9900,4.7815,4.5013,0.5333,1.5692,1.5087,34998303.3873,29928453.8234,5564157.9186,103244994.9925,88288938.7790,6.1662,6.2746,0.6275,0.6275,6.2746,13.2847
2021-09-23,2.9600,2.9800,2.9500,2.9600,0.0100,0.3400,1984368.1700,588201.5300,2.3900,5.1700,0.0663,0.3566,0.8500,4.7977,4.5165,0.5351,1.5745,1.5138,34998303.3873,29928453.8234,5564157.9186,103594978.0264,88588223.3173,6.1453,6.2534,0.6253,0.6253,6.2534,13.2399
2021-09-24,2.9600,2.9700,2.9400,2.9400,-0.0200,-0.6800,1728572.5100,510736.3590,2.3800,5.1400,0.0578,0.3107,0.8000,4.7653,4.4860,0.5315,1.5638,1.5036,34998303.3873,29928453.8234,5564157.9186,102895011.9587,87989654.2408,6.1871,6.2959,0.6253,0.6253,6.2534,13.2399
2021-09-27,2.9400,2.9500,2.9200,2.9300,-0.0100,-0.3400,2304529.9300,675746.2800,2.3700,5.1200,0.0770,0.4142,1.0900,4.7491,4.4707,0.5297,1.5585,1.4985,34998303.3873,29928453.8234,5564157.9186,102545028.9248,87690369.7026,6.2082,6.3174,0.6296,0.6296,6.2959,13.3299
2021-09-28,2.9300,2.9600,2.9300,2.9500,0.0200,0.6800,2160211.0900,636695.3100,2.3800,5.1600,0.0722,0.3882,1.0600,4.7815,4.5013,0.5333,1.5692,1.5087,34998303.3873,29928453.8234,5564157.9186,103244994.9925,88288938.7790,6.1662,6.2746,0.6317,0.6317,6.3174,13.3754
2021-09-29,2.9400,2.9700,2.9300,2.9600,0.0100,0.3400,2480507.1300,731292.4880,2.3900,5.1700,0.0829,0.4458,1.1800,4.7977,4.5165,0.5351,1.5745,1.5138,34998303.3873,29928453.8234,5564157.9186,103594978.0264,88588223.3173,6.1453,6.2534,0.6296,0.6296,6.2959,13.3299
2021-09-30,2.9500,2.9600,2.9300,2.9400,-0.0200,-0.6800,2060522.6300,606750.3390,2.3800,5.1400,0.0688,0.3703,0.9700,4.7653,4.4860,0.5315,1.5638,1.5036,34998303.3873,29928453.8234,5564157.9186,102895011.9587,87989654.2408,6.1871,6.2959,0.6275,0.6275,6.2746,13.2847
2021-10-08,2.9500,2.9700,2.9400,2.9600,0.0200,0.6800,2600396.1000,768969.5280,2.3900,5.1700,0.0869,0.4673,1.2100,4.7977,4.5165,0.5351,1.5745,1.5138,34998303.3873,29928453.8234,5564157.9186,103594978.0264,88588223.3173,6.1453,6.2534,0.6275,0.6275,6.2746,13.2847
2021-10-11,2.9600,3.0000,2.9500,2.9900,0.0300,1.0100,3084897.2700,920163.1730,2.4200,5.2300,0.1031,0.5544,1.3300,4.8464,4.5623,0.5405,1.5904,1.5292,34998303.3873,29928453.8234,5564157.9186,104644927.1280,89486076.9320,6.0837,6.1906,0.6253,0.6253,6.2534,13.2399
2021-10-12,2.9800,2.9900,2.9700,2.9800,-0.0100,-0.3300,2406114.9600,716972.1800,2.4100,5.2100,0.0804,0.4324,0.9700,4.8301,4.5470,0.5387,1.5851,1.5241,34998303.3873,29928453.8234,5564157.9186,104294944.0942,89186792.3937,6.1041,6.2114,0.6211,0.6211,6.2114,13.1510
2021-10-13,2.9800,2.9800,2.9600,2.9600,-0.0200,-0.6700,1423437.4500,422339.0100,2.3900,5.1700,0.0476,0.2558,0.5600,4.7977,4.5165,0.5351,1.5745,1.5138,34998303.3873,29928453.8234,5564157.9186,103594978.0264,88588223.3173,6.1453,6.2534,0.6211,0.6211,6.2114,13.1510
2021-10-14,2.9700,2.9700,2.9500,2.9500,-0.0100,-0.3400,1332778.7900,393993.6830,2.3800,5.1600,0.0445,0.2395,0.5800,4.7815,4.5013,0.5333,1.5692,1.5087,34998303.3873,29928453.8234,5564157.9186,103244994.9925,88288938.7790,6.1662,6.2746,0.6232,0.6232,6.2323,13.1953
2021-10-15,2.9600,2.9600,2.9500,2.9500,0.0000,0.0000,1612849.7800,476510.4350,2.3800,5.1600,0.0539,0.2899,0.7400,4.7815,4.5013,0.5333,1.5692,1.5087,34998303.3873,29928453.8234,5564157.9186,103244994.9925,88288938.7790,6.1662,6.2746,0.6253,0.6253,6.2534,13.2399
2021-10-18,2.9500,2.9600,2.9400,2.9600,0.0100,0.3400,2012591.3600,594658.9450,2.3900,5.1700,0.0672,0.3617,1.0200,4.7977,4.5165,0.5351,1.5745,1.5138,34998303.3873,29928453.8234,5564157.9186,103594978.0264,88588223.3173,6.1453,6.2534,0.6275,0.6275,6.2746,13.2847
2021-10-19,2.9500,2.9600,2.9500,2.9500,-0.0100,-0.3400,1485276.1900,438564.1340,2.3800,5.1600,0.0496,0.2669,0.8500,4.7815,4.5013,0.5333,1.5692,1.5087,34998303.3873,29928453.8234,5564157.9186,103244994.9925,88288938.7790,6.1662,6.2746,0.6275,0.6275,6.2746,13.2847
2021-10-20,2.9500,2.9600,2.9400,2.9500,0.0000,0.0000,1482814.0000,437032.2690,2.3800,5.1600,0.0495,0.2665,0.9400,4.7815,4.5013,0.5333,1.5692,1.5087,34998303.3873,29928453.8234,5564157.9186,103244994.9925,88288938.7790,6.1662,6.2746,0.6275,0.6275,6.2746,13.2847
2021-10-21,2.9500,2.9700,2.9400,2.9700,0.0200,0.6800,2357274.6200,697813.5630,2.4000,5.1900,0.0788,0.4237,1.4900,4.8139,4.5318,0.5369,1.5798,1.5189,34998303.3873,29928453.8234,5564157.9186,103944961.0603,88887507.8555,6.1246,6.2323,0.6275,0.6275,6.2746,13.2847
2021-10-22,2.9700,2.9800,2.9500,2.9600,-0.0100,-0.3400,1671062.5500,495329.5770,2.3900,5.1700,0.0558,0.3003,0.9300,4.7977,4.5165,0.5351,1.5745,1.5138,34998303.3873,29928453.8234,5564157.9186,103594978.0264,88588223.3173,6.1453,6.2534,0.6232,0.6232,6.2323,13.1953
2021-10-25,2.9600,2.9700,2.9500,2.9600,0.0000,0.0000,1439506.3700,425766.3320,2.3900,5.1700,0.0481,0.2587,0.8000,4.7977,4.5165,0.5351,1.5745,1.5138,34998303.3873,29928453.8234,5564157.9186,103594978.0264,88588223.3173,6.1453,6.2534,0.6253,0.6253,6.2534,13.2399
2021-10-26,2.9600,2.9600,2.9400,2.9400,-0.0200,-0.6800,2177354.6700,641859.7720,2.3800,5.1400,0.0728,0.3913,1.2900,4.7653,4.4860,0.5315,1.5638,1.5036,34998303.3873,29928453.8234,5564157.9186,102895011.9587,87989654.2408,6.1871,6.2959,0.6253,0.6253,6.2534,13.2399
2021-10-27,2.9400,2.9500,2.9300,2.9400,0.0000,0.0000,1617751.3600,474975.1830,2.3800,5.1400,0.0541,0.2907,0.8900,4.7653,4.4860,0.5315,1.5638,1.5036,34998303.3873,29928453.8234,5564157.9186,102895011.9587,87989654.2408,6.1871,6.2959,0.6296,0.6296,6.2959,13.3299
2021-10-28,2.9400,2.9400,2.9200,2.9300,-0.0100,-0.3400,1586692.4900,465108.1270,2.3700,5.1200,0.0530,0.2852,0.8600,4.7491,4.4707,0.5297,1.5585,1.4985,34998303.3873,29928453.8234,5564157.9186,102545028.9248,87690369.7026,6.2082,6.3174,0.6296,0.6296,6.2959,13.3299
2021-10-29,2.9400,2.9400,2.9300,2.9400,0.0100,0.3400,1487462.6800,436756.0660,2.3800,5.1400,0.0497,0.2673,0.8800,4.7653,4.3361,0.5143,1.5638,1.4603,34998303.3873,29928453.8234,5564157.9186,102895011.9587,87989654.2408,6.1871,6.2959,0.6296,0.6296,6.2959,13.3299
2021-11-01,2.9400,2.9600,2.9300,2.9600,0.0200,0.6800,2672993.2900,788766.1360,2.3900,5.1700,0.0893,0.4804,1.6100,4.7977,4.3656,0.5178,1.5745,1.4702,34998303.3873,29928453.8234,5564157.9186,103594978.0264,88588223.3173,6.1453,6.2534,0.6296,0.6296,6.2959,13.3299
2021-11-02,2.9600,2.9600,2.9200,2.9300,-0.0300,-1.0100,3040744.3600,894058.6960,2.3700,5.1200,0.1016,0.5465,1.5900,4.7491,4.3213,0.5126,1.5585,1.4553,34998303.3873,29928453.8234,5564157.9186,102545028.9248,87690369.7026,6.2082,6.3174,0.6253,0.6253,6.2534,13.2399
2021-11-03,2.9300,2.9400,2.9200,2.9300,0.0000,0.0000,1752127.8200,513769.6630,2.3700,5.1200,0.0585,0.3149,0.8400,4.7491,4.3213,0.5126,1.5585,1.4553,34998303.3873,29928453.8234,5564157.9186,102545028.9248,87690369.7026,6.2082,6.3174,0.6317,0.6317,6.3174,13.3754
2021-11-04,2.9300,2.9400,2.9200,2.9200,-0.0100,-0.3400,1757474.5100,514137.1070,2.3600,5.1000,0.0587,0.3159,0.8300,4.7329,4.3066,0.5108,1.5532,1.4504,34998303.3873,29928453.8234,5564157.9186,102195045.8909,87391085.1643,6.2295,6.3390,0.6317,0.6317,6.3174,13.3754
2021-11-05,2.9200,2.9300,2.9200,2.9200,0.0000,0.0000,1400457.5300,409354.6190,2.3600,5.1000,0.0468,0.2517,0.6500,4.7329,4.3066,0.5108,1.5532,1.4504,34998303.3873,29928453.8234,5564157.9186,102195045.8909,87391085.1643,6.2295,6.3390,0.6339,0.6339,6.3390,13.4212
2021-11-08,2.9200,2.9300,2.9200,2.9200,0.0000,0.0000,1334760.7500,390205.9280,2.3600,5.1000,0.0446,0.2399,0.6300,4.7329,4.3066,0.5108,1.5532,1.4504,34998303.3873,29928453.8234,5564157.9186,102195045.8909,87391085.1643,6.2295,6.3390,0.6339,0.6339,6.3390,13.4212
2021-11-09,2.9300,2.9300,2.9200,2.9200,0.0000,0.0000,1220665.8700,356870.6710,2.3600,5.1000,0.0408,0.2194,0.6600,4.7329,4.3066,0.5108,1.5532,1.4504,34998303.3873,29928453.8234,5564157.9186,102195045.8909,87391085.1643,6.2295,6.3390,0.6317,0.6317,6.3174,13.3754
2021-11-10,2.9200,2.9300,2.9100,2.9100,-0.0100,-0.3400,1849563.7000,539373.1130,2.3500,5.0900,0.0618,0.3324,1.2400,4.7167,4.2918,0.5091,1.5479,1.4454,34998303.3873,29928453.8234,5564157.9186,101845062.8570,87091800.6261,6.2509,6.3608,0.6339,0.6339,6.3390,13.4212
2021-11-11,2.9100,2.9400,2.9100,2.9400,0.0300,1.0300,2288790.6300,670116.5150,2.3800,5.1400,0.0765,0.4113,1.5100,4.7653,4.3361,0.5143,1.5638,1.4603,34998303.3873,29928453.8234,5564157.9186,102895011.9587,87989654.2408,6.1871,6.2959,0.6361,0.6361,6.3608,13.4674
2021-11-12,2.9300,2.9400,2.9200,2.9300,-0.0100,-0.3400,1507437.2600,441395.6220,2.3700,5.1200,0.0504,0.2709,0.9300,4.7491,4.3213,0.5126,1.5585,1.4553,34998303.3873,29928453.8234,5564157.9186,102545028.9248,87690369.7026,6.2082,6.3174,0.6317,0.6317,6.3174,13.3754
2021-11-15,2.9300,2.9400,2.9200,2.9300,0.0000,0.0000,1420809.9700,416384.7900,2.3700,5.1200,0.0475,0.2554,0.8700,4.7491,4.3213,0.5126,1.5585,1.4553,34998303.3873,29928453.8234,5564157.9186,102545028.9248,87690369.7026,6.2082,6.3174,0.6317,0.6317,6.3174,13.3754
2021-11-16,2.9300,2.9400,2.9200,2.9300,0.0000,0.0000,1444860.9700,423157.6480,2.3700,5.1200,0.0483,0.2597,0.8700,4.7491,4.3213,0.5126,1.5585,1.4553,34998303.3873,29928453.8234,5564157.9186,102545028.9248,87690369.7026,6.2082,6.3174,0.6317,0.6317,6.3174,13.3754
2021-11-17,2.9300,2.9400,2.9200,2.9300,0.0000,0.0000,1778329.6000,520597.5000,2.3700,5.1200,0.0594,0.3196,1.0400,4.7491,4.3213,0.5126,1.5585,1.4553,34998303.3873,29928453.8234,5564157.9186,102545028.9248,87690369.7026,6.2082,6.3174,0.6317,0.6317,6.3174,13.3754
2021-11-18,2.9300,2.9400,2.9200,2.9300,0.0000,0.0000,1448098.3800,424794.8070,2.3700,5.1200,0.0484,0.2603,0.8600,4.7491,4.3213,0.5126,1.5585,1.4553,34998303.3873,29928453.8234,5564157.9186,102545028.9248,87690369.7026,6.2082,6.3174,0.6317,0.6317,6.3174,13.3754
2021-11-19,2.9300,2.9500,2.9300,2.9500,0.0200,0.6800,2314892.4100,680471.8850,2.3800,5.1600,0.0773,0.4160,1.5200,4.7815,4.3508,0.5161,1.5692,1.4653,34998303.3873,29928453.8234,5564157.9186,103244994.9925,88288938.7790,6.1662,6.2746,0.6317,0.6317,6.3174,13.3754
2021-11-22,2.9400,2.9500,2.9300,2.9400,-0.0100,-0.3400,1842326.5400,541779.9890,2.3800,5.1400,0.0616,0.3311,1.1000,4.7653,4.3361,0.5143,1.5638,1.4603,34998303.3873,29928453.8234,5564157.9186,102895011.9587,87989654.2408,6.1871,6.2959,0.6296,0.6296,6.2959,13.3299
2021-11-23,2.9400,2.9400,2.9300,2.9400,0.0000,0.0000,1454401.8500,426858.4210,2.3800,5.1400,0.0486,0.2614,0.8200,4.7653,4.3361,0.5143,1.5638,1.4603,34998303.3873,29928453.8234,5564157.9186,102895011.9587,87989654.2408,6.1871,6.2959,0.6296,0.6296,6.2959,13.3299
2021-11-24,2.9300,2.9400,2.9300,2.9400,0.0000,0.0000,1277551.8300,375007.9120,2.3800,5.1400,0.0427,0.2296,0.7200,4.7653,4.3361,0.5143,1.5638,1.4603,34998303.3873,29928453.8234,5564157.9186,102895011.9587,87989654.2408,6.1871,6.2959,0.6317,0.6317,6.3174,13.3754
2021-11-25,2.9300,2.9400,2.9200,2.9200,-0.0200,-0.6800,1473214.7900,431653.1140,2.3600,5.1000,0.0492,0.2648,0.8800,4.7329,4.3066,0.5108,1.5532,1.4504,34998303.3873,29928453.8234,5564157.9186,102195045.8909,87391085.1643,6.2295,6.3390,0.6317,0.6317,6.3174,13.3754
2021-11-26,2.9300,2.9300,2.9100,2.9200,0.0000,0.0000,2041048.0100,596008.2490,2.3600,5.1000,0.0682,0.3668,1.2200,4.7329,4.3066,0.5108,1.5532,1.4504,34998303.3873,29928453.8234,5564157.9186,102195045.8909,87391085.1643,6.2295,6.3390,0.6317,0.6317,6.3174,13.3754
2021-11-29,2.9100,2.9200,2.9100,2.9200,0.0000,0.0000,2426868.4200,707234.6780,2.3600,5.1000,0.0811,0.4362,1.5000,4.7329,4.3066,0.5108,1.5532,1.4504,34998303.3873,29928453.8234,5564157.9186,102195045.8909,87391085.1643,6.2295,6.3390,0.6361,0.6361,6.3608,13.4674
2021-11-30,2.9200,2.9200,2.9100,2.9100,-0.0100,-0.3400,1969398.7200,573780.6320,2.3500,5.0900,0.0658,0.3539,1.1400,4.7167,4.2918,0.5091,1.5479,1.4454,34998303.3873,29928453.8234,5564157.9186,101845062.8570,87091800.6261,6.2509,6.3608,0.6339,0.6339,6.3390,13.4212
2021-12-01,2.9100,2.9300,2.9100,2.9300,0.0200,0.6900,1810932.4300,529354.1210,2.3700,5.1200,0.0605,0.3255,0.9900,4.7491,4.3213,0.5126,1.5585,1.4553,34998303.3873,29928453.8234,5564157.9186,102545028.9248,87690369.7026,6.2082,6.3174,0.6361,0.6361,6.3608,13.4674
2021-12-02,2.9300,2.9300,2.9200,2.9300,0.0000,0.0000,1802016.9400,526986.7420,2.3700,5.1200,0.0602,0.3239,0.9300,4.7491,4.3213,0.5126,1.5585,1.4553,34998303.3873,29928453.8234,5564157.9186,102545028.9248,87690369.7026,6.2082,6.3174,0.6317,0.6317,6.3174,13.3754
2021-12-03,2.9200,2.9300,2.9200,2.9300,0.0000,0.0000,1576915.7500,461163.7790,2.3700,5.1200,0.0527,0.2834,0.7800,4.7491,4.3213,0.5126,1.5585,1.4553,34998303.3873,29928453.8234,5564157.9186,102545028.9248,87690369.7026,6.2082,6.3174,0.6339,0.6339,6.3390,13.4212
2021-12-06,2.9300,2.9400,2.9200,2.9300,0.0000,0.0000,2165852.4500,635246.4650,2.3700,5.1200,0.0724,0.3893,1.1300,4.7491,4.3213,0.5126,1.5585,1.4553,34998303.3873,29928453.8234,5564157.9186,102545028.9248,87690369.7026,6.2082,6.3174,0.6317,0.6317,6.3174,13.3754
2021-12-07,2.9400,2.9500,2.9300,2.9400,0.0100,0.3400,3022806.6400,888732.6150,2.3800,5.1400,0.1010,0.5433,1.6200,4.7653,4.3361,0.5143,1.5638,1.4603,34998303.3873,29928453.8234,5564157.9186,102895011.9587,87989654.2408,6.1871,6.2959,0.6296,0.6296,6.2959,13.3299
2021-12-08,2.9500,2.9500,2.9300,2.9300,-0.0100,-0.3400,2561223.1400,751441.4250,2.3700,5.1200,0.0856,0.4603,1.2300,4.7491,4.3213,0.5126,1.5585,1.4553,34998303.3873,29928453.8234,5564157.9186,102545028.9248,87690369.7026,6.2082,6.3174,0.6275,0.6275,6.2746,13.2847
2021-12-09,2.9400,2.9500,2.9300,2.9500,0.0200,0.6800,3287483.4600,967615.1140,2.3800,5.1600,0.1098,0.5908,1.4800,4.7815,4.3508,0.5161,1.5692,1.4653,34998303.3873,29928453.8234,5564157.9186,103244994.9925,88288938.7790,6.1662,6.2746,0.6296,0.6296,6.2959,13.3299
2021-12-10,2.9400,2.9500,2.9400,2.9400,-0.0100,-0.3400,3422934.8500,1008094.2850,2.3800,5.1400,0.1144,0.6152,1.3600,4.7653,4.3361,0.5143,1.5638,1.4603,34998303.3873,29928453.8234,5564157.9186,102895011.9587,87989654.2408,6.1871,6.2959,0.6296,0.6296,6.2959,13.3299
2021-12-13,2.9400,2.9500,2.9300,2.9300,-0.0100,-0.3400,2575867.8200,757737.4330,2.3700,5.1200,0.0861,0.4629,0.8900,4.7491,4.3213,0.5126,1.5585,1.4553,34998303.3873,29928453.8234,5564157.9186,102545028.9248,87690369.7026,6.2082,6.3174,0.6296,0.6296,6.2959,13.3299
2021-12-14,2.9300,2.9400,2.9200,2.9300,0.0000,0.0000,2424295.7000,711139.2830,2.3700,5.1200,0.0810,0.4357,0.8200,4.7491,4.3213,0.5126,1.5585,1.4553,34998303.3873,29928453.8234,5564157.9186,102545028.9248,87690369.7026,6.2082,6.3174,0.6317,0.6317,6.3174,13.3754
2021-12-15,2.9200,2.9400,2.9200,2.9300,0.0000,0.0000,2405472.5800,703990.4350,2.3700,5.1200,0.0804,0.4323,0.8400,4.7491,4.3213,0.5126,1.5585,1.4553,34998303.3873,29928453.8234,5564157.9186,102545028.9248,87690369.7026,6.2082,6.3174,0.6339,0.6339,6.3390,13.4212
2021-12-16,2.9300,2.9400,2.9200,2.9400,0.0100,0.3400,2524123.6200,740494.9780,2.3800,5.1400,0.0843,0.4536,0.8900,4.7653,4.3361,0.5143,1.5638,1.4603,34998303.3873,29928453.8234,5564157.9186,102895011.9587,87989654.2408,6.1871,6.2959,0.6317,0.6317,6.3174,13.3754
2021-12-17,2.9400,2.9400,2.9300,2.9300,-0.0100,-0.3400,2102581.4600,616808.8220,2.3700,5.1200,0.0703,0.3779,0.7900,4.7491,4.3213,0.5126,1.5585,1.4553,34998303.3873,29928453.8234,5564157.9186,102545028.9248,87690369.7026,6.2082,6.3174,0.6296,0.6296,6.2959,13.3299
2021-12-20,2.9300,2.9400,2.9300,2.9400,0.0100,0.3400,1757761.7400,516219.7750,2.3800,5.1400,0.0587,0.3159,0.7300,4.7653,4.3361,0.5143,1.5638,1.4603,34998303.3873,29928453.8234,5564157.9186,102895011.9587,87989654.2408,6.1871,6.2959,0.6317,0.6317,6.3174,13.3754
2021-12-21,2.9400,2.9500,2.9300,2.9400,0.0000,0.0000,2765155.1900,814104.6550,2.3800,5.1400,0.0924,0.4970,1.2300,4.7653,4.3361,0.5143,1.5638,1.4603,34998303.3873,29928453.8234,5564157.9186,102895011.9587,87989654.2408,6.1871,6.2959,0.6296,0.6296,6.2959,13.3299
2021-12-22,2.9500,2.9600,2.9400,2.9400,0.0000,0.0000,2350068.6100,692520.5900,2.3800,5.1400,0.0785,0.4224,1.0200,4.7653,4.3361,0.5143,1.5638,1.4603,34998303.3873,29928453.8234,5564157.9186,102895011.9587,87989654.2408,6.1871,6.2959,0.6275,0.6275,6.2746,13.2847
2021-12-23,2.9400,2.9500,2.9300,2.9400,0.0000,0.0000,1640132.3200,482534.6940,2.3800,5.1400,0.0548,0.2948,0.7100,4.7653,4.3361,0.5143,1.5638,1.4603,34998303.3873,29928453.8234,5564157.9186,102895011.9587,87989654.2408,6.1871,6.2959,0.6296,0.6296,6.2959,13.3299
2021-12-24,2.9400,2.9500,2.9300,2.9400,0.0000,0.0000,1331792.0000,391172.2600,2.3800,5.1400,0.0445,0.2394,0.6300,4.7653,4.3361,0.5143,1.5638,1.4603,34998303.3873,29928453.8234,5564157.9186,102895011.9587,87989654.2408,6.1871,6.2959,0.6296,0.6296,6.2959,13.3299
2021-12-27,2.9400,2.9400,2.9300,2.9400,0.0000,0.0000,1310715.0100,384839.2810,2.3800,5.1400,0.0438,0.2356,0.6700,4.7653,4.3361,0.5143,1.5638,1.4603,34998303.3873,29928453.8234,5564157.9186,102895011.9587,87989654.2408,6.1871,6.2959,0.6296,0.6296,6.2959,13.3299
2021-12-28,2.9400,2.9600,2.9300,2.9500,0.0100,0.3400,2946584.5600,868094.7850,2.3800,5.1600,0.0985,0.5296,1.5700,4.7815,4.3508,0.5161,1.5692,1.4653,34998303.3873,29928453.8234,5564157.9186,103244994.9925,88288938.7790,6.1662,6.2746,0.6296,0.6296,6.2959,13.3299
2021-12-29,2.9400,2.9500,2.9300,2.9400,-0.0100,-0.3400,1619991.0300,476009.2680,2.3800,5.1400,0.0541,0.2911,0.8500,4.7653,4.3361,0.5143,1.5638,1.4603,34998303.3873,29928453.8234,5564157.9186,102895011.9587,87989654.2408,6.1871,6.2959,0.6296,0.6296,6.2959,13.3299
2021-12-30,2.9400,2.9400,2.9300,2.9400,0.0000,0.0000,1830234.1800,537349.4690,2.3800,5.1400,0.0612,0.3289,1.0300,4.7653,4.3361,0.5143,1.5638,1.4603,34998303.3873,29928453.8234,5564157.9186,102895011.9587,87989654.2408,6.1871,6.2959,0.6296,0.6296,6.2959,13.3299
2021-12-31,2.9400,2.9400,2.9300,2.9400,0.0000,0.0000,1073074.3600,315010.0300,2.3800,5.1400,0.0359,0.1929,0.5900,4.7653,4.3361,0.5143,1.5638,1.4603,34998303.3873,29928453.8234,5564157.9186,102895011.9587,87989654.2408,6.1871,6.2959,0.6296,0.6296,6.2959,13.3299
2022-01-04,2.9400,2.9500,2.9300,2.9400,0.0000,0.0000,2310244.1400,679017.9500,2.3800,5.1400,0.0772,0.4152,1.3200,4.7653,4.3361,0.5143,1.5638,1.4603,34998303.3873,29928453.8234,5564157.9186,102895011.9587,87989654.2408,6.2959,6.2959,0.7034,0.7034,7.0340,14.5918
2022-01-05,2.9400,2.9700,2.9400,2.9700,0.0300,1.0200,4724650.7200,1398675.6550,2.4000,5.1900,0.1579,0.8491,2.4200,4.8139,4.3803,0.5196,1.5798,1.4752,34998303.3873,29928453.8234,5564157.9186,103944961.0603,88887507.8555,6.2323,6.2323,0.7034,0.7034,7.0340,14.5918
2022-01-06,2.9600,2.9700,2.9600,2.9600,-0.0100,-0.3400,2214268.1700,656735.4140,2.3900,5.1700,0.0740,0.3980,0.9600,4.7977,4.3656,0.5178,1.5745,1.4702,34998303.3873,29928453.8234,5564157.9186,103594978.0264,88588223.3173,6.2534,6.2534,0.6986,0.6986,6.9865,14.4932
2022-01-07,2.9600,3.0000,2.9600,2.9900,0.0300,1.0100,4190490.1500,1249574.4660,2.4200,5.2300,0.1400,0.7531,1.7200,4.8464,4.4098,0.5231,1.5904,1.4851,34998303.3873,29928453.8234,5564157.9186,104644927.1280,89486076.9320,6.1906,6.1906,0.6986,0.6986,6.9865,14.4932
2022-01-10,2.9900,3.0100,2.9800,2.9900,0.0000,0.0000,3135206.8300,938625.5860,2.4200,5.2300,0.1048,0.5635,1.0800,4.8464,4.4098,0.5231,1.5904,1.4851,34998303.3873,29928453.8234,5564157.9186,104644927.1280,89486076.9320,6.1906,6.1906,0.6916,0.6916,6.9164,14.3478
2022-01-11,2.9900,3.0100,2.9800,3.0000,0.0100,0.3300,2427763.2000,728641.2380,2.4300,5.2400,0.0811,0.4363,0.7300,4.8626,4.4246,0.5248,1.5958,1.4901,34998303.3873,29928453.8234,5564157.9186,104994910.1619,89785361.4702,6.1700,6.1700,0.6916,0.6916,6.9164,14.3478
2022-01-12,3.0000,3.0100,2.9700,2.9800,-0.0200,-0.6700,2532623.7500,755871.6130,2.4100,5.2100,0.0846,0.4552,0.7600,4.8301,4.3951,0.5213,1.5851,1.4802,34998303.3873,29928453.8234,5564157.9186,104294944.0942,89186792.3937,6.2114,6.2114,0.6893,0.6893,6.8933,14.3000
2022-01-13,2.9800,3.0100,2.9800,3.0100,0.0300,1.0100,3369837.3400,1011846.5830,2.4300,5.2600,0.1126,0.6056,1.1600,4.8788,4.4393,0.5266,1.6011,1.4951,34998303.3873,29928453.8234,5564157.9186,105344893.1958,90084646.0084,6.1495,6.1495,0.6940,0.6940,6.9396,14.3960
2022-01-14,3.0100,3.0100,2.9600,2.9700,-0.0400,-1.3300,3132315.0000,934219.5730,2.4000,5.1900,0.1047,0.5629,1.0000,4.8139,4.3803,0.5196,1.5798,1.4752,34998303.3873,29928453.8234,5564157.9186,103944961.0603,88887507.8555,6.2323,6.2323,0.6870,0.6870,6.8704,14.2525
2022-01-17,2.9700,2.9800,2.9500,2.9500,-0.0200,-0.6700,2017546.1800,596789.9390,2.3800,5.1600,0.0674,0.3626,0.6900,4.7815,4.3508,0.5161,1.5692,1.4653,34998303.3873,29928453.8234,5564157.9186,103244994.9925,88288938.7790,6.2746,6.2746,0.6963,0.6963,6.9630,14.4444
2022-01-18,2.9600,2.9900,2.9500,2.9900,0.0400,1.3600,2973020.0700,882677.8890,2.4200,5.2300,0.0993,0.5343,1.1000,4.8464,4.4098,0.5231,1.5904,1.4851,34998303.3873,29928453.8234,5564157.9186,104644927.1280,89486076.9320,6.1906,6.1906,0.6986,0.6986,6.9865,14.4932
2022-01-19,2.9800,2.9900,2.9700,2.9800,-0.0100,-0.3300,2155923.4700,643322.9520,2.4100,5.2100,0.0720,0.3875,0.7700,4.8301,4.3951,0.5213,1.5851,1.4802,34998303.3873,29928453.8234,5564157.9186,104294944.0942,89186792.3937,6.2114,6.2114,0.6940,0.6940,6.9396,14.3960
2022-01-20,2.9900,3.0100,2.9800,3.0000,0.0200,0.6700,3611030.1300,1083894.3110,2.4300,5.2400,0.1207,0.6490,1.3200,4.8626,4.4246,0.5248,1.5958,1.4901,34998303.3873,29928453.8234,5564157.9186,104994910.1619,89785361.4702,6.1700,6.1700,0.6916,0.6916,6.9164,14.3478
2022-01-21,3.0000,3.0100,2.9800,3.0000,0.0000,0.0000,2287637.8100,683519.5540,2.4300,5.2400,0.0764,0.4111,0.8200,4.8626,4.4246,0.5248,1.5958,1.4901,34998303.3873,29928453.8234,5564157.9186,104994910.1619,89785361.4702,6.1700,6.1700,0.6893,0.6893,6.8933,14.3000
2022-01-24,2.9900,3.0000,2.9700,2.9900,-0.0100,-0.3300,2873471.5000,858239.1460,2.4200,5.2300,0.0960,0.5164,1.1000,4.8464,4.4098,0.5231,1.5904,1.4851,34998303.3873,29928453.8234,5564157.9186,104644927.1280,89486076.9320,6.1906,6.1906,0.6916,0.6916,6.9164,14.3478
2022-01-25,2.9800,2.9900,2.9500,2.9500,-0.0400,-1.3400,2748279.8600,815030.1190,2.3800,5.1600,0.0918,0.4939,0.9900,4.7815,4.3508,0.5161,1.5692,1.4653,34998303.3873,29928453.8234,5564157.9186,103244994.9925,88288938.7790,6.2746,6.2746,0.6940,0.6940,6.9396,14.3960
2022-01-26,2.9500,2.9700,2.9500,2.9600,0.0100,0.3400,2319472.0000,685802.1510,2.3900,5.1700,0.0775,0.4169,0.8500,4.7977,4.3656,0.5178,1.5745,1.4702,34998303.3873,29928453.8234,5564157.9186,103594978.0264,88588223.3173,6.2534,6.2534,0.7010,0.7010,7.0102,14.5424
2022-01-27,2.9500,2.9700,2.9400,2.9500,-0.0100,-0.3400,3112173.5000,919160.0940,2.3800,5.1600,0.1040,0.5593,1.1200,4.7815,4.3508,0.5161,1.5692,1.4653,34998303.3873,29928453.8234,5564157.9186,103244994.9925,88288938.7790,6.2746,6.2746,0.7010,0.7010,7.0102,14.5424
2022-01-28,2.9500,2.9800,2.9500,2.9600,0.0100,0.3400,3668890.7700,1088860.1200,2.3900,5.1700,0.1226,0.6594,1.3800,4.7977,4.3656,0.5178,1.5745,1.4702,34998303.3873,29928453.8234,5564157.9186,103594978.0264,88588223.3173,6.2534,6.2534,0.7010,0.7010,7.0102,14.5424
2022-02-07,2.9800,3.0100,2.9700,3.0000,0.0400,1.3500,3503654.0000,1049043.0690,2.4300,5.2400,0.1171,0.6297,1.1900,4.8626,4.4246,0.5248,1.5958,1.4901,34998303.3873,29928453.8234,5564157.9186,104994910.1619,89785361.4702,6.1700,6.1700,0.6940,0.6940,6.9396,14.3960
2022-02-08,3.0000,3.0800,3.0000,3.0600,0.0600,2.0000,5738496.8900,1747192.4820,2.4700,5.3500,0.1917,1.0313,1.8700,4.9598,4.5131,0.5353,1.6277,1.5199,34998303.3873,29928453.8234,5564157.9186,107094808.3651,91581068.6996,6.0490,6.0490,0.6893,0.6893,6.8933,14.3000
2022-02-09,3.0600,3.0800,3.0400,3.0500,-0.0100,-0.3300,4156029.0300,1271945.2140,2.4700,5.3300,0.1389,0.7469,1.1300,4.9436,4.4983,0.5336,1.6224,1.5149,34998303.3873,29928453.8234,5564157.9186,106744825.3313,91281784.1614,6.0689,6.0689,0.6758,0.6758,6.7582,14.0196
2022-02-10,3.0500,3.0800,3.0400,3.0800,0.0300,0.9800,3321913.3300,1017759.2290,2.4900,5.3800,0.1110,0.5970,0.8200,4.9922,4.5426,0.5388,1.6383,1.5298,34998303.3873,29928453.8234,5564157.9186,107794774.4329,92179637.7761,6.0097,6.0097,0.6780,0.6780,6.7803,14.0656
2022-02-11,3.0700,3.0900,3.0600,3.0800,0.0000,0.0000,3387087.9500,1042018.8140,2.4900,5.3800,0.1132,0.6087,0.8300,4.9922,4.5426,0.5388,1.6383,1.5298,34998303.3873,29928453.8234,5564157.9186,107794774.4329,92179637.7761,6.0097,6.0097,0.6736,0.6736,6.7362,13.9739
2022-02-14,3.0800,3.0800,3.0300,3.0400,-0.0400,-1.3000,3397755.0000,1036194.8950,2.4600,5.3100,0.1135,0.6107,0.8400,4.9274,4.4836,0.5318,1.6170,1.5100,34998303.3873,29928453.8234,5564157.9186,106394842.2974,90982499.6231,6.0888,6.0888,0.6714,0.6714,6.7143,13.9286
2022-02-15,3.0400,3.0500,3.0200,3.0200,-0.0200,-0.6600,3123907.6600,948451.7930,2.4400,5.2800,0.1044,0.5614,0.7800,4.8950,4.4541,0.5283,1.6064,1.5000,34998303.3873,29928453.8234,5564157.9186,105694876.2296,90383930.5467,6.1291,6.1291,0.6803,0.6803,6.8026,14.1118
2022-02-16,3.0300,3.0500,3.0300,3.0400,0.0200,0.6600,1845041.6800,560434.3180,2.4600,5.3100,0.0616,0.3316,0.5300,4.9274,4.4836,0.5318,1.6170,1.5100,34998303.3873,29928453.8234,5564157.9186,106394842.2974,90982499.6231,6.0888,6.0888,0.6825,0.6825,6.8251,14.1584
2022-02-17,3.0400,3.0600,3.0300,3.0400,0.0000,0.0000,2678942.7800,815437.9650,2.4600,5.3100,0.0895,0.4815,0.8900,4.9274,4.4836,0.5318,1.6170,1.5100,34998303.3873,29928453.8234,5564157.9186,106394842.2974,90982499.6231,6.0888,6.0888,0.6803,0.6803,6.8026,14.1118
2022-02-18,3.0300,3.0500,3.0300,3.0500,0.0100,0.3300,1879300.4800,571265.3560,2.4700,5.3300,0.0628,0.3378,0.6500,4.9436,4.4983,0.5336,1.6224,1.5149,34998303.3873,29928453.8234,5564157.9186,106744825.3313,91281784.1614,6.0689,6.0689,0.6825,0.6825,6.8251,14.1584
2022-02-21,3.0500,3.0500,3.0300,3.0300,-0.0200,-0.6600,1853321.0900,562213.4370,2.4500,5.3000,0.0619,0.3331,0.7200,4.9112,4.4688,0.5301,1.6117,1.5050,34998303.3873,29928453.8234,5564157.9186,106044859.2635,90683215.0849,6.1089,6.1089,0.6780,0.6780,6.7803,14.0656
2022-02-22,3.0300,3.0300,3.0100,3.0100,-0.0200,-0.6600,1966749.5400,593734.7910,2.4300,5.2600,0.0657,0.3535,0.8600,4.8788,4.4393,0.5266,1.6011,1.4951,34998303.3873,29928453.8234,5564157.9186,105344893.1958,90084646.0084,6.1495,6.1495,0.6825,0.6825,6.8251,14.1584
2022-02-23,3.0200,3.0200,3.0000,3.0100,0.0000,0.0000,2427223.5500,729779.7270,2.4300,5.2600,0.0811,0.4362,1.1900,4.8788,4.4393,0.5266,1.6011,1.4951,34998303.3873,29928453.8234,5564157.9186,105344893.1958,90084646.0084,6.1495,6.1495,0.6848,0.6848,6.8477,14.2053
2022-02-24,3.0000,3.0100,2.9700,2.9700,-0.0400,-1.3300,3393577.9700,1014393.1670,2.4000,5.1900,0.1134,0.6099,1.5700,4.8139,4.3803,0.5196,1.5798,1.4752,34998303.3873,29928453.8234,5564157.9186,103944961.0603,88887507.8555,6.2323,6.2323,0.6893,0.6893,6.8933,14.3000
2022-02-25,2.9800,2.9900,2.9600,2.9700,0.0000,0.0000,3150082.0700,936673.8460,2.4000,5.1900,0.1053,0.5661,1.3700,4.8139,4.3803,0.5196,1.5798,1.4752,34998303.3873,29928453.8234,5564157.9186,103944961.0603,88887507.8555,6.2323,6.2323,0.6940,0.6940,6.9396,14.3960
2022-02-28,2.9600,2.9800,2.9600,2.9800,0.0100,0.3400,2508246.6500,745574.4530,2.4100,5.2100,0.0838,0.4508,0.9800,4.8301,4.3951,0.5213,1.5851,1.4802,34998303.3873,29928453.8234,5564157.9186,104294944.0942,89186792.3937,6.2114,6.2114,0.6986,0.6986,6.9865,14.4932
2022-03-01,2.9700,3.0000,2.9700,3.0000,0.0200,0.6700,2117196.8700,632665.2080,2.4300,5.2400,0.0707,0.3805,0.7900,4.8626,4.4246,0.5248,1.5958,1.4901,34998303.3873,29928453.8234,5564157.9186,104994910.1619,89785361.4702,6.1700,6.1700,0.6963,0.6963,6.9630,14.4444
2022-03-02,2.9900,3.0000,2.9800,3.0000,0.0000,0.0000,1900071.9100,569001.1590,2.4300,5.2400,0.0635,0.3415,0.7000,4.8626,4.4246,0.5248,1.5958,1.4901,34998303.3873,29928453.8234,5564157.9186,104994910.1619,89785361.4702,6.1700,6.1700,0.6916,0.6916,6.9164,14.3478
2022-03-03,3.0000,3.0200,2.9900,3.0100,0.0100,0.3300,2239996.8500,674048.8730,2.4300,5.2600,0.0748,0.4026,0.8600,4.8788,4.4393,0.5266,1.6011,1.4951,34998303.3873,29928453.8234,5564157.9186,105344893.1958,90084646.0084,6.1495,6.1495,0.6893,0.6893,6.8933,14.3000
2022-03-04,3.0200,3.0200,2.9900,3.0000,-0.0100,-0.3300,2518340.0400,755122.3730,2.4300,5.2400,0.0841,0.4526,1.0600,4.8626,4.4246,0.5248,1.5958,1.4901,34998303.3873,29928453.8234,5564157.9186,104994910.1619,89785361.4702,6.1700,6.1700,0.6848,0.6848,6.8477,14.2053
2022-03-07,2.9900,3.0000,2.9700,2.9700,-0.0300,-1.0000,3256040.1300,971876.3430,2.4000,5.1900,0.1088,0.5852,1.4400,4.8139,4.3803,0.5196,1.5798,1.4752,34998303.3873,29928453.8234,5564157.9186,103944961.0603,88887507.8555,6.2323,6.2323,0.6916,0.6916,6.9164,14.3478
2022-03-08,2.9700,2.9800,2.9600,2.9700,0.0000,0.0000,3376255.0500,1002979.9050,2.4000,5.1900,0.1128,0.6068,1.4000,4.8139,4.3803,0.5196,1.5798,1.4752,34998303.3873,29928453.8234,5564157.9186,103944961.0603,88887507.8555,6.2323,6.2323,0.6963,0.6963,6.9630,14.4444
2022-03-09,2.9700,2.9800,2.9300,2.9400,-0.0300,-1.0100,4369285.0900,1292044.6970,2.3800,5.1400,0.1460,0.7853,1.6400,4.7653,4.3361,0.5143,1.5638,1.4603,34998303.3873,29928453.8234,5564157.9186,102895011.9587,87989654.2408,6.2959,6.2959,0.6963,0.6963,6.9630,14.4444
2022-03-10,2.9600,2.9700,2.9400,2.9400,0.0000,0.0000,2222318.6000,656136.8100,2.3800,5.1400,0.0743,0.3994,0.7100,4.7653,4.3361,0.5143,1.5638,1.4603,34998303.3873,29928453.8234,5564157.9186,102895011.9587,87989654.2408,6.2959,6.2959,0.6986,0.6986,6.9865,14.4932
2022-03-11,2.9400,2.9800,2.9300,2.9700,0.0300,1.0200,3726251.0700,1098998.9230,2.4000,5.1900,0.1245,0.6697,1.1800,4.8139,4.3803,0.5196,1.5798,1.4752,34998303.3873,29928453.8234,5564157.9186,103944961.0603,88887507.8555,6.2323,6.2323,0.7034,0.7034,7.0340,14.5918
2022-03-14,2.9600,3.0000,2.9500,2.9700,0.0000,0.0000,3993175.4700,1190179.3650,2.4000,5.1900,0.1334,0.7177,1.1800,4.8139,4.3803,0.5196,1.5798,1.4752,34998303.3873,29928453.8234,5564157.9186,103944961.0603,88887507.8555,6.2323,6.2323,0.6986,0.6986,6.9865,14.4932
2022-03-15,2.9700,2.9700,2.9200,2.9300,-0.0400,-1.3500,4766698.9500,1402847.2960,2.3700,5.1200,0.1593,0.8567,1.3500,4.7491,4.3213,0.5126,1.5585,1.4553,34998303.3873,29928453.8234,5564157.9186,102545028.9248,87690369.7026,6.3174,6.3174,0.6963,0.6963,6.9630,14.4444
2022-03-16,2.9300,2.9500,2.9000,2.9400,0.0100,0.3400,4194328.6300,1226601.5930,2.3800,5.1400,0.1401,0.7538,1.1000,4.7653,4.3361,0.5143,1.5638,1.4603,34998303.3873,29928453.8234,5564157.9186,102895011.9587,87989654.2408,6.2959,6.2959,0.7058,0.7058,7.0580,14.6416
2022-03-17,2.9500,2.9500,2.9200,2.9300,-0.0100,-0.3400,4070341.5400,1193908.4570,2.3700,5.1200,0.1360,0.7315,1.0800,4.7491,4.3213,0.5126,1.5585,1.4553,34998303.3873,29928453.8234,5564157.9186,102545028.9248,87690369.7026,6.3174,6.3174,0.7010,0.7010,7.0102,14.5424
2022-03-18,2.9300,2.9700,2.9200,2.9600,0.0300,1.0200,4126359.3000,1217035.7160,2.3900,5.1700,0.1379,0.7416,0.9900,4.7977,4.3656,0.5178,1.5745,1.4702,34998303.3873,29928453.8234,5564157.9186,103594978.0264,88588223.3173,6.2534,6.2534,0.7058,0.7058,7.0580,14.6416
2022-03-21,2.9600,2.9700,2.9400,2.9400,-0.0200,-0.6800,2114648.9800,624082.6200,2.3800,5.1400,0.0707,0.3800,0.5000,4.7653,4.3361,0.5143,1.5638,1.4603,34998303.3873,29928453.8234,5564157.9186,102895011.9587,87989654.2408,6.2959,6.2959,0.6986,0.6986,6.9865,14.4932
2022-03-22,2.9500,2.9900,2.9400,2.9900,0.0500,1.7000,3911381.0000,1163591.8560,2.4200,5.2300,0.1307,0.7030,1.0100,4.8464,4.4098,0.5231,1.5904,1.4851,34998303.3873,29928453.8234,5564157.9186,104644927.1280,89486076.9320,6.1906,6.1906,0.7010,0.7010,7.0102,14.5424
2022-03-23,2.9900,3.0000,2.9700,2.9900,0.0000,0.0000,2324451.9000,692924.5790,2.4200,5.2300,0.0777,0.4178,0.6300,4.8464,4.4098,0.5231,1.5904,1.4851,34998303.3873,29928453.8234,5564157.9186,104644927.1280,89486076.9320,6.1906,6.1906,0.6916,0.6916,6.9164,14.3478
2022-03-24,2.9800,3.0000,2.9700,2.9900,0.0000,0.0000,1941442.1500,579873.8240,2.4200,5.2300,0.0649,0.3489,0.5900,4.8464,4.4098,0.5231,1.5904,1.4851,34998303.3873,29928453.8234,5564157.9186,104644927.1280,89486076.9320,6.1906,6.1906,0.6940,0.6940,6.9396,14.3960
2022-03-25,2.9900,3.0000,2.9800,2.9800,-0.0100,-0.3300,2021454.5100,603601.8200,2.4100,5.2100,0.0675,0.3633,0.7000,4.8301,4.3951,0.5213,1.5851,1.4802,34998303.3873,29928453.8234,5564157.9186,104294944.0942,89186792.3937,6.2114,6.2114,0.6916,0.6916,6.9164,14.3478
2022-03-28,2.9800,3.0200,2.9600,3.0200,0.0400,1.3400,3580567.3400,1072064.4440,2.4400,5.2800,0.1196,0.6435,1.4500,4.8950,4.4541,0.5283,1.6064,1.5000,34998303.3873,29928453.8234,5564157.9186,105694876.2296,90383930.5467,6.1291,6.1291,0.6940,0.6940,6.9396,14.3960
2022-03-29,3.0100,3.0300,3.0000,3.0300,0.0100,0.3300,2120655.2500,640843.4220,2.4500,5.3000,0.0709,0.3811,0.7700,4.9112,4.4688,0.5301,1.6117,1.5050,34998303.3873,29928453.8234,5564157.9186,106044859.2635,90683215.0849,6.1089,6.1089,0.6870,0.6870,6.8704,14.2525
2022-03-30,3.0400,3.0500,3.0200,3.0500,0.0200,0.6600,3934578.9200,1195879.5190,2.4700,5.3300,0.1315,0.7071,1.6400,4.9436,4.4983,0.5336,1.6224,1.5149,34998303.3873,29928453.8234,5564157.9186,106744825.3313,91281784.1614,6.0689,6.0689,0.6803,0.6803,6.8026,14.1118
2022-03-31,3.0500,3.0900,3.0400,3.0800,0.0300,0.9800,5375238.0600,1652024.7360,2.4900,5.3800,0.1796,0.9883,1.9800,4.4694,4.4694,0.5246,1.4973,1.4973,34998303.3873,29928453.8234,5438614.4486,107794774.4329,92179637.7761,6.0097,6.0097,0.6780,0.6780,6.7803,14.0656
2022-04-01,3.0700,3.0900,3.0600,3.0800,0.0000,0.0000,3264421.4100,1004120.5430,2.4900,5.3800,0.1091,0.6002,0.9600,4.4694,4.4694,0.5246,1.4973,1.4973,34998303.3873,29928453.8234,5438614.4486,107794774.4329,92179637.7761,6.0097,6.0097,0.6736,0.6736,6.7362,13.9739
2022-04-06,3.0700,3.1100,3.0700,3.1000,0.0200,0.6500,4731533.1700,1463006.1020,2.5100,5.4200,0.1581,0.8700,1.2900,4.4984,4.4984,0.5280,1.5070,1.5070,34998303.3873,29928453.8234,5438614.4486,108494740.5006,92778206.8525,5.9710,5.9710,0.6736,0.6736,6.7362,13.9739
2022-04-07,3.1000,3.1100,3.0700,3.0900,-0.0100,-0.3200,3794811.8400,1174165.3970,2.5000,5.4000,0.1268,0.6978,0.9800,4.4839,4.4839,0.5263,1.5022,1.5022,34998303.3873,29928453.8234,5438614.4486,108144757.4668,92478922.3143,5.9903,5.9903,0.6671,0.6671,6.6710,13.8387
2022-04-08,3.0900,3.1000,3.0700,3.1000,0.0100,0.3200,2871153.5000,887205.9850,2.5100,5.4200,0.0959,0.5279,0.6800,4.4984,4.4984,0.5280,1.5070,1.5070,34998303.3873,29928453.8234,5438614.4486,108494740.5006,92778206.8525,5.9710,5.9710,0.6693,0.6693,6.6926,13.8835
2022-04-11,3.1000,3.1000,3.0700,3.0700,-0.0300,-0.9700,3480357.7900,1073167.2810,2.4800,5.3700,0.1163,0.6399,0.8700,4.4549,4.4549,0.5229,1.4925,1.4925,34998303.3873,29928453.8234,5438614.4486,107444791.3990,91880353.2378,6.0293,6.0293,0.6671,0.6671,6.6710,13.8387
2022-04-12,3.0700,3.0900,3.0600,3.0800,0.0100,0.3300,4010616.6000,1232481.3260,2.4900,5.3800,0.1340,0.7374,1.1100,4.4694,4.4694,0.5246,1.4973,1.4973,34998303.3873,29928453.8234,5438614.4486,107794774.4329,92179637.7761,6.0097,6.0097,0.6736,0.6736,6.7362,13.9739
2022-04-13,3.0800,3.0900,3.0600,3.0700,-0.0100,-0.3200,3466609.8900,1067402.1070,2.4800,5.3700,0.1158,0.6374,0.9200,4.4549,4.4549,0.5229,1.4925,1.4925,34998303.3873,29928453.8234,5438614.4486,107444791.3990,91880353.2378,6.0293,6.0293,0.6714,0.6714,6.7143,13.9286
2022-04-14,3.0900,3.1000,3.0700,3.0700,0.0000,0.0000,3300502.2600,1016159.9640,2.4800,5.3700,0.1103,0.6069,0.9400,4.4549,4.4549,0.5229,1.4925,1.4925,34998303.3873,29928453.8234,5438614.4486,107444791.3990,91880353.2378,6.0293,6.0293,0.6693,0.6693,6.6926,13.8835
2022-04-15,3.0700,3.0800,3.0600,3.0700,0.0000,0.0000,3495086.5200,1074233.5550,2.4800,5.3700,0.1168,0.6426,1.0200,4.4549,4.4549,0.5229,1.4925,1.4925,34998303.3873,29928453.8234,5438614.4486,107444791.3990,91880353.2378,6.0293,6.0293,0.6736,0.6736,6.7362,13.9739
2022-04-18,3.0600,3.0700,3.0400,3.0400,-0.0300,-0.9800,2740758.5300,836206.6910,2.4600,5.3100,0.0916,0.5039,0.7700,4.4114,4.4114,0.5178,1.4779,1.4779,34998303.3873,29928453.8234,5438614.4486,106394842.2974,90982499.6231,6.0888,6.0888,0.6758,0.6758,6.7582,14.0196
2022-04-19,3.0400,3.0600,3.0300,3.0600,0.0200,0.6600,2482612.9000,756312.7110,2.4700,5.3500,0.0830,0.4565,0.7300,4.4404,4.4404,0.5212,1.4876,1.4876,34998303.3873,29928453.8234,5438614.4486,107094808.3651,91581068.6996,6.0490,6.0490,0.6803,0.6803,6.8026,14.1118
2022-04-20,3.0500,3.0800,3.0500,3.0600,0.0000,0.0000,3002546.6400,920536.2090,2.4700,5.3500,0.1003,0.5521,0.9700,4.4404,4.4404,0.5212,1.4876,1.4876,34998303.3873,29928453.8234,5438614.4486,107094808.3651,91581068.6996,6.0490,6.0490,0.6780,0.6780,6.7803,14.0656
2022-04-21,3.0600,3.0900,3.0600,3.0700,0.0100,0.3300,4155648.2700,1279543.4800,2.4800,5.3700,0.1389,0.7641,1.3800,4.4549,4.4549,0.5229,1.4925,1.4925,34998303.3873,29928453.8234,5438614.4486,107444791.3990,91880353.2378,6.0293,6.0293,0.6758,0.6758,6.7582,14.0196
2022-04-22,3.0700,3.1000,3.0700,3.0900,0.0200,0.6500,3320529.9400,1026526.6560,2.5000,5.4000,0.1109,0.6105,1.0500,4.4839,4.4839,0.5263,1.5022,1.5022,34998303.3873,29928453.8234,5438614.4486,108144757.4668,92478922.3143,5.9903,5.9903,0.6736,0.6736,6.7362,13.9739
2022-04-25,3.0800,3.1000,3.0600,3.0600,-0.0300,-0.9700,5281444.2300,1629370.8120,2.4700,5.3500,0.1765,0.9711,1.6800,4.4404,4.4404,0.5212,1.4876,1.4876,34998303.3873,29928453.8234,5438614.4486,107094808.3651,91581068.6996,6.0490,6.0490,0.6714,0.6714,6.7143,13.9286
2022-04-26,3.0600,3.0900,3.0500,3.0700,0.0100,0.3300,4623295.6800,1417173.9430,2.4800,5.3700,0.1545,0.8501,1.2700,4.4549,4.4549,0.5229,1.4925,1.4925,34998303.3873,29928453.8234,5438614.4486,107444791.3990,91880353.2378,6.0293,6.0293,0.6758,0.6758,6.7582,14.0196
2022-04-27,3.0700,3.0700,3.0100,3.0300,-0.0400,-1.3000,4625165.5500,1402604.9850,2.4500,5.3000,0.1545,0.8504,1.1300,4.3969,4.3969,0.5161,1.4730,1.4730,34998303.3873,29928453.8234,5438614.4486,106044859.2635,90683215.0849,6.1089,6.1089,0.6736,0.6736,6.7362,13.9739
2022-04-28,3.0200,3.0600,3.0200,3.0600,0.0300,0.9900,4536610.5300,1383331.6670,2.4700,5.3500,0.1516,0.8341,1.0300,4.4404,4.4404,0.5212,1.4876,1.4876,34998303.3873,29928453.8234,5438614.4486,107094808.3651,91581068.6996,6.0490,6.0490,0.6848,0.6848,6.8477,14.2053
2022-04-29,3.0600,3.0800,3.0400,3.0600,0.0000,0.0000,3994061.2900,1221337.9740,2.4700,5.3500,0.1335,0.7344,0.8900,4.4404,4.4404,0.5212,1.4876,1.4876,34998303.3873,29928453.8234,5438614.4486,107094808.3651,91581068.6996,6.0490,6.0490,0.6758,0.6758,6.7582,14.0196
2022-05-05,3.0700,3.0900,3.0500,3.0800,0.0200,0.6500,3769362.0000,1158006.9060,2.4900,5.3800,0.1259,0.6931,0.8200,4.4694,4.3806,0.5090,1.4973,1.4738,34998303.3873,29928453.8234,5438614.4486,107794774.4329,92179637.7761,6.0097,6.0097,0.6736,0.6736,6.7362,13.9739
2022-05-06,3.0700,3.0700,3.0500,3.0500,-0.0300,-0.9700,2397381.1500,733640.2070,2.4700,5.3300,0.0801,0.4408,0.5600,4.4259,4.3380,0.5040,1.4827,1.4594,34998303.3873,29928453.8234,5438614.4486,106744825.3313,91281784.1614,6.0689,6.0689,0.6736,0.6736,6.7362,13.9739
2022-05-09,3.0500,3.0700,3.0500,3.0700,0.0200,0.6600,2180898.1300,668322.0070,2.4800,5.3700,0.0729,0.4010,0.5600,4.4549,4.3664,0.5073,1.4925,1.4690,34998303.3873,29928453.8234,5438614.4486,107444791.3990,91880353.2378,6.0293,6.0293,0.6780,0.6780,6.7803,14.0656
2022-05-10,3.0600,3.1000,3.0600,3.0900,0.0200,0.6500,3897461.9500,1199441.3620,2.5000,5.4000,0.1302,0.7166,1.1500,4.4839,4.3948,0.5107,1.5022,1.4786,34998303.3873,29928453.8234,5438614.4486,108144757.4668,92478922.3143,5.9903,5.9903,0.6758,0.6758,6.7582,14.0196
2022-05-11,3.0900,3.0900,3.0400,3.0500,-0.0400,-1.2900,4317287.4100,1320956.8270,2.4700,5.3300,0.1443,0.7938,1.3300,4.4259,4.3380,0.5040,1.4827,1.4594,34998303.3873,29928453.8234,5438614.4486,106744825.3313,91281784.1614,6.0689,6.0689,0.6693,0.6693,6.6926,13.8835
2022-05-12,3.0500,3.0500,3.0300,3.0300,-0.0200,-0.6600,2288677.6900,695171.1880,2.4500,5.3000,0.0765,0.4208,0.6900,4.3969,4.3095,0.5007,1.4730,1.4499,34998303.3873,29928453.8234,5438614.4486,106044859.2635,90683215.0849,6.1089,6.1089,0.6780,0.6780,6.7803,14.0656
2022-05-13,3.0400,3.0500,3.0300,3.0500,0.0200,0.6600,2025606.1200,616478.9990,2.4700,5.3300,0.0677,0.3724,0.6700,4.4259,4.3380,0.5040,1.4827,1.4594,34998303.3873,29928453.8234,5438614.4486,106744825.3313,91281784.1614,6.0689,6.0689,0.6803,0.6803,6.8026,14.1118
2022-05-16,3.0500,3.0500,3.0300,3.0400,-0.0100,-0.3300,3102146.9200,943003.6130,2.4600,5.3100,0.1037,0.5704,1.0500,4.4114,4.3237,0.5024,1.4779,1.4546,34998303.3873,29928453.8234,5438614.4486,106394842.2974,90982499.6231,6.0888,6.0888,0.6780,0.6780,6.7803,14.0656
2022-05-17,3.0400,3.0500,3.0100,3.0200,-0.0200,-0.6600,4593532.6000,1391228.6790,2.4400,5.2800,0.1535,0.8446,1.4700,4.3824,4.2953,0.4991,1.4682,1.4451,34998303.3873,29928453.8234,5438614.4486,105694876.2296,90383930.5467,6.1291,6.1291,0.6803,0.6803,6.8026,14.1118
2022-05-18,3.0200,3.0300,3.0100,3.0200,0.0000,0.0000,1965474.0700,592678.3250,2.4400,5.2800,0.0657,0.3614,0.6000,4.3824,4.2953,0.4991,1.4682,1.4451,34998303.3873,29928453.8234,5438614.4486,105694876.2296,90383930.5467,6.1291,6.1291,0.6848,0.6848,6.8477,14.2053
2022-05-19,3.0100,3.0200,3.0000,3.0200,0.0000,0.0000,2840914.0000,855967.1190,2.4400,5.2800,0.0949,0.5224,1.0200,4.3824,4.2953,0.4991,1.4682,1.4451,34998303.3873,29928453.8234,5438614.4486,105694876.2296,90383930.5467,6.1291,6.1291,0.6870,0.6870,6.8704,14.2525
2022-05-20,3.0200,3.0300,3.0100,3.0200,0.0000,0.0000,3626823.0000,1095165.7250,2.4400,5.2800,0.1212,0.6669,1.2500,4.3824,4.2953,0.4991,1.4682,1.4451,34998303.3873,29928453.8234,5438614.4486,105694876.2296,90383930.5467,6.1291,6.1291,0.6848,0.6848,6.8477,14.2053
2022-05-23,3.0200,3.0300,3.0100,3.0100,-0.0100,-0.3300,2725284.0700,821570.2660,2.4300,5.2600,0.0911,0.5011,0.8400,4.3678,4.2811,0.4974,1.4633,1.4403,34998303.3873,29928453.8234,5438614.4486,105344893.1958,90084646.0084,6.1495,6.1495,0.6848,0.6848,6.8477,14.2053
2022-05-24,3.0100,3.0300,3.0100,3.0300,0.0200,0.6600,3960478.3900,1195759.8100,2.4500,5.3000,0.1323,0.7282,1.2600,4.3969,4.3095,0.5007,1.4730,1.4499,34998303.3873,29928453.8234,5438614.4486,106044859.2635,90683215.0849,6.1089,6.1089,0.6870,0.6870,6.8704,14.2525
2022-05-25,3.0200,3.0300,3.0200,3.0300,0.0000,0.0000,2540751.7200,768892.2770,2.4500,5.3000,0.0849,0.4672,0.8400,4.3969,4.3095,0.5007,1.4730,1.4499,34998303.3873,29928453.8234,5438614.4486,106044859.2635,90683215.0849,6.1089,6.1089,0.6848,0.6848,6.8477,14.2053
2022-05-26,3.0300,3.0400,3.0200,3.0400,0.0100,0.3300,2993351.9000,907548.4020,2.4600,5.3100,0.1000,0.5504,0.9500,4.4114,4.3237,0.5024,1.4779,1.4546,34998303.3873,29928453.8234,5438614.4486,106394842.2974,90982499.6231,6.0888,6.0888,0.6825,0.6825,6.8251,14.1584
2022-05-27,3.0400,3.0400,3.0300,3.0400,0.0000,0.0000,2236788.0000,679071.5940,2.4600,5.3100,0.0747,0.4113,0.7100,4.4114,4.3237,0.5024,1.4779,1.4546,34998303.3873,29928453.8234,5438614.4486,106394842.2974,90982499.6231,6.0888,6.0888,0.6803,0.6803,6.8026,14.1118
2022-05-30,3.0400,3.0400,3.0200,3.0200,-0.0200,-0.6600,3605474.5900,1091736.0120,2.4400,5.2800,0.1205,0.6629,1.2500,4.3824,4.2953,0.4991,1.4682,1.4451,34998303.3873,29928453.8234,5438614.4486,105694876.2296,90383930.5467,6.1291,6.1291,0.6803,0.6803,6.8026,14.1118
2022-05-31,3.0200,3.0300,3.0100,3.0300,0.0100,0.3300,3742772.0500,1131819.1670,2.4500,5.3000,0.1251,0.6882,1.2200,4.3969,4.3095,0.5007,1.4730,1.4499,34998303.3873,29928453.8234,5438614.4486,106044859.2635,90683215.0849,6.1089,6.1089,0.6848,0.6848,6.8477,14.2053
2022-06-01,3.0300,3.0300,3.0100,3.0100,-0.0200,-0.6600,2550564.8600,770212.6660,2.4300,5.2600,0.0852,0.4690,0.8400,4.3678,4.2811,0.4974,1.4633,1.4403,34998303.3873,29928453.8234,5438614.4486,105344893.1958,90084646.0084,6.1495,6.1495,0.6825,0.6825,6.8251,14.1584
2022-06-02,3.0100,3.0200,3.0100,3.0100,0.0000,0.0000,2487739.3700,749808.3240,2.4300,5.2600,0.0831,0.4574,0.8200,4.3678,4.2811,0.4974,1.4633,1.4403,34998303.3873,29928453.8234,5438614.4486,105344893.1958,90084646.0084,6.1495,6.1495,0.6870,0.6870,6.8704,14.2525
2022-06-06,3.0100,3.0200,2.9900,2.9900,-0.0200,-0.6600,4856099.6800,1455457.0670,2.4200,5.2300,0.1623,0.8929,1.6600,4.3388,4.2526,0.4941,1.4536,1.4307,34998303.3873,29928453.8234,5438614.4486,104644927.1280,89486076.9320,6.1906,6.1906,0.6870,0.6870,6.8704,14.2525
2022-06-07,3.0000,3.0000,2.9900,2.9900,0.0000,0.0000,2876002.9900,860823.0040,2.4200,5.2300,0.0961,0.5288,0.8300,4.3388,4.2526,0.4941,1.4536,1.4307,34998303.3873,29928453.8234,5438614.4486,104644927.1280,89486076.9320,6.1906,6.1906,0.6893,0.6893,6.8933,14.3000
2022-06-08,3.0000,3.0000,2.9800,2.9900,0.0000,0.0000,3349121.9400,1001564.8380,2.4200,5.2300,0.1119,0.6158,1.0100,4.3388,4.2526,0.4941,1.4536,1.4307,34998303.3873,29928453.8234,5438614.4486,104644927.1280,89486076.9320,6.1906,6.1906,0.6893,0.6893,6.8933,14.3000
2022-06-09,2.9900,3.0000,2.9800,3.0000,0.0100,0.3300,3069064.2100,918840.1450,2.4300,5.2400,0.1025,0.5643,0.9500,4.3533,4.2668,0.4958,1.4584,1.4355,34998303.3873,29928453.8234,5438614.4486,104994910.1619,89785361.4702,6.1700,6.1700,0.6916,0.6916,6.9164,14.3478
2022-06-10,3.0000,3.0300,2.9900,3.0200,0.0200,0.6700,5745917.7700,1727560.3990,2.4400,5.2800,0.1920,1.0565,1.7300,4.3824,4.2953,0.4991,1.4682,1.4451,34998303.3873,29928453.8234,5438614.4486,105694876.2296,90383930.5467,6.1291,6.1291,0.6893,0.6893,6.8933,14.3000
2022-06-13,3.0100,3.0200,2.9900,3.0000,-0.0200,-0.6600,3444409.6200,1033130.1340,2.4300,5.2400,0.1151,0.6333,0.8700,4.3533,4.2668,0.4958,1.4584,1.4355,34998303.3873,29928453.8234,5438614.4486,104994910.1619,89785361.4702,6.1700,6.1700,0.6870,0.6870,6.8704,14.2525
2022-06-14,2.9900,3.0200,2.9900,3.0200,0.0200,0.6700,3682059.8000,1104823.2880,2.4400,5.2800,0.1230,0.6770,1.0000,4.3824,4.2953,0.4991,1.4682,1.4451,34998303.3873,29928453.8234,5438614.4486,105694876.2296,90383930.5467,6.1291,6.1291,0.6916,0.6916,6.9164,14.3478
2022-06-15,3.0200,3.0500,3.0100,3.0300,0.0100,0.3300,5268336.6800,1598234.4030,2.4500,5.3000,0.1760,0.9687,1.3700,4.3969,4.3095,0.5007,1.4730,1.4499,34998303.3873,29928453.8234,5438614.4486,106044859.2635,90683215.0849,6.1089,6.1089,0.6848,0.6848,6.8477,14.2053
2022-06-16,3.0400,3.0400,3.0000,3.0000,-0.0300,-0.9900,3736591.8100,1128270.1090,2.4300,5.2400,0.1249,0.6870,0.8800,4.3533,4.2668,0.4958,1.4584,1.4355,34998303.3873,29928453.8234,5438614.4486,104994910.1619,89785361.4702,6.1700,6.1700,0.6803,0.6803,6.8026,14.1118
2022-06-17,3.0000,3.0200,3.0000,3.0100,0.0100,0.3300,3048673.8900,917163.0600,2.4300,5.2600,0.1019,0.5606,0.7000,4.3678,4.2811,0.4974,1.4633,1.4403,34998303.3873,29928453.8234,5438614.4486,105344893.1958,90084646.0084,6.1495,,0.6893,0.6893,6.8933,14.3000
2022-06-20,3.0100,3.0200,3.0000,3.0000,-0.0100,-0.3300,2840486.3300,853305.4430,2.4300,5.2400,0.0949,0.5223,0.7400,4.3533,4.2668,0.4958,1.4584,1.4355,34998303.3873,29928453.8234,5438614.4486,104994910.1619,89785361.4702,6.1700,,0.6870,0.6870,6.8704,14.2525
2022-06-21,3.0000,3.0200,2.9900,3.0100,0.0100,0.3300,3437953.7100,1033304.6960,2.4300,5.2600,0.1149,0.6321,0.9300,4.3678,4.2811,0.4974,1.4633,1.4403,34998303.3873,29928453.8234,5438614.4486,105344893.1958,90084646.0084,6.1495,,0.6893,0.6893,6.8933,14.3000
2022-06-22,3.0200,3.0300,3.0100,3.0100,0.0000,0.0000,3141313.3900,947542.2180,2.4300,5.2600,0.1050,0.5776,0.8600,4.3678,4.2811,0.4974,1.4633,1.4403,34998303.3873,29928453.8234,5438614.4486,105344893.1958,90084646.0084,6.1495,,0.6848,0.6848,6.8477,14.2053
2022-06-23,3.0200,3.0300,3.0100,3.0200,0.0100,0.3300,3416264.4000,1030959.1860,2.4400,5.2800,0.1141,0.6281,1.0500,4.3824,4.2953,0.4991,1.4682,1.4451,34998303.3873,29928453.8234,5438614.4486,105694876.2296,90383930.5467,6.1291,,0.6848,0.6848,6.8477,14.2053
2022-06-24,3.0300,3.0300,3.0100,3.0100,-0.0100,-0.3300,3437100.7000,1036856.7730,2.4300,5.2600,0.1148,0.6320,1.0800,4.3678,4.2811,0.4974,1.4633,1.4403,34998303.3873,29928453.8234,5438614.4486,105344893.1958,90084646.0084,6.1495,,0.6825,0.6825,6.8251,14.1584
2022-06-27,3.0100,3.0200,3.0000,3.0100,0.0000,0.0000,4717935.1600,1420665.6380,2.4300,5.2600,0.1576,0.8675,1.4500,4.3678,4.2811,0.4974,1.4633,1.4403,34998303.3873,29928453.8234,5438614.4486,105344893.1958,90084646.0084,6.1495,,0.6870,0.6870,6.8704,14.2525
2022-06-28,3.0100,3.0200,3.0000,3.0100,0.0000,0.0000,2750028.6200,827478.3200,2.4300,5.2600,0.0919,0.5056,0.7600,4.3678,4.2811,0.4974,1.4633,1.4403,34998303.3873,29928453.8234,5438614.4486,105344893.1958,90084646.0084,6.1495,,0.6870,0.6870,6.8704,14.2525
2022-06-29,3.0200,3.0300,3.0100,3.0200,0.0100,0.3300,3616084.5700,1091487.0060,2.4400,5.2800,0.1208,0.6649,1.0400,4.3824,4.2953,0.4991,1.4682,1.4451,34998303.3873,29928453.8234,5438614.4486,105694876.2296,90383930.5467,6.1291,,0.6848,0.6848,6.8477,14.2053
2022-06-30,3.0200,3.0300,3.0100,3.0200,0.0000,0.0000,3342373.3200,1009274.3190,2.4400,5.2800,0.1117,0.6146,0.9300,4.3824,4.2953,0.4991,1.4682,1.4451,34998303.3873,29928453.8234,5438614.4486,105694876.2296,90383930.5467,6.1291,,0.6848,0.6848,6.8477,14.2053
2022-07-01,3.0200,3.0200,3.0100,3.0100,-0.0100,-0.3300,2082977.6100,627873.8390,2.4300,5.2600,0.0696,0.3830,0.5800,4.3678,4.2811,0.4974,1.4633,1.4403,34998303.3873,29928453.8234,5438614.4486,105344893.1958,90084646.0084,6.1495,,0.6848,0.6848,6.8477,14.2053
2022-07-04,3.0100,3.0200,3.0100,3.0200,0.0100,0.3300,2747384.0200,828596.5220,2.4400,5.2800,0.0918,0.5052,0.8300,4.3824,4.2953,0.4991,1.4682,1.4451,34998303.3873,29928453.8234,5438614.4486,105694876.2296,90383930.5467,6.1291,,0.6870,0.6870,6.8704,14.2525
2022-07-05,3.0200,3.0300,3.0100,3.0300,0.0100,0.3300,2599479.0100,786466.9750,2.4500,5.3000,0.0869,0.4780,0.8900,4.3969,4.3095,0.5007,1.4730,1.4499,34998303.3873,29928453.8234,5438614.4486,106044859.2635,90683215.0849,6.1089,,0.6848,0.6848,6.8477,14.2053
2022-07-06,3.0300,3.0300,3.0100,3.0200,-0.0100,-0.3300,4472487.0000,1351265.4130,2.4400,5.2800,0.1494,0.8224,1.5500,4.3824,4.2953,0.4991,1.4682,1.4451,34998303.3873,29928453.8234,5438614.4486,105694876.2296,90383930.5467,6.1291,,0.6825,0.6825,6.8251,14.1584
2022-07-07,3.0200,3.0300,3.0100,3.0200,0.0000,0.0000,2573362.5100,778468.5890,2.4400,5.2800,0.0860,0.4732,0.8400,4.3824,4.2953,0.4991,1.4682,1.4451,34998303.3873,29928453.8234,5438614.4486,105694876.2296,90383930.5467,6.1291,,0.6848,0.6848,6.8477,14.2053
2022-07-08,3.0300,3.0400,3.0200,3.0300,0.0100,0.3300,3012419.0000,912173.0530,2.4500,5.3000,0.1007,0.5539,1.0400,4.3969,4.3095,0.5007,1.4730,1.4499,34998303.3873,29928453.8234,5438614.4486,106044859.2635,90683215.0849,6.1089,,0.6825,0.6825,6.8251,14.1584
2022-07-11,3.0300,3.0500,3.0300,3.0400,0.0100,0.3300,5057243.8100,1539172.4720,2.4600,5.3100,0.1690,0.9299,1.6400,4.4114,4.3237,0.5024,1.4779,1.4546,34998303.3873,29928453.8234,5438614.4486,106394842.2974,90982499.6231,6.0888,,0.6825,0.6825,6.8251,14.1584
2022-07-12,3.0400,3.0600,3.0400,3.0400,0.0000,0.0000,5364534.4500,1634804.4040,2.4600,5.3100,0.1792,0.9864,1.5100,4.4114,4.3237,0.5024,1.4779,1.4546,34998303.3873,29928453.8234,5438614.4486,106394842.2974,90982499.6231,6.0888,,0.6803,0.6803,6.8026,14.1118
2022-07-13,3.0400,3.0500,3.0100,3.0100,-0.0300,-0.9900,6306656.5500,1905757.5730,2.4300,5.2600,0.2107,1.1596,1.5400,4.3678,4.2811,0.4974,1.4633,1.4403,34998303.3873,29928453.8234,5438614.4486,105344893.1958,90084646.0084,6.1495,,0.6803,0.6803,6.8026,14.1118
2022-07-14,3.0100,3.0100,2.9400,2.9500,-0.0600,-1.9900,8702018.1800,2578368.8940,2.3800,5.1600,0.2908,1.6000,1.9500,4.2808,4.1957,0.4875,1.4341,1.4116,34998303.3873,29928453.8234,5438614.4486,103244994.9925,88288938.7790,6.2746,,0.6870,0.6870,6.8704,14.2525
2022-07-15,2.7800,2.7900,2.7600,2.7600,-0.1900,-6.4400,5725633.3700,1588375.5250,2.4000,5.1900,0.1913,1.0528,1.0100,4.0051,3.9255,0.4723,1.3418,1.3207,34998303.3873,29928453.8234,5438614.4486,96595317.3489,82602532.5526,6.7065,7.4928,0.7439,0.7439,7.4388,15.4317
2022-07-18,2.7700,2.8000,2.7600,2.8000,0.0400,1.4500,2874599.4300,801102.9480,2.4400,5.2700,0.0960,0.5286,0.4600,4.0631,3.9824,0.4791,1.3612,1.3398,34998303.3873,29928453.8234,5438614.4486,97995249.4844,83799670.7055,6.6107,7.3857,0.7466,0.7466,7.4657,15.4874
2022-07-19,2.8000,2.8400,2.7900,2.8400,0.0400,1.4300,3625976.9800,1023270.4010,2.4700,5.3400,0.1212,0.6667,0.6300,4.1212,4.0393,0.4859,1.3807,1.3589,34998303.3873,29928453.8234,5438614.4486,99395181.6199,84996808.8585,6.5176,7.2817,0.7386,0.7386,7.3857,15.3214
2022-07-20,2.8500,2.8600,2.8400,2.8500,0.0100,0.3500,2660880.3500,758516.8540,2.4800,5.3600,0.0889,0.4893,0.4900,4.1357,4.0535,0.4877,1.3855,1.3637,34998303.3873,29928453.8234,5438614.4486,99745164.6538,85296093.3967,6.4947,7.2561,0.7256,0.7256,7.2561,15.0526
2022-07-21,2.8600,2.8600,2.8200,2.8200,-0.0300,-1.0500,2732961.2000,775087.0330,2.4500,5.3100,0.0913,0.5025,0.5800,4.0921,4.0108,0.4825,1.3709,1.3494,34998303.3873,29928453.8234,5438614.4486,98695215.5522,84398239.7820,6.5638,7.3333,0.7231,0.7231,7.2308,15.0000
2022-07-22,2.8300,2.8600,2.8200,2.8500,0.0300,1.0600,3022449.8800,859447.7270,2.4800,5.3600,0.1010,0.5557,0.8600,4.1357,4.0535,0.4877,1.3855,1.3637,34998303.3873,29928453.8234,5438614.4486,99745164.6538,85296093.3967,6.4947,7.2561,0.7307,0.7307,7.3074,15.1590
2022-07-25,2.8500,2.8600,2.8400,2.8600,0.0100,0.3500,1677339.6400,477884.5370,2.4900,5.3800,0.0560,0.3084,0.5600,4.1502,4.0677,0.4894,1.3904,1.3685,34998303.3873,29928453.8234,5438614.4486,100095147.6877,85595377.9349,6.4720,7.2308,0.7256,0.7256,7.2561,15.0526
2022-07-26,2.8600,2.8800,2.8600,2.8600,0.0000,0.0000,2526238.0600,724980.7470,2.4900,5.3800,0.0844,0.4645,0.9200,4.1502,4.0677,0.4894,1.3904,1.3685,34998303.3873,29928453.8234,5438614.4486,100095147.6877,85595377.9349,6.4720,7.2308,0.7231,0.7231,7.2308,15.0000
2022-07-27,2.8700,2.8700,2.8400,2.8400,-0.0200,-0.7000,1925604.1600,549318.7600,2.4700,5.3400,0.0643,0.3541,0.7600,4.1212,4.0393,0.4859,1.3807,1.3589,34998303.3873,29928453.8234,5438614.4486,99395181.6199,84996808.8585,6.5176,7.2817,0.7206,0.7206,7.2056,14.9477
2022-07-28,2.8400,2.8600,2.8300,2.8500,0.0100,0.3500,2375320.4400,676696.8110,2.4800,5.3600,0.0794,0.4368,1.0000,4.1357,4.0535,0.4877,1.3855,1.3637,34998303.3873,29928453.8234,5438614.4486,99745164.6538,85296093.3967,6.4947,7.2561,0.7282,0.7282,7.2817,15.1056
2022-07-29,2.8600,2.8600,2.8300,2.8500,0.0000,0.0000,2308259.4200,656880.4800,2.4800,5.3600,0.0771,0.4244,1.0000,4.1357,4.0535,0.4877,1.3855,1.3637,34998303.3873,29928453.8234,5438614.4486,99745164.6538,85296093.3967,6.4947,7.2561,0.7231,0.7231,7.2308,15.0000
2022-08-01,2.8400,2.8500,2.8300,2.8400,-0.0100,-0.3500,2049073.4600,581970.6790,2.4700,5.3400,0.0685,0.3768,0.9500,4.1212,4.0393,0.4859,1.3807,1.3589,34998303.3873,29928453.8234,5438614.4486,99395181.6199,84996808.8585,6.5176,7.2817,0.7282,0.7282,7.2817,15.1056
2022-08-02,2.8300,2.8400,2.8000,2.8100,-0.0300,-1.0600,2976613.8400,837946.0100,2.4500,5.2900,0.0995,0.5473,1.3300,4.0776,3.9966,0.4808,1.3661,1.3446,34998303.3873,29928453.8234,5438614.4486,98345232.5183,84098955.2438,6.5872,7.3594,0.7307,0.7307,7.3074,15.1590
2022-08-03,2.8200,2.8300,2.8000,2.8000,-0.0100,-0.3600,2159804.6000,607736.2680,2.4400,5.2700,0.0722,0.3971,0.9300,4.0631,3.9824,0.4791,1.3612,1.3398,34998303.3873,29928453.8234,5438614.4486,97995249.4844,83799670.7055,6.6107,7.3857,0.7333,0.7333,7.3333,15.2128
2022-08-04,2.8100,2.8600,2.8000,2.8600,0.0600,2.1400,4110166.4700,1167201.2450,2.4900,5.3800,0.1373,0.7557,1.7300,4.1502,4.0677,0.4894,1.3904,1.3685,34998303.3873,29928453.8234,5438614.4486,100095147.6877,85595377.9349,6.4720,7.2308,0.7359,0.7359,7.3594,15.2669
2022-08-05,2.8600,2.8600,2.8400,2.8600,0.0000,0.0000,1914576.5700,546637.3330,2.4900,5.3800,0.0640,0.3520,0.7000,4.1502,4.0677,0.4894,1.3904,1.3685,34998303.3873,29928453.8234,5438614.4486,100095147.6877,85595377.9349,6.4720,7.2308,0.7231,0.7231,7.2308,15.0000
2022-08-08,2.8500,2.8600,2.8300,2.8400,-0.0200,-0.7000,2444495.4600,695614.1230,2.4700,5.3400,0.0817,0.4495,0.9300,4.1212,4.0393,0.4859,1.3807,1.3589,34998303.3873,29928453.8234,5438614.4486,99395181.6199,84996808.8585,6.5176,7.2817,0.7256,0.7256,7.2561,15.0526
2022-08-09,2.8500,2.8500,2.8300,2.8400,0.0000,0.0000,1500987.4800,426255.4800,2.4700,5.3400,0.0502,0.2760,0.5500,4.1212,4.0393,0.4859,1.3807,1.3589,34998303.3873,29928453.8234,5438614.4486,99395181.6199,84996808.8585,6.5176,7.2817,0.7256,0.7256,7.2561,15.0526
2022-08-10,2.8400,2.8400,2.8200,2.8400,0.0000,0.0000,1178082.1600,333681.7640,2.4700,5.3400,0.0394,0.2166,0.4900,4.1212,4.0393,0.4859,1.3807,1.3589,34998303.3873,29928453.8234,5438614.4486,99395181.6199,84996808.8585,6.5176,7.2817,0.7282,0.7282,7.2817,15.1056
2022-08-11,2.8400,2.8600,2.8300,2.8500,0.0100,0.3500,2028097.9600,576780.6490,2.4800,5.3600,0.0678,0.3729,0.9100,4.1357,4.0535,0.4877,1.3855,1.3637,34998303.3873,29928453.8234,5438614.4486,99745164.6538,85296093.3967,6.4947,7.2561,0.7282,0.7282,7.2817,15.1056
2022-08-12,2.8400,2.8500,2.8100,2.8300,-0.0200,-0.7000,2705041.8200,765825.2560,2.4600,5.3300,0.0904,0.4974,1.4900,4.1066,4.0250,0.4842,1.3758,1.3542,34998303.3873,29928453.8234,5438614.4486,99045198.5861,84697524.3202,6.5406,7.3074,0.7282,0.7282,7.2817,15.1056
2022-08-15,2.8300,2.8400,2.8200,2.8300,0.0000,0.0000,1757602.8000,497234.8690,2.4600,5.3300,0.0587,0.3232,0.8900,4.1066,4.0250,0.4842,1.3758,1.3542,34998303.3873,29928453.8234,5438614.4486,99045198.5861,84697524.3202,6.5406,7.3074,0.7307,0.7307,7.3074,15.1590
2022-08-16,2.8300,2.8400,2.8200,2.8200,-0.0100,-0.3500,1172028.8800,331231.0540,2.4500,5.3100,0.0392,0.2155,0.6400,4.0921,4.0108,0.4825,1.3709,1.3494,34998303.3873,29928453.8234,5438614.4486,98695215.5522,84398239.7820,6.5638,7.3333,0.7307,0.7307,7.3074,15.1590
2022-08-17,2.8300,2.8400,2.8100,2.8300,0.0100,0.3500,2551289.5200,720864.6210,2.4600,5.3300,0.0852,0.4691,1.4400,4.1066,4.0250,0.4842,1.3758,1.3542,34998303.3873,29928453.8234,5438614.4486,99045198.5861,84697524.3202,6.5406,7.3074,0.7307,0.7307,7.3074,15.1590
2022-08-18,2.8300,2.8400,2.8100,2.8200,-0.0100,-0.3500,1552135.7100,438081.5830,2.4500,5.3100,0.0519,0.2854,0.7600,4.0921,4.0108,0.4825,1.3709,1.3494,34998303.3873,29928453.8234,5438614.4486,98695215.5522,84398239.7820,6.5638,7.3333,0.7307,0.7307,7.3074,15.1590
2022-08-19,2.8100,2.8300,2.8100,2.8300,0.0100,0.3500,1335138.5600,377226.1700,2.4600,5.3300,0.0446,0.2455,0.6900,4.1066,4.0250,0.4842,1.3758,1.3542,34998303.3873,29928453.8234,5438614.4486,99045198.5861,84697524.3202,6.5406,7.3074,0.7359,0.7359,7.3594,15.2669
2022-08-22,2.8200,2.8300,2.8200,2.8200,-0.0100,-0.3500,1401750.0200,395939.3850,2.4500,5.3100,0.0468,0.2577,0.8400,4.0921,4.0108,0.4825,1.3709,1.3494,34998303.3873,29928453.8234,5438614.4486,98695215.5522,84398239.7820,6.5638,7.3333,0.7333,0.7333,7.3333,15.2128
2022-08-23,2.8300,2.8300,2.8200,2.8200,0.0000,0.0000,1229922.5600,347123.7160,2.4500,5.3100,0.0411,0.2261,0.7700,4.0921,4.0108,0.4825,1.3709,1.3494,34998303.3873,29928453.8234,5438614.4486,98695215.5522,84398239.7820,6.5638,7.3333,0.7307,0.7307,7.3074,15.1590
2022-08-24,2.8200,2.8300,2.8100,2.8200,0.0000,0.0000,1813911.1900,511994.6250,2.4500,5.3100,0.0606,0.3335,1.1200,4.0921,4.0108,0.4825,1.3709,1.3494,34998303.3873,29928453.8234,5438614.4486,98695215.5522,84398239.7820,6.5638,7.3333,0.7333,0.7333,7.3333,15.2128
2022-08-25,2.8200,2.8300,2.8100,2.8300,0.0100,0.3500,1725369.3900,486313.5820,2.4600,5.3300,0.0576,0.3172,1.1800,4.1066,4.0250,0.4842,1.3758,1.3542,34998303.3873,29928453.8234,5438614.4486,99045198.5861,84697524.3202,6.5406,7.3074,0.7333,0.7333,7.3333,15.2128
2022-08-26,2.8300,2.8300,2.8200,2.8200,-0.0100,-0.3500,1267749.0900,358123.1210,2.4500,5.3100,0.0424,0.2331,0.8400,4.0921,4.0108,0.4825,1.3709,1.3494,34998303.3873,29928453.8234,5438614.4486,98695215.5522,84398239.7820,6.5638,7.3333,0.7307,0.7307,7.3074,15.1590
2022-08-29,2.8200,2.8300,2.8100,2.8200,0.0000,0.0000,1826871.3000,515428.1890,2.4500,5.3100,0.0610,0.3359,1.2300,4.0921,4.0108,0.4825,1.3709,1.3494,34998303.3873,29928453.8234,5438614.4486,98695215.5522,84398239.7820,6.5638,7.3333,0.7333,0.7333,7.3333,15.2128
2022-08-30,2.8200,2.8300,2.8200,2.8200,0.0000,0.0000,1522845.1400,429963.7280,2.4500,5.3100,0.0509,0.2800,0.9700,4.0921,3.9821,0.4678,1.3709,1.3309,34998303.3873,29928453.8234,5438614.4486,98695215.5522,84398239.7820,6.5638,7.3333,0.7333,0.7333,7.3333,15.2128
2022-08-31,2.8300,2.8500,2.8200,2.8500,0.0300,1.0600,4342195.4500,1232398.6950,2.4800,5.3600,0.1451,0.7984,2.6600,4.1357,4.0244,0.4728,1.3855,1.3450,34998303.3873,29928453.8234,5438614.4486,99745164.6538,85296093.3967,6.4947,7.2561,0.7307,0.7307,7.3074,15.1590
2022-09-01,2.8400,2.8500,2.8300,2.8300,-0.0200,-0.7000,1504962.3600,427048.4120,2.4600,5.3300,0.0503,0.2767,0.7000,4.1066,3.9962,0.4695,1.3758,1.3356,34998303.3873,29928453.8234,5438614.4486,99045198.5861,84697524.3202,6.5406,7.3074,0.7282,0.7282,7.2817,15.1056
2022-09-02,2.8400,2.8500,2.8300,2.8300,0.0000,0.0000,1906547.8300,541420.3510,2.4600,5.3300,0.0637,0.3506,0.9100,4.1066,3.9962,0.4695,1.3758,1.3356,34998303.3873,29928453.8234,5438614.4486,99045198.5861,84697524.3202,6.5406,7.3074,0.7282,0.7282,7.2817,15.1056
2022-09-05,2.8300,2.8400,2.8200,2.8400,0.0100,0.3500,1539691.5000,435926.2780,2.4700,5.3400,0.0514,0.2831,0.6900,4.1212,4.0103,0.4712,1.3807,1.3403,34998303.3873,29928453.8234,5438614.4486,99395181.6199,84996808.8585,6.5176,7.2817,0.7307,0.7307,7.3074,15.1590
2022-09-06,2.8400,2.8500,2.8300,2.8400,0.0000,0.0000,1681325.0500,478353.8670,2.4700,5.3400,0.0562,0.3091,0.7800,4.1212,4.0103,0.4712,1.3807,1.3403,34998303.3873,29928453.8234,5438614.4486,99395181.6199,84996808.8585,6.5176,7.2817,0.7282,0.7282,7.2817,15.1056
2022-09-07,2.8500,2.8500,2.8200,2.8300,-0.0100,-0.3500,2039585.7700,577674.0370,2.4600,5.3300,0.0681,0.3750,0.9300,4.1066,3.9962,0.4695,1.3758,1.3356,34998303.3873,29928453.8234,5438614.4486,99045198.5861,84697524.3202,6.5406,7.3074,0.7256,0.7256,7.2561,15.0526
2022-09-08,2.8300,2.8400,2.8300,2.8300,0.0000,0.0000,1664764.8600,471693.3700,2.4600,5.3300,0.0556,0.3061,0.9600,4.1066,3.9962,0.4695,1.3758,1.3356,34998303.3873,29928453.8234,5438614.4486,99045198.5861,84697524.3202,6.5406,7.3074,0.7307,0.7307,7.3074,15.1590
2022-09-09,2.8400,2.8500,2.8300,2.8400,0.0100,0.3500,3081362.9300,876153.3020,2.4700,5.3400,0.1030,0.5666,1.7400,4.1212,4.0103,0.4712,1.3807,1.3403,34998303.3873,29928453.8234,5438614.4486,99395181.6199,84996808.8585,6.5176,7.2817,0.7282,0.7282,7.2817,15.1056
2022-09-13,2.8500,2.8600,2.8400,2.8500,0.0100,0.3500,3144044.3200,897026.8460,2.4800,5.3600,0.1051,0.5781,1.5700,4.1357,4.0244,0.4728,1.3855,1.3450,34998303.3873,29928453.8234,5438614.4486,99745164.6538,85296093.3967,6.4947,7.2561,0.7256,0.7256,7.2561,15.0526
2022-09-14,2.8400,2.8600,2.8400,2.8500,0.0000,0.0000,2950859.2400,842657.8170,2.4800,5.3600,0.0986,0.5426,1.2700,4.1357,4.0244,0.4728,1.3855,1.3450,34998303.3873,29928453.8234,5438614.4486,99745164.6538,85296093.3967,6.4947,7.2561,0.7282,0.7282,7.2817,15.1056
2022-09-15,2.8600,2.8700,2.8500,2.8700,0.0200,0.7000,3971217.2900,1137006.5510,2.5000,5.4000,0.1327,0.7302,1.5400,4.1647,4.0527,0.4761,1.3952,1.3545,34998303.3873,29928453.8234,5438614.4486,100445130.7216,85894662.4732,6.4495,7.2056,0.7231,0.7231,7.2308,15.0000
2022-09-16,2.8700,2.8800,2.8500,2.8500,-0.0200,-0.7000,4191390.1600,1201158.5690,2.4800,5.3600,0.1400,0.7707,1.4100,4.1357,4.0244,0.4728,1.3855,1.3450,34998303.3873,29928453.8234,5438614.4486,99745164.6538,85296093.3967,6.4947,7.2561,0.7206,0.7206,7.2056,14.9477
2022-09-19,2.8500,2.8700,2.8500,2.8700,0.0200,0.7000,2921358.2400,835643.3500,2.5000,5.4000,0.0976,0.5372,0.8400,4.1647,4.0527,0.4761,1.3952,1.3545,34998303.3873,29928453.8234,5438614.4486,100445130.7216,85894662.4732,6.4495,7.2056,0.7256,0.7256,7.2561,15.0526
2022-09-20,2.8700,2.8800,2.8400,2.8400,-0.0300,-1.0500,2693825.6000,769139.9430,2.4700,5.3400,0.0900,0.4953,0.7800,4.1212,4.0103,0.4712,1.3807,1.3403,34998303.3873,29928453.8234,5438614.4486,99395181.6199,84996808.8585,6.5176,7.2817,0.7206,0.7206,7.2056,14.9477
2022-09-21,2.8500,2.8700,2.8300,2.8600,0.0200,0.7000,2532441.8000,722591.8100,2.4900,5.3800,0.0846,0.4656,0.7600,4.1502,4.0385,0.4745,1.3904,1.3498,34998303.3873,29928453.8234,5438614.4486,100095147.6877,85595377.9349,6.4720,7.2308,0.7256,0.7256,7.2561,15.0526
2022-09-22,2.8600,2.8700,2.8500,2.8600,0.0000,0.0000,1960000.7500,560198.2640,2.4900,5.3800,0.0655,0.3604,0.6000,4.1502,4.0385,0.4745,1.3904,1.3498,34998303.3873,29928453.8234,5438614.4486,100095147.6877,85595377.9349,6.4720,7.2308,0.7231,0.7231,7.2308,15.0000
2022-09-23,2.8600,2.8900,2.8600,2.8800,0.0200,0.7000,4191163.5000,1204906.0840,2.5100,5.4200,0.1400,0.7706,1.4700,4.1792,4.0668,0.4778,1.4001,1.3592,34998303.3873,29928453.8234,5438614.4486,100795113.7554,86193947.0114,6.4271,7.1806,0.7231,0.7231,7.2308,15.0000
2022-09-26,2.8800,2.8900,2.8500,2.8500,-0.0300,-1.0400,3667546.7500,1051482.3640,2.4800,5.3600,0.1225,0.6744,1.2800,4.1357,4.0244,0.4728,1.3855,1.3450,34998303.3873,29928453.8234,5438614.4486,99745164.6538,85296093.3967,6.4947,7.2561,0.7181,0.7181,7.1806,14.8958
2022-09-27,2.8500,2.8600,2.8300,2.8300,-0.0200,-0.7000,2391624.9100,679122.3440,2.4600,5.3300,0.0799,0.4397,0.7900,4.1066,3.9962,0.4695,1.3758,1.3356,34998303.3873,29928453.8234,5438614.4486,99045198.5861,84697524.3202,6.5406,7.3074,0.7256,0.7256,7.2561,15.0526
2022-09-28,2.8300,2.8600,2.8300,2.8500,0.0200,0.7100,2512076.5200,714893.5320,2.4800,5.3600,0.0839,0.4619,0.8500,4.1357,4.0244,0.4728,1.3855,1.3450,34998303.3873,29928453.8234,5438614.4486,99745164.6538,85296093.3967,6.4947,7.2561,0.7307,0.7307,7.3074,15.1590
2022-09-29,2.8600,2.8600,2.8200,2.8200,-0.0300,-1.0500,2513124.3100,712655.3910,2.4500,5.3100,0.0840,0.4621,0.8500,4.0921,3.9821,0.4678,1.3709,1.3309,34998303.3873,29928453.8234,5438614.4486,98695215.5522,84398239.7820,6.5638,7.3333,0.7231,0.7231,7.2308,15.0000
2022-09-30,2.8300,2.8600,2.8300,2.8600,0.0400,1.4200,2602100.0900,741591.5610,2.4900,5.3800,0.0869,0.4784,0.8500,4.1502,4.0385,0.4745,1.3904,1.3498,34998303.3873,29928453.8234,5438614.4486,100095147.6877,85595377.9349,6.4720,7.2308,0.7307,0.7307,7.3074,15.1590
2022-10-10,2.8500,2.8800,2.8500,2.8700,0.0100,0.3500,6209579.1100,1782084.9920,2.5000,5.4000,0.2075,1.1418,2.2700,4.1647,4.0527,0.4761,1.3952,1.3545,34998303.3873,29928453.8234,5438614.4486,100445130.7216,85894662.4732,6.4495,7.2056,0.7256,0.7256,7.2561,15.0526
2022-10-11,2.8700,2.8900,2.8500,2.8700,0.0000,0.0000,3930747.3600,1129394.7740,2.5000,5.4000,0.1313,0.7227,1.2100,4.1647,4.0527,0.4761,1.3952,1.3545,34998303.3873,29928453.8234,5438614.4486,100445130.7216,85894662.4732,6.4495,7.2056,0.7206,0.7206,7.2056,14.9477
2022-10-12,2.8700,2.8800,2.8500,2.8600,-0.0100,-0.3500,2984197.5800,855499.3750,2.4900,5.3800,0.0997,0.5487,0.8400,4.1502,4.0385,0.4745,1.3904,1.3498,34998303.3873,29928453.8234,5438614.4486,100095147.6877,85595377.9349,6.4720,7.2308,0.7206,0.7206,7.2056,14.9477
2022-10-13,2.8600,2.8700,2.8500,2.8600,0.0000,0.0000,2193883.8200,626478.2440,2.4900,5.3800,0.0733,0.4034,0.6000,4.1502,4.0385,0.4745,1.3904,1.3498,34998303.3873,29928453.8234,5438614.4486,100095147.6877,85595377.9349,6.4720,7.2308,0.7231,0.7231,7.2308,15.0000
2022-10-14,2.8600,2.8700,2.8400,2.8500,-0.0100,-0.3500,4427677.4600,1264372.1130,2.4800,5.3600,0.1479,0.8141,1.2400,4.1357,4.0244,0.4728,1.3855,1.3450,34998303.3873,29928453.8234,5438614.4486,99745164.6538,85296093.3967,6.4947,7.2561,0.7231,0.7231,7.2308,15.0000
2022-10-17,2.8500,2.8600,2.8400,2.8500,0.0000,0.0000,1758097.0300,500341.9360,2.4800,5.3600,0.0587,0.3233,0.4500,4.1357,4.0244,0.4728,1.3855,1.3450,34998303.3873,29928453.8234,5438614.4486,99745164.6538,85296093.3967,6.4947,7.2561,0.7256,0.7256,7.2561,15.0526
2022-10-18,2.8500,2.8600,2.8400,2.8500,0.0000,0.0000,2120570.8800,603017.4020,2.4800,5.3600,0.0709,0.3899,0.6900,4.1357,4.0244,0.4728,1.3855,1.3450,34998303.3873,29928453.8234,5438614.4486,99745164.6538,85296093.3967,6.4947,7.2561,0.7256,0.7256,7.2561,15.0526
2022-10-19,2.8400,2.8500,2.8400,2.8400,-0.0100,-0.3500,1763817.7300,501767.9380,2.4700,5.3400,0.0589,0.3243,0.6500,4.1212,4.0103,0.4712,1.3807,1.3403,34998303.3873,29928453.8234,5438614.4486,99395181.6199,84996808.8585,6.5176,7.2817,0.7282,0.7282,7.2817,15.1056
2022-10-20,2.8400,2.8500,2.8400,2.8500,0.0100,0.3500,2183253.8000,621303.8660,2.4800,5.3600,0.0729,0.4014,0.8900,4.1357,4.0244,0.4728,1.3855,1.3450,34998303.3873,29928453.8234,5438614.4486,99745164.6538,85296093.3967,6.4947,7.2561,0.7282,0.7282,7.2817,15.1056
2022-10-21,2.8500,2.8700,2.8400,2.8600,0.0100,0.3500,3338061.7600,953727.1460,2.4900,5.3800,0.1115,0.6138,1.3600,4.1502,4.0385,0.4745,1.3904,1.3498,34998303.3873,29928453.8234,5438614.4486,100095147.6877,85595377.9349,6.4720,7.2308,0.7256,0.7256,7.2561,15.0526
2022-10-24,2.8600,2.8700,2.8500,2.8500,-0.0100,-0.3500,4429839.8100,1265635.0830,2.4800,5.3600,0.1480,0.8145,1.9800,4.1357,4.0244,0.4728,1.3855,1.3450,34998303.3873,29928453.8234,5438614.4486,99745164.6538,85296093.3967,6.4947,7.2561,0.7231,0.7231,7.2308,15.0000
2022-10-25,2.8500,2.8600,2.8400,2.8500,0.0000,0.0000,3202700.8200,913068.0260,2.4800,5.3600,0.1070,0.5889,1.1600,4.1357,4.0244,0.4728,1.3855,1.3450,34998303.3873,29928453.8234,5438614.4486,99745164.6538,85296093.3967,6.4947,7.2561,0.7256,0.7256,7.2561,15.0526
2022-10-26,2.8600,2.8600,2.8200,2.8300,-0.0200,-0.7000,5359026.0700,1521253.7310,2.4600,5.3300,0.1791,0.9854,1.8000,4.1066,3.9962,0.4695,1.3758,1.3356,34998303.3873,29928453.8234,5438614.4486,99045198.5861,84697524.3202,6.5406,7.3074,0.7231,0.7231,7.2308,15.0000
2022-10-27,2.8300,2.8300,2.7800,2.8000,-0.0300,-1.0600,5815664.6500,1634359.3180,2.4400,5.2700,0.1943,1.0693,1.5700,4.0631,3.9538,0.4645,1.3612,1.3214,34998303.3873,29928453.8234,5438614.4486,97995249.4844,83799670.7055,6.6107,7.3857,0.7307,0.7307,7.3074,15.1590
2022-10-28,2.8000,2.8100,2.7900,2.8000,0.0000,0.0000,3067466.7200,858092.8620,2.4400,5.2700,0.1025,0.5640,0.6900,4.0631,3.9538,0.4645,1.3612,1.3214,34998303.3873,29928453.8234,5438614.4486,97995249.4844,83799670.7055,6.6107,7.3857,0.7386,0.7386,7.3857,15.3214
2022-10-31,2.7900,2.8000,2.7600,2.7600,-0.0400,-1.4300,4235208.4900,1178214.2010,2.4000,5.1900,0.1415,0.7787,0.9700,4.0051,3.8335,0.4420,1.3418,1.3060,34998303.3873,29928453.8234,5438614.4486,96595317.3489,82602532.5526,6.7065,7.4928,0.7412,0.7412,7.4122,15.3763
2022-11-01,2.7700,2.7700,2.7100,2.7300,-0.0300,-1.0900,8534810.9300,2333726.5220,2.3800,5.1400,0.2852,1.5693,1.9700,3.9615,3.7918,0.4372,1.3272,1.2918,34998303.3873,29928453.8234,5438614.4486,95545368.2473,81704678.9379,6.7802,7.5751,0.7466,0.7466,7.4657,15.4874
2022-11-02,2.7200,2.7300,2.7000,2.7200,-0.0100,-0.3700,5364922.1900,1455440.9120,2.3700,5.1200,0.1793,0.9865,0.9900,3.9470,3.7779,0.4356,1.3223,1.2871,34998303.3873,29928453.8234,5438614.4486,95195385.2135,81405394.3996,6.8051,7.6029,0.7603,0.7603,7.6029,15.7721
2022-11-03,2.7200,2.7300,2.7100,2.7200,0.0000,0.0000,1874573.0600,510679.7840,2.3700,5.1200,0.0626,0.3447,0.3500,3.9470,3.7779,0.4356,1.3223,1.2871,34998303.3873,29928453.8234,5438614.4486,95195385.2135,81405394.3996,6.8051,7.6029,0.7603,0.7603,7.6029,15.7721
2022-11-04,2.7300,2.7600,2.7200,2.7500,0.0300,1.1000,4020349.4800,1101790.7470,2.3900,5.1800,0.1343,0.7392,0.8700,3.9906,3.8196,0.4404,1.3369,1.3012,34998303.3873,29928453.8234,5438614.4486,96245334.3151,82303248.0144,6.7309,7.5200,0.7575,0.7575,7.5751,15.7143
2022-11-07,2.7400,2.7500,2.7400,2.7500,0.0000,0.0000,2867222.6300,786734.2360,2.3900,5.1800,0.0958,0.5272,0.6000,3.9906,3.8196,0.4404,1.3369,1.3012,34998303.3873,29928453.8234,5438614.4486,96245334.3151,82303248.0144,6.7309,7.5200,0.7547,0.7547,7.5474,15.6569
2022-11-08,2.7500,2.7500,2.7300,2.7300,-0.0200,-0.7300,2715505.6300,742702.6190,2.3800,5.1400,0.0907,0.4993,0.6000,3.9615,3.7918,0.4372,1.3272,1.2918,34998303.3873,29928453.8234,5438614.4486,95545368.2473,81704678.9379,6.7802,7.5751,0.7520,0.7520,7.5200,15.6000
2022-11-09,2.7300,2.7500,2.7300,2.7500,0.0200,0.7300,1608438.2400,441416.8800,2.3900,5.1800,0.0537,0.2957,0.4800,3.9906,3.8196,0.4404,1.3369,1.3012,34998303.3873,29928453.8234,5438614.4486,96245334.3151,82303248.0144,6.7309,7.5200,0.7575,0.7575,7.5751,15.7143
2022-11-10,2.7400,2.7700,2.7300,2.7600,0.0100,0.3600,3345455.1200,920157.5870,2.4000,5.1900,0.1118,0.6151,1.2800,4.0051,3.8335,0.4420,1.3418,1.3060,34998303.3873,29928453.8234,5438614.4486,96595317.3489,82602532.5526,6.7065,7.4928,0.7547,0.7547,7.5474,15.6569
2022-11-11,2.7700,2.7900,2.7600,2.7900,0.0300,1.0900,4084083.0300,1133491.2110,2.4300,5.2500,0.1365,0.7509,1.4000,4.0486,3.8751,0.4468,1.3563,1.3202,34998303.3873,29928453.8234,5438614.4486,97645266.4506,83500386.1673,6.6344,7.4122,0.7466,0.7466,7.4657,15.4874
2022-11-14,2.7900,2.8200,2.7900,2.8000,0.0100,0.3600,3303145.8400,926483.5910,2.4400,5.2700,0.1104,0.6074,1.1300,4.0631,3.8890,0.4484,1.3612,1.3249,34998303.3873,29928453.8234,5438614.4486,97995249.4844,83799670.7055,6.6107,7.3857,0.7412,0.7412,7.4122,15.3763
2022-11-15,2.8100,2.8100,2.7900,2.8000,0.0000,0.0000,1868999.9200,523859.4850,2.4400,5.2700,0.0624,0.3437,0.6200,4.0631,3.8890,0.4484,1.3612,1.3249,34998303.3873,29928453.8234,5438614.4486,97995249.4844,83799670.7055,6.6107,7.3857,0.7359,0.7359,7.3594,15.2669
2022-11-16,2.8000,2.8100,2.7900,2.7900,-0.0100,-0.3600,1801133.1800,503590.3790,2.4300,5.2500,0.0602,0.3312,0.6300,4.0486,3.8751,0.4468,1.3563,1.3202,34998303.3873,29928453.8234,5438614.4486,97645266.4506,83500386.1673,6.6344,7.4122,0.7386,0.7386,7.3857,15.3214
2022-11-17,2.7900,2.8000,2.7800,2.7900,0.0000,0.0000,1960051.7100,547569.1930,2.4300,5.2500,0.0655,0.3604,0.6800,4.0486,3.8751,0.4468,1.3563,1.3202,34998303.3873,29928453.8234,5438614.4486,97645266.4506,83500386.1673,6.6344,7.4122,0.7412,0.7412,7.4122,15.3763
2022-11-18,2.8000,2.8100,2.7900,2.7900,0.0000,0.0000,2719239.0300,761038.3870,2.4300,5.2500,0.0909,0.5000,1.0400,4.0486,3.8751,0.4468,1.3563,1.3202,34998303.3873,29928453.8234,5438614.4486,97645266.4506,83500386.1673,6.6344,7.4122,0.7386,0.7386,7.3857,15.3214
2022-11-21,2.7900,2.8000,2.7800,2.7900,0.0000,0.0000,1923287.4200,536961.1290,2.4300,5.2500,0.0643,0.3536,0.8300,4.0486,3.8751,0.4468,1.3563,1.3202,34998303.3873,29928453.8234,5438614.4486,97645266.4506,83500386.1673,6.6344,7.4122,0.7412,0.7412,7.4122,15.3763
2022-11-22,2.7900,2.8300,2.7900,2.8100,0.0200,0.7200,3258203.3800,916859.5180,2.4500,5.2900,0.1089,0.5991,1.5900,4.0776,3.9029,0.4500,1.3661,1.3296,34998303.3873,29928453.8234,5438614.4486,98345232.5183,84098955.2438,6.5872,7.3594,0.7412,0.7412,7.4122,15.3763
2022-11-23,2.8300,2.8500,2.8200,2.8400,0.0300,1.0700,3457234.6700,982132.4150,2.4700,5.3400,0.1155,0.6357,1.4800,4.1212,3.9446,0.4548,1.3807,1.3438,34998303.3873,29928453.8234,5438614.4486,99395181.6199,84996808.8585,6.5176,7.2817,0.7307,0.7307,7.3074,15.1590
2022-11-24,2.8500,2.8600,2.8300,2.8300,-0.0100,-0.3500,1658552.1800,471382.2930,2.4600,5.3300,0.0554,0.3050,0.6200,4.1066,3.9307,0.4532,1.3758,1.3391,34998303.3873,29928453.8234,5438614.4486,99045198.5861,84697524.3202,6.5406,7.3074,0.7256,0.7256,7.2561,15.0526
2022-11-25,2.8400,2.8800,2.8300,2.8700,0.0400,1.4100,5097654.1500,1459594.9920,2.5000,5.4000,0.1703,0.9373,1.9600,4.1647,3.9863,0.4596,1.3952,1.3580,34998303.3873,29928453.8234,5438614.4486,100445130.7216,85894662.4732,6.4495,7.2056,0.7282,0.7282,7.2817,15.1056
2022-11-28,2.8600,2.8600,2.8300,2.8600,-0.0100,-0.3500,3465155.4400,986215.5880,2.4900,5.3800,0.1158,0.6371,1.1300,4.1502,3.9724,0.4580,1.3904,1.3533,34998303.3873,29928453.8234,5438614.4486,100095147.6877,85595377.9349,6.4720,7.2308,0.7231,0.7231,7.2308,15.0000
2022-11-29,2.8600,2.8900,2.8500,2.8800,0.0200,0.7000,4993833.7200,1436056.6470,2.5100,5.4200,0.1669,0.9182,1.4700,4.1792,4.0001,0.4612,1.4001,1.3628,34998303.3873,29928453.8234,5438614.4486,100795113.7554,86193947.0114,6.4271,7.1806,0.7231,0.7231,7.2308,15.0000
2022-11-30,2.8700,2.8900,2.8700,2.8800,0.0000,0.0000,3499783.6000,1008145.6470,2.5100,5.4200,0.1169,0.6435,0.9400,4.1792,4.0001,0.4612,1.4001,1.3628,34998303.3873,29928453.8234,5438614.4486,100795113.7554,86193947.0114,6.4271,7.1806,0.7206,0.7206,7.2056,14.9477
2022-12-01,2.8900,2.8900,2.8600,2.8600,-0.0200,-0.6900,2946808.9000,846958.3850,2.4900,5.3800,0.0985,0.5418,0.7900,4.1502,3.9724,0.4580,1.3904,1.3533,34998303.3873,29928453.8234,5438614.4486,100095147.6877,85595377.9349,6.4720,7.2308,0.7156,0.7156,7.1557,14.8443
2022-12-02,2.8600,2.8700,2.8500,2.8600,0.0000,0.0000,2396544.6300,684474.5300,2.4900,5.3800,0.0801,0.4407,0.6000,4.1502,3.9724,0.4580,1.3904,1.3533,34998303.3873,29928453.8234,5438614.4486,100095147.6877,85595377.9349,6.4720,7.2308,0.7231,0.7231,7.2308,15.0000
2022-12-05,2.8700,2.8900,2.8500,2.8900,0.0300,1.0500,4114257.9600,1183107.6710,2.5200,5.4400,0.1375,0.7565,1.1900,4.1937,4.0140,0.4628,1.4050,1.3675,34998303.3873,29928453.8234,5438614.4486,101145096.7893,86493231.5496,6.4048,7.1557,0.7206,0.7206,7.2056,14.9477
2022-12-06,2.8900,2.9000,2.8700,2.8900,0.0000,0.0000,3238564.3600,936197.2720,2.5200,5.4400,0.1082,0.5955,0.9000,4.1937,4.0140,0.4628,1.4050,1.3675,34998303.3873,29928453.8234,5438614.4486,101145096.7893,86493231.5496,6.4048,7.1557,0.7156,0.7156,7.1557,14.8443
2022-12-07,2.8900,2.9000,2.8800,2.8800,-0.0100,-0.3500,2952956.5200,852680.2690,2.5100,5.4200,0.0987,0.5430,0.9100,4.1792,4.0001,0.4612,1.4001,1.3628,34998303.3873,29928453.8234,5438614.4486,100795113.7554,86193947.0114,6.4271,7.1806,0.7156,0.7156,7.1557,14.8443
2022-12-08,2.8800,2.9000,2.8700,2.9000,0.0200,0.6900,2053809.3400,593727.4280,2.5200,5.4600,0.0686,0.3776,0.6600,4.2082,4.0279,0.4644,1.4098,1.3722,34998303.3873,29928453.8234,5438614.4486,101495079.8232,86792516.0879,6.3828,7.1310,0.7181,0.7181,7.1806,14.8958
2022-12-09,2.9000,2.9000,2.8800,2.8900,-0.0100,-0.3400,2280345.8100,659684.0940,2.5200,5.4400,0.0762,0.4193,0.7700,4.1937,4.0140,0.4628,1.4050,1.3675,34998303.3873,29928453.8234,5438614.4486,101145096.7893,86493231.5496,6.4048,7.1557,0.7131,0.7131,7.1310,14.7931
2022-12-12,2.8900,2.8900,2.8600,2.8600,-0.0300,-1.0400,3482973.2300,1000917.8030,2.4900,5.3800,0.1164,0.6404,1.1900,4.1502,3.9724,0.4580,1.3904,1.3533,34998303.3873,29928453.8234,5438614.4486,100095147.6877,85595377.9349,6.4720,7.2308,0.7156,0.7156,7.1557,14.8443
2022-12-13,2.8600,2.8900,2.8600,2.8800,0.0200,0.7000,2672123.4400,769713.2650,2.5100,5.4200,0.0893,0.4913,0.9500,4.1792,4.0001,0.4612,1.4001,1.3628,34998303.3873,29928453.8234,5438614.4486,100795113.7554,86193947.0114,6.4271,7.1806,0.7231,0.7231,7.2308,15.0000
2022-12-14,2.9000,2.9000,2.8800,2.8900,0.0100,0.3500,1833949.7800,529354.0200,2.5200,5.4400,0.0613,0.3372,0.6800,4.1937,4.0140,0.4628,1.4050,1.3675,34998303.3873,29928453.8234,5438614.4486,101145096.7893,86493231.5496,6.4048,7.1557,0.7131,0.7131,7.1310,14.7931
2022-12-15,2.8900,2.8900,2.8700,2.8800,-0.0100,-0.3500,1627742.5000,468320.6120,2.5100,5.4200,0.0544,0.2993,0.6600,4.1792,4.0001,0.4612,1.4001,1.3628,34998303.3873,29928453.8234,5438614.4486,100795113.7554,86193947.0114,6.4271,7.1806,0.7156,0.7156,7.1557,14.8443
2022-12-16,2.8800,2.9000,2.8700,2.9000,0.0200,0.6900,2697098.1900,779143.7300,2.5200,5.4600,0.0901,0.4959,1.1300,4.2082,4.0279,0.4644,1.4098,1.3722,34998303.3873,29928453.8234,5438614.4486,101495079.8232,86792516.0879,6.3828,7.1310,0.7181,0.7181,7.1806,14.8958
2022-12-19,2.9000,2.9000,2.8700,2.8800,-0.0200,-0.6900,2628156.4500,757784.7660,2.5100,5.4200,0.0878,0.4832,1.0700,4.1792,4.0001,0.4612,1.4001,1.3628,34998303.3873,29928453.8234,5438614.4486,100795113.7554,86193947.0114,6.4271,7.1806,0.7131,0.7131,7.1310,14.7931
2022-12-20,2.8700,2.8900,2.8500,2.8500,-0.0300,-1.0400,2365620.1500,678632.1690,2.4800,5.3600,0.0790,0.4350,1.0300,4.1357,3.9585,0.4564,1.3855,1.3486,34998303.3873,29928453.8234,5438614.4486,99745164.6538,85296093.3967,6.4947,7.2561,0.7206,0.7206,7.2056,14.9477
2022-12-21,2.8600,2.8700,2.8500,2.8500,0.0000,0.0000,1248251.7500,356822.3080,2.4800,5.3600,0.0417,0.2295,0.5600,4.1357,3.9585,0.4564,1.3855,1.3486,34998303.3873,29928453.8234,5438614.4486,99745164.6538,85296093.3967,6.4947,7.2561,0.7231,0.7231,7.2308,15.0000
2022-12-22,2.8700,2.8700,2.8500,2.8600,0.0100,0.3500,1386535.5700,396880.8240,2.4900,5.3800,0.0463,0.2549,0.6600,4.1502,3.9724,0.4580,1.3904,1.3533,34998303.3873,29928453.8234,5438614.4486,100095147.6877,85595377.9349,6.4720,7.2308,0.7206,0.7206,7.2056,14.9477
2022-12-23,2.8600,2.8800,2.8500,2.8700,0.0100,0.3500,1895851.4600,544130.1100,2.5000,5.4000,0.0633,0.3486,0.9200,4.1647,3.9863,0.4596,1.3952,1.3580,34998303.3873,29928453.8234,5438614.4486,100445130.7216,85894662.4732,6.4495,7.2056,0.7231,0.7231,7.2308,15.0000
2022-12-26,2.8700,2.8800,2.8500,2.8500,-0.0200,-0.7000,2107888.9800,602629.5610,2.4800,5.3600,0.0704,0.3876,1.1100,4.1357,3.9585,0.4564,1.3855,1.3486,34998303.3873,29928453.8234,5438614.4486,99745164.6538,85296093.3967,6.4947,7.2561,0.7206,0.7206,7.2056,14.9477
2022-12-27,2.8600,2.9000,2.8600,2.8900,0.0400,1.4000,3566586.3500,1028579.6860,2.5200,5.4400,0.1192,0.6558,1.9800,4.1937,4.0140,0.4628,1.4050,1.3675,34998303.3873,29928453.8234,5438614.4486,101145096.7893,86493231.5496,6.4048,7.1557,0.7231,0.7231,7.2308,15.0000
2022-12-28,2.9000,2.9100,2.8900,2.9000,0.0100,0.3500,3510243.6800,1019012.1640,2.5200,5.4600,0.1173,0.6454,1.7200,4.2082,4.0279,0.4644,1.4098,1.3722,34998303.3873,29928453.8234,5438614.4486,101495079.8232,86792516.0879,6.3828,7.1310,0.7131,0.7131,7.1310,14.7931
2022-12-29,2.9000,2.9100,2.8800,2.8800,-0.0200,-0.6900,2374403.7900,684870.6420,2.5100,5.4200,0.0793,0.4366,0.9500,4.1792,4.0001,0.4612,1.4001,1.3628,34998303.3873,29928453.8234,5438614.4486,100795113.7554,86193947.0114,6.4271,7.1806,0.7131,0.7131,7.1310,14.7931
2022-12-30,2.8900,2.9200,2.8800,2.9100,0.0300,1.0400,3854639.8900,1120357.2210,2.5300,5.4800,0.1288,0.7088,1.4300,4.2227,4.0418,0.4660,1.4147,1.3770,34998303.3873,29928453.8234,5438614.4486,101845062.8570,87091800.6261,6.3608,7.1065,0.7156,0.7156,7.1557,14.8443
2023-01-03,2.9100,2.9100,2.8900,2.9000,-0.0100,-0.3400,2987681.9100,865794.6420,2.5200,5.4600,0.0998,0.5493,0.9700,4.2082,4.0279,0.4644,1.4098,1.3722,34998303.3873,29928453.8234,5438614.4486,101495079.8232,86792516.0879,7.1310,7.1310,0.7636,0.7636,7.6357,15.5704
2023-01-04,2.9000,2.9400,2.8900,2.9300,0.0300,1.0300,3972458.3000,1160297.9530,2.5500,5.5100,0.1327,0.7304,1.2200,4.2518,4.0696,0.4692,1.4244,1.3864,34998303.3873,29928453.8234,5438614.4486,102545028.9248,87690369.7026,7.0580,7.0580,0.7662,0.7662,7.6621,15.6241
2023-01-05,2.9400,2.9500,2.9200,2.9300,0.0000,0.0000,2972184.6600,871739.5630,2.5500,5.5100,0.0993,0.5465,0.8900,4.2518,4.0696,0.4692,1.4244,1.3864,34998303.3873,29928453.8234,5438614.4486,102545028.9248,87690369.7026,7.0580,7.0580,0.7558,0.7558,7.5578,15.4116
2023-01-06,2.9300,2.9400,2.9100,2.9200,-0.0100,-0.3400,3621642.2700,1056426.6780,2.5400,5.5000,0.1210,0.6659,1.1200,4.2372,4.0557,0.4676,1.4195,1.3817,34998303.3873,29928453.8234,5438614.4486,102195045.8909,87391085.1643,7.0822,7.0822,0.7584,0.7584,7.5836,15.4642
2023-01-09,2.9300,2.9300,2.9100,2.9200,0.0000,0.0000,2251798.3200,657844.2010,2.5400,5.5000,0.0752,0.4140,0.6500,4.2372,4.0557,0.4676,1.4195,1.3817,34998303.3873,29928453.8234,5438614.4486,102195045.8909,87391085.1643,7.0822,7.0822,0.7584,0.7584,7.5836,15.4642
2023-01-10,2.9200,2.9200,2.9000,2.9100,-0.0100,-0.3400,2634670.9100,765535.6270,2.5300,5.4800,0.0880,0.4844,0.8300,4.2227,4.0418,0.4660,1.4147,1.3770,34998303.3873,29928453.8234,5438614.4486,101845062.8570,87091800.6261,7.1065,7.1065,0.7610,0.7610,7.6096,15.5171
2023-01-11,2.9100,2.9200,2.9000,2.9100,0.0000,0.0000,1981617.9200,577413.6440,2.5300,5.4800,0.0662,0.3644,0.6400,4.2227,4.0418,0.4660,1.4147,1.3770,34998303.3873,29928453.8234,5438614.4486,101845062.8570,87091800.6261,7.1065,7.1065,0.7636,0.7636,7.6357,15.5704
2023-01-12,2.9100,2.9200,2.9000,2.9200,0.0100,0.3400,2863624.3600,834309.5360,2.5400,5.5000,0.0957,0.5265,1.0600,4.2372,4.0557,0.4676,1.4195,1.3817,34998303.3873,29928453.8234,5438614.4486,102195045.8909,87391085.1643,7.0822,7.0822,0.7636,0.7636,7.6357,15.5704
2023-01-13,2.9200,2.9400,2.9100,2.9400,0.0200,0.6800,3083283.4000,904597.2020,2.5600,5.5300,0.1030,0.5669,1.1500,4.2663,4.0835,0.4708,1.4293,1.3912,34998303.3873,29928453.8234,5438614.4486,102895011.9587,87989654.2408,7.0340,7.0340,0.7610,0.7610,7.6096,15.5171
2023-01-16,2.9400,2.9500,2.9100,2.9100,-0.0300,-1.0200,5611539.1300,1641445.6150,2.5300,5.4800,0.1875,1.0318,2.1900,4.2227,4.0418,0.4660,1.4147,1.3770,34998303.3873,29928453.8234,5438614.4486,101845062.8570,87091800.6261,7.1065,7.1065,0.7558,0.7558,7.5578,15.4116
2023-01-17,2.9100,2.9200,2.9000,2.9100,0.0000,0.0000,2234449.5900,650261.7780,2.5300,5.4800,0.0747,0.4108,0.6900,4.2227,4.0418,0.4660,1.4147,1.3770,34998303.3873,29928453.8234,5438614.4486,101845062.8570,87091800.6261,7.1065,7.1065,0.7636,0.7636,7.6357,15.5704
2023-01-18,2.9200,2.9300,2.9100,2.9200,0.0100,0.3400,2228855.2500,651005.8440,2.5400,5.5000,0.0745,0.4098,0.7100,4.2372,4.0557,0.4676,1.4195,1.3817,34998303.3873,29928453.8234,5438614.4486,102195045.8909,87391085.1643,7.0822,7.0822,0.7610,0.7610,7.6096,15.5171
2023-01-19,2.9200,2.9300,2.9100,2.9200,0.0000,0.0000,1949922.3900,568826.2570,2.5400,5.5000,0.0652,0.3585,0.6100,4.2372,4.0557,0.4676,1.4195,1.3817,34998303.3873,29928453.8234,5438614.4486,102195045.8909,87391085.1643,7.0822,7.0822,0.7610,0.7610,7.6096,15.5171
2023-01-20,2.9200,2.9200,2.9100,2.9200,0.0000,0.0000,3064832.0100,893420.4910,2.5400,5.5000,0.1024,0.5635,1.0100,4.2372,4.0557,0.4676,1.4195,1.3817,34998303.3873,29928453.8234,5438614.4486,102195045.8909,87391085.1643,7.0822,7.0822,0.7610,0.7610,7.6096,15.5171
2023-01-30,2.9300,2.9400,2.9100,2.9200,0.0000,0.0000,3779496.7300,1104270.7100,2.5400,5.5000,0.1263,0.6949,1.2500,4.2372,4.0557,0.4676,1.4195,1.3817,34998303.3873,29928453.8234,5438614.4486,102195045.8909,87391085.1643,7.0822,7.0822,0.7584,0.7584,7.5836,15.4642
2023-01-31,2.9200,2.9300,2.9100,2.9100,-0.0100,-0.3400,2316895.6400,675999.7160,2.5300,5.4800,0.0774,0.4260,0.8700,4.2227,4.0418,0.4660,1.4147,1.3770,34998303.3873,29928453.8234,5438614.4486,101845062.8570,87091800.6261,7.1065,7.1065,0.7610,0.7610,7.6096,15.5171
2023-02-01,2.9100,2.9200,2.9000,2.9200,0.0100,0.3400,2606570.5200,759218.4380,2.5400,5.5000,0.0871,0.4793,0.9800,4.2372,4.0557,0.4676,1.4195,1.3817,34998303.3873,29928453.8234,5438614.4486,102195045.8909,87391085.1643,7.0822,7.0822,0.7636,0.7636,7.6357,15.5704
2023-02-02,2.9200,2.9300,2.9100,2.9200,0.0000,0.0000,2739866.3900,799695.5190,2.5400,5.5000,0.0915,0.5038,1.0000,4.2372,4.0557,0.4676,1.4195,1.3817,34998303.3873,29928453.8234,5438614.4486,102195045.8909,87391085.1643,7.0822,7.0822,0.7610,0.7610,7.6096,15.5171
2023-02-03,2.9200,2.9300,2.9100,2.9100,-0.0100,-0.3400,2598663.1400,757665.5660,2.5300,5.4800,0.0868,0.4778,0.9000,4.2227,4.0418,0.4660,1.4147,1.3770,34998303.3873,29928453.8234,5438614.4486,101845062.8570,87091800.6261,7.1065,7.1065,0.7610,0.7610,7.6096,15.5171
2023-02-06,2.9100,2.9200,2.9000,2.9200,0.0100,0.3400,1934542.0900,563298.3760,2.5400,5.5000,0.0646,0.3557,0.6900,4.2372,4.0557,0.4676,1.4195,1.3817,34998303.3873,29928453.8234,5438614.4486,102195045.8909,87391085.1643,7.0822,7.0822,0.7636,0.7636,7.6357,15.5704
2023-02-07,2.9200,2.9200,2.9100,2.9200,0.0000,0.0000,1118938.8900,326171.6700,2.5400,5.5000,0.0374,0.2057,0.4600,4.2372,4.0557,0.4676,1.4195,1.3817,34998303.3873,29928453.8234,5438614.4486,102195045.8909,87391085.1643,7.0822,7.0822,0.7610,0.7610,7.6096,15.5171
2023-02-08,2.9200,2.9300,2.9100,2.9200,0.0000,0.0000,2275742.7700,664816.9850,2.5400,5.5000,0.0760,0.4184,1.0300,4.2372,4.0557,0.4676,1.4195,1.3817,34998303.3873,29928453.8234,5438614.4486,102195045.8909,87391085.1643,7.0822,7.0822,0.7610,0.7610,7.6096,15.5171
2023-02-09,2.9300,2.9300,2.9200,2.9300,0.0100,0.3400,1417005.2900,414671.9500,2.5500,5.5100,0.0473,0.2605,0.6600,4.2518,4.0696,0.4692,1.4244,1.3864,34998303.3873,29928453.8234,5438614.4486,102545028.9248,87690369.7026,7.0580,7.0580,0.7584,0.7584,7.5836,15.4642
2023-02-10,2.9300,2.9300,2.9200,2.9300,0.0000,0.0000,1304854.6500,381696.6080,2.5500,5.5100,0.0436,0.2399,0.7000,4.2518,4.0696,0.4692,1.4244,1.3864,34998303.3873,29928453.8234,5438614.4486,102545028.9248,87690369.7026,7.0580,7.0580,0.7584,0.7584,7.5836,15.4642
2023-02-13,2.9200,2.9300,2.9100,2.9200,-0.0100,-0.3400,2882647.4400,840725.0820,2.5400,5.5000,0.0963,0.5300,1.7900,4.2372,4.0557,0.4676,1.4195,1.3817,34998303.3873,29928453.8234,5438614.4486,102195045.8909,87391085.1643,7.0822,7.0822,0.7610,0.7610,7.6096,15.5171
2023-02-14,2.9200,2.9200,2.9100,2.9100,-0.0100,-0.3400,1170387.7600,341099.0220,2.5300,5.4800,0.0391,0.2152,0.6500,4.2227,4.0418,0.4660,1.4147,1.3770,34998303.3873,29928453.8234,5438614.4486,101845062.8570,87091800.6261,7.1065,7.1065,0.7610,0.7610,7.6096,15.5171
2023-02-15,2.9200,2.9200,2.9100,2.9100,0.0000,0.0000,1941542.6100,565761.9180,2.5300,5.4800,0.0649,0.3570,1.0700,4.2227,4.0418,0.4660,1.4147,1.3770,34998303.3873,29928453.8234,5438614.4486,101845062.8570,87091800.6261,7.1065,7.1065,0.7610,0.7610,7.6096,15.5171
2023-02-16,2.9100,2.9200,2.9100,2.9100,0.0000,0.0000,1807870.6400,526940.8160,2.5300,5.4800,0.0604,0.3324,1.0400,4.2227,4.0418,0.4660,1.4147,1.3770,34998303.3873,29928453.8234,5438614.4486,101845062.8570,87091800.6261,7.1065,7.1065,0.7636,0.7636,7.6357,15.5704
2023-02-17,2.9100,2.9300,2.9100,2.9200,0.0100,0.3400,3563911.1700,1040774.9510,2.5400,5.5000,0.1191,0.6553,1.9600,4.2372,4.0557,0.4676,1.4195,1.3817,34998303.3873,29928453.8234,5438614.4486,102195045.8909,87391085.1643,7.0822,7.0822,0.7636,0.7636,7.6357,15.5704
2023-02-20,2.9200,2.9400,2.9200,2.9400,0.0200,0.6800,3390376.0900,993787.5160,2.5600,5.5300,0.1133,0.6234,1.4900,4.2663,4.0835,0.4708,1.4293,1.3912,34998303.3873,29928453.8234,5438614.4486,102895011.9587,87989654.2408,7.0340,7.0340,0.7610,0.7610,7.6096,15.5171
2023-02-21,2.9400,2.9400,2.9300,2.9400,0.0000,0.0000,2383318.0100,700090.1870,2.5600,5.5300,0.0796,0.4382,1.0000,4.2663,4.0835,0.4708,1.4293,1.3912,34998303.3873,29928453.8234,5438614.4486,102895011.9587,87989654.2408,7.0340,7.0340,0.7558,0.7558,7.5578,15.4116
2023-02-22,2.9400,2.9400,2.9300,2.9300,-0.0100,-0.3400,1571123.5900,461138.7370,2.5500,5.5100,0.0525,0.2889,0.6000,4.2518,4.0696,0.4692,1.4244,1.3864,34998303.3873,29928453.8234,5438614.4486,102545028.9248,87690369.7026,7.0580,7.0580,0.7558,0.7558,7.5578,15.4116
2023-02-23,2.9400,2.9500,2.9300,2.9300,0.0000,0.0000,2846116.0000,836739.8680,2.5500,5.5100,0.0951,0.5233,1.1200,4.2518,4.0696,0.4692,1.4244,1.3864,34998303.3873,29928453.8234,5438614.4486,102545028.9248,87690369.7026,7.0580,7.0580,0.7558,0.7558,7.5578,15.4116
2023-02-24,2.9300,2.9400,2.9200,2.9200,-0.0100,-0.3400,2635366.0000,771959.8820,2.5400,5.5000,0.0881,0.4846,0.9600,4.2372,4.0557,0.4676,1.4195,1.3817,34998303.3873,29928453.8234,5438614.4486,102195045.8909,87391085.1643,7.0822,7.0822,0.7584,0.7584,7.5836,15.4642
2023-02-27,2.9300,2.9300,2.9100,2.9200,0.0000,0.0000,2361757.8000,689974.4870,2.5400,5.5000,0.0789,0.4343,0.9200,4.2372,4.0557,0.4676,1.4195,1.3817,34998303.3873,29928453.8234,5438614.4486,102195045.8909,87391085.1643,7.0822,7.0822,0.7584,0.7584,7.5836,15.4642
2023-02-28,2.9300,2.9300,2.9100,2.9300,0.0100,0.3400,1856981.6600,543098.9450,2.5500,5.5100,0.0620,0.3414,0.7900,4.2518,4.0696,0.4692,1.4244,1.3864,34998303.3873,29928453.8234,5438614.4486,102545028.9248,87690369.7026,7.0580,7.0580,0.7584,0.7584,7.5836,15.4642
2023-03-01,2.9300,2.9400,2.9200,2.9300,0.0000,0.0000,3386190.9000,991818.9460,2.5500,5.5100,0.1131,0.6226,1.5000,4.2518,4.0696,0.4692,1.4244,1.3864,34998303.3873,29928453.8234,5438614.4486,102545028.9248,87690369.7026,7.0580,7.0580,0.7584,0.7584,7.5836,15.4642
2023-03-02,2.9300,2.9400,2.9200,2.9300,0.0000,0.0000,2226700.4600,653172.7880,2.5500,5.5100,0.0744,0.4094,0.8500,4.2518,4.0696,0.4692,1.4244,1.3864,34998303.3873,29928453.8234,5438614.4486,102545028.9248,87690369.7026,7.0580,7.0580,0.7584,0.7584,7.5836,15.4642
2023-03-03,2.9400,2.9700,2.9300,2.9700,0.0400,1.3700,5837474.3200,1721726.9350,2.5800,5.5900,0.1950,1.0733,2.3400,4.3098,4.1251,0.4756,1.4439,1.4053,34998303.3873,29928453.8234,5438614.4486,103944961.0603,88887507.8555,6.9630,6.9630,0.7558,0.7558,7.5578,15.4116
2023-03-06,2.9800,2.9900,2.9600,2.9600,-0.0100,-0.3400,4597401.3600,1367879.1110,2.5800,5.5700,0.1536,0.8453,1.4700,4.2953,4.1113,0.4740,1.4390,1.4006,34998303.3873,29928453.8234,5438614.4486,103594978.0264,88588223.3173,6.9865,6.9865,0.7456,0.7456,7.4564,15.2047
2023-03-07,2.9700,3.0500,2.9600,3.0100,0.0500,1.6900,8555751.1500,2584704.0250,2.6200,5.6600,0.2859,1.5731,2.3900,4.3678,4.1807,0.4820,1.4633,1.4243,34998303.3873,29928453.8234,5438614.4486,105344893.1958,90084646.0084,6.8704,6.8704,0.7481,0.7481,7.4815,15.2559
2023-03-08,3.0100,3.0200,2.9800,3.0200,0.0100,0.3300,3370718.5500,1010284.0840,2.6300,5.6800,0.1126,0.6198,0.6900,4.3824,4.1946,0.4836,1.4682,1.4290,34998303.3873,29928453.8234,5438614.4486,105694876.2296,90383930.5467,6.8477,6.8477,0.7382,0.7382,7.3821,15.0532
2023-03-09,3.0100,3.0500,3.0100,3.0100,-0.0100,-0.3300,4091318.0900,1239268.1010,2.6200,5.6600,0.1367,0.7523,0.8300,4.3678,4.1807,0.4820,1.4633,1.4243,34998303.3873,29928453.8234,5438614.4486,105344893.1958,90084646.0084,6.8704,6.8704,0.7382,0.7382,7.3821,15.0532
2023-03-10,3.0000,3.0100,2.9800,2.9800,-0.0300,-1.0000,3417305.6700,1023816.0420,2.5900,5.6100,0.1142,0.6283,0.6500,4.3243,4.1390,0.4772,1.4487,1.4101,34998303.3873,29928453.8234,5438614.4486,104294944.0942,89186792.3937,6.9396,6.9396,0.7407,0.7407,7.4067,15.1033
2023-03-13,2.9800,3.0100,2.9700,3.0100,0.0300,1.0100,2788041.1400,834695.8840,2.6200,5.6600,0.0932,0.5126,0.5800,4.3678,4.1807,0.4820,1.4633,1.4243,34998303.3873,29928453.8234,5438614.4486,105344893.1958,90084646.0084,6.8704,6.8704,0.7456,0.7456,7.4564,15.2047
2023-03-14,3.0000,3.0300,2.9900,3.0100,0.0000,0.0000,2836817.1800,854900.5450,2.6200,5.6600,0.0948,0.5216,0.6400,4.3678,4.1807,0.4820,1.4633,1.4243,34998303.3873,29928453.8234,5438614.4486,105344893.1958,90084646.0084,6.8704,6.8704,0.7407,0.7407,7.4067,15.1033
2023-03-15,3.0200,3.0500,3.0100,3.0400,0.0300,1.0000,3476943.8000,1054554.0420,2.6500,5.7200,0.1162,0.6393,1.0500,4.4114,4.2224,0.4868,1.4779,1.4385,34998303.3873,29928453.8234,5438614.4486,106394842.2974,90982499.6231,6.8026,6.8026,0.7358,0.7358,7.3576,15.0033
2023-03-16,3.0300,3.1100,3.0300,3.0700,0.0300,0.9900,6762034.1500,2082029.8660,2.6700,5.7800,0.2259,1.2433,2.0400,4.4549,4.2640,0.4916,1.4925,1.4527,34998303.3873,29928453.8234,5438614.4486,107444791.3990,91880353.2378,6.7362,6.7362,0.7333,0.7333,7.3333,14.9538
2023-03-17,3.0800,3.1100,3.0600,3.0800,0.0100,0.3300,5038061.6600,1553999.2110,2.6800,5.8000,0.1683,0.9264,1.3100,4.4694,4.2779,0.4932,1.4973,1.4574,34998303.3873,29928453.8234,5438614.4486,107794774.4329,92179637.7761,6.7143,6.7143,0.7214,0.7214,7.2143,14.7110
2023-03-20,3.0800,3.1300,3.0800,3.1000,0.0200,0.6500,5575066.3000,1735218.9030,2.7000,5.8300,0.1863,1.0251,1.3300,4.4984,4.3057,0.4964,1.5070,1.4669,34998303.3873,29928453.8234,5438614.4486,108494740.5006,92778206.8525,6.6710,6.6710,0.7214,0.7214,7.2143,14.7110
2023-03-21,3.1100,3.1300,3.0500,3.0500,-0.0500,-1.6100,4474987.6600,1374486.6520,2.6500,5.7400,0.1495,0.8228,0.9400,4.4259,4.2363,0.4884,1.4827,1.4432,34998303.3873,29928453.8234,5438614.4486,106744825.3313,91281784.1614,6.7803,6.7803,0.7145,0.7145,7.1447,14.5691
2023-03-22,3.0600,3.0900,3.0500,3.0900,0.0400,1.3100,2935809.7900,903031.3490,2.6900,5.8200,0.0981,0.5398,0.5800,4.4839,4.2918,0.4948,1.5022,1.4621,34998303.3873,29928453.8234,5438614.4486,108144757.4668,92478922.3143,6.6926,6.6926,0.7261,0.7261,7.2614,14.8072
2023-03-23,3.0800,3.1000,3.0700,3.1000,0.0100,0.3200,2594430.3900,801215.4540,2.7000,5.8300,0.0867,0.4770,0.5200,4.4984,4.3057,0.4964,1.5070,1.4669,34998303.3873,29928453.8234,5438614.4486,108494740.5006,92778206.8525,6.6710,6.6710,0.7214,0.7214,7.2143,14.7110
2023-03-24,3.0900,3.0900,3.0500,3.0500,-0.0500,-1.6100,2938509.8400,900157.3360,2.6500,5.7400,0.0982,0.5403,0.7100,4.4259,4.2363,0.4884,1.4827,1.4432,34998303.3873,29928453.8234,5438614.4486,106744825.3313,91281784.1614,6.7803,6.7803,0.7191,0.7191,7.1909,14.6634
2023-03-27,3.0500,3.0800,3.0200,3.0500,0.0000,0.0000,4345280.3100,1322524.4480,2.6500,5.7400,0.1452,0.7990,1.1700,4.4259,4.2363,0.4884,1.4827,1.4432,34998303.3873,29928453.8234,5438614.4486,106744825.3313,91281784.1614,6.7803,6.7803,0.7285,0.7285,7.2852,14.8557
2023-03-28,3.0500,3.0900,3.0500,3.0900,0.0400,1.3100,2787788.0100,856846.0360,2.6900,5.8200,0.0931,0.5126,0.8100,4.4839,4.2918,0.4948,1.5022,1.4621,34998303.3873,29928453.8234,5438614.4486,108144757.4668,92478922.3143,6.6926,6.6926,0.7285,0.7285,7.2852,14.8557
2023-03-29,3.0800,3.1200,3.0800,3.1000,0.0100,0.3200,3593162.1100,1114497.8800,2.7000,5.8300,0.1201,0.6607,1.1500,4.4984,4.3057,0.4964,1.5070,1.4669,34998303.3873,29928453.8234,5438614.4486,108494740.5006,92778206.8525,6.6710,6.6710,0.7214,0.7214,7.2143,14.7110
2023-03-30,3.1100,3.1300,3.0800,3.0900,-0.0100,-0.3200,2642463.4300,818427.3740,2.6900,5.8200,0.0883,0.4859,0.8100,4.4839,4.2918,0.4948,1.5022,1.4621,34998303.3873,29928453.8234,5438614.4486,108144757.4668,92478922.3143,6.6926,6.6926,0.7145,0.7145,7.1447,14.5691
2023-03-31,3.1100,3.1300,3.1000,3.1100,0.0200,0.6500,2996115.5000,932554.0310,2.7100,5.8500,0.1001,0.5509,0.9200,4.2002,4.2002,0.4884,1.5016,1.5016,34998303.3873,29928453.8234,5438614.4486,108844723.5345,93077491.3908,6.6495,6.6495,0.7145,0.7145,7.1447,14.5691
2023-04-03,3.1100,3.1200,3.0800,3.1000,-0.0100,-0.3200,3669634.7200,1135401.9560,2.7000,5.8300,0.1226,0.6747,1.1200,4.1867,4.1867,0.4869,1.4968,1.4968,34998303.3873,29928453.8234,5438614.4486,108494740.5006,92778206.8525,6.6710,6.6710,0.7145,0.7145,7.1447,14.5691
2023-04-04,3.1000,3.1500,3.0900,3.1500,0.0500,1.6100,4266797.7600,1332738.7490,2.7400,5.9300,0.1426,0.7845,1.3600,4.2543,4.2543,0.4947,1.5209,1.5209,34998303.3873,29928453.8234,5438614.4486,110244655.6700,94274629.5437,6.5651,6.5651,0.7168,0.7168,7.1677,14.6161
2023-04-06,3.1500,3.1900,3.1400,3.1800,0.0300,0.9500,4183260.9000,1327677.9530,2.7700,5.9800,0.1398,0.7692,1.2200,4.2948,4.2948,0.4994,1.5354,1.5354,34998303.3873,29928453.8234,5438614.4486,111294604.7716,95172483.1584,6.5031,6.5031,0.7054,0.7054,7.0540,14.3841
2023-04-07,3.1900,3.1900,3.1500,3.1700,-0.0100,-0.3100,2490524.0000,788097.1130,2.7600,5.9700,0.0832,0.4579,0.7000,4.2813,4.2813,0.4979,1.5305,1.5305,34998303.3873,29928453.8234,5438614.4486,110944621.7377,94873198.6202,6.5237,6.5237,0.6966,0.6966,6.9655,14.2038
2023-04-10,3.1700,3.1900,3.1400,3.1700,0.0000,0.0000,3534604.5100,1118639.7450,2.7600,5.9700,0.1181,0.6499,1.0000,4.2813,4.2813,0.4979,1.5305,1.5305,34998303.3873,29928453.8234,5438614.4486,110944621.7377,94873198.6202,6.5237,6.5237,0.7009,0.7009,7.0095,14.2934
2023-04-11,3.1700,3.2100,3.1600,3.2100,0.0400,1.2600,3567007.0600,1138864.4600,2.7900,6.0400,0.1192,0.6559,0.9800,4.3353,4.3353,0.5041,1.5499,1.5499,34998303.3873,29928453.8234,5438614.4486,112344553.8732,96070336.7731,6.4424,6.4424,0.7009,0.7009,7.0095,14.2934
2023-04-12,3.2100,3.2600,3.2000,3.2300,0.0200,0.6200,4116730.9000,1330442.6440,2.8100,6.0800,0.1376,0.7569,1.1400,4.3623,4.3623,0.5073,1.5595,1.5595,34998303.3873,29928453.8234,5438614.4486,113044519.9410,96668905.8496,6.4025,6.4025,0.6922,0.6922,6.9221,14.1153
2023-04-13,3.2300,3.2600,3.2200,3.2400,0.0100,0.3100,2817564.5200,913971.5830,2.8200,6.1000,0.0941,0.5181,0.7900,4.3758,4.3758,0.5089,1.5643,1.5643,34998303.3873,29928453.8234,5438614.4486,113394502.9749,96968190.3878,6.3827,6.3827,0.6879,0.6879,6.8793,14.0279
2023-04-14,3.2500,3.2600,3.2300,3.2300,-0.0100,-0.3100,2098955.9300,679849.6310,2.8100,6.0800,0.0701,0.3859,0.6400,4.3623,4.3623,0.5073,1.5595,1.5595,34998303.3873,29928453.8234,5438614.4486,113044519.9410,96668905.8496,6.4025,6.4025,0.6837,0.6837,6.8369,13.9415
2023-04-17,3.2200,3.3000,3.2100,3.3000,0.0700,2.1700,4241776.2000,1384073.5460,2.8700,6.2100,0.1417,0.7799,1.3100,4.4568,4.4568,0.5183,1.5933,1.5933,34998303.3873,29928453.8234,5438614.4486,115494401.1781,98763897.6172,6.2667,6.2667,0.6901,0.6901,6.9006,14.0714
2023-04-18,3.3000,3.3700,3.2900,3.3500,0.0500,1.5200,5171505.2100,1728311.8820,2.9200,6.3000,0.1728,0.9509,1.5400,4.5244,4.5244,0.5261,1.6175,1.6175,34998303.3873,29928453.8234,5438614.4486,117244316.3475,100260320.3084,6.1731,6.1731,0.6733,0.6733,6.7333,13.7303
2023-04-19,3.3600,3.4000,3.3400,3.3700,0.0200,0.6000,4631170.5400,1560777.1150,2.9300,6.3400,0.1547,0.8515,1.2600,4.5514,4.5514,0.5293,1.6271,1.6271,34998303.3873,29928453.8234,5438614.4486,117944282.4152,100858889.3849,6.1365,6.1365,0.6613,0.6613,6.6131,13.4851
2023-04-20,3.3800,3.4000,3.3200,3.3700,0.0000,0.0000,4441968.5700,1489634.7700,2.9300,6.3400,0.1484,0.8167,1.1700,4.5514,4.5514,0.5293,1.6271,1.6271,34998303.3873,29928453.8234,5438614.4486,117944282.4152,100858889.3849,6.1365,6.1365,0.6574,0.6574,6.5740,13.4053
2023-04-21,3.3700,3.4100,3.3300,3.3300,-0.0400,-1.1900,4659767.2600,1570885.1600,2.9000,6.2700,0.1557,0.8568,1.1300,4.4974,4.4974,0.5230,1.6078,1.6078,34998303.3873,29928453.8234,5438614.4486,116544350.2797,99661751.2319,6.2102,6.2102,0.6593,0.6593,6.5935,13.4451
2023-04-24,3.3400,3.3800,3.3300,3.3600,0.0300,0.9000,4620333.0300,1552568.7390,2.9200,6.3200,0.1544,0.8495,1.0000,4.5379,4.5379,0.5277,1.6223,1.6223,34998303.3873,29928453.8234,5438614.4486,117594299.3813,100559604.8466,6.1548,6.1548,0.6653,0.6653,6.6527,13.5659
2023-04-25,3.3500,3.4400,3.3500,3.4200,0.0600,1.7900,6235941.0200,2122710.7490,2.9800,6.4400,0.2084,1.1466,1.3300,4.6189,4.6189,0.5371,1.6513,1.6513,34998303.3873,29928453.8234,5438614.4486,119694197.5846,102355312.0760,6.0468,6.0468,0.6633,0.6633,6.6328,13.5254
2023-04-26,3.4200,3.4200,3.3300,3.3900,-0.0300,-0.8800,6709347.9200,2262418.2040,2.9500,6.3800,0.2242,1.2337,1.3600,4.5784,4.5784,0.5324,1.6368,1.6368,34998303.3873,29928453.8234,5438614.4486,118644248.4829,101457458.4613,6.1003,6.1003,0.6497,0.6497,6.4971,13.2485
2023-04-27,3.3900,3.4400,3.3800,3.4200,0.0300,0.8800,4553592.0100,1553766.7380,2.9800,6.4400,0.1521,0.8373,0.8500,4.6189,4.6189,0.5371,1.6513,1.6513,34998303.3873,29928453.8234,5438614.4486,119694197.5846,102355312.0760,6.0468,6.0468,0.6555,0.6555,6.5546,13.3658
2023-04-28,3.4100,3.4400,3.3900,3.4200,0.0000,0.0000,3909952.6800,1336343.7150,2.9800,6.4400,0.1306,0.7189,0.7300,4.6189,4.6189,0.5371,1.6513,1.6513,34998303.3873,29928453.8234,5438614.4486,119694197.5846,102355312.0760,6.0468,6.0468,0.6516,0.6516,6.5161,13.2874
2023-05-04,3.4100,3.6000,3.4000,3.5800,0.1600,4.6800,7483260.7100,2634857.1430,3.1200,6.7400,0.2500,1.3759,1.4400,4.8350,4.8200,0.5480,1.7285,1.7690,34998303.3873,29928453.8234,5438614.4486,125293926.1265,107143864.6878,5.7765,5.7765,0.6516,0.6516,6.5161,13.2874
2023-05-05,3.5900,3.7100,3.5800,3.6200,0.0400,1.1200,7119307.6900,2592118.1810,3.1500,6.8100,0.2379,1.3090,1.2300,4.8890,4.8739,0.5541,1.7478,1.7888,34998303.3873,29928453.8234,5438614.4486,126693858.2620,108341002.8407,5.7127,5.7127,0.6189,0.6189,6.1894,12.6212
2023-05-08,3.6400,3.9300,3.6200,3.8900,0.2700,7.4600,11798484.0200,4488097.5550,3.3900,7.3200,0.3942,2.1694,1.9800,5.2537,5.2374,0.5954,1.8782,1.9222,34998303.3873,29928453.8234,5438614.4486,136143400.1766,116421685.3730,5.3162,5.3162,0.6104,0.6104,6.1044,12.4478
2023-05-09,3.9200,3.9700,3.7900,3.8300,-0.0600,-1.5400,11171400.6000,4318860.3440,3.3300,7.2100,0.3733,2.0541,1.6000,5.1726,5.1566,0.5862,1.8492,1.8925,34998303.3873,29928453.8234,5438614.4486,134043501.9734,114625978.1436,5.3995,5.3995,0.5668,0.5668,5.6684,11.5587
2023-05-10,3.8000,3.8100,3.5800,3.6100,-0.2200,-5.7400,11708213.5400,4288929.2140,3.1400,6.7900,0.3912,2.1528,1.4100,4.8755,4.8604,0.5526,1.7430,1.7838,34998303.3873,29928453.8234,5438614.4486,126343875.2282,108041718.3025,5.7285,5.7285,0.5847,0.5847,5.8474,11.9237
2023-05-11,3.6000,3.6400,3.5500,3.5900,-0.0200,-0.5500,5440429.1100,1954602.3300,3.1200,6.7600,0.1818,1.0003,0.5500,4.8485,4.8335,0.5495,1.7333,1.7739,34998303.3873,29928453.8234,5438614.4486,125643909.1604,107443149.2260,5.7604,5.7604,0.6172,0.6172,6.1722,12.5861
2023-05-12,3.5700,3.6100,3.5300,3.5600,-0.0300,-0.8400,4581378.4800,1635370.9510,3.1000,6.7000,0.1531,0.8424,0.4800,4.8080,4.7931,0.5449,1.7189,1.7591,34998303.3873,29928453.8234,5438614.4486,124593960.0588,106545295.6113,5.8090,5.8090,0.6224,0.6224,6.2241,12.6919
2023-05-15,3.5500,3.5900,3.4100,3.5800,0.0200,0.5600,10027081.7100,3497048.1210,3.1200,6.7400,0.3350,1.8437,1.1200,4.8350,4.8200,0.5480,1.7285,1.7690,34998303.3873,29928453.8234,5438614.4486,125293926.1265,107143864.6878,5.7765,5.7765,0.6259,0.6259,6.2592,12.7634
2023-05-16,3.5700,3.6700,3.5600,3.6000,0.0200,0.5600,6593667.7900,2390572.2660,3.1300,6.7800,0.2203,1.2124,0.7700,4.8620,4.8470,0.5510,1.7382,1.7789,34998303.3873,29928453.8234,5438614.4486,125993892.1943,107742433.7642,5.7444,5.7444,0.6224,0.6224,6.2241,12.6919
2023-05-17,3.5900,3.6200,3.5500,3.5800,-0.0200,-0.5600,3651205.9100,1305657.2830,3.1200,6.7400,0.1220,0.6713,0.4800,4.8350,4.8200,0.5480,1.7285,1.7690,34998303.3873,29928453.8234,5438614.4486,125293926.1265,107143864.6878,5.7765,5.7765,0.6189,0.6189,6.1894,12.6212
2023-05-18,3.5900,3.7200,3.5900,3.6900,0.1100,3.0700,5839255.2900,2139786.7450,3.2100,6.9400,0.1951,1.0737,0.9600,4.9836,4.9681,0.5648,1.7816,1.8233,34998303.3873,29928453.8234,5438614.4486,129143739.4991,110435994.6083,5.6043,5.6043,0.6189,0.6189,6.1894,12.6212
2023-05-19,3.6800,3.6800,3.6200,3.6200,-0.0700,-1.9000,4290298.1800,1562464.6290,3.1500,6.8100,0.1434,0.7889,0.7000,4.8890,4.8739,0.5541,1.7478,1.7888,34998303.3873,29928453.8234,5438614.4486,126693858.2620,108341002.8407,5.7127,5.7127,0.6038,0.6038,6.0380,12.3125
2023-05-22,3.6100,3.6600,3.5800,3.6100,-0.0100,-0.2800,3908962.0300,1412535.4840,3.1400,6.7900,0.1306,0.7187,0.6400,4.8755,4.8604,0.5526,1.7430,1.7838,34998303.3873,29928453.8234,5438614.4486,126343875.2282,108041718.3025,5.7285,5.7285,0.6155,0.6155,6.1551,12.5512
2023-05-23,3.6000,3.6200,3.5000,3.5000,-0.1100,-3.0500,5971727.4000,2112775.5820,3.0500,6.5900,0.1995,1.0980,1.2300,4.7269,4.7123,0.5357,1.6899,1.7295,34998303.3873,29928453.8234,5438614.4486,122494061.8556,104749588.3819,5.9086,5.9086,0.6172,0.6172,6.1722,12.5861
2023-05-24,3.4800,3.4800,3.3900,3.4100,-0.0900,-2.5700,6852447.8300,2347364.4230,2.9700,6.4200,0.2290,1.2600,1.4500,4.6054,4.5912,0.5219,1.6464,1.6850,34998303.3873,29928453.8234,5438614.4486,119344214.5507,102056027.5378,6.0645,6.0645,0.6385,0.6385,6.3851,13.0201
2023-05-25,3.3900,3.4500,3.3700,3.4400,0.0300,0.8800,4345079.6400,1484090.0530,2.9900,6.4700,0.1452,0.7989,0.8100,4.6459,4.6315,0.5265,1.6609,1.6998,34998303.3873,29928453.8234,5438614.4486,120394163.6523,102953881.1525,6.0116,6.0116,0.6555,0.6555,6.5546,13.3658
2023-05-26,3.4300,3.5200,3.4200,3.5000,0.0600,1.7400,3067482.5500,1068124.4160,3.0500,6.5900,0.1025,0.5640,0.6000,4.7269,4.7123,0.5357,1.6899,1.7295,34998303.3873,29928453.8234,5438614.4486,122494061.8556,104749588.3819,5.9086,5.9086,0.6478,0.6478,6.4781,13.2099
2023-05-29,3.5100,3.5700,3.5100,3.5600,0.0600,1.7100,3429752.8700,1214171.7860,3.1000,6.7000,0.1146,0.6306,0.7100,4.8080,4.7931,0.5449,1.7189,1.7591,34998303.3873,29928453.8234,5438614.4486,124593960.0588,106545295.6113,5.8090,5.8090,0.6330,0.6330,6.3305,12.9088
2023-05-30,3.5500,3.5600,3.4700,3.5000,-0.0600,-1.6900,3975398.2100,1395363.8660,3.0500,6.5900,0.1328,0.7310,0.8400,4.7269,4.7123,0.5357,1.6899,1.7295,34998303.3873,29928453.8234,5438614.4486,122494061.8556,104749588.3819,5.9086,5.9086,0.6259,0.6259,6.2592,12.7634
2023-05-31,3.5000,3.5200,3.4600,3.5200,0.0200,0.5700,3825941.7000,1333953.3590,3.0600,6.6200,0.1278,0.7035,0.8800,4.7540,4.7393,0.5388,1.6995,1.7393,34998303.3873,29928453.8234,5438614.4486,123194027.9233,105348157.4584,5.8750,5.8750,0.6349,0.6349,6.3486,12.9457
2023-06-01,3.5000,3.5100,3.4300,3.4600,-0.0600,-1.7000,5065227.6100,1752201.9270,3.0100,6.5100,0.1692,0.9313,1.3600,4.6729,4.6585,0.5296,1.6706,1.7097,34998303.3873,29928453.8234,5438614.4486,121094129.7201,103552450.2290,5.9769,5.9769,0.6349,0.6349,6.3486,12.9457
2023-06-02,3.4600,3.4900,3.4400,3.4600,0.0000,0.0000,3437543.4500,1189530.6520,3.0100,6.5100,0.1149,0.6321,0.8900,4.6729,4.6585,0.5296,1.6706,1.7097,34998303.3873,29928453.8234,5438614.4486,121094129.7201,103552450.2290,5.9769,5.9769,0.6422,0.6422,6.4220,13.0954
2023-06-05,3.4600,3.5600,3.4500,3.5600,0.1000,2.8900,4353772.1300,1535155.1820,3.1000,6.7000,0.1455,0.8005,1.1000,4.8080,4.7931,0.5449,1.7189,1.7591,34998303.3873,29928453.8234,5438614.4486,124593960.0588,106545295.6113,5.8090,5.8090,0.6422,0.6422,6.4220,13.0954
2023-06-06,3.5500,3.6300,3.5500,3.5600,0.0000,0.0000,3742619.2500,1344927.9310,3.1000,6.7000,0.1251,0.6882,0.9100,4.8080,4.7931,0.5449,1.7189,1.7591,34998303.3873,29928453.8234,5438614.4486,124593960.0588,106545295.6113,5.8090,5.8090,0.6259,0.6259,6.2592,12.7634
2023-06-07,3.5600,3.6500,3.5500,3.6200,0.0600,1.6900,3468997.4500,1254425.0040,3.1500,6.8100,0.1159,0.6378,0.8500,4.8890,4.8739,0.5541,1.7478,1.7888,34998303.3873,29928453.8234,5438614.4486,126693858.2620,108341002.8407,5.7127,5.7127,0.6242,0.6242,6.2416,12.7275
2023-06-08,3.6400,3.7200,3.6000,3.7100,0.0900,2.4900,5036105.9300,1848285.7700,3.2300,6.9800,0.1683,0.9260,1.2500,5.0106,4.9951,0.5679,1.7913,1.8332,34998303.3873,29928453.8234,5438614.4486,129843705.5669,111034563.6848,5.5741,5.5741,0.6104,0.6104,6.1044,12.4478
2023-06-09,3.7200,3.7200,3.6700,3.6800,-0.0300,-0.8100,3425195.2200,1263742.2060,3.2000,6.9300,0.1144,0.6298,0.8500,4.9700,4.9547,0.5633,1.7768,1.8184,34998303.3873,29928453.8234,5438614.4486,128793756.4653,110136710.0701,5.6196,5.6196,0.5973,0.5973,5.9731,12.1801
2023-06-12,3.6700,3.6800,3.6200,3.6600,-0.0200,-0.5400,4409832.3900,1609092.2280,3.1900,6.8900,0.1473,0.8108,1.1000,4.9430,4.9277,0.5602,1.7671,1.8085,34998303.3873,29928453.8234,5438614.4486,128093790.3975,109538140.9936,5.6503,5.6503,0.6054,0.6054,6.0545,12.3460
2023-06-13,3.6500,3.7000,3.6300,3.6700,0.0100,0.2700,3465550.5000,1272014.7320,3.1900,6.9100,0.1158,0.6372,0.8600,4.9565,4.9412,0.5617,1.7720,1.8135,34998303.3873,29928453.8234,5438614.4486,128443773.4314,109837425.5319,5.6349,5.6349,0.6088,0.6088,6.0877,12.4137
2023-06-14,3.6700,3.6900,3.5500,3.5600,-0.1100,-3.0000,5493499.7200,1976711.8060,3.1000,6.7000,0.1836,1.0101,1.3900,4.8080,4.7931,0.5449,1.7189,1.7591,34998303.3873,29928453.8234,5438614.4486,124593960.0588,106545295.6113,5.8090,5.8090,0.6054,0.6054,6.0545,12.3460
2023-06-15,3.5600,3.6300,3.5600,3.6000,0.0400,1.1200,3626137.8100,1303477.9710,3.1300,6.7800,0.1212,0.6667,0.8300,4.8620,4.8470,0.5510,1.7382,1.7789,34998303.3873,29928453.8234,5438614.4486,125993892.1943,107742433.7642,5.7444,5.7444,0.6242,0.6242,6.2416,12.7275
2023-06-16,3.6200,3.6200,3.5700,3.5800,-0.0200,-0.5600,2853378.8600,1025485.3450,3.1200,6.7400,0.0953,0.5247,0.7000,4.8350,4.8200,0.5480,1.7285,1.7690,34998303.3873,29928453.8234,5438614.4486,125293926.1265,107143864.6878,5.7765,5.7765,0.6138,0.6138,6.1381,12.5166
2023-06-19,3.5800,3.5900,3.5000,3.5200,-0.0600,-1.6800,4399209.4400,1551884.9750,3.0600,6.6200,0.1470,0.8089,1.1100,4.7540,4.7393,0.5388,1.6995,1.7393,34998303.3873,29928453.8234,5438614.4486,123194027.9233,105348157.4584,5.8750,5.8750,0.6207,0.6207,6.2067,12.6564
2023-06-20,3.5300,3.5400,3.4800,3.5000,-0.0200,-0.5700,3054839.0900,1072938.5500,3.0500,6.5900,0.1021,0.5617,0.7700,4.7269,4.7123,0.5357,1.6899,1.7295,34998303.3873,29928453.8234,5438614.4486,122494061.8556,104749588.3819,5.9086,5.9086,0.6295,0.6295,6.2946,12.8357
2023-06-21,3.5000,3.5800,3.4800,3.5300,0.0300,0.8600,2998189.6900,1062249.7540,3.0700,6.6400,0.1002,0.5513,0.7700,4.7675,4.7527,0.5403,1.7044,1.7443,34998303.3873,29928453.8234,5438614.4486,123544010.9572,105647441.9966,5.8584,5.8584,0.6349,0.6349,6.3486,12.9457
2023-06-26,3.5200,3.5300,3.4600,3.4700,-0.0600,-1.7000,4029036.9900,1405460.7300,3.0200,6.5300,0.1346,0.7408,1.1900,4.6864,4.6719,0.5311,1.6754,1.7146,34998303.3873,29928453.8234,5438614.4486,121444112.7539,103851734.7672,5.9597,5.9597,0.6313,0.6313,6.3125,12.8722
2023-06-27,3.4600,3.5400,3.4400,3.5300,0.0600,1.7300,4113941.5200,1436267.3880,3.0700,6.6400,0.1375,0.7564,1.1900,4.7675,4.7527,0.5403,1.7044,1.7443,34998303.3873,29928453.8234,5438614.4486,123544010.9572,105647441.9966,5.8584,5.8584,0.6422,0.6422,6.4220,13.0954
2023-06-28,3.5200,3.5400,3.4900,3.5200,-0.0100,-0.2800,3252509.4500,1142132.2030,3.0600,6.6200,0.1087,0.5980,0.8700,4.7540,4.7393,0.5388,1.6995,1.7393,34998303.3873,29928453.8234,5438614.4486,123194027.9233,105348157.4584,5.8750,5.8750,0.6313,0.6313,6.3125,12.8722
2023-06-29,3.5100,3.5200,3.4800,3.4900,-0.0300,-0.8500,2864259.4000,1002394.7990,3.0400,6.5700,0.0957,0.5267,0.8200,4.7134,4.6989,0.5342,1.6851,1.7245,34998303.3873,29928453.8234,5438614.4486,122144078.8217,104450303.8437,5.9255,5.9255,0.6330,0.6330,6.3305,12.9088
2023-06-30,3.4900,3.5400,3.4800,3.5300,0.0400,1.1500,2803102.9800,986257.0310,3.0700,6.6400,0.0937,0.5154,0.8100,4.7675,4.7527,0.5403,1.7044,1.7443,34998303.3873,29928453.8234,5438614.4486,123544010.9572,105647441.9966,5.8584,5.8584,0.6367,0.6367,6.3668,12.9828
2023-07-03,3.5400,3.6300,3.5300,3.6200,0.0900,2.5500,3586926.7100,1289108.4470,3.1500,6.8100,0.1124,0.6595,1.0500,4.8890,4.8739,0.5541,1.7478,1.7888,34998303.3873,31924421.0777,5438614.4486,126693858.2620,115566404.3013,5.7127,5.7127,0.6277,0.6277,6.2768,12.7994
2023-07-04,3.6200,3.6200,3.5400,3.5600,-0.0600,-1.6600,3729326.7000,1333704.7570,3.1000,6.7000,0.1168,0.6857,1.1200,4.8080,4.7931,0.5449,1.7189,1.7591,34998303.3873,31924421.0777,5438614.4486,124593960.0588,113650939.0366,5.8090,5.8090,0.6138,0.6138,6.1381,12.5166
2023-07-05,3.5700,3.5700,3.5200,3.5500,-0.0100,-0.2800,2116226.0600,750196.6770,3.0900,6.6800,0.0663,0.3891,0.6500,4.7945,4.7796,0.5434,1.7140,1.7542,34998303.3873,31924421.0777,5438614.4486,124243977.0249,113331694.8258,5.8254,5.8254,0.6224,0.6224,6.2241,12.6919
2023-07-06,3.5400,3.5500,3.4900,3.5100,-0.0400,-1.1300,3439896.7100,1209534.3780,3.0500,6.6100,0.1078,0.6325,1.1400,4.7405,4.7258,0.5373,1.6947,1.7344,34998303.3873,31924421.0777,5438614.4486,122844044.8894,112054717.9827,5.8917,5.8917,0.6277,0.6277,6.2768,12.7994
2023-07-07,3.5000,3.5400,3.5000,3.5200,0.0100,0.2800,1805379.1000,635699.6630,3.0600,6.6200,0.0566,0.3320,0.5800,4.7540,4.7393,0.5388,1.6995,1.7393,34998303.3873,31924421.0777,5438614.4486,123194027.9233,112373962.1935,5.8750,5.8750,0.6349,0.6349,6.3486,12.9457
2023-07-10,3.5200,3.5400,3.5000,3.5100,-0.0100,-0.2800,1797165.3000,631549.1930,3.0500,6.6100,0.0563,0.3304,0.6100,4.7405,4.7258,0.5373,1.6947,1.7344,34998303.3873,31924421.0777,5438614.4486,122844044.8894,112054717.9827,5.8917,5.8917,0.6313,0.6313,6.3125,12.8722
2023-07-11,3.5200,3.5400,3.5100,3.5300,0.0200,0.5700,1845016.0000,651229.5060,3.0700,6.6400,0.0578,0.3392,0.7200,4.7675,4.7527,0.5403,1.7044,1.7443,34998303.3873,31924421.0777,5438614.4486,123544010.9572,112693206.4043,5.8584,5.8584,0.6313,0.6313,6.3125,12.8722
2023-07-12,3.5300,3.5600,3.5200,3.5500,0.0200,0.5700,2209462.8800,782525.5240,3.0900,6.6800,0.0692,0.4063,1.0000,4.7945,4.7796,0.5434,1.7140,1.7542,34998303.3873,31924421.0777,5438614.4486,124243977.0249,113331694.8258,5.8254,5.8254,0.6295,0.6295,6.2946,12.8357
2023-07-13,3.5500,3.6100,3.5500,3.6100,0.0600,1.6900,3171887.4000,1137487.3580,3.1400,6.7900,0.0994,0.5832,1.4300,4.8755,4.8604,0.5526,1.7430,1.7838,34998303.3873,31924421.0777,5438614.4486,126343875.2282,115247160.0905,5.7285,5.7285,0.6259,0.6259,6.2592,12.7634
2023-07-14,3.6100,3.6300,3.5900,3.6100,0.0000,0.0000,2954278.5500,1066540.1580,3.1400,6.7900,0.0925,0.5432,1.3600,4.8755,4.8604,0.5526,1.7430,1.7838,34998303.3873,31924421.0777,5438614.4486,126343875.2282,115247160.0905,5.7285,5.7285,0.6155,0.6155,6.1551,12.5512
2023-07-17,3.6200,3.6300,3.5800,3.6200,0.0100,0.2800,4323828.8700,1561075.0590,3.1500,6.8100,0.1354,0.7950,1.8000,4.8890,4.8739,0.5541,1.7478,1.7888,34998303.3873,31924421.0777,5438614.4486,126693858.2620,115566404.3013,5.7127,,0.6138,0.6138,6.1381,12.5166
2023-07-18,3.4200,3.4400,3.4000,3.4000,-0.2200,-6.0800,4001720.5600,1368897.2860,3.1500,6.8100,0.1253,0.7358,1.3800,4.5919,4.5777,0.5387,1.6416,1.6800,34998303.3873,31924421.0777,5438614.4486,118994231.5168,108543031.6642,6.0824,6.5353,0.6497,0.6497,6.4971,13.2485
2023-07-19,3.4000,3.4100,3.3700,3.4000,0.0000,0.0000,2728502.6500,923560.8130,3.1500,6.8100,0.0855,0.5017,0.8200,4.5919,4.5777,0.5387,1.6416,1.6800,34998303.3873,31924421.0777,5438614.4486,118994231.5168,108543031.6642,6.0824,6.5353,0.6535,0.6535,6.5353,13.3265
2023-07-20,3.4000,3.4300,3.3900,3.4200,0.0200,0.5900,2087402.4400,713587.8870,3.1700,6.8500,0.0654,0.3838,0.6100,4.6189,4.6046,0.5419,1.6513,1.6899,34998303.3873,31924421.0777,5438614.4486,119694197.5846,109181520.0857,6.0468,6.4971,0.6535,0.6535,6.5353,13.3265
2023-07-21,3.4100,3.4300,3.4100,3.4100,-0.0100,-0.2900,1494400.0100,510819.8560,3.1600,6.8300,0.0468,0.2748,0.4600,4.6054,4.5912,0.5403,1.6464,1.6850,34998303.3873,31924421.0777,5438614.4486,119344214.5507,108862275.8750,6.0645,6.5161,0.6516,0.6516,6.5161,13.2874
2023-07-24,3.4100,3.4300,3.3900,3.4300,0.0200,0.5900,1561232.9200,532977.0520,3.1800,6.8700,0.0489,0.2871,0.5300,4.6324,4.6181,0.5435,1.6561,1.6949,34998303.3873,31924421.0777,5438614.4486,120044180.6184,109500764.2965,6.0292,6.4781,0.6516,0.6516,6.5161,13.2874
2023-07-25,3.4400,3.4900,3.4300,3.4900,0.0600,1.7500,3195089.5400,1104864.1870,3.2300,6.9900,0.1001,0.5875,1.3500,4.7134,4.6989,0.5530,1.6851,1.7245,34998303.3873,31924421.0777,5438614.4486,122144078.8217,111416229.5612,5.9255,6.3668,0.6459,0.6459,6.4593,13.1715
2023-07-26,3.4800,3.5000,3.4600,3.4800,-0.0100,-0.2900,1784601.4500,619755.8300,3.2200,6.9700,0.0559,0.3281,0.8100,4.6999,4.6854,0.5514,1.6802,1.7196,34998303.3873,31924421.0777,5438614.4486,121794095.7878,111096985.3504,5.9425,6.3851,0.6385,0.6385,6.3851,13.0201
2023-07-27,3.4900,3.5800,3.4800,3.5400,0.0600,1.7200,3004812.3000,1063454.6780,3.2800,7.0900,0.0941,0.5525,1.4800,4.7810,4.7662,0.5609,1.7092,1.7492,34998303.3873,31924421.0777,5438614.4486,123893993.9910,113012450.6151,5.8418,6.2768,0.6367,0.6367,6.3668,12.9828
2023-07-28,3.5300,3.6200,3.5200,3.6100,0.0700,1.9800,3274326.9300,1174131.7540,3.3400,7.2300,0.1026,0.6021,1.4800,4.8755,4.8604,0.5720,1.7430,1.7838,34998303.3873,31924421.0777,5438614.4486,126343875.2282,115247160.0905,5.7285,6.1551,0.6295,0.6295,6.2946,12.8357
2023-07-31,3.6200,3.7100,3.5800,3.6200,0.0100,0.2800,4413073.9100,1601084.2170,3.3500,7.2500,0.1382,0.8114,1.7200,4.8890,4.8739,0.5736,1.7478,1.7888,34998303.3873,31924421.0777,5438614.4486,126693858.2620,115566404.3013,5.7127,6.1381,0.6138,0.6138,6.1381,12.5166
2023-08-01,3.6100,3.6500,3.5900,3.6300,0.0100,0.2800,2148569.5000,778557.0120,3.3600,7.2700,0.0673,0.3951,0.6900,4.9025,4.8874,0.5752,1.7526,1.7937,34998303.3873,31924421.0777,5438614.4486,127043841.2959,115885648.5121,5.6970,6.1212,0.6155,0.6155,6.1551,12.5512
2023-08-02,3.6100,3.6100,3.5000,3.5100,-0.1200,-3.3100,5010064.5000,1776340.9950,3.2500,7.0300,0.1569,0.9212,1.7100,4.7405,4.7258,0.5562,1.6947,1.7344,34998303.3873,31924421.0777,5438614.4486,122844044.8894,112054717.9827,5.8917,6.3305,0.6155,0.6155,6.1551,12.5512
2023-08-03,3.5100,3.5700,3.4700,3.5500,0.0400,1.1400,3225276.0000,1136708.7530,3.2900,7.1100,0.1010,0.5930,0.9000,4.7945,4.7796,0.5625,1.7140,1.7542,34998303.3873,31924421.0777,5438614.4486,124243977.0249,113331694.8258,5.8254,6.2592,0.6330,0.6330,6.3305,12.9088
2023-08-04,3.5700,3.6000,3.5500,3.5500,0.0000,0.0000,2805904.7000,1001266.0970,3.2900,7.1100,0.0879,0.5159,0.7800,4.7945,4.7796,0.5625,1.7140,1.7542,34998303.3873,31924421.0777,5438614.4486,124243977.0249,113331694.8258,5.8254,6.2592,0.6224,0.6224,6.2241,12.6919
2023-08-07,3.5500,3.5500,3.4900,3.5300,-0.0200,-0.5600,2673237.2400,940723.9370,3.2700,7.0700,0.0837,0.4915,0.7600,4.7675,4.7527,0.5593,1.7044,1.7443,34998303.3873,31924421.0777,5438614.4486,123544010.9572,112693206.4043,5.8584,6.2946,0.6259,0.6259,6.2592,12.7634
2023-08-08,3.5200,3.5500,3.5000,3.5100,-0.0200,-0.5700,1973530.9500,694947.5630,3.2500,7.0300,0.0618,0.3629,0.6200,4.7405,4.7258,0.5562,1.6947,1.7344,34998303.3873,31924421.0777,5438614.4486,122844044.8894,112054717.9827,5.8917,6.3305,0.6313,0.6313,6.3125,12.8722
2023-08-09,3.5100,3.5400,3.5000,3.5200,0.0100,0.2800,2064024.0300,727010.3000,3.2600,7.0500,0.0647,0.3795,0.6600,4.7540,4.7393,0.5578,1.6995,1.7393,34998303.3873,31924421.0777,5438614.4486,123194027.9233,112373962.1935,5.8750,6.3125,0.6330,0.6330,6.3305,12.9088
2023-08-10,3.5300,3.5300,3.5000,3.5200,0.0000,0.0000,1831225.6500,644034.8530,3.2600,7.0500,0.0574,0.3367,0.7200,4.7540,4.7393,0.5578,1.6995,1.7393,34998303.3873,31924421.0777,5438614.4486,123194027.9233,112373962.1935,5.8750,6.3125,0.6295,0.6295,6.2946,12.8357
2023-08-11,3.5200,3.5300,3.4600,3.4600,-0.0600,-1.7000,3022920.0100,1053335.1920,3.2100,6.9300,0.0947,0.5558,1.3300,4.6729,4.6585,0.5482,1.6706,1.7097,34998303.3873,31924421.0777,5438614.4486,121094129.7201,110458496.9288,5.9769,6.4220,0.6313,0.6313,6.3125,12.8722
2023-08-14,3.4300,3.4400,3.4000,3.4200,-0.0400,-1.1600,2794160.0300,954197.2040,3.1700,6.8500,0.0875,0.5138,1.2100,4.6189,4.6046,0.5419,1.6513,1.6899,34998303.3873,31924421.0777,5438614.4486,119694197.5846,109181520.0857,6.0468,6.4971,0.6478,0.6478,6.4781,13.2099
2023-08-15,3.4200,3.5000,3.4100,3.4900,0.0700,2.0500,3195440.1200,1105858.1220,3.2300,6.9900,0.1001,0.5875,1.3700,4.7134,4.6989,0.5530,1.6851,1.7245,34998303.3873,31924421.0777,5438614.4486,122144078.8217,111416229.5612,5.9255,6.3668,0.6497,0.6497,6.4971,13.2485
2023-08-16,3.4800,3.5000,3.4500,3.4900,0.0000,0.0000,2132165.4000,741998.2710,3.2300,6.9900,0.0668,0.3920,0.8300,4.7134,4.6989,0.5530,1.6851,1.7245,34998303.3873,31924421.0777,5438614.4486,122144078.8217,111416229.5612,5.9255,6.3668,0.6385,0.6385,6.3851,13.0201
2023-08-17,3.4800,3.5000,3.4400,3.4700,-0.0200,-0.5700,2455254.2300,850902.3170,3.2100,6.9500,0.0769,0.4514,0.9500,4.6864,4.6719,0.5498,1.6754,1.7146,34998303.3873,31924421.0777,5438614.4486,121444112.7539,110777741.1396,5.9597,6.4035,0.6385,0.6385,6.3851,13.0201
2023-08-18,3.4600,3.5200,3.4600,3.4900,0.0200,0.5800,2857721.6000,1000306.4340,3.2300,6.9900,0.0895,0.5255,1.0500,4.7134,4.6989,0.5530,1.6851,1.7245,34998303.3873,31924421.0777,5438614.4486,122144078.8217,111416229.5612,5.9255,6.3668,0.6422,0.6422,6.4220,13.0954
2023-08-21,3.5100,3.5100,3.4200,3.4300,-0.0600,-1.7200,3175587.1300,1094981.7030,3.1800,6.8700,0.0995,0.5839,1.1800,4.6324,4.6181,0.5435,1.6561,1.6949,34998303.3873,31924421.0777,5438614.4486,120044180.6184,109500764.2965,6.0292,6.4781,0.6330,0.6330,6.3305,12.9088
2023-08-22,3.4300,3.4900,3.4300,3.4800,0.0500,1.4600,3163270.0100,1093284.6170,3.2200,6.9700,0.0991,0.5816,1.1400,4.6999,4.6854,0.5514,1.6802,1.7196,34998303.3873,31924421.0777,5438614.4486,121794095.7878,111096985.3504,5.9425,6.3851,0.6478,0.6478,6.4781,13.2099
2023-08-23,3.4800,3.5100,3.4700,3.4800,0.0000,0.0000,2510814.4800,877055.2620,3.2200,6.9700,0.0786,0.4617,0.9100,4.6999,4.6854,0.5514,1.6802,1.7196,34998303.3873,31924421.0777,5438614.4486,121794095.7878,111096985.3504,5.9425,6.3851,0.6385,0.6385,6.3851,13.0201
2023-08-24,3.4900,3.5000,3.4500,3.4700,-0.0100,-0.2900,2763578.3200,958730.8300,3.2100,6.9500,0.0866,0.5081,0.9800,4.6864,4.6719,0.5498,1.6754,1.7146,34998303.3873,31924421.0777,5438614.4486,121444112.7539,110777741.1396,5.9597,6.4035,0.6367,0.6367,6.3668,12.9828
2023-08-25,3.4600,3.5000,3.4500,3.4800,0.0100,0.2900,2606606.1400,907437.5370,3.2200,6.9700,0.0816,0.4793,0.9000,4.6999,4.6854,0.5514,1.6802,1.7196,34998303.3873,31924421.0777,5438614.4486,121794095.7878,111096985.3504,5.9425,6.3851,0.6422,0.6422,6.4220,13.0954
2023-08-28,3.5900,3.6100,3.5100,3.5400,0.0600,1.7200,4526725.9900,1604036.6170,3.2800,7.0900,0.1418,0.8323,1.5900,4.7810,4.7662,0.5609,1.7092,1.7492,34998303.3873,31924421.0777,5438614.4486,123893993.9910,113012450.6151,5.8418,6.2768,0.6189,0.6189,6.1894,12.6212
2023-08-29,3.5300,3.5400,3.4600,3.4800,-0.0600,-1.6900,3975237.5300,1386098.5180,3.2200,6.9700,0.1245,0.7309,1.2800,4.6999,4.6854,0.5514,1.6802,1.7196,34998303.3873,31924421.0777,5438614.4486,121794095.7878,111096985.3504,5.9425,6.3851,0.6295,0.6295,6.2946,12.8357
2023-08-30,3.4800,3.4800,3.4500,3.4800,0.0000,0.0000,2191173.7000,759035.6530,3.2200,6.9700,0.0686,0.4029,0.6700,4.6999,4.6234,0.5355,1.6802,1.7314,34998303.3873,31924421.0777,5438614.4486,121794095.7878,111096985.3504,5.9425,6.3851,0.6385,0.6385,6.3851,13.0201
2023-08-31,3.4800,3.5000,3.4600,3.4600,-0.0200,-0.5700,2067045.6600,718086.8770,3.2100,6.9300,0.0647,0.3801,0.6400,4.6729,4.5968,0.5324,1.6706,1.7215,34998303.3873,31924421.0777,5438614.4486,121094129.7201,110458496.9288,5.9769,6.4220,0.6385,0.6385,6.3851,13.0201
2023-09-01,3.4600,3.4700,3.4400,3.4400,-0.0200,-0.5800,2133388.3900,735846.0020,3.1900,6.8900,0.0668,0.3923,0.6900,4.6459,4.5703,0.5293,1.6609,1.7115,34998303.3873,31924421.0777,5438614.4486,120394163.6523,109820008.5073,6.0116,6.4593,0.6422,0.6422,6.4220,13.0954
2023-09-04,3.4500,3.4800,3.4500,3.4800,0.0400,1.1600,2322133.1400,804988.9870,3.2200,6.9700,0.0727,0.4270,0.7800,4.6999,4.6234,0.5355,1.6802,1.7314,34998303.3873,31924421.0777,5438614.4486,121794095.7878,111096985.3504,5.9425,6.3851,0.6441,0.6441,6.4406,13.1333
2023-09-05,3.4700,3.4700,3.4500,3.4500,-0.0300,-0.8600,1346521.8800,465650.7150,3.2000,6.9100,0.0422,0.2476,0.5300,4.6594,4.5836,0.5309,1.6657,1.7165,34998303.3873,31924421.0777,5438614.4486,120744146.6862,110139252.7181,5.9942,6.4406,0.6403,0.6403,6.4035,13.0576
2023-09-06,3.4500,3.4700,3.4500,3.4600,0.0100,0.2900,1299551.9200,449351.7900,3.2100,6.9300,0.0407,0.2389,0.6500,4.6729,4.5968,0.5324,1.6706,1.7215,34998303.3873,31924421.0777,5438614.4486,121094129.7201,110458496.9288,5.9769,6.4220,0.6441,0.6441,6.4406,13.1333
2023-09-07,3.4600,3.4700,3.4400,3.4600,0.0000,0.0000,2006402.9400,693324.2280,3.2100,6.9300,0.0628,0.3689,1.0900,4.6729,4.5968,0.5324,1.6706,1.7215,34998303.3873,31924421.0777,5438614.4486,121094129.7201,110458496.9288,5.9769,6.4220,0.6422,0.6422,6.4220,13.0954
2023-09-08,3.4500,3.4600,3.4400,3.4500,-0.0100,-0.2900,1327145.0900,457246.2740,3.2000,6.9100,0.0416,0.2440,0.7300,4.6594,4.5836,0.5309,1.6657,1.7165,34998303.3873,31924421.0777,5438614.4486,120744146.6862,110139252.7181,5.9942,6.4406,0.6441,0.6441,6.4406,13.1333
2023-09-11,3.4500,3.4500,3.4300,3.4400,-0.0100,-0.2900,2200491.4800,757315.2630,3.1900,6.8900,0.0689,0.4046,1.3300,4.6459,4.5703,0.5293,1.6609,1.7115,34998303.3873,31924421.0777,5438614.4486,120394163.6523,109820008.5073,6.0116,6.4593,0.6441,0.6441,6.4406,13.1333
2023-09-12,3.4400,3.4500,3.4300,3.4400,0.0000,0.0000,1160455.2400,398843.5120,3.1900,6.8900,0.0364,0.2134,0.7100,4.6459,4.5703,0.5293,1.6609,1.7115,34998303.3873,31924421.0777,5438614.4486,120394163.6523,109820008.5073,6.0116,6.4593,0.6459,0.6459,6.4593,13.1715
2023-09-13,3.4400,3.4600,3.4300,3.4500,0.0100,0.2900,2058957.8300,709864.3020,3.2000,6.9100,0.0645,0.3786,1.2900,4.6594,4.5836,0.5309,1.6657,1.7165,34998303.3873,31924421.0777,5438614.4486,120744146.6862,110139252.7181,5.9942,6.4406,0.6459,0.6459,6.4593,13.1715
2023-09-14,3.4500,3.5100,3.4400,3.5000,0.0500,1.4500,4552913.8700,1586495.0860,3.2400,7.0100,0.1426,0.8371,2.6000,4.7269,4.6500,0.5386,1.6899,1.7414,34998303.3873,31924421.0777,5438614.4486,122494061.8556,111735473.7720,5.9086,6.3486,0.6441,0.6441,6.4406,13.1333
2023-09-15,3.5100,3.5300,3.4700,3.4700,-0.0300,-0.8600,3555350.7600,1243775.0800,3.2100,6.9500,0.1114,1.1519,1.5700,4.6864,4.6101,0.5340,1.6754,1.7265,34998303.3873,31924421.0777,3086517.6189,121444112.7539,110777741.1396,5.9597,6.4035,0.6330,0.6330,6.3305,12.9088
2023-09-18,3.4800,3.4800,3.4500,3.4700,0.0000,0.0000,2634991.4500,912502.5120,3.2100,6.9500,0.0825,0.4845,0.9700,4.6864,4.6101,0.5340,1.6754,1.7265,34998303.3873,31924421.0777,5438614.4486,121444112.7539,110777741.1396,5.9597,6.4035,0.6385,0.6385,6.3851,13.0201
2023-09-19,3.4700,3.5300,3.4600,3.5300,0.0600,1.7300,3635733.3000,1275073.7210,3.2700,7.0700,0.1139,0.6685,1.3000,4.7675,4.6898,0.5432,1.7044,1.7563,34998303.3873,31924421.0777,5438614.4486,123544010.9572,112693206.4043,5.8584,6.2946,0.6403,0.6403,6.4035,13.0576
2023-09-20,3.5300,3.6000,3.5200,3.5800,0.0500,1.4200,4177440.5000,1489849.8700,3.3200,7.1700,0.1309,0.7681,1.2700,4.8350,4.7563,0.5509,1.7285,1.7812,34998303.3873,31924421.0777,5438614.4486,125293926.1265,114289427.4582,5.7765,6.2067,0.6295,0.6295,6.2946,12.8357
2023-09-21,3.5900,3.6100,3.5500,3.5600,-0.0200,-0.5600,2805875.6400,1002973.6760,3.3000,7.1300,0.0879,0.5159,0.7600,4.8080,4.7297,0.5478,1.7189,1.7712,34998303.3873,31924421.0777,5438614.4486,124593960.0588,113650939.0366,5.8090,6.2416,0.6189,0.6189,6.1894,12.6212
2023-09-22,3.5600,3.6000,3.5300,3.5900,0.0300,0.8400,3714281.8500,1325632.0940,3.3300,7.1900,0.1163,0.6829,1.1000,4.8485,4.7696,0.5524,1.7333,1.7862,34998303.3873,31924421.0777,5438614.4486,125643909.1604,114608671.6689,5.7604,6.1894,0.6242,0.6242,6.2416,12.7275
2023-09-25,3.5900,3.6300,3.5800,3.6200,0.0300,0.8400,3291333.9100,1189721.5240,3.3500,7.2500,0.1031,0.6052,0.9700,4.8890,4.8094,0.5570,1.7478,1.8011,34998303.3873,31924421.0777,5438614.4486,126693858.2620,115566404.3013,5.7127,6.1381,0.6189,0.6189,6.1894,12.6212
2023-09-26,3.6200,3.6400,3.6000,3.6200,0.0000,0.0000,2586036.4100,935691.9770,3.3500,7.2500,0.0810,0.4755,0.7300,4.8890,4.8094,0.5570,1.7478,1.8011,34998303.3873,31924421.0777,5438614.4486,126693858.2620,115566404.3013,5.7127,6.1381,0.6138,0.6138,6.1381,12.5166
2023-09-27,3.6200,3.6200,3.5600,3.5600,-0.0600,-1.6600,3154589.6400,1128500.8170,3.3000,7.1300,0.0988,0.5800,0.9500,4.8080,4.7297,0.5478,1.7189,1.7712,34998303.3873,31924421.0777,5438614.4486,124593960.0588,113650939.0366,5.8090,6.2416,0.6138,0.6138,6.1381,12.5166
2023-09-28,3.5800,3.6200,3.5700,3.6000,0.0400,1.1200,2631104.0600,948110.7450,3.3300,7.2100,0.0824,0.4838,0.8500,4.8620,4.7828,0.5540,1.7382,1.7911,34998303.3873,31924421.0777,5438614.4486,125993892.1943,114927915.8797,5.7444,6.1722,0.6207,0.6207,6.2067,12.6564
2023-10-09,3.5800,3.6400,3.5500,3.6000,0.0000,0.0000,3022637.9200,1084480.3920,3.3300,7.2100,0.0947,0.5558,0.9800,4.8620,4.7828,0.5540,1.7382,1.7911,34998303.3873,31924421.0777,5438614.4486,125993892.1943,114927915.8797,5.7444,6.1722,0.6207,0.6207,6.2067,12.6564
2023-10-10,3.6000,3.6500,3.5900,3.6100,0.0100,0.2800,2670485.7000,966978.6030,3.3400,7.2300,0.0837,0.4910,0.9100,4.8755,4.7961,0.5555,1.7430,1.7961,34998303.3873,31924421.0777,5438614.4486,126343875.2282,115247160.0905,5.7285,6.1551,0.6172,0.6172,6.1722,12.5861
2023-10-11,3.6200,3.6600,3.6000,3.6500,0.0400,1.1100,3707038.0300,1346890.0400,3.3800,7.3100,0.1161,0.6816,1.3200,4.9295,4.8493,0.5616,1.7623,1.8160,34998303.3873,31924421.0777,5438614.4486,127743807.3636,116524136.9336,5.6658,6.0877,0.6138,0.6138,6.1381,12.5166
2023-10-12,3.7000,3.7700,3.6500,3.6700,0.0200,0.5500,5954786.9800,2196869.5460,3.4000,7.3500,0.1865,1.0957,1.9600,4.9565,4.8758,0.5647,1.7720,1.8260,34998303.3873,31924421.0777,5434887.2286,128443773.4314,117162625.3552,5.6349,6.0545,0.6005,0.6005,6.0054,12.2459
2023-10-13,3.6600,3.7500,3.6500,3.7200,0.0500,1.3600,5072833.1600,1885921.5910,3.4500,7.4500,0.1589,0.9334,1.4100,5.0241,4.9423,0.5724,1.7961,1.8508,34998303.3873,31924421.0777,5434887.2286,130193688.6008,118758846.4090,5.5591,5.9731,0.6071,0.6071,6.0710,12.3798
2023-10-16,3.7200,3.7300,3.6700,3.7100,-0.0100,-0.2700,3292025.0400,1217621.5660,3.4400,7.4300,0.1031,0.6057,0.8100,5.0106,4.9290,0.5709,1.7913,1.8459,34998303.3873,31924421.0777,5434887.2286,129843705.5669,118439602.1983,5.5741,5.9892,0.5973,0.5973,5.9731,12.1801
2023-10-17,3.7000,3.7300,3.7000,3.7200,0.0100,0.2700,2029201.0000,753748.2500,3.4500,7.4500,0.0636,0.6582,0.4900,5.0241,4.9423,0.5724,1.7961,1.8508,34998303.3873,31924421.0777,3082790.3989,130193688.6008,118758846.4090,5.5591,5.9731,0.6005,0.6005,6.0054,12.2459
2023-10-18,3.7100,3.7500,3.7000,3.7400,0.0200,0.5400,3137931.0200,1171667.9450,3.4600,7.4900,0.0983,1.0179,0.7800,5.0511,4.9688,0.5755,1.8058,1.8608,34998303.3873,31924421.0777,3082790.3989,130893654.6685,119397334.8306,5.5294,5.9412,0.5989,0.5989,5.9892,12.2129
2023-10-19,3.7300,3.7400,3.6600,3.6700,-0.0700,-1.8700,4718541.9100,1739653.3640,3.4000,7.3500,0.1478,1.5306,1.2100,4.9565,4.8758,0.5647,1.7720,1.8260,34998303.3873,31924421.0777,3082790.3989,128443773.4314,117162625.3552,5.6349,6.0545,0.5957,0.5957,5.9571,12.1475
2023-10-20,3.6500,3.6800,3.6200,3.6600,-0.0100,-0.2700,4207668.6400,1533676.9550,3.3900,7.3300,0.1318,1.3649,1.1500,4.9430,4.8626,0.5632,1.7671,1.8210,34998303.3873,31924421.0777,3082790.3989,128093790.3975,116843381.1444,5.6503,6.0710,0.6088,0.6088,6.0877,12.4137
2023-10-23,3.6400,3.6900,3.6300,3.6500,-0.0100,-0.2700,2919950.7100,1068895.0960,3.3800,7.3100,0.0915,0.9472,0.8400,4.9295,4.8493,0.5616,1.7623,1.8160,34998303.3873,31924421.0777,3082790.3989,127743807.3636,116524136.9336,5.6658,6.0877,0.6104,0.6104,6.1044,12.4478
2023-10-24,3.6600,3.6700,3.5800,3.6000,-0.0500,-1.3700,4029147.2800,1455109.2680,3.3300,7.2100,0.1262,1.3070,1.1800,4.8620,4.7828,0.5540,1.7382,1.7911,34998303.3873,31924421.0777,3082790.3989,125993892.1943,114927915.8797,5.7444,6.1722,0.6071,0.6071,6.0710,12.3798
2023-10-25,3.6200,3.6200,3.5400,3.5600,-0.0400,-1.1100,5401327.2900,1923114.2280,3.3000,7.1300,0.1692,1.7521,1.4200,4.8080,4.7297,0.5478,1.7189,1.7712,34998303.3873,31924421.0777,3082790.3989,124593960.0588,113650939.0366,5.8090,6.2416,0.6138,0.6138,6.1381,12.5166
2023-10-26,3.5500,3.6300,3.5400,3.6200,0.0600,1.6900,4237219.2400,1521222.7990,3.3500,7.2500,0.1327,1.3745,1.0000,4.8890,4.8094,0.5570,1.7478,1.8011,34998303.3873,31924421.0777,3082790.3989,126693858.2620,115566404.3013,5.7127,6.1381,0.6259,0.6259,6.2592,12.7634
2023-10-27,3.6300,3.6700,3.6000,3.6300,0.0100,0.2800,4198135.3500,1524581.3100,3.3600,7.2700,0.1315,1.3618,1.0100,4.9025,4.8227,0.5586,1.7526,1.8061,34998303.3873,31924421.0777,3082790.3989,127043841.2959,115885648.5121,5.6970,6.1212,0.6121,0.6121,6.1212,12.4821
2023-10-30,3.6300,3.6300,3.5300,3.5600,-0.0700,-1.9300,6038786.5600,2155433.0750,3.3000,7.1300,0.1892,1.9589,1.4500,4.8080,4.6319,0.5335,1.7189,1.7963,34998303.3873,31924421.0777,3082790.3989,124593960.0588,113650939.0366,5.8090,6.2416,0.6121,0.6121,6.1212,12.4821
2023-10-31,3.5500,3.6000,3.5400,3.5900,0.0300,0.8400,3210902.5200,1148219.5120,3.3300,7.1900,0.1006,1.0416,0.6700,4.8485,4.6709,0.5379,1.7333,1.8115,34998303.3873,31924421.0777,3082790.3989,125643909.1604,114608671.6689,5.7604,6.1894,0.6259,0.6259,6.2592,12.7634
2023-11-01,3.5900,3.6300,3.5700,3.6200,0.0300,0.8400,3092760.2100,1115819.9620,3.3500,7.2500,0.0969,1.0032,0.6700,4.8890,4.7100,0.5424,1.7478,1.8266,34998303.3873,31924421.0777,3082790.3989,126693858.2620,115566404.3013,5.7127,6.1381,0.6189,0.6189,6.1894,12.6212
2023-11-02,3.6300,3.6800,3.6200,3.6600,0.0400,1.1000,2971691.0000,1088144.1620,3.3900,7.3300,0.0931,0.9640,0.7200,4.9430,4.7620,0.5484,1.7671,1.8468,34998303.3873,31924421.0777,3082790.3989,128093790.3975,116843381.1444,5.6503,6.0710,0.6121,0.6121,6.1212,12.4821
2023-11-03,3.6600,3.6600,3.6100,3.6200,-0.0400,-1.0900,2936573.8700,1064833.9460,3.3500,7.2500,0.0920,0.9526,0.7500,4.8890,4.7100,0.5424,1.7478,1.8266,34998303.3873,31924421.0777,3082790.3989,126693858.2620,115566404.3013,5.7127,6.1381,0.6071,0.6071,6.0710,12.3798
2023-11-06,3.6200,3.6200,3.5600,3.5800,-0.0400,-1.1000,3742103.0900,1340139.7260,3.3200,7.1700,0.1172,1.2139,1.0300,4.8350,4.6579,0.5364,1.7285,1.8064,34998303.3873,31924421.0777,3082790.3989,125293926.1265,114289427.4582,5.7765,6.2067,0.6138,0.6138,6.1381,12.5166
2023-11-07,3.5700,3.6200,3.5600,3.6100,0.0300,0.8400,2615548.6200,937615.5800,3.3400,7.2300,0.0819,0.8484,0.8200,4.8755,4.6970,0.5409,1.7430,1.8216,34998303.3873,31924421.0777,3082790.3989,126343875.2282,115247160.0905,5.7285,6.1551,0.6224,0.6224,6.2241,12.6919
2023-11-08,3.6000,3.6200,3.5900,3.6000,-0.0100,-0.2800,1626710.6100,586120.0610,3.3300,7.2100,0.0510,0.5277,0.5300,4.8620,4.6839,0.5394,1.7382,1.8165,34998303.3873,31924421.0777,3082790.3989,125993892.1943,114927915.8797,5.7444,6.1722,0.6172,0.6172,6.1722,12.5861
2023-11-09,3.5900,3.6400,3.5800,3.6300,0.0300,0.8300,2547629.7600,922574.4120,3.3600,7.2700,0.0798,0.8264,0.9200,4.9025,4.7230,0.5439,1.7526,1.8316,34998303.3873,31924421.0777,3082790.3989,127043841.2959,115885648.5121,5.6970,6.1212,0.6189,0.6189,6.1894,12.6212
2023-11-10,3.6300,3.6800,3.6200,3.6300,0.0000,0.0000,3074486.7700,1119030.9760,3.3600,7.2700,0.0963,0.9973,1.1400,4.9025,4.7230,0.5439,1.7526,1.8316,34998303.3873,31924421.0777,3082790.3989,127043841.2959,115885648.5121,5.6970,6.1212,0.6121,0.6121,6.1212,12.4821
2023-11-13,3.6300,3.6300,3.5800,3.6200,-0.0100,-0.2800,1951944.1400,704198.2330,3.3500,7.2500,0.0611,0.6332,0.7200,4.8890,4.7100,0.5424,1.7478,1.8266,34998303.3873,31924421.0777,3082790.3989,126693858.2620,115566404.3013,5.7127,6.1381,0.6121,0.6121,6.1212,12.4821
2023-11-14,3.6200,3.6500,3.6000,3.6300,0.0100,0.2800,2498937.6900,904981.5770,3.3600,7.2700,0.0783,0.8106,1.0600,4.9025,4.7230,0.5439,1.7526,1.8316,34998303.3873,31924421.0777,3082790.3989,127043841.2959,115885648.5121,5.6970,6.1212,0.6138,0.6138,6.1381,12.5166
2023-11-15,3.6400,3.6500,3.6100,3.6200,-0.0100,-0.2800,2246594.1900,814809.7030,3.3500,7.2500,0.0704,0.7288,0.9600,4.8890,4.7100,0.5424,1.7478,1.8266,34998303.3873,31924421.0777,3082790.3989,126693858.2620,115566404.3013,5.7127,6.1381,0.6104,0.6104,6.1044,12.4478
2023-11-16,3.6200,3.6600,3.6000,3.6500,0.0300,0.8300,3115452.9800,1133457.5760,3.3800,7.3100,0.0976,1.0106,1.2600,4.9295,4.7490,0.5469,1.7623,1.8417,34998303.3873,31924421.0777,3082790.3989,127743807.3636,116524136.9336,5.6658,6.0877,0.6138,0.6138,6.1381,12.5166
2023-11-17,3.6400,3.6500,3.6200,3.6300,-0.0200,-0.5500,1927914.7500,700094.1550,3.3600,7.2700,0.0604,0.6254,0.7500,4.9025,4.7230,0.5439,1.7526,1.8316,34998303.3873,31924421.0777,3082790.3989,127043841.2959,115885648.5121,5.6970,6.1212,0.6104,0.6104,6.1044,12.4478
2023-11-20,3.6300,3.6600,3.6300,3.6500,0.0200,0.5500,2274335.0200,829937.4600,3.3800,7.3100,0.0712,0.7378,0.9700,4.9295,4.7490,0.5469,1.7623,1.8417,34998303.3873,31924421.0777,3082790.3989,127743807.3636,116524136.9336,5.6658,6.0877,0.6121,0.6121,6.1212,12.4821
2023-11-21,3.6600,3.6800,3.6500,3.6700,0.0200,0.5500,2748102.0100,1006632.7160,3.4000,7.3500,0.0861,0.8914,1.1400,4.9565,4.7750,0.5499,1.7720,1.8518,34998303.3873,31924421.0777,3082790.3989,128443773.4314,117162625.3552,5.6349,6.0545,0.6071,0.6071,6.0710,12.3798
2023-11-22,3.6600,3.6800,3.6500,3.6600,-0.0100,-0.2700,1633432.9300,599085.7440,3.3900,7.3300,0.0512,0.5299,0.6600,4.9430,4.7620,0.5484,1.7671,1.8468,34998303.3873,31924421.0777,3082790.3989,128093790.3975,116843381.1444,5.6503,6.0710,0.6071,0.6071,6.0710,12.3798
2023-11-23,3.6600,3.6700,3.6500,3.6600,0.0000,0.0000,1755174.0100,642053.9520,3.3900,7.3300,0.0550,0.5693,0.7500,4.9430,4.7620,0.5484,1.7671,1.8468,34998303.3873,31924421.0777,3082790.3989,128093790.3975,116843381.1444,5.6503,6.0710,0.6071,0.6071,6.0710,12.3798
2023-11-24,3.6600,3.6800,3.6400,3.6600,0.0000,0.0000,2222330.0000,813881.3110,3.3900,7.3300,0.0696,0.7209,1.0700,4.9430,4.7620,0.5484,1.7671,1.8468,34998303.3873,31924421.0777,3082790.3989,128093790.3975,116843381.1444,5.6503,6.0710,0.6071,0.6071,6.0710,12.3798
2023-11-27,3.6600,3.6600,3.6100,3.6300,-0.0300,-0.8200,3098687.9300,1125865.6940,3.3600,7.2700,0.0971,1.0052,1.4600,4.9025,4.7230,0.5439,1.7526,1.8316,34998303.3873,31924421.0777,3082790.3989,127043841.2959,115885648.5121,5.6970,6.1212,0.6071,0.6071,6.0710,12.3798
2023-11-28,3.6400,3.6500,3.6200,3.6400,0.0100,0.2800,1859984.8700,676591.0330,3.3700,7.2900,0.0583,0.6033,0.8100,4.9160,4.7360,0.5454,1.7575,1.8367,34998303.3873,31924421.0777,3082790.3989,127393824.3298,116204892.7228,5.6813,6.1044,0.6104,0.6104,6.1044,12.4478
2023-11-29,3.6400,3.6500,3.6200,3.6300,-0.0100,-0.2700,2153748.0000,782885.2060,3.3600,7.2700,0.0675,0.6986,1.0200,4.9025,4.7230,0.5439,1.7526,1.8316,34998303.3873,31924421.0777,3082790.3989,127043841.2959,115885648.5121,5.6970,6.1212,0.6104,0.6104,6.1044,12.4478
2023-11-30,3.6300,3.6600,3.6200,3.6600,0.0300,0.8300,2785039.3500,1014186.8340,3.3900,7.3300,0.0872,0.9034,1.2600,4.9430,4.7620,0.5484,1.7671,1.8468,34998303.3873,31924421.0777,3082790.3989,128093790.3975,116843381.1444,5.6503,6.0710,0.6121,0.6121,6.1212,12.4821
2023-12-01,3.6600,3.6800,3.6500,3.6500,-0.0100,-0.2700,3190755.6400,1168896.0320,3.3800,7.3100,0.0999,1.0350,1.3200,4.9295,4.7490,0.5469,1.7623,1.8417,34998303.3873,31924421.0777,3082790.3989,127743807.3636,116524136.9336,5.6658,6.0877,0.6071,0.6071,6.0710,12.3798
2023-12-04,3.6600,3.6700,3.6400,3.6400,-0.0100,-0.2700,1876127.1700,685266.2800,3.3700,7.2900,0.0588,0.6086,0.7200,4.9160,4.7360,0.5454,1.7575,1.8367,34998303.3873,31924421.0777,3082790.3989,127393824.3298,116204892.7228,5.6813,6.1044,0.6071,0.6071,6.0710,12.3798
2023-12-05,3.6500,3.6500,3.6100,3.6100,-0.0300,-0.8200,2717832.0500,986911.6470,3.3400,7.2300,0.0851,0.8816,1.1500,4.8755,4.6970,0.5409,1.7430,1.8216,34998303.3873,31924421.0777,3082790.3989,126343875.2282,115247160.0905,5.7285,6.1551,0.6088,0.6088,6.0877,12.4137
2023-12-06,3.6100,3.6100,3.5300,3.5300,-0.0800,-2.2200,5169956.9100,1839405.6630,3.2700,7.0700,0.1619,1.6770,2.0300,4.7675,4.5929,0.5290,1.7044,1.7812,34998303.3873,31924421.0777,3082790.3989,123544010.9572,112693206.4043,5.8584,6.2946,0.6155,0.6155,6.1551,12.5512
2023-12-07,3.5300,3.5700,3.5100,3.5600,0.0300,0.8500,3530056.5600,1249696.2180,3.3000,7.1300,0.1106,1.1451,1.1200,4.8080,4.6319,0.5335,1.7189,1.7963,34998303.3873,31924421.0777,3082790.3989,124593960.0588,113650939.0366,5.8090,6.2416,0.6295,0.6295,6.2946,12.8357
2023-12-08,3.5600,3.5900,3.5400,3.5700,0.0100,0.2800,3156025.7300,1126716.7170,3.3100,7.1500,0.0989,1.0238,0.9600,4.8215,4.6449,0.5349,1.7237,1.8014,34998303.3873,31924421.0777,3082790.3989,124943943.0927,113970183.2474,5.7927,6.2241,0.6242,0.6242,6.2416,12.7275
2023-12-11,3.5700,3.5700,3.5000,3.5500,-0.0200,-0.5600,3964809.5700,1400588.9560,3.2900,7.1100,0.1242,1.2861,1.2100,4.7945,4.6189,0.5320,1.7140,1.7913,34998303.3873,31924421.0777,3082790.3989,124243977.0249,113331694.8258,5.8254,6.2592,0.6224,0.6224,6.2241,12.6919
2023-12-12,3.5500,3.6300,3.5400,3.6200,0.0700,1.9700,4118896.1400,1484260.7980,3.3500,7.2500,0.1290,1.3361,1.1100,4.8890,4.7100,0.5424,1.7478,1.8266,34998303.3873,31924421.0777,3082790.3989,126693858.2620,115566404.3013,5.7127,6.1381,0.6259,0.6259,6.2592,12.7634
2023-12-13,3.6200,3.6400,3.6000,3.6200,0.0000,0.0000,3069810.9800,1113434.7230,3.3500,7.2500,0.0962,0.9958,0.7700,4.8890,4.7100,0.5424,1.7478,1.8266,34998303.3873,31924421.0777,3082790.3989,126693858.2620,115566404.3013,5.7127,6.1381,0.6138,0.6138,6.1381,12.5166
2023-12-14,3.6300,3.6500,3.6100,3.6200,0.0000,0.0000,2160570.4500,783680.9600,3.3500,7.2500,0.0677,0.7008,0.6100,4.8890,4.7100,0.5424,1.7478,1.8266,34998303.3873,31924421.0777,3082790.3989,126693858.2620,115566404.3013,5.7127,6.1381,0.6121,0.6121,6.1212,12.4821
2023-12-15,3.6300,3.6400,3.5800,3.5800,-0.0400,-1.1000,2661979.6600,958747.0210,3.3200,7.1700,0.0834,0.8635,0.8100,4.8350,4.6579,0.5364,1.7285,1.8064,34998303.3873,31924421.0777,3082790.3989,125293926.1265,114289427.4582,5.7765,6.2067,0.6121,0.6121,6.1212,12.4821
2023-12-18,3.5800,3.6400,3.5500,3.6200,0.0400,1.1200,3086827.4900,1114228.6340,3.3500,7.2500,0.0967,1.0013,0.9700,4.8890,4.7100,0.5424,1.7478,1.8266,34998303.3873,31924421.0777,3082790.3989,126693858.2620,115566404.3013,5.7127,6.1381,0.6207,0.6207,6.2067,12.6564
2023-12-19,3.6300,3.6400,3.6000,3.6400,0.0200,0.5500,2621205.7700,951332.7970,3.3700,7.2900,0.0821,0.8503,0.8700,4.9160,4.7360,0.5454,1.7575,1.8367,34998303.3873,31924421.0777,3082790.3989,127393824.3298,116204892.7228,5.6813,6.1044,0.6121,0.6121,6.1212,12.4821
2023-12-20,3.6400,3.6700,3.6300,3.6300,-0.0100,-0.2700,3037652.8200,1109151.3960,3.3600,7.2700,0.0952,0.9854,1.1200,4.9025,4.7230,0.5439,1.7526,1.8316,34998303.3873,31924421.0777,3082790.3989,127043841.2959,115885648.5121,5.6970,6.1212,0.6104,0.6104,6.1044,12.4478
2023-12-21,3.6300,3.6300,3.6000,3.6100,-0.0200,-0.5500,3221251.2200,1163852.0630,3.3400,7.2300,0.1009,1.0449,1.1900,4.8755,4.6970,0.5409,1.7430,1.8216,34998303.3873,31924421.0777,3082790.3989,126343875.2282,115247160.0905,5.7285,6.1551,0.6121,0.6121,6.1212,12.4821
2023-12-22,3.6200,3.6400,3.6100,3.6300,0.0200,0.5500,2851835.7000,1035125.8150,3.3600,7.2700,0.0893,0.9251,0.9700,4.9025,4.7230,0.5439,1.7526,1.8316,34998303.3873,31924421.0777,3082790.3989,127043841.2959,115885648.5121,5.6970,6.1212,0.6138,0.6138,6.1381,12.5166
2023-12-25,3.6300,3.6600,3.6300,3.6600,0.0300,0.8300,2092689.6600,763818.5250,3.3900,7.3300,0.0656,0.6788,0.7100,4.9430,4.7620,0.5484,1.7671,1.8468,34998303.3873,31924421.0777,3082790.3989,128093790.3975,116843381.1444,5.6503,6.0710,0.6121,0.6121,6.1212,12.4821
2023-12-26,3.6600,3.6800,3.6400,3.6700,0.0100,0.2700,2307493.6300,847127.1670,3.4000,7.3500,0.0723,0.7485,0.8300,4.9565,4.7750,0.5499,1.7720,1.8518,34998303.3873,31924421.0777,3082790.3989,128443773.4314,117162625.3552,5.6349,6.0545,0.6071,0.6071,6.0710,12.3798
2023-12-27,3.6700,3.7000,3.6400,3.6900,0.0200,0.5400,3410897.7200,1251600.2400,3.4200,7.3900,0.1068,1.1064,1.2600,4.9836,4.8010,0.5529,1.7816,1.8619,34998303.3873,31924421.0777,3082790.3989,129143739.4991,117801113.7767,5.6043,6.0217,0.6054,0.6054,6.0545,12.3460
2023-12-28,3.6900,3.7100,3.6200,3.6300,-0.0600,-1.6300,5655405.6000,2062528.8190,3.3600,7.2700,0.1771,1.8345,2.0400,4.9025,4.7230,0.5439,1.7526,1.8316,34998303.3873,31924421.0777,3082790.3989,127043841.2959,115885648.5121,5.6970,6.1212,0.6022,0.6022,6.0217,12.2791
2023-12-29,3.6300,3.6600,3.6200,3.6400,0.0100,0.2800,3237253.3000,1178848.2790,3.3700,7.2900,0.1014,1.0501,0.9900,4.9160,4.7360,0.5454,1.7575,1.8367,34998303.3873,31924421.0777,3082790.3989,127393824.3298,116204892.7228,5.6813,6.1044,0.6121,0.6121,6.1212,12.4821
2024-01-02,3.6400,3.6800,3.6300,3.6600,0.0200,0.5500,3479088.1600,1274151.3530,3.3900,7.3300,0.1090,1.1286,1.0400,4.9430,4.7620,0.5484,1.7671,1.8468,34998303.3873,31924421.0777,3082790.3989,128093790.3975,116843381.1444,6.0710,6.0710,0.6343,0.6343,6.3434,12.9890
2024-01-03,3.6700,3.7200,3.6600,3.7200,0.0600,1.6400,4784762.6700,1771869.2330,3.4500,7.4500,0.1499,1.5521,1.3200,5.0241,4.8401,0.5574,1.7961,1.8771,34998303.3873,31924421.0777,3082790.3989,130193688.6008,118758846.4090,5.9731,5.9731,0.6292,0.6292,6.2916,12.8828
2024-01-04,3.7200,3.7800,3.7000,3.7700,0.0500,1.3400,3886243.7100,1454184.0450,3.4900,7.5500,0.1217,1.2606,0.9400,5.0916,4.9051,0.5649,1.8202,1.9023,34998303.3873,31924421.0777,3082790.3989,131943603.7701,120355067.4629,5.8939,5.8939,0.6207,0.6207,6.2070,12.7097
2024-01-05,3.7700,3.7800,3.7200,3.7300,-0.0400,-1.0600,4927900.6700,1847519.6530,3.4600,7.4700,0.1544,1.5985,1.1700,5.0376,4.8531,0.5589,1.8009,1.8821,34998303.3873,31924421.0777,3082790.3989,130543671.6346,119078090.6198,5.9571,5.9571,0.6125,0.6125,6.1247,12.5411
2024-01-08,3.7300,3.7400,3.7000,3.7200,-0.0100,-0.2700,3932484.3400,1464032.2360,3.4500,7.4500,0.1232,1.2756,0.9700,5.0241,4.8401,0.5574,1.7961,1.8771,34998303.3873,31924421.0777,3082790.3989,130193688.6008,118758846.4090,5.9731,5.9731,0.6190,0.6190,6.1903,12.6756
2024-01-09,3.7200,3.7300,3.6700,3.7200,0.0000,0.0000,3837285.7100,1420139.1410,3.4500,7.4500,0.1202,1.2447,0.9100,5.0241,4.8401,0.5574,1.7961,1.8771,34998303.3873,31924421.0777,3082790.3989,130193688.6008,118758846.4090,5.9731,5.9731,0.6207,0.6207,6.2070,12.7097
2024-01-10,3.7200,3.7300,3.7000,3.7100,-0.0100,-0.2700,2595812.5700,963526.5100,3.4400,7.4300,0.0813,0.8420,0.6100,5.0106,4.8271,0.5559,1.7913,1.8720,34998303.3873,31924421.0777,3082790.3989,129843705.5669,118439602.1983,5.9892,5.9892,0.6207,0.6207,6.2070,12.7097
2024-01-11,3.7100,3.7200,3.6400,3.6500,-0.0600,-1.6200,3754085.5400,1377137.1830,3.3800,7.3100,0.1176,1.2178,0.9800,4.9295,4.7490,0.5469,1.7623,1.8417,34998303.3873,31924421.0777,3082790.3989,127743807.3636,116524136.9336,6.0877,6.0877,0.6224,0.6224,6.2237,12.7439
2024-01-12,3.6400,3.7100,3.6400,3.7000,0.0500,1.3700,3295817.0300,1215614.5290,3.4300,7.4100,0.1032,1.0691,0.8700,4.9971,4.8141,0.5544,1.7864,1.8670,34998303.3873,31924421.0777,3082790.3989,129493722.5330,118120357.9875,6.0054,6.0054,0.6343,0.6343,6.3434,12.9890
2024-01-15,3.7000,3.7200,3.6900,3.7100,0.0100,0.2700,2236255.0200,829550.0540,3.4400,7.4300,0.0700,0.7254,0.6400,5.0106,4.8271,0.5559,1.7913,1.8720,34998303.3873,31924421.0777,3082790.3989,129843705.5669,118439602.1983,5.9892,5.9892,0.6241,0.6241,6.2405,12.7784
2024-01-16,3.7000,3.7500,3.7000,3.7400,0.0300,0.8100,3449265.0300,1287591.5520,3.4600,7.4900,0.1080,1.1189,1.1000,5.0511,4.8661,0.5604,1.8058,1.8871,34998303.3873,31924421.0777,3082790.3989,130893654.6685,119397334.8306,5.9412,5.9412,0.6241,0.6241,6.2405,12.7784
2024-01-17,3.7400,3.7500,3.7000,3.7000,-0.0400,-1.0700,3333685.5900,1242736.2140,3.4300,7.4100,0.1044,1.0814,1.0900,4.9971,4.8141,0.5544,1.7864,1.8670,34998303.3873,31924421.0777,3082790.3989,129493722.5330,118120357.9875,6.0054,6.0054,0.6174,0.6174,6.1738,12.6417
2024-01-18,3.6900,3.7200,3.5800,3.6900,-0.0100,-0.2700,7456928.7100,2714205.6890,3.4200,7.3900,0.2336,2.4189,2.3200,4.9836,4.8010,0.5529,1.7816,1.8619,34998303.3873,31924421.0777,3082790.3989,129143739.4991,117801113.7767,6.0217,6.0217,0.6257,0.6257,6.2575,12.8130
2024-01-19,3.6800,3.6900,3.6300,3.6800,-0.0100,-0.2700,4059314.4400,1487986.0380,3.4100,7.3700,0.1272,1.3168,1.0300,4.9700,4.7880,0.5514,1.7768,1.8569,34998303.3873,31924421.0777,3082790.3989,128793756.4653,117481869.5659,6.0380,6.0380,0.6274,0.6274,6.2745,12.8478
2024-01-22,3.6700,3.7200,3.6600,3.6800,0.0000,0.0000,5440686.8500,2010661.3850,3.4100,7.3700,0.1704,1.7649,1.3200,4.9700,4.7880,0.5514,1.7768,1.8569,34998303.3873,31924421.0777,3082790.3989,128793756.4653,117481869.5659,6.0380,6.0380,0.6292,0.6292,6.2916,12.8828
2024-01-23,3.6800,3.7000,3.6300,3.6800,0.0000,0.0000,4014667.9400,1471040.5780,3.4100,7.3700,0.1258,1.3023,0.8500,4.9700,4.7880,0.5514,1.7768,1.8569,34998303.3873,31924421.0777,3082790.3989,128793756.4653,117481869.5659,6.0380,6.0380,0.6274,0.6274,6.2745,12.8478
2024-01-24,3.6900,3.7500,3.6800,3.7500,0.0700,1.9000,4903047.4200,1823679.9660,3.4700,7.5100,0.1536,1.5905,1.0100,5.0646,4.8791,0.5619,1.8106,1.8922,34998303.3873,31924421.0777,3082790.3989,131243637.7024,119716579.0414,5.9253,5.9253,0.6257,0.6257,6.2575,12.8130
2024-01-25,3.7600,3.8100,3.7500,3.8000,0.0500,1.3300,4491321.7000,1701376.5100,3.5200,7.6100,0.1407,1.4569,0.8700,5.1321,4.9442,0.5694,1.8347,1.9174,34998303.3873,31924421.0777,3082790.3989,132993552.8717,121312800.0953,5.8474,5.8474,0.6141,0.6141,6.1410,12.5745
2024-01-26,3.8000,3.8800,3.7800,3.8600,0.0600,1.5800,4760958.8600,1826158.8520,3.5800,7.7300,0.1491,1.5444,1.0400,5.2131,5.0222,0.5784,1.8637,1.9477,34998303.3873,31924421.0777,3082790.3989,135093451.0750,123228265.3599,5.7565,5.7565,0.6076,0.6076,6.0763,12.4421
2024-01-29,3.8700,3.9300,3.8600,3.9100,0.0500,1.3000,4506840.3200,1758615.3380,3.6200,7.8300,0.1412,1.4619,0.9500,5.2807,5.0873,0.5859,1.8878,1.9729,34998303.3873,31924421.0777,3082790.3989,136843366.2443,124824486.4138,5.6829,5.6829,0.5966,0.5966,5.9664,12.2171
2024-01-30,3.9100,3.9300,3.8600,3.8800,-0.0300,-0.7700,3542950.6300,1380846.9810,3.5900,7.7700,0.1110,1.1493,0.7800,5.2402,5.0483,0.5814,1.8734,1.9578,34998303.3873,31924421.0777,3082790.3989,135793417.1427,123866753.7815,5.7268,5.7268,0.5905,0.5905,5.9054,12.0921
2024-01-31,3.8700,3.9300,3.8500,3.8900,0.0100,0.2600,3806679.2600,1480634.6170,3.6000,7.7900,0.1192,1.2348,0.8600,5.2537,5.0613,0.5829,1.8782,1.9628,34998303.3873,31924421.0777,3082790.3989,136143400.1766,124185997.9923,5.7121,5.7121,0.5966,0.5966,5.9664,12.2171
2024-02-01,3.8900,3.9100,3.8800,3.8900,0.0000,0.0000,3280502.6100,1278540.6950,3.6000,7.7900,0.1028,1.0641,0.7800,5.2537,5.0613,0.5829,1.8782,1.9628,34998303.3873,31924421.0777,3082790.3989,136143400.1766,124185997.9923,5.7121,5.7121,0.5936,0.5936,5.9357,12.1542
2024-02-02,3.8900,3.9700,3.8800,3.9400,0.0500,1.2900,5576294.4300,2194008.2320,3.6500,7.8900,0.1747,1.8088,1.4000,5.3212,5.1263,0.5904,1.9023,1.9881,34998303.3873,31924421.0777,3082790.3989,137893315.3460,125782219.0461,5.6396,5.6396,0.5936,0.5936,5.9357,12.1542
2024-02-05,3.9300,4.0300,3.9200,4.0200,0.0800,2.0300,6618512.7400,2639773.2120,3.7200,8.0500,0.2073,2.1469,1.6000,5.4292,5.2304,0.6024,1.9409,2.0284,34998303.3873,31924421.0777,3082790.3989,140693179.6169,128336172.7324,5.5274,5.5274,0.5875,0.5875,5.8753,12.0305
2024-02-06,4.0200,4.1200,4.0100,4.0900,0.0700,1.7400,6878237.4900,2801658.7890,3.7900,8.1900,0.2155,2.2312,1.5100,5.5238,5.3215,0.6129,1.9747,2.0638,34998303.3873,31924421.0777,3082790.3989,143143060.8541,130570882.2078,5.4328,5.4328,0.5744,0.5744,5.7438,11.7612
2024-02-07,4.0700,4.0700,3.9300,4.0200,-0.0700,-1.7100,7487103.3400,2990817.7120,3.7200,8.0500,0.2345,2.4287,1.4300,5.4292,5.2304,0.6024,1.9409,2.0284,34998303.3873,31924421.0777,3082790.3989,140693179.6169,128336172.7324,5.5274,5.5274,0.5673,0.5673,5.6732,11.6167
2024-02-08,3.9900,3.9900,3.9000,3.9600,-0.0600,-1.4900,4956839.1900,1954106.6190,3.6700,7.9300,0.1553,1.6079,0.8300,5.3482,5.1523,0.5934,1.9120,1.9982,34998303.3873,31924421.0777,3082790.3989,138593281.4137,126420707.4677,5.6111,5.6111,0.5787,0.5787,5.7870,11.8496
2024-02-19,3.9700,4.0800,3.9200,4.0800,0.1200,3.0300,5729908.1800,2296077.0280,3.7800,8.1700,0.1795,1.8587,0.9100,5.5103,5.3085,0.6114,1.9699,2.0587,34998303.3873,31924421.0777,3082790.3989,142793077.8202,130251637.9970,5.4461,5.4461,0.5816,0.5816,5.8161,11.9093
2024-02-20,4.0800,4.1800,4.0600,4.1500,0.0700,1.7200,3971185.9300,1636737.5990,3.8400,8.3100,0.1244,1.2882,0.6300,5.6048,5.3995,0.6219,2.0037,2.0940,34998303.3873,31924421.0777,3082790.3989,145242959.0573,132486347.4725,5.3542,5.3542,0.5659,0.5659,5.6593,11.5882
2024-02-21,4.1400,4.2300,4.1300,4.1800,0.0300,0.7200,4329099.9000,1814081.8600,3.8700,8.3700,0.1356,1.4043,0.7500,5.6453,5.4386,0.6264,2.0182,2.1092,34998303.3873,31924421.0777,3082790.3989,146292908.1589,133444080.1048,5.3158,5.3158,0.5577,0.5577,5.5773,11.4203
2024-02-22,4.1800,4.2100,4.1600,4.2000,0.0200,0.4800,2908760.8400,1218833.3480,3.8900,8.4100,0.0911,0.9435,0.5500,5.6723,5.4646,0.6294,2.0279,2.1193,34998303.3873,31924421.0777,3082790.3989,146992874.2267,134082568.5263,5.2905,5.2905,0.5524,0.5524,5.5239,11.3110
2024-02-23,4.2000,4.3000,4.2000,4.2600,0.0600,1.4300,3694256.1900,1579071.1280,3.9500,8.5300,0.1157,1.1983,0.8400,5.7534,5.5427,0.6383,2.0568,2.1495,34998303.3873,31924421.0777,3082790.3989,149092772.4299,135998033.7910,5.2160,5.2160,0.5498,0.5498,5.4976,11.2571
2024-02-26,4.2600,4.2800,4.1300,4.1400,-0.1200,-2.8200,4270768.3400,1791318.6330,3.8300,8.2900,0.1338,1.3854,1.0300,5.5913,5.3865,0.6204,1.9989,2.0890,34998303.3873,31924421.0777,3082790.3989,144892976.0234,132167103.2617,5.3671,5.3671,0.5420,0.5420,5.4202,11.0986
2024-02-27,4.1300,4.2000,4.1100,4.1600,0.0200,0.4800,3106965.0800,1290574.5710,3.8500,8.3300,0.0973,1.0078,0.8100,5.6183,5.4126,0.6234,2.0085,2.0991,34998303.3873,31924421.0777,3082790.3989,145592942.0912,132805591.6832,5.3413,5.3413,0.5591,0.5591,5.5908,11.4479
2024-02-28,4.1600,4.1900,4.1100,4.1600,0.0000,0.0000,3903360.7700,1619867.3250,3.8500,8.3300,0.1223,1.2662,1.0700,5.6183,5.4126,0.6234,2.0085,2.0991,34998303.3873,31924421.0777,3082790.3989,145592942.0912,132805591.6832,5.3413,5.3413,0.5550,0.5550,5.5505,11.3654
2024-02-29,4.1500,4.1900,4.1400,4.1900,0.0300,0.7200,2956966.8000,1234552.3810,3.8800,8.3900,0.0926,0.9592,0.8300,5.6588,5.4516,0.6279,2.0230,2.1142,34998303.3873,31924421.0777,3082790.3989,146642891.1928,133763324.3156,5.3031,5.3031,0.5564,0.5564,5.5639,11.3928
2024-03-01,4.1800,4.2500,4.1700,4.2400,0.0500,1.1900,3674741.4400,1550829.3820,3.9300,8.4900,0.1151,1.1920,1.0200,5.7264,5.5166,0.6353,2.0472,2.1394,34998303.3873,31924421.0777,3082790.3989,148392806.3622,135359545.3694,5.2406,5.2406,0.5524,0.5524,5.5239,11.3110
2024-03-04,4.2400,4.2500,4.2100,4.2400,0.0000,0.0000,3598371.3900,1523035.6220,3.9300,8.4900,0.1127,1.1672,1.0000,5.7264,5.5166,0.6353,2.0472,2.1394,34998303.3873,31924421.0777,3082790.3989,148392806.3622,135359545.3694,5.2406,5.2406,0.5446,0.5446,5.4458,11.1509
2024-03-05,4.2300,4.3600,4.2200,4.3400,0.1000,2.3600,4325301.9100,1862385.3670,4.0200,8.6900,0.1355,1.4030,1.2500,5.8614,5.6468,0.6503,2.0955,2.1899,34998303.3873,31924421.0777,3082790.3989,151892636.7009,138551987.4772,5.1198,5.1198,0.5459,0.5459,5.4586,11.1773
2024-03-06,4.3400,4.4000,4.2400,4.2600,-0.0800,-1.8400,4257836.9000,1839088.4660,3.9500,8.5300,0.1334,1.3812,1.1500,5.7534,5.5427,0.6383,2.0568,2.1495,34998303.3873,31924421.0777,3082790.3989,149092772.4299,135998033.7910,5.2160,5.2160,0.5320,0.5320,5.3203,10.8940
2024-03-07,4.2600,4.2900,4.2500,4.2800,0.0200,0.4700,3273286.9700,1397976.2110,3.9600,8.5700,0.1025,1.0618,0.8700,5.7804,5.5687,0.6413,2.0665,2.1596,34998303.3873,31924421.0777,3082790.3989,149792738.4976,136636522.2126,5.1916,5.1916,0.5420,0.5420,5.4202,11.0986
2024-03-08,4.2700,4.3000,4.2600,4.2700,-0.0100,-0.2300,3357413.8400,1436604.2670,3.9600,8.5500,0.1052,1.0891,0.8800,5.7669,5.5557,0.6398,2.0617,2.1546,34998303.3873,31924421.0777,3082790.3989,149442755.4638,136317278.0018,5.2037,5.2037,0.5407,0.5407,5.4075,11.0726
2024-03-11,4.2700,4.2800,4.2100,4.2400,-0.0300,-0.7000,3742059.1000,1584687.9600,3.9300,8.4900,0.1172,1.2139,0.9900,5.7264,5.5166,0.6353,2.0472,2.1394,34998303.3873,31924421.0777,3082790.3989,148392806.3622,135359545.3694,5.2406,5.2406,0.5407,0.5407,5.4075,11.0726
2024-03-12,4.2300,4.2400,4.1400,4.1400,-0.1000,-2.3600,4728140.5800,1974566.6250,3.8300,8.2900,0.1481,1.5337,1.2500,5.5913,5.3865,0.6204,1.9989,2.0890,34998303.3873,31924421.0777,3082790.3989,144892976.0234,132167103.2617,5.3671,5.3671,0.5459,0.5459,5.4586,11.1773
2024-03-13,4.1300,4.1600,4.1100,4.1200,-0.0200,-0.4800,2833143.1800,1170633.4430,3.8200,8.2500,0.0887,0.9190,0.7300,5.5643,5.3605,0.6174,1.9892,2.0789,34998303.3873,31924421.0777,3082790.3989,144193009.9557,131528614.8401,5.3932,5.3932,0.5591,0.5591,5.5908,11.4479
2024-03-14,4.1200,4.1700,4.1200,4.1600,0.0400,0.9700,2418454.2800,1004642.4490,3.8500,8.3300,0.0758,0.7845,0.6700,5.6183,5.4126,0.6234,2.0085,2.0991,34998303.3873,31924421.0777,3082790.3989,145592942.0912,132805591.6832,5.3413,5.3413,0.5604,0.5604,5.6044,11.4757
2024-03-15,4.1600,4.2000,4.1600,4.1600,0.0000,0.0000,3038043.4000,1268598.6380,3.8500,8.3300,0.0952,0.9855,0.8900,5.6183,5.4126,0.6234,2.0085,2.0991,34998303.3873,31924421.0777,3082790.3989,145592942.0912,132805591.6832,5.3413,5.3413,0.5550,0.5550,5.5505,11.3654
2024-03-18,4.1600,4.1700,4.1200,4.1300,-0.0300,-0.7200,2960729.8400,1223286.5890,3.8300,8.2700,0.0927,0.9604,0.8800,5.5778,5.3735,0.6189,1.9941,2.0839,34998303.3873,31924421.0777,3082790.3989,144542992.9895,131847859.0509,5.3801,5.3801,0.5550,0.5550,5.5505,11.3654
2024-03-19,4.1300,4.1300,4.0600,4.0900,-0.0400,-0.9700,3828059.5600,1563180.1590,3.7900,8.1900,0.1199,1.2418,1.2000,5.5238,5.3215,0.6129,1.9747,2.0638,34998303.3873,31924421.0777,3082790.3989,143143060.8541,130570882.2078,5.4328,5.4328,0.5591,0.5591,5.5908,11.4479
2024-03-20,4.0800,4.1400,4.0700,4.1300,0.0400,0.9800,3046036.9900,1251154.3880,3.8300,8.2700,0.0954,0.9881,1.0100,5.5778,5.3735,0.6189,1.9941,2.0839,34998303.3873,31924421.0777,3082790.3989,144542992.9895,131847859.0509,5.3801,5.3801,0.5659,0.5659,5.6593,11.5882
2024-03-21,4.1300,4.1700,4.1200,4.1400,0.0100,0.2400,2898266.8200,1200471.7120,3.8300,8.2900,0.0908,0.9401,0.9500,5.5913,5.3865,0.6204,1.9989,2.0890,34998303.3873,31924421.0777,3082790.3989,144892976.0234,132167103.2617,5.3671,5.3671,0.5591,0.5591,5.5908,11.4479
2024-03-22,4.1400,4.1800,4.1200,4.1800,0.0400,0.9700,3310881.7700,1374940.9300,3.8700,8.3700,0.1037,1.0740,1.0500,5.6453,5.4386,0.6264,2.0182,2.1092,34998303.3873,31924421.0777,3082790.3989,146292908.1589,133444080.1048,5.3158,5.3158,0.5577,0.5577,5.5773,11.4203
2024-03-25,4.1700,4.2200,4.1600,4.2100,0.0300,0.7200,3701609.2900,1552753.8900,3.9000,8.4300,0.1159,1.2007,1.1500,5.6858,5.4776,0.6309,2.0327,2.1243,34998303.3873,31924421.0777,3082790.3989,147342857.2605,134401812.7371,5.2779,5.2779,0.5537,0.5537,5.5372,11.3381
2024-03-26,4.2300,4.2400,4.1800,4.2300,0.0200,0.4800,3665462.7000,1544659.4250,3.9200,8.4700,0.1148,1.1890,1.0900,5.7129,5.5036,0.6338,2.0423,2.1344,34998303.3873,31924421.0777,3082790.3989,148042823.3283,135040301.1587,5.2530,5.2530,0.5459,0.5459,5.4586,11.1773
2024-03-27,4.2300,4.3100,4.2200,4.2800,0.0500,1.1800,3899335.7900,1667670.2560,3.9600,8.5700,0.1221,1.2649,1.1700,5.7804,5.5687,0.6413,2.0665,2.1596,34998303.3873,31924421.0777,3082790.3989,149792738.4976,136636522.2126,5.1916,5.1916,0.5459,0.5459,5.4586,11.1773
2024-03-28,4.2700,4.2800,4.1500,4.1700,-0.1100,-2.5700,5065248.6900,2118649.1350,3.8600,8.3500,0.1587,1.6431,1.4500,5.6318,5.4256,0.6249,2.0134,2.1041,34998303.3873,31924421.0777,3082790.3989,145942925.1250,133124835.8940,5.3285,5.3285,0.5407,0.5407,5.4075,11.0726
2024-03-29,4.1700,4.2700,4.1600,4.2300,0.0600,1.4400,3631581.0000,1539840.2590,3.9200,8.4700,0.1138,1.1921,0.9200,5.4962,5.4962,0.6145,2.1306,2.1306,34998303.3873,31924421.0777,3046381.2889,148042823.3283,135040301.1587,5.2530,5.2530,0.5537,0.5537,5.5372,11.3381
2024-04-01,4.2300,4.2500,4.2100,4.2300,0.0000,0.0000,2538393.0100,1073735.5560,3.9200,8.4700,0.0795,0.8332,0.6400,5.4962,5.4962,0.6145,2.1306,2.1306,34998303.3873,31924421.0777,3046381.2889,148042823.3283,135040301.1587,5.2530,5.2530,0.5459,0.5459,5.4586,11.1773
2024-04-02,4.2300,4.3100,4.2300,4.2700,0.0400,0.9500,3727012.1800,1593456.7530,3.9600,8.5500,0.1167,1.2234,0.9900,5.5482,5.5482,0.6203,2.1508,2.1508,34998303.3873,31924421.0777,3046381.2889,149442755.4638,136317278.0018,5.2037,5.2037,0.5459,0.5459,5.4586,11.1773
2024-04-03,4.2700,4.3000,4.2500,4.2900,0.0200,0.4700,2420209.4700,1035695.5560,3.9700,8.5900,0.0758,0.7945,0.6400,5.5741,5.5741,0.6232,2.1609,2.1609,34998303.3873,31924421.0777,3046381.2889,150142721.5315,136955766.4233,5.1795,5.1795,0.5407,0.5407,5.4075,11.0726
2024-04-08,4.2800,4.3600,4.2700,4.3400,0.0500,1.1700,3499291.8000,1514681.8950,4.0200,8.6900,0.1096,1.1487,1.0100,5.6391,5.6391,0.6305,2.1860,2.1860,34998303.3873,31924421.0777,3046381.2889,151892636.7009,138551987.4772,5.1198,5.1198,0.5395,0.5395,5.3949,11.0467
2024-04-09,4.3500,4.3700,4.2600,4.2800,-0.0600,-1.3800,3908223.5100,1681091.3950,3.9600,8.5700,0.1224,1.2829,1.2400,5.5611,5.5611,0.6217,2.1558,2.1558,34998303.3873,31924421.0777,3046381.2889,149792738.4976,136636522.2126,5.1916,5.1916,0.5308,0.5308,5.3080,10.8690
2024-04-10,4.2800,4.3200,4.2800,4.2900,0.0100,0.2300,2856389.0600,1229018.7480,3.9700,8.5900,0.0895,0.9376,0.8900,5.5741,5.5741,0.6232,2.1609,2.1609,34998303.3873,31924421.0777,3046381.2889,150142721.5315,136955766.4233,5.1795,5.1795,0.5395,0.5395,5.3949,11.0467
2024-04-11,4.2900,4.3000,4.2500,4.2700,-0.0200,-0.4700,2584904.6600,1104473.5140,3.9600,8.5500,0.0810,0.8485,0.7900,5.5482,5.5482,0.6203,2.1508,2.1508,34998303.3873,31924421.0777,3046381.2889,149442755.4638,136317278.0018,5.2037,5.2037,0.5382,0.5382,5.3823,11.0210
2024-04-12,4.2700,4.2900,4.2600,4.2800,0.0100,0.2300,2960298.7400,1265963.3630,3.9600,8.5700,0.0927,0.9717,0.9700,5.5611,5.5611,0.6217,2.1558,2.1558,34998303.3873,31924421.0777,3046381.2889,149792738.4976,136636522.2126,5.1916,5.1916,0.5407,0.5407,5.4075,11.0726
2024-04-15,4.2800,4.3800,4.2800,4.3700,0.0900,2.1000,4049082.4800,1754551.3260,4.0500,8.7500,0.1268,1.3291,1.2800,5.6781,5.6781,0.6348,2.2012,2.2012,34998303.3873,31924421.0777,3046381.2889,152942585.8025,139509720.1095,5.0847,5.0847,0.5395,0.5395,5.3949,11.0467
2024-04-16,4.3700,4.4600,4.3400,4.4300,0.0600,1.3700,5002801.1900,2202511.4690,4.1000,8.8700,0.1567,1.6422,1.5300,5.7560,5.7560,0.6435,2.2314,2.2314,34998303.3873,31924421.0777,3046381.2889,155042484.0057,141425185.3742,5.0158,5.0158,0.5284,0.5284,5.2838,10.8192
2024-04-17,4.4100,4.4700,4.3500,4.4600,0.0300,0.6800,4297922.0400,1894236.1330,4.1300,8.9300,0.1346,1.4108,1.2300,5.7950,5.7950,0.6479,2.2465,2.2465,34998303.3873,31924421.0777,3046381.2889,156092433.1074,142382918.0065,4.9821,4.9821,0.5236,0.5236,5.2358,10.7211
2024-04-18,4.4400,4.5800,4.4300,4.4900,0.0300,0.6700,4989038.2300,2251952.5730,4.1600,8.9900,0.1563,1.6377,1.3200,5.8340,5.8340,0.6522,2.2616,2.2616,34998303.3873,31924421.0777,3046381.2889,157142382.2090,143340650.6389,4.9488,4.9488,0.5200,0.5200,5.2005,10.6486
2024-04-19,4.4800,4.5500,4.4700,4.5400,0.0500,1.1100,3030853.9600,1369853.1790,4.2100,9.0900,0.0949,0.9949,0.7100,5.8990,5.8990,0.6595,2.2868,2.2868,34998303.3873,31924421.0777,3046381.2889,158892297.3783,144936871.6928,4.8943,4.8943,0.5154,0.5154,5.1540,10.5536
2024-04-22,4.5500,4.6200,4.4800,4.5000,-0.0400,-0.8800,3990693.2800,1814080.6560,4.1700,9.0100,0.1250,1.3100,0.9300,5.8470,5.8470,0.6537,2.2666,2.2666,34998303.3873,31924421.0777,3046381.2889,157492365.2429,143659894.8497,4.9378,4.9378,0.5075,0.5075,5.0747,10.3912
2024-04-23,4.5000,4.5600,4.4400,4.5000,0.0000,0.0000,3398348.0100,1532253.6610,4.1700,9.0100,0.1064,1.1155,0.8000,5.8470,5.8470,0.6537,2.2666,2.2666,34998303.3873,31924421.0777,3046381.2889,157492365.2429,143659894.8497,4.9378,4.9378,0.5131,0.5131,5.1311,10.5067
2024-04-24,4.5000,4.5300,4.4600,4.4900,-0.0100,-0.2200,2797185.5100,1257078.3900,4.1600,8.9900,0.0876,0.9182,0.7100,5.8340,5.8340,0.6522,2.2616,2.2616,34998303.3873,31924421.0777,3046381.2889,157142382.2090,143340650.6389,4.9488,4.9488,0.5131,0.5131,5.1311,10.5067
2024-04-25,4.4900,4.5500,4.4700,4.5500,0.0600,1.3400,3059281.4800,1378191.7350,4.2100,9.1100,0.0958,1.0042,0.8400,5.9120,5.9120,0.6610,2.2918,2.2918,34998303.3873,31924421.0777,3046381.2889,159242280.4122,145256115.9035,4.8835,4.8835,0.5143,0.5143,5.1425,10.5301
2024-04-26,4.5500,4.5800,4.4500,4.4500,-0.1000,-2.2000,5351659.4900,2407175.9840,4.1200,8.9100,0.1676,1.7567,1.6400,5.7820,5.7820,0.6464,2.2415,2.2415,34998303.3873,31924421.0777,3046381.2889,155742450.0735,142063673.7958,4.9933,4.9933,0.5075,0.5075,5.0747,10.3912
2024-04-29,4.4500,4.4600,4.3900,4.4100,-0.0400,-0.9000,4218751.9200,1866746.1180,4.0900,8.8300,0.1321,1.3848,1.1300,5.7301,5.7301,0.6406,2.2213,2.2213,34998303.3873,31924421.0777,3046381.2889,154342517.9380,140786696.9527,5.0385,5.0385,0.5189,0.5189,5.1888,10.6247
2024-04-30,4.4000,4.4400,4.3900,4.4000,-0.0100,-0.2300,3190006.2500,1408189.2130,4.0800,8.8100,0.0999,1.0471,0.8500,5.7171,5.7420,0.6230,2.2163,2.2270,34998303.3873,31924421.0777,3046381.2889,153992534.9041,140467452.7419,5.0500,5.0500,0.5248,0.5248,5.2477,10.7455
2024-05-06,4.4100,4.4300,4.3400,4.3500,-0.0500,-1.1400,4524351.8900,1975339.2940,4.0300,8.7100,0.1417,1.4852,1.2200,5.6521,5.6767,0.6159,2.1911,2.2017,34998303.3873,31924421.0777,3046381.2889,152242619.7348,138871231.6880,5.1080,5.1080,0.5236,0.5236,5.2358,10.7211
2024-05-07,4.3400,4.3900,4.3100,4.3800,0.0300,0.6900,4183247.2000,1816980.1330,4.0600,8.7700,0.1310,1.3732,1.0300,5.6911,5.7159,0.6201,2.2062,2.2168,34998303.3873,31924421.0777,3046381.2889,153292568.8364,139828964.3203,5.0731,5.0731,0.5320,0.5320,5.3203,10.8940
2024-05-08,4.3800,4.4400,4.3700,4.4300,0.0500,1.1400,3882372.4700,1715040.0630,4.1000,8.8700,0.1216,1.2744,0.9000,5.7560,5.7811,0.6272,2.2314,2.2422,34998303.3873,31924421.0777,3046381.2889,155042484.0057,141425185.3742,5.0158,5.0158,0.5272,0.5272,5.2717,10.7945
2024-05-09,4.4300,4.4300,4.3600,4.3800,-0.0500,-1.1300,3904115.2900,1710036.3450,4.0600,8.7700,0.1223,1.2816,0.9800,5.6911,5.7159,0.6201,2.2062,2.2168,34998303.3873,31924421.0777,3046381.2889,153292568.8364,139828964.3203,5.0731,5.0731,0.5212,0.5212,5.2122,10.6727
2024-05-10,4.3700,4.4000,4.3600,4.3700,-0.0100,-0.2300,2917494.7600,1276994.4940,4.0500,8.7500,0.0914,0.9577,0.7400,5.6781,5.7028,0.6187,2.2012,2.2118,34998303.3873,31924421.0777,3046381.2889,152942585.8025,139509720.1095,5.0847,5.0847,0.5284,0.5284,5.2838,10.8192
2024-05-13,4.3700,4.3900,4.3400,4.3800,0.0100,0.2300,3028943.8500,1322053.5730,4.0600,8.7700,0.0949,0.9943,0.7800,5.6911,5.7159,0.6201,2.2062,2.2168,34998303.3873,31924421.0777,3046381.2889,153292568.8364,139828964.3203,5.0731,5.0731,0.5284,0.5284,5.2838,10.8192
2024-05-14,4.3800,4.3800,4.3400,4.3400,-0.0400,-0.9100,2629608.8600,1144379.9630,4.0200,8.6900,0.0824,0.8632,0.7300,5.6391,5.6637,0.6145,2.1860,2.1966,34998303.3873,31924421.0777,3046381.2889,151892636.7009,138551987.4772,5.1198,5.1198,0.5272,0.5272,5.2717,10.7945
2024-05-15,4.3400,4.3500,4.3300,4.3400,0.0000,0.0000,1710065.8000,742463.7270,4.0200,8.6900,0.0536,0.5613,0.5200,5.6391,5.6637,0.6145,2.1860,2.1966,34998303.3873,31924421.0777,3046381.2889,151892636.7009,138551987.4772,5.1198,5.1198,0.5320,0.5320,5.3203,10.8940
2024-05-16,4.3400,4.3700,4.3300,4.3500,0.0100,0.2300,2736564.1300,1190682.6680,4.0300,8.7100,0.0857,0.8983,0.9600,5.6521,5.6767,0.6159,2.1911,2.2017,34998303.3873,31924421.0777,3046381.2889,152242619.7348,138871231.6880,5.1080,5.1080,0.5320,0.5320,5.3203,10.8940
2024-05-17,4.3600,4.3800,4.3500,4.3800,0.0300,0.6900,2939952.7400,1283184.1900,4.0600,8.7700,0.0921,0.9651,1.1300,5.6911,5.7159,0.6201,2.2062,2.2168,34998303.3873,31924421.0777,3046381.2889,153292568.8364,139828964.3203,5.0731,5.0731,0.5296,0.5296,5.2959,10.8440
2024-05-20,4.3900,4.4300,4.3600,4.3700,-0.0100,-0.2300,3790477.1900,1664232.6910,4.0500,8.7500,0.1187,1.2443,1.4500,5.6781,5.7028,0.6187,2.2012,2.2118,34998303.3873,31924421.0777,3046381.2889,152942585.8025,139509720.1095,5.0847,5.0847,0.5260,0.5260,5.2597,10.7699
2024-05-21,4.3700,4.4200,4.3600,4.4100,0.0400,0.9200,3052812.7700,1340701.2290,4.0900,8.8300,0.0956,1.0021,1.1100,5.7301,5.7550,0.6244,2.2213,2.2320,34998303.3873,31924421.0777,3046381.2889,154342517.9380,140786696.9527,5.0385,5.0385,0.5284,0.5284,5.2838,10.8192
2024-05-22,4.4100,4.4400,4.4000,4.4200,0.0100,0.2300,2684609.0000,1187388.5240,4.0900,8.8500,0.0841,0.8812,0.9400,5.7431,5.7681,0.6258,2.2263,2.2371,34998303.3873,31924421.0777,3046381.2889,154692500.9719,141105941.1634,5.0271,5.0271,0.5236,0.5236,5.2358,10.7211
2024-05-23,4.4200,4.4300,4.3900,4.4000,-0.0200,-0.4500,2696494.6800,1188901.0610,4.0800,8.8100,0.0845,0.8851,0.8900,5.7171,5.7420,0.6230,2.2163,2.2270,34998303.3873,31924421.0777,3046381.2889,153992534.9041,140467452.7419,5.0500,5.0500,0.5224,0.5224,5.2240,10.6968
2024-05-24,4.4000,4.4300,4.3900,4.3900,-0.0100,-0.2300,2695364.9500,1188633.4550,4.0700,8.7900,0.0844,0.8848,0.8900,5.7041,5.7289,0.6216,2.2112,2.2219,34998303.3873,31924421.0777,3046381.2889,153642551.8702,140148208.5311,5.0615,5.0615,0.5248,0.5248,5.2477,10.7455
2024-05-27,4.4000,4.4600,4.3900,4.4500,0.0600,1.3700,3911691.3500,1734130.3140,4.1200,8.9100,0.1225,1.2840,1.3100,5.7820,5.8072,0.6301,2.2415,2.2523,34998303.3873,31924421.0777,3046381.2889,155742450.0735,142063673.7958,4.9933,4.9933,0.5248,0.5248,5.2477,10.7455
2024-05-28,4.4600,4.4800,4.4400,4.4600,0.0100,0.2200,2523083.9300,1125359.3960,4.1300,8.9300,0.0790,0.8282,0.8400,5.7950,5.8203,0.6315,2.2465,2.2573,34998303.3873,31924421.0777,3046381.2889,156092433.1074,142382918.0065,4.9821,4.9821,0.5177,0.5177,5.1771,10.6009
2024-05-29,4.4500,4.4800,4.4200,4.4300,-0.0300,-0.6700,3307220.0000,1470812.6020,4.1000,8.8700,0.1036,1.0856,1.1400,5.7560,5.7811,0.6272,2.2314,2.2422,34998303.3873,31924421.0777,3046381.2889,155042484.0057,141425185.3742,5.0158,5.0158,0.5189,0.5189,5.1888,10.6247
2024-05-30,4.4300,4.4600,4.3800,4.3900,-0.0400,-0.9000,3269760.8600,1443792.9100,4.0700,8.7900,0.1024,1.0733,1.0800,5.7041,5.7289,0.6216,2.2112,2.2219,34998303.3873,31924421.0777,3046381.2889,153642551.8702,140148208.5311,5.0615,5.0615,0.5212,0.5212,5.2122,10.6727
2024-05-31,4.3900,4.4100,4.3800,4.3900,0.0000,0.0000,2166887.6100,952060.3060,4.0700,8.7900,0.0679,0.7113,0.6900,5.7041,5.7289,0.6216,2.2112,2.2219,34998303.3873,31924421.0777,3046381.2889,153642551.8702,140148208.5311,5.0615,5.0615,0.5260,0.5260,5.2597,10.7699
2024-06-03,4.3900,4.4100,4.3600,4.4100,0.0200,0.4600,3201183.4500,1406835.7060,4.0900,8.8300,0.1003,1.0508,1.0500,5.7301,5.7550,0.6244,2.2213,2.2320,34998303.3873,31924421.0777,3046381.2889,154342517.9380,140786696.9527,5.0385,5.0385,0.5260,0.5260,5.2597,10.7699
2024-06-04,4.4100,4.4300,4.4000,4.4100,0.0000,0.0000,2457818.4300,1083695.8070,4.0900,8.8300,0.0770,0.8068,0.8500,5.7301,5.7550,0.6244,2.2213,2.2320,34998303.3873,31924421.0777,3046381.2889,154342517.9380,140786696.9527,5.0385,5.0385,0.5236,0.5236,5.2358,10.7211
2024-06-05,4.4100,4.4500,4.3900,4.4400,0.0300,0.6800,3310843.9600,1463696.8540,4.1100,8.8900,0.1037,1.0868,1.1500,5.7690,5.7942,0.6286,2.2364,2.2472,34998303.3873,31924421.0777,3046381.2889,155392467.0396,141744429.5850,5.0045,5.0045,0.5236,0.5236,5.2358,10.7211
2024-06-06,4.4300,4.4500,4.4200,4.4300,-0.0100,-0.2300,3998562.6500,1773884.9230,4.1000,8.8700,0.1253,1.3126,1.3900,5.7560,5.7811,0.6272,2.2314,2.2422,34998303.3873,31924421.0777,3046381.2889,155042484.0057,141425185.3742,5.0158,5.0158,0.5212,0.5212,5.2122,10.6727
2024-06-07,4.2400,4.2700,4.2200,4.2600,-0.1700,-3.8400,4989685.5600,2120701.2280,4.1600,9.0000,0.1563,1.6379,1.6500,5.5352,5.5593,0.6235,2.1458,2.1561,34998303.3873,31924421.0777,3046381.2889,149092772.4299,135998033.7910,5.2160,10.6361,0.5446,0.5446,5.4458,11.1509
2024-06-11,4.2600,4.2800,4.1600,4.1700,-0.0900,-2.1100,5328434.3800,2244516.4910,4.0700,8.8100,0.1669,1.7491,1.4800,5.4182,5.4418,0.6104,2.1004,2.1106,34998303.3873,31924421.0777,3046381.2889,145942925.1250,133124835.8940,5.3285,10.8657,0.5420,0.5420,5.4202,11.0986
2024-06-12,4.1700,4.1800,4.0800,4.1600,-0.0100,-0.2400,4103131.9300,1694646.2870,4.0600,8.7900,0.1285,1.3469,1.0200,5.4052,5.4288,0.6089,2.0954,2.1055,34998303.3873,31924421.0777,3046381.2889,145592942.0912,132805591.6832,5.3413,10.8918,0.5537,0.5537,5.5372,11.3381
2024-06-13,4.1600,4.2300,4.1500,4.2200,0.0600,1.4400,3678462.9900,1544684.2570,4.1200,8.9200,0.1152,1.2075,0.8500,5.4832,5.5071,0.6177,2.1256,2.1359,34998303.3873,31924421.0777,3046381.2889,147692840.2944,134721056.9479,5.2654,10.7369,0.5550,0.5550,5.5505,11.3654
2024-06-14,4.2100,4.2600,4.2100,4.2500,0.0300,0.7100,3630992.5800,1540242.3340,4.1500,8.9800,0.1137,1.1919,0.8200,5.5222,5.5462,0.6221,2.1407,2.1511,34998303.3873,31924421.0777,3046381.2889,148742789.3960,135678789.5802,5.2282,10.6611,0.5485,0.5485,5.4846,11.2304
2024-06-17,4.2400,4.2500,4.1500,4.1700,-0.0800,-1.8800,4235149.0000,1770818.5250,4.0700,8.8100,0.1327,1.3902,0.9700,5.4182,5.4418,0.6104,2.1004,2.1106,34998303.3873,31924421.0777,3046381.2889,145942925.1250,133124835.8940,5.3285,10.8657,0.5446,0.5446,5.4458,11.1509
2024-06-18,4.1700,4.1900,4.1000,4.1800,0.0100,0.2400,3085889.2900,1281934.5220,4.0800,8.8300,0.0967,1.0130,0.7400,5.4312,5.4549,0.6118,2.1055,2.1156,34998303.3873,31924421.0777,3046381.2889,146292908.1589,133444080.1048,5.3158,10.8397,0.5537,0.5537,5.5372,11.3381
2024-06-19,4.1800,4.2200,4.1700,4.2200,0.0400,0.9600,2954153.5200,1242927.7560,4.1200,8.9200,0.0925,0.9697,0.7900,5.4832,5.5071,0.6177,2.1256,2.1359,34998303.3873,31924421.0777,3046381.2889,147692840.2944,134721056.9479,5.2654,10.7369,0.5524,0.5524,5.5239,11.3110
2024-06-20,4.2200,4.2400,4.2100,4.2400,0.0200,0.4700,2530040.0000,1070410.7980,4.1400,8.9600,0.0793,0.8305,0.7200,5.5092,5.5332,0.6206,2.1357,2.1460,34998303.3873,31924421.0777,3046381.2889,148392806.3622,135359545.3694,5.2406,10.6863,0.5472,0.5472,5.4716,11.2038
2024-06-21,4.2400,4.2500,4.1900,4.1900,-0.0500,-1.1800,3407348.2900,1434953.7390,4.0900,8.8500,0.1067,1.1185,1.0400,5.4442,5.4679,0.6133,2.1105,2.1207,34998303.3873,31924421.0777,3046381.2889,146642891.1928,133763324.3156,5.3031,10.8138,0.5446,0.5446,5.4458,11.1509
2024-06-24,4.1900,4.2600,4.1800,4.2500,0.0600,1.4300,3685223.5700,1558582.5210,4.1500,8.9800,0.1154,1.2097,1.1400,5.5222,5.5462,0.6221,2.1407,2.1511,34998303.3873,31924421.0777,3046381.2889,148742789.3960,135678789.5802,5.2282,10.6611,0.5511,0.5511,5.5107,11.2840
2024-06-25,4.2500,4.2700,4.2300,4.2600,0.0100,0.2400,3312466.7900,1410132.2560,4.1600,9.0000,0.1038,1.0873,1.0600,5.5352,5.5593,0.6235,2.1458,2.1561,34998303.3873,31924421.0777,3046381.2889,149092772.4299,135998033.7910,5.2160,10.6361,0.5433,0.5433,5.4329,11.1247
2024-06-26,4.2600,4.3000,4.2500,4.2800,0.0200,0.4700,2915743.6300,1249425.4420,4.1800,9.0400,0.0913,0.9571,0.9200,5.5611,5.5854,0.6265,2.1558,2.1662,34998303.3873,31924421.0777,3046381.2889,149792738.4976,136636522.2126,5.1916,10.5864,0.5420,0.5420,5.4202,11.0986
2024-06-27,4.2800,4.3400,4.2800,4.3200,0.0400,0.9300,3900845.0800,1683104.5580,4.2200,9.1300,0.1222,1.2805,1.2300,5.6131,5.6376,0.6323,2.1760,2.1865,34998303.3873,31924421.0777,3046381.2889,151192670.6331,137913499.0557,5.1435,10.4884,0.5395,0.5395,5.3949,11.0467
2024-06-28,4.3300,4.3800,4.3000,4.3600,0.0400,0.9300,3727756.6900,1616702.1960,4.2600,9.2100,0.1168,1.2237,1.0800,5.6651,5.6898,0.6382,2.1961,2.2067,34998303.3873,31924421.0777,3046381.2889,152592602.7686,139190475.8988,5.0963,10.3922,0.5333,0.5333,5.3326,10.9192
2024-07-01,4.3600,4.4500,4.3500,4.4400,0.0800,1.8300,3474874.9200,1534396.3620,4.3400,9.3800,0.1088,1.1407,0.9900,5.7690,5.7942,0.6499,2.2364,2.2472,34998303.3873,31924421.0777,3046381.2889,155392467.0396,141744429.5850,5.0045,10.2049,0.5296,0.5296,5.2959,10.8440
2024-07-02,4.4400,4.5400,4.4300,4.5200,0.0800,1.8000,4098263.3400,1842545.8310,4.4200,9.5500,0.1284,1.3453,1.1800,5.8730,5.8986,0.6616,2.2767,2.2877,34998303.3873,31924421.0777,3046381.2889,158192331.3106,144298383.2712,4.9159,10.0243,0.5200,0.5200,5.2005,10.6486
2024-07-03,4.5300,4.5400,4.4500,4.4900,-0.0300,-0.6600,3463649.4600,1551679.2120,4.3900,9.4900,0.1085,1.1370,0.9600,5.8340,5.8594,0.6572,2.2616,2.2725,34998303.3873,31924421.0777,3046381.2889,157142382.2090,143340650.6389,4.9488,10.0913,0.5097,0.5097,5.0971,10.4371
2024-07-04,4.4800,4.5600,4.4800,4.5300,0.0400,0.8900,2945320.8900,1334485.1670,4.4300,9.5700,0.0923,0.9668,0.7900,5.8860,5.9116,0.6631,2.2817,2.2928,34998303.3873,31924421.0777,3046381.2889,158542314.3445,144617627.4820,4.9051,10.0022,0.5154,0.5154,5.1540,10.5536
2024-07-05,4.5300,4.5400,4.4400,4.4600,-0.0700,-1.5500,4203380.6300,1880915.6980,4.3600,9.4200,0.1317,1.3798,1.1900,5.7950,5.8203,0.6528,2.2465,2.2573,34998303.3873,31924421.0777,3046381.2889,156092433.1074,142382918.0065,4.9821,10.1592,0.5097,0.5097,5.0971,10.4371
2024-07-08,4.4500,4.5300,4.4400,4.5000,0.0400,0.9000,3195237.3800,1438499.6660,4.4000,9.5100,0.1001,1.0489,0.8800,5.8470,5.8725,0.6587,2.2666,2.2776,34998303.3873,31924421.0777,3046381.2889,157492365.2429,143659894.8497,4.9378,10.0689,0.5189,0.5189,5.1888,10.6247
2024-07-09,4.4900,4.5300,4.4400,4.5300,0.0300,0.6700,3752905.1600,1685758.1940,4.4300,9.5700,0.1176,1.2319,1.0500,5.8860,5.9116,0.6631,2.2817,2.2928,34998303.3873,31924421.0777,3046381.2889,158542314.3445,144617627.4820,4.9051,10.0022,0.5143,0.5143,5.1425,10.5301
2024-07-10,4.5200,4.5600,4.5100,4.5500,0.0200,0.4400,2749870.2700,1249084.9230,4.4500,9.6100,0.0861,0.9027,0.7800,5.9120,5.9377,0.6660,2.2918,2.3029,34998303.3873,31924421.0777,3046381.2889,159242280.4122,145256115.9035,4.8835,9.9582,0.5108,0.5108,5.1084,10.4602
2024-07-11,4.5400,4.5500,4.4800,4.5100,-0.0400,-0.8800,3003717.9700,1353980.3940,4.4100,9.5300,0.0941,0.9860,0.8900,5.8600,5.8855,0.6601,2.2717,2.2826,34998303.3873,31924421.0777,3046381.2889,157842348.2767,143979139.0604,4.9268,10.0465,0.5086,0.5086,5.0859,10.4141
2024-07-12,4.5100,4.6100,4.5000,4.6000,0.0900,2.0000,3755893.2300,1719585.4300,4.5000,9.7200,0.1176,1.2329,1.1100,5.9769,6.0030,0.6733,2.3170,2.3282,34998303.3873,31924421.0777,3046381.2889,160992195.5816,146852336.9574,4.8304,9.8500,0.5120,0.5120,5.1197,10.4834
2024-07-15,4.6000,4.7500,4.6000,4.7200,0.1200,2.6100,4053993.1700,1896670.2010,4.6100,9.9700,0.1270,1.3308,1.2300,6.1328,6.1596,0.6909,2.3775,2.3889,34998303.3873,31924421.0777,3046381.2889,165191991.9881,150683267.4867,4.7076,9.5995,0.5020,0.5020,5.0196,10.2783
2024-07-16,4.7300,4.7800,4.6600,4.7100,-0.0100,-0.2100,3582600.3700,1686678.8840,4.6000,9.9500,0.1122,1.1760,1.0300,6.1199,6.1465,0.6894,2.3724,2.3839,34998303.3873,31924421.0777,3046381.2889,164842008.9542,150364023.2760,4.7176,9.6199,0.4882,0.4882,4.8816,9.9958
2024-07-17,4.7100,4.7500,4.6700,4.7200,0.0100,0.2100,2773647.5800,1310132.5500,4.6100,9.9700,0.0869,0.9105,0.8100,6.1328,6.1596,0.6909,2.3775,2.3889,34998303.3873,31924421.0777,3046381.2889,165191991.9881,150683267.4867,4.7076,9.5995,0.4902,0.4902,4.9023,10.0382
2024-07-18,4.7300,4.7500,4.6700,4.7200,0.0000,0.0000,2947507.7500,1386156.8020,4.6100,9.9700,0.0923,0.9675,0.8600,6.1328,6.1596,0.6909,2.3775,2.3889,34998303.3873,31924421.0777,3046381.2889,165191991.9881,150683267.4867,4.7076,4.8919,0.4882,0.4882,4.8816,9.9958
2024-07-19,4.7100,4.7200,4.6300,4.7100,-0.0100,-0.2100,4087714.5200,1908279.4100,4.6000,9.9500,0.1280,1.3418,1.1900,6.1199,6.1465,0.6894,2.3724,2.3839,34998303.3873,31924421.0777,3046381.2889,164842008.9542,150364023.2760,4.7176,4.9023,0.4902,0.4902,4.9023,10.0382
2024-07-22,4.6900,4.7000,4.5900,4.6400,-0.0700,-1.4900,4571347.1000,2117988.7210,4.5300,9.8000,0.1432,1.5006,1.3100,6.0289,6.0552,0.6792,2.3372,2.3484,34998303.3873,31924421.0777,3046381.2889,162392127.7171,148129313.8005,4.7888,4.9763,0.4923,0.4923,4.9232,10.0810
2024-07-23,4.6300,4.7900,4.6200,4.7400,0.1000,2.1600,4889129.9000,2312413.3800,4.6300,10.0200,0.1531,1.6049,1.3600,6.1588,6.1857,0.6938,2.3875,2.3991,34998303.3873,31924421.0777,3046381.2889,165891958.0558,151321755.9083,4.6878,4.8713,0.4987,0.4987,4.9870,10.2117
2024-07-24,4.7300,4.8100,4.7000,4.7700,0.0300,0.6300,4472340.9600,2132900.6360,4.6600,10.0800,0.1401,1.4681,1.1600,6.1978,6.2248,0.6982,2.4026,2.4142,34998303.3873,31924421.0777,3046381.2889,166941907.1574,152279488.5406,4.6583,4.8406,0.4882,0.4882,4.8816,9.9958
2024-07-25,4.7700,4.7800,4.6600,4.7200,-0.0500,-1.0500,4249397.8800,2004491.7430,4.6100,9.9700,0.1331,1.3949,1.0100,6.1328,6.1596,0.6909,2.3775,2.3889,34998303.3873,31924421.0777,3046381.2889,165191991.9881,150683267.4867,4.7076,4.8919,0.4841,0.4841,4.8407,9.9119
2024-07-26,4.7100,4.7200,4.5600,4.6200,-0.1000,-2.1200,4877457.0200,2248999.0470,4.5100,9.7600,0.1528,1.6011,1.1000,6.0029,6.0291,0.6762,2.3271,2.3383,34998303.3873,31924421.0777,3046381.2889,161692161.6493,147490825.3790,4.8095,4.9978,0.4902,0.4902,4.9023,10.0382
2024-07-29,4.6100,4.7100,4.5600,4.7000,0.0800,1.7300,3878614.5200,1811591.4710,4.5900,9.9300,0.1215,1.2732,0.8400,6.1069,6.1335,0.6879,2.3674,2.3788,34998303.3873,31924421.0777,3046381.2889,164492025.9203,150044779.0652,4.7277,4.9127,0.5009,0.5009,5.0087,10.2560
2024-07-30,4.7000,4.7300,4.6600,4.7000,0.0000,0.0000,2906896.1100,1365994.1220,4.5900,9.9300,0.0911,0.9542,0.6500,6.1069,6.1335,0.6879,2.3674,2.3788,34998303.3873,31924421.0777,3046381.2889,164492025.9203,150044779.0652,4.7277,4.9127,0.4913,0.4913,4.9128,10.0596
2024-07-31,4.7100,4.7200,4.5800,4.5900,-0.1100,-2.3400,5154914.1700,2378347.3710,4.4900,9.7000,0.1615,1.6921,1.2600,5.9639,5.9899,0.6718,2.3120,2.3231,34998303.3873,31924421.0777,3046381.2889,160642212.5477,146533092.7466,4.8410,5.0305,0.4902,0.4902,4.9023,10.0382
2024-08-01,4.5700,4.6600,4.5100,4.6300,0.0400,0.8700,4323911.5300,1989065.5710,4.5200,9.7800,0.1354,1.4194,1.0300,6.0159,6.0421,0.6777,2.3321,2.3434,34998303.3873,31924421.0777,3046381.2889,162042144.6832,147810069.5898,4.7991,4.9870,0.5053,0.5053,5.0525,10.3457
2024-08-02,4.6200,4.6700,4.5900,4.6500,0.0200,0.4300,3203657.0300,1487193.1080,4.5400,9.8300,0.1004,1.0516,0.7600,6.0419,6.0682,0.6806,2.3422,2.3535,34998303.3873,31924421.0777,3046381.2889,162742110.7509,148448558.0113,4.7785,4.9656,0.4998,0.4998,4.9978,10.2338
2024-08-05,4.6500,4.6800,4.5900,4.6300,-0.0200,-0.4300,4117573.9600,1910451.9160,4.5200,9.7800,0.1290,1.3516,1.0600,6.0159,6.0421,0.6777,2.3321,2.3434,34998303.3873,31924421.0777,3046381.2889,162042144.6832,147810069.5898,4.7991,4.9870,0.4966,0.4966,4.9656,10.1677
2024-08-06,4.6300,4.6500,4.5400,4.5700,-0.0600,-1.3000,3567590.8900,1633599.5660,4.4700,9.6600,0.1118,1.1711,0.9100,5.9380,5.9638,0.6689,2.3019,2.3130,34998303.3873,31924421.0777,3046381.2889,159942246.4800,145894604.3251,4.8621,5.0525,0.4987,0.4987,4.9870,10.2117
2024-08-07,4.5700,4.6100,4.5400,4.5500,-0.0200,-0.4400,2572005.3200,1176517.3650,4.4500,9.6100,0.0806,0.8443,0.6300,5.9120,5.9377,0.6660,2.2918,2.3029,34998303.3873,31924421.0777,3046381.2889,159242280.4122,145256115.9035,4.8835,5.0747,0.5053,0.5053,5.0525,10.3457
2024-08-08,4.5600,4.5800,4.5400,4.5700,0.0200,0.4400,1932056.3000,882152.5840,4.4700,9.6600,0.0605,0.6342,0.5400,5.9380,5.9638,0.6689,2.3019,2.3130,34998303.3873,31924421.0777,3046381.2889,159942246.4800,145894604.3251,4.8621,5.0525,0.5064,0.5064,5.0636,10.3684
2024-08-09,4.5700,4.6200,4.5500,4.6100,0.0400,0.8800,2386186.1600,1097379.0240,4.5000,9.7400,0.0747,0.7833,0.7800,5.9899,6.0160,0.6748,2.3220,2.3333,34998303.3873,31924421.0777,3046381.2889,161342178.6155,147171581.1682,4.8200,5.0086,0.5053,0.5053,5.0525,10.3457
2024-08-12,4.6100,4.6700,4.5900,4.6400,0.0300,0.6500,2618556.0000,1214114.1990,4.5300,9.8000,0.0820,0.8596,0.9000,6.0289,6.0552,0.6792,2.3372,2.3484,34998303.3873,31924421.0777,3046381.2889,162392127.7171,148129313.8005,4.7888,4.9763,0.5009,0.5009,5.0087,10.2560
2024-08-13,4.6400,4.7000,4.6200,4.6600,0.0200,0.4300,2930700.6100,1366129.8100,4.5500,9.8500,0.0918,0.9620,1.1200,6.0549,6.0813,0.6821,2.3472,2.3586,34998303.3873,31924421.0777,3046381.2889,163092093.7848,148767802.2221,4.7682,4.9549,0.4976,0.4976,4.9763,10.1897
2024-08-14,4.6500,4.6900,4.6400,4.6600,0.0000,0.0000,2200468.7100,1026107.1640,4.5500,9.8500,0.0689,0.7223,0.8800,6.0549,6.0813,0.6821,2.3472,2.3586,34998303.3873,31924421.0777,3046381.2889,163092093.7848,148767802.2221,4.7682,4.9549,0.4966,0.4966,4.9656,10.1677
2024-08-15,4.6600,4.6900,4.6400,4.6800,0.0200,0.4300,2797481.5100,1306291.5510,4.5700,9.8900,0.0876,0.9183,1.1600,6.0809,6.1074,0.6850,2.3573,2.3687,34998303.3873,31924421.0777,3046381.2889,163792059.8526,149406290.6436,4.7479,4.9337,0.4955,0.4955,4.9549,10.1459
2024-08-16,4.6900,4.7600,4.6800,4.7600,0.0800,1.7100,3732286.0300,1766047.9870,4.6500,10.0600,0.1169,1.2252,1.4400,6.1848,6.2118,0.6967,2.3976,2.4092,34998303.3873,31924421.0777,3046381.2889,166591924.1235,151960244.3299,4.6681,4.8508,0.4923,0.4923,4.9232,10.0810
2024-08-19,4.7600,4.9000,4.7400,4.8900,0.1300,2.7300,4164773.8400,2012372.7820,4.7800,10.3300,0.1305,1.3671,1.4600,6.3537,6.3814,0.7158,2.4631,2.4750,34998303.3873,31924421.0777,3046381.2889,171141703.5639,156110419.0700,4.5440,4.7219,0.4851,0.4851,4.8508,9.9328
2024-08-20,4.8900,4.9400,4.8600,4.9200,0.0300,0.6100,4158269.9200,2039455.3790,4.8100,10.4000,0.1303,1.3650,1.3100,6.3927,6.4206,0.7201,2.4782,2.4902,34998303.3873,31924421.0777,3046381.2889,172191652.6655,157068151.7023,4.5163,4.6931,0.4722,0.4722,4.7219,9.6687
2024-08-21,4.9000,4.9100,4.8000,4.8700,-0.0500,-1.0200,3910822.8600,1899024.4020,4.7600,10.2900,0.1225,1.2838,1.1500,6.3277,6.3553,0.7128,2.4530,2.4649,34998303.3873,31924421.0777,3046381.2889,170441737.4962,155471930.6484,4.5626,4.7412,0.4712,0.4712,4.7122,9.6490
2024-08-22,4.8600,4.9400,4.8500,4.9100,0.0400,0.8200,4023360.0300,1974984.7620,4.8000,10.3700,0.1260,1.3207,1.0700,6.3797,6.4075,0.7187,2.4732,2.4851,34998303.3873,31924421.0777,3046381.2889,171841669.6316,156748907.4915,4.5255,4.7026,0.4751,0.4751,4.7510,9.7284
2024-08-23,4.9100,4.9300,4.8300,4.9200,0.0100,0.2000,3453711.5900,1687332.6450,4.8100,10.4000,0.1082,1.1337,0.8600,6.3927,6.4206,0.7201,2.4782,2.4902,34998303.3873,31924421.0777,3046381.2889,172191652.6655,157068151.7023,4.5163,4.6931,0.4703,0.4703,4.7026,9.6293
2024-08-26,4.9100,4.9300,4.8600,4.9200,0.0000,0.0000,2734023.5000,1340854.6190,4.8100,10.4000,0.0856,0.8975,0.6900,6.3927,6.4206,0.7201,2.4782,2.4902,34998303.3873,31924421.0777,3046381.2889,172191652.6655,157068151.7023,4.5163,4.6931,0.4703,0.4703,4.7026,9.6293
2024-08-27,4.9200,5.0000,4.9100,4.9800,0.0600,1.2200,3817026.2400,1895568.7520,4.8700,10.5200,0.1196,1.2530,1.0400,6.4707,6.4989,0.7289,2.5084,2.5205,34998303.3873,31924421.0777,3046381.2889,174291550.8688,158983616.9669,4.4618,4.6365,0.4693,0.4693,4.6931,9.6098
2024-08-28,4.9800,5.0100,4.9100,4.9400,-0.0400,-0.8000,3570929.5800,1769421.9430,4.8300,10.4400,0.1119,1.1722,1.0000,6.4187,6.4467,0.7231,2.4883,2.5003,34998303.3873,31924421.0777,3046381.2889,172891618.7333,157706640.1238,4.4980,4.6741,0.4637,0.4637,4.6365,9.4940
2024-08-29,4.9300,4.9500,4.7000,4.7100,-0.2300,-4.6600,6468569.7900,3091178.1800,4.6000,9.9500,0.2026,2.1234,1.8400,6.1199,6.1465,0.6894,2.3724,2.3839,34998303.3873,31924421.0777,3046381.2889,164842008.9542,150364023.2760,4.7176,4.9023,0.4684,0.4684,4.6836,9.5903
2024-08-30,4.6700,4.7200,4.5000,4.5200,-0.1900,-4.0300,8888083.9400,4067361.7250,4.4200,9.5500,0.2784,2.9176,2.2200,5.8730,5.8986,0.6616,2.2767,2.2877,34998303.3873,31924421.0777,3046381.2889,158192331.3106,144298383.2712,4.9159,5.1084,0.4944,0.4944,4.9443,10.1242
2024-09-02,4.5300,4.7100,4.5100,4.6900,0.1700,3.7600,6832835.2100,3176595.3320,4.5800,9.9100,0.2140,2.2429,1.3400,6.0939,6.0343,0.6646,2.3623,2.3587,34998303.3873,31924421.0777,3046381.2889,164142042.8864,149725534.8544,4.7377,4.9232,0.5097,0.5097,5.0971,10.4371
2024-09-03,4.6800,4.6800,4.4400,4.4800,-0.2100,-4.4800,7005030.2500,3161268.0350,4.3800,9.4700,0.2194,2.2995,1.1800,5.8210,5.7641,0.6348,2.2566,2.2531,34998303.3873,31924421.0777,3046381.2889,156792399.1751,143021406.4281,4.9598,5.1540,0.4934,0.4934,4.9338,10.1026
2024-09-04,4.4500,4.5800,4.4400,4.5200,0.0400,0.8900,4929748.3000,2220956.6340,4.4200,9.5500,0.1544,1.6182,0.7500,5.8730,5.8156,0.6405,2.2767,2.2732,34998303.3873,31924421.0777,3046381.2889,158192331.3106,144298383.2712,4.9159,5.1084,0.5189,0.5189,5.1888,10.6247
2024-09-05,4.5200,4.5600,4.4700,4.5000,-0.0200,-0.4400,3456481.2500,1559020.5220,4.4000,9.5100,0.1083,1.1346,0.5100,5.8470,5.7899,0.6377,2.2666,2.2631,34998303.3873,31924421.0777,3046381.2889,157492365.2429,143659894.8497,4.9378,5.1311,0.5108,0.5108,5.1084,10.4602
2024-09-06,4.5100,4.5700,4.5000,4.5100,0.0100,0.2200,2823346.9700,1282641.6180,4.4100,9.5300,0.0884,0.9268,0.4500,5.8600,5.8027,0.6391,2.2717,2.2682,34998303.3873,31924421.0777,3046381.2889,157842348.2767,143979139.0604,4.9268,5.1197,0.5120,0.5120,5.1197,10.4834
2024-09-09,4.5000,4.5400,4.4400,4.5200,0.0100,0.2200,3523875.8400,1586832.8080,4.4200,9.5500,0.1104,1.1567,0.7000,5.8730,5.8156,0.6405,2.2767,2.2732,34998303.3873,31924421.0777,3046381.2889,158192331.3106,144298383.2712,4.9159,5.1084,0.5131,0.5131,5.1311,10.5067
2024-09-10,4.5200,4.6500,4.5100,4.6000,0.0800,1.7700,3912874.5100,1794528.9860,4.5000,9.7200,0.1226,1.2844,0.9000,5.9769,5.9185,0.6518,2.3170,2.3134,34998303.3873,31924421.0777,3046381.2889,160992195.5816,146852336.9574,4.8304,5.0195,0.5108,0.5108,5.1084,10.4602
2024-09-11,4.6000,4.6100,4.4400,4.4600,-0.1400,-3.0400,4583072.1100,2060811.2070,4.3600,9.4200,0.1436,1.5044,1.2300,5.7950,5.7384,0.6320,2.2465,2.2430,34998303.3873,31924421.0777,3046381.2889,156092433.1074,142382918.0065,4.9821,5.1771,0.5020,0.5020,5.0196,10.2783
2024-09-12,4.4500,4.5000,4.3800,4.4800,0.0200,0.4500,3664332.2300,1629378.4110,4.3800,9.4700,0.1148,1.2028,1.0000,5.8210,5.7641,0.6348,2.2566,2.2531,34998303.3873,31924421.0777,3046381.2889,156792399.1751,143021406.4281,4.9598,5.1540,0.5189,0.5189,5.1888,10.6247
2024-09-13,4.4800,4.5100,4.4000,4.4400,-0.0400,-0.8900,3326105.7900,1479707.8000,4.3400,9.3800,0.1042,1.0918,0.9000,5.7690,5.7127,0.6292,2.2364,2.2330,34998303.3873,31924421.0777,3046381.2889,155392467.0396,141744429.5850,5.0045,5.2004,0.5154,0.5154,5.1540,10.5536
2024-09-18,4.4500,4.5000,4.4400,4.5000,0.0600,1.3500,2831117.8400,1267274.9240,4.4000,9.5100,0.0887,0.9293,0.7400,5.8470,5.7899,0.6377,2.2666,2.2631,34998303.3873,31924421.0777,3046381.2889,157492365.2429,143659894.8497,4.9378,5.1311,0.5189,0.5189,5.1888,10.6247
2024-09-19,4.5000,4.5400,4.4400,4.5000,0.0000,0.0000,3852501.8100,1723907.2450,4.4000,9.5100,0.1207,1.2646,1.0500,5.8470,5.7899,0.6377,2.2666,2.2631,34998303.3873,31924421.0777,3046381.2889,157492365.2429,143659894.8497,4.9378,5.1311,0.5131,0.5131,5.1311,10.5067
2024-09-20,4.5000,4.5500,4.4900,4.5400,0.0400,0.8900,4325988.6600,1957951.6220,4.4400,9.5900,0.1355,1.4200,1.1800,5.8990,5.8413,0.6433,2.2868,2.2832,34998303.3873,31924421.0777,3046381.2889,158892297.3783,144936871.6928,4.8943,5.0859,0.5131,0.5131,5.1311,10.5067
2024-09-23,4.5300,4.6300,4.5200,4.6200,0.0800,1.7600,3140679.9200,1440471.5190,4.5100,9.7600,0.0984,1.0310,0.8700,6.0029,5.9443,0.6547,2.3271,2.3235,34998303.3873,31924421.0777,3046381.2889,161692161.6493,147490825.3790,4.8095,4.9978,0.5097,0.5097,5.0971,10.4371
2024-09-24,4.6500,4.8000,4.6300,4.8000,0.1800,3.9000,5961475.7600,2812463.0580,4.6900,10.1400,0.1867,1.9569,1.7100,6.2368,6.1759,0.6802,2.4177,2.4140,34998303.3873,31924421.0777,3046381.2889,167991856.2590,153237221.1730,4.6292,4.8104,0.4966,0.4966,4.9656,10.1677
2024-09-25,4.8700,4.9700,4.7600,4.8400,0.0400,0.8300,6108474.8200,2972679.6020,4.7300,10.2300,0.1913,2.0052,1.5200,6.2888,6.2273,0.6859,2.4379,2.4341,34998303.3873,31924421.0777,3046381.2889,169391788.3945,154514198.0161,4.5909,4.7706,0.4741,0.4741,4.7413,9.7084
2024-09-26,4.8400,4.9000,4.8000,4.8900,0.0500,1.0300,5470694.8700,2655323.2330,4.7800,10.3300,0.1714,1.7958,1.1700,6.3537,6.2917,0.6929,2.4631,2.4593,34998303.3873,31924421.0777,3046381.2889,171141703.5639,156110419.0700,4.5440,4.7219,0.4771,0.4771,4.7707,9.7686
2024-09-27,4.9200,4.9300,4.6700,4.7000,-0.1900,-3.8900,8258820.4000,3903521.2110,4.5900,9.9300,0.2587,2.7110,1.6500,6.1069,6.0472,0.6660,2.3674,2.3637,34998303.3873,31924421.0777,3046381.2889,164492025.9203,150044779.0652,4.7277,4.9127,0.4693,0.4693,4.6931,9.6098
2024-09-30,4.6900,4.9000,4.5600,4.8000,0.1000,2.1300,17676902.3700,8293258.7290,4.6900,10.1400,0.5537,5.8026,3.0500,6.2368,6.1759,0.6802,2.4177,2.4140,34998303.3873,31924421.0777,3046381.2889,167991856.2590,153237221.1730,4.6292,4.8104,0.4923,0.4923,4.9232,10.0810
2024-10-08,5.0200,5.1700,4.7100,4.7600,-0.0400,-0.8300,16541298.1100,8075753.3580,4.6500,10.0600,0.5181,5.4298,1.9000,6.1848,6.1244,0.6745,2.3976,2.3939,34998303.3873,31924421.0777,3046381.2889,166591924.1235,151960244.3299,4.6681,4.8508,0.4600,0.4600,4.5996,9.4183
2024-10-09,4.7200,4.8000,4.6500,4.6700,-0.0900,-1.8900,10397871.2400,4895959.5130,4.5600,9.8700,0.3257,3.4132,0.9600,6.0679,6.0086,0.6618,2.3523,2.3486,34998303.3873,31924421.0777,3046381.2889,163442076.8187,149087046.4329,4.7580,4.9443,0.4892,0.4892,4.8919,10.0169
2024-10-10,4.6900,4.9000,4.6800,4.8200,0.1500,3.2100,10799282.6300,5189021.0700,4.7100,10.1800,0.3383,3.5450,0.9300,6.2628,6.2016,0.6830,2.4278,2.4241,34998303.3873,31924421.0777,3046381.2889,168691822.3268,153875709.5945,4.6100,4.7904,0.4923,0.4923,4.9232,10.0810
2024-10-11,4.8200,4.9400,4.7800,4.8300,0.0100,0.2100,7265854.6400,3538844.1190,4.7200,10.2100,0.2276,2.3851,0.5700,6.2758,6.2145,0.6844,2.4329,2.4291,34998303.3873,31924421.0777,3046381.2889,169041805.3607,154194953.8053,4.6004,4.7805,0.4790,0.4790,4.7905,9.8091
2024-10-14,4.9000,5.0600,4.8800,5.0300,0.2000,4.1400,9569347.9300,4771269.0850,4.9200,10.6300,0.2998,3.1412,0.7600,6.5356,6.4718,0.7128,2.5336,2.5297,34998303.3873,31924421.0777,3046381.2889,176041466.0381,160579838.0208,4.4175,4.5904,0.4712,0.4712,4.7122,9.6490
2024-10-15,5.0100,5.0500,4.9200,4.9200,-0.1100,-2.1900,5972496.7800,2973252.2250,4.8100,10.4000,0.1871,1.9605,0.5500,6.3927,6.3302,0.6972,2.4782,2.4744,34998303.3873,31924421.0777,3046381.2889,172191652.6655,157068151.7023,4.5163,4.6931,0.4609,0.4609,4.6088,9.4371
2024-10-16,4.9200,5.0400,4.9000,5.0200,0.1000,2.0300,5589521.9700,2797490.4750,4.9100,10.6100,0.1751,1.8348,0.6400,6.5226,6.4589,0.7114,2.5286,2.5246,34998303.3873,31924421.0777,3046381.2889,175691483.0042,160260593.8101,4.4263,4.5996,0.4693,0.4693,4.6931,9.6098
2024-10-17,5.0200,5.0500,4.9800,4.9800,-0.0400,-0.8000,4230908.3700,2120595.5080,4.8700,10.5200,0.1325,1.3888,0.5400,6.4707,6.4074,0.7057,2.5084,2.5045,34998303.3873,31924421.0777,3046381.2889,174291550.8688,158983616.9669,4.4618,4.6365,0.4600,0.4600,4.5996,9.4183
2024-10-18,4.9900,5.0100,4.8600,4.9600,-0.0200,-0.4000,6994598.3200,3451194.3770,4.8500,10.4800,0.2191,2.2960,1.0700,6.4447,6.3817,0.7029,2.4983,2.4945,34998303.3873,31924421.0777,3046381.2889,173591584.8010,158345128.5454,4.4798,4.6552,0.4627,0.4627,4.6273,9.4749
2024-10-21,4.9300,4.9300,4.8100,4.8400,-0.1200,-2.4200,7186844.1300,3482311.2070,4.7300,10.2300,0.2251,2.3591,1.1100,6.2888,6.2273,0.6859,2.4379,2.4341,34998303.3873,31924421.0777,3046381.2889,169391788.3945,154514198.0161,4.5909,4.7706,0.4684,0.4684,4.6836,9.5903
2024-10-22,4.8400,4.8900,4.8100,4.8600,0.0200,0.4100,4957197.6400,2399362.0950,4.7500,10.2700,0.1553,1.6272,0.8300,6.3148,6.2531,0.6887,2.4480,2.4442,34998303.3873,31924421.0777,3046381.2889,170091754.4623,155152686.4376,4.5720,4.7510,0.4771,0.4771,4.7707,9.7686
2024-10-23,4.8500,4.8700,4.8300,4.8500,-0.0100,-0.2100,3790487.7700,1837406.4980,4.7400,10.2500,0.1187,1.2443,0.6500,6.3018,6.2402,0.6873,2.4429,2.4392,34998303.3873,31924421.0777,3046381.2889,169741771.4284,154833442.2268,4.5814,4.7608,0.4761,0.4761,4.7608,9.7485
2024-10-24,4.8500,4.9000,4.8300,4.8700,0.0200,0.4100,3282840.8300,1597904.9360,4.7600,10.2900,0.1028,1.0776,0.6000,6.3277,6.2659,0.6901,2.4530,2.4492,34998303.3873,31924421.0777,3046381.2889,170441737.4962,155471930.6484,4.5626,4.7412,0.4761,0.4761,4.7608,9.7485
2024-10-25,4.8700,4.8800,4.8000,4.8200,-0.0500,-1.0300,3824150.5100,1846864.8730,4.7100,10.1800,0.1198,1.2553,0.7300,6.2628,6.2016,0.6830,2.4278,2.4241,34998303.3873,31924421.0777,3046381.2889,168691822.3268,153875709.5945,4.6100,4.7904,0.4741,0.4741,4.7413,9.7084
2024-10-28,4.8000,4.8100,4.7200,4.7600,-0.0600,-1.2400,5463791.2400,2594001.8130,4.6500,10.0600,0.1711,1.7935,1.1900,6.1848,6.1244,0.6745,2.3976,2.3939,34998303.3873,31924421.0777,3046381.2889,166591924.1235,151960244.3299,4.6681,4.8508,0.4810,0.4810,4.8104,9.8500
2024-10-29,4.7500,4.8000,4.7400,4.7900,0.0300,0.6300,4288483.7800,2047035.3440,4.6800,10.1200,0.1343,1.4077,1.0100,6.2238,6.1630,0.6788,2.4127,2.4090,34998303.3873,31924421.0777,3046381.2889,167641873.2252,152917976.9622,4.6388,4.8204,0.4861,0.4861,4.8611,9.9537
2024-10-30,4.7800,4.8000,4.7100,4.7100,-0.0800,-1.6700,3867745.5900,1831560.6860,4.6000,9.9500,0.1212,1.2696,0.9400,6.1199,6.0601,0.6674,2.3724,2.3687,34998303.3873,31924421.0777,3046381.2889,164842008.9542,150364023.2760,4.7176,4.9023,0.4831,0.4831,4.8305,9.8912
2024-10-31,4.7300,4.7700,4.7000,4.7300,0.0200,0.4200,3795837.3500,1794205.0390,4.6200,9.9900,0.1189,1.2460,0.9200,6.1458,5.9898,0.6508,2.3825,2.3592,34998303.3873,31924421.0777,3046381.2889,165541975.0219,151002511.6975,4.6977,4.8816,0.4882,0.4882,4.8816,9.9958
2024-11-01,4.7200,4.7900,4.7100,4.7800,0.0500,1.0600,4554258.0000,2169204.8040,4.6700,10.1000,0.1427,1.4950,1.0700,6.2108,6.0531,0.6577,2.4077,2.3842,34998303.3873,31924421.0777,3046381.2889,167291890.1913,152598732.7514,4.6485,4.8305,0.4892,0.4892,4.8919,10.0169
2024-11-04,4.7700,4.7900,4.7100,4.7800,0.0000,0.0000,3784116.2900,1795958.3990,4.6700,10.1000,0.1185,1.2422,0.8600,6.2108,6.0531,0.6577,2.4077,2.3842,34998303.3873,31924421.0777,3046381.2889,167291890.1913,152598732.7514,4.6485,4.8305,0.4841,0.4841,4.8407,9.9119
2024-11-05,4.7600,4.8000,4.7500,4.8000,0.0200,0.4200,3642398.6900,1741594.8870,4.6900,10.1400,0.1141,1.1956,0.9000,6.2368,6.0785,0.6604,2.4177,2.3941,34998303.3873,31924421.0777,3046381.2889,167991856.2590,153237221.1730,4.6292,4.8104,0.4851,0.4851,4.8508,9.9328
2024-11-06,4.7900,4.8100,4.7500,4.7700,-0.0300,-0.6300,3236393.0000,1545769.9380,4.6600,10.0800,0.1014,1.0624,0.8200,6.1978,6.0405,0.6563,2.4026,2.3792,34998303.3873,31924421.0777,3046381.2889,166941907.1574,152279488.5406,4.6583,4.8406,0.4820,0.4820,4.8205,9.8706
2024-11-07,4.7600,4.8000,4.7300,4.8000,0.0300,0.6300,4414664.6500,2105362.9400,4.6900,10.1400,0.1383,1.4492,1.1600,6.2368,6.0785,0.6604,2.4177,2.3941,34998303.3873,31924421.0777,3046381.2889,167991856.2590,153237221.1730,4.6292,4.8104,0.4851,0.4851,4.8508,9.9328
2024-11-08,4.7900,4.8100,4.7400,4.7600,-0.0400,-0.8300,4641518.6700,2214104.9750,4.6500,10.0600,0.1454,1.5236,1.1800,6.1848,6.0278,0.6549,2.3976,2.3742,34998303.3873,31924421.0777,3046381.2889,166591924.1235,151960244.3299,4.6681,4.8508,0.4820,0.4820,4.8205,9.8706
2024-11-11,4.7300,4.7400,4.6800,4.6900,-0.0700,-1.4700,4960115.8300,2333128.9010,4.5800,9.9100,0.1554,1.6282,1.2600,6.0939,5.9392,0.6453,2.3623,2.3393,34998303.3873,31924421.0777,3046381.2889,164142042.8864,149725534.8544,4.7377,4.9232,0.4882,0.4882,4.8816,9.9958
2024-11-12,4.6800,4.7200,4.6400,4.6500,-0.0400,-0.8500,4527653.2300,2115787.1570,4.5400,9.8300,0.1418,1.4862,1.0800,6.0419,5.8885,0.6398,2.3422,2.3193,34998303.3873,31924421.0777,3046381.2889,162742110.7509,148448558.0113,4.7785,4.9656,0.4934,0.4934,4.9338,10.1026
2024-11-13,4.6500,4.6900,4.6300,4.6600,0.0100,0.2200,3366148.9600,1569033.5640,4.5500,9.8500,0.1054,1.1050,0.7700,6.0549,5.9012,0.6412,2.3472,2.3243,34998303.3873,31924421.0777,3046381.2889,163092093.7848,148767802.2221,4.7682,4.9549,0.4966,0.4966,4.9656,10.1677
2024-11-14,4.6500,4.7200,4.6400,4.6900,0.0300,0.6400,4517015.8800,2121665.7750,4.5800,9.9100,0.1415,1.4827,1.0300,6.0939,5.9392,0.6453,2.3623,2.3393,34998303.3873,31924421.0777,3046381.2889,164142042.8864,149725534.8544,4.7377,4.9232,0.4966,0.4966,4.9656,10.1677
2024-11-15,4.6900,4.7500,4.6500,4.7000,0.0100,0.2100,5136855.5700,2421716.4450,4.5900,9.9300,0.1609,1.6862,1.1700,6.1069,5.9518,0.6467,2.3674,2.3443,34998303.3873,31924421.0777,3046381.2889,164492025.9203,150044779.0652,4.7277,4.9127,0.4923,0.4923,4.9232,10.0810
2024-11-18,4.7200,4.8300,4.7200,4.8000,0.1000,2.1300,7050667.8900,3377855.4590,4.6900,10.1400,0.2209,2.3144,1.5700,6.2368,6.0785,0.6604,2.4177,2.3941,34998303.3873,31924421.0777,3046381.2889,167991856.2590,153237221.1730,4.6292,4.8104,0.4892,0.4892,4.8919,10.0169
2024-11-19,4.8000,4.8200,4.7000,4.7500,-0.0500,-1.0400,5684594.7200,2708267.1650,4.6400,10.0400,0.1781,1.8660,1.1600,6.1718,6.0152,0.6535,2.3926,2.3692,34998303.3873,31924421.0777,3046381.2889,166241941.0897,151641000.1191,4.6779,4.8610,0.4810,0.4810,4.8104,9.8500
2024-11-20,4.7400,4.7900,4.7300,4.7700,0.0200,0.4200,3619546.3000,1725711.3170,4.6600,10.0800,0.1134,1.1881,0.7000,6.1978,6.0405,0.6563,2.4026,2.3792,34998303.3873,31924421.0777,3046381.2889,166941907.1574,152279488.5406,4.6583,4.8406,0.4871,0.4871,4.8713,9.9747
2024-11-21,4.7600,4.7800,4.7500,4.7700,0.0000,0.0000,2186033.0000,1041078.3050,4.6600,10.0800,0.0685,0.7176,0.4200,6.1978,6.0405,0.6563,2.4026,2.3792,34998303.3873,31924421.0777,3046381.2889,166941907.1574,152279488.5406,4.6583,4.8406,0.4851,0.4851,4.8508,9.9328
2024-11-22,4.7700,4.7900,4.7000,4.7000,-0.0700,-1.4700,3192658.0000,1513295.0000,4.5900,9.9300,0.1000,1.0480,0.6700,6.1069,5.9518,0.6467,2.3674,2.3443,34998303.3873,31924421.0777,3046381.2889,164492025.9203,150044779.0652,4.7277,4.9127,0.4841,0.4841,4.8407,9.9119
2024-11-25,4.7200,4.7500,4.7000,4.7300,0.0300,0.6400,3310716.0000,1567610.8870,4.6200,9.9900,0.1037,1.0868,0.7600,6.1458,5.9898,0.6508,2.3825,2.3592,34998303.3873,31924421.0777,3046381.2889,165541975.0219,151002511.6975,4.6977,4.8816,0.4892,0.4892,4.8919,10.0169
2024-11-26,4.7300,4.8300,4.7100,4.8100,0.0800,1.6900,5055429.0000,2416670.3030,4.7000,10.1600,0.1584,1.6595,1.4000,6.2498,6.0911,0.6618,2.4228,2.3991,34998303.3873,31924421.0777,3046381.2889,168341839.2929,153556465.3837,4.6195,4.8004,0.4882,0.4882,4.8816,9.9958
2024-11-27,4.8000,4.8600,4.7900,4.8300,0.0200,0.4200,4272565.8500,2060642.4170,4.7200,10.2100,0.1338,1.4025,1.2300,6.2758,6.1165,0.6645,2.4329,2.4091,34998303.3873,31924421.0777,3046381.2889,169041805.3607,154194953.8053,4.6004,4.7805,0.4810,0.4810,4.8104,9.8500
2024-11-28,4.8200,4.8700,4.7900,4.8500,0.0200,0.4100,4014822.7000,1945257.3500,4.7400,10.2500,0.1258,1.3179,1.1100,6.3018,6.1418,0.6673,2.4429,2.4191,34998303.3873,31924421.0777,3046381.2889,169741771.4284,154833442.2268,4.5814,4.7608,0.4790,0.4790,4.7905,9.8091
2024-11-29,4.8700,4.8800,4.8000,4.8100,-0.0400,-0.8200,4284121.5900,2073798.8010,4.7000,10.1600,0.1342,1.4063,1.0800,6.2498,6.0911,0.6618,2.4228,2.3991,34998303.3873,31924421.0777,3046381.2889,168341839.2929,153556465.3837,4.6195,4.8004,0.4741,0.4741,4.7413,9.7084
2024-12-02,4.8200,4.8200,4.7700,4.8200,0.0100,0.2100,3545076.9300,1701339.2340,4.7100,10.1800,0.1110,1.1637,0.8500,6.2628,6.1038,0.6632,2.4278,2.4041,34998303.3873,31924421.0777,3046381.2889,168691822.3268,153875709.5945,4.6100,4.7904,0.4790,0.4790,4.7905,9.8091
2024-12-03,4.8100,4.8900,4.8100,4.8900,0.0700,1.4500,4676731.4000,2271131.5140,4.7800,10.3300,0.1465,1.5352,1.1000,6.3537,6.1924,0.6728,2.4631,2.4390,34998303.3873,31924421.0777,3046381.2889,171141703.5639,156110419.0700,4.5440,4.7219,0.4800,0.4800,4.8004,9.8295
2024-12-04,4.8900,4.9300,4.8600,4.9100,0.0200,0.4100,3806477.8100,1865150.8320,4.8000,10.3700,0.1192,1.2495,0.9200,6.3797,6.2178,0.6756,2.4732,2.4490,34998303.3873,31924421.0777,3046381.2889,171841669.6316,156748907.4915,4.5255,4.7026,0.4722,0.4722,4.7219,9.6687
2024-12-05,4.9000,4.9500,4.9000,4.9200,0.0100,0.2000,2779118.0200,1367102.0740,4.8100,10.4000,0.0871,0.9123,0.6800,6.3927,6.2304,0.6769,2.4782,2.4540,34998303.3873,31924421.0777,3046381.2889,172191652.6655,157068151.7023,4.5163,4.6931,0.4712,0.4712,4.7122,9.6490
2024-12-06,4.9200,5.0000,4.9100,4.9500,0.0300,0.6100,5104518.4900,2532918.1320,4.8400,10.4600,0.1599,1.6756,1.3400,6.4317,6.2684,0.6811,2.4933,2.4689,34998303.3873,31924421.0777,3046381.2889,173241601.7671,158025884.3346,4.4889,4.6646,0.4693,0.4693,4.6931,9.6098
2024-12-09,4.9500,5.0500,4.9200,5.0100,0.0600,1.2100,5055622.3600,2528957.6990,4.9000,10.5900,0.1584,1.6596,1.2700,6.5097,6.3444,0.6893,2.5235,2.4989,34998303.3873,31924421.0777,3046381.2889,175341499.9704,159941349.5993,4.4351,4.6088,0.4665,0.4665,4.6646,9.5515
2024-12-10,5.0400,5.0800,4.9700,5.0500,0.0400,0.8000,6229465.5800,3126319.1080,4.9300,10.6700,0.1951,2.0449,1.4500,6.5616,6.3951,0.6948,2.5437,2.5188,34998303.3873,31924421.0777,3046381.2889,176741432.1059,161218326.4424,4.4000,4.5722,0.4581,0.4581,4.5813,9.3810
2024-12-11,5.0400,5.0700,4.9700,4.9700,-0.0800,-1.5800,4695042.6600,2350122.0210,4.8600,10.5000,0.1471,1.5412,1.0200,6.4577,6.2937,0.6838,2.5034,2.4789,34998303.3873,31924421.0777,3046381.2889,173941567.8349,158664372.7562,4.4708,4.6458,0.4581,0.4581,4.5813,9.3810
2024-12-12,4.9800,5.0300,4.9400,5.0300,0.0600,1.2100,4199125.0000,2098175.0810,4.9200,10.6300,0.1315,1.3784,0.8800,6.5356,6.3697,0.6921,2.5336,2.5088,34998303.3873,31924421.0777,3046381.2889,176041466.0381,160579838.0208,4.4175,4.5904,0.4637,0.4637,4.6365,9.4940
2024-12-13,5.0100,5.0400,4.9800,5.0000,-0.0300,-0.6000,4875659.6800,2442767.7590,4.8900,10.5600,0.1527,1.6005,0.9600,6.4967,6.3317,0.6879,2.5185,2.4939,34998303.3873,31924421.0777,3046381.2889,174991516.9365,159622105.3885,4.4440,4.6180,0.4609,0.4609,4.6088,9.4371
2024-12-16,4.9900,5.1400,4.9900,5.1100,0.1100,2.2000,5667160.8300,2881011.7810,4.9900,10.8000,0.1775,1.8603,1.1300,6.6396,6.4710,0.7031,2.5739,2.5488,34998303.3873,31924421.0777,3046381.2889,178841330.3091,163133791.7070,4.3483,4.5186,0.4627,0.4627,4.6273,9.4749
2024-12-17,5.1100,5.2000,5.0900,5.1000,-0.0100,-0.2000,4282423.9400,2200438.0550,4.9800,10.7800,0.1341,1.4057,0.8300,6.6266,6.4584,0.7017,2.5689,2.5438,34998303.3873,31924421.0777,3046381.2889,178491347.2752,162814547.4963,4.3569,4.5274,0.4519,0.4519,4.5186,9.2524
2024-12-18,5.1200,5.1900,5.0800,5.1000,0.0000,0.0000,5445083.2500,2789248.9050,4.9800,10.7800,0.1706,1.7874,1.1500,6.6266,6.4584,0.7017,2.5689,2.5438,34998303.3873,31924421.0777,3046381.2889,178491347.2752,162814547.4963,4.3569,4.5274,0.4510,0.4510,4.5098,9.2344
2024-12-19,5.1000,5.1100,5.0300,5.0400,-0.0600,-1.1800,4821700.2100,2441451.6210,4.9300,10.6500,0.1510,1.5828,0.9900,6.5486,6.3824,0.6934,2.5386,2.5138,34998303.3873,31924421.0777,3046381.2889,176391449.0720,160899082.2316,4.4087,4.5813,0.4527,0.4527,4.5275,9.2706
2024-12-20,5.0400,5.1000,5.0300,5.0400,0.0000,0.0000,5047986.1500,2551785.3250,4.9300,10.6500,0.1581,1.6570,1.0100,6.5486,6.3824,0.6934,2.5386,2.5138,34998303.3873,31924421.0777,3046381.2889,176391449.0720,160899082.2316,4.4087,4.5813,0.4581,0.4581,4.5813,9.3810
2024-12-23,5.0500,5.2000,5.0400,5.1900,0.1500,2.9800,6959877.3300,3585169.5170,5.0700,10.9700,0.2180,2.2846,1.3800,6.7435,6.5723,0.7141,2.6142,2.5887,34998303.3873,31924421.0777,3046381.2889,181641194.5801,165687745.3933,4.2813,4.4489,0.4572,0.4572,4.5723,9.3624
2024-12-24,5.1800,5.2600,5.1500,5.2500,0.0600,1.1600,4329040.7600,2256538.3870,5.1300,11.0900,0.1356,1.4210,0.8200,6.8215,6.6483,0.7223,2.6444,2.6186,34998303.3873,31924421.0777,3046381.2889,183741092.7833,167603210.6579,4.2324,4.3981,0.4458,0.4458,4.4575,9.1274
2024-12-25,5.2600,5.4200,5.2500,5.3100,0.0600,1.1400,5665600.0100,3014540.7170,5.1900,11.2200,0.1775,1.8598,1.0600,6.8995,6.7243,0.7306,2.6746,2.6485,34998303.3873,31924421.0777,3046381.2889,185840990.9866,169518675.9226,4.1846,4.3484,0.4390,0.4390,4.3897,8.9886
2024-12-26,5.3100,5.3300,5.2100,5.3000,-0.0100,-0.1900,4301401.2700,2265639.3620,5.1800,11.2000,0.1347,1.4120,0.8000,6.8865,6.7116,0.7292,2.6696,2.6435,34998303.3873,31924421.0777,3046381.2889,185491007.9527,169199431.7118,4.1925,4.3566,0.4348,0.4348,4.3484,8.9040
2024-12-27,5.2800,5.3300,5.1600,5.3100,0.0100,0.1900,5136807.1300,2697504.3990,5.1900,11.2200,0.1609,1.6862,0.9800,6.8995,6.7243,0.7306,2.6746,2.6485,34998303.3873,31924421.0777,3046381.2889,185840990.9866,169518675.9226,4.1846,4.3484,0.4373,0.4373,4.3731,8.9545
2024-12-30,5.2900,5.3900,5.2800,5.3700,0.0600,1.1300,4207177.1300,2249306.8050,5.2500,11.3500,0.1318,1.3810,0.8000,6.9774,6.8003,0.7388,2.7049,2.6784,34998303.3873,31924421.0777,3046381.2889,187940889.1898,171434141.1872,4.1378,4.2998,0.4365,0.4365,4.3648,8.9376
2024-12-31,5.3700,5.4400,5.3400,5.3400,-0.0300,-0.5600,4630191.0100,2495023.1670,5.2200,11.2800,0.1450,1.5199,0.9800,6.9384,6.7623,0.7347,2.6897,2.6635,34998303.3873,31924421.0777,3046381.2889,186890940.0882,170476408.5549,4.1610,4.3239,0.4300,0.4300,4.2998,8.8045
2025-01-02,5.3400,5.4000,5.1700,5.2000,-0.1400,-2.6200,6404374.4500,3368830.3510,5.0800,10.9900,0.2006,2.1023,1.3400,6.7565,6.5850,0.7155,2.6192,2.5936,34998303.3873,31924421.0777,3046381.2889,181991177.6140,166006989.6040,4.4404,4.4404,0.4530,0.4530,4.5300,4.5300
2025-01-03,5.1900,5.2300,5.1000,5.1500,-0.0500,-0.9600,5330975.6900,2745987.0630,5.0300,10.8800,0.1670,1.7499,1.0800,6.6916,6.5217,0.7086,2.5940,2.5687,34998303.3873,31924421.0777,3046381.2889,180241262.4446,164410768.5502,4.4835,4.4835,0.4661,0.4661,4.6609,4.6609
2025-01-06,5.1600,5.2100,5.0500,5.1900,0.0400,0.7800,4945205.5800,2545070.4990,5.0700,10.9700,0.1549,1.6233,0.9600,6.7435,6.5723,0.7141,2.6142,2.5887,34998303.3873,31924421.0777,3046381.2889,181641194.5801,165687745.3933,4.4489,4.4489,0.4688,0.4688,4.6880,4.6880
2025-01-07,5.1700,5.2600,5.1200,5.2600,0.0700,1.3500,5267161.7000,2733842.0790,5.1400,11.1100,0.1650,1.7290,1.0300,6.8345,6.6610,0.7237,2.6494,2.6236,34998303.3873,31924421.0777,3046381.2889,184091075.8172,167922454.8687,4.3897,4.3897,0.4679,0.4679,4.6789,4.6789
2025-01-08,5.1600,5.2400,5.1400,5.1800,-0.0800,-1.5200,5331964.1100,2763161.8060,5.1800,11.2000,0.1670,1.7503,1.0000,6.7305,6.5597,0.7243,2.6092,2.5837,34998303.3873,31924421.0777,3046381.2889,181291211.5462,165368501.1825,4.4575,6.7046,0.4688,0.4688,4.6880,4.6880
2025-01-09,5.1800,5.2000,5.0900,5.1400,-0.0400,-0.7700,4047900.0000,2081123.6390,5.1400,11.1100,0.1268,1.3288,0.7400,6.6786,6.5090,0.7187,2.5890,2.5637,34998303.3873,31924421.0777,3046381.2889,179891279.4107,164091524.3394,4.4922,6.7568,0.4670,0.4670,4.6699,4.6699
2025-01-10,5.1400,5.1700,5.0600,5.1000,-0.0400,-0.7800,3544959.9900,1811152.3180,5.1000,11.0300,0.1110,1.1637,0.7100,6.6266,6.4584,0.7131,2.5689,2.5438,34998303.3873,31924421.0777,3046381.2889,178491347.2752,162814547.4963,4.5274,6.8098,0.4706,0.4706,4.7062,4.7062
2025-01-13,5.0800,5.1000,4.9600,5.0300,-0.0700,-1.3700,4287159.4000,2153668.6070,5.0300,10.8800,0.1343,1.4073,0.9300,6.5356,6.3697,0.7033,2.5336,2.5088,34998303.3873,31924421.0777,3046381.2889,176041466.0381,160579838.0208,4.5904,6.9045,0.4762,0.4762,4.7618,4.7618
2025-01-14,5.0200,5.1000,5.0100,5.0500,0.0200,0.4000,4564823.4000,2306057.8980,5.0500,10.9200,0.1430,1.4984,1.0200,6.5616,6.3951,0.7061,2.5437,2.5188,34998303.3873,31924421.0777,3046381.2889,176741432.1059,161218326.4424,4.5722,6.8772,0.4819,0.4819,4.8187,4.8187
2025-01-15,5.0500,5.1600,5.0400,5.0700,0.0200,0.4000,4742621.2700,2420481.9970,5.0700,10.9600,0.1486,1.5568,1.0900,6.5876,6.4204,0.7089,2.5537,2.5288,34998303.3873,31924421.0777,3046381.2889,177441398.1736,161856814.8639,4.5542,6.8501,0.4790,0.4790,4.7901,4.7901
2025-01-16,5.0900,5.1200,5.0400,5.1000,0.0300,0.5900,3517482.6100,1787483.5070,5.1000,11.0300,0.1102,1.1546,0.8300,6.6266,6.4584,0.7131,2.5689,2.5438,34998303.3873,31924421.0777,3046381.2889,178491347.2752,162814547.4963,4.5274,6.8098,0.4752,0.4752,4.7525,4.7525
2025-01-17,5.0800,5.1100,5.0400,5.0500,-0.0500,-0.9800,3396981.9200,1721481.4360,5.0500,10.9200,0.1064,1.1151,0.8200,6.5616,6.3951,0.7061,2.5437,2.5188,34998303.3873,31924421.0777,3046381.2889,176741432.1059,161218326.4424,4.5722,6.8772,0.4762,0.4762,4.7618,4.7618
2025-01-20,5.0600,5.0700,5.0000,5.0100,-0.0400,-0.7900,3489046.9400,1752911.6010,5.0100,10.8300,0.1093,1.1453,0.8500,6.5097,6.3444,0.7005,2.5235,2.4989,34998303.3873,31924421.0777,3046381.2889,175341499.9704,159941349.5993,4.6088,6.9321,0.4781,0.4781,4.7806,4.7806
2025-01-21,5.0200,5.0500,4.9700,5.0100,0.0000,0.0000,3074393.9600,1541776.2820,5.0100,10.8300,0.0963,1.0092,0.7800,6.5097,6.3444,0.7005,2.5235,2.4989,34998303.3873,31924421.0777,3046381.2889,175341499.9704,159941349.5993,4.6088,6.9321,0.4819,0.4819,4.8187,4.8187
2025-01-22,5.0100,5.0200,4.9000,4.9300,-0.0800,-1.6000,4745271.0200,2347048.7930,4.9300,10.6600,0.1486,1.5577,1.3000,6.4057,6.2431,0.6893,2.4832,2.4590,34998303.3873,31924421.0777,3046381.2889,172541635.6994,157387395.9131,4.6835,7.0446,0.4828,0.4828,4.8283,4.8283
2025-01-23,4.9400,5.0800,4.9400,5.0600,0.1300,2.6400,6564899.4300,3305326.8600,5.0600,10.9400,0.2056,2.1550,1.8000,6.5746,6.4077,0.7075,2.5487,2.5238,34998303.3873,31924421.0777,3046381.2889,177091415.1397,161537570.6532,4.5632,6.8636,0.4897,0.4897,4.8968,4.8968
2025-01-24,5.0500,5.0800,4.9700,5.0400,-0.0200,-0.4000,4276489.3800,2152748.0960,5.0400,10.9000,0.1340,1.4038,1.0100,6.5486,6.3824,0.7047,2.5386,2.5138,34998303.3873,31924421.0777,3046381.2889,176391449.0720,160899082.2316,4.5813,6.8908,0.4790,0.4790,4.7901,4.7901
2025-01-27,5.0400,5.2000,5.0400,5.1600,0.1200,2.3800,5647885.5200,2902113.5700,5.1600,11.1600,0.1769,1.8540,1.2700,6.7046,6.5344,0.7215,2.5991,2.5737,34998303.3873,31924421.0777,3046381.2889,180591245.4785,164730012.7609,4.4748,6.7306,0.4800,0.4800,4.7996,4.7996
2025-02-05,5.1700,5.1900,5.0400,5.0500,-0.1100,-2.1300,4994575.9500,2537287.3310,5.0500,10.9200,0.1565,1.6395,1.0300,6.5616,6.3951,0.7061,2.5437,2.5188,34998303.3873,31924421.0777,3046381.2889,176741432.1059,161218326.4424,4.5722,6.8772,0.4679,0.4679,4.6789,4.6789
2025-02-06,5.0500,5.0800,5.0100,5.0400,-0.0100,-0.2000,3486912.3900,1755583.0160,5.0400,10.9000,0.1092,1.1446,0.6600,6.5486,6.3824,0.7047,2.5386,2.5138,34998303.3873,31924421.0777,3046381.2889,176391449.0720,160899082.2316,4.5813,6.8908,0.4790,0.4790,4.7901,4.7901
2025-02-07,5.0300,5.0400,4.9800,5.0200,-0.0200,-0.4000,4760287.4100,2383650.9270,5.0200,10.8500,0.1491,1.5626,0.9500,6.5226,6.3571,0.7019,2.5286,2.5039,34998303.3873,31924421.0777,3046381.2889,175691483.0042,160260593.8101,4.5996,6.9183,0.4809,0.4809,4.8091,4.8091
2025-02-10,5.0200,5.0500,4.9900,5.0200,0.0000,0.0000,3283176.5100,1649828.1190,5.0200,10.8500,0.1028,1.0777,0.7100,6.5226,6.3571,0.7019,2.5286,2.5039,34998303.3873,31924421.0777,3046381.2889,175691483.0042,160260593.8101,4.5996,6.9183,0.4819,0.4819,4.8187,4.8187
2025-02-11,5.0200,5.1100,5.0100,5.1100,0.0900,1.7900,4821723.4200,2450542.4610,5.1100,11.0500,0.1510,1.5828,1.0900,6.6396,6.4710,0.7145,2.5739,2.5488,34998303.3873,31924421.0777,3046381.2889,178841330.3091,163133791.7070,4.5186,6.7964,0.4819,0.4819,4.8187,4.8187
2025-02-12,5.1100,5.1500,5.0700,5.1400,0.0300,0.5900,3808088.3700,1947113.7790,5.1400,11.1100,0.1193,1.2500,0.8900,6.6786,6.5090,0.7187,2.5890,2.5637,34998303.3873,31924421.0777,3046381.2889,179891279.4107,164091524.3394,4.4922,6.7568,0.4734,0.4734,4.7339,4.7339
2025-02-13,5.1200,5.1900,5.1100,5.1600,0.0200,0.3900,3777676.2800,1951630.2550,5.1600,11.1600,0.1183,1.2401,0.9400,6.7046,6.5344,0.7215,2.5991,2.5737,34998303.3873,31924421.0777,3046381.2889,180591245.4785,164730012.7609,4.4748,6.7306,0.4725,0.4725,4.7246,4.7246
2025-02-14,5.1700,5.2100,5.1400,5.2100,0.0500,0.9700,3599212.9600,1862561.7610,5.2100,11.2700,0.1127,1.1815,0.8800,6.7695,6.5977,0.7285,2.6243,2.5986,34998303.3873,31924421.0777,3046381.2889,182341160.6478,166326233.8148,4.4318,6.6660,0.4679,0.4679,4.6789,4.6789
2025-02-17,5.2000,5.2500,5.1500,5.2400,0.0300,0.5800,3930422.3800,2045429.6810,5.2400,11.3300,0.1231,1.2902,1.0200,6.8085,6.6357,0.7327,2.6394,2.6136,34998303.3873,31924421.0777,3046381.2889,183391109.7495,167283966.4471,4.4065,6.6278,0.4652,0.4652,4.6519,4.6519
2025-02-18,5.2300,5.3300,5.2200,5.2900,0.0500,0.9500,4592009.6700,2430271.4690,5.2900,11.4400,0.1438,1.5074,1.1500,6.8735,6.6990,0.7397,2.6646,2.6385,34998303.3873,31924421.0777,3046381.2889,185141024.9188,168880187.5010,4.3648,6.5652,0.4625,0.4625,4.6252,4.6252
2025-02-19,5.2800,5.3100,5.2500,5.2500,-0.0400,-0.7600,3505724.8300,1848642.9000,5.2500,11.3500,0.1098,1.1508,0.8900,6.8215,6.6483,0.7341,2.6444,2.6186,34998303.3873,31924421.0777,3046381.2889,183741092.7833,167603210.6579,4.3981,6.6152,0.4581,0.4581,4.5814,4.5814
2025-02-20,5.2500,5.3000,5.2400,5.2700,0.0200,0.3800,2575061.2700,1357245.2080,5.2700,11.4000,0.0807,0.8453,0.6600,6.8475,6.6737,0.7369,2.6545,2.6286,34998303.3873,31924421.0777,3046381.2889,184441058.8511,168241699.0795,4.3814,6.5901,0.4608,0.4608,4.6076,4.6076
2025-02-21,5.2700,5.2800,5.1700,5.1800,-0.0900,-1.7100,4947170.3300,2578359.1160,5.1800,11.2000,0.1550,1.6239,1.3600,6.7305,6.5597,0.7243,2.6092,2.5837,34998303.3873,31924421.0777,3046381.2889,181291211.5462,165368501.1825,4.4575,6.7046,0.4590,0.4590,4.5901,4.5901
2025-02-24,5.1600,5.1900,5.1100,5.1400,-0.0400,-0.7700,4382258.5500,2255477.7430,5.1400,11.1100,0.1373,1.4385,1.1200,6.6786,6.5090,0.7187,2.5890,2.5637,34998303.3873,31924421.0777,3046381.2889,179891279.4107,164091524.3394,4.4922,6.7568,0.4688,0.4688,4.6880,4.6880
2025-02-25,5.1400,5.1700,5.1000,5.1100,-0.0300,-0.5800,4131691.7100,2117910.8250,5.1100,11.0500,0.1294,1.3563,1.0300,6.6396,6.4710,0.7145,2.5739,2.5488,34998303.3873,31924421.0777,3046381.2889,178841330.3091,163133791.7070,4.5186,6.7964,0.4706,0.4706,4.7062,4.7062
2025-02-26,5.1100,5.1900,5.1100,5.1200,0.0100,0.2000,4490481.9000,2309036.5640,5.1200,11.0700,0.1407,1.4740,1.1500,6.6526,6.4837,0.7159,2.5789,2.5537,34998303.3873,31924421.0777,3046381.2889,179191313.3430,163453035.9178,4.5097,6.7832,0.4734,0.4734,4.7339,4.7339
2025-02-27,5.1200,5.1800,5.0800,5.1600,0.0400,0.7800,4297279.5400,2204493.6280,5.1600,11.1600,0.1346,1.4106,1.0500,6.7046,6.5344,0.7215,2.5991,2.5737,34998303.3873,31924421.0777,3046381.2889,180591245.4785,164730012.7609,4.4748,6.7306,0.4725,0.4725,4.7246,4.7246
2025-02-28,5.1500,5.2000,5.1300,5.1300,-0.0300,-0.5800,5264313.6600,2719745.6300,5.1300,11.0900,0.1649,1.7281,1.1800,6.6656,6.4964,0.7173,2.5840,2.5587,34998303.3873,31924421.0777,3046381.2889,179541296.3768,163772280.1286,4.5009,6.7699,0.4697,0.4697,4.6971,4.6971
2025-03-03,5.1400,5.1600,5.0800,5.1100,-0.0200,-0.3900,4551973.1100,2324643.4860,5.1100,11.0500,0.1426,1.4942,1.0100,6.6396,6.4710,0.7145,2.5739,2.5488,34998303.3873,31924421.0777,3046381.2889,178841330.3091,163133791.7070,4.5186,6.7964,0.4706,0.4706,4.7062,4.7062
2025-03-04,5.1100,5.1300,5.0700,5.0800,-0.0300,-0.5900,4142611.9300,2109785.9510,5.0800,10.9800,0.1298,1.3598,0.9100,6.6006,6.4330,0.7103,2.5588,2.5338,34998303.3873,31924421.0777,3046381.2889,177791381.2075,162176059.0747,4.5452,6.8366,0.4734,0.4734,4.7339,4.7339
2025-03-05,5.0800,5.2000,5.0600,5.1600,0.0800,1.5700,6320382.9200,3250651.7020,5.1600,11.1600,0.1980,1.9926,1.3900,6.7046,6.5344,0.7215,2.5991,2.5737,34998303.3873,31924421.0777,3171924.7589,180591245.4785,164730012.7609,4.4748,6.7306,0.4762,0.4762,4.7618,4.7618
2025-03-06,5.1500,5.1600,5.1000,5.1100,-0.0500,-0.9700,6063525.3200,3101279.4050,5.1100,11.0500,0.1899,1.9116,1.2300,6.6396,6.4710,0.7145,2.5739,2.5488,34998303.3873,31924421.0777,3171924.7589,178841330.3091,163133791.7070,4.5186,6.7964,0.4697,0.4697,4.6971,4.6971
2025-03-07,5.1100,5.1300,5.0900,5.1000,-0.0100,-0.2000,3636986.8100,1856290.6330,5.1000,11.0300,0.1139,1.1466,0.6900,6.6266,6.4584,0.7131,2.5689,2.5438,34998303.3873,31924421.0777,3171924.7589,178491347.2752,162814547.4963,4.5274,6.8098,0.4734,0.4734,4.7339,4.7339
2025-03-10,5.1000,5.1100,5.0400,5.0600,-0.0400,-0.7800,4715746.2400,2388029.5860,5.0600,10.9400,0.1477,1.4867,0.9500,6.5746,6.4077,0.7075,2.5487,2.5238,34998303.3873,31924421.0777,3171924.7589,177091415.1397,161537570.6532,4.5632,6.8636,0.4743,0.4743,4.7431,4.7431
2025-03-11,5.0500,5.0900,5.0400,5.0900,0.0300,0.5900,4339330.6000,2197131.2780,5.0900,11.0100,0.1359,1.3680,0.8700,6.6136,6.4457,0.7117,2.5638,2.5388,34998303.3873,31924421.0777,3171924.7589,178141364.2414,162495303.2855,4.5363,6.8232,0.4790,0.4790,4.7901,4.7901
2025-03-12,5.0700,5.0800,5.0300,5.0500,-0.0400,-0.7900,4136446.7200,2085780.9180,5.0500,10.9200,0.1296,1.3041,0.8200,6.5616,6.3951,0.7061,2.5437,2.5188,34998303.3873,31924421.0777,3171924.7589,176741432.1059,161218326.4424,4.5722,6.8772,0.4771,0.4771,4.7712,4.7712
2025-03-13,5.0500,5.1000,5.0400,5.0800,0.0300,0.5900,3835347.0000,1948207.1960,5.0800,10.9800,0.1201,1.2092,0.8400,6.6006,6.4330,0.7103,2.5588,2.5338,34998303.3873,31924421.0777,3171924.7589,177791381.2075,162176059.0747,4.5452,6.8366,0.4790,0.4790,4.7901,4.7901
2025-03-14,5.0900,5.1200,5.0800,5.0900,0.0100,0.2000,5176360.3100,2639636.0940,5.0900,11.0100,0.1621,1.6319,1.2500,6.6136,6.4457,0.7117,2.5638,2.5388,34998303.3873,31924421.0777,3171924.7589,178141364.2414,162495303.2855,4.5363,6.8232,0.4752,0.4752,4.7525,4.7525
2025-03-17,5.1000,5.1400,5.0900,5.1300,0.0400,0.7900,3804463.7300,1948775.5110,5.1300,11.0900,0.1192,1.1994,0.8600,6.6656,6.4964,0.7173,2.5840,2.5587,34998303.3873,31924421.0777,3171924.7589,179541296.3768,163772280.1286,4.5009,6.7699,0.4743,0.4743,4.7431,4.7431
2025-03-18,5.1400,5.1400,5.1100,5.1200,-0.0100,-0.1900,2738082.7000,1403313.3470,5.1200,11.0700,0.0858,0.8632,0.6400,6.6526,6.4837,0.7159,2.5789,2.5537,34998303.3873,31924421.0777,3171924.7589,179191313.3430,163453035.9178,4.5097,6.7832,0.4706,0.4706,4.7062,4.7062
2025-03-19,5.1300,5.1800,5.1200,5.1700,0.0500,0.9800,4235753.4100,2185952.5850,5.1700,11.1800,0.1327,1.3354,1.0800,6.7175,6.5470,0.7229,2.6041,2.5787,34998303.3873,31924421.0777,3171924.7589,180941228.5123,165049256.9717,4.4661,6.7176,0.4715,0.4715,4.7154,4.7154
2025-03-20,5.1700,5.1900,5.1300,5.1400,-0.0300,-0.5800,2890629.7200,1487461.8420,5.1400,11.1100,0.0905,0.9113,0.7300,6.6786,6.5090,0.7187,2.5890,2.5637,34998303.3873,31924421.0777,3171924.7589,179891279.4107,164091524.3394,4.4922,6.7568,0.4679,0.4679,4.6789,4.6789
2025-03-21,5.1400,5.1500,5.0800,5.0900,-0.0500,-0.9700,3336366.6000,1704161.1310,5.0900,11.0100,0.1045,1.0518,0.8900,6.6136,6.4457,0.7117,2.5638,2.5388,34998303.3873,31924421.0777,3171924.7589,178141364.2414,162495303.2855,4.5363,6.8232,0.4706,0.4706,4.7062,4.7062
2025-03-24,5.0900,5.1500,5.0800,5.1400,0.0500,0.9800,3894007.5200,1997091.5180,5.1400,11.1100,0.1220,1.2276,1.1400,6.6786,6.5090,0.7187,2.5890,2.5637,34998303.3873,31924421.0777,3171924.7589,179891279.4107,164091524.3394,4.4922,6.7568,0.4752,0.4752,4.7525,4.7525
2025-03-25,5.1500,5.1700,5.1400,5.1700,0.0300,0.5800,2561609.8000,1321135.1700,5.1700,11.1800,0.0802,0.8076,0.7500,6.7175,6.5470,0.7229,2.6041,2.5787,34998303.3873,31924421.0777,3171924.7589,180941228.5123,165049256.9717,4.4661,6.7176,0.4697,0.4697,4.6971,4.6971
2025-03-26,5.1700,5.1700,5.1300,5.1500,-0.0200,-0.3900,2525386.3200,1301188.6910,5.1500,11.1400,0.0791,0.7962,0.7500,6.6916,6.5217,0.7201,2.5940,2.5687,34998303.3873,31924421.0777,3171924.7589,180241262.4446,164410768.5502,4.4835,6.7437,0.4679,0.4679,4.6789,4.6789
2025-03-27,5.1500,5.2000,5.1400,5.1500,0.0000,0.0000,3514142.0200,1815696.0220,5.1500,11.1400,0.1101,1.1079,1.1600,6.6916,6.5217,0.7201,2.5940,2.5687,34998303.3873,31924421.0777,3171924.7589,180241262.4446,164410768.5502,4.4835,6.7437,0.4697,0.4697,4.6971,4.6971
2025-03-28,5.1400,5.1500,5.1000,5.1000,-0.0500,-0.9700,3156481.7200,1613748.6470,5.1000,11.0300,0.0989,0.9951,1.0000,6.6266,6.4584,0.7131,2.5689,2.5438,34998303.3873,31924421.0777,3171924.7589,178491347.2752,162814547.4963,4.5274,6.8098,0.4706,0.4706,4.7062,4.7062
2025-03-31,5.1300,5.1900,5.1000,5.1800,0.0800,1.5700,5601122.9700,2891701.2970,5.1800,11.2000,0.1754,1.7658,1.7900,6.4269,6.4269,0.6997,2.5514,2.5514,34998303.3873,31924421.0777,3171924.7589,181291211.5462,165368501.1825,4.4575,6.7046,0.4715,0.4715,4.7154,4.7154
2025-04-01,5.1700,5.1800,5.1000,5.1300,-0.0500,-0.9700,4794328.3800,2458033.2370,5.1300,11.0900,0.1502,1.5115,1.3800,6.3648,6.3648,0.6930,2.5268,2.5268,34998303.3873,31924421.0777,3171924.7589,179541296.3768,163772280.1286,4.5009,6.7699,0.4679,0.4679,4.6789,4.6789
2025-04-02,5.1200,5.1800,5.1200,5.1700,0.0400,0.7800,3860854.1500,1989944.9500,5.1700,11.1800,0.1209,1.2172,0.9900,6.4145,6.4145,0.6984,2.5465,2.5465,34998303.3873,31924421.0777,3171924.7589,180941228.5123,165049256.9717,4.4661,6.7176,0.4725,0.4725,4.7246,4.7246
2025-04-03,5.1600,5.2200,5.1500,5.2200,0.0500,0.9700,5004421.8900,2597099.7110,5.2200,11.2900,0.1568,1.5777,1.2000,6.4765,6.4765,0.7052,2.5711,2.5711,34998303.3873,31924421.0777,3171924.7589,182691143.6817,166645478.0256,4.4233,6.6532,0.4688,0.4688,4.6880,4.6880
2025-04-07,5.1600,5.1700,4.9200,5.0300,-0.1900,-3.6400,10993627.4900,5559714.2730,5.0300,10.8800,0.3444,3.4659,2.4500,6.2408,6.2408,0.6795,2.4775,2.4775,34998303.3873,31924421.0777,3171924.7589,176041466.0381,160579838.0208,4.5904,6.9045,0.4688,0.4688,4.6880,4.6880
2025-04-08,5.0200,5.1300,5.0200,5.1100,0.0800,1.5900,7405590.7700,3761019.0870,5.1100,11.0500,0.2320,2.3347,1.2200,6.3400,6.3400,0.6903,2.5169,2.5169,34998303.3873,31924421.0777,3171924.7589,178841330.3091,163133791.7070,4.5186,6.7964,0.4819,0.4819,4.8187,4.8187
2025-04-09,5.0900,5.1200,5.0300,5.0800,-0.0300,-0.5900,5793546.1600,2938660.3330,5.0800,10.9800,0.1815,1.8265,0.9000,6.3028,6.3028,0.6862,2.5021,2.5021,34998303.3873,31924421.0777,3171924.7589,177791381.2075,162176059.0747,4.5452,6.8366,0.4752,0.4752,4.7525,4.7525
2025-04-10,5.0800,5.0900,5.0500,5.0800,0.0000,0.0000,4709640.8200,2389180.8890,5.0800,10.9800,0.1475,1.4848,0.7100,6.3028,6.3028,0.6862,2.5021,2.5021,34998303.3873,31924421.0777,3171924.7589,177791381.2075,162176059.0747,4.5452,6.8366,0.4762,0.4762,4.7618,4.7618
2025-04-11,5.0900,5.1300,5.0600,5.1300,0.0500,0.9800,4860434.7100,2477601.4360,5.1300,11.0900,0.1522,1.5323,0.7200,6.3648,6.3648,0.6930,2.5268,2.5268,34998303.3873,31924421.0777,3171924.7589,179541296.3768,163772280.1286,4.5009,6.7699,0.4752,0.4752,4.7525,4.7525
2025-04-14,5.1200,5.2000,5.1100,5.1800,0.0500,0.9700,4573363.5300,2366083.0090,5.1800,11.2000,0.1433,1.4418,0.6800,6.4269,6.4269,0.6997,2.5514,2.5514,34998303.3873,31924421.0777,3171924.7589,181291211.5462,165368501.1825,4.4575,6.7046,0.4725,0.4725,4.7246,4.7246
2025-04-15,5.1800,5.3000,5.1700,5.3000,0.1200,2.3200,6038486.3700,3178125.4220,5.3000,11.4600,0.1891,1.9037,1.1000,6.5758,6.5758,0.7160,2.6105,2.6105,34998303.3873,31924421.0777,3171924.7589,185491007.9527,169199431.7118,4.3566,6.5528,0.4670,0.4670,4.6699,4.6699
2025-04-16,5.3000,5.3800,5.2800,5.3700,0.0700,1.3200,5025547.9000,2677975.1220,5.3700,11.6100,0.1574,1.5844,0.9700,6.6626,6.6626,0.7254,2.6450,2.6450,34998303.3873,31924421.0777,3171924.7589,187940889.1898,171434141.1872,4.2998,6.4674,0.4564,0.4564,4.5642,4.5642
2025-04-17,5.3600,5.3800,5.3000,5.3700,0.0000,0.0000,3462211.3400,1850574.6750,5.3700,11.6100,0.1085,1.0915,0.6900,6.6626,6.6626,0.7254,2.6450,2.6450,34998303.3873,31924421.0777,3171924.7589,187940889.1898,171434141.1872,4.2998,6.4674,0.4513,0.4513,4.5131,4.5131
2025-04-18,5.3600,5.4400,5.3600,5.4200,0.0500,0.9300,3559332.7400,1924964.7050,5.4200,11.7200,0.1115,1.1221,0.7400,6.7246,6.7246,0.7322,2.6696,2.6696,34998303.3873,31924421.0777,3171924.7589,189690804.3592,173030362.2411,4.2601,6.4077,0.4513,0.4513,4.5131,4.5131
2025-04-21,5.4100,5.5200,5.3600,5.3700,-0.0500,-0.9200,4439583.7700,2411877.2720,5.3700,11.6100,0.1391,1.3996,0.9800,6.6626,6.6626,0.7254,2.6450,2.6450,34998303.3873,31924421.0777,3171924.7589,187940889.1898,171434141.1872,4.2998,6.4674,0.4471,0.4471,4.4713,4.4713
2025-04-22,5.3700,5.5300,5.3600,5.5000,0.1300,2.4200,4887731.1700,2678068.0030,5.5000,11.8900,0.1531,1.5409,1.0800,6.8239,6.8239,0.7430,2.7090,2.7090,34998303.3873,31924421.0777,3171924.7589,192490668.6302,175584315.9274,4.1982,6.3145,0.4505,0.4505,4.5047,4.5047
2025-04-23,5.5100,5.5300,5.4500,5.4800,-0.0200,-0.3600,3117569.7400,1711597.1370,5.4800,11.8500,0.0977,0.9829,0.7300,6.7991,6.7991,0.7403,2.6992,2.6992,34998303.3873,31924421.0777,3171924.7589,191790702.5624,174945827.5058,4.2135,6.3376,0.4390,0.4390,4.3902,4.3902
2025-04-24,5.4800,5.6200,5.4700,5.5900,0.1100,2.0100,3960388.7300,2204899.0370,5.5900,12.0900,0.1241,1.2486,1.0200,6.9356,6.9356,0.7551,2.7533,2.7533,34998303.3873,31924421.0777,3171924.7589,195640515.9350,178457513.8243,4.1306,6.2129,0.4414,0.4414,4.4142,4.4142
2025-04-25,5.6000,5.6500,5.5100,5.5500,-0.0400,-0.7200,4025215.2300,2238535.1500,5.5500,12.0000,0.1261,1.2690,1.0100,6.8859,6.8859,0.7497,2.7336,2.7336,34998303.3873,31924421.0777,3171924.7589,194240583.7995,177180536.9812,4.1603,6.2576,0.4320,0.4320,4.3196,4.3196
2025-04-28,5.5400,5.6300,5.5400,5.6100,0.0600,1.0800,3152022.7400,1765433.8800,5.6100,12.1300,0.0987,0.9937,0.7700,6.9604,6.9604,0.7578,2.7632,2.7632,34998303.3873,31924421.0777,3171924.7589,196340482.0028,179096002.2459,4.1158,6.1907,0.4366,0.4366,4.3664,4.3664
2025-04-29,5.6000,5.6300,5.5500,5.5900,-0.0200,-0.3600,2982690.1200,1666368.5420,5.5900,12.0900,0.0934,0.9403,0.7800,6.9356,6.9356,0.7551,2.7533,2.7533,34998303.3873,31924421.0777,3171924.7589,195640515.9350,178457513.8243,4.1306,6.2129,0.4320,0.4320,4.3196,4.3196
2025-04-30,5.5700,5.5800,5.3700,5.4200,-0.1700,-3.0400,6559433.3000,3556414.2750,5.4200,11.7200,0.2055,2.0680,1.9000,6.7246,6.6880,0.7193,2.6696,2.6672,34998303.3873,31924421.0777,3171924.7589,189690804.3592,173030362.2411,4.2601,6.4077,0.4343,0.4343,4.3429,4.3429
2025-05-06,5.4200,5.4400,5.3400,5.3800,-0.0400,-0.7400,4835623.6200,2598219.4630,5.3800,11.6300,0.1515,1.5245,1.1700,6.6750,6.6387,0.7140,2.6499,2.6475,34998303.3873,31924421.0777,3171924.7589,188290872.2237,171753385.3980,4.2918,6.4554,0.4463,0.4463,4.4631,4.4631
2025-05-07,5.4000,5.4600,5.3600,5.4600,0.0800,1.4900,4988741.9100,2706911.0040,5.4600,11.8100,0.1563,1.5728,1.1600,6.7743,6.7374,0.7246,2.6893,2.6868,34998303.3873,31924421.0777,3171924.7589,191090736.4947,174307339.0842,4.2289,6.3608,0.4480,0.4480,4.4796,4.4796
2025-05-08,5.4600,5.5100,5.4300,5.4400,-0.0200,-0.3700,3595511.8500,1961037.4200,5.4400,11.7600,0.1126,1.1335,0.8000,6.7495,6.7127,0.7219,2.6795,2.6770,34998303.3873,31924421.0777,3171924.7589,190390770.4269,173668850.6627,4.2445,6.3842,0.4430,0.4430,4.4304,4.4304
2025-05-09,5.4500,5.5300,5.4400,5.5100,0.0700,1.2900,3971027.3700,2183767.5330,5.5100,11.9100,0.1244,1.2519,0.8600,6.8363,6.7991,0.7312,2.7139,2.7115,34998303.3873,31924421.0777,3171924.7589,192840651.6640,175903560.1381,4.1905,6.3031,0.4439,0.4439,4.4385,4.4385
2025-05-12,5.5000,5.5500,5.4600,5.5200,0.0100,0.1800,3629025.0800,2000386.5900,5.5200,11.9400,0.1137,1.1441,0.7600,6.8487,6.8114,0.7325,2.7189,2.7164,34998303.3873,31924421.0777,3171924.7589,193190634.6979,176222804.3489,4.1829,6.2916,0.4398,0.4398,4.3982,4.3982
2025-05-13,5.5200,5.6400,5.5000,5.6300,0.1100,1.9900,4040773.5800,2259194.2450,5.6300,12.1700,0.1266,1.2739,0.9600,6.9852,6.9471,0.7471,2.7730,2.7705,34998303.3873,31924421.0777,3171924.7589,197040448.0705,179734490.6675,4.1012,6.1687,0.4382,0.4382,4.3822,4.3822
2025-05-14,5.6200,5.6900,5.5900,5.6400,0.0100,0.1800,4032809.8900,2276243.6600,5.6400,12.2000,0.1263,1.2714,1.0000,6.9976,6.9595,0.7485,2.7780,2.7754,34998303.3873,31924421.0777,3171924.7589,197390431.1044,180053734.8782,4.0939,6.1578,0.4304,0.4304,4.3043,4.3043
2025-05-15,5.6400,5.7100,5.6200,5.6600,0.0200,0.3500,4145149.0500,2347503.0880,5.6600,12.2400,0.1298,1.3068,1.0800,7.0224,6.9842,0.7511,2.7878,2.7853,34998303.3873,31924421.0777,3171924.7589,198090397.1721,180692223.2998,4.0795,6.1360,0.4289,0.4289,4.2890,4.2890
2025-05-16,5.6500,5.6600,5.5500,5.5900,-0.0700,-1.2400,4106810.7800,2293009.2790,5.5900,12.0900,0.1286,1.2947,1.0400,6.9356,6.8978,0.7418,2.7533,2.7508,34998303.3873,31924421.0777,3171924.7589,195640515.9350,178457513.8243,4.1306,6.2129,0.4281,0.4281,4.2814,4.2814
2025-05-19,5.5800,5.6300,5.5500,5.5600,-0.0300,-0.5400,3046830.0300,1701416.7990,5.5600,12.0200,0.0954,0.9606,0.7600,6.8983,6.8608,0.7379,2.7386,2.7361,34998303.3873,31924421.0777,3171924.7589,194590566.8334,177499781.1920,4.1529,6.2464,0.4335,0.4335,4.3351,4.3351
2025-05-20,5.5700,5.6100,5.5300,5.5700,0.0100,0.1800,2981515.1200,1659489.2440,5.5700,12.0400,0.0934,0.9400,0.7700,6.9108,6.8731,0.7392,2.7435,2.7410,34998303.3873,31924421.0777,3171924.7589,194940549.8673,177819025.4028,4.1454,6.2352,0.4343,0.4343,4.3429,4.3429
2025-05-21,5.5700,5.6200,5.5500,5.5800,0.0100,0.1800,2671126.9400,1492689.9700,5.5800,12.0700,0.0837,0.8421,0.7300,6.9232,6.8854,0.7405,2.7484,2.7459,34998303.3873,31924421.0777,3171924.7589,195290532.9011,178138269.6136,4.1380,6.2240,0.4343,0.4343,4.3429,4.3429
2025-05-22,5.5800,5.6300,5.5500,5.6100,0.0300,0.5400,3125163.3600,1747239.3300,5.6100,12.1300,0.0979,0.9853,0.9200,6.9604,6.9225,0.7445,2.7632,2.7607,34998303.3873,31924421.0777,3171924.7589,196340482.0028,179096002.2459,4.1158,6.1907,0.4335,0.4335,4.3351,4.3351
2025-05-23,5.6100,5.6500,5.5400,5.5400,-0.0700,-1.2500,4085398.1500,2279497.2730,5.5400,11.9800,0.1280,1.2880,1.2800,6.8735,6.8361,0.7352,2.7287,2.7262,34998303.3873,31924421.0777,3171924.7589,193890600.7656,176861292.7705,4.1678,6.2689,0.4312,0.4312,4.3119,4.3119
2025-05-26,5.5400,5.5600,5.4800,5.5000,-0.0400,-0.7200,3284047.3800,1811191.1970,5.5000,11.8900,0.1029,1.0353,1.0300,6.8239,6.7867,0.7299,2.7090,2.7065,34998303.3873,31924421.0777,3171924.7589,192490668.6302,175584315.9274,4.1982,6.3145,0.4366,0.4366,4.3664,4.3664
2025-05-27,5.5000,5.5600,5.4900,5.5300,0.0300,0.5500,2449882.6000,1355685.7440,5.5300,11.9600,0.0767,0.7724,0.7600,6.8611,6.8237,0.7339,2.7238,2.7213,34998303.3873,31924421.0777,3171924.7589,193540617.7318,176542048.5597,4.1754,6.2803,0.4398,0.4398,4.3982,4.3982
2025-05-28,5.5300,5.5500,5.4900,5.5200,-0.0100,-0.1800,2464859.4900,1360418.8700,5.5200,11.9400,0.0772,0.7771,0.7900,6.8487,6.8114,0.7325,2.7189,2.7164,34998303.3873,31924421.0777,3171924.7589,193190634.6979,176222804.3489,4.1829,6.2916,0.4374,0.4374,4.3743,4.3743
2025-05-29,5.5300,5.5400,5.4900,5.5100,-0.0100,-0.1800,2454397.2100,1351989.7260,5.5100,11.9100,0.0769,0.7738,0.8000,6.8363,6.7991,0.7312,2.7139,2.7115,34998303.3873,31924421.0777,3171924.7589,192840651.6640,175903560.1381,4.1905,6.3031,0.4374,0.4374,4.3743,4.3743
2025-05-30,5.5100,5.5600,5.4900,5.5300,0.0200,0.3600,4072226.3800,2251623.2550,5.5300,11.9600,0.1276,1.2838,1.3800,6.8611,6.8237,0.7339,2.7238,2.7213,34998303.3873,31924421.0777,3171924.7589,193540617.7318,176542048.5597,4.1754,6.2803,0.4390,0.4390,4.3902,4.3902
2025-06-03,5.5200,5.5800,5.5000,5.5700,0.0400,0.7200,3619986.5400,2008837.4670,5.5700,12.0400,0.1134,1.1413,1.2300,6.9108,6.8731,0.7392,2.7435,2.7410,34998303.3873,31924421.0777,3171924.7589,194940549.8673,177819025.4028,4.1454,6.2352,0.4382,0.4382,4.3822,4.3822
2025-06-04,5.5800,5.6000,5.5500,5.5700,0.0000,0.0000,2549106.3900,1421660.5870,5.5700,12.0400,0.0798,0.8036,0.8500,6.9108,6.8731,0.7392,2.7435,2.7410,34998303.3873,31924421.0777,3171924.7589,194940549.8673,177819025.4028,4.1454,6.2352,0.4335,0.4335,4.3351,4.3351
2025-06-05,5.5700,5.6300,5.5500,5.5700,0.0000,0.0000,3561174.1600,1987878.5070,5.5700,12.0400,0.1116,1.1227,1.1700,6.9108,6.8731,0.7392,2.7435,2.7410,34998303.3873,31924421.0777,3171924.7589,194940549.8673,177819025.4028,4.1454,6.2352,0.4343,0.4343,4.3429,4.3429
2025-06-06,5.5800,5.6200,5.5700,5.6100,0.0400,0.7200,2801106.1600,1567893.9820,5.6100,12.1300,0.0877,0.8831,0.8600,6.9604,6.9225,0.7445,2.7632,2.7607,34998303.3873,31924421.0777,3171924.7589,196340482.0028,179096002.2459,4.1158,6.1907,0.4335,0.4335,4.3351,4.3351
2025-06-09,5.6200,5.6400,5.5300,5.5900,-0.0200,-0.3600,4035431.3100,2249735.9370,5.5900,12.0900,0.1264,1.2722,1.2200,6.9356,6.8978,0.7418,2.7533,2.7508,34998303.3873,31924421.0777,3171924.7589,195640515.9350,178457513.8243,4.1306,2.0823,0.4304,0.4304,4.3043,4.3043
2025-06-10,5.5800,5.6700,5.5700,5.6200,0.0300,0.5400,4192232.6100,2359550.8080,5.6200,12.1500,0.1313,1.3217,1.2700,6.9728,6.9348,0.7458,2.7681,2.7656,34998303.3873,31924421.0777,3171924.7589,196690465.0366,179415246.4567,4.1085,2.0712,0.4335,0.4335,4.3351,4.3351
2025-06-11,5.6100,5.6400,5.5900,5.6200,0.0000,0.0000,2372394.9300,1331929.1760,5.6200,12.1500,0.0743,0.7479,0.6900,6.9728,6.9348,0.7458,2.7681,2.7656,34998303.3873,31924421.0777,3171924.7589,196690465.0366,179415246.4567,4.1085,2.0712,0.4312,0.4312,4.3119,4.3119
2025-06-12,5.6200,5.6500,5.6000,5.6300,0.0100,0.1800,2367507.1100,1332901.0220,5.6300,12.1700,0.0742,0.7464,0.7000,6.9852,6.9471,0.7471,2.7730,2.7705,34998303.3873,31924421.0777,3171924.7589,197040448.0705,179734490.6675,4.1012,2.0675,0.4304,0.4304,4.3043,4.3043
2025-06-13,5.6300,5.6500,5.6000,5.6000,-0.0300,-0.5300,3055189.1600,1716495.0320,5.6000,12.1100,0.0957,0.9632,0.9700,6.9480,6.9101,0.7432,2.7583,2.7557,34998303.3873,31924421.0777,3171924.7589,195990498.9689,178776758.0351,4.1232,2.0786,0.4297,0.4297,4.2966,4.2966
2025-06-16,5.6000,5.6400,5.5300,5.6300,0.0300,0.5400,4219989.2100,2356749.2510,5.6300,12.1700,0.1322,1.3304,1.3200,6.9852,6.9471,0.7471,2.7730,2.7705,34998303.3873,31924421.0777,3171924.7589,197040448.0705,179734490.6675,4.1012,2.0675,0.4320,0.4320,4.3196,4.3196
2025-06-17,5.6300,5.6700,5.6200,5.6400,0.0100,0.1800,2448687.4000,1382040.0920,5.6400,12.2000,0.0767,0.7720,0.7600,6.9976,6.9595,0.7485,2.7780,2.7754,34998303.3873,31924421.0777,3171924.7589,197390431.1044,180053734.8782,4.0939,2.0638,0.4297,0.4297,4.2966,4.2966
2025-06-18,5.6500,5.7300,5.6400,5.7300,0.0900,1.6000,3807239.8000,2169312.8550,5.7300,12.3900,0.1193,1.2003,1.3200,7.1093,7.0705,0.7604,2.8223,2.8197,34998303.3873,31924421.0777,3171924.7589,200540278.4092,182926932.7752,4.0296,2.0314,0.4281,0.4281,4.2814,4.2814
2025-06-19,5.7400,5.7600,5.6900,5.7400,0.0100,0.1700,3033383.7300,1737452.6250,5.7400,12.4100,0.0950,0.9563,0.9500,7.1217,7.0829,0.7617,2.8272,2.8246,34998303.3873,31924421.0777,3171924.7589,200890261.4431,183246176.9860,4.0226,2.0279,0.4214,0.4214,4.2143,4.2143
2025-06-20,5.7400,5.7900,5.7100,5.7700,0.0300,0.5200,3277999.0900,1887045.4130,5.7700,12.4800,0.1027,1.0334,0.9900,7.1589,7.1199,0.7657,2.8420,2.8394,34998303.3873,31924421.0777,3171924.7589,201940210.5447,184203909.6183,4.0017,2.0173,0.4214,0.4214,4.2143,4.2143
2025-06-23,5.7600,5.9300,5.7400,5.8900,0.1200,2.0800,4439806.9900,2590508.2630,5.8900,12.7400,0.1391,1.3997,1.3200,7.3078,7.2680,0.7816,2.9011,2.8984,34998303.3873,31924421.0777,3171924.7589,206140006.9512,188034840.1477,3.9202,1.9762,0.4200,0.4200,4.1997,4.1997
2025-06-24,5.8900,5.9800,5.8700,5.9600,0.0700,1.1900,4508231.1700,2672215.4350,5.9600,12.8900,0.1412,1.4213,1.3300,7.3946,7.3543,0.7909,2.9356,2.9329,34998303.3873,31924421.0777,3171924.7589,208589888.1883,190269549.6231,3.8741,1.9530,0.4107,0.4107,4.1070,4.1070
