交易日期,开盘价(元),最高价(元),最低价(元),收盘价(元),涨跌(元),涨跌幅(%),成交量(手),成交额(千元),收盘价(前复权)(元),收盘价(后复权)(元),换手率(%),换手率(自由流通)(%),量比,PE市盈率,PE市盈率(TTM),PB市净率,PS市销率,PS市销率(TTM),总股本(万股),流通股本(万股),自由流通股本(万股),总市值(万元),流通市值(万元),股息率(Tushare)(%),"股息率(TTM,Tushare)(%)",股息率(%),股息率(S2-滚动累计)(%),股息率(S1-沿用)(%),股息率(S2-累加)(%)
2009-07-29,6.7000,7.9600,6.2100,6.5300,,,41731608.7600,29167687.9930,2.8800,6.5300,69.5527,69.5527,,71.3536,60.3720,2.9388,0.9693,0.9383,3000000.0000,600000.0000,600000.0000,19590000.0000,3918000.0000,,,0.0000,0.0000,0.0000,0.4328
2009-07-30,6.8000,7.0000,6.6200,6.9400,0.4100,6.2800,16480096.2600,11237231.7120,3.0600,6.9400,27.4668,27.4668,,75.8337,64.1626,3.1233,1.0302,0.9972,3000000.0000,600000.0000,600000.0000,20820000.0000,4164000.0000,,,0.0000,0.0000,0.0000,0.4265
2009-07-31,6.8000,6.9200,6.6800,6.8500,-0.0900,-1.3000,10535057.9700,7145232.3830,3.0200,6.8500,17.5584,17.5584,,74.8503,63.3305,3.0828,1.0168,0.9843,3000000.0000,600000.0000,600000.0000,20550000.0000,4110000.0000,,,0.0000,0.0000,0.0000,0.4265
2009-08-03,6.7900,6.8200,6.5600,6.6700,-0.1800,-2.6300,8371754.5000,5577208.5450,2.9400,6.6700,13.9529,13.9529,,72.8834,61.6663,3.0018,0.9901,0.9584,3000000.0000,600000.0000,600000.0000,20010000.0000,4002000.0000,,,0.0000,0.0000,0.0000,0.4271
2009-08-04,6.6300,6.6300,6.3800,6.4700,-0.2000,-3.0000,7428537.9500,4820713.4710,2.8500,6.4700,12.3809,12.3809,,70.6980,59.8173,2.9118,0.9604,0.9297,3000000.0000,600000.0000,600000.0000,19410000.0000,3882000.0000,,,0.0000,0.0000,0.0000,0.4374
2009-08-05,6.4700,6.6100,6.4200,6.5700,0.1000,1.5500,5089199.0200,3316283.2010,2.9000,6.5700,8.4820,8.4820,0.3000,71.7907,60.7418,2.9568,0.9753,0.9440,3000000.0000,600000.0000,600000.0000,19710000.0000,3942000.0000,,,0.0000,0.0000,0.0000,0.4482
2009-08-06,6.4900,6.5500,6.3000,6.4400,-0.1300,-1.9800,4763347.6500,3059723.3880,2.8400,6.4400,7.9389,7.9389,0.5000,70.3702,59.5399,2.8983,0.9560,0.9254,3000000.0000,600000.0000,600000.0000,19320000.0000,3864000.0000,,,0.0000,0.0000,0.0000,0.4468
2009-08-07,6.4500,6.5000,6.3400,6.3700,-0.0700,-1.0900,4355387.0900,2791217.9270,2.8100,6.3700,7.2590,7.2590,0.6000,69.6053,58.8927,2.8668,0.9456,0.9153,3000000.0000,600000.0000,600000.0000,19110000.0000,3822000.0000,,,0.0000,0.0000,0.0000,0.4496
2009-08-10,6.4000,6.4700,6.3300,6.4000,0.0300,0.4700,3188140.3900,2038182.0960,2.8200,6.4000,5.3136,5.3136,0.5300,69.9331,59.1701,2.8803,0.9500,0.9196,3000000.0000,600000.0000,600000.0000,19200000.0000,3840000.0000,,,0.0000,0.0000,0.0000,0.4531
2009-08-11,6.4200,6.6500,6.3500,6.5900,0.1900,2.9700,6130563.9200,4006083.0020,2.9000,6.5900,10.2176,10.2176,1.2300,72.0093,60.9267,2.9658,0.9782,0.9469,3000000.0000,600000.0000,600000.0000,19770000.0000,3954000.0000,,,0.0000,0.0000,0.0000,0.4517
2009-08-12,6.5000,6.5500,6.1300,6.2000,-0.3900,-5.9200,5406822.5900,3431300.6440,2.7300,6.2000,9.0114,9.0114,1.1500,67.7477,57.3210,2.7903,0.9204,0.8909,3000000.0000,600000.0000,600000.0000,18600000.0000,3720000.0000,,,0.0000,0.0000,0.0000,0.4462
2009-08-13,6.2300,6.2400,6.0600,6.1200,-0.0800,-1.2900,3343743.1800,2046442.0650,2.7000,6.1200,5.5729,5.5729,0.7000,66.8736,56.5814,2.7543,0.9085,0.8794,3000000.0000,600000.0000,600000.0000,18360000.0000,3672000.0000,,,0.0000,0.0000,0.0000,0.4655
2009-08-14,6.1300,6.1600,5.7700,5.7800,-0.3400,-5.5600,4372897.6500,2594801.7160,2.5500,5.7800,7.2882,7.2882,0.9800,63.1584,53.4380,2.6012,0.8580,0.8305,3000000.0000,600000.0000,600000.0000,17340000.0000,3468000.0000,,,0.0000,0.0000,0.0000,0.4731
2009-08-17,5.6600,5.8400,5.6100,5.6600,-0.1200,-2.0800,3972980.5900,2278675.2430,2.4900,5.6600,6.6216,6.6216,0.8900,61.8471,52.3285,2.5472,0.8402,0.8133,3000000.0000,600000.0000,600000.0000,16980000.0000,3396000.0000,,,0.0000,0.0000,0.0000,0.5124
2009-08-18,5.6800,5.7500,5.5500,5.7100,0.0500,0.8800,2785237.3400,1576150.7710,2.5200,5.7100,4.6421,4.6421,0.6000,62.3935,52.7908,2.5697,0.8476,0.8205,3000000.0000,600000.0000,600000.0000,17130000.0000,3426000.0000,,,0.0000,0.0000,0.0000,0.5106
2009-08-19,5.6800,5.7000,5.2600,5.2900,-0.4200,-7.3600,3359965.5500,1829153.2460,2.3300,5.2900,5.5999,5.5999,0.8400,57.8041,48.9078,2.3807,0.7853,0.7601,3000000.0000,600000.0000,600000.0000,15870000.0000,3174000.0000,,,0.0000,0.0000,0.0000,0.5106
2009-08-20,5.2800,5.5000,5.2500,5.4500,0.1600,3.0200,3139956.5200,1694339.2250,2.4000,5.4500,5.2333,5.2333,0.8800,59.5524,50.3870,2.4527,0.8090,0.7831,3000000.0000,600000.0000,600000.0000,16350000.0000,3270000.0000,,,0.0000,0.0000,0.0000,0.5492
2009-08-21,5.3600,5.4600,5.3100,5.4000,-0.0500,-0.9200,2891632.2400,1556772.6470,2.3800,5.4000,4.8194,4.8194,0.8200,59.0061,49.9248,2.4302,0.8016,0.7759,3000000.0000,600000.0000,600000.0000,16200000.0000,3240000.0000,,,0.0000,0.0000,0.0000,0.5410
2009-08-24,5.4000,5.4200,5.2700,5.3100,-0.0900,-1.6700,2649499.8500,1411411.0860,2.3400,5.3100,4.4158,4.4158,0.8200,58.0226,49.0927,2.3897,0.7882,0.7630,3000000.0000,600000.0000,600000.0000,15930000.0000,3186000.0000,,,0.0000,0.0000,0.0000,0.5370
2009-08-25,5.3100,5.3200,4.9700,5.0900,-0.2200,-4.1400,4285676.1900,2175074.1440,2.2400,5.0900,7.1428,7.1428,1.4500,55.6187,47.0587,2.2907,0.7556,0.7314,3000000.0000,600000.0000,600000.0000,15270000.0000,3054000.0000,,,0.0000,0.0000,0.0000,0.5461
2009-08-26,5.0900,5.3400,5.0100,5.2200,0.1300,2.5500,3240648.2100,1690289.8100,2.3000,5.2200,5.4011,5.4011,0.9900,57.0392,48.8741,2.3492,0.7749,0.7178,3000000.0000,600000.0000,600000.0000,15660000.0000,3132000.0000,,,0.0000,0.0000,0.0000,0.5697
2009-08-27,5.1600,5.2400,5.1000,5.1800,-0.0400,-0.7700,2135389.6800,1102612.5900,2.2800,5.1800,3.5590,3.5590,0.6600,56.6021,48.4996,2.3312,0.7689,0.7123,3000000.0000,600000.0000,600000.0000,15540000.0000,3108000.0000,,,0.0000,0.0000,0.0000,0.5620
2009-08-28,5.1500,5.1800,5.0300,5.0600,-0.1200,-2.3200,1690456.4000,859749.3500,2.2300,5.0600,2.8174,2.8174,0.5600,55.2909,47.3761,2.2772,0.7511,0.6958,3000000.0000,600000.0000,600000.0000,15180000.0000,3036000.0000,,,0.0000,0.0000,0.0000,0.5631
2009-08-31,5.0000,5.1400,4.9600,5.0000,-0.0600,-1.1900,2886259.5200,1454839.6900,2.2000,5.0000,4.8104,4.8104,1.0300,54.6353,46.8128,2.2502,0.7422,0.6875,3000000.0000,600000.0000,600000.0000,15000000.0000,3000000.0000,,,0.0000,0.0000,0.0000,0.5800
2009-09-01,5.0300,5.2200,5.0000,5.1400,0.1400,2.8000,2974071.3300,1529558.1120,2.2700,5.1400,4.9568,4.9568,1.0400,56.1650,48.1235,2.3132,0.7630,0.7068,3000000.0000,600000.0000,600000.0000,15420000.0000,3084000.0000,,,0.0000,0.0000,0.0000,0.5765
2009-09-02,5.0600,5.1500,5.0500,5.1300,-0.0100,-0.1900,1685633.6700,860824.5520,2.2600,5.1300,2.8094,2.8094,0.6500,56.0558,48.0299,2.3087,0.7615,0.7054,3000000.0000,600000.0000,600000.0000,15390000.0000,3078000.0000,,,0.0000,0.0000,0.0000,0.5731
2009-09-03,5.1300,5.3700,5.1300,5.3600,0.2300,4.4800,4380722.8900,2317538.6620,2.3600,5.3600,7.3012,7.3012,1.9300,58.5690,50.1833,2.4122,0.7957,0.7370,3000000.0000,600000.0000,600000.0000,16080000.0000,3216000.0000,,,0.0000,0.0000,0.0000,0.5653
2009-09-04,5.3100,5.3900,5.2600,5.3000,-0.0600,-1.1200,2549672.3000,1355422.5730,2.3400,5.3000,4.2495,4.2495,0.9400,57.9134,49.6215,2.3852,0.7868,0.7288,3000000.0000,600000.0000,600000.0000,15900000.0000,3180000.0000,,,0.0000,0.0000,0.0000,0.5461
2009-09-07,5.3600,5.3800,5.2500,5.3000,0.0000,0.0000,2123697.1000,1127379.5090,2.3400,5.3000,3.5395,3.5395,0.7300,57.9134,49.6215,2.3852,0.7868,0.7288,3000000.0000,600000.0000,600000.0000,15900000.0000,3180000.0000,,,0.0000,0.0000,0.0000,0.5410
2009-09-08,5.2700,5.2900,5.2000,5.2900,-0.0100,-0.1900,2294580.1700,1201984.1910,2.3300,5.2900,3.8243,3.8243,0.8400,57.8041,49.5279,2.3807,0.7853,0.7274,3000000.0000,600000.0000,600000.0000,15870000.0000,3174000.0000,,,0.0000,0.0000,0.0000,0.5503
2009-09-09,5.2600,5.2800,5.1400,5.2400,-0.0500,-0.9500,2364043.3100,1230943.6760,2.3100,5.2400,3.9401,3.9401,0.9100,57.2577,49.0598,2.3582,0.7778,0.7205,3000000.0000,600000.0000,600000.0000,15720000.0000,3144000.0000,,,0.0000,0.0000,0.0000,0.5513
2009-09-10,5.2100,5.3800,5.1900,5.2500,0.0100,0.1900,2847952.6900,1508288.1470,2.3100,5.2500,4.7466,4.7466,1.0400,57.3670,49.1534,2.3627,0.7793,0.7219,3000000.0000,600000.0000,600000.0000,15750000.0000,3150000.0000,,,0.0000,0.0000,0.0000,0.5566
2009-09-11,5.2400,5.3500,5.2100,5.3100,0.0600,1.1400,2263462.7200,1197767.0490,2.3400,5.3100,3.7724,3.7724,0.9300,58.0226,49.7152,2.3897,0.7882,0.7301,3000000.0000,600000.0000,600000.0000,15930000.0000,3186000.0000,,,0.0000,0.0000,0.0000,0.5534
2009-09-14,5.3300,5.4700,5.3100,5.4600,0.1500,2.8200,3306570.6400,1778853.4320,2.4100,5.4600,5.5110,5.5110,1.3900,59.6617,51.1195,2.4572,0.8105,0.7508,3000000.0000,600000.0000,600000.0000,16380000.0000,3276000.0000,,,0.0000,0.0000,0.0000,0.5441
2009-09-15,5.4500,5.4600,5.3500,5.3800,-0.0800,-1.4700,2470234.5900,1332593.8090,2.3700,5.3800,4.1171,4.1171,0.9400,58.7875,50.3705,2.4212,0.7986,0.7398,3000000.0000,600000.0000,600000.0000,16140000.0000,3228000.0000,,,0.0000,0.0000,0.0000,0.5321
2009-09-16,5.3700,5.3800,5.2500,5.2800,-0.1000,-1.8600,1969939.3300,1042299.9840,2.3300,5.2800,3.2832,3.2832,0.7400,57.6948,49.4343,2.3762,0.7838,0.7260,3000000.0000,600000.0000,600000.0000,15840000.0000,3168000.0000,,,0.0000,0.0000,0.0000,0.5400
2009-09-17,5.3000,5.3600,5.2700,5.3200,0.0400,0.7600,2732071.9400,1451201.2050,2.3400,5.3200,4.5535,4.5535,1.0600,58.1319,49.8088,2.3942,0.7897,0.7315,3000000.0000,600000.0000,600000.0000,15960000.0000,3192000.0000,,,0.0000,0.0000,0.0000,0.5472
2009-09-18,5.3300,5.3500,5.1400,5.1700,-0.1500,-2.8200,2675362.1500,1404838.1600,2.2800,5.1700,4.4589,4.4589,1.0500,56.4929,48.4044,2.3267,0.7675,0.7109,3000000.0000,600000.0000,600000.0000,15510000.0000,3102000.0000,,,0.0000,0.0000,0.0000,0.5441
2009-09-21,5.1100,5.1400,5.0400,5.1200,-0.0500,-0.9700,1949966.0000,990785.9090,2.2600,5.1200,3.2499,3.2499,0.7400,55.9465,47.9363,2.3042,0.7600,0.7040,3000000.0000,600000.0000,600000.0000,15360000.0000,3072000.0000,,,0.0000,0.0000,0.0000,0.5675
2009-09-22,5.1200,5.1600,5.0400,5.0600,-0.0600,-1.1700,1677410.2800,854663.1670,2.2300,5.0600,2.7957,2.7957,0.7100,55.2909,47.3745,2.2772,0.7511,0.6958,3000000.0000,600000.0000,600000.0000,15180000.0000,3036000.0000,,,0.0000,0.0000,0.0000,0.5664
2009-09-23,5.0500,5.0800,4.9800,5.0000,-0.0600,-1.1900,1748037.5400,878122.6380,2.2000,5.0000,2.9134,2.9134,0.7900,54.6353,46.8128,2.2502,0.7422,0.6875,3000000.0000,600000.0000,600000.0000,15000000.0000,3000000.0000,,,0.0000,0.0000,0.0000,0.5743
2009-09-24,4.9800,4.9900,4.8300,4.8700,-0.1300,-2.6000,1954865.5000,957775.7710,2.1500,4.8700,3.2581,3.2581,0.9100,53.2147,45.5956,2.1917,0.7229,0.6696,3000000.0000,600000.0000,600000.0000,14610000.0000,2922000.0000,,,0.0000,0.0000,0.0000,0.5823
2009-09-25,4.8700,4.9300,4.8300,4.8700,0.0000,0.0000,1248051.9300,608503.3540,2.1500,4.8700,2.0801,2.0801,0.6200,53.2147,45.5956,2.1917,0.7229,0.6696,3000000.0000,600000.0000,600000.0000,14610000.0000,2922000.0000,,,0.0000,0.0000,0.0000,0.5955
2009-09-28,4.8900,4.9000,4.7100,4.7300,-0.1400,-2.8700,1331064.5000,642018.9600,2.0800,4.7300,2.2184,2.2184,0.7800,51.6850,44.2849,2.1287,0.7021,0.6504,3000000.0000,600000.0000,600000.0000,14190000.0000,2838000.0000,,,0.0000,0.0000,0.0000,0.5930
2009-09-29,4.7200,4.7300,4.5900,4.6600,-0.0700,-1.4800,1356349.8800,630415.2350,2.0500,4.6600,2.2606,2.2606,0.8500,50.9201,43.6295,2.0972,0.6917,0.6408,3000000.0000,600000.0000,600000.0000,13980000.0000,2796000.0000,,,0.0000,0.0000,0.0000,0.6144
2009-09-30,4.6800,4.7300,4.6200,4.6400,-0.0200,-0.4300,912164.4600,425514.9580,2.0400,4.6400,1.5203,1.5203,0.6000,50.7015,43.4422,2.0882,0.6888,0.6380,3000000.0000,600000.0000,600000.0000,13920000.0000,2784000.0000,,,0.0000,0.0000,0.0000,0.6197
2009-10-09,4.6900,4.8300,4.6800,4.8200,0.1800,3.8800,1401883.3700,666819.5880,2.1200,4.8200,2.3365,2.3365,1.0300,52.6684,45.1275,2.1692,0.7155,0.6628,3000000.0000,600000.0000,600000.0000,14460000.0000,2892000.0000,,,0.0000,0.0000,0.0000,0.6183
2009-10-12,4.8100,4.8100,4.7200,4.7400,-0.0800,-1.6600,879938.1100,418163.2850,2.0900,4.7400,1.4666,1.4666,0.7000,51.7942,44.3785,2.1332,0.7036,0.6518,3000000.0000,600000.0000,600000.0000,14220000.0000,2844000.0000,,,0.0000,0.0000,0.0000,0.6029
2009-10-13,4.7400,4.7700,4.7200,4.7700,0.0300,0.6300,720100.6100,341524.7910,2.1000,4.7700,1.2002,1.2002,0.6100,52.1220,44.6594,2.1467,0.7081,0.6559,3000000.0000,600000.0000,600000.0000,14310000.0000,2862000.0000,,,0.0000,0.0000,0.0000,0.6118
2009-10-14,4.7800,5.2500,4.7700,5.2500,0.4800,10.0600,8272663.8800,4296322.8960,2.3100,5.2500,13.7878,13.7878,7.8500,57.3670,49.1534,2.3627,0.7793,0.7219,3000000.0000,600000.0000,600000.0000,15750000.0000,3150000.0000,,,0.0000,0.0000,0.0000,0.6067
2009-10-15,5.1700,5.2500,5.0700,5.1300,-0.1200,-2.2900,3960141.9100,2043220.8760,2.2600,5.1300,6.6002,6.6002,1.6200,56.0558,48.0299,2.3087,0.7615,0.7054,3000000.0000,600000.0000,600000.0000,15390000.0000,3078000.0000,,,0.0000,0.0000,0.0000,0.5609
2009-10-16,5.1300,5.1900,5.0500,5.1400,0.0100,0.1900,1802743.3400,922101.7770,2.2700,5.1400,3.0046,3.0046,0.5900,56.1650,48.1235,2.3132,0.7630,0.7068,3000000.0000,600000.0000,600000.0000,15420000.0000,3084000.0000,,,0.0000,0.0000,0.0000,0.5653
2009-10-19,5.1400,5.2900,5.1100,5.2400,0.1000,1.9500,3465635.5700,1815104.0830,2.3100,5.2400,5.7761,5.7761,1.1100,57.2577,49.0598,2.3582,0.7778,0.7205,3000000.0000,600000.0000,600000.0000,15720000.0000,3144000.0000,,,0.0000,0.0000,0.0000,0.5642
2009-10-20,5.2400,5.2800,5.1900,5.2400,0.0000,0.0000,2554783.4700,1333803.4310,2.3100,5.2400,4.2580,4.2580,0.7000,57.2577,49.0598,2.3582,0.7778,0.7205,3000000.0000,600000.0000,600000.0000,15720000.0000,3144000.0000,,,0.0000,0.0000,0.0000,0.5534
2009-10-21,5.2500,5.3400,5.2100,5.2500,0.0100,0.1900,2748147.6100,1451787.1780,2.3100,5.2500,4.5802,4.5802,0.6900,57.3670,49.1534,2.3627,0.7793,0.7219,3000000.0000,600000.0000,600000.0000,15750000.0000,3150000.0000,,,0.0000,0.0000,0.0000,0.5524
2009-10-22,5.2200,5.2500,5.1100,5.1600,-0.0900,-1.7100,1712821.2500,884108.2140,2.2700,5.1600,2.8547,2.8547,0.5900,56.3836,48.3108,2.3222,0.7660,0.7095,3000000.0000,600000.0000,600000.0000,15480000.0000,3096000.0000,,,0.0000,0.0000,0.0000,0.5556
2009-10-23,5.1700,5.3000,5.1700,5.2200,0.0600,1.1600,2393336.7400,1253036.0040,2.3000,5.2200,3.9889,3.9889,0.9700,57.0392,48.8725,2.3492,0.7749,0.7178,3000000.0000,600000.0000,600000.0000,15660000.0000,3132000.0000,,,0.0000,0.0000,0.0000,0.5609
2009-10-26,5.2200,5.2900,5.1700,5.2600,0.0400,0.7700,1685971.4100,879933.5650,2.3200,5.2600,2.8100,2.8100,0.6500,57.4763,49.2470,2.3672,0.7808,0.7233,3000000.0000,600000.0000,600000.0000,15780000.0000,3156000.0000,,,0.0000,0.0000,0.0000,0.5556
2009-10-27,5.2200,5.3400,5.1600,5.2400,-0.0200,-0.3800,2819025.3500,1485835.2950,2.3100,5.2400,4.6984,4.6984,1.2700,57.2577,49.0598,2.3582,0.7778,0.7205,3000000.0000,600000.0000,600000.0000,15720000.0000,3144000.0000,,,0.0000,0.0000,0.0000,0.5556
2009-10-28,5.2000,5.2300,5.1000,5.1600,-0.0800,-1.5300,1855449.2100,955414.6570,2.2700,5.1600,3.0924,3.0924,0.8200,56.3836,39.3384,2.2812,0.7660,0.6530,3000000.0000,600000.0000,600000.0000,15480000.0000,3096000.0000,,,0.0000,0.0000,0.0000,0.5577
2009-10-29,4.8900,4.9500,4.7000,4.7900,-0.3700,-7.1700,15547322.9700,7477288.4440,2.1100,4.7900,12.9561,12.9561,7.4300,52.3406,36.5177,2.1176,0.7110,0.6062,3000000.0000,1200000.0000,1200000.0000,14370000.0000,5748000.0000,,,0.0000,0.0000,0.0000,0.5930
2009-10-30,4.8100,4.8400,4.7400,4.7700,-0.0200,-0.4200,5145274.9400,2464900.9790,2.1000,4.7700,4.2877,4.2877,1.0600,52.1220,36.3652,2.1088,0.7081,0.6037,3000000.0000,1200000.0000,1200000.0000,14310000.0000,5724000.0000,,,0.0000,0.0000,0.0000,0.6029
2009-11-02,4.6800,4.8000,4.5800,4.7900,0.0200,0.4200,5613532.5600,2637075.3050,2.1100,4.7900,4.6779,4.6779,1.0400,52.3406,36.5177,2.1176,0.7110,0.6062,3000000.0000,1200000.0000,1200000.0000,14370000.0000,5748000.0000,,,0.0000,0.0000,0.0000,0.6197
2009-11-03,4.7900,4.8200,4.7400,4.8000,0.0100,0.2100,5198262.8900,2487730.1630,2.1200,4.8000,4.3319,4.3319,0.8400,52.4498,36.5939,2.1221,0.7125,0.6075,3000000.0000,1200000.0000,1200000.0000,14400000.0000,5760000.0000,,,0.0000,0.0000,0.0000,0.6054
2009-11-04,4.8000,4.8100,4.7400,4.7900,-0.0100,-0.2100,3929858.8900,1876444.6880,2.1100,4.7900,3.2749,3.2749,0.5900,52.3406,36.5177,2.1176,0.7110,0.6062,3000000.0000,1200000.0000,1200000.0000,14370000.0000,5748000.0000,,,0.0000,0.0000,0.0000,0.6042
2009-11-05,4.8000,4.9500,4.7900,4.8900,0.1000,2.0900,5611764.6900,2737071.8070,2.1500,4.8900,4.6765,4.6765,0.7900,53.4333,37.2800,2.1619,0.7259,0.6189,3000000.0000,1200000.0000,1200000.0000,14670000.0000,5868000.0000,,,0.0000,0.0000,0.0000,0.6042
2009-11-06,4.9200,4.9300,4.8500,4.8800,-0.0100,-0.2000,4155560.8800,2028776.7730,2.1500,4.8800,3.4630,3.4630,0.8100,53.3240,37.2038,2.1574,0.7244,0.6176,3000000.0000,1200000.0000,1200000.0000,14640000.0000,5856000.0000,,,0.0000,0.0000,0.0000,0.5894
2009-11-09,4.8800,4.9000,4.8100,4.8600,-0.0200,-0.4100,3134016.6000,1518547.9270,2.1400,4.8600,2.6117,2.6117,0.6400,53.1055,37.0513,2.1486,0.7214,0.6151,3000000.0000,1200000.0000,1200000.0000,14580000.0000,5832000.0000,,,0.0000,0.0000,0.0000,0.5943
2009-11-10,4.8900,4.9200,4.8500,4.8900,0.0300,0.6200,3922753.5700,1916034.9430,2.1500,4.8900,3.2690,3.2690,0.8900,53.4333,37.2800,2.1619,0.7259,0.6189,3000000.0000,1200000.0000,1200000.0000,14670000.0000,5868000.0000,,,0.0000,0.0000,0.0000,0.5930
2009-11-11,4.8900,4.9000,4.8100,4.8500,-0.0400,-0.8200,2464222.3800,1193572.4210,2.1400,4.8500,2.0535,2.0535,0.5900,52.9962,36.9751,2.1442,0.7200,0.6138,3000000.0000,1200000.0000,1200000.0000,14550000.0000,5820000.0000,,,0.0000,0.0000,0.0000,0.5930
2009-11-12,4.8500,4.8800,4.8100,4.8300,-0.0200,-0.4100,3240082.0600,1566940.8070,2.1300,4.8300,2.7001,2.7001,0.8400,52.7777,36.8226,2.1353,0.7170,0.6113,3000000.0000,1200000.0000,1200000.0000,14490000.0000,5796000.0000,,,0.0000,0.0000,0.0000,0.5979
2009-11-13,4.8400,4.8400,4.7200,4.8100,-0.0200,-0.4100,4151960.5200,1983518.5610,2.1200,4.8100,3.4600,3.4600,1.2300,52.5591,36.6701,2.1265,0.7140,0.6087,3000000.0000,1200000.0000,1200000.0000,14430000.0000,5772000.0000,,,0.0000,0.0000,0.0000,0.5992
2009-11-16,4.8300,4.9200,4.8100,4.9200,0.1100,2.2900,6443455.4500,3144563.6070,2.1700,4.9200,5.3695,5.3695,1.9000,53.7611,37.5087,2.1751,0.7303,0.6226,3000000.0000,1200000.0000,1200000.0000,14760000.0000,5904000.0000,,,0.0000,0.0000,0.0000,0.6004
2009-11-17,4.9300,4.9500,4.8700,4.8800,-0.0400,-0.8100,3559361.9600,1743154.2150,2.1500,4.8800,2.9661,2.9661,0.8800,53.3240,37.2038,2.1574,0.7244,0.6176,3000000.0000,1200000.0000,1200000.0000,14640000.0000,5856000.0000,,,0.0000,0.0000,0.0000,0.5882
2009-11-18,4.8900,4.9400,4.8700,4.9100,0.0300,0.6100,4023091.2700,1971210.4320,2.1600,4.9100,3.3526,3.3526,1.0100,53.6518,37.4325,2.1707,0.7289,0.6214,3000000.0000,1200000.0000,1200000.0000,14730000.0000,5892000.0000,,,0.0000,0.0000,0.0000,0.5930
2009-11-19,4.9300,5.0400,4.9000,5.0100,0.1000,2.0400,6115791.3200,3043629.7240,2.2100,5.0100,5.0965,5.0965,1.4300,54.7445,38.1949,2.2149,0.7437,0.6340,3000000.0000,1200000.0000,1200000.0000,15030000.0000,6012000.0000,,,0.0000,0.0000,0.0000,0.5882
2009-11-20,4.9900,5.0100,4.9500,4.9800,-0.0300,-0.6000,4028571.4000,2007676.3690,2.1900,4.9800,3.3571,3.3571,0.8300,54.4167,37.9662,2.2016,0.7392,0.6302,3000000.0000,1200000.0000,1200000.0000,14940000.0000,5976000.0000,,,0.0000,0.0000,0.0000,0.5812
2009-11-23,5.0100,5.0300,4.9600,5.0000,0.0200,0.4000,3354961.0300,1676256.3430,2.2000,5.0000,2.7958,2.7958,0.6900,54.6353,38.1186,2.2105,0.7422,0.6328,3000000.0000,1200000.0000,1200000.0000,15000000.0000,6000000.0000,,,0.0000,0.0000,0.0000,0.5788
2009-11-24,5.0200,5.1400,4.9500,4.9600,-0.0400,-0.8000,8164131.5200,4113239.6740,2.1900,4.9600,6.8034,6.8034,1.9400,54.1982,37.8137,2.1928,0.7363,0.6277,3000000.0000,1200000.0000,1200000.0000,14880000.0000,5952000.0000,,,0.0000,0.0000,0.0000,0.5777
2009-11-25,4.9500,5.0100,4.8800,5.0000,0.0400,0.8100,5395476.8900,2668907.0670,2.2000,5.0000,4.4962,4.4962,1.0500,54.6353,38.1186,2.2105,0.7422,0.6328,3000000.0000,1200000.0000,1200000.0000,15000000.0000,6000000.0000,,,0.0000,0.0000,0.0000,0.5859
2009-11-26,5.0100,5.1200,4.9000,4.9200,-0.0800,-1.6000,7298198.3500,3663502.9990,2.1700,4.9200,6.0818,6.0818,1.3500,53.7611,37.5087,2.1751,0.7303,0.6226,3000000.0000,1200000.0000,1200000.0000,14760000.0000,5904000.0000,,,0.0000,0.0000,0.0000,0.5788
2009-11-27,4.8600,4.8800,4.7600,4.7900,-0.1300,-2.6400,4883798.6800,2352735.1870,2.1100,4.7900,4.0698,4.0698,0.8600,52.3406,36.5177,2.1176,0.7110,0.6062,3000000.0000,1200000.0000,1200000.0000,14370000.0000,5748000.0000,,,0.0000,0.0000,0.0000,0.5967
2009-11-30,4.8300,4.8900,4.7700,4.8900,0.1000,2.0900,3983393.2200,1928727.9570,2.1500,4.8900,3.3195,3.3195,0.6800,53.4333,37.2800,2.1619,0.7259,0.6189,3000000.0000,1200000.0000,1200000.0000,14670000.0000,5868000.0000,,,0.0000,0.0000,0.0000,0.6004
2009-12-01,4.8800,4.9000,4.8200,4.8900,0.0000,0.0000,3394447.3200,1650115.1560,2.1500,4.8900,2.8287,2.8287,0.5700,53.4333,37.2800,2.1619,0.7259,0.6189,3000000.0000,1200000.0000,1200000.0000,14670000.0000,5868000.0000,,,0.0000,0.0000,0.0000,0.5943
2009-12-02,4.9100,4.9800,4.8500,4.9400,0.0500,1.0200,4703726.7700,2314012.9830,2.1800,4.9400,3.9198,3.9198,0.9400,53.9796,37.6612,2.1840,0.7333,0.6252,3000000.0000,1200000.0000,1200000.0000,14820000.0000,5928000.0000,,,0.0000,0.0000,0.0000,0.5906
2009-12-03,4.9100,4.9400,4.8300,4.8800,-0.0600,-1.2100,3990631.0200,1945974.1520,2.1500,4.8800,3.3255,3.3255,0.8200,53.3240,37.2038,2.1574,0.7244,0.6176,3000000.0000,1200000.0000,1200000.0000,14640000.0000,5856000.0000,,,0.0000,0.0000,0.0000,0.5906
2009-12-04,4.8800,5.0200,4.8000,5.0000,0.1200,2.4600,7923420.1100,3898289.7020,2.2000,5.0000,6.6029,6.6029,1.8900,54.6353,38.1186,2.2105,0.7422,0.6328,3000000.0000,1200000.0000,1200000.0000,15000000.0000,6000000.0000,,,0.0000,0.0000,0.0000,0.5943
2009-12-07,4.9800,5.0200,4.9600,5.0000,0.0000,0.0000,4616339.9800,2302693.3050,2.2000,5.0000,3.8469,3.8469,0.9600,54.6353,38.1186,2.2105,0.7422,0.6328,3000000.0000,1200000.0000,1200000.0000,15000000.0000,6000000.0000,,,0.0000,0.0000,0.0000,0.5823
2009-12-08,5.0100,5.1200,4.9700,5.0100,0.0100,0.2000,6779054.2700,3416379.4900,2.2100,5.0100,5.6492,5.6492,1.3800,54.7445,38.1949,2.2149,0.7437,0.6340,3000000.0000,1200000.0000,1200000.0000,15030000.0000,6012000.0000,,,0.0000,0.0000,0.0000,0.5788
2009-12-09,4.9500,4.9800,4.8800,4.8900,-0.1200,-2.4000,3565054.6000,1756652.6100,2.1500,4.8900,2.9709,2.9709,0.6400,53.4333,37.2800,2.1619,0.7259,0.6189,3000000.0000,1200000.0000,1200000.0000,14670000.0000,5868000.0000,,,0.0000,0.0000,0.0000,0.5859
2009-12-10,4.9200,4.9400,4.8800,4.9200,0.0300,0.6100,2124800.2800,1041490.7060,2.1700,4.9200,1.7707,1.7707,0.4000,53.7611,37.5087,2.1751,0.7303,0.6226,3000000.0000,1200000.0000,1200000.0000,14760000.0000,5904000.0000,,,0.0000,0.0000,0.0000,0.5894
2009-12-11,4.9300,4.9400,4.8800,4.8900,-0.0300,-0.6100,1766201.0300,865353.0100,2.1500,4.8900,1.4718,1.4718,0.3500,53.4333,37.2800,2.1619,0.7259,0.6189,3000000.0000,1200000.0000,1200000.0000,14670000.0000,5868000.0000,,,0.0000,0.0000,0.0000,0.5882
2009-12-14,4.9000,5.0100,4.8100,4.9700,0.0800,1.6400,3726999.0900,1828642.8900,2.1900,4.9700,3.1058,3.1058,0.9900,54.3074,37.8899,2.1972,0.7378,0.6290,3000000.0000,1200000.0000,1200000.0000,14910000.0000,5964000.0000,,,0.0000,0.0000,0.0000,0.5918
2009-12-15,4.9500,4.9500,4.8800,4.9000,-0.0700,-1.4100,2283934.5800,1121871.0570,2.1600,4.9000,1.9033,1.9033,0.6400,53.5425,37.3563,2.1663,0.7274,0.6201,3000000.0000,1200000.0000,1200000.0000,14700000.0000,5880000.0000,,,0.0000,0.0000,0.0000,0.5859
2009-12-16,4.8800,4.9100,4.8400,4.8600,-0.0400,-0.8200,1815934.6200,884331.1460,2.1400,4.8600,1.5133,1.5133,0.6700,53.1055,37.0513,2.1486,0.7214,0.6151,3000000.0000,1200000.0000,1200000.0000,14580000.0000,5832000.0000,,,0.0000,0.0000,0.0000,0.5943
2009-12-17,4.8700,4.8700,4.7700,4.7800,-0.0800,-1.6500,2404779.2400,1156862.5100,2.1100,4.7800,2.0040,2.0040,1.0300,52.2313,36.4414,2.1132,0.7096,0.6049,3000000.0000,1200000.0000,1200000.0000,14340000.0000,5736000.0000,,,0.0000,0.0000,0.0000,0.5955
2009-12-18,4.7500,4.7500,4.6500,4.6800,-0.1000,-2.0900,3238604.6900,1520772.8450,2.0600,4.6800,2.6988,2.6988,1.3500,51.1386,35.6791,2.0690,0.6947,0.5923,3000000.0000,1200000.0000,1200000.0000,14040000.0000,5616000.0000,,,0.0000,0.0000,0.0000,0.6105
2009-12-21,4.6800,4.7200,4.6600,4.7100,0.0300,0.6400,1523066.3500,713811.2790,2.0800,4.7100,1.2692,1.2692,0.5700,51.4664,35.9078,2.0823,0.6992,0.5961,3000000.0000,1200000.0000,1200000.0000,14130000.0000,5652000.0000,,,0.0000,0.0000,0.0000,0.6197
2009-12-22,4.7200,4.7200,4.5500,4.5600,-0.1500,-3.1800,2466460.7300,1138775.9230,2.0100,4.5600,2.0554,2.0554,1.0900,49.8274,34.7642,2.0160,0.6769,0.5771,3000000.0000,1200000.0000,1200000.0000,13680000.0000,5472000.0000,,,0.0000,0.0000,0.0000,0.6144
2009-12-23,4.5700,4.6000,4.4400,4.5300,-0.0300,-0.6600,2731107.7400,1233027.2420,2.0000,4.5300,2.2759,2.2759,1.1900,49.4995,34.5355,2.0027,0.6725,0.5733,3000000.0000,1200000.0000,1200000.0000,13590000.0000,5436000.0000,,,0.0000,0.0000,0.0000,0.6346
2009-12-24,4.5600,4.6300,4.5000,4.6100,0.0800,1.7700,2612578.8500,1197821.2410,2.0300,4.6100,2.1771,2.1771,1.0600,50.3737,35.1454,2.0381,0.6843,0.5834,3000000.0000,1200000.0000,1200000.0000,13830000.0000,5532000.0000,,,0.0000,0.0000,0.0000,0.6360
2009-12-25,4.6000,4.6500,4.5500,4.6000,-0.0100,-0.2200,1642191.9700,753710.7250,2.0300,4.6000,1.3685,1.3685,0.6500,50.2644,35.0692,2.0336,0.6828,0.5822,3000000.0000,1200000.0000,1200000.0000,13800000.0000,5520000.0000,,,0.0000,0.0000,0.0000,0.6304
2009-12-28,4.6000,4.6500,4.5800,4.6200,0.0200,0.4300,1701856.9900,786459.8580,2.0400,4.6200,1.4182,1.4182,0.7800,50.4830,35.2216,2.0425,0.6858,0.5847,3000000.0000,1200000.0000,1200000.0000,13860000.0000,5544000.0000,,,0.0000,0.0000,0.0000,0.6304
2009-12-29,4.6100,4.6200,4.5400,4.5900,-0.0300,-0.6500,1676146.1300,766574.9660,2.0200,4.5900,1.3968,1.3968,0.7500,50.1552,34.9929,2.0292,0.6814,0.5809,3000000.0000,1200000.0000,1200000.0000,13770000.0000,5508000.0000,,,0.0000,0.0000,0.0000,0.6291
2009-12-30,4.5900,4.6600,4.5500,4.6500,0.0600,1.3100,2744130.4600,1267753.0440,2.0500,4.6500,2.2868,2.2868,1.3200,50.8108,35.4503,2.0558,0.6903,0.5885,3000000.0000,1200000.0000,1200000.0000,13950000.0000,5580000.0000,,,0.0000,0.0000,0.0000,0.6318
2009-12-31,4.6500,4.7500,4.6300,4.7200,0.0700,1.5100,3169770.9900,1492350.1430,2.0800,4.7200,2.6415,2.6415,1.5300,51.5757,35.9840,2.0867,0.7007,0.5973,3000000.0000,1200000.0000,1200000.0000,14160000.0000,5664000.0000,,,0.0000,0.0000,0.0000,0.6237
2010-01-04,4.7200,4.7200,4.6700,4.6700,-0.0500,-1.0600,1896040.3500,890046.0030,2.0600,4.6700,1.5800,1.5800,0.8700,51.0293,35.6028,2.0646,0.6932,0.5910,3000000.0000,1200000.0000,1200000.0000,14010000.0000,5604000.0000,,,0.0614,0.0614,0.6144,1.9280
2010-01-05,4.6700,4.6800,4.5700,4.6300,-0.0400,-0.8600,1932049.3000,892769.1300,2.0400,4.6300,1.6100,1.6100,0.8600,50.5922,35.2979,2.0469,0.6873,0.5859,3000000.0000,1200000.0000,1200000.0000,13890000.0000,5556000.0000,,,0.0621,0.0621,0.6210,1.9486
2010-01-06,4.6200,4.6300,4.5700,4.5900,-0.0400,-0.8600,1708068.3600,785179.3120,2.0200,4.5900,1.4234,1.4234,0.7500,50.1552,34.9929,2.0292,0.6814,0.5809,3000000.0000,1200000.0000,1200000.0000,13770000.0000,5508000.0000,,,0.0628,0.0628,0.6277,1.9697
2010-01-07,4.5800,4.6000,4.5000,4.5300,-0.0600,-1.3100,2239723.4800,1018802.7150,2.0000,4.5300,1.8664,1.8664,0.9800,49.4995,34.5355,2.0027,0.6725,0.5733,3000000.0000,1200000.0000,1200000.0000,13590000.0000,5436000.0000,,,0.0633,0.0633,0.6332,1.9869
2010-01-08,4.5100,4.5600,4.5000,4.5500,0.0200,0.4400,1263173.2500,572283.7640,2.0100,4.5500,1.0526,1.0526,0.5800,49.7181,34.6880,2.0115,0.6754,0.5758,3000000.0000,1200000.0000,1200000.0000,13650000.0000,5460000.0000,,,0.0643,0.0643,0.6430,2.0177
2010-01-11,4.6400,4.6900,4.5400,4.5600,0.0100,0.2200,2077905.9300,954946.9660,2.0100,4.5600,1.7316,1.7316,1.1500,49.8274,34.7642,2.0160,0.6769,0.5771,3000000.0000,1200000.0000,1200000.0000,13680000.0000,5472000.0000,,,0.0625,0.0625,0.6250,1.9612
2010-01-12,4.5600,4.6000,4.5000,4.5900,0.0300,0.6600,2113425.5700,962560.0940,2.0200,4.5900,1.7612,1.7612,1.1500,50.1552,34.9929,2.0292,0.6814,0.5809,3000000.0000,1200000.0000,1200000.0000,13770000.0000,5508000.0000,,,0.0636,0.0636,0.6360,1.9956
2010-01-13,4.5100,4.5500,4.4900,4.5000,-0.0900,-1.9600,2335797.9900,1055076.3780,1.9800,4.5000,1.9465,1.9465,1.2400,49.1717,34.3068,1.9894,0.6680,0.5695,3000000.0000,1200000.0000,1200000.0000,13500000.0000,5400000.0000,,,0.0643,0.0643,0.6430,2.0177
2010-01-14,4.5200,4.5400,4.4900,4.5300,0.0300,0.6700,1876769.4500,847917.5210,2.0000,4.5300,1.5640,1.5640,0.9400,49.4995,34.5355,2.0027,0.6725,0.5733,3000000.0000,1200000.0000,1200000.0000,13590000.0000,5436000.0000,,,0.0642,0.0642,0.6416,2.0133
2010-01-15,4.5300,4.5600,4.5100,4.5500,0.0200,0.4400,1405243.2800,637294.1550,2.0100,4.5500,1.1710,1.1710,0.7300,49.7181,34.6880,2.0115,0.6754,0.5758,3000000.0000,1200000.0000,1200000.0000,13650000.0000,5460000.0000,,,0.0640,0.0640,0.6402,2.0088
2010-01-18,4.5400,4.5400,4.4900,4.5300,-0.0200,-0.4400,2245419.8900,1012802.2100,2.0000,4.5300,1.8712,1.8712,1.1400,49.4995,34.5355,2.0027,0.6725,0.5733,3000000.0000,1200000.0000,1200000.0000,13590000.0000,5436000.0000,,,0.0639,0.0639,0.6388,2.0044
2010-01-19,4.5300,4.5500,4.5100,4.5300,0.0000,0.0000,1542252.4100,697815.6340,2.0000,4.5300,1.2852,1.2852,0.7700,49.4995,34.5355,2.0027,0.6725,0.5733,3000000.0000,1200000.0000,1200000.0000,13590000.0000,5436000.0000,,,0.0640,0.0640,0.6402,2.0088
2010-01-20,4.5300,4.5400,4.4000,4.4200,-0.1100,-2.4300,2919884.6400,1303517.9780,1.9500,4.4200,2.4332,2.4332,1.5500,48.2976,33.6969,1.9541,0.6561,0.5594,3000000.0000,1200000.0000,1200000.0000,13260000.0000,5304000.0000,,,0.0640,0.0640,0.6402,2.0088
2010-01-21,4.4400,4.4700,4.4000,4.4300,0.0100,0.2300,2677636.5100,1184906.4830,1.9500,4.4300,2.2314,2.2314,1.3400,48.4068,33.7731,1.9585,0.6576,0.5606,3000000.0000,1200000.0000,1200000.0000,13290000.0000,5316000.0000,,,0.0653,0.0653,0.6532,2.0495
2010-01-22,4.4000,4.4100,4.3300,4.4100,-0.0200,-0.4500,2493127.4300,1090291.3500,1.9400,4.4100,2.0776,2.0776,1.1600,48.1883,33.6206,1.9496,0.6546,0.5581,3000000.0000,1200000.0000,1200000.0000,13230000.0000,5292000.0000,,,0.0659,0.0659,0.6591,2.0682
2010-01-26,4.3600,4.3900,4.2200,4.2700,-0.1400,-3.1700,2500298.4400,1069686.9650,1.8800,4.2700,2.0836,2.0836,1.0500,46.6585,32.5533,1.8878,0.6339,0.5404,3000000.0000,1200000.0000,1200000.0000,12810000.0000,5124000.0000,,,0.0665,0.0665,0.6651,2.0872
2010-01-27,4.2600,4.2800,4.2100,4.2600,-0.0100,-0.2300,1276261.5400,542192.9680,1.8800,4.2600,1.0636,1.0636,0.5300,46.5492,32.4771,1.8833,0.6324,0.5391,3000000.0000,1200000.0000,1200000.0000,12780000.0000,5112000.0000,,,0.0681,0.0681,0.6808,2.1362
2010-01-28,4.2500,4.2800,4.2200,4.2800,0.0200,0.4700,1131701.5900,480832.9800,1.8900,4.2800,0.9431,0.9431,0.4800,46.7678,32.6296,1.8922,0.6353,0.5417,3000000.0000,1200000.0000,1200000.0000,12840000.0000,5136000.0000,,,0.0682,0.0682,0.6824,2.1412
2010-01-29,4.2500,4.3000,4.2300,4.2600,-0.0200,-0.4700,1169346.8300,498497.6330,1.8800,4.2600,0.9745,0.9745,0.5800,46.5492,32.4771,1.8833,0.6324,0.5391,3000000.0000,1200000.0000,1200000.0000,12780000.0000,5112000.0000,,,0.0682,0.0682,0.6824,2.1412
2010-02-01,4.2500,4.2500,4.1800,4.2200,-0.0400,-0.9400,1443086.9800,607239.8620,1.8600,4.2200,1.2026,1.2026,0.8400,46.1122,32.1721,1.8656,0.6264,0.5341,3000000.0000,1200000.0000,1200000.0000,12660000.0000,5064000.0000,,,0.0682,0.0682,0.6824,2.1412
2010-02-02,4.2200,4.2500,4.1900,4.1900,-0.0300,-0.7100,1019195.8400,430240.9400,1.8500,4.1900,0.8493,0.8493,0.6800,45.7843,31.9434,1.8524,0.6220,0.5303,3000000.0000,1200000.0000,1200000.0000,12570000.0000,5028000.0000,,,0.0687,0.0687,0.6872,2.1564
2010-02-03,4.1900,4.2300,4.1200,4.2200,0.0300,0.7200,1537258.8900,642905.0980,1.8600,4.2200,1.2810,1.2810,1.2700,46.1122,32.1721,1.8656,0.6264,0.5341,3000000.0000,1200000.0000,1200000.0000,12660000.0000,5064000.0000,,,0.0692,0.0692,0.6921,2.1718
2010-02-04,4.2000,4.3300,4.1700,4.2700,0.0500,1.1800,1892732.0900,803870.7670,1.8800,4.2700,1.5773,1.5773,1.5000,46.6585,32.5533,1.8878,0.6339,0.5404,3000000.0000,1200000.0000,1200000.0000,12810000.0000,5124000.0000,,,0.0690,0.0690,0.6905,2.1667
2010-02-05,4.1800,4.2200,4.1600,4.1900,-0.0800,-1.8700,1184871.7600,496697.1690,1.8500,4.1900,0.9874,0.9874,0.8400,45.7843,31.9434,1.8524,0.6220,0.5303,3000000.0000,1200000.0000,1200000.0000,12570000.0000,5028000.0000,,,0.0694,0.0694,0.6938,2.1770
2010-02-08,4.1900,4.2200,4.1700,4.1900,0.0000,0.0000,791404.4600,331644.3730,1.8500,4.1900,0.6595,0.6595,0.5600,45.7843,31.9434,1.8524,0.6220,0.5303,3000000.0000,1200000.0000,1200000.0000,12570000.0000,5028000.0000,,,0.0692,0.0692,0.6921,2.1718
2010-02-09,4.1800,4.2000,4.1700,4.2000,0.0100,0.2400,672927.9300,281919.0790,1.8500,4.2000,0.5608,0.5608,0.5200,45.8936,32.0197,1.8568,0.6235,0.5315,3000000.0000,1200000.0000,1200000.0000,12600000.0000,5040000.0000,,,0.0694,0.0694,0.6938,2.1770
2010-02-10,4.2200,4.2400,4.2000,4.2400,0.0400,0.9500,740513.5500,312205.5950,1.8700,4.2400,0.6171,0.6171,0.6100,46.3307,32.3246,1.8745,0.6294,0.5366,3000000.0000,1200000.0000,1200000.0000,12720000.0000,5088000.0000,,,0.0687,0.0687,0.6872,2.1564
2010-02-11,4.2500,4.2900,4.2300,4.2800,0.0400,0.9400,1219226.1900,520765.7910,1.8900,4.2800,1.0160,1.0160,1.1500,46.7678,32.6296,1.8922,0.6353,0.5417,3000000.0000,1200000.0000,1200000.0000,12840000.0000,5136000.0000,,,0.0682,0.0682,0.6824,2.1412
2010-02-12,4.2800,4.2900,4.2500,4.2800,0.0000,0.0000,1132236.2400,484066.7230,1.8900,4.2800,0.9435,0.9435,1.2300,46.7678,32.6296,1.8922,0.6353,0.5417,3000000.0000,1200000.0000,1200000.0000,12840000.0000,5136000.0000,,,0.0678,0.0678,0.6776,2.1262
2010-02-22,4.3000,4.3500,4.2800,4.3000,0.0200,0.4700,1237936.0200,534577.8740,1.8900,4.3000,1.0316,1.0316,1.3600,46.9863,32.7820,1.9010,0.6383,0.5442,3000000.0000,1200000.0000,1200000.0000,12900000.0000,5160000.0000,,,0.0674,0.0674,0.6744,2.1163
2010-02-23,4.3000,4.3000,4.2100,4.2600,-0.0400,-0.9300,943409.4800,400750.7880,1.8800,4.2600,0.7862,0.7862,0.9400,46.5492,32.4771,1.8833,0.6324,0.5391,3000000.0000,1200000.0000,1200000.0000,12780000.0000,5112000.0000,,,0.0674,0.0674,0.6744,2.1163
2010-02-24,4.2500,4.3200,4.2200,4.3100,0.0500,1.1700,1081112.1100,463006.0660,1.9000,4.3100,0.9009,0.9009,1.0300,47.0956,32.8583,1.9054,0.6398,0.5454,3000000.0000,1200000.0000,1200000.0000,12930000.0000,5172000.0000,,,0.0682,0.0682,0.6824,2.1412
2010-02-25,4.3400,4.3700,4.3100,4.3600,0.0500,1.1600,1749832.0300,759584.3590,1.9200,4.3600,1.4582,1.4582,1.5600,47.6419,33.2395,1.9275,0.6472,0.5518,3000000.0000,1200000.0000,1200000.0000,13080000.0000,5232000.0000,,,0.0668,0.0668,0.6682,2.0968
2010-02-26,4.3500,4.3900,4.3300,4.3500,-0.0100,-0.2300,1598131.0100,696766.4880,1.9200,4.3500,1.3318,1.3318,1.3000,47.5327,33.1632,1.9231,0.6457,0.5505,3000000.0000,1200000.0000,1200000.0000,13050000.0000,5220000.0000,,,0.0667,0.0667,0.6667,2.0920
2010-03-01,4.3500,4.3900,4.3200,4.3600,0.0100,0.2300,1582736.8300,689205.2700,1.9200,4.3600,1.3189,1.3189,1.2000,47.6419,33.2395,1.9275,0.6472,0.5518,3000000.0000,1200000.0000,1200000.0000,13080000.0000,5232000.0000,,,0.0667,0.0667,0.6667,2.0920
2010-03-02,4.3600,4.4300,4.3500,4.3900,0.0300,0.6900,1571908.1400,688983.4310,1.9300,4.3900,1.3099,1.3099,1.1300,47.9698,33.4682,1.9408,0.6517,0.5556,3000000.0000,1200000.0000,1200000.0000,13170000.0000,5268000.0000,,,0.0665,0.0665,0.6651,2.0872
2010-03-03,4.4000,4.4300,4.3600,4.3800,-0.0100,-0.2300,1304419.4900,572898.7670,1.9300,4.3800,1.0870,1.0870,0.8600,47.8605,33.3919,1.9364,0.6502,0.5543,3000000.0000,1200000.0000,1200000.0000,13140000.0000,5256000.0000,,,0.0659,0.0659,0.6591,2.0682
2010-03-04,4.3800,4.3900,4.2700,4.2800,-0.1000,-2.2800,1675315.0700,726301.6800,1.8900,4.2800,1.3961,1.3961,1.0700,46.7678,32.6296,1.8922,0.6353,0.5417,3000000.0000,1200000.0000,1200000.0000,12840000.0000,5136000.0000,,,0.0662,0.0662,0.6621,2.0776
2010-03-05,4.2800,4.3100,4.2500,4.2800,0.0000,0.0000,1045395.9300,447680.4390,1.8900,4.2800,0.8712,0.8712,0.6800,46.7678,32.6296,1.8922,0.6353,0.5417,3000000.0000,1200000.0000,1200000.0000,12840000.0000,5136000.0000,,,0.0678,0.0678,0.6776,2.1262
2010-03-08,4.2800,4.3000,4.2600,4.2800,0.0000,0.0000,772337.7100,330959.3270,1.8900,4.2800,0.6436,0.6436,0.5400,46.7678,32.6296,1.8922,0.6353,0.5417,3000000.0000,1200000.0000,1200000.0000,12840000.0000,5136000.0000,,,0.0678,0.0678,0.6776,2.1262
2010-03-09,4.2800,4.3600,4.2500,4.3300,0.0500,1.1700,1263170.3500,544707.9930,1.9100,4.3300,1.0526,1.0526,0.9900,47.3141,33.0107,1.9143,0.6428,0.5480,3000000.0000,1200000.0000,1200000.0000,12990000.0000,5196000.0000,,,0.0678,0.0678,0.6776,2.1262
2010-03-10,4.3300,4.3400,4.2700,4.2900,-0.0400,-0.9200,820287.6300,352762.3770,1.8900,4.2900,0.6836,0.6836,0.6800,46.8770,32.7058,1.8966,0.6368,0.5429,3000000.0000,1200000.0000,1200000.0000,12870000.0000,5148000.0000,,,0.0670,0.0670,0.6697,2.1016
2010-03-11,4.2900,4.3200,4.2600,4.3000,0.0100,0.2300,761734.0000,327071.9180,1.8900,4.3000,0.6348,0.6348,0.6800,46.9863,32.7820,1.9010,0.6383,0.5442,3000000.0000,1200000.0000,1200000.0000,12900000.0000,5160000.0000,,,0.0676,0.0676,0.6760,2.1212
2010-03-12,4.2900,4.3000,4.2400,4.2400,-0.0600,-1.4000,927295.4100,395430.0380,1.8700,4.2400,0.7727,0.7727,0.9900,46.3307,32.3246,1.8745,0.6294,0.5366,3000000.0000,1200000.0000,1200000.0000,12720000.0000,5088000.0000,,,0.0676,0.0676,0.6760,2.1212
2010-03-15,4.2400,4.2600,4.2000,4.2200,-0.0200,-0.4700,740703.5100,312424.3960,1.8600,4.2200,0.6173,0.6173,0.8100,46.1122,32.1721,1.8656,0.6264,0.5341,3000000.0000,1200000.0000,1200000.0000,12660000.0000,5064000.0000,,,0.0684,0.0684,0.6840,2.1462
2010-03-16,4.2200,4.2300,4.1900,4.2200,0.0000,0.0000,556519.2000,234188.3080,1.8600,4.2200,0.4638,0.4638,0.6200,46.1122,32.1721,1.8656,0.6264,0.5341,3000000.0000,1200000.0000,1200000.0000,12660000.0000,5064000.0000,,,0.0687,0.0687,0.6872,2.1564
2010-03-17,4.2200,4.2800,4.2200,4.2700,0.0500,1.1800,1020692.4500,433573.1800,1.8800,4.2700,0.8506,0.8506,1.3400,46.6585,32.5533,1.8878,0.6339,0.5404,3000000.0000,1200000.0000,1200000.0000,12810000.0000,5124000.0000,,,0.0687,0.0687,0.6872,2.1564
2010-03-18,4.2700,4.3000,4.2500,4.2600,-0.0100,-0.2300,855701.3900,365396.4490,1.8800,4.2600,0.7131,0.7131,1.0700,46.5492,32.4771,1.8833,0.6324,0.5391,3000000.0000,1200000.0000,1200000.0000,12780000.0000,5112000.0000,,,0.0679,0.0679,0.6792,2.1311
2010-03-19,4.2800,4.2900,4.2400,4.2800,0.0200,0.4700,812591.3700,346941.5590,1.8900,4.2800,0.6772,0.6772,0.9900,46.7678,32.6296,1.8922,0.6353,0.5417,3000000.0000,1200000.0000,1200000.0000,12840000.0000,5136000.0000,,,0.0678,0.0678,0.6776,2.1262
2010-03-22,4.2800,4.3200,4.2700,4.3000,0.0200,0.4700,1011467.3500,434509.6980,1.8900,4.3000,0.8429,0.8429,1.2700,46.9863,32.7820,1.9010,0.6383,0.5442,3000000.0000,1200000.0000,1200000.0000,12900000.0000,5160000.0000,,,0.0678,0.0678,0.6776,2.1262
2010-03-23,4.3000,4.3000,4.2400,4.2500,-0.0500,-1.1600,924589.4600,394133.7970,1.8700,4.2500,0.7705,0.7705,1.0900,46.4400,32.4008,1.8789,0.6309,0.5379,3000000.0000,1200000.0000,1200000.0000,12750000.0000,5100000.0000,,,0.0674,0.0674,0.6744,2.1163
2010-03-24,4.2600,4.2800,4.2300,4.2400,-0.0100,-0.2400,773906.2300,328807.3190,1.8700,4.2400,0.6449,0.6449,0.8400,46.3307,32.3246,1.8745,0.6294,0.5366,3000000.0000,1200000.0000,1200000.0000,12720000.0000,5088000.0000,,,0.0681,0.0681,0.6808,2.1362
2010-03-25,4.2300,4.2400,4.1800,4.1900,-0.0500,-1.1800,1166539.7200,489719.1110,1.8500,4.1900,0.9721,0.9721,1.3300,45.7843,31.9434,1.8524,0.6220,0.5303,3000000.0000,1200000.0000,1200000.0000,12570000.0000,5028000.0000,,,0.0686,0.0686,0.6856,2.1513
2010-03-26,4.1900,4.2400,4.1800,4.2300,0.0400,0.9500,741609.8300,312346.1260,1.8600,4.2300,0.6180,0.6180,0.7900,46.2214,32.2484,1.8701,0.6279,0.5353,3000000.0000,1200000.0000,1200000.0000,12690000.0000,5076000.0000,,,0.0692,0.0692,0.6921,2.1718
2010-03-29,4.2400,4.4600,4.2200,4.3700,0.1400,3.3100,4263832.9200,1867802.6850,1.9300,4.3700,3.5532,3.5532,4.6200,47.7512,33.3157,1.9320,0.6487,0.5530,3000000.0000,1200000.0000,1200000.0000,13110000.0000,5244000.0000,,,0.0684,0.0684,0.6840,2.1462
2010-03-30,4.3400,4.3600,4.3000,4.3300,-0.0400,-0.9200,1662175.8900,719256.4250,1.9100,4.3300,1.3851,1.3851,1.0600,47.3141,33.0107,1.9143,0.6428,0.5480,3000000.0000,1200000.0000,1200000.0000,12990000.0000,5196000.0000,,,0.0668,0.0668,0.6682,2.0968
2010-03-31,4.3400,4.3600,4.2900,4.3400,0.0100,0.2300,1415807.9500,611011.1860,1.9100,4.3400,1.1798,1.1798,0.8200,47.4234,33.0870,1.9187,0.6442,0.5492,3000000.0000,1200000.0000,1200000.0000,13020000.0000,5208000.0000,,,0.0668,0.0668,0.6682,2.0968
2010-04-01,4.3300,4.4200,4.3200,4.4000,0.0600,1.3800,2489429.9400,1091267.2560,1.9400,4.4000,2.0745,2.0745,1.3500,48.0790,33.5444,1.9452,0.6532,0.5568,3000000.0000,1200000.0000,1200000.0000,13200000.0000,5280000.0000,,,0.0670,0.0670,0.6697,2.1016
2010-04-02,4.4000,4.4100,4.3600,4.4000,0.0000,0.0000,1469555.3900,644318.1300,1.9400,4.4000,1.2246,1.2246,0.6900,48.0790,33.5444,1.9452,0.6532,0.5568,3000000.0000,1200000.0000,1200000.0000,13200000.0000,5280000.0000,,,0.0659,0.0659,0.6591,2.0682
2010-04-06,4.4100,4.4200,4.3300,4.3500,-0.0500,-1.1400,1603704.1400,699803.5450,1.9200,4.3500,1.3364,1.3364,0.7100,47.5327,33.1632,1.9231,0.6457,0.5505,3000000.0000,1200000.0000,1200000.0000,13050000.0000,5220000.0000,,,0.0658,0.0658,0.6576,2.0635
2010-04-07,4.3400,4.3500,4.3100,4.3200,-0.0300,-0.6900,1070527.6100,462460.7440,1.9000,4.3200,0.8921,0.8921,0.6200,47.2049,32.9345,1.9099,0.6413,0.5467,3000000.0000,1200000.0000,1200000.0000,12960000.0000,5184000.0000,,,0.0668,0.0668,0.6682,2.0968
2010-04-08,4.3200,4.3300,4.2500,4.2800,-0.0400,-0.9300,1428825.5600,611375.5860,1.8900,4.2800,1.1907,1.1907,0.8900,46.7678,32.6296,1.8922,0.6353,0.5417,3000000.0000,1200000.0000,1200000.0000,12840000.0000,5136000.0000,,,0.0671,0.0671,0.6713,2.1065
2010-04-12,4.3000,4.3100,4.2200,4.2400,-0.0400,-0.9300,1652554.6800,701702.2770,1.8700,4.2400,1.3771,1.3771,1.0200,46.3307,32.3246,1.8745,0.6294,0.5366,3000000.0000,1200000.0000,1200000.0000,12720000.0000,5088000.0000,,,0.0674,0.0674,0.6744,2.1163
2010-04-13,4.2500,4.3100,4.2200,4.2900,0.0500,1.1800,1702268.0000,725972.7700,1.8900,4.2900,1.4186,1.4186,1.1800,46.8770,32.7058,1.8966,0.6368,0.5429,3000000.0000,1200000.0000,1200000.0000,12870000.0000,5148000.0000,,,0.0682,0.0682,0.6824,2.1412
2010-04-14,4.2800,4.2900,4.2400,4.2600,-0.0300,-0.7000,905854.8600,385210.8300,1.8800,4.2600,0.7549,0.7549,0.6100,46.5492,32.4771,1.8833,0.6324,0.5391,3000000.0000,1200000.0000,1200000.0000,12780000.0000,5112000.0000,,,0.0678,0.0678,0.6776,2.1262
2010-04-15,4.2500,4.2600,4.2100,4.2400,-0.0200,-0.4700,1205628.0900,509927.4250,1.8700,4.2400,1.0047,1.0047,0.8900,46.3307,32.3246,1.8745,0.6294,0.5366,3000000.0000,1200000.0000,1200000.0000,12720000.0000,5088000.0000,,,0.0682,0.0682,0.6824,2.1412
2010-04-16,4.2200,4.2400,4.2000,4.2200,-0.0200,-0.4700,848261.5300,357543.9190,1.8600,4.2200,0.7069,0.7069,0.6200,46.1122,32.1721,1.8656,0.6264,0.5341,3000000.0000,1200000.0000,1200000.0000,12660000.0000,5064000.0000,,,0.0687,0.0687,0.6872,2.1564
2010-04-19,4.1900,4.2000,4.0700,4.0800,-0.1400,-3.3200,2384551.7700,987030.0940,1.8000,4.0800,1.9871,1.9871,1.8900,44.5824,31.1048,1.8038,0.6057,0.5163,3000000.0000,1200000.0000,1200000.0000,12240000.0000,4896000.0000,,,0.0692,0.0692,0.6921,2.1718
2010-04-20,4.0800,4.1100,4.0100,4.0500,-0.0300,-0.7400,1572777.0900,635419.8980,1.7800,4.0500,1.3106,1.3106,1.1200,21.2049,21.2049,1.7506,0.4666,0.4666,3000000.0000,1200000.0000,1200000.0000,12150000.0000,4860000.0000,,,0.0711,0.0711,0.7108,2.2304
2010-04-21,4.0500,4.0800,4.0100,4.0700,0.0200,0.4900,1285801.2700,520063.0180,1.7900,4.0700,1.0715,1.0715,0.9300,21.3096,21.3096,1.7592,0.4689,0.4689,3000000.0000,1200000.0000,1200000.0000,12210000.0000,4884000.0000,,,0.0716,0.0716,0.7160,2.2469
2010-04-22,4.0700,4.0700,4.0100,4.0200,-0.0500,-1.2300,1239188.5600,499066.3910,1.7700,4.0200,1.0327,1.0327,0.8500,21.0479,21.0479,1.7376,0.4632,0.4632,3000000.0000,1200000.0000,1200000.0000,12060000.0000,4824000.0000,,,0.0713,0.0713,0.7125,2.2359
2010-04-23,4.0200,4.1000,4.0000,4.0600,0.0400,1.0000,1473045.0800,595291.0170,1.7900,4.0600,1.2275,1.2275,1.0000,21.2573,21.2573,1.7549,0.4678,0.4678,3000000.0000,1200000.0000,1200000.0000,12180000.0000,4872000.0000,,,0.0721,0.0721,0.7214,2.2637
2010-04-26,4.0600,4.0700,4.0100,4.0200,-0.0400,-0.9900,856815.6300,345096.1220,1.7700,4.0200,0.7140,0.7140,0.5400,21.0479,21.0479,1.7376,0.4632,0.4632,3000000.0000,1200000.0000,1200000.0000,12060000.0000,4824000.0000,,,0.0714,0.0714,0.7143,2.2414
2010-04-27,4.0100,4.0200,3.9100,3.9300,-0.0900,-2.2400,1514695.6700,598598.4870,1.7300,3.9300,1.2622,1.2622,1.1800,20.5766,20.5766,1.6987,0.4528,0.4528,3000000.0000,1200000.0000,1200000.0000,11790000.0000,4716000.0000,,,0.0723,0.0723,0.7232,2.2693
2010-04-28,3.9200,3.9500,3.8900,3.9100,-0.0200,-0.5100,822795.2100,322042.6500,1.7200,3.9100,0.6857,0.6857,0.6500,20.4719,20.4719,1.6900,0.4505,0.4505,3000000.0000,1200000.0000,1200000.0000,11730000.0000,4692000.0000,,,0.0740,0.0740,0.7398,2.3214
2010-04-29,3.9300,3.9500,3.9000,3.9100,0.0000,0.0000,841063.1100,330283.5940,1.7200,3.9100,0.7009,0.7009,0.7100,20.4719,20.4719,1.6900,0.4505,0.4505,3000000.0000,1200000.0000,1200000.0000,11730000.0000,4692000.0000,,,0.0738,0.0738,0.7379,2.3155
2010-04-30,3.9000,3.9500,3.8700,3.9400,0.0300,0.7700,1042926.5900,407755.0870,1.7400,3.9400,0.8691,0.8691,0.9500,20.6290,18.8413,1.6734,0.4540,0.4236,3000000.0000,1200000.0000,1200000.0000,11820000.0000,4728000.0000,,,0.0744,0.0744,0.7436,2.3333
2010-05-04,3.9000,3.9100,3.8500,3.8600,-0.0800,-2.0300,995082.8300,386256.3650,1.7000,3.8600,0.8292,0.8292,0.9800,20.2101,18.4587,1.6394,0.4447,0.4150,3000000.0000,1200000.0000,1200000.0000,11580000.0000,4632000.0000,,,0.0744,0.0744,0.7436,2.3333
2010-05-05,3.8300,3.8900,3.7500,3.8800,0.0200,0.5200,1483126.2900,564592.9130,1.7100,3.8800,1.2359,1.2359,1.4200,20.3148,18.5543,1.6479,0.4470,0.4172,3000000.0000,1200000.0000,1200000.0000,11640000.0000,4656000.0000,,,0.0757,0.0757,0.7572,2.3760
2010-05-06,3.8500,3.8500,3.7200,3.7300,-0.1500,-3.8700,1053997.4000,398429.0720,1.6400,3.7300,0.8783,0.8783,1.0200,19.5295,17.8370,1.5842,0.4298,0.4010,3000000.0000,1200000.0000,1200000.0000,11190000.0000,4476000.0000,,,0.0753,0.0753,0.7532,2.3636
2010-05-07,3.6800,3.7300,3.6400,3.6900,-0.0400,-1.0700,1381518.7800,508101.8850,1.6300,3.6900,1.1513,1.1513,1.2800,19.3200,17.6457,1.5672,0.4251,0.3967,3000000.0000,1200000.0000,1200000.0000,11070000.0000,4428000.0000,,,0.0788,0.0788,0.7880,2.4728
2010-05-10,3.6900,3.7500,3.6600,3.7400,0.0500,1.3600,1033879.4100,383901.3830,1.6500,3.7400,0.8616,0.8616,0.8700,19.5818,17.8848,1.5884,0.4309,0.4021,3000000.0000,1200000.0000,1200000.0000,11220000.0000,4488000.0000,,,0.0786,0.0786,0.7859,2.4661
2010-05-12,3.6700,3.7900,3.6400,3.7700,0.0300,0.8000,1203833.8800,449463.1340,1.6600,3.7700,1.0032,1.0032,1.0100,19.7389,18.0283,1.6012,0.4344,0.4053,3000000.0000,1200000.0000,1200000.0000,11310000.0000,4524000.0000,,,0.0790,0.0790,0.7902,2.4796
2010-05-13,3.7600,3.7800,3.7100,3.7700,0.0000,0.0000,1064219.8500,398859.8560,1.6600,3.7700,0.8868,0.8868,0.8600,19.7389,18.0283,1.6012,0.4344,0.4053,3000000.0000,1200000.0000,1200000.0000,11310000.0000,4524000.0000,,,0.0771,0.0771,0.7713,2.4202
2010-05-14,3.7400,3.7400,3.6900,3.7000,-0.0700,-1.8600,851072.8000,316084.3970,1.6300,3.7000,0.7092,0.7092,0.7400,19.3724,17.6936,1.5714,0.4263,0.3978,3000000.0000,1200000.0000,1200000.0000,11100000.0000,4440000.0000,,,0.0775,0.0775,0.7754,2.4332
2010-05-17,3.6600,3.6800,3.4900,3.5100,-0.1900,-5.1400,1460515.7400,524169.1100,1.5500,3.5100,1.2171,1.2171,1.3200,18.3776,16.7850,1.4907,0.4044,0.3774,3000000.0000,1200000.0000,1200000.0000,10530000.0000,4212000.0000,,,0.0792,0.0792,0.7923,2.4863
2010-05-18,3.5000,3.6800,3.4300,3.6700,0.1600,4.5600,2166021.3400,771867.9580,1.6200,3.6700,1.8050,1.8050,1.9300,19.2153,17.5501,1.5587,0.4228,0.3946,3000000.0000,1200000.0000,1200000.0000,11010000.0000,4404000.0000,,,0.0829,0.0829,0.8286,2.6000
2010-05-19,3.5900,3.6800,3.5400,3.6000,-0.0700,-1.9100,1118191.2500,403677.7570,1.5900,3.6000,0.9318,0.9318,0.8300,18.8488,17.2154,1.5290,0.4148,0.3871,3000000.0000,1200000.0000,1200000.0000,10800000.0000,4320000.0000,,,0.0808,0.0808,0.8078,2.5348
2010-05-20,3.5800,3.6400,3.5500,3.6000,0.0000,0.0000,803395.2200,288425.9140,1.5900,3.6000,0.6695,0.6695,0.6000,18.8488,17.2154,1.5290,0.4148,0.3871,3000000.0000,1200000.0000,1200000.0000,10800000.0000,4320000.0000,,,0.0810,0.0810,0.8101,2.5419
2010-05-21,3.5100,3.6600,3.4900,3.6500,0.0500,1.3900,1200918.8200,432761.0440,1.6100,3.6500,1.0008,1.0008,0.9400,19.1106,17.4545,1.5502,0.4205,0.3924,3000000.0000,1200000.0000,1200000.0000,10950000.0000,4380000.0000,,,0.0826,0.0826,0.8262,2.5926
2010-05-24,3.6700,3.7600,3.6400,3.7300,0.0800,2.1900,1670810.6400,621700.5660,1.6400,3.7300,1.3923,1.3923,1.2400,19.5295,17.8370,1.5842,0.4298,0.4010,3000000.0000,1200000.0000,1200000.0000,11190000.0000,4476000.0000,,,0.0790,0.0790,0.7902,2.4796
2010-05-25,3.6800,3.7000,3.6200,3.6300,-0.1000,-2.6800,1097646.9000,401219.0350,1.6000,3.6300,0.9147,0.9147,0.7900,19.0059,17.3588,1.5417,0.4182,0.3903,3000000.0000,1200000.0000,1200000.0000,10890000.0000,4356000.0000,,,0.0788,0.0788,0.7880,2.4728
2010-05-26,3.6100,3.6700,3.6100,3.6200,-0.0100,-0.2800,575398.6300,209039.5100,1.6000,3.6200,0.4795,0.4795,0.4900,18.9535,17.3110,1.5375,0.4171,0.3892,3000000.0000,1200000.0000,1200000.0000,10860000.0000,4344000.0000,,,0.0803,0.0803,0.8033,2.5208
2010-05-27,3.6100,3.7500,3.5600,3.6800,0.0600,1.6600,1364679.9100,500846.5460,1.6200,3.6800,1.1372,1.1372,1.2800,19.2677,17.5979,1.5629,0.4240,0.3957,3000000.0000,1200000.0000,1200000.0000,11040000.0000,4416000.0000,,,0.0803,0.0803,0.8033,2.5208
2010-05-28,3.6900,3.7100,3.6300,3.6500,-0.0300,-0.8200,871460.5100,319584.5250,1.6100,3.6500,0.7262,0.7262,0.7400,19.1106,17.4545,1.5502,0.4205,0.3924,3000000.0000,1200000.0000,1200000.0000,10950000.0000,4380000.0000,,,0.0786,0.0786,0.7859,2.4661
2010-05-31,3.6500,3.6700,3.5800,3.5900,-0.0600,-1.6400,685276.5000,248479.7810,1.5800,3.5900,0.5711,0.5711,0.6100,18.7965,17.1675,1.5247,0.4136,0.3860,3000000.0000,1200000.0000,1200000.0000,10770000.0000,4308000.0000,,,0.0795,0.0795,0.7945,2.4932
2010-06-01,3.5700,3.6000,3.5100,3.5900,0.0000,0.0000,797896.8300,283218.5880,1.5800,3.5900,0.6649,0.6649,0.8700,18.7965,17.1675,1.5247,0.4136,0.3860,3000000.0000,1200000.0000,1200000.0000,10770000.0000,4308000.0000,,,0.0812,0.0812,0.8123,2.5490
2010-06-02,3.5300,3.6100,3.5200,3.5800,-0.0100,-0.2800,564615.9900,201408.4680,1.5900,3.6100,0.4705,0.4705,0.6600,18.7441,17.1197,1.5394,0.4125,0.3849,3000000.0000,1200000.0000,1200000.0000,10740000.0000,4296000.0000,,0.8101,0.0822,0.0822,0.8215,2.5779
2010-06-03,3.6000,3.6100,3.5300,3.5600,-0.0200,-0.5600,599496.0100,214049.4230,1.5800,3.5900,0.4996,0.4996,0.7000,18.6394,17.0241,1.5308,0.4102,0.3828,3000000.0000,1200000.0000,1200000.0000,10680000.0000,4272000.0000,,0.8146,0.0806,0.0806,0.8056,2.5278
2010-06-04,3.5400,3.5700,3.5200,3.5500,-0.0100,-0.2800,432232.8000,153162.4820,1.5800,3.5800,0.3602,0.3602,0.6100,18.5870,16.9763,1.5265,0.4090,0.3817,3000000.0000,1200000.0000,1200000.0000,10650000.0000,4260000.0000,,0.8169,0.0819,0.0819,0.8192,2.5706
2010-06-07,3.5000,3.5200,3.4500,3.4900,-0.0600,-1.6900,681217.3100,237408.1230,1.5500,3.5200,0.5677,0.5677,1.1100,18.2729,16.6893,1.5007,0.4021,0.3752,3000000.0000,1200000.0000,1200000.0000,10470000.0000,4188000.0000,,0.8309,0.0829,0.0829,0.8286,2.6000
2010-06-08,3.4800,3.4900,3.4400,3.4800,-0.0100,-0.2900,527031.9400,182757.7710,1.5500,3.5100,0.4392,0.4392,0.8600,18.2205,16.6415,1.4964,0.4010,0.3742,3000000.0000,1200000.0000,1200000.0000,10440000.0000,4176000.0000,,0.8333,0.0833,0.0833,0.8333,2.6149
2010-06-09,3.4900,3.5700,3.4600,3.5500,0.0700,2.0100,920806.7900,323867.4700,1.5800,3.5800,0.7673,0.7673,1.6400,18.5870,16.9763,1.5265,0.4090,0.3817,3000000.0000,1200000.0000,1200000.0000,10650000.0000,4260000.0000,,0.8169,0.0831,0.0831,0.8309,2.6074
2010-06-10,3.5200,3.5300,3.4900,3.5000,-0.0500,-1.4100,653140.7500,229414.1580,1.5500,3.5300,0.5443,0.5443,1.0300,18.3253,16.7372,1.5050,0.4033,0.3763,3000000.0000,1200000.0000,1200000.0000,10500000.0000,4200000.0000,,0.8286,0.0824,0.0824,0.8239,2.5852
2010-06-11,3.5200,3.5700,3.5000,3.5300,0.0300,0.8600,1028000.1000,363249.7750,1.5700,3.5600,0.8567,0.8567,1.6000,18.4823,16.8806,1.5179,0.4067,0.3795,3000000.0000,1200000.0000,1200000.0000,10590000.0000,4236000.0000,,0.8215,0.0824,0.0824,0.8239,2.5852
2010-06-17,3.5400,3.5600,3.5000,3.5400,0.0100,0.2800,789533.7600,278793.1830,1.5700,3.5700,0.6579,0.6579,1.0400,18.5347,16.9284,1.5222,0.4079,0.3806,3000000.0000,1200000.0000,1200000.0000,10620000.0000,4248000.0000,,0.8192,0.0819,0.0819,0.8192,2.5706
2010-06-18,3.5500,3.5700,3.4700,3.4800,-0.0600,-1.6900,837061.1700,295608.1310,1.5500,3.5100,0.6976,0.6976,1.0700,18.2205,16.6415,1.4964,0.4010,0.3742,3000000.0000,1200000.0000,1200000.0000,10440000.0000,4176000.0000,,0.8333,0.0817,0.0817,0.8169,2.5634
2010-06-21,3.4800,3.5700,3.4500,3.5600,0.0800,2.3000,1055221.5000,372306.3460,1.5800,3.5900,0.8794,0.8794,1.2500,18.6394,17.0241,1.5308,0.4102,0.3828,3000000.0000,1200000.0000,1200000.0000,10680000.0000,4272000.0000,,0.8146,0.0833,0.0833,0.8333,2.6149
2010-06-22,3.5400,3.5600,3.5300,3.5500,-0.0100,-0.2800,626298.3500,222189.5040,1.5800,3.5800,0.5219,0.5219,0.7200,18.5870,16.9763,1.5265,0.4090,0.3817,3000000.0000,1200000.0000,1200000.0000,10650000.0000,4260000.0000,,0.8169,0.0819,0.0819,0.8192,2.5706
2010-06-23,3.5300,3.5900,3.5100,3.5300,-0.0200,-0.5600,729386.8500,258601.1930,1.5700,3.5600,0.6078,0.6078,0.8400,18.4823,16.8806,1.5179,0.4067,0.3795,3000000.0000,1200000.0000,1200000.0000,10590000.0000,4236000.0000,,0.8215,0.0822,0.0822,0.8215,2.5779
2010-06-24,3.5300,3.5500,3.5000,3.5300,0.0000,0.0000,528475.1300,186576.0360,1.5700,3.5600,0.4404,0.4404,0.6500,18.4823,16.8806,1.5179,0.4067,0.3795,3000000.0000,1200000.0000,1200000.0000,10590000.0000,4236000.0000,,0.8215,0.0822,0.0822,0.8215,2.5779
2010-06-25,3.5100,3.5900,3.5000,3.5600,0.0300,0.8500,916225.2100,324588.6420,1.5800,3.5900,0.7635,0.7635,1.2100,18.6394,17.0241,1.5308,0.4102,0.3828,3000000.0000,1200000.0000,1200000.0000,10680000.0000,4272000.0000,,0.8146,0.0826,0.0826,0.8262,2.5926
2010-06-28,3.5600,3.6000,3.5300,3.5900,0.0300,0.8400,987118.7100,352246.8500,1.5900,3.6200,0.8226,0.8226,1.2800,18.7965,17.1675,1.5437,0.4136,0.3860,3000000.0000,1200000.0000,1200000.0000,10770000.0000,4308000.0000,,0.8078,0.0815,0.0815,0.8146,2.5562
2010-06-29,3.5800,3.5900,3.4900,3.5000,-0.0900,-2.5100,1666003.0900,590953.6120,1.5500,3.5300,1.3883,1.3883,2.2000,18.3253,16.7372,1.5050,0.4033,0.3763,3000000.0000,1200000.0000,1200000.0000,10500000.0000,4200000.0000,,0.8286,0.0810,0.0810,0.8101,2.5419
2010-06-30,3.4700,3.5200,3.4300,3.5100,0.0100,0.2900,858355.8600,296958.2290,1.5600,3.5400,0.7153,0.7153,0.8900,18.3776,16.7850,1.5093,0.4044,0.3774,3000000.0000,1200000.0000,1200000.0000,10530000.0000,4212000.0000,,0.8262,0.0836,0.0836,0.8357,2.6225
2010-07-01,3.4800,3.5700,3.4800,3.5500,0.0400,1.1400,947920.9900,335452.2190,1.5800,3.5800,0.7899,0.7899,0.9600,18.5870,16.9763,1.5265,0.4090,0.3817,3000000.0000,1200000.0000,1200000.0000,10650000.0000,4260000.0000,,0.8169,0.0833,0.0833,0.8333,2.6149
2010-07-02,3.5600,3.6900,3.5500,3.6800,0.1300,3.6600,2597476.0300,940897.4760,1.6300,3.7100,2.1646,2.1646,2.4200,19.2677,17.5979,1.5824,0.4240,0.3957,3000000.0000,1200000.0000,1200000.0000,11040000.0000,4416000.0000,,0.7880,0.0815,0.0815,0.8146,2.5562
2010-07-05,3.6300,3.6700,3.6100,3.6400,-0.0400,-1.0900,1245663.4100,453731.8050,1.6200,3.6700,1.0381,1.0381,0.8800,19.0583,17.4066,1.5652,0.4194,0.3914,3000000.0000,1200000.0000,1200000.0000,10920000.0000,4368000.0000,,0.7967,0.0799,0.0799,0.7989,2.5069
2010-07-06,3.6400,3.6700,3.6300,3.6600,0.0200,0.5500,892541.2600,326090.4410,1.6300,3.6900,0.7438,0.7438,0.6100,19.1630,17.5023,1.5738,0.4217,0.3935,3000000.0000,1200000.0000,1200000.0000,10980000.0000,4392000.0000,,0.7923,0.0797,0.0797,0.7967,2.5000
2010-07-07,3.6700,3.6800,3.5900,3.6300,-0.0300,-0.8200,663699.9700,240284.0390,1.6100,3.6600,0.5531,0.5531,0.5100,19.0059,17.3588,1.5609,0.4182,0.3903,3000000.0000,1200000.0000,1200000.0000,10890000.0000,4356000.0000,,0.7989,0.0790,0.0790,0.7902,2.4796
2010-07-08,3.6300,3.6500,3.6000,3.6000,-0.0300,-0.8300,623644.2300,225552.0880,1.6000,3.6300,0.5197,0.5197,0.4900,18.8488,17.2154,1.5480,0.4148,0.3871,3000000.0000,1200000.0000,1200000.0000,10800000.0000,4320000.0000,,0.8056,0.0799,0.0799,0.7989,2.5069
2010-07-09,3.6000,3.7200,3.5900,3.6700,0.0700,1.9400,1353110.4600,496187.9200,1.6300,3.7000,1.1276,1.1276,1.1200,19.2153,17.5501,1.5781,0.4228,0.3946,3000000.0000,1200000.0000,1200000.0000,11010000.0000,4404000.0000,,0.7902,0.0806,0.0806,0.8056,2.5278
2010-07-12,3.6700,3.7500,3.6500,3.7300,0.0600,1.6300,1454981.9100,540300.3210,1.6600,3.7600,1.2125,1.2125,1.5200,19.5295,17.8370,1.6039,0.4298,0.4010,3000000.0000,1200000.0000,1200000.0000,11190000.0000,4476000.0000,,0.7775,0.0790,0.0790,0.7902,2.4796
2010-07-13,3.6900,3.7000,3.6400,3.6500,-0.0800,-2.1400,630869.2200,231263.3270,1.6200,3.6800,0.5257,0.5257,0.6300,19.1106,17.4545,1.5695,0.4205,0.3924,3000000.0000,1200000.0000,1200000.0000,10950000.0000,4380000.0000,,0.7945,0.0786,0.0786,0.7859,2.4661
2010-07-14,3.6500,3.7200,3.6500,3.6700,0.0200,0.5500,936251.7800,344832.9080,1.6300,3.7000,0.7802,0.7802,0.9900,19.2153,17.5501,1.5781,0.4228,0.3946,3000000.0000,1200000.0000,1200000.0000,11010000.0000,4404000.0000,,0.7902,0.0795,0.0795,0.7945,2.4932
2010-07-15,3.6700,3.6900,3.6000,3.6100,-0.0600,-1.6300,738343.1400,269215.2120,1.6000,3.6400,0.6153,0.6153,0.7400,18.9012,17.2632,1.5523,0.4159,0.3881,3000000.0000,1200000.0000,1200000.0000,10830000.0000,4332000.0000,,0.8033,0.0790,0.0790,0.7902,2.4796
2010-07-16,3.6000,3.6200,3.5800,3.6000,-0.0100,-0.2800,478960.2000,172120.3550,1.6000,3.6300,0.3991,0.3991,0.4700,18.8488,17.2154,1.5480,0.4148,0.3871,3000000.0000,1200000.0000,1200000.0000,10800000.0000,4320000.0000,,0.8056,0.0806,0.0806,0.8056,2.5278
2010-07-19,3.5800,3.6900,3.5700,3.6600,0.0600,1.6700,805415.6300,292445.3260,1.6300,3.6900,0.6712,0.6712,0.9500,19.1630,17.5023,1.5738,0.4217,0.3935,3000000.0000,1200000.0000,1200000.0000,10980000.0000,4392000.0000,,0.7923,0.0810,0.0810,0.8101,2.5419
2010-07-20,3.6600,3.7400,3.6500,3.7100,0.0500,1.3700,1197363.6500,443442.7240,1.6500,3.7400,0.9978,0.9978,1.6700,19.4248,17.7414,1.5953,0.4275,0.3989,3000000.0000,1200000.0000,1200000.0000,11130000.0000,4452000.0000,,0.7817,0.0792,0.0792,0.7923,2.4863
2010-07-21,3.7100,3.7800,3.6800,3.7300,0.0200,0.5400,1238855.3600,461376.9820,1.6600,3.7600,1.0324,1.0324,1.4900,19.5295,17.8370,1.6039,0.4298,0.4010,3000000.0000,1200000.0000,1200000.0000,11190000.0000,4476000.0000,,0.7775,0.0782,0.0782,0.7817,2.4528
2010-07-22,3.7100,3.7700,3.7000,3.7500,0.0200,0.5400,1077874.8000,403961.6320,1.6700,3.7800,0.8982,0.8982,1.2100,19.6342,17.9327,1.6125,0.4321,0.4032,3000000.0000,1200000.0000,1200000.0000,11250000.0000,4500000.0000,,0.7733,0.0782,0.0782,0.7817,2.4528
2010-07-23,3.7500,3.8000,3.7400,3.7600,0.0100,0.2700,1329279.0500,501210.6260,1.6700,3.7900,1.1077,1.1077,1.3900,19.6866,17.9805,1.6168,0.4332,0.4043,3000000.0000,1200000.0000,1200000.0000,11280000.0000,4512000.0000,,0.7713,0.0773,0.0773,0.7733,2.4267
2010-07-26,3.7700,3.8000,3.7300,3.7600,0.0000,0.0000,997862.6500,375410.7880,1.6700,3.7900,0.8316,0.8316,0.8800,19.6866,17.9805,1.6168,0.4332,0.4043,3000000.0000,1200000.0000,1200000.0000,11280000.0000,4512000.0000,,0.7713,0.0769,0.0769,0.7692,2.4138
2010-07-27,3.7500,3.7700,3.7100,3.7400,-0.0200,-0.5300,788012.0800,294448.0460,1.6600,3.7700,0.6567,0.6567,0.6700,19.5818,17.8848,1.6082,0.4309,0.4021,3000000.0000,1200000.0000,1200000.0000,11220000.0000,4488000.0000,,0.7754,0.0773,0.0773,0.7733,2.4267
2010-07-28,3.7500,3.8300,3.7200,3.8000,0.0600,1.6000,2128447.8100,803298.7970,1.6900,3.8300,1.7737,1.7737,1.9600,19.8960,18.1718,1.6340,0.4378,0.4086,3000000.0000,1200000.0000,1200000.0000,11400000.0000,4560000.0000,,0.7632,0.0773,0.0773,0.7733,2.4267
2010-07-29,3.8100,3.9200,3.8000,3.8500,0.0500,1.3200,2776099.0200,1072103.5470,1.7100,3.8800,2.3134,2.3134,2.2000,20.1578,18.4109,1.6555,0.4436,0.4139,3000000.0000,1200000.0000,1200000.0000,11550000.0000,4620000.0000,,0.7532,0.0761,0.0761,0.7612,2.3885
2010-07-30,3.8500,3.8500,3.8000,3.8300,-0.0200,-0.5200,887296.8300,339665.5820,1.7000,3.8600,0.7394,0.7394,0.5500,20.0531,18.3152,1.6469,0.4413,0.4118,3000000.0000,1200000.0000,1200000.0000,11490000.0000,4596000.0000,,0.7572,0.0753,0.0753,0.7532,2.3636
2010-08-02,3.8300,3.8900,3.8100,3.8700,0.0400,1.0400,1134848.4500,437369.8110,1.7200,3.9000,0.9457,0.9457,0.7500,20.2625,18.5065,1.6641,0.4459,0.4161,3000000.0000,1200000.0000,1200000.0000,11610000.0000,4644000.0000,,0.7494,0.0757,0.0757,0.7572,2.3760
2010-08-03,3.8700,3.8900,3.8100,3.8400,-0.0300,-0.7800,1680824.4200,647524.6880,1.7100,3.8700,1.4007,1.4007,1.0900,20.1054,18.3630,1.6512,0.4424,0.4129,3000000.0000,1200000.0000,1200000.0000,11520000.0000,4608000.0000,,0.7552,0.0749,0.0749,0.7494,2.3514
2010-08-04,3.8300,3.8900,3.7900,3.8500,0.0100,0.2600,1572627.4500,602520.6000,1.7100,3.8800,1.3105,1.3105,0.9100,20.1578,18.4109,1.6555,0.4436,0.4139,3000000.0000,1200000.0000,1200000.0000,11550000.0000,4620000.0000,,0.7532,0.0757,0.0757,0.7572,2.3760
2010-08-05,3.8400,3.8500,3.7500,3.8000,-0.0500,-1.3000,1611292.7700,612106.3880,1.6900,3.8300,1.3427,1.3427,1.0000,19.8960,18.1718,1.6340,0.4378,0.4086,3000000.0000,1200000.0000,1200000.0000,11400000.0000,4560000.0000,,0.7632,0.0755,0.0755,0.7552,2.3698
2010-08-06,3.7800,3.7900,3.7200,3.7800,-0.0200,-0.5300,1487484.3800,558560.3650,1.6800,3.8100,1.2396,1.2396,1.0800,19.7913,18.0761,1.6254,0.4355,0.4064,3000000.0000,1200000.0000,1200000.0000,11340000.0000,4536000.0000,,0.7672,0.0767,0.0767,0.7672,2.4074
2010-08-09,3.7700,3.8000,3.7400,3.7900,0.0100,0.2600,1167361.4700,439640.7510,1.6800,3.8200,0.9728,0.9728,0.7800,19.8436,18.1239,1.6297,0.4367,0.4075,3000000.0000,1200000.0000,1200000.0000,11370000.0000,4548000.0000,,0.7652,0.0769,0.0769,0.7692,2.4138
2010-08-10,3.7900,3.7900,3.6600,3.6700,-0.1200,-3.1700,1519651.7700,564354.4650,1.6300,3.7000,1.2664,1.2664,1.0100,19.2153,17.5501,1.5781,0.4228,0.3946,3000000.0000,1200000.0000,1200000.0000,11010000.0000,4404000.0000,,0.7902,0.0765,0.0765,0.7652,2.4011
2010-08-11,3.6700,3.8000,3.6500,3.7200,0.0500,1.3600,1570835.6300,584955.0710,1.6500,3.7500,1.3090,1.3090,1.0700,19.4771,17.7892,1.5996,0.4286,0.4000,3000000.0000,1200000.0000,1200000.0000,11160000.0000,4464000.0000,,0.7796,0.0790,0.0790,0.7902,2.4796
2010-08-12,3.6900,3.7500,3.6600,3.6700,-0.0500,-1.3400,800259.9000,296046.8870,1.6300,3.7000,0.6669,0.6669,0.5400,19.2153,17.5501,1.5781,0.4228,0.3946,3000000.0000,1200000.0000,1200000.0000,11010000.0000,4404000.0000,,0.7902,0.0786,0.0786,0.7859,2.4661
2010-08-13,3.6700,3.7100,3.6500,3.7000,0.0300,0.8200,578259.2200,212888.2500,1.6400,3.7300,0.4819,0.4819,0.4400,19.3724,17.6936,1.5910,0.4263,0.3978,3000000.0000,1200000.0000,1200000.0000,11100000.0000,4440000.0000,,0.7838,0.0790,0.0790,0.7902,2.4796
2010-08-16,3.6900,3.7700,3.6700,3.7500,0.0500,1.3500,1345852.8700,502122.3080,1.6700,3.7800,1.1215,1.1215,1.1900,19.6342,17.9327,1.6125,0.4321,0.4032,3000000.0000,1200000.0000,1200000.0000,11250000.0000,4500000.0000,,0.7733,0.0786,0.0786,0.7859,2.4661
2010-08-17,3.7500,3.7600,3.7200,3.7400,-0.0100,-0.2700,782378.6100,292416.1250,1.6600,3.7700,0.6520,0.6520,0.6700,19.5818,17.8848,1.6082,0.4309,0.4021,3000000.0000,1200000.0000,1200000.0000,11220000.0000,4488000.0000,,0.7754,0.0773,0.0773,0.7733,2.4267
2010-08-18,3.7500,3.7600,3.6800,3.7300,-0.0100,-0.2700,839231.4100,312082.7290,1.6600,3.7600,0.6994,0.6994,0.8300,19.5295,17.8370,1.6039,0.4298,0.4010,3000000.0000,1200000.0000,1200000.0000,11190000.0000,4476000.0000,,0.7775,0.0773,0.0773,0.7733,2.4267
2010-08-19,3.7200,3.7400,3.6700,3.7100,-0.0200,-0.5400,1109090.6800,411629.6670,1.6500,3.7400,0.9242,0.9242,1.2800,19.4248,17.7414,1.5953,0.4275,0.3989,3000000.0000,1200000.0000,1200000.0000,11130000.0000,4452000.0000,,0.7817,0.0780,0.0780,0.7796,2.4462
2010-08-20,3.7000,3.7000,3.6400,3.6900,-0.0200,-0.5400,1250671.9300,458563.0300,1.6400,3.7200,1.0422,1.0422,1.3400,19.3200,17.6457,1.5867,0.4251,0.3967,3000000.0000,1200000.0000,1200000.0000,11070000.0000,4428000.0000,,0.7859,0.0784,0.0784,0.7838,2.4595
2010-08-23,3.6700,3.6800,3.6500,3.6600,-0.0300,-0.8100,465779.7100,170778.0500,1.6300,3.6900,0.3881,0.3881,0.4400,19.1630,17.5023,1.5738,0.4217,0.3935,3000000.0000,1200000.0000,1200000.0000,10980000.0000,4392000.0000,,0.7923,0.0790,0.0790,0.7902,2.4796
2010-08-24,3.6600,3.6900,3.6300,3.6700,0.0100,0.2700,756195.8600,277151.7380,1.6300,3.7000,0.6302,0.6302,0.8500,19.2153,17.5501,1.5781,0.4228,0.3946,3000000.0000,1200000.0000,1200000.0000,11010000.0000,4404000.0000,,0.7902,0.0792,0.0792,0.7923,2.4863
2010-08-25,3.6500,3.6500,3.5600,3.5700,-0.1000,-2.7200,1006576.2700,362606.8700,1.5900,3.6000,0.8388,0.8388,1.1400,18.6918,17.0719,1.5351,0.4113,0.3838,3000000.0000,1200000.0000,1200000.0000,10710000.0000,4284000.0000,,0.8123,0.0795,0.0795,0.7945,2.4932
2010-08-26,3.5800,3.6000,3.5500,3.5600,-0.0100,-0.2800,469664.3700,167606.3480,1.5800,3.5900,0.3914,0.3914,0.5100,18.6394,17.0241,1.5308,0.4102,0.3828,3000000.0000,1200000.0000,1200000.0000,10680000.0000,4272000.0000,,0.8146,0.0810,0.0810,0.8101,2.5419
2010-08-27,3.5600,3.5700,3.5300,3.5700,0.0100,0.2800,432591.7700,153593.1620,1.5900,3.6000,0.3605,0.3605,0.5500,18.6918,17.0719,1.5351,0.4113,0.3838,3000000.0000,1200000.0000,1200000.0000,10710000.0000,4284000.0000,,0.8123,0.0815,0.0815,0.8146,2.5562
2010-08-30,3.5800,3.6100,3.5700,3.6000,0.0300,0.8400,614585.8000,220853.4510,1.6000,3.6300,0.5122,0.5122,0.9800,18.8488,17.2154,1.5480,0.4148,0.3871,3000000.0000,1200000.0000,1200000.0000,10800000.0000,4320000.0000,,0.8056,0.0810,0.0810,0.8101,2.5419
2010-08-31,3.6100,3.6400,3.5500,3.5900,-0.0100,-0.2800,773290.4300,277287.9590,1.5900,3.6200,0.6525,0.6525,1.1800,18.7965,13.4325,1.4950,0.4136,0.3505,3000000.0000,1185077.4746,1185077.4746,10770000.0000,4254428.1338,,0.8078,0.0803,0.0803,0.8033,2.5208
2010-09-01,3.5800,3.6100,3.5300,3.5900,0.0000,0.0000,864338.0500,309009.9800,1.5900,3.6200,0.7294,0.7294,1.3100,18.7965,13.4325,1.4950,0.4136,0.3505,3000000.0000,1185077.4746,1185077.4746,10770000.0000,4254428.1338,,0.8078,0.0810,0.0810,0.8101,2.5419
2010-09-02,3.5900,3.6100,3.5600,3.5900,0.0000,0.0000,720229.4000,257803.6390,1.5900,3.6200,0.6077,0.6077,1.1400,18.7965,13.4325,1.4950,0.4136,0.3505,3000000.0000,1185077.4746,1185077.4746,10770000.0000,4254428.1338,,0.8078,0.0808,0.0808,0.8078,2.5348
2010-09-03,3.6000,3.6000,3.5200,3.5400,-0.0500,-1.3900,883119.8700,313163.3330,1.5700,3.5700,0.7452,0.7452,1.3000,18.5347,13.2454,1.4741,0.4079,0.3456,3000000.0000,1185077.4746,1185077.4746,10620000.0000,4195174.2601,,0.8192,0.0806,0.0806,0.8056,2.5278
2010-09-06,3.5400,3.6400,3.5400,3.6300,0.0900,2.5400,1412705.7300,508830.6820,1.6100,3.6600,1.1921,1.1921,1.8300,19.0059,13.5821,1.5116,0.4182,0.3544,3000000.0000,1185077.4746,1185077.4746,10890000.0000,4301831.2328,,0.7989,0.0819,0.0819,0.8192,2.5706
2010-09-07,3.6300,3.6500,3.6100,3.6400,0.0100,0.2800,874296.7000,317415.9110,1.6200,3.6700,0.7378,0.7378,0.9400,19.0583,13.6196,1.5158,0.4194,0.3554,3000000.0000,1185077.4746,1185077.4746,10920000.0000,4313682.0075,,0.7967,0.0799,0.0799,0.7989,2.5069
2010-09-08,3.6200,3.6300,3.5800,3.6000,-0.0400,-1.1000,696936.3900,250493.1940,1.6000,3.6300,0.5881,0.5881,0.7300,18.8488,13.4699,1.4991,0.4148,0.3515,3000000.0000,1185077.4746,1185077.4746,10800000.0000,4266278.9086,,0.8056,0.0801,0.0801,0.8011,2.5138
2010-09-09,3.6000,3.6100,3.5300,3.5400,-0.0600,-1.6700,947024.7700,336132.3820,1.5700,3.5700,0.7991,0.7991,1.0300,18.5347,13.2454,1.4741,0.4079,0.3456,3000000.0000,1185077.4746,1185077.4746,10620000.0000,4195174.2601,,0.8192,0.0806,0.0806,0.8056,2.5278
2010-09-10,3.5400,3.5600,3.4900,3.5100,-0.0300,-0.8500,799829.8700,281262.4610,1.5600,3.5400,0.6749,0.6749,0.8300,18.3776,13.1332,1.4616,0.4044,0.3427,3000000.0000,1185077.4746,1185077.4746,10530000.0000,4159621.9358,,0.8262,0.0819,0.0819,0.8192,2.5706
2010-09-13,3.5100,3.5500,3.5000,3.5300,0.0200,0.5700,667212.0900,235057.8000,1.5700,3.5600,0.5630,0.5630,0.7100,18.4823,13.2080,1.4700,0.4067,0.3446,3000000.0000,1185077.4746,1185077.4746,10590000.0000,4183323.4853,,0.8215,0.0826,0.0826,0.8262,2.5926
2010-09-14,3.5300,3.5500,3.5000,3.5100,-0.0200,-0.5700,615974.0200,216273.1640,1.5600,3.5400,0.5198,0.5198,0.7700,18.3776,13.1332,1.4616,0.4044,0.3427,3000000.0000,1185077.4746,1185077.4746,10530000.0000,4159621.9358,,0.8262,0.0822,0.0822,0.8215,2.5779
2010-09-15,3.5000,3.5100,3.4700,3.5000,-0.0100,-0.2800,762298.5200,265571.4580,1.5500,3.5300,0.6432,0.6432,1.0200,18.3253,13.0957,1.4575,0.4033,0.3417,3000000.0000,1185077.4746,1185077.4746,10500000.0000,4147771.1611,,0.8286,0.0829,0.0829,0.8286,2.6000
2010-09-16,3.4900,3.5100,3.4300,3.4500,-0.0500,-1.4300,1025911.7000,354763.2390,1.5300,3.4800,0.8657,0.8657,1.3500,18.0635,12.9087,1.4367,0.3975,0.3368,3000000.0000,1185077.4746,1185077.4746,10350000.0000,4088517.2874,,0.8406,0.0831,0.0831,0.8309,2.6074
2010-09-17,3.4500,3.4700,3.4300,3.4300,-0.0200,-0.5800,605684.9800,208291.3070,1.5200,3.4600,0.5111,0.5111,0.7800,17.9587,12.8338,1.4283,0.3952,0.3349,3000000.0000,1185077.4746,1185077.4746,10290000.0000,4064815.7379,,0.8455,0.0841,0.0841,0.8406,2.6377
2010-09-20,3.4400,3.4500,3.4100,3.4300,0.0000,0.0000,482358.3900,165422.3720,1.5200,3.4600,0.4070,0.4070,0.6600,17.9587,12.8338,1.4283,0.3952,0.3349,3000000.0000,1185077.4746,1185077.4746,10290000.0000,4064815.7379,,0.8455,0.0843,0.0843,0.8430,2.6453
2010-09-21,3.4400,3.4700,3.4200,3.4500,0.0200,0.5800,432850.8200,148999.7960,1.5300,3.4800,0.3653,0.3653,0.6200,18.0635,12.9087,1.4367,0.3975,0.3368,3000000.0000,1185077.4746,1185077.4746,10350000.0000,4088517.2874,,0.8406,0.0843,0.0843,0.8430,2.6453
2010-09-27,3.4500,3.4600,3.4300,3.4500,0.0000,0.0000,558387.2200,191987.0280,1.5300,3.4800,0.4712,0.4712,0.8400,18.0635,12.9087,1.4367,0.3975,0.3368,3000000.0000,1185077.4746,1185077.4746,10350000.0000,4088517.2874,,0.8406,0.0841,0.0841,0.8406,2.6377
2010-09-28,3.4400,3.4500,3.3700,3.4200,-0.0300,-0.8700,939937.2900,320057.4000,1.5200,3.4500,0.7931,0.7931,1.5100,17.9064,12.7964,1.4242,0.3940,0.3339,3000000.0000,1185077.4746,1185077.4746,10260000.0000,4052964.9631,,0.8480,0.0843,0.0843,0.8430,2.6453
2010-09-29,3.3900,3.4300,3.3800,3.4000,-0.0200,-0.5800,758224.6900,257917.0910,1.5100,3.4300,0.6398,0.6398,1.2600,17.8017,12.7216,1.4158,0.3917,0.3319,3000000.0000,1185077.4746,1185077.4746,10200000.0000,4029263.4136,,0.8529,0.0855,0.0855,0.8555,2.6844
2010-09-30,3.3900,3.4700,3.3800,3.4600,0.0600,1.7600,900096.0400,310195.1530,1.5400,3.4900,0.7595,0.7595,1.4200,18.1158,12.9461,1.4408,0.3986,0.3378,3000000.0000,1185077.4746,1185077.4746,10380000.0000,4100368.0621,,0.8382,0.0855,0.0855,0.8555,2.6844
2010-10-08,3.4700,3.5300,3.4500,3.5000,0.0400,1.1600,1451596.1300,507637.7780,1.5500,3.5300,1.2249,1.2249,2.0200,18.3253,13.0957,1.4575,0.4033,0.3417,3000000.0000,1185077.4746,1185077.4746,10500000.0000,4147771.1611,,0.8286,0.0836,0.0836,0.8357,2.6225
2010-10-11,3.4900,3.5900,3.4800,3.5700,0.0700,2.0000,2424811.3000,857075.9640,1.5900,3.6000,2.0461,2.0461,2.6300,18.6918,13.3577,1.4866,0.4113,0.3485,3000000.0000,1185077.4746,1185077.4746,10710000.0000,4230726.5843,,0.8123,0.0831,0.0831,0.8309,2.6074
2010-10-12,3.5500,3.5900,3.5300,3.5700,0.0000,0.0000,1568992.4300,558856.3600,1.5900,3.6000,1.3240,1.3240,1.2100,18.6918,13.3577,1.4866,0.4113,0.3485,3000000.0000,1185077.4746,1185077.4746,10710000.0000,4230726.5843,,0.8123,0.0817,0.0817,0.8169,2.5634
2010-10-14,3.7000,3.8300,3.6900,3.7400,0.1700,4.7600,6466185.2500,2433118.1730,1.6600,3.7700,5.4563,5.4563,4.5500,19.5818,13.9937,1.5574,0.4309,0.3651,3000000.0000,1185077.4746,1185077.4746,11220000.0000,4432189.7550,,0.7754,0.0784,0.0784,0.7838,2.4595
2010-10-15,3.7100,3.8000,3.6900,3.7900,0.0500,1.3400,3118940.3100,1174487.9870,1.6800,3.8200,2.6318,2.6318,1.2200,19.8436,14.1808,1.5782,0.4367,0.3700,3000000.0000,1185077.4746,1185077.4746,11370000.0000,4491443.6287,,0.7652,0.0782,0.0782,0.7817,2.4528
2010-10-18,3.8100,4.0300,3.8100,3.9000,0.1100,2.9000,5031208.0000,1982087.8760,1.7300,3.9300,4.2455,4.2455,1.6700,20.4196,14.5924,1.6240,0.4493,0.3807,3000000.0000,1185077.4746,1185077.4746,11700000.0000,4621802.1509,,0.7436,0.0761,0.0761,0.7612,2.3885
2010-10-19,3.8900,3.9000,3.8100,3.8800,-0.0200,-0.5100,2013658.7500,775230.2430,1.7200,3.9100,1.6992,1.6992,0.5400,20.3148,14.5176,1.6157,0.4470,0.3788,3000000.0000,1185077.4746,1185077.4746,11640000.0000,4598100.6014,,0.7474,0.0746,0.0746,0.7455,2.3393
2010-10-20,3.7900,3.8200,3.6800,3.7400,-0.1400,-3.6100,2912663.9900,1089336.9860,1.6600,3.7700,2.4578,2.4578,0.8000,19.5818,13.9937,1.5574,0.4309,0.3651,3000000.0000,1185077.4746,1185077.4746,11220000.0000,4432189.7550,,0.7754,0.0765,0.0765,0.7652,2.4011
2010-10-21,3.7300,3.7500,3.6600,3.6900,-0.0500,-1.3400,1478218.0900,546549.9150,1.6400,3.7200,1.2474,1.2474,0.3800,19.3200,13.8066,1.5366,0.4251,0.3602,3000000.0000,1185077.4746,1185077.4746,11070000.0000,4372935.8813,,0.7859,0.0777,0.0777,0.7775,2.4397
2010-10-22,3.6900,3.7100,3.6700,3.7000,0.0100,0.2700,1053644.6300,388519.5040,1.6400,3.7300,0.8891,0.8891,0.3600,19.3724,13.8441,1.5408,0.4263,0.3612,3000000.0000,1185077.4746,1185077.4746,11100000.0000,4384786.6560,,0.7838,0.0786,0.0786,0.7859,2.4661
2010-10-25,3.7000,3.7600,3.6900,3.7400,0.0400,1.0800,1713260.2700,637761.6320,1.6600,3.7700,1.4457,1.4457,0.6900,19.5818,13.9937,1.5574,0.4309,0.3651,3000000.0000,1185077.4746,1185077.4746,11220000.0000,4432189.7550,,0.7754,0.0784,0.0784,0.7838,2.4595
2010-10-26,3.7000,3.8300,3.7000,3.7500,0.0100,0.2700,2208546.4700,830426.1190,1.6700,3.7800,1.8636,1.8636,1.2000,19.6342,14.0311,1.5616,0.4321,0.3661,3000000.0000,1185077.4746,1185077.4746,11250000.0000,4444040.5298,,0.7733,0.0784,0.0784,0.7838,2.4595
2010-10-27,3.7400,3.7800,3.7000,3.7100,-0.0400,-1.0700,1379022.2700,514751.9470,1.6500,3.7400,1.1637,1.1637,0.7400,19.4248,13.8815,1.5449,0.4275,0.3622,3000000.0000,1185077.4746,1185077.4746,11130000.0000,4396637.4308,,0.7817,0.0775,0.0775,0.7754,2.4332
2010-10-28,3.6900,3.7200,3.6600,3.6700,-0.0400,-1.0800,1433661.5300,528185.0920,1.6300,3.7000,1.2098,1.2098,0.9200,19.2153,13.7318,1.5283,0.4228,0.3583,3000000.0000,1185077.4746,1185077.4746,11010000.0000,4349234.3318,,0.7902,0.0786,0.0786,0.7859,2.4661
2010-10-29,3.6800,3.6900,3.6200,3.6500,-0.0200,-0.5400,1249273.6600,456139.9500,1.6200,3.6800,1.0542,1.0542,0.8000,19.1106,12.6979,1.4801,0.4205,0.3310,3000000.0000,1185077.4746,1185077.4746,10950000.0000,4325532.7823,,0.7945,0.0788,0.0788,0.7880,2.4728
2010-11-01,3.6600,3.6800,3.6400,3.6700,0.0200,0.5500,1645230.8500,602683.7490,1.6300,3.7000,1.3883,1.3883,1.0300,19.2153,12.7675,1.4882,0.4228,0.3328,3000000.0000,1185077.4746,1185077.4746,11010000.0000,4349234.3318,,0.7902,0.0792,0.0792,0.7923,2.4863
2010-11-02,3.6700,3.6800,3.6100,3.6300,-0.0400,-1.0900,1902954.9800,691519.9910,1.6100,3.6600,1.6058,1.6058,1.2000,19.0059,12.6284,1.4720,0.4182,0.3292,3000000.0000,1185077.4746,1185077.4746,10890000.0000,4301831.2328,,0.7989,0.0790,0.0790,0.7902,2.4796
2010-11-03,3.6300,3.6600,3.6200,3.6300,0.0000,0.0000,1053666.8000,383324.6810,1.6100,3.6600,0.8891,0.8891,0.6900,19.0059,12.6284,1.4720,0.4182,0.3292,3000000.0000,1185077.4746,1185077.4746,10890000.0000,4301831.2328,,0.7989,0.0799,0.0799,0.7989,2.5069
2010-11-04,3.6300,3.7500,3.6300,3.7100,0.0800,2.2000,2175067.3500,802792.4550,1.6500,3.7400,1.8354,1.8354,1.4900,19.4248,12.9067,1.5045,0.4275,0.3364,3000000.0000,1185077.4746,1185077.4746,11130000.0000,4396637.4308,,0.7817,0.0799,0.0799,0.7989,2.5069
2010-11-05,3.7300,3.7400,3.6900,3.7300,0.0200,0.5400,1699074.1400,631154.6070,1.6600,3.7600,1.4337,1.4337,1.0600,19.5295,12.9762,1.5126,0.4298,0.3383,3000000.0000,1185077.4746,1185077.4746,11190000.0000,4420338.9803,,0.7775,0.0777,0.0777,0.7775,2.4397
2010-11-08,3.7300,3.7800,3.7200,3.7500,0.0200,0.5400,1737426.3400,651624.4150,1.6700,3.7800,1.4661,1.4661,1.0200,19.6342,13.0458,1.5207,0.4321,0.3401,3000000.0000,1185077.4746,1185077.4746,11250000.0000,4444040.5298,,0.7733,0.0777,0.0777,0.7775,2.4397
2010-11-09,3.7600,3.8200,3.7300,3.7500,0.0000,0.0000,2145258.2700,807893.1920,1.6700,3.7800,1.8102,1.8102,1.2500,19.6342,13.0458,1.5207,0.4321,0.3401,3000000.0000,1185077.4746,1185077.4746,11250000.0000,4444040.5298,,0.7733,0.0771,0.0771,0.7713,2.4202
2010-11-10,3.7300,3.7500,3.6500,3.6800,-0.0700,-1.8700,1558152.2000,574680.2730,1.6300,3.7100,1.3148,1.3148,0.8800,19.2677,12.8023,1.4923,0.4240,0.3337,3000000.0000,1185077.4746,1185077.4746,11040000.0000,4361085.1065,,0.7880,0.0777,0.0777,0.7775,2.4397
2010-11-11,3.6700,3.7600,3.6400,3.7000,0.0200,0.5400,2054608.7700,759416.4890,1.6400,3.7300,1.7337,1.7337,1.1000,19.3724,12.8719,1.5004,0.4263,0.3355,3000000.0000,1185077.4746,1185077.4746,11100000.0000,4384786.6560,,0.7838,0.0790,0.0790,0.7902,2.4796
2010-11-12,3.6800,3.6900,3.5100,3.5200,-0.1800,-4.8600,2588534.0100,931909.9550,1.5600,3.5500,2.1843,2.1843,1.4100,18.4300,12.2457,1.4274,0.4056,0.3192,3000000.0000,1185077.4746,1185077.4746,10560000.0000,4171472.7106,,0.8239,0.0788,0.0788,0.7880,2.4728
2010-11-15,3.5400,3.5600,3.5000,3.5400,0.0200,0.5700,1100002.9100,387944.3380,1.5700,3.5700,0.9282,0.9282,0.5500,18.5347,12.3153,1.4355,0.4079,0.3210,3000000.0000,1185077.4746,1185077.4746,10620000.0000,4195174.2601,,0.8192,0.0819,0.0819,0.8192,2.5706
2010-11-16,3.5500,3.5500,3.4200,3.4400,-0.1000,-2.8200,1542698.4200,537310.7350,1.5300,3.4700,1.3018,1.3018,0.8200,18.0111,11.9674,1.3950,0.3963,0.3120,3000000.0000,1185077.4746,1185077.4746,10320000.0000,4076666.5126,,0.8430,0.0817,0.0817,0.8169,2.5634
2010-11-17,3.4200,3.4800,3.4100,3.4400,0.0000,0.0000,1020944.0200,351430.4650,1.5300,3.4700,0.8615,0.8615,0.5800,18.0111,11.9674,1.3950,0.3963,0.3120,3000000.0000,1185077.4746,1185077.4746,10320000.0000,4076666.5126,,0.8430,0.0848,0.0848,0.8480,2.6608
2010-11-18,3.4600,3.4700,3.4200,3.4500,0.0100,0.2900,654528.2300,225359.8430,1.5300,3.4800,0.5523,0.5523,0.3900,18.0635,12.0022,1.3990,0.3975,0.3129,3000000.0000,1185077.4746,1185077.4746,10350000.0000,4088517.2874,,0.8406,0.0838,0.0838,0.8382,2.6301
2010-11-19,3.4600,3.4600,3.4000,3.4500,0.0000,0.0000,1078611.1800,369499.0250,1.5300,3.4800,0.9102,0.9102,0.7800,18.0635,12.0022,1.3990,0.3975,0.3129,3000000.0000,1185077.4746,1185077.4746,10350000.0000,4088517.2874,,0.8406,0.0838,0.0838,0.8382,2.6301
2010-11-22,3.4300,3.4800,3.4100,3.4500,0.0000,0.0000,967416.6000,333692.2750,1.5300,3.4800,0.8163,0.8163,0.9000,18.0635,12.0022,1.3990,0.3975,0.3129,3000000.0000,1185077.4746,1185077.4746,10350000.0000,4088517.2874,,0.8406,0.0845,0.0845,0.8455,2.6531
2010-11-23,3.4400,3.4500,3.3800,3.4300,-0.0200,-0.5800,1162418.2500,396420.8630,1.5200,3.4600,0.9809,0.9809,1.1000,17.9587,11.9326,1.3909,0.3952,0.3110,3000000.0000,1185077.4746,1185077.4746,10290000.0000,4064815.7379,,0.8455,0.0843,0.0843,0.8430,2.6453
2010-11-24,3.4200,3.4600,3.4000,3.4500,0.0200,0.5800,665079.8900,228760.9370,1.5300,3.4800,0.5612,0.5612,0.6800,18.0635,12.0022,1.3990,0.3975,0.3129,3000000.0000,1185077.4746,1185077.4746,10350000.0000,4088517.2874,,0.8406,0.0848,0.0848,0.8480,2.6608
2010-11-25,3.4500,3.4900,3.4200,3.4700,0.0200,0.5800,958686.2000,331448.9950,1.5400,3.5000,0.8090,0.8090,1.0600,18.1682,12.0717,1.4071,0.3998,0.3147,3000000.0000,1185077.4746,1185077.4746,10410000.0000,4112218.8369,,0.8357,0.0841,0.0841,0.8406,2.6377
2010-11-26,3.4800,3.4900,3.4500,3.4600,-0.0100,-0.2900,801966.1400,278362.6310,1.5400,3.4900,0.6767,0.6767,0.8300,18.1158,12.0369,1.4031,0.3986,0.3138,3000000.0000,1185077.4746,1185077.4746,10380000.0000,4100368.0621,,0.8382,0.0833,0.0833,0.8333,2.6149
2010-11-29,3.4500,3.4700,3.4300,3.4500,-0.0100,-0.2900,586881.5900,202213.7720,1.5300,3.4800,0.4952,0.4952,0.6400,18.0635,12.0022,1.3990,0.3975,0.3129,3000000.0000,1185077.4746,1185077.4746,10350000.0000,4088517.2874,,0.8406,0.0841,0.0841,0.8406,2.6377
2010-11-30,3.4400,3.4500,3.3700,3.4300,-0.0200,-0.5800,1527609.7700,519263.6490,1.5200,3.4600,1.2890,1.2890,1.8300,17.9587,11.9326,1.3909,0.3952,0.3110,3000000.0000,1185077.4746,1185077.4746,10290000.0000,4064815.7379,,0.8455,0.0843,0.0843,0.8430,2.6453
2010-12-01,3.4100,3.4200,3.3900,3.4100,-0.0200,-0.5800,445300.7900,151716.7300,1.5100,3.4400,0.3758,0.3758,0.4900,17.8540,11.8630,1.3828,0.3929,0.3092,3000000.0000,1185077.4746,1185077.4746,10230000.0000,4041114.1884,,0.8504,0.0850,0.0850,0.8504,2.6686
2010-12-02,3.4300,3.4500,3.4200,3.4200,0.0100,0.2900,498759.0900,171127.3250,1.5200,3.4500,0.4209,0.4209,0.5800,17.9064,11.8978,1.3869,0.3940,0.3101,3000000.0000,1185077.4746,1185077.4746,10260000.0000,4052964.9631,,0.8480,0.0845,0.0845,0.8455,2.6531
2010-12-03,3.4200,3.4400,3.4100,3.4300,0.0100,0.2900,520853.1800,178312.7740,1.5200,3.4600,0.4395,0.4395,0.6700,17.9587,11.9326,1.3909,0.3952,0.3110,3000000.0000,1185077.4746,1185077.4746,10290000.0000,4064815.7379,,0.8455,0.0848,0.0848,0.8480,2.6608
2010-12-06,3.4500,3.4600,3.4300,3.4400,0.0100,0.2900,678674.0400,233790.4230,1.5300,3.4700,0.5727,0.5727,0.9500,18.0111,11.9674,1.3950,0.3963,0.3120,3000000.0000,1185077.4746,1185077.4746,10320000.0000,4076666.5126,,0.8430,0.0841,0.0841,0.8406,2.6377
2010-12-07,3.4400,3.4700,3.4000,3.4600,0.0200,0.5800,764819.8900,262728.2310,1.5400,3.4900,0.6454,0.6454,1.0400,18.1158,12.0369,1.4031,0.3986,0.3138,3000000.0000,1185077.4746,1185077.4746,10380000.0000,4100368.0621,,0.8382,0.0843,0.0843,0.8430,2.6453
2010-12-08,3.4500,3.4800,3.4300,3.4700,0.0100,0.2900,815942.2200,282366.7250,1.5400,3.5000,0.6885,0.6885,1.4000,18.1682,12.0717,1.4071,0.3998,0.3147,3000000.0000,1185077.4746,1185077.4746,10410000.0000,4112218.8369,,0.8357,0.0841,0.0841,0.8406,2.6377
2010-12-09,3.4500,3.5900,3.4400,3.4800,0.0100,0.2900,1205363.5800,423254.2110,1.5500,3.5100,1.0171,1.0171,1.8400,18.2205,12.1065,1.4112,0.4010,0.3156,3000000.0000,1185077.4746,1185077.4746,10440000.0000,4124069.6116,,0.8333,0.0841,0.0841,0.8406,2.6377
2010-12-10,3.4500,3.5000,3.4500,3.4800,0.0000,0.0000,635239.5700,220692.7850,1.5500,3.5100,0.5294,0.5360,0.8000,18.2205,12.1065,1.4112,0.4010,0.3156,3000000.0000,1200000.0000,1185077.4746,10440000.0000,4176000.0000,,0.8333,0.0841,0.0841,0.8406,2.6377
2010-12-13,3.5000,3.6400,3.5000,3.6200,0.1400,4.0200,2616930.9900,940156.4890,1.6100,3.6500,2.1808,2.2082,3.1900,18.9535,12.5936,1.4680,0.4171,0.3283,3000000.0000,1200000.0000,1185077.4746,10860000.0000,4344000.0000,,0.8011,0.0829,0.0829,0.8286,2.6000
2010-12-14,3.6200,3.6300,3.5800,3.6200,0.0000,0.0000,1101672.6000,396569.5300,1.6100,3.6500,0.9181,0.9296,0.9100,18.9535,12.5936,1.4680,0.4171,0.3283,3000000.0000,1200000.0000,1185077.4746,10860000.0000,4344000.0000,,0.8011,0.0801,0.0801,0.8011,2.5138
2010-12-15,3.6100,3.6200,3.5600,3.5700,-0.0500,-1.3800,798116.4300,286043.4970,1.5900,3.6000,0.6102,0.6102,0.6300,18.6918,12.4196,1.4477,0.4113,0.3237,3000000.0000,1308000.0000,1308000.0000,10710000.0000,4669560.0000,,0.8123,0.0803,0.0803,0.8033,2.5208
2010-12-16,3.5700,3.5800,3.5300,3.5300,-0.0400,-1.1200,603640.0500,214466.7390,1.5700,3.5600,0.4615,0.4615,0.4700,18.4823,12.2805,1.4315,0.4067,0.3201,3000000.0000,1308000.0000,1308000.0000,10590000.0000,4617240.0000,,0.8215,0.0812,0.0812,0.8123,2.5490
2010-12-17,3.5400,3.5600,3.5000,3.5100,-0.0200,-0.5700,641441.2500,226090.4830,1.5600,3.5400,0.4904,0.4904,0.5600,18.3776,12.2109,1.4234,0.4044,0.3183,3000000.0000,1308000.0000,1308000.0000,10530000.0000,4591080.0000,,0.8262,0.0819,0.0819,0.8192,2.5706
2010-12-20,3.5200,3.5400,3.4400,3.4800,-0.0300,-0.8500,1029999.9700,358663.2430,1.5500,3.5100,0.7875,0.7875,0.8900,18.2205,12.1065,1.4112,0.4010,0.3156,3000000.0000,1308000.0000,1308000.0000,10440000.0000,4551840.0000,,0.8333,0.0824,0.0824,0.8239,2.5852
2010-12-21,3.4700,3.6100,3.4700,3.5900,0.1100,3.1600,1523119.8600,542258.6320,1.5900,3.6200,1.1645,1.1645,1.8200,18.7965,12.4892,1.4558,0.4136,0.3256,3000000.0000,1308000.0000,1308000.0000,10770000.0000,4695720.0000,,0.8078,0.0836,0.0836,0.8357,2.6225
2010-12-22,3.5900,3.6200,3.5400,3.5800,-0.0100,-0.2800,1434946.7600,514498.5680,1.5900,3.6100,1.0971,1.0971,1.5600,18.7441,12.4544,1.4517,0.4125,0.3247,3000000.0000,1308000.0000,1308000.0000,10740000.0000,4682640.0000,,0.8101,0.0808,0.0808,0.8078,2.5348
2010-12-23,3.5800,3.6200,3.5000,3.5300,-0.0500,-1.4000,1148610.5700,410423.1430,1.5700,3.5600,0.8781,0.8781,1.1000,18.4823,12.2805,1.4315,0.4067,0.3201,3000000.0000,1308000.0000,1308000.0000,10590000.0000,4617240.0000,,0.8215,0.0810,0.0810,0.8101,2.5419
2010-12-24,3.5100,3.5500,3.4900,3.5300,0.0000,0.0000,670182.8500,236145.6500,1.5700,3.5600,0.5124,0.5124,0.5800,18.4823,12.2805,1.4315,0.4067,0.3201,3000000.0000,1308000.0000,1308000.0000,10590000.0000,4617240.0000,,0.8215,0.0826,0.0826,0.8262,2.5926
2010-12-27,3.5100,3.5600,3.4500,3.4600,-0.0700,-1.9800,830831.4200,291613.6390,1.5400,3.4900,0.6352,0.6352,0.7200,18.1158,12.0369,1.4031,0.3986,0.3138,3000000.0000,1308000.0000,1308000.0000,10380000.0000,4525680.0000,,0.8382,0.0826,0.0826,0.8262,2.5926
2010-12-28,3.4600,3.4600,3.4000,3.4100,-0.0500,-1.4500,759473.9900,260743.0990,1.5100,3.4400,0.5806,0.5806,0.6800,17.8540,11.8630,1.3828,0.3929,0.3092,3000000.0000,1308000.0000,1308000.0000,10230000.0000,4460280.0000,,0.8504,0.0838,0.0838,0.8382,2.6301
2010-12-29,3.4200,3.4400,3.4000,3.4200,0.0100,0.2900,427958.1000,146249.2870,1.5200,3.4500,0.3272,0.3272,0.4400,17.9064,11.8978,1.3869,0.3940,0.3101,3000000.0000,1308000.0000,1308000.0000,10260000.0000,4473360.0000,,0.8480,0.0848,0.0848,0.8480,2.6608
2010-12-30,3.4300,3.4400,3.3800,3.4000,-0.0200,-0.5800,711853.3300,242066.7660,1.5100,3.4300,0.5442,0.5442,0.9300,17.8017,11.8282,1.3788,0.3917,0.3083,3000000.0000,1308000.0000,1308000.0000,10200000.0000,4447200.0000,,0.8529,0.0845,0.0845,0.8455,2.6531
2010-12-31,3.4000,3.4300,3.3900,3.4200,0.0200,0.5900,544039.9900,185507.9750,1.5200,3.4500,0.4159,0.4159,0.8000,17.9064,11.8978,1.3869,0.3940,0.3101,3000000.0000,1308000.0000,1308000.0000,10260000.0000,4473360.0000,,0.8480,0.0853,0.0853,0.8529,2.6765
2011-01-04,3.4400,3.5400,3.4200,3.5200,0.1000,2.9200,1451111.2200,507427.9940,1.5600,3.5500,1.1094,1.1094,2.2200,18.4300,12.2457,1.4274,0.4056,0.3192,3000000.0000,1308000.0000,1308000.0000,10560000.0000,4604160.0000,0.8239,0.8239,0.1802,0.1802,1.8023,4.1279
2011-01-05,3.5000,3.5200,3.4600,3.4800,-0.0400,-1.1400,647621.6100,225849.3660,1.5500,3.5100,0.4951,0.4951,0.8300,18.2205,12.1065,1.4112,0.4010,0.3156,3000000.0000,1308000.0000,1308000.0000,10440000.0000,4551840.0000,0.8333,0.8333,0.1771,0.1771,1.7714,4.0571
2011-01-06,3.4800,3.5200,3.4700,3.5100,0.0300,0.8600,666980.2200,233513.5880,1.5600,3.5400,0.5099,0.5099,0.8800,18.3776,12.2109,1.4234,0.4044,0.3183,3000000.0000,1308000.0000,1308000.0000,10530000.0000,4591080.0000,0.8262,0.8262,0.1782,0.1782,1.7816,4.0805
2011-01-07,3.5100,3.5800,3.4800,3.5400,0.0300,0.8500,1100039.9400,389567.6870,1.5700,3.5700,0.8410,0.8410,1.3700,18.5347,12.3153,1.4355,0.4079,0.3210,3000000.0000,1308000.0000,1308000.0000,10620000.0000,4630320.0000,0.8192,0.8192,0.1766,0.1766,1.7664,4.0456
2011-01-10,3.5300,3.5900,3.5100,3.5200,-0.0200,-0.5600,813255.9700,289163.8590,1.5600,3.5500,0.6218,0.6218,0.9200,18.4300,12.2457,1.4274,0.4056,0.3192,3000000.0000,1308000.0000,1308000.0000,10560000.0000,4604160.0000,0.8239,0.8239,0.1756,0.1756,1.7564,4.0227
2011-01-11,3.5200,3.5900,3.5000,3.5600,0.0400,1.1400,1149512.5300,407452.6540,1.5800,3.5900,0.8788,0.8788,1.2300,18.6394,12.3848,1.4436,0.4102,0.3228,3000000.0000,1308000.0000,1308000.0000,10680000.0000,4656480.0000,0.8146,0.8146,0.1761,0.1761,1.7614,4.0341
2011-01-12,3.5800,3.6200,3.5100,3.5500,-0.0100,-0.2800,1171234.1200,417329.9290,1.5800,3.5800,0.8954,0.8954,1.3400,18.5870,12.3500,1.4396,0.4090,0.3219,3000000.0000,1308000.0000,1308000.0000,10650000.0000,4643400.0000,0.8169,0.8169,0.1732,0.1732,1.7318,3.9665
2011-01-13,3.5700,3.6000,3.5400,3.5500,0.0000,0.0000,623597.4100,222463.4760,1.5800,3.5800,0.4768,0.4768,0.6400,18.5870,12.3500,1.4396,0.4090,0.3219,3000000.0000,1308000.0000,1308000.0000,10650000.0000,4643400.0000,0.8169,0.8169,0.1737,0.1737,1.7367,3.9776
2011-01-14,3.5500,3.5700,3.5200,3.5300,-0.0200,-0.5600,649204.3500,230113.3990,1.5700,3.5600,0.4963,0.4963,0.6700,18.4823,12.2805,1.4315,0.4067,0.3201,3000000.0000,1308000.0000,1308000.0000,10590000.0000,4617240.0000,0.8215,0.8215,0.1746,0.1746,1.7465,4.0000
2011-01-17,3.5200,3.5400,3.4200,3.4400,-0.0900,-2.5500,819396.1500,285092.2950,1.5300,3.4700,0.6264,0.6264,0.9300,18.0111,11.9674,1.3950,0.3963,0.3120,3000000.0000,1308000.0000,1308000.0000,10320000.0000,4499520.0000,0.8430,0.8430,0.1761,0.1761,1.7614,4.0341
2011-01-18,3.4400,3.4600,3.4200,3.4300,-0.0100,-0.2900,522547.5600,179504.9670,1.5200,3.4600,0.3995,0.3995,0.5900,17.9587,11.9326,1.3909,0.3952,0.3110,3000000.0000,1308000.0000,1308000.0000,10290000.0000,4486440.0000,0.8455,0.8455,0.1802,0.1802,1.8023,4.1279
2011-01-19,3.4400,3.5000,3.4100,3.4800,0.0500,1.4600,706077.5300,243899.0660,1.5500,3.5100,0.5398,0.5398,0.9300,18.2205,12.1065,1.4112,0.4010,0.3156,3000000.0000,1308000.0000,1308000.0000,10440000.0000,4551840.0000,0.8333,0.8333,0.1802,0.1802,1.8023,4.1279
2011-01-20,3.4900,3.5200,3.4300,3.4300,-0.0500,-1.4400,742655.4700,257629.3400,1.5200,3.4600,0.5678,0.5678,1.1200,17.9587,11.9326,1.3909,0.3952,0.3110,3000000.0000,1308000.0000,1308000.0000,10290000.0000,4486440.0000,0.8455,0.8455,0.1777,0.1777,1.7765,4.0688
2011-01-21,3.4400,3.6800,3.4300,3.6300,0.2000,5.8300,3965824.4600,1426657.4080,1.6100,3.6600,3.0320,3.0320,5.7600,19.0059,12.6284,1.4720,0.4182,0.3292,3000000.0000,1308000.0000,1308000.0000,10890000.0000,4748040.0000,0.7989,0.7989,0.1802,0.1802,1.8023,4.1279
2011-01-24,3.6100,3.7700,3.6100,3.7100,0.0800,2.2000,3820387.2400,1417798.2710,1.6500,3.7400,2.9208,2.9208,2.8300,19.4248,12.9067,1.5045,0.4275,0.3364,3000000.0000,1308000.0000,1308000.0000,11130000.0000,4852680.0000,0.7817,0.7817,0.1717,0.1717,1.7175,3.9335
2011-01-25,3.7000,3.7300,3.6300,3.6600,-0.0500,-1.3500,1318513.3700,485019.5130,1.6300,3.6900,1.0080,1.0080,0.6800,19.1630,12.7327,1.4842,0.4217,0.3319,3000000.0000,1308000.0000,1308000.0000,10980000.0000,4787280.0000,0.7923,0.7923,0.1676,0.1676,1.6757,3.8378
2011-01-26,3.6700,3.7300,3.6700,3.7000,0.0400,1.0900,876227.6600,323830.1920,1.6400,3.7300,0.6699,0.6699,0.4200,19.3724,12.8719,1.5004,0.4263,0.3355,3000000.0000,1308000.0000,1308000.0000,11100000.0000,4839600.0000,0.7838,0.7838,0.1689,0.1689,1.6894,3.8692
2011-01-27,3.6600,3.7900,3.6000,3.7400,0.0400,1.0800,2525718.1600,940659.2860,1.6600,3.7700,1.9310,1.9310,1.1800,19.5818,13.0110,1.5166,0.4309,0.3392,3000000.0000,1308000.0000,1308000.0000,11220000.0000,4891920.0000,0.7754,0.7754,0.1694,0.1694,1.6940,3.8798
2011-01-28,3.7300,3.8300,3.7000,3.7400,0.0000,0.0000,2403882.9000,905958.3890,1.6600,3.7700,1.8378,1.8378,0.9600,19.5818,13.0110,1.5166,0.4309,0.3392,3000000.0000,1308000.0000,1308000.0000,11220000.0000,4891920.0000,0.7754,0.7754,0.1662,0.1662,1.6622,3.8070
2011-01-31,3.7200,3.7700,3.6900,3.7500,0.0100,0.2700,1503507.1700,561673.7600,1.6700,3.7800,1.1495,1.1495,0.6900,19.6342,13.0458,1.5207,0.4321,0.3401,3000000.0000,1308000.0000,1308000.0000,11250000.0000,4905000.0000,0.7733,0.7733,0.1667,0.1667,1.6667,3.8172
2011-02-01,3.7500,3.7700,3.7000,3.7100,-0.0400,-1.0700,801400.2600,298484.7570,1.6500,3.7400,0.6127,0.6127,0.4600,19.4248,12.9067,1.5045,0.4275,0.3364,3000000.0000,1308000.0000,1308000.0000,11130000.0000,4852680.0000,0.7817,0.7817,0.1653,0.1653,1.6533,3.7867
2011-02-09,3.6900,3.7300,3.6500,3.6500,-0.0600,-1.6200,1084658.7100,400839.0720,1.6200,3.6800,0.8292,0.8292,0.6700,19.1106,12.6979,1.4801,0.4205,0.3310,3000000.0000,1308000.0000,1308000.0000,10950000.0000,4774200.0000,0.7945,0.7945,0.1680,0.1680,1.6802,3.8482
2011-02-10,3.6500,3.6800,3.6100,3.6700,0.0200,0.5500,1398330.2300,509255.0500,1.6300,3.7000,1.0691,1.0691,0.8400,19.2153,12.7675,1.4882,0.4228,0.3328,3000000.0000,1308000.0000,1308000.0000,11010000.0000,4800360.0000,0.7902,0.7902,0.1699,0.1699,1.6986,3.8904
2011-02-11,3.6500,3.7000,3.6300,3.6900,0.0200,0.5400,1606849.5300,588200.7300,1.6400,3.7200,1.2285,1.2285,1.1200,19.3200,12.8371,1.4964,0.4251,0.3346,3000000.0000,1308000.0000,1308000.0000,11070000.0000,4826520.0000,0.7859,0.7859,0.1699,0.1699,1.6986,3.8904
2011-02-14,3.6800,3.8000,3.6700,3.7600,0.0700,1.9000,2818665.1500,1053463.0970,1.6700,3.7900,2.1549,2.1549,2.2000,19.6866,13.0806,1.5247,0.4332,0.3410,3000000.0000,1308000.0000,1308000.0000,11280000.0000,4918080.0000,0.7713,0.7713,0.1685,0.1685,1.6848,3.8587
2011-02-15,3.7700,3.8200,3.7400,3.7500,-0.0100,-0.2700,2224203.2600,841630.4830,1.6700,3.7800,1.7005,1.7005,1.4400,19.6342,13.0458,1.5207,0.4321,0.3401,3000000.0000,1308000.0000,1308000.0000,11250000.0000,4905000.0000,0.7733,0.7733,0.1645,0.1645,1.6446,3.7666
2011-02-16,3.7500,3.7900,3.7400,3.7700,0.0200,0.5300,1372563.5500,516493.9760,1.6700,3.8000,1.0494,1.0494,0.7500,19.7389,13.1154,1.5288,0.4344,0.3419,3000000.0000,1308000.0000,1308000.0000,11310000.0000,4931160.0000,0.7692,0.7692,0.1653,0.1653,1.6533,3.7867
2011-02-17,3.7700,3.7800,3.6900,3.7000,-0.0700,-1.8600,1569640.7500,583768.8690,1.6400,3.7300,1.2000,1.2000,0.8300,19.3724,12.8719,1.5004,0.4263,0.3355,3000000.0000,1308000.0000,1308000.0000,11100000.0000,4839600.0000,0.7838,0.7838,0.1645,0.1645,1.6446,3.7666
2011-02-18,3.6900,3.7000,3.6500,3.6600,-0.0400,-1.0800,1029976.9200,377747.4860,1.6300,3.6900,0.7874,0.7874,0.5400,19.1630,12.7327,1.4842,0.4217,0.3319,3000000.0000,1308000.0000,1308000.0000,10980000.0000,4787280.0000,0.7923,0.7923,0.1680,0.1680,1.6802,3.8482
2011-02-21,3.6500,3.7200,3.6400,3.7100,0.0500,1.3700,1055706.6000,389967.4190,1.6500,3.7400,0.8071,0.8071,0.5900,19.4248,12.9067,1.5045,0.4275,0.3364,3000000.0000,1308000.0000,1308000.0000,11130000.0000,4852680.0000,0.7817,0.7817,0.1699,0.1699,1.6986,3.8904
2011-02-22,3.7000,3.7100,3.6000,3.6100,-0.1000,-2.7000,1526743.0700,554988.4650,1.6000,3.6400,1.1672,1.1672,1.0500,18.9012,12.5588,1.4639,0.4159,0.3274,3000000.0000,1308000.0000,1308000.0000,10830000.0000,4721880.0000,0.8033,0.8033,0.1676,0.1676,1.6757,3.8378
2011-02-23,3.6000,3.6300,3.5600,3.5900,-0.0200,-0.5500,1080764.3400,387937.3200,1.5900,3.6200,0.8263,0.8263,0.8200,18.7965,12.4892,1.4558,0.4136,0.3256,3000000.0000,1308000.0000,1308000.0000,10770000.0000,4695720.0000,0.8078,0.8078,0.1722,0.1722,1.7222,3.9444
2011-02-24,3.5900,3.6100,3.5600,3.6000,0.0100,0.2800,802787.3200,287842.9730,1.6000,3.6300,0.6138,0.6138,0.6400,18.8488,12.5240,1.4599,0.4148,0.3265,3000000.0000,1308000.0000,1308000.0000,10800000.0000,4708800.0000,0.8056,0.8056,0.1727,0.1727,1.7270,3.9554
2011-02-25,3.6000,3.6400,3.5800,3.6200,0.0200,0.5600,665137.2600,240242.4920,1.6100,3.6500,0.5085,0.5085,0.6100,18.9535,12.5936,1.4680,0.4171,0.3283,3000000.0000,1308000.0000,1308000.0000,10860000.0000,4734960.0000,0.8011,0.8011,0.1722,0.1722,1.7222,3.9444
2011-02-28,3.6100,3.6600,3.6000,3.6600,0.0400,1.1000,844672.3800,306517.4870,1.6300,3.6900,0.6458,0.6458,0.8200,19.1630,12.7327,1.4842,0.4217,0.3319,3000000.0000,1308000.0000,1308000.0000,10980000.0000,4787280.0000,0.7923,0.7923,0.1717,0.1717,1.7175,3.9335
2011-03-01,3.6500,3.6700,3.6100,3.6400,-0.0200,-0.5500,1178711.2500,428611.1560,1.6200,3.6700,0.9012,0.9012,1.2000,19.0583,12.6631,1.4761,0.4194,0.3301,3000000.0000,1308000.0000,1308000.0000,10920000.0000,4761120.0000,0.7967,0.7967,0.1699,0.1699,1.6986,3.8904
2011-03-02,3.6200,3.6300,3.5700,3.5800,-0.0600,-1.6500,1029825.2300,370230.4370,1.5900,3.6100,0.7873,0.7873,1.1300,18.7441,12.4544,1.4517,0.4125,0.3247,3000000.0000,1308000.0000,1308000.0000,10740000.0000,4682640.0000,0.8101,0.8101,0.1713,0.1713,1.7127,3.9227
2011-03-03,3.5800,3.6200,3.5700,3.5900,0.0100,0.2800,997817.3700,358486.7350,1.5900,3.6200,0.7629,0.7629,1.1000,18.7965,12.4892,1.4558,0.4136,0.3256,3000000.0000,1308000.0000,1308000.0000,10770000.0000,4695720.0000,0.8078,0.8078,0.1732,0.1732,1.7318,3.9665
2011-03-04,3.5800,3.6300,3.5800,3.6200,0.0300,0.8400,853357.4300,307771.2340,1.6100,3.6500,0.6524,0.6524,0.9000,18.9535,12.5936,1.4680,0.4171,0.3283,3000000.0000,1308000.0000,1308000.0000,10860000.0000,4734960.0000,0.8011,0.8011,0.1732,0.1732,1.7318,3.9665
2011-03-07,3.6300,3.6700,3.6200,3.6500,0.0300,0.8300,1173376.2900,428109.5910,1.6200,3.6800,0.8971,0.8971,1.2000,19.1106,12.6979,1.4801,0.4205,0.3310,3000000.0000,1308000.0000,1308000.0000,10950000.0000,4774200.0000,0.7945,0.7945,0.1708,0.1708,1.7080,3.9118
2011-03-08,3.6500,3.6900,3.6400,3.6700,0.0200,0.5500,930168.2000,340809.4310,1.6300,3.7000,0.7111,0.7111,0.8900,19.2153,12.7675,1.4882,0.4228,0.3328,3000000.0000,1308000.0000,1308000.0000,11010000.0000,4800360.0000,0.7902,0.7902,0.1699,0.1699,1.6986,3.8904
2011-03-09,3.6800,3.6900,3.6400,3.6600,-0.0100,-0.2700,816537.3600,298861.2740,1.6300,3.6900,0.6243,0.6243,0.8200,19.1630,12.7327,1.4842,0.4217,0.3319,3000000.0000,1308000.0000,1308000.0000,10980000.0000,4787280.0000,0.7923,0.7923,0.1685,0.1685,1.6848,3.8587
2011-03-10,3.6600,3.6900,3.6500,3.6500,-0.0100,-0.2700,1203205.4600,441896.5280,1.6200,3.6800,0.9199,0.9199,1.2600,19.1106,12.6979,1.4801,0.4205,0.3310,3000000.0000,1308000.0000,1308000.0000,10950000.0000,4774200.0000,0.7945,0.7945,0.1694,0.1694,1.6940,3.8798
2011-03-11,3.6400,3.6600,3.6000,3.6100,-0.0400,-1.1000,907980.9300,329229.0260,1.6000,3.6400,0.6942,0.6942,0.9100,18.9012,12.5588,1.4639,0.4159,0.3274,3000000.0000,1308000.0000,1308000.0000,10830000.0000,4721880.0000,0.8033,0.8033,0.1703,0.1703,1.7033,3.9011
2011-03-14,3.6100,3.6300,3.6000,3.6100,0.0000,0.0000,611341.2100,220860.9160,1.6000,3.6400,0.4674,0.4674,0.6100,18.9012,12.5588,1.4639,0.4159,0.3274,3000000.0000,1308000.0000,1308000.0000,10830000.0000,4721880.0000,0.8033,0.8033,0.1717,0.1717,1.7175,3.9335
2011-03-15,3.6100,3.6200,3.5000,3.5300,-0.0800,-2.2200,1422685.0500,503364.5320,1.5700,3.5600,1.0877,1.0877,1.5900,18.4823,12.2805,1.4315,0.4067,0.3201,3000000.0000,1308000.0000,1308000.0000,10590000.0000,4617240.0000,0.8215,0.8215,0.1717,0.1717,1.7175,3.9335
2011-03-16,3.5500,3.5600,3.5200,3.5500,0.0200,0.5700,676937.2300,239892.9880,1.5800,3.5800,0.5175,0.5175,0.6800,18.5870,12.3500,1.4396,0.4090,0.3219,3000000.0000,1308000.0000,1308000.0000,10650000.0000,4643400.0000,0.8169,0.8169,0.1746,0.1746,1.7465,4.0000
2011-03-17,3.5300,3.5400,3.5000,3.5100,-0.0400,-1.1300,765209.1300,269357.2290,1.5600,3.5400,0.5850,0.5850,0.7900,18.3776,12.2109,1.4234,0.4044,0.3183,3000000.0000,1308000.0000,1308000.0000,10530000.0000,4591080.0000,0.8262,0.8262,0.1756,0.1756,1.7564,4.0227
2011-03-18,3.5400,3.5500,3.5200,3.5200,0.0100,0.2800,765631.1200,270885.9560,1.5600,3.5500,0.5853,0.5853,0.8700,18.4300,12.2457,1.4274,0.4056,0.3192,3000000.0000,1308000.0000,1308000.0000,10560000.0000,4604160.0000,0.8239,0.8239,0.1751,0.1751,1.7514,4.0113
2011-03-21,3.5200,3.5800,3.5200,3.5300,0.0100,0.2800,616542.0300,218527.5110,1.5700,3.5600,0.4714,0.4714,0.7300,18.4823,12.2805,1.4315,0.4067,0.3201,3000000.0000,1308000.0000,1308000.0000,10590000.0000,4617240.0000,0.8215,0.8215,0.1761,0.1761,1.7614,4.0341
2011-03-22,3.5500,3.5600,3.5300,3.5500,0.0200,0.5700,648564.0700,230100.3920,1.5800,3.5800,0.4958,0.4958,0.7600,18.5870,12.3500,1.4396,0.4090,0.3219,3000000.0000,1308000.0000,1308000.0000,10650000.0000,4643400.0000,0.8169,0.8169,0.1746,0.1746,1.7465,4.0000
2011-03-23,3.5500,3.6100,3.5300,3.6100,0.0600,1.6900,1160905.7200,416200.1340,1.6000,3.6400,0.8875,0.8875,1.6700,18.9012,12.5588,1.4639,0.4159,0.3274,3000000.0000,1308000.0000,1308000.0000,10830000.0000,4721880.0000,0.8033,0.8033,0.1746,0.1746,1.7465,4.0000
2011-03-24,3.6100,3.6100,3.5700,3.5900,-0.0200,-0.5500,747651.4100,268411.9420,1.5900,3.6200,0.5716,0.5716,0.9400,18.7965,12.4892,1.4558,0.4136,0.3256,3000000.0000,1308000.0000,1308000.0000,10770000.0000,4695720.0000,0.8078,0.8078,0.1717,0.1717,1.7175,3.9335
2011-03-25,3.5800,3.6900,3.5700,3.6600,0.0700,1.9500,1908053.0500,695709.4000,1.6300,3.6900,1.4588,1.4588,2.4200,19.1630,12.7327,1.4842,0.4217,0.3319,3000000.0000,1308000.0000,1308000.0000,10980000.0000,4787280.0000,0.7923,0.7923,0.1732,0.1732,1.7318,3.9665
2011-03-28,3.6700,3.7200,3.6600,3.6700,0.0100,0.2700,1808458.4600,668555.9790,1.6300,3.7000,1.3826,1.3826,1.7800,19.2153,12.7675,1.4882,0.4228,0.3328,3000000.0000,1308000.0000,1308000.0000,11010000.0000,4800360.0000,0.7902,0.7902,0.1689,0.1689,1.6894,3.8692
2011-03-29,3.6700,3.7500,3.6600,3.6900,0.0200,0.5400,1810384.6700,670243.1050,1.6400,3.7200,1.3841,1.3841,1.4400,19.3200,12.8371,1.4964,0.4251,0.3346,3000000.0000,1308000.0000,1308000.0000,11070000.0000,4826520.0000,0.7859,0.7859,0.1689,0.1689,1.6894,3.8692
2011-03-30,3.6900,3.7300,3.6500,3.6800,-0.0100,-0.2700,1088282.3900,401850.2930,1.6300,3.7100,0.8320,0.8320,0.7300,19.2677,12.8023,1.4923,0.4240,0.3337,3000000.0000,1308000.0000,1308000.0000,11040000.0000,4813440.0000,0.7880,0.7880,0.1680,0.1680,1.6802,3.8482
2011-03-31,3.6900,3.7200,3.6800,3.7000,0.0200,0.5400,1395276.2100,516152.2960,1.6400,3.7300,1.0667,1.0667,0.9500,19.3724,12.8719,1.5004,0.4263,0.3355,3000000.0000,1308000.0000,1308000.0000,11100000.0000,4839600.0000,0.7838,0.7838,0.1680,0.1680,1.6802,3.8482
2011-04-01,3.6900,3.7300,3.6500,3.7300,0.0300,0.8100,1183722.1900,438087.0080,1.6600,3.7600,0.9050,0.9050,0.7400,19.5295,12.9762,1.5126,0.4298,0.3383,3000000.0000,1308000.0000,1308000.0000,11190000.0000,4878840.0000,0.7775,0.7775,0.1680,0.1680,1.6802,3.8482
2011-04-06,3.7200,3.9600,3.7100,3.9100,0.1800,4.8300,6420208.9900,2487900.3310,1.7400,3.9400,4.9084,4.9084,4.4100,20.4719,13.6024,1.5856,0.4505,0.3546,3000000.0000,1308000.0000,1308000.0000,11730000.0000,5114280.0000,0.7417,0.7417,0.1667,0.1667,1.6667,3.8172
2011-04-07,3.9200,3.9700,3.8700,3.9200,0.0100,0.2600,2341164.9600,916775.1160,1.7400,3.9500,1.7899,1.7899,0.9800,20.5243,13.6372,1.5896,0.4516,0.3555,3000000.0000,1308000.0000,1308000.0000,11760000.0000,5127360.0000,0.7398,0.7398,0.1582,0.1582,1.5816,3.6224
2011-04-08,3.9100,3.9200,3.8500,3.9100,-0.0100,-0.2600,1449678.7000,563512.1160,1.7400,3.9400,1.1083,1.1083,0.5800,20.4719,13.6024,1.5856,0.4505,0.3546,3000000.0000,1308000.0000,1308000.0000,11730000.0000,5114280.0000,0.7417,0.7417,0.1586,0.1586,1.5857,3.6317
2011-04-11,3.9000,4.0200,3.8900,3.9300,0.0200,0.5100,2505565.5900,991670.4610,1.7500,3.9600,1.9156,1.9156,0.9800,20.5766,13.6720,1.5937,0.4528,0.3564,3000000.0000,1308000.0000,1308000.0000,11790000.0000,5140440.0000,0.7379,0.7379,0.1590,0.1590,1.5897,3.6410
2011-04-12,3.9200,3.9400,3.8700,3.9100,-0.0200,-0.5100,1184361.2300,462759.7360,1.7400,3.9400,0.9055,0.9055,0.4300,20.4719,13.6024,1.5856,0.4505,0.3546,3000000.0000,1308000.0000,1308000.0000,11730000.0000,5114280.0000,0.7417,0.7417,0.1582,0.1582,1.5816,3.6224
2011-04-13,3.9000,4.0200,3.8900,3.9900,0.0800,2.0500,2257035.0700,899327.9850,1.7700,4.0200,1.7256,1.7256,0.8100,20.8908,13.8808,1.6180,0.4597,0.3618,3000000.0000,1308000.0000,1308000.0000,11970000.0000,5218920.0000,0.7268,0.7268,0.1590,0.1590,1.5897,3.6410
2011-04-14,4.0000,4.0600,3.9600,3.9800,-0.0100,-0.2500,1779926.7000,714331.9040,1.7700,4.0100,1.3608,1.3608,0.9100,20.8384,13.8460,1.6140,0.4586,0.3609,3000000.0000,1308000.0000,1308000.0000,11940000.0000,5205840.0000,0.7286,0.7286,0.1550,0.1550,1.5500,3.5500
2011-04-15,4.0000,4.1300,3.9800,4.1100,0.1300,3.2700,3770139.9400,1536765.1550,1.8300,4.1400,2.8824,2.8824,2.0500,21.5191,14.2982,1.6667,0.4735,0.3727,3000000.0000,1308000.0000,1308000.0000,12330000.0000,5375880.0000,0.7056,0.7056,0.1550,0.1550,1.5500,3.5500
2011-04-18,4.1000,4.1900,4.0600,4.0900,-0.0200,-0.4900,2579368.3300,1067420.3830,1.8200,4.1200,1.9720,1.9720,1.1200,21.4144,14.2286,1.6586,0.4712,0.3709,3000000.0000,1308000.0000,1308000.0000,12270000.0000,5349720.0000,0.7090,0.7090,0.1512,0.1512,1.5122,3.4634
2011-04-19,4.0700,4.1400,4.0300,4.0800,-0.0100,-0.2400,1646201.7700,671936.2430,1.8100,4.1100,1.2586,1.2586,0.7100,21.3620,14.1939,1.6545,0.4701,0.3700,3000000.0000,1308000.0000,1308000.0000,12240000.0000,5336640.0000,0.7108,0.7108,0.1523,0.1523,1.5233,3.4889
2011-04-20,4.0900,4.1100,3.9900,4.0200,-0.0600,-1.4700,1464401.0200,590554.1380,1.7900,4.0500,1.1196,1.1196,0.6100,21.0479,13.9851,1.6302,0.4632,0.3646,3000000.0000,1308000.0000,1308000.0000,12060000.0000,5258160.0000,0.7214,0.7214,0.1516,0.1516,1.5159,3.4719
2011-04-21,4.0400,4.0700,4.0000,4.0400,0.0200,0.5000,859801.2000,346995.4650,1.7900,4.0700,0.6796,0.6796,0.3800,13.1207,13.1207,1.5697,0.3272,0.3272,3000000.0000,1265068.9902,1265068.9902,12120000.0000,5110878.7204,0.7178,0.7178,0.1535,0.1535,1.5347,3.5149
2011-04-22,4.0500,4.1300,4.0400,4.0600,0.0200,0.5000,1152179.5500,469679.8810,1.8000,4.0900,0.9108,0.9108,0.5600,13.1857,13.1857,1.5775,0.3288,0.3288,3000000.0000,1265068.9902,1265068.9902,12180000.0000,5136180.1002,0.7143,0.7143,0.1531,0.1531,1.5309,3.5062
2011-04-25,4.0500,4.0700,3.9500,3.9800,-0.0800,-1.9700,1440033.6300,575712.3710,1.7700,4.0100,1.1383,1.1383,0.9300,12.9259,12.9259,1.5464,0.3223,0.3223,3000000.0000,1265068.9902,1265068.9902,11940000.0000,5034974.5810,0.7286,0.7286,0.1531,0.1531,1.5309,3.5062
2011-04-26,3.9600,4.0000,3.9500,3.9600,-0.0200,-0.5000,761504.6900,302633.3950,1.7600,3.9900,0.6019,0.6019,0.5800,12.8609,12.8609,1.5387,0.3207,0.3207,3000000.0000,1265068.9902,1265068.9902,11880000.0000,5009673.2012,0.7323,0.7323,0.1566,0.1566,1.5657,3.5859
2011-04-27,3.9700,4.0600,3.9700,4.0100,0.0500,1.2600,1340247.1600,539593.9500,1.7800,4.0400,1.0594,1.0594,1.1800,13.0233,13.0233,1.5581,0.3248,0.3248,3000000.0000,1265068.9902,1265068.9902,12030000.0000,5072926.6507,0.7232,0.7232,0.1562,0.1562,1.5617,3.5768
2011-04-28,4.0200,4.0800,3.9800,4.0100,0.0000,0.0000,1136431.5000,458388.3750,1.7800,4.0400,0.8983,0.8983,1.0200,13.0233,13.0233,1.5581,0.3248,0.3248,3000000.0000,1265068.9902,1265068.9902,12030000.0000,5072926.6507,0.7232,0.7232,0.1542,0.1542,1.5423,3.5323
2011-04-29,4.0200,4.0600,3.9000,3.9900,-0.0200,-0.5000,1238296.6400,490213.2810,1.7700,4.0200,0.9788,0.9788,1.0600,12.9583,11.9030,1.5096,0.3231,0.3028,3000000.0000,1265068.9902,1265068.9902,11970000.0000,5047625.2709,0.7268,0.7268,0.1542,0.1542,1.5423,3.5323
2011-05-03,4.0000,4.0000,3.9200,3.9900,0.0000,0.0000,874669.9900,346586.5040,1.7700,4.0200,0.6914,0.6914,0.7400,12.9583,11.9030,1.5096,0.3231,0.3028,3000000.0000,1265068.9902,1265068.9902,11970000.0000,5047625.2709,0.7268,0.7268,0.1550,0.1550,1.5500,3.5500
2011-05-04,3.9600,4.0400,3.9300,3.9400,-0.0500,-1.2500,1078140.1000,428868.9960,1.7500,3.9700,0.8522,0.8522,1.0100,12.7960,11.7538,1.4907,0.3191,0.2990,3000000.0000,1265068.9902,1265068.9902,11820000.0000,4984371.8214,0.7360,0.7360,0.1566,0.1566,1.5657,3.5859
2011-05-05,3.9200,3.9500,3.8300,3.8500,-0.0900,-2.2800,1339471.7800,519907.1070,1.7100,3.8800,1.0588,1.0588,1.1800,12.5037,11.4853,1.4567,0.3118,0.2922,3000000.0000,1265068.9902,1265068.9902,11550000.0000,4870515.6123,0.7532,0.7532,0.1582,0.1582,1.5816,3.6224
2011-05-06,3.8600,3.8800,3.7900,3.8700,0.0200,0.5200,1044682.7600,401668.6690,1.7200,3.9000,0.8258,0.8258,0.9200,12.5686,11.5450,1.4642,0.3134,0.2937,3000000.0000,1265068.9902,1265068.9902,11610000.0000,4895816.9921,0.7494,0.7494,0.1606,0.1606,1.6062,3.6788
2011-05-09,3.8700,3.9000,3.8200,3.8400,-0.0300,-0.7800,683173.6800,263849.4170,1.7100,3.8700,0.5400,0.5400,0.6100,12.4712,11.4555,1.4529,0.3110,0.2914,3000000.0000,1265068.9902,1265068.9902,11520000.0000,4857864.9224,0.7552,0.7552,0.1602,0.1602,1.6021,3.6693
2011-05-10,3.8400,3.8600,3.8200,3.8400,0.0000,0.0000,623300.1700,239234.9450,1.7100,3.8700,0.4927,0.4927,0.6200,12.4712,11.4555,1.4529,0.3110,0.2914,3000000.0000,1265068.9902,1265068.9902,11520000.0000,4857864.9224,0.7552,0.7552,0.1615,0.1615,1.6146,3.6979
2011-05-11,3.8400,3.9400,3.8300,3.8800,0.0400,1.0400,858602.8600,334221.0410,1.7200,3.9100,0.6787,0.6787,0.9000,12.6011,11.5748,1.4680,0.3142,0.2945,3000000.0000,1265068.9902,1265068.9902,11640000.0000,4908467.6820,0.7474,0.7474,0.1615,0.1615,1.6146,3.6979
2011-05-13,3.8500,3.9800,3.8400,3.9800,0.1000,2.5800,1478866.2000,580791.6390,1.7700,4.0100,1.1690,1.1690,1.6300,12.9259,11.8731,1.5058,0.3223,0.3021,3000000.0000,1265068.9902,1265068.9902,11940000.0000,5034974.5810,0.7286,0.7286,0.1610,0.1610,1.6104,3.6883
2011-05-16,3.9800,4.0200,3.9400,3.9600,-0.0200,-0.5000,987203.3900,394038.8710,1.7600,3.9900,0.7804,0.7804,1.0500,12.8609,11.8135,1.4983,0.3207,0.3005,3000000.0000,1265068.9902,1265068.9902,11880000.0000,5009673.2012,0.7323,0.7323,0.1558,0.1558,1.5578,3.5678
2011-05-17,3.9600,4.0100,3.9100,3.9900,0.0300,0.7600,908183.2000,359442.9520,1.7700,4.0200,0.7179,0.7179,0.9800,12.9583,11.9030,1.5096,0.3231,0.3028,3000000.0000,1265068.9902,1265068.9902,11970000.0000,5047625.2709,0.7268,0.7268,0.1566,0.1566,1.5657,3.5859
2011-05-18,3.9800,4.0300,3.9600,3.9900,0.0000,0.0000,505198.9800,201889.2770,1.7700,4.0200,0.3993,0.3993,0.5200,12.9583,11.9030,1.5096,0.3231,0.3028,3000000.0000,1265068.9902,1265068.9902,11970000.0000,5047625.2709,0.7268,0.7268,0.1558,0.1558,1.5578,3.5678
2011-05-19,4.0000,4.0100,3.9100,3.9200,-0.0700,-1.7500,568946.8400,224566.4560,1.7400,3.9500,0.4497,0.4497,0.6000,12.7310,11.6941,1.4831,0.3175,0.2975,3000000.0000,1265068.9902,1265068.9902,11760000.0000,4959070.4416,0.7398,0.7398,0.1550,0.1550,1.5500,3.5500
2011-05-20,3.9100,3.9500,3.8900,3.9100,-0.0100,-0.2600,328216.6500,128472.7900,1.7400,3.9400,0.2594,0.2594,0.3700,12.6985,11.6643,1.4794,0.3167,0.2968,3000000.0000,1265068.9902,1265068.9902,11730000.0000,4946419.7517,0.7417,0.7417,0.1586,0.1586,1.5857,3.6317
2011-05-23,3.9100,3.9100,3.8000,3.8100,-0.1000,-2.5600,616715.2900,236757.6080,1.6900,3.8400,0.4875,0.4875,0.9400,12.3738,11.3660,1.4415,0.3086,0.2892,3000000.0000,1265068.9902,1265068.9902,11430000.0000,4819912.8527,0.7612,0.7612,0.1586,0.1586,1.5857,3.6317
2011-05-24,3.8100,3.8200,3.7100,3.7500,-0.0600,-1.5700,852446.7600,321727.9540,1.6700,3.7800,0.6738,0.6738,1.4600,12.1789,11.1870,1.4188,0.3037,0.2846,3000000.0000,1265068.9902,1265068.9902,11250000.0000,4744008.7133,0.7733,0.7733,0.1627,0.1627,1.6273,3.7270
2011-05-25,3.7500,3.7600,3.6700,3.6800,-0.0700,-1.8700,734462.5400,272459.5070,1.6300,3.7100,0.5806,0.5806,1.2800,11.9516,10.9782,1.3923,0.2980,0.2793,3000000.0000,1265068.9902,1265068.9902,11040000.0000,4655453.8839,0.7880,0.7880,0.1653,0.1653,1.6533,3.7867
2011-05-26,3.6900,3.7200,3.6500,3.6700,-0.0100,-0.2700,606861.4100,223387.4180,1.6300,3.7000,0.4797,0.4797,0.9800,11.9191,10.9483,1.3886,0.2972,0.2785,3000000.0000,1265068.9902,1265068.9902,11010000.0000,4642803.1940,0.7902,0.7902,0.1680,0.1680,1.6802,3.8482
2011-05-27,3.6700,3.7200,3.6600,3.6900,0.0200,0.5400,563082.5900,208018.9430,1.6400,3.7200,0.4451,0.4451,0.9000,11.9840,11.0080,1.3961,0.2989,0.2801,3000000.0000,1265068.9902,1265068.9902,11070000.0000,4668104.5738,0.7859,0.7859,0.1689,0.1689,1.6894,3.8692
2011-05-30,3.7100,3.7700,3.6900,3.7300,0.0400,1.0800,520283.9900,194258.6770,1.6600,3.7600,0.4113,0.4113,0.7700,12.1139,11.1273,1.4113,0.3021,0.2831,3000000.0000,1265068.9902,1265068.9902,11190000.0000,4718707.3334,0.7775,0.7775,0.1671,0.1671,1.6712,3.8275
2011-05-31,3.7500,3.7700,3.7300,3.7500,0.0200,0.5400,346709.9200,129942.4930,1.6700,3.7800,0.2741,0.2741,0.5300,12.1789,11.1870,1.4188,0.3037,0.2846,3000000.0000,1265068.9902,1265068.9902,11250000.0000,4744008.7133,0.7733,0.7733,0.1653,0.1653,1.6533,3.7867
2011-06-01,3.7500,3.7700,3.7200,3.7400,-0.0100,-0.2700,424653.8800,158661.4860,1.6600,3.7700,0.3357,0.3357,0.7700,12.1464,11.1572,1.4150,0.3029,0.2838,3000000.0000,1265068.9902,1265068.9902,11220000.0000,4731358.0233,0.7754,0.7754,0.1653,0.1653,1.6533,3.7867
2011-06-02,3.7200,3.7400,3.6800,3.6900,-0.0500,-1.3400,553964.7700,205327.9500,1.6400,3.7200,0.4379,0.4379,1.1300,11.9840,11.0080,1.3961,0.2989,0.2801,3000000.0000,1265068.9902,1265068.9902,11070000.0000,4668104.5738,0.7859,,0.1667,0.1667,1.6667,3.8172
2011-06-03,3.6500,3.6700,3.6300,3.6600,-0.0300,-0.8100,429783.5100,157056.6430,1.6500,3.7500,0.3397,0.3397,0.8900,11.8866,10.9185,1.4180,0.2964,0.2778,3000000.0000,1265068.9902,1265068.9902,10980000.0000,4630152.5041,0.7923,1.6940,0.1699,0.1699,1.6986,3.8904
2011-06-07,3.6200,3.7000,3.6200,3.6900,0.0300,0.8200,382888.5800,140818.5960,1.6700,3.7800,0.3027,0.3027,0.8400,11.9840,11.0080,1.4297,0.2989,0.2801,3000000.0000,1265068.9902,1265068.9902,11070000.0000,4668104.5738,0.7859,1.6802,0.1713,0.1713,1.7127,3.9227
2011-06-08,3.6900,3.7400,3.6600,3.7300,0.0400,1.0800,465441.3100,172215.9560,1.6800,3.8200,0.3679,0.3679,1.0900,12.1139,11.1273,1.4452,0.3021,0.2831,3000000.0000,1265068.9902,1265068.9902,11190000.0000,4718707.3334,0.7775,1.6622,0.1680,0.1680,1.6802,3.8482
2011-06-09,3.7100,3.7300,3.6800,3.6800,-0.0500,-1.3400,291196.8900,107743.6240,1.6600,3.7700,0.2302,0.2302,0.6500,11.9516,10.9782,1.4258,0.2980,0.2793,3000000.0000,1265068.9902,1265068.9902,11040000.0000,4655453.8839,0.7880,1.6848,0.1671,0.1671,1.6712,3.8275
2011-06-10,3.6800,3.7300,3.6700,3.7000,0.0200,0.5400,457160.8600,169276.7040,1.6700,3.7900,0.3614,0.3614,1.0800,12.0165,11.0378,1.4335,0.2997,0.2808,3000000.0000,1265068.9902,1265068.9902,11100000.0000,4680755.2637,0.7838,1.6757,0.1685,0.1685,1.6848,3.8587
2011-06-13,3.7000,3.7300,3.6600,3.7200,0.0200,0.5400,548266.1500,202620.6060,1.6800,3.8100,0.4334,0.4334,1.3500,12.0815,11.0975,1.4413,0.3013,0.2823,3000000.0000,1265068.9902,1265068.9902,11160000.0000,4706056.6435,0.7796,1.6667,0.1676,0.1676,1.6757,3.8378
2011-06-14,3.7200,3.8700,3.6900,3.8200,0.1000,2.6900,1405140.0300,536965.8520,1.7300,3.9200,1.1107,1.1107,3.2800,12.4062,11.3958,1.4800,0.3094,0.2899,3000000.0000,1265068.9902,1265068.9902,11460000.0000,4832563.5426,0.7592,1.6230,0.1667,0.1667,1.6667,3.8172
2011-06-15,3.8100,3.9100,3.8000,3.8300,0.0100,0.2600,937694.2300,362478.6530,1.7300,3.9300,0.7412,0.7412,1.4800,12.4387,11.4256,1.4839,0.3102,0.2907,3000000.0000,1265068.9902,1265068.9902,11490000.0000,4845214.2325,0.7572,1.6188,0.1627,0.1627,1.6273,3.7270
2011-06-16,3.8200,3.8400,3.7900,3.8000,-0.0300,-0.7800,448166.6800,170773.6330,1.7200,3.8900,0.3543,0.3543,0.6200,12.3413,11.3361,1.4723,0.3078,0.2884,3000000.0000,1265068.9902,1265068.9902,11400000.0000,4807262.1628,0.7632,1.6316,0.1623,0.1623,1.6230,3.7173
2011-06-17,3.8200,3.9600,3.8000,3.9100,0.1100,2.8900,1812719.6100,708236.8600,1.7700,4.0100,1.4329,1.4329,2.3900,12.6985,11.6643,1.5149,0.3167,0.2968,3000000.0000,1265068.9902,1265068.9902,11730000.0000,4946419.7517,0.7417,1.5857,0.1623,0.1623,1.6230,3.7173
2011-06-20,3.9100,3.9500,3.8500,3.8700,-0.0400,-1.0200,982627.4200,382342.1930,1.7500,3.9700,0.7767,0.7767,0.9500,12.5686,11.5450,1.4994,0.3134,0.2937,3000000.0000,1265068.9902,1265068.9902,11610000.0000,4895816.9921,0.7494,1.6021,0.1586,0.1586,1.5857,3.6317
2011-06-21,3.8900,4.0600,3.8700,3.8900,0.0200,0.5200,1466528.7800,580143.5280,1.7600,3.9900,1.1592,1.1592,1.3100,12.6336,11.6046,1.5071,0.3150,0.2952,3000000.0000,1265068.9902,1265068.9902,11670000.0000,4921118.3719,0.7455,1.5938,0.1594,0.1594,1.5938,3.6504
2011-06-22,3.8900,3.9400,3.8300,3.9000,0.0100,0.2600,914695.2700,354605.9890,1.7600,4.0000,0.7230,0.7230,0.8100,12.6660,11.6345,1.5110,0.3159,0.2960,3000000.0000,1265068.9902,1265068.9902,11700000.0000,4933769.0618,0.7436,1.5897,0.1594,0.1594,1.5938,3.6504
2011-06-23,3.8700,4.0300,3.8700,4.0100,0.1100,2.8200,1434238.4400,570160.9610,1.8100,4.1100,1.1337,1.1337,1.2700,13.0233,11.9626,1.5536,0.3248,0.3043,3000000.0000,1265068.9902,1265068.9902,12030000.0000,5072926.6507,0.7232,1.5461,0.1602,0.1602,1.6021,3.6693
2011-06-24,3.9900,4.0700,3.9800,4.0300,0.0200,0.5000,1959176.7500,792329.8050,1.8200,4.1300,1.5487,1.5487,1.4800,13.0882,12.0223,1.5614,0.3264,0.3059,3000000.0000,1265068.9902,1265068.9902,12090000.0000,5098228.0305,0.7196,1.5385,0.1554,0.1554,1.5539,3.5589
2011-06-27,4.0600,4.0800,3.9700,3.9800,-0.0500,-1.2400,1475087.3100,592706.0370,1.8000,4.0800,1.1660,1.1660,1.0900,12.9259,11.8731,1.5420,0.3223,0.3021,3000000.0000,1265068.9902,1265068.9902,11940000.0000,5034974.5810,0.7286,1.5578,0.1527,0.1527,1.5271,3.4975
2011-06-28,4.0000,4.0100,3.9200,4.0000,0.0200,0.5000,1393498.8500,552546.0030,1.8100,4.1000,1.1015,1.1015,0.9600,12.9908,11.9328,1.5498,0.3240,0.3036,3000000.0000,1265068.9902,1265068.9902,12000000.0000,5060275.9608,0.7250,1.5500,0.1550,0.1550,1.5500,3.5500
2011-06-29,3.9800,4.0200,3.8800,3.8900,-0.1100,-2.7500,1786834.0500,705588.0810,1.7600,3.9900,1.4124,1.4124,1.2400,12.6336,11.6046,1.5071,0.3150,0.2952,3000000.0000,1265068.9902,1265068.9902,11670000.0000,4921118.3719,0.7455,1.5938,0.1558,0.1558,1.5578,3.5678
2011-06-30,3.9000,4.0600,3.8900,4.0300,0.1400,3.6000,2001488.3600,802457.0740,1.8200,4.1300,1.5821,1.5821,1.2400,13.0882,12.0223,1.5614,0.3264,0.3059,3000000.0000,1265068.9902,1265068.9902,12090000.0000,5098228.0305,0.7196,1.5385,0.1590,0.1590,1.5897,3.6410
2011-07-01,4.0400,4.0800,4.0100,4.0300,0.0000,0.0000,1250325.8300,506953.3570,1.8200,4.1300,0.9883,0.9883,0.7300,13.0882,12.0223,1.5614,0.3264,0.3059,3000000.0000,1265068.9902,1265068.9902,12090000.0000,5098228.0305,0.7196,1.5385,0.1535,0.1535,1.5347,3.5149
2011-07-04,4.0400,4.1200,4.0300,4.0600,0.0300,0.7400,1606965.4000,656420.4640,1.8300,4.1600,1.2703,1.2703,1.0200,13.1857,12.1118,1.5730,0.3288,0.3081,3000000.0000,1265068.9902,1265068.9902,12180000.0000,5136180.1002,0.7143,1.5271,0.1535,0.1535,1.5347,3.5149
2011-07-05,4.0600,4.0600,3.9800,4.0200,-0.0400,-0.9900,1389226.6400,557501.7890,1.8200,4.1200,1.0981,1.0981,0.8600,13.0558,11.9925,1.5575,0.3256,0.3051,3000000.0000,1265068.9902,1265068.9902,12060000.0000,5085577.3406,0.7214,1.5423,0.1527,0.1527,1.5271,3.4975
2011-07-06,4.0000,4.0600,3.9500,4.0500,0.0300,0.7500,1272259.5700,509127.4220,1.8300,4.1500,1.0057,1.0057,0.7900,13.1532,12.0819,1.5691,0.3280,0.3074,3000000.0000,1265068.9902,1265068.9902,12150000.0000,5123529.4103,0.7160,1.5309,0.1550,0.1550,1.5500,3.5500
2011-07-07,4.0400,4.0500,3.9400,3.9400,-0.1100,-2.7200,1316516.5200,523380.3400,1.7800,4.0400,1.0407,1.0407,0.8800,12.7960,11.7538,1.5265,0.3191,0.2990,3000000.0000,1265068.9902,1265068.9902,11820000.0000,4984371.8214,0.7360,1.5736,0.1535,0.1535,1.5347,3.5149
2011-07-08,3.9700,4.0300,3.9400,4.0000,0.0600,1.5200,835985.5000,333600.0250,1.8100,4.1000,0.6608,0.6608,0.6100,12.9908,11.9328,1.5498,0.3240,0.3036,3000000.0000,1265068.9902,1265068.9902,12000000.0000,5060275.9608,0.7250,1.5500,0.1562,0.1562,1.5617,3.5768
2011-07-11,3.9900,4.0500,3.9800,4.0200,0.0200,0.5000,664228.7300,267566.4180,1.8200,4.1200,0.5251,0.5251,0.5200,13.0558,11.9925,1.5575,0.3256,0.3051,3000000.0000,1265068.9902,1265068.9902,12060000.0000,5085577.3406,0.7214,1.5423,0.1554,0.1554,1.5539,3.5589
2011-07-12,4.0000,4.0100,3.9400,3.9600,-0.0600,-1.4900,815816.4100,323997.0850,1.7900,4.0600,0.6449,0.6449,0.7400,12.8609,11.8135,1.5343,0.3207,0.3005,3000000.0000,1265068.9902,1265068.9902,11880000.0000,5009673.2012,0.7323,1.5657,0.1550,0.1550,1.5500,3.5500
2011-07-13,3.9600,3.9900,3.9300,3.9700,0.0100,0.2500,755183.4400,299379.2500,1.7900,4.0700,0.5970,0.5970,0.7700,12.8934,11.8433,1.5381,0.3215,0.3013,3000000.0000,1265068.9902,1265068.9902,11910000.0000,5022323.8911,0.7305,1.5617,0.1566,0.1566,1.5657,3.5859
2011-07-14,3.9700,3.9800,3.9100,3.9400,-0.0300,-0.7600,706530.4900,278030.6090,1.7800,4.0400,0.5585,0.5585,0.8100,12.7960,11.7538,1.5265,0.3191,0.2990,3000000.0000,1265068.9902,1265068.9902,11820000.0000,4984371.8214,0.7360,1.5736,0.1562,0.1562,1.5617,3.5768
2011-07-15,3.9100,3.9300,3.8700,3.9100,-0.0300,-0.7600,1029466.8000,401042.0940,1.7700,4.0100,0.8138,0.8138,1.3600,12.6985,11.6643,1.5149,0.3167,0.2968,3000000.0000,1265068.9902,1265068.9902,11730000.0000,4946419.7517,0.7417,1.5857,0.1586,0.1586,1.5857,3.6317
2011-07-18,3.9100,3.9100,3.8300,3.8400,-0.0700,-1.7900,1378182.6900,530986.3170,1.7300,3.9400,1.0894,1.0894,1.7400,12.4712,11.4555,1.4878,0.3110,0.2914,3000000.0000,1265068.9902,1265068.9902,11520000.0000,4857864.9224,0.7552,1.6146,0.1586,0.1586,1.5857,3.6317
2011-07-19,3.8500,3.8900,3.8100,3.8600,0.0200,0.5200,648634.4600,250294.1150,1.7400,3.9600,0.5127,0.5127,0.6900,12.5361,11.5151,1.4955,0.3126,0.2930,3000000.0000,1265068.9902,1265068.9902,11580000.0000,4883166.3022,0.7513,1.6062,0.1610,0.1610,1.6104,3.6883
2011-07-20,3.8700,3.8900,3.8200,3.8500,-0.0100,-0.2600,485036.3500,186672.0360,1.7400,3.9500,0.3834,0.3834,0.5400,12.5037,11.4853,1.4917,0.3118,0.2922,3000000.0000,1265068.9902,1265068.9902,11550000.0000,4870515.6123,0.7532,1.6104,0.1602,0.1602,1.6021,3.6693
2011-07-21,3.8600,3.8700,3.7900,3.8100,-0.0400,-1.0400,775682.8900,295852.7700,1.7200,3.9100,0.6132,0.6132,0.9100,12.3738,11.3660,1.4762,0.3086,0.2892,3000000.0000,1265068.9902,1265068.9902,11430000.0000,4819912.8527,0.7612,1.6273,0.1606,0.1606,1.6062,3.6788
2011-07-22,3.8100,3.8400,3.8000,3.8200,0.0100,0.2600,530130.3500,202277.8040,1.7300,3.9200,0.4191,0.4191,0.6100,12.4062,11.3958,1.4800,0.3094,0.2899,3000000.0000,1265068.9902,1265068.9902,11460000.0000,4832563.5426,0.7592,1.6230,0.1627,0.1627,1.6273,3.7270
2011-07-25,3.7900,3.8200,3.6600,3.6900,-0.1300,-3.4000,1282732.3500,477197.4040,1.6700,3.7800,1.0140,1.0140,1.6800,11.9840,11.0080,1.4297,0.2989,0.2801,3000000.0000,1265068.9902,1265068.9902,11070000.0000,4668104.5738,0.7859,1.6802,0.1636,0.1636,1.6359,3.7467
2011-07-26,3.6900,3.7100,3.6700,3.6800,-0.0100,-0.2700,586670.8800,216313.9760,1.6600,3.7700,0.4637,0.4637,0.7900,11.9516,10.9782,1.4258,0.2980,0.2793,3000000.0000,1265068.9902,1265068.9902,11040000.0000,4655453.8839,0.7880,1.6848,0.1680,0.1680,1.6802,3.8482
2011-07-27,3.6700,3.7100,3.6600,3.6900,0.0100,0.2700,732670.9300,269967.3600,1.6700,3.7800,0.5792,0.5792,1.0000,11.9840,11.0080,1.4297,0.2989,0.2801,3000000.0000,1265068.9902,1265068.9902,11070000.0000,4668104.5738,0.7859,1.6802,0.1689,0.1689,1.6894,3.8692
2011-07-28,3.6700,3.6900,3.5900,3.6200,-0.0700,-1.9000,1076433.5100,390563.5870,1.6400,3.7100,0.8509,0.8509,1.3800,11.7567,10.7992,1.4025,0.2932,0.2747,3000000.0000,1265068.9902,1265068.9902,10860000.0000,4579549.7445,0.8011,1.7127,0.1689,0.1689,1.6894,3.8692
2011-07-29,3.6300,3.6500,3.5900,3.6400,0.0200,0.5500,630619.2900,228107.5760,1.6400,3.7300,0.4985,0.4985,0.7500,11.8216,10.8588,1.4103,0.2948,0.2763,3000000.0000,1265068.9902,1265068.9902,10920000.0000,4604851.1243,0.7967,1.7033,0.1708,0.1708,1.7080,3.9118
2011-08-01,3.6300,3.6900,3.6100,3.6600,0.0200,0.5500,448844.8700,164009.9100,1.6500,3.7500,0.3548,0.3548,0.5200,11.8866,10.9185,1.4180,0.2964,0.2778,3000000.0000,1265068.9902,1265068.9902,10980000.0000,4630152.5041,0.7923,1.6940,0.1708,0.1708,1.7080,3.9118
2011-08-02,3.6400,3.6500,3.5800,3.6000,-0.0600,-1.6400,629532.6400,226728.2830,1.6300,3.6900,0.4976,0.4976,0.9100,11.6917,10.7395,1.3948,0.2916,0.2732,3000000.0000,1265068.9902,1265068.9902,10800000.0000,4554248.3647,0.8056,1.7222,0.1703,0.1703,1.7033,3.9011
2011-08-03,3.5700,3.6100,3.5500,3.6000,0.0000,0.0000,488628.2300,175013.5080,1.6300,3.6900,0.3862,0.3862,0.6900,11.6917,10.7395,1.3948,0.2916,0.2732,3000000.0000,1265068.9902,1265068.9902,10800000.0000,4554248.3647,0.8056,1.7222,0.1737,0.1737,1.7367,3.9776
2011-08-04,3.6000,3.6200,3.5700,3.5900,-0.0100,-0.2800,311287.8300,111808.2050,1.6200,3.6800,0.2461,0.2461,0.4800,11.6593,10.7097,1.3909,0.2908,0.2725,3000000.0000,1265068.9902,1265068.9902,10770000.0000,4541597.6748,0.8078,1.7270,0.1722,0.1722,1.7222,3.9444
2011-08-05,3.5100,3.5300,3.4800,3.4900,-0.1000,-2.7900,929507.6300,325785.9620,1.5800,3.5800,0.7347,0.7347,1.8500,11.3345,10.4114,1.3522,0.2827,0.2649,3000000.0000,1265068.9902,1265068.9902,10470000.0000,4415090.7758,0.8309,1.7765,0.1766,0.1766,1.7664,4.0456
2011-08-08,3.4500,3.5100,3.3000,3.3900,-0.1000,-2.8700,1426030.7200,487665.7470,1.5300,3.4700,1.1272,1.1272,2.5400,11.0097,10.1130,1.3134,0.2746,0.2573,3000000.0000,1265068.9902,1265068.9902,10170000.0000,4288583.8768,0.8555,1.8289,0.1797,0.1797,1.7971,4.1159
2011-08-09,3.3300,3.4800,3.3100,3.4700,0.0800,2.3600,1518834.1000,519727.3410,1.5700,3.5600,1.2006,1.2006,2.0100,11.2695,10.3517,1.3444,0.2810,0.2634,3000000.0000,1265068.9902,1265068.9902,10410000.0000,4389789.3960,0.8357,1.7867,0.1862,0.1862,1.8619,4.2643
2011-08-10,3.5000,3.6000,3.5000,3.5300,0.0600,1.7300,1352877.7800,480099.1270,1.5900,3.6200,1.0694,1.0694,1.4500,11.4644,10.5307,1.3677,0.2859,0.2679,3000000.0000,1265068.9902,1265068.9902,10590000.0000,4465693.5354,0.8215,1.7564,0.1771,0.1771,1.7714,4.0571
2011-08-11,3.4800,3.5900,3.4700,3.5400,0.0100,0.2800,782691.3000,276825.8370,1.6000,3.6300,0.6187,0.6187,0.7100,11.4969,10.5605,1.3715,0.2867,0.2687,3000000.0000,1265068.9902,1265068.9902,10620000.0000,4478344.2253,0.8192,1.7514,0.1782,0.1782,1.7816,4.0805
2011-08-12,3.5500,3.5600,3.5200,3.5400,0.0000,0.0000,451788.9400,159888.5020,1.6000,3.6300,0.3571,0.3571,0.3800,11.4969,10.5605,1.3715,0.2867,0.2687,3000000.0000,1265068.9902,1265068.9902,10620000.0000,4478344.2253,0.8192,1.7514,0.1746,0.1746,1.7465,4.0000
2011-08-15,3.5400,3.5700,3.5300,3.5600,0.0200,0.5600,551763.6700,196217.3430,1.6100,3.6500,0.4362,0.4362,0.5000,11.5618,10.6202,1.3793,0.2883,0.2702,3000000.0000,1265068.9902,1265068.9902,10680000.0000,4503645.6051,0.8146,1.7416,0.1751,0.1751,1.7514,4.0113
2011-08-16,3.5700,3.5700,3.4600,3.4600,-0.1000,-2.8100,873145.0700,306918.7010,1.5600,3.5500,0.6902,0.6902,0.9400,11.2371,10.3219,1.3405,0.2802,0.2626,3000000.0000,1265068.9902,1265068.9902,10380000.0000,4377138.7061,0.8382,1.7919,0.1737,0.1737,1.7367,3.9776
2011-08-17,3.4700,3.5100,3.4600,3.4600,0.0000,0.0000,334771.6200,116627.9140,1.5600,3.5500,0.2646,0.2646,0.4200,11.2371,10.3219,1.3405,0.2802,0.2626,3000000.0000,1265068.9902,1265068.9902,10380000.0000,4377138.7061,0.8382,1.7919,0.1787,0.1787,1.7867,4.0922
2011-08-18,3.4600,3.4800,3.4000,3.4200,-0.0400,-1.1600,446044.3400,153094.6510,1.5400,3.5100,0.3526,0.3526,0.7400,11.1072,10.2025,1.3251,0.2770,0.2596,3000000.0000,1265068.9902,1265068.9902,10260000.0000,4326535.9465,0.8480,1.8129,0.1792,0.1792,1.7919,4.1040
2011-08-19,3.3900,3.4200,3.3500,3.3800,-0.0400,-1.1700,632182.9300,213555.6560,1.5300,3.4600,0.4997,0.4997,1.1900,10.9772,10.0832,1.3096,0.2737,0.2565,3000000.0000,1265068.9902,1265068.9902,10140000.0000,4275933.1869,0.8580,1.8343,0.1829,0.1829,1.8289,4.1888
2011-08-22,3.3800,3.4000,3.3000,3.3400,-0.0400,-1.1800,647424.5800,217304.2220,1.5100,3.4200,0.5118,0.5118,1.1400,10.8473,9.9639,1.2941,0.2705,0.2535,3000000.0000,1265068.9902,1265068.9902,10020000.0000,4225330.4273,0.8683,1.8563,0.1834,0.1834,1.8343,4.2012
2011-08-23,3.3500,3.4700,3.3400,3.4600,0.1200,3.5900,740903.1000,253384.2350,1.5600,3.5500,0.5857,0.5857,1.2600,11.2371,10.3219,1.3405,0.2802,0.2626,3000000.0000,1265068.9902,1265068.9902,10380000.0000,4377138.7061,0.8382,1.7919,0.1851,0.1851,1.8507,4.2388
2011-08-24,3.4600,3.5000,3.4300,3.4500,-0.0100,-0.2900,487712.5300,169054.2890,1.5600,3.5400,0.3855,0.3855,0.8700,11.2046,10.2920,1.3367,0.2794,0.2618,3000000.0000,1265068.9902,1265068.9902,10350000.0000,4364488.0162,0.8406,1.7971,0.1792,0.1792,1.7919,4.1040
2011-08-25,3.4700,3.5700,3.4400,3.5600,0.1100,3.1900,1106498.7000,391417.4000,1.6100,3.6500,0.8747,0.8747,1.8700,11.5618,10.6202,1.3793,0.2883,0.2702,3000000.0000,1265068.9902,1265068.9902,10680000.0000,4503645.6051,0.8146,1.7416,0.1787,0.1787,1.7867,4.0922
2011-08-26,3.5300,3.5800,3.5100,3.5700,0.0100,0.2800,625594.1600,222576.9770,1.6100,3.6600,0.4945,0.4945,0.8700,11.5943,10.6500,1.3832,0.2891,0.2709,3000000.0000,1265068.9902,1265068.9902,10710000.0000,4516296.2950,0.8123,1.7367,0.1756,0.1756,1.7564,4.0227
2011-08-29,3.5300,3.5500,3.4900,3.5100,-0.0600,-1.6800,420790.7100,147912.9730,1.5900,3.6000,0.3326,0.3326,0.5800,11.3994,10.4710,1.3599,0.2843,0.2664,3000000.0000,1265068.9902,1265068.9902,10530000.0000,4440392.1556,0.8262,1.7664,0.1756,0.1756,1.7564,4.0227
2011-08-30,3.5400,3.5900,3.5100,3.5100,0.0000,0.0000,452692.4700,160444.1130,1.5900,3.6000,0.3578,0.3578,0.6700,11.3994,10.4710,1.3599,0.2843,0.2664,3000000.0000,1265068.9902,1265068.9902,10530000.0000,4440392.1556,0.8262,1.7664,0.1751,0.1751,1.7514,4.0113
2011-08-31,3.5400,3.5600,3.4900,3.5000,-0.0100,-0.2800,520874.7700,183478.6030,1.5800,3.5900,0.4117,0.4117,0.8400,11.3670,9.4324,1.2819,0.2835,0.2440,3000000.0000,1265068.9902,1265068.9902,10500000.0000,4427741.4657,0.8286,1.7714,0.1751,0.1751,1.7514,4.0113
2011-09-01,3.5200,3.5300,3.4400,3.4800,-0.0200,-0.5700,562173.7900,196054.3910,1.5700,3.5700,0.4444,0.4444,0.9000,11.3020,9.3785,1.2746,0.2818,0.2426,3000000.0000,1265068.9902,1265068.9902,10440000.0000,4402440.0859,0.8333,1.7816,0.1761,0.1761,1.7614,4.0341
2011-09-02,3.4800,3.5000,3.4200,3.4500,-0.0300,-0.8600,419050.3400,144729.9260,1.5600,3.5400,0.3312,0.3312,0.8100,11.2046,9.2977,1.2636,0.2794,0.2405,3000000.0000,1265068.9902,1265068.9902,10350000.0000,4364488.0162,0.8406,1.7971,0.1782,0.1782,1.7816,4.0805
2011-09-05,3.4200,3.5100,3.3900,3.4700,0.0200,0.5800,604889.3400,208550.6390,1.5700,3.5600,0.4781,0.4781,1.2700,11.2695,9.3516,1.2710,0.2810,0.2419,3000000.0000,1265068.9902,1265068.9902,10410000.0000,4389789.3960,0.8357,1.7867,0.1813,0.1813,1.8129,4.1520
2011-09-06,3.4600,3.4800,3.4400,3.4600,-0.0100,-0.2900,349149.0300,120896.2690,1.5600,3.5500,0.2760,0.2764,0.6800,11.2371,9.3246,1.2673,0.2802,0.2412,3000000.0000,1265068.9902,1263068.9902,10380000.0000,4377138.7061,0.8382,1.7919,0.1792,0.1792,1.7919,4.1040
2011-09-07,3.4700,3.5500,3.4700,3.5300,0.0700,2.0200,529516.9400,186009.3550,1.5900,3.6200,0.4186,0.4192,1.0800,11.4644,9.5133,1.2929,0.2859,0.2461,3000000.0000,1265068.9902,1263068.9902,10590000.0000,4465693.5354,0.8215,1.7564,0.1787,0.1787,1.7867,4.0922
2011-09-08,3.5300,3.5400,3.4900,3.4900,-0.0400,-1.1300,302935.1600,106346.0340,1.5800,3.5800,0.2395,0.2398,0.6100,11.3345,9.4055,1.2783,0.2827,0.2433,3000000.0000,1265068.9902,1263068.9902,10470000.0000,4415090.7758,0.8309,1.7765,0.1756,0.1756,1.7564,4.0227
2011-09-09,3.5100,3.5400,3.4700,3.4800,-0.0100,-0.2900,334706.4000,117340.1870,1.5700,3.5700,0.2646,0.2650,0.7600,11.3020,9.3785,1.2746,0.2818,0.2426,3000000.0000,1265068.9902,1263068.9902,10440000.0000,4402440.0859,0.8333,1.7816,0.1766,0.1766,1.7664,4.0456
2011-09-13,3.4600,3.4800,3.4400,3.4800,0.0000,0.0000,325231.9900,112555.4430,1.5700,3.5700,0.2571,0.2575,0.7700,11.3020,9.3785,1.2746,0.2818,0.2426,3000000.0000,1265068.9902,1263068.9902,10440000.0000,4402440.0859,0.8333,1.7816,0.1792,0.1792,1.7919,4.1040
2011-09-14,3.4900,3.5100,3.4500,3.5000,0.0200,0.5700,349520.0100,121686.6010,1.5800,3.5900,0.2763,0.2767,0.9500,11.3670,9.4324,1.2819,0.2835,0.2440,3000000.0000,1265068.9902,1263068.9902,10500000.0000,4427741.4657,0.8286,1.7714,0.1777,0.1777,1.7765,4.0688
2011-09-15,3.5000,3.5300,3.4800,3.5000,0.0000,0.0000,353773.6900,124088.7740,1.5800,3.5900,0.2796,0.2801,0.9600,11.3670,9.4324,1.2819,0.2835,0.2440,3000000.0000,1265068.9902,1263068.9902,10500000.0000,4427741.4657,0.8286,1.7714,0.1771,0.1771,1.7714,4.0571
2011-09-16,3.5100,3.5400,3.4400,3.4800,-0.0200,-0.5700,531449.0500,185589.4870,1.5700,3.5700,0.4201,0.4208,1.5900,11.3020,9.3785,1.2746,0.2818,0.2426,3000000.0000,1265068.9902,1263068.9902,10440000.0000,4402440.0859,0.8333,1.7816,0.1766,0.1766,1.7664,4.0456
2011-09-19,3.4600,3.4900,3.4500,3.4500,-0.0300,-0.8600,383439.0000,132710.0970,1.5600,3.5400,0.3031,0.3036,1.0100,11.2046,9.2977,1.2636,0.2794,0.2405,3000000.0000,1265068.9902,1263068.9902,10350000.0000,4364488.0162,0.8406,1.7971,0.1792,0.1792,1.7919,4.1040
2011-09-20,3.4500,3.4600,3.4100,3.4300,-0.0200,-0.5800,392299.2100,134962.9130,1.5500,3.5200,0.3101,0.3106,1.0100,11.1396,9.2438,1.2563,0.2778,0.2391,3000000.0000,1265068.9902,1263068.9902,10290000.0000,4339186.6364,0.8455,1.8076,0.1797,0.1797,1.7971,4.1159
2011-09-21,3.4300,3.5300,3.4200,3.4900,0.0600,1.7500,587856.8800,205058.1130,1.5800,3.5800,0.4647,0.4654,1.4600,11.3345,9.4055,1.2783,0.2827,0.2433,3000000.0000,1265068.9902,1263068.9902,10470000.0000,4415090.7758,0.8309,1.7765,0.1808,0.1808,1.8076,4.1399
2011-09-22,3.4800,3.5000,3.3800,3.3900,-0.1000,-2.8700,773485.5900,265504.4370,1.5300,3.4700,0.6114,0.6124,1.7200,11.0097,9.1360,1.2417,0.2746,0.2363,3000000.0000,1265068.9902,1263068.9902,10170000.0000,4288583.8768,0.8555,1.8289,0.1782,0.1782,1.7816,4.0805
2011-09-23,3.3600,3.4400,3.3400,3.4100,0.0200,0.5900,569839.8900,193587.9370,1.5400,3.5000,0.4504,0.4512,1.0700,11.0747,9.1899,1.2490,0.2762,0.2377,3000000.0000,1265068.9902,1263068.9902,10230000.0000,4313885.2566,0.8504,1.8182,0.1845,0.1845,1.8452,4.2262
2011-09-26,3.4000,3.4100,3.3600,3.3800,-0.0300,-0.8800,461439.0300,156088.1530,1.5300,3.4600,0.3648,0.3653,0.8500,10.9772,9.1090,1.2380,0.2737,0.2356,3000000.0000,1265068.9902,1263068.9902,10140000.0000,4275933.1869,0.8580,1.8343,0.1824,0.1824,1.8235,4.1765
2011-09-27,3.3900,3.4100,3.3600,3.3700,-0.0100,-0.3000,368305.3400,124513.6630,1.5200,3.4500,0.2911,0.2916,0.6600,10.9448,9.0821,1.2343,0.2729,0.2349,3000000.0000,1265068.9902,1263068.9902,10110000.0000,4263282.4970,0.8605,1.8398,0.1829,0.1829,1.8289,4.1888
2011-09-28,3.3900,3.4200,3.3600,3.3700,0.0000,0.0000,447990.9700,152080.5010,1.5200,3.4500,0.3541,0.3547,0.8100,10.9448,9.0821,1.2343,0.2729,0.2349,3000000.0000,1265068.9902,1263068.9902,10110000.0000,4263282.4970,0.8605,1.8398,0.1829,0.1829,1.8289,4.1888
2011-09-29,3.3600,3.4100,3.3600,3.3900,0.0200,0.5900,441692.9000,149662.8700,1.5300,3.4700,0.3491,0.3497,0.8400,11.0097,9.1360,1.2417,0.2746,0.2363,3000000.0000,1265068.9902,1263068.9902,10170000.0000,4288583.8768,0.8555,1.8289,0.1845,0.1845,1.8452,4.2262
2011-09-30,3.3700,3.4100,3.3600,3.3800,-0.0100,-0.2900,396913.1000,134602.1610,1.5300,3.4600,0.3137,0.3142,0.8700,10.9772,9.1090,1.2380,0.2737,0.2356,3000000.0000,1265068.9902,1263068.9902,10140000.0000,4275933.1869,0.8580,1.8343,0.1840,0.1840,1.8398,4.2136
2011-10-10,3.4100,3.4100,3.2500,3.2700,-0.1100,-3.2500,744747.9000,247337.1210,1.4800,3.3500,0.5887,0.5896,1.7600,10.6200,8.8126,1.1977,0.2648,0.2280,3000000.0000,1265068.9902,1263068.9902,9810000.0000,4136775.5980,0.8869,1.8960,0.1818,0.1818,1.8182,4.1642
2011-10-11,3.3300,3.3400,3.2100,3.2500,-0.0200,-0.6100,1033089.2000,336646.5650,1.4700,3.3300,0.8166,0.8179,2.1500,10.5550,8.7587,1.1904,0.2632,0.2266,3000000.0000,1265068.9902,1263068.9902,9750000.0000,4111474.2182,0.8923,1.9077,0.1862,0.1862,1.8619,4.2643
2011-10-12,3.2400,3.3300,3.2100,3.3200,0.0700,2.1500,984695.3300,324463.0400,1.5000,3.4000,0.7784,0.7796,1.6100,10.7824,8.9473,1.2160,0.2689,0.2315,3000000.0000,1265068.9902,1263068.9902,9960000.0000,4200029.0475,0.8735,1.8675,0.1914,0.1914,1.9136,4.3827
2011-10-13,3.3100,3.3600,3.3100,3.3500,0.0300,0.9000,694934.9400,231441.8530,1.5100,3.4300,0.5493,0.5502,0.9600,10.8798,9.0282,1.2270,0.2713,0.2335,3000000.0000,1265068.9902,1263068.9902,10050000.0000,4237981.1172,0.8657,1.8507,0.1873,0.1873,1.8731,4.2900
2011-10-14,3.3300,3.3500,3.3000,3.3200,-0.0300,-0.9000,323935.2800,107483.1120,1.5000,3.4000,0.2561,0.2565,0.4200,10.7824,8.9473,1.2160,0.2689,0.2315,3000000.0000,1265068.9902,1263068.9902,9960000.0000,4200029.0475,0.8735,1.8675,0.1862,0.1862,1.8619,4.2643
2011-10-17,3.3100,3.3500,3.3100,3.3200,0.0000,0.0000,315352.6500,105055.7880,1.5000,3.4000,0.2493,0.2497,0.4200,10.7824,8.9473,1.2160,0.2689,0.2315,3000000.0000,1265068.9902,1263068.9902,9960000.0000,4200029.0475,0.8735,1.8675,0.1873,0.1873,1.8731,4.2900
2011-10-18,3.3200,3.3300,3.2400,3.2500,-0.0700,-2.1100,463802.2600,152278.7850,1.4700,3.3300,0.3666,0.3672,0.6900,10.5550,8.7587,1.1904,0.2632,0.2266,3000000.0000,1265068.9902,1263068.9902,9750000.0000,4111474.2182,0.8923,1.9077,0.1867,0.1867,1.8675,4.2771
2011-10-19,3.2500,3.2900,3.2400,3.2500,0.0000,0.0000,301573.9200,98299.9290,1.4700,3.3300,0.2384,0.2388,0.5400,10.5550,8.7587,1.1904,0.2632,0.2266,3000000.0000,1265068.9902,1263068.9902,9750000.0000,4111474.2182,0.8923,1.9077,0.1908,0.1908,1.9077,4.3692
2011-10-20,3.2500,3.2600,3.1100,3.1400,-0.1100,-3.3800,1063300.5300,336866.9670,1.4200,3.2200,0.8405,0.8418,2.5300,10.1978,8.4622,1.1501,0.2543,0.2189,3000000.0000,1265068.9902,1263068.9902,9420000.0000,3972316.6292,0.9236,1.9745,0.1908,0.1908,1.9077,4.3692
2011-10-21,3.1400,3.1700,3.1200,3.1400,0.0000,0.0000,333851.5500,104938.1970,1.4200,3.2200,0.2639,0.2643,0.6800,10.1978,8.4622,1.1501,0.2543,0.2189,3000000.0000,1265068.9902,1263068.9902,9420000.0000,3972316.6292,0.9236,1.9745,0.1975,0.1975,1.9745,4.5223
2011-10-24,3.1400,3.1900,3.0900,3.1700,0.0300,0.9600,653047.5200,205505.9560,1.4300,3.2500,0.5162,0.5170,1.3200,10.2952,8.5431,1.1611,0.2567,0.2210,3000000.0000,1265068.9902,1263068.9902,9510000.0000,4010268.6989,0.9148,1.9558,0.1975,0.1975,1.9745,4.5223
2011-10-25,3.1800,3.2500,3.1100,3.2000,0.0300,0.9500,1277068.0000,407352.1690,1.4500,3.2800,1.0095,1.0111,2.2700,10.3927,8.6239,1.1721,0.2592,0.2231,3000000.0000,1265068.9902,1263068.9902,9600000.0000,4048220.7686,0.9063,1.9375,0.1950,0.1950,1.9497,4.4654
2011-10-26,3.1900,3.2900,3.1800,3.2500,0.0500,1.5600,1224006.9400,398919.9790,1.4700,3.3300,0.9675,0.9691,1.6900,10.5550,8.7587,1.1904,0.2632,0.2266,3000000.0000,1265068.9902,1263068.9902,9750000.0000,4111474.2182,0.8923,1.9077,0.1944,0.1944,1.9436,4.4514
2011-10-27,3.2600,3.2900,3.2500,3.2700,0.0200,0.6200,469258.5900,153337.5020,1.4800,3.3500,0.3709,0.3715,0.5200,10.6200,8.8126,1.1977,0.2648,0.2280,3000000.0000,1265068.9902,1263068.9902,9810000.0000,4136775.5980,0.8869,1.8960,0.1902,0.1902,1.9018,4.3558
2011-10-28,3.3100,3.4400,3.3100,3.3900,0.1200,3.6700,1661066.9300,561147.9030,1.5300,3.4700,1.3130,1.3151,2.1000,11.0097,8.2825,1.1944,0.2746,0.2184,3000000.0000,1265068.9902,1263068.9902,10170000.0000,4288583.8768,0.8555,1.8289,0.1873,0.1873,1.8731,4.2900
2011-10-31,3.3800,3.3800,3.3400,3.3500,-0.0400,-1.1800,600095.9300,201484.8270,1.5100,3.4300,0.4744,0.4751,0.5700,10.8798,8.1847,1.1803,0.2713,0.2159,3000000.0000,1265068.9902,1263068.9902,10050000.0000,4237981.1172,0.8657,1.8507,0.1834,0.1834,1.8343,4.2012
2011-11-01,3.3300,3.4200,3.3200,3.3600,0.0100,0.3000,1012034.3500,341721.7760,1.5200,3.4400,0.8000,0.8013,0.9700,10.9123,8.2092,1.1838,0.2721,0.2165,3000000.0000,1265068.9902,1263068.9902,10080000.0000,4250631.8071,0.8631,1.8452,0.1862,0.1862,1.8619,4.2643
2011-11-02,3.3300,3.4400,3.3100,3.4300,0.0700,2.0800,864258.6000,292087.0770,1.5500,3.5200,0.6832,0.6843,0.8700,11.1396,8.3802,1.2084,0.2778,0.2210,3000000.0000,1265068.9902,1263068.9902,10290000.0000,4339186.6364,0.8455,1.8076,0.1862,0.1862,1.8619,4.2643
2011-11-03,3.4200,3.4500,3.3800,3.3800,-0.0500,-1.4600,1053380.2200,359027.6160,1.5300,3.4600,0.8327,0.8340,1.1400,10.9772,8.2580,1.1908,0.2737,0.2178,3000000.0000,1265068.9902,1263068.9902,10140000.0000,4275933.1869,0.8580,1.8343,0.1813,0.1813,1.8129,4.1520
2011-11-04,3.4100,3.4500,3.3900,3.4100,0.0300,0.8900,614312.6500,210054.6460,1.5400,3.5000,0.4856,0.4864,0.5900,11.0747,8.3313,1.2014,0.2762,0.2197,3000000.0000,1265068.9902,1263068.9902,10230000.0000,4313885.2566,0.8504,1.8182,0.1818,0.1818,1.8182,4.1642
2011-11-07,3.4000,3.4100,3.3500,3.3600,-0.0500,-1.4700,386353.0900,130475.2200,1.5200,3.4400,0.3054,0.3059,0.4700,10.9123,8.2092,1.1838,0.2721,0.2165,3000000.0000,1265068.9902,1263068.9902,10080000.0000,4250631.8071,0.8631,1.8452,0.1824,0.1824,1.8235,4.1765
2011-11-08,3.3800,3.3800,3.3100,3.3400,-0.0200,-0.6000,541909.6400,181037.8080,1.5100,3.4200,0.4284,0.4290,0.6900,10.8473,8.1603,1.1767,0.2705,0.2152,3000000.0000,1265068.9902,1263068.9902,10020000.0000,4225330.4273,0.8683,1.8563,0.1834,0.1834,1.8343,4.2012
2011-11-09,3.3600,3.3800,3.3200,3.3500,0.0100,0.3000,311549.0300,104296.5030,1.5100,3.4300,0.2463,0.2467,0.4500,10.8798,8.1847,1.1803,0.2713,0.2159,3000000.0000,1265068.9902,1263068.9902,10050000.0000,4237981.1172,0.8657,1.8507,0.1845,0.1845,1.8452,4.2262
2011-11-10,3.3200,3.3400,3.2400,3.2500,-0.1000,-2.9900,817347.7700,268986.2540,1.4700,3.3300,0.6461,0.6471,1.4100,10.5550,7.9404,1.1450,0.2632,0.2094,3000000.0000,1265068.9902,1263068.9902,9750000.0000,4111474.2182,0.8923,1.9077,0.1867,0.1867,1.8675,4.2771
2011-11-11,3.2500,3.3000,3.2000,3.2300,-0.0200,-0.6200,928319.5100,299881.4790,1.4600,3.3100,0.7338,0.7350,1.7400,10.4901,7.8915,1.1380,0.2616,0.2081,3000000.0000,1265068.9902,1263068.9902,9690000.0000,4086172.8383,0.8978,1.9195,0.1908,0.1908,1.9077,4.3692
2011-11-14,3.2400,3.2900,3.2400,3.2800,0.0500,1.5500,525579.7800,171748.8740,1.4800,3.3600,0.4155,0.4161,0.8800,10.6525,8.0137,1.1556,0.2656,0.2113,3000000.0000,1265068.9902,1263068.9902,9840000.0000,4149426.2879,0.8841,1.8902,0.1914,0.1914,1.9136,4.3827
2011-11-15,3.2700,3.2800,3.2400,3.2700,-0.0100,-0.3000,351985.7100,114624.7070,1.4800,3.3500,0.2782,0.2787,0.5600,10.6200,7.9893,1.1521,0.2648,0.2107,3000000.0000,1265068.9902,1263068.9902,9810000.0000,4136775.5980,0.8869,1.8960,0.1896,0.1896,1.8960,4.3425
2011-11-16,3.2700,3.2700,3.1800,3.2000,-0.0700,-2.1400,622260.0100,199714.2320,1.4500,3.2800,0.4919,0.4927,1.0600,10.3927,7.8183,1.1274,0.2592,0.2062,3000000.0000,1265068.9902,1263068.9902,9600000.0000,4048220.7686,0.9063,1.9375,0.1896,0.1896,1.8960,4.3425
2011-11-17,3.2000,3.2100,3.1700,3.1800,-0.0200,-0.6300,432569.9300,137803.8230,1.4400,3.2600,0.3419,0.3425,0.6700,10.3277,7.7694,1.1204,0.2575,0.2049,3000000.0000,1265068.9902,1263068.9902,9540000.0000,4022919.3888,0.9119,1.9497,0.1937,0.1937,1.9375,4.4375
2011-11-18,3.1700,3.1800,3.1200,3.1400,-0.0400,-1.2600,619570.8600,195127.3650,1.4200,3.2200,0.4898,0.4905,1.0800,10.1978,7.6717,1.1063,0.2543,0.2023,3000000.0000,1265068.9902,1263068.9902,9420000.0000,3972316.6292,0.9236,1.9745,0.1956,0.1956,1.9558,4.4795
2011-11-21,3.1500,3.1600,3.1100,3.1400,0.0000,0.0000,322947.0100,101182.7380,1.4200,3.2200,0.2553,0.2557,0.6300,10.1978,7.6717,1.1063,0.2543,0.2023,3000000.0000,1265068.9902,1263068.9902,9420000.0000,3972316.6292,0.9236,1.9745,0.1968,0.1968,1.9683,4.5079
2011-11-22,3.1300,3.1700,3.1200,3.1500,0.0100,0.3200,290680.1700,91542.2390,1.4200,3.2300,0.2298,0.2301,0.6200,10.2303,7.6961,1.1098,0.2551,0.2030,3000000.0000,1265068.9902,1263068.9902,9450000.0000,3984967.3191,0.9206,1.9683,0.1981,0.1981,1.9808,4.5367
2011-11-23,3.1500,3.1600,3.1100,3.1200,-0.0300,-0.9500,342241.1600,107134.4910,1.4100,3.2000,0.2705,0.2710,0.7500,10.1328,7.6228,1.0992,0.2527,0.2010,3000000.0000,1265068.9902,1263068.9902,9360000.0000,3947015.2494,0.9295,1.9872,0.1968,0.1968,1.9683,4.5079
2011-11-24,3.1200,3.1700,3.1100,3.1400,0.0200,0.6400,333680.2200,104751.2280,1.4200,3.2200,0.2638,0.2642,0.8300,10.1978,7.6717,1.1063,0.2543,0.2023,3000000.0000,1265068.9902,1263068.9902,9420000.0000,3972316.6292,0.9236,1.9745,0.1987,0.1987,1.9872,4.5513
2011-11-25,3.1400,3.1500,3.1200,3.1300,-0.0100,-0.3200,253725.7400,79476.4390,1.4100,3.2100,0.2006,0.2009,0.6600,10.1653,7.6472,1.1028,0.2535,0.2017,3000000.0000,1265068.9902,1263068.9902,9390000.0000,3959665.9393,0.9265,1.9808,0.1975,0.1975,1.9745,4.5223
2011-11-28,3.1400,3.1500,3.1200,3.1300,0.0000,0.0000,253228.8000,79469.4830,1.4100,3.2100,0.2002,0.2005,0.8200,10.1653,7.6472,1.1028,0.2535,0.2017,3000000.0000,1265068.9902,1263068.9902,9390000.0000,3959665.9393,0.9265,1.9808,0.1975,0.1975,1.9745,4.5223
2011-11-29,3.1500,3.1600,3.1200,3.1500,0.0200,0.6400,424618.2700,133403.8990,1.4200,3.2300,0.3356,0.3362,1.4400,10.2303,7.6961,1.1098,0.2551,0.2030,3000000.0000,1265068.9902,1263068.9902,9450000.0000,3984967.3191,0.9206,1.9683,0.1968,0.1968,1.9683,4.5079
2011-11-30,3.1300,3.1500,3.0500,3.0600,-0.0900,-2.8600,810327.0600,249680.9510,1.3800,3.1400,0.6405,0.6416,2.5200,9.9380,7.4762,1.0781,0.2478,0.1972,3000000.0000,1265068.9902,1263068.9902,9180000.0000,3871111.1100,0.9477,2.0261,0.1981,0.1981,1.9808,4.5367
2011-12-01,3.1100,3.1800,3.1100,3.1100,0.0500,1.6300,1490204.6900,467764.8780,1.4000,3.1900,1.1780,1.1798,3.5900,10.1004,7.5984,1.0957,0.2519,0.2004,3000000.0000,1265068.9902,1263068.9902,9330000.0000,3934364.5595,0.9325,1.9936,0.1994,0.1994,1.9936,4.5659
2011-12-02,3.1100,3.1400,3.0800,3.1300,0.0200,0.6400,495974.9000,154492.9810,1.4100,3.2100,0.3921,0.3927,0.7700,10.1653,7.6472,1.1028,0.2535,0.2017,3000000.0000,1265068.9902,1263068.9902,9390000.0000,3959665.9393,0.9265,1.9808,0.1994,0.1994,1.9936,4.5659
2011-12-05,3.1400,3.1400,3.0800,3.1200,-0.0100,-0.3200,353692.5900,109748.4440,1.4100,3.2000,0.2796,0.2800,0.5100,10.1328,7.6228,1.0992,0.2527,0.2010,3000000.0000,1265068.9902,1263068.9902,9360000.0000,3947015.2494,0.9295,1.9872,0.1975,0.1975,1.9745,4.5223
2011-12-06,3.1200,3.1200,3.0600,3.0600,-0.0600,-1.9200,568295.7600,175009.0200,1.3800,3.1400,0.4492,0.4499,0.7900,9.9380,7.4762,1.0781,0.2478,0.1972,3000000.0000,1265068.9902,1263068.9902,9180000.0000,3871111.1100,0.9477,2.0261,0.1987,0.1987,1.9872,4.5513
2011-12-07,3.0700,3.0900,3.0500,3.0600,0.0000,0.0000,401250.3300,122964.3010,1.3800,3.1400,0.3172,0.3177,0.5400,9.9380,7.4762,1.0781,0.2478,0.1972,3000000.0000,1265068.9902,1263068.9902,9180000.0000,3871111.1100,0.9477,2.0261,0.2020,0.2020,2.0195,4.6254
2011-12-08,3.0600,3.1000,3.0400,3.0900,0.0300,0.9800,597054.0700,183678.4490,1.4000,3.1700,0.4720,0.4727,0.9000,10.0354,7.5495,1.0887,0.2503,0.1991,3000000.0000,1265068.9902,1263068.9902,9270000.0000,3909063.1797,0.9385,2.0065,0.2026,0.2026,2.0261,4.6405
2011-12-09,3.0700,3.1100,3.0600,3.0800,-0.0100,-0.3200,376473.3700,116156.4150,1.3900,3.1600,0.2976,0.2981,0.7800,10.0029,7.5251,1.0851,0.2494,0.1985,3000000.0000,1265068.9902,1263068.9902,9240000.0000,3896412.4898,0.9416,2.0130,0.2020,0.2020,2.0195,4.6254
2011-12-12,3.0600,3.0700,3.0300,3.0400,-0.0400,-1.3000,443856.0700,135280.5480,1.3700,3.1200,0.3509,0.3514,0.9700,9.8730,7.4273,1.0710,0.2462,0.1959,3000000.0000,1265068.9902,1263068.9902,9120000.0000,3845809.7302,0.9539,2.0395,0.2026,0.2026,2.0261,4.6405
2011-12-13,3.0400,3.0400,3.0100,3.0300,-0.0100,-0.3300,706162.8500,213261.3080,1.3700,3.1100,0.5582,0.5591,1.4800,9.8405,7.4029,1.0675,0.2454,0.1952,3000000.0000,1265068.9902,1263068.9902,9090000.0000,3833159.0403,0.9571,2.0462,0.2039,0.2039,2.0395,4.6711
2011-12-14,3.0100,3.0500,2.9900,3.0000,-0.0300,-0.9900,527965.2000,159585.9090,1.3600,3.0700,0.4173,0.4180,1.0500,9.7431,7.3296,1.0570,0.2430,0.1933,3000000.0000,1265068.9902,1263068.9902,9000000.0000,3795206.9706,0.9667,2.0667,0.2060,0.2060,2.0598,4.7176
2011-12-15,3.0000,3.0100,2.9600,3.0000,0.0000,0.0000,517744.4900,154806.3830,1.3600,3.0700,0.4093,0.4099,0.9800,9.7431,7.3296,1.0570,0.2430,0.1933,3000000.0000,1265068.9902,1263068.9902,9000000.0000,3795206.9706,0.9667,2.0667,0.2067,0.2067,2.0667,4.7333
2011-12-19,3.0100,3.0100,2.9300,2.9900,-0.0100,-0.3300,597203.2400,177238.5840,1.3500,3.0600,0.4721,0.4728,1.1600,9.7106,7.3052,1.0534,0.2422,0.1927,3000000.0000,1265068.9902,1263068.9902,8970000.0000,3782556.2807,0.9699,2.0736,0.2060,0.2060,2.0598,4.7176
2011-12-20,2.9900,3.0300,2.9700,2.9900,0.0000,0.0000,428873.3900,128573.9050,1.3500,3.0600,0.3390,0.3395,0.7700,9.7106,7.3052,1.0534,0.2422,0.1927,3000000.0000,1265068.9902,1263068.9902,8970000.0000,3782556.2807,0.9699,2.0736,0.2074,0.2074,2.0736,4.7492
2011-12-21,3.0100,3.0200,2.9400,2.9500,-0.0400,-1.3400,334676.5000,99661.3740,1.3300,3.0200,0.2646,0.2650,0.6000,9.5807,7.2075,1.0393,0.2389,0.1901,3000000.0000,1265068.9902,1263068.9902,8850000.0000,3731953.5211,0.9831,2.1017,0.2060,0.2060,2.0598,4.7176
2011-12-22,2.9400,2.9500,2.8700,2.9200,-0.0300,-1.0200,647211.8900,188512.9210,1.3200,2.9900,0.5116,0.5124,1.3400,9.4833,7.1342,1.0288,0.2365,0.1882,3000000.0000,1265068.9902,1263068.9902,8760000.0000,3694001.4514,0.9932,2.1233,0.2109,0.2109,2.1088,4.8299
2011-12-23,2.9000,2.9600,2.9000,2.9300,0.0100,0.3400,323723.1600,95026.6000,1.3200,3.0000,0.2559,0.2563,0.6400,9.5158,7.1586,1.0323,0.2373,0.1888,3000000.0000,1265068.9902,1263068.9902,8790000.0000,3706652.1413,0.9898,2.1160,0.2138,0.2138,2.1379,4.8966
2011-12-26,2.9300,2.9500,2.9200,2.9300,0.0000,0.0000,299513.6200,87941.9040,1.3200,3.0000,0.2368,0.2371,0.6400,9.5158,7.1586,1.0323,0.2373,0.1888,3000000.0000,1265068.9902,1263068.9902,8790000.0000,3706652.1413,0.9898,2.1160,0.2116,0.2116,2.1160,4.8464
2011-12-27,2.9300,2.9400,2.8900,2.9000,-0.0300,-1.0200,262468.1400,76413.8930,1.3100,2.9700,0.2075,0.2078,0.6500,9.4183,7.0853,1.0217,0.2349,0.1869,3000000.0000,1265068.9902,1263068.9902,8700000.0000,3668700.0716,1.0000,2.1379,0.2116,0.2116,2.1160,4.8464
2011-12-28,2.9000,2.9100,2.8700,2.9100,0.0100,0.3400,481816.5600,139257.1070,1.3100,2.9800,0.3809,0.3815,1.2900,9.4508,7.1097,1.0252,0.2357,0.1875,3000000.0000,1265068.9902,1263068.9902,8730000.0000,3681350.7615,0.9966,2.1306,0.2138,0.2138,2.1379,4.8966
2011-12-29,2.9000,2.9000,2.8800,2.8900,-0.0200,-0.6900,340814.6700,98490.9430,1.3100,2.9600,0.2694,0.2698,0.8500,9.3859,7.0609,1.0182,0.2341,0.1862,3000000.0000,1265068.9902,1263068.9902,8670000.0000,3656049.3817,1.0035,2.1453,0.2138,0.2138,2.1379,4.8966
2011-12-30,2.9000,2.9300,2.9000,2.9100,0.0200,0.6900,385726.4800,112372.6500,1.3100,2.9800,0.3049,0.3054,1.1300,9.4508,7.1097,1.0252,0.2357,0.1875,3000000.0000,1265068.9902,1263068.9902,8730000.0000,3681350.7615,0.9966,2.1306,0.2138,0.2138,2.1379,4.8966
2012-01-04,2.9300,2.9400,2.8600,2.8600,-0.0500,-1.7200,359931.5800,104291.5650,1.2900,2.9300,0.2845,0.2850,1.0200,9.2884,6.9876,1.0076,0.2316,0.1843,3000000.0000,1265068.9902,1263068.9902,8580000.0000,3618097.3120,2.1678,2.1678,0.2730,0.2730,2.7304,6.3140
2012-01-05,2.8600,2.8900,2.8500,2.8700,0.0100,0.3500,612896.9700,176060.5740,1.3000,2.9400,0.4845,0.4852,1.6700,9.3209,7.0120,1.0111,0.2324,0.1849,3000000.0000,1265068.9902,1263068.9902,8610000.0000,3630748.0019,2.1603,2.1603,0.2797,0.2797,2.7972,6.4685
2012-01-06,2.8700,2.8800,2.8500,2.8700,0.0000,0.0000,560803.7200,160629.0280,1.3000,2.9400,0.4433,0.4440,1.2900,9.3209,7.0120,1.0111,0.2324,0.1849,3000000.0000,1265068.9902,1263068.9902,8610000.0000,3630748.0019,2.1603,2.1603,0.2787,0.2787,2.7875,6.4460
2012-01-09,2.8800,2.9300,2.8500,2.9300,0.0600,2.0900,841256.5300,243437.3430,1.3200,3.0000,0.6650,0.6660,1.8600,9.5158,7.1586,1.0323,0.2373,0.1888,3000000.0000,1265068.9902,1263068.9902,8790000.0000,3706652.1413,2.1160,2.1160,0.2778,0.2778,2.7778,6.4236
2012-01-10,2.9300,3.1500,2.9200,3.0800,0.1500,5.1200,2260113.9300,686292.2480,1.3900,3.1600,1.7866,1.7894,4.0900,10.0029,7.5251,1.0851,0.2494,0.1985,3000000.0000,1265068.9902,1263068.9902,9240000.0000,3896412.4898,2.0130,2.0130,0.2730,0.2730,2.7304,6.3140
2012-01-11,3.0800,3.1000,3.0300,3.0400,-0.0400,-1.3000,693096.5400,211741.5690,1.3700,3.1200,0.5479,0.5487,0.7500,9.8730,7.4273,1.0710,0.2462,0.1959,3000000.0000,1265068.9902,1263068.9902,9120000.0000,3845809.7302,2.0395,2.0395,0.2597,0.2597,2.5974,6.0065
2012-01-12,3.0500,3.1400,3.0300,3.0400,0.0000,0.0000,1083887.5500,333233.0020,1.3700,3.1200,0.8568,0.8581,1.0900,9.8730,7.4273,1.0710,0.2462,0.1959,3000000.0000,1265068.9902,1263068.9902,9120000.0000,3845809.7302,2.0395,2.0395,0.2623,0.2623,2.6230,6.0656
2012-01-13,3.0400,3.0700,2.9900,3.0100,-0.0300,-0.9900,774379.5100,234632.0460,1.3600,3.0900,0.6121,0.6131,0.7100,9.7756,7.3540,1.0605,0.2438,0.1940,3000000.0000,1265068.9902,1263068.9902,9030000.0000,3807857.6605,2.0598,2.0598,0.2632,0.2632,2.6316,6.0855
2012-01-16,3.0000,3.0200,2.9800,2.9800,-0.0300,-1.0000,485829.0800,145764.2420,1.3500,3.0500,0.3840,0.3846,0.4300,9.6782,7.2807,1.0499,0.2413,0.1920,3000000.0000,1265068.9902,1263068.9902,8940000.0000,3769905.5908,2.0805,2.0805,0.2667,0.2667,2.6667,6.1667
2012-01-17,2.9800,3.1100,2.9700,3.1000,0.1200,4.0300,1026011.5900,313017.0240,1.4000,3.1800,0.8110,0.8123,0.9700,10.0679,7.5739,1.0922,0.2511,0.1997,3000000.0000,1265068.9902,1263068.9902,9300000.0000,3921713.8696,2.0000,2.0000,0.2685,0.2685,2.6846,6.2081
2012-01-18,3.1000,3.1000,3.0400,3.0500,-0.0500,-1.6100,643289.0100,197556.0230,1.3800,3.1300,0.5085,0.5093,0.7900,9.9055,7.4518,1.0746,0.2470,0.1965,3000000.0000,1265068.9902,1263068.9902,9150000.0000,3858460.4201,2.0328,2.0328,0.2581,0.2581,2.5806,5.9677
2012-01-19,3.0500,3.1100,3.0400,3.0900,0.0400,1.3100,652580.3400,200760.1740,1.4000,3.1700,0.5158,0.5167,0.8100,10.0354,7.5495,1.0887,0.2503,0.1991,3000000.0000,1265068.9902,1263068.9902,9270000.0000,3909063.1797,2.0065,2.0065,0.2623,0.2623,2.6230,6.0656
2012-01-20,3.1000,3.1600,3.0900,3.1400,0.0500,1.6200,1528059.6700,479889.3540,1.4200,3.2200,1.2079,1.2098,2.1300,10.1978,7.6717,1.1063,0.2543,0.2023,3000000.0000,1265068.9902,1263068.9902,9420000.0000,3972316.6292,1.9745,1.9745,0.2581,0.2581,2.5806,5.9677
2012-01-30,3.1400,3.1500,3.0600,3.0700,-0.0700,-2.2300,680084.8700,211328.1430,1.3900,3.1500,0.5376,0.5384,0.7800,9.9705,7.5006,1.0816,0.2486,0.1978,3000000.0000,1265068.9902,1263068.9902,9210000.0000,3883761.7999,2.0195,2.0195,0.2548,0.2548,2.5478,5.8917
2012-01-31,3.0700,3.0900,3.0500,3.0700,0.0000,0.0000,306797.2800,94047.2580,1.3900,3.1500,0.2425,0.2429,0.3400,9.9705,7.5006,1.0816,0.2486,0.1978,3000000.0000,1265068.9902,1263068.9902,9210000.0000,3883761.7999,2.0195,2.0195,0.2606,0.2606,2.6059,6.0261
2012-02-01,3.0600,3.0900,3.0400,3.0400,-0.0300,-0.9800,358442.0600,109707.1230,1.3700,3.1200,0.2833,0.2838,0.4700,9.8730,7.4273,1.0710,0.2462,0.1959,3000000.0000,1265068.9902,1263068.9902,9120000.0000,3845809.7302,2.0395,2.0395,0.2614,0.2614,2.6144,6.0458
2012-02-02,3.0400,3.1000,3.0300,3.1000,0.0600,1.9700,605175.9800,185575.3150,1.4000,3.1800,0.4784,0.4791,0.8600,10.0679,7.5739,1.0922,0.2511,0.1997,3000000.0000,1265068.9902,1263068.9902,9300000.0000,3921713.8696,2.0000,2.0000,0.2632,0.2632,2.6316,6.0855
2012-02-03,3.0900,3.1200,3.0700,3.1000,0.0000,0.0000,528516.8800,163637.4370,1.4000,3.1800,0.4178,0.4184,0.7600,10.0679,7.5739,1.0922,0.2511,0.1997,3000000.0000,1265068.9902,1263068.9902,9300000.0000,3921713.8696,2.0000,2.0000,0.2589,0.2589,2.5890,5.9871
2012-02-06,3.1200,3.1300,3.0500,3.0700,-0.0300,-0.9700,896083.0900,276168.0980,1.3900,3.1500,0.7083,0.7094,1.8100,9.9705,7.5006,1.0816,0.2486,0.1978,3000000.0000,1265068.9902,1263068.9902,9210000.0000,3883761.7999,2.0195,2.0195,0.2564,0.2564,2.5641,5.9295
2012-02-07,3.0500,3.0700,2.9800,3.0100,-0.0600,-1.9500,775785.9700,233859.9550,1.3600,3.0900,0.6132,0.6142,1.4400,9.7756,7.3540,1.0605,0.2438,0.1940,3000000.0000,1265068.9902,1263068.9902,9030000.0000,3807857.6605,2.0598,2.0598,0.2623,0.2623,2.6230,6.0656
2012-02-08,3.0000,3.1000,2.9900,3.0900,0.0800,2.6600,995615.2600,304098.0900,1.4000,3.1700,0.7870,0.7883,1.5700,10.0354,7.5495,1.0887,0.2503,0.1991,3000000.0000,1265068.9902,1263068.9902,9270000.0000,3909063.1797,2.0065,2.0065,0.2667,0.2667,2.6667,6.1667
2012-02-09,3.0800,3.1200,3.0700,3.0800,-0.0100,-0.3200,880413.2600,272167.4580,1.3900,3.1600,0.6959,0.6970,1.1600,10.0029,7.5251,1.0851,0.2494,0.1985,3000000.0000,1265068.9902,1263068.9902,9240000.0000,3896412.4898,2.0130,2.0130,0.2597,0.2597,2.5974,6.0065
2012-02-10,3.0700,3.3200,3.0700,3.2100,0.1300,4.2200,3336442.6100,1071231.4030,1.4500,3.2900,2.6374,2.6415,4.0900,10.4251,7.8427,1.1309,0.2600,0.2068,3000000.0000,1265068.9902,1263068.9902,9630000.0000,4060871.4585,1.9315,1.9315,0.2606,0.2606,2.6059,6.0261
2012-02-13,3.1600,3.1900,3.1300,3.1600,-0.0500,-1.5600,750977.9400,237375.8090,1.4300,3.2400,0.5936,0.5946,0.5500,10.2627,7.7205,1.1133,0.2559,0.2036,3000000.0000,1265068.9902,1263068.9902,9480000.0000,3997618.0090,1.9620,1.9620,0.2532,0.2532,2.5316,5.8544
2012-02-14,3.1600,3.1700,3.1400,3.1600,0.0000,0.0000,345884.5300,108988.2010,1.4300,3.2400,0.2734,0.2738,0.2600,10.2627,7.7205,1.1133,0.2559,0.2036,3000000.0000,1265068.9902,1263068.9902,9480000.0000,3997618.0090,1.9620,1.9620,0.2532,0.2532,2.5316,5.8544
2012-02-15,3.1500,3.2000,3.1400,3.1800,0.0200,0.6300,464666.3500,147623.6050,1.4400,3.2600,0.3673,0.3679,0.3700,10.3277,7.7694,1.1204,0.2575,0.2049,3000000.0000,1265068.9902,1263068.9902,9540000.0000,4022919.3888,1.9497,1.9497,0.2540,0.2540,2.5397,5.8730
2012-02-16,3.1700,3.1900,3.1400,3.1700,-0.0100,-0.3100,453855.0900,143733.3560,1.4300,3.2500,0.3588,0.3593,0.3900,10.2952,7.7450,1.1168,0.2567,0.2043,3000000.0000,1265068.9902,1263068.9902,9510000.0000,4010268.6989,1.9558,1.9558,0.2524,0.2524,2.5237,5.8360
2012-02-17,3.1700,3.1900,3.1600,3.1600,-0.0100,-0.3200,344728.9000,109305.2500,1.4300,3.2400,0.2725,0.2729,0.3200,10.2627,7.7205,1.1133,0.2559,0.2036,3000000.0000,1265068.9902,1263068.9902,9480000.0000,3997618.0090,1.9620,1.9620,0.2524,0.2524,2.5237,5.8360
2012-02-20,3.2000,3.2100,3.1600,3.1700,0.0100,0.3200,434191.8500,138227.5440,1.4300,3.2500,0.3432,0.3438,0.9200,10.2952,7.7450,1.1168,0.2567,0.2043,3000000.0000,1265068.9902,1263068.9902,9510000.0000,4010268.6989,1.9558,1.9558,0.2500,0.2500,2.5000,5.7812
2012-02-21,3.1800,3.1900,3.1200,3.1800,0.0100,0.3200,404263.0800,127476.2170,1.4400,3.2600,0.3196,0.3201,0.9900,10.3277,7.7694,1.1204,0.2575,0.2049,3000000.0000,1265068.9902,1263068.9902,9540000.0000,4022919.3888,1.9497,1.9497,0.2516,0.2516,2.5157,5.8176
2012-02-22,3.1800,3.2500,3.1700,3.2200,0.0400,1.2600,1044842.6400,336941.4330,1.4500,3.3000,0.8259,0.8272,2.4900,10.4576,7.8671,1.1345,0.2608,0.2075,3000000.0000,1265068.9902,1263068.9902,9660000.0000,4073522.1484,1.9255,1.9255,0.2516,0.2516,2.5157,5.8176
2012-02-23,3.2300,3.2700,3.2200,3.2600,0.0400,1.2400,999320.0600,324426.7650,1.4700,3.3400,0.7899,0.7912,1.8600,10.5875,7.9648,1.1486,0.2640,0.2101,3000000.0000,1265068.9902,1263068.9902,9780000.0000,4124124.9081,1.9018,1.9018,0.2477,0.2477,2.4768,5.7276
2012-02-24,3.2600,3.3700,3.2300,3.3500,0.0900,2.7600,2135919.8900,708590.0850,1.5100,3.4300,1.6884,1.6911,3.3100,10.8798,8.1847,1.1803,0.2713,0.2159,3000000.0000,1265068.9902,1263068.9902,10050000.0000,4237981.1172,1.8507,1.8507,0.2454,0.2454,2.4540,5.6748
2012-02-27,3.3500,3.3800,3.2900,3.3400,-0.0100,-0.3000,2030518.1300,677785.9050,1.5100,3.4200,1.6051,1.6076,2.0200,10.8473,8.1603,1.1767,0.2705,0.2152,3000000.0000,1265068.9902,1263068.9902,10020000.0000,4225330.4273,1.8563,1.8563,0.2388,0.2388,2.3881,5.5224
2012-02-28,3.3300,3.3800,3.3200,3.3700,0.0300,0.9000,1181472.6900,395670.6160,1.5200,3.4500,0.9339,0.9354,0.8900,10.9448,8.2336,1.1873,0.2729,0.2171,3000000.0000,1265068.9902,1263068.9902,10110000.0000,4263282.4970,1.8398,1.8398,0.2402,0.2402,2.4024,5.5556
2012-02-29,3.3500,3.3500,3.2500,3.2700,-0.1000,-2.9700,1327885.3200,436508.7780,1.4800,3.3500,1.0497,1.0513,0.9000,10.6200,7.9893,1.1521,0.2648,0.2107,3000000.0000,1265068.9902,1263068.9902,9810000.0000,4136775.5980,1.8960,1.8960,0.2388,0.2388,2.3881,5.5224
2012-03-01,3.2500,3.3000,3.2500,3.2700,0.0000,0.0000,465182.5400,152192.5710,1.4800,3.3500,0.3677,0.3683,0.3000,10.6200,7.9893,1.1521,0.2648,0.2107,3000000.0000,1265068.9902,1263068.9902,9810000.0000,4136775.5980,1.8960,1.8960,0.2462,0.2462,2.4615,5.6923
2012-03-02,3.2800,3.3700,3.2700,3.3400,0.0700,2.1400,1267039.3700,422163.5890,1.5100,3.4200,1.0016,1.0031,0.8900,10.8473,8.1603,1.1767,0.2705,0.2152,3000000.0000,1265068.9902,1263068.9902,10020000.0000,4225330.4273,1.8563,1.8563,0.2439,0.2439,2.4390,5.6402
2012-03-05,3.3500,3.3600,3.3100,3.3200,-0.0200,-0.6000,503606.7400,168020.1970,1.5000,3.4000,0.3981,0.3987,0.4000,10.7824,8.1114,1.1697,0.2689,0.2139,3000000.0000,1265068.9902,1263068.9902,9960000.0000,4200029.0475,1.8675,1.8675,0.2388,0.2388,2.3881,5.5224
2012-03-06,3.3100,3.3400,3.2600,3.2700,-0.0500,-1.5100,760841.4400,250550.0990,1.4800,3.3500,0.6014,0.6024,0.8000,10.6200,7.9893,1.1521,0.2648,0.2107,3000000.0000,1265068.9902,1263068.9902,9810000.0000,4136775.5980,1.8960,1.8960,0.2417,0.2417,2.4169,5.5891
2012-03-07,3.2500,3.2800,3.2200,3.2300,-0.0400,-1.2200,664908.9700,216022.3640,1.4600,3.3100,0.5256,0.5264,0.7700,10.4901,7.8915,1.1380,0.2616,0.2081,3000000.0000,1265068.9902,1263068.9902,9690000.0000,4086172.8383,1.9195,1.9195,0.2462,0.2462,2.4615,5.6923
2012-03-08,3.2400,3.2900,3.2200,3.2600,0.0300,0.9300,1316893.8900,429029.6820,1.4700,3.3400,1.0410,1.0426,1.8000,10.5875,7.9648,1.1486,0.2640,0.2101,3000000.0000,1265068.9902,1263068.9902,9780000.0000,4124124.9081,1.9018,1.9018,0.2469,0.2469,2.4691,5.7099
2012-03-09,3.2700,3.2800,3.2300,3.2500,-0.0100,-0.3100,597941.6200,194347.8770,1.4700,3.3300,0.4727,0.4734,0.6600,10.5550,7.9404,1.1450,0.2632,0.2094,3000000.0000,1265068.9902,1263068.9902,9750000.0000,4111474.2182,1.9077,1.9077,0.2446,0.2446,2.4465,5.6575
2012-03-12,3.2500,3.2700,3.1800,3.2100,-0.0400,-1.2300,1002990.4900,322496.3500,1.4500,3.2900,0.7928,0.7941,1.3000,10.4251,7.8427,1.1309,0.2600,0.2068,3000000.0000,1265068.9902,1263068.9902,9630000.0000,4060871.4585,1.9315,1.9315,0.2462,0.2462,2.4615,5.6923
2012-03-13,3.2100,3.2300,3.2000,3.2200,0.0100,0.3100,645045.8500,207417.3960,1.4500,3.3000,0.5099,0.5107,0.7400,10.4576,7.8671,1.1345,0.2608,0.2075,3000000.0000,1265068.9902,1263068.9902,9660000.0000,4073522.1484,1.9255,1.9255,0.2492,0.2492,2.4922,5.7632
2012-03-14,3.2500,3.3100,3.1600,3.1800,-0.0400,-1.2400,1697484.6100,551190.4530,1.4400,3.2600,1.3418,1.3439,2.0100,10.3277,7.7694,1.1204,0.2575,0.2049,3000000.0000,1265068.9902,1263068.9902,9540000.0000,4022919.3888,1.9497,1.9497,0.2462,0.2462,2.4615,5.6923
2012-03-15,3.1800,3.1900,3.1300,3.1400,-0.0400,-1.2600,769160.1600,242740.1070,1.4200,3.2200,0.6080,0.6090,0.7300,10.1978,7.6717,1.1063,0.2543,0.2023,3000000.0000,1265068.9902,1263068.9902,9420000.0000,3972316.6292,1.9745,1.9745,0.2516,0.2516,2.5157,5.8176
2012-03-16,3.1500,3.1700,3.1200,3.1600,0.0200,0.6400,569752.8200,179293.7440,1.4300,3.2400,0.4504,0.4511,0.6000,10.2627,7.7205,1.1133,0.2559,0.2036,3000000.0000,1265068.9902,1263068.9902,9480000.0000,3997618.0090,1.9620,1.9620,0.2540,0.2540,2.5397,5.8730
2012-03-19,3.1500,3.1600,3.1100,3.1300,-0.0300,-0.9500,876379.5200,274580.7350,1.4100,3.2100,0.6928,0.6938,0.9400,10.1653,7.6472,1.1028,0.2535,0.2017,3000000.0000,1265068.9902,1263068.9902,9390000.0000,3959665.9393,1.9808,1.9808,0.2540,0.2540,2.5397,5.8730
2012-03-20,3.1300,3.1500,3.0900,3.1200,-0.0100,-0.3200,708460.9300,220596.3570,1.4100,3.2000,0.5600,0.5609,0.7800,10.1328,7.6228,1.0992,0.2527,0.2010,3000000.0000,1265068.9902,1263068.9902,9360000.0000,3947015.2494,1.9872,1.9872,0.2556,0.2556,2.5559,5.9105
2012-03-21,3.1200,3.1500,3.1200,3.1400,0.0200,0.6400,534220.8300,167546.4890,1.4200,3.2200,0.4223,0.4230,0.5800,10.1978,7.6717,1.1063,0.2543,0.2023,3000000.0000,1265068.9902,1263068.9902,9420000.0000,3972316.6292,1.9745,1.9745,0.2564,0.2564,2.5641,5.9295
2012-03-22,3.1300,3.1400,3.1000,3.1200,-0.0200,-0.6400,488169.9400,152521.9210,1.4100,3.2000,0.3859,0.3865,0.7100,10.1328,7.6228,1.0992,0.2527,0.2010,3000000.0000,1265068.9902,1263068.9902,9360000.0000,3947015.2494,1.9872,1.9872,0.2556,0.2556,2.5559,5.9105
2012-03-23,3.1200,3.1300,3.0800,3.0900,-0.0300,-0.9600,407638.9000,126334.3460,1.4000,3.1700,0.3222,0.3227,0.6400,10.0354,7.5495,1.0887,0.2503,0.1991,3000000.0000,1265068.9902,1263068.9902,9270000.0000,3909063.1797,2.0065,2.0065,0.2564,0.2564,2.5641,5.9295
2012-03-26,3.0900,3.1100,3.0600,3.0700,-0.0200,-0.6500,343281.5900,105781.4090,1.3900,3.1500,0.2714,0.2718,0.5700,9.9705,7.5006,1.0816,0.2486,0.1978,3000000.0000,1265068.9902,1263068.9902,9210000.0000,3883761.7999,2.0195,2.0195,0.2589,0.2589,2.5890,5.9871
2012-03-27,3.0900,3.0900,3.0700,3.0800,0.0100,0.3300,233341.9800,71848.1660,1.3900,3.1600,0.1845,0.1847,0.4700,10.0029,7.5251,1.0851,0.2494,0.1985,3000000.0000,1265068.9902,1263068.9902,9240000.0000,3896412.4898,2.0130,2.0130,0.2589,0.2589,2.5890,5.9871
2012-03-28,3.0700,3.0900,3.0200,3.0300,-0.0500,-1.6200,449681.8100,137668.5500,1.3700,3.1100,0.3555,0.3560,1.1200,9.8405,7.4029,1.0675,0.2454,0.1952,3000000.0000,1265068.9902,1263068.9902,9090000.0000,3833159.0403,2.0462,2.0462,0.2606,0.2606,2.6059,6.0261
2012-03-29,3.0300,3.0600,3.0100,3.0200,-0.0100,-0.3300,486999.1700,147536.0300,1.3600,3.1000,0.3850,0.3856,1.2700,9.8081,7.3785,1.0640,0.2446,0.1946,3000000.0000,1265068.9902,1263068.9902,9060000.0000,3820508.3504,2.0530,2.0530,0.2640,0.2640,2.6403,6.1056
2012-03-30,3.0300,3.0600,3.0100,3.0500,0.0300,0.9900,442444.7200,134517.2950,1.3800,3.1300,0.3497,0.3503,1.1500,9.9055,7.4518,1.0746,0.2470,0.1965,3000000.0000,1265068.9902,1263068.9902,9150000.0000,3858460.4201,2.0328,2.0328,0.2640,0.2640,2.6403,6.1056
2012-04-05,3.0500,3.1100,3.0400,3.0900,0.0400,1.3100,777674.7900,238654.4410,1.4000,3.1700,0.6147,0.6157,1.9900,10.0354,7.5495,1.0887,0.2503,0.1991,3000000.0000,1265068.9902,1263068.9902,9270000.0000,3909063.1797,2.0065,2.0065,0.2623,0.2623,2.6230,6.0656
2012-04-06,3.0800,3.1200,3.0500,3.1200,0.0300,0.9700,693611.3500,214595.4020,1.4100,3.2000,0.5483,0.5491,1.4500,10.1328,7.6228,1.0992,0.2527,0.2010,3000000.0000,1265068.9902,1263068.9902,9360000.0000,3947015.2494,1.9872,1.9872,0.2597,0.2597,2.5974,6.0065
2012-04-09,3.1000,3.1100,3.0700,3.0800,-0.0400,-1.2800,464962.2900,143726.3170,1.3900,3.1600,0.3675,0.3681,0.8200,10.0029,7.5251,1.0851,0.2494,0.1985,3000000.0000,1265068.9902,1263068.9902,9240000.0000,3896412.4898,2.0130,2.0130,0.2581,0.2581,2.5806,5.9677
2012-04-10,3.0800,3.0900,3.0300,3.0800,0.0000,0.0000,528679.2700,161755.0490,1.3900,3.1600,0.4179,0.4186,0.9200,10.0029,7.5251,1.0851,0.2494,0.1985,3000000.0000,1265068.9902,1263068.9902,9240000.0000,3896412.4898,2.0130,2.0130,0.2597,0.2597,2.5974,6.0065
2012-04-11,3.0600,3.1400,3.0500,3.0900,0.0100,0.3200,645892.8300,200337.0380,1.4000,3.1700,0.5106,0.5114,1.1100,10.0354,7.5495,1.0887,0.2503,0.1991,3000000.0000,1265068.9902,1263068.9902,9270000.0000,3909063.1797,2.0065,2.0065,0.2614,0.2614,2.6144,6.0458
2012-04-12,3.1000,3.1500,3.0900,3.1400,0.0500,1.6200,698508.7900,218002.5000,1.4200,3.2200,0.5522,0.5530,1.1200,10.1978,7.6717,1.1063,0.2543,0.2023,3000000.0000,1265068.9902,1263068.9902,9420000.0000,3972316.6292,1.9745,1.9745,0.2581,0.2581,2.5806,5.9677
2012-04-13,3.1400,3.1600,3.1200,3.1500,0.0100,0.3200,614434.7200,193102.3830,1.4200,3.2300,0.4857,0.4865,1.0100,10.2303,7.6961,1.1098,0.2551,0.2030,3000000.0000,1265068.9902,1263068.9902,9450000.0000,3984967.3191,1.9683,1.9683,0.2548,0.2548,2.5478,5.8917
2012-04-16,3.1400,3.1500,3.1200,3.1500,0.0000,0.0000,644773.0700,202093.2600,1.4200,3.2300,0.5097,0.5105,1.0900,10.2303,7.6961,1.1098,0.2551,0.2030,3000000.0000,1265068.9902,1263068.9902,9450000.0000,3984967.3191,1.9683,1.9683,0.2548,0.2548,2.5478,5.8917
2012-04-17,3.1300,3.1500,3.0900,3.1100,-0.0400,-1.2700,460587.4100,143437.1200,1.4000,3.1900,0.3641,0.3647,0.7400,10.1004,7.5984,1.0957,0.2519,0.2004,3000000.0000,1265068.9902,1263068.9902,9330000.0000,3934364.5595,1.9936,1.9936,0.2556,0.2556,2.5559,5.9105
2012-04-18,3.1100,3.2500,3.1000,3.2000,0.0900,2.8900,1055357.9300,335211.7270,1.4500,3.2800,0.8342,0.8356,1.7200,10.3927,7.8183,1.1274,0.2592,0.2062,3000000.0000,1265068.9902,1263068.9902,9600000.0000,4048220.7686,1.9375,1.9375,0.2572,0.2572,2.5723,5.9486
2012-04-19,3.1800,3.2300,3.1800,3.2200,0.0200,0.6300,801881.3900,256991.3670,1.4500,3.3000,0.6339,0.6349,1.1500,10.4576,7.8671,1.1345,0.2608,0.2075,3000000.0000,1265068.9902,1263068.9902,9660000.0000,4073522.1484,1.9255,1.9255,0.2516,0.2516,2.5157,5.8176
2012-04-20,3.2200,3.3100,3.2100,3.3000,0.0800,2.4800,1575709.6400,517083.7830,1.4900,3.3800,1.2456,1.2960,2.2000,7.3133,7.3133,1.1111,0.2050,0.2050,3000000.0000,1265068.9902,1215805.8129,9900000.0000,4174727.6677,1.8788,1.8788,0.2484,0.2484,2.4845,5.7453
2012-04-23,3.2900,3.3800,3.2800,3.3000,0.0000,0.0000,1741218.2300,581002.0310,1.4900,3.3800,1.3312,1.3833,1.9200,7.3133,7.3133,1.1111,0.2050,0.2050,3000000.0000,1308000.0000,1258736.8227,9900000.0000,4316400.0000,1.8788,1.8788,0.2432,0.2432,2.4316,5.6231
2012-04-24,3.3000,3.3700,3.2600,3.3100,0.0100,0.3000,1179981.0500,391931.1860,1.5000,3.3900,0.9021,0.9374,1.0500,7.3355,7.3355,1.1144,0.2057,0.2057,3000000.0000,1308000.0000,1258736.8227,9930000.0000,4329480.0000,1.8731,1.8731,0.2424,0.2424,2.4242,5.6061
2012-04-25,3.3100,3.3900,3.3000,3.3800,0.0700,2.1100,1506297.9300,505347.0810,1.5300,3.4600,1.1516,1.1967,1.1900,7.4906,7.4906,1.1380,0.2100,0.2100,3000000.0000,1308000.0000,1258736.8227,10140000.0000,4421040.0000,1.8343,1.8343,0.2417,0.2417,2.4169,5.5891
2012-04-26,3.3800,3.4000,3.3400,3.3400,-0.0400,-1.1800,609524.3900,205566.9690,1.5100,3.4200,0.4660,0.4842,0.4500,7.4020,7.4020,1.1245,0.2075,0.2075,3000000.0000,1308000.0000,1258736.8227,10020000.0000,4368720.0000,1.8563,1.8563,0.2367,0.2367,2.3669,5.4734
2012-04-27,3.3500,3.3900,3.3500,3.3800,0.0400,1.2000,759150.1900,256241.6680,1.5300,3.4600,0.5804,0.6031,0.5700,7.4906,7.3001,1.1060,0.2100,0.2028,3000000.0000,1308000.0000,1258736.8227,10140000.0000,4421040.0000,1.8343,1.8343,0.2388,0.2388,2.3881,5.5224
2012-05-02,3.4000,3.4200,3.3700,3.3800,0.0000,0.0000,1012739.1700,343794.3150,1.5300,3.4600,0.7743,0.8046,0.8700,7.4906,7.3001,1.1060,0.2100,0.2028,3000000.0000,1308000.0000,1258736.8227,10140000.0000,4421040.0000,1.8343,1.8343,0.2353,0.2353,2.3529,5.4412
2012-05-03,3.3800,3.4400,3.3800,3.3900,0.0100,0.3000,714704.9800,243427.5640,1.5300,3.4700,0.5464,0.5678,0.7100,7.5128,7.3217,1.1093,0.2106,0.2034,3000000.0000,1308000.0000,1258736.8227,10170000.0000,4434120.0000,1.8289,1.8289,0.2367,0.2367,2.3669,5.4734
2012-05-04,3.4000,3.4200,3.3900,3.4000,0.0100,0.2900,711165.1000,242232.7460,1.5400,3.4800,0.5437,0.5650,0.7700,7.5349,7.3433,1.1125,0.2113,0.2040,3000000.0000,1308000.0000,1258736.8227,10200000.0000,4447200.0000,1.8235,1.8235,0.2353,0.2353,2.3529,5.4412
2012-05-07,3.3900,3.4100,3.3600,3.3800,-0.0200,-0.5900,754532.3100,255107.0470,1.5300,3.4600,0.5769,0.5994,0.9900,7.4906,7.3001,1.1060,0.2100,0.2028,3000000.0000,1308000.0000,1258736.8227,10140000.0000,4421040.0000,1.8343,1.8343,0.2360,0.2360,2.3599,5.4572
2012-05-08,3.3800,3.4600,3.3700,3.4600,0.0800,2.3700,1030757.5600,352798.8130,1.5600,3.5500,0.7880,0.8189,1.3000,7.6679,7.4729,1.1322,0.2150,0.2076,3000000.0000,1308000.0000,1258736.8227,10380000.0000,4525680.0000,1.7919,1.7919,0.2367,0.2367,2.3669,5.4734
2012-05-09,3.4500,3.4500,3.3100,3.3400,-0.1200,-3.4700,1019484.9700,343330.3910,1.5100,3.4200,0.7794,0.8099,1.2100,7.4020,7.2137,1.0929,0.2075,0.2004,3000000.0000,1308000.0000,1258736.8227,10020000.0000,4368720.0000,1.8563,1.8563,0.2319,0.2319,2.3188,5.3623
2012-05-10,3.3400,3.3600,3.3300,3.3400,0.0000,0.0000,370549.6000,123814.4500,1.5100,3.4200,0.2833,0.2944,0.4400,7.4020,7.2137,1.0929,0.2075,0.2004,3000000.0000,1308000.0000,1258736.8227,10020000.0000,4368720.0000,1.8563,1.8563,0.2395,0.2395,2.3952,5.5389
2012-05-14,3.3400,3.3600,3.2900,3.3100,-0.0300,-0.9000,772400.0600,256101.9220,1.5000,3.3900,0.5905,0.6136,0.9900,7.3355,7.1489,1.0831,0.2057,0.1986,3000000.0000,1308000.0000,1258736.8227,9930000.0000,4329480.0000,1.8731,1.8731,0.2395,0.2395,2.3952,5.5389
2012-05-15,3.3000,3.3000,3.2300,3.2600,-0.0500,-1.5100,726380.6000,236800.2630,1.4700,3.3400,0.5553,0.5771,0.9200,7.2247,7.0409,1.0667,0.2026,0.1956,3000000.0000,1308000.0000,1258736.8227,9780000.0000,4264080.0000,1.9018,1.9018,0.2424,0.2424,2.4242,5.6061
2012-05-16,3.2500,3.2800,3.2100,3.2300,-0.0300,-0.9200,568113.8400,184754.3960,1.4600,3.3100,0.4343,0.4513,0.7200,7.1582,6.9761,1.0569,0.2007,0.1938,3000000.0000,1308000.0000,1258736.8227,9690000.0000,4224840.0000,1.9195,1.9195,0.2462,0.2462,2.4615,5.6923
2012-05-17,3.2400,3.2800,3.2200,3.2700,0.0400,1.2400,453280.0000,147725.9710,1.4800,3.3500,0.3465,0.3601,0.6600,7.2468,7.0625,1.0700,0.2032,0.1962,3000000.0000,1308000.0000,1258736.8227,9810000.0000,4277160.0000,1.8960,1.8960,0.2469,0.2469,2.4691,5.7099
2012-05-18,3.2500,3.2700,3.2100,3.2200,-0.0500,-1.5300,508601.3000,164863.3970,1.4500,3.3000,0.3888,0.4041,0.8800,7.1360,6.9545,1.0536,0.2001,0.1932,3000000.0000,1308000.0000,1258736.8227,9660000.0000,4211760.0000,1.9255,1.9255,0.2462,0.2462,2.4615,5.6923
2012-05-21,3.2200,3.2700,3.2200,3.2500,0.0300,0.9300,330582.5900,107515.6680,1.4700,3.3300,0.2527,0.2626,0.5500,7.2025,7.0193,1.0635,0.2019,0.1950,3000000.0000,1308000.0000,1258736.8227,9750000.0000,4251000.0000,1.9077,1.9077,0.2484,0.2484,2.4845,5.7453
2012-05-22,3.2600,3.3300,3.2500,3.3300,0.0800,2.4600,738916.6800,243454.6860,1.5000,3.4100,0.5649,0.5870,1.4300,7.3798,7.1921,1.0896,0.2069,0.1998,3000000.0000,1308000.0000,1258736.8227,9990000.0000,4355640.0000,1.8619,1.8619,0.2454,0.2454,2.4540,5.6748
2012-05-23,3.3100,3.3700,3.3100,3.3400,0.0100,0.3000,641169.2300,214457.1490,1.5100,3.4200,0.4902,0.5094,1.2300,7.4020,7.2137,1.0929,0.2075,0.2004,3000000.0000,1308000.0000,1258736.8227,10020000.0000,4368720.0000,1.8563,1.8563,0.2417,0.2417,2.4169,5.5891
2012-05-24,3.3600,3.3800,3.3100,3.3300,-0.0100,-0.3000,354448.5300,118694.4410,1.5000,3.4100,0.2710,0.2816,0.6600,7.3798,7.1921,1.0896,0.2069,0.1998,3000000.0000,1308000.0000,1258736.8227,9990000.0000,4355640.0000,1.8619,1.8619,0.2381,0.2381,2.3810,5.5060
2012-05-25,3.3300,3.3400,3.2900,3.3000,-0.0300,-0.9000,227349.4800,75464.4380,1.4900,3.3800,0.1738,0.1806,0.4400,7.3133,7.1273,1.0798,0.2050,0.1980,3000000.0000,1308000.0000,1258736.8227,9900000.0000,4316400.0000,1.8788,1.8788,0.2402,0.2402,2.4024,5.5556
2012-05-28,3.2900,3.4000,3.2800,3.3700,0.0700,2.1200,685963.9200,229815.5620,1.5200,3.4500,0.5244,0.5450,1.5000,7.4684,7.2785,1.1027,0.2094,0.2022,3000000.0000,1308000.0000,1258736.8227,10110000.0000,4407960.0000,1.8398,1.8398,0.2432,0.2432,2.4316,5.6231
2012-05-29,3.3700,3.4300,3.3700,3.4000,0.0300,0.8900,712730.7100,242452.5020,1.5400,3.4800,0.5449,0.5662,1.3500,7.5349,7.3433,1.1125,0.2113,0.2040,3000000.0000,1308000.0000,1258736.8227,10200000.0000,4447200.0000,1.8235,1.8235,0.2374,0.2374,2.3739,5.4896
2012-05-30,3.3900,3.4100,3.3700,3.4000,0.0000,0.0000,502046.4000,170022.9130,1.5400,3.4800,0.3838,0.3988,0.9600,7.5349,7.3433,1.1125,0.2113,0.2040,3000000.0000,1308000.0000,1258736.8227,10200000.0000,4447200.0000,1.8235,1.8235,0.2360,0.2360,2.3599,5.4572
2012-05-31,3.3800,3.3900,3.3400,3.3600,-0.0400,-1.1800,332883.9200,112069.5350,1.5200,3.4400,0.2545,0.2645,0.6700,7.4463,7.2569,1.0995,0.2088,0.2016,3000000.0000,1308000.0000,1258736.8227,10080000.0000,4394880.0000,1.8452,1.8452,0.2367,0.2367,2.3669,5.4734
2012-06-01,3.3600,3.3800,3.3200,3.3300,-0.0300,-0.8900,501720.7900,168511.2450,1.5000,3.4100,0.3836,0.3986,1.0200,7.3798,7.1921,1.0896,0.2069,0.1998,3000000.0000,1308000.0000,1258736.8227,9990000.0000,4355640.0000,1.8619,1.8619,0.2381,0.2381,2.3810,5.5060
2012-06-04,3.2900,3.3000,3.2500,3.2500,-0.0800,-2.4000,450701.9500,147443.5450,1.4700,3.3300,0.3446,0.3581,0.8200,7.2025,7.0193,1.0635,0.2019,0.1950,3000000.0000,1308000.0000,1258736.8227,9750000.0000,4251000.0000,1.9077,,0.2432,0.2432,2.4316,5.6231
2012-06-05,3.2600,3.2800,3.2400,3.2800,0.0300,0.9200,450120.8500,146810.4880,1.4800,3.3600,0.3441,0.3576,0.9000,7.2690,7.0841,1.0733,0.2038,0.1968,3000000.0000,1308000.0000,1258736.8227,9840000.0000,4290240.0000,1.8902,,0.2454,0.2454,2.4540,5.6748
2012-06-06,3.2700,3.3100,3.2600,3.3000,0.0200,0.6100,354790.4300,116667.5260,1.4900,3.3800,0.2712,0.2819,0.7900,7.3133,7.1273,1.0798,0.2050,0.1980,3000000.0000,1308000.0000,1258736.8227,9900000.0000,4316400.0000,1.8788,,0.2446,0.2446,2.4465,5.6575
2012-06-07,3.3200,3.3200,3.2600,3.2600,-0.0400,-1.2100,292993.1600,96478.4410,1.4700,3.3400,0.2240,0.2328,0.7000,7.2247,7.0409,1.0667,0.2026,0.1956,3000000.0000,1308000.0000,1258736.8227,9780000.0000,4264080.0000,1.9018,,0.2410,0.2410,2.4096,5.5723
2012-06-08,3.2900,3.3200,3.2600,3.2700,0.0100,0.3100,373317.3300,122920.2470,1.4800,3.3500,0.2854,0.2966,0.9100,7.2468,7.0625,1.0700,0.2032,0.1962,3000000.0000,1308000.0000,1258736.8227,9810000.0000,4277160.0000,1.8960,,0.2432,0.2432,2.4316,5.6231
2012-06-11,3.3000,3.4000,3.2800,3.3700,0.1000,3.0600,891869.0100,298075.1310,1.5200,3.4500,0.6819,0.7085,2.3200,7.4684,7.2785,1.1027,0.2094,0.2022,3000000.0000,1308000.0000,1258736.8227,10110000.0000,4407960.0000,1.8398,,0.2424,0.2424,2.4242,5.6061
2012-06-12,3.3000,3.4100,3.3000,3.3900,0.0200,0.5900,1683797.3300,567993.8830,1.5700,3.5600,1.2873,1.3377,3.5600,7.5128,7.3217,1.1391,0.2106,0.2034,3000000.0000,1308000.0000,1258736.8227,10170000.0000,4434120.0000,1.8289,2.3599,0.2424,0.2424,2.4242,5.6061
2012-06-13,3.4000,3.4500,3.3900,3.4200,0.0300,0.8800,820237.8800,280553.7820,1.5800,3.5900,0.6271,0.6516,1.1400,7.5792,7.3865,1.1492,0.2125,0.2052,3000000.0000,1308000.0000,1258736.8227,10260000.0000,4473360.0000,1.8129,2.3392,0.2353,0.2353,2.3529,5.4412
2012-06-14,3.4100,3.4300,3.3700,3.3800,-0.0400,-1.1700,464333.6500,157527.4440,1.5600,3.5500,0.3550,0.3689,0.5700,7.4906,7.3001,1.1357,0.2100,0.2028,3000000.0000,1308000.0000,1258736.8227,10140000.0000,4421040.0000,1.8343,2.3669,0.2346,0.2346,2.3460,5.4252
2012-06-15,3.4000,3.4200,3.3600,3.3800,0.0000,0.0000,568772.0500,192605.3400,1.5600,3.5500,0.4348,0.4519,0.6700,7.4906,7.3001,1.1357,0.2100,0.2028,3000000.0000,1308000.0000,1258736.8227,10140000.0000,4421040.0000,1.8343,2.3669,0.2353,0.2353,2.3529,5.4412
2012-06-18,3.3900,3.4200,3.3900,3.4000,0.0200,0.5900,419394.4400,142723.3320,1.5700,3.5700,0.3206,0.3332,0.4700,7.5349,7.3433,1.1425,0.2113,0.2040,3000000.0000,1308000.0000,1258736.8227,10200000.0000,4447200.0000,1.8235,2.3529,0.2360,0.2360,2.3599,5.4572
2012-06-19,3.4000,3.4100,3.3700,3.3700,-0.0300,-0.8800,354449.1500,120119.0310,1.5600,3.5400,0.2710,0.2816,0.4500,7.4684,7.2785,1.1324,0.2094,0.2022,3000000.0000,1308000.0000,1258736.8227,10110000.0000,4407960.0000,1.8398,2.3739,0.2353,0.2353,2.3529,5.4412
2012-06-20,3.4000,3.4000,3.3500,3.3600,-0.0100,-0.3000,292052.8500,98474.1330,1.5500,3.5300,0.2233,0.2320,0.5600,7.4463,7.2569,1.1290,0.2088,0.2016,3000000.0000,1308000.0000,1258736.8227,10080000.0000,4394880.0000,1.8452,2.3810,0.2353,0.2353,2.3529,5.4412
2012-06-21,3.3800,3.4000,3.3600,3.3900,0.0300,0.8900,679274.5400,229287.5620,1.5700,3.5600,0.5193,0.5396,1.6200,7.5128,7.3217,1.1391,0.2106,0.2034,3000000.0000,1308000.0000,1258736.8227,10170000.0000,4434120.0000,1.8289,2.3599,0.2367,0.2367,2.3669,5.4734
2012-06-25,3.3800,3.3800,3.3200,3.3400,-0.0500,-1.4700,602001.8700,201576.2440,1.5500,3.5100,0.4602,0.4783,1.3000,7.4020,7.2137,1.1223,0.2075,0.2004,3000000.0000,1308000.0000,1258736.8227,10020000.0000,4368720.0000,1.8563,2.3952,0.2367,0.2367,2.3669,5.4734
2012-06-26,3.3200,3.3500,3.3100,3.3300,-0.0100,-0.3000,437028.4700,145562.9240,1.5400,3.5000,0.3341,0.3472,0.9300,7.3798,7.1921,1.1189,0.2069,0.1998,3000000.0000,1308000.0000,1258736.8227,9990000.0000,4355640.0000,1.8619,2.4024,0.2410,0.2410,2.4096,5.5723
2012-06-27,3.3300,3.3400,3.3100,3.3400,0.0100,0.3000,318200.0800,105894.5610,1.5500,3.5100,0.2433,0.2528,0.6700,7.4020,7.2137,1.1223,0.2075,0.2004,3000000.0000,1308000.0000,1258736.8227,10020000.0000,4368720.0000,1.8563,2.3952,0.2402,0.2402,2.4024,5.5556
2012-06-28,3.3300,3.3400,3.3100,3.3200,-0.0200,-0.6000,264523.6400,87907.6790,1.5400,3.4900,0.2022,0.2102,0.5700,7.3576,7.1705,1.1156,0.2063,0.1992,3000000.0000,1308000.0000,1258736.8227,9960000.0000,4342560.0000,1.8675,2.4096,0.2402,0.2402,2.4024,5.5556
2012-06-29,3.3300,3.3400,3.3100,3.3400,0.0200,0.6000,363465.9600,120851.8710,1.5500,3.5100,0.2779,0.2888,0.7900,7.4020,7.2137,1.1223,0.2075,0.2004,3000000.0000,1308000.0000,1258736.8227,10020000.0000,4368720.0000,1.8563,2.3952,0.2402,0.2402,2.4024,5.5556
2012-07-02,3.3300,3.3400,3.2800,3.3000,-0.0400,-1.2000,424736.1000,140429.5590,1.5300,3.4600,0.3247,0.3374,1.0700,7.3133,7.1273,1.1089,0.2050,0.1980,3000000.0000,1308000.0000,1258736.8227,9900000.0000,4316400.0000,1.8788,2.4242,0.2402,0.2402,2.4024,5.5556
2012-07-03,3.3000,3.3500,3.2800,3.3300,0.0300,0.9100,433799.0600,144376.8130,1.5400,3.5000,0.3317,0.3446,1.2000,7.3798,7.1921,1.1189,0.2069,0.1998,3000000.0000,1308000.0000,1258736.8227,9990000.0000,4355640.0000,1.8619,2.4024,0.2424,0.2424,2.4242,5.6061
2012-07-04,3.3400,3.3500,3.3200,3.3400,0.0100,0.3000,178309.1000,59439.2850,1.5500,3.5100,0.1363,0.1417,0.4900,7.4020,7.2137,1.1223,0.2075,0.2004,3000000.0000,1308000.0000,1258736.8227,10020000.0000,4368720.0000,1.8563,2.3952,0.2395,0.2395,2.3952,5.5389
2012-07-05,3.3200,3.3600,3.3200,3.3600,0.0200,0.6000,347676.4900,116318.0620,1.5500,3.5300,0.2658,0.2762,1.0400,7.4463,7.2569,1.1290,0.2088,0.2016,3000000.0000,1308000.0000,1258736.8227,10080000.0000,4394880.0000,1.8452,2.3810,0.2410,0.2410,2.4096,5.5723
2012-07-06,3.3800,3.4400,3.3600,3.4300,0.0700,2.0800,680284.5100,231527.0950,1.5900,3.6000,0.5201,0.5405,1.9500,7.6014,7.4081,1.1525,0.2131,0.2058,3000000.0000,1308000.0000,1258736.8227,10290000.0000,4486440.0000,1.8076,2.3324,0.2367,0.2367,2.3669,5.4734
2012-07-09,3.4000,3.4400,3.3800,3.3800,-0.0500,-1.4600,494568.2600,168566.1580,1.5600,3.5500,0.3781,0.3929,1.2000,7.4906,7.3001,1.1357,0.2100,0.2028,3000000.0000,1308000.0000,1258736.8227,10140000.0000,4421040.0000,1.8343,2.3669,0.2353,0.2353,2.3529,5.4412
2012-07-10,3.4000,3.4000,3.3300,3.3500,-0.0300,-0.8900,474085.4600,159206.3660,1.5500,3.5200,0.3625,0.3766,1.1100,7.4241,7.2353,1.1257,0.2081,0.2010,3000000.0000,1308000.0000,1258736.8227,10050000.0000,4381800.0000,1.8507,2.3881,0.2353,0.2353,2.3529,5.4412
2012-07-11,3.3500,3.3700,3.3300,3.3500,0.0000,0.0000,303136.4600,101499.6130,1.5500,3.5200,0.2318,0.2408,0.7000,7.4241,7.2353,1.1257,0.2081,0.2010,3000000.0000,1308000.0000,1258736.8227,10050000.0000,4381800.0000,1.8507,2.3881,0.2388,0.2388,2.3881,5.5224
2012-07-12,3.3500,3.3600,3.3100,3.3300,-0.0200,-0.6000,576734.8300,191964.5370,1.5400,3.5000,0.4409,0.4582,1.2500,7.3798,7.1921,1.1189,0.2069,0.1998,3000000.0000,1308000.0000,1258736.8227,9990000.0000,4355640.0000,1.8619,2.4024,0.2388,0.2388,2.3881,5.5224
2012-07-13,3.3300,3.3700,3.3200,3.3500,0.0200,0.6000,267496.3200,89489.1850,1.5500,3.5200,0.2045,0.2125,0.5300,7.4241,7.2353,1.1257,0.2081,0.2010,3000000.0000,1308000.0000,1258736.8227,10050000.0000,4381800.0000,1.8507,2.3881,0.2402,0.2402,2.4024,5.5556
2012-07-16,3.3600,3.3600,3.2900,3.3300,-0.0200,-0.6000,484096.2000,160345.2540,1.5400,3.5000,0.3701,0.3846,1.1400,7.3798,7.1921,1.1189,0.2069,0.1998,3000000.0000,1308000.0000,1258736.8227,9990000.0000,4355640.0000,1.8619,2.4024,0.2381,0.2381,2.3810,5.5060
2012-07-17,3.3200,3.3400,3.3100,3.3200,-0.0100,-0.3000,243463.2800,80930.0760,1.5400,3.4900,0.1861,0.1934,0.5800,7.3576,7.1705,1.1156,0.2063,0.1992,3000000.0000,1308000.0000,1258736.8227,9960000.0000,4342560.0000,1.8675,2.4096,0.2410,0.2410,2.4096,5.5723
2012-07-18,3.3200,3.3300,3.2100,3.2500,-0.0700,-2.1100,837438.2800,272965.9740,1.5000,3.4100,0.6402,0.6653,2.2300,7.2025,7.0193,1.0920,0.2019,0.1950,3000000.0000,1308000.0000,1258736.8227,9750000.0000,4251000.0000,1.9077,2.4615,0.2410,0.2410,2.4096,5.5723
2012-07-19,3.2500,3.2700,3.2200,3.2300,-0.0200,-0.6200,444238.8300,144055.7750,1.4900,3.3900,0.3396,0.3529,0.9200,7.1582,6.9761,1.0853,0.2007,0.1938,3000000.0000,1308000.0000,1258736.8227,9690000.0000,4224840.0000,1.9195,2.4768,0.2462,0.2462,2.4615,5.6923
2012-07-20,3.2400,3.2500,3.2100,3.2300,0.0000,0.0000,307288.3800,98998.5700,1.4900,3.3900,0.2349,0.2441,0.6700,7.1582,6.9761,1.0853,0.2007,0.1938,3000000.0000,1308000.0000,1258736.8227,9690000.0000,4224840.0000,1.9195,2.4768,0.2469,0.2469,2.4691,5.7099
2012-07-23,3.2100,3.2200,3.1800,3.2100,-0.0200,-0.6200,246775.1600,78980.8310,1.4900,3.3700,0.1887,0.1960,0.5300,7.1139,6.9329,1.0786,0.1994,0.1926,3000000.0000,1308000.0000,1258736.8227,9630000.0000,4198680.0000,1.9315,2.4922,0.2492,0.2492,2.4922,5.7632
2012-07-24,3.2000,3.2400,3.1700,3.2100,0.0000,0.0000,349330.5300,111907.2360,1.4900,3.3700,0.2671,0.2775,0.8400,7.1139,6.9329,1.0786,0.1994,0.1926,3000000.0000,1308000.0000,1258736.8227,9630000.0000,4198680.0000,1.9315,2.4922,0.2500,0.2500,2.5000,5.7812
2012-07-25,3.2000,3.2100,3.1600,3.1800,-0.0300,-0.9300,522238.5700,166000.5720,1.4700,3.3400,0.3993,0.4149,1.2000,7.0474,6.8681,1.0685,0.1976,0.1908,3000000.0000,1308000.0000,1258736.8227,9540000.0000,4159440.0000,1.9497,2.5157,0.2500,0.2500,2.5000,5.7812
2012-07-26,3.1800,3.1900,3.1600,3.1800,0.0000,0.0000,407357.5800,129330.0230,1.4700,3.3400,0.3114,0.3236,1.0900,7.0474,6.8681,1.0685,0.1976,0.1908,3000000.0000,1308000.0000,1258736.8227,9540000.0000,4159440.0000,1.9497,2.5157,0.2516,0.2516,2.5157,5.8176
2012-07-27,3.1800,3.1900,3.1200,3.1400,-0.0400,-1.2600,934829.1200,294415.0190,1.4500,3.3000,0.7147,0.7427,2.5500,6.9587,6.7817,1.0551,0.1951,0.1884,3000000.0000,1308000.0000,1258736.8227,9420000.0000,4107120.0000,1.9745,2.5478,0.2516,0.2516,2.5157,5.8176
2012-07-30,3.1500,3.1600,3.0700,3.1100,-0.0300,-0.9600,666790.6000,207734.2620,1.4400,3.2700,0.2223,0.4862,1.3500,6.8922,6.7169,1.0450,0.1932,0.1866,3000000.0000,3000000.0000,1371536.8227,9330000.0000,9330000.0000,1.9936,2.5723,0.2540,0.2540,2.5397,5.8730
2012-07-31,3.1200,3.1400,3.1000,3.1200,0.0100,0.3200,414440.7300,129440.9390,1.4400,3.2800,0.1381,0.3022,0.7200,6.9144,6.7385,1.0484,0.1939,0.1872,3000000.0000,3000000.0000,1371536.8227,9360000.0000,9360000.0000,1.9872,2.5641,0.2564,0.2564,2.5641,5.9295
2012-08-01,3.1200,3.1700,3.1200,3.1200,0.0000,0.0000,567941.4600,178540.0350,1.4400,3.2800,0.1893,0.4141,0.9600,6.9144,6.7385,1.0484,0.1939,0.1872,3000000.0000,3000000.0000,1371536.8227,9360000.0000,9360000.0000,1.9872,2.5641,0.2564,0.2564,2.5641,5.9295
2012-08-02,3.1100,3.1400,3.0300,3.0500,-0.0700,-2.2400,830259.7200,254905.7480,1.4100,3.2000,0.2768,0.6053,1.3900,6.7593,6.5873,1.0248,0.1895,0.1830,3000000.0000,3000000.0000,1371536.8227,9150000.0000,9150000.0000,2.0328,2.6230,0.2572,0.2572,2.5723,5.9486
2012-08-03,3.0600,3.1100,3.0500,3.0900,0.0400,1.3100,440591.2200,135470.4260,1.4300,3.2400,0.1469,0.3212,0.6500,6.8479,6.6737,1.0383,0.1920,0.1854,3000000.0000,3000000.0000,1371536.8227,9270000.0000,9270000.0000,2.0065,2.5890,0.2614,0.2614,2.6144,6.0458
2012-08-06,3.0800,3.1300,3.0800,3.1000,0.0100,0.3200,408916.0600,126774.1840,1.4300,3.2600,0.1363,0.2981,0.7000,6.8701,6.6953,1.0416,0.1926,0.1860,3000000.0000,3000000.0000,1371536.8227,9300000.0000,9300000.0000,2.0000,2.5806,0.2597,0.2597,2.5974,6.0065
2012-08-07,3.1000,3.1400,3.0900,3.1200,0.0200,0.6500,309167.3900,96230.0430,1.4400,3.2800,0.1031,0.2254,0.5800,6.9144,6.7385,1.0484,0.1939,0.1872,3000000.0000,3000000.0000,1371536.8227,9360000.0000,9360000.0000,1.9872,2.5641,0.2581,0.2581,2.5806,5.9677
2012-08-08,3.1200,3.1500,3.1200,3.1300,0.0100,0.3200,261590.6300,82073.4010,1.4500,3.2900,0.0872,0.1907,0.5100,6.9366,6.7601,1.0517,0.1945,0.1878,3000000.0000,3000000.0000,1371536.8227,9390000.0000,9390000.0000,1.9808,2.5559,0.2564,0.2564,2.5641,5.9295
2012-08-09,3.1300,3.1500,3.1200,3.1500,0.0200,0.6400,291299.6900,91394.0220,1.4600,3.3100,0.0971,0.2124,0.6500,6.9809,6.8033,1.0584,0.1957,0.1890,3000000.0000,3000000.0000,1371536.8227,9450000.0000,9450000.0000,1.9683,2.5397,0.2556,0.2556,2.5559,5.9105
2012-08-10,3.1400,3.1700,3.1400,3.1600,0.0100,0.3200,249866.0100,78785.3780,1.4600,3.3200,0.0833,0.1822,0.7300,7.0030,6.8249,1.0618,0.1963,0.1896,3000000.0000,3000000.0000,1371536.8227,9480000.0000,9480000.0000,1.9620,2.5316,0.2548,0.2548,2.5478,5.8917
2012-08-13,3.1500,3.1900,3.1400,3.1600,0.0000,0.0000,368092.6400,116571.9660,1.4600,3.3200,0.1227,0.2684,1.2100,7.0030,6.8249,1.0618,0.1963,0.1896,3000000.0000,3000000.0000,1371536.8227,9480000.0000,9480000.0000,1.9620,2.5316,0.2540,0.2540,2.5397,5.8730
2012-08-14,3.1600,3.1800,3.1000,3.1300,-0.0300,-0.9500,405935.2900,127196.0900,1.4500,3.2900,0.1353,0.2960,1.3700,6.9366,6.7601,1.0517,0.1945,0.1878,3000000.0000,3000000.0000,1371536.8227,9390000.0000,9390000.0000,1.9808,2.5559,0.2532,0.2532,2.5316,5.8544
2012-08-15,3.1200,3.1500,3.1100,3.1200,-0.0100,-0.3200,210168.0200,65588.8010,1.4400,3.2800,0.0701,0.1532,0.6700,6.9144,6.7385,1.0484,0.1939,0.1872,3000000.0000,3000000.0000,1371536.8227,9360000.0000,9360000.0000,1.9872,2.5641,0.2564,0.2564,2.5641,5.9295
2012-08-16,3.1200,3.1500,3.1100,3.1300,0.0100,0.3200,212290.2700,66463.3700,1.4500,3.2900,0.0708,0.1548,0.7000,6.9366,6.7601,1.0517,0.1945,0.1878,3000000.0000,3000000.0000,1371536.8227,9390000.0000,9390000.0000,1.9808,2.5559,0.2564,0.2564,2.5641,5.9295
2012-08-17,3.1300,3.1400,3.1000,3.1100,-0.0200,-0.6400,249744.0300,77967.6370,1.4400,3.2700,0.0832,0.1821,0.8600,6.8922,6.7169,1.0450,0.1932,0.1866,3000000.0000,3000000.0000,1371536.8227,9330000.0000,9330000.0000,1.9936,2.5723,0.2556,0.2556,2.5559,5.9105
2012-08-20,3.1000,3.1200,3.0700,3.1000,-0.0100,-0.3200,165863.1900,51104.6030,1.4300,3.2600,0.0553,0.1209,0.5700,6.8701,6.6953,1.0416,0.1926,0.1860,3000000.0000,3000000.0000,1371536.8227,9300000.0000,9300000.0000,2.0000,2.5806,0.2581,0.2581,2.5806,5.9677
2012-08-21,3.1000,3.1100,3.0700,3.0900,-0.0100,-0.3200,337295.6800,104274.0340,1.4300,3.2400,0.1124,0.2459,1.3600,6.8479,6.6737,1.0383,0.1920,0.1854,3000000.0000,3000000.0000,1371536.8227,9270000.0000,9270000.0000,2.0065,2.5890,0.2581,0.2581,2.5806,5.9677
2012-08-22,3.0900,3.1000,3.0300,3.0600,-0.0300,-0.9700,369217.6200,112891.1380,1.4200,3.2100,0.1231,0.2692,1.5700,6.7814,6.6089,1.0282,0.1901,0.1836,3000000.0000,3000000.0000,1371536.8227,9180000.0000,9180000.0000,2.0261,2.6144,0.2589,0.2589,2.5890,5.9871
2012-08-23,3.0600,3.0700,3.0300,3.0400,-0.0200,-0.6500,423731.2500,129219.8350,1.4100,3.1900,0.1412,0.3089,1.5900,6.7371,6.5657,1.0215,0.1889,0.1824,3000000.0000,3000000.0000,1371536.8227,9120000.0000,9120000.0000,2.0395,2.6316,0.2614,0.2614,2.6144,6.0458
2012-08-24,3.0500,3.0500,3.0100,3.0300,-0.0100,-0.3300,367088.1300,111161.9440,1.4000,3.1800,0.1224,0.2676,1.1900,6.7149,6.5441,1.0181,0.1883,0.1818,3000000.0000,3000000.0000,1371536.8227,9090000.0000,9090000.0000,2.0462,2.6403,0.2623,0.2623,2.6230,6.0656
2012-08-27,3.0300,3.0600,3.0000,3.0500,0.0200,0.6600,404325.2700,122358.6030,1.4100,3.2000,0.1348,0.2948,1.2200,6.7593,6.5873,1.0248,0.1895,0.1830,3000000.0000,3000000.0000,1371536.8227,9150000.0000,9150000.0000,2.0328,2.6230,0.2640,0.2640,2.6403,6.1056
2012-08-28,3.0300,3.0500,3.0100,3.0500,0.0000,0.0000,330116.7200,100015.7780,1.4100,3.2000,0.1100,0.2407,0.8700,6.7593,6.4517,0.9898,0.1895,0.1766,3000000.0000,3000000.0000,1371536.8227,9150000.0000,9150000.0000,2.0328,2.6230,0.2640,0.2640,2.6403,6.1056
2012-08-29,3.0400,3.0500,3.0200,3.0300,-0.0200,-0.6600,288997.3400,87679.4900,1.4000,3.1800,0.0963,0.2107,0.7600,6.7149,6.4094,0.9834,0.1883,0.1754,3000000.0000,3000000.0000,1371536.8227,9090000.0000,9090000.0000,2.0462,2.6403,0.2632,0.2632,2.6316,6.0855
2012-08-30,3.0100,3.0400,3.0100,3.0300,0.0000,0.0000,299002.0200,90466.2140,1.4000,3.1800,0.0997,0.2180,0.8200,6.7149,6.4094,0.9834,0.1883,0.1754,3000000.0000,3000000.0000,1371536.8227,9090000.0000,9090000.0000,2.0462,2.6403,0.2658,0.2658,2.6578,6.1462
2012-08-31,3.0200,3.0700,3.0200,3.0300,0.0000,0.0000,339432.8100,103568.9590,1.4000,3.1800,0.1131,0.2475,1.0000,6.7149,6.4094,0.9834,0.1883,0.1754,3000000.0000,3000000.0000,1371536.8227,9090000.0000,9090000.0000,2.0462,2.6403,0.2649,0.2649,2.6490,6.1258
2012-09-03,3.0400,3.0800,3.0300,3.0500,0.0200,0.6600,463663.7300,141843.1750,1.4100,3.2000,0.1546,0.3381,1.4000,6.7593,6.4517,0.9898,0.1895,0.1766,3000000.0000,3000000.0000,1371536.8227,9150000.0000,9150000.0000,2.0328,2.6230,0.2632,0.2632,2.6316,6.0855
2012-09-04,3.0500,3.0600,3.0200,3.0300,-0.0200,-0.6600,263091.4900,79962.3890,1.4000,3.1800,0.0877,0.1918,0.7600,6.7149,6.4094,0.9834,0.1883,0.1754,3000000.0000,3000000.0000,1371536.8227,9090000.0000,9090000.0000,2.0462,2.6403,0.2623,0.2623,2.6230,6.0656
2012-09-05,3.0400,3.0400,3.0000,3.0300,0.0000,0.0000,394066.4800,118954.4430,1.4000,3.1800,0.1314,0.2912,1.1900,6.7149,6.4094,0.9834,0.1883,0.1754,3000000.0000,3000000.0000,1353102.9482,9090000.0000,9090000.0000,2.0462,2.6403,0.2632,0.2632,2.6316,6.0855
2012-09-06,3.0400,3.0600,3.0300,3.0500,0.0200,0.6600,254950.5800,77626.8520,1.4100,3.2000,0.0850,0.1884,0.7200,6.7593,6.4517,0.9898,0.1895,0.1766,3000000.0000,3000000.0000,1353102.9482,9150000.0000,9150000.0000,2.0328,2.6230,0.2632,0.2632,2.6316,6.0855
2012-09-07,3.0800,3.2000,3.0800,3.1500,0.1000,3.2800,1504326.8500,472077.1350,1.4600,3.3100,0.5014,1.1118,4.3900,6.9809,6.6633,1.0223,0.1957,0.1824,3000000.0000,3000000.0000,1353102.9482,9450000.0000,9450000.0000,1.9683,2.5397,0.2597,0.2597,2.5974,6.0065
2012-09-10,3.1600,3.1600,3.1200,3.1300,-0.0200,-0.6300,453271.8600,142161.5540,1.4500,3.2900,0.1511,0.3350,0.7900,6.9366,6.6210,1.0158,0.1945,0.1812,3000000.0000,3000000.0000,1353102.9482,9390000.0000,9390000.0000,1.9808,2.5559,0.2532,0.2532,2.5316,5.8544
2012-09-11,3.1200,3.1300,3.0800,3.1100,-0.0200,-0.6400,427193.8100,132142.2930,1.4400,3.2700,0.1424,0.3157,0.7400,6.8922,6.5787,1.0093,0.1932,0.1801,3000000.0000,3000000.0000,1353102.9482,9330000.0000,9330000.0000,1.9936,2.5723,0.2564,0.2564,2.5641,5.9295
2012-09-12,3.1100,3.1400,3.0700,3.1000,-0.0100,-0.3200,547537.0200,169401.5570,1.4300,3.2600,0.1825,0.4047,0.9000,6.8701,6.5575,1.0061,0.1926,0.1795,3000000.0000,3000000.0000,1353102.9482,9300000.0000,9300000.0000,2.0000,2.5806,0.2572,0.2572,2.5723,5.9486
2012-09-13,3.0900,3.1100,3.0800,3.0900,-0.0100,-0.3200,313554.7000,96978.5550,1.4300,3.2400,0.1045,0.2317,0.4900,6.8479,6.5363,1.0028,0.1920,0.1789,3000000.0000,3000000.0000,1353102.9482,9270000.0000,9270000.0000,2.0065,2.5890,0.2589,0.2589,2.5890,5.9871
2012-09-14,3.1000,3.1100,3.0600,3.0800,-0.0100,-0.3200,901427.9800,277609.8100,1.4300,3.2300,0.3005,0.6662,1.3900,6.8258,6.5152,0.9996,0.1914,0.1783,3000000.0000,3000000.0000,1353102.9482,9240000.0000,9240000.0000,2.0130,2.5974,0.2581,0.2581,2.5806,5.9677
2012-09-17,3.0800,3.0800,3.0200,3.0300,-0.0500,-1.6200,546294.6400,166436.4510,1.4000,3.1800,0.1821,0.4037,1.0300,6.7149,6.4094,0.9834,0.1883,0.1754,3000000.0000,3000000.0000,1353102.9482,9090000.0000,9090000.0000,2.0462,2.6403,0.2597,0.2597,2.5974,6.0065
2012-09-18,3.0200,3.0300,3.0000,3.0100,-0.0200,-0.6600,366406.9600,110424.6420,1.3900,3.1600,0.1221,0.2708,0.6700,6.6706,6.3671,0.9769,0.1870,0.1743,3000000.0000,3000000.0000,1353102.9482,9030000.0000,9030000.0000,2.0598,2.6578,0.2649,0.2649,2.6490,6.1258
2012-09-19,3.0100,3.0200,2.9700,2.9900,-0.0200,-0.6600,563981.3100,168684.6630,1.3800,3.1400,0.1880,0.4168,1.0500,6.6263,6.3248,0.9704,0.1858,0.1731,3000000.0000,3000000.0000,1353102.9482,8970000.0000,8970000.0000,2.0736,2.6756,0.2658,0.2658,2.6578,6.1462
2012-09-20,2.9800,2.9900,2.9400,2.9500,-0.0400,-1.3400,536036.9200,158442.3230,1.3700,3.1000,0.1787,0.3962,1.0000,6.5377,6.2402,0.9574,0.1833,0.1708,3000000.0000,3000000.0000,1353102.9482,8850000.0000,8850000.0000,2.1017,2.7119,0.2685,0.2685,2.6846,6.2081
2012-09-21,2.9500,2.9700,2.9400,2.9400,-0.0100,-0.3400,314663.8100,92910.1870,1.3600,3.0900,0.1049,0.2325,0.5400,6.5155,6.2190,0.9541,0.1827,0.1702,3000000.0000,3000000.0000,1353102.9482,8820000.0000,8820000.0000,2.1088,2.7211,0.2712,0.2712,2.7119,6.2712
2012-09-24,2.9400,2.9500,2.9000,2.9300,-0.0100,-0.3400,340652.7400,99532.1330,1.3600,3.0800,0.1136,0.2518,0.7300,6.4933,6.1979,0.9509,0.1820,0.1696,3000000.0000,3000000.0000,1353102.9482,8790000.0000,8790000.0000,2.1160,2.7304,0.2721,0.2721,2.7211,6.2925
2012-09-25,2.9300,2.9700,2.9300,2.9300,0.0000,0.0000,256774.5500,75688.1230,1.3600,3.0800,0.0856,0.1898,0.6100,6.4933,6.1979,0.9509,0.1820,0.1696,3000000.0000,3000000.0000,1353102.9482,8790000.0000,8790000.0000,2.1160,2.7304,0.2730,0.2730,2.7304,6.3140
2012-09-26,2.9300,2.9400,2.9200,2.9300,0.0000,0.0000,182920.8900,53609.1070,1.3600,3.0800,0.0610,0.1352,0.4500,6.4933,6.1979,0.9509,0.1820,0.1696,3000000.0000,3000000.0000,1353102.9482,8790000.0000,8790000.0000,2.1160,2.7304,0.2730,0.2730,2.7304,6.3140
2012-09-27,2.9300,3.0100,2.9200,3.0000,0.0700,2.3900,604728.4800,180287.4200,1.3900,3.1500,0.2016,0.4469,1.8500,6.6485,6.3460,0.9736,0.1864,0.1737,3000000.0000,3000000.0000,1353102.9482,9000000.0000,9000000.0000,2.0667,2.6667,0.2730,0.2730,2.7304,6.3140
2012-09-28,2.9600,3.0900,2.9600,3.0700,0.0700,2.3300,1135938.8600,346149.2180,1.4200,3.2200,0.3786,0.8395,3.3400,6.8036,6.4940,0.9963,0.1907,0.1777,3000000.0000,3000000.0000,1353102.9482,9210000.0000,9210000.0000,2.0195,2.6059,0.2703,0.2703,2.7027,6.2500
2012-10-08,3.0700,3.0900,3.0200,3.0300,-0.0400,-1.3000,357402.8600,108876.1870,1.4000,3.1800,0.1191,0.2642,0.7100,6.7149,6.4094,0.9834,0.1883,0.1754,3000000.0000,3000000.0000,1352802.9482,9090000.0000,9090000.0000,2.0462,2.6403,0.2606,0.2606,2.6059,6.0261
2012-10-09,3.0500,3.1100,3.0500,3.0800,0.0500,1.6500,549345.3800,169892.8240,1.4300,3.2300,0.1831,0.4061,1.0800,6.8258,6.5152,0.9996,0.1914,0.1783,3000000.0000,3000000.0000,1352802.9482,9240000.0000,9240000.0000,2.0130,2.5974,0.2623,0.2623,2.6230,6.0656
2012-10-10,3.0800,3.1000,3.0700,3.0800,0.0000,0.0000,270004.2400,83308.0380,1.4300,3.2300,0.0900,0.1996,0.4800,6.8258,6.5152,0.9996,0.1914,0.1783,3000000.0000,3000000.0000,1352802.9482,9240000.0000,9240000.0000,2.0130,2.5974,0.2597,0.2597,2.5974,6.0065
2012-10-11,3.0800,3.1000,3.0600,3.1000,0.0200,0.6500,342002.6000,105466.8840,1.4300,3.2600,0.1140,0.2528,0.5900,6.8701,6.5575,1.0061,0.1926,0.1795,3000000.0000,3000000.0000,1352802.9482,9300000.0000,9300000.0000,2.0000,2.5806,0.2597,0.2597,2.5974,6.0065
2012-10-12,3.0900,3.1000,3.0600,3.0700,-0.0300,-0.9700,451758.9000,139220.1390,1.4200,3.2200,0.1506,0.3339,0.8500,6.8036,6.4940,0.9963,0.1907,0.1777,3000000.0000,3000000.0000,1352802.9482,9210000.0000,9210000.0000,2.0195,2.6059,0.2589,0.2589,2.5890,5.9871
2012-10-15,3.0700,3.0800,3.0100,3.0500,-0.0200,-0.6500,362888.3300,110223.5540,1.4100,3.2000,0.1210,0.2682,0.9200,6.7593,6.4517,0.9898,0.1895,0.1766,3000000.0000,3000000.0000,1352802.9482,9150000.0000,9150000.0000,2.0328,2.6230,0.2606,0.2606,2.6059,6.0261
2012-10-16,3.0400,3.0700,3.0300,3.0500,0.0000,0.0000,230199.9700,70182.3510,1.4100,3.2000,0.0767,0.1702,0.5800,6.7593,6.4517,0.9898,0.1895,0.1766,3000000.0000,3000000.0000,1352802.9482,9150000.0000,9150000.0000,2.0328,2.6230,0.2632,0.2632,2.6316,6.0855
2012-10-17,3.0600,3.0800,3.0300,3.0700,0.0200,0.6600,341304.8400,104423.5560,1.4200,3.2200,0.1138,0.2523,1.0300,6.8036,6.4940,0.9963,0.1907,0.1777,3000000.0000,3000000.0000,1352802.9482,9210000.0000,9210000.0000,2.0195,2.6059,0.2614,0.2614,2.6144,6.0458
2012-10-18,3.0800,3.1300,3.0600,3.1200,0.0500,1.6300,581002.6200,180348.1390,1.4400,3.2800,0.1937,0.4295,1.6800,6.9144,6.5998,1.0126,0.1939,0.1806,3000000.0000,3000000.0000,1352802.9482,9360000.0000,9360000.0000,1.9872,2.5641,0.2597,0.2597,2.5974,6.0065
2012-10-19,3.1100,3.1300,3.1000,3.1300,0.0100,0.3200,350898.3200,109243.6660,1.4500,3.2900,0.1170,0.2594,0.8900,6.9366,6.6210,1.0158,0.1945,0.1812,3000000.0000,3000000.0000,1352802.9482,9390000.0000,9390000.0000,1.9808,2.5559,0.2572,0.2572,2.5723,5.9486
2012-10-22,3.1000,3.1300,3.0900,3.1100,-0.0200,-0.6400,284586.3600,88491.0310,1.4400,3.2700,0.0949,0.2104,0.7600,6.8922,6.5787,1.0093,0.1932,0.1801,3000000.0000,3000000.0000,1352802.9482,9330000.0000,9330000.0000,1.9936,2.5723,0.2581,0.2581,2.5806,5.9677
2012-10-23,3.1100,3.1300,3.0900,3.0900,-0.0200,-0.6400,209106.3100,64976.5670,1.4300,3.2400,0.0697,0.1546,0.5800,6.8479,6.5363,1.0028,0.1920,0.1789,3000000.0000,3000000.0000,1352802.9482,9270000.0000,9270000.0000,2.0065,2.5890,0.2572,0.2572,2.5723,5.9486
2012-10-24,3.0800,3.1200,3.0700,3.1000,0.0100,0.3200,267710.4900,82937.0510,1.4300,3.2600,0.0892,0.1979,0.7600,6.8701,6.5575,1.0061,0.1926,0.1795,3000000.0000,3000000.0000,1352802.9482,9300000.0000,9300000.0000,2.0000,2.5806,0.2597,0.2597,2.5974,6.0065
2012-10-25,3.0900,3.1600,3.0900,3.1000,0.0000,0.0000,487502.5000,152321.5470,1.4300,3.2600,0.1625,0.3604,1.4400,6.8701,6.5575,1.0061,0.1926,0.1795,3000000.0000,3000000.0000,1352802.9482,9300000.0000,9300000.0000,2.0000,2.5806,0.2589,0.2589,2.5890,5.9871
2012-10-26,3.1000,3.1100,3.0400,3.0600,-0.0400,-1.2900,317714.5500,97699.4910,1.4200,3.2100,0.1059,0.2349,0.9900,6.7814,6.4729,0.9931,0.1901,0.1772,3000000.0000,3000000.0000,1352802.9482,9180000.0000,9180000.0000,2.0261,2.6144,0.2581,0.2581,2.5806,5.9677
2012-10-29,3.0500,3.0600,3.0200,3.0300,-0.0300,-0.9800,213535.3400,64867.7760,1.4000,3.1800,0.0712,0.1578,0.6800,6.7149,6.4094,0.9834,0.1883,0.1754,3000000.0000,3000000.0000,1352802.9482,9090000.0000,9090000.0000,2.0462,2.6403,0.2623,0.2623,2.6230,6.0656
2012-10-30,3.0400,3.0700,3.0300,3.0500,0.0200,0.6600,378828.8700,115342.4360,1.4100,3.2000,0.1263,0.2800,1.2700,6.7593,6.2610,0.9492,0.1895,0.1710,3000000.0000,3000000.0000,1352802.9482,9150000.0000,9150000.0000,2.0328,2.6230,0.2632,0.2632,2.6316,6.0855
2012-10-31,3.0500,3.0600,3.0300,3.0400,-0.0100,-0.3300,276044.0200,84030.8440,1.4100,3.1900,0.0920,0.2041,0.8300,6.7371,6.2405,0.9461,0.1889,0.1705,3000000.0000,3000000.0000,1352802.9482,9120000.0000,9120000.0000,2.0395,2.6316,0.2623,0.2623,2.6230,6.0656
2012-11-01,3.0500,3.1300,3.0400,3.1000,0.0600,1.9700,775043.6100,240648.7670,1.4300,3.2600,0.2583,0.5729,2.3200,6.8701,6.3637,0.9648,0.1926,0.1738,3000000.0000,3000000.0000,1352802.9482,9300000.0000,9300000.0000,2.0000,2.5806,0.2623,0.2623,2.6230,6.0656
2012-11-02,3.1000,3.1700,3.1000,3.1600,0.0600,1.9400,978160.3800,307401.1370,1.4600,3.3200,0.3261,0.7231,2.4900,7.0030,6.4869,0.9834,0.1963,0.1772,3000000.0000,3000000.0000,1352802.9482,9480000.0000,9480000.0000,1.9620,2.5316,0.2581,0.2581,2.5806,5.9677
2012-11-05,3.1500,3.1900,3.1300,3.1600,0.0000,0.0000,660544.1500,208591.9810,1.4600,3.3200,0.2202,0.4883,1.2600,7.0030,6.4869,0.9834,0.1963,0.1772,3000000.0000,3000000.0000,1352802.9482,9480000.0000,9480000.0000,1.9620,2.5316,0.2540,0.2540,2.5397,5.8730
2012-11-06,3.1600,3.1700,3.1100,3.1700,0.0100,0.3200,468819.1300,147247.2500,1.4700,3.3300,0.1563,0.3466,0.7600,7.0252,6.5074,0.9865,0.1970,0.1778,3000000.0000,3000000.0000,1352802.9482,9510000.0000,9510000.0000,1.9558,2.5237,0.2532,0.2532,2.5316,5.8544
2012-11-07,3.1500,3.1800,3.1400,3.1600,-0.0100,-0.3200,661688.7000,208807.2040,1.4600,3.3200,0.2206,0.4891,1.0500,7.0030,6.4869,0.9834,0.1963,0.1772,3000000.0000,3000000.0000,1352802.9482,9480000.0000,9480000.0000,1.9620,2.5316,0.2540,0.2540,2.5397,5.8730
2012-11-08,3.1400,3.1700,3.1100,3.1200,-0.0400,-1.2700,438723.1800,137530.0420,1.4400,3.2800,0.1462,0.3243,0.6200,6.9144,6.4047,0.9710,0.1939,0.1750,3000000.0000,3000000.0000,1352802.9482,9360000.0000,9360000.0000,1.9872,2.5641,0.2548,0.2548,2.5478,5.8917
2012-11-09,3.1100,3.1200,3.0700,3.0800,-0.0400,-1.2800,559485.1000,173224.7980,1.4300,3.2300,0.1865,0.4136,0.8700,6.8258,6.3226,0.9585,0.1914,0.1727,3000000.0000,3000000.0000,1352802.9482,9240000.0000,9240000.0000,2.0130,2.5974,0.2572,0.2572,2.5723,5.9486
2012-11-12,3.0800,3.1100,3.0800,3.1100,0.0300,0.9700,470564.9700,145790.1890,1.4400,3.2700,0.1569,0.3478,0.8400,6.8922,6.3842,0.9679,0.1932,0.1744,3000000.0000,3000000.0000,1352802.9482,9330000.0000,9330000.0000,1.9936,2.5723,0.2597,0.2597,2.5974,6.0065
2012-11-13,3.1000,3.1300,3.0800,3.0900,-0.0200,-0.6400,456915.2500,141837.7810,1.4300,3.2400,0.1523,0.3378,0.8800,6.8479,6.3432,0.9616,0.1920,0.1733,3000000.0000,3000000.0000,1352802.9482,9270000.0000,9270000.0000,2.0065,2.5890,0.2581,0.2581,2.5806,5.9677
2012-11-14,3.1000,3.1000,3.0700,3.0800,-0.0100,-0.3200,239922.6600,74060.4670,1.4300,3.2300,0.0800,0.1774,0.4600,6.8258,6.3226,0.9585,0.1914,0.1727,3000000.0000,3000000.0000,1352802.9482,9240000.0000,9240000.0000,2.0130,2.5974,0.2581,0.2581,2.5806,5.9677
2012-11-15,3.0800,3.0900,3.0400,3.0500,-0.0300,-0.9700,331550.1800,101532.9270,1.4100,3.2000,0.1105,0.2451,0.7700,6.7593,6.2610,0.9492,0.1895,0.1710,3000000.0000,3000000.0000,1352802.9482,9150000.0000,9150000.0000,2.0328,2.6230,0.2597,0.2597,2.5974,6.0065
2012-11-16,3.0400,3.0500,3.0300,3.0500,0.0000,0.0000,225477.0400,68469.4700,1.4100,3.2000,0.0752,0.1667,0.5500,6.7593,6.2610,0.9492,0.1895,0.1710,3000000.0000,3000000.0000,1352802.9482,9150000.0000,9150000.0000,2.0328,2.6230,0.2632,0.2632,2.6316,6.0855
2012-11-19,3.0500,3.0600,3.0100,3.0300,-0.0200,-0.6600,263959.4000,79888.5830,1.4000,3.1800,0.0880,0.1951,0.7700,6.7149,6.2200,0.9430,0.1883,0.1699,3000000.0000,3000000.0000,1352802.9482,9090000.0000,9090000.0000,2.0462,2.6403,0.2623,0.2623,2.6230,6.0656
2012-11-20,3.0400,3.0500,3.0200,3.0300,0.0000,0.0000,203553.4700,61701.6300,1.4000,3.1800,0.0679,0.1505,0.6700,6.7149,6.2200,0.9430,0.1883,0.1699,3000000.0000,3000000.0000,1352802.9482,9090000.0000,9090000.0000,2.0462,2.6403,0.2632,0.2632,2.6316,6.0855
2012-11-21,3.0300,3.0600,3.0200,3.0600,0.0300,0.9900,261660.0200,79580.6060,1.4200,3.2100,0.0872,0.1934,1.0300,6.7814,6.2816,0.9523,0.1901,0.1716,3000000.0000,3000000.0000,1352802.9482,9180000.0000,9180000.0000,2.0261,2.6144,0.2640,0.2640,2.6403,6.1056
2012-11-22,3.0500,3.0600,3.0300,3.0600,0.0000,0.0000,287065.7000,87369.6880,1.4200,3.2100,0.0957,0.2122,1.1200,6.7814,6.2816,0.9523,0.1901,0.1716,3000000.0000,3000000.0000,1352802.9482,9180000.0000,9180000.0000,2.0261,2.6144,0.2623,0.2623,2.6230,6.0656
2012-11-23,3.0600,3.1100,3.0400,3.0900,0.0300,0.9800,493717.3600,152191.2000,1.4300,3.2400,0.1646,0.3650,1.9900,6.8479,6.3432,0.9616,0.1920,0.1733,3000000.0000,3000000.0000,1352802.9482,9270000.0000,9270000.0000,2.0065,2.5890,0.2614,0.2614,2.6144,6.0458
2012-11-26,3.0900,3.1100,3.0600,3.0900,0.0000,0.0000,335167.2700,103310.7790,1.4300,3.2400,0.1117,0.2478,1.1100,6.8479,6.3432,0.9616,0.1920,0.1733,3000000.0000,3000000.0000,1352802.9482,9270000.0000,9270000.0000,2.0065,2.5890,0.2589,0.2589,2.5890,5.9871
2012-11-27,3.0800,3.0900,3.0600,3.0800,-0.0100,-0.3200,274387.6800,84455.8460,1.4300,3.2300,0.0915,0.2028,0.8700,6.8258,6.3226,0.9585,0.1914,0.1727,3000000.0000,3000000.0000,1352802.9482,9240000.0000,9240000.0000,2.0130,2.5974,0.2597,0.2597,2.5974,6.0065
2012-11-28,3.0600,3.0800,3.0300,3.0700,-0.0100,-0.3200,398156.7700,121755.1830,1.4200,3.2200,0.1327,0.2943,1.2100,6.8036,6.3021,0.9554,0.1907,0.1722,3000000.0000,3000000.0000,1352802.9482,9210000.0000,9210000.0000,2.0195,2.6059,0.2614,0.2614,2.6144,6.0458
2012-11-29,3.0600,3.0700,3.0400,3.0400,-0.0300,-0.9800,397465.8000,121543.0080,1.4100,3.1900,0.1325,0.2938,1.1100,6.7371,6.2405,0.9461,0.1889,0.1705,3000000.0000,3000000.0000,1352802.9482,9120000.0000,9120000.0000,2.0395,2.6316,0.2614,0.2614,2.6144,6.0458
2012-11-30,3.0400,3.1400,3.0400,3.1200,0.0800,2.6300,976401.0400,303575.6140,1.4400,3.2800,0.3255,0.7218,2.5700,6.9144,6.4047,0.9710,0.1939,0.1750,3000000.0000,3000000.0000,1352802.9482,9360000.0000,9360000.0000,1.9872,2.5641,0.2632,0.2632,2.6316,6.0855
2012-12-03,3.1100,3.2600,3.1100,3.2000,0.0800,2.5600,2160615.2600,690984.5210,1.4800,3.3600,0.7202,1.5971,4.5400,7.0917,6.5690,0.9959,0.1988,0.1795,3000000.0000,3000000.0000,1352802.9482,9600000.0000,9600000.0000,1.9375,2.5000,0.2572,0.2572,2.5723,5.9486
2012-12-04,3.1900,3.2800,3.1800,3.2500,0.0500,1.5600,1518410.6000,493288.7080,1.5000,3.4100,0.5061,1.1224,1.8000,7.2025,6.6716,1.0114,0.2019,0.1823,3000000.0000,3000000.0000,1352802.9482,9750000.0000,9750000.0000,1.9077,2.4615,0.2508,0.2508,2.5078,5.7994
2012-12-05,3.2500,3.3300,3.2200,3.3100,0.0600,1.8500,2342644.8600,770270.7590,1.5300,3.4800,0.7809,1.7317,2.1500,7.3355,6.7948,1.0301,0.2057,0.1856,3000000.0000,3000000.0000,1352802.9482,9930000.0000,9930000.0000,1.8731,2.4169,0.2462,0.2462,2.4615,5.6923
2012-12-06,3.3000,3.3400,3.2800,3.2900,-0.0200,-0.6000,858591.7300,283622.8970,1.5200,3.4500,0.2862,0.6347,0.5800,7.2911,6.7537,1.0239,0.2044,0.1845,3000000.0000,3000000.0000,1352802.9482,9870000.0000,9870000.0000,1.8845,2.4316,0.2424,0.2424,2.4242,5.6061
2012-12-07,3.3000,3.3400,3.2700,3.3200,0.0300,0.9100,1398723.3100,462386.5710,1.5400,3.4900,0.4662,1.0339,0.8900,7.3576,6.8153,1.0332,0.2063,0.1862,3000000.0000,3000000.0000,1352802.9482,9960000.0000,9960000.0000,1.8675,2.4096,0.2424,0.2424,2.4242,5.6061
2012-12-10,3.3300,3.3900,3.3200,3.3800,0.0600,1.8100,2095772.8200,704523.3890,1.5600,3.5500,0.6986,1.5492,1.2700,7.4906,6.9385,1.0519,0.2100,0.1895,3000000.0000,3000000.0000,1352802.9482,10140000.0000,10140000.0000,1.8343,2.3669,0.2402,0.2402,2.4024,5.5556
2012-12-11,3.3600,3.3900,3.3300,3.3400,-0.0400,-1.1800,1109126.9100,372177.6660,1.5500,3.5100,0.3697,0.8199,0.6800,7.4020,6.8564,1.0395,0.2075,0.1873,3000000.0000,3000000.0000,1352802.9482,10020000.0000,10020000.0000,1.8563,2.3952,0.2381,0.2381,2.3810,5.5060
2012-12-12,3.3400,3.3900,3.3400,3.3500,0.0100,0.3000,1171572.4500,394281.6000,1.5500,3.5200,0.3905,0.8660,0.7500,7.4241,6.8769,1.0426,0.2081,0.1879,3000000.0000,3000000.0000,1352802.9482,10050000.0000,10050000.0000,1.8507,2.3881,0.2395,0.2395,2.3952,5.5389
2012-12-13,3.3500,3.3800,3.3400,3.3600,0.0100,0.3000,945606.2700,318163.5810,1.5500,3.5300,0.3152,0.6990,0.7100,7.4463,6.8974,1.0457,0.2088,0.1884,3000000.0000,3000000.0000,1352802.9482,10080000.0000,10080000.0000,1.8452,2.3810,0.2388,0.2388,2.3881,5.5224
2012-12-14,3.3700,3.5400,3.3600,3.5300,0.1700,5.0600,2847070.8200,985118.7950,1.6300,3.7100,0.9490,2.1046,2.1200,7.8230,7.2464,1.0986,0.2193,0.1980,3000000.0000,3000000.0000,1352802.9482,10590000.0000,10590000.0000,1.7564,2.2663,0.2374,0.2374,2.3739,5.4896
2012-12-17,3.5400,3.6900,3.5400,3.5800,0.0500,1.4200,2379595.7800,860676.2880,1.6600,3.7600,0.7932,1.7590,1.4600,7.9338,7.3490,1.1141,0.2224,0.2008,3000000.0000,3000000.0000,1352802.9482,10740000.0000,10740000.0000,1.7318,2.2346,0.2260,0.2260,2.2599,5.2260
2012-12-18,3.5700,3.6700,3.5100,3.5500,-0.0300,-0.8400,1548403.8100,556363.2740,1.6400,3.7300,0.5161,1.1446,0.9200,7.8673,7.2874,1.1048,0.2206,0.1991,3000000.0000,3000000.0000,1352802.9482,10650000.0000,10650000.0000,1.7465,2.2535,0.2241,0.2241,2.2409,5.1821
2012-12-19,3.5500,3.5800,3.5100,3.5500,0.0000,0.0000,1089471.1300,386188.2400,1.6400,3.7300,0.3632,0.8053,0.6100,7.8673,7.2874,1.1048,0.2206,0.1991,3000000.0000,3000000.0000,1352802.9482,10650000.0000,10650000.0000,1.7465,2.2535,0.2254,0.2254,2.2535,5.2113
2012-12-20,3.5300,3.6400,3.4900,3.6300,0.0800,2.2500,1130408.2800,403672.3670,1.6800,3.8100,0.3768,0.8356,0.6400,8.0446,7.4517,1.1297,0.2255,0.2036,3000000.0000,3000000.0000,1352802.9482,10890000.0000,10890000.0000,1.7080,2.2039,0.2266,0.2266,2.2663,5.2408
2012-12-21,3.6200,3.6800,3.5800,3.6000,-0.0300,-0.8300,1365813.2200,498039.7730,1.6700,3.7800,0.4553,1.0096,0.7600,7.9782,7.3901,1.1204,0.2237,0.2019,3000000.0000,3000000.0000,1352802.9482,10800000.0000,10800000.0000,1.7222,2.2222,0.2210,0.2210,2.2099,5.1105
2012-12-24,3.5900,3.6600,3.5800,3.6200,0.0200,0.5600,621770.9300,226033.9500,1.6800,3.8000,0.2073,0.4596,0.4100,8.0225,7.4311,1.1266,0.2249,0.2030,3000000.0000,3000000.0000,1352802.9482,10860000.0000,10860000.0000,1.7127,2.2099,0.2228,0.2228,2.2284,5.1532
2012-12-25,3.6100,3.7800,3.6000,3.7400,0.1200,3.3100,1775499.5400,659436.4890,1.7300,3.9300,0.5918,1.3125,1.5400,8.2884,7.6775,1.1639,0.2324,0.2097,3000000.0000,3000000.0000,1352802.9482,11220000.0000,11220000.0000,1.6578,2.1390,0.2216,0.2216,2.2161,5.1247
2012-12-26,3.7300,3.8400,3.7200,3.7600,0.0200,0.5300,1326662.7100,500157.5070,1.7400,3.9500,0.4422,0.9807,1.1100,8.3327,7.7185,1.1702,0.2336,0.2109,3000000.0000,3000000.0000,1352802.9482,11280000.0000,11280000.0000,1.6489,2.1277,0.2145,0.2145,2.1448,4.9598
2012-12-27,3.7900,3.8200,3.7300,3.7400,-0.0200,-0.5300,888221.2600,335708.0830,1.7300,3.9300,0.2961,0.6566,0.7100,8.2884,7.6775,1.1639,0.2324,0.2097,3000000.0000,3000000.0000,1352802.9482,11220000.0000,11220000.0000,1.6578,2.1390,0.2111,0.2111,2.1108,4.8813
2012-12-28,3.7500,3.8500,3.7400,3.8500,0.1100,2.9400,1073331.1300,408402.1570,1.7800,4.0400,0.3578,0.7934,0.9000,8.5322,7.9033,1.1982,0.2392,0.2159,3000000.0000,3000000.0000,1352802.9482,11550000.0000,11550000.0000,1.6104,2.0779,0.2133,0.2133,2.1333,4.9333
2012-12-31,3.8700,3.9300,3.8300,3.9000,0.0500,1.3000,1404789.9000,547220.6700,1.8000,4.0900,0.4683,1.0384,1.2400,8.6430,8.0059,1.2137,0.2423,0.2187,3000000.0000,3000000.0000,1352802.9482,11700000.0000,11700000.0000,1.5897,2.0513,0.2067,0.2067,2.0672,4.7804
2013-01-04,3.9600,4.0000,3.8700,3.9500,0.0500,1.2800,2049371.8400,810426.5800,1.8300,4.1500,0.6831,1.5149,1.5800,8.7538,8.1086,1.2293,0.2454,0.2215,3000000.0000,3000000.0000,1352802.9482,11850000.0000,11850000.0000,2.0253,2.0253,0.2652,0.2652,2.6515,6.2626
2013-01-07,3.9300,3.9900,3.8700,3.8900,-0.0600,-1.5200,1456178.7600,570919.9740,1.8000,4.0800,0.4854,1.0764,1.0800,8.6208,7.9854,1.2106,0.2417,0.2181,3000000.0000,3000000.0000,1352802.9482,11670000.0000,11670000.0000,2.0566,2.0566,0.2672,0.2672,2.6718,6.3104
2013-01-08,3.8800,3.9100,3.7800,3.8200,-0.0700,-1.8000,1382833.2200,528913.8400,1.7700,4.0100,0.4609,1.0222,1.0100,8.4657,7.8417,1.1888,0.2373,0.2142,3000000.0000,3000000.0000,1352802.9482,11460000.0000,11460000.0000,2.0942,2.0942,0.2706,0.2706,2.7062,6.3918
2013-01-09,3.8100,3.8500,3.7600,3.8000,-0.0200,-0.5200,1284129.2100,490174.3610,1.7600,3.9900,0.4280,0.9492,0.8700,8.4214,7.8006,1.1826,0.2361,0.2131,3000000.0000,3000000.0000,1352802.9482,11400000.0000,11400000.0000,2.1053,2.1053,0.2756,0.2756,2.7559,6.5092
2013-01-10,3.8000,3.8400,3.7600,3.7900,-0.0100,-0.2600,1522849.2400,577441.3170,1.7500,3.9800,0.5076,1.1257,1.0000,8.3992,7.7801,1.1795,0.2355,0.2125,3000000.0000,3000000.0000,1352802.9482,11370000.0000,11370000.0000,2.1108,2.1108,0.2763,0.2763,2.7632,6.5263
2013-01-11,3.8000,3.8100,3.6600,3.6800,-0.1100,-2.9000,2105199.2700,780569.3290,1.7000,3.8600,0.7017,1.5562,1.3700,8.1554,7.5543,1.1453,0.2286,0.2064,3000000.0000,3000000.0000,1352802.9482,11040000.0000,11040000.0000,2.1739,2.1739,0.2763,0.2763,2.7632,6.5263
2013-01-14,3.6800,3.8400,3.6600,3.8100,0.1300,3.5300,1675514.8000,628441.6510,1.7600,4.0000,0.5585,1.2386,1.0800,8.4435,7.8212,1.1857,0.2367,0.2137,3000000.0000,3000000.0000,1352802.9482,11430000.0000,11430000.0000,2.0997,2.0997,0.2853,0.2853,2.8533,6.7391
2013-01-15,3.8200,3.8400,3.7600,3.7900,-0.0200,-0.5200,1323497.0400,502472.3440,1.7500,3.9800,0.4412,0.9783,0.8300,8.3992,7.7801,1.1795,0.2355,0.2125,3000000.0000,3000000.0000,1352802.9482,11370000.0000,11370000.0000,2.1108,2.1108,0.2749,0.2749,2.7487,6.4921
2013-01-16,3.7900,3.8500,3.7400,3.7600,-0.0300,-0.7900,1357680.0000,514203.0370,1.7400,3.9500,0.4526,1.0036,0.8600,8.3327,7.7185,1.1702,0.2336,0.2109,3000000.0000,3000000.0000,1352802.9482,11280000.0000,11280000.0000,2.1277,2.1277,0.2770,0.2770,2.7704,6.5435
2013-01-17,3.7600,3.7900,3.7200,3.7500,-0.0100,-0.2700,866053.5900,325021.9950,1.7400,3.9400,0.2887,0.6402,0.5400,8.3106,7.6980,1.1670,0.2330,0.2103,3000000.0000,3000000.0000,1352802.9482,11250000.0000,11250000.0000,2.1333,2.1333,0.2793,0.2793,2.7926,6.5957
2013-01-18,3.7700,3.8100,3.7200,3.8000,0.0500,1.3300,1386419.6000,523111.7270,1.7600,3.9900,0.4621,1.0248,0.9500,8.4214,7.8006,1.1826,0.2361,0.2131,3000000.0000,3000000.0000,1352802.9482,11400000.0000,11400000.0000,2.1053,2.1053,0.2785,0.2785,2.7851,6.5782
2013-01-21,3.8500,3.8900,3.8100,3.8200,0.0200,0.5300,1639798.5700,631633.8940,1.7700,4.0100,0.5466,1.2121,1.2400,8.4657,7.8417,1.1888,0.2373,0.2142,3000000.0000,3000000.0000,1352802.9482,11460000.0000,11460000.0000,2.0942,2.0942,0.2727,0.2727,2.7273,6.4416
2013-01-22,3.8200,3.8300,3.6900,3.7200,-0.1000,-2.6200,1609757.0500,604175.3690,1.7200,3.9100,0.5366,1.1899,1.2200,8.2441,7.6364,1.1577,0.2311,0.2086,3000000.0000,3000000.0000,1352802.9482,11160000.0000,11160000.0000,2.1505,2.1505,0.2749,0.2749,2.7487,6.4921
2013-01-23,3.7400,3.7400,3.6500,3.6800,-0.0400,-1.0800,1169403.8500,431386.5050,1.7000,3.8600,0.3898,0.8644,0.8500,8.1554,7.5543,1.1453,0.2286,0.2064,3000000.0000,3000000.0000,1352802.9482,11040000.0000,11040000.0000,2.1739,2.1739,0.2807,0.2807,2.8075,6.6310
2013-01-24,3.6800,3.8000,3.6000,3.6900,0.0100,0.2700,1697422.1900,630230.2260,1.7100,3.8700,0.5658,1.2547,1.2700,8.1776,7.5748,1.1484,0.2293,0.2069,3000000.0000,3000000.0000,1352802.9482,11070000.0000,11070000.0000,2.1680,2.1680,0.2853,0.2853,2.8533,6.7391
2013-01-25,3.6800,3.7300,3.6300,3.6600,-0.0300,-0.8100,845192.5100,310056.7380,1.6900,3.8400,0.2817,0.6248,0.5600,8.1111,7.5133,1.1390,0.2274,0.2052,3000000.0000,3000000.0000,1352802.9482,10980000.0000,10980000.0000,2.1858,2.1858,0.2853,0.2853,2.8533,6.7391
2013-01-28,3.6700,3.7600,3.6500,3.7300,0.0700,1.9100,1453316.6100,538151.9170,1.7300,3.9200,0.4844,1.0743,1.0400,8.2663,7.6570,1.1608,0.2318,0.2092,3000000.0000,3000000.0000,1352802.9482,11190000.0000,11190000.0000,2.1448,2.1448,0.2861,0.2861,2.8610,6.7575
2013-01-29,3.7300,3.8100,3.7100,3.7300,0.0000,0.0000,1772567.1500,665544.4420,1.7300,3.9200,0.5909,1.3103,1.3100,8.2663,7.6570,1.1608,0.2318,0.2092,3000000.0000,3000000.0000,1352802.9482,11190000.0000,11190000.0000,2.1448,2.1448,0.2815,0.2815,2.8150,6.6488
2013-01-30,3.7500,3.7600,3.6800,3.7200,-0.0100,-0.2700,1389813.8100,515350.1590,1.7200,3.9100,0.4633,1.0274,1.0000,8.2441,7.6364,1.1577,0.2311,0.2086,3000000.0000,3000000.0000,1352802.9482,11160000.0000,11160000.0000,2.1505,2.1505,0.2800,0.2800,2.8000,6.6133
2013-01-31,3.7200,3.7200,3.6400,3.6500,-0.0700,-1.8800,1575545.2100,578173.0830,1.6900,3.8300,0.5252,1.1647,1.1000,8.0890,7.4927,1.1359,0.2268,0.2047,3000000.0000,3000000.0000,1352802.9482,10950000.0000,10950000.0000,2.1918,2.1918,0.2823,0.2823,2.8226,6.6667
2013-02-01,3.6500,3.7000,3.6200,3.6900,0.0400,1.1000,1554298.6900,567504.9930,1.7100,3.8700,0.5181,1.1489,1.1000,8.1776,7.5748,1.1484,0.2293,0.2069,3000000.0000,3000000.0000,1352802.9482,11070000.0000,11070000.0000,2.1680,2.1680,0.2877,0.2877,2.8767,6.7945
2013-02-04,3.7200,3.7200,3.6400,3.7000,0.0100,0.2700,1794661.6900,659369.4510,1.7100,3.8900,0.5982,1.3266,1.1600,8.1998,7.5954,1.1515,0.2299,0.2075,3000000.0000,3000000.0000,1352802.9482,11100000.0000,11100000.0000,2.1622,2.1622,0.2823,0.2823,2.8226,6.6667
2013-02-05,3.6700,4.0700,3.6600,4.0600,0.3600,9.7300,6546976.3000,2599956.2090,1.8800,4.2600,2.1823,4.8396,4.0500,8.9976,8.3344,1.2635,0.2523,0.2277,3000000.0000,3000000.0000,1352802.9482,12180000.0000,12180000.0000,1.9704,1.9704,0.2861,0.2861,2.8610,6.7575
2013-02-06,4.0300,4.0400,3.9400,3.9600,-0.1000,-2.4600,2763722.6700,1099244.5010,1.8300,4.1600,0.9212,2.0430,1.0700,8.7760,8.1291,1.2324,0.2460,0.2221,3000000.0000,3000000.0000,1352802.9482,11880000.0000,11880000.0000,2.0202,2.0202,0.2605,0.2605,2.6055,6.1538
2013-02-07,3.9400,4.0700,3.9400,4.0000,0.0400,1.0100,1724066.4500,691356.2490,1.8500,4.2000,0.5747,1.2744,0.6100,8.8646,8.2112,1.2449,0.2485,0.2243,3000000.0000,3000000.0000,1352802.9482,12000000.0000,12000000.0000,2.0000,2.0000,0.2665,0.2665,2.6650,6.2944
2013-02-08,4.0100,4.1600,3.9800,4.0600,0.0600,1.5000,2179093.2100,886755.0490,1.8800,4.2600,0.7264,1.6108,0.7600,8.9976,8.3344,1.2635,0.2523,0.2277,3000000.0000,3000000.0000,1352802.9482,12180000.0000,12180000.0000,1.9704,1.9704,0.2618,0.2618,2.6185,6.1845
2013-02-18,4.0900,4.1800,4.0400,4.1400,0.0800,1.9700,2319902.5200,959051.4460,1.9200,4.3500,0.7733,1.7149,0.7700,9.1749,8.4986,1.2884,0.2572,0.2322,3000000.0000,3000000.0000,1352802.9482,12420000.0000,12420000.0000,1.9324,1.9324,0.2567,0.2567,2.5672,6.0636
2013-02-19,4.1400,4.1400,3.9600,3.9800,-0.1600,-3.8600,2054162.8900,825865.8920,1.8400,4.1800,0.6847,1.5184,0.6600,8.8203,8.1702,1.2386,0.2473,0.2232,3000000.0000,3000000.0000,1352802.9482,11940000.0000,11940000.0000,2.0101,2.0101,0.2536,0.2536,2.5362,5.9903
2013-02-20,4.0100,4.0200,3.9400,3.9900,0.0100,0.2500,1183841.3400,470335.7520,1.8500,4.1900,0.3946,0.8751,0.5400,8.8425,8.1907,1.2417,0.2479,0.2238,3000000.0000,3000000.0000,1352802.9482,11970000.0000,11970000.0000,2.0050,2.0050,0.2618,0.2618,2.6185,6.1845
2013-02-21,3.9700,3.9700,3.8200,3.8600,-0.1300,-3.2600,1918388.0400,748568.7210,1.7900,4.0500,0.6395,1.4181,1.0100,8.5544,7.9238,1.2013,0.2398,0.2165,3000000.0000,3000000.0000,1352802.9482,11580000.0000,11580000.0000,2.0725,2.0725,0.2645,0.2645,2.6448,6.2469
2013-02-22,3.8600,3.8900,3.8100,3.8200,-0.0400,-1.0400,645154.0700,248316.8990,1.7700,4.0100,0.2151,0.4769,0.3300,8.4657,7.8417,1.1888,0.2373,0.2142,3000000.0000,3000000.0000,1352802.9482,11460000.0000,11460000.0000,2.0942,2.0942,0.2720,0.2720,2.7202,6.4249
2013-02-25,3.8300,3.8900,3.8100,3.8300,0.0100,0.2600,581357.9600,223286.5680,1.7700,4.0200,0.1938,0.4297,0.3600,8.4879,7.8622,1.1919,0.2380,0.2148,3000000.0000,3000000.0000,1352802.9482,11490000.0000,11490000.0000,2.0888,2.0888,0.2742,0.2742,2.7415,6.4752
2013-02-26,3.8100,3.8300,3.7000,3.7100,-0.1200,-3.1300,1221313.8500,459625.6220,1.7200,3.9000,0.4071,0.9028,0.9600,8.2219,7.6159,1.1546,0.2305,0.2081,3000000.0000,3000000.0000,1352802.9482,11130000.0000,11130000.0000,2.1563,2.1563,0.2756,0.2756,2.7559,6.5092
2013-02-27,3.7300,3.7800,3.7100,3.7600,0.0500,1.3500,920050.2700,344748.8270,1.7400,3.9500,0.3067,0.6801,0.8300,8.3327,7.7185,1.1702,0.2336,0.2109,3000000.0000,3000000.0000,1352802.9482,11280000.0000,11280000.0000,2.1277,2.1277,0.2815,0.2815,2.8150,6.6488
2013-02-28,3.8000,3.9200,3.7700,3.8900,0.1300,3.4600,1262768.4200,487118.6750,1.8000,4.0800,0.4209,0.9334,1.1900,8.6208,7.9854,1.2106,0.2417,0.2181,3000000.0000,3000000.0000,1352802.9482,11670000.0000,11670000.0000,2.0566,2.0566,0.2763,0.2763,2.7632,6.5263
2013-03-01,3.8900,3.9000,3.7800,3.8300,-0.0600,-1.5400,977758.1100,374206.0120,1.7700,4.0200,0.3259,0.7228,1.0600,8.4879,7.8622,1.1919,0.2380,0.2148,3000000.0000,3000000.0000,1352802.9482,11490000.0000,11490000.0000,2.0888,2.0888,0.2699,0.2699,2.6992,6.3753
2013-03-04,3.6700,3.6700,3.4500,3.4600,-0.3700,-9.6600,3495922.1100,1234838.3470,1.6000,3.6300,1.1653,2.5842,3.5200,7.6679,7.1027,1.0768,0.2150,0.1940,3000000.0000,3000000.0000,1352802.9482,10380000.0000,10380000.0000,2.3121,2.3121,0.2861,0.2861,2.8610,6.7575
2013-03-05,3.4600,3.5400,3.4400,3.5300,0.0700,2.0200,1314704.7000,459580.6290,1.6300,3.7100,0.4382,0.9718,0.8300,7.8230,7.2464,1.0986,0.2193,0.1980,3000000.0000,3000000.0000,1352802.9482,10590000.0000,10590000.0000,2.2663,2.2663,0.3035,0.3035,3.0347,7.1676
2013-03-06,3.5500,3.5700,3.5200,3.5600,0.0300,0.8500,1131103.0400,401093.1100,1.6500,3.7400,0.3770,0.8361,0.7100,7.8895,7.3080,1.1079,0.2212,0.1996,3000000.0000,3000000.0000,1352802.9482,10680000.0000,10680000.0000,2.2472,2.2472,0.2958,0.2958,2.9577,6.9859
2013-03-07,3.5400,3.5700,3.4900,3.5300,-0.0300,-0.8400,834216.4100,295298.3080,1.6300,3.7100,0.2781,0.6167,0.5100,7.8230,7.2464,1.0986,0.2193,0.1980,3000000.0000,3000000.0000,1352802.9482,10590000.0000,10590000.0000,2.2663,2.2663,0.2966,0.2966,2.9661,7.0056
2013-03-08,3.5400,3.5600,3.5200,3.5300,0.0000,0.0000,351248.8900,124397.0660,1.6300,3.7100,0.1171,0.2596,0.2300,7.8230,7.2464,1.0986,0.2193,0.1980,3000000.0000,3000000.0000,1352802.9482,10590000.0000,10590000.0000,2.2663,2.2663,0.2966,0.2966,2.9661,7.0056
2013-03-11,3.5300,3.5600,3.5200,3.5500,0.0200,0.5700,423445.7500,149970.1990,1.6400,3.7300,0.1411,0.3130,0.3000,7.8673,7.2874,1.1048,0.2206,0.1991,3000000.0000,3000000.0000,1352802.9482,10650000.0000,10650000.0000,2.2535,2.2535,0.2975,0.2975,2.9745,7.0255
2013-03-12,3.5600,3.6000,3.5200,3.5300,-0.0200,-0.5600,839708.5500,298686.3510,1.6300,3.7100,0.2799,0.6207,1.0400,7.8230,7.2464,1.0986,0.2193,0.1980,3000000.0000,3000000.0000,1352802.9482,10590000.0000,10590000.0000,2.2663,2.2663,0.2949,0.2949,2.9494,6.9663
2013-03-13,3.5200,3.5300,3.4500,3.4800,-0.0500,-1.4200,772502.8900,269368.6520,1.6100,3.6500,0.2575,0.5710,1.0800,7.7122,7.1438,1.0830,0.2162,0.1952,3000000.0000,3000000.0000,1352802.9482,10440000.0000,10440000.0000,2.2989,2.2989,0.2983,0.2983,2.9830,7.0455
2013-03-14,3.4600,3.5000,3.4500,3.4700,-0.0100,-0.2900,553024.7200,191857.9490,1.6100,3.6400,0.1843,0.4088,0.8600,7.6901,7.1232,1.0799,0.2156,0.1946,3000000.0000,3000000.0000,1352802.9482,10410000.0000,10410000.0000,2.3055,2.3055,0.3035,0.3035,3.0347,7.1676
2013-03-15,3.4700,3.5400,3.4400,3.5000,0.0300,0.8600,1190594.9600,416210.2540,1.6200,3.6800,0.3969,0.8801,2.0200,7.7565,7.1848,1.0892,0.2175,0.1963,3000000.0000,3000000.0000,1352802.9482,10500000.0000,10500000.0000,2.2857,2.2857,0.3026,0.3026,3.0259,7.1470
2013-03-18,3.4700,3.4900,3.2600,3.3500,-0.1500,-4.2900,1814832.7300,611920.7860,1.5500,3.5200,0.6049,1.3415,2.4000,7.4241,6.8769,1.0426,0.2081,0.1879,3000000.0000,3000000.0000,1352802.9482,10050000.0000,10050000.0000,2.3881,2.3881,0.3026,0.3026,3.0259,7.1470
2013-03-19,3.3400,3.4500,3.3300,3.4100,0.0600,1.7900,966682.5500,327579.2510,1.5800,3.5800,0.3222,0.7146,0.9300,7.5571,7.0001,1.0612,0.2119,0.1912,3000000.0000,3000000.0000,1352802.9482,10230000.0000,10230000.0000,2.3460,2.3460,0.3144,0.3144,3.1437,7.4251
2013-03-20,3.4100,3.5200,3.4000,3.5000,0.0900,2.6400,1304191.1200,453599.5200,1.6200,3.6800,0.4347,0.9641,1.2300,7.7565,7.1848,1.0892,0.2175,0.1963,3000000.0000,3000000.0000,1352802.9482,10500000.0000,10500000.0000,2.2857,2.2857,0.3079,0.3079,3.0792,7.2727
2013-03-21,3.5100,3.5400,3.4500,3.4700,-0.0300,-0.8600,860650.8500,301145.1370,1.6100,3.6400,0.2869,0.6362,0.7400,7.6901,7.1232,1.0799,0.2156,0.1946,3000000.0000,3000000.0000,1352802.9482,10410000.0000,10410000.0000,2.3055,2.3055,0.2991,0.2991,2.9915,7.0655
2013-03-22,3.4600,3.4800,3.4100,3.4700,0.0000,0.0000,670939.8000,231377.1310,1.6100,3.6400,0.2236,0.4960,0.5500,7.6901,7.1232,1.0799,0.2156,0.1946,3000000.0000,3000000.0000,1352802.9482,10410000.0000,10410000.0000,2.3055,2.3055,0.3035,0.3035,3.0347,7.1676
2013-03-25,3.4600,3.5000,3.4200,3.4600,-0.0100,-0.2900,744562.3100,257206.4880,1.6000,3.6300,0.2482,0.5504,0.6600,7.6679,7.1027,1.0768,0.2150,0.1940,3000000.0000,3000000.0000,1352802.9482,10380000.0000,10380000.0000,2.3121,2.3121,0.3035,0.3035,3.0347,7.1676
2013-03-26,3.4500,3.4900,3.3800,3.4000,-0.0600,-1.7300,838875.8500,286880.0880,1.5700,3.5700,0.2796,0.6201,0.9200,7.5349,6.9795,1.0581,0.2113,0.1907,3000000.0000,3000000.0000,1352802.9482,10200000.0000,10200000.0000,2.3529,2.3529,0.3043,0.3043,3.0435,7.1884
2013-03-27,3.4200,3.4600,3.3900,3.4000,0.0000,0.0000,721659.6700,247140.8780,1.5700,3.5700,0.2406,0.5335,0.8200,7.5349,6.9795,1.0581,0.2113,0.1907,3000000.0000,3000000.0000,1352802.9482,10200000.0000,10200000.0000,2.3529,2.3529,0.3070,0.3070,3.0702,7.2515
2013-03-28,3.3800,3.3900,3.3200,3.3400,-0.0600,-1.7600,1087661.2200,364160.8600,1.5500,3.5100,0.3626,0.8040,1.4200,7.4020,6.8564,1.0395,0.2075,0.1873,3000000.0000,3000000.0000,1352802.9482,10020000.0000,10020000.0000,2.3952,2.3952,0.3107,0.3107,3.1065,7.3373
2013-03-29,3.3600,3.3800,3.3400,3.3700,0.0300,0.9000,562478.1000,188732.2200,1.5600,3.5400,0.1875,0.4158,0.6900,7.4684,6.9179,1.0488,0.2094,0.1890,3000000.0000,3000000.0000,1352802.9482,10110000.0000,10110000.0000,2.3739,2.3739,0.3125,0.3125,3.1250,7.3810
2013-04-01,3.3500,3.4100,3.3400,3.3600,-0.0100,-0.3000,681256.1100,229935.7720,1.5500,3.5300,0.2271,0.5036,0.8600,7.4463,6.8974,1.0457,0.2088,0.1884,3000000.0000,3000000.0000,1352802.9482,10080000.0000,10080000.0000,2.3810,2.3810,0.3134,0.3134,3.1343,7.4030
2013-04-02,3.3600,3.4500,3.3600,3.4000,0.0400,1.1900,741931.8700,253006.2390,1.5700,3.5700,0.2473,0.5484,0.9500,7.5349,6.9795,1.0581,0.2113,0.1907,3000000.0000,3000000.0000,1352802.9482,10200000.0000,10200000.0000,2.3529,2.3529,0.3125,0.3125,3.1250,7.3810
2013-04-03,3.4300,3.4400,3.3700,3.3900,-0.0100,-0.2900,499823.7600,170227.2040,1.5700,3.5600,0.1666,0.3695,0.6600,7.5128,6.9590,1.0550,0.2106,0.1901,3000000.0000,3000000.0000,1352802.9482,10170000.0000,10170000.0000,2.3599,2.3599,0.3061,0.3061,3.0612,7.2303
2013-04-08,3.3400,3.3900,3.3100,3.3800,-0.0100,-0.2900,596566.9800,199684.9230,1.5600,3.5500,0.1989,0.4410,0.8300,7.4906,6.9385,1.0519,0.2100,0.1895,3000000.0000,3000000.0000,1352802.9482,10140000.0000,10140000.0000,2.3669,2.3669,0.3144,0.3144,3.1437,7.4251
2013-04-09,3.3900,3.4100,3.3600,3.3700,-0.0100,-0.3000,750889.6900,253779.0550,1.5600,3.5400,0.2503,0.5551,1.2200,7.4684,6.9179,1.0488,0.2094,0.1890,3000000.0000,3000000.0000,1352802.9482,10110000.0000,10110000.0000,2.3739,2.3739,0.3097,0.3097,3.0973,7.3156
2013-04-10,3.3700,3.4700,3.3700,3.4600,0.0900,2.6700,1081859.0200,370445.9020,1.6000,3.6300,0.3606,0.7997,1.6500,7.6679,7.1027,1.0768,0.2150,0.1940,3000000.0000,3000000.0000,1352802.9482,10380000.0000,10380000.0000,2.3121,2.3121,0.3116,0.3116,3.1157,7.3591
2013-04-11,3.5100,3.5400,3.4700,3.4800,0.0200,0.5800,1330327.5300,466529.4770,1.6100,3.6500,0.4434,0.9834,1.8100,7.7122,7.1438,1.0830,0.2162,0.1952,3000000.0000,3000000.0000,1352802.9482,10440000.0000,10440000.0000,2.2989,2.2989,0.2991,0.2991,2.9915,7.0655
2013-04-12,3.4800,3.5000,3.4300,3.4600,-0.0200,-0.5700,502762.3400,174689.7760,1.6000,3.6300,0.1676,0.3716,0.5900,7.6679,7.1027,1.0768,0.2150,0.1940,3000000.0000,3000000.0000,1352802.9482,10380000.0000,10380000.0000,2.3121,2.3121,0.3017,0.3017,3.0172,7.1264
2013-04-15,3.4600,3.5200,3.3900,3.4200,-0.0400,-1.1600,896301.9200,310166.0040,1.5800,3.5900,0.2988,0.6626,1.0500,7.5792,7.0206,1.0643,0.2125,0.1918,3000000.0000,3000000.0000,1352802.9482,10260000.0000,10260000.0000,2.3392,2.3392,0.3035,0.3035,3.0347,7.1676
2013-04-16,3.4000,3.5200,3.4000,3.5000,0.0800,2.3400,1504264.3900,520410.7400,1.6200,3.6800,0.5014,1.1120,1.6500,7.7565,7.1848,1.0892,0.2175,0.1963,3000000.0000,3000000.0000,1352802.9482,10500000.0000,10500000.0000,2.2857,2.2857,0.3088,0.3088,3.0882,7.2941
2013-04-17,3.5100,3.5300,3.4500,3.4900,-0.0100,-0.2900,644410.7000,224720.9010,1.6100,3.6600,0.2148,0.4764,0.6100,7.7344,7.1643,1.0861,0.2168,0.1957,3000000.0000,3000000.0000,1352802.9482,10470000.0000,10470000.0000,2.2923,2.2923,0.2991,0.2991,2.9915,7.0655
2013-04-18,3.4900,3.5500,3.4700,3.4900,0.0000,0.0000,1008234.5700,354651.3130,1.6100,3.6600,0.3361,0.7453,1.0300,7.7344,7.1643,1.0861,0.2168,0.1957,3000000.0000,3000000.0000,1352802.9482,10470000.0000,10470000.0000,2.2923,2.2923,0.3009,0.3009,3.0086,7.1060
2013-04-19,3.5100,3.5800,3.4800,3.5800,0.0900,2.5800,1652769.1100,584070.6240,1.6600,3.7600,0.5509,1.2217,1.8100,7.9338,7.3490,1.1141,0.2224,0.2008,3000000.0000,3000000.0000,1352802.9482,10740000.0000,10740000.0000,2.2346,2.2346,0.2991,0.2991,2.9915,7.0655
2013-04-22,3.5700,3.6100,3.5300,3.5600,-0.0200,-0.5600,1085640.6100,386565.0450,1.6500,3.7400,0.3619,0.8025,0.9500,6.7873,6.7873,1.0485,0.1869,0.1869,3000000.0000,3000000.0000,1352802.9482,10680000.0000,10680000.0000,2.2472,2.2472,0.2941,0.2941,2.9412,6.9468
2013-04-23,3.5700,3.5800,3.4500,3.4700,-0.0900,-2.5300,988772.2300,346193.4640,1.6100,3.6400,0.3296,0.7336,0.8400,6.6157,6.6157,1.0220,0.1821,0.1821,3000000.0000,3000000.0000,1347893.4782,10410000.0000,10410000.0000,2.3055,2.3055,0.2941,0.2941,2.9412,6.9468
2013-04-24,3.4800,3.5100,3.4200,3.5000,0.0300,0.8600,867027.7200,300779.3470,1.6200,3.6800,0.2890,0.6432,0.8100,6.6729,6.6729,1.0308,0.1837,0.1837,3000000.0000,3000000.0000,1347893.4782,10500000.0000,10500000.0000,2.2857,2.2857,0.3017,0.3017,3.0172,7.1264
2013-04-25,3.4900,3.5100,3.4300,3.4600,-0.0400,-1.1400,863866.7500,299563.6660,1.6000,3.6300,0.2880,0.6409,0.7700,6.5967,6.5967,1.0191,0.1816,0.1816,3000000.0000,3000000.0000,1347893.4782,10380000.0000,10380000.0000,2.3121,2.3121,0.3009,0.3009,3.0086,7.1060
2013-04-26,3.4700,3.4800,3.4200,3.4400,-0.0200,-0.5800,489793.7900,168897.7620,1.5900,3.6100,0.1633,0.3634,0.4500,6.5585,6.5585,1.0132,0.1806,0.1806,3000000.0000,3000000.0000,1347893.4782,10320000.0000,10320000.0000,2.3256,2.3256,0.3026,0.3026,3.0259,7.1470
2013-05-02,3.4700,3.5400,3.4500,3.4600,0.0200,0.5800,995876.3200,347590.6570,1.6000,3.6300,0.3320,0.7394,1.1600,6.5967,6.1987,0.9861,0.1816,0.1748,3000000.0000,3000000.0000,1346792.7858,10380000.0000,10380000.0000,2.3121,2.3121,0.3026,0.3026,3.0259,7.1470
2013-05-03,3.4900,3.5900,3.4900,3.5700,0.1100,3.1800,1291725.6900,459694.3480,1.6500,3.7500,0.4306,0.9591,1.5400,6.8064,6.3957,1.0175,0.1874,0.1803,3000000.0000,3000000.0000,1346792.7858,10710000.0000,10710000.0000,2.2409,2.2409,0.3009,0.3009,3.0086,7.1060
2013-05-06,3.5900,3.7200,3.5700,3.6900,0.1200,3.3600,1664529.2600,612730.0210,1.7100,3.8700,0.5548,1.2359,1.8500,7.0352,6.6107,1.0517,0.1937,0.1864,3000000.0000,3000000.0000,1346792.7858,11070000.0000,11070000.0000,2.1680,2.1680,0.2925,0.2925,2.9248,6.9081
2013-05-07,3.6800,3.8000,3.6700,3.7300,0.0400,1.0800,1271467.3400,476475.4940,1.7300,3.9200,0.4238,0.9441,1.2000,7.1114,6.6824,1.0631,0.1958,0.1884,3000000.0000,3000000.0000,1346792.7858,11190000.0000,11190000.0000,2.1448,2.1448,0.2853,0.2853,2.8533,6.7391
2013-05-08,3.7600,3.7800,3.7000,3.7300,0.0000,0.0000,861241.2700,321877.2670,1.7300,3.9200,0.2871,0.6395,0.7500,7.1114,6.6824,1.0631,0.1958,0.1884,3000000.0000,3000000.0000,1346792.7858,11190000.0000,11190000.0000,2.1448,2.1448,0.2793,0.2793,2.7926,6.5957
2013-05-09,3.7300,3.7400,3.6300,3.6500,-0.0800,-2.1400,992280.3700,365340.9940,1.6900,3.8300,0.3308,0.7368,0.8200,6.9589,6.5390,1.0403,0.1916,0.1844,3000000.0000,3000000.0000,1346792.7858,10950000.0000,10950000.0000,2.1918,2.1918,0.2815,0.2815,2.8150,6.6488
2013-05-10,3.6500,3.7600,3.6400,3.7500,0.1000,2.7400,806493.3700,298617.3030,1.7400,3.9400,0.2688,0.5988,0.6600,7.1496,6.7182,1.0688,0.1968,0.1894,3000000.0000,3000000.0000,1346792.7858,11250000.0000,11250000.0000,2.1333,2.1333,0.2877,0.2877,2.8767,6.7945
2013-05-13,3.7500,3.7700,3.7200,3.7400,-0.0100,-0.2700,631162.8400,236423.6790,1.7300,3.9300,0.2104,0.4686,0.5600,7.1305,6.7003,1.0659,0.1963,0.1889,3000000.0000,3000000.0000,1346792.7858,11220000.0000,11220000.0000,2.1390,2.1390,0.2800,0.2800,2.8000,6.6133
2013-05-14,3.7700,3.7700,3.6500,3.6900,-0.0500,-1.3400,831221.5700,307176.9090,1.7100,3.8700,0.2771,0.6172,0.9100,7.0352,6.6107,1.0517,0.1937,0.1864,3000000.0000,3000000.0000,1346792.7858,11070000.0000,11070000.0000,2.1680,2.1680,0.2785,0.2785,2.7851,6.5782
2013-05-15,3.6900,3.7200,3.6600,3.6700,-0.0200,-0.5400,354187.2400,130301.3900,1.7000,3.8500,0.1181,0.2630,0.4300,6.9970,6.5749,1.0460,0.1926,0.1854,3000000.0000,3000000.0000,1346792.7858,11010000.0000,11010000.0000,2.1798,2.1798,0.2846,0.2846,2.8455,6.7209
2013-05-16,3.6600,3.7900,3.6500,3.7700,0.1000,2.7200,958913.8500,357595.6430,1.7400,3.9600,0.3196,0.7120,1.3300,7.1877,6.7540,1.0745,0.1979,0.1904,3000000.0000,3000000.0000,1346792.7858,11310000.0000,11310000.0000,2.1220,2.1220,0.2869,0.2869,2.8689,6.7760
2013-05-17,3.7800,3.9000,3.7800,3.8800,0.1100,2.9200,1772935.6600,679941.2320,1.8000,4.0700,0.5910,1.3164,2.4700,7.3974,6.9511,1.1058,0.2037,0.1960,3000000.0000,3000000.0000,1346792.7858,11640000.0000,11640000.0000,2.0619,2.0619,0.2778,0.2778,2.7778,6.5608
2013-05-20,3.9100,3.9800,3.8200,3.8300,-0.0500,-1.2900,1725836.5800,674861.9350,1.7700,4.0200,0.5753,1.2814,1.9000,7.3021,6.8615,1.0916,0.2010,0.1935,3000000.0000,3000000.0000,1346792.7858,11490000.0000,11490000.0000,2.0888,2.0888,0.2685,0.2685,2.6854,6.3427
2013-05-21,3.8400,3.8700,3.8100,3.8700,0.0400,1.0400,1125771.4200,431822.1890,1.7900,4.0600,0.3753,0.8359,1.0000,7.3783,6.9332,1.1030,0.2031,0.1955,3000000.0000,3000000.0000,1346792.7858,11610000.0000,11610000.0000,2.0672,2.0672,0.2734,0.2734,2.7344,6.4583
2013-05-22,3.8600,3.9000,3.8000,3.8200,-0.0500,-1.2900,878279.0200,338015.7030,1.7700,4.0100,0.2928,0.6521,0.7400,7.2830,6.8436,1.0887,0.2005,0.1930,3000000.0000,3000000.0000,1346792.7858,11460000.0000,11460000.0000,2.0942,2.0942,0.2720,0.2720,2.7202,6.4249
2013-05-23,3.8200,3.8600,3.7600,3.7800,-0.0400,-1.0500,961507.2200,366499.8580,1.7500,3.9700,0.3205,0.7139,0.7400,7.2068,6.7719,1.0773,0.1984,0.1910,3000000.0000,3000000.0000,1346792.7858,11340000.0000,11340000.0000,2.1164,2.1164,0.2749,0.2749,2.7487,6.4921
2013-05-24,3.7800,3.8000,3.7200,3.7700,-0.0100,-0.2600,803401.7800,301471.7660,1.7400,3.9600,0.2678,0.5965,0.6200,7.1877,6.7540,1.0745,0.1979,0.1904,3000000.0000,3000000.0000,1346792.7858,11310000.0000,11310000.0000,2.1220,2.1220,0.2778,0.2778,2.7778,6.5608
2013-05-27,3.7600,3.7700,3.7100,3.7300,-0.0400,-1.0600,711192.8100,265503.7160,1.7300,3.9200,0.2371,0.5281,0.6500,7.1114,6.6824,1.0631,0.1958,0.1884,3000000.0000,3000000.0000,1346792.7858,11190000.0000,11190000.0000,2.1448,2.1448,0.2793,0.2793,2.7926,6.5957
2013-05-28,3.7500,3.8500,3.7300,3.8500,0.1200,3.2200,1568005.8200,593945.4550,1.7800,4.0400,0.5227,1.1643,1.7500,7.3402,6.8974,1.0973,0.2021,0.1945,3000000.0000,3000000.0000,1346792.7858,11550000.0000,11550000.0000,2.0779,2.0779,0.2800,0.2800,2.8000,6.6133
2013-05-29,3.8500,3.9300,3.8300,3.8600,0.0100,0.2600,1627906.6800,633663.6490,1.7900,4.0500,0.5426,1.2087,1.6500,7.3593,6.9153,1.1001,0.2026,0.1950,3000000.0000,3000000.0000,1346792.7858,11580000.0000,11580000.0000,2.0725,2.0725,0.2727,0.2727,2.7273,6.4416
2013-05-30,3.8400,3.8700,3.7900,3.8200,-0.0400,-1.0400,953209.8400,364502.5680,1.7700,4.0100,0.3177,0.7078,0.8400,7.2830,6.8436,1.0887,0.2005,0.1930,3000000.0000,3000000.0000,1346792.7858,11460000.0000,11460000.0000,2.0942,2.0942,0.2734,0.2734,2.7344,6.4583
2013-05-31,3.8100,3.8200,3.7500,3.7700,-0.0500,-1.3100,887838.5200,336476.6110,1.7400,3.9600,0.2959,0.6592,0.7800,7.1877,6.7540,1.0745,0.1979,0.1904,3000000.0000,3000000.0000,1346792.7858,11310000.0000,11310000.0000,2.1220,2.1220,0.2756,0.2756,2.7559,6.5092
2013-06-03,3.8400,3.8700,3.7600,3.7900,0.0200,0.5300,890324.6300,338134.3510,1.7500,3.9800,0.2968,0.6611,0.7700,7.2258,6.7899,1.0802,0.1989,0.1915,3000000.0000,3000000.0000,1346792.7858,11370000.0000,11370000.0000,2.1108,2.1108,0.2734,0.2734,2.7344,6.4583
2013-06-04,3.7800,3.8000,3.7100,3.7300,-0.0600,-1.5800,1054146.4700,394047.6950,1.7300,3.9200,0.3514,0.7827,0.8900,7.1114,6.6824,1.0631,0.1958,0.1884,3000000.0000,3000000.0000,1346792.7858,11190000.0000,11190000.0000,2.1448,2.1448,0.2778,0.2778,2.7778,6.5608
2013-06-05,3.7300,3.7400,3.7000,3.7400,0.0100,0.2700,432820.0700,161074.6260,1.7300,3.9300,0.1443,0.3214,0.4000,7.1305,6.7003,1.0659,0.1963,0.1889,3000000.0000,3000000.0000,1346792.7858,11220000.0000,11220000.0000,2.1390,2.1390,0.2815,0.2815,2.8150,6.6488
2013-06-06,3.7300,3.7500,3.6600,3.6700,-0.0700,-1.8700,617071.1100,227813.0380,1.7000,3.8500,0.2057,0.4582,0.7300,6.9970,6.5749,1.0460,0.1926,0.1854,3000000.0000,3000000.0000,1346792.7858,11010000.0000,11010000.0000,2.1798,2.1798,0.2815,0.2815,2.8150,6.6488
2013-06-07,3.6600,3.6900,3.6100,3.6200,-0.0500,-1.3600,964540.7600,352512.8900,1.6800,3.8000,0.3215,0.7162,1.2400,6.9017,6.4853,1.0317,0.1900,0.1829,3000000.0000,3000000.0000,1346792.7858,10860000.0000,10860000.0000,2.2099,2.2099,0.2869,0.2869,2.8689,6.7760
2013-06-13,3.5900,3.5900,3.4500,3.4900,-0.1300,-3.5900,1586188.2400,554064.2100,1.6100,3.6600,0.5287,1.1778,2.0000,6.6539,6.2524,0.9947,0.1832,0.1763,3000000.0000,3000000.0000,1346792.7858,10470000.0000,10470000.0000,2.2923,,0.2925,0.2925,2.9248,6.9081
2013-06-14,3.5100,3.5900,3.5000,3.5700,0.0800,2.2900,1133984.7600,402202.1800,1.6500,3.7500,0.3780,0.8420,1.2200,6.8064,6.3957,1.0175,0.1874,0.1803,3000000.0000,3000000.0000,1346792.7858,10710000.0000,10710000.0000,2.2409,,0.2991,0.2991,2.9915,7.0655
2013-06-17,3.5600,3.5800,3.5000,3.5500,-0.0200,-0.5600,508597.0500,180687.6060,1.6400,3.7300,0.1695,0.3776,0.5400,6.7682,6.3599,1.0118,0.1863,0.1793,3000000.0000,3000000.0000,1346792.7858,10650000.0000,10650000.0000,2.2535,,0.2949,0.2949,2.9494,6.9663
2013-06-18,3.5500,3.5800,3.5200,3.5600,0.0100,0.2800,542887.8500,192818.8510,1.6500,3.7400,0.1810,0.4031,0.5600,6.7873,6.3778,1.0146,0.1869,0.1798,3000000.0000,3000000.0000,1346792.7858,10680000.0000,10680000.0000,2.2472,,0.2958,0.2958,2.9577,6.9859
2013-06-19,3.5500,3.5500,3.4700,3.5000,-0.0600,-1.6900,467118.6200,163539.4710,1.6200,3.6800,0.1557,0.3468,0.4900,6.6729,6.2703,0.9975,0.1837,0.1768,3000000.0000,3000000.0000,1346792.7858,10500000.0000,10500000.0000,2.2857,,0.2958,0.2958,2.9577,6.9859
2013-06-20,3.4900,3.4900,3.3500,3.3600,-0.1400,-4.0000,861224.4800,293584.5450,1.5500,3.5300,0.2871,0.6395,1.0200,6.4060,6.0195,0.9576,0.1764,0.1697,3000000.0000,3000000.0000,1346792.7858,10080000.0000,10080000.0000,2.3810,,0.3009,0.3009,3.0086,7.1060
2013-06-21,3.3200,3.3800,3.2600,3.3200,-0.0400,-1.1900,744557.4100,247779.7520,1.5400,3.4900,0.2482,0.5528,1.0600,6.3297,5.9478,0.9462,0.1743,0.1677,3000000.0000,3000000.0000,1346792.7858,9960000.0000,9960000.0000,2.4096,,0.3163,0.3163,3.1627,7.4699
2013-06-24,3.3200,3.3300,3.1000,3.1100,-0.2100,-6.3300,1544710.0200,489821.2930,1.4400,3.2700,0.5149,1.1470,2.4700,5.9294,5.5716,0.8864,0.1633,0.1571,3000000.0000,3000000.0000,1346792.7858,9330000.0000,9330000.0000,2.5723,,0.3163,0.3163,3.1627,7.4699
2013-06-25,3.1100,3.1300,2.9000,3.1200,0.0100,0.3200,1643181.2200,502172.7030,1.4400,3.2800,0.5477,1.2201,1.9700,5.9484,5.5895,0.8892,0.1638,0.1576,3000000.0000,3000000.0000,1346792.7858,9360000.0000,9360000.0000,2.5641,,0.3376,0.3376,3.3762,7.9743
2013-06-26,3.1400,3.1500,3.0500,3.1000,-0.0200,-0.6400,869224.6000,268504.9890,1.4300,3.2600,0.2897,0.6454,0.8300,5.9103,5.5537,0.8835,0.1627,0.1566,3000000.0000,3000000.0000,1346792.7858,9300000.0000,9300000.0000,2.5806,,0.3344,0.3344,3.3439,7.8981
2013-06-27,3.1100,3.3000,3.1100,3.1700,0.0700,2.2600,1384069.9800,442455.4670,1.4700,3.3300,0.4614,1.0277,1.2200,6.0438,5.6791,0.9035,0.1664,0.1601,3000000.0000,3000000.0000,1346792.7858,9510000.0000,9510000.0000,2.5237,,0.3376,0.3376,3.3762,7.9743
2013-06-28,3.1800,3.3500,3.1500,3.2700,0.1000,3.1500,1314526.1000,431151.2580,1.5100,3.4300,0.4382,0.9760,1.0600,6.2344,5.8583,0.9320,0.1716,0.1652,3000000.0000,3000000.0000,1346792.7858,9810000.0000,9810000.0000,2.4465,,0.3302,0.3302,3.3019,7.7987
2013-07-01,3.2300,3.2800,3.2200,3.2600,-0.0100,-0.3100,602790.9700,195447.8850,1.5100,3.4200,0.2009,0.4476,0.4500,6.2154,5.8404,0.9291,0.1711,0.1647,3000000.0000,3000000.0000,1346792.7858,9780000.0000,9780000.0000,2.4540,,0.3251,0.3251,3.2508,7.6780
2013-07-02,3.2800,3.2800,3.1800,3.2200,-0.0400,-1.2300,822372.7400,263897.9340,1.4900,3.3800,0.2741,0.6106,0.7100,6.1391,5.7687,0.9177,0.1690,0.1627,3000000.0000,3000000.0000,1346792.7858,9660000.0000,9660000.0000,2.4845,,0.3201,0.3201,3.2012,7.5610
2013-07-03,3.2000,3.2000,3.0800,3.1300,-0.0900,-2.8000,776418.0900,243114.3340,1.4500,3.2900,0.2588,0.5765,0.7800,5.9675,5.6075,0.8921,0.1643,0.1581,3000000.0000,3000000.0000,1346792.7858,9390000.0000,9390000.0000,2.5559,,0.3281,0.3281,3.2812,7.7500
2013-07-04,3.1300,3.2200,3.1100,3.1800,0.0500,1.6000,732786.9300,232383.8690,1.4700,3.3400,0.2443,0.5441,0.7500,6.0628,5.6970,0.9063,0.1669,0.1606,3000000.0000,3000000.0000,1346792.7858,9540000.0000,9540000.0000,2.5157,,0.3355,0.3355,3.3546,7.9233
2013-07-05,3.2000,3.3000,3.2000,3.2100,0.0300,0.9400,875898.9700,284228.3630,1.4900,3.3700,0.2920,0.6504,1.0300,6.1200,5.7508,0.9149,0.1685,0.1622,3000000.0000,3000000.0000,1346792.7858,9630000.0000,9630000.0000,2.4922,,0.3281,0.3281,3.2812,7.7500
2013-07-08,3.1700,3.1800,3.1100,3.1200,-0.0900,-2.8000,647022.4500,203488.5760,1.4400,3.2800,0.2167,0.4857,0.8500,5.9484,5.5895,0.8892,0.1638,0.1576,3000000.0000,2985322.0000,1332114.7858,9360000.0000,9314204.6400,2.5641,,0.3312,0.3312,3.3123,7.8233
2013-07-09,3.1200,3.1400,3.1000,3.1100,-0.0100,-0.3200,407967.1500,127101.9820,1.4400,3.2700,0.1367,0.3063,0.5300,5.9294,5.5716,0.8864,0.1633,0.1571,3000000.0000,2985322.0000,1332114.7858,9330000.0000,9284351.4200,2.5723,,0.3365,0.3365,3.3654,7.9487
2013-07-10,3.1000,3.2500,3.1000,3.2300,0.1200,3.8600,834059.8200,263599.6840,1.4900,3.3900,0.2794,0.6261,1.2100,6.1582,5.7866,0.9206,0.1695,0.1632,3000000.0000,2985322.0000,1332114.7858,9690000.0000,9642590.0600,2.4768,,0.3387,0.3387,3.3871,8.0000
2013-07-11,3.2300,3.4200,3.2100,3.3800,0.1500,4.6400,1968443.0800,661102.2410,1.5600,3.5500,0.6594,1.4777,2.8100,6.4441,6.0553,0.9633,0.1774,0.1707,3000000.0000,2985322.0000,1332114.7858,10140000.0000,10090388.3600,2.3669,,0.3251,0.3251,3.2508,7.6780
2013-07-12,3.4100,3.4200,3.2900,3.2900,-0.0900,-2.6600,1045876.6400,351067.7250,1.5200,3.4500,0.3503,0.7851,1.1000,6.2725,5.8941,0.9377,0.1727,0.1662,3000000.0000,2985322.0000,1332114.7858,9870000.0000,9821709.3800,2.4316,,0.3079,0.3079,3.0792,7.2727
2013-07-15,3.3100,3.3600,3.2700,3.3300,0.0400,1.2200,849532.3500,282362.3620,1.5400,3.5000,0.2846,0.6377,0.8700,6.3488,5.9658,0.9491,0.1748,0.1682,3000000.0000,2985322.0000,1332114.7858,9990000.0000,9941122.2600,2.4024,,0.3172,0.3172,3.1722,7.4924
2013-07-16,3.3200,3.3600,3.2400,3.3300,0.0000,0.0000,912919.0700,300055.1190,1.5400,3.5000,0.3058,0.6853,0.8900,6.3488,5.9658,0.9491,0.1748,0.1682,3000000.0000,2985322.0000,1332114.7858,9990000.0000,9941122.2600,2.4024,,0.3163,0.3163,3.1627,7.4699
2013-07-17,3.3200,3.3900,3.2800,3.3300,0.0000,0.0000,1001813.6300,333870.1280,1.5400,3.5000,0.3356,0.7520,0.8900,6.3488,5.9658,0.9491,0.1748,0.1682,3000000.0000,2985322.0000,1332114.7858,9990000.0000,9941122.2600,2.4024,,0.3163,0.3163,3.1627,7.4699
2013-07-18,3.3200,3.3300,3.2700,3.2800,-0.0500,-1.5000,539577.1300,177767.1750,1.5200,3.4400,0.1807,0.4051,0.4700,6.2535,5.8762,0.9348,0.1722,0.1657,3000000.0000,2985322.0000,1332114.7858,9840000.0000,9791856.1600,2.4390,,0.3163,0.3163,3.1627,7.4699
2013-07-19,3.3000,3.3100,3.1800,3.2200,-0.0600,-1.8300,931244.8800,302387.3010,1.4900,3.3800,0.3119,0.6991,1.0700,6.1391,5.7687,0.9177,0.1690,0.1627,3000000.0000,2985322.0000,1332114.7858,9660000.0000,9612736.8400,2.4845,,0.3182,0.3182,3.1818,7.5152
2013-07-22,3.1900,3.2200,3.1700,3.2000,-0.0200,-0.6200,718155.7000,229254.1650,1.4800,3.3600,0.2406,0.5391,0.8500,6.1010,5.7329,0.9120,0.1680,0.1617,3000000.0000,2985322.0000,1332114.7858,9600000.0000,9553030.4000,2.5000,,0.3292,0.3292,3.2915,7.7743
2013-07-23,3.2100,3.3300,3.2000,3.2900,0.0900,2.8100,836088.1700,274308.2530,1.5200,3.4500,0.2801,0.6276,1.0200,6.2725,5.8941,0.9377,0.1727,0.1662,3000000.0000,2985322.0000,1332114.7858,9870000.0000,9821709.3800,2.4316,,0.3271,0.3271,3.2710,7.7259
2013-07-24,3.2700,3.2900,3.1800,3.2600,-0.0300,-0.9100,1127742.4000,363641.2990,1.5100,3.4200,0.3778,0.8466,1.4000,6.2154,5.8404,0.9291,0.1711,0.1647,3000000.0000,2985322.0000,1332114.7858,9780000.0000,9732149.7200,2.4540,,0.3211,0.3211,3.2110,7.5841
2013-07-25,3.1800,3.2100,3.1500,3.1800,-0.0800,-2.4500,668038.9700,212769.2930,1.5200,3.4400,0.2238,0.5015,0.8000,6.0628,5.6970,0.9343,0.1669,0.1606,3000000.0000,2985322.0000,1332114.7858,9540000.0000,9493323.9600,2.5157,3.3019,0.3302,0.3302,3.3019,7.7987
2013-07-26,3.1800,3.2000,3.1500,3.1800,0.0000,0.0000,332843.9200,105600.1910,1.5200,3.4400,0.1115,0.2499,0.3900,6.0628,5.6970,0.9343,0.1669,0.1606,3000000.0000,2985322.0000,1332114.7858,9540000.0000,9493323.9600,2.5157,3.3019,0.3302,0.3302,3.3019,7.7987
2013-07-29,3.1500,3.1600,3.1100,3.1500,-0.0300,-0.9400,741893.8800,231651.0880,1.5000,3.4100,0.2485,0.5569,1.0100,6.0056,5.6433,0.9255,0.1653,0.1591,3000000.0000,2985322.0000,1332114.7858,9450000.0000,9403764.3000,2.5397,3.3333,0.3333,0.3333,3.3333,7.8730
2013-07-30,3.1600,3.2200,3.1400,3.1600,0.0100,0.3200,633976.3400,201320.9330,1.5100,3.4200,0.2124,0.4759,0.8600,6.0247,5.6612,0.9284,0.1659,0.1596,3000000.0000,2985322.0000,1332114.7858,9480000.0000,9433617.5200,2.5316,3.3228,0.3323,0.3323,3.3228,7.8481
2013-07-31,3.2300,3.3100,3.1900,3.2100,0.0500,1.5800,952748.8500,309705.5320,1.5300,3.4800,0.3191,0.7152,1.3600,6.1200,5.7508,0.9431,0.1685,0.1622,3000000.0000,2985322.0000,1332114.7858,9630000.0000,9582883.6200,2.4922,3.2710,0.3251,0.3251,3.2508,7.6780
2013-08-01,3.2300,3.2800,3.2100,3.2600,0.0500,1.5600,783716.6300,254295.0580,1.5600,3.5300,0.2625,0.5883,1.1800,6.2154,5.8404,0.9578,0.1711,0.1647,3000000.0000,2985322.0000,1332114.7858,9780000.0000,9732149.7200,2.4540,3.2209,0.3251,0.3251,3.2508,7.6780
2013-08-02,3.2900,3.3100,3.2400,3.2500,-0.0100,-0.3100,899060.3700,294425.2850,1.5500,3.5200,0.3012,0.6749,1.3000,6.1963,5.8224,0.9548,0.1706,0.1642,3000000.0000,2985322.0000,1332114.7858,9750000.0000,9702296.5000,2.4615,3.2308,0.3191,0.3191,3.1915,7.5380
2013-08-05,3.2500,3.2700,3.1900,3.2700,0.0200,0.6200,913180.9000,294701.2010,1.5600,3.5400,0.3059,0.6855,1.1400,6.2344,5.8583,0.9607,0.1716,0.1652,3000000.0000,2985322.0000,1332114.7858,9810000.0000,9762002.9400,2.4465,3.2110,0.3231,0.3231,3.2308,7.6308
2013-08-06,3.2600,3.2700,3.2100,3.2600,-0.0100,-0.3100,910529.8500,294767.1690,1.5600,3.5300,0.3050,0.6835,1.0900,6.2154,5.8404,0.9578,0.1711,0.1647,3000000.0000,2985322.0000,1332114.7858,9780000.0000,9732149.7200,2.4540,3.2209,0.3221,0.3221,3.2209,7.6074
2013-08-07,3.2600,3.3000,3.2500,3.2500,-0.0100,-0.3100,1000360.5400,327920.9650,1.5500,3.5200,0.3351,0.7510,1.1200,6.1963,5.8224,0.9548,0.1706,0.1642,3000000.0000,2985322.0000,1332114.7858,9750000.0000,9702296.5000,2.4615,3.2308,0.3221,0.3221,3.2209,7.6074
2013-08-08,3.2400,3.2700,3.2100,3.2400,-0.0100,-0.3100,681480.4400,220944.3380,1.5500,3.5100,0.2283,0.5116,0.7600,6.1772,5.8045,0.9519,0.1701,0.1637,3000000.0000,2985322.0000,1332114.7858,9720000.0000,9672443.2800,2.4691,3.2407,0.3241,0.3241,3.2407,7.6543
2013-08-09,3.2400,3.2600,3.1900,3.2200,-0.0200,-0.6200,1091382.5300,350635.6910,1.5400,3.4900,0.3656,0.8193,1.2400,6.1391,5.7687,0.9460,0.1690,0.1627,3000000.0000,2985322.0000,1332114.7858,9660000.0000,9612736.8400,2.4845,3.2609,0.3241,0.3241,3.2407,7.6543
2013-08-12,3.2200,3.3000,3.2100,3.3000,0.0800,2.4800,1513281.9900,494495.2630,1.5700,3.5700,0.5069,1.1360,1.6500,6.2916,5.9120,0.9695,0.1732,0.1667,3000000.0000,2985322.0000,1332114.7858,9900000.0000,9851562.6000,2.4242,3.1818,0.3261,0.3261,3.2609,7.7019
2013-08-13,3.3200,3.3800,3.3100,3.3500,0.0500,1.5200,1547064.8000,517112.1710,1.6000,3.6300,0.5182,1.1614,1.4900,6.3869,6.0016,0.9842,0.1758,0.1692,3000000.0000,2985322.0000,1332114.7858,10050000.0000,10000828.7000,2.3881,3.1343,0.3163,0.3163,3.1627,7.4699
2013-08-14,3.3500,3.3900,3.2900,3.3500,0.0000,0.0000,914983.7100,305946.0370,1.6000,3.6300,0.3065,0.6869,0.7800,6.3869,6.0016,0.9842,0.1758,0.1692,3000000.0000,2985322.0000,1332114.7858,10050000.0000,10000828.7000,2.3881,3.1343,0.3134,0.3134,3.1343,7.4030
2013-08-15,3.3400,3.3600,3.3200,3.3400,-0.0100,-0.3000,553281.1700,184854.5240,1.5900,3.6200,0.1853,0.4153,0.4800,6.3679,5.9837,0.9813,0.1753,0.1687,3000000.0000,2985322.0000,1332114.7858,10020000.0000,9970975.4800,2.3952,3.1437,0.3144,0.3144,3.1437,7.4251
2013-08-16,3.3300,3.6700,3.2900,3.3200,-0.0200,-0.6000,1843827.1800,625239.1070,1.5800,3.6000,0.6176,1.3841,1.6400,6.3297,5.9478,0.9754,0.1743,0.1677,3000000.0000,2985322.0000,1332114.7858,9960000.0000,9911269.0400,2.4096,3.1627,0.3153,0.3153,3.1532,7.4474
2013-08-19,3.3000,3.3400,3.2700,3.3300,0.0100,0.3000,665043.4300,219533.3860,1.5900,3.6100,0.2228,0.4992,0.5200,6.3488,5.9658,0.9783,0.1748,0.1682,3000000.0000,2985322.0000,1332114.7858,9990000.0000,9941122.2600,2.4024,3.1532,0.3182,0.3182,3.1818,7.5152
2013-08-20,3.3200,3.3500,3.2600,3.2700,-0.0600,-1.8000,648570.8700,213830.6460,1.5600,3.5400,0.2173,0.4869,0.5900,6.2344,5.8583,0.9607,0.1716,0.1652,3000000.0000,2985322.0000,1332114.7858,9810000.0000,9762002.9400,2.4465,3.2110,0.3163,0.3163,3.1627,7.4699
2013-08-21,3.2700,3.2800,3.2400,3.2500,-0.0200,-0.6100,518382.6500,168574.9720,1.5500,3.5200,0.1736,0.3891,0.5600,6.1963,5.8224,0.9548,0.1706,0.1642,3000000.0000,2985322.0000,1332114.7858,9750000.0000,9702296.5000,2.4615,3.2308,0.3211,0.3211,3.2110,7.5841
2013-08-22,3.2600,3.2700,3.2200,3.2400,-0.0100,-0.3100,670958.9800,217794.5750,1.5500,3.5100,0.2248,0.5037,0.7900,6.1772,5.8045,0.9519,0.1701,0.1637,3000000.0000,2985322.0000,1332114.7858,9720000.0000,9672443.2800,2.4691,3.2407,0.3221,0.3221,3.2209,7.6074
2013-08-23,3.2500,3.2600,3.1800,3.2100,-0.0300,-0.9300,850730.0900,273396.8650,1.5300,3.4800,0.2850,0.6386,0.9800,6.1200,5.7508,0.9431,0.1685,0.1622,3000000.0000,2985322.0000,1332114.7858,9630000.0000,9582883.6200,2.4922,3.2710,0.3231,0.3231,3.2308,7.6308
2013-08-26,3.2100,3.2500,3.1800,3.2400,0.0300,0.9300,922726.8800,297327.0800,1.5500,3.5100,0.3091,0.6927,1.3800,6.1772,5.8045,0.9519,0.1701,0.1637,3000000.0000,2985322.0000,1332114.7858,9720000.0000,9672443.2800,2.4691,3.2407,0.3271,0.3271,3.2710,7.7259
2013-08-27,3.2300,3.2400,3.2100,3.2400,0.0000,0.0000,489614.9300,157958.3410,1.5500,3.5100,0.1640,0.3675,0.6800,6.1772,5.8045,0.9519,0.1701,0.1637,3000000.0000,2985322.0000,1332114.7858,9720000.0000,9672443.2800,2.4691,3.2407,0.3251,0.3251,3.2508,7.6780
2013-08-28,3.2200,3.2400,3.1900,3.2300,-0.0100,-0.3100,792636.4300,254876.1840,1.5400,3.5000,0.2655,0.5950,1.1500,6.1582,5.7866,0.9490,0.1695,0.1632,3000000.0000,2985322.0000,1332114.7858,9690000.0000,9642590.0600,2.4768,3.2508,0.3261,0.3261,3.2609,7.7019
2013-08-29,3.2400,3.2400,3.1900,3.2200,-0.0100,-0.3100,717066.2500,230259.6520,1.5400,3.4900,0.2402,0.5383,0.9600,6.1391,5.5675,0.9050,0.1690,0.1558,3000000.0000,2985322.0000,1332114.7858,9660000.0000,9612736.8400,2.4845,3.2609,0.3241,0.3241,3.2407,7.6543
2013-08-30,3.2100,3.2300,3.1900,3.2100,-0.0100,-0.3100,802675.7900,257732.5690,1.5300,3.4800,0.2689,0.6026,1.0600,6.1200,5.5502,0.9022,0.1685,0.1553,3000000.0000,2985322.0000,1332114.7858,9630000.0000,9582883.6200,2.4922,3.2710,0.3271,0.3271,3.2710,7.7259
2013-09-02,3.2200,3.2300,3.1600,3.1900,-0.0200,-0.6200,1597062.6800,508257.7380,1.5200,3.4500,0.5350,1.1989,2.1400,6.0819,5.5156,0.8966,0.1674,0.1544,3000000.0000,2985322.0000,1332114.7858,9570000.0000,9523177.1800,2.5078,3.2915,0.3261,0.3261,3.2609,7.7019
2013-09-03,3.1900,3.2400,3.1800,3.2300,0.0400,1.2500,1072357.2900,344087.2890,1.5400,3.5000,0.3592,0.8050,1.2200,6.1582,5.5848,0.9078,0.1695,0.1563,3000000.0000,2985322.0000,1332114.7858,9690000.0000,9642590.0600,2.4768,3.2508,0.3292,0.3292,3.2915,7.7743
2013-09-04,3.2200,3.2300,3.2000,3.2200,-0.0100,-0.3100,815222.1400,261859.8190,1.5400,3.4900,0.2731,0.6120,0.8200,6.1391,5.5675,0.9050,0.1690,0.1558,3000000.0000,2985322.0000,1332114.7858,9660000.0000,9612736.8400,2.4845,3.2609,0.3261,0.3261,3.2609,7.7019
2013-09-05,3.2200,3.2300,3.1900,3.2000,-0.0200,-0.6200,493050.9900,158204.1090,1.5300,3.4700,0.1652,0.3701,0.4900,6.1010,5.5329,0.8994,0.1680,0.1548,3000000.0000,2985322.0000,1332114.7858,9600000.0000,9553030.4000,2.5000,3.2813,0.3261,0.3261,3.2609,7.7019
2013-09-06,3.2000,3.2100,3.1800,3.2000,0.0000,0.0000,684691.1900,218976.9760,1.5300,3.4700,0.2294,0.5140,0.7200,6.1010,5.5329,0.8994,0.1680,0.1548,3000000.0000,2985322.0000,1332114.7858,9600000.0000,9553030.4000,2.5000,3.2813,0.3281,0.3281,3.2812,7.7500
2013-09-09,3.2100,3.3200,3.2000,3.3000,0.1000,3.1200,2512827.8300,822024.8000,1.5700,3.5700,0.8417,1.8863,2.6900,6.2916,5.7058,0.9275,0.1732,0.1597,3000000.0000,2985322.0000,1332114.7858,9900000.0000,9851562.6000,2.4242,3.1818,0.3271,0.3271,3.2710,7.7259
2013-09-10,3.3200,3.3900,3.2900,3.3700,0.0700,2.1200,1866856.0200,625047.2710,1.6100,3.6500,0.6253,1.4014,1.6700,6.4251,5.8268,0.9471,0.1769,0.1631,3000000.0000,2985322.0000,1332114.7858,10110000.0000,10060535.1400,2.3739,3.1157,0.3163,0.3163,3.1627,7.4699
2013-09-11,3.3800,3.5500,3.3700,3.4300,0.0600,1.7800,2388855.7500,825302.4040,1.6400,3.7100,0.8002,1.7933,1.8700,6.5395,5.9306,0.9640,0.1800,0.1660,3000000.0000,2985322.0000,1332114.7858,10290000.0000,10239654.4600,2.3324,3.0612,0.3107,0.3107,3.1065,7.3373
2013-09-12,3.4300,3.4500,3.3700,3.4200,-0.0100,-0.2900,1298171.9900,441857.4800,1.6300,3.7000,0.4349,0.9745,0.8200,6.5204,5.9133,0.9612,0.1795,0.1655,3000000.0000,2985322.0000,1332114.7858,10260000.0000,10209801.2400,2.3392,3.0702,0.3061,0.3061,3.0612,7.2303
2013-09-13,3.4100,3.4600,3.3800,3.3800,-0.0400,-1.1700,859769.7200,292980.4300,1.6100,3.6600,0.2880,0.6454,0.4900,6.4441,5.8441,0.9500,0.1774,0.1636,3000000.0000,2985322.0000,1332114.7858,10140000.0000,10090388.3600,2.3669,3.1065,0.3079,0.3079,3.0792,7.2727
2013-09-16,3.4100,3.4200,3.3600,3.3600,-0.0200,-0.5900,687087.0900,232654.5630,1.6000,3.6400,0.2302,0.5158,0.3800,6.4060,5.8096,0.9443,0.1764,0.1626,3000000.0000,2985322.0000,1332114.7858,10080000.0000,10030681.9200,2.3810,3.1250,0.3079,0.3079,3.0792,7.2727
2013-09-17,3.3700,3.3800,3.2900,3.2900,-0.0700,-2.0800,882884.0700,293359.2620,1.5700,3.5600,0.2957,0.6628,0.6200,6.2725,5.6885,0.9247,0.1727,0.1592,3000000.0000,2985322.0000,1332114.7858,9870000.0000,9821709.3800,2.4316,3.1915,0.3116,0.3116,3.1157,7.3591
2013-09-18,3.3000,3.3200,3.2600,3.2800,-0.0100,-0.3000,651118.3000,214500.5480,1.5700,3.5500,0.2181,0.4888,0.5300,6.2535,5.6712,0.9219,0.1722,0.1587,3000000.0000,2985322.0000,1332114.7858,9840000.0000,9791856.1600,2.4390,3.2012,0.3182,0.3182,3.1818,7.5152
2013-09-23,3.3000,3.3300,3.2900,3.3200,0.0400,1.2200,629082.4900,208090.4520,1.5800,3.6000,0.2107,0.4722,0.7200,6.3297,5.7404,0.9331,0.1743,0.1607,3000000.0000,2985322.0000,1332114.7858,9960000.0000,9911269.0400,2.4096,3.1627,0.3182,0.3182,3.1818,7.5152
2013-09-24,3.3300,3.3400,3.2600,3.2900,-0.0300,-0.9000,858941.8300,282187.5890,1.5700,3.5600,0.2877,0.6448,1.1600,6.2725,5.6885,0.9247,0.1727,0.1592,3000000.0000,2985322.0000,1332114.7858,9870000.0000,9821709.3800,2.4316,3.1915,0.3153,0.3153,3.1532,7.4474
2013-09-25,3.2900,3.3000,3.2500,3.2600,-0.0300,-0.9100,609685.7700,199783.1850,1.5600,3.5300,0.2042,0.4577,0.8200,6.2154,5.6367,0.9162,0.1711,0.1578,3000000.0000,2985322.0000,1332114.7858,9780000.0000,9732149.7200,2.4540,3.2209,0.3191,0.3191,3.1915,7.5380
2013-09-26,3.2500,3.2700,3.2000,3.2000,-0.0600,-1.8400,787723.4200,254204.6420,1.5300,3.4700,0.2639,0.5913,1.0800,6.1010,5.5329,0.8994,0.1680,0.1548,3000000.0000,2985322.0000,1332114.7858,9600000.0000,9553030.4000,2.5000,3.2813,0.3231,0.3231,3.2308,7.6308
2013-09-27,3.2100,3.2200,3.1800,3.2000,0.0000,0.0000,564993.1300,180725.8040,1.5300,3.4700,0.1893,0.4241,0.8000,6.1010,5.5329,0.8994,0.1680,0.1548,3000000.0000,2985322.0000,1332114.7858,9600000.0000,9553030.4000,2.5000,3.2813,0.3271,0.3271,3.2710,7.7259
2013-09-30,3.2000,3.2300,3.2000,3.2200,0.0200,0.6300,376055.9300,120804.6330,1.5400,3.4900,0.1260,0.2853,0.5400,6.1391,5.5675,0.9050,0.1690,0.1558,3000000.0000,2985322.0000,1318071.9975,9660000.0000,9612736.8400,2.4845,3.2609,0.3281,0.3281,3.2812,7.7500
2013-10-08,3.2100,3.2800,3.2000,3.2700,0.0500,1.5500,758431.8000,246216.2350,1.5600,3.5400,0.2541,0.5754,1.1900,6.2344,5.6539,0.9190,0.1716,0.1582,3000000.0000,2985322.0000,1318071.9975,9810000.0000,9762002.9400,2.4465,3.2110,0.3271,0.3271,3.2710,7.7259
2013-10-09,3.2500,3.2800,3.2200,3.2600,-0.0100,-0.3100,651008.0000,211510.8950,1.5600,3.5300,0.2181,0.4939,1.0500,6.2154,5.6367,0.9162,0.1711,0.1578,3000000.0000,2985322.0000,1318071.9975,9780000.0000,9732149.7200,2.4540,3.2209,0.3231,0.3231,3.2308,7.6308
2013-10-10,3.2600,3.2700,3.2100,3.2300,-0.0300,-0.9200,552177.1000,178444.3940,1.5400,3.5000,0.1850,0.4189,0.8800,6.1582,5.5848,0.9078,0.1695,0.1563,3000000.0000,2985322.0000,1318071.9975,9690000.0000,9642590.0600,2.4768,3.2508,0.3221,0.3221,3.2209,7.6074
2013-10-11,3.2500,3.2800,3.2300,3.2700,0.0400,1.2400,682278.8300,222098.6620,1.5600,3.5400,0.2285,0.5176,1.1800,6.2344,5.6539,0.9190,0.1716,0.1582,3000000.0000,2985322.0000,1318071.9975,9810000.0000,9762002.9400,2.4465,3.2110,0.3231,0.3231,3.2308,7.6308
2013-10-14,3.2800,3.3500,3.2600,3.3100,0.0400,1.2200,1308073.0100,433588.0210,1.5800,3.5800,0.4382,0.9924,2.1700,6.3107,5.7231,0.9303,0.1737,0.1602,3000000.0000,2985322.0000,1318071.9975,9930000.0000,9881415.8200,2.4169,3.1722,0.3201,0.3201,3.2012,7.5610
2013-10-15,3.3100,3.3100,3.2600,3.2700,-0.0400,-1.2100,728895.1100,239241.4440,1.5600,3.5400,0.2442,0.5530,0.9200,6.2344,5.6539,0.9190,0.1716,0.1582,3000000.0000,2985322.0000,1318071.9975,9810000.0000,9762002.9400,2.4465,3.2110,0.3172,0.3172,3.1722,7.4924
2013-10-16,3.2800,3.2800,3.2100,3.2300,-0.0400,-1.2200,614291.9700,198740.5600,1.5400,3.5000,0.2058,0.4661,0.7800,6.1582,5.5848,0.9078,0.1695,0.1563,3000000.0000,2985322.0000,1318071.9975,9690000.0000,9642590.0600,2.4768,3.2508,0.3201,0.3201,3.2012,7.5610
2013-10-17,3.2300,3.2700,3.2300,3.2400,0.0100,0.3100,572669.1500,185871.9920,1.5500,3.5100,0.1918,0.4345,0.7400,6.1772,5.6021,0.9106,0.1701,0.1568,3000000.0000,2985322.0000,1318071.9975,9720000.0000,9672443.2800,2.4691,3.2407,0.3251,0.3251,3.2508,7.6780
2013-10-18,3.2400,3.2600,3.2100,3.2300,-0.0100,-0.3100,554766.2400,179385.8630,1.5400,3.5000,0.1858,0.4209,0.7100,6.1582,5.5848,0.9078,0.1695,0.1563,3000000.0000,2985322.0000,1318071.9975,9690000.0000,9642590.0600,2.4768,3.2508,0.3241,0.3241,3.2407,7.6543
2013-10-21,3.2400,3.2600,3.2100,3.2600,0.0300,0.9300,546801.1900,176929.7110,1.5600,3.5300,0.1832,0.4148,0.7200,6.2154,5.6367,0.9162,0.1711,0.1578,3000000.0000,2985322.0000,1318071.9975,9780000.0000,9732149.7200,2.4540,3.2209,0.3241,0.3241,3.2407,7.6543
2013-10-22,3.2600,3.2700,3.2200,3.2400,-0.0200,-0.6100,569172.2500,184416.5260,1.5500,3.5100,0.1907,0.4318,0.9400,6.1772,5.6021,0.9106,0.1701,0.1568,3000000.0000,2985322.0000,1318071.9975,9720000.0000,9672443.2800,2.4691,3.2407,0.3221,0.3221,3.2209,7.6074
2013-10-23,3.2500,3.2800,3.2200,3.2400,0.0000,0.0000,733943.8700,238305.4800,1.5500,3.5100,0.2459,0.5568,1.2800,6.1772,5.6021,0.9106,0.1701,0.1568,3000000.0000,2985322.0000,1318071.9975,9720000.0000,9672443.2800,2.4691,3.2407,0.3231,0.3231,3.2308,7.6308
2013-10-24,3.2300,3.2300,3.2000,3.2100,-0.0300,-0.9300,566339.9600,182043.1920,1.5300,3.4800,0.1897,0.4297,0.9500,6.1200,5.5502,0.9022,0.1685,0.1553,3000000.0000,2985322.0000,1318071.9975,9630000.0000,9582883.6200,2.4922,3.2710,0.3251,0.3251,3.2508,7.6780
2013-10-25,3.2100,3.2300,3.1800,3.1900,-0.0200,-0.6200,644248.3800,206187.5600,1.5200,3.4500,0.2158,0.4888,1.0800,6.0819,5.5156,0.8966,0.1674,0.1544,3000000.0000,2985322.0000,1318071.9975,9570000.0000,9523177.1800,2.5078,3.2915,0.3271,0.3271,3.2710,7.7259
2013-10-28,3.1900,3.2100,3.1700,3.2100,0.0200,0.6300,418370.2300,133362.2960,1.5300,3.4800,0.1401,0.3174,0.6800,6.1200,5.5502,0.9022,0.1685,0.1553,3000000.0000,2985322.0000,1318071.9975,9630000.0000,9582883.6200,2.4922,3.2710,0.3292,0.3292,3.2915,7.7743
2013-10-29,3.2100,3.2600,3.1900,3.2200,0.0100,0.3100,947347.9600,305375.2130,1.5400,3.4900,0.3173,0.7187,1.6200,6.1391,5.2283,0.8658,0.1690,0.1469,3000000.0000,2985322.0000,1318071.9975,9660000.0000,9612736.8400,2.4845,3.2609,0.3271,0.3271,3.2710,7.7259
2013-10-30,3.2200,3.2700,3.2000,3.2600,0.0400,1.2400,947346.8600,307541.0720,1.5600,3.5300,0.3173,0.7187,1.4300,6.2154,5.2932,0.8766,0.1711,0.1487,3000000.0000,2985322.0000,1318071.9975,9780000.0000,9732149.7200,2.4540,3.2209,0.3261,0.3261,3.2609,7.7019
2013-10-31,3.3000,3.3600,3.2700,3.3000,0.0400,1.2300,1510382.0500,501510.6900,1.5700,3.5700,0.5059,1.1459,2.1400,6.2916,5.3582,0.8874,0.1732,0.1506,3000000.0000,2985322.0000,1318071.9975,9900000.0000,9851562.6000,2.4242,3.1818,0.3182,0.3182,3.1818,7.5152
2013-11-01,3.3100,3.3400,3.3000,3.3200,0.0200,0.6100,721530.0300,239799.4790,1.5800,3.6000,0.2417,0.5474,0.8100,6.3297,5.3906,0.8927,0.1743,0.1515,3000000.0000,2985322.0000,1318071.9975,9960000.0000,9911269.0400,2.4096,3.1627,0.3172,0.3172,3.1722,7.4924
2013-11-04,3.3400,3.3500,3.2900,3.3100,-0.0100,-0.3000,520389.7500,172562.1160,1.5800,3.5800,0.1743,0.3948,0.5700,6.3107,5.3744,0.8900,0.1737,0.1510,3000000.0000,2985322.0000,1318071.9975,9930000.0000,9881415.8200,2.4169,3.1722,0.3144,0.3144,3.1437,7.4251
2013-11-05,3.2900,3.3000,3.2600,3.3000,-0.0100,-0.3000,594771.3800,195249.4490,1.5700,3.5700,0.1992,0.4512,0.6400,6.2916,5.3582,0.8874,0.1732,0.1506,3000000.0000,2985322.0000,1318071.9975,9900000.0000,9851562.6000,2.4242,3.1818,0.3191,0.3191,3.1915,7.5380
2013-11-06,3.2900,3.3000,3.2400,3.2400,-0.0600,-1.8200,662633.4300,216496.8450,1.5500,3.5100,0.2220,0.5027,0.7700,6.1772,5.2607,0.8712,0.1701,0.1478,3000000.0000,2985322.0000,1318071.9975,9720000.0000,9672443.2800,2.4691,3.2407,0.3191,0.3191,3.1915,7.5380
2013-11-07,3.2500,3.2500,3.2200,3.2500,0.0100,0.3100,453234.4100,146669.5720,1.5500,3.5200,0.1518,0.3439,0.5700,6.1963,5.2770,0.8739,0.1706,0.1483,3000000.0000,2985322.0000,1318071.9975,9750000.0000,9702296.5000,2.4615,3.2308,0.3231,0.3231,3.2308,7.6308
2013-11-08,3.2400,3.2600,3.2200,3.2300,-0.0200,-0.6200,388765.7800,125936.3120,1.5400,3.5000,0.1302,0.2950,0.6600,6.1582,5.2445,0.8685,0.1695,0.1474,3000000.0000,2985322.0000,1318071.9975,9690000.0000,9642590.0600,2.4768,3.2508,0.3241,0.3241,3.2407,7.6543
2013-11-11,3.2300,3.2400,3.2100,3.2400,0.0100,0.3100,425813.8400,137146.7720,1.5500,3.5100,0.1426,0.3231,0.8100,6.1772,5.2607,0.8712,0.1701,0.1478,3000000.0000,2985322.0000,1318071.9975,9720000.0000,9672443.2800,2.4691,3.2407,0.3251,0.3251,3.2508,7.6780
2013-11-12,3.2500,3.2600,3.2200,3.2600,0.0200,0.6200,582585.8000,189094.6000,1.5600,3.5300,0.1952,0.4420,1.1500,6.2154,5.2932,0.8766,0.1711,0.1487,3000000.0000,2985322.0000,1318071.9975,9780000.0000,9732149.7200,2.4540,3.2209,0.3231,0.3231,3.2308,7.6308
2013-11-13,3.2500,3.2500,3.1900,3.2000,-0.0600,-1.8400,661836.5900,212640.4160,1.5300,3.4700,0.2217,0.5021,1.3200,6.1010,5.1958,0.8605,0.1680,0.1460,3000000.0000,2985322.0000,1318071.9975,9600000.0000,9553030.4000,2.5000,3.2813,0.3231,0.3231,3.2308,7.6308
2013-11-14,3.2100,3.2200,3.1900,3.2000,0.0000,0.0000,692460.4200,221565.3960,1.5300,3.4700,0.2320,0.5254,1.3800,6.1010,5.1958,0.8605,0.1680,0.1460,3000000.0000,2985322.0000,1318071.9975,9600000.0000,9553030.4000,2.5000,3.2813,0.3271,0.3271,3.2710,7.7259
2013-11-15,3.2000,3.2900,3.1900,3.2600,0.0600,1.8700,1256534.7500,408630.4720,1.5600,3.5300,0.4209,0.9533,2.2800,6.2154,5.2932,0.8766,0.1711,0.1487,3000000.0000,2985322.0000,1318071.9975,9780000.0000,9732149.7200,2.4540,3.2209,0.3281,0.3281,3.2812,7.7500
2013-11-18,3.2700,3.3400,3.2500,3.3300,0.0700,2.1500,1528360.5700,503561.3630,1.5900,3.6100,0.5120,1.1595,2.1100,6.3488,5.4069,0.8954,0.1748,0.1519,3000000.0000,2985322.0000,1318071.9975,9990000.0000,9941122.2600,2.4024,3.1532,0.3211,0.3211,3.2110,7.5841
2013-11-19,3.3300,3.3400,3.2900,3.3100,-0.0200,-0.6000,994103.3500,328958.0770,1.5800,3.5800,0.3330,0.7542,1.0500,6.3107,5.3744,0.8900,0.1737,0.1510,3000000.0000,2985322.0000,1318071.9975,9930000.0000,9881415.8200,2.4169,3.1722,0.3153,0.3153,3.1532,7.4474
2013-11-20,3.3200,3.3400,3.2800,3.3100,0.0000,0.0000,706037.7200,233284.9540,1.5800,3.5800,0.2365,0.5357,0.6900,6.3107,5.3744,0.8900,0.1737,0.1510,3000000.0000,2985322.0000,1318071.9975,9930000.0000,9881415.8200,2.4169,3.1722,0.3163,0.3163,3.1627,7.4699
2013-11-21,3.2900,3.2900,3.2500,3.2800,-0.0300,-0.9100,727919.5200,237968.4850,1.5700,3.5500,0.2438,0.5523,0.7000,6.2535,5.3257,0.8820,0.1722,0.1497,3000000.0000,2985322.0000,1318071.9975,9840000.0000,9791856.1600,2.4390,3.2012,0.3191,0.3191,3.1915,7.5380
2013-11-22,3.2700,3.2900,3.2500,3.2600,-0.0200,-0.6100,512116.3600,167281.1490,1.5600,3.5300,0.1715,0.3885,0.4900,6.2154,5.2932,0.8766,0.1711,0.1487,3000000.0000,2985322.0000,1318071.9975,9780000.0000,9732149.7200,2.4540,3.2209,0.3211,0.3211,3.2110,7.5841
2013-11-25,3.2500,3.2700,3.2400,3.2500,-0.0100,-0.3100,485274.3200,157892.9910,1.5500,3.5200,0.1626,0.3682,0.5400,6.1963,5.2770,0.8739,0.1706,0.1483,3000000.0000,2985322.0000,1318071.9975,9750000.0000,9702296.5000,2.4615,3.2308,0.3231,0.3231,3.2308,7.6308
2013-11-26,3.2600,3.2700,3.2400,3.2600,0.0100,0.3100,336045.3100,109349.5550,1.5600,3.5300,0.1126,0.2550,0.4900,6.2154,5.2932,0.8766,0.1711,0.1487,3000000.0000,2985322.0000,1318071.9975,9780000.0000,9732149.7200,2.4540,3.2209,0.3221,0.3221,3.2209,7.6074
2013-11-27,3.2500,3.2700,3.2200,3.2500,-0.0100,-0.3100,797272.5500,258623.6770,1.5500,3.5200,0.2671,0.6049,1.4400,6.1963,5.2770,0.8739,0.1706,0.1483,3000000.0000,2985322.0000,1318071.9975,9750000.0000,9702296.5000,2.4615,3.2308,0.3231,0.3231,3.2308,7.6308
2013-11-28,3.2500,3.3100,3.2500,3.2900,0.0400,1.2300,997833.8600,327602.4060,1.5700,3.5600,0.3342,0.7570,1.7500,6.2725,5.3419,0.8847,0.1727,0.1501,3000000.0000,2985322.0000,1318071.9975,9870000.0000,9821709.3800,2.4316,3.1915,0.3231,0.3231,3.2308,7.6308
2013-11-29,3.2900,3.2900,3.2600,3.2800,-0.0100,-0.3000,442022.9700,144714.1160,1.5700,3.5500,0.1481,0.3354,0.7100,6.2535,5.3257,0.8820,0.1722,0.1497,3000000.0000,2985322.0000,1318071.9975,9840000.0000,9791856.1600,2.4390,3.2012,0.3191,0.3191,3.1915,7.5380
2013-12-02,3.2700,3.3200,3.2600,3.3100,0.0300,0.9100,1508923.4200,497154.8510,1.5800,3.5800,0.5054,1.1448,2.4700,6.3107,5.3744,0.8900,0.1737,0.1510,3000000.0000,2985322.0000,1318071.9975,9930000.0000,9881415.8200,2.4169,3.1722,0.3211,0.3211,3.2110,7.5841
2013-12-03,3.3000,3.3400,3.2800,3.3200,0.0100,0.3000,974957.8600,323156.0000,1.5800,3.6000,0.3266,0.7397,1.1900,6.3297,5.3906,0.8927,0.1743,0.1515,3000000.0000,2985322.0000,1318071.9975,9960000.0000,9911269.0400,2.4096,3.1627,0.3182,0.3182,3.1818,7.5152
2013-12-04,3.3200,3.5200,3.3100,3.4600,0.1400,4.2200,3623345.0600,1247824.4630,1.6500,3.7500,1.2137,2.7490,3.8400,6.5967,5.6179,0.9304,0.1816,0.1579,3000000.0000,2985322.0000,1318071.9975,10380000.0000,10329214.1200,2.3121,3.0347,0.3163,0.3163,3.1627,7.4699
2013-12-05,3.4700,3.5000,3.4100,3.4200,-0.0400,-1.1600,1173799.3000,404461.7270,1.6300,3.7000,0.3932,0.8905,0.7800,6.5204,5.5530,0.9196,0.1795,0.1560,3000000.0000,2985322.0000,1318071.9975,10260000.0000,10209801.2400,2.3392,3.0702,0.3026,0.3026,3.0259,7.1470
2013-12-06,3.4500,3.4800,3.3900,3.4400,0.0200,0.5800,1391351.7200,476206.3100,1.6400,3.7300,0.4661,1.0556,0.9000,6.5585,5.5855,0.9250,0.1806,0.1570,3000000.0000,2985322.0000,1318071.9975,10320000.0000,10269507.6800,2.3256,3.0523,0.3043,0.3043,3.0435,7.1884
2013-12-09,3.4600,3.5100,3.4300,3.4800,0.0400,1.1600,1292201.6300,448022.0020,1.6600,3.7700,0.4329,0.9804,0.7500,6.6348,5.6504,0.9358,0.1827,0.1588,3000000.0000,2985322.0000,1318071.9975,10440000.0000,10388920.5600,2.2989,3.0172,0.3035,0.3035,3.0347,7.1676
2013-12-10,3.4800,3.5000,3.4300,3.4600,-0.0200,-0.5700,722387.0400,249930.9680,1.6500,3.7500,0.2420,0.5481,0.4300,6.5967,5.6179,0.9304,0.1816,0.1579,3000000.0000,2985322.0000,1318071.9975,10380000.0000,10329214.1200,2.3121,3.0347,0.3017,0.3017,3.0172,7.1264
2013-12-11,3.4400,3.4700,3.3800,3.3900,-0.0700,-2.0200,974257.7800,332806.7380,1.6200,3.6700,0.3263,0.7392,0.5900,6.4632,5.5043,0.9116,0.1779,0.1547,3000000.0000,2985322.0000,1318071.9975,10170000.0000,10120241.5800,2.3599,3.0973,0.3052,0.3052,3.0523,7.2093
2013-12-12,3.4000,3.4100,3.3600,3.4000,0.0100,0.2900,643082.0000,217759.2240,1.6200,3.6800,0.2154,0.4879,0.5800,6.4823,5.5205,0.9142,0.1785,0.1551,3000000.0000,2985322.0000,1318071.9975,10200000.0000,10150094.8000,2.3529,3.0882,0.3088,0.3088,3.0882,7.2941
2013-12-13,3.3700,3.4100,3.3500,3.3900,-0.0100,-0.2900,771824.2800,260684.8470,1.6200,3.6700,0.2585,0.5856,0.7700,6.4632,5.5043,0.9116,0.1779,0.1547,3000000.0000,2985322.0000,1318071.9975,10170000.0000,10120241.5800,2.3599,3.0973,0.3116,0.3116,3.1157,7.3591
2013-12-16,3.3800,3.4100,3.2900,3.3000,-0.0900,-2.6500,1035898.0700,345974.6180,1.5700,3.5700,0.3470,0.7859,1.1800,6.2916,5.3582,0.8874,0.1732,0.1506,3000000.0000,2985322.0000,1318071.9975,9900000.0000,9851562.6000,2.4242,3.1818,0.3107,0.3107,3.1065,7.3373
2013-12-17,3.3000,3.3200,3.2600,3.2800,-0.0200,-0.6100,716493.6000,235100.4570,1.5700,3.5500,0.2400,0.5436,0.8600,6.2535,5.3257,0.8820,0.1722,0.1497,3000000.0000,2985322.0000,1318071.9975,9840000.0000,9791856.1600,2.4390,3.2012,0.3182,0.3182,3.1818,7.5152
2013-12-18,3.2700,3.2900,3.2700,3.2900,0.0100,0.3000,347328.6500,113893.8000,1.5700,3.5600,0.1163,0.2635,0.4200,6.2725,5.3419,0.8847,0.1727,0.1501,3000000.0000,2985322.0000,1318071.9975,9870000.0000,9821709.3800,2.4316,3.1915,0.3211,0.3211,3.2110,7.5841
2013-12-19,3.3000,3.3100,3.2600,3.2700,-0.0200,-0.6100,650571.2300,214125.5320,1.5600,3.5400,0.2179,0.4936,0.9300,6.2344,5.3094,0.8793,0.1716,0.1492,3000000.0000,2985322.0000,1318071.9975,9810000.0000,9762002.9400,2.4465,3.2110,0.3182,0.3182,3.1818,7.5152
2013-12-20,3.2800,3.2800,3.1500,3.1700,-0.1000,-3.0600,1295075.9600,416289.6030,1.5100,3.4300,0.4338,0.9826,1.8400,6.0438,5.1471,0.8524,0.1664,0.1446,3000000.0000,2985322.0000,1318071.9975,9510000.0000,9463470.7400,2.5237,3.3123,0.3201,0.3201,3.2012,7.5610
2013-12-23,3.1900,3.2000,3.1600,3.1800,0.0100,0.3200,484875.1100,154253.0900,1.5200,3.4400,0.1624,0.3679,0.6000,6.0628,5.1633,0.8551,0.1669,0.1451,3000000.0000,2985322.0000,1318071.9975,9540000.0000,9493323.9600,2.5157,3.3019,0.3292,0.3292,3.2915,7.7743
2013-12-24,3.1900,3.2100,3.1600,3.1800,0.0000,0.0000,592003.0300,188590.0710,1.5200,3.4400,0.1983,0.4491,0.8500,6.0628,5.1633,0.8551,0.1669,0.1451,3000000.0000,2985322.0000,1318071.9975,9540000.0000,9493323.9600,2.5157,3.3019,0.3292,0.3292,3.2915,7.7743
2013-12-25,3.1800,3.1900,3.1600,3.1800,0.0000,0.0000,526056.0000,166979.9980,1.5200,3.4400,0.1762,0.3991,0.7800,6.0628,5.1633,0.8551,0.1669,0.1451,3000000.0000,2985322.0000,1318071.9975,9540000.0000,9493323.9600,2.5157,3.3019,0.3302,0.3302,3.3019,7.7987
2013-12-26,3.1700,3.1800,3.0900,3.0900,-0.0900,-2.8300,947860.2300,296125.1610,1.4700,3.3500,0.3175,0.7191,1.3400,5.8912,5.0172,0.8309,0.1622,0.1410,3000000.0000,2985322.0000,1318071.9975,9270000.0000,9224644.9800,2.5890,3.3981,0.3312,0.3312,3.3123,7.8233
2013-12-27,3.1000,3.1500,3.0700,3.1400,0.0500,1.6200,889183.7400,277161.9660,1.5000,3.4000,0.2979,0.6746,1.1600,5.9866,5.0984,0.8443,0.1648,0.1433,3000000.0000,2985322.0000,1318071.9975,9420000.0000,9373911.0800,2.5478,3.3439,0.3387,0.3387,3.3871,8.0000
2013-12-30,3.1500,3.1600,3.1000,3.1000,-0.0400,-1.2700,663999.1000,207068.4680,1.4800,3.3600,0.2224,0.5038,0.9700,5.9103,5.0334,0.8336,0.1627,0.1414,3000000.0000,2985322.0000,1318071.9975,9300000.0000,9254498.2000,2.5806,3.3871,0.3333,0.3333,3.3333,7.8730
2013-12-31,3.1000,3.1400,3.0900,3.1400,0.0400,1.2900,622373.9000,194041.2140,1.5000,3.4000,0.2085,0.4722,0.8600,5.9866,5.0984,0.8443,0.1648,0.1433,3000000.0000,2985322.0000,1318071.9975,9420000.0000,9373911.0800,2.5478,3.3439,0.3387,0.3387,3.3871,8.0000
2014-01-02,3.1300,3.1500,3.1000,3.1300,-0.0100,-0.3200,875378.2200,272970.7950,1.4900,3.3900,0.2932,0.6641,1.2000,5.9675,5.0821,0.8416,0.1643,0.1428,3000000.0000,2985322.0000,1318071.9975,9390000.0000,9344057.8600,3.3546,3.3546,0.4569,0.4569,4.5687,10.0639
2014-01-03,3.1200,3.1300,3.0700,3.0800,-0.0500,-1.6000,798673.8900,246413.4360,1.4700,3.3400,0.2675,0.6059,1.0000,5.8722,5.0009,0.8282,0.1617,0.1405,3000000.0000,2985322.0000,1318071.9975,9240000.0000,9194791.7600,3.4091,3.4091,0.4583,0.4583,4.5833,10.0962
2014-01-06,3.0700,3.0800,3.0100,3.0300,-0.0500,-1.6200,1029697.6000,312202.6930,1.4500,3.2800,0.3449,0.7812,1.3400,5.7768,4.9198,0.8148,0.1591,0.1383,3000000.0000,2985322.0000,1318071.9975,9090000.0000,9045525.6600,3.4653,3.4653,0.4658,0.4658,4.6580,10.2606
2014-01-07,3.0400,3.0500,3.0200,3.0400,0.0100,0.3300,511165.8400,155020.6380,1.4500,3.2900,0.1712,0.3884,0.6400,5.7959,4.9360,0.8174,0.1596,0.1387,3000000.0000,2985322.0000,1316065.9113,9120000.0000,9075378.8800,3.4539,3.4539,0.4704,0.4704,4.7039,10.3618
2014-01-08,3.0400,3.0500,3.0000,3.0100,-0.0300,-0.9900,679819.6000,205523.9290,1.4400,3.2600,0.2277,0.5166,0.8900,5.7387,4.8873,0.8094,0.1580,0.1373,3000000.0000,2985322.0000,1316065.9113,9030000.0000,8985819.2200,3.4884,3.4884,0.4704,0.4704,4.7039,10.3618
2014-01-09,3.0200,3.0400,3.0000,3.0100,0.0000,0.0000,549387.9500,165889.1960,1.4400,3.2600,0.1840,0.4174,0.7100,5.7387,4.8873,0.8094,0.1580,0.1373,3000000.0000,2985322.0000,1316065.9113,9030000.0000,8985819.2200,3.4884,3.4884,0.4735,0.4735,4.7351,10.4305
2014-01-10,3.0100,3.0200,2.9700,2.9800,-0.0300,-1.0000,758758.1400,226745.0670,1.4200,3.2300,0.2542,0.5765,1.0600,5.6815,4.8386,0.8013,0.1564,0.1360,3000000.0000,2985322.0000,1316065.9113,8940000.0000,8896259.5600,3.5235,3.5235,0.4751,0.4751,4.7508,10.4651
2014-01-13,2.9900,3.0100,2.9300,2.9500,-0.0300,-1.0100,750488.3300,222505.9070,1.4100,3.1900,0.2514,0.5703,1.0600,5.6243,4.7899,0.7932,0.1549,0.1346,3000000.0000,2985322.0000,1316065.9113,8850000.0000,8806699.9000,3.5593,3.5593,0.4783,0.4783,4.7826,10.5351
2014-01-14,2.9600,2.9700,2.9400,2.9600,0.0100,0.3400,964348.4400,285123.1810,1.4100,3.2100,0.3230,0.7328,1.4800,5.6434,4.8061,0.7959,0.1554,0.1351,3000000.0000,2985322.0000,1316065.9113,8880000.0000,8836553.1200,3.5473,3.5473,0.4831,0.4831,4.8311,10.6419
2014-01-15,2.9600,2.9800,2.9400,2.9800,0.0200,0.6800,715415.3400,211534.0140,1.4200,3.2300,0.2396,0.5436,0.9700,5.6815,4.8386,0.8013,0.1564,0.1360,3000000.0000,2985322.0000,1316065.9113,8940000.0000,8896259.5600,3.5235,3.5235,0.4831,0.4831,4.8311,10.6419
2014-01-16,2.9700,3.0300,2.9600,3.0100,0.0300,1.0100,766220.4800,230060.5130,1.4400,3.2600,0.2567,0.5822,1.0200,5.7387,4.8873,0.8094,0.1580,0.1373,3000000.0000,2985322.0000,1316065.9113,9030000.0000,8985819.2200,3.4884,3.4884,0.4815,0.4815,4.8148,10.6061
2014-01-17,3.0100,3.0200,2.9600,2.9800,-0.0300,-1.0000,518930.9000,154688.2490,1.4200,3.2300,0.1738,0.3943,0.6600,5.6815,4.8386,0.8013,0.1564,0.1360,3000000.0000,2985322.0000,1316065.9113,8940000.0000,8896259.5600,3.5235,3.5235,0.4751,0.4751,4.7508,10.4651
2014-01-20,2.9800,2.9800,2.9600,2.9800,0.0000,0.0000,420073.0300,124716.4050,1.4200,3.2300,0.1407,0.3192,0.5700,5.6815,4.8386,0.8013,0.1564,0.1360,3000000.0000,2985322.0000,1316065.9113,8940000.0000,8896259.5600,3.5235,3.5235,0.4799,0.4799,4.7987,10.5705
2014-01-21,2.9800,3.0100,2.9700,3.0000,0.0200,0.6700,329355.5500,98785.8840,1.4300,3.2500,0.1103,0.2503,0.4900,5.7196,4.8710,0.8067,0.1575,0.1369,3000000.0000,2985322.0000,1316065.9113,9000000.0000,8955966.0000,3.5000,3.5000,0.4799,0.4799,4.7987,10.5705
2014-01-22,3.0000,3.0800,2.9900,3.0700,0.0700,2.3300,979507.0200,298398.4140,1.4700,3.3200,0.3281,0.7443,1.7800,5.8531,4.9847,0.8255,0.1612,0.1401,3000000.0000,2985322.0000,1316065.9113,9210000.0000,9164938.5400,3.4202,3.4202,0.4767,0.4767,4.7667,10.5000
2014-01-23,3.0500,3.0600,2.9900,3.0200,-0.0500,-1.6300,1031512.9200,311755.3490,1.4400,3.2700,0.3455,0.7838,1.7100,5.7578,4.9035,0.8121,0.1585,0.1378,3000000.0000,2985322.0000,1316065.9113,9060000.0000,9015672.4400,3.4768,3.4768,0.4689,0.4689,4.6885,10.3279
2014-01-24,3.0100,3.0700,3.0000,3.0400,0.0200,0.6600,719852.5300,218827.1580,1.4500,3.2900,0.2411,0.5470,1.1000,5.7959,4.9360,0.8174,0.1596,0.1387,3000000.0000,2985322.0000,1316065.9113,9120000.0000,9075378.8800,3.4539,3.4539,0.4751,0.4751,4.7508,10.4651
2014-01-27,3.0100,3.0200,2.9900,3.0000,-0.0400,-1.3200,652117.3300,195740.6290,1.4300,3.2500,0.2184,0.4955,0.9400,5.7196,4.8710,0.8067,0.1575,0.1369,3000000.0000,2985322.0000,1316065.9113,9000000.0000,8955966.0000,3.5000,3.5000,0.4751,0.4751,4.7508,10.4651
2014-01-28,3.0000,3.0300,3.0000,3.0300,0.0300,1.0000,414573.6500,124969.0860,1.4500,3.2800,0.1389,0.3150,0.5600,5.7768,4.9198,0.8148,0.1591,0.1383,3000000.0000,2985322.0000,1316065.9113,9090000.0000,9045525.6600,3.4653,3.4653,0.4767,0.4767,4.7667,10.5000
2014-01-29,3.0300,3.0400,3.0100,3.0300,0.0000,0.0000,436435.0700,131941.6290,1.4500,3.2800,0.1462,0.3316,0.5700,5.7768,4.9198,0.8148,0.1591,0.1383,3000000.0000,2985322.0000,1316065.9113,9090000.0000,9045525.6600,3.4653,3.4653,0.4719,0.4719,4.7195,10.3960
2014-01-30,3.0200,3.0300,2.9800,2.9900,-0.0400,-1.3200,391904.0900,117460.3540,1.4300,3.2400,0.1313,0.2978,0.6000,5.7006,4.8548,0.8040,0.1570,0.1364,3000000.0000,2985322.0000,1316065.9113,8970000.0000,8926112.7800,3.5117,3.5117,0.4735,0.4735,4.7351,10.4305
2014-02-07,2.9700,2.9900,2.9500,2.9900,0.0000,0.0000,528775.6400,156839.7900,1.4300,3.2400,0.1771,0.4018,1.0100,5.7006,4.8548,0.8040,0.1570,0.1364,3000000.0000,2985322.0000,1316065.9113,8970000.0000,8926112.7800,3.5117,3.5117,0.4815,0.4815,4.8148,10.6061
2014-02-10,2.9900,3.0300,2.9800,3.0200,0.0300,1.0000,835399.6000,251596.6830,1.4400,3.2700,0.2798,0.6348,1.7200,5.7578,4.9035,0.8121,0.1585,0.1378,3000000.0000,2985322.0000,1316065.9113,9060000.0000,9015672.4400,3.4768,3.4768,0.4783,0.4783,4.7826,10.5351
2014-02-11,3.0100,3.0400,2.9900,3.0300,0.0100,0.3300,1167535.5400,352138.1820,1.4500,3.2800,0.3911,0.8871,2.2400,5.7768,4.9198,0.8148,0.1591,0.1383,3000000.0000,2985322.0000,1316065.9113,9090000.0000,9045525.6600,3.4653,3.4653,0.4751,0.4751,4.7508,10.4651
2014-02-12,3.0300,3.0300,3.0100,3.0200,-0.0100,-0.3300,584686.4200,176521.4730,1.4400,3.2700,0.1959,0.4443,0.8700,5.7578,4.9035,0.8121,0.1585,0.1378,3000000.0000,2985322.0000,1316065.9113,9060000.0000,9015672.4400,3.4768,3.4768,0.4719,0.4719,4.7195,10.3960
2014-02-13,3.0300,3.0400,2.9900,2.9900,-0.0300,-0.9900,1074964.8700,323256.8380,1.4300,3.2400,0.3601,0.8168,1.5300,5.7006,4.8548,0.8040,0.1570,0.1364,3000000.0000,2985322.0000,1316065.9113,8970000.0000,8926112.7800,3.5117,3.5117,0.4719,0.4719,4.7195,10.3960
2014-02-14,3.0000,3.0100,2.9700,3.0000,0.0100,0.3300,828573.0600,248138.5780,1.4300,3.2500,0.2775,0.6296,0.9900,5.7196,4.8710,0.8067,0.1575,0.1369,3000000.0000,2985322.0000,1316065.9113,9000000.0000,8955966.0000,3.5000,3.5000,0.4767,0.4767,4.7667,10.5000
2014-02-17,3.0100,3.0200,2.9900,3.0100,0.0100,0.3300,869816.7200,261254.0580,1.4400,3.2600,0.2914,0.6609,0.9700,5.7387,4.8873,0.8094,0.1580,0.1373,3000000.0000,2985322.0000,1316065.9113,9030000.0000,8985819.2200,3.4884,3.4884,0.4751,0.4751,4.7508,10.4651
2014-02-18,3.0100,3.0100,2.9700,2.9800,-0.0300,-1.0000,693957.4800,207398.2940,1.4200,3.2300,0.2325,0.5273,0.7700,5.6815,4.8386,0.8013,0.1564,0.1360,3000000.0000,2985322.0000,1316065.9113,8940000.0000,8896259.5600,3.5235,3.5235,0.4751,0.4751,4.7508,10.4651
2014-02-19,2.9900,3.0200,2.9700,3.0100,0.0300,1.0100,855361.4700,256227.8270,1.4400,3.2600,0.2865,0.6499,1.0600,5.7387,4.8873,0.8094,0.1580,0.1373,3000000.0000,2985322.0000,1316065.9113,9030000.0000,8985819.2200,3.4884,3.4884,0.4783,0.4783,4.7826,10.5351
2014-02-20,3.0200,3.0500,3.0000,3.0200,0.0100,0.3300,1302889.0800,394455.3270,1.4400,3.2700,0.4364,0.9900,1.5100,5.7578,4.9035,0.8121,0.1585,0.1378,3000000.0000,2985322.0000,1316065.9113,9060000.0000,9015672.4400,3.4768,3.4768,0.4735,0.4735,4.7351,10.4305
2014-02-21,3.0100,3.0300,2.9800,2.9900,-0.0300,-0.9900,652544.7800,195624.4560,1.4300,3.2400,0.2186,0.4958,0.7200,5.7006,4.8548,0.8040,0.1570,0.1364,3000000.0000,2985322.0000,1316065.9113,8970000.0000,8926112.7800,3.5117,3.5117,0.4751,0.4751,4.7508,10.4651
2014-02-24,2.9700,2.9700,2.8600,2.9000,-0.0900,-3.0100,2034297.6700,589165.7880,1.3800,3.1400,0.6814,1.5457,2.3300,5.5290,4.7087,0.7798,0.1522,0.1323,3000000.0000,2985322.0000,1316065.9113,8700000.0000,8657433.8000,3.6207,3.6207,0.4815,0.4815,4.8148,10.6061
2014-02-25,2.9000,2.9000,2.8200,2.8400,-0.0600,-2.0700,1568219.1000,447838.8490,1.3600,3.0800,0.5253,1.1916,1.4200,5.4146,4.6113,0.7637,0.1491,0.1296,3000000.0000,2985322.0000,1316065.9113,8520000.0000,8478314.4800,3.6972,3.6972,0.4931,0.4931,4.9310,10.8621
2014-02-26,2.8300,2.8400,2.7800,2.8000,-0.0400,-1.4100,1259971.2300,353645.6980,1.3400,3.0300,0.4221,0.9574,0.9800,5.3383,4.5463,0.7529,0.1470,0.1278,3000000.0000,2985322.0000,1316065.9113,8400000.0000,8358901.6000,3.7500,3.7500,0.5053,0.5053,5.0530,11.1307
2014-02-27,2.8100,2.8100,2.7400,2.7500,-0.0500,-1.7900,1816933.0600,501661.5910,1.3100,2.9800,0.6086,1.3806,1.3300,5.2430,4.4651,0.7395,0.1444,0.1255,3000000.0000,2985322.0000,1316065.9113,8250000.0000,8209635.5000,3.8182,3.8182,0.5089,0.5089,5.0890,11.2100
2014-02-28,2.7700,2.8500,2.7500,2.8200,0.0700,2.5500,1373743.5900,383921.9720,1.3500,3.0500,0.4602,1.0438,0.9400,5.3765,4.5788,0.7583,0.1480,0.1287,3000000.0000,2985322.0000,1316065.9113,8460000.0000,8418608.0400,3.7234,3.7234,0.5162,0.5162,5.1625,11.3718
2014-03-03,2.8200,2.8500,2.7900,2.8300,0.0100,0.3500,920214.4100,259635.8320,1.3500,3.0600,0.3082,0.6992,0.5700,5.3955,4.5950,0.7610,0.1486,0.1291,3000000.0000,2985322.0000,1316065.9113,8490000.0000,8448461.2600,3.7102,3.7102,0.5071,0.5071,5.0709,11.1702
2014-03-04,2.8200,2.8600,2.8100,2.8300,0.0000,0.0000,879603.6200,248909.5670,1.3500,3.0600,0.2946,0.6684,0.6300,5.3955,4.5950,0.7610,0.1486,0.1291,3000000.0000,2985322.0000,1316065.9113,8490000.0000,8448461.2600,3.7102,3.7102,0.5071,0.5071,5.0709,11.1702
2014-03-05,2.8200,2.8300,2.7700,2.7900,-0.0400,-1.4100,674145.7100,188504.0940,1.3300,3.0200,0.2258,0.5122,0.5400,5.3193,4.5301,0.7502,0.1465,0.1273,3000000.0000,2985322.0000,1316065.9113,8370000.0000,8329048.3800,3.7634,3.7634,0.5071,0.5071,5.0709,11.1702
2014-03-06,2.7900,2.8400,2.7500,2.8200,0.0300,1.0800,903404.6700,253572.1550,1.3500,3.0500,0.3026,0.6864,0.8000,5.3765,4.5788,0.7583,0.1480,0.1287,3000000.0000,2985322.0000,1316065.9113,8460000.0000,8418608.0400,3.7234,3.7234,0.5125,0.5125,5.1254,11.2903
2014-03-07,2.8100,2.8300,2.7700,2.7800,-0.0400,-1.4200,772004.8800,215937.7040,1.3300,3.0100,0.2586,0.5866,0.8100,5.3002,4.5138,0.7475,0.1459,0.1268,3000000.0000,2985322.0000,1316065.9113,8340000.0000,8299195.1600,3.7770,3.7770,0.5089,0.5089,5.0890,11.2100
2014-03-10,2.7700,2.7800,2.7100,2.7200,-0.0600,-2.1600,980971.3500,268873.1470,1.3000,2.9500,0.3286,0.7454,1.1800,5.1858,4.4164,0.7314,0.1428,0.1241,3000000.0000,2985322.0000,1316065.9113,8160000.0000,8120075.8400,3.8603,3.8603,0.5162,0.5162,5.1625,11.3718
2014-03-11,2.7200,2.7500,2.7100,2.7200,0.0000,0.0000,654902.3200,178386.3970,1.3000,2.9500,0.2194,0.4976,0.7800,5.1858,4.4164,0.7314,0.1428,0.1241,3000000.0000,2985322.0000,1316065.9113,8160000.0000,8120075.8400,3.8603,3.8603,0.5257,0.5257,5.2574,11.5809
2014-03-12,2.7200,2.7900,2.7100,2.7800,0.0600,2.2100,1067010.3300,294215.7870,1.3300,3.0100,0.3574,0.8108,1.3400,5.3002,4.5138,0.7475,0.1459,0.1268,3000000.0000,2985322.0000,1316065.9113,8340000.0000,8299195.1600,3.7770,3.7770,0.5257,0.5257,5.2574,11.5809
2014-03-13,2.7700,2.8000,2.7600,2.7800,0.0000,0.0000,996037.4400,276793.9970,1.3300,3.0100,0.3336,0.7568,1.1400,5.3002,4.5138,0.7475,0.1459,0.1268,3000000.0000,2985322.0000,1316065.9113,8340000.0000,8299195.1600,3.7770,3.7770,0.5162,0.5162,5.1625,11.3718
2014-03-14,2.7600,2.7700,2.7200,2.7500,-0.0300,-1.0800,637279.2700,174824.8580,1.3100,2.9800,0.2135,0.4842,0.7100,5.2430,4.4651,0.7395,0.1444,0.1255,3000000.0000,2985322.0000,1316065.9113,8250000.0000,8209635.5000,3.8182,3.8182,0.5181,0.5181,5.1812,11.4130
2014-03-17,2.7600,2.8000,2.7500,2.7800,0.0300,1.0900,890365.1500,247203.7440,1.3300,3.0100,0.2982,0.6765,1.0300,5.3002,4.5138,0.7475,0.1459,0.1268,3000000.0000,2985322.0000,1316065.9113,8340000.0000,8299195.1600,3.7770,3.7770,0.5181,0.5181,5.1812,11.4130
2014-03-18,2.7800,2.7800,2.7400,2.7600,-0.0200,-0.7200,606972.9100,167113.4840,1.3200,2.9900,0.2033,0.4612,0.7100,5.2621,4.4814,0.7422,0.1449,0.1259,3000000.0000,2985322.0000,1316065.9113,8280000.0000,8239488.7200,3.8043,3.8043,0.5144,0.5144,5.1439,11.3309
2014-03-19,2.7400,2.7500,2.7200,2.7500,-0.0100,-0.3600,555694.0700,151807.1000,1.3100,2.9800,0.1861,0.4222,0.6600,5.2430,4.4651,0.7395,0.1444,0.1255,3000000.0000,2985322.0000,1316065.9113,8250000.0000,8209635.5000,3.8182,3.8182,0.5219,0.5219,5.2190,11.4964
2014-03-20,2.7400,2.7800,2.7200,2.7300,-0.0200,-0.7300,618448.6000,170403.1270,1.3000,2.9600,0.2072,0.4699,0.8400,5.2049,4.4327,0.7341,0.1433,0.1246,3000000.0000,2985322.0000,1316065.9113,8190000.0000,8149929.0600,3.8462,3.8462,0.5219,0.5219,5.2190,11.4964
2014-03-21,2.7300,2.8300,2.7200,2.8200,0.0900,3.3000,1658322.1600,461735.1030,1.3500,3.0500,0.5555,1.2601,2.5100,5.3765,4.5788,0.7583,0.1480,0.1287,3000000.0000,2985322.0000,1316065.9113,8460000.0000,8418608.0400,3.7234,3.7234,0.5238,0.5238,5.2381,11.5385
2014-03-24,2.8600,2.9300,2.8400,2.9100,0.0900,3.1900,2658545.2400,768230.2720,1.3900,3.1500,0.8905,2.0201,3.0700,5.5481,4.7249,0.7825,0.1528,0.1328,3000000.0000,2985322.0000,1316065.9113,8730000.0000,8687287.0200,3.6082,3.6082,0.5000,0.5000,5.0000,11.0140
2014-03-25,2.9100,2.9900,2.8900,2.9700,0.0600,2.0600,2800968.3600,829369.0770,1.4200,3.2200,0.9382,2.1283,2.3000,5.6625,4.8223,0.7986,0.1559,0.1355,3000000.0000,2985322.0000,1316065.9113,8910000.0000,8866406.3400,3.5354,3.5354,0.4914,0.4914,4.9141,10.8247
2014-03-26,2.9700,2.9800,2.9200,2.9300,-0.0400,-1.3500,844536.3000,248379.8720,1.4000,3.1700,0.2829,0.6417,0.5100,5.5862,4.7574,0.7879,0.1538,0.1337,3000000.0000,2985322.0000,1316065.9113,8790000.0000,8746993.4600,3.5836,3.5836,0.4815,0.4815,4.8148,10.6061
2014-03-27,2.9300,2.9600,2.8900,2.9100,-0.0200,-0.6800,1110653.6400,324242.8170,1.3900,3.1500,0.3720,0.8439,0.6500,5.5481,4.7249,0.7825,0.1528,0.1328,3000000.0000,2985322.0000,1316065.9113,8730000.0000,8687287.0200,3.6082,3.6082,0.4881,0.4881,4.8805,10.7509
2014-03-28,2.9100,2.9500,2.9000,2.9300,0.0200,0.6900,928790.8100,272020.2260,1.4000,3.1700,0.3111,0.7057,0.5100,5.5862,4.7574,0.7879,0.1538,0.1337,3000000.0000,2985322.0000,1316065.9113,8790000.0000,8746993.4600,3.5836,3.5836,0.4914,0.4914,4.9141,10.8247
2014-03-31,2.9400,2.9400,2.8900,2.9100,-0.0200,-0.6800,794173.0700,230823.3730,1.3900,3.1500,0.2660,0.6034,0.4800,5.5481,4.7249,0.7825,0.1528,0.1328,3000000.0000,2985322.0000,1316065.9113,8730000.0000,8687287.0200,3.6082,3.6082,0.4864,0.4864,4.8639,10.7143
2014-04-01,2.9000,2.9200,2.8900,2.9000,-0.0100,-0.3400,646270.7800,187619.9920,1.3800,3.1400,0.2165,0.4911,0.5000,5.5290,4.7087,0.7798,0.1522,0.1323,3000000.0000,2985322.0000,1316065.9113,8700000.0000,8657433.8000,3.6207,3.6207,0.4931,0.4931,4.9310,10.8621
2014-04-02,2.9100,2.9900,2.9000,2.9700,0.0700,2.4100,1723524.3200,509798.7930,1.4200,3.2200,0.5773,1.3096,1.9900,5.6625,4.8223,0.7986,0.1559,0.1355,3000000.0000,2985322.0000,1316065.9113,8910000.0000,8866406.3400,3.5354,3.5354,0.4914,0.4914,4.9141,10.8247
2014-04-03,2.9800,2.9900,2.8900,2.9000,-0.0700,-2.3600,1747531.3600,512047.2500,1.3800,3.1400,0.5854,1.3278,1.6800,5.5290,4.7087,0.7798,0.1522,0.1323,3000000.0000,2985322.0000,1316065.9113,8700000.0000,8657433.8000,3.6207,3.6207,0.4799,0.4799,4.7987,10.5705
2014-04-04,2.8900,2.9200,2.8800,2.9200,0.0200,0.6900,667725.8900,193962.1920,1.3900,3.1600,0.2237,0.5074,0.5700,5.5671,4.7412,0.7852,0.1533,0.1332,3000000.0000,2985322.0000,1316065.9113,8760000.0000,8717140.2400,3.5959,3.5959,0.4948,0.4948,4.9481,10.8997
2014-04-08,2.9100,2.9700,2.9000,2.9500,0.0300,1.0300,1530182.8100,449785.3510,1.4100,3.1900,0.5126,1.1627,1.3700,5.6243,4.7899,0.7932,0.1549,0.1346,3000000.0000,2985322.0000,1316065.9113,8850000.0000,8806699.9000,3.5593,3.5593,0.4914,0.4914,4.9141,10.8247
2014-04-09,2.9500,2.9800,2.9400,2.9500,0.0000,0.0000,1170170.7500,346063.9690,1.4100,3.1900,0.3920,0.8891,0.9300,5.6243,4.7899,0.7932,0.1549,0.1346,3000000.0000,2985322.0000,1316065.9113,8850000.0000,8806699.9000,3.5593,3.5593,0.4847,0.4847,4.8475,10.6780
2014-04-10,2.9500,3.0800,2.9200,3.0600,0.1100,3.7300,3468959.7400,1047111.0090,1.4600,3.3100,1.1620,2.6359,2.5400,5.8340,4.9685,0.8228,0.1606,0.1396,3000000.0000,2985322.0000,1316065.9113,9180000.0000,9135085.3200,3.4314,3.4314,0.4847,0.4847,4.8475,10.6780
2014-04-11,3.1500,3.2200,3.0700,3.0800,0.0200,0.6500,3566111.1800,1114868.5910,1.4700,3.3400,1.1945,2.7097,2.0800,5.8722,5.0009,0.8282,0.1617,0.1405,3000000.0000,2985322.0000,1316065.9113,9240000.0000,9194791.7600,3.4091,3.4091,0.4540,0.4540,4.5397,10.0000
2014-04-14,3.0500,3.0800,3.0300,3.0500,-0.0300,-0.9700,1212606.6100,369569.5910,1.4600,3.3000,0.4062,0.9214,0.5800,5.8150,4.9522,0.8201,0.1601,0.1392,3000000.0000,2985322.0000,1316065.9113,9150000.0000,9105232.1000,3.4426,3.4426,0.4689,0.4689,4.6885,10.3279
2014-04-15,3.0500,3.0600,2.9900,2.9900,-0.0600,-1.9700,1259735.4800,379783.8670,1.4300,3.2400,0.4220,0.9572,0.5800,5.7006,4.8548,0.8040,0.1570,0.1364,3000000.0000,2985322.0000,1316065.9113,8970000.0000,8926112.7800,3.5117,3.5117,0.4689,0.4689,4.6885,10.3279
2014-04-16,3.0000,3.0200,2.9800,3.0000,0.0100,0.3300,759870.7100,228003.6090,1.4300,3.2500,0.2545,0.5774,0.3600,5.7196,4.8710,0.8067,0.1575,0.1369,3000000.0000,2985322.0000,1316065.9113,9000000.0000,8955966.0000,3.5000,3.5000,0.4767,0.4767,4.7667,10.5000
2014-04-17,3.0100,3.0100,2.9600,2.9700,-0.0300,-1.0000,771067.1400,229570.6290,1.4200,3.2200,0.2583,0.5859,0.3800,5.6625,4.8223,0.7986,0.1559,0.1355,3000000.0000,2985322.0000,1316065.9113,8910000.0000,8866406.3400,3.5354,3.5354,0.4751,0.4751,4.7508,10.4651
2014-04-18,2.9700,2.9700,2.9300,2.9500,-0.0200,-0.6700,794760.0500,233885.5360,1.4100,3.1900,0.2662,0.6039,0.5200,5.6243,4.7899,0.7932,0.1549,0.1346,3000000.0000,2985322.0000,1316065.9113,8850000.0000,8806699.9000,3.5593,3.5593,0.4815,0.4815,4.8148,10.6061
2014-04-21,2.9300,2.9600,2.8900,2.8900,-0.0600,-2.0300,923671.7100,270483.4190,1.3800,3.1300,0.3094,0.7018,0.9600,5.5099,4.6924,0.7771,0.1517,0.1319,3000000.0000,2985322.0000,1316065.9113,8670000.0000,8627580.5800,3.6332,3.6332,0.4881,0.4881,4.8805,10.7509
2014-04-22,2.9000,2.9200,2.8700,2.9200,0.0300,1.0400,833908.8800,241299.1980,1.3900,3.1600,0.2793,0.6336,0.9200,5.5671,4.7412,0.7852,0.1533,0.1332,3000000.0000,2985322.0000,1316065.9113,8760000.0000,8717140.2400,3.5959,3.5959,0.4931,0.4931,4.9310,10.8621
2014-04-23,2.9100,2.9300,2.9000,2.9200,0.0000,0.0000,587723.9800,171013.7140,1.3900,3.1600,0.1969,0.4466,0.7200,5.5671,4.7412,0.7852,0.1533,0.1332,3000000.0000,2985322.0000,1316065.9113,8760000.0000,8717140.2400,3.5959,3.5959,0.4914,0.4914,4.9141,10.8247
2014-04-24,2.9500,2.9900,2.9200,2.9600,0.0400,1.3700,1225596.7800,363011.3690,1.4100,3.2100,0.4105,0.9313,1.5700,4.3533,4.3533,0.7523,0.1304,0.1304,3000000.0000,2985322.0000,1316065.9113,8880000.0000,8836553.1200,3.5473,3.5473,0.4847,0.4847,4.8475,10.6780
2014-04-25,2.9600,3.0000,2.9400,2.9500,-0.0100,-0.3400,948136.6100,281781.3930,1.4100,3.1900,0.3176,0.7204,1.0900,4.3386,4.3386,0.7498,0.1299,0.1299,3000000.0000,2985322.0000,1316065.9113,8850000.0000,8806699.9000,3.5593,3.5593,0.4831,0.4831,4.8311,10.6419
2014-04-28,2.9600,2.9700,2.9100,2.9400,-0.0100,-0.3400,906000.2000,265818.4170,1.4000,3.1800,0.3035,0.6884,1.0000,4.3238,4.3238,0.7472,0.1295,0.1295,3000000.0000,2985322.0000,1316065.9113,8820000.0000,8776846.6800,3.5714,3.5714,0.4831,0.4831,4.8311,10.6419
2014-04-29,2.9400,2.9700,2.9200,2.9700,0.0300,1.0200,628474.5000,185081.5530,1.4200,3.2200,0.2105,0.4775,0.7000,4.3680,4.3680,0.7548,0.1308,0.1308,3000000.0000,2985322.0000,1316065.9113,8910000.0000,8866406.3400,3.5354,3.5354,0.4864,0.4864,4.8639,10.7143
2014-04-30,2.9800,3.0200,2.9700,3.0000,0.0300,1.0100,977378.0700,292821.5820,1.4300,3.2500,0.3274,0.7427,1.1400,4.4121,4.1947,0.7354,0.1321,0.1253,3000000.0000,2985322.0000,1316065.9113,9000000.0000,8955966.0000,3.5000,3.5000,0.4799,0.4799,4.7987,10.5705
2014-05-05,2.9800,2.9900,2.9300,2.9700,-0.0300,-1.0000,857949.7600,253401.2610,1.4200,3.2200,0.2874,0.6519,0.9200,4.3680,4.1528,0.7280,0.1308,0.1240,3000000.0000,2985322.0000,1316065.9113,8910000.0000,8866406.3400,3.5354,3.5354,0.4799,0.4799,4.7987,10.5705
2014-05-06,2.9600,2.9800,2.9400,2.9800,0.0100,0.3400,675412.3800,200050.3150,1.4200,3.2300,0.2262,0.5132,0.7800,4.3827,4.1668,0.7305,0.1313,0.1245,3000000.0000,2985322.0000,1316065.9113,8940000.0000,8896259.5600,3.5235,3.5235,0.4831,0.4831,4.8311,10.6419
2014-05-07,2.9600,2.9700,2.9300,2.9400,-0.0400,-1.3400,539896.1600,159070.4020,1.4000,3.1800,0.1809,0.4139,0.6700,4.3238,4.1108,0.7207,0.1295,0.1228,3000000.0000,2985322.0000,1304463.8631,8820000.0000,8776846.6800,3.5714,3.5714,0.4831,0.4831,4.8311,10.6419
2014-05-08,2.9300,2.9700,2.9300,2.9400,0.0000,0.0000,461096.0000,135934.9550,1.4000,3.1800,0.1545,0.3535,0.6300,4.3238,4.1108,0.7207,0.1295,0.1228,3000000.0000,2985322.0000,1304463.8631,8820000.0000,8776846.6800,3.5714,3.5714,0.4881,0.4881,4.8805,10.7509
2014-05-09,2.9400,2.9500,2.9200,2.9400,0.0000,0.0000,441562.7000,129496.6290,1.4000,3.1800,0.1479,0.3385,0.6300,4.3238,4.1108,0.7207,0.1295,0.1228,3000000.0000,2985322.0000,1304463.8631,8820000.0000,8776846.6800,3.5714,3.5714,0.4864,0.4864,4.8639,10.7143
2014-05-12,2.9500,2.9900,2.9300,2.9800,0.0400,1.3600,1011379.7000,299670.3640,1.4200,3.2300,0.3388,0.7753,1.7000,4.3827,4.1668,0.7305,0.1313,0.1245,3000000.0000,2985322.0000,1304463.8631,8940000.0000,8896259.5600,3.5235,3.5235,0.4847,0.4847,4.8475,10.6780
2014-05-13,2.9700,2.9800,2.9500,2.9700,-0.0100,-0.3400,574013.2500,170323.7250,1.4200,3.2200,0.1923,0.4400,0.9200,4.3680,4.1528,0.7280,0.1308,0.1240,3000000.0000,2985322.0000,1304463.8631,8910000.0000,8866406.3400,3.5354,3.5354,0.4815,0.4815,4.8148,10.6061
2014-05-14,2.9700,2.9900,2.9600,2.9900,0.0200,0.6700,668104.6700,198823.4760,1.4300,3.2400,0.2238,0.5122,1.1000,4.3974,4.1807,0.7329,0.1317,0.1249,3000000.0000,2985322.0000,1304463.8631,8970000.0000,8926112.7800,3.5117,3.5117,0.4815,0.4815,4.8148,10.6061
2014-05-15,2.9700,2.9900,2.9500,2.9700,-0.0200,-0.6700,619826.2600,184200.5620,1.4200,3.2200,0.2076,0.4752,0.9800,4.3680,4.1528,0.7280,0.1308,0.1240,3000000.0000,2985322.0000,1304463.8631,8910000.0000,8866406.3400,3.5354,3.5354,0.4815,0.4815,4.8148,10.6061
2014-05-16,2.9600,2.9700,2.9400,2.9700,0.0000,0.0000,425030.5400,125640.1910,1.4200,3.2200,0.1424,0.3258,0.6400,4.3680,4.1528,0.7280,0.1308,0.1240,3000000.0000,2985322.0000,1304463.8631,8910000.0000,8866406.3400,3.5354,3.5354,0.4831,0.4831,4.8311,10.6419
2014-05-19,2.9600,2.9700,2.9200,2.9200,-0.0500,-1.6800,504012.5600,147819.8420,1.3900,3.1600,0.1688,0.3864,0.7600,4.2944,4.0829,0.7158,0.1286,0.1220,3000000.0000,2985322.0000,1304463.8631,8760000.0000,8717140.2400,3.5959,3.5959,0.4831,0.4831,4.8311,10.6419
2014-05-20,2.9400,2.9500,2.9300,2.9400,0.0200,0.6800,374893.3600,110233.9450,1.4000,3.1800,0.1256,0.2874,0.6700,4.3238,4.1108,0.7207,0.1295,0.1228,3000000.0000,2985322.0000,1304463.8631,8820000.0000,8776846.6800,3.5714,3.5714,0.4864,0.4864,4.8639,10.7143
2014-05-21,2.9300,2.9500,2.9200,2.9500,0.0100,0.3400,386438.5100,113605.6010,1.4100,3.1900,0.1294,0.2962,0.7500,4.3386,4.1248,0.7231,0.1299,0.1232,3000000.0000,2985322.0000,1304463.8631,8850000.0000,8806699.9000,3.5593,3.5593,0.4881,0.4881,4.8805,10.7509
2014-05-22,2.9500,2.9800,2.9400,2.9500,0.0000,0.0000,657404.1800,194966.0810,1.4100,3.1900,0.2202,0.5040,1.4200,4.3386,4.1248,0.7231,0.1299,0.1232,3000000.0000,2985322.0000,1304463.8631,8850000.0000,8806699.9000,3.5593,3.5593,0.4847,0.4847,4.8475,10.6780
2014-05-23,2.9600,3.0000,2.9500,2.9900,0.0400,1.3600,766430.7100,228237.3050,1.4300,3.2400,0.2567,0.5875,1.6300,4.3974,4.1807,0.7329,0.1317,0.1249,3000000.0000,2985322.0000,1304463.8631,8970000.0000,8926112.7800,3.5117,3.5117,0.4831,0.4831,4.8311,10.6419
2014-05-26,3.0000,3.0100,2.9700,2.9900,0.0000,0.0000,526391.8300,157144.0370,1.4300,3.2400,0.1763,0.4035,0.9800,4.3974,4.1807,0.7329,0.1317,0.1249,3000000.0000,2985322.0000,1304463.8631,8970000.0000,8926112.7800,3.5117,3.5117,0.4767,0.4767,4.7667,10.5000
2014-05-27,3.0000,3.0100,2.9800,2.9900,0.0000,0.0000,594096.6500,177961.2640,1.4300,3.2400,0.1990,0.4554,1.1000,4.3974,4.1807,0.7329,0.1317,0.1249,3000000.0000,2985322.0000,1304463.8631,8970000.0000,8926112.7800,3.5117,3.5117,0.4767,0.4767,4.7667,10.5000
2014-05-28,2.9900,3.0000,2.9800,3.0000,0.0100,0.3300,490012.0400,146570.8190,1.4300,3.2500,0.1641,0.3756,0.8400,4.4121,4.1947,0.7354,0.1321,0.1253,3000000.0000,2985322.0000,1304463.8631,9000000.0000,8955966.0000,3.5000,3.5000,0.4783,0.4783,4.7826,10.5351
2014-05-29,3.0000,3.0400,3.0000,3.0100,0.0100,0.3300,896095.3700,270915.0030,1.4400,3.2600,0.3002,0.6869,1.4800,4.4268,4.2087,0.7378,0.1326,0.1257,3000000.0000,2985322.0000,1304463.8631,9030000.0000,8985819.2200,3.4884,3.4884,0.4767,0.4767,4.7667,10.5000
2014-05-30,3.0100,3.0300,3.0000,3.0200,0.0100,0.3300,404224.0600,121889.6690,1.4400,3.2700,0.1354,0.3099,0.6200,4.4415,4.2227,0.7403,0.1330,0.1261,3000000.0000,2985322.0000,1304463.8631,9060000.0000,9015672.4400,3.4768,3.4768,0.4751,0.4751,4.7508,10.4651
2014-06-03,3.0300,3.0400,3.0000,3.0200,0.0000,0.0000,404545.9400,122204.5970,1.4400,3.2700,0.1355,0.3101,0.6900,4.4415,4.2227,0.7403,0.1330,0.1261,3000000.0000,2985322.0000,1304463.8631,9060000.0000,9015672.4400,3.4768,3.4768,0.4719,0.4719,4.7195,10.3960
2014-06-04,3.0200,3.0200,2.9500,2.9600,-0.0600,-1.9900,635897.4800,189204.4700,1.4100,3.2100,0.2130,0.4875,1.1400,4.3533,4.1388,0.7256,0.1304,0.1236,3000000.0000,2985322.0000,1304463.8631,8880000.0000,8836553.1200,3.5473,3.5473,0.4735,0.4735,4.7351,10.4305
2014-06-05,2.9600,2.9900,2.9500,2.9800,0.0200,0.6800,474820.5000,140816.4890,1.4200,3.2300,0.1591,0.3640,0.8400,4.3827,4.1668,0.7305,0.1313,0.1245,3000000.0000,2985322.0000,1304463.8631,8940000.0000,8896259.5600,3.5235,3.5235,0.4831,0.4831,4.8311,10.6419
2014-06-06,2.9800,2.9800,2.9400,2.9600,-0.0200,-0.6700,387045.3900,114405.6610,1.4100,3.2100,0.1296,0.2967,0.6900,4.3533,4.1388,0.7256,0.1304,0.1236,3000000.0000,2985322.0000,1304463.8631,8880000.0000,8836553.1200,3.5473,3.5473,0.4799,0.4799,4.7987,10.5705
2014-06-09,2.9500,2.9900,2.9400,2.9600,0.0000,0.0000,490551.6000,145613.4060,1.4100,3.2100,0.1643,0.3761,1.0600,4.3533,4.1388,0.7256,0.1304,0.1236,3000000.0000,2985322.0000,1304463.8631,8880000.0000,8836553.1200,3.5473,3.5473,0.4847,0.4847,4.8475,10.6780
2014-06-10,2.9700,2.9800,2.9500,2.9800,0.0200,0.6800,567403.0300,168237.9270,1.4200,3.2300,0.1901,0.4350,1.1900,4.3827,4.1668,0.7305,0.1313,0.1245,3000000.0000,2985322.0000,1304463.8631,8940000.0000,8896259.5600,3.5235,3.5235,0.4815,0.4815,4.8148,10.6061
2014-06-11,2.9700,2.9800,2.9600,2.9800,0.0000,0.0000,439246.0400,130600.2120,1.4200,3.2300,0.1471,0.3367,0.8600,4.3827,4.1668,0.7305,0.1313,0.1245,3000000.0000,2985322.0000,1304463.8631,8940000.0000,8896259.5600,3.5235,3.5235,0.4815,0.4815,4.8148,10.6061
2014-06-12,2.9700,2.9800,2.9400,2.9500,-0.0300,-1.0100,603833.8300,178357.2010,1.4100,3.1900,0.2023,0.4629,1.2800,4.3386,4.1248,0.7231,0.1299,0.1232,3000000.0000,2985322.0000,1304463.8631,8850000.0000,8806699.9000,3.5593,3.5593,0.4815,0.4815,4.8148,10.6061
2014-06-13,2.9500,2.9800,2.9400,2.9800,0.0300,1.0200,651875.1400,193481.4540,1.4200,3.2300,0.2184,0.4997,1.3100,4.3827,4.1668,0.7305,0.1313,0.1245,3000000.0000,2985322.0000,1304463.8631,8940000.0000,8896259.5600,3.5235,3.5235,0.4847,0.4847,4.8475,10.6780
2014-06-16,2.9700,3.0000,2.9700,3.0000,0.0200,0.6700,943811.9300,281984.6110,1.4300,3.2500,0.3162,0.7235,1.7100,4.4121,4.1947,0.7354,0.1321,0.1253,3000000.0000,2985322.0000,1304463.8631,9000000.0000,8955966.0000,3.5000,3.5000,0.4815,0.4815,4.8148,10.6061
2014-06-17,2.8700,2.8800,2.8400,2.8500,-0.1500,-5.0000,816923.8300,233598.3060,1.4300,3.2400,0.2736,0.6263,1.2700,4.1915,3.9850,0.7240,0.1255,0.1190,3000000.0000,2985322.0000,1304463.8631,8550000.0000,8508167.7000,3.6842,8.7018,0.4983,0.4983,4.9826,10.9756
2014-06-18,2.8500,2.8600,2.8300,2.8500,0.0000,0.0000,533273.8300,151647.7440,1.4300,3.2400,0.1786,0.4088,0.7700,4.1915,3.9850,0.7240,0.1255,0.1190,3000000.0000,2985322.0000,1304463.8631,8550000.0000,8508167.7000,3.6842,8.7018,0.5018,0.5018,5.0175,11.0526
2014-06-19,2.8500,2.8500,2.8000,2.8200,-0.0300,-1.0500,556721.5500,157151.1380,1.4100,3.2000,0.1865,0.4268,0.7800,4.1474,3.9430,0.7163,0.1242,0.1178,3000000.0000,2985322.0000,1304463.8631,8460000.0000,8418608.0400,3.7234,8.7943,0.5018,0.5018,5.0175,11.0526
2014-06-20,2.8100,2.8300,2.8000,2.8200,0.0000,0.0000,489308.2000,137520.8840,1.4100,3.2000,0.1639,0.3751,0.7000,4.1474,3.9430,0.7163,0.1242,0.1178,3000000.0000,2985322.0000,1304463.8631,8460000.0000,8418608.0400,3.7234,8.7943,0.5089,0.5089,5.0890,11.2100
2014-06-23,2.8200,2.8200,2.7800,2.7800,-0.0400,-1.4200,565290.8800,158301.8430,1.3900,3.1600,0.1894,0.4334,0.8500,4.0885,3.8871,0.7062,0.1225,0.1161,3000000.0000,2985322.0000,1304463.8631,8340000.0000,8299195.1600,3.7770,8.9209,0.5071,0.5071,5.0709,11.1702
2014-06-24,2.7900,2.8000,2.7800,2.8000,0.0200,0.7200,386690.0100,107942.3540,1.4000,3.1800,0.1295,0.2964,0.6500,4.1179,3.9151,0.7113,0.1233,0.1169,3000000.0000,2985322.0000,1304463.8631,8400000.0000,8358901.6000,3.7500,8.8571,0.5125,0.5125,5.1254,11.2903
2014-06-25,2.7900,2.8000,2.7700,2.8000,0.0000,0.0000,338931.5700,94516.7960,1.4000,3.1800,0.1135,0.2598,0.6700,4.1179,3.9151,0.7113,0.1233,0.1169,3000000.0000,2985322.0000,1304463.8631,8400000.0000,8358901.6000,3.7500,8.8571,0.5125,0.5125,5.1254,11.2903
2014-06-26,2.8000,2.8100,2.7900,2.8100,0.0100,0.3600,306203.1400,85858.2950,1.4100,3.1900,0.1026,0.2347,0.6600,4.1327,3.9291,0.7138,0.1238,0.1174,3000000.0000,2985322.0000,1304463.8631,8430000.0000,8388754.8200,3.7367,8.8256,0.5107,0.5107,5.1071,11.2500
2014-06-27,2.8000,2.8200,2.7900,2.8100,0.0000,0.0000,426849.6000,119658.4470,1.4100,3.1900,0.1430,0.3272,1.0200,4.1327,3.9291,0.7138,0.1238,0.1174,3000000.0000,2985322.0000,1304463.8631,8430000.0000,8388754.8200,3.7367,8.8256,0.5107,0.5107,5.1071,11.2500
2014-06-30,2.8100,2.8200,2.8000,2.8200,0.0100,0.3600,625967.6600,176048.7060,1.4100,3.2000,0.2097,0.4799,1.5500,4.1474,3.9430,0.7163,0.1242,0.1178,3000000.0000,2985322.0000,1304463.8631,8460000.0000,8418608.0400,3.7234,8.7943,0.5089,0.5089,5.0890,11.2100
2014-07-01,2.8200,2.8200,2.7900,2.8100,-0.0100,-0.3500,450956.3900,126489.8040,1.4100,3.1900,0.1511,0.3457,1.0800,4.1327,3.9291,0.7138,0.1238,0.1174,3000000.0000,2985322.0000,1304463.8631,8430000.0000,8388754.8200,3.7367,8.8256,0.5071,0.5071,5.0709,11.1702
2014-07-02,2.8000,2.8100,2.7900,2.8100,0.0000,0.0000,711036.7900,198943.5410,1.4100,3.1900,0.2382,0.5451,1.6500,4.1327,3.9291,0.7138,0.1238,0.1174,3000000.0000,2985322.0000,1304463.8631,8430000.0000,8388754.8200,3.7367,8.8256,0.5107,0.5107,5.1071,11.2500
2014-07-03,2.8100,2.8200,2.7900,2.8100,0.0000,0.0000,646040.3600,181538.4670,1.4100,3.1900,0.2164,0.4953,1.2800,4.1327,3.9291,0.7138,0.1238,0.1174,3000000.0000,2985322.0000,1304463.8631,8430000.0000,8388754.8200,3.7367,8.8256,0.5089,0.5089,5.0890,11.2100
2014-07-04,2.8100,2.8400,2.8100,2.8300,0.0200,0.7100,680862.8800,192026.2550,1.4200,3.2100,0.2281,0.5219,1.1900,4.1621,3.9570,0.7189,0.1247,0.1182,3000000.0000,2985322.0000,1304463.8631,8490000.0000,8448461.2600,3.7102,8.7633,0.5089,0.5089,5.0890,11.2100
2014-07-07,2.8300,2.8500,2.8200,2.8400,0.0100,0.3500,699531.5300,198482.0240,1.4200,3.2300,0.2343,0.5363,1.1200,4.1768,3.9710,0.7214,0.1251,0.1186,3000000.0000,2985322.0000,1304463.8631,8520000.0000,8478314.4800,3.6972,8.7324,0.5053,0.5053,5.0530,11.1307
2014-07-08,2.8400,2.8400,2.8200,2.8400,0.0000,0.0000,510778.0800,144445.2320,1.4200,3.2300,0.1711,0.3916,0.8000,4.1768,3.9710,0.7214,0.1251,0.1186,3000000.0000,2985322.0000,1304463.8631,8520000.0000,8478314.4800,3.6972,8.7324,0.5035,0.5035,5.0352,11.0915
2014-07-09,2.8300,2.8300,2.8000,2.8000,-0.0400,-1.4100,515791.2600,145080.8700,1.4000,3.1800,0.1728,0.3954,0.7900,4.1179,3.9151,0.7113,0.1233,0.1169,3000000.0000,2985322.0000,1304463.8631,8400000.0000,8358901.6000,3.7500,8.8571,0.5053,0.5053,5.0530,11.1307
2014-07-10,2.8000,2.8200,2.8000,2.8100,0.0100,0.3600,387771.4000,108861.6130,1.4100,3.1900,0.1299,0.2973,0.6400,4.1327,3.9291,0.7138,0.1238,0.1174,3000000.0000,2985322.0000,1304463.8631,8430000.0000,8388754.8200,3.7367,8.8256,0.5107,0.5107,5.1071,11.2500
2014-07-11,2.8100,2.8400,2.8000,2.8200,0.0100,0.3600,741663.2200,209447.7740,1.4100,3.2000,0.2484,0.5686,1.3300,4.1474,3.9430,0.7163,0.1242,0.1178,3000000.0000,2985322.0000,1304463.8631,8460000.0000,8418608.0400,3.7234,8.7943,0.5089,0.5089,5.0890,11.2100
2014-07-14,2.8300,2.8600,2.8100,2.8500,0.0300,1.0600,949180.2900,269532.3930,1.4300,3.2400,0.3179,0.7276,1.6600,4.1915,3.9850,0.7240,0.1255,0.1190,3000000.0000,2985322.0000,1304463.8631,8550000.0000,8508167.7000,3.6842,8.7018,0.5053,0.5053,5.0530,11.1307
2014-07-15,2.8500,2.8800,2.8300,2.8700,0.0200,0.7000,1239459.3400,354036.9200,1.4400,3.2600,0.4152,0.9502,2.0000,4.2209,4.0130,0.7290,0.1264,0.1199,3000000.0000,2985322.0000,1304463.8631,8610000.0000,8567874.1400,3.6585,8.6411,0.5018,0.5018,5.0175,11.0526
2014-07-16,2.8700,3.0400,2.8600,2.9800,0.1100,3.8300,4045370.7800,1206040.8310,1.4900,3.3900,1.3551,3.1012,5.2800,4.3827,4.1668,0.7570,0.1313,0.1245,3000000.0000,2985322.0000,1304463.8631,8940000.0000,8896259.5600,3.5235,8.3221,0.4983,0.4983,4.9826,10.9756
2014-07-17,2.9500,2.9600,2.8800,2.9000,-0.0800,-2.6800,1915000.5500,558298.6740,1.4500,3.2900,0.6415,1.4680,1.3000,4.2650,4.0549,0.7367,0.1277,0.1211,3000000.0000,2985322.0000,1304463.8631,8700000.0000,8657433.8000,3.6207,8.5517,0.4847,0.4847,4.8475,10.6780
2014-07-18,2.9000,3.0300,2.8800,2.9900,0.0900,3.1000,3209273.5000,956641.7650,1.5000,3.4000,1.0750,2.4602,1.8000,4.3974,4.1807,0.7595,0.1317,0.1249,3000000.0000,2985322.0000,1304463.8631,8970000.0000,8926112.7800,3.5117,8.2943,0.4931,0.4931,4.9310,10.8621
2014-07-21,2.9900,3.0100,2.9600,3.0000,0.0100,0.3300,1290851.6400,385471.9490,1.5000,3.4100,0.4324,0.9896,0.5700,4.4121,4.1947,0.7621,0.1321,0.1253,3000000.0000,2985322.0000,1304463.8631,9000000.0000,8955966.0000,3.5000,8.2667,0.4783,0.4783,4.7826,10.5351
2014-07-22,2.9900,3.0300,2.9800,2.9900,-0.0100,-0.3300,1100629.9400,330790.9490,1.5000,3.4000,0.3687,0.8437,0.4700,4.3974,4.1807,0.7595,0.1317,0.1249,3000000.0000,2985322.0000,1304463.8631,8970000.0000,8926112.7800,3.5117,8.2943,0.4783,0.4783,4.7826,10.5351
2014-07-23,2.9900,3.0600,2.9900,3.0400,0.0500,1.6700,1903456.5600,578701.2320,1.5200,3.4500,0.6376,1.4592,0.8200,4.4709,4.2507,0.7722,0.1339,0.1270,3000000.0000,2985322.0000,1304463.8631,9120000.0000,9075378.8800,3.4539,8.1579,0.4783,0.4783,4.7826,10.5351
2014-07-24,3.0500,3.1300,3.0500,3.0800,0.0400,1.3200,1944905.1300,600658.1680,1.5400,3.5000,0.6515,1.4910,1.0300,4.5297,4.3066,0.7824,0.1357,0.1286,3000000.0000,2985322.0000,1304463.8631,9240000.0000,9194791.7600,3.4091,8.0519,0.4689,0.4689,4.6885,10.3279
2014-07-25,3.1000,3.1200,3.0700,3.1200,0.0400,1.3000,1016286.3000,314238.6000,1.5600,3.5400,0.3404,0.7791,0.5400,4.5886,4.3625,0.7926,0.1374,0.1303,3000000.0000,2985322.0000,1304463.8631,9360000.0000,9314204.6400,3.3654,4.5833,0.4613,0.4613,4.6129,10.1613
2014-07-28,3.1400,3.1900,3.1300,3.1900,0.0700,2.2400,2685211.1700,850221.8170,1.6000,3.6200,0.8995,2.0585,1.8500,4.6915,4.4604,0.8103,0.1405,0.1332,3000000.0000,2985322.0000,1304463.8631,9570000.0000,9523177.1800,3.2915,4.4828,0.4554,0.4554,4.5541,10.0318
2014-07-29,3.1900,3.2000,3.1400,3.1800,-0.0100,-0.3100,1554604.0000,492827.9330,1.5900,3.6100,0.5207,1.1918,0.9000,4.6768,4.4464,0.8078,0.1401,0.1328,3000000.0000,2985322.0000,1304463.8631,9540000.0000,9493323.9600,3.3019,4.4969,0.4483,0.4483,4.4828,9.8746
2014-07-30,3.1600,3.1800,3.1100,3.1300,-0.0500,-1.5700,1581219.8800,496013.1920,1.5700,3.5600,0.5297,1.2122,0.8700,4.6033,4.3765,0.7951,0.1379,0.1307,3000000.0000,2985322.0000,1304463.8631,9390000.0000,9344057.8600,3.3546,4.5687,0.4525,0.4525,4.5253,9.9684
2014-07-31,3.1100,3.1500,3.1000,3.1400,0.0100,0.3200,1016941.0800,317436.9930,1.5700,3.5700,0.3406,0.7796,0.5800,4.6180,4.3905,0.7976,0.1383,0.1311,3000000.0000,2985322.0000,1304463.8631,9420000.0000,9373911.0800,3.3439,4.5541,0.4598,0.4598,4.5981,10.1286
2014-08-01,3.1300,3.1900,3.1300,3.1500,0.0100,0.3200,1403379.5400,444062.8530,1.5800,3.5800,0.4701,1.0758,0.8900,4.6327,4.4045,0.8002,0.1388,0.1316,3000000.0000,2985322.0000,1304463.8631,9450000.0000,9403764.3000,3.3333,4.5397,0.4569,0.4569,4.5687,10.0639
2014-08-04,3.1500,3.2100,3.1400,3.2100,0.0600,1.9000,1370096.9600,435615.2480,1.6100,3.6500,0.4589,1.0503,0.8300,4.7209,4.4884,0.8154,0.1414,0.1341,3000000.0000,2985322.0000,1304463.8631,9630000.0000,9582883.6200,3.2710,4.4548,0.4540,0.4540,4.5397,10.0000
2014-08-05,3.2100,3.2200,3.1700,3.1900,-0.0200,-0.6200,1114718.3500,355555.9250,1.6000,3.6200,0.3734,0.8545,0.8000,4.6915,4.4604,0.8103,0.1405,0.1332,3000000.0000,2985322.0000,1304463.8631,9570000.0000,9523177.1800,3.2915,4.4828,0.4455,0.4455,4.4548,9.8131
2014-08-06,3.1800,3.1900,3.1400,3.1800,-0.0100,-0.3100,1143183.4500,361667.7200,1.5900,3.6100,0.3829,0.8764,0.8800,4.6768,4.4464,0.8078,0.1401,0.1328,3000000.0000,2985322.0000,1304463.8631,9540000.0000,9493323.9600,3.3019,4.4969,0.4497,0.4497,4.4969,9.9057
2014-08-07,3.1700,3.1800,3.1300,3.1400,-0.0400,-1.2600,853744.5100,269039.3050,1.5700,3.5700,0.2860,0.6545,0.7100,4.6180,4.3905,0.7976,0.1383,0.1311,3000000.0000,2985322.0000,1304463.8631,9420000.0000,9373911.0800,3.3439,4.5541,0.4511,0.4511,4.5110,9.9369
2014-08-08,3.1300,3.1500,3.1100,3.1300,-0.0100,-0.3200,1026182.7600,320962.8800,1.5700,3.5600,0.3437,0.7867,0.8700,4.6033,4.3765,0.7951,0.1379,0.1307,3000000.0000,2985322.0000,1304463.8631,9390000.0000,9344057.8600,3.3546,4.5687,0.4569,0.4569,4.5687,10.0639
2014-08-11,3.1300,3.1700,3.1300,3.1600,0.0300,0.9600,773481.0000,244150.9390,1.5800,3.5900,0.2591,0.5929,0.7000,4.6474,4.4184,0.8027,0.1392,0.1320,3000000.0000,2985322.0000,1304463.8631,9480000.0000,9433617.5200,3.3228,4.5253,0.4569,0.4569,4.5687,10.0639
2014-08-12,3.1600,3.1600,3.1300,3.1500,-0.0100,-0.3200,656571.2400,206471.6340,1.5800,3.5800,0.2199,0.5033,0.6700,4.6327,4.4045,0.8002,0.1388,0.1316,3000000.0000,2985322.0000,1304463.8631,9450000.0000,9403764.3000,3.3333,4.5397,0.4525,0.4525,4.5253,9.9684
2014-08-13,3.1400,3.1700,3.1200,3.1500,0.0000,0.0000,749596.4300,235437.6700,1.5800,3.5800,0.2511,0.5746,0.8400,4.6327,4.4045,0.8002,0.1388,0.1316,3000000.0000,2985322.0000,1304463.8631,9450000.0000,9403764.3000,3.3333,4.5397,0.4554,0.4554,4.5541,10.0318
2014-08-14,3.1500,3.1500,3.1200,3.1300,-0.0200,-0.6300,804585.1300,252045.8910,1.5700,3.5600,0.2695,0.6168,0.9900,4.6033,4.3765,0.7951,0.1379,0.1307,3000000.0000,2985322.0000,1304463.8631,9390000.0000,9344057.8600,3.3546,4.5687,0.4540,0.4540,4.5397,10.0000
2014-08-15,3.1600,3.1900,3.1500,3.1800,0.0500,1.6000,1646403.4700,521799.7130,1.5900,3.6100,0.5515,1.2621,2.0500,4.6768,4.4464,0.8078,0.1401,0.1328,3000000.0000,2985322.0000,1304463.8631,9540000.0000,9493323.9600,3.3019,4.4969,0.4525,0.4525,4.5253,9.9684
2014-08-18,3.1800,3.2400,3.1800,3.2000,0.0200,0.6300,1282059.6500,411836.2270,1.6000,3.6400,0.4295,0.9828,1.3800,4.7062,4.4744,0.8129,0.1410,0.1336,3000000.0000,2985322.0000,1304463.8631,9600000.0000,9553030.4000,3.2813,4.4688,0.4497,0.4497,4.4969,9.9057
2014-08-19,3.2100,3.2100,3.1700,3.1900,-0.0100,-0.3100,895760.4000,285644.6500,1.6000,3.6200,0.3001,0.6867,0.8700,4.6915,4.4604,0.8103,0.1405,0.1332,3000000.0000,2985322.0000,1304463.8631,9570000.0000,9523177.1800,3.2915,4.4828,0.4455,0.4455,4.4548,9.8131
2014-08-20,3.1800,3.2100,3.1700,3.2000,0.0100,0.3100,792565.3500,252662.9110,1.6000,3.6400,0.2655,0.6076,0.7400,4.7062,4.4744,0.8129,0.1410,0.1336,3000000.0000,2985322.0000,1304463.8631,9600000.0000,9553030.4000,3.2813,4.4688,0.4497,0.4497,4.4969,9.9057
2014-08-21,3.2000,3.2000,3.1500,3.1800,-0.0200,-0.6300,761452.3300,241237.2660,1.5900,3.6100,0.2551,0.5837,0.7000,4.6768,4.4464,0.8078,0.1401,0.1328,3000000.0000,2985322.0000,1304463.8631,9540000.0000,9493323.9600,3.3019,4.4969,0.4469,0.4469,4.4687,9.8437
2014-08-22,3.1700,3.1900,3.1600,3.1900,0.0100,0.3100,502826.7600,159926.4580,1.6000,3.6200,0.1684,0.3855,0.4700,4.6915,4.4604,0.8103,0.1405,0.1332,3000000.0000,2985322.0000,1304463.8631,9570000.0000,9523177.1800,3.2915,4.4828,0.4511,0.4511,4.5110,9.9369
2014-08-25,3.2000,3.2200,3.1700,3.1800,-0.0100,-0.3100,1252551.7700,399248.0590,1.5900,3.6100,0.4196,0.9629,1.4800,4.6768,4.0727,0.7600,0.1401,0.1265,3000000.0000,2985322.0000,1300765.1431,9540000.0000,9493323.9600,3.3019,4.4969,0.4469,0.4469,4.4687,9.8437
2014-08-26,3.1800,3.1900,3.1600,3.1700,-0.0100,-0.3100,715124.4000,226872.1560,1.5900,3.6000,0.2395,0.5498,0.8500,4.6621,4.0599,0.7576,0.1396,0.1261,3000000.0000,2985322.0000,1300765.1431,9510000.0000,9463470.7400,3.3123,4.5110,0.4497,0.4497,4.4969,9.9057
2014-08-27,3.1700,3.1800,3.1400,3.1500,-0.0200,-0.6300,540826.8500,170866.5390,1.5800,3.5800,0.1812,0.4158,0.6700,4.6327,4.0342,0.7528,0.1388,0.1253,3000000.0000,2985322.0000,1300765.1431,9450000.0000,9403764.3000,3.3333,4.5397,0.4511,0.4511,4.5110,9.9369
2014-08-28,3.1500,3.1500,3.1000,3.1100,-0.0400,-1.2700,866825.1100,270864.8860,1.5600,3.5300,0.2904,0.6664,1.1500,4.5739,3.9830,0.7433,0.1370,0.1237,3000000.0000,2985322.0000,1300765.1431,9330000.0000,9284351.4200,3.3762,4.5981,0.4540,0.4540,4.5397,10.0000
2014-08-29,3.1200,3.1600,3.1100,3.1400,0.0300,0.9600,669502.4200,209749.2530,1.5700,3.5700,0.2243,0.5147,0.8600,4.6180,4.0214,0.7504,0.1383,0.1249,3000000.0000,2985322.0000,1300765.1431,9420000.0000,9373911.0800,3.3439,4.5541,0.4583,0.4583,4.5833,10.0962
2014-09-01,3.1400,3.1700,3.1400,3.1600,0.0200,0.6400,573829.5200,181251.1110,1.5800,3.5900,0.1922,0.4411,0.7100,4.6474,4.0471,0.7552,0.1392,0.1257,3000000.0000,2985322.0000,1300765.1431,9480000.0000,9433617.5200,3.3228,4.5253,0.4554,0.4554,4.5541,10.0318
2014-09-02,3.1700,3.1900,3.1300,3.1900,0.0300,0.9500,1258588.7700,397762.4040,1.6000,3.6200,0.4216,0.9676,1.8700,4.6915,4.0855,0.7624,0.1405,0.1269,3000000.0000,2985322.0000,1300765.1431,9570000.0000,9523177.1800,3.2915,4.4828,0.4511,0.4511,4.5110,9.9369
2014-09-03,3.1900,3.2300,3.1800,3.2100,0.0200,0.6300,1571798.1400,504813.0840,1.6100,3.6500,0.5265,1.2084,2.0100,4.7209,4.1111,0.7672,0.1414,0.1277,3000000.0000,2985322.0000,1300765.1431,9630000.0000,9582883.6200,3.2710,4.4548,0.4483,0.4483,4.4828,9.8746
2014-09-04,3.2200,3.2900,3.2100,3.2800,0.0700,2.1800,2078676.5400,676679.1540,1.6400,3.7300,0.6963,1.5980,2.1000,4.8239,4.2007,0.7839,0.1445,0.1305,3000000.0000,2985322.0000,1300765.1431,9840000.0000,9791856.1600,3.2012,4.3598,0.4441,0.4441,4.4410,9.7826
2014-09-05,3.2800,3.3100,3.2700,3.3100,0.0300,0.9100,1438933.8200,473604.3470,1.6600,3.7600,0.4820,1.1062,1.1700,4.8680,4.2392,0.7911,0.1458,0.1317,3000000.0000,2985322.0000,1300765.1431,9930000.0000,9881415.8200,3.1722,4.3202,0.4360,0.4360,4.3598,9.6037
2014-09-09,3.3200,3.4000,3.3200,3.3600,0.0500,1.5100,1970018.3600,663564.9680,1.6800,3.8200,0.6599,1.5145,1.4200,4.9415,4.3032,0.8030,0.1480,0.1337,3000000.0000,2985322.0000,1300765.1431,10080000.0000,10030681.9200,3.1250,4.2560,0.4307,0.4307,4.3072,9.4880
2014-09-10,3.3500,3.3600,3.3100,3.3200,-0.0400,-1.1900,1098979.8600,366048.8840,1.6600,3.7700,0.3681,0.8449,0.6600,4.8827,4.2520,0.7934,0.1462,0.1321,3000000.0000,2985322.0000,1300765.1431,9960000.0000,9911269.0400,3.1627,4.3072,0.4269,0.4269,4.2687,9.4030
2014-09-11,3.3300,3.3900,3.3100,3.3300,0.0100,0.3000,1180753.4900,394291.2340,1.6700,3.7800,0.3955,0.9077,0.7200,4.8974,4.2648,0.7958,0.1467,0.1325,3000000.0000,2985322.0000,1300765.1431,9990000.0000,9941122.2600,3.1532,4.2943,0.4294,0.4294,4.2943,9.4595
2014-09-12,3.3400,3.4200,3.3200,3.3900,0.0600,1.8000,1585833.4400,535606.6790,1.7000,3.8500,0.5312,1.2192,1.0200,4.9857,4.3416,0.8102,0.1493,0.1349,3000000.0000,2985322.0000,1300765.1431,10170000.0000,10120241.5800,3.0973,4.2183,0.4281,0.4281,4.2814,9.4311
2014-09-15,3.3700,3.3700,3.3300,3.3600,-0.0300,-0.8800,1434264.8000,480407.1820,1.6800,3.8200,0.4804,1.1026,0.9900,4.9415,4.3032,0.8030,0.1480,0.1337,3000000.0000,2985322.0000,1300765.1431,10080000.0000,10030681.9200,3.1250,4.2560,0.4243,0.4243,4.2433,9.3472
2014-09-16,3.3600,3.4900,3.3200,3.3600,0.0000,0.0000,3183447.3900,1083388.0720,1.6800,3.8200,1.0664,2.4474,2.1900,4.9415,4.3032,0.8030,0.1480,0.1337,3000000.0000,2985322.0000,1300765.1431,10080000.0000,10030681.9200,3.1250,4.2560,0.4256,0.4256,4.2560,9.3750
2014-09-17,3.3700,3.4500,3.3600,3.3900,0.0300,0.8900,2097685.0000,710942.2380,1.7000,3.8500,0.7027,1.6127,1.2400,4.9857,4.3416,0.8102,0.1493,0.1349,3000000.0000,2985322.0000,1300765.1431,10170000.0000,10120241.5800,3.0973,4.2183,0.4243,0.4243,4.2433,9.3472
2014-09-18,3.3800,3.3800,3.3200,3.3400,-0.0500,-1.4700,1441514.3000,482856.9190,1.6700,3.7900,0.4829,1.1082,0.7600,4.9121,4.2776,0.7982,0.1471,0.1329,3000000.0000,2985322.0000,1300765.1431,10020000.0000,9970975.4800,3.1437,4.2814,0.4231,0.4231,4.2308,9.3195
2014-09-19,3.3400,3.3600,3.3200,3.3500,0.0100,0.3000,1211529.2600,405049.1030,1.6800,3.8100,0.4058,0.9314,0.6200,4.9268,4.2904,0.8006,0.1476,0.1333,3000000.0000,2985322.0000,1300765.1431,10050000.0000,10000828.7000,3.1343,4.2687,0.4281,0.4281,4.2814,9.4311
2014-09-22,3.3400,3.3400,3.2600,3.2700,-0.0800,-2.3900,1484959.7100,488881.9110,1.6400,3.7100,0.4974,1.1416,0.7900,4.8092,4.1879,0.7815,0.1440,0.1301,3000000.0000,2985322.0000,1300765.1431,9810000.0000,9762002.9400,3.2110,4.3731,0.4281,0.4281,4.2814,9.4311
2014-09-23,3.2800,3.3000,3.2700,3.2900,0.0200,0.6100,1064078.2100,349367.2480,1.6500,3.7400,0.3564,0.8180,0.5600,4.8386,4.2135,0.7863,0.1449,0.1309,3000000.0000,2985322.0000,1300765.1431,9870000.0000,9821709.3800,3.1915,4.3465,0.4360,0.4360,4.3598,9.6037
2014-09-24,3.2800,3.4000,3.2700,3.3800,0.0900,2.7400,2716077.9400,913587.7570,1.6900,3.8400,0.9098,2.0881,1.8600,4.9710,4.3288,0.8078,0.1489,0.1345,3000000.0000,2985322.0000,1300765.1431,10140000.0000,10090388.3600,3.1065,4.2308,0.4360,0.4360,4.3598,9.6037
2014-09-25,3.4100,3.4500,3.3800,3.4000,0.0200,0.5900,1927606.0500,658902.8910,1.7000,3.8600,0.6457,1.4819,1.2200,5.0004,4.3544,0.8126,0.1498,0.1353,3000000.0000,2985322.0000,1300765.1431,10200000.0000,10150094.8000,3.0882,4.2059,0.4194,0.4194,4.1935,9.2375
2014-09-26,3.3800,3.4100,3.3500,3.3900,-0.0100,-0.2900,1034879.8000,349558.8480,1.7000,3.8500,0.3467,0.7956,0.6200,4.9857,4.3416,0.8102,0.1493,0.1349,3000000.0000,2985322.0000,1300765.1431,10170000.0000,10120241.5800,3.0973,4.2183,0.4231,0.4231,4.2308,9.3195
2014-09-29,3.3900,3.4200,3.3500,3.3700,-0.0200,-0.5900,1474887.9100,498662.3700,1.6900,3.8300,0.4940,1.1339,0.9000,4.9562,4.3160,0.8054,0.1484,0.1341,3000000.0000,2985322.0000,1300765.1431,10110000.0000,10060535.1400,3.1157,4.2433,0.4218,0.4218,4.2183,9.2920
2014-09-30,3.3800,3.4000,3.3700,3.3900,0.0200,0.5900,1100461.6000,372536.2720,1.7000,3.8500,0.3686,0.8460,0.6700,4.9857,4.3416,0.8102,0.1493,0.1349,3000000.0000,2985322.0000,1300765.1431,10170000.0000,10120241.5800,3.0973,4.2183,0.4231,0.4231,4.2308,9.3195
2014-10-08,3.4400,3.4500,3.4100,3.4400,0.0500,1.4700,1593638.0200,546099.2150,1.7200,3.9100,0.5338,1.2252,0.9700,5.0592,4.4057,0.8221,0.1515,0.1369,3000000.0000,2985322.0000,1300765.1431,10320000.0000,10269507.6800,3.0523,4.1570,0.4157,0.4157,4.1570,9.1570
2014-10-09,3.4400,3.5100,3.4200,3.5000,0.0600,1.7400,2475439.9900,859740.8630,1.7500,3.9800,0.8292,1.9031,1.7400,5.1474,4.4825,0.8365,0.1542,0.1392,3000000.0000,2985322.0000,1300765.1431,10500000.0000,10448627.0000,3.0000,4.0857,0.4157,0.4157,4.1570,9.1570
2014-10-10,3.4800,3.5300,3.4600,3.5100,0.0100,0.2900,2398596.5300,838380.5340,1.7600,3.9900,0.8035,1.8440,1.5600,5.1621,4.4953,0.8389,0.1546,0.1396,3000000.0000,2985322.0000,1300765.1431,10530000.0000,10478480.2200,2.9915,4.0741,0.4109,0.4109,4.1092,9.0517
2014-10-13,3.4900,3.5100,3.4500,3.4600,-0.0500,-1.4200,1484087.8200,514272.6060,1.7300,3.9300,0.4971,1.1409,0.8200,5.0886,4.4313,0.8269,0.1524,0.1377,3000000.0000,2985322.0000,1300765.1431,10380000.0000,10329214.1200,3.0347,4.1329,0.4097,0.4097,4.0974,9.0258
2014-10-14,3.4600,3.5200,3.4400,3.4600,0.0000,0.0000,1634140.4600,568032.5050,1.7300,3.9300,0.5474,1.2563,0.9000,5.0886,4.4313,0.8269,0.1524,0.1377,3000000.0000,2985322.0000,1300765.1431,10380000.0000,10329214.1200,3.0347,4.1329,0.4133,0.4133,4.1329,9.1040
2014-10-15,3.4600,3.4800,3.4200,3.4400,-0.0200,-0.5800,1280795.8200,441723.3100,1.7200,3.9100,0.4290,0.9846,0.6700,5.0592,4.4057,0.8221,0.1515,0.1369,3000000.0000,2985322.0000,1300765.1431,10320000.0000,10269507.6800,3.0523,4.1570,0.4133,0.4133,4.1329,9.1040
2014-10-16,3.4400,3.5400,3.4200,3.4500,0.0100,0.2900,2608545.2300,906983.5580,1.7300,3.9200,0.8738,2.0054,1.4100,5.0739,4.4185,0.8245,0.1520,0.1373,3000000.0000,2985322.0000,1300765.1431,10350000.0000,10299360.9000,3.0435,4.1449,0.4157,0.4157,4.1570,9.1570
2014-10-17,3.4500,3.4500,3.3700,3.3900,-0.0600,-1.7400,1720181.3900,586600.2170,1.7000,3.8500,0.5762,1.3224,0.9100,4.9857,4.3416,0.8102,0.1493,0.1349,3000000.0000,2985322.0000,1300765.1431,10170000.0000,10120241.5800,3.0973,4.2183,0.4145,0.4145,4.1449,9.1304
2014-10-20,3.4000,3.4200,3.3700,3.3900,0.0000,0.0000,934733.2000,316972.2850,1.7000,3.8500,0.3131,0.7186,0.5400,4.9857,4.3416,0.8102,0.1493,0.1349,3000000.0000,2985322.0000,1300765.1431,10170000.0000,10120241.5800,3.0973,4.2183,0.4206,0.4206,4.2059,9.2647
2014-10-21,3.3900,3.3900,3.3400,3.3400,-0.0500,-1.4700,1060201.1100,356626.3160,1.6700,3.7900,0.3551,0.8151,0.6500,4.9121,4.2776,0.7982,0.1471,0.1329,3000000.0000,2985322.0000,1300765.1431,10020000.0000,9970975.4800,3.1437,4.2814,0.4218,0.4218,4.2183,9.2920
2014-10-22,3.3400,3.3600,3.3100,3.3200,-0.0200,-0.6000,888502.8700,296224.0350,1.6600,3.7700,0.2976,0.6831,0.5800,4.8827,4.2520,0.7934,0.1462,0.1321,3000000.0000,2985322.0000,1300765.1431,9960000.0000,9911269.0400,3.1627,4.3072,0.4281,0.4281,4.2814,9.4311
2014-10-23,3.3100,3.3400,3.2700,3.2900,-0.0300,-0.9000,1090360.5400,360695.7260,1.6500,3.7400,0.3652,0.8382,0.7600,4.8386,4.2135,0.7863,0.1449,0.1309,3000000.0000,2985322.0000,1300765.1431,9870000.0000,9821709.3800,3.1915,4.3465,0.4320,0.4320,4.3202,9.5166
2014-10-24,3.2900,3.3000,3.2500,3.2600,-0.0300,-0.9100,931652.4500,305013.0690,1.6300,3.7000,0.3121,0.7162,0.8200,4.7945,4.1751,0.7791,0.1436,0.1297,3000000.0000,2985322.0000,1300765.1431,9780000.0000,9732149.7200,3.2209,4.3865,0.4347,0.4347,4.3465,9.5745
2014-10-27,3.2500,3.2500,3.1800,3.1900,-0.0700,-2.1500,1348166.8800,432530.2000,1.6000,3.6200,0.4516,1.0364,1.3700,4.6915,4.0855,0.7624,0.1405,0.1269,3000000.0000,2985322.0000,1300765.1431,9570000.0000,9523177.1800,3.2915,4.4828,0.4400,0.4400,4.4000,9.6923
2014-10-28,3.2100,3.3000,3.1900,3.3000,0.1100,3.4500,1694964.2400,551647.5200,1.6500,3.7500,0.5678,1.3031,1.5900,4.8533,4.2264,0.7887,0.1454,0.1313,3000000.0000,2985322.0000,1300765.1431,9900000.0000,9851562.6000,3.1818,4.3333,0.4455,0.4455,4.4548,9.8131
2014-10-29,3.3000,3.4200,3.2800,3.3800,0.0800,2.4200,2282164.4700,764067.2960,1.6900,3.8400,0.7645,1.7545,1.9200,4.9710,4.3288,0.8078,0.1489,0.1345,3000000.0000,2985322.0000,1300765.1431,10140000.0000,10090388.3600,3.1065,4.2308,0.4333,0.4333,4.3333,9.5455
2014-10-30,3.3800,3.4900,3.3600,3.4700,0.0900,2.6600,3997166.1200,1377091.0150,1.7400,3.9400,1.3389,3.0729,2.7200,5.1033,4.4441,0.8293,0.1529,0.1381,3000000.0000,2985322.0000,1300765.1431,10410000.0000,10359067.3400,3.0259,4.1210,0.4231,0.4231,4.2308,9.3195
2014-10-31,3.4900,3.5100,3.4200,3.4800,0.0100,0.2900,3293387.3500,1144080.3640,1.7400,3.9500,1.1032,2.5319,1.6100,5.1180,4.3718,0.7866,0.1533,0.1361,3000000.0000,2985322.0000,1300765.1431,10440000.0000,10388920.5600,3.0172,4.1092,0.4097,0.4097,4.0974,9.0258
2014-11-03,3.4900,3.6300,3.4900,3.5900,0.1100,3.1600,4713474.6100,1684584.6390,1.8000,4.0800,1.5789,3.6236,1.8700,5.2798,4.5100,0.8114,0.1581,0.1404,3000000.0000,2985322.0000,1300765.1431,10770000.0000,10717305.9800,2.9248,3.9833,0.4097,0.4097,4.0974,9.0258
2014-11-04,3.5700,3.9500,3.5700,3.8700,0.2800,7.8000,9894808.0600,3756373.0420,1.9400,4.4000,3.3145,7.6069,3.1000,5.6916,4.8617,0.8747,0.1705,0.1513,3000000.0000,2985322.0000,1300765.1431,11610000.0000,11553196.1400,2.7132,3.6951,0.4006,0.4006,4.0056,8.8235
2014-11-05,3.8900,3.9200,3.7200,3.7300,-0.1400,-3.6200,5230148.9900,1976007.3320,1.8700,4.2400,1.7520,4.0208,1.0800,5.4857,4.6859,0.8431,0.1643,0.1459,3000000.0000,2985322.0000,1300765.1431,11190000.0000,11135251.0600,2.8150,3.8338,0.3676,0.3676,3.6761,8.0977
2014-11-06,3.7200,3.8500,3.6500,3.8100,0.0800,2.1400,4622559.9900,1730672.5150,1.9100,4.3300,1.5484,3.5537,0.8500,5.6033,4.7864,0.8611,0.1678,0.1490,3000000.0000,2985322.0000,1300765.1431,11430000.0000,11374076.8200,2.7559,3.7533,0.3844,0.3844,3.8441,8.4677
2014-11-07,3.8100,3.8700,3.6400,3.6700,-0.1400,-3.6700,4782032.8000,1793897.5150,1.8400,4.1700,1.6018,3.6763,0.8600,5.3975,4.6105,0.8295,0.1617,0.1435,3000000.0000,2985322.0000,1300765.1431,11010000.0000,10956131.7400,2.8610,3.8965,0.3753,0.3753,3.7533,8.2677
2014-11-10,3.7800,4.0400,3.7000,4.0400,0.3700,10.0800,12939416.4500,5138833.5930,2.0200,4.5900,4.3343,9.9475,2.2100,5.9416,5.0753,0.9131,0.1780,0.1580,3000000.0000,2985322.0000,1300765.1431,12120000.0000,12060700.8800,2.5990,3.5396,0.3783,0.3783,3.7831,8.3333
2014-11-11,4.0500,4.1100,3.9600,4.0300,-0.0100,-0.2500,9653436.9500,3890500.2570,2.0200,4.5800,3.2336,7.4214,1.2900,5.9269,5.0627,0.9109,0.1775,0.1576,3000000.0000,2985322.0000,1300765.1431,12090000.0000,12030847.6600,2.6055,3.5484,0.3531,0.3531,3.5309,7.7778
2014-11-12,3.9900,4.0200,3.9200,4.0100,-0.0200,-0.5000,5332130.0400,2120301.4250,2.0100,4.5600,1.7861,4.0992,0.7200,5.8975,5.0376,0.9063,0.1766,0.1568,3000000.0000,2985322.0000,1300765.1431,12030000.0000,11971141.2200,2.6185,3.5661,0.3584,0.3584,3.5840,7.8947
2014-11-13,4.0000,4.0600,3.9200,3.9700,-0.0400,-1.0000,4435084.1200,1768029.1380,1.9900,4.5100,1.4856,3.4096,0.5900,5.8387,4.9874,0.8973,0.1749,0.1552,3000000.0000,2985322.0000,1300765.1431,11910000.0000,11851728.3400,2.6448,3.6020,0.3575,0.3575,3.5750,7.8750
2014-11-14,3.9400,4.0100,3.8900,4.0000,0.0300,0.7600,3357935.9500,1321811.0130,2.0000,4.5400,1.1248,2.5815,0.4500,5.8828,5.0251,0.9041,0.1762,0.1564,3000000.0000,2985322.0000,1300765.1431,12000000.0000,11941288.0000,2.6250,3.5750,0.3629,0.3629,3.6294,7.9949
2014-11-17,4.0600,4.0700,3.9200,3.9300,-0.0700,-1.7500,3625164.7900,1438833.5840,1.9700,4.4600,1.2143,2.7869,0.5100,5.7798,4.9371,0.8883,0.1731,0.1537,3000000.0000,2985322.0000,1300765.1431,11790000.0000,11732315.4600,2.6718,3.6387,0.3522,0.3522,3.5222,7.7586
2014-11-18,3.9100,3.9200,3.8000,3.8100,-0.1200,-3.0500,3767340.7500,1449944.9750,1.9100,4.3300,1.2620,2.8962,0.7100,5.6033,4.7864,0.8611,0.1678,0.1490,3000000.0000,2985322.0000,1300765.1431,11430000.0000,11374076.8200,2.7559,3.7533,0.3657,0.3657,3.6573,8.0563
2014-11-19,3.8000,3.8200,3.7300,3.7500,-0.0600,-1.5700,2949303.2800,1109876.9320,1.8800,4.2600,0.9879,2.2674,0.7200,5.5151,4.7110,0.8476,0.1652,0.1466,3000000.0000,2985322.0000,1300765.1431,11250000.0000,11194957.5000,2.8000,3.8133,0.3763,0.3763,3.7632,8.2895
2014-11-20,3.7300,3.8100,3.7200,3.7600,0.0100,0.2700,2035590.0300,766759.0480,1.8800,4.2700,0.6819,1.5649,0.5600,5.5298,4.7235,0.8498,0.1656,0.1470,3000000.0000,2985322.0000,1300765.1431,11280000.0000,11224810.7200,2.7926,3.8032,0.3834,0.3834,3.8338,8.4450
2014-11-21,3.7600,3.8200,3.7300,3.8100,0.0500,1.3300,2768883.1700,1044942.0100,1.9100,4.3300,0.9275,2.1287,0.8800,5.6033,4.7864,0.8611,0.1678,0.1490,3000000.0000,2985322.0000,1300765.1431,11430000.0000,11374076.8200,2.7559,3.7533,0.3803,0.3803,3.8032,8.3777
2014-11-24,3.9500,4.0700,3.8900,4.0100,0.2000,5.2500,8651211.2800,3449895.6540,2.0100,4.5600,2.8979,6.6509,2.8600,5.8975,5.0376,0.9063,0.1766,0.1568,3000000.0000,2985322.0000,1300765.1431,12030000.0000,11971141.2200,2.6185,3.5661,0.3620,0.3620,3.6203,7.9747
2014-11-25,4.0000,4.0300,3.9600,4.0200,0.0100,0.2500,3612581.6000,1444094.2420,2.0100,4.5700,1.2101,2.7773,0.9000,5.9122,5.0502,0.9086,0.1771,0.1572,3000000.0000,2985322.0000,1300765.1431,12060000.0000,12000994.4400,2.6119,3.5572,0.3575,0.3575,3.5750,7.8750
2014-11-26,4.0300,4.0700,3.9600,4.0500,0.0300,0.7500,4495252.3900,1807028.2990,2.0300,4.6000,1.5058,3.4559,1.1200,5.9563,5.0879,0.9154,0.1784,0.1584,3000000.0000,2985322.0000,1300765.1431,12150000.0000,12090554.1000,2.5926,3.5309,0.3548,0.3548,3.5484,7.8164
2014-11-27,4.0800,4.1100,3.9900,4.0400,-0.0100,-0.2500,3943601.8900,1592551.6330,2.0200,4.5900,1.3210,3.0318,0.9100,5.9416,5.0753,0.9131,0.1780,0.1580,3000000.0000,2985322.0000,1300765.1431,12120000.0000,12060700.8800,2.5990,3.5396,0.3505,0.3505,3.5049,7.7206
2014-11-28,4.0300,4.1800,3.9700,4.1800,0.1400,3.4700,9081851.3100,3705124.3340,2.0900,4.7500,3.0422,6.9819,1.9300,6.1475,5.2512,0.9448,0.1841,0.1635,3000000.0000,2985322.0000,1300765.1431,12540000.0000,12478645.9600,2.5120,3.4211,0.3548,0.3548,3.5484,7.8164
2014-12-01,4.2100,4.4300,4.2100,4.2200,0.0400,0.9600,8859458.1900,3808650.6330,2.1100,4.7900,2.9677,6.8110,1.4900,6.2063,5.3014,0.9538,0.1859,0.1650,3000000.0000,2985322.0000,1300765.1431,12660000.0000,12598058.8400,2.4882,3.3886,0.3397,0.3397,3.3967,7.4822
2014-12-02,4.1900,4.4700,4.1700,4.4200,0.2000,4.7400,7778547.9400,3390560.1870,2.2100,5.0200,2.6056,5.9800,1.3000,6.5005,5.5527,0.9990,0.1947,0.1728,3000000.0000,2985322.0000,1300765.1431,13260000.0000,13195123.2400,2.3756,3.2353,0.3413,0.3413,3.4129,7.5179
2014-12-03,4.5000,4.7000,4.3800,4.4900,0.0700,1.5800,10294876.5300,4693353.9420,2.2500,5.1000,3.4485,7.9145,1.5100,6.6034,5.6406,1.0148,0.1978,0.1756,3000000.0000,2985322.0000,1300765.1431,13470000.0000,13404095.7800,2.3385,3.1849,0.3178,0.3178,3.1778,7.0000
2014-12-04,4.4800,4.7500,4.4600,4.7000,0.2100,4.6800,9550283.1500,4382040.3080,2.3500,5.3400,3.1991,7.3421,1.2000,6.9123,5.9044,1.0623,0.2070,0.1838,3000000.0000,2985322.0000,1300765.1431,14100000.0000,14031013.4000,2.2340,3.0426,0.3192,0.3192,3.1920,7.0312
2014-12-05,4.7600,4.7800,4.4600,4.5700,-0.1300,-2.7700,9561444.5100,4413396.6250,2.2900,5.1900,3.2028,7.3506,1.0500,6.7211,5.7411,1.0329,0.2013,0.1787,3000000.0000,2985322.0000,1300765.1431,13710000.0000,13642921.5400,2.2976,3.1291,0.3004,0.3004,3.0042,6.6176
2014-12-08,4.6000,5.0300,4.5500,5.0300,0.4600,10.0700,13180991.1500,6439992.0970,2.5200,5.7100,4.4153,10.1333,1.4300,7.3976,6.3190,1.1369,0.2216,0.1967,3000000.0000,2985322.0000,1300765.1431,15090000.0000,15016169.6600,2.0875,2.8429,0.3109,0.3109,3.1087,6.8478
2014-12-09,5.1000,5.5300,4.9200,5.0100,-0.0200,-0.4000,21751587.0600,11524554.0770,2.5100,5.6900,7.2862,16.7221,2.1600,7.3682,6.2939,1.1324,0.2207,0.1959,3000000.0000,2985322.0000,1300765.1431,15030000.0000,14956463.2200,2.0958,2.8543,0.2804,0.2804,2.8039,6.1765
2014-12-10,5.1100,5.4800,5.0600,5.4000,0.3900,7.7800,12659171.0500,6671260.0650,2.7000,6.1300,4.2405,9.7321,0.9800,7.9418,6.7838,1.2205,0.2379,0.2112,3000000.0000,2985322.0000,1300765.1431,16200000.0000,16120738.8000,1.9444,2.6481,0.2798,0.2798,2.7984,6.1644
2014-12-11,5.4300,5.6600,5.2100,5.4100,0.0100,0.1900,9486691.7200,5143844.1920,2.7100,6.1500,3.1778,7.2932,0.7100,7.9565,6.7964,1.2228,0.2383,0.2115,3000000.0000,2985322.0000,1300765.1431,16230000.0000,16150592.0200,1.9409,2.6433,0.2634,0.2634,2.6335,5.8011
2014-12-12,5.3900,5.5800,5.2300,5.4200,0.0100,0.1800,7419611.0600,3999131.0320,2.7100,6.1600,2.4854,5.7040,0.5600,7.9712,6.8089,1.2250,0.2387,0.2119,3000000.0000,2985322.0000,1300765.1431,16260000.0000,16180445.2400,1.9373,2.6384,0.2653,0.2653,2.6531,5.8442
2014-12-15,5.4000,5.9600,5.3000,5.9600,0.5400,9.9600,13059166.2000,7403777.8190,2.9800,6.7700,4.3745,10.0396,1.0100,8.7653,7.4873,1.3471,0.2625,0.2331,3000000.0000,2985322.0000,1300765.1431,17880000.0000,17792519.1200,1.7617,2.3993,0.2648,0.2648,2.6481,5.8333
2014-12-16,6.0700,6.1700,5.7800,5.9900,0.0300,0.5000,13224747.2100,7921184.1410,3.0000,6.8000,4.4299,10.1669,1.0300,8.8095,7.5250,1.3539,0.2639,0.2342,3000000.0000,2985322.0000,1300765.1431,17970000.0000,17882078.7800,1.7529,2.3873,0.2356,0.2356,2.3558,5.1895
2014-12-17,5.9900,6.2400,5.8300,6.0200,0.0300,0.5000,10313883.2000,6222040.1260,3.0100,6.8400,3.4549,7.9291,0.9200,8.8536,7.5627,1.3606,0.2652,0.2354,3000000.0000,2985322.0000,1300765.1431,18060000.0000,17971638.4400,1.7442,2.3754,0.2387,0.2387,2.3873,5.2588
2014-12-18,6.0000,6.4600,5.9200,6.2500,0.2300,3.8200,11744752.7400,7270031.8890,3.1300,7.1000,3.9342,9.0291,1.1000,9.1918,7.8516,1.4126,0.2753,0.2444,3000000.0000,2985322.0000,1300765.1431,18750000.0000,18658262.5000,1.6800,2.2880,0.2383,0.2383,2.3833,5.2500
2014-12-19,6.2100,6.8800,6.1500,6.8800,0.6300,10.0800,15785807.2100,10430809.7010,3.4400,7.8200,5.2878,12.1358,1.4200,10.1184,8.6431,1.5550,0.3031,0.2690,3000000.0000,2985322.0000,1300765.1431,20640000.0000,20539015.3600,1.5262,2.0785,0.2303,0.2303,2.3027,5.0725
2014-12-22,7.2200,7.5500,6.4600,6.7100,-0.1700,-2.4700,18990370.9200,13384842.9020,3.3600,7.6200,6.3612,14.5994,1.4800,9.8684,8.4295,1.5166,0.2956,0.2624,3000000.0000,2985322.0000,1300765.1431,20130000.0000,20031510.6200,1.5648,2.1311,0.1981,0.1981,1.9806,4.3629
2014-12-23,6.4800,6.9500,6.0500,6.3000,-0.4100,-6.1100,10951108.7800,7058504.2010,3.1500,7.1600,3.6683,8.4190,0.7800,9.2654,7.9145,1.4239,0.2775,0.2463,3000000.0000,2985322.0000,1300765.1431,18900000.0000,18807528.6000,1.6667,2.2698,0.2207,0.2207,2.2068,4.8611
2014-12-24,6.4000,6.4700,6.0000,6.1100,-0.1900,-3.0200,8595104.7500,5331318.0110,3.0600,6.9400,2.8791,6.6077,0.6300,8.9859,7.6758,1.3810,0.2691,0.2389,3000000.0000,2985322.0000,1300765.1431,18330000.0000,18240317.4200,1.7185,2.3404,0.2234,0.2234,2.2344,4.9219
2014-12-25,6.1400,6.7200,6.0400,6.7100,0.6000,9.8200,11949618.5300,7642569.6620,3.3600,7.6200,4.0028,9.1866,0.9000,9.8684,8.4295,1.5166,0.2956,0.2624,3000000.0000,2985322.0000,1300765.1431,20130000.0000,20031510.6200,1.5648,2.1311,0.2329,0.2329,2.3290,5.1303
2014-12-26,6.6000,7.0500,6.4300,6.7100,0.0000,0.0000,15081594.9700,10149597.1870,3.3600,7.6200,5.0519,11.5944,1.1400,9.8684,8.4295,1.5166,0.2956,0.2624,3000000.0000,2985322.0000,1300765.1431,20130000.0000,20031510.6200,1.5648,2.1311,0.2167,0.2167,2.1667,4.7727
2014-12-29,6.5600,7.3800,6.5100,7.2800,0.5700,8.4900,20914269.5100,14798938.7730,3.6400,8.2700,7.0057,16.0784,1.5900,10.7067,9.1456,1.6454,0.3207,0.2847,3000000.0000,2985322.0000,1300765.1431,21840000.0000,21733144.1600,1.4423,1.9643,0.2180,0.2180,2.1799,4.8018
2014-12-30,7.1500,7.3400,7.0600,7.1700,-0.1100,-1.5100,12508540.6100,8973287.7480,3.5900,8.1500,4.1900,9.6163,0.9300,10.5449,9.0074,1.6206,0.3158,0.2804,3000000.0000,2985322.0000,1300765.1431,21510000.0000,21404758.7400,1.4644,1.9944,0.2000,0.2000,2.0000,4.4056
2014-12-31,7.1900,7.4900,6.9800,7.2800,0.1100,1.5300,11296930.8400,8155220.0610,3.6400,8.2700,3.7842,8.6848,0.8200,10.7067,9.1456,1.6454,0.3207,0.2847,3000000.0000,2985322.0000,1300765.1431,21840000.0000,21733144.1600,1.4423,1.9643,0.1989,0.1989,1.9889,4.3811
2015-01-05,7.3800,7.5700,7.1900,7.3400,0.0600,0.8200,11453479.7700,8477409.0160,3.6700,8.3400,3.8366,8.8052,0.8000,10.7949,9.2210,1.6843,0.3233,0.2870,3000000.0000,2985322.0000,1300765.1431,22020000.0000,21912263.4800,1.9482,1.9482,0.2331,0.2331,2.3306,5.0407
2015-01-06,7.1900,7.2800,6.9200,7.0700,-0.2700,-3.6800,11650559.3900,8261142.0490,3.5400,8.0300,3.9026,8.9567,0.8200,10.3978,8.8818,1.6224,0.3114,0.2765,3000000.0000,2985322.0000,1300765.1431,21210000.0000,21106226.5400,2.0226,2.0226,0.2392,0.2392,2.3922,5.1739
2015-01-07,7.0800,7.2000,7.0300,7.1000,0.0300,0.4200,6776836.5800,4815422.8210,3.5500,8.0700,2.2701,5.2099,0.5000,10.4419,8.9195,1.6293,0.3128,0.2776,3000000.0000,2985322.0000,1300765.1431,21300000.0000,21195786.2000,2.0141,2.0141,0.2429,0.2429,2.4294,5.2542
2015-01-08,7.0400,7.0800,6.6200,6.6600,-0.4400,-6.2000,8796063.3400,5963859.9760,3.3300,7.5700,2.9464,6.7622,0.8200,9.7948,8.3667,1.5283,0.2934,0.2604,3000000.0000,2985322.0000,1300765.1431,19980000.0000,19882244.5200,2.1471,2.1471,0.2443,0.2443,2.4432,5.2841
2015-01-09,6.6500,6.9900,6.5300,6.6500,-0.0100,-0.1500,8995626.9600,6092542.9140,3.3300,7.5500,3.0133,6.9156,0.9000,9.7801,8.3542,1.5260,0.2929,0.2600,3000000.0000,2985322.0000,1300765.1431,19950000.0000,19852391.3000,2.1504,2.1504,0.2586,0.2586,2.5865,5.5940
2015-01-12,6.5800,6.6000,6.3000,6.3600,-0.2900,-4.3600,6354708.9600,4090993.7830,3.1800,7.2200,2.1287,4.8854,0.6700,9.3536,7.9898,1.4595,0.2802,0.2487,3000000.0000,2985322.0000,1300765.1431,19080000.0000,18986647.9200,2.2484,2.2484,0.2614,0.2614,2.6140,5.6535
2015-01-13,6.3100,6.4400,6.2800,6.3200,-0.0400,-0.6300,3994551.8800,2535445.6380,3.1600,7.1800,1.3381,3.0709,0.4700,9.2948,7.9396,1.4503,0.2784,0.2471,3000000.0000,2985322.0000,1300765.1431,18960000.0000,18867235.0400,2.2627,2.2627,0.2726,0.2726,2.7258,5.8954
2015-01-14,6.3900,6.4400,6.2400,6.3200,0.0000,0.0000,3823359.9300,2426713.8570,3.1600,7.1800,1.2807,2.9393,0.5500,9.2948,7.9396,1.4503,0.2784,0.2471,3000000.0000,2985322.0000,1300765.1431,18960000.0000,18867235.0400,2.2627,2.2627,0.2692,0.2692,2.6917,5.8216
2015-01-15,6.3500,6.6600,6.2700,6.6500,0.3300,5.2200,6270009.7600,4067816.6100,3.3300,7.5500,2.1003,4.8202,0.9800,9.7801,8.3542,1.5260,0.2929,0.2600,3000000.0000,2985322.0000,1300765.1431,19950000.0000,19852391.3000,2.1504,2.1504,0.2709,0.2709,2.7087,5.8583
2015-01-16,6.6500,6.8700,6.6000,6.6800,0.0300,0.4500,5907853.6500,3973755.6700,3.3400,7.5900,1.9790,4.5418,1.0000,9.8242,8.3918,1.5329,0.2943,0.2612,3000000.0000,2985322.0000,1300765.1431,20040000.0000,19941950.9600,2.1407,2.1407,0.2586,0.2586,2.5865,5.5940
2015-01-19,6.2000,6.3800,6.0100,6.0100,-0.6700,-10.0300,7567303.7500,4649268.0190,3.0100,6.8300,2.5348,5.8176,1.4400,8.8389,7.5501,1.3791,0.2647,0.2350,3000000.0000,2985322.0000,1300765.1431,18030000.0000,17941785.2200,2.3794,2.3794,0.2774,0.2774,2.7742,6.0000
2015-01-20,5.9500,6.1700,5.9200,6.0200,0.0100,0.1700,6693907.2600,4044815.4920,3.0100,6.8400,2.2423,5.1461,1.2100,8.8536,7.5627,1.3814,0.2652,0.2354,3000000.0000,2985322.0000,1300765.1431,18060000.0000,17971638.4400,2.3754,2.3754,0.2891,0.2891,2.8908,6.2521
2015-01-21,6.0400,6.3200,5.9300,6.2800,0.2600,4.3200,7891696.9100,4837722.7670,3.1400,7.1300,2.6435,6.0670,1.3000,9.2360,7.8893,1.4411,0.2766,0.2456,3000000.0000,2985322.0000,1300765.1431,18840000.0000,18747822.1600,2.2771,2.2771,0.2848,0.2848,2.8477,6.1589
2015-01-22,6.2700,6.3000,6.1300,6.2200,-0.0600,-0.9600,4800158.2900,2982591.4290,3.1100,7.0700,1.6079,3.6903,0.7000,9.1477,7.8140,1.4273,0.2740,0.2432,3000000.0000,2985322.0000,1300765.1431,18660000.0000,18568702.8400,2.2990,2.2990,0.2743,0.2743,2.7432,5.9330
2015-01-23,6.2300,6.3900,6.1800,6.2300,0.0100,0.1600,5834028.4500,3666946.5720,3.1200,7.0800,1.9542,4.4851,0.8900,9.1624,7.8265,1.4296,0.2744,0.2436,3000000.0000,2985322.0000,1300765.1431,18690000.0000,18598556.0600,2.2953,2.2953,0.2761,0.2761,2.7608,5.9711
2015-01-26,6.2300,6.2400,6.1200,6.2100,-0.0200,-0.3200,3124551.0800,1928397.4840,3.1100,7.0500,1.0466,2.4021,0.4800,9.1330,7.8014,1.4250,0.2735,0.2428,3000000.0000,2985322.0000,1300765.1431,18630000.0000,18538849.6200,2.3027,2.3027,0.2761,0.2761,2.7608,5.9711
2015-01-27,6.2700,6.4400,6.2000,6.3900,0.1800,2.9000,7858720.8600,4970932.5540,3.2000,7.2600,2.6325,6.0416,1.3900,9.3977,8.0275,1.4663,0.2815,0.2499,3000000.0000,2985322.0000,1300765.1431,19170000.0000,19076207.5800,2.2379,2.2379,0.2743,0.2743,2.7432,5.9330
2015-01-28,6.3000,6.3700,6.2000,6.2200,-0.1700,-2.6600,4565679.5700,2863663.8270,3.1100,7.0700,1.5294,3.5100,0.7700,9.1477,7.8140,1.4273,0.2740,0.2432,3000000.0000,2985322.0000,1300765.1431,18660000.0000,18568702.8400,2.2990,2.2990,0.2730,0.2730,2.7302,5.9048
2015-01-29,6.1200,6.2000,6.0500,6.1000,-0.1200,-1.9300,3444868.8400,2106488.2140,3.0500,6.9300,1.1539,2.6483,0.6600,8.9712,7.6632,1.3998,0.2687,0.2385,3000000.0000,2985322.0000,1300765.1431,18300000.0000,18210464.2000,2.3443,2.3443,0.2810,0.2810,2.8105,6.0784
2015-01-30,6.1200,6.1700,5.8600,5.8800,-0.2200,-3.6100,4791890.5200,2866029.7050,2.9400,6.6800,1.6052,3.6839,0.9700,8.6477,7.3868,1.3493,0.2590,0.2299,3000000.0000,2985322.0000,1300765.1431,17640000.0000,17553693.3600,2.4320,2.4320,0.2810,0.2810,2.8105,6.0784
2015-02-02,5.6900,5.6900,5.5200,5.5300,-0.3500,-5.9500,4615250.6100,2587513.3830,2.7700,6.2800,1.5460,3.5481,0.9700,8.1329,6.9471,1.2690,0.2436,0.2162,3000000.0000,2985322.0000,1300765.1431,16590000.0000,16508830.6600,2.5859,2.5859,0.3023,0.3023,3.0228,6.5378
2015-02-03,5.6000,5.9800,5.5300,5.9000,0.3700,6.6900,5518525.1600,3155719.3860,2.9500,6.7000,1.8486,4.2425,1.0900,8.6771,7.4120,1.3539,0.2599,0.2307,3000000.0000,2985322.0000,1300765.1431,17700000.0000,17613399.8000,2.4237,2.4237,0.3071,0.3071,3.0714,6.6429
2015-02-04,5.8700,6.0000,5.8100,5.8400,-0.0600,-1.0200,4294557.5800,2529956.9440,2.9200,6.6300,1.4386,3.3016,0.9400,8.5889,7.3366,1.3401,0.2573,0.2284,3000000.0000,2985322.0000,1300765.1431,17520000.0000,17434280.4800,2.4486,2.4486,0.2930,0.2930,2.9302,6.3373
2015-02-05,6.0000,6.0600,5.6100,5.6200,-0.2200,-3.7700,4180965.4600,2445147.9290,2.8100,6.3800,1.4005,3.2142,0.9200,8.2653,7.0602,1.2896,0.2476,0.2198,3000000.0000,2985322.0000,1300765.1431,16860000.0000,16777509.6400,2.5445,2.5445,0.2867,0.2867,2.8667,6.2000
2015-02-06,5.6000,5.7300,5.4500,5.5300,-0.0900,-1.6000,3587552.2900,2008446.7170,2.7700,6.2800,1.2017,2.7580,0.7700,8.1329,6.9471,1.2690,0.2436,0.2162,3000000.0000,2985322.0000,1300765.1431,16590000.0000,16508830.6600,2.5859,2.5859,0.3071,0.3071,3.0714,6.6429
2015-02-09,5.5200,5.7400,5.5000,5.6200,0.0900,1.6300,3429847.5600,1926704.7600,2.8100,6.3800,1.1489,2.6368,0.7700,8.2653,7.0602,1.2896,0.2476,0.2198,3000000.0000,2985322.0000,1300765.1431,16860000.0000,16777509.6400,2.5445,2.5445,0.3116,0.3116,3.1159,6.7391
2015-02-10,5.6000,5.8300,5.5500,5.8000,0.1800,3.2000,3557870.2400,2041841.8510,2.9000,6.5900,1.1918,2.7352,0.8500,8.5300,7.2863,1.3309,0.2555,0.2268,3000000.0000,2985322.0000,1300765.1431,17400000.0000,17314867.6000,2.4655,2.4655,0.3071,0.3071,3.0714,6.6429
2015-02-11,5.8000,5.9500,5.7800,5.8000,0.0000,0.0000,2379892.1100,1393266.4540,2.9000,6.5900,0.7972,1.8296,0.6200,8.5300,7.2863,1.3309,0.2555,0.2268,3000000.0000,2985322.0000,1300765.1431,17400000.0000,17314867.6000,2.4655,2.4655,0.2966,0.2966,2.9655,6.4138
2015-02-12,5.8000,5.9000,5.7400,5.8500,0.0500,0.8600,2350701.9200,1371847.4130,2.9300,6.6500,0.7874,1.8072,0.6900,8.6036,7.3491,1.3424,0.2577,0.2288,3000000.0000,2985322.0000,1300765.1431,17550000.0000,17464133.7000,2.4444,2.4444,0.2966,0.2966,2.9655,6.4138
2015-02-13,5.9000,6.0200,5.7900,5.9100,0.0600,1.0300,4012682.3600,2384716.2720,2.9600,6.7100,1.3441,3.0849,1.3100,8.6918,7.4245,1.3562,0.2603,0.2311,3000000.0000,2985322.0000,1300765.1431,17730000.0000,17643253.0200,2.4196,2.4196,0.2915,0.2915,2.9153,6.3051
2015-02-16,5.9400,6.0700,5.8900,6.0200,0.1100,1.8600,3289578.5200,1975779.0590,3.0100,6.8400,1.1019,2.5290,1.0500,8.8536,7.5627,1.3814,0.2652,0.2354,3000000.0000,2985322.0000,1300765.1431,18060000.0000,17971638.4400,2.3754,2.3754,0.2896,0.2896,2.8956,6.2626
2015-02-17,6.0400,6.0500,5.9700,6.0000,-0.0200,-0.3300,2698702.7800,1621888.8800,3.0000,6.8200,0.9040,2.0747,0.8700,8.8242,7.5376,1.3768,0.2643,0.2346,3000000.0000,2985322.0000,1300765.1431,18000000.0000,17911932.0000,2.3833,2.3833,0.2848,0.2848,2.8477,6.1589
2015-02-25,6.0400,6.0400,5.9300,5.9500,-0.0500,-0.8300,2165558.6800,1295827.2740,2.9800,6.7600,0.7254,1.6648,0.7400,8.7506,7.4748,1.3654,0.2621,0.2327,3000000.0000,2985322.0000,1300765.1431,17850000.0000,17762665.9000,2.4034,2.4034,0.2848,0.2848,2.8477,6.1589
2015-02-26,5.9400,6.4800,5.8700,6.4700,0.5200,8.7400,10157662.9000,6375172.9390,3.2400,7.3500,3.4025,7.8090,3.5000,9.5154,8.1280,1.4847,0.2850,0.2530,3000000.0000,2985322.0000,1300765.1431,19410000.0000,19315033.3400,2.2102,2.2102,0.2896,0.2896,2.8956,6.2626
2015-02-27,6.4100,6.5600,6.3800,6.4100,-0.0600,-0.9300,6666642.1200,4298175.5510,3.2100,7.2800,2.2331,5.1252,1.4900,9.4272,8.0526,1.4709,0.2824,0.2507,3000000.0000,2985322.0000,1300765.1431,19230000.0000,19135914.0200,2.2309,2.2309,0.2683,0.2683,2.6833,5.8034
2015-03-02,6.5100,6.5400,6.3200,6.3800,-0.0300,-0.4700,4403316.7200,2815265.6690,3.1900,7.2500,1.4750,3.3852,0.8800,9.3830,8.0150,1.4640,0.2810,0.2495,3000000.0000,2985322.0000,1300765.1431,19140000.0000,19046354.3600,2.2414,2.2414,0.2642,0.2642,2.6421,5.7143
2015-03-03,6.3300,6.4100,6.1700,6.2200,-0.1600,-2.5100,5963974.3000,3725765.5360,3.1100,7.0700,1.9978,4.5850,1.1400,9.1477,7.8140,1.4273,0.2740,0.2432,3000000.0000,2985322.0000,1300765.1431,18660000.0000,18568702.8400,2.2990,2.2990,0.2717,0.2717,2.7172,5.8768
2015-03-04,6.2100,6.2500,6.1300,6.1700,-0.0500,-0.8000,3483466.1400,2150089.5270,3.0900,7.0100,1.1669,2.6780,0.5900,9.0742,7.7511,1.4159,0.2718,0.2413,3000000.0000,2985322.0000,1300765.1431,18510000.0000,18419436.7400,2.3177,2.3177,0.2770,0.2770,2.7697,5.9903
2015-03-05,6.1400,6.1400,5.9600,6.0600,-0.1100,-1.7800,4369736.4000,2636657.2140,3.0300,6.8800,1.4637,3.3594,0.7100,8.9124,7.6130,1.3906,0.2669,0.2370,3000000.0000,2985322.0000,1300765.1431,18180000.0000,18091051.3200,2.3597,2.3597,0.2801,0.2801,2.8013,6.0586
2015-03-06,6.0400,6.1100,6.0100,6.0500,-0.0100,-0.1700,2593732.1300,1574654.0030,3.0300,6.8700,0.8688,1.9940,0.5200,8.8977,7.6004,1.3883,0.2665,0.2366,3000000.0000,2985322.0000,1300765.1431,18150000.0000,18061198.1000,2.3636,2.3636,0.2848,0.2848,2.8477,6.1589
2015-03-09,6.0000,6.1300,5.8900,6.1100,0.0600,0.9900,3616244.9700,2172952.3540,3.0600,6.9400,1.2113,2.7801,0.8700,8.9859,7.6758,1.4021,0.2691,0.2389,3000000.0000,2985322.0000,1300765.1431,18330000.0000,18240317.4200,2.3404,2.3404,0.2867,0.2867,2.8667,6.2000
2015-03-10,6.0800,6.0900,6.0100,6.0300,-0.0800,-1.3100,2202574.4400,1331332.6420,3.0200,6.8500,0.7378,1.6933,0.5500,8.8683,7.5753,1.3837,0.2656,0.2358,3000000.0000,2985322.0000,1300765.1431,18090000.0000,18001491.6600,2.3715,2.3715,0.2829,0.2829,2.8289,6.1184
2015-03-11,6.0300,6.1100,6.0200,6.0600,0.0300,0.5000,2436895.2800,1480563.5370,3.0300,6.8800,0.8163,1.8734,0.7500,8.9124,7.6130,1.3906,0.2669,0.2370,3000000.0000,2985322.0000,1300765.1431,18180000.0000,18091051.3200,2.3597,2.3597,0.2852,0.2852,2.8524,6.1692
2015-03-12,6.1000,6.2500,6.0100,6.2100,0.1500,2.4800,5020800.9700,3091635.4600,3.1100,7.0500,1.6818,3.8599,1.6500,9.1330,7.8014,1.4250,0.2735,0.2428,3000000.0000,2985322.0000,1300765.1431,18630000.0000,18538849.6200,2.3027,2.3027,0.2820,0.2820,2.8197,6.0984
2015-03-13,6.2300,6.4400,6.1900,6.2500,0.0400,0.6400,5143761.6100,3234915.1700,3.1300,7.1000,1.7230,3.9544,1.6200,9.1918,7.8516,1.4342,0.2753,0.2444,3000000.0000,2985322.0000,1300765.1431,18750000.0000,18658262.5000,2.2880,2.2880,0.2761,0.2761,2.7608,5.9711
2015-03-16,6.2900,6.3900,6.2400,6.3200,0.0700,1.1200,4038464.2100,2548586.1300,3.1600,7.1800,1.3528,3.1047,1.1000,9.2948,7.9396,1.4503,0.2784,0.2471,3000000.0000,2985322.0000,1300765.1431,18960000.0000,18867235.0400,2.2627,2.2627,0.2734,0.2734,2.7345,5.9141
2015-03-17,6.3900,6.6100,6.3900,6.4900,0.1700,2.6900,8679971.7700,5627716.0690,3.2500,7.3700,2.9075,6.6730,2.3000,9.5448,8.1531,1.4893,0.2859,0.2538,3000000.0000,2985322.0000,1300765.1431,19470000.0000,19374739.7800,2.2034,2.2034,0.2692,0.2692,2.6917,5.8216
2015-03-18,6.5000,6.5700,6.4400,6.5600,0.0700,1.0800,7045177.7200,4587873.0800,3.2800,7.4500,2.3599,5.4162,1.3900,9.6478,8.2411,1.5053,0.2890,0.2565,3000000.0000,2985322.0000,1300765.1431,19680000.0000,19583712.3200,2.1799,2.1799,0.2646,0.2646,2.6462,5.7231
2015-03-19,6.5800,6.9400,6.5100,6.8200,0.2600,3.9600,11280478.5800,7675033.5070,3.4100,7.7500,3.7786,8.6722,1.8800,10.0301,8.5677,1.5650,0.3004,0.2667,3000000.0000,2985322.0000,1300765.1431,20460000.0000,20359896.0400,2.0968,2.0968,0.2614,0.2614,2.6140,5.6535
2015-03-20,6.8300,6.8500,6.6700,6.7200,-0.1000,-1.4700,6904268.0100,4650224.6790,3.3600,7.6300,2.3127,5.3079,0.9500,9.8831,8.4421,1.5421,0.2960,0.2628,3000000.0000,2985322.0000,1300765.1431,20160000.0000,20061363.8400,2.1280,2.1280,0.2518,0.2518,2.5183,5.4466
2015-03-23,6.8200,6.9900,6.8200,6.9400,0.2200,3.2700,8588547.3100,5951044.7070,3.4700,7.8800,2.8769,6.6027,1.1300,10.2066,8.7185,1.5925,0.3057,0.2714,3000000.0000,2985322.0000,1300765.1431,20820000.0000,20718134.6800,2.0605,2.0605,0.2522,0.2522,2.5220,5.4545
2015-03-24,6.9500,6.9600,6.6200,6.8000,-0.1400,-2.0200,8906043.7000,6037970.6580,3.4000,7.7200,2.9833,6.8468,1.0500,10.0007,8.5426,1.5604,0.2995,0.2659,3000000.0000,2985322.0000,1300765.1431,20400000.0000,20300189.6000,2.1029,2.1029,0.2475,0.2475,2.4748,5.3525
2015-03-25,6.9200,6.9500,6.7000,6.8200,0.0200,0.2900,7653114.9700,5221880.5810,3.4100,7.7500,2.5636,5.8835,0.9000,10.0301,8.5677,1.5650,0.3004,0.2667,3000000.0000,2985322.0000,1300765.1431,20460000.0000,20359896.0400,2.0968,2.0968,0.2486,0.2486,2.4855,5.3757
2015-03-26,6.8200,7.1200,6.7500,7.0100,0.1900,2.7900,10920308.8000,7605367.0910,3.5100,7.9600,3.6580,8.3953,1.2600,10.3096,8.8064,1.6086,0.3088,0.2741,3000000.0000,2985322.0000,1300765.1431,21030000.0000,20927107.2200,2.0399,2.0399,0.2522,0.2522,2.5220,5.4545
2015-03-27,7.0500,7.3900,6.9100,7.2200,0.2100,3.0000,12001049.6400,8587334.9400,3.6100,8.2000,4.0200,9.2261,1.4000,10.6184,9.0702,1.6568,0.3180,0.2823,3000000.0000,2985322.0000,1300765.1431,21660000.0000,21554024.8400,1.9806,1.9806,0.2440,0.2440,2.4397,5.2766
2015-03-30,7.4200,7.9400,7.3100,7.9400,0.7200,9.9700,18290027.1000,14186532.5670,3.9700,9.0200,6.1267,14.0610,1.9000,11.6773,9.9747,1.8220,0.3498,0.3105,3000000.0000,2985322.0000,1300765.1431,23820000.0000,23703456.6800,1.8010,1.8010,0.2318,0.2318,2.3181,5.0135
2015-03-31,8.2500,8.2800,7.6400,7.6700,-0.2700,-3.4000,17400030.6700,13800070.0180,3.8400,8.7100,5.8285,13.3768,1.5100,11.2802,9.6355,1.7601,0.3379,0.2999,3000000.0000,2985322.0000,1300765.1431,23010000.0000,22897419.7400,1.8644,1.8644,0.2085,0.2085,2.0848,4.5091
2015-04-01,7.6400,7.7900,7.6000,7.6900,0.0200,0.2600,8547513.7700,6567043.8250,3.8500,8.7400,2.8632,6.5711,0.6400,11.3096,9.6607,1.7647,0.3387,0.3007,3000000.0000,2985322.0000,1300765.1431,23070000.0000,22957126.1800,1.8596,1.8596,0.2251,0.2251,2.2513,4.8691
2015-04-02,7.6900,7.7200,7.4200,7.5200,-0.1700,-2.2100,8095255.5700,6108152.2770,3.7600,8.5400,2.7117,6.2235,0.6000,11.0596,9.4471,1.7256,0.3313,0.2941,3000000.0000,2985322.0000,1300765.1431,22560000.0000,22449621.4400,1.9016,1.9016,0.2237,0.2237,2.2367,4.8375
2015-04-03,7.4500,7.6300,7.3900,7.5300,0.0100,0.1300,5985746.5300,4488671.9880,3.7700,8.5500,2.0051,4.6017,0.4700,11.0743,9.4597,1.7279,0.3317,0.2944,3000000.0000,2985322.0000,1300765.1431,22590000.0000,22479474.6600,1.8991,1.8991,0.2309,0.2309,2.3087,4.9933
2015-04-07,7.5900,7.6700,7.5100,7.6000,0.0700,0.9300,6597869.5300,4997083.0120,3.8000,8.6300,2.2101,5.0723,0.5700,11.1773,9.5476,1.7440,0.3348,0.2972,3000000.0000,2985322.0000,1300765.1431,22800000.0000,22688447.2000,1.8816,1.8816,0.2266,0.2266,2.2661,4.9012
2015-04-08,7.6200,8.0500,7.5200,7.8000,0.2000,2.6300,11197840.1600,8716727.1630,3.9000,8.8600,3.7510,8.6087,1.2000,11.4714,9.7989,1.7899,0.3436,0.3050,3000000.0000,2985322.0000,1300765.1431,23400000.0000,23285511.6000,1.8333,1.8333,0.2257,0.2257,2.2572,4.8819
2015-04-09,7.7900,7.7900,7.4000,7.5300,-0.2700,-3.4600,8708005.4000,6562975.6750,3.7700,8.5500,2.9169,6.6945,1.0800,11.0743,9.4597,1.7279,0.3317,0.2944,3000000.0000,2985322.0000,1300765.1431,22590000.0000,22479474.6600,1.8991,1.8991,0.2208,0.2208,2.2080,4.7754
2015-04-10,7.5200,7.6000,7.4300,7.5800,0.0500,0.6600,5698776.6600,4291547.7070,3.7900,8.6100,1.9089,4.3811,0.7000,11.1479,9.5225,1.7394,0.3339,0.2964,3000000.0000,2985322.0000,1300765.1431,22740000.0000,22628740.7600,1.8865,1.8865,0.2287,0.2287,2.2872,4.9468
2015-04-13,7.6000,7.7500,7.5400,7.7200,0.1400,1.8500,8040480.0000,6176241.9060,3.8600,8.7700,2.6933,6.1813,1.0500,11.3538,9.6984,1.7715,0.3401,0.3019,3000000.0000,2985322.0000,1300765.1431,23160000.0000,23046685.8400,1.8523,1.8523,0.2263,0.2263,2.2632,4.8947
2015-04-14,7.7300,8.1200,7.6500,7.9600,0.2400,3.1100,11749144.5200,9320433.2880,3.9800,9.0400,3.9356,9.0325,1.4600,11.7067,9.9999,1.8266,0.3506,0.3113,3000000.0000,2985322.0000,1300765.1431,23880000.0000,23763163.1200,1.7965,1.7965,0.2225,0.2225,2.2251,4.8124
2015-04-15,8.0000,8.7600,7.8700,8.2800,0.3200,4.0200,17883588.6800,14884986.1660,4.1500,9.4100,5.9905,13.7485,1.9700,12.1774,10.4019,1.9000,0.3647,0.3238,3000000.0000,2985322.0000,1300765.1431,24840000.0000,24718466.1600,1.7271,1.7271,0.2150,0.2150,2.1500,4.6500
2015-04-16,8.1000,8.5200,8.0100,8.3600,0.0800,0.9700,11679012.3900,9675500.2140,4.1900,9.5000,3.9121,8.9786,1.1200,12.2950,10.5024,1.9184,0.3683,0.3269,3000000.0000,2985322.0000,1300765.1431,25080000.0000,24957291.9200,1.7105,1.7105,0.2123,0.2123,2.1235,4.5926
2015-04-17,8.4900,9.1900,8.3700,9.0300,0.6700,8.0100,16998354.0100,15148053.0660,4.5200,10.2600,5.6940,13.0680,1.5400,13.2804,11.3441,2.0721,0.3978,0.3531,3000000.0000,2985322.0000,1300765.1431,27090000.0000,26957457.6600,1.5836,1.5836,0.2026,0.2026,2.0259,4.3816
2015-04-20,9.1400,9.9300,8.8300,9.8500,0.8200,9.0800,26898189.4900,25615583.9880,4.9300,11.1900,9.0101,20.6787,2.0300,14.4864,12.3742,2.2603,0.4339,0.3852,3000000.0000,2985322.0000,1300765.1431,29550000.0000,29405421.7000,1.4518,1.4518,0.1882,0.1882,1.8818,4.0700
2015-04-21,9.8000,9.8000,8.9800,9.2900,-0.5600,-5.6900,19200583.0000,17772826.7210,4.6500,10.5500,6.4317,14.7610,1.1300,12.3483,12.3483,2.0340,0.3484,0.3484,3000000.0000,2985322.0000,1300765.1431,27870000.0000,27733641.3800,1.5393,1.5393,0.1755,0.1755,1.7551,3.7959
2015-04-22,9.3000,9.9300,9.0900,9.5400,0.2500,2.6900,14306515.5300,13660883.3630,4.7800,10.8400,4.7923,10.9985,0.7700,12.6806,12.6806,2.0887,0.3577,0.3577,3000000.0000,2985322.0000,1300765.1431,28620000.0000,28479971.8800,1.4990,1.4990,0.1849,0.1849,1.8495,4.0000
2015-04-23,9.5500,9.7900,9.3000,9.4000,-0.1400,-1.4700,10600743.6300,10058455.8550,4.7100,10.6800,3.5510,8.1496,0.5900,12.4945,12.4945,2.0581,0.3525,0.3525,3000000.0000,2985322.0000,1300765.1431,28200000.0000,28062026.8000,1.5213,1.5213,0.1801,0.1801,1.8010,3.8953
2015-04-24,9.1800,9.6300,8.9500,9.3400,-0.0600,-0.6400,11680954.9700,10785713.8840,4.6800,10.6100,3.9128,8.9801,0.6600,12.4147,12.4147,2.0449,0.3502,0.3502,3000000.0000,2985322.0000,1300765.1431,28020000.0000,27882907.4800,1.5310,1.5310,0.1874,0.1874,1.8736,4.0523
2015-04-27,9.4500,10.2500,9.3500,10.0800,0.7400,7.9200,18869865.6600,18342201.1580,5.0500,11.4500,6.3209,14.5067,1.1400,13.3983,13.3983,2.2069,0.3780,0.3780,3000000.0000,2985322.0000,1300765.1431,30240000.0000,30092045.7600,1.4187,1.4187,0.1820,0.1820,1.8201,3.9365
2015-04-28,9.9900,10.7700,9.8000,10.3100,0.2300,2.2800,19998691.7700,20660660.1100,5.1600,11.7100,6.6990,15.3746,1.3400,13.7041,13.7041,2.2573,0.3866,0.3866,3000000.0000,2985322.0000,1300765.1431,30930000.0000,30778669.8200,1.3870,1.3870,0.1722,0.1722,1.7217,3.7237
2015-04-29,10.2000,10.2000,9.6600,9.9100,-0.4000,-3.8800,11459137.1500,11384470.6660,4.9600,11.2600,3.8385,8.8095,0.7600,13.1724,13.1724,2.1697,0.3716,0.3716,3000000.0000,2985322.0000,1300765.1431,29730000.0000,29584541.0200,1.4430,1.4430,0.1686,0.1686,1.6863,3.6471
2015-04-30,10.0600,10.9000,10.0500,10.9000,0.9900,9.9900,19346079.4600,20736333.3270,5.4600,12.3800,6.4804,14.8728,1.3300,14.4883,13.8742,2.2994,0.4087,0.3940,3000000.0000,2985322.0000,1300765.1431,32700000.0000,32540009.8000,1.3119,1.3119,0.1710,0.1710,1.7097,3.6978
2015-05-04,11.2000,11.9900,11.1100,11.9900,1.0900,10.0000,15448069.2400,18205631.4230,6.0000,13.6200,5.1747,11.8761,0.9500,15.9371,15.2617,2.5294,0.4496,0.4335,3000000.0000,2985322.0000,1300765.1431,35970000.0000,35794010.7800,1.1927,1.1927,0.1536,0.1536,1.5357,3.3214
2015-05-05,12.4000,12.5200,10.7900,10.8000,-1.1900,-9.9200,24749824.2100,28286585.0670,5.4100,12.2700,8.2905,19.0271,1.4500,14.3554,13.7469,2.2783,0.4050,0.3904,3000000.0000,2985322.0000,1300765.1431,32400000.0000,32241477.6000,1.3241,1.3241,0.1387,0.1387,1.3871,3.0000
2015-05-06,10.7000,11.0900,10.2600,10.4800,-0.3200,-2.9600,14565430.5900,15451301.5790,5.2500,11.9100,4.8790,11.1976,0.8000,13.9300,13.3396,2.2108,0.3930,0.3789,3000000.0000,2985322.0000,1300765.1431,31440000.0000,31286174.5600,1.3645,1.3645,0.1607,0.1607,1.6075,3.4766
2015-05-07,10.2900,10.2900,9.4300,9.4300,-1.0500,-10.0200,12805793.8100,12563436.4510,4.7200,10.7100,4.2896,9.8448,0.7500,12.5344,12.0031,1.9893,0.3536,0.3409,3000000.0000,2985322.0000,1300765.1431,28290000.0000,28151586.4600,1.5164,1.5164,0.1672,0.1672,1.6715,3.6152
2015-05-08,9.5900,9.8300,9.1500,9.7700,0.3400,3.6100,12513984.6200,11926060.6890,4.8900,11.1000,4.1918,9.6205,0.7200,12.9863,12.4359,2.0611,0.3664,0.3532,3000000.0000,2985322.0000,1300765.1431,29310000.0000,29166595.9400,1.4637,1.4637,0.1794,0.1794,1.7935,3.8790
2015-05-11,9.7600,10.1800,9.6500,10.0600,0.2900,2.9700,12123777.3900,12055201.8220,5.0400,11.4300,4.0611,9.3205,0.7600,13.3718,12.8050,2.1222,0.3772,0.3637,3000000.0000,2985322.0000,1300765.1431,30180000.0000,30032339.3200,1.4215,1.4215,0.1762,0.1762,1.7623,3.8115
2015-05-12,10.0600,10.4100,9.9000,10.3400,0.2800,2.7800,12122036.5200,12300086.2960,5.1800,11.7500,4.0605,9.3192,0.7900,13.7439,13.1614,2.1813,0.3877,0.3738,3000000.0000,2985322.0000,1300765.1431,31020000.0000,30868229.4800,1.3830,1.3830,0.1710,0.1710,1.7097,3.6978
2015-05-13,10.2300,10.3600,9.8500,9.9500,-0.3900,-3.7700,10122510.4800,10184180.7170,4.9800,11.3000,3.3908,7.7820,0.7900,13.2255,12.6650,2.0990,0.3731,0.3597,3000000.0000,2985322.0000,1300765.1431,29850000.0000,29703953.9000,1.4372,1.4372,0.1681,0.1681,1.6813,3.6364
2015-05-14,9.8700,9.8700,9.5300,9.7600,-0.1900,-1.9100,8217867.2200,7961489.5650,4.8900,11.0900,2.7528,6.3177,0.6900,12.9730,12.4232,2.0589,0.3660,0.3528,3000000.0000,2985322.0000,1300765.1431,29280000.0000,29136742.7200,1.4652,1.4652,0.1743,0.1743,1.7427,3.7690
2015-05-15,9.6600,9.7400,9.4400,9.5100,-0.2500,-2.5600,6604978.2000,6327302.9800,4.7600,10.8000,2.2125,5.0778,0.6000,12.6407,12.1049,2.0062,0.3566,0.3438,3000000.0000,2985322.0000,1300765.1431,28530000.0000,28390412.2200,1.5037,1.5037,0.1781,0.1781,1.7805,3.8509
2015-05-18,9.3800,9.5000,9.2100,9.2200,-0.2900,-3.0500,6720416.9700,6262196.1830,4.6200,10.4700,2.2512,5.1665,0.6800,12.2552,11.7358,1.9450,0.3457,0.3333,3000000.0000,2985322.0000,1300765.1431,27660000.0000,27524668.8400,1.5510,1.5510,0.1834,0.1834,1.8337,3.9659
2015-05-19,9.2200,9.7500,9.2000,9.6800,0.4600,4.9900,7714620.1000,7380069.6460,4.8500,11.0000,2.5842,5.9308,0.8800,12.8667,12.3213,2.0421,0.3630,0.3499,3000000.0000,2985322.0000,1300765.1431,29040000.0000,28897916.9600,1.4773,1.4773,0.1866,0.1866,1.8655,4.0347
2015-05-20,9.7000,9.9300,9.4800,9.6500,-0.0300,-0.3100,9102240.8600,8813068.5410,4.8300,10.9600,3.0490,6.9976,1.1600,12.8268,12.2831,2.0357,0.3619,0.3489,3000000.0000,2985322.0000,1300765.1431,28950000.0000,28808357.3000,1.4819,1.4819,0.1773,0.1773,1.7732,3.8351
2015-05-21,9.6000,9.7400,9.4600,9.6600,0.0100,0.1000,6299353.2400,6039089.4690,4.8400,10.9700,2.1101,4.8428,0.8200,12.8401,12.2959,2.0379,0.3622,0.3492,3000000.0000,2985322.0000,1300765.1431,28980000.0000,28838210.5200,1.4803,1.4803,0.1792,0.1792,1.7917,3.8750
2015-05-22,9.7100,10.5300,9.7100,10.2900,0.6300,6.5200,13077177.4000,13229398.3840,5.1500,11.6900,4.3805,10.0535,1.7900,13.6775,13.0978,2.1708,0.3859,0.3720,3000000.0000,2985322.0000,1300765.1431,30870000.0000,30718963.3800,1.3897,1.3897,0.1771,0.1771,1.7714,3.8311
2015-05-25,10.2800,10.8800,10.1900,10.7900,0.5000,4.8600,12625861.8100,13396922.5870,5.4000,12.2600,4.2293,9.7065,1.4700,14.3421,13.7342,2.2762,0.4046,0.3901,3000000.0000,2985322.0000,1300765.1431,32370000.0000,32211624.3800,1.3253,1.3253,0.1673,0.1673,1.6732,3.6187
2015-05-26,11.1100,11.2500,10.5800,10.8700,0.0800,0.7400,12736323.7700,13899392.4340,5.4400,12.3500,4.2663,9.7914,1.3000,14.4484,13.8360,2.2931,0.4076,0.3930,3000000.0000,2985322.0000,1300765.1431,32610000.0000,32450450.1400,1.3155,1.3155,0.1548,0.1548,1.5482,3.3483
2015-05-27,10.8700,10.8700,10.4000,10.4400,-0.4300,-3.9600,10822166.9300,11385497.5260,5.2300,11.8600,3.6251,8.3198,1.0100,13.8768,13.2887,2.2024,0.3915,0.3774,3000000.0000,2985322.0000,1300765.1431,31320000.0000,31166761.6800,1.3697,1.3697,0.1582,0.1582,1.5823,3.4223
2015-05-28,10.3000,10.5600,9.5000,9.5600,-0.8800,-8.4300,12729645.9900,12861964.9270,4.7900,10.8600,4.2641,9.7863,1.1500,12.7072,12.1686,2.0168,0.3585,0.3456,3000000.0000,2985322.0000,1300765.1431,28680000.0000,28539678.3200,1.4958,1.4958,0.1670,0.1670,1.6699,3.6117
2015-05-29,9.5800,9.7400,8.8000,9.3100,-0.2500,-2.6200,9815161.4100,9127649.0200,4.6600,10.5800,3.2878,7.5457,0.7900,12.3749,11.8504,1.9640,0.3491,0.3366,3000000.0000,2985322.0000,1300765.1431,27930000.0000,27793347.8200,1.5360,1.5360,0.1795,0.1795,1.7954,3.8831
2015-06-01,9.3200,9.7700,9.2000,9.7600,0.4500,4.8300,8080745.9900,7696031.7410,4.8900,11.0900,2.7068,6.2123,0.6900,12.9730,12.4232,2.0589,0.3660,0.3528,3000000.0000,2985322.0000,1300765.1431,29280000.0000,29136742.7200,1.4652,1.4652,0.1845,0.1845,1.8455,3.9914
2015-06-02,9.7600,10.3000,9.5200,10.0600,0.3000,3.0700,9821923.5500,9757074.4760,5.0400,11.4300,3.2901,7.5509,0.9100,13.3718,12.8050,2.1222,0.3772,0.3637,3000000.0000,2985322.0000,1300765.1431,30180000.0000,30032339.3200,1.4215,1.4215,0.1762,0.1762,1.7623,3.8115
2015-06-03,10.0300,10.3000,9.8000,9.9700,-0.0900,-0.8900,9308461.1200,9340213.4050,4.9900,11.3300,3.1181,7.1561,0.9100,13.2521,12.6905,2.1033,0.3739,0.3604,3000000.0000,2985322.0000,1300765.1431,29910000.0000,29763660.3400,1.4343,1.4343,0.1715,0.1715,1.7149,3.7089
2015-06-04,9.9100,9.9300,9.0700,9.6900,-0.2800,-2.8100,9331839.7400,8898603.1590,4.8500,11.0100,3.1259,7.1741,0.9400,12.8799,12.3341,2.0442,0.3634,0.3503,3000000.0000,2985322.0000,1300765.1431,29070000.0000,28927770.1800,1.4757,1.4757,0.1736,0.1736,1.7356,3.7538
2015-06-05,9.8000,10.1600,9.7200,10.1500,0.4600,4.7500,12154354.8200,12102506.6050,5.0800,11.5300,4.0714,9.3440,1.3100,13.4914,12.9196,2.1412,0.3806,0.3669,3000000.0000,2985322.0000,1300765.1431,30450000.0000,30301018.3000,1.4089,1.4089,0.1755,0.1755,1.7551,3.7959
2015-06-08,10.2300,10.5500,9.9500,10.4600,0.3100,3.0500,15563270.3300,15943494.6960,5.2400,11.8800,5.2133,11.9647,1.6000,13.9034,13.3142,2.2066,0.3922,0.3781,3000000.0000,2985322.0000,1300765.1431,31380000.0000,31226468.1200,1.3671,1.3671,0.1681,0.1681,1.6813,3.6364
2015-06-09,10.4900,10.5200,9.9900,10.0900,-0.3700,-3.5400,11107707.6300,11289260.0840,5.0500,11.4600,3.7208,8.5394,0.9900,13.4116,12.8432,2.1286,0.3784,0.3648,3000000.0000,2985322.0000,1300765.1431,30270000.0000,30121898.9800,1.4172,1.4172,0.1640,0.1640,1.6397,3.5462
2015-06-10,9.9000,10.0900,9.8000,9.9400,-0.1500,-1.4900,7180295.4600,7138356.1730,4.9800,11.2900,2.4052,5.5201,0.6200,13.2122,12.6523,2.0969,0.3727,0.3593,3000000.0000,2985322.0000,1300765.1431,29820000.0000,29674100.6800,1.4386,1.4386,0.1737,0.1737,1.7374,3.7576
2015-06-11,9.9700,10.0400,9.6600,9.7900,-0.1500,-1.5100,7351122.3700,7213072.6300,4.9000,11.1200,2.4624,5.6514,0.6600,13.0129,12.4613,2.0653,0.3671,0.3539,3000000.0000,2985322.0000,1300765.1431,29370000.0000,29226302.3800,1.4607,1.4607,0.1725,0.1725,1.7252,3.7312
2015-06-12,9.8000,9.9000,9.6600,9.7600,-0.0300,-0.3100,5986764.7000,5841132.2350,4.8900,11.0900,2.0054,4.6025,0.5600,12.9730,12.4232,2.0589,0.3660,0.3528,3000000.0000,2985322.0000,1300765.1431,29280000.0000,29136742.7200,1.4652,1.4652,0.1755,0.1755,1.7551,3.7959
2015-06-15,9.7700,9.8600,9.6200,9.6600,-0.1000,-1.0200,6292468.1600,6122212.1230,4.8400,10.9700,2.1078,4.8375,0.6700,12.8401,12.2959,2.0379,0.3622,0.3492,3000000.0000,2985322.0000,1300765.1431,28980000.0000,28838210.5200,1.4803,1.4803,0.1760,0.1760,1.7605,3.8076
2015-06-16,9.4900,9.4900,8.8500,9.0100,-0.6500,-6.7300,6894469.9000,6309622.1550,4.5900,10.4200,2.3095,5.3003,0.9100,11.9761,11.4685,1.9723,0.3379,0.3257,3000000.0000,2985322.0000,1300765.1431,27030000.0000,26897751.2200,1.5871,3.4961,0.1812,0.1812,1.8124,3.9199
2015-06-17,9.0100,9.2800,8.8200,9.2100,0.2000,2.2200,5916204.8200,5335687.3710,4.7000,10.6600,1.9818,4.5482,0.8800,12.2419,11.7231,2.0161,0.3454,0.3330,3000000.0000,2985322.0000,1300765.1431,27630000.0000,27494815.6200,1.5527,1.8675,0.1909,0.1909,1.9090,4.1287
2015-06-18,9.1800,9.1800,8.8000,8.8100,-0.4000,-4.3400,4953210.0900,4448021.7940,4.4900,10.1900,1.6592,3.8079,0.7600,11.7103,11.2139,1.9285,0.3304,0.3185,3000000.0000,2985322.0000,1300765.1431,26430000.0000,26300686.8200,1.6232,1.9523,0.1874,0.1874,1.8736,4.0523
2015-06-19,8.6900,8.7700,7.9700,8.0500,-0.7600,-8.6300,6911939.8600,5773362.7750,4.1000,9.3100,2.3153,5.3137,1.1500,10.7001,10.2466,1.7622,0.3019,0.2910,3000000.0000,2985322.0000,1300765.1431,24150000.0000,24031842.1000,1.7764,2.1366,0.1979,0.1979,1.9793,4.2808
2015-06-23,8.0700,8.3400,7.6300,8.3300,0.2800,3.4800,6436831.9400,5217079.3950,4.2500,9.6400,2.1562,4.9485,1.0400,11.0722,10.6030,1.8234,0.3124,0.3011,3000000.0000,2985322.0000,1300765.1431,24990000.0000,24867732.2600,1.7167,2.0648,0.2131,0.2131,2.1314,4.6097
2015-06-24,8.3600,8.5600,8.2800,8.4700,0.1400,1.6800,6007198.8800,5055561.6870,4.3200,9.8000,2.0122,4.6182,0.9700,11.2583,10.7812,1.8541,0.3176,0.3062,3000000.0000,2985322.0000,1300765.1431,25410000.0000,25285677.3400,1.6883,2.0307,0.2057,0.2057,2.0574,4.4498
2015-06-25,8.6000,8.7400,8.1600,8.2600,-0.2100,-2.4800,6739607.4700,5758343.1850,4.2100,9.5600,2.2576,5.1813,1.1100,10.9792,10.5139,1.8081,0.3097,0.2986,3000000.0000,2985322.0000,1300765.1431,24780000.0000,24658759.7200,1.7312,2.0823,0.2000,0.2000,2.0000,4.3256
2015-06-26,8.0500,8.5000,7.4500,7.7200,-0.5400,-6.5400,8957969.4200,7200994.1800,3.9400,8.9300,3.0007,6.8867,1.4400,10.2614,9.8265,1.6899,0.2895,0.2791,3000000.0000,2985322.0000,1300765.1431,23160000.0000,23046685.8400,1.8523,2.2280,0.2137,0.2137,2.1366,4.6211
2015-06-29,8.0600,8.1100,7.0000,7.6200,-0.1000,-1.3000,9657261.2700,7392771.6370,3.8900,8.8200,3.2349,7.4243,1.3800,10.1285,9.6992,1.6680,0.2857,0.2755,3000000.0000,2985322.0000,1300765.1431,22860000.0000,22748153.6400,1.8766,2.2572,0.2134,0.2134,2.1340,4.6154
2015-06-30,7.6800,8.3500,7.3600,8.3100,0.6900,9.0600,9596375.3400,7547775.0930,4.2400,9.6100,3.2145,7.3775,1.2700,11.0457,10.5775,1.8191,0.3116,0.3004,3000000.0000,2985322.0000,1300765.1431,24930000.0000,24808025.8200,1.7208,2.0698,0.2240,0.2240,2.2396,4.8438
2015-07-01,8.1100,8.3700,7.8000,7.8300,-0.4800,-5.7800,7326745.7600,5959041.2450,3.9900,9.0600,2.4543,5.6326,0.8900,10.4076,9.9665,1.7140,0.2936,0.2831,3000000.0000,2985322.0000,1300765.1431,23490000.0000,23375071.2600,1.8263,2.1967,0.2121,0.2121,2.1208,4.5869
2015-07-02,7.9300,7.9900,7.2600,7.4300,-0.4000,-5.1100,6205259.5400,4759648.3390,3.7900,8.6000,2.0786,4.7705,0.7300,9.8760,9.4574,1.6264,0.2786,0.2686,3000000.0000,2985322.0000,1300765.1431,22290000.0000,22180942.4600,1.9246,2.3149,0.2169,0.2169,2.1690,4.6910
2015-07-03,7.3000,7.5000,6.6900,6.7800,-0.6500,-8.7500,7760842.4300,5442391.0520,3.4600,7.8400,2.5997,5.9664,0.9300,9.0120,8.6300,1.4841,0.2542,0.2451,3000000.0000,2985322.0000,1300765.1431,20340000.0000,20240483.1600,2.1091,2.5369,0.2356,0.2356,2.3562,5.0959
2015-07-06,7.4600,7.4600,6.8000,7.1800,0.4000,5.9000,11786864.7500,8444214.1980,3.6600,8.3100,3.9483,9.0615,1.4500,9.5437,9.1392,1.5717,0.2692,0.2596,3000000.0000,2985322.0000,1300765.1431,21540000.0000,21434611.9600,1.9916,2.3955,0.2306,0.2306,2.3056,4.9866
2015-07-07,7.0000,7.7000,6.9200,7.5700,0.3900,5.4300,13468538.1900,9909116.7060,3.8600,8.7600,4.5116,10.3543,1.5800,10.0620,9.6356,1.6571,0.2839,0.2737,3000000.0000,2985322.0000,1300765.1431,22710000.0000,22598887.5400,1.8890,2.2721,0.2457,0.2457,2.4571,5.3143
2015-07-08,7.0000,7.7800,6.8100,7.2500,-0.3200,-4.2300,14425308.8100,10598904.3850,3.7000,8.3900,4.8321,11.0899,1.5500,9.6367,9.2283,1.5870,0.2719,0.2621,3000000.0000,2985322.0000,1300765.1431,21750000.0000,21643584.5000,1.9724,2.3724,0.2457,0.2457,2.4571,5.3143
2015-07-09,7.2500,7.9800,7.2500,7.9800,0.7300,10.0700,9850158.2600,7592332.2580,4.0700,9.2300,3.2995,7.5726,0.9200,10.6070,10.1575,1.7468,0.2992,0.2885,3000000.0000,2985322.0000,1300765.1431,23940000.0000,23822869.5600,1.7920,2.1554,0.2372,0.2372,2.3724,5.1310
2015-07-10,7.9800,8.7700,7.8600,8.7000,0.7200,9.0200,13019504.9600,11131715.9100,4.4400,10.0700,4.3543,9.9831,1.1400,11.5640,11.0739,1.9044,0.3262,0.3145,3000000.0000,2990055.9794,1304149.1225,26100000.0000,26013487.0208,1.6437,1.9770,0.2155,0.2155,2.1554,4.6617
2015-07-13,8.6500,9.0800,8.3900,8.7200,0.0200,0.2300,13011282.1200,11351755.4290,4.4500,10.0900,4.3515,9.9768,1.0400,11.5906,11.0994,1.9088,0.3270,0.3152,3000000.0000,2990055.9794,1304149.1225,26160000.0000,26073288.1404,1.6399,1.9725,0.1988,0.1988,1.9884,4.3006
2015-07-14,8.4700,8.6100,7.9100,8.0300,-0.6900,-7.9100,9029247.3500,7482953.1540,4.0900,9.2900,3.0198,6.9235,0.7100,10.6735,10.2211,1.7578,0.3011,0.2903,3000000.0000,2990055.9794,1304149.1225,24090000.0000,24010149.5146,1.7808,2.1420,0.2031,0.2031,2.0307,4.3920
2015-07-15,7.8900,7.9400,7.3200,7.8700,-0.1600,-1.9900,6468497.3900,4963954.5700,4.0100,9.1100,2.1633,4.9599,0.5500,10.4608,10.0174,1.7227,0.2951,0.2845,3000000.0000,2990055.9794,1304149.1225,23610000.0000,23531740.5579,1.8170,2.1855,0.2180,0.2180,2.1800,4.7148
2015-07-16,7.8700,8.0900,7.6400,7.8700,0.0000,0.0000,4001827.6200,3154661.2820,4.0100,9.1100,1.3384,3.0685,0.3900,10.4608,10.0174,1.7227,0.2951,0.2845,3000000.0000,2990055.9794,1304149.1225,23610000.0000,23531740.5579,1.8170,2.1855,0.2186,0.2186,2.1855,4.7268
2015-07-17,7.8800,8.2900,7.7200,8.1400,0.2700,3.4300,5624457.3200,4518018.6010,4.1500,9.4200,1.8811,4.3127,0.6200,10.8197,10.3611,1.7819,0.3052,0.2943,3000000.0000,2990055.9794,1304149.1225,24420000.0000,24339055.6723,1.7568,2.1130,0.2183,0.2183,2.1827,4.7208
2015-07-20,8.0700,8.3700,7.9500,8.1900,0.0500,0.6100,6476737.5700,5291555.5210,4.1800,9.4800,2.1661,4.9663,0.8500,10.8861,10.4248,1.7928,0.3071,0.2961,3000000.0000,2990055.9794,1304149.1225,24570000.0000,24488558.4713,1.7460,2.1001,0.2131,0.2131,2.1314,4.6097
2015-07-21,8.0500,8.4000,8.0100,8.2000,0.0100,0.1200,6219401.5700,5130892.6620,4.1800,9.4900,2.0800,4.7689,0.9800,10.8994,10.4375,1.7950,0.3075,0.2964,3000000.0000,2990055.9794,1304149.1225,24600000.0000,24518459.0311,1.7439,2.0976,0.2137,0.2137,2.1366,4.6211
2015-07-22,8.1200,8.1900,7.8900,8.0100,-0.1900,-2.3200,5096343.3100,4091549.2440,4.0800,9.2700,1.7044,3.9078,0.8900,10.6469,10.1956,1.7534,0.3004,0.2896,3000000.0000,2990055.9794,1304149.1225,24030000.0000,23950348.3950,1.7853,2.1473,0.2118,0.2118,2.1182,4.5813
2015-07-23,7.9800,8.2000,7.9500,8.1400,0.1300,1.6200,4830172.9900,3908414.8840,4.1500,9.4200,1.6154,3.7037,0.8800,10.8197,10.3611,1.7819,0.3052,0.2943,3000000.0000,2990055.9794,1304149.1225,24420000.0000,24339055.6723,1.7568,2.1130,0.2155,0.2155,2.1554,4.6617
2015-07-24,8.1300,8.3300,7.9600,8.0100,-0.1300,-1.6000,6871302.3800,5605867.3130,4.0800,9.2700,2.2981,5.2688,1.2200,10.6469,10.1956,1.7534,0.3004,0.2896,3000000.0000,2990055.9794,1304149.1225,24030000.0000,23950348.3950,1.7853,2.1473,0.2116,0.2116,2.1156,4.5756
2015-07-27,7.9900,8.1200,7.2100,7.2100,-0.8000,-9.9900,6459861.2200,5004180.9050,3.6800,8.3400,2.1604,4.9533,1.1000,9.5835,9.1774,1.5783,0.2704,0.2606,3000000.0000,2990055.9794,1304149.1225,21630000.0000,21558303.6115,1.9834,2.3856,0.2153,0.2153,2.1527,4.6558
2015-07-28,7.0500,7.2100,6.6000,6.9300,-0.2800,-3.8800,5764096.9000,3992573.8850,3.5300,8.0200,1.9278,4.4198,0.9800,9.2114,8.8210,1.5170,0.2599,0.2505,3000000.0000,2990055.9794,1304149.1225,20790000.0000,20721087.9372,2.0635,2.4820,0.2440,0.2440,2.4397,5.2766
2015-07-29,7.0100,7.2900,6.9100,7.2300,0.3000,4.3300,4124541.4600,2911404.8620,3.6900,8.3700,1.3794,3.1626,0.7100,9.6101,9.2028,1.5827,0.2711,0.2614,3000000.0000,2990055.9794,1304149.1225,21690000.0000,21618104.7311,1.9779,2.3790,0.2454,0.2454,2.4536,5.3067
2015-07-30,7.1900,7.2400,6.8900,6.9300,-0.3000,-4.1500,4268809.9800,3035180.5560,3.5300,8.0200,1.4277,3.2733,0.7600,9.2114,8.8210,1.5170,0.2599,0.2505,3000000.0000,2990055.9794,1304149.1225,20790000.0000,20721087.9372,2.0635,2.4820,0.2392,0.2392,2.3922,5.1739
2015-07-31,6.8800,7.0600,6.8800,6.9600,0.0300,0.4300,2678248.3000,1865049.5680,3.5500,8.0500,0.8957,2.0536,0.4900,9.2512,8.8591,1.5235,0.2610,0.2516,3000000.0000,2990055.9794,1304149.1225,20880000.0000,20810789.6166,2.0546,2.4713,0.2500,0.2500,2.5000,5.4070
2015-08-03,6.9100,7.0800,6.8900,7.0700,0.1100,1.5800,3398931.2000,2377638.8200,3.6000,8.1800,1.1367,2.6062,0.7300,9.3974,8.9992,1.5476,0.2651,0.2556,3000000.0000,2990055.9794,1304149.1225,21210000.0000,21139695.7744,2.0226,2.4328,0.2489,0.2489,2.4891,5.3835
2015-08-04,7.1100,7.2900,6.9700,7.2600,0.1900,2.6900,3414598.1400,2438663.2730,3.7000,8.4000,1.1420,2.6183,0.8400,9.6500,9.2410,1.5892,0.2722,0.2625,3000000.0000,2990055.9794,1304149.1225,21780000.0000,21707806.4104,1.9697,2.3691,0.2419,0.2419,2.4191,5.2321
2015-08-05,7.2300,7.5800,7.1900,7.2800,0.0200,0.2800,4130494.1800,3046117.3940,3.7100,8.4200,1.3814,3.1672,1.1500,9.6766,9.2665,1.5936,0.2730,0.2632,3000000.0000,2990055.9794,1304149.1225,21840000.0000,21767607.5300,1.9643,2.3626,0.2379,0.2379,2.3790,5.1452
2015-08-06,7.1100,7.2200,7.0700,7.1100,-0.1700,-2.3400,2003025.5900,1431056.4370,3.6300,8.2300,0.6699,1.5359,0.5600,9.4506,9.0501,1.5564,0.2666,0.2570,3000000.0000,2990055.9794,1304149.1225,21330000.0000,21259298.0135,2.0113,2.4191,0.2419,0.2419,2.4191,5.2321
2015-08-07,7.1300,7.2600,7.1300,7.2000,0.0900,1.2700,2594830.0400,1867348.5950,3.6700,8.3300,0.8678,1.9897,0.8300,9.5702,9.1646,1.5761,0.2700,0.2603,3000000.0000,2990055.9794,1304149.1225,21600000.0000,21528403.0517,1.9861,2.3889,0.2412,0.2412,2.4123,5.2174
2015-08-10,7.5000,7.9000,7.4200,7.8400,0.6400,8.8900,7742418.3500,5964386.4070,4.0000,9.0700,2.5894,5.9368,2.4900,10.4209,9.9793,1.7162,0.2940,0.2834,3000000.0000,2990055.9794,1304149.1225,23520000.0000,23442038.8785,1.8240,2.1939,0.2293,0.2293,2.2933,4.9600
2015-08-11,7.7900,7.8800,7.5900,7.6400,-0.2000,-2.5500,6203280.6600,4782787.9430,3.9000,8.8400,2.0746,4.7566,1.5600,10.1551,9.7247,1.6724,0.2865,0.2762,3000000.0000,2990055.9794,1304149.1225,22920000.0000,22844027.6826,1.8717,2.2513,0.2208,0.2208,2.2080,4.7754
2015-08-12,7.5400,7.8300,7.5000,7.6500,0.0100,0.1300,4058296.5100,3112891.8030,3.9000,8.8500,1.3573,3.1118,0.8900,10.1684,9.7374,1.6746,0.2869,0.2766,3000000.0000,2990055.9794,1304149.1225,22950000.0000,22873928.2424,1.8693,2.2484,0.2281,0.2281,2.2812,4.9337
2015-08-13,7.6000,7.7500,7.4500,7.7000,0.0500,0.6500,3600683.9200,2747194.2690,3.9300,8.9100,1.2042,2.7609,0.8000,10.2348,9.8011,1.6855,0.2887,0.2784,3000000.0000,2990055.9794,1304149.1225,23100000.0000,23023431.0414,1.8571,2.2338,0.2263,0.2263,2.2632,4.8947
2015-08-14,7.7200,7.8000,7.6000,7.6400,-0.0600,-0.7800,3814923.6800,2936520.8360,3.9000,8.8400,1.2759,2.9252,0.7900,10.1551,9.7247,1.6724,0.2865,0.2762,3000000.0000,2990055.9794,1304149.1225,22920000.0000,22844027.6826,1.8717,2.2513,0.2228,0.2228,2.2280,4.8187
2015-08-17,7.6100,7.6100,7.3600,7.5200,-0.1200,-1.5700,3348385.2300,2501438.4680,3.8300,8.7000,1.1198,2.5675,0.6600,9.9956,9.5719,1.6461,0.2820,0.2719,3000000.0000,2990055.9794,1304149.1225,22560000.0000,22485220.9651,1.9016,2.2872,0.2260,0.2260,2.2602,4.8883
2015-08-18,7.5100,7.5300,6.8000,6.8900,-0.6300,-8.3800,4659245.6900,3349416.4720,3.5100,7.9700,1.5582,3.5726,1.1100,9.1582,8.7700,1.5082,0.2584,0.2491,3000000.0000,2990055.9794,1304149.1225,20670000.0000,20601485.6981,2.0755,2.4964,0.2290,0.2290,2.2903,4.9534
2015-08-19,6.8000,7.0500,6.6500,7.0000,0.1100,1.6000,3438344.2200,2366112.9150,3.5700,8.1000,1.1499,2.6365,0.8800,9.3044,8.9101,1.5323,0.2625,0.2531,3000000.0000,2990055.9794,1304149.1225,21000000.0000,20930391.8558,2.0429,2.4571,0.2529,0.2529,2.5294,5.4706
2015-08-20,6.9600,6.9800,6.8000,6.8100,-0.1900,-2.7100,2146814.1800,1476696.2430,3.4700,7.8800,0.7180,1.6461,0.5700,9.0519,8.6682,1.4907,0.2554,0.2462,3000000.0000,2990055.9794,1304149.1225,20430000.0000,20362281.2197,2.0999,2.5257,0.2471,0.2471,2.4713,5.3448
2015-08-21,6.7700,6.8300,6.5000,6.5400,-0.2700,-3.9600,2931374.2300,1946993.0510,3.3300,7.5700,0.9804,2.2477,0.8400,8.6930,8.3245,1.4316,0.2452,0.2364,3000000.0000,2990055.9794,1304149.1225,19620000.0000,19554966.1053,2.1865,2.6300,0.2541,0.2541,2.5406,5.4948
2015-08-24,6.2900,6.3000,5.8900,5.8900,-0.6500,-9.9400,4420014.2800,2633867.8810,3.0000,6.8100,1.4782,3.3892,1.3400,7.8290,7.4972,1.2893,0.2209,0.2129,3000000.0000,2990055.9794,1304149.1225,17670000.0000,17611429.7187,2.4278,2.9202,0.2734,0.2734,2.7345,5.9141
2015-08-25,5.3600,5.5900,5.3000,5.3000,-0.5900,-10.0200,5123021.6600,2734201.2340,2.7000,6.1300,1.7134,3.9282,1.4600,7.0448,6.4931,1.1251,0.1987,0.1896,3000000.0000,2990055.9794,1304149.1225,15900000.0000,15847296.6908,2.6981,3.2453,0.3209,0.3209,3.2090,6.9403
2015-08-26,5.2700,5.4900,4.8800,5.0200,-0.2800,-5.2800,5238810.7900,2737309.7880,2.5600,5.8100,1.7521,4.0170,1.4500,6.6726,6.1501,1.0657,0.1882,0.1795,3000000.0000,2990055.9794,1304149.1225,15060000.0000,15010081.0166,2.8486,3.4263,0.3264,0.3264,3.2638,7.0588
2015-08-27,5.1500,5.4200,5.1000,5.4000,0.3800,7.5700,4527078.1000,2373674.6770,2.7500,6.2500,1.5140,3.4713,1.1400,7.1777,6.6156,1.1463,0.2025,0.1931,3000000.0000,2990055.9794,1304149.1225,16200000.0000,16146302.2888,2.6481,3.1852,0.3340,0.3340,3.3398,7.2233
2015-08-28,5.5600,5.9200,5.4500,5.8700,0.4700,8.7000,5380147.6800,3048558.7040,2.9900,6.7900,1.7993,4.1254,1.2100,7.8024,7.1915,1.2461,0.2201,0.2099,3000000.0000,2990055.9794,1304149.1225,17610000.0000,17551628.5991,2.4361,2.9302,0.3094,0.3094,3.0935,6.6906
2015-08-31,5.7900,6.1500,5.5100,6.1300,0.2600,4.4300,5486234.0100,3158254.1730,3.1300,7.0900,1.8348,4.2068,1.1100,8.1480,7.5100,1.3013,0.2299,0.2192,3000000.0000,2990055.9794,1304149.1225,18390000.0000,18329043.1537,2.3328,2.8059,0.2971,0.2971,2.9706,6.4249
2015-09-01,5.8600,6.3000,5.7200,6.2400,0.1100,1.7900,6872845.5300,4172254.1650,3.1800,7.2200,2.2986,5.2700,1.3300,8.2942,7.6447,1.3246,0.2340,0.2232,3000000.0000,2990055.9794,1304149.1225,18720000.0000,18657949.3115,2.2917,2.7564,0.2935,0.2935,2.9352,6.3481
2015-09-02,5.9500,6.3500,5.8800,6.2500,0.0100,0.1600,6245768.9400,3883612.5430,3.1900,7.2300,2.0888,4.7965,1.1400,8.3075,7.6570,1.3268,0.2344,0.2235,3000000.0000,2990055.9794,1302149.1225,18750000.0000,18687849.8713,2.2880,2.7520,0.2891,0.2891,2.8908,6.2521
2015-09-07,6.2400,6.4400,5.8200,5.8700,-0.3800,-6.0800,3433069.1300,2116327.7100,2.9900,6.7900,1.1482,2.6365,0.6000,7.8024,7.1915,1.2461,0.2201,0.2099,3000000.0000,2990055.9794,1302149.1225,17610000.0000,17551628.5991,2.4361,2.9302,0.2756,0.2756,2.7564,5.9615
2015-09-08,5.8300,6.0300,5.6800,5.9900,0.1200,2.0400,1872623.1000,1101660.2230,3.0500,6.9300,0.6263,1.4381,0.3400,7.9619,7.3385,1.2716,0.2246,0.2142,3000000.0000,2990055.9794,1302149.1225,17970000.0000,17910435.3166,2.3873,2.8715,0.2950,0.2950,2.9503,6.3808
2015-09-09,6.0800,6.1900,5.9900,6.1200,0.1300,2.1700,2857007.7600,1740465.5560,3.1200,7.0800,0.9555,2.1941,0.6000,8.1347,7.4977,1.2992,0.2295,0.2189,3000000.0000,2990055.9794,1302149.1225,18360000.0000,18299142.5939,2.3366,2.8105,0.2829,0.2829,2.8289,6.1184
2015-09-10,6.0400,6.1100,5.9800,6.0600,-0.0600,-0.9800,1854103.5900,1119167.5100,3.0900,7.0100,0.6201,1.4239,0.4400,8.0550,7.4242,1.2864,0.2272,0.2167,3000000.0000,2990055.9794,1302149.1225,18180000.0000,18119739.2352,2.3597,2.8383,0.2848,0.2848,2.8477,6.1589
2015-09-11,6.0400,6.1000,5.9100,5.9800,-0.0800,-1.3200,1203505.6700,723185.1390,3.0500,6.9200,0.4025,0.9242,0.3700,7.9486,7.3262,1.2694,0.2242,0.2139,3000000.0000,2990055.9794,1302149.1225,17940000.0000,17880534.7568,2.3913,2.8763,0.2848,0.2848,2.8477,6.1589
2015-09-14,6.0800,6.1900,5.8000,6.1300,0.1500,2.5100,4655251.2900,2821121.3800,3.1300,7.0900,1.5569,3.5751,2.0700,8.1480,7.5100,1.3013,0.2299,0.2192,3000000.0000,2990055.9794,1302149.1225,18390000.0000,18329043.1537,2.3328,2.8059,0.2829,0.2829,2.8289,6.1184
2015-09-15,6.0200,6.0300,5.7700,5.9300,-0.2000,-3.2600,2606052.8200,1540213.1810,3.0200,6.8600,0.8716,2.0013,1.0500,7.8822,7.2650,1.2588,0.2224,0.2121,3000000.0000,2990055.9794,1302149.1225,17790000.0000,17731031.9578,2.4115,2.9005,0.2857,0.2857,2.8571,6.1794
2015-09-16,5.8600,6.3400,5.8400,6.2200,0.2900,4.8900,2795278.6400,1704609.5870,3.1700,7.2000,0.9349,2.1467,1.0600,8.2676,7.6202,1.3204,0.2332,0.2225,3000000.0000,2990055.9794,1302149.1225,18660000.0000,18598148.1919,2.2990,2.7653,0.2935,0.2935,2.9352,6.3481
2015-09-17,6.1600,6.3800,6.0700,6.1300,-0.0900,-1.4500,3878893.8700,2427705.1360,3.1300,7.0900,1.2973,2.9788,1.4800,8.1480,7.5100,1.3013,0.2299,0.2192,3000000.0000,2990055.9794,1302149.1225,18390000.0000,18329043.1537,2.3328,2.8059,0.2792,0.2792,2.7922,6.0390
2015-09-18,6.1600,6.3300,6.1600,6.2300,0.1000,1.6300,2317153.1600,1447106.7330,3.1800,7.2100,0.7750,1.7795,0.7700,8.2809,7.6325,1.3225,0.2336,0.2228,3000000.0000,2990055.9794,1302149.1225,18690000.0000,18628048.7517,2.2953,2.7608,0.2792,0.2792,2.7922,6.0390
2015-09-21,6.2300,6.3400,6.1800,6.3000,0.0700,1.1200,1706294.3900,1071097.6300,3.2100,7.2900,0.5707,1.3104,0.5200,8.3740,7.7183,1.3374,0.2362,0.2253,3000000.0000,2990055.9794,1302149.1225,18900000.0000,18837352.6702,2.2698,2.7302,0.2761,0.2761,2.7608,5.9711
2015-09-22,6.3000,6.3700,6.2700,6.2800,-0.0200,-0.3200,1950599.4600,1232025.2580,3.2000,7.2700,0.6524,1.4980,0.7300,8.3474,7.6937,1.3331,0.2355,0.2246,3000000.0000,2990055.9794,1302149.1225,18840000.0000,18777551.5506,2.2771,2.7389,0.2730,0.2730,2.7302,5.9048
2015-09-23,6.2300,6.2700,6.0900,6.1000,-0.1800,-2.8700,1672591.8900,1033577.7190,3.1100,7.0600,0.5594,1.2845,0.6600,8.1081,7.4732,1.2949,0.2287,0.2182,3000000.0000,2990055.9794,1302149.1225,18300000.0000,18239341.4743,2.3443,2.8197,0.2761,0.2761,2.7608,5.9711
2015-09-24,6.1900,6.2000,6.0500,6.1100,0.0100,0.1600,1164885.0700,711291.4850,3.1200,7.0700,0.3896,0.8946,0.5100,8.1214,7.4855,1.2970,0.2291,0.2185,3000000.0000,2990055.9794,1302149.1225,18330000.0000,18269242.0341,2.3404,2.8151,0.2779,0.2779,2.7787,6.0097
2015-09-25,6.0800,6.1000,5.8800,6.0600,-0.0500,-0.8200,1537621.6300,921874.4630,3.0900,7.0100,0.5142,1.1808,0.8700,8.0550,7.4242,1.2864,0.2272,0.2167,3000000.0000,2990055.9794,1302149.1225,18180000.0000,18119739.2352,2.3597,2.8383,0.2829,0.2829,2.8289,6.1184
2015-09-28,6.0200,6.0300,5.9100,5.9700,-0.0900,-1.4900,742383.4400,442801.7730,3.0400,6.9100,0.2483,0.5701,0.4600,7.9353,7.3140,1.2673,0.2239,0.2135,3000000.0000,2990055.9794,1302149.1225,17910000.0000,17850634.1970,2.3953,2.8811,0.2857,0.2857,2.8571,6.1794
2015-09-29,5.8900,5.9500,5.7600,5.7700,-0.2000,-3.3500,1067149.9400,623313.2710,2.9400,6.6800,0.3569,0.8195,0.7500,7.6695,7.0689,1.2249,0.2164,0.2064,3000000.0000,2990055.9794,1302149.1225,17310000.0000,17252623.0011,2.4783,2.9809,0.2920,0.2920,2.9202,6.3158
2015-09-30,5.8200,5.8700,5.7700,5.7800,0.0100,0.1700,660578.3500,384395.4540,2.9500,6.6900,0.2209,0.5073,0.5300,7.6828,7.0812,1.2270,0.2167,0.2067,3000000.0000,2990055.9794,1302149.1225,17340000.0000,17282523.5609,2.4740,2.9758,0.2955,0.2955,2.9553,6.3918
2015-10-08,6.0200,6.0700,5.9400,5.9500,0.1700,2.9400,1167307.6500,699461.7370,3.0300,6.8800,0.3904,0.8964,1.1300,7.9087,7.2895,1.2631,0.2231,0.2128,3000000.0000,2990055.9794,1302149.1225,17850000.0000,17790833.0774,2.4034,2.8908,0.2857,0.2857,2.8571,6.1794
2015-10-09,6.0000,6.0100,5.9300,5.9900,0.0400,0.6700,849351.1800,508188.0110,3.0500,6.9300,0.2841,0.6523,0.8200,7.9619,7.3385,1.2716,0.2246,0.2142,3000000.0000,2990055.9794,1302149.1225,17970000.0000,17910435.3166,2.3873,2.8715,0.2867,0.2867,2.8667,6.2000
2015-10-12,6.0300,6.2700,6.0100,6.2100,0.2200,3.6700,2596728.3100,1603971.9770,3.1700,7.1800,0.8685,1.9942,2.8900,8.2543,7.6080,1.3183,0.2329,0.2221,3000000.0000,2990055.9794,1302149.1225,18630000.0000,18568247.6321,2.3027,2.7697,0.2852,0.2852,2.8524,6.1692
2015-10-13,6.1700,6.2200,6.1500,6.1700,-0.0400,-0.6400,1290108.0500,796724.0430,3.1500,7.1400,0.4315,0.9908,1.0200,8.2012,7.5590,1.3098,0.2314,0.2207,3000000.0000,2990055.9794,1302149.1225,18510000.0000,18448645.3929,2.3177,2.7877,0.2788,0.2788,2.7877,6.0292
2015-10-14,6.1700,6.2300,6.1300,6.1400,-0.0300,-0.4900,1445684.2500,893726.8170,3.1300,7.1000,0.4835,1.1102,1.1000,8.1613,7.5222,1.3034,0.2302,0.2196,3000000.0000,2990055.9794,1302149.1225,18420000.0000,18358943.7135,2.3290,2.8013,0.2788,0.2788,2.7877,6.0292
2015-10-15,6.1400,6.2400,6.1100,6.2300,0.0900,1.4700,1674045.4500,1038214.7770,3.1800,7.2100,0.5599,1.2856,1.1400,8.2809,7.6325,1.3225,0.2336,0.2228,3000000.0000,2990055.9794,1302149.1225,18690000.0000,18628048.7517,2.2953,2.7608,0.2801,0.2801,2.8013,6.0586
2015-10-16,6.2600,6.3400,6.2300,6.2800,0.0500,0.8000,2437941.7000,1533759.3310,3.2000,7.2700,0.8153,1.8722,1.5500,8.3474,7.6937,1.3331,0.2355,0.2246,3000000.0000,2990055.9794,1302149.1225,18840000.0000,18777551.5506,2.2771,2.7389,0.2748,0.2748,2.7476,5.9425
2015-10-19,6.3000,6.3400,6.2000,6.2200,-0.0600,-0.9600,1928820.6700,1209323.5570,3.1700,7.2000,0.6451,1.4813,1.0200,8.2676,7.6202,1.3204,0.2332,0.2225,3000000.0000,2990055.9794,1302149.1225,18660000.0000,18598148.1919,2.2990,2.7653,0.2730,0.2730,2.7302,5.9048
2015-10-20,6.2200,6.4700,6.1700,6.4300,0.2100,3.3800,3031051.5700,1908372.4990,3.2800,7.4400,1.0137,2.3277,1.7300,8.5468,7.8775,1.3650,0.2411,0.2300,3000000.0000,2990055.9794,1302149.1225,19290000.0000,19226059.9475,2.2240,2.6750,0.2765,0.2765,2.7653,5.9807
2015-10-21,6.4400,6.7500,6.2100,6.5900,0.1600,2.4900,6906358.6400,4500046.8710,3.3600,7.6200,2.3098,5.3038,3.2800,8.7594,8.0735,1.3989,0.2471,0.2357,3000000.0000,2990055.9794,1302149.1225,19770000.0000,19704468.9042,2.1700,2.6100,0.2671,0.2671,2.6708,5.7764
2015-10-22,6.3900,6.5000,6.2700,6.4400,-0.1500,-2.2800,2705917.1600,1732494.7050,3.2800,7.4500,0.9050,2.0780,0.8500,8.5600,7.8898,1.3671,0.2415,0.2303,3000000.0000,2990055.9794,1302149.1225,19320000.0000,19255960.5073,2.2205,2.6708,0.2692,0.2692,2.6917,5.8216
2015-10-23,6.4100,6.4700,6.3300,6.4100,-0.0300,-0.4700,2006376.4600,1282535.9540,3.2700,7.4200,0.6710,1.5408,0.5900,8.5202,7.8530,1.3607,0.2404,0.2293,3000000.0000,2990055.9794,1302149.1225,19230000.0000,19166258.8280,2.2309,2.6833,0.2683,0.2683,2.6833,5.8034
2015-10-26,6.4800,6.5700,6.3700,6.4200,0.0100,0.1600,2109621.6000,1366718.0440,3.2700,7.4300,0.7055,1.6201,0.6400,8.5335,7.8653,1.3629,0.2407,0.2296,3000000.0000,2990055.9794,1302149.1225,19260000.0000,19196159.3877,2.2274,2.6791,0.2654,0.2654,2.6543,5.7407
2015-10-27,6.3900,6.4100,6.2000,6.3600,-0.0600,-0.9300,1639073.1100,1032429.4730,3.2400,7.3600,0.5482,1.2587,0.4900,8.4537,7.7918,1.3501,0.2385,0.2275,3000000.0000,2990055.9794,1302149.1225,19080000.0000,19016756.0290,2.2484,2.7044,0.2692,0.2692,2.6917,5.8216
2015-10-28,6.3100,6.3500,6.2000,6.2200,-0.1400,-2.2000,1260513.1900,790725.1000,3.1700,7.2000,0.4216,0.9680,0.4100,8.2676,7.6202,1.3204,0.2332,0.2225,3000000.0000,2990055.9794,1302149.1225,18660000.0000,18598148.1919,2.2990,2.7653,0.2726,0.2726,2.7258,5.8954
2015-10-29,6.2400,6.2600,6.1600,6.2000,-0.0200,-0.3200,1176525.6200,730849.5510,3.1600,7.1700,0.3935,0.9035,0.6100,8.2410,7.5957,1.3162,0.2325,0.2217,3000000.0000,2990055.9794,1302149.1225,18600000.0000,18538347.0723,2.3065,2.7742,0.2756,0.2756,2.7564,5.9615
2015-10-30,6.2000,6.2700,6.1900,6.2100,0.0100,0.1600,1156848.1700,721750.1200,3.1700,7.1800,0.3869,0.8884,0.7100,8.2543,7.5389,1.2948,0.2329,0.2204,3000000.0000,2990055.9794,1302149.1225,18630000.0000,18568247.6321,2.3027,2.7697,0.2774,0.2774,2.7742,6.0000
2015-11-02,6.2100,6.2600,6.1700,6.1700,-0.0400,-0.6400,1111861.0900,690091.0060,3.1500,7.1400,0.3719,0.8539,0.7600,8.2012,7.4904,1.2865,0.2314,0.2190,3000000.0000,2990055.9794,1302149.1225,18510000.0000,18448645.3929,2.3177,2.7877,0.2770,0.2770,2.7697,5.9903
2015-11-03,6.1800,6.2100,6.0700,6.0900,-0.0800,-1.3000,1104384.1000,678769.2060,3.1100,7.0500,0.3694,0.8481,0.8700,8.0948,7.3933,1.2698,0.2284,0.2161,3000000.0000,2990055.9794,1302149.1225,18270000.0000,18209440.9145,2.3481,2.8243,0.2783,0.2783,2.7832,6.0194
2015-11-04,6.1200,6.3200,6.0900,6.3100,0.2200,3.6100,2339381.9800,1458611.6580,3.2200,7.3000,0.7824,1.7966,2.0100,8.3873,7.6603,1.3157,0.2366,0.2239,3000000.0000,2990055.9794,1302149.1225,18930000.0000,18867253.2300,2.2662,2.7258,0.2810,0.2810,2.8105,6.0784
2015-11-05,6.3000,6.9400,6.2800,6.9400,0.6300,9.9800,12376628.7100,8480164.4030,3.5400,8.0300,4.1393,9.5048,8.9800,9.2246,8.4252,1.4470,0.2602,0.2463,3000000.0000,2990055.9794,1302149.1225,20820000.0000,20750988.4970,2.0605,2.4784,0.2730,0.2730,2.7302,5.9048
2015-11-06,6.8400,7.1500,6.8200,7.1000,0.1600,2.3100,10334618.0200,7202537.0780,3.6200,8.2100,3.4563,7.9366,2.8600,9.4373,8.6194,1.4804,0.2662,0.2520,3000000.0000,2990055.9794,1302149.1225,21300000.0000,21229397.4537,2.0141,2.4225,0.2515,0.2515,2.5146,5.4386
2015-11-09,7.0600,7.4400,7.0300,7.1100,0.0100,0.1400,8493871.5000,6132573.6850,3.6300,8.2300,2.8407,6.5230,1.5600,9.4506,8.6315,1.4825,0.2666,0.2523,3000000.0000,2990055.9794,1302149.1225,21330000.0000,21259298.0135,2.0113,2.4191,0.2436,0.2436,2.4363,5.2691
2015-11-10,7.0100,7.2700,6.9600,7.1200,0.0100,0.1400,5219657.0700,3686132.6610,3.6300,8.2400,1.7457,4.0085,0.7500,9.4639,8.6437,1.4846,0.2670,0.2527,3000000.0000,2990055.9794,1302149.1225,21360000.0000,21289198.5733,2.0084,2.4157,0.2454,0.2454,2.4536,5.3067
2015-11-11,7.1500,7.1800,6.9700,7.0600,-0.0600,-0.8400,3383122.8500,2394045.0180,3.6000,8.1700,1.1315,2.5981,0.4400,9.3842,8.5708,1.4720,0.2647,0.2506,3000000.0000,2990055.9794,1302149.1225,21180000.0000,21109795.2146,2.0255,2.4363,0.2406,0.2406,2.4056,5.2028
2015-11-12,7.0800,7.0900,6.8400,6.8900,-0.1700,-2.4100,3233585.1700,2243976.9050,3.5100,7.9700,1.0814,2.4833,0.4100,9.1582,8.3645,1.4366,0.2584,0.2445,3000000.0000,2990055.9794,1302149.1225,20670000.0000,20601485.6981,2.0755,2.4964,0.2429,0.2429,2.4294,5.2542
2015-11-13,6.8300,7.0300,6.7900,6.8400,-0.0500,-0.7300,3420419.0100,2363484.2810,3.4900,7.9100,1.1439,2.6267,0.5600,9.0917,8.3038,1.4262,0.2565,0.2427,3000000.0000,2990055.9794,1302149.1225,20520000.0000,20451982.8991,2.0906,2.5146,0.2518,0.2518,2.5183,5.4466
2015-11-16,6.7100,6.8700,6.6800,6.8500,0.0100,0.1500,2715592.5700,1835519.2800,3.4900,7.9300,0.9082,2.0855,0.5700,9.1050,8.3159,1.4283,0.2569,0.2431,3000000.0000,2990055.9794,1302149.1225,20550000.0000,20481883.4589,2.0876,2.5109,0.2563,0.2563,2.5633,5.5440
2015-11-17,6.8900,7.0400,6.7600,6.7800,-0.0700,-1.0200,3661334.6900,2530490.6470,3.4600,7.8400,1.2245,2.8118,1.0200,9.0120,8.2309,1.4137,0.2542,0.2406,3000000.0000,2990055.9794,1302149.1225,20340000.0000,20272579.5403,2.1091,2.5369,0.2496,0.2496,2.4964,5.3991
2015-11-18,6.7600,6.9800,6.6700,6.7500,-0.0300,-0.4400,3496911.1300,2377575.9910,3.4400,7.8100,1.1695,2.6855,1.0700,8.9721,8.1945,1.4074,0.2531,0.2396,3000000.0000,2990055.9794,1302149.1225,20250000.0000,20182877.8610,2.1185,2.5481,0.2544,0.2544,2.5444,5.5030
2015-11-19,6.7300,6.8200,6.7100,6.8100,0.0600,0.8900,1862322.8800,1259357.8780,3.4700,7.8800,0.6228,1.4302,0.5600,9.0519,8.2673,1.4199,0.2554,0.2417,3000000.0000,2990055.9794,1302149.1225,20430000.0000,20362281.2197,2.0999,2.5257,0.2556,0.2556,2.5557,5.5275
2015-11-20,6.8500,6.9200,6.7100,6.7700,-0.0400,-0.5900,2539762.2600,1728901.7900,3.4500,7.8300,0.8494,1.9504,0.8400,8.9987,8.2188,1.4116,0.2539,0.2403,3000000.0000,2990055.9794,1302149.1225,20310000.0000,20242678.9805,2.1123,2.5406,0.2511,0.2511,2.5109,5.4307
2015-11-23,6.7800,6.8700,6.7000,6.7400,-0.0300,-0.4400,2082410.9400,1411655.0590,3.4400,7.8000,0.6964,1.5992,0.7300,8.9588,8.1824,1.4053,0.2527,0.2392,3000000.0000,2990055.9794,1302149.1225,20220000.0000,20152977.3012,2.1217,2.5519,0.2537,0.2537,2.5369,5.4867
2015-11-24,6.7200,6.7400,6.5800,6.6600,-0.0800,-1.1900,1857410.3500,1232545.5090,3.4000,7.7100,0.6212,1.4264,0.6800,8.8525,8.0852,1.3886,0.2497,0.2364,3000000.0000,2990055.9794,1302149.1225,19980000.0000,19913772.8228,2.1471,2.5826,0.2560,0.2560,2.5595,5.5357
2015-11-25,6.6400,6.6900,6.6000,6.6700,0.0100,0.1500,1479388.1500,983182.8210,3.4000,7.7200,0.4948,1.1361,0.6200,8.8658,8.0974,1.3907,0.2501,0.2367,3000000.0000,2990055.9794,1302149.1225,20010000.0000,19943673.3826,2.1439,2.5787,0.2590,0.2590,2.5904,5.6024
2015-11-26,6.7000,6.7400,6.6100,6.6200,-0.0500,-0.7500,1689070.2500,1127450.9560,3.3800,7.6600,0.5649,1.2971,0.8600,8.7993,8.0367,1.3803,0.2482,0.2349,3000000.0000,2990055.9794,1302149.1225,19860000.0000,19794170.5836,2.1601,2.5982,0.2567,0.2567,2.5672,5.5522
2015-11-27,6.6000,6.6000,6.1800,6.2200,-0.4000,-6.0400,2986108.6800,1910344.3330,3.1700,7.2000,0.9987,2.2932,1.5500,8.2676,7.5511,1.2969,0.2332,0.2207,3000000.0000,2990055.9794,1302149.1225,18660000.0000,18598148.1919,2.2990,2.7653,0.2606,0.2606,2.6061,5.6364
2015-11-30,6.2400,6.2900,6.0400,6.2000,-0.0200,-0.3200,1684725.1100,1042402.4150,3.1600,7.1700,0.5634,1.2938,0.8300,8.2410,7.5268,1.2927,0.2325,0.2200,3000000.0000,2990055.9794,1302149.1225,18600000.0000,18538347.0723,2.3065,2.7742,0.2756,0.2756,2.7564,5.9615
2015-12-01,6.2100,6.6200,6.1400,6.4200,0.2200,3.5500,2859111.4300,1822724.3070,3.2700,7.4300,0.9562,2.1957,1.4700,8.5335,7.7939,1.3386,0.2407,0.2278,3000000.0000,2990055.9794,1302149.1225,19260000.0000,19196159.3877,2.2274,2.6791,0.2770,0.2770,2.7697,5.9903
2015-12-02,6.4100,7.0000,6.3100,6.8300,0.4100,6.3900,5565974.7300,3729049.4090,3.4800,7.9000,1.8615,4.2745,2.6000,9.0784,8.2916,1.4241,0.2561,0.2424,3000000.0000,2990055.9794,1302149.1225,20490000.0000,20422082.3393,2.0937,2.5183,0.2683,0.2683,2.6833,5.8034
2015-12-03,6.7800,6.8300,6.6100,6.7100,-0.1200,-1.7600,3536518.8300,2378144.6600,3.4200,7.7600,1.1828,2.7159,1.2000,8.9189,8.1459,1.3991,0.2516,0.2381,3000000.0000,2990055.9794,1302149.1225,20130000.0000,20063275.6218,2.1311,2.5633,0.2537,0.2537,2.5369,5.4867
2015-12-04,6.6200,6.6800,6.4900,6.5100,-0.2000,-2.9800,2391893.6600,1574890.3430,3.3200,7.5300,0.7999,1.8369,0.7200,8.6531,7.9031,1.3574,0.2441,0.2310,3000000.0000,2990055.9794,1302149.1225,19530000.0000,19465264.4259,2.1966,2.6421,0.2598,0.2598,2.5982,5.6193
2015-12-07,6.5300,6.5500,6.3900,6.4500,-0.0600,-0.9200,1385238.0400,894993.2620,3.2900,7.4600,0.4633,1.0638,0.4300,8.5733,7.8303,1.3449,0.2419,0.2289,3000000.0000,2990055.9794,1302149.1225,19350000.0000,19285861.0671,2.2171,2.6667,0.2634,0.2634,2.6340,5.6968
2015-12-08,6.4000,6.4800,6.3100,6.3300,-0.1200,-1.8600,1454397.8600,928683.4410,3.2300,7.3200,0.4864,1.1169,0.4600,8.4138,7.6846,1.3198,0.2374,0.2246,3000000.0000,2990055.9794,1302149.1225,18990000.0000,18927054.3496,2.2591,2.7172,0.2687,0.2687,2.6875,5.8125
2015-12-09,6.3600,6.4600,6.2900,6.3900,0.0600,0.9500,1464936.7100,935185.1580,3.2600,7.3900,0.4899,1.1250,0.5100,8.4936,7.7575,1.3323,0.2396,0.2268,3000000.0000,2990055.9794,1302149.1225,19170000.0000,19106457.7084,2.2379,2.6917,0.2704,0.2704,2.7044,5.8491
2015-12-10,6.3700,6.4500,6.2800,6.2900,-0.1000,-1.5600,1434990.0900,912804.9500,3.2100,7.2800,0.4799,1.1020,0.7000,8.3607,7.6361,1.3115,0.2359,0.2232,3000000.0000,2990055.9794,1302149.1225,18870000.0000,18807452.1104,2.2734,2.7345,0.2700,0.2700,2.7002,5.8399
2015-12-11,6.2900,6.2900,6.1900,6.2200,-0.0700,-1.1100,1000210.2900,623194.1610,3.1700,7.2000,0.3345,0.7681,0.6200,8.2676,7.5511,1.2969,0.2332,0.2207,3000000.0000,2990055.9794,1302149.1225,18660000.0000,18598148.1919,2.2990,2.7653,0.2734,0.2734,2.7345,5.9141
2015-12-14,6.1700,6.4800,6.1500,6.4600,0.2400,3.8600,1930083.1600,1228327.8950,3.2900,7.4700,0.6455,1.4822,1.4300,8.5866,7.8424,1.3469,0.2422,0.2293,3000000.0000,2990055.9794,1302149.1225,19380000.0000,19315761.6269,2.2136,2.6625,0.2788,0.2788,2.7877,6.0292
2015-12-15,6.4700,6.5300,6.3400,6.3600,-0.1000,-1.5500,1451487.4100,932220.9720,3.2400,7.3600,0.4854,1.1147,1.0000,8.4537,7.7210,1.3261,0.2385,0.2257,3000000.0000,2990055.9794,1302149.1225,19080000.0000,19016756.0290,2.2484,2.7044,0.2658,0.2658,2.6584,5.7496
2015-12-16,6.3900,6.4200,6.2800,6.3200,-0.0400,-0.6300,1221194.0600,773413.6160,3.2200,7.3100,0.4084,0.9378,0.8400,8.4005,7.6725,1.3178,0.2370,0.2243,3000000.0000,2990055.9794,1302149.1225,18960000.0000,18897153.7898,2.2627,2.7215,0.2692,0.2692,2.6917,5.8216
2015-12-17,6.3600,6.7300,6.3600,6.5200,0.2000,3.1600,3192905.2600,2088425.4560,3.3200,7.5400,1.0678,2.4520,2.2700,8.6664,7.9153,1.3595,0.2445,0.2314,3000000.0000,2990055.9794,1302149.1225,19560000.0000,19495164.9857,2.1933,2.6380,0.2704,0.2704,2.7044,5.8491
2015-12-18,6.4700,6.6300,6.4600,6.5000,-0.0200,-0.3100,1878596.8700,1225144.8670,3.3100,7.5200,0.6283,1.4427,1.0700,8.6398,7.8910,1.3553,0.2437,0.2307,3000000.0000,2990055.9794,1302149.1225,19500000.0000,19435363.8661,2.2000,2.6462,0.2658,0.2658,2.6584,5.7496
2015-12-21,6.4600,6.8500,6.4500,6.7200,0.2200,3.3800,3482192.7200,2331065.2460,3.4300,7.7800,1.1646,2.6742,1.8000,8.9322,8.1581,1.4012,0.2520,0.2385,3000000.0000,2990055.9794,1302149.1225,20160000.0000,20093176.1816,2.1280,2.5595,0.2663,0.2663,2.6625,5.7585
2015-12-22,6.7300,6.7700,6.5800,6.6500,-0.0700,-1.0400,2154510.6700,1432500.1760,3.3900,7.6900,0.7206,1.6546,0.9600,8.8392,8.0731,1.3866,0.2494,0.2360,3000000.0000,2990055.9794,1302149.1225,19950000.0000,19883872.2630,2.1504,2.5865,0.2556,0.2556,2.5557,5.5275
2015-12-23,6.7000,6.8300,6.6500,6.6800,0.0300,0.4500,2417695.6700,1629965.4550,3.4100,7.7300,0.8086,1.8567,1.0100,8.8791,8.1095,1.3928,0.2505,0.2371,3000000.0000,2990055.9794,1302149.1225,20040000.0000,19973573.9424,2.1407,2.5749,0.2567,0.2567,2.5672,5.5522
2015-12-24,6.7000,6.7200,6.5300,6.5800,-0.1000,-1.5000,1481111.5900,976663.2610,3.3500,7.6100,0.4953,1.1374,0.5600,8.7461,7.9881,1.3720,0.2467,0.2335,3000000.0000,2990055.9794,1302149.1225,19740000.0000,19674568.3445,2.1733,2.6140,0.2567,0.2567,2.5672,5.5522
2015-12-25,6.6100,6.7500,6.6000,6.6800,0.1000,1.5200,1367986.0400,910999.6270,3.4100,7.7300,0.4575,1.0506,0.6000,8.8791,8.1095,1.3928,0.2505,0.2371,3000000.0000,2990055.9794,1302149.1225,20040000.0000,19973573.9424,2.1407,2.5749,0.2602,0.2602,2.6021,5.6278
2015-12-28,6.7300,6.7500,6.3900,6.4000,-0.2800,-4.1900,2428637.9600,1587364.9360,3.2600,7.4000,0.8122,1.8651,1.1100,8.5069,7.7696,1.3344,0.2400,0.2271,3000000.0000,2990055.9794,1302149.1225,19200000.0000,19136358.2682,2.2344,2.6875,0.2556,0.2556,2.5557,5.5275
2015-12-29,6.4000,6.4700,6.3800,6.4600,0.0600,0.9400,910257.0200,585182.7450,3.2900,7.4700,0.3044,0.6990,0.4600,8.5866,7.8424,1.3469,0.2422,0.2293,3000000.0000,2990055.9794,1302149.1225,19380000.0000,19315761.6269,2.2136,2.6625,0.2687,0.2687,2.6875,5.8125
2015-12-30,6.4600,6.4800,6.3700,6.4300,-0.0300,-0.4600,1044918.6000,670039.6850,3.2800,7.4400,0.3495,0.8025,0.6100,8.5468,7.8060,1.3407,0.2411,0.2282,3000000.0000,2990055.9794,1302149.1225,19290000.0000,19226059.9475,2.2240,2.6750,0.2663,0.2663,2.6625,5.7585
2015-12-31,6.4300,6.4600,6.3300,6.3400,-0.0900,-1.4000,1157135.9600,739281.8310,3.2300,7.3400,0.3870,0.8886,0.8000,8.4271,7.6968,1.3219,0.2377,0.2250,3000000.0000,2990055.9794,1302149.1225,19020000.0000,18956954.9094,2.2555,2.7129,0.2675,0.2675,2.6750,5.7854
2016-01-04,6.3300,6.3600,5.9800,6.0100,-0.3300,-5.2100,1675864.6200,1033008.9770,3.0600,6.9500,0.5605,1.2870,1.2100,7.9885,7.2961,1.2531,0.2254,0.2133,3000000.0000,2990055.9794,1302149.1225,18030000.0000,17970236.4362,2.8619,2.8619,0.3160,0.3160,3.1596,6.5561
2016-01-05,5.9300,6.1100,5.8700,6.0300,0.0200,0.3300,1727051.5100,1036554.8670,3.0700,6.9800,0.5776,1.3263,1.2000,8.0151,7.3204,1.2573,0.2261,0.2140,3000000.0000,2990055.9794,1302149.1225,18090000.0000,18030037.5558,2.8524,2.8524,0.3373,0.3373,3.3727,6.9983
2016-01-06,6.0400,6.2500,6.0400,6.2100,0.1800,2.9900,1562506.0600,961918.6040,3.1700,7.1800,0.5226,1.1999,1.2000,8.2543,7.5389,1.2948,0.2329,0.2204,3000000.0000,2990055.9794,1302149.1225,18630000.0000,18568247.6321,2.7697,2.7697,0.3311,0.3311,3.3113,6.8709
2016-01-07,6.1300,6.1300,5.7300,5.7900,-0.4200,-6.7600,407881.0000,243459.8800,2.9500,6.7000,0.1364,0.3132,0.2800,7.6961,7.0291,1.2072,0.2171,0.2055,3000000.0000,2990055.9794,1302149.1225,17370000.0000,17312424.1207,2.9706,2.9706,0.3263,0.3263,3.2626,6.7700
2016-01-08,5.9100,6.0600,5.7500,5.9000,0.1100,1.9000,1941129.4200,1146820.1240,3.0100,6.8300,0.6492,1.4907,1.4900,7.8423,7.1626,1.2302,0.2212,0.2094,3000000.0000,2990055.9794,1302149.1225,17700000.0000,17641330.2785,2.9153,2.9153,0.3384,0.3384,3.3841,7.0220
2016-01-11,5.8300,6.0600,5.6500,5.6700,-0.2300,-3.9000,2114644.3500,1242276.0490,2.8900,6.5600,0.7072,1.6240,1.4500,7.5366,6.8834,1.1822,0.2126,0.2012,3000000.0000,2990055.9794,1302149.1225,17010000.0000,16953617.4032,3.0335,3.0335,0.3431,0.3431,3.4305,7.1184
2016-01-12,5.7300,5.8200,5.6000,5.7400,0.0700,1.2300,1543142.6800,882559.0700,2.9300,6.6400,0.5161,1.1851,1.0000,7.6296,6.9684,1.1968,0.2152,0.2037,3000000.0000,2990055.9794,1302149.1225,17220000.0000,17162921.3218,2.9965,2.9965,0.3490,0.3490,3.4904,7.2426
2016-01-13,5.8000,5.8000,5.5800,5.5900,-0.1500,-2.6100,1086527.9000,618783.0690,2.8500,6.4700,0.3634,0.8344,0.7200,7.4302,6.7863,1.1655,0.2096,0.1984,3000000.0000,2990055.9794,1302149.1225,16770000.0000,16714412.9248,3.0769,3.0769,0.3448,0.3448,3.4483,7.1552
2016-01-14,5.4700,5.6700,5.4100,5.6500,0.0600,1.0700,1477145.4500,816785.1700,2.8800,6.5400,0.4940,1.1344,1.0400,7.5100,6.8591,1.1781,0.2119,0.2005,3000000.0000,2990055.9794,1302149.1225,16950000.0000,16893816.2836,3.0442,3.0442,0.3656,0.3656,3.6563,7.5868
2016-01-15,5.6300,5.6400,5.3500,5.3800,-0.2700,-4.7800,1604073.3000,876658.0080,2.7400,6.2200,0.5365,1.2319,0.9800,7.1511,6.5313,1.1218,0.2017,0.1909,3000000.0000,2990055.9794,1302149.1225,16140000.0000,16086501.1692,3.1970,3.1970,0.3552,0.3552,3.5524,7.3712
2016-01-18,5.2900,5.4300,5.2600,5.3300,-0.0500,-0.9300,1128517.9900,604677.3850,2.7200,6.1700,0.3774,0.8667,0.7200,7.0846,6.4706,1.1113,0.1999,0.1892,3000000.0000,2990055.9794,1302149.1225,15990000.0000,15936998.3702,3.2270,3.2270,0.3781,0.3781,3.7807,7.8450
2016-01-19,5.3400,5.8200,5.3100,5.7300,0.4000,7.5000,2733685.8700,1539452.4880,2.9200,6.6300,0.9143,2.0994,2.0000,7.6163,6.9562,1.1947,0.2149,0.2034,3000000.0000,2990055.9794,1302149.1225,17190000.0000,17133020.7620,3.0017,3.0017,0.3745,0.3745,3.7453,7.7715
2016-01-20,5.6700,5.7500,5.5100,5.5300,-0.2000,-3.4900,2347587.1100,1316172.5420,2.8200,6.4000,0.7851,1.8029,1.4600,7.3505,6.7134,1.1530,0.2074,0.1963,3000000.0000,2990055.9794,1302149.1225,16590000.0000,16535009.5661,3.1103,3.1103,0.3527,0.3527,3.5273,7.3192
2016-01-21,5.4500,5.5800,5.3300,5.3500,-0.1800,-3.2500,1486582.5100,809743.3290,2.7300,6.1900,0.4972,1.1416,0.8000,7.1112,6.4949,1.1155,0.2006,0.1899,3000000.0000,2990055.9794,1302149.1225,16050000.0000,15996799.4898,3.2150,3.2150,0.3670,0.3670,3.6697,7.6147
2016-01-22,5.4200,5.5600,5.3300,5.4600,0.1100,2.0600,1353727.9500,738328.1720,2.7800,6.3200,0.4527,1.0396,0.7300,7.2574,6.6284,1.1384,0.2047,0.1938,3000000.0000,2990055.9794,1302149.1225,16380000.0000,16325705.6475,3.1502,3.1502,0.3690,0.3690,3.6900,7.6568
2016-01-25,5.4800,5.5000,5.3900,5.4200,-0.0400,-0.7300,902508.3700,492031.6140,2.7600,6.2700,0.3018,0.6931,0.5000,7.2043,6.5799,1.1301,0.2032,0.1924,3000000.0000,2990055.9794,1302149.1225,16260000.0000,16206103.4083,3.1734,3.1734,0.3650,0.3650,3.6496,7.5730
2016-01-26,5.3800,5.5300,5.0400,5.0900,-0.3300,-6.0900,1908945.0600,1014908.9600,2.6000,5.8900,0.6384,1.4660,1.0800,6.7656,6.1793,1.0613,0.1909,0.1806,3000000.0000,2990055.9794,1302149.1225,15270000.0000,15219384.9351,3.3792,3.3792,0.3717,0.3717,3.7175,7.7138
2016-01-27,5.1500,5.1800,4.9400,5.1200,0.0300,0.5900,1724413.2600,875298.1310,2.6100,5.9200,0.5767,1.3243,1.0800,6.8055,6.2157,1.0675,0.1920,0.1817,3000000.0000,2990055.9794,1302149.1225,15360000.0000,15309086.6145,3.3594,3.3594,0.3883,0.3883,3.8835,8.0583
2016-01-28,5.0800,5.1300,4.9300,4.9600,-0.1600,-3.1300,986173.7000,496041.3960,2.5300,5.7400,0.3298,0.7573,0.6700,6.5928,6.0214,1.0342,0.1860,0.1760,3000000.0000,2990055.9794,1302149.1225,14880000.0000,14830677.6578,3.4677,3.4677,0.3937,0.3937,3.9370,8.1693
2016-01-29,5.0000,5.2100,4.9800,5.1300,0.1700,3.4300,1720642.2400,881859.6750,2.6200,5.9400,0.5755,1.3214,1.2500,6.8188,6.2278,1.0696,0.1924,0.1821,3000000.0000,2990055.9794,1302149.1225,15390000.0000,15338987.1743,3.3528,3.3528,0.4000,0.4000,4.0000,8.3000
2016-02-01,5.1300,5.1600,4.9700,5.0200,-0.1100,-2.1400,1250897.5900,630913.3320,2.5600,5.8100,0.4184,0.9606,0.8600,6.6726,6.0943,1.0467,0.1882,0.1782,3000000.0000,2990055.9794,1302149.1225,15060000.0000,15010081.0166,3.4263,3.4263,0.3899,0.3899,3.8986,8.0897
2016-02-02,5.0200,5.1800,5.0100,5.1300,0.1100,2.1900,1241840.7900,635941.6590,2.6200,5.9400,0.4153,0.9537,0.8200,6.8188,6.2278,1.0696,0.1924,0.1821,3000000.0000,2990055.9794,1302149.1225,15390000.0000,15338987.1743,3.3528,3.3528,0.3984,0.3984,3.9841,8.2669
2016-02-03,5.1300,5.1400,5.0300,5.1100,-0.0200,-0.3900,896727.9000,456330.7840,2.6100,5.9100,0.2999,0.6887,0.6500,6.7922,6.2035,1.0655,0.1916,0.1814,3000000.0000,2990055.9794,1302149.1225,15330000.0000,15279186.0547,3.3659,3.3659,0.3899,0.3899,3.8986,8.0897
2016-02-04,5.1200,5.2000,5.1100,5.1700,0.0600,1.1700,1025655.1100,529018.4320,2.6400,5.9800,0.3430,0.7877,0.8400,6.8720,6.2764,1.0780,0.1939,0.1835,3000000.0000,2990055.9794,1302149.1225,15510000.0000,15458589.4135,3.3269,3.3269,0.3906,0.3906,3.9062,8.1055
2016-02-05,5.1600,5.1900,5.1200,5.1300,-0.0400,-0.7700,769391.9400,396188.8220,2.6200,5.9400,0.2573,0.5909,0.6300,6.8188,6.2278,1.0696,0.1924,0.1821,3000000.0000,2990055.9794,1302149.1225,15390000.0000,15338987.1743,3.3528,3.3528,0.3876,0.3876,3.8760,8.0426
2016-02-15,5.0100,5.1100,4.9800,5.0700,-0.0600,-1.1700,777073.8100,391766.7460,2.5900,5.8700,0.2599,0.5968,0.7500,6.7390,6.1550,1.0571,0.1901,0.1799,3000000.0000,2990055.9794,1302149.1225,15210000.0000,15159583.8156,3.3925,3.3925,0.3992,0.3992,3.9920,8.2834
2016-02-16,5.1000,5.2400,5.0900,5.2200,0.1500,2.9600,1511713.6200,785634.8530,2.6600,6.0400,0.5056,1.1609,1.6000,6.9384,6.3371,1.0884,0.1957,0.1853,3000000.0000,2990055.9794,1302149.1225,15660000.0000,15608092.2125,3.2950,3.2950,0.3922,0.3922,3.9216,8.1373
2016-02-17,5.1900,5.4300,5.1900,5.3700,0.1500,2.8700,2617313.8000,1400608.0890,2.7400,6.2100,0.8753,2.0100,2.6300,7.1378,6.5192,1.1197,0.2014,0.1906,3000000.0000,2990055.9794,1302149.1225,16110000.0000,16056600.6094,3.2030,3.2030,0.3854,0.3854,3.8536,7.9961
2016-02-18,5.3700,5.4000,5.3200,5.3300,-0.0400,-0.7400,1276928.9200,684630.7910,2.7200,6.1700,0.4271,0.9806,0.9500,7.0846,6.4706,1.1113,0.1999,0.1892,3000000.0000,2990055.9794,1302149.1225,15990000.0000,15936998.3702,3.2270,3.2270,0.3724,0.3724,3.7244,7.7281
2016-02-19,5.3100,5.3600,5.2600,5.2900,-0.0400,-0.7500,871471.6900,462228.5710,2.7000,6.1200,0.2915,0.6693,0.6300,7.0315,6.4221,1.1030,0.1984,0.1877,3000000.0000,2990055.9794,1302149.1225,15870000.0000,15817396.1310,3.2514,3.2514,0.3766,0.3766,3.7665,7.8154
2016-02-22,5.3700,5.5300,5.3300,5.4600,0.1700,3.2100,1862650.6400,1012047.9570,2.7800,6.3200,0.6229,1.4304,1.3200,7.2574,6.6284,1.1384,0.2047,0.1938,3000000.0000,2990055.9794,1302149.1225,16380000.0000,16325705.6475,3.1502,3.1502,0.3724,0.3724,3.7244,7.7281
2016-02-23,5.4500,5.4700,5.3600,5.4200,-0.0400,-0.7300,1054392.2600,569982.7150,2.7600,6.2700,0.3526,0.8097,0.6500,7.2043,6.5799,1.1301,0.2032,0.1924,3000000.0000,2990055.9794,1302149.1225,16260000.0000,16206103.4083,3.1734,3.1734,0.3670,0.3670,3.6697,7.6147
2016-02-24,5.3900,5.4800,5.3300,5.4500,0.0300,0.5500,1037609.4400,561203.3460,2.7800,6.3100,0.3470,0.7968,0.6800,7.2441,6.6163,1.1364,0.2044,0.1934,3000000.0000,2990055.9794,1302149.1225,16350000.0000,16295805.0877,3.1560,3.1560,0.3711,0.3711,3.7106,7.6994
2016-02-25,5.4900,5.5200,5.0900,5.1300,-0.3200,-5.8700,2053556.0000,1094354.0560,2.6200,5.9400,0.6868,1.5771,1.6800,6.8188,6.2278,1.0696,0.1924,0.1821,3000000.0000,2990055.9794,1302149.1225,15390000.0000,15338987.1743,3.3528,3.3528,0.3643,0.3643,3.6430,7.5592
2016-02-26,5.1800,5.2200,5.1000,5.1500,0.0200,0.3900,1073539.5000,555342.6770,2.6300,5.9600,0.3590,0.8244,0.7800,6.8454,6.2521,1.0738,0.1931,0.1828,3000000.0000,2990055.9794,1302149.1225,15450000.0000,15398788.2939,3.3398,3.3398,0.3861,0.3861,3.8610,8.0116
2016-02-29,5.1800,5.1900,5.0200,5.1300,-0.0200,-0.3900,1509548.6700,767403.4120,2.6200,5.9400,0.5049,1.1593,1.0700,6.8188,6.2278,1.0696,0.1924,0.1821,3000000.0000,2990055.9794,1302149.1225,15390000.0000,15338987.1743,3.3528,3.3528,0.3861,0.3861,3.8610,8.0116
2016-03-01,5.1600,5.2900,5.1200,5.2400,0.1100,2.1400,1605016.6700,838045.7330,2.6700,6.0600,0.5368,1.2326,1.1900,6.9650,6.3614,1.0926,0.1965,0.1860,3000000.0000,2990055.9794,1302149.1225,15720000.0000,15667893.3321,3.2824,3.2824,0.3876,0.3876,3.8760,8.0426
2016-03-02,5.2600,5.6800,5.2200,5.5800,0.3400,6.4900,3513840.9000,1928187.3710,2.8500,6.4600,1.1752,2.6985,2.4100,7.4169,6.7741,1.1635,0.2092,0.1980,3000000.0000,2990055.9794,1302149.1225,16740000.0000,16684512.3651,3.0824,3.0824,0.3802,0.3802,3.8023,7.8897
2016-03-03,5.5600,5.6300,5.4400,5.5200,-0.0600,-1.0800,2603604.4700,1435812.6330,2.8100,6.3900,0.8708,1.9995,1.3300,7.3372,6.7013,1.1509,0.2070,0.1959,3000000.0000,2990055.9794,1302149.1225,16560000.0000,16505109.0063,3.1159,3.1159,0.3597,0.3597,3.5971,7.4640
2016-03-04,5.5000,5.6400,5.4200,5.6200,0.1000,1.8100,3518033.6600,1955913.2680,2.8700,6.5000,1.1766,2.7017,1.7100,7.4701,6.8227,1.1718,0.2107,0.1995,3000000.0000,2990055.9794,1302149.1225,16860000.0000,16804114.6042,3.0605,3.0605,0.3636,0.3636,3.6364,7.5455
2016-03-07,5.6300,5.6900,5.5500,5.6000,-0.0200,-0.3600,1666966.0100,937926.7470,2.8600,6.4800,0.5575,1.2802,0.6500,7.4435,6.7984,1.1676,0.2100,0.1987,3000000.0000,2990055.9794,1302149.1225,16800000.0000,16744313.4846,3.0714,3.0714,0.3552,0.3552,3.5524,7.3712
2016-03-08,5.5900,5.6000,5.3900,5.5900,-0.0100,-0.1800,1453409.5200,797458.3710,2.8500,6.4700,0.4861,1.1162,0.5600,7.4302,6.7863,1.1655,0.2096,0.1984,3000000.0000,2990055.9794,1302149.1225,16770000.0000,16714412.9248,3.0769,3.0769,0.3578,0.3578,3.5778,7.4240
2016-03-09,5.4700,5.5800,5.4200,5.5700,-0.0200,-0.3600,1478884.3800,814367.9510,2.8400,6.4400,0.4946,1.1357,0.5800,7.4036,6.7620,1.1614,0.2089,0.1977,3000000.0000,2990055.9794,1302149.1225,16710000.0000,16654611.8053,3.0880,3.0880,0.3656,0.3656,3.6563,7.5868
2016-03-10,5.5100,5.5800,5.4300,5.4400,-0.1300,-2.3300,749727.9100,412673.4020,2.7700,6.2900,0.2507,0.5758,0.3500,7.2308,6.6042,1.1343,0.2040,0.1931,3000000.0000,2990055.9794,1302149.1225,16320000.0000,16265904.5279,3.1618,3.1618,0.3630,0.3630,3.6298,7.5318
2016-03-11,5.4100,5.4900,5.4100,5.4800,0.0400,0.7400,644427.1900,351337.4350,2.7900,6.3400,0.2155,0.4949,0.3600,7.2840,6.6527,1.1426,0.2055,0.1945,3000000.0000,2990055.9794,1302149.1225,16440000.0000,16385506.7671,3.1387,3.1387,0.3697,0.3697,3.6969,7.6710
2016-03-14,5.5400,5.6400,5.5000,5.6000,0.1200,2.1900,1371304.3900,767450.8640,2.8600,6.4800,0.4586,1.0531,1.1400,7.4435,6.7984,1.1676,0.2100,0.1987,3000000.0000,2990055.9794,1302149.1225,16800000.0000,16744313.4846,3.0714,3.0714,0.3610,0.3610,3.6101,7.4910
2016-03-15,5.6000,5.8800,5.5300,5.8200,0.2200,3.9300,3090964.4100,1768576.5240,2.9700,6.7300,1.0337,2.3737,2.7100,7.7359,7.0655,1.2135,0.2182,0.2065,3000000.0000,2990055.9794,1302149.1225,17460000.0000,17402125.8001,2.9553,2.9553,0.3571,0.3571,3.5714,7.4107
2016-03-16,5.7500,5.9600,5.7300,5.8800,0.0600,1.0300,3122786.4700,1838254.4230,3.0000,6.8000,1.0444,2.3982,2.1300,7.8157,7.1383,1.2260,0.2205,0.2087,3000000.0000,2990055.9794,1302149.1225,17640000.0000,17581529.1589,2.9252,2.9252,0.3478,0.3478,3.4783,7.2174
2016-03-17,5.8800,5.9200,5.7900,5.8300,-0.0500,-0.8500,1663257.8200,972991.4050,2.9700,6.7500,0.5563,1.2773,0.9300,7.7492,7.0776,1.2156,0.2186,0.2069,3000000.0000,2990055.9794,1302149.1225,17490000.0000,17432026.3599,2.9503,2.9503,0.3401,0.3401,3.4014,7.0578
2016-03-18,5.8700,5.9000,5.7100,5.7800,-0.0500,-0.8600,3020992.1200,1755207.5790,2.9500,6.6900,1.0103,2.3200,1.5300,7.6828,7.0169,1.2052,0.2167,0.2051,3000000.0000,2990055.9794,1302149.1225,17340000.0000,17282523.5609,2.9758,2.9758,0.3407,0.3407,3.4072,7.0698
2016-03-21,5.8200,6.0500,5.7900,5.8500,0.0700,1.2100,2870609.0800,1688861.8540,2.9800,6.7700,0.9601,2.2045,1.1700,7.7758,7.1019,1.2198,0.2194,0.2076,3000000.0000,2990055.9794,1302149.1225,17550000.0000,17491827.4795,2.9402,2.9402,0.3436,0.3436,3.4364,7.1306
2016-03-22,5.8500,5.9100,5.8100,5.8500,0.0000,0.0000,1356384.5000,794004.8790,2.9800,6.7700,0.4536,1.0417,0.4900,7.7758,7.1019,1.2198,0.2194,0.2076,3000000.0000,2990055.9794,1302149.1225,17550000.0000,17491827.4795,2.9402,2.9402,0.3419,0.3419,3.4188,7.0940
2016-03-23,5.8200,5.8600,5.7700,5.8100,-0.0400,-0.6800,1108566.2400,643545.0050,2.9600,6.7200,0.3708,0.8513,0.4600,7.7227,7.0533,1.2114,0.2179,0.2062,3000000.0000,2990055.9794,1302149.1225,17430000.0000,17372225.2403,2.9604,2.9604,0.3436,0.3436,3.4364,7.1306
2016-03-24,5.7800,5.8200,5.7200,5.7200,-0.0900,-1.5500,787464.6500,454173.9200,2.9200,6.6200,0.2634,0.6047,0.3900,7.6030,6.9441,1.1927,0.2145,0.2030,3000000.0000,2990055.9794,1302149.1225,17160000.0000,17103120.2022,3.0070,3.0070,0.3460,0.3460,3.4602,7.1799
2016-03-25,5.7500,5.7900,5.7100,5.7400,0.0200,0.3500,614043.6300,352772.1850,2.9300,6.6400,0.2054,0.4716,0.3400,7.6296,6.9684,1.1968,0.2152,0.2037,3000000.0000,2990055.9794,1302149.1225,17220000.0000,17162921.3218,2.9965,2.9965,0.3478,0.3478,3.4783,7.2174
2016-03-28,5.7400,5.8200,5.6200,5.6400,-0.1000,-1.7400,1107472.3400,633305.4620,2.8800,6.5300,0.3704,0.8505,0.8200,7.4967,6.8470,1.1760,0.2115,0.2002,3000000.0000,2990055.9794,1302149.1225,16920000.0000,16863915.7238,3.0496,3.0496,0.3484,0.3484,3.4843,7.2300
2016-03-29,5.6700,5.6700,5.5400,5.5700,-0.0700,-1.2400,840814.3200,470824.6130,2.8400,6.4400,0.2812,0.6457,0.8500,7.4036,6.7620,1.1614,0.2089,0.1977,3000000.0000,2990055.9794,1302149.1225,16710000.0000,16654611.8053,3.0880,3.0880,0.3527,0.3527,3.5273,7.3192
2016-03-30,5.6100,5.7300,5.6000,5.7200,0.1500,2.6900,1011088.7700,573199.1580,2.9200,6.6200,0.3382,0.7765,1.1300,7.6030,6.9441,1.1927,0.2145,0.2030,3000000.0000,2990055.9794,1302149.1225,17160000.0000,17103120.2022,3.0070,3.0070,0.3565,0.3565,3.5651,7.3975
2016-03-31,5.7500,5.7700,5.6800,5.7000,-0.0200,-0.3500,912967.8100,523176.9640,2.9100,6.5900,0.3053,0.7011,1.0500,7.5764,6.9198,1.1885,0.2137,0.2023,3000000.0000,2990055.9794,1302149.1225,17100000.0000,17043319.0826,3.0175,3.0175,0.3478,0.3478,3.4783,7.2174
2016-04-01,5.7000,5.7700,5.5800,5.7600,0.0600,1.0500,1115170.2800,634003.5340,2.9400,6.6600,0.3730,0.8564,1.2400,7.6562,6.9926,1.2010,0.2160,0.2044,3000000.0000,2990055.9794,1302149.1225,17280000.0000,17222722.4413,2.9861,2.9861,0.3509,0.3509,3.5088,7.2807
2016-04-05,5.7200,5.8500,5.7100,5.7600,0.0000,0.0000,1926853.1400,1114200.5390,2.9400,6.6600,0.6444,1.4797,1.9300,7.6562,6.9926,1.2010,0.2160,0.2044,3000000.0000,2990055.9794,1302149.1225,17280000.0000,17222722.4413,2.9861,2.9861,0.3497,0.3497,3.4965,7.2552
2016-04-06,5.7300,5.7700,5.6900,5.7200,-0.0400,-0.6900,1038608.6500,594770.9280,2.9200,6.6200,0.3474,0.7976,0.8900,7.6030,6.9441,1.1927,0.2145,0.2030,3000000.0000,2990055.9794,1302149.1225,17160000.0000,17103120.2022,3.0070,3.0070,0.3490,0.3490,3.4904,7.2426
2016-04-07,5.7400,5.7600,5.6300,5.6400,-0.0800,-1.4000,801084.0200,455014.3430,2.8800,6.5300,0.2679,0.6152,0.6700,7.4967,6.8470,1.1760,0.2115,0.2002,3000000.0000,2990055.9794,1302149.1225,16920000.0000,16863915.7238,3.0496,3.0496,0.3484,0.3484,3.4843,7.2300
2016-04-08,5.6100,5.6400,5.5500,5.5900,-0.0500,-0.8900,775990.0100,433642.2530,2.8500,6.4700,0.2595,0.5959,0.6700,7.4302,6.7863,1.1655,0.2096,0.1984,3000000.0000,2990055.9794,1302149.1225,16770000.0000,16714412.9248,3.0769,3.0769,0.3565,0.3565,3.5651,7.3975
2016-04-11,5.6200,5.7100,5.6100,5.6500,0.0600,1.0700,847174.1500,480382.1280,2.8800,6.5400,0.2833,0.6506,0.7500,7.5100,6.8591,1.1781,0.2119,0.2005,3000000.0000,2990055.9794,1302149.1225,16950000.0000,16893816.2836,3.0442,3.0442,0.3559,0.3559,3.5587,7.3843
2016-04-12,5.6700,5.6900,5.6200,5.6500,0.0000,0.0000,596551.5200,336970.3970,2.8800,6.5400,0.1995,0.4581,0.5500,7.5100,6.8591,1.1781,0.2119,0.2005,3000000.0000,2990055.9794,1302149.1225,16950000.0000,16893816.2836,3.0442,3.0442,0.3527,0.3527,3.5273,7.3192
2016-04-13,5.6900,5.7900,5.6700,5.7300,0.0800,1.4200,1538404.3900,884449.1580,2.9200,6.6300,0.5145,1.1814,1.8900,7.6163,6.9562,1.1947,0.2149,0.2034,3000000.0000,2990055.9794,1302149.1225,17190000.0000,17133020.7620,3.0017,3.0017,0.3515,0.3515,3.5149,7.2935
2016-04-14,5.7700,5.7800,5.6900,5.7400,0.0100,0.1700,958558.9400,549205.0460,2.9300,6.6400,0.3206,0.7361,1.0500,7.6296,6.9684,1.1968,0.2152,0.2037,3000000.0000,2990055.9794,1302149.1225,17220000.0000,17162921.3218,2.9965,2.9965,0.3466,0.3466,3.4662,7.1924
2016-04-15,5.7700,5.7700,5.6900,5.7300,-0.0100,-0.1700,1155129.1700,661337.4400,2.9200,6.6300,0.3863,0.8871,1.2200,7.6163,6.9562,1.1947,0.2149,0.2034,3000000.0000,2990055.9794,1302149.1225,17190000.0000,17133020.7620,3.0017,3.0017,0.3466,0.3466,3.4662,7.1924
2016-04-18,5.7000,5.7100,5.6300,5.6500,-0.0800,-1.4000,799269.4800,452353.4190,2.8800,6.5400,0.2673,0.6138,0.7800,7.5100,6.8591,1.1781,0.2119,0.2005,3000000.0000,2990055.9794,1302149.1225,16950000.0000,16893816.2836,3.0442,3.0442,0.3509,0.3509,3.5088,7.2807
2016-04-19,5.6900,5.6900,5.6200,5.6400,-0.0100,-0.1800,611010.4200,344741.1160,2.8800,6.5300,0.2043,0.4692,0.6100,6.4922,6.4922,1.1059,0.1921,0.1921,3000000.0000,2990055.9794,1302149.1225,16920000.0000,16863915.7238,3.0496,3.0496,0.3515,0.3515,3.5149,7.2935
2016-04-20,5.6600,5.6700,5.3800,5.5400,-0.1000,-1.7700,1878982.5800,1034648.1000,2.8200,6.4100,0.6284,1.4430,1.8600,6.3771,6.3771,1.0863,0.1887,0.1887,3000000.0000,2990055.9794,1302149.1225,16620000.0000,16564910.1259,3.1047,3.1047,0.3534,0.3534,3.5336,7.3322
2016-04-21,5.5000,5.5700,5.4800,5.5100,-0.0300,-0.5400,740806.8000,409703.3590,2.8100,6.3800,0.2478,0.5689,0.6900,6.3426,6.3426,1.0804,0.1877,0.1877,3000000.0000,2990055.9794,1302149.1225,16530000.0000,16475208.4465,3.1216,3.1216,0.3636,0.3636,3.6364,7.5455
2016-04-22,5.5000,5.5400,5.4800,5.5300,0.0200,0.3600,539158.1900,297459.5860,2.8200,6.4000,0.1803,0.4141,0.5200,6.3656,6.3656,1.0843,0.1884,0.1884,3000000.0000,2990055.9794,1302149.1225,16590000.0000,16535009.5661,3.1103,3.1103,0.3636,0.3636,3.6364,7.5455
2016-04-25,5.5300,5.5300,5.4700,5.5100,-0.0200,-0.3600,488851.2800,268567.0480,2.8100,6.3800,0.1635,0.3754,0.5300,6.3426,6.3426,1.0804,0.1877,0.1877,3000000.0000,2990055.9794,1302149.1225,16530000.0000,16475208.4465,3.1216,3.1216,0.3617,0.3617,3.6166,7.5045
2016-04-26,5.5200,5.5700,5.5100,5.5600,0.0500,0.9100,644316.5100,356711.7990,2.8300,6.4300,0.2155,0.4948,0.7600,6.4001,6.4001,1.0902,0.1894,0.1894,3000000.0000,2990055.9794,1302149.1225,16680000.0000,16624711.2455,3.0935,3.0935,0.3623,0.3623,3.6232,7.5181
2016-04-27,5.5500,5.5900,5.5300,5.5400,-0.0200,-0.3600,460418.1600,255920.6130,2.8200,6.4100,0.1540,0.3536,0.5400,6.3771,6.3771,1.0863,0.1887,0.1887,3000000.0000,2990055.9794,1302149.1225,16620000.0000,16564910.1259,3.1047,3.1047,0.3604,0.3604,3.6036,7.4775
2016-04-28,5.5500,5.5600,5.4900,5.5300,-0.0100,-0.1800,492996.7800,272191.5260,2.8200,6.4000,0.1649,0.3786,0.8600,6.3656,6.3656,1.0843,0.1884,0.1884,3000000.0000,2990055.9794,1302149.1225,16590000.0000,16535009.5661,3.1103,3.1103,0.3604,0.3604,3.6036,7.4775
2016-04-29,5.5100,5.5300,5.5000,5.5100,-0.0200,-0.3600,456697.0800,251689.2400,2.8100,6.3800,0.1527,0.3507,0.8700,6.3426,6.3426,1.0804,0.1877,0.1877,3000000.0000,2990055.9794,1302149.1225,16530000.0000,16475208.4465,3.1216,3.1216,0.3630,0.3630,3.6298,7.5318
2016-05-03,5.5100,5.6200,5.5100,5.6100,0.1000,1.8100,862623.7200,481361.8830,2.8600,6.4900,0.2885,0.6625,1.7000,6.4577,6.2758,1.0535,0.1911,0.1868,3000000.0000,2990055.9794,1302149.1225,16830000.0000,16774214.0444,3.0660,3.0660,0.3630,0.3630,3.6298,7.5318
2016-05-04,5.5900,5.6200,5.5600,5.5900,-0.0200,-0.3600,644334.2900,360090.6190,2.8500,6.4700,0.2155,0.4948,1.1000,6.4347,6.2535,1.0497,0.1904,0.1862,3000000.0000,2990055.9794,1302149.1225,16770000.0000,16714412.9248,3.0769,3.0769,0.3578,0.3578,3.5778,7.4240
2016-05-05,5.5800,5.6000,5.5600,5.5900,0.0000,0.0000,483834.0600,270198.8200,2.8500,6.4700,0.1618,0.3716,0.8300,6.4347,6.2535,1.0497,0.1904,0.1862,3000000.0000,2990055.9794,1302149.1225,16770000.0000,16714412.9248,3.0769,3.0769,0.3584,0.3584,3.5842,7.4373
2016-05-06,5.5900,5.6100,5.4400,5.4500,-0.1400,-2.5000,935138.1700,515720.1440,2.7800,6.3100,0.3127,0.7181,1.5900,6.2735,6.0969,1.0234,0.1857,0.1815,3000000.0000,2990055.9794,1302149.1225,16350000.0000,16295805.0877,3.1560,3.1560,0.3578,0.3578,3.5778,7.4240
2016-05-09,5.4500,5.4700,5.2900,5.3200,-0.1300,-2.3900,1050623.3900,563503.2540,2.7100,6.1600,0.3514,0.8068,1.5500,6.1239,5.9514,0.9990,0.1812,0.1772,3000000.0000,2990055.9794,1302149.1225,15960000.0000,15907097.8104,3.2331,3.2331,0.3670,0.3670,3.6697,7.6147
2016-05-10,5.3000,5.3900,5.2900,5.3300,0.0100,0.1900,960556.0500,511860.2530,2.7200,6.1700,0.3213,0.7377,1.2100,6.1354,5.9626,1.0009,0.1816,0.1775,3000000.0000,2990055.9794,1302149.1225,15990000.0000,15936998.3702,3.2270,3.2270,0.3774,0.3774,3.7736,7.8302
2016-05-11,5.3500,5.4200,5.3000,5.3600,0.0300,0.5600,1169575.3700,626034.8690,2.7300,6.2000,0.3912,0.8982,1.4400,6.1699,5.9962,1.0065,0.1826,0.1785,3000000.0000,2990055.9794,1302149.1225,16080000.0000,16026700.0496,3.2090,3.2090,0.3738,0.3738,3.7383,7.7570
2016-05-12,5.3100,5.3500,5.2600,5.3200,-0.0400,-0.7500,835024.3300,443559.8720,2.7100,6.1600,0.2793,0.6413,0.9100,6.1239,5.9514,0.9990,0.1812,0.1772,3000000.0000,2990055.9794,1302149.1225,15960000.0000,15907097.8104,3.2331,3.2331,0.3766,0.3766,3.7665,7.8154
2016-05-13,5.3200,5.3800,5.3000,5.3300,0.0100,0.1900,841143.0600,449638.0110,2.7200,6.1700,0.2813,0.6460,0.8500,6.1354,5.9626,1.0009,0.1816,0.1775,3000000.0000,2990055.9794,1302149.1225,15990000.0000,15936998.3702,3.2270,3.2270,0.3759,0.3759,3.7594,7.8008
2016-05-16,5.3100,5.3800,5.2900,5.3500,0.0200,0.3800,691277.3100,369138.0640,2.7300,6.1900,0.2312,0.5309,0.7100,6.1584,5.9850,1.0046,0.1823,0.1782,3000000.0000,2990055.9794,1302149.1225,16050000.0000,15996799.4898,3.2150,3.2150,0.3766,0.3766,3.7665,7.8154
2016-05-17,5.3600,5.3700,5.3100,5.3300,-0.0200,-0.3700,505600.5600,269921.2130,2.7200,6.1700,0.1691,0.3883,0.5600,6.1354,5.9626,1.0009,0.1816,0.1775,3000000.0000,2990055.9794,1302149.1225,15990000.0000,15936998.3702,3.2270,3.2270,0.3731,0.3731,3.7313,7.7425
2016-05-18,5.3100,5.3300,5.2200,5.3000,-0.0300,-0.5600,842217.4700,444811.2320,2.7000,6.1300,0.2817,0.6468,1.0400,6.1009,5.9291,0.9952,0.1806,0.1765,3000000.0000,2990055.9794,1302149.1225,15900000.0000,15847296.6908,3.2453,3.2453,0.3766,0.3766,3.7665,7.8154
2016-05-19,5.2900,5.3200,5.2600,5.2700,-0.0300,-0.5700,400129.2300,211696.4570,2.6900,6.1000,0.1338,0.3073,0.5400,6.0663,5.8955,0.9896,0.1795,0.1755,3000000.0000,2990055.9794,1302149.1225,15810000.0000,15757595.0114,3.2638,3.2638,0.3781,0.3781,3.7807,7.8450
2016-05-20,5.2600,5.3000,5.2500,5.3000,0.0300,0.5700,452881.5800,239040.8800,2.7000,6.1300,0.1515,0.3478,0.6900,6.1009,5.9291,0.9952,0.1806,0.1765,3000000.0000,2990055.9794,1302149.1225,15900000.0000,15847296.6908,3.2453,3.2453,0.3802,0.3802,3.8023,7.8897
2016-05-23,5.2800,5.3400,5.2800,5.3100,0.0100,0.1900,404947.0900,215168.0410,2.7100,6.1400,0.1354,0.3110,0.7000,6.1124,5.9402,0.9971,0.1809,0.1768,3000000.0000,2990055.9794,1302149.1225,15930000.0000,15877197.2506,3.2392,3.2392,0.3788,0.3788,3.7879,7.8598
2016-05-24,5.3200,5.3200,5.2600,5.2800,-0.0300,-0.5600,347618.2000,183549.3210,2.6900,6.1100,0.1163,0.2670,0.6700,6.0778,5.9067,0.9915,0.1799,0.1758,3000000.0000,2990055.9794,1302149.1225,15840000.0000,15787495.5712,3.2576,3.2576,0.3759,0.3759,3.7594,7.8008
2016-05-25,5.3100,5.3200,5.2700,5.2800,0.0000,0.0000,398927.9100,211281.1850,2.6900,6.1100,0.1334,0.3064,0.8100,6.0778,5.9067,0.9915,0.1799,0.1758,3000000.0000,2990055.9794,1302149.1225,15840000.0000,15787495.5712,3.2576,3.2576,0.3766,0.3766,3.7665,7.8154
2016-05-26,5.2800,5.3100,5.2200,5.2700,-0.0100,-0.1900,435284.1500,228996.1230,2.6900,6.1000,0.1456,0.3343,1.0900,6.0663,5.8955,0.9896,0.1795,0.1755,3000000.0000,2990055.9794,1302149.1225,15810000.0000,15757595.0114,3.2638,3.2638,0.3788,0.3788,3.7879,7.8598
2016-05-27,5.2600,5.2900,5.2500,5.2800,0.0100,0.1900,355233.8800,187046.4350,2.6900,6.1100,0.1188,0.2728,0.8700,6.0778,5.9067,0.9915,0.1799,0.1758,3000000.0000,2990055.9794,1302149.1225,15840000.0000,15787495.5712,3.2576,3.2576,0.3802,0.3802,3.8023,7.8897
2016-05-30,5.2700,5.3300,5.2500,5.3000,0.0200,0.3800,657409.0900,348174.0250,2.7000,6.1300,0.2199,0.5049,1.6900,6.1009,5.9291,0.9952,0.1806,0.1765,3000000.0000,2990055.9794,1302149.1225,15900000.0000,15847296.6908,3.2453,3.2453,0.3795,0.3795,3.7951,7.8748
2016-05-31,5.3000,5.5000,5.2900,5.4900,0.1900,3.5800,1915380.4200,1039777.0200,2.8000,6.3500,0.6406,1.4709,4.3600,6.3196,6.1416,1.0309,0.1870,0.1828,3000000.0000,2990055.9794,1302149.1225,16470000.0000,16415407.3269,3.1330,3.1330,0.3774,0.3774,3.7736,7.8302
2016-06-01,5.4800,5.5000,5.4400,5.4400,-0.0500,-0.9100,973683.3800,531950.0930,2.7700,6.2900,0.3256,0.7478,1.2900,6.2620,6.0857,1.0215,0.1853,0.1812,3000000.0000,2990055.9794,1302149.1225,16320000.0000,16265904.5279,3.1618,3.1618,0.3650,0.3650,3.6496,7.5730
2016-06-02,5.4500,5.4600,5.4000,5.4200,-0.0200,-0.3700,724351.0900,392824.4620,2.7600,6.2700,0.2423,0.5563,0.8400,6.2390,6.0633,1.0178,0.1847,0.1805,3000000.0000,2990055.9794,1302149.1225,16260000.0000,16206103.4083,3.1734,3.1734,0.3670,0.3670,3.6697,7.6147
2016-06-03,5.4500,5.4700,5.4200,5.4400,0.0200,0.3700,627684.5900,341788.6970,2.7700,6.2900,0.2099,0.4820,0.6800,6.2620,6.0857,1.0215,0.1853,0.1812,3000000.0000,2990055.9794,1302149.1225,16320000.0000,16265904.5279,3.1618,3.1618,0.3670,0.3670,3.6697,7.6147
2016-06-06,5.4600,5.4700,5.4100,5.4300,-0.0100,-0.1800,468661.8900,254670.3260,2.7700,6.2800,0.1567,0.3599,0.4800,6.2505,6.0745,1.0197,0.1850,0.1808,3000000.0000,2990055.9794,1302149.1225,16290000.0000,16236003.9681,3.1676,3.1676,0.3663,0.3663,3.6630,7.6007
2016-06-07,5.4400,5.4400,5.4100,5.4200,-0.0100,-0.1800,396232.3700,215023.8530,2.7600,6.2700,0.1325,0.3043,0.4200,6.2390,6.0633,1.0178,0.1847,0.1805,3000000.0000,2990055.9794,1302149.1225,16260000.0000,16206103.4083,3.1734,3.1734,0.3676,0.3676,3.6765,7.6287
2016-06-08,5.4300,5.4400,5.4000,5.4200,0.0000,0.0000,422127.3300,228885.5760,2.7600,6.2700,0.1412,0.3242,0.6600,6.2390,6.0633,1.0178,0.1847,0.1805,3000000.0000,2990055.9794,1302149.1225,16260000.0000,16206103.4083,3.1734,3.1734,0.3683,0.3683,3.6832,7.6427
2016-06-13,5.3900,5.3900,5.2900,5.2900,-0.1300,-2.4000,748691.2400,400663.4510,2.7000,6.1200,0.2504,0.5750,1.4200,6.0893,5.9179,0.9934,0.1802,0.1762,3000000.0000,2990055.9794,1302149.1225,15870000.0000,15817396.1310,3.2514,3.2514,0.3711,0.3711,3.7106,7.6994
2016-06-14,5.2800,5.3400,5.2800,5.3400,0.0500,0.9500,418087.1700,222081.7410,2.7200,6.1800,0.1398,0.3211,0.7800,6.1469,5.9738,1.0028,0.1819,0.1778,3000000.0000,2990055.9794,1302149.1225,16020000.0000,15966898.9300,3.2210,3.2210,0.3788,0.3788,3.7879,7.8598
2016-06-15,5.2800,5.4000,5.2700,5.3800,0.0400,0.7500,669198.0400,358518.4620,2.7400,6.2200,0.2238,0.5139,1.3600,6.1929,6.0185,1.0103,0.1833,0.1792,3000000.0000,2990055.9794,1302149.1225,16140000.0000,16086501.1692,3.1970,3.1970,0.3788,0.3788,3.7879,7.8598
2016-06-16,5.2000,5.2000,5.1400,5.1600,-0.2200,-4.0900,623198.8300,322308.8620,2.7300,6.2000,0.2084,0.4786,1.1700,5.9397,5.7724,1.0068,0.1758,0.1718,3000000.0000,2990055.9794,1302149.1225,15480000.0000,15428688.8537,3.3333,3.8760,0.3846,0.3846,3.8462,7.9808
2016-06-17,5.1700,5.2100,5.1500,5.1700,0.0100,0.1900,527916.9400,273529.8800,2.7400,6.2100,0.1766,0.4054,0.9200,5.9512,5.7836,1.0087,0.1761,0.1722,3000000.0000,2990055.9794,1302149.1225,15510000.0000,15458589.4135,3.3269,3.8685,0.3868,0.3868,3.8685,8.0271
2016-06-20,5.1800,5.2000,5.1500,5.1900,0.0200,0.3900,404328.4200,209444.6830,2.7500,6.2300,0.1352,0.3105,0.6800,5.9742,5.8060,1.0126,0.1768,0.1728,3000000.0000,2990055.9794,1302149.1225,15570000.0000,15518390.5331,3.3141,3.8536,0.3861,0.3861,3.8610,8.0116
2016-06-21,5.2000,5.2400,5.1900,5.2000,0.0100,0.1900,553899.3000,288729.6980,2.7500,6.2500,0.1852,0.4254,1.0500,5.9857,5.8172,1.0146,0.1772,0.1732,3000000.0000,2990055.9794,1302149.1225,15600000.0000,15548291.0929,3.3077,3.8462,0.3846,0.3846,3.8462,7.9808
2016-06-22,5.2200,5.2600,5.2000,5.2300,0.0300,0.5800,711153.1800,372382.0960,2.7700,6.2800,0.2378,0.5461,1.2800,6.0203,5.8507,1.0204,0.1782,0.1742,3000000.0000,2990055.9794,1302149.1225,15690000.0000,15637992.7723,3.2887,3.8241,0.3831,0.3831,3.8314,7.9502
2016-06-23,5.2200,5.2300,5.1900,5.2000,-0.0300,-0.5700,398902.7900,207823.5760,2.7500,6.2500,0.1334,0.3063,0.7100,5.9857,5.8172,1.0146,0.1772,0.1732,3000000.0000,2990055.9794,1302149.1225,15600000.0000,15548291.0929,3.3077,3.8462,0.3831,0.3831,3.8314,7.9502
2016-06-24,5.2000,5.2300,5.0900,5.1500,-0.0500,-0.9600,762040.3300,392779.5650,2.7300,6.1900,0.2549,0.5852,1.4700,5.9282,5.7613,1.0048,0.1755,0.1715,3000000.0000,2990055.9794,1302149.1225,15450000.0000,15398788.2939,3.3398,3.8835,0.3846,0.3846,3.8462,7.9808
2016-06-27,5.1300,5.2200,5.1200,5.2000,0.0500,0.9700,501229.3000,259927.6840,2.7500,6.2500,0.1676,0.3849,0.8900,5.9857,5.8172,1.0146,0.1772,0.1732,3000000.0000,2990055.9794,1302149.1225,15600000.0000,15548291.0929,3.3077,3.8462,0.3899,0.3899,3.8986,8.0897
2016-06-28,5.1800,5.2200,5.1700,5.2100,0.0100,0.1900,421771.0400,219089.8500,2.7600,6.2600,0.1411,0.3239,0.7200,5.9973,5.8284,1.0165,0.1775,0.1735,3000000.0000,2990055.9794,1302149.1225,15630000.0000,15578191.6527,3.3013,3.8388,0.3861,0.3861,3.8610,8.0116
2016-06-29,5.2100,5.4200,5.2100,5.3300,0.1200,2.3000,1659428.8300,885421.0940,2.8200,6.4000,0.5550,1.2744,2.9700,6.1354,5.9626,1.0399,0.1816,0.1775,3000000.0000,2990055.9794,1302149.1225,15990000.0000,15936998.3702,3.2270,3.7523,0.3839,0.3839,3.8388,7.9655
2016-06-30,5.3200,5.3700,5.2900,5.3200,-0.0100,-0.1900,781728.2000,415879.0000,2.8200,6.3900,0.2614,0.6003,1.0400,6.1239,5.9514,1.0380,0.1812,0.1772,3000000.0000,2990055.9794,1302149.1225,15960000.0000,15907097.8104,3.2331,3.7594,0.3759,0.3759,3.7594,7.8008
2016-07-01,5.3400,5.3500,5.2900,5.3000,-0.0200,-0.3800,450721.8000,239678.5670,2.8100,6.3700,0.1507,0.3461,0.5500,6.1009,5.9291,1.0341,0.1806,0.1765,3000000.0000,2990055.9794,1302149.1225,15900000.0000,15847296.6908,3.2453,3.7736,0.3745,0.3745,3.7453,7.7715
2016-07-04,5.2800,5.4100,5.2800,5.3800,0.0800,1.5100,1003241.4600,539252.2960,2.8500,6.4600,0.3355,0.7705,1.3100,6.1929,6.0185,1.0497,0.1833,0.1792,3000000.0000,2990055.9794,1302149.1225,16140000.0000,16086501.1692,3.1970,3.7175,0.3788,0.3788,3.7879,7.8598
2016-07-05,5.3800,5.5000,5.3800,5.4600,0.0800,1.4900,1363833.7900,743068.8890,2.8900,6.5600,0.4561,1.0474,1.5800,6.2850,6.1080,1.0653,0.1860,0.1818,3000000.0000,2990055.9794,1302149.1225,16380000.0000,16325705.6475,3.1502,3.6630,0.3717,0.3717,3.7175,7.7138
2016-07-06,5.4400,5.4700,5.3900,5.4200,-0.0400,-0.7300,1010514.7100,548122.2080,2.8700,6.5100,0.3380,0.7760,0.9600,6.2390,6.0633,1.0575,0.1847,0.1805,3000000.0000,2990055.9794,1302149.1225,16260000.0000,16206103.4083,3.1734,3.6900,0.3676,0.3676,3.6765,7.6287
2016-07-07,5.4200,5.4300,5.3600,5.3900,-0.0300,-0.5500,755735.7800,407139.4600,2.8500,6.4700,0.2527,0.5804,0.8200,6.2045,6.0297,1.0516,0.1836,0.1795,3000000.0000,2990055.9794,1302149.1225,16170000.0000,16116401.7290,3.1911,3.7106,0.3690,0.3690,3.6900,7.6568
2016-07-08,5.3900,5.3900,5.3500,5.3600,-0.0300,-0.5600,497947.5600,267231.1170,2.8400,6.4400,0.1665,0.3824,0.5400,6.1699,5.9962,1.0458,0.1826,0.1785,3000000.0000,2990055.9794,1302149.1225,16080000.0000,16026700.0496,3.2090,3.7313,0.3711,0.3711,3.7106,7.6994
2016-07-11,5.3700,5.4200,5.3500,5.3700,0.0100,0.1900,612378.9800,329864.8260,2.8400,6.4500,0.2048,0.4703,0.6600,6.1814,6.0074,1.0477,0.1829,0.1788,3000000.0000,2990055.9794,1302149.1225,16110000.0000,16056600.6094,3.2030,3.7244,0.3724,0.3724,3.7244,7.7281
2016-07-12,5.3800,5.5200,5.3700,5.5000,0.1300,2.4200,1619364.2900,882762.9220,2.9100,6.6100,0.5416,1.2436,1.9100,6.3311,6.1528,1.0731,0.1874,0.1832,3000000.0000,2990055.9794,1302149.1225,16500000.0000,16445307.8867,3.1273,3.6364,0.3717,0.3717,3.7175,7.7138
2016-07-13,5.5300,5.6500,5.5300,5.5700,0.0700,1.2700,1640728.3900,917779.9260,2.9500,6.6900,0.5479,1.2556,1.8200,6.4117,6.2311,1.0868,0.1898,0.1855,3000000.0000,2994681.5593,1306774.7024,16710000.0000,16680376.2853,3.0880,3.5907,0.3617,0.3617,3.6166,7.5045
2016-07-14,5.5400,5.5600,5.4900,5.5100,-0.0600,-1.0800,809149.1300,446895.7820,2.9200,6.6200,0.2702,0.6192,0.7900,6.3426,6.1640,1.0751,0.1877,0.1835,3000000.0000,2994681.5593,1306774.7024,16530000.0000,16500695.3917,3.1216,3.6298,0.3610,0.3610,3.6101,7.4910
2016-07-15,5.5600,5.6400,5.5400,5.5600,0.0500,0.9100,1069075.6000,597186.9780,2.9400,6.6800,0.3570,0.8181,1.0300,6.4001,6.2199,1.0848,0.1894,0.1852,3000000.0000,2994681.5593,1306774.7024,16680000.0000,16650429.4697,3.0935,3.5971,0.3597,0.3597,3.5971,7.4640
2016-07-18,5.5500,5.5600,5.4900,5.5100,-0.0500,-0.9000,988548.7000,545519.1910,2.9200,6.6200,0.3301,0.7565,0.8600,6.3426,6.1640,1.0751,0.1877,0.1835,3000000.0000,2994681.5593,1306774.7024,16530000.0000,16500695.3917,3.1216,3.6298,0.3604,0.3604,3.6036,7.4775
2016-07-19,5.5300,5.5600,5.4700,5.5000,-0.0100,-0.1800,729916.0000,402834.0100,2.9100,6.6100,0.2437,0.5586,0.6000,6.3311,6.1528,1.0731,0.1874,0.1832,3000000.0000,2994681.5593,1306774.7024,16500000.0000,16470748.5762,3.1273,3.6364,0.3617,0.3617,3.6166,7.5045
2016-07-20,5.5100,5.5300,5.4800,5.4900,-0.0100,-0.1800,455571.4200,250418.6300,2.9100,6.5900,0.1521,0.3486,0.4300,6.3196,6.1416,1.0712,0.1870,0.1828,3000000.0000,2994681.5593,1306774.7024,16470000.0000,16440801.7606,3.1330,3.6430,0.3630,0.3630,3.6298,7.5318
2016-07-21,5.5000,5.5500,5.5000,5.5300,0.0400,0.7300,599669.4800,331280.2390,2.9300,6.6400,0.2002,0.4589,0.7400,6.3656,6.1864,1.0790,0.1884,0.1842,3000000.0000,2994681.5593,1306774.7024,16590000.0000,16560589.0229,3.1103,3.6166,0.3636,0.3636,3.6364,7.5455
2016-07-22,5.5200,5.5200,5.4600,5.4700,-0.0600,-1.0800,522869.3400,287092.2760,2.9000,6.5700,0.1746,0.4001,0.6800,6.2965,6.1192,1.0673,0.1864,0.1822,3000000.0000,2994681.5593,1306774.7024,16410000.0000,16380908.1294,3.1444,3.6563,0.3623,0.3623,3.6232,7.5181
2016-07-25,5.4600,5.5000,5.4500,5.4800,0.0100,0.1800,474603.0300,259951.9800,2.9000,6.5800,0.1585,0.3632,0.7200,6.3081,6.1304,1.0692,0.1867,0.1825,3000000.0000,2994681.5593,1306774.7024,16440000.0000,16410854.9450,3.1387,3.6496,0.3663,0.3663,3.6630,7.6007
2016-07-26,5.4700,5.5700,5.4700,5.5600,0.0800,1.4600,751694.0500,415448.4250,2.9400,6.6800,0.2510,0.5752,1.3500,6.4001,6.2199,1.0848,0.1894,0.1852,3000000.0000,2994681.5593,1306774.7024,16680000.0000,16650429.4697,3.0935,3.5971,0.3656,0.3656,3.6563,7.5868
2016-07-27,5.5700,5.7200,5.5100,5.6300,0.0700,1.2600,2505946.2700,1405552.8030,2.9800,6.7600,0.8368,1.9177,4.4700,6.4807,6.2982,1.0985,0.1918,0.1875,3000000.0000,2994681.5593,1306774.7024,16890000.0000,16860057.1789,3.0551,3.5524,0.3591,0.3591,3.5907,7.4506
2016-07-28,5.6300,5.8500,5.5800,5.7500,0.1200,2.1300,2549155.2100,1463603.1740,3.0400,6.9100,0.8512,1.9507,2.6300,6.6189,6.4325,1.1219,0.1959,0.1915,3000000.0000,2994681.5593,1306774.7024,17250000.0000,17219418.9660,2.9913,3.4783,0.3552,0.3552,3.5524,7.3712
2016-07-29,5.7700,5.8400,5.6900,5.7000,-0.0500,-0.8700,1640908.4400,947120.0600,3.0200,6.8500,0.5479,1.2557,1.2100,6.5613,6.3765,1.1121,0.1942,0.1898,3000000.0000,2994681.5593,1306774.7024,17100000.0000,17069684.8880,3.0175,3.5088,0.3466,0.3466,3.4662,7.1924
2016-08-01,5.7500,5.8000,5.6700,5.7600,0.0600,1.0500,1442427.6600,828692.0580,3.0500,6.9200,0.4817,1.1038,0.9100,6.6304,6.4437,1.1238,0.1962,0.1918,3000000.0000,2994681.5593,1306774.7024,17280000.0000,17249365.7816,2.9861,3.4722,0.3478,0.3478,3.4783,7.2174
2016-08-02,5.7500,5.8100,5.7300,5.7800,0.0200,0.3500,878317.2200,507761.8640,3.0600,6.9400,0.2933,0.6721,0.4900,6.6534,6.4660,1.1277,0.1969,0.1925,3000000.0000,2994681.5593,1306774.7024,17340000.0000,17309259.4128,2.9758,3.4602,0.3478,0.3478,3.4783,7.2174
2016-08-03,5.7800,5.9200,5.7700,5.8800,0.1000,1.7300,1555340.7300,913393.2050,3.1100,7.0600,0.5194,1.1902,0.8600,6.7685,6.5779,1.1473,0.2003,0.1958,3000000.0000,2994681.5593,1306774.7024,17640000.0000,17608727.5687,2.9252,3.4014,0.3460,0.3460,3.4602,7.1799
2016-08-04,5.8900,5.8900,5.7900,5.8400,-0.0400,-0.6800,1075968.4100,627064.6520,3.0900,7.0100,0.3593,0.8234,0.6700,6.7225,6.5331,1.1394,0.1990,0.1945,3000000.0000,2994681.5593,1306774.7024,17520000.0000,17488940.3063,2.9452,3.4247,0.3396,0.3396,3.3956,7.0458
2016-08-05,5.8400,5.8800,5.8200,5.8300,-0.0100,-0.1700,751753.0200,439467.8500,3.0900,7.0000,0.2510,0.5753,0.5700,6.7109,6.5220,1.1375,0.1986,0.1941,3000000.0000,2994681.5593,1306774.7024,17490000.0000,17458993.4907,2.9503,3.4305,0.3425,0.3425,3.4247,7.1062
2016-08-08,5.8200,5.9200,5.8000,5.9100,0.0800,1.3700,1032946.6200,607783.3960,3.1300,7.1000,0.3449,0.7905,0.9100,6.8030,6.6115,1.1531,0.2013,0.1968,3000000.0000,2994681.5593,1306774.7024,17730000.0000,17698568.0155,2.9103,3.3841,0.3436,0.3436,3.4364,7.1306
2016-08-09,5.9200,6.1800,5.9000,6.1400,0.2300,3.8900,2655835.0800,1617946.1010,3.2500,7.3700,0.8869,2.0324,2.5100,7.0678,6.8688,1.1980,0.2092,0.2045,3000000.0000,2994681.5593,1306774.7024,18420000.0000,18387344.7741,2.8013,3.2573,0.3378,0.3378,3.3784,7.0101
2016-08-10,6.1300,6.1500,6.0300,6.0400,-0.1000,-1.6300,1316629.3800,800232.6240,3.2000,7.2500,0.4397,1.0075,0.9300,6.9527,6.7569,1.1785,0.2058,0.2011,3000000.0000,2994681.5593,1306774.7024,18120000.0000,18087876.6182,2.8477,3.3113,0.3263,0.3263,3.2626,6.7700
2016-08-11,6.0400,6.1200,6.0000,6.0000,-0.0400,-0.6600,940266.3500,569264.3050,3.1800,7.2100,0.3140,0.7195,0.6900,6.9066,6.7121,1.1707,0.2044,0.1998,3000000.0000,2994681.5593,1306774.7024,18000000.0000,17968089.3558,2.8667,3.3333,0.3311,0.3311,3.3113,6.8709
2016-08-12,6.0300,6.2300,6.0000,6.1900,0.1900,3.1700,1744114.1900,1066829.2260,3.2800,7.4300,0.5824,1.3347,1.3000,7.1253,6.9247,1.2077,0.2109,0.2061,3000000.0000,2994681.5593,1306774.7024,18570000.0000,18537078.8521,2.7787,3.2310,0.3317,0.3317,3.3167,6.8823
2016-08-15,6.2300,6.4900,6.2300,6.3500,0.1600,2.5800,3395305.1500,2165746.5050,3.3600,7.6300,1.1338,2.5982,2.2100,7.3095,7.1037,1.2390,0.2163,0.2115,3000000.0000,2994681.5593,1306774.7024,19050000.0000,19016227.9016,2.7087,3.1496,0.3210,0.3210,3.2103,6.6613
2016-08-16,6.4600,6.7600,6.3800,6.4300,0.0800,1.2600,4704472.8400,3084815.1040,3.4000,7.7200,1.5709,3.6001,2.3400,7.4016,7.1932,1.2546,0.2191,0.2141,3000000.0000,2994681.5593,1306774.7024,19290000.0000,19255802.4263,2.6750,3.1104,0.3096,0.3096,3.0960,6.4241
2016-08-17,6.4300,6.6400,6.3900,6.5800,0.1500,2.3300,2316082.5000,1507978.5660,3.4800,7.9000,0.7734,1.7724,0.9600,7.5743,7.3610,1.2838,0.2242,0.2191,3000000.0000,2994681.5593,1306774.7024,19740000.0000,19705004.6602,2.6140,3.0395,0.3110,0.3110,3.1104,6.4541
2016-08-18,6.6300,6.7100,6.4200,6.4600,-0.1200,-1.8200,2550293.9900,1671224.2210,3.4200,7.7600,0.8516,1.9516,0.9700,7.4361,7.2267,1.2604,0.2201,0.2151,3000000.0000,2994681.5593,1306774.7024,19380000.0000,19345642.8731,2.6625,3.0960,0.3017,0.3017,3.0166,6.2594
2016-08-19,6.4600,6.5400,6.3200,6.4600,0.0000,0.0000,2193470.2200,1407119.9510,3.4200,7.7600,0.7325,1.6785,0.7500,7.4361,7.2267,1.2604,0.2201,0.2151,3000000.0000,2994681.5593,1306774.7024,19380000.0000,19345642.8731,2.6625,3.0960,0.3096,0.3096,3.0960,6.4241
2016-08-22,6.4400,6.5000,6.3500,6.3800,-0.0800,-1.2400,1075672.1500,689002.8920,3.3800,7.6600,0.3592,0.8232,0.3500,7.3441,7.1372,1.2448,0.2174,0.2125,3000000.0000,2994681.5593,1306774.7024,19140000.0000,19106068.3483,2.6959,3.1348,0.3106,0.3106,3.1056,6.4441
2016-08-23,6.3800,6.5300,6.3800,6.4300,0.0500,0.7800,1399850.8800,903667.5550,3.4000,7.7200,0.4674,1.0712,0.5500,7.4016,7.1932,1.2546,0.2191,0.2141,3000000.0000,2994681.5593,1306774.7024,19290000.0000,19255802.4263,2.6750,3.1104,0.3135,0.3135,3.1348,6.5047
2016-08-24,6.4800,6.4900,6.3500,6.3900,-0.0400,-0.6200,1232761.4700,788560.3390,3.3800,7.6700,0.4117,0.9434,0.6500,7.3556,6.7430,1.1897,0.2177,0.2047,3000000.0000,2994681.5593,1306774.7024,19170000.0000,19136015.1639,2.6917,3.1299,0.3086,0.3086,3.0864,6.4043
2016-08-25,6.3600,6.3600,6.2100,6.2500,-0.1400,-2.1900,1799688.6200,1128120.0890,3.3100,7.5100,0.6010,1.3772,1.0600,7.1944,6.5953,1.1636,0.2129,0.2002,3000000.0000,2994681.5593,1306774.7024,18750000.0000,18716759.7456,2.7520,3.2000,0.3145,0.3145,3.1447,6.5252
2016-08-26,6.2600,6.3400,6.2300,6.2800,0.0300,0.4800,1115432.5600,702120.7580,3.3200,7.5400,0.3725,0.8536,0.7200,7.2289,6.6269,1.1692,0.2140,0.2012,3000000.0000,2994681.5593,1306774.7024,18840000.0000,18806600.1924,2.7389,3.1847,0.3195,0.3195,3.1949,6.6294
2016-08-29,6.3000,6.4500,6.2700,6.3300,0.0500,0.8000,1365180.5300,869474.3680,3.3500,7.6000,0.4559,1.0447,1.0300,7.2865,6.6797,1.1785,0.2157,0.2028,3000000.0000,2994681.5593,1306774.7024,18990000.0000,18956334.2704,2.7172,3.1596,0.3175,0.3175,3.1746,6.5873
2016-08-30,6.3700,6.4400,6.3300,6.3800,0.0500,0.7900,1023812.4100,653509.3770,3.3800,7.6600,0.3419,0.7835,0.7400,7.3441,6.7325,1.1878,0.2174,0.2044,3000000.0000,2994681.5593,1306774.7024,19140000.0000,19106068.3483,2.6959,3.1348,0.3140,0.3140,3.1397,6.5149
2016-08-31,6.4000,6.4200,6.3300,6.4000,0.0200,0.3100,879437.8600,561449.5080,3.3900,7.6900,0.2937,0.6730,0.6700,7.3671,6.7536,1.1915,0.2180,0.2050,3000000.0000,2994681.5593,1306774.7024,19200000.0000,19165961.9795,2.6875,3.1250,0.3125,0.3125,3.1250,6.4844
2016-09-01,6.4100,6.4300,6.3300,6.3400,-0.0600,-0.9400,730252.6300,465716.2810,3.3600,7.6100,0.2438,0.5588,0.5900,7.2980,6.6903,1.1804,0.2160,0.2031,3000000.0000,2994681.5593,1306774.7024,19020000.0000,18986281.0860,2.7129,3.1546,0.3120,0.3120,3.1201,6.4743
2016-09-02,6.3400,6.4100,6.3100,6.3800,0.0400,0.6300,1129433.6300,719036.2060,3.3800,7.6600,0.3771,0.8643,1.1000,7.3441,6.7325,1.1878,0.2174,0.2044,3000000.0000,2994681.5593,1306774.7024,19140000.0000,19106068.3483,2.6959,3.1348,0.3155,0.3155,3.1546,6.5457
2016-09-05,6.3800,6.4700,6.3800,6.3800,0.0000,0.0000,963591.8800,617587.8180,3.3800,7.6600,0.3218,0.7374,0.9400,7.3441,6.7325,1.1878,0.2174,0.2044,3000000.0000,2994681.5593,1306774.7024,19140000.0000,19106068.3483,2.6959,3.1348,0.3135,0.3135,3.1348,6.5047
2016-09-06,6.3900,6.4400,6.3400,6.4100,0.0300,0.4700,1124333.2000,719163.0720,3.3900,7.7000,0.3754,0.8604,1.1900,7.3786,6.7641,1.1934,0.2184,0.2053,3000000.0000,2994681.5593,1306774.7024,19230000.0000,19195908.7951,2.6833,3.1201,0.3130,0.3130,3.1299,6.4945
2016-09-07,6.4100,6.6200,6.4000,6.5600,0.1500,2.3400,2537145.3800,1662665.2110,3.4700,7.8800,0.8472,1.9415,2.6300,7.5513,6.9224,1.2213,0.2235,0.2101,3000000.0000,2994681.5593,1306774.7024,19680000.0000,19645111.0290,2.6220,3.0488,0.3120,0.3120,3.1201,6.4743
2016-09-08,6.5600,6.6000,6.4700,6.5100,-0.0500,-0.7600,1142303.8600,746536.7710,3.4500,7.8200,0.3814,0.8741,0.8800,7.4937,6.8697,1.2120,0.2218,0.2085,3000000.0000,2994681.5593,1306774.7024,19530000.0000,19495376.9510,2.6421,3.0722,0.3049,0.3049,3.0488,6.3262
2016-09-09,6.5100,6.5500,6.4400,6.4500,-0.0600,-0.9200,993366.0900,643983.0950,3.4100,7.7500,0.3317,0.7602,0.7200,7.4246,6.8063,1.2009,0.2197,0.2066,3000000.0000,2994681.5593,1306774.7024,19350000.0000,19315696.0575,2.6667,3.1008,0.3072,0.3072,3.0722,6.3748
2016-09-12,6.3500,6.3700,6.1400,6.2900,-0.1600,-2.4800,2679544.2000,1672270.6340,3.3300,7.5500,0.8948,2.0505,1.9800,7.2405,6.6375,1.1711,0.2143,0.2015,3000000.0000,2994681.5593,1306774.7024,18870000.0000,18836547.0080,2.7345,3.1797,0.3150,0.3150,3.1496,6.5354
2016-09-13,6.2800,6.2900,6.1700,6.2300,-0.0600,-0.9500,842807.4600,524401.2450,3.3000,7.4800,0.2814,0.6450,0.5000,7.1714,6.5742,1.1599,0.2122,0.1996,3000000.0000,2994681.5593,1306774.7024,18690000.0000,18656866.1144,2.7608,3.2103,0.3185,0.3185,3.1847,6.6083
2016-09-14,6.1800,6.2200,6.1600,6.1800,-0.0500,-0.8000,705980.7700,436745.3440,3.2700,7.4200,0.2357,0.5402,0.4300,7.1138,6.5214,1.1506,0.2105,0.1980,3000000.0000,2994681.5593,1306774.7024,18540000.0000,18507132.0365,2.7832,3.2362,0.3236,0.3236,3.2362,6.7152
2016-09-19,6.1800,6.2400,6.1800,6.2300,0.0500,0.8100,517927.1000,322229.0780,3.3000,7.4800,0.1729,0.3963,0.4100,7.1714,6.5742,1.1599,0.2122,0.1996,3000000.0000,2994681.5593,1306774.7024,18690000.0000,18656866.1144,2.7608,3.2103,0.3236,0.3236,3.2362,6.7152
2016-09-20,6.2300,6.2600,6.1900,6.2100,-0.0200,-0.3200,404762.7400,251810.5280,3.2900,7.4600,0.1352,0.3097,0.3500,7.1484,6.5531,1.1562,0.2116,0.1989,3000000.0000,2994681.5593,1306774.7024,18630000.0000,18596972.4833,2.7697,3.2206,0.3210,0.3210,3.2103,6.6613
2016-09-21,6.2300,6.2500,6.2100,6.2400,0.0300,0.4800,423578.8700,263962.9920,3.3000,7.4900,0.1414,0.3241,0.4100,7.1829,6.5847,1.1618,0.2126,0.1999,3000000.0000,2994681.5593,1306774.7024,18720000.0000,18686812.9300,2.7564,3.2051,0.3210,0.3210,3.2103,6.6613
2016-09-22,6.2700,6.3400,6.2700,6.3100,0.0700,1.1200,903391.5800,569908.5240,3.3400,7.5800,0.3017,0.6913,1.5600,7.2635,6.6586,1.1748,0.2150,0.2021,3000000.0000,2994681.5593,1306774.7024,18930000.0000,18896440.6392,2.7258,3.1696,0.3190,0.3190,3.1898,6.6188
2016-09-23,6.3300,6.3300,6.2800,6.2900,-0.0200,-0.3200,552335.8200,348164.3950,3.3300,7.5500,0.1844,0.4227,0.9300,7.2405,6.6375,1.1711,0.2143,0.2015,3000000.0000,2994681.5593,1306774.7024,18870000.0000,18836547.0080,2.7345,3.1797,0.3160,0.3160,3.1596,6.5561
2016-09-26,6.2800,6.2800,6.1200,6.1300,-0.1600,-2.5400,849979.0500,526257.0150,3.2400,7.3600,0.2838,0.6504,1.5200,7.0563,6.4687,1.1413,0.2088,0.1964,3000000.0000,2994681.5593,1306774.7024,18390000.0000,18357397.9585,2.8059,3.2626,0.3185,0.3185,3.1847,6.6083
2016-09-27,6.1000,6.1700,6.0900,6.1500,0.0200,0.3300,647198.9900,396684.2370,3.2500,7.3900,0.2161,0.4953,1.0300,7.0793,6.4898,1.1450,0.2095,0.1970,3000000.0000,2994681.5593,1306774.7024,18450000.0000,18417291.5897,2.7967,3.2520,0.3279,0.3279,3.2787,6.8033
2016-09-28,6.1600,6.1600,6.0600,6.0900,-0.0600,-0.9800,579991.7800,354201.4090,3.2200,7.3100,0.1937,0.4438,0.8600,7.0102,6.4265,1.1338,0.2075,0.1951,3000000.0000,2994681.5593,1306774.7024,18270000.0000,18237610.6961,2.8243,3.2841,0.3247,0.3247,3.2468,6.7370
2016-09-29,6.1000,6.1600,6.0900,6.1400,0.0500,0.8200,566001.9900,347088.0340,3.2500,7.3700,0.1890,0.4331,0.8000,7.0678,6.4792,1.1431,0.2092,0.1967,3000000.0000,2994681.5593,1306774.7024,18420000.0000,18387344.7741,2.8013,3.2573,0.3279,0.3279,3.2787,6.8033
2016-09-30,6.1500,6.1800,6.1300,6.1700,0.0300,0.4900,441984.6500,272483.8620,3.2700,7.4100,0.1476,0.3382,0.6900,7.1023,6.5109,1.1487,0.2102,0.1976,3000000.0000,2994681.5593,1306774.7024,18510000.0000,18477185.2209,2.7877,3.2415,0.3252,0.3252,3.2520,6.7480
2016-10-10,6.2000,6.2100,6.1100,6.1600,-0.0100,-0.1600,1217295.0100,748657.4590,3.2600,7.4000,0.4065,0.9315,1.9700,7.0908,6.5003,1.1469,0.2099,0.1973,3000000.0000,2994681.5593,1306774.7024,18480000.0000,18447238.4053,2.7922,3.2468,0.3226,0.3226,3.2258,6.6935
2016-10-11,6.1700,6.2200,6.1400,6.1700,0.0100,0.1600,793110.3800,489585.6370,3.2700,7.4100,0.2648,0.6069,1.1500,7.1023,6.5109,1.1487,0.2102,0.1976,3000000.0000,2994681.5593,1306774.7024,18510000.0000,18477185.2209,2.7877,3.2415,0.3241,0.3241,3.2415,6.7261
2016-10-12,6.1500,6.1900,6.1200,6.1700,0.0000,0.0000,676584.6100,416033.5150,3.2700,7.4100,0.2259,0.5178,0.9400,7.1023,6.5109,1.1487,0.2102,0.1976,3000000.0000,2994681.5593,1306774.7024,18510000.0000,18477185.2209,2.7877,3.2415,0.3252,0.3252,3.2520,6.7480
2016-10-13,6.1700,6.3800,6.1400,6.3700,0.2000,3.2400,1602571.6100,1000849.9340,3.3700,7.6500,0.5351,1.2264,2.1700,7.3325,6.7219,1.1860,0.2170,0.2040,3000000.0000,2994681.5593,1306774.7024,19110000.0000,19076121.5327,2.7002,3.1397,0.3241,0.3241,3.2415,6.7261
2016-10-14,6.3500,6.5500,6.3100,6.5100,0.1400,2.2000,2872658.4700,1857286.6940,3.4500,7.8200,0.9593,2.1983,3.0400,7.4937,6.8697,1.2120,0.2218,0.2085,3000000.0000,2994681.5593,1306774.7024,19530000.0000,19495376.9510,2.6421,3.0722,0.3150,0.3150,3.1496,6.5354
2016-10-17,6.4800,6.6100,6.4600,6.5300,0.0200,0.3100,2342031.6000,1535255.0130,3.4600,7.8400,0.7821,1.7922,1.6300,7.5167,6.8908,1.2157,0.2225,0.2092,3000000.0000,2994681.5593,1306774.7024,19590000.0000,19555270.5822,2.6340,3.0628,0.3086,0.3086,3.0864,6.4043
2016-10-18,6.5000,6.7600,6.5000,6.7100,0.1800,2.7600,3129971.1800,2083016.1970,3.5500,8.0600,1.0452,2.3952,1.8900,7.7239,7.0807,1.2493,0.2286,0.2149,3000000.0000,2994681.5593,1306774.7024,20130000.0000,20094313.2629,2.5633,2.9806,0.3077,0.3077,3.0769,6.3846
2016-10-19,6.6900,6.8600,6.6900,6.8300,0.1200,1.7900,2829263.5800,1920868.6730,3.6100,8.2000,0.9448,2.1651,1.3300,7.8621,7.2073,1.2716,0.2327,0.2188,3000000.0000,2994681.5593,1306774.7024,20490000.0000,20453675.0500,2.5183,2.9283,0.2990,0.2990,2.9895,6.2033
2016-10-20,6.8100,6.9900,6.7400,6.9800,0.1500,2.2000,3003925.5700,2061776.5950,3.6900,8.3800,1.0031,2.2987,1.1800,8.0347,7.3656,1.2995,0.2378,0.2236,3000000.0000,2994681.5593,1306774.7024,20940000.0000,20902877.2839,2.4642,2.8653,0.2937,0.2937,2.9369,6.0940
2016-10-21,6.9800,7.4400,6.9600,7.3800,0.4000,5.7300,5276018.4800,3830611.8820,3.9100,8.8600,1.7618,4.0374,1.8600,8.4952,7.7877,1.3740,0.2514,0.2364,3000000.0000,2994681.5593,1306774.7024,22140000.0000,22100749.9076,2.3306,2.7100,0.2865,0.2865,2.8653,5.9456
2016-10-24,7.3700,7.5400,7.2900,7.5200,0.1400,1.9000,4645001.0600,3448315.7860,3.9800,9.0300,1.5511,3.5546,1.4000,8.6563,7.9355,1.4001,0.2562,0.2409,3000000.0000,2994681.5593,1306774.7024,22560000.0000,22520005.3259,2.2872,2.6596,0.2714,0.2714,2.7137,5.6309
2016-10-25,7.4800,7.7400,7.4000,7.7200,0.2000,2.6600,4562195.9900,3435206.6060,4.0900,9.2700,1.5234,3.4912,1.2100,8.8865,8.1465,1.4373,0.2630,0.2473,3000000.0000,2994681.5593,1306774.7024,23160000.0000,23118941.6378,2.2280,2.5907,0.2674,0.2674,2.6738,5.5481
2016-10-26,7.6800,8.0000,7.4900,7.5100,-0.2100,-2.7200,4692337.6300,3649743.7920,3.9700,9.0200,1.5669,3.5908,1.1500,8.6448,7.9249,1.3982,0.2559,0.2406,3000000.0000,2994681.5593,1306774.7024,22530000.0000,22490058.5103,2.2903,2.6631,0.2604,0.2604,2.6042,5.4036
2016-10-27,7.5300,7.5800,7.2800,7.3300,-0.1800,-2.4000,4169367.2500,3082816.0120,3.8800,8.8000,1.3923,3.1906,0.9400,8.4376,7.7350,1.3647,0.2497,0.2348,3000000.0000,2994681.5593,1306774.7024,21990000.0000,21951015.8297,2.3465,2.7285,0.2656,0.2656,2.6560,5.5113
2016-10-28,7.3400,7.4500,7.2000,7.2300,-0.1000,-1.3600,3232865.2900,2363178.9800,3.8300,8.6800,1.0795,2.4739,0.6900,8.3225,7.6294,1.3461,0.2463,0.2316,3000000.0000,2994681.5593,1306774.7024,21690000.0000,21651547.6737,2.3790,2.7663,0.2725,0.2725,2.7248,5.6540
2016-10-31,7.2400,7.2800,7.1700,7.1800,-0.0500,-0.6900,2755101.0200,1987831.8290,3.8000,8.6200,0.9200,2.1083,0.6500,8.2649,6.7770,1.2577,0.2446,0.2293,3000000.0000,2994681.5593,1306774.7024,21540000.0000,21501813.5958,2.3955,2.7855,0.2762,0.2762,2.7624,5.7320
2016-11-01,7.1900,7.2500,7.1200,7.2300,0.0500,0.7000,2979364.6300,2139567.3220,3.8300,8.6800,0.9949,2.2799,0.7700,8.3225,6.8242,1.2665,0.2463,0.2309,3000000.0000,2994681.5593,1306774.7024,21690000.0000,21651547.6737,2.3790,2.7663,0.2782,0.2782,2.7816,5.7719
2016-11-02,7.1900,7.2100,7.0100,7.0200,-0.2100,-2.9000,2569075.5900,1824102.4700,3.7200,8.4300,0.8579,1.9660,0.7200,8.0808,6.6260,1.2297,0.2392,0.2242,3000000.0000,2994681.5593,1306774.7024,21060000.0000,21022664.5463,2.4501,2.8490,0.2782,0.2782,2.7816,5.7719
2016-11-03,7.0100,7.7200,7.0000,7.7200,0.7000,9.9700,6415061.9300,4791706.4610,4.0900,9.2700,2.1422,4.9091,2.0400,8.8865,7.2867,1.3523,0.2630,0.2465,3000000.0000,2994681.5593,1306774.7024,23160000.0000,23118941.6378,2.2280,2.5907,0.2853,0.2853,2.8531,5.9201
2016-11-04,7.9300,8.2300,7.8500,8.0400,0.3200,4.1500,8882081.6400,7113850.1230,4.2600,9.6600,2.9660,6.7969,2.4700,9.2549,7.5887,1.4083,0.2739,0.2567,3000000.0000,2994681.5593,1306774.7024,24120000.0000,24077239.7368,2.1393,2.4876,0.2522,0.2522,2.5221,5.2333
2016-11-07,8.0000,8.3000,7.8400,8.2400,0.2000,2.4900,6637889.7300,5385553.1290,4.3600,9.9000,2.2166,5.0796,1.4100,9.4851,7.7775,1.4434,0.2807,0.2631,3000000.0000,2994681.5593,1306774.7024,24720000.0000,24676176.0486,2.0874,2.4272,0.2500,0.2500,2.5000,5.1875
2016-11-08,8.2200,8.2800,7.8400,7.8600,-0.3800,-4.6100,6513903.9200,5263091.0010,4.1600,9.4400,2.1752,4.9847,1.1900,9.0477,7.4188,1.3768,0.2678,0.2510,3000000.0000,2994681.5593,1306774.7024,23580000.0000,23538197.0561,2.1883,2.5445,0.2433,0.2433,2.4331,5.0487
2016-11-09,7.8400,8.1900,7.7800,8.0100,0.1500,1.9100,5750477.5400,4588748.1260,4.2400,9.6200,1.9202,4.4005,0.9300,9.2204,7.5604,1.4031,0.2729,0.2558,3000000.0000,2994681.5593,1306774.7024,24030000.0000,23987399.2900,2.1473,2.4969,0.2551,0.2551,2.5510,5.2934
2016-11-10,8.0300,8.2800,7.9700,8.0200,0.0100,0.1200,4364865.8000,3533495.1710,4.2400,9.6300,1.4575,3.3402,0.6400,9.2319,7.5699,1.4048,0.2732,0.2561,3000000.0000,2994681.5593,1306774.7024,24060000.0000,24017346.1056,2.1446,2.4938,0.2491,0.2491,2.4907,5.1681
2016-11-11,7.9300,8.2500,7.9300,8.0700,0.0500,0.6200,4651343.3500,3773737.7870,4.2700,9.6900,1.5532,3.5594,0.7200,9.2894,7.6170,1.4136,0.2749,0.2577,3000000.0000,2994681.5593,1306774.7024,24210000.0000,24167080.1836,2.1314,2.4783,0.2522,0.2522,2.5221,5.2333
2016-11-14,8.0800,8.2600,7.8800,8.0800,0.0100,0.1200,6290609.9600,5078463.0990,4.2800,9.7000,2.1006,4.8138,1.1300,9.3009,7.6265,1.4153,0.2753,0.2580,3000000.0000,2994681.5593,1306774.7024,24240000.0000,24197026.9991,2.1287,2.4752,0.2475,0.2475,2.4752,5.1361
2016-11-15,8.0100,8.0900,7.9000,7.9300,-0.1500,-1.8600,2752400.8900,2192843.3070,4.2000,9.5200,0.9191,2.1063,0.5000,9.1283,7.4849,1.3891,0.2702,0.2532,3000000.0000,2994681.5593,1306774.7024,23790000.0000,23747824.7652,2.1690,2.5221,0.2497,0.2497,2.4969,5.1810
2016-11-16,7.8800,7.9000,7.7300,7.8100,-0.1200,-1.5100,2641624.9900,2058773.7160,4.1300,9.3800,0.8821,2.0215,0.5500,8.9901,7.3716,1.3680,0.2661,0.2494,3000000.0000,2994681.5593,1306774.7024,23430000.0000,23388462.9781,2.2023,2.5608,0.2538,0.2538,2.5381,5.2665
2016-11-17,7.7700,8.1100,7.7600,8.0800,0.2700,3.4600,3469146.3100,2765970.3270,4.2800,9.7000,1.1584,2.6547,0.8400,9.3009,7.6265,1.4153,0.2753,0.2580,3000000.0000,2994681.5593,1306774.7024,24240000.0000,24197026.9991,2.1287,2.4752,0.2574,0.2574,2.5740,5.3411
2016-11-18,8.5700,8.6700,8.1400,8.2000,0.1200,1.4900,5307741.1800,4445072.9720,4.3400,9.8500,1.7724,4.0617,1.3400,9.4391,7.7398,1.4364,0.2794,0.2619,3000000.0000,2994681.5593,1306774.7024,24600000.0000,24556388.7863,2.0976,2.4390,0.2334,0.2334,2.3337,4.8425
2016-11-21,8.2500,8.9700,8.2000,8.5000,0.3000,3.6600,14736969.1800,12537084.1320,4.5000,10.2100,4.9210,11.2774,3.6000,9.7844,8.0229,1.4889,0.2896,0.2714,3000000.0000,2994681.5593,1306774.7024,25500000.0000,25454793.2541,2.0235,2.3529,0.2424,0.2424,2.4242,5.0303
2016-11-22,8.5400,9.1600,8.4900,9.0500,0.5500,6.4700,17850706.0900,15898844.8960,4.7900,10.8700,5.9608,13.6601,3.0900,10.4175,8.5420,1.5853,0.3083,0.2890,3000000.0000,2994681.5593,1306774.7024,27150000.0000,27101868.1117,1.9006,2.2099,0.2342,0.2342,2.3419,4.8595
2016-11-23,8.9800,9.1900,8.8300,9.1800,0.1300,1.4400,9093721.9600,8218086.4770,4.8600,11.0300,3.0366,6.9589,1.0300,10.5672,8.6647,1.6080,0.3127,0.2932,3000000.0000,2994681.5593,1306774.7024,27540000.0000,27491176.7144,1.8736,2.1786,0.2227,0.2227,2.2272,4.6214
2016-11-24,9.1000,9.2200,9.0000,9.0600,-0.1200,-1.3100,4496911.8900,4101990.8010,4.8000,10.8800,1.5016,3.4412,0.4500,10.4290,8.5515,1.5870,0.3087,0.2893,3000000.0000,2994681.5593,1306774.7024,27180000.0000,27131814.9273,1.8985,2.2075,0.2198,0.2198,2.1978,4.5604
2016-11-25,9.2500,9.4500,9.1500,9.3900,0.3300,3.6400,5493441.2500,5119554.9340,4.9700,11.2800,1.8344,5.4565,0.5300,10.8089,8.8630,1.6448,0.3199,0.2999,3000000.0000,2994681.5593,1006774.7015,28170000.0000,28120059.8418,1.8317,2.1299,0.2162,0.2162,2.1622,4.4865
2016-11-28,9.8000,10.3300,9.6500,10.3300,0.9400,10.0100,14626647.1600,14888011.0640,5.4700,12.4100,4.8842,14.5282,1.4200,11.8909,9.7502,1.8095,0.3519,0.3299,3000000.0000,2994681.5593,1006774.7015,30990000.0000,30935060.5076,1.6651,1.9361,0.2041,0.2041,2.0408,4.2347
2016-11-29,10.1700,11.3600,10.1700,11.1500,0.8200,7.9400,17679481.9500,19360300.3710,5.9000,13.3900,5.9036,17.5605,1.7100,12.8348,10.5242,1.9531,0.3799,0.3561,3000000.0000,2994681.5593,1006774.7015,33450000.0000,33390699.3862,1.5426,1.7937,0.1967,0.1967,1.9666,4.0806
2016-11-30,11.1100,11.4500,10.6800,11.0100,-0.1400,-1.2600,9673738.3900,10699943.8470,5.8300,13.2200,3.2303,9.6086,0.9400,12.6737,10.3920,1.9286,0.3751,0.3516,3000000.0000,2994681.5593,1006774.7015,33030000.0000,32971443.9679,1.5622,1.8165,0.1800,0.1800,1.8002,3.7354
2016-12-01,11.0000,11.1400,10.6200,10.7100,-0.3000,-2.7200,8562792.0200,9279785.5160,5.6700,12.8600,2.8593,8.5052,0.8200,12.3283,10.1089,1.8760,0.3649,0.3420,3000000.0000,2994681.5593,1006774.7015,32130000.0000,32073039.5001,1.6060,1.8674,0.1818,0.1818,1.8182,3.7727
2016-12-02,10.5500,10.7500,10.2700,10.3800,-0.3300,-3.0800,8046019.7700,8443963.0700,5.4900,12.4700,2.6868,7.9919,0.7200,11.9485,9.7974,1.8182,0.3536,0.3315,3000000.0000,2994681.5593,1006774.7015,31140000.0000,31084794.5855,1.6570,1.9268,0.1896,0.1896,1.8957,3.9336
2016-12-05,9.9500,10.0000,9.3400,9.4300,-0.9500,-9.1500,12892934.6900,12469892.8040,4.9900,11.3300,4.3053,12.8062,1.1000,10.8549,8.9007,1.6518,0.3213,0.3011,3000000.0000,2994681.5593,1006774.7015,28290000.0000,28239847.1042,1.8240,2.1209,0.2010,0.2010,2.0101,4.1709
2016-12-06,9.4900,9.5600,9.2700,9.4400,0.0100,0.1100,7923836.9800,7469595.6480,5.0000,11.3400,2.6460,7.8705,0.7000,10.8664,8.9102,1.6536,0.3216,0.3015,3000000.0000,2994681.5593,1006774.7015,28320000.0000,28269793.9198,1.8220,2.1186,0.2107,0.2107,2.1075,4.3730
2016-12-07,9.4000,9.5000,9.2500,9.4900,0.0500,0.5300,6141575.5200,5769686.0320,5.0200,11.4000,2.0508,6.1002,0.6500,10.9240,8.9573,1.6623,0.3233,0.3031,3000000.0000,2994681.5593,1006774.7015,28470000.0000,28419527.9978,1.8124,2.1075,0.2128,0.2128,2.1277,4.4149
2016-12-08,9.4600,9.5000,9.2800,9.3000,-0.1900,-2.0000,5193329.0600,4870037.8630,4.9200,11.1700,1.7342,5.1584,0.6000,10.7053,8.7780,1.6290,0.3168,0.2970,3000000.0000,2994681.5593,1006774.7015,27900000.0000,27850538.5015,1.8495,2.1505,0.2114,0.2114,2.1142,4.3869
2016-12-09,9.2100,10.2200,9.1500,10.1100,0.8100,8.7100,14824111.3300,14489035.5280,5.3500,12.1400,4.9501,14.7244,1.8400,11.6377,9.5425,1.7709,0.3444,0.3229,3000000.0000,2994681.5593,1006774.7015,30330000.0000,30276230.5645,1.7013,1.9782,0.2172,0.2172,2.1716,4.5060
2016-12-12,9.8200,9.8900,9.3400,9.6100,-0.5000,-4.9500,9186270.3400,8845937.3780,5.0900,11.5400,3.0675,9.1245,0.9800,11.0621,9.0706,1.6833,0.3274,0.3069,3000000.0000,2994681.5593,1006774.7015,28830000.0000,28778889.7849,1.7898,2.0812,0.2037,0.2037,2.0367,4.2261
2016-12-13,9.5700,9.6300,9.1000,9.3100,-0.3000,-3.1200,6162379.2600,5750894.0560,4.9300,11.1800,2.0578,6.1209,0.7100,10.7168,8.7874,1.6308,0.3172,0.2973,3000000.0000,2994681.5593,1006774.7015,27930000.0000,27880485.3171,1.8475,2.1482,0.2090,0.2090,2.0899,4.3365
2016-12-14,9.1900,9.2000,8.7100,8.8100,-0.5000,-5.3700,8694152.9900,7768787.6680,4.6600,10.5800,2.9032,8.6356,1.0500,10.1412,8.3155,1.5432,0.3001,0.2813,3000000.0000,2994681.5593,1006774.7015,26430000.0000,26383144.5374,1.9523,2.2701,0.2176,0.2176,2.1763,4.5158
2016-12-15,8.8100,9.0300,8.7600,8.9000,0.0900,1.0200,4758279.8000,4224873.3260,4.7100,10.6900,1.5889,4.7263,0.5400,10.2448,8.4005,1.5590,0.3032,0.2842,3000000.0000,2994681.5593,1006774.7015,26700000.0000,26652665.8778,1.9326,2.2472,0.2270,0.2270,2.2701,4.7106
2016-12-16,8.7900,8.9800,8.6600,8.8500,-0.0500,-0.5600,4153400.3900,3670126.8060,4.6800,10.6300,1.3869,4.1255,0.4800,10.1873,8.3533,1.5502,0.3015,0.2826,3000000.0000,2994681.5593,1006774.7015,26550000.0000,26502931.7998,1.9435,2.2599,0.2275,0.2275,2.2753,4.7213
2016-12-19,8.8200,8.8900,8.6000,8.6100,-0.2400,-2.7100,3726310.2300,3251984.8550,4.5600,10.3400,1.2443,3.7012,0.5700,9.9110,8.1267,1.5082,0.2933,0.2750,3000000.0000,2994681.5593,1006774.7015,25830000.0000,25784208.2256,1.9977,2.3229,0.2268,0.2268,2.2676,4.7052
2016-12-20,8.6900,8.8500,8.5900,8.7500,0.1400,1.6300,3838714.0600,3341379.2130,4.6300,10.5100,1.2818,3.8129,0.7000,10.0722,8.2589,1.5327,0.2981,0.2794,3000000.0000,2994681.5593,1006774.7015,26250000.0000,26203463.6439,1.9657,2.2857,0.2301,0.2301,2.3015,4.7756
2016-12-21,8.8000,8.9500,8.7100,8.8800,0.1300,1.4900,4680853.7800,4135343.6820,4.7000,10.6600,1.5631,4.6494,0.9300,10.2218,8.3816,1.5555,0.3025,0.2836,3000000.0000,2994681.5593,1006774.7015,26640000.0000,26592772.2466,1.9369,2.2523,0.2273,0.2273,2.2727,4.7159
2016-12-22,8.8200,8.8400,8.6800,8.7800,-0.1000,-1.1300,2880657.3700,2524185.4860,4.6500,10.5400,0.9619,2.8613,0.6800,10.1067,8.2872,1.5380,0.2991,0.2804,3000000.0000,2994681.5593,1006774.7015,26340000.0000,26293304.0907,1.9590,2.2779,0.2268,0.2268,2.2676,4.7052
2016-12-23,8.7700,9.1400,8.7200,8.9200,0.1400,1.5900,6741269.9800,6057632.8530,4.7200,10.7100,2.2511,6.6959,1.7500,10.2679,8.4193,1.5625,0.3039,0.2849,3000000.0000,2994681.5593,1006774.7015,26760000.0000,26712559.5090,1.9283,2.2422,0.2281,0.2281,2.2805,4.7320
2016-12-26,8.8000,9.3400,8.7600,9.2400,0.3200,3.5900,6011038.0300,5462122.8890,4.8900,11.1000,2.0072,5.9706,1.3700,10.6362,8.7214,1.6185,0.3148,0.2951,3000000.0000,2994681.5593,1006774.7015,27720000.0000,27670857.6079,1.8615,2.1645,0.2273,0.2273,2.2727,4.7159
2016-12-27,9.2600,9.4300,9.1800,9.2400,0.0000,0.0000,4539339.4800,4217724.3570,4.8900,11.1000,1.5158,4.5088,0.9400,10.6362,8.7214,1.6185,0.3148,0.2951,3000000.0000,2994681.5593,1006774.7015,27720000.0000,27670857.6079,1.8615,2.1645,0.2160,0.2160,2.1598,4.4816
2016-12-28,9.2600,9.2800,8.9100,8.9400,-0.3000,-3.2500,4104616.1500,3707503.4800,4.7300,10.7400,1.3706,4.0770,0.8300,10.2909,8.4382,1.5660,0.3046,0.2855,3000000.0000,2994681.5593,1006774.7015,26820000.0000,26772453.1401,1.9239,2.2371,0.2160,0.2160,2.1598,4.4816
2016-12-29,8.9000,9.2100,8.7600,9.1600,0.2200,2.4600,4920052.8300,4427935.6360,4.8500,11.0000,1.6429,4.8869,1.0100,10.5441,8.6459,1.6045,0.3121,0.2925,3000000.0000,2994681.5593,1006774.7015,27480000.0000,27431283.0832,1.8777,2.1834,0.2247,0.2247,2.2472,4.6629
2016-12-30,9.1100,9.1800,8.7300,8.8600,-0.3000,-3.2800,4490053.6400,4010492.3090,4.6900,10.6400,1.4993,4.4598,0.8500,10.1988,8.3627,1.5520,0.3018,0.2829,3000000.0000,2994681.5593,1006774.7015,26580000.0000,26532878.6154,1.9413,2.2573,0.2195,0.2195,2.1954,4.5554
2017-01-03,8.8300,8.9300,8.7500,8.8700,0.0100,0.1100,2191729.3800,1942065.8340,4.6900,10.6500,0.7319,2.1770,0.4600,10.2103,8.3721,1.5537,0.3022,0.2833,3000000.0000,2994681.5593,1006774.7015,26610000.0000,26562825.4310,2.2548,2.2548,0.2435,0.2435,2.4349,4.6825
2017-01-04,8.8400,9.0400,8.8100,8.9700,0.1000,1.1300,2653957.2900,2371518.4680,4.7500,10.7700,0.8862,2.6361,0.6600,10.3254,8.4665,1.5712,0.3056,0.2864,3000000.0000,2994681.5593,1006774.7015,26910000.0000,26862293.5869,2.2297,2.2297,0.2432,0.2432,2.4321,4.6772
2017-01-05,8.9500,8.9900,8.8300,8.9300,-0.0400,-0.4500,2180511.5300,1939765.1350,4.7300,10.7200,0.7281,2.1658,0.5900,10.2794,8.4288,1.5642,0.3042,0.2852,3000000.0000,2994681.5593,1006774.7015,26790000.0000,26742506.3245,2.2396,2.2396,0.2402,0.2402,2.4022,4.6197
2017-01-06,8.9500,9.0300,8.8600,8.8800,-0.0500,-0.5600,1860922.5000,1661014.1250,4.7000,10.6600,0.6214,1.8484,0.5700,10.2218,8.3816,1.5555,0.3025,0.2836,3000000.0000,2994681.5593,1006774.7015,26640000.0000,26592772.2466,2.2523,2.2523,0.2402,0.2402,2.4022,4.6197
2017-01-09,8.8800,9.0300,8.8000,8.9500,0.0700,0.7900,2521632.1600,2251141.7980,4.7400,10.7500,0.8420,2.5047,0.9400,10.3024,8.4477,1.5677,0.3049,0.2858,3000000.0000,2994681.5593,1006774.7015,26850000.0000,26802399.9557,2.2346,2.2346,0.2421,0.2421,2.4212,4.6561
2017-01-10,8.9400,9.0100,8.8500,8.8800,-0.0700,-0.7800,1998576.1200,1782490.7070,4.7000,10.6600,0.6674,1.9851,0.8800,10.2218,8.3816,1.5555,0.3025,0.2836,3000000.0000,2994681.5593,1006774.7015,26640000.0000,26592772.2466,2.2523,2.2523,0.2405,0.2405,2.4049,4.6248
2017-01-11,8.8500,8.8800,8.6600,8.7400,-0.1400,-1.5800,2848398.1000,2496122.8110,4.6300,10.5000,0.9512,2.8292,1.2700,10.0607,8.2494,1.5310,0.2978,0.2791,3000000.0000,2994681.5593,1006774.7015,26220000.0000,26173516.8283,2.2883,2.2883,0.2429,0.2429,2.4294,4.6719
2017-01-12,8.7000,8.7800,8.5800,8.6000,-0.1400,-1.6000,1864281.0500,1620699.8110,4.5500,10.3300,0.6225,1.8517,0.8200,9.8995,8.1173,1.5064,0.2930,0.2746,3000000.0000,2994681.5593,1006774.7015,25800000.0000,25754261.4100,2.3256,2.3256,0.2471,0.2471,2.4713,4.7524
2017-01-13,8.5900,8.6400,8.3900,8.5400,-0.0600,-0.7000,3213678.0500,2735919.6620,4.5200,10.2600,1.0731,3.1921,1.4500,9.8304,8.0607,1.4959,0.2909,0.2727,3000000.0000,2994681.5593,1006774.7015,25620000.0000,25574580.5164,2.3419,2.3419,0.2503,0.2503,2.5029,4.8133
2017-01-16,8.5000,8.6900,8.3300,8.6500,0.1100,1.2900,3979005.6200,3388723.1720,4.5800,10.3900,1.3287,3.9522,1.6000,9.9571,8.1645,1.5152,0.2947,0.2762,3000000.0000,2994681.5593,1006774.7015,25950000.0000,25903995.4879,2.3121,2.3121,0.2529,0.2529,2.5294,4.8643
2017-01-17,8.5800,8.6500,8.5200,8.6000,-0.0500,-0.5800,1130787.3900,971109.3360,4.5500,10.3300,0.3776,1.1232,0.4100,9.8995,8.1173,1.5064,0.2930,0.2746,3000000.0000,2994681.5593,1006774.7015,25800000.0000,25754261.4100,2.3256,2.3256,0.2506,0.2506,2.5058,4.8189
2017-01-18,8.6000,8.8400,8.5700,8.7400,0.1400,1.6300,2293395.0800,2005566.6500,4.6300,10.5000,0.7658,2.2780,0.8800,10.0607,8.2494,1.5310,0.2978,0.2791,3000000.0000,2994681.5593,1006774.7015,26220000.0000,26173516.8283,2.2883,2.2883,0.2500,0.2500,2.5000,4.8077
2017-01-19,8.6800,8.7900,8.6000,8.6700,-0.0700,-0.8000,1494788.2000,1299433.7750,4.5900,10.4100,0.4991,1.4847,0.6000,9.9801,8.1834,1.5187,0.2954,0.2769,3000000.0000,2994681.5593,1006774.7015,26010000.0000,25963889.1191,2.3068,2.3068,0.2477,0.2477,2.4770,4.7634
2017-01-20,8.6500,8.7500,8.6200,8.7200,0.0500,0.5800,995876.8700,866630.2170,4.6200,10.4700,0.3325,0.9892,0.4100,10.0376,8.2306,1.5274,0.2971,0.2785,3000000.0000,2994681.5593,1006774.7015,26160000.0000,26113623.1971,2.2936,2.2936,0.2486,0.2486,2.4855,4.7799
2017-01-23,8.7000,8.8400,8.7000,8.8300,0.1100,1.2600,1596419.4700,1399826.3350,4.6700,10.6000,0.5331,1.5857,0.8100,10.1643,8.3344,1.5467,0.3008,0.2820,3000000.0000,2994681.5593,1006774.7015,26490000.0000,26443038.1686,2.2650,2.2650,0.2471,0.2471,2.4713,4.7524
2017-01-24,8.8100,8.8700,8.7800,8.8000,-0.0300,-0.3400,1328629.3600,1172354.3920,4.6600,10.5700,0.4437,1.3197,0.8800,10.1297,8.3061,1.5415,0.2998,0.2810,3000000.0000,2994681.5593,1006774.7015,26400000.0000,26353197.7218,2.2727,2.2727,0.2440,0.2440,2.4404,4.6931
2017-01-25,8.8100,9.0700,8.7800,8.9800,0.1800,2.0500,2793205.9800,2510736.7580,4.7500,10.7800,0.9327,2.7744,1.8100,10.3369,8.4760,1.5730,0.3059,0.2868,3000000.0000,2994681.5593,1006774.7015,26940000.0000,26892240.4025,2.2272,2.2272,0.2440,0.2440,2.4404,4.6931
2017-01-26,9.0000,9.0600,8.8700,8.9400,-0.0400,-0.4500,1976636.3800,1767986.8570,4.7300,10.7400,0.6600,1.9633,1.2000,10.2909,8.4382,1.5660,0.3046,0.2855,3000000.0000,2994681.5593,1006774.7015,26820000.0000,26772453.1401,2.2371,2.2371,0.2389,0.2389,2.3889,4.5940
2017-02-03,8.9100,8.9300,8.8000,8.8400,-0.1000,-1.1200,1136364.2200,1006476.6710,4.6800,10.6200,0.3795,1.1287,0.6500,10.1758,8.3438,1.5485,0.3012,0.2823,3000000.0000,2994681.5593,1006774.7015,26520000.0000,26472984.9842,2.2624,2.2624,0.2413,0.2413,2.4130,4.6404
2017-02-06,8.8300,8.9700,8.8100,8.8700,0.0300,0.3400,1718764.3800,1527506.2930,4.6900,10.6500,0.5739,1.7072,0.9700,10.2103,8.3721,1.5537,0.3022,0.2833,3000000.0000,2994681.5593,1006774.7015,26610000.0000,26562825.4310,2.2548,2.2548,0.2435,0.2435,2.4349,4.6825
2017-02-07,8.8800,8.8800,8.7300,8.8000,-0.0700,-0.7900,1596380.4500,1403837.4980,4.6600,10.5700,0.5331,1.5856,0.8900,10.1297,8.3061,1.5415,0.2998,0.2810,3000000.0000,2994681.5593,1006774.7015,26400000.0000,26353197.7218,2.2727,2.2727,0.2421,0.2421,2.4212,4.6561
2017-02-08,8.7800,8.8500,8.7200,8.8400,0.0400,0.4500,1469224.1200,1292247.5870,4.6800,10.6200,0.4906,1.4593,0.8000,10.1758,8.3438,1.5485,0.3012,0.2823,3000000.0000,2994681.5593,1006774.7015,26520000.0000,26472984.9842,2.2624,2.2624,0.2449,0.2449,2.4487,4.7091
2017-02-09,8.8300,8.9900,8.8100,8.8700,0.0300,0.3400,3917605.7900,3484080.4920,4.6900,10.6500,1.3082,3.8912,2.4800,10.2103,8.3721,1.5537,0.3022,0.2833,3000000.0000,2994681.5593,1006774.7015,26610000.0000,26562825.4310,2.2548,2.2548,0.2435,0.2435,2.4349,4.6825
2017-02-10,8.8700,9.3100,8.8600,9.1800,0.3100,3.4900,7749911.0700,7060793.7810,4.8600,11.0300,2.5879,7.6978,3.9400,10.5672,8.6647,1.6080,0.3127,0.2932,3000000.0000,2994681.5593,1006774.7015,27540000.0000,27491176.7144,2.1786,2.1786,0.2424,0.2424,2.4239,4.6613
2017-02-13,9.1600,9.2800,9.1100,9.2100,0.0300,0.3300,4179958.9700,3833961.3010,4.8700,11.0600,1.3958,4.1518,1.2700,10.6017,8.6931,1.6133,0.3138,0.2941,3000000.0000,2994681.5593,1006774.7015,27630000.0000,27581017.1612,2.1716,2.1716,0.2347,0.2347,2.3472,4.5138
2017-02-14,9.2200,9.2500,9.1200,9.2000,-0.0100,-0.1100,2902212.5600,2659811.0840,4.8700,11.0500,0.9691,2.8827,0.7700,10.5902,8.6836,1.6115,0.3134,0.2938,3000000.0000,2994681.5593,1006774.7015,27600000.0000,27551070.3456,2.1739,2.1739,0.2332,0.2332,2.3319,4.4844
2017-02-15,9.1800,9.1900,9.0100,9.0400,-0.1600,-1.7400,2752151.4100,2504221.8360,4.7800,10.8600,0.9190,2.7336,0.6800,10.4060,8.5326,1.5835,0.3080,0.2887,3000000.0000,2994681.5593,1006774.7015,27120000.0000,27071921.2961,2.2124,2.2124,0.2342,0.2342,2.3420,4.5039
2017-02-16,9.0400,9.0800,8.9700,9.0700,0.0300,0.3300,1934964.6800,1746537.8110,4.8000,10.8900,0.6461,1.9219,0.4500,10.4405,8.5609,1.5888,0.3090,0.2896,3000000.0000,2994681.5593,1006774.7015,27210000.0000,27161761.7429,2.2051,2.2051,0.2378,0.2378,2.3783,4.5737
2017-02-17,9.0400,9.0600,8.8800,8.8900,-0.1800,-1.9800,1949135.3100,1746865.4640,4.7100,10.6800,0.6509,1.9360,0.5000,10.2333,8.3910,1.5572,0.3029,0.2839,3000000.0000,2994681.5593,1006774.7015,26670000.0000,26622719.0622,2.2497,2.2497,0.2378,0.2378,2.3783,4.5737
2017-02-20,8.8800,9.0900,8.8600,9.0700,0.1800,2.0200,2545014.9300,2293606.3140,4.8000,10.8900,0.8498,1.9476,0.9300,10.4405,8.5609,1.5888,0.3090,0.2896,3000000.0000,2994681.5593,1306774.7024,27210000.0000,27161761.7429,2.2051,2.2051,0.2421,0.2421,2.4212,4.6561
2017-02-21,9.0900,9.1100,8.9800,9.0600,-0.0100,-0.1100,2244893.4400,2029800.6910,4.8000,10.8800,0.7562,1.7528,0.9300,10.4290,8.5515,1.5870,0.3087,0.2893,3000000.0000,2968668.5593,1280761.7024,27180000.0000,26896137.1473,2.2075,2.2075,0.2365,0.2365,2.3652,4.5485
2017-02-22,9.0500,9.0800,9.0000,9.0500,-0.0100,-0.1100,1695706.1300,1532605.5660,4.7900,10.8700,0.5712,1.3240,0.7400,10.4175,8.5420,1.5853,0.3083,0.2890,3000000.0000,2968668.5593,1280761.7024,27150000.0000,26866450.4617,2.2099,2.2099,0.2376,0.2376,2.3757,4.5686
2017-02-23,9.0600,9.0700,8.9000,8.9600,-0.0900,-0.9900,1997223.4800,1790373.9130,4.7400,10.7600,0.6728,1.5594,0.9600,10.3139,8.4571,1.5695,0.3053,0.2861,3000000.0000,2968668.5593,1280761.7024,26880000.0000,26599270.2913,2.2321,2.2321,0.2373,0.2373,2.3731,4.5636
2017-02-24,8.9500,9.0400,8.9200,9.0300,0.0700,0.7800,1701931.6800,1529701.0210,4.7800,10.8500,0.5733,1.3288,0.8200,10.3945,8.5232,1.5817,0.3076,0.2884,3000000.0000,2968668.5593,1280761.7024,27090000.0000,26807077.0905,2.2148,2.2148,0.2402,0.2402,2.4022,4.6197
2017-02-27,9.0100,9.0200,8.8200,8.8300,-0.2000,-2.2100,2143791.1500,1909097.4510,4.6700,10.6000,0.7221,1.6738,1.0500,10.1643,8.3344,1.5467,0.3008,0.2820,3000000.0000,2968668.5593,1280761.7024,26490000.0000,26213343.3786,2.2650,2.2650,0.2386,0.2386,2.3862,4.5889
2017-02-28,8.8400,8.8900,8.8100,8.8500,0.0200,0.2300,1111564.2000,983211.6600,4.6800,10.6300,0.3744,0.8679,0.5700,10.1873,8.3533,1.5502,0.3015,0.2826,3000000.0000,2968668.5593,1280761.7024,26550000.0000,26272716.7498,2.2599,2.2599,0.2432,0.2432,2.4321,4.6772
2017-03-01,8.8500,8.9500,8.8100,8.8500,0.0000,0.0000,1785314.7400,1583176.0620,4.6800,10.6300,0.6014,1.3939,1.0300,10.1873,8.3533,1.5502,0.3015,0.2826,3000000.0000,2968668.5593,1280761.7024,26550000.0000,26272716.7498,2.2599,2.2599,0.2429,0.2429,2.4294,4.6719
2017-03-02,8.8700,8.8800,8.6700,8.6800,-0.1700,-1.9200,2356099.0900,2066290.5010,4.5900,10.4200,0.7937,1.8396,1.3500,9.9916,8.1928,1.5204,0.2957,0.2772,3000000.0000,2968668.5593,1280761.7024,26040000.0000,25768043.0947,2.3041,2.3041,0.2424,0.2424,2.4239,4.6613
2017-03-03,8.6500,8.6900,8.5500,8.6800,0.0000,0.0000,1831727.1200,1576755.0210,4.5900,10.4200,0.6170,1.4302,1.0100,9.9916,8.1928,1.5204,0.2957,0.2772,3000000.0000,2968668.5593,1280761.7024,26040000.0000,25768043.0947,2.3041,2.3041,0.2486,0.2486,2.4855,4.7799
2017-03-06,8.6700,8.6700,8.5900,8.6300,-0.0500,-0.5800,1160544.7100,1001440.4040,4.5700,10.3600,0.3909,0.9061,0.6300,9.9340,8.1456,1.5117,0.2940,0.2756,3000000.0000,2968668.5593,1280761.7024,25890000.0000,25619609.6668,2.3175,2.3175,0.2480,0.2480,2.4798,4.7689
2017-03-07,8.6000,8.6400,8.5700,8.6100,-0.0200,-0.2300,908032.5400,781162.1640,4.5600,10.3400,0.3059,0.7090,0.5500,9.9110,8.1267,1.5082,0.2933,0.2750,3000000.0000,2968668.5593,1280761.7024,25830000.0000,25560236.2956,2.3229,2.3229,0.2500,0.2500,2.5000,4.8077
2017-03-08,8.6500,8.9400,8.6300,8.8600,0.2500,2.9000,3970329.0500,3513190.6830,4.6900,10.6400,1.3374,3.1000,2.4700,10.1988,8.3627,1.5520,0.3018,0.2829,3000000.0000,2968668.5593,1280761.7024,26580000.0000,26302403.4354,2.2573,2.2573,0.2486,0.2486,2.4855,4.7799
2017-03-09,8.8100,8.8500,8.6200,8.7100,-0.1500,-1.6900,2581689.1300,2247408.6170,4.6100,10.4600,0.8696,2.0157,1.2600,10.0261,8.2211,1.5257,0.2967,0.2781,3000000.0000,2968668.5593,1280761.7024,26130000.0000,25857103.1515,2.2962,2.2962,0.2440,0.2440,2.4404,4.6931
2017-03-10,8.6600,8.7000,8.6000,8.6200,-0.0900,-1.0300,1359840.9300,1174117.4940,4.5600,10.3500,0.4581,1.0617,0.6500,9.9225,8.1362,1.5099,0.2937,0.2753,3000000.0000,2968668.5593,1280761.7024,25860000.0000,25589922.9812,2.3202,2.3202,0.2483,0.2483,2.4827,4.7744
2017-03-13,8.6000,8.7300,8.5300,8.6700,0.0500,0.5800,1608789.0200,1391473.7480,4.5900,10.4100,0.5419,1.2561,0.8100,9.9801,8.1834,1.5187,0.2954,0.2769,3000000.0000,2968668.5593,1280761.7024,26010000.0000,25738356.4091,2.3068,2.3068,0.2500,0.2500,2.5000,4.8077
2017-03-14,8.6800,8.7900,8.6500,8.7200,0.0500,0.5800,1481201.5700,1290787.3420,4.6200,10.4700,0.4989,1.1565,0.7100,10.0376,8.2306,1.5274,0.2971,0.2785,3000000.0000,2968668.5593,1280761.7024,26160000.0000,25886789.8371,2.2936,2.2936,0.2477,0.2477,2.4770,4.7634
2017-03-15,8.6900,8.8300,8.6500,8.7600,0.0400,0.4600,1657289.9700,1451424.7530,4.6400,10.5200,0.5583,1.2940,0.7500,10.0837,8.2683,1.5345,0.2984,0.2797,3000000.0000,2968668.5593,1280761.7024,26280000.0000,26005536.5795,2.2831,2.2831,0.2474,0.2474,2.4741,4.7579
2017-03-16,8.7700,8.8400,8.7100,8.7600,0.0000,0.0000,1792695.5200,1570584.5440,4.6400,10.5200,0.6039,1.3997,1.0300,10.0837,8.2683,1.5345,0.2984,0.2797,3000000.0000,2968668.5593,1280761.7024,26280000.0000,26005536.5795,2.2831,2.2831,0.2452,0.2452,2.4515,4.7145
2017-03-17,8.8100,8.9100,8.7300,8.7700,0.0100,0.1100,2652199.4800,2342688.2010,4.6400,10.5300,0.8934,2.0708,1.6800,10.0952,8.2778,1.5362,0.2988,0.2801,3000000.0000,2968668.5593,1280761.7024,26310000.0000,26035223.2651,2.2805,2.2805,0.2440,0.2440,2.4404,4.6931
2017-03-20,8.8600,8.9300,8.8100,8.8900,0.1200,1.3700,2563253.0600,2275438.2350,4.7100,10.6800,0.8634,2.0014,1.3900,10.2333,8.3910,1.5572,0.3029,0.2839,3000000.0000,2968668.5593,1280761.7024,26670000.0000,26391463.4922,2.2497,2.2497,0.2427,0.2427,2.4266,4.6666
2017-03-21,8.9400,8.9700,8.8600,8.9300,0.0400,0.4500,2797143.8800,2492889.2970,4.7300,10.7200,0.9422,2.1840,1.3800,10.2794,8.4288,1.5642,0.3042,0.2852,3000000.0000,2968668.5593,1280761.7024,26790000.0000,26510210.2345,2.2396,2.2396,0.2405,0.2405,2.4049,4.6248
2017-03-22,8.8700,9.1100,8.8500,8.9600,0.0300,0.3400,3615166.2000,3248390.8620,4.7400,10.7600,1.2178,2.8227,1.5800,10.3139,8.4571,1.5695,0.3053,0.2861,3000000.0000,2968668.5593,1280761.7024,26880000.0000,26599270.2913,2.2321,2.2321,0.2424,0.2424,2.4239,4.6613
2017-03-23,8.9300,8.9500,8.8000,8.8800,-0.0800,-0.8900,2031276.1800,1803777.1630,4.7000,10.6600,0.6842,1.5860,0.7600,10.2218,8.3816,1.5555,0.3025,0.2836,3000000.0000,2968668.5593,1280761.7024,26640000.0000,26361776.8066,2.2523,2.2523,0.2408,0.2408,2.4076,4.6300
2017-03-24,8.9100,9.7700,8.8600,9.5500,0.6700,7.5500,10439077.1600,9793499.2990,5.0500,11.4700,3.5164,8.1507,3.8200,10.9931,9.0140,1.6728,0.3254,0.3050,3000000.0000,2968668.5593,1280761.7024,28650000.0000,28350784.7413,2.0942,2.0942,0.2413,0.2413,2.4130,4.6404
2017-03-27,9.4500,9.6800,9.3400,9.3700,-0.1800,-1.8800,6524963.8400,6213003.4180,4.9600,11.2500,2.1979,5.0946,1.5200,10.7859,8.8441,1.6413,0.3192,0.2992,3000000.0000,2968668.5593,1280761.7024,28110000.0000,27816424.4006,2.1345,2.1345,0.2275,0.2275,2.2751,4.3753
2017-03-28,9.3400,9.6500,9.3200,9.4900,0.1200,1.2800,4777040.7200,4538365.2560,5.0200,11.4000,1.6092,3.7298,0.9400,10.9240,8.9573,1.6623,0.3233,0.3031,3000000.0000,2968668.5593,1280761.7024,28470000.0000,28172664.6278,2.1075,2.1075,0.2302,0.2302,2.3019,4.4268
2017-03-29,9.4600,9.6300,9.4200,9.4300,-0.0600,-0.6300,4131930.0300,3942667.5890,4.9900,11.3300,1.3918,3.2262,0.7500,10.8549,8.9007,1.6518,0.3213,0.3011,3000000.0000,2968668.5593,1280761.7024,28290000.0000,27994544.5142,2.1209,2.1209,0.2273,0.2273,2.2727,4.3706
2017-03-30,9.4000,9.4600,9.1100,9.1900,-0.2400,-2.5500,4400506.1100,4082182.4330,4.8600,11.0400,1.4823,3.4359,0.7900,10.5787,8.6742,1.6098,0.3131,0.2935,3000000.0000,2968668.5593,1280761.7024,27570000.0000,27282064.0600,2.1763,2.1763,0.2287,0.2287,2.2872,4.3985
2017-03-31,9.2000,9.2700,9.0700,9.2000,0.0100,0.1100,2144355.1800,1966754.8110,4.8700,11.0500,0.7223,1.6743,0.3500,10.5902,8.6836,1.6115,0.3134,0.2938,3000000.0000,2968668.5593,1280761.7024,27600000.0000,27311750.7456,2.1739,2.1739,0.2337,0.2337,2.3370,4.4941
2017-04-05,9.6800,9.7800,9.4300,9.4900,0.2900,3.1500,6446953.8000,6153531.1130,5.0200,11.4000,2.1717,5.0337,1.4700,10.9240,8.9573,1.6623,0.3233,0.3031,3000000.0000,2968668.5593,1280761.7024,28470000.0000,28172664.6278,2.1075,2.1075,0.2221,0.2221,2.2211,4.2713
2017-04-06,9.5200,10.2700,9.4200,10.0500,0.5600,5.9000,9410880.2100,9306829.9430,5.3200,12.0700,3.1701,7.3479,2.1500,11.5686,9.4859,1.7604,0.3424,0.3209,3000000.0000,2968668.5593,1280761.7024,30150000.0000,29835119.0210,1.9900,1.9900,0.2258,0.2258,2.2584,4.3431
2017-04-07,10.0000,10.0400,9.7700,9.9300,-0.1200,-1.1900,5294406.9800,5250262.2050,5.2600,11.9300,1.7834,4.1338,1.0000,11.4305,9.3726,1.7394,0.3383,0.3171,3000000.0000,2968668.5593,1280761.7024,29790000.0000,29478878.7938,2.0141,2.0141,0.2150,0.2150,2.1500,4.1346
2017-04-10,9.9200,10.2400,9.8700,10.0400,0.1100,1.1100,5104327.0000,5149432.9020,5.3100,12.0600,1.7194,3.9854,0.9200,11.5571,9.4765,1.7587,0.3420,0.3206,3000000.0000,2968668.5593,1280761.7024,30120000.0000,29805432.3354,1.9920,1.9920,0.2167,0.2167,2.1673,4.1680
2017-04-11,9.9600,10.6500,9.9400,10.4300,0.3900,3.8800,6942897.4000,7119639.4090,5.5200,12.5300,2.3387,5.4209,1.2200,12.0060,9.8446,1.8270,0.3553,0.3331,3000000.0000,2968668.5593,1280761.7024,31290000.0000,30963213.0735,1.9175,1.9175,0.2159,0.2159,2.1586,4.1512
2017-04-12,10.3100,10.4900,10.1400,10.2400,-0.1900,-1.8200,4362236.6500,4491719.1960,5.4200,12.3000,1.4694,3.4060,0.6600,11.7873,9.6652,1.7937,0.3489,0.3270,3000000.0000,2968668.5593,1280761.7024,30720000.0000,30399166.0472,1.9531,1.9531,0.2085,0.2085,2.0854,4.0103
2017-04-13,10.0000,10.1400,9.9000,9.9800,-0.2600,-2.5400,3970001.4500,3967860.3990,5.2800,11.9900,1.3373,3.0997,0.6400,10.0234,10.0234,1.7058,0.3120,0.3120,3000000.0000,2968668.5593,1280761.7024,29940000.0000,29627312.2218,2.0040,2.0040,0.2150,0.2150,2.1500,4.1346
2017-04-14,10.0000,10.1300,9.8200,9.9100,-0.0700,-0.7000,2880181.1600,2869281.4970,5.2400,11.9000,0.9702,2.2488,0.5600,9.9531,9.9531,1.6939,0.3098,0.3098,3000000.0000,2968668.5593,1280761.7024,29730000.0000,29419505.4227,2.0182,2.0182,0.2150,0.2150,2.1500,4.1346
2017-04-17,9.8600,9.9800,9.7800,9.9400,0.0300,0.3000,2874696.2400,2839895.1820,5.2600,11.9400,0.9683,2.2445,0.6200,9.9832,9.9832,1.6990,0.3107,0.3107,3000000.0000,2968668.5593,1280761.7024,29820000.0000,29508565.4794,2.0121,2.0121,0.2181,0.2181,2.1805,4.1933
2017-04-18,9.9200,10.1700,9.8400,10.0000,0.0600,0.6000,3769148.3500,3782984.2020,5.2900,12.0100,1.2696,2.9429,0.9000,10.0435,10.0435,1.7093,0.3126,0.3126,3000000.0000,2968668.5593,1280761.7024,30000000.0000,29686685.5930,2.0000,2.0000,0.2167,0.2167,2.1673,4.1680
2017-04-19,10.0300,10.0700,9.7300,9.9800,-0.0200,-0.2000,3475678.7700,3451422.9410,5.2800,11.9900,1.1708,2.7138,0.9700,10.0234,10.0234,1.7058,0.3120,0.3120,3000000.0000,2968668.5593,1280761.7024,29940000.0000,29627312.2218,2.0040,2.0040,0.2144,0.2144,2.1436,4.1222
2017-04-20,9.9400,10.2800,9.9100,10.2600,0.2800,2.8100,4285342.1200,4324681.0840,5.4300,12.3200,1.4435,3.3459,1.2600,10.3046,10.3046,1.7537,0.3207,0.3207,3000000.0000,2968668.5593,1280761.7024,30780000.0000,30458539.4184,1.9493,1.9493,0.2163,0.2163,2.1630,4.1596
2017-04-21,10.2500,10.4000,10.0500,10.2200,-0.0400,-0.3900,3624449.9700,3702076.8550,5.4100,12.2700,1.2209,2.8299,1.0500,10.2644,10.2644,1.7469,0.3195,0.3195,3000000.0000,2968668.5593,1280761.7024,30660000.0000,30339792.6760,1.9569,1.9569,0.2098,0.2098,2.0976,4.0338
2017-04-24,10.1300,10.1300,9.5000,9.7800,-0.4400,-4.3100,5218898.6200,5111792.9960,5.1800,11.7500,1.7580,4.0748,1.4500,9.8225,9.8225,1.6717,0.3057,0.3057,3000000.0000,2968668.5593,1280761.7024,29340000.0000,29033578.5100,2.0450,2.0450,0.2122,0.2122,2.1224,4.0816
2017-04-25,9.7000,9.8300,9.5200,9.7400,-0.0400,-0.4100,2145464.7100,2079899.7920,5.1600,11.7000,0.7227,1.6751,0.5300,9.7824,9.7824,1.6648,0.3044,0.3044,3000000.0000,2968668.5593,1280761.7024,29220000.0000,28914831.7676,2.0534,2.0534,0.2216,0.2216,2.2165,4.2625
2017-04-26,9.7300,9.7900,9.4700,9.5000,-0.2400,-2.4600,3516605.1600,3375068.9240,5.0300,11.4100,1.1846,2.7457,0.9400,9.5413,9.5413,1.6238,0.2969,0.2969,3000000.0000,2968668.5593,1280761.7024,28500000.0000,28202351.3134,2.1053,2.1053,0.2210,0.2210,2.2097,4.2493
2017-04-27,9.2900,9.4400,9.0400,9.3300,-0.1700,-1.7900,4418134.7400,4080241.1660,4.9400,11.2100,1.4883,3.4496,1.1800,9.3706,9.1550,1.5319,0.2916,0.2855,3000000.0000,2968668.5593,1280761.7024,27990000.0000,27697677.6583,2.1436,2.1436,0.2314,0.2314,2.3143,4.4506
2017-04-28,9.2700,9.4400,9.2400,9.3600,0.0300,0.3200,1955195.3900,1829823.0650,4.9500,11.2400,0.6586,1.5266,0.5200,9.4007,9.1844,1.5368,0.2926,0.2864,3000000.0000,2968668.5593,1280761.7024,28080000.0000,27786737.7150,2.1368,2.1368,0.2319,0.2319,2.3193,4.4602
2017-05-02,9.3100,9.4600,9.2600,9.3200,-0.0400,-0.4300,1893944.7800,1770832.3860,4.9300,11.1900,0.6380,1.4788,0.5500,9.3605,9.1452,1.5303,0.2913,0.2852,3000000.0000,2968668.5593,1280761.7024,27960000.0000,27667990.9727,2.1459,2.1459,0.2309,0.2309,2.3093,4.4410
2017-05-03,9.3000,9.3800,9.0700,9.1100,-0.2100,-2.2500,2673993.9700,2459508.6450,4.8200,10.9400,0.9007,2.0878,0.9600,9.1496,8.9391,1.4958,0.2848,0.2787,3000000.0000,2968668.5593,1280761.7024,27330000.0000,27044570.5752,2.1954,2.1954,0.2312,0.2312,2.3118,4.4458
2017-05-04,9.0600,9.4600,9.0200,9.2700,0.1600,1.7600,3068262.1700,2838583.2620,4.9100,11.1300,1.0335,2.3957,1.0600,9.3103,9.0961,1.5221,0.2898,0.2836,3000000.0000,2968668.5593,1280761.7024,27810000.0000,27519557.5447,2.1575,2.1575,0.2373,0.2373,2.3731,4.5636
2017-05-05,9.2400,9.4500,9.2000,9.3200,0.0500,0.5400,3289264.0300,3079338.2400,4.9300,11.1900,1.1080,2.5682,1.1700,9.3605,9.1452,1.5303,0.2913,0.2852,3000000.0000,2968668.5593,1280761.7024,27960000.0000,27667990.9727,2.1459,2.1459,0.2327,0.2327,2.3268,4.4747
2017-05-08,9.2300,9.4000,8.9800,9.3500,0.0300,0.3200,4870455.8000,4503689.9190,4.9500,11.2300,1.6406,3.8028,1.8900,9.3907,9.1746,1.5352,0.2923,0.2861,3000000.0000,2968668.5593,1280761.7024,28050000.0000,27757051.0295,2.1390,2.1390,0.2329,0.2329,2.3294,4.4795
2017-05-09,9.2800,9.4200,9.1200,9.3300,-0.0200,-0.2100,2077265.5400,1932079.3120,4.9400,11.2100,0.6997,1.6219,0.6600,9.3706,9.1550,1.5319,0.2916,0.2855,3000000.0000,2968668.5593,1280761.7024,27990000.0000,27697677.6583,2.1436,2.1436,0.2317,0.2317,2.3168,4.4554
2017-05-10,9.3300,9.4300,9.2100,9.2400,-0.0900,-0.9600,2229183.1700,2077655.8190,4.8900,11.1000,0.7509,1.7405,0.7000,9.2802,9.0667,1.5171,0.2888,0.2827,3000000.0000,2968668.5593,1280761.7024,27720000.0000,27430497.4879,2.1645,2.1645,0.2304,0.2304,2.3044,4.4315
2017-05-11,9.1700,9.4200,9.1200,9.3700,0.1300,1.4100,3108906.6600,2884387.9140,4.9600,11.2500,1.0472,2.4274,1.0000,9.4107,9.1942,1.5385,0.2929,0.2867,3000000.0000,2968668.5593,1280761.7024,28110000.0000,27816424.4006,2.1345,2.1345,0.2345,0.2345,2.3446,4.5088
2017-05-12,9.3800,9.4500,9.3400,9.4000,0.0300,0.3200,2343583.1900,2203208.4980,4.9800,11.2900,0.7894,1.8298,0.7500,9.4409,9.2237,1.5434,0.2938,0.2876,3000000.0000,2968668.5593,1280761.7024,28200000.0000,27905484.4574,2.1277,2.1277,0.2292,0.2292,2.2921,4.4079
2017-05-15,9.4500,9.4800,9.2600,9.3400,-0.0600,-0.6400,2138382.9300,2000358.0070,4.9400,11.2200,0.7203,1.6696,0.7300,9.3806,9.1648,1.5336,0.2919,0.2858,3000000.0000,2968668.5593,1280761.7024,28020000.0000,27727364.3439,2.1413,2.1413,0.2275,0.2275,2.2751,4.3753
2017-05-16,9.2700,9.2900,9.0600,9.2100,-0.1300,-1.3900,2652065.4900,2428920.9350,4.8700,11.0600,0.8934,2.0707,1.1100,9.2501,9.0372,1.5122,0.2879,0.2818,3000000.0000,2968668.5593,1280761.7024,27630000.0000,27341437.4312,2.1716,2.1716,0.2319,0.2319,2.3193,4.4602
2017-05-17,9.2100,9.2300,9.1400,9.2000,-0.0100,-0.1100,1523777.1500,1401236.5070,4.8700,11.0500,0.5133,1.1897,0.6100,9.2400,9.0274,1.5106,0.2876,0.2815,3000000.0000,2968668.5593,1280761.7024,27600000.0000,27311750.7456,2.1739,2.1739,0.2334,0.2334,2.3344,4.4893
2017-05-18,9.1800,9.2000,9.0800,9.1500,-0.0500,-0.5400,1783224.1200,1626915.8270,4.8400,10.9900,0.6007,1.3923,0.7600,9.1898,8.9783,1.5024,0.2860,0.2800,3000000.0000,2968668.5593,1280761.7024,27450000.0000,27163317.3176,2.1858,2.1858,0.2342,0.2342,2.3420,4.5039
2017-05-19,9.1300,9.1400,9.0600,9.0900,-0.0600,-0.6600,1118613.2000,1017170.6390,4.8100,10.9200,0.3768,0.8734,0.5400,9.1295,8.9195,1.4925,0.2841,0.2781,3000000.0000,2968668.5593,1280761.7024,27270000.0000,26985197.2040,2.2002,2.2002,0.2355,0.2355,2.3549,4.5286
2017-05-22,9.0500,9.0900,8.8200,8.9800,-0.1100,-1.2100,2652926.3200,2372253.7370,4.7500,10.7800,0.8936,2.0714,1.4400,9.0191,8.8115,1.4745,0.2807,0.2747,3000000.0000,2968668.5593,1280761.7024,26940000.0000,26658643.6625,2.2272,2.2272,0.2376,0.2376,2.3757,4.5686
2017-05-23,8.9200,9.0800,8.7800,9.0700,0.0900,1.0000,2926144.2000,2611620.9690,4.8000,10.8900,0.9857,2.2847,1.5000,9.1094,8.8998,1.4892,0.2835,0.2775,3000000.0000,2968668.5593,1280761.7024,27210000.0000,26925823.8329,2.2051,2.2051,0.2410,0.2410,2.4103,4.6352
2017-05-24,9.0000,9.0700,8.9300,9.0600,-0.0100,-0.1100,1343876.4200,1210507.6600,4.8000,10.8800,0.4527,1.0493,0.6700,9.0994,8.8900,1.4876,0.2832,0.2772,3000000.0000,2968668.5593,1280761.7024,27180000.0000,26896137.1473,2.2075,2.2075,0.2389,0.2389,2.3889,4.5940
2017-05-25,9.0300,9.3400,9.0100,9.2800,0.2200,2.4300,2676696.2800,2466683.5930,4.9100,11.1500,0.9016,2.0899,1.3600,9.3204,9.1059,1.5237,0.2901,0.2839,3000000.0000,2968668.5593,1280761.7024,27840000.0000,27549244.2303,2.1552,2.1552,0.2381,0.2381,2.3810,4.5788
2017-05-26,9.2600,9.4000,9.2400,9.3300,0.0500,0.5400,1818620.9100,1696882.5860,4.9400,11.2100,0.6126,1.4200,0.8500,9.3706,9.1550,1.5319,0.2916,0.2855,3000000.0000,2968668.5593,1280761.7024,27990000.0000,27697677.6583,2.1436,2.1436,0.2322,0.2322,2.3218,4.4650
2017-05-31,9.4100,9.4700,9.3400,9.4500,0.1200,1.2900,1866652.5800,1756785.9260,5.0000,11.3500,0.6288,1.4575,0.8200,9.4911,9.2727,1.5516,0.2954,0.2891,3000000.0000,2968668.5593,1280761.7024,28350000.0000,28053917.8854,2.1164,2.1164,0.2285,0.2285,2.2848,4.3939
2017-06-01,9.4200,9.6400,9.3600,9.5900,0.1400,1.4800,2502155.5700,2386577.5500,5.0800,11.5200,0.8429,1.9536,1.1800,9.6317,9.4101,1.5746,0.2998,0.2934,3000000.0000,2968668.5593,1280761.7024,28770000.0000,28469531.4837,2.0855,2.0855,0.2282,0.2282,2.2824,4.3892
2017-06-02,9.6300,9.6800,9.5200,9.5700,-0.0200,-0.2100,1902125.2900,1827586.3410,5.0700,11.4900,0.6407,1.4852,0.9300,9.6116,9.3905,1.5713,0.2991,0.2928,3000000.0000,2968668.5593,1280761.7024,28710000.0000,28410158.1125,2.0899,2.0899,0.2233,0.2233,2.2326,4.2935
2017-06-05,9.5200,9.6300,9.4800,9.5300,-0.0400,-0.4200,1245665.3200,1190486.9370,5.0400,11.4500,0.4196,0.9726,0.5800,9.5714,9.3512,1.5648,0.2979,0.2916,3000000.0000,2968668.5593,1280761.7024,28590000.0000,28291411.3701,2.0986,2.0986,0.2258,0.2258,2.2584,4.3431
2017-06-06,9.5000,9.6400,9.4900,9.6000,0.0700,0.7300,1120882.9200,1075624.7200,5.0800,11.5300,0.3776,0.8752,0.6000,9.6417,9.4199,1.5763,0.3001,0.2937,3000000.0000,2968668.5593,1280761.7024,28800000.0000,28499218.1693,2.0833,2.0833,0.2263,0.2263,2.2632,4.3522
2017-06-07,9.6100,9.7000,9.5700,9.6700,0.0700,0.7300,2035414.2700,1962732.8640,5.1200,11.6100,0.6856,1.5892,1.1800,9.7121,9.4886,1.5877,0.3023,0.2959,3000000.0000,2968668.5593,1280761.7024,29010000.0000,28707024.9684,2.0683,2.0683,0.2237,0.2237,2.2373,4.3024
2017-06-08,9.6700,9.6800,9.5300,9.5900,-0.0800,-0.8300,1265428.9000,1213534.4510,5.0800,11.5200,0.4263,0.9880,0.7200,9.6317,9.4101,1.5746,0.2998,0.2934,3000000.0000,2968668.5593,1280761.7024,28770000.0000,28469531.4837,2.0855,2.0855,0.2223,0.2223,2.2234,4.2757
2017-06-09,9.5600,10.0200,9.5400,9.8600,0.2700,2.8200,3623361.0600,3581641.7120,5.2200,11.8400,1.2205,2.8291,2.3900,9.9029,9.6750,1.6189,0.3082,0.3017,3000000.0000,2968668.5593,1280761.7024,29580000.0000,29271071.9947,2.0284,2.0284,0.2249,0.2249,2.2490,4.3249
2017-06-12,9.8200,9.9700,9.7800,9.8800,0.0200,0.2000,2061100.8200,2037021.7500,5.2300,11.8700,0.6943,1.6093,1.1100,9.9230,9.6947,1.6222,0.3088,0.3023,3000000.0000,2968668.5593,1280761.7024,29640000.0000,29330445.3659,2.0243,2.0243,0.2189,0.2189,2.1894,4.2104
2017-06-13,9.8800,9.9700,9.8100,9.9000,0.0200,0.2000,1091191.2600,1078013.1600,5.2400,11.8900,0.3676,0.8520,0.5400,9.9431,9.7143,1.6255,0.3095,0.3029,3000000.0000,2968668.5593,1280761.7024,29700000.0000,29389818.7371,2.0202,2.0202,0.2176,0.2176,2.1761,4.1848
2017-06-14,9.7600,9.7800,9.5100,9.5200,-0.3800,-3.8400,2611084.9800,2514136.9580,5.0400,11.4300,0.8795,2.0387,1.3000,9.5614,9.3414,1.5631,0.2976,0.2913,3000000.0000,2968668.5593,1280761.7024,28560000.0000,28261724.6845,2.1008,2.1008,0.2203,0.2203,2.2029,4.2363
2017-06-15,9.4900,9.5600,9.4500,9.5400,0.0200,0.2100,1246174.2500,1185509.9760,5.0500,11.4600,0.4198,0.9730,0.5800,9.5815,9.3610,1.5664,0.2982,0.2919,3000000.0000,2968668.5593,1280761.7024,28620000.0000,28321098.0557,2.0964,2.0964,0.2266,0.2266,2.2655,4.3568
2017-06-16,9.3800,9.3900,9.1900,9.2000,-0.3400,-3.5600,1093974.4100,1015400.2490,4.9800,11.3000,0.3685,0.8542,0.5100,9.2400,9.0274,1.5658,0.2876,0.2815,3000000.0000,2968668.5593,1280761.7024,27600000.0000,27311750.7456,2.1739,2.3366,0.2292,0.2292,2.2921,4.4079
2017-06-19,9.2300,9.3500,9.2000,9.3100,0.1100,1.2000,1024214.3200,951351.5310,5.0400,11.4300,0.3450,0.7997,0.6300,9.3505,9.1353,1.5846,0.2910,0.2848,3000000.0000,2968668.5593,1280761.7024,27930000.0000,27638304.2871,2.1482,2.3090,0.2329,0.2329,2.3294,4.4795
2017-06-20,9.3300,9.3800,9.2600,9.2900,-0.0200,-0.2100,899928.2900,837562.3930,5.0300,11.4100,0.3031,0.7027,0.6400,9.3304,9.1157,1.5812,0.2904,0.2842,3000000.0000,2968668.5593,1280761.7024,27870000.0000,27578930.9159,2.1529,2.3140,0.2304,0.2304,2.3044,4.4315
2017-06-21,9.3600,9.3800,9.2100,9.3200,0.0300,0.3200,1203654.4300,1117193.4410,5.0400,11.4400,0.4055,0.9398,0.8800,9.3605,9.1452,1.5863,0.2913,0.2852,3000000.0000,2968668.5593,1280761.7024,27960000.0000,27667990.9727,2.1459,2.3065,0.2297,0.2297,2.2970,4.4173
2017-06-22,9.2800,9.6200,9.2500,9.4400,0.1200,1.2900,3182542.2600,3013547.2960,5.1100,11.5900,1.0720,2.4849,2.9100,9.4811,9.2629,1.6067,0.2951,0.2888,3000000.0000,2968668.5593,1280761.7024,28320000.0000,28024231.1998,2.1186,2.2772,0.2317,0.2317,2.3168,4.4554
2017-06-23,9.4000,9.6400,9.3700,9.6100,0.1700,1.8000,2202698.1800,2095147.4500,5.2000,11.8000,0.7420,1.7198,1.4900,9.6518,9.4297,1.6356,0.3004,0.2940,3000000.0000,2968668.5593,1280761.7024,28830000.0000,28528904.8549,2.0812,2.2369,0.2287,0.2287,2.2872,4.3985
2017-06-26,9.6400,9.8500,9.6300,9.7700,0.1600,1.6600,2464860.7800,2406709.1840,5.2900,12.0000,0.8303,1.9245,1.4500,9.8125,9.5867,1.6629,0.3054,0.2989,3000000.0000,2968668.5593,1280761.7024,29310000.0000,29003891.8244,2.0471,2.2003,0.2230,0.2230,2.2303,4.2890
2017-06-27,9.7500,9.8700,9.6600,9.7500,-0.0200,-0.2000,1577812.0400,1538737.5670,5.2800,11.9700,0.5315,1.2319,0.7900,9.7924,9.5671,1.6595,0.3048,0.2983,3000000.0000,2968668.5593,1280761.7024,29250000.0000,28944518.4532,2.0513,2.2048,0.2205,0.2205,2.2051,4.2406
2017-06-28,9.8000,9.8200,9.6700,9.7000,-0.0500,-0.5100,1046382.6500,1017320.8690,5.2500,11.9100,0.3525,0.8170,0.4900,9.7422,9.5180,1.6509,0.3032,0.2968,3000000.0000,2968668.5593,1280761.7024,29100000.0000,28796085.0252,2.0619,2.2162,0.2194,0.2194,2.1939,4.2190
2017-06-29,9.7000,9.7100,9.6000,9.6500,-0.0500,-0.5200,1157918.5800,1117196.3220,5.2200,11.8500,0.3900,0.9041,0.5500,9.6920,9.4690,1.6424,0.3016,0.2952,3000000.0000,2968668.5593,1280761.7024,28950000.0000,28647651.5972,2.0725,2.2277,0.2216,0.2216,2.2165,4.2625
2017-06-30,9.6100,9.7400,9.6000,9.6800,0.0300,0.3100,957316.1800,924561.3730,5.2400,11.8900,0.3225,0.7475,0.5700,9.7221,9.4984,1.6475,0.3026,0.2962,3000000.0000,2968668.5593,1280761.7024,29040000.0000,28736711.6540,2.0661,2.2208,0.2237,0.2237,2.2373,4.3024
2017-07-03,9.6800,9.7100,9.5200,9.5800,-0.1000,-1.0300,1176944.3600,1128875.3040,5.1800,11.7600,0.3965,0.9189,0.8200,9.6217,9.4003,1.6305,0.2994,0.2931,3000000.0000,2968668.5593,1280761.7024,28740000.0000,28439844.7981,2.0877,2.2439,0.2221,0.2221,2.2211,4.2713
2017-07-04,9.5800,9.6000,9.4000,9.4100,-0.1700,-1.7700,1416979.3100,1340318.7840,5.0900,11.5600,0.4773,1.1064,1.2000,9.4509,9.2335,1.6016,0.2941,0.2879,3000000.0000,2968668.5593,1280761.7024,28230000.0000,27935171.1430,2.1254,2.2845,0.2244,0.2244,2.2443,4.3159
2017-07-05,9.4000,9.5000,9.3500,9.4900,0.0800,0.8500,1251192.2600,1180080.8500,5.1400,11.6500,0.4215,0.9769,1.0900,9.5313,9.3120,1.6152,0.2966,0.2904,3000000.0000,2968668.5593,1280761.7024,28470000.0000,28172664.6278,2.1075,2.2652,0.2287,0.2287,2.2872,4.3985
2017-07-06,9.4900,9.5300,9.4000,9.4500,-0.0400,-0.4200,1006448.0700,951696.1160,5.1100,11.6000,0.3390,0.7858,0.8400,9.4911,9.2727,1.6084,0.2954,0.2891,3000000.0000,2968668.5593,1280761.7024,28350000.0000,28053917.8854,2.1164,2.2748,0.2266,0.2266,2.2655,4.3568
2017-07-07,9.4400,9.4400,9.3600,9.4000,-0.0500,-0.5300,945205.0400,887361.8270,5.0900,11.5400,0.3184,0.7380,0.8100,9.4409,9.2237,1.5999,0.2938,0.2876,3000000.0000,2968668.5593,1280761.7024,28200000.0000,27905484.4574,2.1277,2.2869,0.2278,0.2278,2.2775,4.3799
2017-07-10,9.3900,9.7100,9.3500,9.7000,0.3000,3.1900,2635886.6300,2531199.1000,5.2500,11.9100,0.8879,2.0581,2.2700,9.7422,9.5180,1.6509,0.3032,0.2968,3000000.0000,2968668.5593,1280761.7024,29100000.0000,28796085.0252,2.0619,2.2162,0.2290,0.2290,2.2897,4.4032
2017-07-11,9.7000,9.7600,9.5900,9.6400,-0.0600,-0.6200,1508174.6600,1458873.8220,5.2200,11.8400,0.5080,1.1776,1.0400,9.6819,9.4592,1.6407,0.3013,0.2949,3000000.0000,2968668.5593,1280761.7024,28920000.0000,28617964.9117,2.0747,2.2300,0.2216,0.2216,2.2165,4.2625
2017-07-12,9.6200,9.9300,9.6200,9.7800,0.1400,1.4500,3154660.1900,3096895.7670,5.2900,12.0100,1.0627,2.4631,2.1500,9.8225,9.5965,1.6646,0.3057,0.2992,3000000.0000,2968668.5593,1280761.7024,29340000.0000,29033578.5100,2.0450,2.1981,0.2235,0.2235,2.2349,4.2979
2017-07-13,9.8300,10.3100,9.8000,10.0200,0.2400,2.4500,6520131.8600,6583003.4400,5.4200,12.3000,2.1963,5.0908,3.5200,10.0636,9.8320,1.7054,0.3132,0.3066,3000000.0000,2968668.5593,1280761.7024,30060000.0000,29746058.9642,1.9960,2.1454,0.2187,0.2187,2.1872,4.2061
2017-07-14,10.0800,10.2200,9.9800,10.1500,0.1300,1.3000,3242230.1000,3274140.1310,5.4900,12.4600,1.0921,2.5315,1.1000,10.1941,9.9596,1.7275,0.3173,0.3105,3000000.0000,2968668.5593,1280761.7024,30450000.0000,30131985.8769,1.9704,2.1179,0.2133,0.2133,2.1329,4.1018
2017-07-17,10.1100,10.2000,9.9000,9.9400,-0.2100,-2.0700,3548971.5800,3566276.7590,5.3800,12.2100,1.1955,2.7710,1.0400,9.9832,9.7535,1.6918,0.3107,0.3041,3000000.0000,2968668.5593,1280761.7024,29820000.0000,29508565.4794,2.0121,2.1627,0.2127,0.2127,2.1266,4.0896
2017-07-18,9.8800,10.4500,9.8400,10.4300,0.4900,4.9300,4798161.3700,4891681.5570,5.6400,12.8100,1.6163,3.7463,1.3300,10.4754,10.2343,1.7752,0.3260,0.3191,3000000.0000,2968668.5593,1280761.7024,31290000.0000,30963213.0735,1.9175,2.0611,0.2176,0.2176,2.1761,4.1848
2017-07-19,10.4000,10.5200,10.3100,10.4200,-0.0100,-0.1000,4434249.8800,4621646.5940,5.6400,12.8000,1.4937,3.4622,1.0400,10.4653,10.2245,1.7735,0.3257,0.3188,3000000.0000,2968668.5593,1280761.7024,31260000.0000,30933526.3879,1.9194,2.0631,0.2067,0.2067,2.0673,3.9756
2017-07-20,10.4300,10.6800,10.3900,10.4500,0.0300,0.2900,3110096.9000,3272449.0920,5.6600,12.8300,1.0476,2.4283,0.6900,10.4954,10.2540,1.7786,0.3266,0.3197,3000000.0000,2968668.5593,1280761.7024,31350000.0000,31022586.4447,1.9139,2.0571,0.2061,0.2061,2.0614,3.9642
2017-07-21,10.6500,10.9100,10.5100,10.7000,0.2500,2.3900,4224397.2000,4539367.2740,5.7900,13.1400,1.4230,3.2983,1.1000,10.7465,10.4993,1.8211,0.3345,0.3274,3000000.0000,2968668.5593,1280761.7024,32100000.0000,31764753.5845,1.8692,2.0091,0.2019,0.2019,2.0188,3.8823
2017-07-24,10.7100,10.9600,10.5200,10.5400,-0.1600,-1.5000,3267290.4200,3512898.0340,5.7000,12.9400,1.1006,2.5511,0.8100,10.5858,10.3423,1.7939,0.3295,0.3225,3000000.0000,2968668.5593,1280761.7024,31620000.0000,31289766.6150,1.8975,2.0396,0.2007,0.2007,2.0075,3.8605
2017-07-25,10.6000,10.6900,10.3000,10.3800,-0.1600,-1.5200,3024319.9000,3149667.3950,5.6200,12.7500,1.0187,2.3613,0.7600,10.4251,10.1853,1.7667,0.3245,0.3176,3000000.0000,2968668.5593,1280761.7024,31140000.0000,30814779.6455,1.9268,2.0710,0.2028,0.2028,2.0283,3.9006
2017-07-26,10.3400,10.4700,10.2500,10.3800,0.0000,0.0000,2258392.6800,2338418.3620,5.6200,12.7500,0.7607,1.7633,0.6300,10.4251,10.1853,1.7667,0.3245,0.3176,3000000.0000,2968668.5593,1280761.7024,31140000.0000,30814779.6455,1.9268,2.0710,0.2079,0.2079,2.0793,3.9987
2017-07-27,10.3200,10.3500,10.0300,10.1600,-0.2200,-2.1200,2563068.6300,2607655.3500,5.5000,12.4800,0.8634,2.0012,0.8100,10.2042,9.9694,1.7292,0.3176,0.3109,3000000.0000,2968668.5593,1280761.7024,30480000.0000,30161672.5625,1.9685,2.1158,0.2083,0.2083,2.0833,4.0064
2017-07-28,10.1200,10.4000,10.0900,10.2800,0.1200,1.1800,1792384.4700,1842832.0350,5.5600,12.6200,0.6038,1.3995,0.5800,10.3247,10.0872,1.7497,0.3213,0.3145,3000000.0000,2968668.5593,1280761.7024,30840000.0000,30517912.7896,1.9455,2.0911,0.2125,0.2125,2.1245,4.0856
2017-07-31,10.2700,10.3700,10.1700,10.2900,0.0100,0.1000,1717023.6200,1765379.6100,5.5700,12.6400,0.5784,1.3406,0.6700,10.3347,10.0970,1.7514,0.3216,0.3148,3000000.0000,2968668.5593,1280761.7024,30870000.0000,30547599.4752,1.9436,2.0891,0.2093,0.2093,2.0935,4.0259
2017-08-01,10.2600,10.5400,10.2200,10.4900,0.2000,1.9400,2537037.3000,2638250.9560,5.6800,12.8800,0.8546,1.9809,1.1200,10.5356,10.2932,1.7854,0.3279,0.3209,3000000.0000,2968668.5593,1280761.7024,31470000.0000,31141333.1871,1.9066,2.0493,0.2096,0.2096,2.0955,4.0298
2017-08-02,10.4200,10.5300,10.1600,10.1900,-0.3000,-2.8600,2715218.5400,2797129.3780,5.5100,12.5100,0.9132,2.1126,1.2500,10.2343,9.9988,1.7343,0.3185,0.3118,3000000.0000,2973170.3317,1285263.4748,30570000.0000,30296605.6800,1.9627,2.1096,0.2063,0.2063,2.0633,3.9680
2017-08-03,10.1600,10.2400,9.9800,10.0100,-0.1800,-1.7700,2669596.8100,2683479.1520,5.4200,12.2900,0.8979,2.0771,1.1800,10.0535,9.8222,1.7037,0.3129,0.3063,3000000.0000,2973170.3317,1285263.4748,30030000.0000,29761435.0203,1.9980,2.1476,0.2116,0.2116,2.1161,4.0695
2017-08-04,10.0100,10.1100,9.9600,9.9800,-0.0300,-0.3000,1726220.5800,1729794.4410,5.4000,12.2600,0.5806,1.3431,0.7600,10.0234,9.7928,1.6986,0.3120,0.3053,3000000.0000,2973170.3317,1285263.4748,29940000.0000,29672239.9104,2.0040,2.1540,0.2148,0.2148,2.1479,4.1305
2017-08-07,9.9400,10.0400,9.8900,9.9400,-0.0400,-0.4000,1807152.4800,1800778.8660,5.3800,12.2100,0.6078,1.4061,0.8000,9.9832,9.7535,1.6918,0.3107,0.3041,3000000.0000,2973170.3317,1285263.4748,29820000.0000,29553313.0971,2.0121,2.1627,0.2163,0.2163,2.1630,4.1596
2017-08-08,9.9700,10.1200,9.9500,10.0800,0.1400,1.4100,1731066.8000,1742073.5290,5.4500,12.3800,0.5822,1.3469,0.7600,10.1238,9.8909,1.7156,0.3151,0.3084,3000000.0000,2973170.3317,1285263.4748,30240000.0000,29969556.9435,1.9841,2.1326,0.2156,0.2156,2.1565,4.1471
2017-08-09,10.0500,10.0500,9.9300,9.9500,-0.1300,-1.2900,1281878.4500,1277155.9880,5.3800,12.2200,0.4311,0.9974,0.6000,9.9933,9.7633,1.6935,0.3110,0.3044,3000000.0000,2973170.3317,1285263.4748,29850000.0000,29583044.8004,2.0101,2.1605,0.2139,0.2139,2.1393,4.1140
2017-08-10,9.9000,10.0500,9.8700,9.9800,0.0300,0.3000,1477644.2500,1472946.8100,5.4000,12.2600,0.4970,1.1497,0.8000,10.0234,9.7928,1.6986,0.3120,0.3053,3000000.0000,2973170.3317,1285263.4748,29940000.0000,29672239.9104,2.0040,2.1540,0.2172,0.2172,2.1717,4.1764
2017-08-11,9.9100,10.0300,9.7400,9.7800,-0.2000,-2.0000,1617183.2900,1598401.2790,5.2900,12.0100,0.5439,1.2583,1.0100,9.8225,9.5965,1.6646,0.3057,0.2992,3000000.0000,2973170.3317,1285263.4748,29340000.0000,29077605.8440,2.0450,2.1981,0.2170,0.2170,2.1695,4.1722
2017-08-14,9.8400,10.0200,9.7500,9.9700,0.1900,1.9400,1954610.2300,1938822.2900,5.4000,12.2400,0.6574,1.5208,1.2300,10.0134,9.7830,1.6969,0.3116,0.3050,3000000.0000,2973170.3317,1285263.4748,29910000.0000,29642508.2070,2.0060,2.1562,0.2185,0.2185,2.1850,4.2018
2017-08-15,9.9700,10.0400,9.9400,9.9700,0.0000,0.0000,943110.5400,941223.8520,5.4000,12.2400,0.3172,0.7338,0.5800,10.0134,9.7830,1.6969,0.3116,0.3050,3000000.0000,2973170.3317,1285263.4748,29910000.0000,29642508.2070,2.0060,2.1562,0.2156,0.2156,2.1565,4.1471
2017-08-16,9.9800,10.0000,9.8000,9.8500,-0.1200,-1.2000,1396145.8300,1377130.6480,5.3300,12.1000,0.4696,1.0863,0.9600,9.8928,9.6652,1.6765,0.3079,0.3014,3000000.0000,2973170.3317,1285263.4748,29550000.0000,29285727.7672,2.0305,2.1824,0.2154,0.2154,2.1543,4.1429
2017-08-17,9.8400,10.0600,9.8300,9.9800,0.1300,1.3200,1750338.2800,1744948.7220,5.4000,12.2600,0.5887,1.3619,1.1800,10.0234,9.7928,1.6986,0.3120,0.3053,3000000.0000,2973170.3317,1285263.4748,29940000.0000,29672239.9104,2.0040,2.1540,0.2185,0.2185,2.1850,4.2018
2017-08-18,9.9100,10.0400,9.8800,9.9400,-0.0400,-0.4000,1323976.2800,1318094.1540,5.3800,12.2100,0.4453,1.0301,0.8600,9.9832,9.7535,1.6918,0.3107,0.3041,3000000.0000,2973170.3317,1285263.4748,29820000.0000,29553313.0971,2.0121,2.1627,0.2170,0.2170,2.1695,4.1722
2017-08-21,10.0100,10.0200,9.9200,9.9500,0.0100,0.1000,1034292.2600,1028646.0360,5.3800,12.2200,0.3479,0.8047,0.7000,9.9933,9.7633,1.6935,0.3110,0.3044,3000000.0000,2973170.3317,1285263.4748,29850000.0000,29583044.8004,2.0101,2.1605,0.2148,0.2148,2.1479,4.1305
2017-08-22,9.9800,10.0500,9.9300,10.0200,0.0700,0.7000,1673889.2800,1673880.4920,5.4200,12.3000,0.5630,1.3024,1.3000,10.0636,9.8320,1.7054,0.3132,0.3066,3000000.0000,2973170.3317,1285263.4748,30060000.0000,29791166.7236,1.9960,2.1454,0.2154,0.2154,2.1543,4.1429
2017-08-23,10.0300,10.1000,9.9600,10.0300,0.0100,0.1000,2056121.6700,2065913.6230,5.4300,12.3200,0.6916,1.5998,1.4300,10.0736,9.4600,1.6301,0.3135,0.2964,3000000.0000,2973170.3317,1285263.4748,30090000.0000,29820898.4270,1.9940,2.1433,0.2144,0.2144,2.1436,4.1222
2017-08-24,10.0300,10.1200,9.9900,10.0300,0.0000,0.0000,1564410.8600,1572803.1710,5.4300,12.3200,0.5262,1.2172,1.0000,10.0736,9.4600,1.6301,0.3135,0.2964,3000000.0000,2973170.3317,1285263.4748,30090000.0000,29820898.4270,1.9940,2.1433,0.2144,0.2144,2.1436,4.1222
2017-08-25,10.0000,10.3500,9.9900,10.2800,0.2500,2.4900,3479213.7800,3537856.4920,5.5600,12.6200,1.1702,2.7070,2.2700,10.3247,9.6958,1.6707,0.3213,0.3037,3000000.0000,2973170.3317,1285263.4748,30840000.0000,30564191.0099,1.9455,2.0911,0.2150,0.2150,2.1500,4.1346
2017-08-28,10.2800,10.4500,10.1500,10.2400,-0.0400,-0.3900,4193284.2400,4313583.0810,5.5400,12.5700,1.4104,3.2626,2.1400,10.2845,9.6581,1.6642,0.3201,0.3026,3000000.0000,2973170.3317,1285263.4748,30720000.0000,30445264.1966,1.9531,2.0993,0.2091,0.2091,2.0914,4.0220
2017-08-29,10.2600,10.2800,10.1600,10.2000,-0.0400,-0.3900,1498471.8100,1528299.7610,5.5200,12.5300,0.5040,1.1659,0.5800,10.2444,9.6204,1.6577,0.3188,0.3014,3000000.0000,2973170.3317,1285263.4748,30600000.0000,30326337.3833,1.9608,2.1075,0.2096,0.2096,2.0955,4.0298
2017-08-30,10.2200,10.2500,10.0800,10.2300,0.0300,0.2900,2419945.6100,2461407.2550,5.5400,12.5600,0.8139,1.8828,0.9500,10.2745,9.6487,1.6626,0.3198,0.3023,3000000.0000,2973170.3317,1285263.4748,30690000.0000,30415532.4933,1.9550,2.1014,0.2104,0.2104,2.1037,4.0456
2017-08-31,10.2000,10.2200,9.9800,9.9900,-0.2400,-2.3500,2756420.9400,2768744.2130,5.4100,12.2700,0.9271,2.1446,1.0500,10.0334,9.4223,1.6236,0.3123,0.2952,3000000.0000,2973170.3317,1285263.4748,29970000.0000,29701971.6137,2.0020,2.1519,0.2108,0.2108,2.1078,4.0535
2017-09-01,9.9600,10.0200,9.7000,9.8000,-0.1900,-1.9000,4482698.0600,4409319.7200,5.3000,12.0300,1.5077,3.4878,1.5600,9.8426,9.2431,1.5927,0.3063,0.2896,3000000.0000,2973170.3317,1285263.4748,29400000.0000,29137069.2507,2.0408,2.1936,0.2159,0.2159,2.1586,4.1512
2017-09-04,9.7600,9.8400,9.7000,9.8000,0.0000,0.0000,1580348.2700,1543824.9020,5.3000,12.0300,0.5315,1.2296,0.5100,9.8426,9.2431,1.5927,0.3063,0.2896,3000000.0000,2973170.3317,1285263.4748,29400000.0000,29137069.2507,2.0408,2.1936,0.2203,0.2203,2.2029,4.2363
2017-09-05,9.8200,9.8600,9.7600,9.7900,-0.0100,-0.1000,1203066.7100,1179109.8900,5.3000,12.0200,0.4046,0.9360,0.4700,9.8326,9.2337,1.5911,0.3060,0.2893,3000000.0000,2973170.3317,1285263.4748,29370000.0000,29107337.5473,2.0429,2.1958,0.2189,0.2189,2.1894,4.2104
2017-09-06,9.7800,10.0200,9.7000,9.9000,0.1100,1.1200,3968610.9900,3923377.8630,5.3600,12.1600,1.3348,3.0878,1.5900,9.9431,9.3374,1.6090,0.3095,0.2925,3000000.0000,2973170.3317,1285263.4748,29700000.0000,29434386.2838,2.0202,2.1714,0.2198,0.2198,2.1984,4.2276
2017-09-07,9.8500,9.9500,9.7600,9.7700,-0.1300,-1.3100,2059792.1900,2026529.3180,5.2900,12.0000,0.6928,1.6026,0.7400,9.8125,9.2148,1.5878,0.3054,0.2887,3000000.0000,2973170.3317,1285263.4748,29310000.0000,29047874.1407,2.0471,2.2003,0.2183,0.2183,2.1827,4.1976
2017-09-08,9.7900,9.8100,9.6600,9.6800,-0.0900,-0.9200,1628281.6100,1582997.0870,5.2400,11.8900,0.5477,1.2669,0.6100,9.7221,9.1299,1.5732,0.3026,0.2860,3000000.0000,2973170.3317,1285263.4748,29040000.0000,28780288.8109,2.0661,2.2208,0.2196,0.2196,2.1961,4.2233
2017-09-11,9.7000,9.7900,9.6600,9.7100,0.0300,0.3100,1148869.8600,1117325.7440,5.2500,11.9200,0.3864,0.8939,0.5500,9.7522,9.1582,1.5781,0.3035,0.2869,3000000.0000,2973170.3317,1285263.4748,29130000.0000,28869483.9208,2.0597,2.2139,0.2216,0.2216,2.2165,4.2625
2017-09-12,9.7100,9.7400,9.6700,9.7100,0.0000,0.0000,1174388.7200,1138794.5340,5.2500,11.9200,0.3950,0.9137,0.5900,9.7522,9.1582,1.5781,0.3035,0.2869,3000000.0000,2973170.3317,1285263.4748,29130000.0000,28869483.9208,2.0597,2.2139,0.2214,0.2214,2.2142,4.2581
2017-09-13,9.7100,9.7200,9.6600,9.6600,-0.0500,-0.5100,1048309.2600,1014560.8710,5.2300,11.8600,0.3526,0.8156,0.5300,9.7020,9.1111,1.5699,0.3019,0.2854,3000000.0000,2973170.3317,1285263.4748,28980000.0000,28720825.4042,2.0704,2.2254,0.2214,0.2214,2.2142,4.2581
2017-09-14,9.6800,9.7700,9.6600,9.7300,0.0700,0.7200,1417571.5600,1377001.0970,5.2700,11.9500,0.4768,1.1029,1.0000,9.7723,9.1771,1.5813,0.3041,0.2875,3000000.0000,2973170.3317,1285263.4748,29190000.0000,28928947.3274,2.0555,2.2094,0.2221,0.2221,2.2211,4.2713
2017-09-15,9.7300,10.0200,9.7000,9.8700,0.1400,1.4400,4671493.1100,4624798.5830,5.3400,12.1200,1.5712,3.6347,3.6400,9.9129,9.3091,1.6041,0.3085,0.2916,3000000.0000,2973170.3317,1285263.4748,29610000.0000,29345191.1739,2.0263,2.1780,0.2210,0.2210,2.2097,4.2493
2017-09-18,9.9400,10.0600,9.9100,9.9200,0.0500,0.5100,2112152.0500,2104613.7320,5.3700,12.1800,0.7104,1.6434,1.1200,9.9631,9.3563,1.6122,0.3101,0.2931,3000000.0000,2973170.3317,1285263.4748,29760000.0000,29493849.6905,2.0161,2.1670,0.2163,0.2163,2.1630,4.1596
2017-09-19,9.9500,9.9900,9.8200,9.8300,-0.0900,-0.9100,1655729.8700,1640935.7020,5.3200,12.0700,0.5569,1.2882,0.7900,9.8727,9.2714,1.5976,0.3073,0.2904,3000000.0000,2973170.3317,1285263.4748,29490000.0000,29226264.3606,2.0346,2.1869,0.2161,0.2161,2.1608,4.1554
2017-09-20,9.8300,9.8400,9.6900,9.7300,-0.1000,-1.0200,2028226.3300,1975700.3250,5.2700,11.9500,0.6822,1.5781,0.9300,9.7723,9.1771,1.5813,0.3041,0.2875,3000000.0000,2973170.3317,1285263.4748,29190000.0000,28928947.3274,2.0555,2.2094,0.2187,0.2187,2.1872,4.2061
2017-09-21,9.7200,9.7900,9.7000,9.7100,-0.0200,-0.2100,1077945.6600,1049646.2850,5.2500,11.9200,0.3626,0.8387,0.4500,9.7522,9.1582,1.5781,0.3035,0.2869,3000000.0000,2973170.3317,1285263.4748,29130000.0000,28869483.9208,2.0597,2.2139,0.2212,0.2212,2.2119,4.2537
2017-09-22,9.7000,9.7200,9.6100,9.6200,-0.0900,-0.9300,1284072.7400,1238802.0880,5.2100,11.8100,0.4319,0.9991,0.5600,9.6618,9.0733,1.5634,0.3007,0.2842,3000000.0000,2973170.3317,1285263.4748,28860000.0000,28601898.5910,2.0790,2.2346,0.2216,0.2216,2.2165,4.2625
2017-09-25,9.6000,9.6200,9.4100,9.4200,-0.2000,-2.0800,1809389.0100,1718954.8860,5.1000,11.5700,0.6086,1.4078,1.1100,9.4610,8.8847,1.5309,0.2944,0.2783,3000000.0000,2973170.3317,1285263.4748,28260000.0000,28007264.5246,2.1231,2.2821,0.2240,0.2240,2.2396,4.3069
2017-09-26,9.4500,9.5600,9.4200,9.4800,0.0600,0.6400,973103.7400,921475.0030,5.1300,11.6400,0.3273,0.7571,0.6200,9.5212,8.9413,1.5407,0.2963,0.2801,3000000.0000,2973170.3317,1285263.4748,28440000.0000,28185654.7445,2.1097,2.2676,0.2275,0.2275,2.2751,4.3753
2017-09-27,9.5200,9.5300,9.4600,9.4800,0.0000,0.0000,728026.8700,690676.6410,5.1300,11.6400,0.2449,0.5664,0.5100,9.5212,8.9413,1.5407,0.2963,0.2801,3000000.0000,2973170.3317,1285263.4748,28440000.0000,28185654.7445,2.1097,2.2676,0.2258,0.2258,2.2584,4.3431
2017-09-28,9.4900,9.5000,9.3000,9.3100,-0.1700,-1.7900,1621150.7300,1517982.7770,5.0400,11.4300,0.5453,1.2613,1.3800,9.3505,8.7809,1.5131,0.2910,0.2751,3000000.0000,2973170.3317,1285263.4748,27930000.0000,27680215.7881,2.1482,2.3090,0.2266,0.2266,2.2655,4.3568
2017-09-29,9.3400,9.3800,9.2600,9.2800,-0.0300,-0.3200,1214437.7500,1130360.0480,5.0200,11.4000,0.4085,0.9449,0.9500,9.3204,8.7526,1.5082,0.2901,0.2742,3000000.0000,2973170.3317,1285263.4748,27840000.0000,27591020.6782,2.1552,2.3165,0.2302,0.2302,2.3019,4.4268
2017-10-09,9.4100,9.5200,9.3600,9.4600,0.1800,1.9400,1503771.7000,1422157.9040,5.1200,11.6200,0.5058,1.1700,1.1800,9.5011,8.9224,1.5374,0.2957,0.2795,3000000.0000,2973170.3317,1285263.4748,28380000.0000,28126191.3379,2.1142,2.2724,0.2285,0.2285,2.2848,4.3939
2017-10-10,9.4800,9.4900,9.4100,9.4500,-0.0100,-0.1100,704448.0100,665202.1770,5.1100,11.6000,0.2369,0.5481,0.5800,9.4911,8.9130,1.5358,0.2954,0.2792,3000000.0000,2973170.3317,1285263.4748,28350000.0000,28096459.6346,2.1164,2.2748,0.2268,0.2268,2.2679,4.3614
2017-10-11,9.4500,9.5600,9.4300,9.5200,0.0700,0.7400,929305.3000,883014.8280,5.1500,11.6900,0.3126,0.7230,0.8100,9.5614,8.9790,1.5472,0.2976,0.2813,3000000.0000,2973170.3317,1285263.4748,28560000.0000,28304581.5578,2.1008,2.2581,0.2275,0.2275,2.2751,4.3753
2017-10-12,9.5000,9.5600,9.4600,9.4800,-0.0400,-0.4200,609405.7700,578480.7240,5.1300,11.6400,0.2050,0.4741,0.5100,9.5212,8.9413,1.5407,0.2963,0.2801,3000000.0000,2973170.3317,1285263.4748,28440000.0000,28185654.7445,2.1097,2.2676,0.2263,0.2263,2.2632,4.3522
2017-10-13,9.4900,9.5000,9.3700,9.3900,-0.0900,-0.9500,1077587.5900,1013941.5190,5.0800,11.5300,0.3624,0.8384,1.0900,9.4308,8.8564,1.5261,0.2935,0.2774,3000000.0000,2973170.3317,1285263.4748,28170000.0000,27918069.4147,2.1299,2.2894,0.2266,0.2266,2.2655,4.3568
2017-10-16,9.4000,9.4600,9.3600,9.4000,0.0100,0.1100,938339.5700,882418.1420,5.0900,11.5400,0.3156,0.7301,0.9700,9.4409,8.8658,1.5277,0.2938,0.2777,3000000.0000,2973170.3317,1285263.4748,28200000.0000,27947801.1180,2.1277,2.2869,0.2287,0.2287,2.2872,4.3985
2017-10-17,9.4000,9.4600,9.3500,9.4000,0.0000,0.0000,838827.0900,788206.4620,5.0900,11.5400,0.2821,0.6526,0.9800,9.4409,8.8658,1.5277,0.2938,0.2777,3000000.0000,2973170.3317,1285263.4748,28200000.0000,27947801.1180,2.1277,2.2869,0.2287,0.2287,2.2872,4.3985
2017-10-18,9.4000,9.5500,9.3900,9.4900,0.0900,0.9600,1581699.0800,1501187.7690,5.1400,11.6500,0.5320,1.2306,1.8000,9.5313,8.9507,1.5423,0.2966,0.2804,3000000.0000,2973170.3317,1285263.4748,28470000.0000,28215386.4478,2.1075,2.2652,0.2287,0.2287,2.2872,4.3985
2017-10-19,9.5000,9.5100,9.3100,9.3300,-0.1600,-1.6900,1358787.5800,1273093.2070,5.0500,11.4600,0.4570,1.0572,1.3500,9.3706,8.7998,1.5163,0.2916,0.2757,3000000.0000,2973170.3317,1285263.4748,27990000.0000,27739679.1948,2.1436,2.3041,0.2263,0.2263,2.2632,4.3522
2017-10-20,9.2900,9.3800,9.2800,9.3500,0.0200,0.2100,804510.5000,750209.8330,5.0600,11.4800,0.2706,0.6259,0.6900,9.3907,8.8187,1.5196,0.2923,0.2763,3000000.0000,2973170.3317,1285263.4748,28050000.0000,27799142.6014,2.1390,2.2991,0.2314,0.2314,2.3143,4.4506
2017-10-23,9.3400,9.3600,9.2200,9.2500,-0.1000,-1.0700,1154455.1200,1068195.0260,5.0100,11.3600,0.3883,0.8982,1.0500,9.2902,8.7244,1.5033,0.2891,0.2733,3000000.0000,2973170.3317,1285263.4748,27750000.0000,27501825.5682,2.1622,2.3240,0.2302,0.2302,2.3019,4.4268
2017-10-24,9.2600,9.4100,9.2400,9.3900,0.1400,1.5100,1729107.4400,1617107.1460,5.0800,11.5300,0.5816,1.3453,1.5100,9.4308,8.8564,1.5261,0.2935,0.2774,3000000.0000,2973170.3317,1285263.4748,28170000.0000,27918069.4147,2.1299,2.2894,0.2322,0.2322,2.3218,4.4650
2017-10-25,9.3900,9.5500,9.3800,9.4400,0.0500,0.5300,1451054.6500,1374126.1280,5.1100,11.5900,0.4880,1.1290,1.0900,9.4811,8.9036,1.5342,0.2951,0.2789,3000000.0000,2973170.3317,1285263.4748,28320000.0000,28066727.9312,2.1186,2.2772,0.2290,0.2290,2.2897,4.4032
2017-10-26,9.4800,9.7800,9.4500,9.6800,0.2400,2.5400,3279414.3500,3158699.0250,5.2400,11.8900,1.1030,2.5516,2.5200,9.7221,9.1299,1.5732,0.3026,0.2860,3000000.0000,2973170.3317,1285263.4748,29040000.0000,28780288.8109,2.0661,2.2208,0.2268,0.2268,2.2679,4.3614
2017-10-27,9.6600,9.7200,9.5700,9.6700,-0.0100,-0.1000,1672751.8600,1614429.3960,5.2300,11.8700,0.5626,1.3015,0.9900,9.7121,9.1205,1.5716,0.3023,0.2857,3000000.0000,2973170.3317,1285263.4748,29010000.0000,28750557.1075,2.0683,2.2231,0.2226,0.2226,2.2257,4.2801
2017-10-30,9.6500,9.6600,9.3700,9.5900,-0.0800,-0.8300,2531609.1100,2408906.1790,5.1900,11.7800,0.8515,1.9697,1.3600,9.6317,9.3147,1.4966,0.2998,0.2713,3000000.0000,2973170.3317,1285263.4748,28770000.0000,28512703.4810,2.0855,2.2416,0.2228,0.2228,2.2280,4.2846
2017-10-31,9.5400,9.5500,9.4400,9.5000,-0.0900,-0.9400,1119138.2300,1062159.9130,5.1400,11.6700,0.3764,0.8707,0.5200,9.5413,9.2273,1.4825,0.2969,0.2688,3000000.0000,2973170.3317,1285263.4748,28500000.0000,28245118.1512,2.1053,2.2628,0.2254,0.2254,2.2537,4.3340
2017-11-01,9.5000,9.9300,9.4700,9.8800,0.3800,4.0000,4619234.3100,4507404.3500,5.3500,12.1300,1.5536,3.5940,2.3000,9.9230,9.5964,1.5418,0.3088,0.2795,3000000.0000,2973170.3317,1285263.4748,29640000.0000,29374922.8772,2.0243,2.1758,0.2263,0.2263,2.2632,4.3522
2017-11-02,9.8600,9.9600,9.7800,9.9100,0.0300,0.3000,3140884.8700,3099341.4410,5.3600,12.1700,1.0564,2.4438,1.1900,9.9531,9.6255,1.5465,0.3098,0.2803,3000000.0000,2973170.3317,1285263.4748,29730000.0000,29464117.9871,2.0182,2.1692,0.2181,0.2181,2.1805,4.1933
2017-11-03,9.8900,9.9000,9.5700,9.7900,-0.1200,-1.2100,2954270.4800,2875518.0720,5.3000,12.0200,0.9936,2.2986,1.1300,9.8326,9.5090,1.5278,0.3060,0.2770,3000000.0000,2973170.3317,1285263.4748,29370000.0000,29107337.5473,2.0429,2.1958,0.2174,0.2174,2.1739,4.1806
2017-11-06,9.7200,9.7300,9.5900,9.6700,-0.1200,-1.2300,1821193.2100,1754589.0770,5.2300,11.8700,0.6125,1.4170,0.6300,9.7121,9.3924,1.5091,0.3023,0.2736,3000000.0000,2973170.3317,1285263.4748,29010000.0000,28750557.1075,2.0683,2.2231,0.2212,0.2212,2.2119,4.2537
2017-11-07,9.6500,9.8600,9.5400,9.6200,-0.0500,-0.5200,2906502.0700,2810785.6130,5.2100,11.8100,0.9776,2.2614,1.0600,9.6618,9.3438,1.5013,0.3007,0.2721,3000000.0000,2973170.3317,1285263.4748,28860000.0000,28601898.5910,2.0790,2.2346,0.2228,0.2228,2.2280,4.2846
2017-11-08,9.6100,9.7500,9.5600,9.6700,0.0500,0.5200,2394506.8400,2309137.0690,5.2300,11.8700,0.8054,1.8630,0.7800,9.7121,9.3924,1.5091,0.3023,0.2736,3000000.0000,2973170.3317,1285263.4748,29010000.0000,28750557.1075,2.0683,2.2231,0.2237,0.2237,2.2373,4.3024
2017-11-09,9.6500,9.7000,9.5900,9.6900,0.0200,0.2100,1585856.1300,1530616.0350,5.2400,11.9000,0.5334,1.2339,0.6000,9.7321,9.4118,1.5122,0.3029,0.2741,3000000.0000,2973170.3317,1285263.4748,29070000.0000,28810020.5142,2.0640,2.2185,0.2228,0.2228,2.2280,4.2846
2017-11-10,9.7000,9.7100,9.4300,9.4500,-0.2400,-2.4800,2628486.5500,2508481.6560,5.1100,11.6000,0.8841,2.0451,1.1300,9.4911,9.1787,1.4747,0.2954,0.2673,3000000.0000,2973170.3317,1285263.4748,28350000.0000,28096459.6346,2.1164,2.2748,0.2216,0.2216,2.2165,4.2625
2017-11-13,9.4000,9.4600,9.3000,9.3300,-0.1200,-1.2700,2499959.8200,2338034.6990,5.0500,11.4600,0.8408,1.9451,1.1000,9.3706,9.0622,1.4560,0.2916,0.2639,3000000.0000,2973170.3317,1285263.4748,27990000.0000,27739679.1948,2.1436,2.3041,0.2287,0.2287,2.2872,4.3985
2017-11-14,9.3200,9.4000,9.3000,9.3500,0.0200,0.2100,1450679.8100,1355987.4520,5.0600,11.4800,0.4879,1.1287,0.6000,9.3907,9.0816,1.4591,0.2923,0.2645,3000000.0000,2973170.3317,1285263.4748,28050000.0000,27799142.6014,2.1390,2.2991,0.2307,0.2307,2.3069,4.4363
2017-11-15,9.3200,9.3800,9.2600,9.3500,0.0000,0.0000,1252045.9600,1167029.6340,5.0600,11.4800,0.4211,0.9742,0.5900,9.3907,9.0816,1.4591,0.2923,0.2645,3000000.0000,2973170.3317,1285263.4748,28050000.0000,27799142.6014,2.1390,2.2991,0.2307,0.2307,2.3069,4.4363
2017-11-16,9.3500,9.3900,9.2600,9.2700,-0.0800,-0.8600,1323069.9700,1234207.1980,5.0200,11.3800,0.4450,1.0294,0.7000,9.3103,9.0039,1.4466,0.2898,0.2622,3000000.0000,2973170.3317,1285263.4748,27810000.0000,27561288.9749,2.1575,2.3190,0.2299,0.2299,2.2995,4.4220
2017-11-17,9.2500,9.5200,9.2300,9.4800,0.2100,2.2700,3482895.4400,3269070.2350,5.1300,11.6400,1.1714,2.7099,1.9000,9.5212,9.2079,1.4794,0.2963,0.2682,3000000.0000,2973170.3317,1285263.4748,28440000.0000,28185654.7445,2.1097,2.2676,0.2324,0.2324,2.3243,4.4699
2017-11-20,9.4200,9.4900,9.3100,9.4200,-0.0600,-0.6300,1669554.0200,1568192.6020,5.1000,11.5700,0.5615,1.2990,0.8300,9.4610,9.1496,1.4700,0.2944,0.2665,3000000.0000,2973170.3317,1285263.4748,28260000.0000,28007264.5246,2.1231,2.2821,0.2282,0.2282,2.2824,4.3892
2017-11-21,9.3900,9.7500,9.3800,9.6400,0.2200,2.3400,3577597.9400,3441010.5410,5.2200,11.8400,1.2033,2.7836,1.9500,9.6819,9.3633,1.5044,0.3013,0.2727,3000000.0000,2973170.3317,1285263.4748,28920000.0000,28661361.9976,2.0747,2.2300,0.2290,0.2290,2.2897,4.4032
2017-11-22,9.6900,10.0900,9.6300,9.9600,0.3200,3.3200,6388894.4500,6322660.0470,5.3900,12.2300,2.1488,4.9709,2.8300,10.0033,9.6741,1.5543,0.3113,0.2818,3000000.0000,2973170.3317,1285263.4748,29880000.0000,29612776.5037,2.0080,2.1583,0.2219,0.2219,2.2188,4.2669
2017-11-23,9.9900,10.0500,9.6500,9.7300,-0.2300,-2.3100,4409941.4700,4350962.4480,5.2700,11.9500,1.4832,3.4312,1.3400,9.7723,9.4507,1.5184,0.3041,0.2753,3000000.0000,2973170.3317,1285263.4748,29190000.0000,28928947.3274,2.0555,2.2094,0.2152,0.2152,2.1522,4.1388
2017-11-24,9.6800,9.7700,9.5600,9.6300,-0.1000,-1.0300,2669388.6600,2572697.6970,5.2100,11.8300,0.8978,2.0769,0.6800,9.6719,9.3536,1.5028,0.3010,0.2724,3000000.0000,2973170.3317,1285263.4748,28890000.0000,28631630.2943,2.0768,2.2323,0.2221,0.2221,2.2211,4.2713
2017-11-27,9.6000,9.7200,9.4500,9.6100,-0.0200,-0.2100,2784576.3800,2668962.1720,5.2000,11.8000,0.9366,2.1665,0.7400,9.6518,9.3341,1.4997,0.3004,0.2719,3000000.0000,2973170.3317,1285263.4748,28830000.0000,28572166.8876,2.0812,2.2369,0.2240,0.2240,2.2396,4.3069
2017-11-28,9.5700,9.5900,9.4900,9.5700,-0.0400,-0.4200,1110285.3400,1059276.4390,5.1800,11.7500,0.3734,0.8639,0.2800,9.6116,9.2953,1.4935,0.2991,0.2707,3000000.0000,2973170.3317,1285263.4748,28710000.0000,28453240.0744,2.0899,2.2463,0.2247,0.2247,2.2466,4.3204
2017-11-29,9.5900,9.7400,9.4400,9.7100,0.1400,1.4600,2376546.7500,2281925.2520,5.2500,11.9200,0.7993,1.8491,0.6800,9.7522,9.4313,1.5153,0.3035,0.2747,3000000.0000,2973170.3317,1285263.4748,29130000.0000,28869483.9208,2.0597,2.2139,0.2242,0.2242,2.2419,4.3114
2017-11-30,9.6700,9.8300,9.5700,9.6500,-0.0600,-0.6200,2228867.7000,2163051.1790,5.2200,11.8500,0.7497,1.7342,0.8300,9.6920,9.3730,1.5059,0.3016,0.2730,3000000.0000,2973170.3317,1285263.4748,28950000.0000,28691093.7009,2.0725,2.2277,0.2223,0.2223,2.2234,4.2757
2017-12-01,9.6200,9.6700,9.5000,9.6400,-0.0100,-0.1000,1454854.4100,1394653.2160,5.2200,11.8400,0.4893,1.1320,0.6500,9.6819,9.3633,1.5044,0.3013,0.2727,3000000.0000,2973170.3317,1285263.4748,28920000.0000,28661361.9976,2.0747,2.2300,0.2235,0.2235,2.2349,4.2979
2017-12-04,9.5900,9.6100,9.4800,9.5600,-0.0800,-0.8300,1311066.4800,1250947.5040,5.1700,11.7400,0.4410,1.0201,0.6600,9.6016,9.2856,1.4919,0.2988,0.2704,3000000.0000,2973170.3317,1285263.4748,28680000.0000,28423508.3711,2.0921,2.2486,0.2242,0.2242,2.2419,4.3114
2017-12-05,9.5600,9.8100,9.5300,9.7300,0.1700,1.7800,3704845.3200,3598873.0980,5.2700,11.9500,1.2461,2.8826,2.1800,9.7723,9.4507,1.5184,0.3041,0.2753,3000000.0000,2973170.3317,1285263.4748,29190000.0000,28928947.3274,2.0555,2.2094,0.2249,0.2249,2.2490,4.3249
2017-12-06,9.6800,9.7300,9.6000,9.6500,-0.0800,-0.8200,1572786.3100,1519117.2500,5.2200,11.8500,0.5290,1.2237,0.7100,9.6920,9.3730,1.5059,0.3016,0.2730,3000000.0000,2973170.3317,1285263.4748,28950000.0000,28691093.7009,2.0725,2.2277,0.2221,0.2221,2.2211,4.2713
2017-12-07,9.6400,9.7800,9.5900,9.6400,-0.0100,-0.1000,1301529.0600,1258298.4990,5.2200,11.8400,0.4378,1.0127,0.6300,9.6819,9.3633,1.5044,0.3013,0.2727,3000000.0000,2973170.3317,1285263.4748,28920000.0000,28661361.9976,2.0747,2.2300,0.2230,0.2230,2.2303,4.2890
2017-12-08,9.6100,9.6500,9.5200,9.5400,-0.1000,-1.0400,1077307.3200,1030133.0280,5.1600,11.7200,0.3623,0.8382,0.5800,9.5815,9.2661,1.4888,0.2982,0.2699,3000000.0000,2973170.3317,1285263.4748,28620000.0000,28364044.9644,2.0964,2.2534,0.2237,0.2237,2.2373,4.3024
2017-12-11,9.5200,9.5600,9.4500,9.5100,-0.0300,-0.3100,1200787.5700,1140582.3800,5.1500,11.6800,0.4039,0.9343,0.6700,9.5514,9.2370,1.4841,0.2973,0.2690,3000000.0000,2973170.3317,1285263.4748,28530000.0000,28274849.8545,2.1030,2.2605,0.2258,0.2258,2.2584,4.3431
2017-12-12,9.5200,9.5200,9.3700,9.3900,-0.1200,-1.2600,1189555.1000,1123158.8630,5.0800,11.5300,0.4001,0.9255,0.6700,9.4308,9.1204,1.4654,0.2935,0.2656,3000000.0000,2973170.3317,1285263.4748,28170000.0000,27918069.4147,2.1299,2.2894,0.2258,0.2258,2.2584,4.3431
2017-12-13,9.3700,9.4200,9.3400,9.4100,0.0200,0.2100,815038.4900,764554.6220,5.0900,11.5600,0.2741,0.6341,0.6400,9.4509,9.1399,1.4685,0.2941,0.2662,3000000.0000,2973170.3317,1285263.4748,28230000.0000,27977532.8213,2.1254,2.2845,0.2295,0.2295,2.2946,4.4126
2017-12-14,9.4100,9.4200,9.3300,9.3600,-0.0500,-0.5300,728853.1500,682370.8540,5.0700,11.4900,0.2451,0.5671,0.6500,9.4007,9.0913,1.4607,0.2926,0.2648,3000000.0000,2973170.3317,1285263.4748,28080000.0000,27828874.3047,2.1368,2.2967,0.2285,0.2285,2.2848,4.3939
2017-12-15,9.3500,9.3600,9.2800,9.3000,-0.0600,-0.6400,1033071.1200,961427.8300,5.0300,11.4200,0.3475,0.8038,1.0300,9.3404,9.0330,1.4513,0.2907,0.2631,3000000.0000,2973170.3317,1285263.4748,27900000.0000,27650484.0848,2.1505,2.3115,0.2299,0.2299,2.2995,4.4220
2017-12-18,9.3000,9.3500,9.2700,9.3100,0.0100,0.1100,563534.8000,524414.4220,5.0400,11.4300,0.1895,0.4385,0.5700,9.3505,9.0427,1.4529,0.2910,0.2634,3000000.0000,2973170.3317,1285263.4748,27930000.0000,27680215.7881,2.1482,2.3090,0.2312,0.2312,2.3118,4.4458
2017-12-19,9.3100,9.3900,9.3000,9.3800,0.0700,0.7500,554638.3300,519282.9560,5.0800,11.5200,0.1865,0.4315,0.6400,9.4208,9.1107,1.4638,0.2932,0.2654,3000000.0000,2973170.3317,1285263.4748,28140000.0000,27888337.7113,2.1322,2.2918,0.2309,0.2309,2.3093,4.4410
2017-12-20,9.3800,9.4200,9.3000,9.4000,0.0200,0.2100,1054212.2500,986709.6560,5.0900,11.5400,0.3546,0.8202,1.4300,9.4409,9.1302,1.4669,0.2938,0.2659,3000000.0000,2973170.3317,1285263.4748,28200000.0000,27947801.1180,2.1277,2.2869,0.2292,0.2292,2.2921,4.4079
2017-12-21,9.3600,9.4200,9.3200,9.3700,-0.0300,-0.3200,804808.5100,754866.3220,5.0700,11.5100,0.2707,0.6262,1.0200,9.4107,9.1010,1.4622,0.2929,0.2651,3000000.0000,2973170.3317,1285263.4748,28110000.0000,27858606.0080,2.1345,2.2942,0.2297,0.2297,2.2970,4.4173
2017-12-22,9.3700,9.3900,9.3300,9.3500,-0.0200,-0.2100,474614.9900,444046.9160,5.0600,11.4800,0.1596,0.3693,0.5900,9.3907,9.0816,1.4591,0.2923,0.2645,3000000.0000,2973170.3317,1285263.4748,28050000.0000,27799142.6014,2.1390,2.2991,0.2295,0.2295,2.2946,4.4126
2017-12-25,9.3500,9.4600,9.3300,9.3500,0.0000,0.0000,783607.5100,735561.3510,5.0600,11.4800,0.2636,0.6097,1.1400,9.3907,9.0816,1.4591,0.2923,0.2645,3000000.0000,2973170.3317,1285263.4748,28050000.0000,27799142.6014,2.1390,2.2991,0.2299,0.2299,2.2995,4.4220
2017-12-26,9.3600,9.3900,9.2500,9.3100,-0.0400,-0.4300,1103859.3100,1026660.5890,5.0400,11.4300,0.3713,0.8589,1.5000,9.3505,9.0427,1.4529,0.2910,0.2634,3000000.0000,2973170.3317,1285263.4748,27930000.0000,27680215.7881,2.1482,2.3090,0.2297,0.2297,2.2970,4.4173
2017-12-27,9.3100,9.3200,9.2200,9.2300,-0.0800,-0.8600,1133012.4500,1048907.0680,4.9900,11.3300,0.3811,0.8815,1.3400,9.2701,8.9650,1.4404,0.2885,0.2611,3000000.0000,2973170.3317,1285263.4748,27690000.0000,27442362.1616,2.1668,2.3290,0.2309,0.2309,2.3093,4.4410
2017-12-28,9.2100,9.2200,8.9300,8.9400,-0.2900,-3.1400,2764497.8100,2493633.1070,4.8400,10.9800,0.9298,2.1509,3.2100,8.9789,8.6834,1.3951,0.2794,0.2529,3000000.0000,2973170.3317,1285263.4748,26820000.0000,26580142.7654,2.2371,2.4046,0.2334,0.2334,2.3344,4.4893
2017-12-29,8.9000,9.0600,8.8800,9.0200,0.0800,0.8900,1110355.1700,995741.9430,4.8800,11.0800,0.3735,0.8639,0.8900,9.0592,8.7611,1.4076,0.2819,0.2552,3000000.0000,2973170.3317,1285263.4748,27060000.0000,26817996.3919,2.2173,2.3833,0.2416,0.2416,2.4157,4.6456
2018-01-02,9.0100,9.2700,9.0000,9.2100,0.1900,2.1100,1306807.4900,1201398.1010,4.9800,11.3100,0.4395,1.0168,0.9500,9.2501,8.9456,1.4373,0.2879,0.2605,3000000.0000,2973170.3317,1285263.4748,27630000.0000,27382898.7550,2.3341,2.3341,0.2294,0.2294,2.2945,4.0873
2018-01-03,9.2200,9.2700,9.1600,9.2200,0.0100,0.1100,1158265.6600,1068519.2680,4.9900,11.3200,0.3896,0.9012,0.7800,9.2601,8.9553,1.4388,0.2882,0.2608,3000000.0000,2973170.3317,1285263.4748,27660000.0000,27412630.4583,2.3316,2.3316,0.2242,0.2242,2.2422,3.9942
2018-01-04,9.2300,9.2400,9.1600,9.1800,-0.0400,-0.4300,796940.8600,731922.8410,4.9700,11.2700,0.2680,0.6201,0.5300,9.2199,8.9165,1.4326,0.2869,0.2597,3000000.0000,2973170.3317,1285263.4748,27540000.0000,27293703.6450,2.3417,2.3417,0.2240,0.2240,2.2398,3.9899
2018-01-05,9.1900,9.6500,9.1600,9.4900,0.3100,3.3800,4220072.7600,3995471.8810,5.1400,11.6500,1.4194,3.2834,2.9600,9.5313,9.2176,1.4810,0.2966,0.2685,3000000.0000,2973170.3317,1285263.4748,28470000.0000,28215386.4478,2.2652,2.2652,0.2250,0.2250,2.2495,4.0073
2018-01-08,9.4700,9.6800,9.4500,9.5200,0.0300,0.3200,3334785.4900,3193259.4380,5.1500,11.6900,1.1216,2.5946,1.9400,9.5614,9.2467,1.4857,0.2976,0.2693,3000000.0000,2973170.3317,1285263.4748,28560000.0000,28304581.5578,2.2581,2.2581,0.2183,0.2183,2.1830,3.8888
2018-01-09,9.5300,9.6000,9.4100,9.4500,-0.0700,-0.7400,1883732.9500,1786405.9670,5.1100,11.6000,0.6336,1.4656,0.8700,9.4911,9.1787,1.4747,0.2954,0.2673,3000000.0000,2973170.3317,1285263.4748,28350000.0000,28096459.6346,2.2748,2.2748,0.2169,0.2169,2.1693,3.8643
2018-01-10,9.4800,9.7500,9.4600,9.6100,0.1600,1.6900,3156901.7500,3040262.5630,5.2000,11.8000,1.0618,2.4562,1.3900,9.6518,9.3341,1.4997,0.3004,0.2719,3000000.0000,2973170.3317,1285263.4748,28830000.0000,28572166.8876,2.2369,2.2369,0.2181,0.2181,2.1807,3.8847
2018-01-11,9.5900,9.6400,9.5100,9.5800,-0.0300,-0.3100,1716765.2000,1644342.6960,5.1800,11.7600,0.5774,1.3357,0.6400,9.6217,9.3050,1.4950,0.2994,0.2710,3000000.0000,2973170.3317,1285263.4748,28740000.0000,28482971.7777,2.2439,2.2439,0.2156,0.2156,2.1557,3.8401
2018-01-12,9.5400,9.6400,9.4700,9.4900,-0.0900,-0.9400,1436514.1300,1369702.5920,5.1400,11.6500,0.4832,1.1177,0.5000,9.5313,9.2176,1.4810,0.2966,0.2685,3000000.0000,2973170.3317,1285263.4748,28470000.0000,28215386.4478,2.2652,2.2652,0.2167,0.2167,2.1670,3.8603
2018-01-15,9.4900,9.6400,9.4500,9.5300,0.0400,0.4200,3070418.1600,2938923.1760,5.1600,11.7000,1.0327,2.3889,1.3300,9.5714,9.2564,1.4872,0.2979,0.2696,3000000.0000,2973170.3317,1285263.4748,28590000.0000,28334313.2611,2.2557,2.2557,0.2178,0.2178,2.1784,3.8806
2018-01-16,9.5100,9.6100,9.3800,9.5200,-0.0100,-0.1000,3476118.2900,3295717.3320,5.1500,11.6900,1.1692,2.7046,1.5400,9.5614,9.2467,1.4857,0.2976,0.2693,3000000.0000,2973170.3317,1285263.4748,28560000.0000,28304581.5578,2.2581,2.2581,0.2174,0.2174,2.1738,3.8724
2018-01-17,9.7200,10.0100,9.5600,9.7300,0.2100,2.2100,7312438.8000,7182090.8500,5.2700,11.9500,2.4595,5.6894,2.8400,9.7723,9.4507,1.5184,0.3041,0.2753,3000000.0000,2973170.3317,1285263.4748,29190000.0000,28928947.3274,2.2094,2.2094,0.2127,0.2127,2.1269,3.7888
2018-01-18,9.6500,10.5300,9.6500,10.3500,0.6200,6.3700,10701472.4500,10816194.5950,5.6000,12.7100,3.5993,8.3263,3.1500,10.3950,10.0529,1.6152,0.3235,0.2928,3000000.0000,2973170.3317,1285263.4748,31050000.0000,30772312.9331,2.0770,2.0770,0.2142,0.2142,2.1423,3.8163
2018-01-19,10.3400,10.4300,10.1700,10.3500,0.0000,0.0000,6135410.3400,6317451.3780,5.6000,12.7100,2.0636,4.7737,1.1800,10.3950,10.0529,1.6152,0.3235,0.2928,3000000.0000,2973170.3317,1285263.4748,31050000.0000,30772312.9331,2.0770,2.0770,0.1999,0.1999,1.9993,3.5616
2018-01-22,10.3100,10.5200,10.2800,10.4600,0.1100,1.0600,5185470.3900,5393732.7550,5.6600,12.8400,1.7441,4.0346,0.8400,10.5055,10.1597,1.6323,0.3270,0.2959,3000000.0000,2973170.3317,1285263.4748,31380000.0000,31099361.6696,2.0552,2.0552,0.2005,0.2005,2.0051,3.5720
2018-01-23,10.4300,10.6300,10.3500,10.5600,0.1000,0.9600,5407612.3800,5671863.9030,5.7100,12.9700,1.8188,4.2074,0.8200,10.6059,10.2569,1.6479,0.3301,0.2987,3000000.0000,2973170.3317,1285263.4748,31680000.0000,31396678.7028,2.0357,2.0357,0.1982,0.1982,1.9821,3.5309
2018-01-24,10.6000,10.8500,10.3300,10.4600,-0.1000,-0.9500,5724043.6900,6032455.7630,5.6600,12.8400,1.9252,4.4536,0.8200,10.5055,10.1597,1.6323,0.3270,0.2959,3000000.0000,2973170.3317,1285263.4748,31380000.0000,31099361.6696,2.0552,2.0552,0.1950,0.1950,1.9503,3.4742
2018-01-25,10.4200,10.4800,10.2300,10.3700,-0.0900,-0.8600,4523294.6700,4677599.6870,5.6100,12.7300,1.5214,3.5194,0.6800,10.4151,10.0723,1.6183,0.3241,0.2934,3000000.0000,2973170.3317,1285263.4748,31110000.0000,30831776.3397,2.0730,2.0730,0.1984,0.1984,1.9840,3.5343
2018-01-26,10.3300,10.7300,10.2600,10.6700,0.3000,2.8900,5688267.8200,5989304.6110,5.7700,13.1000,1.9132,4.4258,1.0500,10.7164,10.3637,1.6651,0.3335,0.3018,3000000.0000,2973170.3317,1285263.4748,32010000.0000,31723727.4392,2.0147,2.0147,0.2001,0.2001,2.0013,3.5650
2018-01-29,10.6800,10.7900,10.4000,10.5000,-0.1700,-1.5900,4093948.6700,4342319.1720,5.6800,12.8900,1.3770,3.1853,0.7700,10.5457,10.1986,1.6386,0.3282,0.2970,3000000.0000,2973170.3317,1285263.4748,31500000.0000,31218288.4829,2.0473,2.0473,0.1936,0.1936,1.9357,3.4482
2018-01-30,10.4300,10.5600,10.1500,10.1600,-0.3400,-3.2400,3327290.9700,3436274.1360,5.5000,12.4800,1.1191,2.5888,0.6500,10.2042,9.8683,1.5855,0.3176,0.2874,3000000.0000,2973170.3317,1285263.4748,30480000.0000,30207410.5701,2.1158,2.1158,0.1982,0.1982,1.9821,3.5309
2018-01-31,10.1300,10.2300,9.9800,10.1200,-0.0400,-0.3900,4017307.7400,4063477.6640,5.4800,12.4300,1.3512,3.1257,0.8600,10.1640,9.8295,1.5793,0.3163,0.2863,3000000.0000,2973170.3317,1285263.4748,30360000.0000,30088483.7568,2.1242,2.1242,0.2041,0.2041,2.0408,3.6354
2018-02-01,10.1800,10.2300,10.0100,10.1800,0.0600,0.5900,4308253.4100,4367268.5170,5.5100,12.5000,1.4490,3.3520,0.9900,10.2243,9.8878,1.5886,0.3182,0.2880,3000000.0000,2973170.3317,1285263.4748,30540000.0000,30266873.9767,2.1117,2.1117,0.2031,0.2031,2.0308,3.6176
2018-02-02,10.0800,10.1700,9.8100,10.1300,-0.0500,-0.4900,2947460.1100,2955414.2810,5.4800,12.4400,0.9914,2.2933,0.6900,10.1741,9.8392,1.5808,0.3166,0.2866,3000000.0000,2973170.3317,1285263.4748,30390000.0000,30118215.4601,2.1221,2.1221,0.2051,0.2051,2.0509,3.6535
2018-02-05,9.9800,10.4100,9.9600,10.3900,0.2600,2.5700,3574477.8400,3662197.4880,5.6200,12.7600,1.2022,2.7811,0.9600,10.4352,10.0917,1.6214,0.3248,0.2939,3000000.0000,2973170.3317,1285263.4748,31170000.0000,30891239.7464,2.0690,2.0690,0.2071,0.2071,2.0715,3.6901
2018-02-06,10.2500,10.3500,10.0300,10.1900,-0.2000,-1.9200,5027069.1900,5125327.7580,5.5100,12.5100,1.6908,3.9113,1.3800,10.2343,9.8975,1.5902,0.3185,0.2883,3000000.0000,2973170.3317,1285263.4748,30570000.0000,30296605.6800,2.1096,2.1096,0.2017,0.2017,2.0169,3.5929
2018-02-07,10.3000,10.4400,9.9400,9.9700,-0.2200,-2.1600,5321357.0300,5412810.2120,5.4000,12.2400,1.7898,4.1403,1.3400,10.0134,9.6838,1.5559,0.3116,0.2820,3000000.0000,2973170.3317,1285263.4748,29910000.0000,29642508.2070,2.1562,2.1562,0.2007,0.2007,2.0071,3.5754
2018-02-08,9.8400,9.8900,9.1600,9.4400,-0.5300,-5.3200,5001459.8700,4794894.3780,5.1100,11.5900,1.6822,3.8914,1.1800,9.4811,9.1690,1.4732,0.2951,0.2671,3000000.0000,2973170.3317,1285263.4748,28320000.0000,28066727.9312,2.2772,2.2772,0.2101,0.2101,2.1009,3.7426
2018-02-09,9.0500,9.1500,8.5100,8.8500,-0.5900,-6.2500,5402694.7800,4778678.7140,4.7900,10.8700,1.8171,4.2036,1.2400,8.8885,8.5959,1.3811,0.2766,0.2504,3000000.0000,2973170.3317,1285263.4748,26550000.0000,26312557.4355,2.4290,2.4290,0.2284,0.2284,2.2843,4.0693
2018-02-12,8.8800,8.9800,8.7400,8.8400,-0.0100,-0.1100,1911706.9300,1693182.3210,4.7800,10.8600,0.6430,1.4874,0.3900,8.8784,8.5862,1.3795,0.2763,0.2501,3000000.0000,2973170.3317,1285263.4748,26520000.0000,26282825.7322,2.4318,2.4318,0.2328,0.2328,2.3280,4.1472
2018-02-13,9.0100,9.1200,8.9500,9.0000,0.1600,1.8100,2217256.2400,2001565.4740,4.8700,11.0500,0.7458,1.7251,0.4900,9.0391,8.7416,1.4045,0.2813,0.2546,3000000.0000,2973170.3317,1285263.4748,27000000.0000,26758532.9853,2.3886,2.3886,0.2294,0.2294,2.2945,4.0873
2018-02-14,9.0300,9.0700,8.9300,8.9800,-0.0200,-0.2200,1031192.2300,927320.3090,4.8600,11.0300,0.3468,0.8023,0.2600,9.0191,8.7222,1.4014,0.2807,0.2540,3000000.0000,2973170.3317,1285263.4748,26940000.0000,26699069.5787,2.3939,2.3939,0.2289,0.2289,2.2894,4.0783
2018-02-22,9.1300,9.1500,9.0300,9.1200,0.1400,1.5600,1463112.6500,1331936.6240,4.9400,11.2000,0.4921,1.1384,0.4700,9.1597,8.8582,1.4232,0.2851,0.2580,3000000.0000,2973170.3317,1285263.4748,27360000.0000,27115313.4251,2.3571,2.3571,0.2264,0.2264,2.2643,4.0336
2018-02-23,9.1300,9.3600,9.1300,9.3200,0.2000,2.1900,2244328.8300,2083243.7670,5.0400,11.4400,0.7549,1.7462,0.9300,9.3605,9.0525,1.4544,0.2913,0.2637,3000000.0000,2973170.3317,1285263.4748,27960000.0000,27709947.4914,2.3065,2.3065,0.2264,0.2264,2.2643,4.0336
2018-02-26,9.4000,9.4000,9.1000,9.3400,0.0200,0.2100,2239446.9000,2069985.1270,5.0500,11.4700,0.7532,1.7424,1.2600,9.3806,9.0719,1.4576,0.2919,0.2642,3000000.0000,2973170.3317,1285263.4748,28020000.0000,27769410.8981,2.3016,2.3016,0.2199,0.2199,2.1993,3.9178
2018-02-27,9.3500,9.3600,9.1700,9.2400,-0.1000,-1.0700,1561493.5800,1441321.8950,5.0000,11.3500,0.5252,1.2149,0.8500,9.2802,8.9747,1.4420,0.2888,0.2614,3000000.0000,2973170.3317,1285263.4748,27720000.0000,27472093.8649,2.3265,2.3265,0.2211,0.2211,2.2110,3.9387
2018-02-28,9.1500,9.2000,9.0500,9.1100,-0.1300,-1.4100,1199102.3400,1093825.0640,4.9300,11.1900,0.4033,0.9330,0.7000,9.1496,8.8485,1.4217,0.2848,0.2577,3000000.0000,2973170.3317,1285263.4748,27330000.0000,27085581.7218,2.3597,2.3597,0.2259,0.2259,2.2594,4.0248
2018-03-01,9.0700,9.1500,9.0200,9.1000,-0.0100,-0.1100,1047764.4200,952928.3120,4.9200,11.1700,0.3524,0.8152,0.6000,9.1396,8.8388,1.4201,0.2844,0.2574,3000000.0000,2973170.3317,1285263.4748,27300000.0000,27055850.0185,2.3623,2.3623,0.2279,0.2279,2.2793,4.0603
2018-03-02,8.9800,9.0700,8.9600,9.0100,-0.0900,-0.9900,924017.2800,833231.9180,4.8800,11.0600,0.3108,0.7189,0.5600,9.0492,8.7514,1.4061,0.2816,0.2549,3000000.0000,2973170.3317,1285263.4748,27030000.0000,26788264.6886,2.3859,2.3859,0.2302,0.2302,2.3021,4.1010
2018-03-05,9.0000,9.1200,9.0000,9.0400,0.0300,0.3300,799072.5200,722698.8270,4.8900,11.1000,0.2688,0.6217,0.5700,9.0793,8.7805,1.4107,0.2826,0.2557,3000000.0000,2973170.3317,1285263.4748,27120000.0000,26877459.7986,2.3780,2.3780,0.2297,0.2297,2.2970,4.0919
2018-03-06,9.1000,9.1200,8.9900,9.1100,0.0700,0.7700,1171598.8700,1061727.1370,4.9300,11.1900,0.3941,0.9116,1.0600,9.1496,8.8485,1.4217,0.2848,0.2577,3000000.0000,2973170.3317,1285263.4748,27330000.0000,27085581.7218,2.3597,2.3597,0.2272,0.2272,2.2718,4.0469
2018-03-07,9.1000,9.1600,9.0000,9.0200,-0.0900,-0.9900,1148587.7000,1042749.3750,4.8800,11.0800,0.3863,0.8937,1.1200,9.0592,8.7611,1.4076,0.2819,0.2552,3000000.0000,2973170.3317,1285263.4748,27060000.0000,26817996.3919,2.3833,2.3833,0.2272,0.2272,2.2718,4.0469
2018-03-08,9.0000,9.0800,8.9700,9.0300,0.0100,0.1100,1023725.1800,923254.6750,4.8900,11.0900,0.3443,0.7965,1.0100,9.0693,8.7708,1.4092,0.2823,0.2555,3000000.0000,2973170.3317,1285263.4748,27090000.0000,26847728.0953,2.3806,2.3806,0.2297,0.2297,2.2970,4.0919
2018-03-09,9.0500,9.0600,8.9800,9.0200,-0.0100,-0.1100,1081386.6900,974293.1910,4.8800,11.0800,0.3637,0.8414,1.0700,9.0592,8.7611,1.4076,0.2819,0.2552,3000000.0000,2973170.3317,1285263.4748,27060000.0000,26817996.3919,2.3833,2.3833,0.2284,0.2284,2.2843,4.0693
2018-03-12,9.0600,9.0800,8.9800,9.0300,0.0100,0.1100,1334283.8800,1203043.7000,4.8900,11.0900,0.4488,1.0381,1.2800,9.0693,8.7708,1.4092,0.2823,0.2555,3000000.0000,2973170.3317,1285263.4748,27090000.0000,26847728.0953,2.3806,2.3806,0.2282,0.2282,2.2818,4.0648
2018-03-13,9.0300,9.0300,8.9100,8.9400,-0.0900,-1.0000,1532496.6800,1372436.5110,4.8400,10.9800,0.5154,1.1924,1.3300,8.9789,8.6834,1.3951,0.2794,0.2529,3000000.0000,2973170.3317,1285263.4748,26820000.0000,26580142.7654,2.4046,2.4046,0.2289,0.2289,2.2894,4.0783
2018-03-14,8.9200,8.9400,8.8500,8.8900,-0.0500,-0.5600,938945.1400,833960.9040,4.8100,10.9200,0.3158,0.7305,0.7700,8.9287,8.6348,1.3873,0.2779,0.2515,3000000.0000,2973170.3317,1285263.4748,26670000.0000,26431484.2488,2.4181,2.4181,0.2318,0.2318,2.3176,4.1286
2018-03-15,8.8500,8.9200,8.8400,8.9000,0.0100,0.1100,652839.4300,580155.0190,4.8200,10.9300,0.2196,0.5079,0.5500,8.9387,8.6445,1.3889,0.2782,0.2518,3000000.0000,2973170.3317,1285263.4748,26700000.0000,26461215.9521,2.4154,2.4154,0.2336,0.2336,2.3359,4.1612
2018-03-16,8.9000,8.9500,8.8500,8.8600,-0.0400,-0.4500,662963.6300,589901.5550,4.7900,10.8800,0.2230,0.5158,0.6000,8.8985,8.6057,1.3827,0.2769,0.2506,3000000.0000,2973170.3317,1285263.4748,26580000.0000,26342289.1389,2.4263,2.4263,0.2323,0.2323,2.3228,4.1379
2018-03-19,8.8600,8.8800,8.8000,8.8400,-0.0200,-0.2300,744686.9400,658619.3150,4.7800,10.8600,0.2505,0.5794,0.7300,8.8784,8.5862,1.3795,0.2763,0.2501,3000000.0000,2973170.3317,1285263.4748,26520000.0000,26282825.7322,2.4318,2.4318,0.2333,0.2333,2.3333,4.1565
2018-03-20,8.8700,8.9500,8.8500,8.9000,0.0600,0.6800,852420.7300,759183.6640,4.8200,10.9300,0.2867,0.6632,0.9400,8.9387,8.6445,1.3889,0.2782,0.2518,3000000.0000,2973170.3317,1285263.4748,26700000.0000,26461215.9521,2.4154,2.4154,0.2331,0.2331,2.3307,4.1519
2018-03-21,8.9200,8.9800,8.8700,8.9100,0.0100,0.1100,876661.2800,782215.7230,4.8200,10.9400,0.2949,0.6821,1.1400,8.9487,8.6542,1.3905,0.2785,0.2521,3000000.0000,2973170.3317,1285263.4748,26730000.0000,26490947.6554,2.4127,2.4127,0.2318,0.2318,2.3176,4.1286
2018-03-22,8.9000,8.9200,8.7800,8.9000,-0.0100,-0.1100,1022335.2600,905641.6950,4.8200,10.9300,0.3439,0.7954,1.3500,8.9387,8.6445,1.3889,0.2782,0.2518,3000000.0000,2973170.3317,1285263.4748,26700000.0000,26461215.9521,2.4154,2.4154,0.2323,0.2323,2.3228,4.1379
2018-03-23,8.7300,8.9000,8.6100,8.8800,-0.0200,-0.2200,3151152.3300,2763952.2330,4.8100,10.9000,1.0599,2.4518,3.7900,8.9186,8.6251,1.3858,0.2776,0.2512,3000000.0000,2973170.3317,1285263.4748,26640000.0000,26401752.5455,2.4208,2.4208,0.2368,0.2368,2.3681,4.2184
2018-03-26,8.8200,8.8300,8.6800,8.7300,-0.1500,-1.6900,888611.0000,776443.1020,4.7200,10.7200,0.2989,0.6914,0.6700,8.7680,8.4794,1.3624,0.2729,0.2470,3000000.0000,2973170.3317,1285263.4748,26190000.0000,25955776.9957,2.4624,2.4624,0.2344,0.2344,2.3439,4.1754
2018-03-27,8.8200,8.8400,8.7100,8.7600,0.0300,0.3400,715072.5200,626837.2410,4.7400,10.7600,0.2405,0.5564,0.5300,8.7981,8.5085,1.3670,0.2738,0.2478,3000000.0000,2973170.3317,1285263.4748,26280000.0000,26044972.1057,2.4540,2.4540,0.2344,0.2344,2.3439,4.1754
2018-03-28,8.6900,8.7800,8.5900,8.6600,-0.1000,-1.1400,984350.5500,852950.4210,4.6900,10.6300,0.3311,0.7659,0.7400,8.6977,8.4114,1.3514,0.2707,0.2450,3000000.0000,2973170.3317,1285263.4748,25980000.0000,25747655.0725,2.4823,2.4823,0.2379,0.2379,2.3790,4.2379
2018-03-29,8.7000,8.8100,8.5900,8.7700,0.1100,1.2700,1150004.5500,1001009.6360,4.7500,10.7700,0.3868,0.8948,0.8500,8.8081,8.5182,1.3686,0.2741,0.2481,3000000.0000,2973170.3317,1285263.4748,26310000.0000,26074703.8090,2.4512,2.4512,0.2376,0.2376,2.3762,4.2330
2018-03-30,8.7600,8.7700,8.6600,8.6600,-0.1100,-1.2500,893459.5700,776261.8560,4.6900,10.6300,0.3005,0.6952,0.6500,8.6977,8.4114,1.3514,0.2707,0.2450,3000000.0000,2973170.3317,1285263.4748,25980000.0000,25747655.0725,2.4823,2.4823,0.2360,0.2360,2.3599,4.2040
2018-04-02,8.6700,8.7400,8.6300,8.6400,-0.0200,-0.2300,706420.8900,613402.0740,4.6800,10.6100,0.2376,0.5496,0.7600,8.6776,8.3920,1.3483,0.2701,0.2444,3000000.0000,2973170.3317,1285263.4748,25920000.0000,25688191.6659,2.4881,2.4881,0.2384,0.2384,2.3844,4.2476
2018-04-03,8.6500,8.6500,8.5700,8.5800,-0.0600,-0.6900,720868.1000,619814.2300,4.6400,10.5400,0.2425,0.5609,0.8100,8.6173,8.3337,1.3390,0.2682,0.2427,3000000.0000,2973170.3317,1285263.4748,25740000.0000,25509801.4460,2.5055,2.5055,0.2390,0.2390,2.3900,4.2574
2018-04-04,8.5900,8.6300,8.5000,8.5100,-0.0700,-0.8200,628940.0100,538629.8360,4.6100,10.4500,0.2115,0.4893,0.7100,8.5470,8.2657,1.3280,0.2660,0.2407,3000000.0000,2973170.3317,1285263.4748,25530000.0000,25301679.5228,2.5261,2.5261,0.2407,0.2407,2.4066,4.2872
2018-04-09,8.5000,8.5400,8.4500,8.4700,-0.0400,-0.4700,594723.5800,504747.1300,4.5800,10.4000,0.2000,0.4627,0.7300,8.5068,8.2269,1.3218,0.2648,0.2396,3000000.0000,2973170.3317,1285263.4748,25410000.0000,25182752.7095,2.5380,2.5380,0.2432,0.2432,2.4321,4.3326
2018-04-10,8.5100,8.6600,8.4500,8.6500,0.1800,2.1300,882296.9500,756554.5570,4.6800,10.6200,0.2968,0.6865,1.2400,8.6876,8.4017,1.3499,0.2704,0.2447,3000000.0000,2973170.3317,1285263.4748,25950000.0000,25717923.3692,2.4852,2.4852,0.2429,0.2429,2.4293,4.3275
2018-04-11,8.6800,8.7400,8.6000,8.7000,0.0500,0.5800,888649.8900,770847.5030,4.7100,10.6800,0.2989,0.6914,1.2600,8.7378,8.4503,1.3577,0.2719,0.2461,3000000.0000,2973170.3317,1285263.4748,26100000.0000,25866581.8858,2.4709,2.4709,0.2382,0.2382,2.3817,4.2427
2018-04-12,8.7600,8.7800,8.5800,8.5900,-0.1100,-1.2600,1062079.1000,922183.3100,4.6500,10.5500,0.3572,0.8264,1.4300,7.8229,7.8229,1.2899,0.2445,0.2445,3000000.0000,2973170.3317,1285263.4748,25770000.0000,25539533.1493,2.5026,2.5026,0.2360,0.2360,2.3599,4.2040
2018-04-13,8.6400,8.6600,8.5700,8.5700,-0.0200,-0.2300,468746.7000,403372.5490,4.6400,10.5200,0.1577,0.3647,0.5800,7.8047,7.8047,1.2869,0.2439,0.2439,3000000.0000,2973170.3317,1285263.4748,25710000.0000,25480069.7427,2.5084,2.5084,0.2393,0.2393,2.3927,4.2624
2018-04-16,8.5600,8.6000,8.4300,8.4700,-0.1000,-1.1700,825689.2600,701597.3270,4.5800,10.4000,0.2777,0.6424,1.0600,7.7136,7.7136,1.2719,0.2411,0.2411,3000000.0000,2973170.3317,1285263.4748,25410000.0000,25182752.7095,2.5380,2.5380,0.2415,0.2415,2.4151,4.3022
2018-04-17,8.4800,8.5100,8.2100,8.2200,-0.2500,-2.9500,914632.5600,766614.8480,4.4500,10.0900,0.3076,0.7116,1.1100,7.4859,7.4859,1.2344,0.2339,0.2339,3000000.0000,2973170.3317,1285263.4748,24660000.0000,24439460.1266,2.6152,2.6152,0.2438,0.2438,2.4379,4.3428
2018-04-18,8.3000,8.3100,8.0500,8.1100,-0.1100,-1.3400,1204088.6500,981363.1460,4.3900,9.9600,0.4050,0.9368,1.4500,7.3858,7.3858,1.2178,0.2308,0.2308,3000000.0000,2973170.3317,1285263.4748,24330000.0000,24112411.3901,2.6507,2.6507,0.2491,0.2491,2.4907,4.4370
2018-04-19,8.1200,8.2500,8.1200,8.2000,0.0900,1.1100,712462.4500,584305.5270,4.4400,10.0700,0.2396,0.5543,0.8000,7.4677,7.4677,1.2314,0.2334,0.2334,3000000.0000,2973170.3317,1285263.4748,24600000.0000,24379996.7199,2.6216,2.6216,0.2546,0.2546,2.5459,4.5353
2018-04-20,8.2100,8.2100,8.0200,8.1900,-0.0100,-0.1200,1066014.6200,866686.4880,4.4300,10.0600,0.3585,0.8294,1.2900,7.4586,7.4586,1.2299,0.2331,0.2331,3000000.0000,2973170.3317,1285263.4748,24570000.0000,24350265.0166,2.6248,2.6248,0.2518,0.2518,2.5180,4.4856
2018-04-23,8.1500,8.2300,8.1300,8.2100,0.0200,0.2400,528067.6000,432927.2300,4.4400,10.0800,0.1776,0.4109,0.5600,7.4768,7.4768,1.2329,0.2337,0.2337,3000000.0000,2973170.3317,1285263.4748,24630000.0000,24409728.4233,2.6184,2.6184,0.2537,0.2537,2.5366,4.5186
2018-04-24,8.1900,8.4300,8.1900,8.3900,0.1800,2.1900,891773.5500,745413.6200,4.5400,10.3000,0.2999,0.6938,1.0100,7.6407,7.6407,1.2599,0.2388,0.2388,3000000.0000,2973170.3317,1285263.4748,25170000.0000,24944899.0830,2.5622,2.5622,0.2524,0.2524,2.5242,4.4966
2018-04-25,8.3200,8.4100,8.3000,8.3900,0.0000,0.0000,436184.6500,364882.3580,4.5400,10.3000,0.1467,0.3394,0.5000,7.6407,7.6407,1.2599,0.2388,0.2388,3000000.0000,2973170.3317,1285263.4748,25170000.0000,24944899.0830,2.5622,2.5622,0.2485,0.2485,2.4847,4.4263
2018-04-26,8.4300,8.4500,8.2000,8.3600,-0.0300,-0.3600,776657.8400,645586.4090,4.5200,10.2700,0.2612,0.6043,1.0700,7.6134,7.6134,1.2554,0.2379,0.2379,3000000.0000,2973170.3317,1285263.4748,25080000.0000,24855703.9730,2.5714,2.5714,0.2452,0.2452,2.4523,4.3686
2018-04-27,8.3600,8.4200,8.2700,8.3900,0.0300,0.3600,641883.5300,536798.7480,4.5400,10.3000,0.2159,0.4994,0.8700,7.6407,7.6407,1.2599,0.2388,0.2388,3000000.0000,2973170.3317,1285263.4748,25170000.0000,24944899.0830,2.5622,2.5622,0.2473,0.2473,2.4729,4.4051
2018-05-02,8.4800,8.5500,8.3400,8.3900,0.0000,0.0000,938155.9900,791729.9750,4.5400,10.3000,0.3155,0.7299,1.4300,7.6407,7.4023,1.1811,0.2388,0.2310,3000000.0000,2973170.3317,1285263.4748,25170000.0000,24944899.0830,2.5622,2.5622,0.2438,0.2438,2.4379,4.3428
2018-05-03,8.3800,8.3800,8.2300,8.3100,-0.0800,-0.9500,1015817.1700,842846.6080,4.5000,10.2000,0.3417,0.7904,1.3800,7.5679,7.3317,1.1699,0.2365,0.2288,3000000.0000,2973170.3317,1285263.4748,24930000.0000,24707045.4564,2.5869,2.5869,0.2467,0.2467,2.4670,4.3946
2018-05-04,8.3100,8.3300,8.2700,8.2800,-0.0300,-0.3600,407419.8600,338013.9350,4.4800,10.1700,0.1370,0.3170,0.5300,7.5406,7.3053,1.1656,0.2356,0.2280,3000000.0000,2973170.3317,1285263.4748,24840000.0000,24617850.3465,2.5963,2.5963,0.2488,0.2488,2.4877,4.4316
2018-05-07,8.3100,8.3900,8.2500,8.3700,0.0900,1.0900,656453.6300,547135.5120,4.5300,10.2800,0.2208,0.5108,0.8700,7.6225,7.3847,1.1783,0.2382,0.2305,3000000.0000,2973170.3317,1285263.4748,25110000.0000,24885435.6763,2.5683,2.5683,0.2488,0.2488,2.4877,4.4316
2018-05-08,8.3700,8.5600,8.3400,8.4900,0.1200,1.4300,1025569.6500,868917.6640,4.5900,10.4300,0.3449,0.7979,1.4000,7.7318,7.4905,1.1952,0.2416,0.2338,3000000.0000,2973170.3317,1285263.4748,25470000.0000,25242216.1161,2.5320,2.5320,0.2470,0.2470,2.4699,4.3999
2018-05-09,8.4800,8.5000,8.4400,8.4800,-0.0100,-0.1200,408427.2700,345988.2890,4.5900,10.4100,0.1374,0.3178,0.5100,7.7227,7.4817,1.1938,0.2413,0.2335,3000000.0000,2973170.3317,1285263.4748,25440000.0000,25212484.4128,2.5350,2.5350,0.2438,0.2438,2.4379,4.3428
2018-05-10,8.5000,8.5500,8.4300,8.4700,-0.0100,-0.1200,514820.1700,436604.1430,4.5800,10.4000,0.1732,0.4006,0.7300,7.7136,7.4729,1.1924,0.2411,0.2332,3000000.0000,2973170.3317,1285263.4748,25410000.0000,25182752.7095,2.5380,2.5380,0.2432,0.2432,2.4321,4.3326
2018-05-11,8.5200,8.6100,8.4700,8.5300,0.0600,0.7100,707437.4800,605223.4390,4.6200,10.4700,0.2379,0.5504,1.1700,7.7682,7.5258,1.2008,0.2428,0.2349,3000000.0000,2973170.3317,1285263.4748,25590000.0000,25361142.9294,2.5202,2.5202,0.2426,0.2426,2.4264,4.3224
2018-05-14,8.5600,8.5900,8.4900,8.5600,0.0300,0.3500,721844.8100,615917.5750,4.6300,10.5100,0.2428,0.5616,1.0900,7.7956,7.5523,1.2050,0.2436,0.2357,3000000.0000,2973170.3317,1285263.4748,25680000.0000,25450338.0394,2.5113,2.5113,0.2415,0.2415,2.4151,4.3022
2018-05-15,8.5700,8.5900,8.4800,8.5300,-0.0300,-0.3500,472658.7900,402549.0040,4.6200,10.4700,0.1590,0.3678,0.7000,7.7682,7.5258,1.2008,0.2428,0.2349,3000000.0000,2973170.3317,1285263.4748,25590000.0000,25361142.9294,2.5202,2.5202,0.2412,0.2412,2.4123,4.2972
2018-05-16,8.5000,8.5000,8.3900,8.3900,-0.1400,-1.6400,629124.7500,530654.4970,4.5400,10.3000,0.2116,0.4895,1.1100,7.6407,7.4023,1.1811,0.2388,0.2310,3000000.0000,2973170.3317,1285263.4748,25170000.0000,24944899.0830,2.5622,2.5622,0.2432,0.2432,2.4321,4.3326
2018-05-17,8.3900,8.4400,8.3800,8.4000,0.0100,0.1200,316169.0200,265808.2190,4.5500,10.3200,0.1063,0.2460,0.5200,7.6499,7.4111,1.1825,0.2391,0.2313,3000000.0000,2973170.3317,1285263.4748,25200000.0000,24974630.7863,2.5592,2.5592,0.2464,0.2464,2.4640,4.3894
2018-05-18,8.3900,8.5000,8.3800,8.4900,0.0900,1.0700,435792.4000,367984.1580,4.5900,10.4300,0.1466,0.3391,0.7700,7.7318,7.4905,1.1952,0.2416,0.2338,3000000.0000,2973170.3317,1285263.4748,25470000.0000,25242216.1161,2.5320,2.5320,0.2464,0.2464,2.4640,4.3894
2018-05-21,8.5300,8.5600,8.5100,8.5400,0.0500,0.5900,535678.6400,457387.3210,4.6200,10.4900,0.1802,0.4168,1.0400,7.7774,7.5346,1.2022,0.2430,0.2352,3000000.0000,2973170.3317,1285263.4748,25620000.0000,25390874.6327,2.5172,2.5172,0.2424,0.2424,2.4236,4.3173
2018-05-22,8.5500,8.5600,8.4500,8.4800,-0.0600,-0.7000,376109.8100,319018.6310,4.5900,10.4100,0.1265,0.2926,0.7900,7.7227,7.4817,1.1938,0.2413,0.2335,3000000.0000,2973170.3317,1285263.4748,25440000.0000,25212484.4128,2.5350,2.5350,0.2418,0.2418,2.4179,4.3072
2018-05-23,8.4700,8.4800,8.3500,8.3500,-0.1300,-1.5300,488449.2400,410965.1560,4.5200,10.2500,0.1643,0.3800,1.0700,7.6043,7.3670,1.1755,0.2376,0.2299,3000000.0000,2973170.3317,1285263.4748,25050000.0000,24825972.2697,2.5745,2.5745,0.2441,0.2441,2.4407,4.3479
2018-05-24,8.3500,8.3700,8.2900,8.2900,-0.0600,-0.7200,361205.8900,300684.9940,4.4900,10.1800,0.1215,0.2810,0.8400,7.5497,7.3141,1.1670,0.2359,0.2283,3000000.0000,2973170.3317,1285263.4748,24870000.0000,24647582.0498,2.5931,2.5931,0.2476,0.2476,2.4758,4.4104
2018-05-25,8.2800,8.3200,8.1800,8.3100,0.0200,0.2400,694321.0400,572680.0590,4.5000,10.2000,0.2335,0.5402,1.5800,7.5679,7.3317,1.1699,0.2365,0.2288,3000000.0000,2973170.3317,1285263.4748,24930000.0000,24707045.4564,2.5869,2.5869,0.2497,0.2497,2.4967,4.4477
2018-05-28,8.2900,8.3600,8.2500,8.2700,-0.0400,-0.4800,340646.8200,282695.1940,4.4800,10.1600,0.1146,0.2650,0.6900,7.5315,7.2964,1.1642,0.2354,0.2277,3000000.0000,2973170.3317,1285263.4748,24810000.0000,24588118.6432,2.5994,2.5994,0.2494,0.2494,2.4937,4.4423
2018-05-29,8.2700,8.3200,8.1700,8.3100,0.0400,0.4800,556864.4500,459586.9290,4.5000,10.2000,0.1873,0.4333,1.2300,7.5679,7.3317,1.1699,0.2365,0.2288,3000000.0000,2973170.3317,1285263.4748,24930000.0000,24707045.4564,2.5869,2.5869,0.2500,0.2500,2.4998,4.4531
2018-05-30,8.2000,8.2600,8.1200,8.1300,-0.1800,-2.1700,599936.1600,491186.3440,4.4000,9.9800,0.2018,0.4668,1.2300,7.4040,7.1729,1.1445,0.2314,0.2239,3000000.0000,2973170.3317,1285263.4748,24390000.0000,24171874.7967,2.6442,2.6442,0.2521,0.2521,2.5211,4.4911
2018-05-31,8.2100,8.2800,8.1700,8.2300,0.1000,1.2300,752348.9300,618540.8360,4.4500,10.1100,0.2530,0.5854,1.4700,7.4950,7.2611,1.1586,0.2342,0.2266,3000000.0000,2973170.3317,1285263.4748,24690000.0000,24469191.8299,2.6120,2.6120,0.2518,0.2518,2.5180,4.4856
2018-06-01,8.2100,8.2800,8.1700,8.1800,-0.0500,-0.6100,451438.2800,370962.8750,4.4300,10.0500,0.1518,0.3512,0.7700,7.4495,7.2170,1.1515,0.2328,0.2253,3000000.0000,2973170.3317,1285263.4748,24540000.0000,24320533.3133,2.6280,2.6280,0.2518,0.2518,2.5180,4.4856
2018-06-04,8.1900,8.3500,8.1900,8.3100,0.1300,1.5900,641559.9200,531540.7350,4.5000,10.2000,0.2158,0.4992,1.1900,7.5679,7.3317,1.1699,0.2365,0.2288,3000000.0000,2973170.3317,1285263.4748,24930000.0000,24707045.4564,2.5869,2.5869,0.2524,0.2524,2.5242,4.4966
2018-06-05,8.3100,8.3300,8.2300,8.3000,-0.0100,-0.1200,517805.7200,428754.3590,4.4900,10.1900,0.1742,0.4029,0.8600,7.5588,7.3229,1.1684,0.2362,0.2286,3000000.0000,2973170.3317,1285263.4748,24900000.0000,24677313.7531,2.5900,2.5900,0.2488,0.2488,2.4877,4.4316
2018-06-06,8.2800,8.3200,8.2600,8.2800,-0.0200,-0.2400,362537.5700,300431.2850,4.4800,10.1700,0.1219,0.2821,0.6100,7.5406,7.3053,1.1656,0.2356,0.2280,3000000.0000,2973170.3317,1285263.4748,24840000.0000,24617850.3465,2.5963,2.5963,0.2497,0.2497,2.4967,4.4477
2018-06-07,8.3000,8.3500,8.2600,8.2700,-0.0100,-0.1200,488657.5000,405757.0130,4.4800,10.1600,0.1644,0.3802,0.9000,7.5315,7.2964,1.1642,0.2354,0.2277,3000000.0000,2973170.3317,1285263.4748,24810000.0000,24588118.6432,2.5994,2.5994,0.2491,0.2491,2.4907,4.4370
2018-06-08,8.2600,8.2600,8.1100,8.1300,-0.1400,-1.6900,769371.6400,627727.6700,4.4000,9.9800,0.2588,0.5986,1.5600,7.4040,7.1729,1.1445,0.2314,0.2239,3000000.0000,2973170.3317,1285263.4748,24390000.0000,24171874.7967,2.6442,2.6442,0.2503,0.2503,2.5028,4.4585
2018-06-11,8.0900,8.1700,8.0600,8.1400,0.0100,0.1200,410822.5700,333779.4130,4.4100,10.0000,0.1382,0.3196,0.7400,7.4131,7.1817,1.1459,0.2317,0.2242,3000000.0000,2973170.3317,1285263.4748,24420000.0000,24201606.5000,2.6409,2.6409,0.2555,0.2555,2.5554,4.5522
2018-06-12,8.1500,8.1700,8.0900,8.1600,0.0200,0.2500,443921.7100,361209.5500,4.4200,10.0200,0.1493,0.3454,0.8700,7.4313,7.1994,1.1487,0.2322,0.2247,3000000.0000,2973170.3317,1285263.4748,24480000.0000,24261069.9067,2.6344,2.6344,0.2537,0.2537,2.5366,4.5186
2018-06-13,8.1500,8.1600,8.0800,8.1500,-0.0100,-0.1200,516107.4200,419125.7140,4.4100,10.0100,0.1736,0.4016,1.0400,7.4222,7.1906,1.1473,0.2319,0.2244,3000000.0000,2973170.3317,1285263.4748,24450000.0000,24231338.2034,2.6377,2.6377,0.2537,0.2537,2.5366,4.5186
2018-06-14,8.1300,8.1600,8.1000,8.1300,-0.0200,-0.2500,460053.9400,374184.4020,4.4000,9.9800,0.1547,0.3579,0.8700,7.4040,7.1729,1.1445,0.2314,0.2239,3000000.0000,2973170.3317,1285263.4748,24390000.0000,24171874.7967,2.6442,2.6442,0.2543,0.2543,2.5428,4.5298
2018-06-15,8.1200,8.3700,8.1200,8.2700,0.1400,1.7200,1066590.6300,881737.1660,4.4800,10.1600,0.3587,0.8299,2.0500,7.5315,7.2964,1.1642,0.2354,0.2277,3000000.0000,2973170.3317,1285263.4748,24810000.0000,24588118.6432,2.5994,2.5994,0.2546,0.2546,2.5459,4.5353
2018-06-19,8.2000,8.4000,8.1800,8.3500,0.0800,0.9700,2843067.3800,2357988.3230,4.5200,10.2500,0.9562,2.2121,4.9100,7.6016,7.3644,1.0980,0.2376,0.2299,2998941.0325,2973170.3317,1285263.4748,25041157.6214,24825972.2697,2.5754,,0.2521,0.2521,2.5211,4.4911
2018-06-20,8.2800,8.3500,8.2300,8.3300,-0.0200,-0.2400,788925.4400,654368.8830,4.5100,10.2300,0.2653,0.6138,0.7400,7.5834,7.3468,1.0954,0.2370,0.2293,2998941.0325,2973170.3317,1285263.4748,24981178.8007,24766508.8631,2.5816,,0.2497,0.2497,2.4967,4.4477
2018-06-21,8.3100,8.4200,8.2500,8.2600,-0.0700,-0.8400,844161.2300,704919.3350,4.4700,10.1400,0.2839,0.6568,0.7400,7.5197,7.2850,1.0862,0.2350,0.2274,2998941.0325,2973170.3317,1285263.4748,24771252.9285,24558386.9398,2.6035,,0.2488,0.2488,2.4877,4.4316
2018-06-22,8.1700,8.1900,8.0500,8.1200,-0.1400,-1.6900,880957.9500,714321.7800,4.3900,9.9700,0.2963,0.6854,0.7300,7.3922,7.1616,1.0678,0.2310,0.2235,2998941.0325,2973170.3317,1285263.4748,24351401.1839,24142143.0934,2.6483,,0.2530,0.2530,2.5304,4.5076
2018-06-25,8.2000,8.2200,8.0200,8.0300,-0.0900,-1.1100,592942.8500,480947.2980,4.3500,9.8600,0.1994,0.4613,0.4600,7.3103,7.0822,1.0560,0.2285,0.2210,2998941.0325,2973170.3317,1285263.4748,24081496.4910,23874557.7636,2.6780,,0.2521,0.2521,2.5211,4.4911
2018-06-26,7.9700,7.9900,7.7200,7.8100,-0.2200,-2.7400,977123.1300,765773.6550,4.2300,9.5900,0.3286,0.7603,0.8200,7.1100,6.8882,1.0270,0.2222,0.2150,2998941.0325,2973170.3317,1285263.4748,23421729.4638,23220460.2906,2.7535,,0.2594,0.2594,2.5939,4.6207
2018-06-27,7.8000,7.8500,7.6800,7.8100,0.0000,0.0000,744537.8000,578682.3730,4.2300,9.5900,0.2504,0.5793,0.9100,7.1100,6.8882,1.0270,0.2222,0.2150,2998941.0325,2973170.3317,1285263.4748,23421729.4638,23220460.2906,2.7535,,0.2650,0.2650,2.6504,4.7214
2018-06-28,7.7300,7.8200,7.7000,7.7300,-0.0800,-1.0200,582840.7000,451957.6370,4.1800,9.4900,0.1960,0.4535,0.7200,7.0372,6.8176,1.0165,0.2199,0.2128,2998941.0325,2973170.3317,1285263.4748,23181814.1812,22982606.6640,2.7820,,0.2674,0.2674,2.6744,4.7642
2018-06-29,5.4000,5.4900,5.3700,5.4600,-2.2700,-29.3700,525167.4400,285604.7100,4.2500,9.6500,0.1766,0.4086,0.6900,6.9589,6.7417,1.0344,0.2175,0.2104,4198517.4455,2973170.3317,1285263.4748,22923905.2524,16233510.0111,2.8133,2.8127,0.3828,0.3828,3.8283,6.8198
2018-07-02,5.4300,5.4300,5.1600,5.1700,-0.2900,-5.3100,1186877.5700,626525.8500,4.0300,9.1400,0.2851,0.6596,1.7300,6.5893,6.3837,0.9795,0.2059,0.1992,4198517.4455,4162438.4644,1799368.8647,21706335.1932,21519806.8609,2.9711,2.9704,0.3807,0.3807,3.8072,6.7821
2018-07-03,5.1700,5.2000,4.9300,5.0900,-0.0800,-1.5500,1358908.3100,686191.9470,3.9700,9.0000,0.3265,0.7552,1.6900,6.4873,6.2849,0.9643,0.2027,0.1962,4198517.4455,4162438.4644,1799368.8647,21370453.7976,21186811.7838,3.0178,3.0171,0.3999,0.3999,3.9987,7.1232
2018-07-04,5.0100,5.0800,4.9900,5.0100,-0.0800,-1.5700,844468.8800,424687.3520,3.9000,8.8600,0.2029,0.4693,0.9600,6.3854,6.1861,0.9492,0.1995,0.1931,4198517.4455,4162438.4644,1799368.8647,21034572.4020,20853816.7066,3.0660,3.0653,0.4126,0.4126,4.1264,7.3507
2018-07-05,5.0100,5.0900,4.9600,5.0900,0.0800,1.6000,952866.4300,479396.9500,3.9700,9.0000,0.2289,0.5296,1.0600,6.4873,6.2849,0.9643,0.2027,0.1962,4198517.4455,4162438.4644,1799368.8647,21370453.7976,21186811.7838,3.0178,3.0171,0.4126,0.4126,4.1264,7.3507
2018-07-06,5.0600,5.1200,5.0100,5.0700,-0.0200,-0.3900,629324.0100,318890.9470,3.9500,8.9600,0.1512,0.3497,0.6500,6.4618,6.2602,0.9606,0.2019,0.1954,4198517.4455,4162438.4644,1799368.8647,21286483.4487,21103563.0145,3.0297,3.0290,0.4086,0.4086,4.0856,7.2780
2018-07-09,5.0800,5.1600,5.0800,5.1500,0.0800,1.5800,711721.6000,365186.2830,4.0100,9.1100,0.1710,0.3955,0.7200,6.5638,6.3590,0.9757,0.2051,0.1985,4198517.4455,4162438.4644,1799368.8647,21622364.8443,21436558.0917,2.9826,2.9820,0.4070,0.4070,4.0695,7.2494
2018-07-10,5.1600,5.1900,5.1300,5.1500,0.0000,0.0000,514944.9800,265257.8230,4.0100,9.1100,0.1237,0.2862,0.5700,6.5638,6.3590,0.9757,0.2051,0.1985,4198517.4455,4162438.4644,1799368.8647,21622364.8443,21436558.0917,2.9826,2.9820,0.4006,0.4006,4.0064,7.1370
2018-07-11,5.0800,5.0900,5.0100,5.0300,-0.1200,-2.3300,466532.2600,235443.9250,3.9200,8.8900,0.1121,0.2593,0.6400,6.4109,6.2108,0.9530,0.2003,0.1938,4198517.4455,4162438.4644,1799368.8647,21118542.7509,20937065.4759,3.0538,3.0531,0.4070,0.4070,4.0695,7.2494
2018-07-12,4.9800,5.1900,4.9800,5.1600,0.1300,2.5800,776198.6200,397166.4380,4.0200,9.1200,0.1865,0.4314,1.1800,6.5766,6.3713,0.9776,0.2055,0.1989,4198517.4455,4162438.4644,1799368.8647,21664350.0188,21478182.4763,2.9768,2.9762,0.4151,0.4151,4.1512,7.3950
2018-07-13,5.1500,5.1900,5.1300,5.1300,-0.0300,-0.5800,614581.3100,316665.9680,4.0000,9.0700,0.1476,0.3416,0.9900,6.5383,6.3343,0.9719,0.2043,0.1977,4198517.4455,4162438.4644,1799368.8647,21538394.4954,21353309.3224,2.9942,2.9936,0.4014,0.4014,4.0142,7.1509
2018-07-16,5.1200,5.1400,5.0600,5.0900,-0.0400,-0.7800,414656.9200,210755.0940,3.9700,9.0000,0.0996,0.2304,0.6700,6.4873,6.2849,0.9643,0.2027,0.1962,4198517.4455,4162438.4644,1799368.8647,21370453.7976,21186811.7838,3.0178,3.0171,0.4038,0.4038,4.0377,7.1928
2018-07-17,5.0700,5.0900,5.0200,5.0600,-0.0300,-0.5900,366907.6000,185210.6640,3.9400,8.9500,0.0881,0.2039,0.6600,6.4491,6.2478,0.9587,0.2015,0.1950,4198517.4455,4162438.4644,1799368.8647,21244498.2742,21061938.6299,3.0357,3.0350,0.4078,0.4078,4.0775,7.2637
2018-07-18,5.0800,5.1000,5.0200,5.0200,-0.0400,-0.7900,390424.0800,197307.1430,3.9100,8.8800,0.0938,0.2170,0.7400,6.3981,6.1985,0.9511,0.1999,0.1935,4198517.4455,4162438.4644,1799368.8647,21076557.5764,20895441.0913,3.0598,3.0592,0.4070,0.4070,4.0695,7.2494
2018-07-19,5.0500,5.1700,5.0400,5.1000,0.0800,1.5900,856743.0300,438658.9130,3.9700,9.0200,0.2058,0.4761,1.6700,6.5001,6.2972,0.9662,0.2031,0.1965,4198517.4455,4162438.4644,1799368.8647,21412438.9721,21228436.1684,3.0118,3.0112,0.4094,0.4094,4.0937,7.2925
2018-07-20,5.1000,5.2300,5.0500,5.1900,0.0900,1.7600,1070038.8600,551097.4170,4.0400,9.1800,0.2571,0.5947,2.0200,6.6148,6.4084,0.9833,0.2067,0.2000,4198517.4455,4162438.4644,1799368.8647,21790305.5421,21603055.6302,2.9596,2.9590,0.4054,0.4054,4.0535,7.2210
2018-07-23,5.1500,5.6500,5.1500,5.5600,0.3700,7.1300,3051022.6200,1658986.6700,4.3300,9.8300,0.7330,1.6956,4.9200,7.0864,6.8652,1.0534,0.2215,0.2143,4198517.4455,4162438.4644,1799368.8647,23343756.9970,23143157.8621,2.7627,2.7621,0.4014,0.4014,4.0142,7.1509
2018-07-24,5.7200,5.9700,5.7200,5.9400,0.3800,6.8300,4537826.3100,2671895.2660,4.6300,10.5000,1.0902,2.5219,3.9600,7.5707,7.3344,1.1254,0.2366,0.2289,4198517.4455,4162438.4644,1799368.8647,24939193.6263,24724884.4785,2.5859,2.5854,0.3614,0.3614,3.6142,6.4383
2018-07-25,5.9000,5.9000,5.7800,5.8400,-0.1000,-1.6800,1908350.3100,1113257.9200,4.5500,10.3300,0.4585,1.0606,0.9600,7.4432,7.2110,1.1064,0.2326,0.2251,4198517.4455,4162438.4644,1799368.8647,24519341.8817,24308640.6321,2.6302,2.6296,0.3504,0.3504,3.5039,6.2419
2018-07-26,5.8700,5.8700,5.7100,5.7300,-0.1100,-1.8800,1387922.1700,798734.0400,4.4600,10.1300,0.3334,0.7713,0.6100,7.3030,7.0751,1.0856,0.2282,0.2208,4198517.4455,4162438.4644,1799368.8647,24057504.9627,23850772.4010,2.6807,2.6801,0.3522,0.3522,3.5218,6.2738
2018-07-27,5.7200,5.8500,5.7100,5.7400,0.0100,0.1700,977920.5500,565373.9650,4.4700,10.1500,0.2349,0.5435,0.4100,7.3158,7.0875,1.0875,0.2286,0.2212,4198517.4455,4162438.4644,1799368.8647,24099490.1372,23892396.7857,2.6760,2.6755,0.3614,0.3614,3.6142,6.4383
2018-07-30,5.7500,5.9500,5.7500,5.8500,0.1100,1.9200,1473029.2300,862346.6850,4.5600,10.3400,0.3539,0.8186,0.6200,7.4560,7.2233,1.1083,0.2330,0.2254,4198517.4455,4162438.4644,1799368.8647,24561327.0562,24350265.0167,2.6257,2.6252,0.3595,0.3595,3.5953,6.4047
2018-07-31,5.8000,5.8400,5.7000,5.8000,-0.0500,-0.8500,772128.5300,445043.7340,4.5200,10.2500,0.1855,0.4291,0.3800,7.3922,7.1616,1.0989,0.2310,0.2235,4198517.4455,4162438.4644,1799368.8647,24351401.1839,24142143.0935,2.6483,2.6478,0.3564,0.3564,3.5643,6.3495
2018-08-01,5.9200,6.0000,5.6700,5.6800,-0.1200,-2.0700,1663596.5000,974724.0930,4.4300,10.0400,0.3997,0.9245,1.2800,7.2393,7.0134,1.0761,0.2262,0.2189,4198517.4455,4162438.4644,1799368.8647,23847579.0904,23642650.4778,2.7043,2.7037,0.3492,0.3492,3.4921,6.2208
2018-08-02,5.6700,5.6700,5.3900,5.6000,-0.0800,-1.4100,1851973.4900,1025226.7650,4.3600,9.9000,0.4449,1.0292,1.4800,7.1373,6.9146,1.0610,0.2230,0.2158,4198517.4455,4162438.4644,1799368.8647,23511697.6948,23309655.4006,2.7429,2.7423,0.3646,0.3646,3.6460,6.4950
2018-08-03,5.5200,5.6000,5.4300,5.4400,-0.1600,-2.8600,864295.0200,475966.5350,4.2400,9.6200,0.2076,0.4803,0.6400,6.9334,6.7171,1.0307,0.2167,0.2096,4198517.4455,4162438.4644,1799368.8647,22839934.9035,22643665.2463,2.8236,2.8230,0.3745,0.3745,3.7451,6.6715
2018-08-06,5.4700,5.5900,5.4300,5.4800,0.0400,0.7400,1036063.3300,571981.1400,4.2700,9.6900,0.2489,0.5758,0.7800,6.9844,6.7664,1.0382,0.2183,0.2112,4198517.4455,4162438.4644,1799368.8647,23007875.6013,22810162.7849,2.8030,2.8024,0.3779,0.3779,3.7794,6.7325
2018-08-07,5.5000,5.8500,5.4800,5.8400,0.3600,6.5700,2299128.1500,1309894.6850,4.5500,10.3300,0.5524,1.2777,1.8600,7.4432,7.2110,1.1064,0.2326,0.2251,4198517.4455,4162438.4644,1799368.8647,24519341.8817,24308640.6321,2.6302,2.6296,0.3759,0.3759,3.7587,6.6958
2018-08-08,5.7900,5.8200,5.7200,5.7300,-0.1100,-1.8800,1298233.0200,748171.7090,4.4600,10.1300,0.3119,0.7215,0.8400,7.3030,7.0751,1.0856,0.2282,0.2208,4198517.4455,4162438.4644,1799368.8647,24057504.9627,23850772.4010,2.6807,2.6801,0.3570,0.3570,3.5705,6.3604
2018-08-09,5.7300,5.8200,5.7200,5.7800,0.0500,0.8700,1124048.6200,649789.4980,4.5000,10.2200,0.2700,0.6247,0.7600,7.3668,7.1369,1.0951,0.2302,0.2228,4198517.4455,4162438.4644,1799368.8647,24267430.8350,24058894.3242,2.6575,2.6569,0.3608,0.3608,3.6079,6.4270
2018-08-10,5.7800,5.9000,5.7500,5.8000,0.0200,0.3500,1138317.3700,662787.9980,4.5200,10.2500,0.2735,0.6326,0.8600,7.3922,7.1616,1.0989,0.2310,0.2235,4198517.4455,4162438.4644,1799368.8647,24351401.1839,24142143.0935,2.6483,2.6478,0.3577,0.3577,3.5767,6.3714
2018-08-13,5.7300,5.7800,5.6400,5.7500,-0.0500,-0.8600,889587.1100,506922.8240,4.4800,10.1700,0.2137,0.4944,0.6500,7.3285,7.0998,1.0894,0.2290,0.2216,4198517.4455,4162438.4644,1799368.8647,24141475.3116,23934021.1703,2.6714,2.6708,0.3608,0.3608,3.6079,6.4270
2018-08-14,5.7400,5.7500,5.6500,5.7000,-0.0500,-0.8700,664371.0400,377304.0420,4.4400,10.0800,0.1596,0.3692,0.4900,7.2648,7.0381,1.0799,0.2270,0.2197,4198517.4455,4162438.4644,1799368.8647,23931549.4394,23725899.2471,2.6948,2.6942,0.3602,0.3602,3.6016,6.4158
2018-08-15,5.7200,5.7900,5.6000,5.6000,-0.1000,-1.7500,990527.5600,563299.0660,4.3600,9.9000,0.2380,0.5505,0.9700,7.1373,6.9146,1.0610,0.2230,0.2158,4198517.4455,4162438.4644,1799368.8647,23511697.6948,23309655.4006,2.7429,2.7423,0.3614,0.3614,3.6142,6.4383
2018-08-16,5.5100,5.6300,5.4800,5.5400,-0.0600,-1.0700,784034.1600,435505.1120,4.3200,9.7900,0.1884,0.4357,0.8200,7.0609,6.8405,1.0496,0.2207,0.2135,4198517.4455,4162438.4644,1799368.8647,23259786.6481,23059909.0928,2.7726,2.7720,0.3752,0.3752,3.7519,6.6837
2018-08-17,5.6000,5.6300,5.3900,5.4000,-0.1400,-2.5300,797098.6700,437768.4640,4.2100,9.5500,0.1915,0.4430,0.8900,6.8824,6.6677,1.0231,0.2151,0.2081,4198517.4455,4162438.4644,1799368.8647,22671994.2057,22477167.7078,2.8445,2.8439,0.3692,0.3692,3.6916,6.5762
2018-08-20,5.4000,5.5400,5.3900,5.4800,0.0800,1.4800,867765.8900,472781.9860,4.2700,9.6900,0.2085,0.4823,1.0500,6.9844,6.7664,1.0382,0.2183,0.2112,4198517.4455,4162438.4644,1799368.8647,23007875.6013,22810162.7849,2.8030,2.8024,0.3828,0.3828,3.8283,6.8198
2018-08-21,5.4900,5.6100,5.4800,5.5300,0.0500,0.9100,1038152.1900,576956.9480,4.3100,9.7800,0.2494,0.5770,1.2600,7.0481,6.8282,1.0477,0.2203,0.2131,4198517.4455,4162438.4644,1799368.8647,23217801.4736,23018284.7081,2.7777,2.7771,0.3766,0.3766,3.7656,6.7080
2018-08-22,5.5000,5.5500,5.4200,5.4500,-0.0800,-1.4500,801413.8100,437103.7260,4.2500,9.6400,0.1925,0.4454,0.8900,6.9462,6.7294,1.0326,0.2171,0.2100,4198517.4455,4162438.4644,1799368.8647,22881920.0780,22685289.6310,2.8184,2.8178,0.3759,0.3759,3.7587,6.6958
2018-08-23,5.4600,5.4900,5.3600,5.4400,-0.0100,-0.1800,866124.8700,469500.1180,4.2400,9.6200,0.2081,0.4813,1.0100,6.9334,6.7171,1.0307,0.2167,0.2096,4198517.4455,4162438.4644,1799368.8647,22839934.9035,22643665.2463,2.8236,2.8230,0.3786,0.3786,3.7863,6.7449
2018-08-24,5.4200,5.4800,5.3700,5.4100,-0.0300,-0.5500,660654.5200,357900.0510,4.2200,9.5600,0.1587,0.3672,0.7600,6.8952,6.6800,1.0250,0.2155,0.2085,4198517.4455,4162438.4644,1799368.8647,22713979.3802,22518792.0924,2.8393,2.8387,0.3814,0.3814,3.8142,6.7946
2018-08-27,5.4400,5.5400,5.4200,5.5200,0.1100,2.0300,1023774.4600,561518.5080,4.3000,9.7600,0.2460,0.5690,1.2100,7.0354,6.8158,1.0458,0.2199,0.2127,4198517.4455,4162438.4644,1799368.8647,23175816.2992,22976660.3235,2.7827,2.7821,0.3800,0.3800,3.8002,6.7697
2018-08-28,5.5200,5.5700,5.5000,5.5400,0.0200,0.3600,850124.2300,469872.7240,4.3200,9.7900,0.2042,0.4725,0.9700,7.0609,6.8405,1.0496,0.2207,0.2135,4198517.4455,4162438.4644,1799368.8647,23259786.6481,23059909.0928,2.7726,2.7720,0.3745,0.3745,3.7451,6.6715
2018-08-29,5.5000,5.5200,5.4400,5.4600,-0.0800,-1.4400,678948.3600,371448.5540,4.2500,9.6500,0.1631,0.2744,0.8100,6.9589,6.7341,1.0730,0.2175,0.2051,4198517.4455,4162438.4644,2474531.6075,22923905.2524,22726914.0156,2.8133,2.8127,0.3759,0.3759,3.7587,6.6958
2018-08-30,5.4600,5.4900,5.3700,5.3700,-0.0900,-1.6500,527022.9700,285429.9310,4.1800,9.4900,0.1266,0.2130,0.6500,6.8442,6.6231,1.0553,0.2139,0.2017,4198517.4455,4162438.4644,2474531.6075,22546038.6823,22352294.5538,2.8604,2.8598,0.3786,0.3786,3.7863,6.7449
2018-08-31,5.3800,5.4500,5.3400,5.4000,0.0300,0.5600,1003378.5900,541185.7120,4.2100,9.5500,0.2411,0.4055,1.3400,6.8824,6.6601,1.0612,0.2151,0.2028,4198517.4455,4162438.4644,2474531.6075,22671994.2057,22477167.7078,2.8445,2.8439,0.3843,0.3843,3.8426,6.8452
2018-09-03,5.3800,5.3800,5.2700,5.3300,-0.0700,-1.3000,751454.7400,400221.4820,4.1500,9.4200,0.1805,0.3037,0.9200,6.7932,6.5737,1.0474,0.2123,0.2002,4198517.4455,4162438.4644,2474531.6075,22378097.9845,22185797.0153,2.8819,2.8813,0.3843,0.3843,3.8426,6.8452
2018-09-04,5.3700,5.4200,5.3200,5.3900,0.0600,1.1300,623891.4300,335299.2320,4.2000,9.5300,0.1499,0.2521,0.8200,6.8697,6.6477,1.0592,0.2147,0.2025,4198517.4455,4162438.4644,2474531.6075,22630009.0312,22435543.3231,2.8498,2.8492,0.3850,0.3850,3.8497,6.8579
2018-09-05,5.3500,5.4000,5.2600,5.2700,-0.1200,-2.2300,627003.2000,333799.0710,4.1100,9.3200,0.1506,0.7341,0.8700,6.7168,6.4997,1.0356,0.2099,0.1979,4198517.4455,4162438.4644,854141.0248,22126186.9378,21936050.7074,2.9147,2.9141,0.3864,0.3864,3.8641,6.8835
2018-09-06,5.2600,5.3100,5.1600,5.1800,-0.0900,-1.7100,851116.4800,443885.4230,4.0400,9.1600,0.2045,0.9965,1.2000,6.6020,6.3887,1.0179,0.2063,0.1946,4198517.4455,4162438.4644,854141.0248,21748320.3677,21561431.2456,2.9653,2.9647,0.3930,0.3930,3.9302,7.0013
2018-09-07,5.2000,5.2400,5.1100,5.1600,-0.0200,-0.3900,894831.7000,463482.1440,4.0200,9.1200,0.2150,1.0476,1.1600,6.5766,6.3641,1.0140,0.2055,0.1938,4198517.4455,4162438.4644,854141.0248,21664350.0188,21478182.4763,2.9768,2.9762,0.3976,0.3976,3.9756,7.0821
2018-09-10,5.1300,5.1900,5.1200,5.1600,0.0000,0.0000,597108.1200,307870.5810,4.0200,9.1200,0.1435,0.6991,0.8000,6.5766,6.3641,1.0140,0.2055,0.1938,4198517.4455,4162438.4644,854141.0248,21664350.0188,21478182.4763,2.9768,2.9762,0.4030,0.4030,4.0298,7.1787
2018-09-11,5.1600,5.1800,5.1100,5.1200,-0.0400,-0.7800,547335.4800,281237.4920,3.9900,9.0500,0.1315,0.6408,0.7600,6.5256,6.3147,1.0062,0.2039,0.1923,4198517.4455,4162438.4644,854141.0248,21496409.3210,21311684.9377,3.0001,2.9994,0.4006,0.4006,4.0064,7.1370
2018-09-12,5.1100,5.1400,5.0700,5.1000,-0.0200,-0.3900,477449.3300,243396.4600,3.9700,9.0200,0.1147,0.5590,0.6800,6.5001,6.2901,1.0022,0.2031,0.1916,4198517.4455,4162438.4644,854141.0248,21412438.9721,21228436.1684,3.0118,3.0112,0.4046,0.4046,4.0456,7.2068
2018-09-13,5.1500,5.1800,5.1000,5.1800,0.0800,1.5700,685107.9200,352480.5200,4.0400,9.1600,0.1646,0.8021,1.0200,6.6020,6.3887,1.0179,0.2063,0.1946,4198517.4455,4162438.4644,854141.0248,21748320.3677,21561431.2456,2.9653,2.9647,0.4014,0.4014,4.0142,7.1509
2018-09-14,5.1800,5.2000,5.1300,5.1700,-0.0100,-0.1900,565978.9500,292373.1820,4.0300,9.1400,0.1360,0.6626,0.8800,6.5893,6.3764,1.0160,0.2059,0.1942,4198517.4455,4162438.4644,854141.0248,21706335.1932,21519806.8609,2.9711,2.9704,0.3991,0.3991,3.9909,7.1094
2018-09-17,5.1500,5.1600,5.0700,5.0800,-0.0900,-1.7400,465097.0500,237146.1280,3.9600,8.9800,0.1117,0.5445,0.8100,6.4746,6.2654,0.9983,0.2023,0.1908,4198517.4455,4162438.4644,854141.0248,21328468.6231,21145187.3992,3.0237,3.0231,0.4014,0.4014,4.0142,7.1509
2018-09-18,5.0800,5.4100,5.0700,5.4000,0.3200,6.3000,1962731.4100,1035999.1800,4.2100,9.5500,0.4715,2.2979,3.5800,6.8824,6.6601,1.0612,0.2151,0.2028,4198517.4455,4162438.4644,854141.0248,22671994.2057,22477167.7078,2.8445,2.8439,0.4070,0.4070,4.0695,7.2494
2018-09-19,5.3400,5.4300,5.3200,5.3800,-0.0200,-0.3700,1595803.5500,857860.1440,4.1900,9.5100,0.3834,1.8683,1.9200,6.8569,6.6354,1.0573,0.2143,0.2021,4198517.4455,4162438.4644,854141.0248,22588023.8568,22393918.9385,2.8551,2.8545,0.3871,0.3871,3.8714,6.8964
2018-09-20,5.3800,5.4400,5.2900,5.3500,-0.0300,-0.5600,1055051.2200,564496.5190,4.1700,9.4600,0.2535,1.2352,1.0000,6.8187,6.5984,1.0514,0.2131,0.2010,4198517.4455,4162438.4644,854141.0248,22462068.3334,22269045.7845,2.8711,2.8705,0.3843,0.3843,3.8426,6.8452
2018-09-21,5.3500,5.5000,5.3200,5.4900,0.1400,2.6200,1683907.2300,912702.8750,4.2800,9.7100,0.4045,1.9715,1.4900,6.9971,6.7711,1.0789,0.2187,0.2062,4198517.4455,4162438.4644,854141.0248,23049860.7758,22851787.1696,2.7979,2.7973,0.3864,0.3864,3.8641,6.8835
2018-09-25,5.4100,5.4700,5.3700,5.4100,-0.0800,-1.4600,888441.6400,480589.1100,4.2200,9.5600,0.2134,1.0402,0.6600,6.8952,6.6724,1.0631,0.2155,0.2032,4198517.4455,4162438.4644,854141.0248,22713979.3802,22518792.0924,2.8393,2.8387,0.3821,0.3821,3.8213,6.8072
2018-09-26,5.4100,5.5100,5.4000,5.4300,0.0200,0.3700,995150.7700,542809.3350,4.2300,9.6000,0.2391,1.1651,0.6900,6.9207,6.6971,1.0671,0.2163,0.2040,4198517.4455,4162438.4644,854141.0248,22797949.7291,22602040.8617,2.8288,2.8282,0.3821,0.3821,3.8213,6.8072
2018-09-27,5.4600,5.5000,5.4200,5.4500,0.0200,0.3700,859534.6200,469240.0470,4.2500,9.6400,0.2065,1.0063,0.6900,6.9462,6.7217,1.0710,0.2171,0.2047,4198517.4455,4162438.4644,854141.0248,22881920.0780,22685289.6310,2.8184,2.8178,0.3786,0.3786,3.7863,6.7449
2018-09-28,5.4700,5.5300,5.4400,5.4900,0.0400,0.7300,940679.8200,516565.7970,4.2800,9.7100,0.2260,1.1013,0.8600,6.9971,6.7711,1.0789,0.2187,0.2062,4198517.4455,4162438.4644,854141.0248,23049860.7758,22851787.1696,2.7979,2.7973,0.3779,0.3779,3.7794,6.7325
2018-10-08,5.3400,5.4400,5.2800,5.3300,-0.1600,-2.9100,1206097.0000,646085.6490,4.1500,9.4200,0.2898,1.4121,1.1200,6.7932,6.5737,1.0474,0.2123,0.2002,4198517.4455,4162438.4644,854141.0248,22378097.9845,22185797.0153,2.8819,2.8813,0.3871,0.3871,3.8714,6.8964
2018-10-09,5.3100,5.3300,5.2600,5.2900,-0.0400,-0.7500,671840.9100,355444.6350,4.1200,9.3500,0.1614,0.5227,0.6900,6.7422,6.5244,1.0800,0.2107,0.1987,4198517.4455,4162438.4644,1285263.4748,22210157.2867,22019299.4767,2.9037,2.9031,0.3893,0.3893,3.8932,6.9354
2018-10-10,5.3000,5.4300,5.2900,5.3600,0.0700,1.3200,849329.0300,456205.1600,4.1800,9.4800,0.2040,0.9944,0.9100,6.8315,6.6107,1.0533,0.2135,0.2013,4198517.4455,4162438.4644,854141.0248,22504053.5079,22310670.1692,2.8658,2.8651,0.3901,0.3901,3.9006,6.9485
2018-10-11,5.2600,5.3000,5.0400,5.1000,-0.2600,-4.8500,1625168.1700,842222.6680,3.9700,9.0200,0.3904,1.9027,1.7900,6.5001,6.2901,1.0022,0.2031,0.1916,4198517.4455,4162438.4644,854141.0248,21412438.9721,21228436.1684,3.0118,3.0112,0.3930,0.3930,3.9302,7.0013
2018-10-12,5.0300,5.2100,5.0300,5.1600,0.0600,1.1800,1099636.2400,563690.4120,4.0200,9.1200,0.2642,1.2874,1.0400,6.5766,6.3641,1.0140,0.2055,0.1938,4198517.4455,4162438.4644,854141.0248,21664350.0188,21478182.4763,2.9768,2.9762,0.4110,0.4110,4.1100,7.3215
2018-10-15,5.1600,5.1800,5.0600,5.0900,-0.0700,-1.3600,670197.1200,342778.2990,3.9700,9.0000,0.1610,0.7846,0.6100,6.4873,6.2777,1.0003,0.2027,0.1912,4198517.4455,4162438.4644,854141.0248,21370453.7976,21186811.7838,3.0178,3.0171,0.4006,0.4006,4.0064,7.1370
2018-10-16,5.1000,5.1500,5.0200,5.0400,-0.0500,-0.9800,696601.7100,353542.8100,3.9300,8.9100,0.1674,0.8156,0.7100,6.4236,6.2161,0.9904,0.2007,0.1893,4198517.4455,4162438.4644,854141.0248,21160527.9253,20978689.8606,3.0477,3.0471,0.4054,0.4054,4.0535,7.2210
2018-10-17,5.1200,5.1600,5.0600,5.1100,0.0700,1.3900,819310.0800,419127.5750,3.9800,9.0300,0.1968,0.9592,0.8300,6.5128,6.3024,1.0042,0.2035,0.1919,4198517.4455,4162438.4644,854141.0248,21454424.1465,21270060.5531,3.0060,3.0053,0.4038,0.4038,4.0377,7.1928
2018-10-18,5.1100,5.1200,4.9400,4.9600,-0.1500,-2.9400,1183089.6500,592080.6940,3.8600,8.7700,0.2842,1.3851,1.2000,6.3216,6.1174,0.9747,0.1976,0.1863,4198517.4455,4162438.4644,854141.0248,20824646.5297,20645694.7834,3.0969,3.0962,0.4046,0.4046,4.0456,7.2068
2018-10-19,4.9600,5.1000,4.9100,5.0700,0.1100,2.2200,1038134.7300,521792.8460,3.9500,8.9600,0.2494,1.2154,1.1600,6.4618,6.2531,0.9963,0.2019,0.1904,4198517.4455,4162438.4644,854141.0248,21286483.4487,21103563.0145,3.0297,3.0290,0.4168,0.4168,4.1680,7.4248
2018-10-22,5.1100,5.3400,5.1000,5.2700,0.2000,3.9400,1449997.4600,758485.5680,4.1100,9.3200,0.3484,1.6976,1.6400,6.7168,6.4997,1.0356,0.2099,0.1979,4198517.4455,4162438.4644,854141.0248,22126186.9378,21936050.7074,2.9147,2.9141,0.4046,0.4046,4.0456,7.2068
2018-10-23,5.2600,5.3300,5.1600,5.1700,-0.1000,-1.9000,1339485.9900,704693.5790,4.0300,9.1400,0.3218,1.5682,1.2900,6.5893,6.3764,1.0160,0.2059,0.1942,4198517.4455,4162438.4644,854141.0248,21706335.1932,21519806.8609,2.9711,2.9704,0.3930,0.3930,3.9302,7.0013
2018-10-24,5.1500,5.3400,5.1500,5.2600,0.0900,1.7400,1098736.4700,576915.1220,4.1000,9.3000,0.2640,1.2864,0.9400,6.7040,6.4874,1.0337,0.2095,0.1976,4198517.4455,4162438.4644,854141.0248,22084201.7633,21894426.3227,2.9202,2.9196,0.4014,0.4014,4.0142,7.1509
2018-10-25,5.1800,5.3000,5.1400,5.2800,0.0200,0.3800,972089.0100,508376.6960,4.1100,9.3400,0.2335,1.1381,0.8000,6.7295,6.5121,1.0376,0.2103,0.1983,4198517.4455,4162438.4644,854141.0248,22168172.1122,21977675.0920,2.9092,2.9085,0.3991,0.3991,3.9909,7.1094
2018-10-26,5.2800,5.3800,5.2800,5.3200,0.0400,0.7600,1197071.3800,638102.9010,4.1400,9.4100,0.2876,1.4015,1.0100,6.7805,6.5614,1.0455,0.2119,0.1998,4198517.4455,4162438.4644,854141.0248,22336112.8101,22144172.6306,2.8873,2.8867,0.3915,0.3915,3.9154,6.9748
2018-10-29,5.3700,5.3700,5.1500,5.1900,-0.1300,-2.4400,1125287.9100,590813.6000,4.0400,9.1800,0.2703,1.3174,0.9300,6.6148,6.4011,1.0199,0.2067,0.1949,4198517.4455,4162438.4644,854141.0248,21790305.5421,21603055.6302,2.9596,2.9590,0.3850,0.3850,3.8497,6.8579
2018-10-30,5.2500,5.3200,5.2000,5.2500,0.0600,1.1600,1004164.2300,528328.6750,4.0900,9.2800,0.2412,1.1756,0.8800,6.6913,6.4751,1.0317,0.2091,0.1972,4198517.4455,4162438.4644,854141.0248,22042216.5889,21852801.9381,2.9258,2.9252,0.3938,0.3938,3.9377,7.0147
2018-10-31,5.2700,5.4900,5.2700,5.3800,0.1300,2.4800,1697545.3200,915365.9430,4.1900,9.5100,0.4078,1.9874,1.5700,6.8569,6.5550,1.0149,0.2143,0.2010,4198517.4455,4162438.4644,854141.0248,22588023.8568,22393918.9385,2.8551,2.8545,0.3923,0.3923,3.9228,6.9880
2018-11-01,5.4500,5.5000,5.3500,5.3500,-0.0300,-0.5600,1403242.9700,762421.1750,4.1700,9.4600,0.3371,1.6429,1.1700,6.8187,6.5185,1.0092,0.2131,0.1999,4198517.4455,4162438.4644,854141.0248,22462068.3334,22269045.7845,2.8711,2.8705,0.3793,0.3793,3.7932,6.7572
2018-11-02,5.4600,5.4900,5.3600,5.4400,0.0900,1.6800,1572407.2100,853376.1680,4.2400,9.6200,0.3778,1.1779,1.2200,6.9334,6.6281,1.0262,0.2167,0.2033,4198517.4455,4162438.4644,1334954.4993,22839934.9035,22643665.2463,2.8236,2.8230,0.3786,0.3786,3.7863,6.7449
2018-11-05,5.4500,5.4600,5.3700,5.4200,-0.0200,-0.3700,848474.7200,459474.7170,4.2200,9.5800,0.2038,0.6356,0.6200,6.9079,6.6038,1.0224,0.2159,0.2025,4198517.4455,4162438.4644,1334954.4993,22755964.5546,22560416.4770,2.8340,2.8334,0.3793,0.3793,3.7932,6.7572
2018-11-06,5.4200,5.4200,5.3400,5.3900,-0.0300,-0.5500,553430.3400,297589.5920,4.2000,9.5300,0.1330,0.4146,0.4200,6.8697,6.5672,1.0168,0.2147,0.2014,4198517.4455,4162438.4644,1334954.4993,22630009.0312,22435543.3231,2.8498,2.8492,0.3814,0.3814,3.8142,6.7946
2018-11-07,5.4100,5.4300,5.3700,5.3700,-0.0200,-0.3700,685620.9100,370201.8790,4.1800,9.4900,0.1647,0.5136,0.5600,6.8442,6.5428,1.0130,0.2139,0.2006,4198517.4455,4162438.4644,1334954.4993,22546038.6823,22352294.5538,2.8604,2.8598,0.3821,0.3821,3.8213,6.8072
2018-11-08,5.4300,5.4300,5.3700,5.3700,0.0000,0.0000,571774.4000,308893.2640,4.1800,9.4900,0.1374,0.4283,0.5600,6.8442,6.5428,1.0130,0.2139,0.2006,4198517.4455,4162438.4644,1334954.4993,22546038.6823,22352294.5538,2.8604,2.8598,0.3807,0.3807,3.8072,6.7821
2018-11-09,5.3500,5.3900,5.2700,5.2900,-0.0800,-1.4900,618312.1300,328763.4730,4.1200,9.3500,0.1485,0.4632,0.7300,6.7422,6.4454,0.9979,0.2107,0.1976,4198517.4455,4162438.4644,1334954.4993,22210157.2867,22019299.4767,2.9037,2.9031,0.3864,0.3864,3.8641,6.8835
2018-11-12,5.2900,5.3700,5.2800,5.3600,0.0700,1.3200,535258.1800,285868.8650,4.1800,9.4800,0.1286,0.4010,0.8200,6.8315,6.5307,1.0111,0.2135,0.2003,4198517.4455,4162438.4644,1334954.4993,22504053.5079,22310670.1692,2.8658,2.8651,0.3908,0.3908,3.9080,6.9616
2018-11-13,5.3000,5.3900,5.2900,5.3800,0.0200,0.3700,642474.8300,343024.1170,4.1900,9.5100,0.1544,0.4813,1.0800,6.8569,6.5550,1.0149,0.2143,0.2010,4198517.4455,4162438.4644,1334954.4993,22588023.8568,22393918.9385,2.8551,2.8545,0.3901,0.3901,3.9006,6.9485
2018-11-14,5.3900,5.4000,5.3400,5.3500,-0.0300,-0.5600,669655.5800,359624.4970,4.1700,9.4600,0.1609,0.5016,1.1000,6.8187,6.5185,1.0092,0.2131,0.1999,4198517.4455,4162438.4644,1334954.4993,22462068.3334,22269045.7845,2.8711,2.8705,0.3835,0.3835,3.8355,6.8325
2018-11-15,5.3500,5.4100,5.3400,5.4000,0.0500,0.9300,652861.5800,351733.3220,4.2100,9.5500,0.1568,0.4891,1.0700,6.8824,6.5794,1.0186,0.2151,0.2018,4198517.4455,4162438.4644,1334954.4993,22671994.2057,22477167.7078,2.8445,2.8439,0.3864,0.3864,3.8641,6.8835
2018-11-16,5.4000,5.5400,5.3600,5.5100,0.1100,2.0400,1745101.8500,951832.8380,4.2900,9.7400,0.4192,1.3072,2.8000,7.0226,6.7134,1.0394,0.2195,0.2059,4198517.4455,4162438.4644,1334954.4993,23133831.1247,22935035.9388,2.7877,2.7871,0.3828,0.3828,3.8283,6.8198
2018-11-19,5.5300,5.5800,5.4900,5.5700,0.0600,1.0900,1246108.0200,690157.7700,4.3400,9.8500,0.2994,0.9334,1.4700,7.0991,6.7865,1.0507,0.2219,0.2081,4198517.4455,4162438.4644,1334954.4993,23385742.1714,23184782.2467,2.7577,2.7571,0.3738,0.3738,3.7384,6.6595
2018-11-20,5.5300,5.6500,5.4700,5.4900,-0.0800,-1.4400,1172577.3200,651407.6350,4.2800,9.7100,0.2817,0.8784,1.1800,6.9971,6.6891,1.0356,0.2187,0.2051,4198517.4455,4162438.4644,1334954.4993,23049860.7758,22851787.1696,2.7979,2.7973,0.3738,0.3738,3.7384,6.6595
2018-11-21,5.4400,5.5700,5.4400,5.5100,0.0200,0.3600,753614.2600,415634.8330,4.2900,9.7400,0.1811,0.5645,0.6900,7.0226,6.7134,1.0394,0.2195,0.2059,4198517.4455,4162438.4644,1334954.4993,23133831.1247,22935035.9388,2.7877,2.7871,0.3800,0.3800,3.8002,6.7697
2018-11-22,5.5500,5.5600,5.4700,5.5200,0.0100,0.1800,614562.4400,339096.9070,4.3000,9.7600,0.1476,0.4604,0.5500,7.0354,6.7256,1.0413,0.2199,0.2062,4198517.4455,4162438.4644,1334954.4993,23175816.2992,22976660.3235,2.7827,2.7821,0.3725,0.3725,3.7249,6.6355
2018-11-23,5.5200,5.6000,5.4300,5.4300,-0.0900,-1.6300,936512.4300,516820.4740,4.2300,9.6000,0.2250,0.7015,0.8500,6.9207,6.6159,1.0243,0.2163,0.2029,4198517.4455,4162438.4644,1334954.4993,22797949.7291,22602040.8617,2.8288,2.8282,0.3745,0.3745,3.7451,6.6715
2018-11-26,5.4800,5.5200,5.4400,5.4600,0.0300,0.5500,567103.3900,310472.5440,4.2500,9.6500,0.1362,0.4248,0.6000,6.9589,6.6525,1.0300,0.2175,0.2040,4198517.4455,4162438.4644,1334954.4993,22923905.2524,22726914.0156,2.8133,2.8127,0.3772,0.3772,3.7725,6.7202
2018-11-27,5.4800,5.6000,5.4800,5.5600,0.1000,1.8300,1117891.6600,621307.2950,4.3300,9.8300,0.2686,0.8374,1.3800,7.0864,6.7743,1.0488,0.2215,0.2077,4198517.4455,4162438.4644,1334954.4993,23343756.9970,23143157.8621,2.7627,2.7621,0.3772,0.3772,3.7725,6.7202
2018-11-28,5.5600,5.6200,5.5300,5.5800,0.0200,0.3600,797818.2700,446144.5940,4.3500,9.8700,0.1917,0.5976,1.0000,7.1119,6.7987,1.0526,0.2223,0.2085,4198517.4455,4162438.4644,1334954.4993,23427727.3459,23226406.6314,2.7528,2.7522,0.3718,0.3718,3.7182,6.6235
2018-11-29,5.6300,5.7900,5.6000,5.6400,0.0600,1.0800,1759566.2000,1000231.6220,4.3900,9.9700,0.4227,1.3181,2.1800,7.1883,6.8718,1.0639,0.2246,0.2107,4198517.4455,4162438.4644,1334954.4993,23679638.3926,23476152.9392,2.7235,2.7229,0.3672,0.3672,3.6719,6.5412
2018-11-30,5.6300,5.7900,5.6300,5.7700,0.1300,2.3000,1673056.5900,961739.4600,4.5000,10.2000,0.4019,1.2533,1.6200,7.3540,7.0302,1.0884,0.2298,0.2156,4198517.4455,4162438.4644,1334954.4993,24225445.6605,24017269.9396,2.6621,2.6615,0.3672,0.3672,3.6719,6.5412
2018-12-03,5.9200,5.9400,5.7700,5.8100,0.0400,0.6900,1840490.2300,1073397.1930,4.5300,10.2700,0.4422,1.3787,1.5600,7.4050,7.0789,1.0960,0.2314,0.2171,4198517.4455,4162438.4644,1334954.4993,24393386.3584,24183767.4782,2.6438,2.6432,0.3492,0.3492,3.4921,6.2208
2018-12-04,5.8800,6.0500,5.8500,6.0500,0.2400,4.1300,2854302.8500,1705611.1580,4.7100,10.7000,0.6857,2.1381,1.9900,7.7109,7.3714,1.1413,0.2410,0.2260,4198517.4455,4162438.4644,1334954.4993,25401030.5453,25182752.7096,2.5389,2.5384,0.3516,0.3516,3.5158,6.2631
2018-12-05,5.9900,6.0500,5.9500,6.0000,-0.0500,-0.8300,1539670.4000,922796.9170,4.6700,10.6100,0.3699,1.1534,0.8600,7.6472,7.3104,1.1318,0.2390,0.2242,4198517.4455,4162438.4644,1334954.4993,25191104.6730,24974630.7864,2.5601,2.5595,0.3451,0.3451,3.4513,6.1481
2018-12-06,5.9300,5.9900,5.8600,5.8800,-0.1200,-2.0000,1381426.3500,817248.8560,4.5800,10.4000,0.3319,1.0348,0.7100,7.4942,7.1642,1.1092,0.2342,0.2197,4198517.4455,4162438.4644,1334954.4993,24687282.5795,24475138.1707,2.6123,2.6118,0.3486,0.3486,3.4862,6.2103
2018-12-07,5.9100,5.9900,5.8900,5.9400,0.0600,1.0200,937052.0100,557110.4970,4.6300,10.5000,0.2251,0.7019,0.5000,7.5707,7.2373,1.1205,0.2366,0.2219,4198517.4455,4162438.4644,1334954.4993,24939193.6263,24724884.4785,2.5859,2.5854,0.3498,0.3498,3.4980,6.2313
2018-12-10,5.9100,6.0000,5.8700,5.9300,-0.0100,-0.1700,1209655.3100,716706.5540,4.6200,10.4800,0.2906,0.9061,0.7100,7.5579,7.2252,1.1603,0.2362,0.2216,4198517.4455,4162438.4644,1334954.4993,24897208.4518,24683260.0939,2.5903,2.5897,0.3498,0.3498,3.4980,6.2313
2018-12-11,5.9400,5.9600,5.8300,5.8800,-0.0500,-0.8400,877881.5600,516471.9440,4.5800,10.4000,0.2109,0.6576,0.5500,7.4942,7.1642,1.1505,0.2342,0.2197,4198517.4455,4162438.4644,1334954.4993,24687282.5795,24475138.1707,2.6123,2.6118,0.3480,0.3480,3.4803,6.1998
2018-12-12,5.9500,5.9800,5.8900,5.9400,0.0600,1.0200,878668.7700,522341.0790,4.6300,10.5000,0.2111,0.6582,0.7400,7.5707,7.2373,1.1623,0.2366,0.2219,4198517.4455,4162438.4644,1334954.4993,24939193.6263,24724884.4785,2.5859,2.5854,0.3474,0.3474,3.4745,6.1894
2018-12-13,5.9600,6.2500,5.9400,6.1700,0.2300,3.8700,3276171.3800,2010881.0790,4.8100,10.9100,0.7871,2.4541,3.1000,7.8638,7.5176,1.2073,0.2458,0.2305,4198517.4455,4162438.4644,1334954.4993,25904852.6387,25682245.3253,2.4895,2.4890,0.3469,0.3469,3.4686,6.1790
2018-12-14,6.1400,6.2500,6.0800,6.1700,0.0000,0.0000,2463394.5700,1520877.7310,4.8100,10.9100,0.5918,1.8453,1.7200,7.8638,7.5176,1.2073,0.2458,0.2305,4198517.4455,4162438.4644,1334954.4993,25904852.6387,25682245.3253,2.4895,2.4890,0.3367,0.3367,3.3670,5.9979
2018-12-17,6.1900,6.3500,6.1800,6.3200,0.1500,2.4300,2518521.8400,1581698.2050,4.9200,11.1700,0.6051,1.8866,1.4500,8.0550,7.7003,1.2366,0.2517,0.2361,4198517.4455,4162438.4644,1334954.4993,26534630.2556,26306611.0950,2.4304,2.4299,0.3340,0.3340,3.3398,5.9494
2018-12-18,6.2800,6.3300,6.1200,6.2300,-0.0900,-1.4200,2565277.5800,1600507.3790,4.8500,11.0100,0.6163,1.9216,1.2800,7.9403,7.5907,1.2190,0.2481,0.2328,4198517.4455,4162438.4644,1334954.4993,26156763.6855,25931991.6332,2.4656,2.4650,0.3292,0.3292,3.2919,5.8642
2018-12-19,6.2600,6.2900,6.1800,6.2200,-0.0100,-0.1600,1683461.1100,1052205.8400,4.8500,11.0000,0.4044,1.2611,0.7200,7.9276,7.5785,1.2171,0.2477,0.2324,4198517.4455,4162438.4644,1334954.4993,26114778.5110,25890367.2486,2.4695,2.4690,0.3302,0.3302,3.3024,5.8829
2018-12-20,6.1000,6.1600,5.8500,5.8600,-0.3600,-5.7900,3347013.2800,1993172.9990,4.5700,10.3600,0.8041,2.5072,1.3400,7.4687,7.1399,1.1466,0.2334,0.2189,4198517.4455,4162438.4644,1334954.4993,24603312.2306,24391889.4014,2.6212,2.6207,0.3389,0.3389,3.3890,6.0372
2018-12-21,5.8200,5.9000,5.7400,5.8000,-0.0600,-1.0200,1676084.8900,975148.2540,4.5200,10.2500,0.4027,1.2555,0.6700,7.3922,7.0668,1.1349,0.2310,0.2167,4198517.4455,4162438.4644,1334954.4993,24351401.1839,24142143.0935,2.6483,2.6478,0.3552,0.3552,3.5521,6.3277
2018-12-24,5.7400,5.8300,5.6500,5.7000,-0.1000,-1.7200,1041691.8000,596469.8640,4.4400,10.0800,0.2503,0.8105,0.4400,7.2648,6.9449,1.1153,0.2270,0.2130,4198517.4455,4162438.4644,1285263.4748,23931549.4394,23725899.2471,2.6948,2.6942,0.3602,0.3602,3.6016,6.4158
2018-12-25,5.6300,5.6500,5.5100,5.6100,-0.0900,-1.5800,1071880.8400,597603.3150,4.3700,9.9200,0.2575,0.8029,0.5200,7.1501,6.8353,1.0977,0.2234,0.2096,4198517.4455,4162438.4644,1334954.4993,23553682.8693,23351279.7853,2.7380,2.7375,0.3672,0.3672,3.6719,6.5412
2018-12-26,5.5900,5.6600,5.5700,5.5800,-0.0300,-0.5300,758774.6000,425996.3870,4.3500,9.8700,0.1823,0.5684,0.4300,7.1119,6.7987,1.0918,0.2223,0.2085,4198517.4455,4162438.4644,1334954.4993,23427727.3459,23226406.6314,2.7528,2.7522,0.3698,0.3698,3.6982,6.5880
2018-12-27,5.6700,5.6700,5.5200,5.5200,-0.0600,-1.0800,1135645.7900,634414.9610,4.3000,9.7600,0.2728,0.8507,0.7200,7.0354,6.7256,1.0801,0.2199,0.2062,4198517.4455,4162438.4644,1334954.4993,23175816.2992,22976660.3235,2.7827,2.7821,0.3646,0.3646,3.6460,6.4950
2018-12-28,5.5400,5.7000,5.5300,5.7000,0.1800,3.2600,1142795.5900,644514.9880,4.4400,10.0800,0.2745,0.8561,1.0100,7.2648,6.9449,1.1153,0.2270,0.2130,4198517.4455,4162438.4644,1334954.4993,23931549.4394,23725899.2471,2.6948,2.6942,0.3732,0.3732,3.7316,6.6475
2019-01-02,5.6700,5.7300,5.5500,5.6000,-0.1000,-1.7500,1081999.0600,608367.1280,4.3600,9.9000,0.2599,0.8105,1.0500,7.1373,6.8231,1.0957,0.2230,0.2092,4198517.4455,4162438.4644,1334954.4993,23511697.6948,23309655.4006,2.7423,2.7423,0.2963,0.2963,2.9630,6.2257
2019-01-03,5.5700,5.6400,5.5200,5.6000,0.0000,0.0000,601047.1500,335024.1110,4.3600,9.9000,0.1444,0.4502,0.5800,7.1373,6.8231,1.0957,0.2230,0.2092,4198517.4455,4162438.4644,1334954.4993,23511697.6948,23309655.4006,2.7423,2.7423,0.3016,0.3016,3.0162,6.3375
2019-01-04,5.5500,5.7400,5.5500,5.7300,0.1300,2.3200,1002202.0100,568816.3840,4.4600,10.1300,0.2408,0.7507,1.0600,7.3030,6.9815,1.1212,0.2282,0.2141,4198517.4455,4162438.4644,1334954.4993,24057504.9627,23850772.4010,2.6801,2.6801,0.3027,0.3027,3.0270,6.3604
2019-01-07,5.7900,5.8300,5.7200,5.7400,0.0100,0.1700,990802.5400,570216.6380,4.4700,10.1500,0.2380,0.7422,1.0000,7.3158,6.9937,1.1231,0.2286,0.2145,4198517.4455,4162438.4644,1334954.4993,24099490.1372,23892396.7857,2.6755,2.6755,0.2902,0.2902,2.9016,6.0967
2019-01-08,5.7200,5.7700,5.6800,5.7200,-0.0200,-0.3500,549462.4300,314107.1200,4.4600,10.1100,0.1320,0.4116,0.5700,7.2903,6.9693,1.1192,0.2278,0.2137,4198517.4455,4162438.4644,1334954.4993,24015519.7883,23809148.0164,2.6848,2.6848,0.2937,0.2937,2.9371,6.1713
2019-01-09,5.7500,5.8300,5.7100,5.7100,-0.0100,-0.1700,913084.4500,527461.9770,4.4500,10.1000,0.2194,0.6840,1.0800,7.2775,6.9571,1.1173,0.2274,0.2133,4198517.4455,4162438.4644,1334954.4993,23973534.6138,23767523.6317,2.6895,2.6895,0.2922,0.2922,2.9217,6.1391
2019-01-10,5.7000,5.7500,5.6600,5.6800,-0.0300,-0.5300,536629.9500,305571.6180,4.4300,10.0400,0.1289,0.4020,0.6600,7.2393,6.9205,1.1114,0.2262,0.2122,4198517.4455,4162438.4644,1334954.4993,23847579.0904,23642650.4778,2.7037,2.7037,0.2947,0.2947,2.9474,6.1930
2019-01-11,5.7200,5.7300,5.6400,5.6900,0.0100,0.1800,449997.9300,255519.5320,4.4300,10.0600,0.1097,0.2587,0.5600,7.2521,6.9327,1.1133,0.2266,0.2126,4198517.4455,4102447.4644,1739377.8647,23889564.2649,23342926.0724,2.6990,2.6990,0.2937,0.2937,2.9371,6.1713
2019-01-14,5.6800,5.7000,5.6400,5.6500,-0.0400,-0.7000,363511.5100,205762.4040,4.4000,9.9900,0.0886,0.2090,0.5300,7.2011,6.8840,1.1055,0.2250,0.2111,4198517.4455,4102447.4644,1739377.8647,23721623.5671,23178828.1739,2.7181,2.7181,0.2958,0.2958,2.9577,6.2148
2019-01-15,5.6700,5.7600,5.6400,5.7400,0.0900,1.5900,808889.0300,462248.1050,4.4700,10.1500,0.1972,0.4650,1.4400,7.3158,6.9937,1.1231,0.2286,0.2145,4198517.4455,4102447.4644,1739377.8647,24099490.1372,23548048.4457,2.6755,2.6755,0.2963,0.2963,2.9630,6.2257
2019-01-16,5.7400,5.7600,5.7000,5.7500,0.0100,0.1700,491820.7000,281971.2480,4.4800,10.1700,0.1199,0.2828,0.8000,7.3285,7.0058,1.1251,0.2290,0.2148,4198517.4455,4102447.4644,1739377.8647,24141475.3116,23589072.9203,2.6708,2.6708,0.2927,0.2927,2.9268,6.1498
2019-01-17,5.7900,5.7900,5.6900,5.7000,-0.0500,-0.8700,565430.3600,324176.7520,4.4400,10.0800,0.1378,0.3251,1.0700,7.2648,6.9449,1.1153,0.2270,0.2130,4198517.4455,4102447.4644,1739377.8647,23931549.4394,23383950.5471,2.6942,2.6942,0.2902,0.2902,2.9016,6.0967
2019-01-18,5.8000,5.9800,5.7900,5.9800,0.2800,4.9100,1831006.8800,1081928.0670,4.6600,10.5700,0.4463,1.0527,3.4200,7.6217,7.2861,1.1701,0.2382,0.2234,4198517.4455,4102447.4644,1739377.8647,25107134.3241,24532635.8371,2.5681,2.5681,0.2897,0.2897,2.8966,6.0862
2019-01-21,5.9700,6.0100,5.9300,5.9700,-0.0100,-0.1700,853084.5300,509077.2330,4.6500,10.5500,0.2079,0.4905,1.0500,7.6089,7.2739,1.1681,0.2378,0.2231,4198517.4455,4102447.4644,1739377.8647,25065149.1496,24491611.3625,2.5724,2.5724,0.2814,0.2814,2.8141,5.9129
2019-01-22,5.9700,5.9900,5.8700,5.9000,-0.0700,-1.1700,628946.9100,372025.1970,4.6000,10.4300,0.1533,0.3616,0.6900,7.5197,7.1886,1.1544,0.2350,0.2204,4198517.4455,4102447.4644,1739377.8647,24771252.9285,24204440.0400,2.6029,2.6029,0.2814,0.2814,2.8141,5.9129
2019-01-23,5.9200,6.0000,5.9100,5.9300,0.0300,0.5100,619937.3500,369005.3240,4.6200,10.4800,0.1511,0.3564,0.7100,7.5579,7.2252,1.1603,0.2362,0.2216,4198517.4455,4102447.4644,1739377.8647,24897208.4518,24327513.4639,2.5897,2.5897,0.2838,0.2838,2.8378,5.9628
2019-01-24,5.9800,5.9800,5.8200,5.8900,-0.0400,-0.6700,712861.7900,418983.9250,4.5900,10.4100,0.1738,0.4098,0.7900,7.5070,7.1764,1.1525,0.2346,0.2201,4198517.4455,4102447.4644,1739377.8647,24729267.7540,24163415.5653,2.6073,2.6073,0.2809,0.2809,2.8094,5.9030
2019-01-25,5.9300,6.1000,5.9000,6.0500,0.1600,2.7200,1456917.7600,879074.3290,4.7100,10.7000,0.3551,0.8376,1.5700,7.7109,7.3714,1.1838,0.2410,0.2260,4198517.4455,4102447.4644,1739377.8647,25401030.5453,24819807.1596,2.5384,2.5384,0.2833,0.2833,2.8331,5.9528
2019-01-28,6.1100,6.1300,6.0200,6.0300,-0.0200,-0.3300,823301.6700,500564.5020,4.7000,10.6600,0.2007,0.4733,0.9600,7.6854,7.3470,1.1799,0.2402,0.2253,4198517.4455,4102447.4644,1739377.8647,25317060.1964,24737758.2103,2.5468,2.5468,0.2750,0.2750,2.7496,5.7774
2019-01-29,6.0200,6.1500,6.0100,6.1400,0.1100,1.8200,1043283.3500,636037.5610,4.7800,10.8600,0.2543,0.5998,1.2300,7.8256,7.4810,1.2014,0.2446,0.2294,4198517.4455,4102447.4644,1739377.8647,25778897.1154,25189027.4314,2.5012,2.5012,0.2791,0.2791,2.7907,5.8638
2019-01-30,6.1100,6.1600,6.0600,6.0700,-0.0700,-1.1400,800981.2700,489236.6300,4.7300,10.7300,0.1952,0.4605,0.8600,7.7364,7.3957,1.1877,0.2418,0.2268,4198517.4455,4102447.4644,1739377.8647,25485000.8942,24901856.1089,2.5300,2.5300,0.2750,0.2750,2.7496,5.7774
2019-01-31,6.1200,6.1600,6.0800,6.1200,0.0500,0.8200,769240.6500,471084.8640,4.7700,10.8200,0.1875,0.4423,0.8000,7.8001,7.4566,1.1975,0.2438,0.2287,4198517.4455,4102447.4644,1739377.8647,25694926.7665,25106978.4821,2.5093,2.5093,0.2745,0.2745,2.7451,5.7680
2019-02-01,6.1800,6.1800,6.0400,6.1300,0.0100,0.1600,835118.9100,509990.2960,4.7800,10.8400,0.2036,0.4801,0.8500,7.8128,7.4688,1.1994,0.2442,0.2290,4198517.4455,4102447.4644,1739377.8647,25736911.9409,25148002.9568,2.5052,2.5052,0.2718,0.2718,2.7184,5.7120
2019-02-11,6.1000,6.1200,6.0200,6.1100,-0.0200,-0.3300,1005733.2900,610687.5150,4.7600,10.8000,0.2452,0.5782,1.1800,7.7874,7.4445,1.1955,0.2434,0.2283,4198517.4455,4102447.4644,1739377.8647,25652941.5920,25065954.0075,2.5134,2.5134,0.2754,0.2754,2.7541,5.7869
2019-02-12,6.1200,6.1800,6.0800,6.1700,0.0600,0.9800,923396.2500,566935.7100,4.8100,10.9100,0.2251,0.5309,1.0400,7.8638,7.5176,1.2073,0.2458,0.2305,4198517.4455,4102447.4644,1739377.8647,25904852.6387,25312100.8553,2.4890,2.4890,0.2745,0.2745,2.7451,5.7680
2019-02-13,6.2100,6.2300,6.1300,6.2000,0.0300,0.4900,1369321.5300,845441.5520,4.8300,10.9600,0.3338,0.7872,1.5800,7.9021,7.5541,1.2131,0.2469,0.2316,4198517.4455,4102447.4644,1739377.8647,26030808.1621,25435174.2793,2.4770,2.4770,0.2705,0.2705,2.7053,5.6844
2019-02-14,6.1600,6.2500,6.1600,6.1700,-0.0300,-0.4800,1031587.5500,638481.4460,4.8100,10.9100,0.2507,0.5891,1.0500,7.8638,7.5176,1.2073,0.2458,0.2305,4198517.4455,4114107.5044,1751037.9047,25904852.6387,25384043.3021,2.4890,2.4890,0.2727,0.2727,2.7273,5.7305
2019-02-15,6.1500,6.1600,6.0100,6.0300,-0.1400,-2.2700,1390616.9900,845021.3760,4.7000,10.6600,0.3380,0.7942,1.3500,7.6854,7.3470,1.1799,0.2402,0.2253,4198517.4455,4114107.5044,1751037.9047,25317060.1964,24808068.2515,2.5468,2.5468,0.2732,0.2732,2.7317,5.7398
2019-02-18,6.0700,6.1300,6.0600,6.1300,0.1000,1.6600,1702538.3800,1037591.8680,4.7800,10.8400,0.4138,0.9723,1.4900,7.8128,7.4688,1.1994,0.2442,0.2290,4198517.4455,4114107.5044,1751037.9047,25736911.9409,25219479.0020,2.5052,2.5052,0.2768,0.2768,2.7677,5.8155
2019-02-19,6.1300,6.1500,6.0300,6.0700,-0.0600,-0.9800,1910119.5700,1162108.5120,4.7300,10.7300,0.4643,1.0908,1.4900,7.7364,7.3957,1.1877,0.2418,0.2268,4198517.4455,4114107.5044,1751037.9047,25485000.8942,24972632.5517,2.5300,2.5300,0.2741,0.2741,2.7406,5.7586
2019-02-20,6.0700,6.1100,6.0500,6.0900,0.0200,0.3300,1256972.0600,763437.1640,4.7400,10.7700,0.3055,0.7178,0.8500,7.7619,7.4201,1.1916,0.2426,0.2275,4198517.4455,4114107.5044,1751037.9047,25568971.2431,25054914.7018,2.5217,2.5217,0.2768,0.2768,2.7677,5.8155
2019-02-21,6.0800,6.1000,5.9800,6.0000,-0.0900,-1.4800,1971157.9400,1190569.6710,4.6700,10.6100,0.4791,1.1257,1.3500,7.6472,7.3104,1.1740,0.2390,0.2242,4198517.4455,4114107.5044,1751037.9047,25191104.6730,24684645.0264,2.5595,2.5595,0.2763,0.2763,2.7632,5.8059
2019-02-22,6.0000,6.0300,5.9200,6.0300,0.0300,0.5000,1742222.2500,1039554.8430,4.7000,10.6600,0.4235,0.9950,1.0600,7.6854,7.3470,1.1799,0.2402,0.2253,4198517.4455,4114107.5044,1751037.9047,25317060.1964,24808068.2515,2.5468,2.5468,0.2800,0.2800,2.8000,5.8833
2019-02-25,6.0500,6.3200,6.0300,6.3200,0.2900,4.8100,5311556.2700,3280846.8980,4.9200,11.1700,1.2911,3.0334,3.0900,8.0550,7.7003,1.2366,0.2517,0.2361,4198517.4455,4114107.5044,1751037.9047,26534630.2556,26001159.4278,2.4299,2.4299,0.2777,0.2777,2.7769,5.8347
2019-02-26,6.3000,6.5700,6.2300,6.3000,-0.0200,-0.3200,7381869.9300,4727533.6010,4.9100,11.1400,1.7943,4.2157,3.0300,8.0295,7.6760,1.2327,0.2509,0.2354,4198517.4455,4114107.5044,1751037.9047,26450659.9067,25918877.2777,2.4376,2.4376,0.2667,0.2667,2.6667,5.6032
2019-02-27,6.2800,6.3900,6.2000,6.2500,-0.0500,-0.7900,4769557.5900,2993973.6010,4.8700,11.0500,1.1593,2.7238,1.3500,7.9658,7.6150,1.2229,0.2489,0.2335,4198517.4455,4114107.5044,1751037.9047,26240734.0344,25713171.9025,2.4571,2.4571,0.2675,0.2675,2.6752,5.6210
2019-02-28,6.2800,6.3000,6.1300,6.1500,-0.1000,-1.6000,3560759.7500,2208908.1560,4.7900,10.8700,0.8655,2.0335,0.8400,7.8383,7.4932,1.2034,0.2450,0.2298,4198517.4455,4114107.5044,1751037.9047,25820882.2898,25301761.1521,2.4971,2.4971,0.2675,0.2675,2.6752,5.6210
2019-03-01,6.1900,6.2400,6.1200,6.2300,0.0800,1.3000,3090152.7000,1908600.7460,4.8500,11.0100,0.7511,1.7648,0.6800,7.9403,7.5907,1.2190,0.2481,0.2328,4198517.4455,4114107.5044,1751037.9047,26156763.6855,25630889.7524,2.4650,2.4650,0.2714,0.2714,2.7141,5.7027
2019-03-04,6.2800,6.4700,6.2200,6.3100,0.0800,1.2800,7233697.7400,4577806.7370,4.9200,11.1600,1.7583,4.1311,1.5000,8.0423,7.6881,1.2347,0.2513,0.2358,4198517.4455,4114107.5044,1751037.9047,26492645.0811,25960018.3528,2.4338,2.4338,0.2675,0.2675,2.6752,5.6210
2019-03-05,6.3100,6.4400,6.2600,6.3600,0.0500,0.7900,5833712.6200,3697160.6610,4.9600,11.2400,1.4180,3.3316,1.1200,8.1060,7.7491,1.2444,0.2533,0.2376,4198517.4455,4114107.5044,1751037.9047,26702570.9534,26165723.7280,2.4146,2.4146,0.2662,0.2662,2.6624,5.5943
2019-03-06,6.3700,6.4300,6.3300,6.4100,0.0500,0.7900,4894935.4000,3119600.2760,4.9900,11.3300,1.1898,2.7954,1.0000,8.1697,7.8100,1.2542,0.2553,0.2395,4198517.4455,4114107.5044,1751037.9047,26912496.8257,26371429.1032,2.3958,2.3958,0.2637,0.2637,2.6374,5.5416
2019-03-07,6.3800,6.4400,6.2700,6.3200,-0.0900,-1.4000,4743491.0100,3011571.6390,4.9200,11.1700,1.1530,2.7090,0.9600,8.0550,7.7003,1.2366,0.2517,0.2361,4198517.4455,4114107.5044,1751037.9047,26534630.2556,26001159.4278,2.4299,2.4299,0.2633,0.2633,2.6332,5.5329
2019-03-08,6.2100,6.2200,6.0100,6.0300,-0.2900,-4.5900,4321245.3200,2647874.9370,4.7000,10.6600,1.0503,2.4678,0.8400,7.6854,7.3470,1.1799,0.2402,0.2253,4198517.4455,4114107.5044,1751037.9047,25317060.1964,24808068.2515,2.5468,2.5468,0.2705,0.2705,2.7053,5.6844
2019-03-11,6.0000,6.1100,5.9800,6.1000,0.0700,1.1600,2593730.9100,1570836.1780,4.7500,10.7800,0.6304,1.4813,0.4800,7.7746,7.4323,1.1936,0.2430,0.2279,4198517.4455,4114107.5044,1751037.9047,25610956.4176,25096055.7768,2.5176,2.5176,0.2800,0.2800,2.8000,5.8833
2019-03-12,6.1300,6.2400,6.0800,6.1300,0.0300,0.4900,3124281.5900,1926095.1300,4.7800,10.8400,0.7594,1.7842,0.7000,7.8128,7.4688,1.1994,0.2442,0.2290,4198517.4455,4114107.5044,1751037.9047,25736911.9409,25219479.0020,2.5052,2.5052,0.2741,0.2741,2.7406,5.7586
2019-03-13,6.1200,6.1600,6.0400,6.0800,-0.0500,-0.8200,2164959.8300,1318471.3900,4.7400,10.7500,0.5262,1.2364,0.5500,7.7491,7.4079,1.1897,0.2422,0.2272,4198517.4455,4114107.5044,1751037.9047,25526986.0686,25013773.6268,2.5258,2.5258,0.2745,0.2745,2.7451,5.7680
2019-03-14,6.0700,6.1400,6.0300,6.0700,-0.0100,-0.1600,1569526.6100,953710.4020,4.7300,10.7300,0.3815,0.8963,0.4600,7.7364,7.3957,1.1877,0.2418,0.2268,4198517.4455,4114107.5044,1751037.9047,25485000.8942,24972632.5517,2.5300,2.5300,0.2768,0.2768,2.7677,5.8155
2019-03-15,6.0800,6.1600,6.0700,6.1200,0.0500,0.8200,1949271.4800,1192346.1870,4.7700,10.8200,0.4738,1.1132,0.7100,7.8001,7.4566,1.1975,0.2438,0.2287,4198517.4455,4114107.5044,1751037.9047,25694926.7665,25178337.9269,2.5093,2.5093,0.2763,0.2763,2.7632,5.8059
2019-03-18,6.1400,6.3800,6.1300,6.3700,0.2500,4.0800,4894369.9000,3081355.9880,4.9600,11.2600,1.1897,2.7951,2.1500,8.1187,7.7612,1.2464,0.2537,0.2380,4198517.4455,4114107.5044,1751037.9047,26744556.1278,26206864.8030,2.4109,2.4109,0.2736,0.2736,2.7362,5.7492
2019-03-19,6.3800,6.4000,6.2400,6.2800,-0.0900,-1.4100,2547771.7900,1606166.0060,4.8900,11.1000,0.6193,1.4550,0.9300,8.0040,7.6516,1.2288,0.2501,0.2346,4198517.4455,4114107.5044,1751037.9047,26366689.5577,25836595.1276,2.4454,2.4454,0.2633,0.2633,2.6332,5.5329
2019-03-20,6.2800,6.3000,6.1600,6.2500,-0.0300,-0.4800,2062432.7200,1286287.9930,4.8700,11.0500,0.5013,1.1778,0.7900,7.9658,7.6150,1.2229,0.2489,0.2335,4198517.4455,4114107.5044,1751037.9047,26240734.0344,25713171.9025,2.4571,2.4571,0.2675,0.2675,2.6752,5.6210
2019-03-21,6.2500,6.2800,6.2100,6.2300,-0.0200,-0.3200,1911295.3000,1192763.6220,4.8500,11.0100,0.4646,1.0915,0.7300,7.9403,7.5907,1.2190,0.2481,0.2328,4198517.4455,4114107.5044,1751037.9047,26156763.6855,25630889.7524,2.4650,2.4650,0.2688,0.2688,2.6880,5.6480
2019-03-22,6.2200,6.3100,6.1900,6.2500,0.0200,0.3200,1847122.5300,1153666.2530,4.8700,11.0500,0.4490,1.0549,0.6900,7.9658,7.6150,1.2229,0.2489,0.2335,4198517.4455,4114107.5044,1751037.9047,26240734.0344,25713171.9025,2.4571,2.4571,0.2701,0.2701,2.7010,5.6752
2019-03-25,6.1300,6.1500,6.0400,6.0600,-0.1900,-3.0400,2790438.1800,1701534.9850,4.7200,10.7100,0.6783,1.5936,1.0500,7.7236,7.3835,1.1857,0.2414,0.2264,4198517.4455,4114107.5044,1751037.9047,25443015.7197,24931491.4767,2.5342,2.5342,0.2741,0.2741,2.7406,5.7586
2019-03-26,6.0900,6.1000,5.9700,5.9800,-0.0800,-1.3200,1839710.9600,1108098.3510,4.6600,10.5700,0.4472,1.0506,0.8200,7.6217,7.2861,1.1701,0.2382,0.2234,4198517.4455,4114107.5044,1751037.9047,25107134.3241,24602362.8763,2.5681,2.5681,0.2759,0.2759,2.7586,5.7964
2019-03-27,6.0100,6.0300,5.9800,6.0000,0.0200,0.3300,1094298.2800,657124.1880,4.6700,10.6100,0.2660,0.6249,0.5200,7.6472,7.3104,1.1740,0.2390,0.2242,4198517.4455,4114107.5044,1751037.9047,25191104.6730,24684645.0264,2.5595,2.5595,0.2795,0.2795,2.7953,5.8735
2019-03-28,5.9900,6.0400,5.9300,5.9600,-0.0400,-0.6700,1372397.7800,819132.8540,4.6400,10.5400,0.3336,0.7838,0.7200,7.5955,7.2610,1.1661,0.2374,0.2227,4198126.5652,4114107.5044,1751037.9047,25020834.3286,24520080.7262,2.5769,2.5769,0.2805,0.2805,2.8047,5.8932
2019-03-29,5.9600,6.1300,5.9300,6.1200,0.1600,2.6800,2337259.7600,1417706.1170,4.7700,10.8200,0.5681,1.3348,1.3100,7.7994,7.4560,1.1974,0.2437,0.2286,4198126.5652,4114107.5044,1751037.9047,25692534.5790,25178337.9269,2.5096,2.5096,0.2819,0.2819,2.8188,5.9228
2019-04-01,6.1400,6.2500,6.1300,6.2400,0.1200,1.9600,2879256.4600,1789249.5930,4.8600,11.0300,0.6998,1.6443,1.5300,7.9523,7.6021,1.2209,0.2485,0.2331,4198126.5652,4114107.5044,1751037.9047,26196309.7668,25672030.8275,2.4613,2.4613,0.2736,0.2736,2.7362,5.7492
2019-04-02,6.2800,6.2900,6.1500,6.1900,-0.0500,-0.8000,2457875.7200,1526093.2600,4.8200,10.9400,0.5974,1.4037,1.2900,7.8886,7.5412,1.2111,0.2465,0.2313,4198126.5652,4114107.5044,1751037.9047,25986403.4386,25466325.4522,2.4812,2.4812,0.2675,0.2675,2.6752,5.6210
2019-04-03,6.1800,6.3400,6.1400,6.3400,0.1500,2.4200,5118606.9000,3212835.3120,4.9400,11.2100,1.2442,2.9232,2.5200,8.0797,7.7240,1.2405,0.2525,0.2369,4198126.5652,4114107.5044,1751037.9047,26616122.4234,26083441.5779,2.4225,2.4225,0.2718,0.2718,2.7184,5.7120
2019-04-04,6.3500,6.4000,6.2400,6.3100,-0.0300,-0.4700,4239381.6900,2680542.6920,4.9200,11.1600,1.0304,2.4211,1.5000,8.0415,7.6874,1.2346,0.2513,0.2357,4198126.5652,4114107.5044,1751037.9047,26490178.6264,25960018.3528,2.4340,2.4340,0.2646,0.2646,2.6457,5.5591
2019-04-08,6.3700,6.4500,6.3000,6.3900,0.0800,1.2700,4204586.8600,2682200.3110,4.9800,11.3000,1.0220,2.4012,1.2300,8.1435,7.7849,1.2503,0.2545,0.2387,4198126.5652,4114107.5044,1751037.9047,26826028.7516,26289146.9531,2.4035,2.4035,0.2637,0.2637,2.6374,5.5416
2019-04-09,6.4000,6.5000,6.3500,6.4700,0.0800,1.2500,3731001.4900,2400021.0420,5.0400,11.4400,0.9069,2.1307,0.9900,8.2454,7.8824,1.2659,0.2577,0.2417,4198126.5652,4114107.5044,1751037.9047,27161878.8768,26618275.5535,2.3738,2.3738,0.2625,0.2625,2.6250,5.5156
2019-04-10,6.4300,6.5800,6.3900,6.5300,0.0600,0.9300,3989116.6400,2592960.4050,5.0900,11.5500,0.9696,2.2781,1.0100,8.3219,7.9555,1.2777,0.2601,0.2440,4198126.5652,4114107.5044,1751037.9047,27413766.4708,26865122.0037,2.3520,2.3520,0.2613,0.2613,2.6128,5.4899
2019-04-11,6.5600,6.5800,6.3200,6.3500,-0.1800,-2.7600,2778362.2300,1785834.1980,4.9500,11.2300,0.6753,1.5867,0.6500,8.0925,7.7362,1.2425,0.2529,0.2372,4198126.5652,4114107.5044,1751037.9047,26658103.6890,26124582.6529,2.4187,2.4187,0.2561,0.2561,2.5610,5.3811
2019-04-12,6.3700,6.4800,6.3300,6.4000,0.0500,0.7900,2419081.1800,1545893.2570,4.9900,11.3200,0.5880,1.3815,0.6400,7.0259,7.0259,1.2159,0.2240,0.2240,4198126.5652,4114107.5044,1751037.9047,26868010.0173,26330288.0282,2.3998,2.3998,0.2637,0.2637,2.6374,5.5416
2019-04-15,6.5000,6.6800,6.4600,6.5100,0.1100,1.7200,5274881.2200,3460837.5440,5.0700,11.5100,1.2821,3.0124,1.5400,7.1467,7.1467,1.2368,0.2279,0.2279,4198126.5652,4114107.5044,1751037.9047,27329803.9395,26782839.8536,2.3592,2.3592,0.2585,0.2585,2.5846,5.4308
2019-04-16,6.5100,6.6900,6.4800,6.6800,0.1700,2.6100,4043969.5100,2665977.1180,5.2000,11.8100,0.9830,2.3095,1.1100,7.3333,7.3333,1.2691,0.2338,0.2338,4198126.5652,4114107.5044,1751037.9047,28043485.4555,27482238.1294,2.2992,2.2992,0.2581,0.2581,2.5806,5.4224
2019-04-17,6.7100,6.7300,6.6000,6.6200,-0.0600,-0.9000,2439230.2200,1623514.9950,5.1600,11.7000,0.5929,1.3930,0.6600,7.2674,7.2674,1.2577,0.2317,0.2317,4198126.5652,4114107.5044,1751037.9047,27791597.8616,27235391.6791,2.3200,2.3200,0.2504,0.2504,2.5037,5.2608
2019-04-18,6.6100,6.6300,6.5300,6.5500,-0.0700,-1.0600,1823552.2000,1199472.0580,5.1000,11.5800,0.4432,1.0414,0.5400,7.1906,7.1906,1.2444,0.2293,0.2293,4198126.5652,4114107.5044,1751037.9047,27497729.0021,26947404.1538,2.3448,2.3448,0.2542,0.2542,2.5416,5.3404
2019-04-19,6.5600,6.6100,6.5100,6.6000,0.0500,0.7600,1611289.7900,1057873.2010,5.1400,11.6700,0.3916,0.9202,0.5000,7.2455,7.2455,1.2539,0.2310,0.2310,4198126.5652,4114107.5044,1751037.9047,27707635.3303,27153109.5290,2.3271,2.3271,0.2561,0.2561,2.5610,5.3811
2019-04-22,6.6300,6.6500,6.3700,6.4000,-0.2000,-3.0300,2958322.3200,1914820.7020,4.9900,11.3200,0.7191,1.6895,0.9700,7.0259,7.0259,1.2159,0.2240,0.2240,4198126.5652,4114107.5044,1751037.9047,26868010.0173,26330288.0282,2.3998,2.3998,0.2534,0.2534,2.5339,5.3243
2019-04-23,6.4000,6.4400,6.3600,6.3800,-0.0200,-0.3100,1748192.7900,1119826.7650,4.9700,11.2800,0.4249,0.9984,0.6800,7.0040,7.0040,1.2121,0.2233,0.2233,4198126.5652,4114107.5044,1751037.9047,26784047.4860,26248005.8781,2.4073,2.4073,0.2625,0.2625,2.6250,5.5156
2019-04-24,6.4000,6.4300,6.3200,6.4000,0.0200,0.3100,1427028.9800,910498.8270,4.9900,11.3200,0.3469,0.8150,0.6700,7.0259,7.0259,1.2159,0.2240,0.2240,4198126.5652,4114107.5044,1751037.9047,26868010.0173,26330288.0282,2.3998,2.3998,0.2625,0.2625,2.6250,5.5156
2019-04-25,6.3800,6.3900,6.2000,6.2200,-0.1800,-2.8100,1878724.8600,1182317.7360,4.8500,11.0000,0.4567,1.0729,0.9800,6.8283,6.8283,1.1817,0.2177,0.2177,4198126.5652,4114107.5044,1751037.9047,26112347.2355,25589748.6774,2.4692,2.4692,0.2633,0.2633,2.6332,5.5329
2019-04-26,6.2000,6.2400,6.0900,6.1000,-0.1200,-1.9300,1975212.1400,1214934.5280,4.7500,10.7800,0.4801,1.1280,1.0300,6.6966,6.6966,1.1589,0.2135,0.2135,4198126.5652,4114107.5044,1751037.9047,25608572.0477,25096055.7768,2.5178,2.5178,0.2710,0.2710,2.7097,5.6935
2019-04-29,6.1400,6.2200,6.0900,6.1400,0.0400,0.6600,1676577.3200,1031595.9070,4.7800,10.8600,0.4075,0.9575,0.8400,6.7405,6.7405,1.1665,0.2149,0.2149,4198126.5652,4114107.5044,1751037.9047,25776497.1103,25260620.0770,2.5014,2.5014,0.2736,0.2736,2.7362,5.7492
2019-04-30,6.1100,6.1600,6.0900,6.1300,-0.0100,-0.1600,1152954.5700,706190.6460,4.7800,10.8400,0.2802,0.6584,0.6600,6.7295,6.6063,1.1152,0.2146,0.2098,4198126.5652,4114107.5044,1751037.9047,25734515.8447,25219479.0020,2.5055,2.5055,0.2750,0.2750,2.7496,5.7774
2019-05-06,6.0000,6.0500,5.7600,5.7900,-0.3400,-5.5500,2925283.7300,1722306.4260,4.5100,10.2400,0.7110,1.6706,1.8000,6.3563,6.2399,1.0533,0.2027,0.1981,4198126.5652,4114107.5044,1751037.9047,24307152.8125,23820682.4505,2.6526,2.6526,0.2800,0.2800,2.8000,5.8833
2019-05-07,5.8600,5.9100,5.8000,5.8400,0.0500,0.8600,1388850.3200,813188.5310,4.5500,10.3300,0.3376,0.7932,0.7200,6.4111,6.2937,1.0624,0.2044,0.1999,4198126.5652,4114107.5044,1751037.9047,24517059.1408,24026387.8257,2.6299,2.6299,0.2867,0.2867,2.8669,6.0239
2019-05-08,5.7900,5.8600,5.7100,5.7600,-0.0800,-1.3700,1272848.6200,735217.6780,4.4900,10.1800,0.3094,0.7269,0.7000,6.3233,6.2075,1.0479,0.2016,0.1971,4198126.5652,4114107.5044,1751037.9047,24181209.0156,23697259.2253,2.6664,2.6664,0.2902,0.2902,2.9016,6.0967
2019-05-09,5.7300,5.8100,5.6400,5.6500,-0.1100,-1.9100,1341119.4300,763286.4940,4.4000,9.9900,0.3260,0.7659,0.8000,6.2026,6.0890,1.0279,0.1978,0.1934,4198126.5652,4114107.5044,1751037.9047,23719415.0934,23244707.3999,2.7183,2.7183,0.2932,0.2932,2.9319,6.1606
2019-05-10,5.7200,5.7600,5.5800,5.7300,0.0800,1.4200,1530253.9000,874252.3020,4.4600,10.1300,0.3720,0.8739,0.9500,6.2904,6.1752,1.0424,0.2006,0.1961,4198126.5652,4114107.5044,1751037.9047,24055265.2186,23573836.0002,2.6804,2.6804,0.2937,0.2937,2.9371,6.1713
2019-05-13,5.6800,5.7200,5.6500,5.6700,-0.0600,-1.0500,937284.2100,533232.5490,4.4200,10.0200,0.2278,0.5353,0.5500,6.2245,6.1105,1.0315,0.1985,0.1940,4198126.5652,4114107.5044,1751037.9047,23803377.6247,23326989.5499,2.7087,2.7087,0.2958,0.2958,2.9577,6.2148
2019-05-14,5.6400,5.7400,5.6200,5.6300,-0.0400,-0.7100,991988.4500,562494.5590,4.3900,9.9500,0.2411,0.5665,0.7700,6.1806,6.0674,1.0242,0.1971,0.1927,4198126.5652,4114107.5044,1751037.9047,23635452.5621,23162425.2498,2.7280,2.7280,0.2979,0.2979,2.9787,6.2589
2019-05-15,5.6700,5.7500,5.6500,5.7000,0.0700,1.2400,1178438.7700,671396.2880,4.4400,10.0800,0.2864,0.6730,0.9700,6.2575,6.1429,1.0370,0.1995,0.1951,4198126.5652,4114107.5044,1751037.9047,23929321.4216,23450412.7751,2.6945,2.6945,0.2963,0.2963,2.9630,6.2257
2019-05-16,5.7000,5.7500,5.6700,5.7300,0.0300,0.5300,1173308.2800,670303.6970,4.4600,10.1300,0.2852,0.6701,0.9800,6.2904,6.1752,1.0424,0.2006,0.1961,4198126.5652,4114107.5044,1751037.9047,24055265.2186,23573836.0002,2.6804,2.6804,0.2947,0.2947,2.9474,6.1930
2019-05-17,5.7300,5.7400,5.6100,5.6300,-0.1000,-1.7500,1185530.0600,671889.1360,4.3900,9.9500,0.2882,0.6770,1.0200,6.1806,6.0674,1.0242,0.1971,0.1927,4198126.5652,4114107.5044,1751037.9047,23635452.5621,23162425.2498,2.7280,2.7280,0.2932,0.2932,2.9319,6.1606
2019-05-20,5.6200,5.6700,5.5100,5.5400,-0.0900,-1.6000,1125778.7800,626518.8350,4.3200,9.7900,0.2736,0.6429,1.0300,6.0818,5.9704,1.0079,0.1939,0.1896,4198126.5652,4114107.5044,1751037.9047,23257621.1712,22792155.5744,2.7723,2.7723,0.2989,0.2989,2.9893,6.2811
2019-05-21,5.5500,5.6100,5.5300,5.5600,0.0200,0.3600,995710.4100,554292.6940,4.3300,9.8300,0.2420,0.5686,0.8800,6.1038,5.9920,1.0115,0.1946,0.1903,4198126.5652,4114107.5044,1751037.9047,23341583.7025,22874437.7245,2.7623,2.7623,0.3027,0.3027,3.0270,6.3604
2019-05-22,5.5600,5.5700,5.4500,5.4800,-0.0800,-1.4400,1310919.8300,721478.8200,4.2700,9.6900,0.3186,0.7487,1.1600,6.0159,5.9058,0.9970,0.1918,0.1875,4198126.5652,4114107.5044,1751037.9047,23005733.5773,22545309.1241,2.8027,2.8027,0.3022,0.3022,3.0216,6.3489
2019-05-23,5.4700,5.5400,5.3900,5.4800,0.0000,0.0000,1349597.0300,737291.3350,4.2700,9.6900,0.3280,0.7707,1.1700,6.0159,5.9058,0.9970,0.1918,0.1875,4198126.5652,4114107.5044,1751037.9047,23005733.5773,22545309.1241,2.8027,2.8027,0.3071,0.3071,3.0713,6.4534
2019-05-24,5.4800,5.5500,5.4700,5.5100,0.0300,0.5500,864283.6600,476586.0560,4.2900,9.7400,0.2101,0.4936,0.7200,6.0489,5.9381,1.0024,0.1929,0.1886,4198126.5652,4114107.5044,1751037.9047,23131677.3743,22668732.3492,2.7874,2.7874,0.3066,0.3066,3.0657,6.4416
2019-05-27,5.5100,5.5900,5.4800,5.5700,0.0600,1.0900,864518.0800,479145.9130,4.3400,9.8500,0.2101,0.4937,0.7700,6.1147,6.0028,1.0133,0.1950,0.1906,4198126.5652,4114107.5044,1751037.9047,23383564.9682,22915578.7995,2.7574,2.7574,0.3049,0.3049,3.0490,6.4065
2019-05-28,5.5700,5.6300,5.5300,5.6000,0.0300,0.5400,1236495.5300,690647.5660,4.3600,9.9000,0.3006,0.7062,1.1500,6.1477,6.0351,1.0188,0.1960,0.1916,4198126.5652,4114107.5044,1751037.9047,23509508.7651,23039002.0246,2.7426,2.7426,0.3016,0.3016,3.0162,6.3375
2019-05-29,5.5600,5.6300,5.5500,5.5700,-0.0300,-0.5400,815978.0800,455548.5000,4.3400,9.8500,0.1983,0.4660,0.7300,6.1147,6.0028,1.0133,0.1950,0.1906,4198126.5652,4114107.5044,1751037.9047,23383564.9682,22915578.7995,2.7574,2.7574,0.3022,0.3022,3.0216,6.3489
2019-05-30,5.5700,5.6100,5.5500,5.6000,0.0300,0.5400,832209.9600,464408.8950,4.3600,9.9000,0.2023,0.4753,0.8100,6.1477,6.0351,1.0188,0.1960,0.1916,4198126.5652,4114107.5044,1751037.9047,23509508.7651,23039002.0246,2.7426,2.7426,0.3016,0.3016,3.0162,6.3375
2019-05-31,5.6000,5.6500,5.5800,5.6100,0.0100,0.1800,793840.1500,446880.5110,4.3700,9.9200,0.1930,0.4534,0.8600,6.1586,6.0459,1.0206,0.1964,0.1920,4198126.5652,4114107.5044,1751037.9047,23551490.0308,23080143.0997,2.7377,2.7377,0.3000,0.3000,3.0000,6.3036
2019-06-03,5.6100,5.6900,5.5800,5.6300,0.0200,0.3600,918362.7700,517841.5190,4.3900,9.9500,0.2232,0.5245,1.0100,6.1806,6.0674,1.0242,0.1971,0.1927,4198126.5652,4114107.5044,1751037.9047,23635452.5621,23162425.2498,2.7280,2.7280,0.2995,0.2995,2.9947,6.2923
2019-06-04,5.6500,5.6600,5.5600,5.5900,-0.0400,-0.7100,620917.1800,347606.3130,4.3600,9.8800,0.1509,0.3546,0.6800,6.1367,6.0243,1.0170,0.1957,0.1913,4198126.5652,4114107.5044,1751037.9047,23467527.4995,22997860.9496,2.7475,2.7475,0.2973,0.2973,2.9735,6.2478
2019-06-05,5.6400,5.7000,5.6300,5.6600,0.0700,1.2500,911485.9200,516563.3170,4.4100,10.0100,0.2216,0.5205,1.1400,6.2135,6.0998,1.0297,0.1981,0.1937,4198126.5652,4114107.5044,1751037.9047,23761396.3590,23285848.4749,2.7135,2.7135,0.2979,0.2979,2.9787,6.2589
2019-06-06,5.6800,5.7000,5.6400,5.6700,0.0100,0.1800,650453.5600,369114.7270,4.4200,10.0200,0.1581,0.3715,0.8000,6.2245,6.1105,1.0315,0.1985,0.1940,4198126.5652,4114107.5044,1751037.9047,23803377.6247,23326989.5499,2.7087,2.7087,0.2958,0.2958,2.9577,6.2148
2019-06-10,5.6900,5.8000,5.6800,5.7400,0.0700,1.2300,1056883.4200,607552.2350,4.4700,10.1500,0.2569,0.6036,1.3600,6.3014,6.1860,1.0443,0.2009,0.1964,4198126.5652,4114107.5044,1751037.9047,24097246.4842,23614977.0753,2.6757,2.6757,0.2953,0.2953,2.9525,6.2039
2019-06-11,5.9200,6.0400,5.9100,5.9700,0.2300,4.0100,2384461.2300,1418657.2600,4.6500,10.5500,0.5796,1.3617,2.8700,6.5539,6.4338,1.0861,0.2090,0.2043,4198126.5652,4114107.5044,1751037.9047,25062815.5942,24561221.8013,2.5726,2.5726,0.2838,0.2838,2.8378,5.9628
2019-06-12,5.9600,5.9800,5.9200,5.9300,-0.0400,-0.6700,900834.0800,535576.2530,4.6200,10.4800,0.2190,0.5145,0.8000,6.5099,6.3907,1.0788,0.2076,0.2029,4198126.5652,4114107.5044,1751037.9047,24894890.5316,24396657.5011,2.5900,2.5900,0.2819,0.2819,2.8188,5.9228
2019-06-13,5.9200,5.9600,5.8500,5.9200,-0.0100,-0.1700,1041157.7200,615264.1490,4.6100,10.4700,0.2531,0.5946,0.8800,6.4990,6.3800,1.0770,0.2072,0.2026,4198126.5652,4114107.5044,1751037.9047,24852909.2660,24355516.4260,2.5944,2.5944,0.2838,0.2838,2.8378,5.9628
2019-06-14,5.8000,5.8000,5.7100,5.7300,-0.1900,-3.2100,820642.5500,471657.9770,4.6000,10.4300,0.1995,0.4687,0.6800,6.2904,6.1752,1.0382,0.2006,0.1961,4198126.5652,4114107.5044,1751037.9047,24055265.2186,23573836.0002,2.6804,5.6123,0.2897,0.2897,2.8966,6.0862
2019-06-17,5.7400,5.7700,5.7100,5.7200,-0.0100,-0.1700,679389.7900,389885.1550,4.5900,10.4100,0.1651,0.3880,0.5500,6.2794,6.1644,1.0364,0.2002,0.1957,4198126.5652,4114107.5044,1751037.9047,24013283.9529,23532694.9252,2.6851,5.6221,0.2927,0.2927,2.9268,6.1498
2019-06-18,5.7400,5.7600,5.6800,5.6800,-0.0400,-0.7000,578690.0100,330237.3520,4.5600,10.3400,0.1407,0.3305,0.5000,6.2355,6.1213,1.0291,0.1988,0.1944,4198126.5652,4114107.5044,1751037.9047,23845358.8903,23368130.6250,2.7040,5.6617,0.2927,0.2927,2.9268,6.1498
2019-06-19,5.7800,5.8100,5.7500,5.7600,0.0800,1.4100,925076.8000,534300.9700,4.6200,10.4800,0.2249,0.5283,1.1500,6.3233,6.2075,1.0436,0.2016,0.1971,4198126.5652,4114107.5044,1751037.9047,24181209.0156,23697259.2253,2.6664,5.5831,0.2907,0.2907,2.9066,6.1073
2019-06-20,5.7700,5.9000,5.7400,5.8600,0.1000,1.7400,1358902.3700,792138.4870,4.7000,10.6700,0.3303,0.7761,1.6800,6.4331,6.3153,1.0617,0.2051,0.2005,4198126.5652,4114107.5044,1751037.9047,24601021.6721,24108669.9758,2.6209,5.4878,0.2912,0.2912,2.9116,6.1179
2019-06-21,5.8700,5.9100,5.8500,5.8600,0.0000,0.0000,1026289.0700,602707.4750,4.7000,10.6700,0.2495,0.5861,1.1800,6.4331,6.3153,1.0617,0.2051,0.2005,4198126.5652,4114107.5044,1751037.9047,24601021.6721,24108669.9758,2.6209,5.4878,0.2862,0.2862,2.8620,6.0136
2019-06-24,5.8700,5.9000,5.8400,5.8900,0.0300,0.5100,694722.7600,407933.1910,4.7200,10.7200,0.1689,0.3967,0.7600,6.4660,6.3476,1.0672,0.2062,0.2016,4198126.5652,4114107.5044,1751037.9047,24726965.4690,24232093.2009,2.6076,5.4599,0.2862,0.2862,2.8620,6.0136
2019-06-25,5.9000,5.9100,5.8100,5.8300,-0.0600,-1.0200,778805.5100,455731.0070,4.6800,10.6100,0.1893,0.4448,0.8500,6.4002,6.2830,1.0563,0.2041,0.1995,4198126.5652,4114107.5044,1751037.9047,24475077.8751,23985246.7507,2.6344,5.5161,0.2847,0.2847,2.8475,5.9831
2019-06-26,5.8300,5.8800,5.8100,5.8400,0.0100,0.1700,535243.5100,313237.5590,4.6800,10.6300,0.1301,0.3057,0.5600,6.4111,6.2937,1.0581,0.2044,0.1999,4198126.5652,4114107.5044,1751037.9047,24517059.1408,24026387.8257,2.6299,5.5066,0.2882,0.2882,2.8816,6.0549
2019-06-27,5.8400,5.9100,5.8400,5.8600,0.0200,0.3400,674289.3300,396544.0310,4.7000,10.6700,0.1639,0.3851,0.7700,6.4331,6.3153,1.0617,0.2051,0.2005,4198126.5652,4114107.5044,1751037.9047,24601021.6721,24108669.9758,2.6209,5.4878,0.2877,0.2877,2.8767,6.0445
2019-06-28,5.8700,5.8800,5.7200,5.7500,-0.1100,-1.8800,1012869.7600,584055.1290,4.6100,10.4600,0.2462,0.5784,1.3700,6.3123,6.1968,1.0418,0.2013,0.1968,4198126.5652,4114107.5044,1751037.9047,24139227.7499,23656118.1503,2.6711,5.5928,0.2862,0.2862,2.8620,6.0136
2019-07-01,5.8300,5.8800,5.8100,5.8700,0.1200,2.0900,1153383.6900,675304.4330,4.7100,10.6800,0.2803,0.6587,1.5600,6.4441,6.3261,1.0636,0.2055,0.2009,4198126.5652,4114107.5044,1751037.9047,24643002.9377,24149811.0508,2.6165,2.8620,0.2882,0.2882,2.8816,6.0549
2019-07-02,5.8600,5.9200,5.8400,5.9100,0.0400,0.6800,970978.8600,571737.5330,4.7400,10.7600,0.2360,0.5545,1.1700,6.4880,6.3692,1.0708,0.2069,0.2023,4198126.5652,4114107.5044,1751037.9047,24810928.0003,24314375.3510,2.5987,2.8426,0.2867,0.2867,2.8669,6.0239
2019-07-03,5.9000,5.9400,5.8700,5.9400,0.0300,0.5100,863413.4300,509917.3560,4.7600,10.8100,0.2099,0.4931,0.9900,6.5209,6.4015,1.0762,0.2079,0.2033,4198126.5652,4114107.5044,1751037.9047,24936871.7973,24437798.5761,2.5856,2.8283,0.2847,0.2847,2.8475,5.9831
2019-07-04,5.9600,6.1300,5.9500,6.0500,0.1100,1.8500,1967366.8400,1192308.1400,4.8500,11.0100,0.4782,1.1235,2.1000,6.6417,6.5201,1.0962,0.2118,0.2070,4198126.5652,4114107.5044,1751037.9047,25398665.7195,24890350.4016,2.5386,2.7769,0.2819,0.2819,2.8188,5.9228
2019-07-05,6.0400,6.0500,5.9700,6.0200,-0.0300,-0.5000,852892.8200,513252.5610,4.8300,10.9600,0.2073,0.4871,0.7100,6.6087,6.4877,1.0907,0.2107,0.2060,4198126.5652,4114107.5044,1751037.9047,25272721.9225,24766927.1765,2.5513,2.7907,0.2781,0.2781,2.7815,5.8444
2019-07-08,5.9800,6.0100,5.8500,5.8900,-0.1300,-2.1600,961051.1000,567201.8030,4.7200,10.7200,0.2336,0.5488,0.8300,6.4660,6.3476,1.0672,0.2062,0.2016,4198126.5652,4114107.5044,1751037.9047,24726965.4690,24232093.2009,2.6076,2.8523,0.2809,0.2809,2.8094,5.9030
2019-07-09,5.8600,5.8900,5.8000,5.8100,-0.0800,-1.3600,663745.7600,387489.6120,4.6600,10.5700,0.1613,0.3791,0.5900,6.3782,6.2614,1.0527,0.2034,0.1988,4198126.5652,4114107.5044,1751037.9047,24391115.3438,23902964.6006,2.6435,2.8916,0.2867,0.2867,2.8669,6.0239
2019-07-10,5.8500,5.8500,5.7400,5.7700,-0.0400,-0.6900,551406.1700,319483.3280,4.6300,10.5000,0.1340,0.3149,0.5200,6.3343,6.2183,1.0454,0.2020,0.1975,4198126.5652,4114107.5044,1751037.9047,24223190.2812,23738400.3004,2.6618,2.9116,0.2872,0.2872,2.8718,6.0342
2019-07-11,5.8000,5.8500,5.7800,5.7800,0.0100,0.1700,506963.5900,294592.5120,4.6400,10.5200,0.1232,0.2895,0.5100,6.3453,6.2291,1.0472,0.2023,0.1978,4198126.5652,4114107.5044,1751037.9047,24265171.5469,23779541.3754,2.6572,2.9066,0.2897,0.2897,2.8966,6.0862
2019-07-12,5.8000,5.8800,5.7800,5.8500,0.0700,1.2100,582061.3100,340461.5950,4.6900,10.6500,0.1415,0.3324,0.8200,6.4221,6.3045,1.0599,0.2048,0.2002,4198126.5652,4114107.5044,1751037.9047,24559040.4064,24067528.9007,2.6254,2.8718,0.2897,0.2897,2.8966,6.0862
2019-07-15,5.8200,5.9400,5.7500,5.9300,0.0800,1.3700,793429.2200,464659.7750,4.7600,10.7900,0.1929,0.4531,1.2100,6.5099,6.3907,1.0744,0.2076,0.2029,4198126.5652,4114107.5044,1751037.9047,24894890.5316,24396657.5011,2.5900,2.8331,0.2887,0.2887,2.8866,6.0653
2019-07-16,5.9200,5.9700,5.9000,5.9600,0.0300,0.5100,552026.8700,327498.8760,4.7800,10.8500,0.1342,0.3153,0.8900,6.5429,6.4231,1.0799,0.2086,0.2040,4198126.5652,4114107.5044,1751037.9047,25020834.3286,24520080.7262,2.5769,2.8188,0.2838,0.2838,2.8378,5.9628
2019-07-17,5.9600,6.0100,5.9100,5.9400,-0.0200,-0.3400,619515.2800,369916.1800,4.7600,10.8100,0.1506,0.3538,1.0400,6.5209,6.4015,1.0762,0.2079,0.2033,4198126.5652,4114107.5044,1751037.9047,24936871.7973,24437798.5761,2.5856,2.8283,0.2819,0.2819,2.8188,5.9228
2019-07-18,5.9100,5.9700,5.8800,5.9300,-0.0100,-0.1700,488730.7000,289712.4140,4.7600,10.7900,0.1188,0.2791,0.8000,6.5099,6.3907,1.0744,0.2076,0.2029,4198126.5652,4114107.5044,1751037.9047,24894890.5316,24396657.5011,2.5900,2.8331,0.2843,0.2843,2.8426,5.9729
2019-07-19,5.9700,6.0300,5.9400,6.0000,0.0700,1.1800,809810.4000,486062.7590,4.8100,10.9200,0.1968,0.4625,1.3300,6.5868,6.4662,1.0871,0.2100,0.2053,4198126.5652,4114107.5044,1751037.9047,25188759.3912,24684645.0264,2.5598,2.8000,0.2814,0.2814,2.8141,5.9129
2019-07-22,6.0200,6.0300,5.9200,5.9400,-0.0600,-1.0000,811369.7300,485732.3430,4.7600,10.8100,0.1972,0.4634,1.2400,6.5209,6.4015,1.0762,0.2079,0.2033,4198126.5652,4114107.5044,1751037.9047,24936871.7973,24437798.5761,2.5856,2.8283,0.2791,0.2791,2.7907,5.8638
2019-07-23,5.9300,6.0700,5.9200,6.0500,0.1100,1.8500,1077243.4600,650250.0210,4.8500,11.0100,0.2618,0.6152,1.6400,6.6417,6.5201,1.0962,0.2118,0.2070,4198126.5652,4114107.5044,1751037.9047,25398665.7195,24890350.4016,2.5386,2.7769,0.2833,0.2833,2.8331,5.9528
2019-07-24,6.0900,6.1100,6.0200,6.0400,-0.0100,-0.1700,788228.1200,477542.6090,4.8400,10.9900,0.1916,0.4501,1.0400,6.6307,6.5093,1.0944,0.2114,0.2067,4198126.5652,4114107.5044,1751037.9047,25356684.4538,24849209.3266,2.5428,2.7815,0.2759,0.2759,2.7586,5.7964
2019-07-25,6.0500,6.0700,6.0200,6.0400,0.0000,0.0000,543074.5500,327829.3800,4.8400,10.9900,0.1320,0.3101,0.6800,6.6307,6.5093,1.0944,0.2114,0.2067,4198126.5652,4114107.5044,1751037.9047,25356684.4538,24849209.3266,2.5428,2.7815,0.2777,0.2777,2.7769,5.8347
2019-07-26,6.0100,6.0600,5.9800,6.0300,-0.0100,-0.1700,696833.1600,419634.5470,4.8400,10.9700,0.1694,0.3980,0.8600,6.6197,6.4985,1.0925,0.2111,0.2064,4198126.5652,4114107.5044,1751037.9047,25314703.1882,24808068.2515,2.5470,2.7861,0.2795,0.2795,2.7953,5.8735
2019-07-29,6.0300,6.0500,6.0000,6.0100,-0.0200,-0.3300,489269.7800,294843.4450,4.8200,10.9400,0.1189,0.2794,0.6200,6.5978,6.4770,1.0889,0.2104,0.2057,4198126.5652,4114107.5044,1751037.9047,25230740.6569,24725786.1014,2.5555,2.7953,0.2786,0.2786,2.7861,5.8541
2019-07-30,6.0100,6.0600,6.0100,6.0300,0.0200,0.3300,533817.2500,322373.6820,4.8400,10.9700,0.1298,0.3049,0.7400,6.6197,6.4985,1.0925,0.2111,0.2064,4198126.5652,4114107.5044,1751037.9047,25314703.1882,24808068.2515,2.5470,2.7861,0.2795,0.2795,2.7953,5.8735
2019-07-31,6.0000,6.0300,5.8700,5.8900,-0.1400,-2.3200,1161363.8500,686655.1430,4.7200,10.7200,0.2823,0.6632,1.9000,6.4660,6.3476,1.0672,0.2062,0.2016,4198126.5652,4114107.5044,1751037.9047,24726965.4690,24232093.2009,2.6076,2.8523,0.2800,0.2800,2.8000,5.8833
2019-08-01,5.8800,5.8800,5.8100,5.8200,-0.0700,-1.1900,687644.1100,401467.5380,4.6700,10.5900,0.1671,0.3927,1.0000,6.3892,6.2722,1.0545,0.2037,0.1992,4198126.5652,4114107.5044,1751037.9047,24433096.6095,23944105.6756,2.6389,2.8866,0.2857,0.2857,2.8571,6.0034
2019-08-02,5.7100,5.7900,5.7000,5.7800,-0.0400,-0.6900,911813.1000,523957.7220,4.6400,10.5200,0.2216,0.5207,1.2800,6.3453,6.2291,1.0472,0.2023,0.1978,4198126.5652,4114107.5044,1751037.9047,24265171.5469,23779541.3754,2.6572,2.9066,0.2942,0.2942,2.9422,6.1821
2019-08-05,5.7300,5.7600,5.6200,5.6400,-0.1400,-2.4200,893322.0800,507702.9290,4.5200,10.2600,0.2171,0.5102,1.1800,6.1916,6.0782,1.0219,0.1974,0.1930,4198126.5652,4114107.5044,1751037.9047,23677433.8277,23203566.3248,2.7232,2.9787,0.2932,0.2932,2.9319,6.1606
2019-08-06,5.5600,5.6200,5.5000,5.5900,-0.0500,-0.8900,953420.3000,529459.5150,4.4800,10.1700,0.2317,0.5445,1.1400,6.1367,6.0243,1.0128,0.1957,0.1913,4198126.5652,4114107.5044,1751037.9047,23467527.4995,22997860.9496,2.7475,3.0054,0.3022,0.3022,3.0216,6.3489
2019-08-07,5.6200,5.6400,5.5400,5.5500,-0.0400,-0.7200,650828.7400,362829.5110,4.4500,10.1000,0.1582,0.3717,0.7100,6.0928,5.9812,1.0056,0.1943,0.1899,4198126.5652,4114107.5044,1751037.9047,23299602.4369,22833296.6494,2.7673,3.0270,0.2989,0.2989,2.9893,6.2811
2019-08-08,5.5800,5.6000,5.5600,5.5900,0.0400,0.7200,600712.5300,335165.3280,4.4800,10.1700,0.1460,0.3431,0.7300,6.1367,6.0243,1.0128,0.1957,0.1913,4198126.5652,4114107.5044,1751037.9047,23467527.4995,22997860.9496,2.7475,3.0054,0.3011,0.3011,3.0108,6.3262
2019-08-09,5.6000,5.6300,5.5300,5.5500,-0.0400,-0.7200,578018.9600,322349.9220,4.4500,10.1000,0.1405,0.3301,0.7200,6.0928,5.9812,1.0056,0.1943,0.1899,4198126.5652,4114107.5044,1751037.9047,23299602.4369,22833296.6494,2.7673,3.0270,0.3000,0.3000,3.0000,6.3036
2019-08-12,5.5700,5.6200,5.5300,5.6000,0.0500,0.9000,585413.4500,326904.4100,4.4900,10.1900,0.1423,0.3343,0.8000,6.1477,6.0351,1.0146,0.1960,0.1916,4198126.5652,4114107.5044,1751037.9047,23509508.7651,23039002.0246,2.7426,3.0000,0.3016,0.3016,3.0162,6.3375
2019-08-13,5.5700,5.5700,5.4600,5.4800,-0.1200,-2.1400,906589.7000,498521.9380,4.4000,9.9700,0.2204,0.5177,1.3500,6.0159,5.9058,0.9929,0.1918,0.1875,4198126.5652,4114107.5044,1751037.9047,23005733.5773,22545309.1241,2.8027,3.0657,0.3016,0.3016,3.0162,6.3375
2019-08-14,5.5300,5.5500,5.4400,5.4400,-0.0400,-0.7300,752693.5000,412792.4790,4.3600,9.9000,0.1830,0.4299,1.1300,5.9720,5.8627,0.9856,0.1904,0.1862,4198126.5652,4114107.5044,1751037.9047,22837808.5147,22380744.8239,2.8233,3.0882,0.3038,0.3038,3.0380,6.3834
2019-08-15,5.3800,5.4700,5.3300,5.4700,0.0300,0.5500,634732.8300,343448.1390,4.3900,9.9600,0.1543,0.3625,0.9300,6.0050,5.8950,0.9911,0.1915,0.1872,4198126.5652,4114107.5044,1751037.9047,22963752.3116,22504168.0491,2.8078,3.0713,0.3123,0.3123,3.1227,6.5613
2019-08-16,5.4800,5.4900,5.4200,5.4500,-0.0200,-0.3700,632200.4700,345032.4080,4.3700,9.9200,0.1537,0.3610,0.9100,5.9830,5.8734,0.9875,0.1908,0.1865,4198126.5652,4114107.5044,1751037.9047,22879789.7803,22421885.8990,2.8181,3.0826,0.3066,0.3066,3.0657,6.4416
2019-08-19,5.5000,5.6000,5.4800,5.5900,0.1400,2.5700,1128485.1600,627648.9860,4.4800,10.1700,0.2743,0.6445,1.6100,6.1367,6.0243,1.0128,0.1957,0.1913,4198126.5652,4114107.5044,1751037.9047,23467527.4995,22997860.9496,2.7475,3.0054,0.3055,0.3055,3.0545,6.4182
2019-08-20,5.5700,5.6500,5.5700,5.6200,0.0300,0.5400,669674.5800,376737.0320,4.5100,10.2300,0.1628,0.3824,0.8300,6.1696,6.0567,1.0183,0.1967,0.1923,4198126.5652,4114107.5044,1751037.9047,23593471.2964,23121284.1747,2.7328,2.9893,0.3016,0.3016,3.0162,6.3375
2019-08-21,5.6100,5.6500,5.6000,5.6000,-0.0200,-0.3600,487221.9300,273941.7590,4.4900,10.1900,0.1184,0.2782,0.6400,6.1477,6.0351,1.0146,0.1960,0.1916,4198126.5652,4114107.5044,1751037.9047,23509508.7651,23039002.0246,2.7426,3.0000,0.2995,0.2995,2.9947,6.2923
2019-08-22,5.6200,5.6300,5.5400,5.5700,-0.0300,-0.5400,481032.6600,268422.8050,4.4700,10.1400,0.1169,0.2747,0.6800,6.1147,6.0028,1.0092,0.1950,0.1906,4198126.5652,4114107.5044,1751037.9047,23383564.9682,22915578.7995,2.7574,3.0162,0.2989,0.2989,2.9893,6.2811
2019-08-23,5.5800,5.6000,5.5500,5.5600,-0.0100,-0.1800,569804.8000,317408.6250,4.4600,10.1200,0.1385,0.3254,0.8400,6.1038,5.9920,1.0074,0.1946,0.1903,4198126.5652,4114107.5044,1751037.9047,23341583.7025,22874437.7245,2.7623,3.0216,0.3011,0.3011,3.0108,6.3262
2019-08-26,5.4600,5.5000,5.4200,5.4500,-0.1100,-1.9800,1050514.1000,572485.4260,4.3700,9.9200,0.2553,0.5999,1.5700,5.9830,5.8734,0.9875,0.1908,0.1865,4198126.5652,4114107.5044,1751037.9047,22879789.7803,22421885.8990,2.8181,3.0826,0.3077,0.3077,3.0769,6.4652
2019-08-27,5.4800,5.5800,5.4700,5.4800,0.0300,0.5500,1289159.1300,712987.8310,4.4000,9.9700,0.3134,0.7362,1.9800,6.0159,5.9058,0.9929,0.1918,0.1875,4198126.5652,4114107.5044,1751037.9047,23005733.5773,22545309.1241,2.8027,3.0657,0.3066,0.3066,3.0657,6.4416
2019-08-28,5.5300,5.5900,5.5100,5.5700,0.0900,1.6400,722688.5900,402155.9700,4.4700,10.1400,0.1757,0.4127,0.9300,6.1147,6.0028,1.0092,0.1950,0.1906,4198126.5652,4114107.5044,1751037.9047,23383564.9682,22915578.7995,2.7574,3.0162,0.3038,0.3038,3.0380,6.3834
2019-08-29,5.5300,5.5500,5.4600,5.5000,-0.0700,-1.2600,754250.8700,414982.5650,4.4100,10.0100,0.1833,0.5862,0.9200,6.0379,5.8585,0.9920,0.1925,0.1782,4198126.5652,4114107.5044,1286623.5393,23089696.1086,22627591.2742,2.7925,3.0545,0.3038,0.3038,3.0380,6.3834
2019-08-30,5.5500,5.5600,5.4500,5.4700,-0.0300,-0.5500,615056.6000,338570.9480,4.3900,9.9600,0.1495,0.3513,0.7000,6.0050,5.8266,0.9866,0.1915,0.1772,4198126.5652,4114107.5044,1751037.9047,22963752.3116,22504168.0491,2.8078,3.0713,0.3027,0.3027,3.0270,6.3604
2019-09-02,5.4700,5.5900,5.4700,5.5600,0.0900,1.6500,786611.7900,437075.8890,4.4600,10.1200,0.1912,0.4492,0.8900,6.1038,5.9224,1.0029,0.1946,0.1801,4198126.5652,4114107.5044,1751037.9047,23341583.7025,22874437.7245,2.7623,3.0216,0.3071,0.3071,3.0713,6.4534
2019-09-03,5.5700,5.6300,5.5400,5.6200,0.0600,1.0800,915432.6700,511020.5960,4.5100,10.2300,0.2225,0.5228,1.1000,6.1696,5.9864,1.0137,0.1967,0.1821,4198126.5652,4114107.5044,1751037.9047,23593471.2964,23121284.1747,2.7328,2.9893,0.3016,0.3016,3.0162,6.3375
2019-09-04,5.6100,5.8400,5.6000,5.7800,0.1600,2.8500,1986477.4900,1140194.5870,4.6400,10.5200,0.4828,1.1345,2.6200,6.3453,6.1568,1.0425,0.2023,0.1873,4198126.5652,4114107.5044,1751037.9047,24265171.5469,23779541.3754,2.6572,2.9066,0.2995,0.2995,2.9947,6.2923
2019-09-05,5.8200,5.8600,5.7400,5.7600,-0.0200,-0.3500,1596458.4000,927013.0260,4.6200,10.4800,0.3880,0.9117,1.5800,6.3233,6.1355,1.0389,0.2016,0.1866,4198126.5652,4114107.5044,1751037.9047,24181209.0156,23697259.2253,2.6664,2.9167,0.2887,0.2887,2.8866,6.0653
2019-09-06,5.8000,5.8100,5.7200,5.7700,0.0100,0.1700,873298.5100,501759.4340,4.6300,10.5000,0.2123,0.4987,0.7400,6.3343,6.1461,1.0407,0.2020,0.1869,4198126.5652,4114107.5044,1751037.9047,24223190.2812,23738400.3004,2.6618,2.9116,0.2897,0.2897,2.8966,6.0862
2019-09-09,5.8200,5.8200,5.7300,5.7700,0.0000,0.0000,1041894.9100,600575.0960,4.6300,10.5000,0.2532,0.5950,0.8500,6.3343,6.1461,1.0407,0.2020,0.1869,4198126.5652,4114107.5044,1751037.9047,24223190.2812,23738400.3004,2.6618,2.9116,0.2887,0.2887,2.8866,6.0653
2019-09-10,5.7600,5.7800,5.7000,5.7500,-0.0200,-0.3500,792473.1400,453571.9630,4.6100,10.4600,0.1926,0.4526,0.6200,6.3123,6.1248,1.0371,0.2013,0.1863,4198126.5652,4114107.5044,1751037.9047,24139227.7499,23656118.1503,2.6711,2.9217,0.2917,0.2917,2.9167,6.1285
2019-09-11,5.7600,5.8000,5.7200,5.7600,0.0100,0.1700,833769.1900,480160.4610,4.6200,10.4800,0.2027,0.4762,0.6600,6.3233,6.1355,1.0389,0.2016,0.1866,4198126.5652,4114107.5044,1751037.9047,24181209.0156,23697259.2253,2.6664,2.9167,0.2917,0.2917,2.9167,6.1285
2019-09-12,5.7900,5.8400,5.7700,5.8300,0.0700,1.2200,1174351.0800,682709.2880,4.6800,10.6100,0.2854,0.6707,1.1400,6.4002,6.2100,1.0516,0.2041,0.1889,4198126.5652,4114107.5044,1751037.9047,24475077.8751,23985246.7507,2.6344,2.8816,0.2902,0.2902,2.9016,6.0967
2019-09-16,5.8300,5.8300,5.7500,5.7700,-0.0600,-1.0300,885811.5900,511746.0010,4.6300,10.5000,0.2153,0.5059,0.9400,6.3343,6.1461,1.0407,0.2020,0.1869,4198126.5652,4114107.5044,1751037.9047,24223190.2812,23738400.3004,2.6618,2.9116,0.2882,0.2882,2.8816,6.0549
2019-09-17,5.7600,5.7800,5.6700,5.6800,-0.0900,-1.5600,760463.7200,435088.7030,4.5600,10.3400,0.1848,0.4343,0.8000,6.2355,6.0503,1.0245,0.1988,0.1840,4198126.5652,4114107.5044,1751037.9047,23845358.8903,23368130.6250,2.7040,2.9577,0.2917,0.2917,2.9167,6.1285
2019-09-18,5.7100,5.7500,5.6700,5.6800,0.0000,0.0000,760624.0300,434005.1390,4.5600,10.3400,0.1849,0.4344,0.8600,6.2355,6.0503,1.0245,0.1988,0.1840,4198126.5652,4114107.5044,1751037.9047,23845358.8903,23368130.6250,2.7040,2.9577,0.2942,0.2942,2.9422,6.1821
2019-09-19,5.6900,5.7100,5.6400,5.6700,-0.0100,-0.1800,694198.9000,393399.7640,4.5500,10.3200,0.1687,0.3964,0.7900,6.2245,6.0396,1.0227,0.1985,0.1837,4198126.5652,4114107.5044,1751037.9047,23803377.6247,23326989.5499,2.7087,2.9630,0.2953,0.2953,2.9525,6.2039
2019-09-20,5.6600,5.6800,5.5600,5.5800,-0.0900,-1.5900,1999603.8700,1116689.5300,4.4800,10.1600,0.4860,1.1420,2.3400,6.1257,5.9437,1.0065,0.1953,0.1808,4198126.5652,4114107.5044,1751037.9047,23425546.2338,22956719.8746,2.7524,3.0108,0.2968,0.2968,2.9682,6.2367
2019-09-23,5.5500,5.5600,5.5000,5.5100,-0.0700,-1.2500,909777.9700,501777.8930,4.4200,10.0300,0.2211,0.5196,0.8900,6.0489,5.8692,0.9938,0.1929,0.1785,4198126.5652,4114107.5044,1751037.9047,23131677.3743,22668732.3492,2.7874,3.0490,0.3027,0.3027,3.0270,6.3604
2019-09-24,5.5400,5.5400,5.4900,5.5000,-0.0100,-0.1800,812888.5300,448023.7320,4.4100,10.0100,0.1976,0.4642,0.7900,6.0379,5.8585,0.9920,0.1925,0.1782,4198126.5652,4114107.5044,1751037.9047,23089696.1086,22627591.2742,2.7925,3.0545,0.3032,0.3032,3.0325,6.3718
2019-09-25,5.4900,5.5000,5.4600,5.4700,-0.0300,-0.5500,619319.6600,339171.9160,4.3900,9.9600,0.1505,0.3537,0.6000,6.0050,5.8266,0.9866,0.1915,0.1772,4198126.5652,4114107.5044,1751037.9047,22963752.3116,22504168.0491,2.8078,3.0713,0.3060,0.3060,3.0601,6.4299
2019-09-26,5.4900,5.5000,5.4500,5.4500,-0.0200,-0.3700,750299.5200,410479.7500,4.3700,9.9200,0.1824,0.4285,0.7400,5.9830,5.8053,0.9830,0.1908,0.1766,4198126.5652,4114107.5044,1751037.9047,22879789.7803,22421885.8990,2.8181,3.0826,0.3060,0.3060,3.0601,6.4299
2019-09-27,5.4700,5.5000,5.4400,5.4700,0.0200,0.3700,675486.9700,369093.0280,4.3900,9.9600,0.1642,0.3858,0.6600,6.0050,5.8266,0.9866,0.1915,0.1772,4198126.5652,4114107.5044,1751037.9047,22963752.3116,22504168.0491,2.8078,3.0713,0.3071,0.3071,3.0713,6.4534
2019-09-30,5.4600,5.5000,5.4300,5.4300,-0.0400,-0.7300,620340.4600,339332.7060,4.3600,9.8800,0.1508,0.3543,0.8200,5.9610,5.7840,0.9794,0.1901,0.1759,4198126.5652,4114107.5044,1751037.9047,22795827.2490,22339603.7489,2.8285,3.0939,0.3077,0.3077,3.0769,6.4652
2019-10-08,5.4600,5.5000,5.4200,5.4500,0.0200,0.3700,987853.9400,538901.9620,4.3700,9.9200,0.2401,0.5642,1.4200,5.9830,5.8053,0.9830,0.1908,0.1766,4198126.5652,4114107.5044,1751037.9047,22879789.7803,22421885.8990,2.8181,3.0826,0.3077,0.3077,3.0769,6.4652
2019-10-09,5.4300,5.5100,5.4100,5.4800,0.0300,0.5500,814814.3600,445101.7910,4.4000,9.9700,0.1981,0.4653,1.1200,6.0159,5.8372,0.9884,0.1918,0.1775,4198126.5652,4114107.5044,1751037.9047,23005733.5773,22545309.1241,2.8027,3.0657,0.3094,0.3094,3.0939,6.5009
2019-10-10,5.4800,5.4900,5.4500,5.4800,0.0000,0.0000,827362.8800,452519.5280,4.4000,9.9700,0.2011,0.4725,1.0700,6.0159,5.8372,0.9884,0.1918,0.1775,4198126.5652,4114107.5044,1751037.9047,23005733.5773,22545309.1241,2.8027,3.0657,0.3066,0.3066,3.0657,6.4416
2019-10-11,5.4900,5.5300,5.4500,5.5100,0.0300,0.5500,1165147.3700,639195.1010,4.4200,10.0300,0.2832,0.6654,1.4800,6.0489,5.8692,0.9938,0.1929,0.1785,4198126.5652,4114107.5044,1751037.9047,23131677.3743,22668732.3492,2.7874,3.0490,0.3060,0.3060,3.0601,6.4299
2019-10-14,5.5500,5.6200,5.5300,5.5600,0.0500,0.9100,1630982.8500,909039.1760,4.4600,10.1200,0.3964,0.9314,1.8500,6.1038,5.9224,1.0029,0.1946,0.1801,4198126.5652,4114107.5044,1751037.9047,23341583.7025,22874437.7245,2.7623,3.0216,0.3027,0.3027,3.0270,6.3604
2019-10-15,5.5500,5.5500,5.4800,5.4900,-0.0700,-1.2600,1061005.4000,584694.6960,4.4000,9.9900,0.2579,0.6059,0.9800,6.0269,5.8479,0.9902,0.1922,0.1779,4198126.5652,4114107.5044,1751037.9047,23047714.8429,22586450.1992,2.7976,3.0601,0.3027,0.3027,3.0270,6.3604
2019-10-16,5.5100,5.5800,5.4900,5.5000,0.0100,0.1800,1523809.2800,844183.0510,4.4100,10.0100,0.3704,0.8702,1.3900,6.0379,5.8585,0.9920,0.1925,0.1782,4198126.5652,4114107.5044,1751037.9047,23089696.1086,22627591.2742,2.7925,3.0545,0.3049,0.3049,3.0490,6.4065
2019-10-17,5.5000,5.6200,5.4900,5.5700,0.0700,1.2700,1697084.7900,942725.0090,4.4700,10.1400,0.4125,0.9692,1.3700,6.1147,5.9331,1.0047,0.1950,0.1805,4198126.5652,4114107.5044,1751037.9047,23383564.9682,22915578.7995,2.7574,3.0162,0.3055,0.3055,3.0545,6.4182
2019-10-18,5.6000,5.6300,5.4900,5.5000,-0.0700,-1.2600,1403431.4000,778713.6980,4.4100,10.0100,0.3411,0.8015,0.9900,6.0379,5.8585,0.9920,0.1925,0.1782,4198126.5652,4114107.5044,1751037.9047,23089696.1086,22627591.2742,2.7925,3.0545,0.3000,0.3000,3.0000,6.3036
2019-10-21,5.5000,5.5100,5.4600,5.5000,0.0000,0.0000,934140.7400,512420.5060,4.4100,10.0100,0.2271,0.5335,0.6400,6.0379,5.8585,0.9920,0.1925,0.1782,4198126.5652,4114107.5044,1751037.9047,23089696.1086,22627591.2742,2.7925,3.0545,0.3055,0.3055,3.0545,6.4182
2019-10-22,5.5100,5.5200,5.4400,5.4700,-0.0300,-0.5500,1150016.7400,627845.9940,4.3900,9.9600,0.2795,0.6568,0.8700,6.0050,5.8266,0.9866,0.1915,0.1772,4198126.5652,4114107.5044,1751037.9047,22963752.3116,22504168.0491,2.8078,3.0713,0.3049,0.3049,3.0490,6.4065
2019-10-23,5.4700,5.4700,5.4000,5.4100,-0.0600,-1.1000,1264079.5100,686362.6980,4.3400,9.8500,0.3073,0.7219,0.9400,5.9391,5.7627,0.9758,0.1894,0.1753,4198126.5652,4114107.5044,1751037.9047,22711864.7177,22257321.5988,2.8389,3.1054,0.3071,0.3071,3.0713,6.4534
2019-10-24,5.4100,5.4400,5.3800,5.4000,-0.0100,-0.1800,969924.4300,524029.7540,4.3300,9.8300,0.2358,0.5539,0.7500,5.9281,5.7520,0.9740,0.1890,0.1749,4198126.5652,4114107.5044,1751037.9047,22669883.4521,22216180.5238,2.8442,3.1111,0.3105,0.3105,3.1054,6.5250
2019-10-25,5.4100,5.4500,5.3700,5.4300,0.0300,0.5600,1054639.0400,569559.2460,4.3600,9.8800,0.2563,0.6023,0.9200,5.9610,5.7840,0.9794,0.1901,0.1759,4198126.5652,4114107.5044,1751037.9047,22795827.2490,22339603.7489,2.8285,3.0939,0.3105,0.3105,3.1054,6.5250
2019-10-28,5.4500,5.4600,5.4100,5.4400,0.0100,0.1800,1073871.8600,582443.6500,4.3600,9.9000,0.2610,0.6133,1.0000,5.9720,5.5808,0.9369,0.1904,0.1714,4198126.5652,4114107.5044,1751037.9047,22837808.5147,22380744.8239,2.8233,3.0882,0.3083,0.3083,3.0826,6.4771
2019-10-29,5.4400,5.4500,5.3600,5.3600,-0.0800,-1.4700,1093389.3100,588858.4640,4.3000,9.7600,0.2658,0.6244,0.9900,5.8842,5.4987,0.9231,0.1876,0.1689,4198126.5652,4114107.5044,1751037.9047,22501958.3895,22051616.2236,2.8654,3.1343,0.3088,0.3088,3.0882,6.4890
2019-10-30,5.3600,5.3600,5.2800,5.2900,-0.0700,-1.3100,1193946.0100,634725.8550,4.2400,9.6300,0.2902,0.6819,1.0900,5.8074,5.4269,0.9111,0.1852,0.1667,4198126.5652,4114107.5044,1751037.9047,22208089.5299,21763628.6983,2.9033,3.1758,0.3134,0.3134,3.1343,6.5858
2019-10-31,5.3000,5.3100,5.2100,5.2400,-0.0500,-0.9500,1266811.0800,664081.7410,4.2000,9.5400,0.3079,0.7235,1.1800,5.7525,5.3756,0.9025,0.1834,0.1651,4198126.5652,4114107.5044,1751037.9047,21998183.2016,21557923.3231,2.9310,3.2061,0.3170,0.3170,3.1698,6.6604
2019-11-01,5.2300,5.2900,5.2000,5.2800,0.0400,0.7600,1495026.0400,784930.3900,4.2300,9.6100,0.3634,0.8538,1.3200,5.7964,5.4167,0.9093,0.1848,0.1664,4198126.5652,4114107.5044,1751037.9047,22166108.2643,21722487.6232,2.9088,3.1818,0.3212,0.3212,3.2122,6.7495
2019-11-04,5.2900,5.3000,5.2300,5.2500,-0.0300,-0.5700,2005810.9000,1052940.4830,4.2100,9.5500,0.4875,1.1455,1.6400,5.7634,5.3859,0.9042,0.1838,0.1654,4198126.5652,4114107.5044,1751037.9047,22040164.4673,21599064.3981,2.9254,3.2000,0.3176,0.3176,3.1758,6.6730
2019-11-05,5.2500,5.3600,5.2200,5.3400,0.0900,1.7100,2934937.9400,1556191.6490,4.2800,9.7200,0.7134,1.6761,2.0800,5.8622,5.4782,0.9197,0.1869,0.1683,4198126.5652,4114107.5044,1751037.9047,22417995.8582,21969334.0735,2.8761,3.1461,0.3200,0.3200,3.2000,6.7238
2019-11-06,5.3300,5.3400,5.2300,5.2600,-0.0800,-1.5000,1914806.1300,1012166.7890,4.2200,9.5700,0.4654,1.0935,1.0800,5.7744,5.3962,0.9059,0.1841,0.1657,4198126.5652,4114107.5044,1751037.9047,22082145.7330,21640205.4731,2.9199,3.1939,0.3152,0.3152,3.1520,6.6229
2019-11-07,5.2600,5.2600,5.2000,5.2200,-0.0400,-0.7600,1864528.9800,973743.9780,4.1900,9.5000,0.4532,1.0648,0.9700,5.7305,5.3551,0.8990,0.1827,0.1645,4198126.5652,4114107.5044,1751037.9047,21914220.6703,21475641.1730,2.9423,3.2184,0.3194,0.3194,3.1939,6.7110
2019-11-08,5.2400,5.2500,5.1500,5.1600,-0.0600,-1.1500,2075350.2900,1077360.0350,4.1400,9.3900,0.5044,1.1852,1.0200,5.6646,5.2936,0.8887,0.1806,0.1626,4198126.5652,4114107.5044,1751037.9047,21662333.0764,21228794.7227,2.9765,3.2558,0.3206,0.3206,3.2061,6.7366
2019-11-11,5.1400,5.1400,5.0200,5.0300,-0.1300,-2.5200,2099161.0300,1064726.9460,4.0300,9.1500,0.5102,1.1988,0.9700,5.5219,5.1602,0.8663,0.1761,0.1585,4198126.5652,4114107.5044,1751037.9047,21116576.6230,20693960.7471,3.0534,3.3400,0.3268,0.3268,3.2685,6.8677
2019-11-12,5.0300,5.0700,5.0100,5.0600,0.0300,0.6000,1185696.0600,597464.3760,4.0600,9.2100,0.2882,0.6771,0.5400,5.5549,5.1910,0.8715,0.1771,0.1594,4198126.5652,4114107.5044,1751037.9047,21242520.4199,20817383.9723,3.0353,3.3202,0.3340,0.3340,3.3400,7.0179
2019-11-13,5.0500,5.0600,5.0100,5.0400,-0.0200,-0.4000,1309087.0400,657424.3220,4.0400,9.1700,0.3182,0.7476,0.7200,5.5329,5.1705,0.8680,0.1764,0.1588,4198126.5652,4114107.5044,1751037.9047,21158557.8886,20735101.8222,3.0473,3.3333,0.3327,0.3327,3.3267,6.9901
2019-11-14,5.0600,5.1000,5.0400,5.0400,0.0000,0.0000,1221306.1600,619112.4720,4.0400,9.1700,0.2969,0.6975,0.7200,5.5329,5.1705,0.8680,0.1764,0.1588,4198126.5652,4114107.5044,1751037.9047,21158557.8886,20735101.8222,3.0473,3.3333,0.3320,0.3320,3.3202,6.9763
2019-11-15,5.0500,5.0500,4.9400,4.9500,-0.0900,-1.7900,1691749.5500,843266.2530,3.9700,9.0100,0.4112,0.9661,1.0700,5.4341,5.0781,0.8525,0.1733,0.1560,4198126.5652,4114107.5044,1751037.9047,20780726.4977,20364832.1468,3.1027,3.3939,0.3327,0.3327,3.3267,6.9901
2019-11-18,4.9600,5.0200,4.9300,4.9900,0.0400,0.8100,1137557.7700,566201.2990,4.0000,9.0800,0.2765,0.6496,0.7600,5.4780,5.1192,0.8594,0.1747,0.1572,4198126.5652,4114107.5044,1751037.9047,20948651.5603,20529396.4470,3.0779,3.3667,0.3387,0.3387,3.3871,7.1169
2019-11-19,4.9800,5.0200,4.9600,5.0200,0.0300,0.6000,987364.5100,493425.3440,4.0300,9.1400,0.2400,0.5639,0.7500,5.5102,5.1493,0.8645,0.1757,0.1581,4197562.9711,4114107.5044,1751037.9047,21071766.1149,20652819.6721,3.0599,3.3471,0.3373,0.3373,3.3735,7.0884
2019-11-20,5.0300,5.0600,5.0000,5.0100,-0.0100,-0.2000,1031980.6400,518472.0520,4.0200,9.1200,0.2508,0.5894,0.8100,5.4992,5.1390,0.8628,0.1753,0.1578,4197562.9711,4114107.5044,1751037.9047,21029790.4852,20611678.5970,3.0660,3.3537,0.3340,0.3340,3.3400,7.0179
2019-11-21,5.0000,5.0200,4.9700,5.0000,-0.0100,-0.2000,698112.7800,348525.0510,4.0100,9.1000,0.1697,0.3987,0.5800,5.4883,5.1287,0.8611,0.1750,0.1575,4197562.9711,4114107.5044,1751037.9047,20987814.8555,20570537.5220,3.0721,3.3605,0.3360,0.3360,3.3600,7.0600
2019-11-22,5.0200,5.1300,4.9800,5.0700,0.0700,1.4000,1966681.5300,994263.2320,4.0700,9.2300,0.4780,1.1232,1.7700,5.5651,5.2005,0.8731,0.1774,0.1597,4197562.9711,4114107.5044,1751037.9047,21281644.2635,20858525.0473,3.0297,3.3141,0.3347,0.3347,3.3466,7.0319
2019-11-25,5.0800,5.2700,5.0700,5.2500,0.1800,3.5500,3215611.9700,1676660.4470,4.2100,9.5500,0.7816,1.8364,2.7600,5.7627,5.3852,0.9041,0.1837,0.1654,4197562.9711,4114107.5044,1751037.9047,22037205.5983,21599064.3981,2.9258,3.2004,0.3307,0.3307,3.3071,6.9488
2019-11-26,5.2500,5.2500,5.1800,5.2200,-0.0300,-0.5700,1679964.3400,876376.5950,4.1900,9.5000,0.4083,0.9594,1.0600,5.7297,5.3544,0.8990,0.1827,0.1644,4197562.9711,4114107.5044,1751037.9047,21911278.7091,21475641.1730,2.9427,3.2188,0.3200,0.3200,3.2000,6.7238
2019-11-27,5.2100,5.2200,5.1200,5.1400,-0.0800,-1.5300,1079386.3100,557993.6640,4.1200,9.3500,0.2624,0.6164,0.6300,5.6419,5.2723,0.8852,0.1799,0.1619,4197562.9711,4114107.5044,1751037.9047,21575473.6715,21146512.5726,2.9885,3.2689,0.3225,0.3225,3.2246,6.7754
2019-11-28,5.1600,5.2200,5.1200,5.1500,0.0100,0.1900,1147616.8100,592802.0610,4.1300,9.3700,0.2789,0.6554,0.6600,5.6529,5.2826,0.8869,0.1802,0.1622,4197562.9711,4114107.5044,1751037.9047,21617449.3012,21187653.6477,2.9826,3.2626,0.3256,0.3256,3.2558,6.8411
2019-11-29,5.1400,5.1600,5.0900,5.1100,-0.0400,-0.7800,1028462.8800,526914.4580,4.1000,9.3000,0.2500,0.5873,0.5700,5.6090,5.2416,0.8800,0.1788,0.1610,4197562.9711,4114107.5044,1751037.9047,21449546.7823,21023089.3475,3.0060,3.2881,0.3268,0.3268,3.2685,6.8677
2019-12-02,5.1300,5.1600,5.1100,5.1200,0.0100,0.2000,953184.7100,489754.6600,4.1100,9.3200,0.2317,0.5444,0.5800,5.6200,5.2518,0.8817,0.1792,0.1613,4197562.9711,4114107.5044,1751037.9047,21491522.4120,21064230.4225,3.0001,3.2817,0.3275,0.3275,3.2749,6.8811
2019-12-03,5.1200,5.1200,5.0600,5.1200,0.0000,0.0000,795269.0400,405034.1060,4.1100,9.3200,0.1933,0.4542,0.6800,5.6200,5.2518,0.8817,0.1792,0.1613,4197562.9711,4114107.5044,1751037.9047,21491522.4120,21064230.4225,3.0001,3.2817,0.3281,0.3281,3.2812,6.8945
2019-12-04,5.1000,5.1000,5.0300,5.0600,-0.0600,-1.1700,1067615.1700,539834.6470,4.0600,9.2100,0.2595,0.6097,1.0700,5.5541,5.1903,0.8714,0.1771,0.1594,4197562.9711,4114107.5044,1751037.9047,21239668.6338,20817383.9723,3.0357,3.3206,0.3294,0.3294,3.2941,6.9216
2019-12-05,5.0800,5.0900,5.0500,5.0700,0.0100,0.2000,908206.4700,460462.5980,4.0700,9.2300,0.2208,0.5187,0.9100,5.5651,5.2005,0.8731,0.1774,0.1597,4197562.9711,4114107.5044,1751037.9047,21281644.2635,20858525.0473,3.0297,3.3141,0.3307,0.3307,3.3071,6.9488
2019-12-06,5.0900,5.1200,5.0600,5.1000,0.0300,0.5900,942280.9900,479511.2930,4.0900,9.2800,0.2290,0.5381,0.9900,5.5980,5.2313,0.8783,0.1785,0.1607,4197562.9711,4114107.5044,1751037.9047,21407571.1526,20981948.2724,3.0119,3.2946,0.3301,0.3301,3.3006,6.9352
2019-12-09,5.1100,5.2400,5.0900,5.2300,0.1300,2.5500,2063530.4500,1071155.0050,4.1900,9.5200,0.5016,1.1785,2.2100,5.7407,5.3647,0.9007,0.1830,0.1648,4197562.9711,4114107.5044,1751037.9047,21953254.3389,21516782.2480,2.9370,3.2127,0.3288,0.3288,3.2877,6.9080
2019-12-10,5.2200,5.2500,5.1700,5.2000,-0.0300,-0.5700,971067.3100,505237.4720,4.1700,9.4600,0.2360,0.5546,0.8400,5.7078,5.3339,0.8955,0.1820,0.1638,4197562.9711,4114107.5044,1751037.9047,21827327.4497,21393359.0229,2.9540,3.2312,0.3218,0.3218,3.2184,6.7625
2019-12-11,5.2100,5.2400,5.1700,5.2100,0.0100,0.1900,900775.7100,469131.6210,4.1800,9.4800,0.2189,0.5144,0.7600,5.7188,5.3441,0.8972,0.1823,0.1641,4197562.9711,4114107.5044,1751037.9047,21869303.0794,21434500.0979,2.9483,3.2250,0.3225,0.3225,3.2246,6.7754
2019-12-12,5.2100,5.2300,5.1800,5.2000,-0.0100,-0.1900,795692.7600,413960.8940,4.1700,9.4600,0.1934,0.4544,0.6900,5.7078,5.3339,0.8955,0.1820,0.1638,4197562.9711,4114107.5044,1751037.9047,21827327.4497,21393359.0229,2.9540,3.2312,0.3225,0.3225,3.2246,6.7754
2019-12-13,5.2400,5.2900,5.2000,5.2800,0.0800,1.5400,1638875.9700,859726.2270,4.2300,9.6100,0.3984,0.9359,1.4400,5.7956,5.4159,0.9093,0.1848,0.1663,4197562.9711,4114107.5044,1751037.9047,22163132.4874,21722487.6232,2.9092,3.1822,0.3206,0.3206,3.2061,6.7366
2019-12-16,5.2500,5.3000,5.2400,5.2900,0.0100,0.1900,1244323.5000,656358.3700,4.2400,9.6300,0.3025,0.7106,0.9800,5.8066,5.4262,0.9110,0.1851,0.1667,4197562.9711,4114107.5044,1751037.9047,22205108.1171,21763628.6983,2.9037,3.1762,0.3200,0.3200,3.2000,6.7238
2019-12-17,5.2900,5.4400,5.2900,5.4000,0.1100,2.0800,2560117.1700,1376549.2180,4.3300,9.8300,0.6223,1.4621,2.3100,5.9273,5.5390,0.9300,0.1890,0.1701,4197562.9711,4114107.5044,1751037.9047,22666840.0439,22216180.5238,2.8446,3.1115,0.3176,0.3176,3.1758,6.6730
2019-12-18,5.3900,5.4200,5.3300,5.3600,-0.0400,-0.7400,1350416.2500,726083.2660,4.3000,9.7600,0.3282,0.7712,0.9500,5.8834,5.4980,0.9231,0.1876,0.1689,4197562.9711,4114107.5044,1751037.9047,22498937.5251,22051616.2236,2.8658,3.1347,0.3117,0.3117,3.1169,6.5492
2019-12-19,5.3800,5.5100,5.3700,5.4500,0.0900,1.6800,1878892.9700,1023597.3650,4.3700,9.9200,0.4567,1.0730,1.2400,5.9822,5.5903,0.9386,0.1907,0.1717,4197562.9711,4114107.5044,1751037.9047,22876718.1925,22421885.8990,2.8185,3.0830,0.3123,0.3123,3.1227,6.5613
2019-12-20,5.4600,5.4800,5.4200,5.4500,0.0000,0.0000,1099154.2900,599670.1290,4.3700,9.9200,0.2672,0.6277,0.6300,5.9822,5.5903,0.9386,0.1907,0.1717,4197562.9711,4114107.5044,1751037.9047,22876718.1925,22421885.8990,2.8185,3.0830,0.3077,0.3077,3.0769,6.4652
2019-12-23,5.4600,5.4800,5.3200,5.3300,-0.1200,-2.2000,1288987.9200,695642.4190,4.2700,9.7000,0.3133,0.7361,0.7900,5.8505,5.4672,0.9179,0.1865,0.1679,4197562.9711,4114107.5044,1751037.9047,22373010.6360,21928192.9985,2.8819,3.1524,0.3077,0.3077,3.0769,6.4652
2019-12-24,5.3300,5.3600,5.3200,5.3400,0.0100,0.1900,725505.7400,387252.7730,4.2800,9.7200,0.1763,0.4143,0.4400,5.8615,5.4775,0.9196,0.1869,0.1682,4197562.9711,4114107.5044,1751037.9047,22414986.2657,21969334.0735,2.8765,3.1465,0.3152,0.3152,3.1520,6.6229
2019-12-25,5.3500,5.3900,5.3200,5.3500,0.0100,0.1900,555582.0300,297771.1970,4.2900,9.7400,0.1350,0.3173,0.4400,5.8724,5.4878,0.9213,0.1872,0.1685,4197562.9711,4114107.5044,1751037.9047,22456961.8954,22010475.1485,2.8711,3.1406,0.3140,0.3140,3.1402,6.5981
2019-12-26,5.3800,5.5000,5.3700,5.5000,0.1500,2.8000,1835275.8700,1003223.7480,4.4100,10.0100,0.4461,1.0481,1.6500,6.0371,5.6416,0.9472,0.1925,0.1733,4197562.9711,4114107.5044,1751037.9047,23086596.3411,22627591.2742,2.7928,3.0550,0.3123,0.3123,3.1227,6.5613
2019-12-27,5.5200,5.5700,5.4800,5.4900,-0.0100,-0.1800,1462730.6600,808298.5450,4.4000,9.9900,0.3555,0.8354,1.3300,6.0261,5.6314,0.9455,0.1921,0.1730,4197562.9711,4114107.5044,1751037.9047,23044620.7113,22586450.1992,2.7979,3.0605,0.3043,0.3043,3.0435,6.3949
2019-12-30,5.4900,5.5700,5.4800,5.5600,0.0700,1.2800,1843681.8000,1019609.7060,4.4600,10.1200,0.4481,1.0529,1.5700,6.1029,5.7032,0.9575,0.1946,0.1752,4197562.9711,4114107.5044,1751037.9047,23338450.1193,22874437.7245,2.7627,3.0220,0.3060,0.3060,3.0601,6.4299
2019-12-31,5.5500,5.6400,5.5300,5.6200,0.0600,1.0800,1741455.9700,971341.0810,4.5100,10.2300,0.4233,0.9945,1.3600,6.1688,5.7647,0.9678,0.1967,0.1770,4197562.9711,4114107.5044,1751037.9047,23590303.8976,23121284.1747,2.7332,2.9897,0.3027,0.3027,3.0270,6.3604
2020-01-02,5.7100,5.9500,5.7000,5.9100,0.2900,5.1600,5450403.9100,3185039.5690,4.7400,10.7600,1.3248,3.1127,3.6600,6.4871,6.0622,1.0178,0.2068,0.1862,4197562.9711,4114107.5044,1751037.9047,24807597.1592,24314375.3510,2.8430,2.8430,0.3240,0.3240,3.2399,7.0000
2020-01-03,5.9600,6.0400,5.9100,5.9800,0.0700,1.1800,3465998.6800,2074279.2880,4.8000,10.8900,0.8425,1.9794,1.4100,6.5640,6.1340,1.0298,0.2093,0.1884,4197562.9711,4114107.5044,1751037.9047,25101426.5672,24602362.8763,2.8097,2.8097,0.3104,0.3104,3.1040,6.7064
2020-01-06,5.9500,6.2000,5.9500,6.0900,0.1100,1.8400,3612816.2000,2207252.8830,4.8900,11.0900,0.8782,2.0632,1.2900,6.6847,6.2468,1.0488,0.2131,0.1919,4197562.9711,4114107.5044,1751037.9047,25563158.4940,25054914.7018,2.7590,2.7590,0.3109,0.3109,3.1092,6.7176
2020-01-07,6.1100,6.1500,5.9900,6.0200,-0.0700,-1.1500,2051066.6800,1237510.9020,4.8300,10.9600,0.4985,1.1713,0.6400,6.6079,6.1750,1.0367,0.2107,0.1897,4197562.9711,4114107.5044,1751037.9047,25269329.0860,24766927.1765,2.7911,2.7911,0.3028,0.3028,3.0278,6.5417
2020-01-08,6.0000,6.0700,5.9100,5.9300,-0.0900,-1.5000,2002586.0000,1196372.8700,4.7600,10.7900,0.4868,1.1437,0.6100,6.5091,6.0827,1.0212,0.2075,0.1868,4197562.9711,4114107.5044,1751037.9047,24891548.4186,24396657.5011,2.8334,2.8334,0.3083,0.3083,3.0833,6.6617
2020-01-09,6.0000,6.0300,5.9200,5.9900,0.0600,1.0100,1669357.2900,995935.0780,4.8100,10.9000,0.4058,0.9534,0.5000,6.5749,6.1442,1.0316,0.2096,0.1887,4197562.9711,4114107.5044,1751037.9047,25143402.1969,24643503.9514,2.8051,2.8051,0.3083,0.3083,3.0833,6.6617
2020-01-10,6.0100,6.0200,5.8500,5.9000,-0.0900,-1.5000,1861202.0300,1098477.7730,4.7300,10.7400,0.4524,1.0629,0.7300,6.4761,6.0519,1.0161,0.2065,0.1859,4197562.9711,4114107.5044,1751037.9047,24765621.5295,24273234.2760,2.8478,2.8478,0.3078,0.3078,3.0782,6.6506
2020-01-13,5.9100,5.9800,5.8500,5.9500,0.0500,0.8500,1548820.7400,915531.2010,4.7700,10.8300,0.3765,0.8845,0.6900,6.5310,6.1032,1.0247,0.2082,0.1874,4197562.9711,4114107.5044,1751037.9047,24975499.6780,24478939.6512,2.8239,2.8239,0.3130,0.3130,3.1303,6.7631
2020-01-14,5.9700,6.0200,5.9500,5.9500,0.0000,0.0000,1394724.2500,833974.5220,4.7700,10.8300,0.3390,0.7965,0.7600,6.5310,6.1032,1.0247,0.2082,0.1874,4197562.9711,4114107.5044,1751037.9047,24975499.6780,24478939.6512,2.8239,2.8239,0.3099,0.3099,3.0988,6.6951
2020-01-15,5.9500,5.9600,5.8100,5.8300,-0.1200,-2.0200,1513675.0100,884778.1060,4.6800,10.6100,0.3679,0.8644,0.8900,6.3993,5.9801,1.0040,0.2040,0.1837,4197562.9711,4114107.5044,1751037.9047,24471792.1215,23985246.7507,2.8820,2.8820,0.3109,0.3109,3.1092,6.7176
2020-01-16,5.8500,5.8600,5.7600,5.8000,-0.0300,-0.5100,1236965.8100,717595.9470,4.6500,10.5600,0.3007,0.7064,0.7700,6.3664,5.9493,0.9988,0.2030,0.1827,4197562.9711,4114107.5044,1751037.9047,24345865.2324,23861823.5255,2.8969,2.8969,0.3162,0.3162,3.1624,6.8325
2020-01-17,5.8000,5.8500,5.7600,5.8000,0.0000,0.0000,943102.6400,547201.3620,4.6500,10.5600,0.2292,0.5386,0.6200,6.3664,5.9493,0.9988,0.2030,0.1827,4197562.9711,4114107.5044,1751037.9047,24345865.2324,23861823.5255,2.8969,2.8969,0.3190,0.3190,3.1897,6.8914
2020-01-20,5.8000,5.8300,5.7600,5.8200,0.0200,0.3400,1281668.6800,741959.2140,4.6700,10.5900,0.3115,0.7319,0.9700,6.3883,5.9699,1.0023,0.2037,0.1834,4197562.9711,4114107.5044,1751037.9047,24429816.4918,23944105.6756,2.8870,2.8870,0.3190,0.3190,3.1897,6.8914
2020-01-21,5.7800,5.7900,5.6500,5.6500,-0.1700,-2.9200,1889220.0800,1075273.3480,4.5300,10.2900,0.4592,1.0789,1.4800,6.2017,5.7955,0.9730,0.1977,0.1780,4197562.9711,4114107.5044,1751037.9047,23716230.7867,23244707.3999,2.9739,2.9739,0.3201,0.3201,3.2007,6.9152
2020-01-22,5.6300,5.6900,5.5700,5.6600,0.0100,0.1800,1520552.6600,856394.0510,4.5400,10.3000,0.3696,0.8684,1.1100,6.2127,5.8057,0.9747,0.1981,0.1783,4197562.9711,4114107.5044,1751037.9047,23758206.4164,23285848.4749,2.9686,2.9686,0.3286,0.3286,3.2860,7.0995
2020-01-23,5.6000,5.6300,5.4100,5.4700,-0.1900,-3.3600,2411726.0200,1329615.9900,4.3900,9.9600,0.5862,1.3773,1.7500,6.0042,5.6108,0.9420,0.1914,0.1723,4197562.9711,4114107.5044,1751037.9047,22960669.4519,22504168.0491,3.0717,3.0717,0.3304,0.3304,3.3036,7.1375
2020-02-03,4.9300,5.0900,4.9300,5.0000,-0.4700,-8.5900,4546398.6100,2265700.6700,4.0100,9.1000,1.1051,2.5964,2.8300,5.4883,5.1287,0.8611,0.1750,0.1575,4197562.9711,4114107.5044,1751037.9047,20987814.8555,20570537.5220,3.3605,3.3605,0.3753,0.3753,3.7525,8.1075
2020-02-04,5.0000,5.2200,5.0000,5.2100,0.2100,4.2000,2927231.8700,1507270.1260,4.1800,9.4800,0.7115,1.6717,1.2600,5.7188,5.3441,0.8972,0.1823,0.1641,4197562.9711,4114107.5044,1751037.9047,21869303.0794,21434500.0979,3.2250,3.2250,0.3700,0.3700,3.7000,7.9940
2020-02-05,5.2300,5.3000,5.1700,5.2000,-0.0100,-0.1900,1700361.8800,889006.7630,4.1700,9.4700,0.4133,0.9711,0.6400,5.7078,5.3339,0.8955,0.1820,0.1638,4197562.9711,4114107.5044,1751037.9047,21827327.4497,21393359.0229,3.2312,3.2312,0.3537,0.3537,3.5373,7.6424
2020-02-06,5.2200,5.3700,5.1600,5.3200,0.1200,2.3100,2054075.1400,1081197.9440,4.2700,9.6800,0.4993,1.1731,0.7800,5.8395,5.4570,0.9162,0.1862,0.1676,4197562.9711,4114107.5044,1751037.9047,22331035.0063,21887051.9234,3.1583,3.1583,0.3544,0.3544,3.5441,7.6571
2020-02-07,5.2600,5.3000,5.2300,5.2700,-0.0500,-0.9400,1310474.6000,688549.5440,4.2300,9.5900,0.3185,0.7484,0.4800,5.7846,5.4057,0.9076,0.1844,0.1660,4197562.9711,4114107.5044,1751037.9047,22121156.8577,21681346.5482,3.1883,3.1883,0.3517,0.3517,3.5171,7.5989
2020-02-10,5.2300,5.3700,5.2000,5.3400,0.0700,1.3300,1485121.0600,787895.8800,4.2800,9.7200,0.3610,0.8481,0.5900,5.8615,5.4775,0.9196,0.1869,0.1682,4197562.9711,4114107.5044,1751037.9047,22414986.2657,21969334.0735,3.1465,3.1465,0.3537,0.3537,3.5373,7.6424
2020-02-11,5.3500,5.4500,5.3200,5.3800,0.0400,0.7500,1456549.8600,786511.5640,4.3200,9.7900,0.3540,0.8318,0.7700,5.9054,5.5185,0.9265,0.1883,0.1695,4197562.9711,4114107.5044,1751037.9047,22582888.7845,22133898.3737,3.1231,3.1231,0.3458,0.3458,3.4579,7.4710
2020-02-12,5.3900,5.4300,5.3600,5.4000,0.0200,0.3700,1017795.1800,549285.9520,4.3300,9.8300,0.2474,0.5813,0.6400,5.9273,5.5390,0.9300,0.1890,0.1701,4197562.9711,4114107.5044,1751037.9047,22666840.0439,22216180.5238,3.1115,3.1115,0.3432,0.3432,3.4323,7.4156
2020-02-13,5.4300,5.5400,5.3800,5.4100,0.0100,0.1900,1765488.2200,962242.2120,4.3400,9.8500,0.4291,1.0083,1.2100,5.9383,5.5493,0.9317,0.1893,0.1704,4197562.9711,4114107.5044,1751037.9047,22708815.6737,22257321.5988,3.1058,3.1058,0.3407,0.3407,3.4070,7.3610
2020-02-14,5.3700,5.5000,5.3700,5.5000,0.0900,1.6600,1919520.4800,1042647.5620,4.4100,10.0100,0.4653,1.0892,1.3600,6.0371,5.6416,0.9472,0.1925,0.1733,4197562.9711,4125360.2844,1762290.6847,23086596.3411,22689481.5642,3.0550,3.0550,0.3445,0.3445,3.4451,7.4432
2020-02-17,5.5000,5.5400,5.4600,5.5400,0.0400,0.7300,2169427.8700,1193298.6750,4.4400,10.0900,0.5259,1.2310,1.4200,6.0810,5.6826,0.9541,0.1939,0.1745,4197562.9711,4125360.2844,1762290.6847,23254498.8599,22854495.9756,3.0329,3.0329,0.3364,0.3364,3.3636,7.2673
2020-02-18,5.5200,5.5200,5.4100,5.4300,-0.1100,-1.9900,2224315.1800,1212135.4220,4.3600,9.8800,0.5392,1.2622,1.3400,5.9602,5.5698,0.9351,0.1900,0.1711,4197562.9711,4125360.2844,1762290.6847,22792766.9331,22400706.3443,3.0943,3.0943,0.3351,0.3351,3.3514,7.2409
2020-02-19,5.4100,5.4700,5.3700,5.3800,-0.0500,-0.9200,2031653.6300,1099305.3080,4.3200,9.7900,0.4925,1.1528,1.1200,5.9054,5.5185,0.9265,0.1883,0.1695,4197562.9711,4125360.2844,1762290.6847,22582888.7845,22194438.3301,3.1231,3.1231,0.3420,0.3420,3.4196,7.3882
2020-02-20,5.4000,5.4400,5.3100,5.4300,0.0500,0.9300,2649554.1600,1422540.5870,4.3600,9.8800,0.6423,1.5035,1.3100,5.9602,5.5698,0.9351,0.1900,0.1711,4197562.9711,4125360.2844,1762290.6847,22792766.9331,22400706.3443,3.0943,3.0943,0.3426,0.3426,3.4259,7.4019
2020-02-21,5.4200,5.4500,5.3700,5.3900,-0.0400,-0.7400,2369755.4000,1278881.2740,4.3200,9.8100,0.5744,1.3447,1.0800,5.9163,5.5288,0.9282,0.1886,0.1698,4197562.9711,4125360.2844,1762290.6847,22624864.4142,22235691.9329,3.1173,3.1173,0.3413,0.3413,3.4133,7.3745
2020-02-24,5.3800,5.3900,5.2800,5.2900,-0.1000,-1.8600,2671350.2200,1420052.7050,4.2400,9.6300,0.6475,1.5158,1.1700,5.8066,5.4262,0.9110,0.1851,0.1667,4197562.9711,4125360.2844,1762290.6847,22205108.1171,21823155.9045,3.1762,3.1762,0.3439,0.3439,3.4387,7.4294
2020-02-25,5.2000,5.2600,5.1600,5.2300,-0.0600,-1.1300,2617631.0200,1365285.8170,4.2000,9.5200,0.6345,1.4854,1.1000,5.7407,5.3647,0.9007,0.1830,0.1648,4197562.9711,4125360.2844,1762290.6847,21953254.3389,21575634.2874,3.2127,3.2127,0.3558,0.3558,3.5577,7.6865
2020-02-26,5.1700,5.5200,5.1500,5.4500,0.2200,4.2100,6627253.4300,3589587.3340,4.3700,9.9200,1.6065,3.7606,2.6900,5.9822,5.5903,0.9386,0.1907,0.1717,4197562.9711,4125360.2844,1762290.6847,22876718.1925,22483213.5500,3.0830,3.0830,0.3578,0.3578,3.5783,7.7311
2020-02-27,5.4500,5.4900,5.3500,5.3900,-0.0600,-1.1000,3642943.7200,1968384.2390,4.3200,9.8100,0.8831,2.0672,1.0800,5.9163,5.5288,0.9282,0.1886,0.1698,4197562.9711,4125360.2844,1762290.6847,22624864.4142,22235691.9329,3.1173,3.1173,0.3394,0.3394,3.3945,7.3339
2020-02-28,5.3000,5.4900,5.2800,5.3700,-0.0200,-0.3700,4648769.8400,2511828.9270,4.3100,9.7800,1.1269,2.6379,1.3000,5.8944,5.5083,0.9248,0.1879,0.1692,4197562.9711,4125360.2844,1762290.6847,22540913.1548,22153184.7272,3.1289,3.1289,0.3491,0.3491,3.4906,7.5415
2020-03-02,5.4300,5.8600,5.4000,5.8300,0.4600,8.5700,7671669.2300,4373987.8670,4.6800,10.6100,1.8596,4.3532,1.9000,6.3993,5.9801,1.0040,0.2040,0.1837,4197562.9711,4125360.2844,1762290.6847,24471792.1215,24050850.4581,2.8820,2.8820,0.3407,0.3407,3.4070,7.3610
2020-03-03,5.9800,6.0200,5.6600,5.7600,-0.0700,-1.2000,6022394.5300,3484078.3220,4.6200,10.4900,1.4598,3.4174,1.1900,6.3225,5.9083,0.9920,0.2016,0.1815,4197562.9711,4125360.2844,1762290.6847,24177962.7135,23762075.2381,2.9171,2.9171,0.3094,0.3094,3.0936,6.6839
2020-03-04,5.7200,5.9000,5.6800,5.8300,0.0700,1.2200,3873941.6300,2250478.3180,4.6800,10.6100,0.9391,2.1982,0.6800,6.3993,5.9801,1.0040,0.2040,0.1837,4197562.9711,4125360.2844,1762290.6847,24471792.1215,24050850.4581,2.8820,2.8820,0.3234,0.3234,3.2343,6.9878
2020-03-05,5.8400,5.8600,5.7500,5.8200,-0.0100,-0.1700,3270576.6600,1898483.6480,4.6700,10.5900,0.7928,1.8559,0.6300,6.3883,5.9699,1.0023,0.2037,0.1834,4197562.9711,4125360.2844,1762290.6847,24429816.4918,24009596.8552,2.8870,2.8870,0.3168,0.3168,3.1678,6.8442
2020-03-06,5.7700,5.8000,5.6500,5.6800,-0.1400,-2.4100,2538881.3100,1446585.7990,4.5600,10.3400,0.6154,1.4407,0.5000,6.2347,5.8262,0.9782,0.1988,0.1789,4197562.9711,4125360.2844,1762290.6847,23842157.6758,23432046.4154,2.9581,2.9581,0.3206,0.3206,3.2062,6.9272
2020-03-09,5.5800,5.6000,5.4600,5.4800,-0.2000,-3.5200,3335590.5200,1839590.4910,4.4000,9.9800,0.8086,1.8928,0.7100,6.0151,5.6211,0.9437,0.1918,0.1726,4197562.9711,4125360.2844,1762290.6847,23002645.0816,22606974.3585,3.0661,3.0661,0.3315,0.3315,3.3154,7.1631
2020-03-10,5.4500,5.6200,5.4500,5.6000,0.1200,2.1900,2872145.5700,1595402.6120,4.4900,10.1900,0.6962,1.6298,0.7500,6.1468,5.7442,0.9644,0.1960,0.1764,4197562.9711,4125360.2844,1762290.6847,23506352.6382,23102017.5926,3.0004,3.0004,0.3394,0.3394,3.3945,7.3339
2020-03-11,5.6200,5.6200,5.5000,5.5000,-0.1000,-1.7900,1966372.0700,1091490.9100,4.4100,10.0100,0.4767,1.1158,0.6200,6.0371,5.6416,0.9472,0.1925,0.1733,4197562.9711,4125360.2844,1762290.6847,23086596.3411,22689481.5642,3.0550,3.0550,0.3292,0.3292,3.2918,7.1121
2020-03-12,5.4500,5.5000,5.3600,5.3700,-0.1300,-2.3600,2563194.8900,1386960.9870,4.3100,9.7800,0.6213,1.4545,0.9200,5.8944,5.5083,0.9248,0.1879,0.1692,4197562.9711,4125360.2844,1762290.6847,22540913.1548,22153184.7272,3.1289,3.1289,0.3394,0.3394,3.3945,7.3339
2020-03-13,5.1600,5.4200,5.1200,5.3500,-0.0200,-0.3700,3033451.2700,1596404.1070,4.2900,9.7400,0.7353,1.7213,1.1400,5.8724,5.4878,0.9213,0.1872,0.1685,4197562.9711,4125360.2844,1762290.6847,22456961.8954,22070677.5215,3.1406,3.1406,0.3585,0.3585,3.5853,7.7461
2020-03-16,5.3700,5.5000,5.2500,5.2500,-0.1000,-1.8700,2603838.7800,1400003.3020,4.2100,9.5600,0.6312,1.4775,0.9500,5.7627,5.3852,0.9041,0.1837,0.1654,4197562.9711,4125360.2844,1762290.6847,22037205.5983,21658141.4931,3.2004,3.2004,0.3445,0.3445,3.4451,7.4432
2020-03-17,5.3100,5.3800,5.1500,5.2500,0.0000,0.0000,1974944.0400,1035847.9200,4.2100,9.5600,0.4787,1.1207,0.7600,5.7627,5.3852,0.9041,0.1837,0.1654,4197562.9711,4125360.2844,1762290.6847,22037205.5983,21658141.4931,3.2004,3.2004,0.3484,0.3484,3.4840,7.5273
2020-03-18,5.2800,5.3500,5.1500,5.1500,-0.1000,-1.9000,1962270.1600,1028949.0180,4.1300,9.3800,0.4757,1.1135,0.8100,5.6529,5.2826,0.8869,0.1802,0.1622,4197562.9711,4125360.2844,1762290.6847,21617449.3012,21245605.4647,3.2626,3.2626,0.3504,0.3504,3.5038,7.5701
2020-03-19,5.1500,5.2000,4.9800,5.0700,-0.0800,-1.5500,2459236.9500,1246684.2720,4.0700,9.2300,0.5961,1.3955,1.0100,5.5651,5.2005,0.8731,0.1774,0.1597,4197562.9711,4125360.2844,1762290.6847,21281644.2635,20915576.6419,3.3141,3.3141,0.3592,0.3592,3.5922,7.7612
2020-03-20,5.1100,5.2500,5.1100,5.2200,0.1500,2.9600,1967580.8200,1018176.8460,4.1900,9.5000,0.4769,1.1165,0.8200,5.7297,5.3544,0.8990,0.1827,0.1644,4197562.9711,4125360.2844,1762290.6847,21911278.7091,21534380.6846,3.2188,3.2188,0.3620,0.3620,3.6204,7.8219
2020-03-23,5.0800,5.1900,5.0700,5.1100,-0.1100,-2.1100,1291372.4800,662690.2050,4.1000,9.3000,0.3130,0.7328,0.5900,5.6090,5.2416,0.8800,0.1788,0.1610,4197562.9711,4125360.2844,1762290.6847,21449546.7823,21080591.0533,3.2881,3.2881,0.3642,0.3642,3.6417,7.8681
2020-03-24,5.2000,5.2300,5.0800,5.1700,0.0600,1.1700,1772335.3500,914279.9630,4.1500,9.4100,0.4296,1.0057,0.9200,5.6749,5.3031,0.8904,0.1809,0.1629,4197562.9711,4125360.2844,1762290.6847,21701400.5606,21328112.6703,3.2500,3.2500,0.3558,0.3558,3.5577,7.6865
2020-03-25,5.2700,5.3200,5.2000,5.2700,0.1000,1.9300,1925855.6600,1012082.1570,4.2300,9.5900,0.4668,1.0928,1.0200,5.7846,5.4057,0.9076,0.1844,0.1660,4197562.9711,4125360.2844,1762290.6847,22121156.8577,21740648.6988,3.1883,3.1883,0.3510,0.3510,3.5104,7.5844
2020-03-26,5.2300,5.2400,5.1700,5.1900,-0.0800,-1.5200,1108462.0900,576965.5970,4.1600,9.4500,0.2687,0.6290,0.5900,5.6968,5.3236,0.8938,0.1816,0.1635,4197562.9711,4125360.2844,1762290.6847,21785351.8200,21410619.8760,3.2374,3.2374,0.3537,0.3537,3.5373,7.6424
2020-03-27,5.2600,5.4200,5.2100,5.3300,0.1400,2.7000,2735114.4800,1460058.1610,4.2800,9.7000,0.6630,1.5520,1.7000,5.8505,5.4672,0.9179,0.1865,0.1679,4197562.9711,4125360.2844,1762290.6847,22373010.6360,21988170.3159,3.1524,3.1524,0.3517,0.3517,3.5171,7.5989
2020-03-30,5.2800,5.3800,5.2700,5.3600,0.0300,0.5600,1660198.3700,887521.3200,4.3000,9.7600,0.4024,0.9421,0.9400,5.8834,5.4980,0.9231,0.1876,0.1689,4197562.9711,4125360.2844,1762290.6847,22498937.5251,22111931.1244,3.1347,3.1347,0.3504,0.3504,3.5038,7.5701
2020-03-31,5.3900,5.4000,5.2400,5.2700,-0.0900,-1.6800,1523348.4600,808057.7130,4.2300,9.5900,0.3693,0.8644,0.8300,5.7846,5.4057,0.9076,0.1844,0.1660,4197562.9711,4125360.2844,1762290.6847,22121156.8577,21740648.6988,3.1883,3.1883,0.3432,0.3432,3.4323,7.4156
2020-04-01,5.2400,5.3300,5.2000,5.2100,-0.0600,-1.1400,1038340.3200,546990.6490,4.1800,9.4800,0.2517,0.5892,0.5800,5.7188,5.3441,0.8972,0.1823,0.1641,4197562.9711,4125360.2844,1762290.6847,21869303.0794,21493127.0817,3.2250,3.2250,0.3531,0.3531,3.5305,7.6279
2020-04-02,5.2000,5.2800,5.1800,5.2800,0.0700,1.3400,836889.8400,437575.4580,4.2400,9.6100,0.2029,0.4749,0.5200,5.7956,5.4159,0.9093,0.1848,0.1663,4197562.9711,4125360.2844,1762290.6847,22163132.4874,21781902.3016,3.1822,3.1822,0.3558,0.3558,3.5577,7.6865
2020-04-03,5.2600,5.2800,5.2200,5.2400,-0.0400,-0.7600,759281.5600,398487.9060,4.2000,9.5400,0.1841,0.4308,0.4900,5.7517,5.3749,0.9024,0.1834,0.1651,4197562.9711,4125360.2844,1762290.6847,21995229.9686,21616887.8903,3.2065,3.2065,0.3517,0.3517,3.5171,7.5989
2020-04-07,5.3100,5.3700,5.2800,5.3500,0.1100,2.1000,1598325.0300,851071.4700,4.2900,9.7400,0.3874,0.9070,1.3700,5.8724,5.4878,0.9213,0.1872,0.1685,4197562.9711,4125360.2844,1762290.6847,22456961.8954,22070677.5215,3.1406,3.1406,0.3484,0.3484,3.4840,7.5273
2020-04-08,5.3200,5.3500,5.2900,5.3100,-0.0400,-0.7500,956605.1700,508596.5400,4.2600,9.6700,0.2319,0.5428,0.8300,5.8285,5.4467,0.9145,0.1858,0.1673,4197562.9711,4125360.2844,1762290.6847,22289059.3765,21905663.1102,3.1643,3.1643,0.3477,0.3477,3.4774,7.5132
2020-04-09,5.3300,5.3400,5.2800,5.2900,-0.0200,-0.3800,807537.2300,428286.1820,4.2400,9.6300,0.1957,0.4582,0.7800,5.8066,5.4262,0.9110,0.1851,0.1667,4197562.9711,4125360.2844,1762290.6847,22205108.1171,21823155.9045,3.1762,3.1762,0.3471,0.3471,3.4709,7.4991
2020-04-10,5.3000,5.3200,5.2400,5.2500,-0.0400,-0.7600,923501.7600,487028.3530,4.2100,9.5600,0.2239,0.5240,0.9300,5.7627,5.3852,0.9041,0.1837,0.1654,4197562.9711,4125360.2844,1762290.6847,22037205.5983,21658141.4931,3.2004,3.2004,0.3491,0.3491,3.4906,7.5415
2020-04-13,5.2200,5.2500,5.2100,5.2200,-0.0300,-0.5700,623852.6500,326037.1700,4.1900,9.5000,0.1512,0.3540,0.6200,5.7297,5.3544,0.8990,0.1827,0.1644,4197562.9711,4125360.2844,1762290.6847,21911278.7091,21534380.6846,3.2188,3.2188,0.3544,0.3544,3.5441,7.6571
2020-04-14,5.2200,5.2800,5.2100,5.2800,0.0600,1.1500,1019590.6400,535519.6420,4.2400,9.6100,0.2472,0.5786,1.0400,5.7956,5.4159,0.9093,0.1848,0.1663,4197562.9711,4125360.2844,1762290.6847,22163132.4874,21781902.3016,3.1822,3.1822,0.3544,0.3544,3.5441,7.6571
2020-04-15,5.2900,5.2900,5.2300,5.2300,-0.0500,-0.9500,677017.3100,355241.2760,4.2000,9.5200,0.1641,0.3842,0.7800,5.7393,5.3633,0.9006,0.1830,0.1647,4196507.1511,4125360.2844,1762290.6847,21947732.4003,21575634.2874,3.2135,3.2135,0.3497,0.3497,3.4972,7.5558
2020-04-16,5.2200,5.2500,5.2000,5.2000,-0.0300,-0.5700,703898.9000,367371.5390,4.1700,9.4700,0.1706,0.3994,0.8700,5.7063,5.3325,0.8954,0.1820,0.1638,4196507.1511,4125360.2844,1762290.6847,21821837.1857,21451873.4789,3.2320,3.2320,0.3544,0.3544,3.5441,7.6571
2020-04-17,5.2400,5.3200,5.2200,5.2700,0.0700,1.3500,1793253.2200,945817.1650,4.2300,9.5900,0.4347,1.0176,2.2700,5.7832,5.4043,0.9075,0.1844,0.1660,4196507.1511,4125360.2844,1762290.6847,22115592.6863,21740648.6988,3.1891,3.1891,0.3531,0.3531,3.5305,7.6279
2020-04-20,5.3000,5.3400,5.2300,5.2500,-0.0200,-0.3800,1557124.2800,822784.1240,4.2100,9.5600,0.3775,0.8836,1.6200,5.7612,5.3838,0.9040,0.1837,0.1654,4196507.1511,4125360.2844,1762290.6847,22031662.5433,21658141.4931,3.2012,3.2012,0.3491,0.3491,3.4906,7.5415
2020-04-21,5.2300,5.2700,5.1700,5.2000,-0.0500,-0.9500,1256366.7400,653725.6530,4.1700,9.4700,0.3045,0.7129,1.0900,5.7063,5.3325,0.8954,0.1820,0.1638,4196507.1511,4125360.2844,1762290.6847,21821837.1857,21451873.4789,3.2320,3.2320,0.3537,0.3537,3.5373,7.6424
2020-04-22,5.1800,5.2000,5.1500,5.2000,0.0000,0.0000,866478.1300,448416.2040,4.1700,9.4700,0.2100,0.4917,0.7200,5.7063,5.3325,0.8954,0.1820,0.1638,4196507.1511,4125360.2844,1762290.6847,21821837.1857,21451873.4789,3.2320,3.2320,0.3571,0.3571,3.5714,7.7162
2020-04-23,5.2100,5.2200,5.1300,5.1400,-0.0600,-1.1500,1174195.9100,606558.7970,4.1200,9.3600,0.2846,0.6663,0.9500,5.6405,5.2710,0.8851,0.1799,0.1619,4196507.1511,4125360.2844,1762290.6847,21570046.7567,21204351.8618,3.2697,3.2697,0.3551,0.3551,3.5509,7.6718
2020-04-24,5.1400,5.1500,5.0900,5.1100,-0.0300,-0.5800,901749.1900,460973.9370,4.1000,9.3000,0.2186,0.5117,0.6800,5.6076,5.2403,0.8799,0.1788,0.1609,4196507.1511,4125360.2844,1762290.6847,21444151.5421,21080591.0533,3.2889,3.2889,0.3599,0.3599,3.5992,7.7763
2020-04-27,5.1300,5.1800,5.1300,5.1400,0.0300,0.5900,1106348.5600,570876.5470,4.1200,9.3600,0.2682,0.6278,0.9600,5.1503,5.1503,0.8420,0.1519,0.1519,4196507.1511,4125360.2844,1762290.6847,21570046.7567,21204351.8618,3.2697,3.2697,0.3606,0.3606,3.6062,7.7914
2020-04-28,5.1300,5.1700,5.0400,5.1500,0.0100,0.1900,1627013.1600,832786.1580,4.1300,9.3800,0.3944,0.9232,1.5300,5.1603,5.1603,0.8436,0.1522,0.1522,4196507.1511,4125360.2844,1762290.6847,21612011.8282,21245605.4647,3.2634,3.2634,0.3606,0.3606,3.6062,7.7914
2020-04-29,5.1400,5.2300,5.1200,5.1800,0.0300,0.5800,1428902.0200,739704.9820,4.1600,9.4300,0.3464,0.8108,1.2600,5.1903,5.1903,0.8485,0.1531,0.1531,4196507.1511,4125360.2844,1762290.6847,21737907.0427,21369366.2732,3.2445,3.2445,0.3599,0.3599,3.5992,7.7763
2020-04-30,5.1800,5.2500,5.1800,5.2400,0.0600,1.1600,1570689.3100,820446.9100,4.2000,9.5400,0.3807,0.8913,1.2600,5.2505,5.4167,0.8360,0.1549,0.1586,4196507.1511,4125360.2844,1762290.6847,21989697.4718,21616887.8903,3.2073,3.2073,0.3571,0.3571,3.5714,7.7162
2020-05-06,5.1900,5.3300,5.1900,5.2400,0.0000,0.0000,2160870.3700,1132487.5020,4.2000,9.5400,0.5238,1.2262,1.6300,5.2505,5.4167,0.8360,0.1549,0.1586,4196507.1511,4125360.2844,1762290.6847,21989697.4718,21616887.8903,3.2073,3.2073,0.3565,0.3565,3.5645,7.7013
2020-05-07,5.2100,5.2300,5.1700,5.1800,-0.0600,-1.1500,1457579.1900,756385.5050,4.1600,9.4300,0.3533,0.8271,0.9200,5.1903,5.3547,0.8265,0.1531,0.1568,4196507.1511,4125360.2844,1762290.6847,21737907.0427,21369366.2732,3.2445,3.2445,0.3551,0.3551,3.5509,7.6718
2020-05-08,5.1900,5.2200,5.1700,5.1900,0.0100,0.1900,1495587.5700,776802.0450,4.1600,9.4500,0.3625,0.8487,0.9100,5.2004,5.3650,0.8280,0.1534,0.1571,4196507.1511,4125360.2844,1762290.6847,21779872.1142,21410619.8760,3.2382,3.2382,0.3565,0.3565,3.5645,7.7013
2020-05-11,5.2100,5.2700,5.2000,5.2300,0.0400,0.7700,1961782.5700,1026488.4410,4.2000,9.5200,0.4755,1.1132,1.2100,5.2404,5.4064,0.8344,0.1546,0.1583,4196507.1511,4125360.2844,1762290.6847,21947732.4003,21575634.2874,3.2135,3.2135,0.3551,0.3551,3.5509,7.6718
2020-05-12,5.2300,5.2300,5.1500,5.1700,-0.0600,-1.1500,1387486.3500,718680.5040,4.1500,9.4100,0.3363,0.7873,0.8000,5.1803,5.3444,0.8249,0.1528,0.1565,4196507.1511,4125360.2844,1762290.6847,21695941.9712,21328112.6703,3.2508,3.2508,0.3537,0.3537,3.5373,7.6424
2020-05-13,5.1500,5.1700,5.1400,5.1700,0.0000,0.0000,1022848.3200,527091.9270,4.1500,9.4100,0.2479,0.5804,0.6000,5.1803,5.3444,0.8249,0.1528,0.1565,4196507.1511,4125360.2844,1762290.6847,21695941.9712,21328112.6703,3.2508,3.2508,0.3592,0.3592,3.5922,7.7612
2020-05-14,5.1500,5.1600,5.0800,5.0900,-0.0800,-1.5500,1480557.4100,756961.8930,4.0800,9.2700,0.3589,0.8401,1.0100,5.1002,5.2617,0.8121,0.1504,0.1541,4196507.1511,4125360.2844,1762290.6847,21360221.3991,20998083.8476,3.3019,3.3019,0.3592,0.3592,3.5922,7.7612
2020-05-15,5.1100,5.1300,5.0900,5.1000,0.0100,0.2000,835833.3500,427392.0570,4.0900,9.2800,0.2026,0.4743,0.5700,5.1102,5.2720,0.8137,0.1507,0.1544,4196507.1511,4125360.2844,1762290.6847,21402186.4706,21039337.4504,3.2954,3.2954,0.3620,0.3620,3.6204,7.8219
2020-05-18,5.1400,5.1600,5.1100,5.1100,0.0100,0.2000,985710.2200,506161.9530,4.1000,9.3000,0.2389,0.5593,0.7400,5.1202,5.2823,0.8153,0.1510,0.1547,4196507.1511,4125360.2844,1762290.6847,21444151.5421,21080591.0533,3.2889,3.2889,0.3599,0.3599,3.5992,7.7763
2020-05-19,5.1600,5.1600,5.1100,5.1200,0.0100,0.2000,1171468.9500,601269.4680,4.1100,9.3200,0.2840,0.6647,1.0300,5.1302,5.2927,0.8169,0.1513,0.1550,4196507.1511,4125360.2844,1762290.6847,21486116.6136,21121844.6561,3.2825,3.2825,0.3585,0.3585,3.5853,7.7461
2020-05-20,5.1200,5.1300,5.0800,5.1000,-0.0200,-0.3900,972433.2600,495498.7220,4.0900,9.2800,0.2357,0.5518,0.8800,5.1102,5.2720,0.8137,0.1507,0.1544,4196507.1511,4125360.2844,1762290.6847,21402186.4706,21039337.4504,3.2954,3.2954,0.3613,0.3613,3.6133,7.8066
2020-05-21,5.1200,5.1200,5.0500,5.0500,-0.0500,-0.9800,950513.1600,482120.4630,4.0500,9.1900,0.2304,0.5394,0.8700,5.0601,5.2203,0.8057,0.1493,0.1529,4196507.1511,4125360.2844,1762290.6847,21192361.1131,20833069.4362,3.3280,3.3280,0.3613,0.3613,3.6133,7.8066
2020-05-22,5.0600,5.0700,5.0100,5.0100,-0.0400,-0.7900,1173344.5000,590841.9650,4.0200,9.1200,0.2844,0.6658,1.1900,5.0200,5.1790,0.7993,0.1481,0.1517,4196507.1511,4125360.2844,1762290.6847,21024500.8270,20668055.0248,3.3546,3.3546,0.3656,0.3656,3.6561,7.8992
2020-05-25,5.0300,5.0300,5.0000,5.0100,0.0000,0.0000,807978.9800,404945.1070,4.0200,9.1200,0.1959,0.4585,0.7700,5.0200,5.1790,0.7993,0.1481,0.1517,4196507.1511,4125360.2844,1762290.6847,21024500.8270,20668055.0248,3.3546,3.3546,0.3678,0.3678,3.6779,7.9463
2020-05-26,5.0200,5.0300,4.9800,5.0100,0.0000,0.0000,994834.2600,498008.6460,4.0200,9.1200,0.2412,0.5645,0.9800,5.0200,5.1790,0.7993,0.1481,0.1517,4196507.1511,4125360.2844,1762290.6847,21024500.8270,20668055.0248,3.3546,3.3546,0.3685,0.3685,3.6853,7.9622
2020-05-27,5.0000,5.0300,4.9800,5.0100,0.0000,0.0000,946367.4400,473249.6500,4.0200,9.1200,0.2294,0.5370,0.9700,5.0200,5.1790,0.7993,0.1481,0.1517,4196507.1511,4125360.2844,1762290.6847,21024500.8270,20668055.0248,3.3546,3.3546,0.3700,0.3700,3.7000,7.9940
2020-05-28,5.0000,5.0600,4.9900,5.0100,0.0000,0.0000,919930.3100,461744.8860,4.0200,9.1200,0.2230,0.5220,0.9400,5.0200,5.1790,0.7993,0.1481,0.1517,4196507.1511,4125360.2844,1762290.6847,21024500.8270,20668055.0248,3.3546,3.3546,0.3700,0.3700,3.7000,7.9940
2020-05-29,5.0000,5.0100,4.9700,5.0000,-0.0100,-0.2000,1029720.5800,513548.6620,4.0100,9.1000,0.2496,0.5843,1.0600,5.0100,5.1686,0.7977,0.1478,0.1514,4196507.1511,4125360.2844,1762290.6847,20982535.7555,20626801.4220,3.3613,3.3613,0.3700,0.3700,3.7000,7.9940
2020-06-01,5.0000,5.0600,4.9900,5.0600,0.0600,1.2000,1444660.4200,727634.2420,4.0600,9.2100,0.3502,0.8198,1.5400,5.0701,5.2307,0.8073,0.1496,0.1532,4196507.1511,4125360.2844,1762290.6847,21234326.1846,20874323.0391,3.3214,3.3214,0.3700,0.3700,3.7000,7.9940
2020-06-02,5.0500,5.1400,5.0400,5.1200,0.0600,1.1900,1617522.8800,825055.2620,4.1100,9.3200,0.3921,0.9179,1.5200,5.1302,5.2927,0.8169,0.1513,0.1550,4196507.1511,4125360.2844,1762290.6847,21486116.6136,21121844.6561,3.2825,3.2825,0.3663,0.3663,3.6634,7.9149
2020-06-03,5.1400,5.1500,5.0600,5.0700,-0.0500,-0.9800,1557135.5600,793844.2220,4.0700,9.2300,0.3775,0.8836,1.3100,5.0801,5.2410,0.8089,0.1499,0.1535,4196507.1511,4125360.2844,1762290.6847,21276291.2561,20915576.6419,3.3149,3.3149,0.3599,0.3599,3.5992,7.7763
2020-06-04,5.0900,5.0900,5.0300,5.0400,-0.0300,-0.5900,953607.4300,481083.1940,4.0400,9.1700,0.2312,0.5411,0.7300,5.0501,5.2100,0.8041,0.1490,0.1526,4196507.1511,4125360.2844,1762290.6847,21150396.0415,20791815.8334,3.3346,3.3346,0.3635,0.3635,3.6346,7.8527
2020-06-05,5.0500,5.0600,5.0200,5.0400,0.0000,0.0000,580012.5400,291992.8610,4.0400,9.1700,0.1406,0.3291,0.4400,5.0501,5.2100,0.8041,0.1490,0.1526,4196507.1511,4125360.2844,1762290.6847,21150396.0415,20791815.8334,3.3346,3.3346,0.3663,0.3663,3.6634,7.9149
2020-06-08,5.0500,5.1000,5.0400,5.0600,0.0200,0.4000,1102614.4900,558867.3280,4.0600,9.2100,0.2673,0.6257,0.9000,5.0701,5.2307,0.8073,0.1496,0.1532,4196507.1511,4125360.2844,1762290.6847,21234326.1846,20874323.0391,3.3214,3.3214,0.3663,0.3663,3.6634,7.9149
2020-06-09,5.0700,5.1100,5.0500,5.0900,0.0300,0.5900,949057.4500,482366.5710,4.0800,9.2700,0.2301,0.5385,0.8200,5.1002,5.2617,0.8121,0.1504,0.1541,4196507.1511,4125360.2844,1762290.6847,21360221.3991,20998083.8476,3.3019,3.3019,0.3649,0.3649,3.6489,7.8836
2020-06-10,5.0800,5.0900,5.0300,5.0400,-0.0500,-0.9800,880435.2300,444491.3730,4.0400,9.1700,0.2134,0.4996,0.8600,5.0501,5.2100,0.8041,0.1490,0.1526,4196507.1511,4125360.2844,1762290.6847,21150396.0415,20791815.8334,3.3346,3.3346,0.3642,0.3642,3.6417,7.8681
2020-06-11,5.0400,5.0500,5.0000,5.0100,-0.0300,-0.6000,1156986.4700,580783.4140,4.0200,9.1200,0.2805,0.6565,1.3000,5.0200,5.1790,0.7993,0.1481,0.1517,4196507.1511,4125360.2844,1762290.6847,21024500.8270,20668055.0248,3.3546,3.3546,0.3671,0.3671,3.6706,7.9306
2020-06-12,4.9800,5.0200,4.9600,5.0100,0.0000,0.0000,1182052.7400,590833.8820,4.0200,9.1200,0.2865,0.6707,1.2700,5.0200,5.1790,0.7993,0.1481,0.1517,4196507.1511,4125360.2844,1762290.6847,21024500.8270,20668055.0248,3.3546,3.3546,0.3715,0.3715,3.7149,8.0261
2020-06-15,5.0000,5.0100,4.9700,4.9700,-0.0400,-0.8000,1077563.2000,537451.9640,3.9900,9.0500,0.2612,0.6115,1.0200,4.9799,5.1376,0.7929,0.1469,0.1505,4196507.1511,4125360.2844,1762290.6847,20856640.5410,20503040.6135,3.3816,,0.3700,0.3700,3.7000,7.9940
2020-06-16,5.0000,5.0500,4.9900,5.0300,0.0600,1.2100,1211797.3500,608584.5920,4.0400,9.1600,0.2937,0.6876,1.1500,5.0400,5.1997,0.8025,0.1487,0.1523,4196507.1511,4125360.2844,1762290.6847,21108430.9700,20750562.2305,3.3412,,0.3700,0.3700,3.7000,7.9940
2020-06-17,5.0400,5.0700,5.0100,5.0400,0.0100,0.2000,932132.4000,469614.1610,4.0400,9.1700,0.2260,0.5289,0.8500,5.0501,5.2100,0.8041,0.1490,0.1526,4196507.1511,4125360.2844,1762290.6847,21150396.0415,20791815.8334,3.3346,,0.3671,0.3671,3.6706,7.9306
2020-06-18,5.0500,5.1200,5.0300,5.0800,0.0400,0.7900,1714938.0200,872267.9510,4.0800,9.2500,0.4157,0.9731,1.5400,5.0901,5.2513,0.8105,0.1501,0.1538,4196507.1511,4125360.2844,1762290.6847,21318256.3276,20956830.2448,3.3084,,0.3663,0.3663,3.6634,7.9149
2020-06-19,5.0900,5.1200,5.0800,5.1100,0.0300,0.5900,1569165.4400,800542.2970,4.1000,9.3000,0.3804,0.8904,1.2800,5.1202,5.2823,0.8153,0.1510,0.1547,4196507.1511,4125360.2844,1762290.6847,21444151.5421,21080591.0533,3.2889,,0.3635,0.3635,3.6346,7.8527
2020-06-22,5.0800,5.0900,5.0000,5.0000,-0.1100,-2.1500,3114022.2900,1566921.2670,4.0100,9.1000,0.7548,1.7670,2.3900,5.0100,5.1686,0.7977,0.1478,0.1514,4196507.1511,4125360.2844,1762290.6847,20982535.7555,20626801.4220,3.3613,,0.3642,0.3642,3.6417,7.8681
2020-06-23,5.0100,5.0300,4.9900,5.0000,0.0000,0.0000,1436080.8300,718921.2980,4.0100,9.1000,0.3481,0.8149,0.8400,5.0100,5.1686,0.7977,0.1478,0.1514,4196507.1511,4125360.2844,1762290.6847,20982535.7555,20626801.4220,3.3613,,0.3693,0.3693,3.6926,7.9780
2020-06-24,4.8500,4.8800,4.8200,4.8400,-0.1600,-3.2000,1478486.5300,716802.4040,4.0300,9.1400,0.3584,0.8390,0.8400,4.8497,5.0032,0.7957,0.1431,0.1465,4196507.1511,4125360.2844,1762290.6847,20311094.6113,19966743.7765,3.4724,3.8223,0.3814,0.3814,3.8144,8.2412
2020-06-29,4.8300,4.8300,4.7600,4.7700,-0.0700,-1.4500,1717404.1100,821533.9400,3.9700,9.0100,0.4163,0.9745,0.9200,4.7795,4.9309,0.7842,0.1410,0.1444,4196507.1511,4125360.2844,1762290.6847,20017339.1107,19677968.5566,3.5234,3.8784,0.3830,0.3830,3.8302,8.2754
2020-06-30,4.7900,4.8000,4.7600,4.7700,0.0000,0.0000,1325044.6400,633344.4790,3.9700,9.0100,0.3212,0.7519,0.7100,4.7795,4.9309,0.7842,0.1410,0.1444,4196507.1511,4125360.2844,1762290.6847,20017339.1107,19677968.5566,3.5234,3.8784,0.3862,0.3862,3.8622,8.3445
2020-07-01,4.7800,4.9300,4.7600,4.8900,0.1200,2.5200,3196181.7300,1554198.9550,4.0700,9.2300,0.7748,1.8137,1.7600,4.8998,5.0549,0.8039,0.1445,0.1480,4196507.1511,4125360.2844,1762290.6847,20520919.9689,20173011.7907,3.4369,3.7832,0.3870,0.3870,3.8703,8.3619
2020-07-02,4.8700,5.0000,4.8600,4.9800,0.0900,1.8400,3760210.0000,1860591.5740,4.1400,9.4000,0.9115,2.1337,2.0500,4.9899,5.1480,0.8187,0.1472,0.1508,4196507.1511,4125360.2844,1762290.6847,20898605.6125,20544294.2163,3.3748,3.7149,0.3799,0.3799,3.7988,8.2074
2020-07-03,5.0300,5.1200,5.0100,5.0800,0.1000,2.0100,4142076.4700,2096561.5390,4.2300,9.5900,1.0041,2.3504,1.8000,5.0901,5.2513,0.8351,0.1501,0.1538,4196507.1511,4125360.2844,1762290.6847,21318256.3276,20956830.2448,3.3084,3.6417,0.3678,0.3678,3.6779,7.9463
2020-07-06,5.2000,5.5000,5.1800,5.4800,0.4000,7.8700,9013732.0200,4811375.8100,4.5600,10.3500,2.1850,5.1148,3.1900,5.4909,5.6648,0.9009,0.1620,0.1659,4196507.1511,4125360.2844,1762290.6847,22996859.1880,22606974.3585,3.0669,3.3759,0.3558,0.3558,3.5577,7.6865
2020-07-07,5.6100,5.7000,5.3900,5.4000,-0.0800,-1.4600,6381963.1100,3507628.1790,4.4900,10.2000,1.5470,3.6214,1.4900,5.4108,5.5821,0.8878,0.1596,0.1635,4196507.1511,4125360.2844,1762290.6847,22661138.6159,22276945.5358,3.1123,3.4259,0.3298,0.3298,3.2977,7.1248
2020-07-08,5.3800,5.4900,5.3400,5.4600,0.0600,1.1100,4711025.1400,2554111.7580,4.5400,10.3100,1.1420,2.6732,0.8900,5.4709,5.6442,0.8976,0.1614,0.1653,4196507.1511,4125360.2844,1762290.6847,22912929.0450,22524467.1528,3.0781,3.3883,0.3439,0.3439,3.4387,7.4294
2020-07-09,5.4800,5.4900,5.3900,5.4800,0.0200,0.3700,3880207.2100,2112436.6640,4.5600,10.3500,0.9406,2.2018,0.6900,5.4909,5.6648,0.9009,0.1620,0.1659,4196507.1511,4125360.2844,1762290.6847,22996859.1880,22606974.3585,3.0669,3.3759,0.3376,0.3376,3.3759,7.2938
2020-07-10,5.4500,5.4800,5.2600,5.2700,-0.2100,-3.8300,3816820.5100,2048383.9520,4.3900,9.9500,0.9252,2.1658,0.6800,5.2805,5.4477,0.8664,0.1558,0.1596,4196507.1511,4125360.2844,1762290.6847,22115592.6863,21740648.6988,3.1891,3.5104,0.3394,0.3394,3.3945,7.3339
2020-07-13,5.2800,5.4000,5.2300,5.3400,0.0700,1.3300,3701816.9300,1971305.1900,4.4400,10.0800,0.8973,2.1006,0.6700,5.3507,5.5201,0.8779,0.1578,0.1617,4196507.1511,4125360.2844,1762290.6847,22409348.1869,22029423.9187,3.1473,3.4644,0.3504,0.3504,3.5038,7.5701
2020-07-14,5.3300,5.4100,5.2500,5.2800,-0.0600,-1.1200,3080494.8400,1639938.6950,4.3900,9.9700,0.7467,1.7480,0.6800,5.2905,5.4581,0.8680,0.1561,0.1599,4196507.1511,4125360.2844,1762290.6847,22157557.7578,21781902.3016,3.1830,3.5038,0.3471,0.3471,3.4709,7.4991
2020-07-15,5.3100,5.3400,5.1600,5.1700,-0.1100,-2.0800,2892475.7800,1510836.0080,4.3000,9.7600,0.7011,1.6413,0.7500,5.1803,5.3444,0.8499,0.1528,0.1565,4196507.1511,4125360.2844,1762290.6847,21695941.9712,21328112.6703,3.2508,3.5783,0.3484,0.3484,3.4840,7.5273
2020-07-16,5.1800,5.2400,5.0400,5.0500,-0.1200,-2.3200,3487987.4000,1791857.2600,4.2000,9.5400,0.8455,1.9792,1.0000,5.0601,5.2203,0.8302,0.1493,0.1529,4196507.1511,4125360.2844,1762290.6847,21192361.1131,20833069.4362,3.3280,3.6634,0.3571,0.3571,3.5714,7.7162
2020-07-17,5.0700,5.1000,5.0300,5.0500,0.0000,0.0000,2221596.5500,1123593.9040,4.2000,9.5400,0.5385,1.2606,0.6500,5.0601,5.2203,0.8302,0.1493,0.1529,4196507.1511,4125360.2844,1762290.6847,21192361.1131,20833069.4362,3.3280,3.6634,0.3649,0.3649,3.6489,7.8836
2020-07-20,5.0700,5.2400,5.0600,5.2200,0.1700,3.3700,2835896.8500,1468628.1900,4.3400,9.8600,0.6874,1.6092,0.9200,5.2304,5.3961,0.8582,0.1543,0.1580,4196507.1511,4125360.2844,1762290.6847,21905767.3287,21534380.6846,3.2196,3.5441,0.3649,0.3649,3.6489,7.8836
2020-07-21,5.2500,5.3000,5.2200,5.2200,0.0000,0.0000,2235390.7900,1173786.6380,4.3400,9.8600,0.5419,1.2685,0.7700,5.2304,5.3961,0.8582,0.1543,0.1580,4196507.1511,4125360.2844,1762290.6847,21905767.3287,21534380.6846,3.2196,3.5441,0.3524,0.3524,3.5238,7.6133
2020-07-22,5.2200,5.2800,5.1500,5.1800,-0.0400,-0.7700,2065945.0400,1077552.1890,4.3100,9.7800,0.5008,1.1723,0.7600,5.1903,5.3547,0.8516,0.1531,0.1568,4196507.1511,4125360.2844,1762290.6847,21737907.0427,21369366.2732,3.2445,3.5714,0.3544,0.3544,3.5441,7.6571
2020-07-23,5.1400,5.2100,5.0600,5.1900,0.0100,0.1900,2812545.7800,1440715.6070,4.3200,9.8000,0.6818,1.5960,1.0900,5.2004,5.3650,0.8532,0.1534,0.1571,4196507.1511,4125360.2844,1762290.6847,21779872.1142,21410619.8760,3.2382,3.5645,0.3599,0.3599,3.5992,7.7763
2020-07-24,5.1600,5.2000,5.0500,5.0600,-0.1300,-2.5000,2258979.0300,1153372.6340,4.2100,9.5600,0.5476,1.2818,0.9300,5.0701,5.2307,0.8319,0.1496,0.1532,4196507.1511,4125360.2844,1762290.6847,21234326.1846,20874323.0391,3.3214,3.6561,0.3585,0.3585,3.5853,7.7461
2020-07-27,5.0700,5.1000,5.0100,5.0300,-0.0300,-0.5900,1345431.2700,677966.3560,4.1900,9.5000,0.3261,0.7635,0.5500,5.0400,5.1997,0.8269,0.1487,0.1523,4196507.1511,4125360.2844,1762290.6847,21108430.9700,20750562.2305,3.3412,3.6779,0.3649,0.3649,3.6489,7.8836
2020-07-28,5.0500,5.0700,5.0100,5.0300,0.0000,0.0000,1444933.6300,726925.8240,4.1900,9.5000,0.3503,0.8199,0.6700,5.0400,5.1997,0.8269,0.1487,0.1523,4196507.1511,4125360.2844,1762290.6847,21108430.9700,20750562.2305,3.3412,3.6779,0.3663,0.3663,3.6634,7.9149
2020-07-29,5.0300,5.0800,5.0000,5.0800,0.0500,0.9900,1717586.8100,867839.8610,4.2300,9.5900,0.4163,0.9746,0.8700,5.0901,5.2513,0.8351,0.1501,0.1538,4196507.1511,4125360.2844,1762290.6847,21318256.3276,20956830.2448,3.3084,3.6417,0.3678,0.3678,3.6779,7.9463
2020-07-30,5.0800,5.1100,5.0400,5.0400,-0.0400,-0.7900,1207257.9300,612208.0330,4.1900,9.5200,0.2926,0.6851,0.6300,5.0501,5.2100,0.8286,0.1490,0.1526,4196507.1511,4125360.2844,1762290.6847,21150396.0415,20791815.8334,3.3346,3.6706,0.3642,0.3642,3.6417,7.8681
2020-07-31,5.0500,5.0900,5.0000,5.0300,-0.0100,-0.2000,1611314.4800,811513.4760,4.1900,9.5000,0.3906,0.9143,1.0100,5.0400,5.1997,0.8269,0.1487,0.1523,4196507.1511,4125360.2844,1762290.6847,21108430.9700,20750562.2305,3.3412,3.6779,0.3663,0.3663,3.6634,7.9149
2020-08-03,5.0400,5.0800,5.0300,5.0800,0.0500,0.9900,1840962.3500,931586.8730,4.2300,9.5900,0.4463,1.0446,1.2600,5.0901,5.2513,0.8351,0.1501,0.1538,4196507.1511,4125360.2844,1762290.6847,21318256.3276,20956830.2448,3.3084,3.6417,0.3671,0.3671,3.6706,7.9306
2020-08-04,5.0800,5.1700,5.0600,5.1400,0.0600,1.1800,2617615.0200,1339669.0570,4.2800,9.7100,0.6345,1.4853,1.6700,5.1503,5.3134,0.8450,0.1519,0.1556,4196507.1511,4125360.2844,1762290.6847,21570046.7567,21204351.8618,3.2697,3.5992,0.3642,0.3642,3.6417,7.8681
2020-08-05,5.1200,5.1300,5.0500,5.0700,-0.0700,-1.3600,1666577.0800,845464.9140,4.2200,9.5700,0.4040,0.9457,0.9300,5.0801,5.2410,0.8335,0.1499,0.1535,4196507.1511,4125360.2844,1762290.6847,21276291.2561,20915576.6419,3.3149,3.6489,0.3613,0.3613,3.6133,7.8066
2020-08-06,5.0700,5.1000,5.0100,5.0600,-0.0100,-0.2000,1706294.5500,861141.3710,4.2100,9.5600,0.4136,0.9682,0.9500,5.0701,5.2307,0.8319,0.1496,0.1532,4196507.1511,4125360.2844,1762290.6847,21234326.1846,20874323.0391,3.3214,3.6561,0.3649,0.3649,3.6489,7.8836
2020-08-07,5.0600,5.1200,5.0300,5.1100,0.0500,0.9900,2534071.6800,1287483.9240,4.2500,9.6500,0.6143,1.4379,1.3400,5.1202,5.2823,0.8401,0.1510,0.1547,4196507.1511,4125360.2844,1762290.6847,21444151.5421,21080591.0533,3.2889,3.6204,0.3656,0.3656,3.6561,7.8992
2020-08-10,5.1000,5.2500,5.1000,5.2200,0.1100,2.1500,4119303.3600,2142145.3030,4.3400,9.8600,0.9985,2.3375,1.9900,5.2304,5.3961,0.8582,0.1543,0.1580,4196507.1511,4125360.2844,1762290.6847,21905767.3287,21534380.6846,3.2196,3.5441,0.3627,0.3627,3.6275,7.8373
2020-08-11,5.2200,5.2500,5.1200,5.1400,-0.0800,-1.5300,2508266.7500,1305607.8760,4.2800,9.7100,0.6080,1.4233,0.9900,5.1503,5.3134,0.8450,0.1519,0.1556,4196507.1511,4125360.2844,1762290.6847,21570046.7567,21204351.8618,3.2697,3.5992,0.3544,0.3544,3.5441,7.6571
2020-08-12,5.1100,5.3300,5.1100,5.3200,0.1800,3.5000,5485693.3000,2893764.5370,4.4300,10.0500,1.3297,3.1128,2.1900,5.3306,5.4994,0.8746,0.1572,0.1611,4196507.1511,4125360.2844,1762290.6847,22325418.0439,21946916.7130,3.1591,3.4774,0.3620,0.3620,3.6204,7.8219
2020-08-13,5.3300,5.3500,5.2500,5.2900,-0.0300,-0.5600,1948514.7800,1030574.7340,4.4000,9.9900,0.4723,1.1057,0.6000,5.3006,5.4684,0.8697,0.1564,0.1602,4196507.1511,4125360.2844,1762290.6847,22199522.8293,21823155.9045,3.1770,3.4972,0.3471,0.3471,3.4709,7.4991
2020-08-14,5.3000,5.3100,5.2200,5.3000,0.0100,0.1900,2022135.9900,1066955.5110,4.4100,10.0100,0.4902,1.1474,0.6100,5.3106,5.4788,0.8713,0.1566,0.1605,4196507.1511,4125360.2844,1762290.6847,22241487.9008,21864409.5073,3.1710,3.4906,0.3491,0.3491,3.4906,7.5415
2020-08-17,5.3300,5.3800,5.2700,5.3500,0.0500,0.9400,2991335.5100,1597890.3360,4.4500,10.1000,0.7251,1.6974,0.9300,5.3607,5.5304,0.8795,0.1581,0.1620,4196507.1511,4125360.2844,1762290.6847,22451313.2584,22070677.5215,3.1414,3.4579,0.3471,0.3471,3.4709,7.4991
2020-08-18,5.3500,5.3600,5.2500,5.2700,-0.0800,-1.5000,1961641.2900,1036981.9670,4.3900,9.9500,0.4755,1.1131,0.6600,5.2805,5.4477,0.8664,0.1558,0.1596,4196507.1511,4125360.2844,1762290.6847,22115592.6863,21740648.6988,3.1891,3.5104,0.3458,0.3458,3.4579,7.4710
2020-08-19,5.2700,5.2900,5.2100,5.2300,-0.0400,-0.7600,2248081.7800,1181811.3010,4.3500,9.8800,0.5449,1.2757,0.7800,5.2404,5.4064,0.8598,0.1546,0.1583,4196507.1511,4125360.2844,1762290.6847,21947732.4003,21575634.2874,3.2135,3.5373,0.3510,0.3510,3.5104,7.5844
2020-08-20,5.2300,5.2400,5.1600,5.1700,-0.0600,-1.1500,1598324.7100,828921.0260,4.3000,9.7600,0.3874,0.9070,0.7200,5.1803,5.3444,0.8499,0.1528,0.1565,4196507.1511,4125360.2844,1762290.6847,21695941.9712,21328112.6703,3.2508,3.5783,0.3537,0.3537,3.5373,7.6424
2020-08-21,5.2000,5.2100,5.1600,5.1800,0.0100,0.1900,1055634.9600,546772.8430,4.3100,9.7800,0.2559,0.5990,0.4900,5.1903,5.3547,0.8516,0.1531,0.1568,4196507.1511,4125360.2844,1762290.6847,21737907.0427,21369366.2732,3.2445,3.5714,0.3558,0.3558,3.5577,7.6865
2020-08-24,5.2000,5.2300,5.1600,5.1700,-0.0100,-0.1900,1646734.5000,854341.2830,4.3000,9.7600,0.3992,0.9344,0.8400,5.1803,5.3444,0.8499,0.1528,0.1565,4196507.1511,4125360.2844,1762290.6847,21695941.9712,21328112.6703,3.2508,3.5783,0.3558,0.3558,3.5577,7.6865
2020-08-25,5.1900,5.1900,5.1400,5.1500,-0.0200,-0.3900,1034892.0100,534367.1670,4.2900,9.7300,0.2509,0.5872,0.6100,5.1603,5.3237,0.8467,0.1522,0.1559,4196507.1511,4125360.2844,1762290.6847,21612011.8282,21245605.4647,3.2634,3.5922,0.3565,0.3565,3.5645,7.7013
2020-08-26,5.1500,5.1600,5.0900,5.1000,-0.0500,-0.9700,1217412.2000,623236.5530,4.2400,9.6300,0.2951,0.6908,0.8000,5.1102,5.2720,0.8384,0.1507,0.1544,4196507.1511,4125360.2844,1762290.6847,21402186.4706,21039337.4504,3.2954,3.6275,0.3592,0.3592,3.5922,7.7612
2020-08-27,5.1000,5.1200,5.0600,5.1000,0.0000,0.0000,1032530.8300,525647.0920,4.2400,9.6300,0.2503,0.5859,0.7900,5.1102,5.2720,0.8384,0.1507,0.1544,4196507.1511,4125360.2844,1762290.6847,21402186.4706,21039337.4504,3.2954,3.6275,0.3627,0.3627,3.6275,7.8373
2020-08-28,5.1200,5.2100,5.1100,5.2000,0.1000,1.9600,2015104.7700,1041095.4720,4.3300,9.8200,0.4885,1.1435,1.6800,5.2104,5.2694,0.8149,0.1537,0.1492,4196507.1511,4125360.2844,1762290.6847,21821837.1857,21451873.4789,3.2320,3.5577,0.3613,0.3613,3.6133,7.8066
2020-08-31,5.2200,5.2500,5.1300,5.1400,-0.0600,-1.1500,1931332.0300,1003700.4270,4.2800,9.7100,0.4682,1.0959,1.3900,5.1503,5.2086,0.8055,0.1519,0.1475,4196507.1511,4125360.2844,1762290.6847,21570046.7567,21204351.8618,3.2697,3.5992,0.3544,0.3544,3.5441,7.6571
2020-09-01,5.1400,5.1800,5.1200,5.1600,0.0200,0.3900,1221141.5900,629563.4590,4.2900,9.7400,0.2960,0.6929,0.8400,5.1703,5.2288,0.8087,0.1525,0.1481,4196507.1511,4125360.2844,1762290.6847,21653976.8997,21286859.0675,3.2571,3.5853,0.3599,0.3599,3.5992,7.7763
2020-09-02,5.1600,5.1700,5.0800,5.1000,-0.0600,-1.1600,2099649.7200,1073139.0480,4.2400,9.6300,0.5090,1.1914,1.4200,5.1102,5.1680,0.7993,0.1507,0.1463,4196507.1511,4125360.2844,1762290.6847,21402186.4706,21039337.4504,3.2954,3.6275,0.3585,0.3585,3.5853,7.7461
2020-09-03,5.1200,5.1400,5.0500,5.0700,-0.0300,-0.5900,2142773.6300,1089431.4300,4.2200,9.5700,0.5194,1.2159,1.2900,5.0801,5.1376,0.7946,0.1499,0.1455,4196507.1511,4125360.2844,1762290.6847,21276291.2561,20915576.6419,3.3149,3.6489,0.3613,0.3613,3.6133,7.8066
2020-09-04,5.0500,5.0700,5.0300,5.0500,-0.0200,-0.3900,1580776.6100,798143.6160,4.2000,9.5400,0.3832,0.8970,0.8400,5.0601,5.1174,0.7914,0.1493,0.1449,4196507.1511,4125360.2844,1762290.6847,21192361.1131,20833069.4362,3.3280,3.6634,0.3663,0.3663,3.6634,7.9149
2020-09-07,5.0600,5.1000,5.0100,5.0100,-0.0400,-0.7900,2419675.7300,1221561.5290,4.1700,9.4600,0.5865,1.3730,1.3500,5.0200,5.0768,0.7852,0.1481,0.1437,4196507.1511,4125360.2844,1762290.6847,21024500.8270,20668055.0248,3.3546,3.6926,0.3656,0.3656,3.6561,7.8992
2020-09-08,5.0300,5.1200,5.0100,5.1100,0.1000,2.0000,1924113.8100,976804.3710,4.2500,9.6500,0.4664,1.0918,1.0200,5.1202,5.1782,0.8008,0.1510,0.1466,4196507.1511,4125360.2844,1762290.6847,21444151.5421,21080591.0533,3.2889,3.6204,0.3678,0.3678,3.6779,7.9463
2020-09-09,5.0800,5.1200,5.0300,5.0400,-0.0700,-1.3700,1834296.2600,929780.2480,4.1900,9.5200,0.4446,1.0409,0.9000,5.0501,5.1072,0.7899,0.1490,0.1446,4196507.1511,4125360.2844,1762290.6847,21150396.0415,20791815.8334,3.3346,3.6706,0.3642,0.3642,3.6417,7.8681
2020-09-10,5.0700,5.1100,5.0000,5.0300,-0.0100,-0.2000,2086560.0000,1053772.6510,4.1900,9.5000,0.5058,1.1840,1.0500,5.0400,5.0971,0.7883,0.1487,0.1443,4196507.1511,4125360.2844,1762290.6847,21108430.9700,20750562.2305,3.3412,3.6779,0.3649,0.3649,3.6489,7.8836
2020-09-11,5.0300,5.0400,5.0000,5.0200,-0.0100,-0.2000,1131915.1000,568292.9420,4.1800,9.4800,0.2744,0.6423,0.5700,5.0300,5.0870,0.7867,0.1484,0.1440,4196507.1511,4125360.2844,1762290.6847,21066465.8985,20709308.6277,3.3479,3.6853,0.3678,0.3678,3.6779,7.9463
2020-09-14,5.0400,5.0400,5.0100,5.0300,0.0100,0.2000,971520.3500,488234.7700,4.1900,9.5000,0.2355,0.5513,0.5200,5.0400,5.0971,0.7883,0.1487,0.1443,4196507.1511,4125360.2844,1762290.6847,21108430.9700,20750562.2305,3.3412,3.6779,0.3671,0.3671,3.6706,7.9306
2020-09-15,5.0300,5.0700,5.0300,5.0600,0.0300,0.6000,1204499.8000,608504.2370,4.2100,9.5600,0.2920,0.6835,0.7600,5.0701,5.1275,0.7930,0.1496,0.1452,4196507.1511,4125360.2844,1762290.6847,21234326.1846,20874323.0391,3.3214,3.6561,0.3678,0.3678,3.6779,7.9463
2020-09-16,5.0600,5.1000,5.0300,5.0800,0.0200,0.4000,1163718.6400,589594.7860,4.2300,9.5900,0.2821,0.6603,0.8000,5.0901,5.1478,0.7961,0.1501,0.1458,4196507.1511,4125360.2844,1762290.6847,21318256.3276,20956830.2448,3.3084,3.6417,0.3656,0.3656,3.6561,7.8992
2020-09-17,5.0700,5.0900,5.0500,5.0500,-0.0300,-0.5900,975279.4600,494183.3500,4.2000,9.5400,0.2364,0.5534,0.7400,5.0601,5.1174,0.7914,0.1493,0.1449,4196507.1511,4125360.2844,1762290.6847,21192361.1131,20833069.4362,3.3280,3.6634,0.3649,0.3649,3.6489,7.8836
2020-09-18,5.1000,5.2400,5.1000,5.2400,0.1900,3.7600,5960587.8400,3098670.5720,4.3600,9.9000,1.4449,3.3823,5.4700,5.2505,5.3099,0.8212,0.1549,0.1503,4196507.1511,4125360.2844,1762290.6847,21989697.4718,21616887.8903,3.2073,3.5305,0.3627,0.3627,3.6275,7.8373
2020-09-21,5.2400,5.2800,5.2000,5.2400,0.0000,0.0000,3596253.2600,1886510.1430,4.3600,9.9000,0.8717,2.0407,1.7500,5.2505,5.3099,0.8212,0.1549,0.1503,4196507.1511,4125360.2844,1762290.6847,21989697.4718,21616887.8903,3.2073,3.5305,0.3531,0.3531,3.5305,7.6279
2020-09-22,5.2200,5.2500,5.1600,5.1800,-0.0600,-1.1500,2174820.6500,1132262.0640,4.3100,9.7800,0.5272,1.2341,0.8400,5.1903,5.2491,0.8118,0.1531,0.1486,4196507.1511,4125360.2844,1762290.6847,21737907.0427,21369366.2732,3.2445,3.5714,0.3544,0.3544,3.5441,7.6571
2020-09-23,5.1900,5.2100,5.1100,5.1400,-0.0400,-0.7700,1672028.1400,860139.9790,4.2800,9.7100,0.4053,0.9488,0.6000,5.1503,5.2086,0.8055,0.1519,0.1475,4196507.1511,4125360.2844,1762290.6847,21570046.7567,21204351.8618,3.2697,3.5992,0.3565,0.3565,3.5645,7.7013
2020-09-24,5.1200,5.1200,5.0600,5.0700,-0.0700,-1.3600,1624918.2800,824760.3830,4.2200,9.5700,0.3939,0.9220,0.5700,5.0801,5.1376,0.7946,0.1499,0.1455,4196507.1511,4125360.2844,1762290.6847,21276291.2561,20915576.6419,3.3149,3.6489,0.3613,0.3613,3.6133,7.8066
2020-09-25,5.0800,5.0900,5.0600,5.0900,0.0200,0.3900,1149613.2300,583595.9840,4.2400,9.6100,0.2787,0.6523,0.3800,5.1002,5.1579,0.7977,0.1504,0.1460,4196507.1511,4125360.2844,1762290.6847,21360221.3991,20998083.8476,3.3019,3.6346,0.3642,0.3642,3.6417,7.8681
2020-09-28,5.0800,5.1000,5.0600,5.0800,-0.0100,-0.2000,1072790.6000,544747.9660,4.2300,9.5900,0.2600,0.6087,0.5200,5.0901,5.1478,0.7961,0.1501,0.1458,4196507.1511,4125360.2844,1762290.6847,21318256.3276,20956830.2448,3.3084,3.6417,0.3642,0.3642,3.6417,7.8681
2020-09-29,5.0800,5.0900,5.0500,5.0500,-0.0300,-0.5900,1184085.3000,600188.6080,4.2000,9.5400,0.2870,0.6719,0.7700,5.0601,5.1174,0.7914,0.1493,0.1449,4196507.1511,4125360.2844,1762290.6847,21192361.1131,20833069.4362,3.3280,3.6634,0.3642,0.3642,3.6417,7.8681
2020-09-30,5.0600,5.1000,5.0400,5.0800,0.0300,0.5900,1500562.2300,760467.6530,4.2300,9.5900,0.3637,0.8515,1.1200,5.0901,5.1478,0.7961,0.1501,0.1458,4196507.1511,4125360.2844,1762290.6847,21318256.3276,20956830.2448,3.3084,3.6417,0.3656,0.3656,3.6561,7.8992
2020-10-09,5.1100,5.1400,5.0800,5.1000,0.0200,0.3900,1397926.0400,714192.6600,4.2400,9.6300,0.3389,0.7932,1.0700,5.1102,5.1680,0.7993,0.1507,0.1463,4196507.1511,4125360.2844,1762290.6847,21402186.4706,21039337.4504,3.2954,3.6275,0.3620,0.3620,3.6204,7.8219
2020-10-12,5.1000,5.1700,5.0800,5.1500,0.0500,0.9800,3177847.3400,1631727.8130,4.2900,9.7300,0.7703,1.8032,2.5200,5.1603,5.2187,0.8071,0.1522,0.1478,4196507.1511,4125360.2844,1762290.6847,21612011.8282,21245605.4647,3.2634,3.5922,0.3627,0.3627,3.6275,7.8373
2020-10-13,5.1300,5.1400,5.0900,5.1100,-0.0400,-0.7800,1475402.6700,753207.5820,4.2500,9.6500,0.3576,0.8372,0.8900,5.1202,5.1782,0.8008,0.1510,0.1466,4196507.1511,4125360.2844,1762290.6847,21444151.5421,21080591.0533,3.2889,3.6204,0.3606,0.3606,3.6062,7.7914
2020-10-14,5.1100,5.1300,5.0800,5.1100,0.0000,0.0000,1652265.2900,843329.9390,4.2500,9.6500,0.4005,0.9376,0.9500,5.1202,5.1782,0.8008,0.1510,0.1466,4196507.1511,4125360.2844,1762290.6847,21444151.5421,21080591.0533,3.2889,3.6204,0.3620,0.3620,3.6204,7.8219
2020-10-15,5.1100,5.1300,5.0900,5.1200,0.0100,0.2000,1838797.8300,940876.6720,4.2600,9.6700,0.4457,1.0434,1.0000,5.1302,5.1883,0.8024,0.1513,0.1469,4196507.1511,4125360.2844,1762290.6847,21486116.6136,21121844.6561,3.2825,3.6133,0.3620,0.3620,3.6204,7.8219
2020-10-16,5.1100,5.1400,5.1000,5.1200,0.0000,0.0000,1685578.4000,862483.8400,4.2600,9.6700,0.4086,0.9565,0.8800,5.1302,5.1883,0.8024,0.1513,0.1469,4196507.1511,4125360.2844,1762290.6847,21486116.6136,21121844.6561,3.2825,3.6133,0.3620,0.3620,3.6204,7.8219
2020-10-19,5.1200,5.2000,5.0900,5.1100,-0.0100,-0.2000,2820017.6200,1451746.2300,4.2500,9.6500,0.6836,1.6002,1.4300,5.1202,5.1782,0.8008,0.1510,0.1466,4196507.1511,4125360.2844,1762290.6847,21444151.5421,21080591.0533,3.2889,3.6204,0.3613,0.3613,3.6133,7.8066
2020-10-20,5.1000,5.1000,5.0500,5.0700,-0.0400,-0.7800,1818911.7600,922371.6100,4.2200,9.5700,0.4409,1.0321,0.9600,5.0801,5.1376,0.7946,0.1499,0.1455,4196507.1511,4125360.2844,1762290.6847,21276291.2561,20915576.6419,3.3149,3.6489,0.3627,0.3627,3.6275,7.8373
2020-10-21,5.0700,5.1000,5.0200,5.0900,0.0200,0.3900,1953161.1100,987012.7050,4.2400,9.6100,0.4735,1.1083,0.9900,5.1002,5.1579,0.7977,0.1504,0.1460,4196507.1511,4125360.2844,1762290.6847,21360221.3991,20998083.8476,3.3019,3.6346,0.3649,0.3649,3.6489,7.8836
2020-10-22,5.0700,5.0900,5.0400,5.0500,-0.0400,-0.7900,1166244.4000,590076.8150,4.2000,9.5400,0.2827,0.6618,0.5800,5.0601,5.1174,0.7914,0.1493,0.1449,4196507.1511,4125360.2844,1762290.6847,21192361.1131,20833069.4362,3.3280,3.6634,0.3649,0.3649,3.6489,7.8836
2020-10-23,5.0800,5.1300,5.0600,5.1100,0.0600,1.1900,2845605.0500,1452954.8000,4.2500,9.6500,0.6898,1.6147,1.5100,5.1202,5.1782,0.8008,0.1510,0.1466,4196507.1511,4125360.2844,1762290.6847,21444151.5421,21080591.0533,3.2889,3.6204,0.3642,0.3642,3.6417,7.8681
2020-10-26,5.2900,5.3600,5.1800,5.2200,0.1100,2.1500,7221990.4500,3788791.9920,4.3400,9.8600,1.7506,4.0981,3.4100,5.2304,5.2896,0.8181,0.1543,0.1498,4196507.1511,4125360.2844,1762290.6847,21905767.3287,21534380.6846,3.2196,3.5441,0.3497,0.3497,3.4972,7.5558
2020-10-27,5.2100,5.3000,5.1600,5.1800,-0.0400,-0.7700,4456273.3600,2320999.4870,4.3100,9.7800,1.0802,2.5287,1.4800,5.1903,5.2491,0.8118,0.1531,0.1486,4196507.1511,4125360.2844,1762290.6847,21737907.0427,21369366.2732,3.2445,3.5714,0.3551,0.3551,3.5509,7.6718
2020-10-28,5.1700,5.1800,5.1100,5.1500,-0.0300,-0.5800,3704439.2300,1904419.9670,4.2900,9.7300,0.8980,2.1021,1.0500,5.1603,5.2187,0.8071,0.1522,0.1478,4196507.1511,4125360.2844,1762290.6847,21612011.8282,21245605.4647,3.2634,3.5922,0.3578,0.3578,3.5783,7.7311
2020-10-29,5.1300,5.1900,5.1100,5.1200,-0.0300,-0.5800,3195034.9500,1642074.4580,4.2600,9.6700,0.7745,1.8130,0.8200,5.1302,4.9923,0.7679,0.1513,0.1411,4196507.1511,4125360.2844,1762290.6847,21486116.6136,21121844.6561,3.2825,3.6133,0.3606,0.3606,3.6062,7.7914
2020-10-30,5.1200,5.1800,5.1000,5.1100,-0.0100,-0.2000,4052304.0400,2077953.8190,4.2500,9.6500,0.9823,2.2995,0.9500,5.1202,4.9826,0.7664,0.1510,0.1409,4196507.1511,4125360.2844,1762290.6847,21444151.5421,21080591.0533,3.2889,3.6204,0.3613,0.3613,3.6133,7.8066
2020-11-02,5.1200,5.1400,5.0900,5.1000,-0.0100,-0.2000,3118440.8300,1593876.4200,4.2400,9.6300,0.7559,1.7695,0.6900,5.1102,4.9728,0.7649,0.1507,0.1406,4196507.1511,4125360.2844,1762290.6847,21402186.4706,21039337.4504,3.2954,3.6275,0.3613,0.3613,3.6133,7.8066
2020-11-03,5.1100,5.1700,5.1000,5.1600,0.0600,1.1800,4477380.3500,2300451.2920,4.2900,9.7400,1.0853,2.5407,1.2100,5.1703,5.0313,0.7739,0.1525,0.1422,4196507.1511,4125360.2844,1762290.6847,21653976.8997,21286859.0675,3.2571,3.5853,0.3620,0.3620,3.6204,7.8219
2020-11-04,5.1600,5.2400,5.1400,5.2300,0.0700,1.3600,3234907.3300,1681241.7130,4.3500,9.8800,0.7842,1.8356,0.8700,5.2404,5.0996,0.7844,0.1546,0.1442,4196507.1511,4125360.2844,1762290.6847,21947732.4003,21575634.2874,3.2135,3.5373,0.3585,0.3585,3.5853,7.7461
2020-11-05,5.2400,5.2700,5.2100,5.2700,0.0400,0.7600,3217318.4500,1688405.3350,4.3900,9.9500,0.7799,1.8256,0.8900,5.2805,5.1386,0.7904,0.1558,0.1453,4196507.1511,4125360.2844,1762290.6847,22115592.6863,21740648.6988,3.1891,3.5104,0.3531,0.3531,3.5305,7.6279
2020-11-06,5.2700,5.3900,5.2600,5.3700,0.1000,1.9000,4646542.3700,2479166.6020,4.4700,10.1400,1.1263,2.6366,1.2800,5.3807,5.2361,0.8054,0.1587,0.1480,4196507.1511,4125360.2844,1762290.6847,22535243.4014,22153184.7272,3.1297,3.4451,0.3510,0.3510,3.5104,7.5844
2020-11-09,5.4000,5.4500,5.2700,5.3100,-0.0600,-1.1200,5334416.0800,2848270.2990,4.4200,10.0300,1.2931,3.0270,1.4300,5.3206,5.1776,0.7964,0.1569,0.1464,4196507.1511,4125360.2844,1762290.6847,22283452.9723,21905663.1102,3.1651,3.4840,0.3426,0.3426,3.4259,7.4019
2020-11-10,5.3100,5.3700,5.2600,5.2700,-0.0400,-0.7500,2899724.0200,1539428.0770,4.3900,9.9500,0.7029,1.6454,0.6900,5.2805,5.1386,0.7904,0.1558,0.1453,4196507.1511,4125360.2844,1762290.6847,22115592.6863,21740648.6988,3.1891,3.5104,0.3484,0.3484,3.4840,7.5273
2020-11-11,5.2500,5.4300,5.2400,5.3700,0.1000,1.9000,4175511.7000,2236854.2400,4.4700,10.1400,1.0122,2.3694,1.0800,5.3807,5.2361,0.8054,0.1587,0.1480,4196507.1511,4125360.2844,1762290.6847,22535243.4014,22153184.7272,3.1297,3.4451,0.3524,0.3524,3.5238,7.6133
2020-11-12,5.3500,5.4000,5.2800,5.3100,-0.0600,-1.1200,2329358.8200,1242488.6440,4.4200,10.0300,0.5646,1.3218,0.5700,5.3206,5.1776,0.7964,0.1569,0.1464,4196507.1511,4125360.2844,1762290.6847,22283452.9723,21905663.1102,3.1651,3.4840,0.3458,0.3458,3.4579,7.4710
2020-11-13,5.2900,5.2900,5.2200,5.2500,-0.0600,-1.1300,2383349.5600,1250761.6910,4.3700,9.9100,0.5777,1.3524,0.6100,5.2605,5.1191,0.7874,0.1552,0.1447,4196507.1511,4125360.2844,1762290.6847,22031662.5433,21658141.4931,3.2012,3.5238,0.3497,0.3497,3.4972,7.5558
2020-11-16,5.2800,5.3200,5.2300,5.2900,0.0400,0.7600,2234817.8800,1178911.0690,4.4000,9.9900,0.5417,1.2681,0.6500,5.3006,5.1581,0.7934,0.1564,0.1458,4196507.1511,4125360.2844,1762290.6847,22199522.8293,21823155.9045,3.1770,3.4972,0.3504,0.3504,3.5038,7.5701
2020-11-17,5.2900,5.3500,5.2700,5.3200,0.0300,0.5700,2529203.6800,1345544.5450,4.4300,10.0500,0.6131,1.4352,0.9000,5.3306,5.1874,0.7979,0.1572,0.1467,4196507.1511,4125360.2844,1762290.6847,22325418.0439,21946916.7130,3.1591,3.4774,0.3497,0.3497,3.4972,7.5558
2020-11-18,5.3100,5.3800,5.2800,5.3100,-0.0100,-0.1900,2899596.1000,1545687.3940,4.4200,10.0300,0.7029,1.6454,1.0600,5.3206,5.1776,0.7964,0.1569,0.1464,4196507.1511,4125360.2844,1762290.6847,22283452.9723,21905663.1102,3.1651,3.4840,0.3484,0.3484,3.4840,7.5273
2020-11-19,5.3000,5.3600,5.2900,5.3100,0.0000,0.0000,1990419.5400,1059083.3780,4.4200,10.0300,0.4825,1.1295,0.8000,5.3206,5.1776,0.7964,0.1569,0.1464,4196507.1511,4125360.2844,1762290.6847,22283452.9723,21905663.1102,3.1651,3.4840,0.3491,0.3491,3.4906,7.5415
2020-11-20,5.3000,5.3600,5.2600,5.3300,0.0200,0.3800,2798852.2500,1484405.3600,4.4400,10.0700,0.6785,1.5882,1.1600,5.3406,5.1971,0.7994,0.1575,0.1469,4196507.1511,4125360.2844,1762290.6847,22367383.1154,21988170.3159,3.1532,3.4709,0.3491,0.3491,3.4906,7.5415
2020-11-23,5.3300,5.4400,5.3200,5.4200,0.0900,1.6900,3716388.9700,2006392.5420,4.5100,10.2400,0.9009,2.1088,1.4900,5.4308,5.2849,0.8129,0.1602,0.1494,4196507.1511,4125360.2844,1762290.6847,22745068.7590,22359452.7414,3.1008,3.4133,0.3471,0.3471,3.4709,7.4991
2020-11-24,5.4200,5.4600,5.3900,5.4400,0.0200,0.3700,2413949.5200,1311019.1630,4.5300,10.2700,0.5851,1.3698,0.8700,5.4509,5.3044,0.8159,0.1608,0.1500,4196507.1511,4125360.2844,1762290.6847,22828998.9020,22441959.9471,3.0894,3.4007,0.3413,0.3413,3.4133,7.3745
2020-11-25,5.4600,5.5300,5.3700,5.3700,-0.0700,-1.2900,3638514.5900,1984157.3340,4.4700,10.1400,0.8820,2.0647,1.3200,5.3807,5.2361,0.8054,0.1587,0.1480,4196507.1511,4125360.2844,1762290.6847,22535243.4014,22153184.7272,3.1297,3.4451,0.3388,0.3388,3.3883,7.3205
2020-11-26,5.3800,5.4100,5.3300,5.4000,0.0300,0.5600,2334712.2000,1253744.5260,4.4900,10.2000,0.5659,1.3248,0.8000,5.4108,5.2654,0.8099,0.1596,0.1489,4196507.1511,4125360.2844,1762290.6847,22661138.6159,22276945.5358,3.1123,3.4259,0.3439,0.3439,3.4387,7.4294
2020-11-27,5.4000,5.5000,5.3800,5.5000,0.1000,1.8500,2872127.8400,1564305.5770,4.5800,10.3900,0.6962,1.6298,0.9600,5.5110,5.3629,0.8249,0.1626,0.1516,4196507.1511,4125360.2844,1762290.6847,23080789.3311,22689481.5642,3.0557,3.3636,0.3426,0.3426,3.4259,7.4019
2020-11-30,5.5400,5.6100,5.4300,5.4300,-0.0700,-1.2700,4838210.5900,2678787.5060,4.5200,10.2500,1.1728,2.7454,1.6200,5.4408,5.2946,0.8144,0.1605,0.1497,4196507.1511,4125360.2844,1762290.6847,22787033.8305,22400706.3443,3.0951,3.4070,0.3339,0.3339,3.3394,7.2148
2020-12-01,5.4400,5.5200,5.4100,5.5100,0.0800,1.4700,2541993.8600,1390842.9400,4.5900,10.4100,0.6162,1.4424,0.7900,5.5210,5.3726,0.8264,0.1629,0.1519,4196507.1511,4125360.2844,1762290.6847,23122754.4026,22730735.1670,3.0502,3.3575,0.3401,0.3401,3.4007,7.3474
2020-12-02,5.5000,5.5500,5.4600,5.5000,-0.0100,-0.1800,2214388.3100,1217289.0140,4.5800,10.3900,0.5368,1.2565,0.6800,5.5110,5.3629,0.8249,0.1626,0.1516,4196507.1511,4125360.2844,1762290.6847,23080789.3311,22689481.5642,3.0557,3.3636,0.3364,0.3364,3.3636,7.2673
2020-12-03,5.5000,5.5000,5.3700,5.3800,-0.1200,-2.1800,3216476.4900,1739772.3050,4.4800,10.1600,0.7797,1.8252,1.0900,5.3907,5.2459,0.8069,0.1590,0.1483,4196507.1511,4125360.2844,1762290.6847,22577208.4729,22194438.3301,3.1239,3.4387,0.3364,0.3364,3.3636,7.2673
2020-12-04,5.3900,5.4000,5.2900,5.3000,-0.0800,-1.4900,2146743.2400,1142067.8510,4.4100,10.0100,0.5204,1.2182,0.6800,5.3106,5.1679,0.7949,0.1566,0.1461,4196507.1511,4125360.2844,1762290.6847,22241487.9008,21864409.5073,3.1710,3.4906,0.3432,0.3432,3.4323,7.4156
2020-12-07,5.3000,5.3000,5.2000,5.2100,-0.0900,-1.7000,2916958.6700,1526363.6730,4.3400,9.8400,0.7071,1.6552,0.9800,5.2204,5.0801,0.7814,0.1540,0.1436,4196507.1511,4125360.2844,1762290.6847,21863802.2572,21493127.0817,3.2258,3.5509,0.3491,0.3491,3.4906,7.5415
2020-12-08,5.2100,5.2300,5.1600,5.1700,-0.0400,-0.7700,2347030.8600,1216849.1730,4.3000,9.7600,0.5689,1.3318,0.9000,5.1803,5.0411,0.7754,0.1528,0.1425,4196507.1511,4125360.2844,1762290.6847,21695941.9712,21328112.6703,3.2508,3.5783,0.3551,0.3551,3.5509,7.6718
2020-12-09,5.1800,5.2000,5.1400,5.1500,-0.0200,-0.3900,1530741.2300,791250.2780,4.2900,9.7300,0.3711,0.8686,0.6000,5.1603,5.0216,0.7724,0.1522,0.1420,4196507.1511,4125360.2844,1762290.6847,21612011.8282,21245605.4647,3.2634,3.5922,0.3571,0.3571,3.5714,7.7162
2020-12-10,5.1400,5.1700,5.1200,5.1400,-0.0100,-0.1900,1456917.3600,749588.3100,4.2800,9.7100,0.3532,0.8267,0.6000,5.1503,5.0118,0.7709,0.1519,0.1417,4196507.1511,4125360.2844,1762290.6847,21570046.7567,21204351.8618,3.2697,3.5992,0.3599,0.3599,3.5992,7.7763
2020-12-11,5.1400,5.1500,5.0900,5.1000,-0.0400,-0.7800,2086878.5100,1066628.4690,4.2400,9.6300,0.5059,1.1842,1.0000,5.1102,4.9728,0.7649,0.1507,0.1406,4196507.1511,4125360.2844,1762290.6847,21402186.4706,21039337.4504,3.2954,3.6275,0.3599,0.3599,3.5992,7.7763
2020-12-14,5.1100,5.1300,5.0800,5.0900,-0.0100,-0.2000,1709991.5100,871902.2770,4.2400,9.6100,0.4145,0.9703,0.8300,5.1002,4.9631,0.7634,0.1504,0.1403,4196507.1511,4125360.2844,1762290.6847,21360221.3991,20998083.8476,3.3019,3.6346,0.3620,0.3620,3.6204,7.8219
2020-12-15,5.0800,5.0900,5.0500,5.0800,-0.0100,-0.2000,2130448.8000,1079167.3930,4.2300,9.5900,0.5164,1.2089,1.1700,5.0901,4.9533,0.7619,0.1501,0.1400,4196507.1511,4125360.2844,1762290.6847,21318256.3276,20956830.2448,3.3084,3.6417,0.3642,0.3642,3.6417,7.8681
2020-12-16,5.0700,5.1200,5.0600,5.1000,0.0200,0.3900,1365402.2700,694820.1720,4.2400,9.6300,0.3310,0.7748,0.7700,5.1102,4.9728,0.7649,0.1507,0.1406,4196507.1511,4125360.2844,1762290.6847,21402186.4706,21039337.4504,3.2954,3.6275,0.3649,0.3649,3.6489,7.8836
2020-12-17,5.1000,5.1300,5.0500,5.1200,0.0200,0.3900,1272231.6800,647952.8830,4.2600,9.6700,0.3084,0.7219,0.7300,5.1302,4.9923,0.7679,0.1513,0.1411,4196507.1511,4125360.2844,1762290.6847,21486116.6136,21121844.6561,3.2825,3.6133,0.3627,0.3627,3.6275,7.8373
2020-12-18,5.1100,5.2000,5.0900,5.1400,0.0200,0.3900,1806077.8200,928056.0120,4.2800,9.7100,0.4378,1.0248,1.0500,5.1503,5.0118,0.7709,0.1519,0.1417,4196507.1511,4125360.2844,1762290.6847,21570046.7567,21204351.8618,3.2697,3.5992,0.3620,0.3620,3.6204,7.8219
2020-12-21,5.1100,5.1200,5.0600,5.0700,-0.0700,-1.3600,2226469.8300,1130741.8120,4.2200,9.5700,0.5397,1.2634,1.3400,5.0801,4.9436,0.7604,0.1499,0.1398,4196507.1511,4125360.2844,1762290.6847,21276291.2561,20915576.6419,3.3149,3.6489,0.3620,0.3620,3.6204,7.8219
2020-12-22,5.0700,5.0800,5.0000,5.0200,-0.0500,-0.9900,2622961.1900,1322619.8140,4.1800,9.4800,0.6358,1.4884,1.4900,5.0300,4.8948,0.7529,0.1484,0.1384,4196507.1511,4125360.2844,1762290.6847,21066465.8985,20709308.6277,3.3479,3.6853,0.3649,0.3649,3.6489,7.8836
2020-12-23,5.0200,5.0400,4.9900,5.0000,-0.0200,-0.4000,1810107.6600,907137.3050,4.1600,9.4400,0.4388,1.0271,0.9700,5.0100,4.8753,0.7499,0.1478,0.1378,4196507.1511,4125360.2844,1762290.6847,20982535.7555,20626801.4220,3.3613,3.7000,0.3685,0.3685,3.6853,7.9622
2020-12-24,5.0000,5.0300,4.9600,4.9700,-0.0300,-0.6000,1481697.6300,740244.6770,4.1400,9.3900,0.3592,0.8408,0.7600,4.9799,4.8461,0.7454,0.1469,0.1370,4196507.1511,4125360.2844,1762290.6847,20856640.5410,20503040.6135,3.3816,3.7223,0.3700,0.3700,3.7000,7.9940
2020-12-25,4.9800,5.0100,4.9400,5.0000,0.0300,0.6000,1606591.9900,798155.2690,4.1600,9.4400,0.3894,0.9116,0.8100,5.0100,4.8753,0.7499,0.1478,0.1378,4196507.1511,4125360.2844,1762290.6847,20982535.7555,20626801.4220,3.3613,3.7000,0.3715,0.3715,3.7149,8.0261
2020-12-28,5.0000,5.0000,4.9000,4.9500,-0.0500,-1.0000,1831145.9800,906112.5390,4.1200,9.3500,0.4439,1.0391,0.9400,4.9599,4.8266,0.7424,0.1463,0.1365,4196507.1511,4125360.2844,1762290.6847,20772710.3979,20420533.4078,3.3952,3.7374,0.3700,0.3700,3.7000,7.9940
2020-12-29,4.9600,4.9800,4.9400,4.9500,0.0000,0.0000,1065056.9300,528429.4130,4.1200,9.3500,0.2582,0.6044,0.5700,4.9599,4.8266,0.7424,0.1463,0.1365,4196507.1511,4125360.2844,1762290.6847,20772710.3979,20420533.4078,3.3952,3.7374,0.3730,0.3730,3.7298,8.0585
2020-12-30,4.9500,4.9700,4.9200,4.9400,-0.0100,-0.2000,1451090.4700,717336.5890,4.1100,9.3300,0.3517,0.8234,0.9300,4.9499,4.8168,0.7409,0.1460,0.1362,4196507.1511,4125360.2844,1762290.6847,20730745.3264,20379279.8049,3.4021,3.7449,0.3737,0.3737,3.7374,8.0747
2020-12-31,4.9400,4.9800,4.9300,4.9700,0.0300,0.6100,2111256.0700,1045414.0210,4.1400,9.3900,0.5118,1.1980,1.4200,4.9799,4.8461,0.7454,0.1469,0.1370,4196507.1511,4125360.2844,1762290.6847,20856640.5410,20503040.6135,3.3816,3.7223,0.3745,0.3745,3.7449,8.0911
2021-01-04,4.9400,4.9500,4.8900,4.9100,-0.0600,-1.2100,2994130.6000,1470331.8690,4.0900,9.2700,0.7258,1.6990,1.8600,4.9198,4.7876,0.7364,0.1451,0.1353,4196507.1511,4125360.2844,1762290.6847,20604850.1119,20255518.9964,3.7678,3.7678,0.4346,0.4346,4.3462,9.4069
2021-01-05,4.9000,4.9400,4.8200,4.8800,-0.0300,-0.6100,3461620.4100,1684969.9190,4.0600,9.2200,0.8391,1.9643,1.8300,4.8897,4.7583,0.7319,0.1442,0.1345,4196507.1511,4125360.2844,1762290.6847,20478954.8974,20131758.1879,3.7910,3.7910,0.4382,0.4382,4.3816,9.4837
2021-01-06,4.8600,5.0000,4.8500,4.9500,0.0700,1.4300,4052501.0600,2003857.8230,4.1200,9.3500,0.9823,2.2996,1.8300,4.9599,4.8266,0.7424,0.1463,0.1365,4196507.1511,4125360.2844,1762290.6847,20772710.3979,20420533.4078,3.7374,3.7374,0.4418,0.4418,4.4177,9.5617
2021-01-07,4.9600,5.0200,4.8700,4.9200,-0.0300,-0.6100,3003556.4300,1477401.7110,4.0900,9.2900,0.7281,1.7043,1.0700,4.9298,4.7973,0.7379,0.1454,0.1356,4196507.1511,4125360.2844,1762290.6847,20646815.1834,20296772.5992,3.7602,3.7602,0.4329,0.4329,4.3286,9.3690
2021-01-08,4.9300,4.9800,4.8900,4.9600,0.0400,0.8100,2706326.6800,1338618.2800,4.1300,9.3600,0.6560,1.5357,0.8700,4.9699,4.8363,0.7439,0.1466,0.1367,4196507.1511,4125360.2844,1762290.6847,20814675.4695,20461787.0106,3.7298,3.7298,0.4355,0.4355,4.3550,9.4260
2021-01-11,4.9400,4.9500,4.8500,4.8700,-0.0900,-1.8100,3095431.5200,1514332.0110,4.0500,9.1900,0.7503,1.7565,0.9500,4.8797,4.7486,0.7304,0.1439,0.1342,4196507.1511,4125360.2844,1762290.6847,20436989.8259,20090504.5850,3.7988,3.7988,0.4346,0.4346,4.3462,9.4069
2021-01-12,4.8800,4.9600,4.8500,4.9400,0.0700,1.4400,2446727.7800,1201495.4220,4.1100,9.3300,0.5931,1.3884,0.7500,4.9499,4.8168,0.7409,0.1460,0.1362,4196507.1511,4125360.2844,1762290.6847,20730745.3264,20379279.8049,3.7449,3.7449,0.4400,0.4400,4.3996,9.5225
2021-01-13,4.9200,5.1500,4.8900,5.0900,0.1500,3.0400,6045134.0100,3044861.4370,4.2300,9.6100,1.4985,3.6175,1.9700,5.1002,4.9631,0.7634,0.1504,0.1403,4196507.1511,4034156.6844,1671087.0847,21360221.3991,20533857.5236,3.6346,3.6346,0.4364,0.4364,4.3638,9.4451
2021-01-14,5.0600,5.2900,5.0300,5.1400,0.0500,0.9800,6223994.3500,3220659.4690,4.2800,9.7000,1.5428,3.7245,1.8000,5.1503,5.0118,0.7709,0.1519,0.1417,4196507.1511,4034156.6844,1671087.0847,21570046.7567,20735565.3578,3.5992,3.5992,0.4243,0.4243,4.2431,9.1838
2021-01-15,5.1300,5.1300,5.0200,5.0300,-0.1100,-2.1400,3496445.8200,1771356.9860,4.1900,9.5000,0.8667,2.0923,0.8500,5.0400,4.9046,0.7544,0.1487,0.1387,4196507.1511,4034156.6844,1671087.0847,21108430.9700,20291808.1225,3.6779,3.6779,0.4185,0.4185,4.1852,9.0585
2021-01-18,5.0100,5.0600,5.0000,5.0400,0.0100,0.2000,2196775.3100,1104989.1180,4.1900,9.5200,0.5445,1.3146,0.5200,5.0501,4.9143,0.7559,0.1490,0.1389,4196507.1511,4034156.6844,1671087.0847,21150396.0415,20332149.6894,3.6706,3.6706,0.4285,0.4285,4.2854,9.2754
2021-01-19,5.0400,5.1100,5.0100,5.0600,0.0200,0.4000,2513906.6800,1271596.4860,4.2100,9.5500,0.6232,1.5044,0.6200,5.0701,4.9338,0.7589,0.1496,0.1395,4196507.1511,4034156.6844,1671087.0847,21234326.1846,20412832.8231,3.6561,3.6561,0.4260,0.4260,4.2599,9.2202
2021-01-20,5.0600,5.1000,5.0200,5.0400,-0.0200,-0.4000,2161876.5800,1093587.4290,4.1900,9.5200,0.5359,1.2937,0.5300,5.0501,4.9143,0.7559,0.1490,0.1389,4196507.1511,4034156.6844,1671087.0847,21150396.0415,20332149.6894,3.6706,3.6706,0.4243,0.4243,4.2431,9.1838
2021-01-21,5.0400,5.0500,5.0100,5.0200,-0.0200,-0.4000,1915366.2000,963519.8940,4.1800,9.4800,0.4725,1.1330,0.5800,5.0300,4.8948,0.7529,0.1484,0.1384,4196507.1511,4053664.2844,1690594.6847,21066465.8985,20349394.7077,3.6853,3.6853,0.4260,0.4260,4.2599,9.2202
2021-01-22,5.0200,5.0300,4.9300,4.9400,-0.0800,-1.5900,2033590.3600,1009822.6110,4.1100,9.3300,0.5017,1.2029,0.8300,4.9499,4.8168,0.7409,0.1460,0.1362,4196507.1511,4053664.2844,1690594.6847,20730745.3264,20025101.5649,3.7449,3.7449,0.4277,0.4277,4.2769,9.2570
2021-01-25,4.9300,4.9400,4.8900,4.9000,-0.0400,-0.8100,1898097.9900,930920.4160,4.0800,9.2500,0.4682,1.1227,0.8800,4.9098,4.7778,0.7349,0.1448,0.1351,4196507.1511,4053664.2844,1690594.6847,20562885.0404,19862954.9936,3.7755,3.7755,0.4355,0.4355,4.3550,9.4260
2021-01-26,4.9100,4.9500,4.8800,4.8800,-0.0200,-0.4100,1391796.1800,682622.3170,4.0600,9.2100,0.3433,0.8233,0.6600,4.8897,4.7583,0.7319,0.1442,0.1345,4196507.1511,4053664.2844,1690594.6847,20478954.8974,19781881.7079,3.7910,3.7910,0.4373,0.4373,4.3727,9.4644
2021-01-27,4.8800,4.9400,4.8800,4.8900,0.0100,0.2000,1233086.7100,604200.8210,4.0700,9.2300,0.3042,0.7294,0.6600,4.8998,4.7681,0.7334,0.1445,0.1348,4196507.1511,4053664.2844,1690594.6847,20520919.9689,19822418.3507,3.7832,3.7832,0.4400,0.4400,4.3996,9.5225
2021-01-28,4.8800,4.8800,4.8300,4.8300,-0.0600,-1.2300,1614052.6500,782063.7250,4.0200,9.1200,0.3982,0.9547,0.9500,4.8396,4.7096,0.7244,0.1428,0.1331,4196507.1511,4053664.2844,1690594.6847,20269129.5398,19579198.4937,3.8302,3.8302,0.4400,0.4400,4.3996,9.5225
2021-01-29,4.8400,4.8600,4.7900,4.8100,-0.0200,-0.4100,1411989.1400,681208.3490,4.0000,9.0800,0.3483,0.8352,0.8600,4.8196,4.6901,0.7214,0.1422,0.1326,4196507.1511,4053664.2844,1690594.6847,20185199.3968,19498125.2080,3.8462,3.8462,0.4436,0.4436,4.4360,9.6012
2021-02-01,4.8100,4.8400,4.7900,4.8300,0.0200,0.4200,1014738.8900,488916.3970,4.0200,9.1200,0.2503,0.6002,0.6700,4.8396,4.7096,0.7244,0.1428,0.1331,4196507.1511,4053664.2844,1690594.6847,20269129.5398,19579198.4937,3.8302,3.8302,0.4464,0.4464,4.4636,9.6611
2021-02-02,4.8200,4.8600,4.8000,4.8200,-0.0100,-0.2100,1244971.5700,601853.9040,4.0100,9.1000,0.3071,0.7364,0.9300,4.8296,4.6998,0.7229,0.1425,0.1329,4196507.1511,4053664.2844,1690594.6847,20227164.4683,19538661.8508,3.8382,3.8382,0.4454,0.4454,4.4544,9.6411
2021-02-03,4.8100,4.8200,4.7600,4.7700,-0.0500,-1.0400,1530832.1100,731097.5250,3.9700,9.0100,0.3776,0.9055,1.1700,4.7795,4.6511,0.7154,0.1410,0.1315,4196507.1511,4053664.2844,1690594.6847,20017339.1107,19335978.6366,3.8784,3.8784,0.4464,0.4464,4.4636,9.6611
2021-02-04,4.7600,4.7600,4.6800,4.6900,-0.0800,-1.6800,1831228.3100,862304.5880,3.9000,8.8500,0.4517,1.0832,1.3400,4.6994,4.5731,0.7034,0.1386,0.1293,4196507.1511,4053664.2844,1690594.6847,19681618.5387,19011685.4938,3.9446,3.9446,0.4511,0.4511,4.5105,9.7626
2021-02-05,4.6900,4.7500,4.6900,4.7400,0.0500,1.0700,1219640.5600,576214.9180,3.9400,8.9500,0.3009,0.7214,0.8700,4.7495,4.6218,0.7109,0.1401,0.1307,4196507.1511,4053664.2844,1690594.6847,19891443.8962,19214368.7081,3.9030,3.9030,0.4578,0.4578,4.5778,9.9083
2021-02-08,4.7300,4.7900,4.7300,4.7700,0.0300,0.6300,955881.9000,455837.6460,3.9700,9.0100,0.2358,0.5654,0.7000,4.7795,4.6511,0.7154,0.1410,0.1315,4196507.1511,4053664.2844,1690594.6847,20017339.1107,19335978.6366,3.8784,3.8784,0.4539,0.4539,4.5391,9.8245
2021-02-09,4.7800,4.8200,4.7600,4.8000,0.0300,0.6300,1175642.8100,563931.9260,3.9900,9.0600,0.2900,0.6954,0.8700,4.8096,4.6803,0.7199,0.1419,0.1323,4196507.1511,4053664.2844,1690594.6847,20143234.3253,19457588.5651,3.8542,3.8542,0.4492,0.4492,4.4916,9.7218
2021-02-10,4.8100,4.8300,4.7900,4.8000,0.0000,0.0000,1138282.7400,547128.8880,3.9900,9.0600,0.2808,0.6733,0.8500,4.8096,4.6803,0.7199,0.1419,0.1323,4196507.1511,4053664.2844,1690594.6847,20143234.3253,19457588.5651,3.8542,3.8542,0.4464,0.4464,4.4636,9.6611
2021-02-18,4.8600,4.8700,4.8300,4.8500,0.0500,1.0400,1789708.9100,868527.3090,4.0400,9.1600,0.4403,1.0519,1.4200,4.8597,4.7291,0.7274,0.1433,0.1337,4196507.1511,4064458.2844,1701388.6847,20353059.6828,19712622.6793,3.8144,3.8144,0.4418,0.4418,4.4177,9.5617
2021-02-19,4.8500,5.0000,4.8400,4.9800,0.1300,2.6800,2876644.0800,1422406.0210,4.1400,9.4000,0.7078,1.6908,2.2900,4.9899,4.8558,0.7469,0.1472,0.1373,4196507.1511,4064458.2844,1701388.6847,20898605.6125,20241002.2563,3.7149,3.7149,0.4427,0.4427,4.4268,9.5814
2021-02-22,5.0000,5.0900,4.9600,5.0000,0.0200,0.4000,3569995.2600,1793841.4360,4.1600,9.4400,0.8783,2.0983,2.2500,5.0100,4.8753,0.7499,0.1478,0.1378,4196507.1511,4064458.2844,1701388.6847,20982535.7555,20322291.4220,3.7000,3.7000,0.4294,0.4294,4.2940,9.2940
2021-02-23,5.0000,5.0500,4.9400,4.9500,-0.0500,-1.0000,2045201.6600,1022371.0240,4.1200,9.3500,0.5032,1.2021,0.9700,4.9599,4.8266,0.7424,0.1463,0.1365,4196507.1511,4064458.2844,1701388.6847,20772710.3979,20119068.5078,3.7374,3.7374,0.4294,0.4294,4.2940,9.2940
2021-02-24,4.9300,4.9800,4.9100,4.9400,-0.0100,-0.2000,1631885.1700,807504.7890,4.1100,9.3300,0.4015,0.9591,0.7100,4.9499,4.8168,0.7409,0.1460,0.1362,4196507.1511,4064458.2844,1701388.6847,20730745.3264,20078423.9249,3.7449,3.7449,0.4355,0.4355,4.3550,9.4260
2021-02-25,4.9600,5.1800,4.9500,5.1300,0.1900,3.8500,5404882.5800,2759035.9890,4.2700,9.6900,1.3298,3.1767,2.2700,5.1402,5.0021,0.7694,0.1516,0.1414,4196507.1511,4064458.2844,1701388.6847,21528081.6851,20850670.9990,3.6062,3.6062,0.4329,0.4329,4.3286,9.3690
2021-02-26,5.0500,5.1200,5.0300,5.0500,-0.0800,-1.5600,2867483.7900,1453244.8730,4.2000,9.5300,0.7055,1.6854,0.9200,5.0601,4.9241,0.7574,0.1493,0.1392,4196507.1511,4064458.2844,1701388.6847,21192361.1131,20525514.3362,3.6634,3.6634,0.4251,0.4251,4.2515,9.2020
2021-03-01,5.0700,5.0900,5.0200,5.0600,0.0100,0.2000,1904161.5800,963574.7230,4.2100,9.5500,0.4685,1.1192,0.6100,5.0701,4.9338,0.7589,0.1496,0.1395,4196507.1511,4064458.2844,1701388.6847,21234326.1846,20566158.9191,3.6561,3.6561,0.4235,0.4235,4.2347,9.1657
2021-03-02,5.0600,5.0900,4.9600,4.9900,-0.0700,-1.3800,2440375.0500,1223172.6140,4.1500,9.4200,0.6004,1.4343,0.8800,5.0000,4.8656,0.7484,0.1475,0.1376,4196507.1511,4064458.2844,1701388.6847,20940570.6840,20281646.8392,3.7074,3.7074,0.4243,0.4243,4.2431,9.1838
2021-03-03,4.9600,5.0400,4.9600,5.0200,0.0300,0.6000,1560786.2500,781998.3080,4.1800,9.4800,0.3840,0.9174,0.5500,5.0300,4.8948,0.7529,0.1484,0.1384,4196507.1511,4064458.2844,1701388.6847,21066465.8985,20403580.5877,3.6853,3.6853,0.4329,0.4329,4.3286,9.3690
2021-03-04,4.9800,5.0500,4.9700,5.0300,0.0100,0.2000,1797818.2600,901483.7710,4.1900,9.5000,0.4423,1.0567,0.6300,5.0400,4.9046,0.7544,0.1487,0.1387,4196507.1511,4064458.2844,1701388.6847,21108430.9700,20444225.1705,3.6779,3.6779,0.4311,0.4311,4.3112,9.3313
2021-03-05,5.0100,5.0500,4.9800,5.0300,0.0000,0.0000,1666349.7700,835340.3740,4.1900,9.5000,0.4100,0.9794,0.7900,5.0400,4.9046,0.7544,0.1487,0.1387,4196507.1511,4064458.2844,1701388.6847,21108430.9700,20444225.1705,3.6779,3.6779,0.4285,0.4285,4.2854,9.2754
2021-03-08,5.0300,5.0500,4.9800,4.9900,-0.0400,-0.8000,1909450.7200,956431.5870,4.1500,9.4200,0.4698,1.1223,1.0200,5.0000,4.8656,0.7484,0.1475,0.1376,4196507.1511,4064458.2844,1701388.6847,20940570.6840,20281646.8392,3.7074,3.7074,0.4268,0.4268,4.2684,9.2386
2021-03-09,5.0000,5.0300,4.9200,5.0100,0.0200,0.4000,2795223.8200,1394190.7210,4.1700,9.4600,0.6877,1.6429,1.4900,5.0200,4.8851,0.7514,0.1481,0.1381,4196507.1511,4064458.2844,1701388.6847,21024500.8270,20362936.0048,3.6926,3.6926,0.4294,0.4294,4.2940,9.2940
2021-03-10,5.0100,5.0200,4.9500,4.9500,-0.0600,-1.2000,1695195.3700,844600.5190,4.1200,9.3500,0.4171,0.9964,0.8700,4.9599,4.8266,0.7424,0.1463,0.1365,4196507.1511,4064458.2844,1701388.6847,20772710.3979,20119068.5078,3.7374,3.7374,0.4285,0.4285,4.2854,9.2754
2021-03-11,4.9600,5.0100,4.9500,4.9900,0.0400,0.8100,1558285.2000,776939.7550,4.1500,9.4200,0.3834,0.9159,0.7900,5.0000,4.8656,0.7484,0.1475,0.1376,4196507.1511,4064458.2844,1701388.6847,20940570.6840,20281646.8392,3.7074,3.7074,0.4329,0.4329,4.3286,9.3690
2021-03-12,5.0200,5.2000,4.9900,5.1200,0.1300,2.6100,5434742.2000,2782385.7990,4.2600,9.6700,1.3371,3.1943,2.8200,5.1302,4.9923,0.7679,0.1513,0.1411,4196507.1511,4064458.2844,1701388.6847,21486116.6136,20810026.4161,3.6133,3.6133,0.4277,0.4277,4.2769,9.2570
2021-03-15,5.1000,5.2800,5.1000,5.1800,0.0600,1.1700,4668568.8600,2421506.9080,4.3100,9.7800,1.1486,2.7440,1.7400,5.1903,5.0509,0.7769,0.1531,0.1428,4196507.1511,4064458.2844,1701388.6847,21737907.0427,21053893.9132,3.5714,3.5714,0.4210,0.4210,4.2098,9.1118
2021-03-16,5.1600,5.2200,5.1400,5.1900,0.0100,0.1900,2640170.5700,1365856.3630,4.3200,9.8000,0.6496,1.5518,0.8200,5.2004,5.0606,0.7784,0.1534,0.1431,4196507.1511,4064458.2844,1701388.6847,21779872.1142,21094538.4960,3.5645,3.5645,0.4161,0.4161,4.1609,9.0058
2021-03-17,5.1900,5.2100,5.1300,5.1600,-0.0300,-0.5800,2085149.6800,1075609.7820,4.2900,9.7400,0.5130,1.2256,0.6500,5.1703,5.0313,0.7739,0.1525,0.1422,4196507.1511,4064458.2844,1701388.6847,21653976.8997,20972604.7475,3.5853,3.5853,0.4137,0.4137,4.1368,8.9538
2021-03-18,5.1500,5.2000,5.1400,5.1600,0.0000,0.0000,1820427.0700,941300.6400,4.2900,9.7400,0.4479,1.0700,0.5600,5.1703,5.0313,0.7739,0.1525,0.1422,4196507.1511,4064458.2844,1701388.6847,21653976.8997,20972604.7475,3.5853,3.5853,0.4169,0.4169,4.1689,9.0233
2021-03-19,5.1500,5.1800,5.0500,5.0500,-0.1100,-2.1300,2905827.8500,1480197.8180,4.2000,9.5300,0.7149,1.7079,0.8700,5.0601,4.9241,0.7574,0.1493,0.1392,4196507.1511,4064458.2844,1701388.6847,21192361.1131,20525514.3362,3.6634,3.6634,0.4169,0.4169,4.1689,9.0233
2021-03-22,5.0600,5.2100,5.0500,5.2100,0.1600,3.1700,2879293.1400,1482434.4660,4.3300,9.8400,0.7084,1.6923,1.0200,5.2204,5.0801,0.7814,0.1540,0.1436,4196507.1511,4064458.2844,1701388.6847,21863802.2572,21175827.6617,3.5509,3.5509,0.4243,0.4243,4.2431,9.1838
2021-03-23,5.2200,5.2400,5.1000,5.1500,-0.0600,-1.1500,2546290.8000,1311533.7000,4.2800,9.7200,0.6265,1.4966,1.0300,5.1603,5.0216,0.7724,0.1522,0.1420,4196507.1511,4064458.2844,1701388.6847,21612011.8282,20931960.1647,3.5922,3.5922,0.4113,0.4113,4.1130,8.9023
2021-03-24,5.1400,5.1800,5.1200,5.1500,0.0000,0.0000,1731195.3700,891727.9970,4.2800,9.7200,0.4259,1.0175,0.7100,5.1603,5.0216,0.7724,0.1522,0.1420,4196507.1511,4064458.2844,1701388.6847,21612011.8282,20931960.1647,3.5922,3.5922,0.4177,0.4177,4.1770,9.0409
2021-03-25,5.1400,5.2300,5.1200,5.1700,0.0200,0.3900,2177065.4900,1130306.8290,4.3000,9.7600,0.5356,1.2796,0.9200,5.1803,5.0411,0.7754,0.1528,0.1425,4196507.1511,4064458.2844,1701388.6847,21695941.9712,21013249.3303,3.5783,3.5783,0.4177,0.4177,4.1770,9.0409
2021-03-26,5.1900,5.2000,5.1300,5.1400,-0.0300,-0.5800,1634413.4600,843179.0100,4.2800,9.7000,0.4021,0.9606,0.6700,5.1503,5.0118,0.7709,0.1519,0.1417,4196507.1511,4064458.2844,1701388.6847,21570046.7567,20891315.5818,3.5992,3.5992,0.4137,0.4137,4.1368,8.9538
2021-03-29,5.1300,5.1800,5.1100,5.1600,0.0200,0.3900,1928629.3300,992526.7590,4.2900,9.7400,0.4745,1.1336,0.8800,5.1703,5.0313,0.7739,0.1525,0.1422,4196507.1511,4064458.2844,1701388.6847,21653976.8997,20972604.7475,3.5853,3.5853,0.4185,0.4185,4.1852,9.0585
2021-03-30,5.1600,5.1700,5.1000,5.1100,-0.0500,-0.9700,1573230.0900,804624.5050,4.2500,9.6500,0.3871,0.9247,0.7900,5.1202,4.9826,0.7664,0.1510,0.1409,4196507.1511,4064458.2844,1701388.6847,21444151.5421,20769381.8333,3.6204,3.6204,0.4161,0.4161,4.1609,9.0058
2021-03-31,5.1200,5.2000,5.0900,5.1900,0.0800,1.5700,2278203.5600,1176134.4050,4.3200,9.8000,0.5605,1.3390,1.2600,5.2004,5.0606,0.7784,0.1534,0.1431,4196507.1511,4064458.2844,1701388.6847,21779872.1142,21094538.4960,3.5645,3.5645,0.4193,0.4193,4.1934,9.0762
2021-04-01,5.2200,5.2700,5.1800,5.2200,0.0300,0.5800,2415607.7300,1261788.4220,4.3400,9.8600,0.5943,1.4198,1.2600,5.2304,5.0899,0.7829,0.1543,0.1439,4196507.1511,4064458.2844,1701388.6847,21905767.3287,21216472.2446,3.5441,3.5441,0.4113,0.4113,4.1130,8.9023
2021-04-02,5.2300,5.2400,5.1700,5.2000,-0.0200,-0.3800,1231066.2100,639440.8790,4.3300,9.8200,0.3029,0.7236,0.6300,5.2104,5.0704,0.7799,0.1537,0.1433,4196507.1511,4064458.2844,1701388.6847,21821837.1857,21135183.0789,3.5577,3.5577,0.4105,0.4105,4.1052,8.8853
2021-04-06,5.2000,5.2200,5.1500,5.1700,-0.0300,-0.5800,1002732.5400,517921.4910,4.3000,9.7600,0.2467,0.5894,0.5300,5.1803,5.0411,0.7754,0.1528,0.1425,4196507.1511,4064458.2844,1701388.6847,21695941.9712,21013249.3303,3.5783,3.5783,0.4129,0.4129,4.1288,8.9365
2021-04-07,5.1600,5.2200,5.1500,5.2000,0.0300,0.5800,1343684.9800,696611.5900,4.3300,9.8200,0.3306,0.7898,0.7900,5.2104,5.0704,0.7799,0.1537,0.1433,4196507.1511,4064458.2844,1701388.6847,21821837.1857,21135183.0789,3.5577,3.5577,0.4161,0.4161,4.1609,9.0058
2021-04-08,5.1800,5.2100,5.1300,5.1400,-0.0600,-1.1500,1459018.5000,753502.2060,4.2800,9.7000,0.3590,0.8575,0.8800,5.1503,5.0118,0.7709,0.1519,0.1417,4196507.1511,4064458.2844,1701388.6847,21570046.7567,20891315.5818,3.5992,3.5992,0.4145,0.4145,4.1448,8.9710
2021-04-09,5.1500,5.1700,5.1100,5.1400,0.0000,0.0000,1221440.1200,627227.9620,4.2800,9.7000,0.3005,0.7179,0.8200,5.1482,5.0098,0.7709,0.1519,0.1416,4194816.7844,4064458.2844,1701388.6847,21561358.2718,20891315.5818,3.6007,3.6007,0.4169,0.4169,4.1689,9.0233
2021-04-12,5.1300,5.2400,5.1300,5.2100,0.0700,1.3600,2333119.7800,1212939.5790,4.3300,9.8400,0.5740,1.3713,1.8600,5.2183,5.0781,0.7814,0.1539,0.1436,4194816.7844,4064458.2844,1701388.6847,21854995.4467,21175827.6617,3.5523,3.5523,0.4185,0.4185,4.1852,9.0585
2021-04-13,5.2300,5.2400,5.1500,5.1800,-0.0300,-0.5800,1590031.9600,824190.1800,4.3100,9.7800,0.3912,0.9345,1.0800,5.1883,5.0488,0.7769,0.1530,0.1427,4194816.7844,4064458.2844,1701388.6847,21729150.9432,21053893.9132,3.5729,3.5729,0.4105,0.4105,4.1052,8.8853
2021-04-14,5.1800,5.2000,5.1500,5.2000,0.0200,0.3900,1080580.2800,559104.0090,4.3300,9.8200,0.2659,0.6351,0.6800,5.2083,5.0683,0.7799,0.1536,0.1433,4194816.7844,4064458.2844,1701388.6847,21813047.2789,21135183.0789,3.5591,3.5591,0.4145,0.4145,4.1448,8.9710
2021-04-15,5.2000,5.2000,5.1600,5.1900,-0.0100,-0.1900,862512.6800,446308.3130,4.3200,9.8000,0.2122,0.5069,0.5600,5.1983,5.0586,0.7784,0.1533,0.1430,4194816.7844,4064458.2844,1701388.6847,21771099.1110,21094538.4960,3.5660,3.5660,0.4129,0.4129,4.1288,8.9365
2021-04-16,5.1900,5.2400,5.1800,5.2200,0.0300,0.5800,1411893.3600,736875.6350,4.3400,9.8600,0.3474,0.8298,1.0000,5.2283,5.0878,0.7829,0.1542,0.1438,4194816.7844,4064458.2844,1701388.6847,21896943.6146,21216472.2446,3.5455,3.5455,0.4137,0.4137,4.1368,8.9538
2021-04-19,5.2500,5.3300,5.2400,5.2500,0.0300,0.5700,2648049.5700,1399585.5700,4.3700,9.9100,0.6515,1.5564,1.8200,4.9000,4.9000,0.7874,0.1364,0.1364,4194816.7844,4064458.2844,1701388.6847,22022788.1181,21338405.9931,3.5252,3.5252,0.4090,0.4090,4.0895,8.8514
2021-04-20,5.2600,5.2900,5.2300,5.2400,-0.0100,-0.1900,1149587.3100,603924.9370,4.3600,9.8900,0.2828,0.6757,0.7600,4.8907,4.8907,0.7570,0.1361,0.1361,4194816.7844,4064458.2844,1701388.6847,21980839.9503,21297761.4103,3.5320,3.5320,0.4082,0.4082,4.0817,8.8346
2021-04-21,5.2300,5.2400,5.1700,5.1700,-0.0700,-1.3400,1264866.1300,656675.1590,4.3000,9.7600,0.3112,0.7434,0.8800,4.8254,4.8254,0.7469,0.1343,0.1343,4194816.7844,4064458.2844,1701388.6847,21687202.7753,21013249.3303,3.5798,3.5798,0.4105,0.4105,4.1052,8.8853
2021-04-22,5.1700,5.1900,5.1200,5.1400,-0.0300,-0.5800,1176639.4800,606228.4900,4.2800,9.7000,0.2895,0.6916,0.8000,4.7974,4.7974,0.7426,0.1335,0.1335,4194816.7844,4064458.2844,1701388.6847,21561358.2718,20891315.5818,3.6007,3.6007,0.4153,0.4153,4.1528,8.9884
2021-04-23,5.1400,5.1400,5.0800,5.0900,-0.0500,-0.9700,1391727.6700,710450.9360,4.2300,9.6100,0.3424,0.8180,0.9100,4.7507,4.7507,0.7353,0.1322,0.1322,4194816.7844,4064458.2844,1701388.6847,21351617.4326,20688092.6676,3.6360,3.6360,0.4177,0.4177,4.1770,9.0409
2021-04-26,5.1000,5.1100,5.0100,5.0200,-0.0700,-1.3800,1915669.3700,969021.0610,4.1800,9.4800,0.4713,1.1259,1.2600,4.6854,4.6854,0.7252,0.1304,0.1304,4194816.7844,4064458.2844,1701388.6847,21057980.2577,20403580.5877,3.6867,3.6867,0.4210,0.4210,4.2098,9.1118
2021-04-27,5.0100,5.0200,4.9700,4.9800,-0.0400,-0.8000,1420510.8800,708885.6770,4.1400,9.4000,0.3495,0.8349,1.0300,4.6480,4.6480,0.7194,0.1293,0.1293,4194816.7844,4064458.2844,1701388.6847,20890187.5863,20241002.2563,3.7164,3.7164,0.4285,0.4285,4.2854,9.2754
2021-04-28,4.9800,4.9900,4.9400,4.9700,-0.0100,-0.2000,1504190.3400,747077.0140,4.1400,9.3800,0.3701,0.8841,1.0500,4.6387,4.6387,0.7180,0.1291,0.1291,4194816.7844,4064458.2844,1701388.6847,20848239.4185,20200357.6735,3.7238,3.7238,0.4311,0.4311,4.3112,9.3313
2021-04-29,4.9600,5.0300,4.9500,5.0000,0.0300,0.6000,1537859.1100,767886.4880,4.1600,9.4400,0.3784,0.9039,1.0400,4.6667,4.6667,0.7223,0.1299,0.1299,4194816.7844,4064458.2844,1701388.6847,20974083.9220,20322291.4220,3.7015,3.7015,0.4329,0.4329,4.3286,9.3690
2021-04-30,5.0600,5.0700,4.9300,4.9400,-0.0600,-1.2000,2225620.3800,1108977.8530,4.1100,9.3300,0.5476,1.3081,1.4300,4.6107,4.2827,0.7137,0.1283,0.1180,4194816.7844,4064458.2844,1701388.6847,20722394.9149,20078423.9249,3.7464,3.7464,0.4243,0.4243,4.2431,9.1838
2021-05-06,4.9500,5.0000,4.9300,4.9700,0.0300,0.6100,1736186.7700,860922.7280,4.1400,9.3800,0.4272,1.0205,1.0100,4.6387,4.3087,0.7180,0.1291,0.1187,4194816.7844,4064458.2844,1701388.6847,20848239.4185,20200357.6735,3.7238,3.7238,0.4337,0.4337,4.3374,9.3879
2021-05-07,4.9600,5.0200,4.9500,4.9900,0.0200,0.4000,1470413.4100,734426.5660,4.1500,9.4200,0.3618,0.8642,0.8700,4.6574,4.3261,0.7209,0.1296,0.1192,4194816.7844,4064458.2844,1701388.6847,20932135.7542,20281646.8392,3.7089,3.7089,0.4329,0.4329,4.3286,9.3690
2021-05-10,4.9900,5.0200,4.9800,5.0000,0.0100,0.2000,1163675.2100,581218.9740,4.1600,9.4400,0.2863,0.6840,0.6900,4.6667,4.3347,0.7223,0.1299,0.1194,4194816.7844,4064458.2844,1701388.6847,20974083.9220,20322291.4220,3.7015,3.7015,0.4303,0.4303,4.3026,9.3126
2021-05-11,5.0000,5.0300,4.9600,5.0200,0.0200,0.4000,1214476.0300,606610.8660,4.1800,9.4800,0.2988,0.7138,0.7500,4.6854,4.3521,0.7252,0.1304,0.1199,4194816.7844,4064458.2844,1701388.6847,21057980.2577,20403580.5877,3.6867,3.6867,0.4294,0.4294,4.2940,9.2940
2021-05-12,5.0000,5.0400,4.9700,5.0300,0.0100,0.2000,1020026.5800,511659.7810,4.1900,9.5000,0.2510,0.5995,0.6500,4.6947,4.3607,0.7267,0.1306,0.1202,4194816.7844,4064458.2844,1701388.6847,21099928.4255,20444225.1705,3.6794,3.6794,0.4294,0.4294,4.2940,9.2940
2021-05-13,5.0100,5.0400,4.9800,5.0000,-0.0300,-0.6000,1099256.2100,550647.5170,4.1600,9.4400,0.2705,0.6461,0.8300,4.6667,4.3347,0.7223,0.1299,0.1194,4194816.7844,4064458.2844,1701388.6847,20974083.9220,20322291.4220,3.7015,3.7015,0.4285,0.4285,4.2854,9.2754
2021-05-14,5.0200,5.0200,4.9700,5.0200,0.0200,0.4000,1360101.6100,679439.0400,4.1800,9.4800,0.3346,0.7994,1.1400,4.6854,4.3521,0.7252,0.1304,0.1199,4194816.7844,4064458.2844,1701388.6847,21057980.2577,20403580.5877,3.6867,3.6867,0.4277,0.4277,4.2769,9.2570
2021-05-17,5.0100,5.0300,4.9800,5.0000,-0.0200,-0.4000,1392714.8000,696641.6590,4.1600,9.4400,0.3427,0.8186,1.1900,4.6667,4.3347,0.7223,0.1299,0.1194,4194816.7844,4064458.2844,1701388.6847,20974083.9220,20322291.4220,3.7015,3.7015,0.4285,0.4285,4.2854,9.2754
2021-05-18,5.0000,5.0000,4.9700,4.9900,-0.0100,-0.2000,998926.4400,497669.0150,4.1500,9.4200,0.2458,0.5871,0.8200,4.6574,4.3261,0.7209,0.1296,0.1192,4194816.7844,4064458.2844,1701388.6847,20932135.7542,20281646.8392,3.7089,3.7089,0.4294,0.4294,4.2940,9.2940
2021-05-19,4.9900,4.9900,4.9300,4.9400,-0.0500,-1.0000,1612810.3400,798205.0540,4.1100,9.3300,0.3968,0.9479,1.3700,4.6107,4.2827,0.7137,0.1283,0.1180,4194816.7844,4064458.2844,1701388.6847,20722394.9149,20078423.9249,3.7464,3.7464,0.4303,0.4303,4.3026,9.3126
2021-05-20,4.9300,4.9500,4.9000,4.9500,0.0100,0.2000,1445352.8100,711830.5700,4.1200,9.3500,0.3556,0.8495,1.1200,4.6200,4.2914,0.7151,0.1286,0.1183,4194816.7844,4064458.2844,1701388.6847,20764343.0828,20119068.5078,3.7389,3.7389,0.4355,0.4355,4.3550,9.4260
2021-05-21,4.9500,4.9600,4.9200,4.9200,-0.0300,-0.6100,1021594.3500,504277.1140,4.0900,9.2900,0.2513,0.2513,0.7500,4.5920,4.2654,0.7108,0.1278,0.1175,4194816.7844,4064458.2844,4064458.2844,20638498.5792,19997134.7592,3.7617,3.7617,0.4337,0.4337,4.3374,9.3879
2021-05-24,4.9300,4.9300,4.8500,4.8600,-0.0600,-1.2200,2459560.4800,1200036.4090,4.0400,9.1800,0.6051,1.4456,1.9000,4.5360,4.2134,0.7021,0.1262,0.1161,4194816.7844,4064458.2844,1701388.6847,20386809.5722,19753267.2622,3.8081,3.8081,0.4355,0.4355,4.3550,9.4260
2021-05-25,4.8700,4.9700,4.8500,4.9700,0.1100,2.2600,2908626.8500,1427860.3750,4.1400,9.3800,0.7156,1.7096,1.9300,4.6387,4.3087,0.7180,0.1291,0.1187,4194816.7844,4064458.2844,1701388.6847,20848239.4185,20200357.6735,3.7238,3.7238,0.4409,0.4409,4.4086,9.5421
2021-05-26,4.9600,4.9800,4.9400,4.9700,0.0000,0.0000,1517408.1700,752369.6870,4.1400,9.3800,0.3733,0.8919,0.8000,4.6387,4.3087,0.7180,0.1291,0.1187,4194816.7844,4064458.2844,1701388.6847,20848239.4185,20200357.6735,3.7238,3.7238,0.4329,0.4329,4.3286,9.3690
2021-05-27,4.9700,4.9800,4.9400,4.9600,-0.0100,-0.2000,1012948.7100,501977.3370,4.1300,9.3600,0.2492,0.5954,0.5400,4.6294,4.3001,0.7166,0.1288,0.1185,4194816.7844,4064458.2844,1701388.6847,20806291.2506,20159713.0906,3.7313,3.7313,0.4320,0.4320,4.3199,9.3501
2021-05-28,4.9700,4.9700,4.8900,4.9000,-0.0600,-1.2100,1741117.4700,856072.5930,4.0800,9.2500,0.4284,1.0234,0.9800,4.5734,4.2480,0.7079,0.1273,0.1171,4194816.7844,4064458.2844,1701388.6847,20554602.2436,19915845.5936,3.7770,3.7770,0.4320,0.4320,4.3199,9.3501
2021-05-31,4.9000,4.9100,4.8800,4.8900,-0.0100,-0.2000,963493.4000,470899.7890,4.0700,9.2300,0.2371,0.5663,0.5000,4.5640,4.2394,0.7064,0.1270,0.1168,4194816.7844,4064458.2844,1701388.6847,20512654.0757,19875201.0107,3.7848,3.7848,0.4382,0.4382,4.3816,9.4837
2021-06-01,4.9000,4.9200,4.8900,4.9100,0.0200,0.4100,1064479.2000,522017.6770,4.0900,9.2700,0.2619,0.6257,0.6500,4.5827,4.2567,0.7093,0.1275,0.1173,4194816.7844,4064458.2844,1701388.6847,20596550.4114,19956490.1764,3.7693,3.7693,0.4382,0.4382,4.3816,9.4837
2021-06-02,4.9100,4.9200,4.8800,4.9000,-0.0100,-0.2000,879529.5200,430246.9630,4.0800,9.2500,0.2164,0.5169,0.7000,4.5734,4.2480,0.7079,0.1273,0.1171,4194816.7844,4064458.2844,1701388.6847,20554602.2436,19915845.5936,3.7770,3.7770,0.4373,0.4373,4.3727,9.4644
2021-06-03,4.9000,4.9100,4.8800,4.8800,-0.0200,-0.4100,942030.1900,461058.4020,4.0600,9.2100,0.2318,0.5537,0.8300,4.5547,4.2307,0.7050,0.1268,0.1166,4194816.7844,4064458.2844,1701388.6847,20470705.9079,19834556.4279,3.7925,3.7925,0.4382,0.4382,4.3816,9.4837
2021-06-04,4.8800,4.9200,4.8600,4.8900,0.0100,0.2000,1046101.7700,510746.1170,4.0700,9.2300,0.2574,0.6149,0.9400,4.5640,4.2394,0.7064,0.1270,0.1168,4194816.7844,4064458.2844,1701388.6847,20512654.0757,19875201.0107,3.7848,3.7848,0.4400,0.4400,4.3996,9.5225
2021-06-07,4.8900,4.8900,4.8500,4.8700,-0.0200,-0.4100,1076076.0100,523792.1630,4.0500,9.1900,0.2648,0.6325,1.1000,4.5454,4.2220,0.7036,0.1265,0.1163,4194816.7844,4064458.2844,1701388.6847,20428757.7400,19793911.8450,3.8003,3.8003,0.4391,0.4391,4.3906,9.5031
2021-06-08,4.8700,4.8800,4.8500,4.8600,-0.0100,-0.2100,964604.9500,468942.1690,4.0400,9.1800,0.2373,0.5670,0.9600,4.5360,4.2134,0.7021,0.1262,0.1161,4194816.7844,4064458.2844,1701388.6847,20386809.5722,19753267.2622,3.8081,3.8081,0.4409,0.4409,4.4086,9.5421
2021-06-09,4.8700,4.9100,4.8600,4.8900,0.0300,0.6200,1066996.7700,521342.3270,4.0700,9.2300,0.2625,0.6271,1.0900,4.5640,4.2394,0.7064,0.1270,0.1168,4194816.7844,4064458.2844,1701388.6847,20512654.0757,19875201.0107,3.7848,3.7848,0.4409,0.4409,4.4086,9.5421
2021-06-10,4.8900,4.8900,4.8500,4.8600,-0.0300,-0.6100,1388103.6200,676401.0720,4.0400,9.1800,0.3415,0.8159,1.3600,4.5360,4.2134,0.7021,0.1262,0.1161,4194816.7844,4064458.2844,1701388.6847,20386809.5722,19753267.2622,3.8081,3.8081,0.4391,0.4391,4.3906,9.5031
2021-06-11,4.8600,4.9200,4.8500,4.9200,0.0600,1.2300,2190643.7600,1072581.0670,4.0900,9.2900,0.5390,1.2876,1.9800,4.5920,4.2654,0.7108,0.1278,0.1175,4194816.7844,4064458.2844,1701388.6847,20638498.5792,19997134.7592,3.7617,3.7617,0.4418,0.4418,4.4177,9.5617
2021-06-15,4.9000,4.9200,4.8500,4.8600,-0.0600,-1.2200,1404100.4000,684124.3560,4.0400,9.1800,0.3455,0.8253,1.0500,4.5360,4.2134,0.7021,0.1262,0.1161,4194816.7844,4064458.2844,1701388.6847,20386809.5722,19753267.2622,3.8081,3.8081,0.4382,0.4382,4.3816,9.4837
2021-06-16,4.8600,4.9300,4.8500,4.8800,0.0200,0.4100,1274569.7000,623675.6820,4.0600,9.2100,0.3136,0.7491,0.9100,4.5547,4.2307,0.7050,0.1268,0.1166,4194816.7844,4064458.2844,1701388.6847,20470705.9079,19834556.4279,3.7925,3.7925,0.4418,0.4418,4.4177,9.5617
2021-06-17,4.8800,4.8900,4.8300,4.8300,-0.0500,-1.0200,1471688.4200,713970.9270,4.0200,9.1200,0.3621,0.8650,1.0000,4.5080,4.1874,0.6978,0.1255,0.1154,4194816.7844,4064458.2844,1701388.6847,20260965.0687,19631333.5137,3.8318,3.8318,0.4400,0.4400,4.3996,9.5225
2021-06-18,4.8300,4.8400,4.8000,4.8300,0.0000,0.0000,1301064.9900,626499.5970,4.0200,9.1200,0.3201,0.7647,0.8400,4.5080,4.1874,0.6978,0.1255,0.1154,4194816.7844,4064458.2844,1701388.6847,20260965.0687,19631333.5137,3.8318,3.8318,0.4445,0.4445,4.4451,9.6211
2021-06-21,4.8200,4.8400,4.8000,4.8100,-0.0200,-0.4100,1191312.5900,573661.9400,4.0000,9.0800,0.2931,0.7002,0.7800,4.4894,4.1700,0.6949,0.1249,0.1149,4194816.7844,4064458.2844,1701388.6847,20177068.7330,19550044.3480,3.8477,3.8477,0.4454,0.4454,4.4544,9.6411
2021-06-22,4.8200,4.8400,4.7800,4.7900,-0.0200,-0.4200,1257086.9600,604533.9840,3.9900,9.0400,0.3093,0.7389,0.9500,4.4707,4.1527,0.6920,0.1244,0.1144,4194816.7844,4064458.2844,1701388.6847,20093172.3973,19468755.1823,3.8638,3.8638,0.4454,0.4454,4.4544,9.6411
2021-06-23,4.8000,4.8200,4.7900,4.8100,0.0200,0.4200,1027785.5400,493810.1900,4.0000,9.0800,0.2529,0.6041,0.7900,4.4894,4.1700,0.6949,0.1249,0.1149,4194816.7844,4064458.2844,1701388.6847,20177068.7330,19550044.3480,3.8477,3.8477,0.4473,0.4473,4.4729,9.6813
2021-06-24,4.8100,4.9000,4.8000,4.8700,0.0600,1.2500,2092525.0500,1018802.1490,4.0500,9.1900,0.5148,1.2299,1.6700,4.5454,4.2220,0.7036,0.1265,0.1163,4194816.7844,4064458.2844,1701388.6847,20428757.7400,19793911.8450,3.8003,,0.4464,0.4464,4.4636,9.6611
2021-06-25,4.8700,4.9400,4.8600,4.9200,0.0500,1.0300,1422359.3400,698403.9940,4.0900,9.2900,0.3500,0.8360,1.0400,4.5920,4.2654,0.7108,0.1278,0.1175,4194816.7844,4064458.2844,1701388.6847,20638498.5792,19997134.7592,3.7617,,0.4409,0.4409,4.4086,9.5421
2021-06-28,4.9200,4.9300,4.8800,4.9100,-0.0100,-0.2000,913620.3800,448187.3730,4.0900,9.2700,0.2248,0.5370,0.6500,4.5827,4.2567,0.7093,0.1275,0.1173,4194816.7844,4064458.2844,1701388.6847,20596550.4114,19956490.1764,3.7693,,0.4364,0.4364,4.3638,9.4451
2021-06-29,4.9100,4.9200,4.8700,4.8900,-0.0200,-0.4100,979761.4700,479680.7820,4.0700,9.2300,0.2411,0.5759,0.7300,4.5640,4.2394,0.7064,0.1270,0.1168,4194816.7844,4064458.2844,1701388.6847,20512654.0757,19875201.0107,3.7848,,0.4373,0.4373,4.3727,9.4644
2021-06-30,4.7100,4.7100,4.6200,4.6500,-0.2400,-4.9100,1739070.6600,811425.8130,4.0400,9.1700,0.4279,1.0221,1.3500,4.3400,4.0313,0.6933,0.1208,0.1111,4194816.7844,4064458.2844,1701388.6847,19505898.0475,18899731.0225,3.9801,4.6172,0.4558,0.4558,4.5584,9.8662
2021-07-01,4.6500,4.7100,4.6300,4.6700,0.0200,0.4300,1266621.6600,592266.5670,4.0600,9.2100,0.3116,0.7445,0.8900,4.3587,4.0486,0.6963,0.1213,0.1116,4194816.7844,4064458.2844,1701388.6847,19589794.3831,18981020.1881,3.9631,4.5974,0.4617,0.4617,4.6172,9.9935
2021-07-02,4.6600,4.6900,4.6200,4.6300,-0.0400,-0.8600,990842.8600,460301.3920,4.0300,9.1300,0.2438,0.5824,0.7800,4.3214,4.0140,0.6903,0.1203,0.1106,4194816.7844,4064458.2844,1701388.6847,19422001.7118,18818441.8568,3.9973,4.6371,0.4607,0.4607,4.6073,9.9721
2021-07-05,4.6300,4.6400,4.5800,4.6000,-0.0300,-0.6500,1190211.5800,547748.4160,4.0000,9.0800,0.2928,0.6996,1.0100,4.2934,3.9880,0.6858,0.1195,0.1099,4194816.7844,4064458.2844,1701388.6847,19296157.2082,18696508.1082,4.0234,4.6674,0.4637,0.4637,4.6371,10.0367
2021-07-06,4.6000,4.6700,4.5900,4.6600,0.0600,1.3000,1152554.2100,534486.5340,4.0500,9.1900,0.2836,0.6774,0.9300,4.3494,4.0400,0.6948,0.1210,0.1113,4194816.7844,4064458.2844,1701388.6847,19547846.2153,18940375.6053,3.9716,4.6073,0.4667,0.4667,4.6674,10.1022
2021-07-07,4.6500,4.6800,4.6100,4.6600,0.0000,0.0000,976217.8800,453147.9350,4.0500,9.1900,0.2402,0.5738,0.7700,4.3494,4.0400,0.6948,0.1210,0.1113,4194816.7844,4064458.2844,1701388.6847,19547846.2153,18940375.6053,3.9716,4.6073,0.4617,0.4617,4.6172,9.9935
2021-07-08,4.6500,4.6600,4.5800,4.6000,-0.0600,-1.2900,1118219.2700,514957.7100,4.0000,9.0800,0.2751,0.6572,1.0000,4.2934,3.9880,0.6858,0.1195,0.1099,4194816.7844,4064458.2844,1701388.6847,19296157.2082,18696508.1082,4.0234,4.6674,0.4617,0.4617,4.6172,9.9935
2021-07-09,4.6000,4.6300,4.5800,4.6000,0.0000,0.0000,742549.1000,341554.3280,4.0000,9.0800,0.1827,0.4364,0.6800,4.2934,3.9880,0.6858,0.1195,0.1099,4194816.7844,4064458.2844,1701388.6847,19296157.2082,18696508.1082,4.0234,4.6674,0.4667,0.4667,4.6674,10.1022
2021-07-12,4.6100,4.6300,4.5700,4.5800,-0.0200,-0.4300,1280589.4900,588354.7640,3.9800,9.0400,0.3151,0.7527,1.2400,4.2747,3.9706,0.6828,0.1190,0.1094,4194816.7844,4064458.2844,1701388.6847,19212260.8726,18615218.9426,4.0409,4.6878,0.4657,0.4657,4.6573,10.0803
2021-07-13,4.6200,4.7700,4.6100,4.6900,0.1100,2.4000,3288427.3400,1544071.1970,4.0800,9.2500,0.8091,1.9328,3.1200,4.3774,4.0660,0.6992,0.1218,0.1120,4194816.7844,4064458.2844,1701388.6847,19673690.7188,19062309.3538,3.9462,4.5778,0.4647,0.4647,4.6472,10.0584
2021-07-14,4.6900,4.7100,4.6400,4.6700,-0.0200,-0.4300,1996487.3300,931873.3680,4.0600,9.2100,0.4912,1.1734,1.3500,4.3587,4.0486,0.6963,0.1213,0.1116,4194816.7844,4064458.2844,1701388.6847,19589794.3831,18981020.1881,3.9631,4.5974,0.4578,0.4578,4.5778,9.9083
2021-07-15,4.6600,4.7100,4.6400,4.7000,0.0300,0.6400,1348569.6800,631153.9180,4.0900,9.2700,0.3318,0.7926,0.8000,4.3867,4.0747,0.7007,0.1221,0.1123,4194816.7844,4064458.2844,1701388.6847,19715638.8867,19102953.9367,3.9378,4.5681,0.4607,0.4607,4.6073,9.9721
2021-07-16,4.6900,4.7000,4.6600,4.6700,-0.0300,-0.6400,913445.9400,427208.8320,4.0600,9.2100,0.2247,0.5369,0.5300,4.3587,4.0486,0.6963,0.1213,0.1116,4194816.7844,4064458.2844,1701388.6847,19589794.3831,18981020.1881,3.9631,4.5974,0.4578,0.4578,4.5778,9.9083
2021-07-19,4.6600,4.6700,4.6000,4.6700,0.0000,0.0000,1358517.6400,629143.9780,4.0600,9.2100,0.3342,0.7985,0.7700,4.3587,4.0486,0.6963,0.1213,0.1116,4194816.7844,4064458.2844,1701388.6847,19589794.3831,18981020.1881,3.9631,4.5974,0.4607,0.4607,4.6073,9.9721
2021-07-20,4.6500,4.6800,4.6100,4.6500,-0.0200,-0.4300,1182794.3800,548865.7260,4.0400,9.1700,0.2910,0.6952,0.6600,4.3400,4.0313,0.6933,0.1208,0.1111,4194816.7844,4064458.2844,1701388.6847,19505898.0475,18899731.0225,3.9801,4.6172,0.4617,0.4617,4.6172,9.9935
2021-07-21,4.6500,4.6600,4.5900,4.6000,-0.0500,-1.0800,1583719.1900,730636.7670,4.0000,9.0800,0.3897,0.9308,1.1600,4.2934,3.9880,0.6858,0.1195,0.1099,4194816.7844,4064458.2844,1701388.6847,19296157.2082,18696508.1082,4.0234,4.6674,0.4617,0.4617,4.6172,9.9935
2021-07-22,4.6000,4.6500,4.5900,4.6300,0.0300,0.6500,1151745.0700,533732.1370,4.0300,9.1300,0.2834,0.6769,0.9000,4.3214,4.0140,0.6903,0.1203,0.1106,4194816.7844,4064458.2844,1701388.6847,19422001.7118,18818441.8568,3.9973,4.6371,0.4667,0.4667,4.6674,10.1022
2021-07-23,4.6300,4.7100,4.6200,4.6800,0.0500,1.0800,1948972.3200,912123.3950,4.0700,9.2300,0.4795,1.1455,1.5700,4.3680,4.0573,0.6978,0.1216,0.1118,4194816.7844,4064458.2844,1701388.6847,19631742.5510,19021664.7710,3.9546,4.5876,0.4637,0.4637,4.6371,10.0367
2021-07-26,4.6700,4.6900,4.5700,4.5800,-0.1000,-2.1400,2094670.6300,965390.9950,3.9800,9.0400,0.5154,1.2312,1.4500,4.2747,3.9706,0.6828,0.1190,0.1094,4194816.7844,4064458.2844,1701388.6847,19212260.8726,18615218.9426,4.0409,4.6878,0.4597,0.4597,4.5974,9.9507
2021-07-27,4.5800,4.6000,4.4800,4.5200,-0.0600,-1.3100,2552726.4900,1155557.0700,3.9300,8.9200,0.6281,1.5004,1.6000,4.2187,3.9186,0.6739,0.1174,0.1080,4194816.7844,4064458.2844,1701388.6847,18960571.8655,18371351.4455,4.0946,4.7500,0.4688,0.4688,4.6878,10.1463
2021-07-28,4.5000,4.5200,4.4600,4.4900,-0.0300,-0.6600,1842533.4200,826040.0380,3.9000,8.8600,0.4533,1.0830,0.9900,4.1907,3.8926,0.6694,0.1166,0.1073,4194816.7844,4064458.2844,1701388.6847,18834727.3620,18249417.6970,4.1219,4.7817,0.4771,0.4771,4.7711,10.3267
2021-07-29,4.5000,4.5200,4.4200,4.4300,-0.0600,-1.3400,1825535.4000,812761.1360,3.8500,8.7400,0.4491,1.0730,0.9500,4.1347,3.8406,0.6605,0.1151,0.1058,4194816.7844,4064458.2844,1701388.6847,18583038.3549,18005550.1999,4.1778,4.8465,0.4771,0.4771,4.7711,10.3267
2021-07-30,4.4100,4.4900,4.3800,4.4600,0.0300,0.6800,1449966.8300,645157.3750,3.8800,8.8000,0.3567,0.8522,0.7100,4.1627,3.8666,0.6649,0.1158,0.1065,4194816.7844,4064458.2844,1701388.6847,18708882.8584,18127483.9484,4.1497,4.8139,0.4868,0.4868,4.8685,10.5374
2021-08-02,4.4500,4.5600,4.3900,4.5300,0.0700,1.5700,2083041.9300,934699.9440,3.9400,8.9400,0.5125,1.2243,1.0700,4.2280,3.9273,0.6754,0.1177,0.1082,4194816.7844,4064458.2844,1701388.6847,19002520.0333,18411996.0283,4.0855,4.7395,0.4825,0.4825,4.8247,10.4427
2021-08-03,4.5100,4.6000,4.5000,4.6000,0.0700,1.5500,2162835.0500,989932.6600,4.0000,9.0800,0.5321,1.2712,1.1100,4.2934,3.9880,0.6858,0.1195,0.1099,4194816.7844,4064458.2844,1701388.6847,19296157.2082,18696508.1082,4.0234,4.6674,0.4761,0.4761,4.7605,10.3038
2021-08-04,4.5800,4.5800,4.5300,4.5500,-0.0500,-1.0900,1305897.4000,594582.9470,3.9600,8.9800,0.3213,0.7675,0.7000,4.2467,3.9446,0.6784,0.1182,0.1087,4194816.7844,4064458.2844,1701388.6847,19086416.3690,18493285.1940,4.0676,4.7187,0.4688,0.4688,4.6878,10.1463
2021-08-05,4.5300,4.6200,4.5300,4.5900,0.0400,0.8800,1696450.8100,777257.5080,3.9900,9.0600,0.4174,0.9971,0.9600,4.2840,3.9793,0.6843,0.1192,0.1097,4194816.7844,4064458.2844,1701388.6847,19254209.0404,18655863.5254,4.0321,4.6776,0.4740,0.4740,4.7395,10.2583
2021-08-06,4.5800,4.5800,4.5300,4.5500,-0.0400,-0.8700,1042867.0100,474317.3370,3.9600,8.9800,0.2566,0.6130,0.6000,4.2467,3.9446,0.6784,0.1182,0.1087,4194816.7844,4064458.2844,1701388.6847,19086416.3690,18493285.1940,4.0676,4.7187,0.4688,0.4688,4.6878,10.1463
2021-08-09,4.5400,4.6800,4.5200,4.6500,0.1000,2.2000,2202398.1100,1021507.1460,4.0400,9.1700,0.5419,1.2945,1.3300,4.3400,4.0313,0.6933,0.1208,0.1111,4194816.7844,4064458.2844,1701388.6847,19505898.0475,18899731.0225,3.9801,4.6172,0.4729,0.4729,4.7291,10.2357
2021-08-10,4.6300,4.6500,4.6000,4.6500,0.0000,0.0000,1196700.5200,553308.4930,4.0400,9.1700,0.2944,0.7034,0.7100,4.3400,4.0313,0.6933,0.1208,0.1111,4194816.7844,4064458.2844,1701388.6847,19505898.0475,18899731.0225,3.9801,4.6172,0.4637,0.4637,4.6371,10.0367
2021-08-11,4.6500,4.8200,4.6500,4.7100,0.0600,1.2900,3603132.4500,1709347.0520,4.1000,9.2900,0.8865,2.1178,2.4200,4.3960,4.0833,0.7022,0.1223,0.1125,4194816.7844,4064458.2844,1701388.6847,19757587.0545,19143598.5195,3.9294,4.5584,0.4617,0.4617,4.6172,9.9935
2021-08-12,4.6900,4.7100,4.6700,4.6900,-0.0200,-0.4200,1065997.7700,499692.7460,4.0800,9.2500,0.2623,0.6265,0.5500,4.3774,4.0660,0.6992,0.1218,0.1120,4194816.7844,4064458.2844,1701388.6847,19673690.7188,19062309.3538,3.9462,4.5778,0.4578,0.4578,4.5778,9.9083
2021-08-13,4.6800,4.6900,4.6100,4.6300,-0.0600,-1.2800,1224951.3700,569288.9010,4.0300,9.1300,0.3014,0.7200,0.6700,4.3214,4.0140,0.6903,0.1203,0.1106,4194816.7844,4064458.2844,1701388.6847,19422001.7118,18818441.8568,3.9973,4.6371,0.4588,0.4588,4.5876,9.9295
2021-08-16,4.6200,4.7500,4.6100,4.7000,0.0700,1.5100,1645484.1600,773327.8370,4.0900,9.2700,0.4048,0.9671,0.8900,4.3867,4.0747,0.7007,0.1221,0.1123,4194816.7844,4064458.2844,1701388.6847,19715638.8867,19102953.9367,3.9378,4.5681,0.4647,0.4647,4.6472,10.0584
2021-08-17,4.7000,4.7800,4.6100,4.6500,-0.0500,-1.0600,2845527.7700,1339704.5190,4.0400,9.1700,0.7001,1.6725,1.6300,4.3400,4.0313,0.6933,0.1208,0.1111,4194816.7844,4064458.2844,1701388.6847,19505898.0475,18899731.0225,3.9801,4.6172,0.4568,0.4568,4.5681,9.8872
2021-08-18,4.6500,4.7600,4.6300,4.7600,0.1100,2.3700,2789050.6300,1315945.1490,4.1400,9.3900,0.6862,1.6393,1.3400,4.4427,4.1267,0.7097,0.1236,0.1137,4194816.7844,4064458.2844,1701388.6847,19967327.8937,19346821.4337,3.8881,4.5105,0.4617,0.4617,4.6172,9.9935
2021-08-19,4.7800,4.7800,4.6800,4.7000,-0.0600,-1.2600,1915275.4400,904104.3050,4.0900,9.2700,0.4712,1.1257,1.0000,4.3867,4.0747,0.7007,0.1221,0.1123,4194816.7844,4064458.2844,1701388.6847,19715638.8867,19102953.9367,3.9378,4.5681,0.4492,0.4492,4.4916,9.7218
2021-08-20,4.7100,4.7200,4.6300,4.6700,-0.0300,-0.6400,1397251.5500,651738.7970,4.0600,9.2100,0.3438,0.8212,0.6700,4.3587,4.0486,0.6963,0.1213,0.1116,4194816.7844,4064458.2844,1701388.6847,19589794.3831,18981020.1881,3.9631,4.5974,0.4558,0.4558,4.5584,9.8662
2021-08-23,4.6800,4.6900,4.6300,4.6300,-0.0400,-0.8600,1253429.3500,582708.1400,4.0300,9.1300,0.3084,0.7367,0.5900,4.3214,4.0140,0.6903,0.1203,0.1106,4194816.7844,4064458.2844,1701388.6847,19422001.7118,18818441.8568,3.9973,4.6371,0.4588,0.4588,4.5876,9.9295
2021-08-24,4.6300,4.6500,4.5900,4.6100,-0.0200,-0.4300,1357920.6100,626354.4780,4.0100,9.1000,0.3341,0.7981,0.6700,4.3027,3.9966,0.6873,0.1197,0.1101,4194816.7844,4064458.2844,1701388.6847,19338105.3761,18737152.6911,4.0146,4.6573,0.4637,0.4637,4.6371,10.0367
2021-08-25,4.6200,4.6600,4.5800,4.6400,0.0300,0.6500,1608032.0700,742625.7320,4.0300,9.1500,0.3956,0.9451,0.9200,4.3307,4.0226,0.6918,0.1205,0.1108,4194816.7844,4064458.2844,1701388.6847,19463949.8796,18859086.4396,3.9887,4.6272,0.4647,0.4647,4.6472,10.0584
2021-08-26,4.6300,4.6600,4.6100,4.6300,-0.0100,-0.2200,1458011.0500,675969.2970,4.0300,9.1300,0.3587,0.8570,0.9700,4.3214,4.0140,0.6903,0.1203,0.1106,4194816.7844,4064458.2844,1701388.6847,19422001.7118,18818441.8568,3.9973,4.6371,0.4637,0.4637,4.6371,10.0367
2021-08-27,4.6300,4.7400,4.6200,4.7300,0.1000,2.1600,2624080.1200,1229255.8810,4.1100,9.3300,0.6456,1.5423,1.8500,4.4147,4.1007,0.7052,0.1229,0.1130,4194816.7844,4064458.2844,1701388.6847,19841483.3902,19224887.6852,3.9128,4.5391,0.4637,0.4637,4.6371,10.0367
2021-08-30,4.7500,4.7700,4.6800,4.6900,-0.0400,-0.8500,2064805.8000,972829.5460,4.0800,9.2500,0.5080,1.2136,1.2400,4.3774,3.8768,0.6427,0.1218,0.1079,4194816.7844,4064458.2844,1701388.6847,19673690.7188,19062309.3538,3.9462,4.5778,0.4520,0.4520,4.5200,9.7832
2021-08-31,4.6900,4.8000,4.6900,4.8000,0.1100,2.3500,3075808.0600,1464380.7520,4.1700,9.4700,0.7568,1.8078,1.6900,4.4800,3.9677,0.6577,0.1247,0.1104,4194816.7844,4064458.2844,1701388.6847,20135120.5651,19509399.7651,3.8557,4.4729,0.4578,0.4578,4.5778,9.9083
2021-09-01,4.8300,5.1800,4.8200,5.1200,0.3200,6.6700,10453571.7900,5283166.0410,4.4500,10.1000,2.5719,6.1441,4.8300,4.7787,4.2322,0.7016,0.1330,0.1178,4194816.7844,4064458.2844,1701388.6847,21477461.9361,20810026.4161,3.6147,4.1934,0.4445,0.4445,4.4451,9.6211
2021-09-02,5.1000,5.2400,5.0600,5.1900,0.0700,1.3700,7933559.0700,4092537.3150,4.5100,10.2400,1.9519,4.6630,2.0200,4.8440,4.2901,0.7112,0.1348,0.1194,4194816.7844,4064458.2844,1701388.6847,21771099.1110,21094538.4960,3.5660,4.1368,0.4210,0.4210,4.2098,9.1118
2021-09-03,5.1600,5.2300,5.0600,5.0700,-0.1200,-2.3100,4875967.8300,2496372.5090,4.4100,10.0000,1.1997,2.8659,0.9300,4.7320,4.1909,0.6947,0.1317,0.1166,4194816.7844,4064458.2844,1701388.6847,21267721.0969,20606803.5019,3.6504,4.2347,0.4161,0.4161,4.1609,9.0058
2021-09-06,5.0900,5.2700,5.0900,5.1500,0.0800,1.5800,5429821.3100,2812927.5430,4.4800,10.1600,1.3359,3.1914,0.9600,4.8067,4.2570,0.7057,0.1338,0.1185,4194816.7844,4064458.2844,1701388.6847,21603306.4397,20931960.1647,3.5937,4.1689,0.4218,0.4218,4.2181,9.1297
2021-09-07,5.1400,5.2300,5.1100,5.2000,0.0500,0.9700,4072835.2900,2110566.2150,4.5200,10.2600,1.0021,2.3938,0.6400,4.8534,4.2984,0.7125,0.1351,0.1196,4194816.7844,4064458.2844,1701388.6847,21813047.2789,21135183.0789,3.5591,4.1288,0.4177,0.4177,4.1770,9.0409
2021-09-08,5.2000,5.2800,5.1700,5.2300,0.0300,0.5800,3564433.7500,1861330.2780,4.5500,10.3200,0.8770,2.0950,0.5400,4.8814,4.3232,0.7166,0.1358,0.1203,4194816.7844,4064458.2844,1701388.6847,21938891.7824,21257116.8274,3.5387,4.1052,0.4129,0.4129,4.1288,8.9365
2021-09-09,5.2400,5.4500,5.1800,5.3500,0.1200,2.2900,5873578.7300,3127092.0920,4.6500,10.5600,1.4451,3.4522,1.1300,4.9934,4.4224,0.7331,0.1390,0.1231,4194816.7844,4064458.2844,1701388.6847,22442269.7965,21744851.8215,3.4593,4.0131,0.4097,0.4097,4.0973,8.8683
2021-09-10,5.4000,5.4800,5.2500,5.2600,-0.0900,-1.6800,6014260.6200,3223764.6670,4.5700,10.3800,1.4797,3.5349,1.2600,4.9094,4.3480,0.7208,0.1366,0.1210,4194816.7844,4064458.2844,1701388.6847,22064736.2859,21379050.5759,3.5185,4.0817,0.3976,0.3976,3.9759,8.6056
2021-09-13,5.2500,5.3800,5.2200,5.2900,0.0300,0.5700,3943899.9100,2094011.2970,4.6000,10.4400,0.9703,2.3180,0.7900,4.9374,4.3728,0.7249,0.1374,0.1217,4194816.7844,4064458.2844,1701388.6847,22190580.7895,21500984.3245,3.4986,4.0586,0.4090,0.4090,4.0895,8.8514
2021-09-14,5.2700,5.3300,5.0800,5.0900,-0.2000,-3.7800,4676002.5400,2413967.1590,4.4300,10.0400,1.1505,2.7483,1.0000,4.7507,4.2074,0.6975,0.1322,0.1171,4194816.7844,4064458.2844,1701388.6847,21351617.4326,20688092.6676,3.6360,4.2181,0.4074,0.4074,4.0740,8.8178
2021-09-15,5.0800,5.1200,5.0300,5.0500,-0.0400,-0.7900,2920703.2300,1481332.0590,4.3900,9.9600,0.7186,1.7167,0.6100,4.7134,4.1744,0.6920,0.1312,0.1162,4194816.7844,4064458.2844,1701388.6847,21183824.7612,20525514.3362,3.6648,4.2515,0.4226,0.4226,4.2264,9.1476
2021-09-16,5.0700,5.1000,4.9500,4.9500,-0.1000,-1.9800,3292219.6800,1649461.2360,4.3000,9.7700,0.8100,1.9350,0.7000,4.6200,4.0917,0.6783,0.1286,0.1139,4194816.7844,4064458.2844,1701388.6847,20764343.0828,20119068.5078,3.7389,4.3374,0.4235,0.4235,4.2347,9.1657
2021-09-17,4.9500,4.9700,4.8500,4.9200,-0.0300,-0.6100,2996634.7400,1469563.1750,4.2800,9.7100,0.7373,1.7613,0.7200,4.5920,4.0669,0.6742,0.1278,0.1132,4194816.7844,4064458.2844,1701388.6847,20638498.5792,19997134.7592,3.7617,4.3638,0.4337,0.4337,4.3374,9.3879
2021-09-22,4.8500,5.0100,4.8400,4.9700,0.0500,1.0200,3036621.6200,1495232.6220,4.3200,9.8100,0.7471,1.7848,0.8500,4.6387,4.1082,0.6810,0.1291,0.1143,4194816.7844,4064458.2844,1701388.6847,20848239.4185,20200357.6735,3.7238,4.3199,0.4427,0.4427,4.4268,9.5814
2021-09-23,5.0000,5.1200,4.9900,5.0500,0.0800,1.6100,2995160.7300,1514215.0120,4.3900,9.9600,0.7369,1.7604,0.8800,4.7134,4.1744,0.6920,0.1312,0.1162,4194816.7844,4064458.2844,1701388.6847,21183824.7612,20525514.3362,3.6648,4.2515,0.4294,0.4294,4.2940,9.2940
2021-09-24,5.0400,5.0900,4.9100,4.9200,-0.1300,-2.5700,2358798.6900,1175881.8750,4.2800,9.7100,0.5803,1.3864,0.7700,4.5920,4.0669,0.6742,0.1278,0.1132,4194816.7844,4064458.2844,1701388.6847,20638498.5792,19997134.7592,3.7617,4.3638,0.4260,0.4260,4.2599,9.2202
2021-09-27,4.9300,4.9500,4.8100,4.8400,-0.0800,-1.6300,2352659.7600,1142599.9860,4.2100,9.5500,0.5788,1.3828,0.8000,4.5174,4.0008,0.6632,0.1257,0.1113,4194816.7844,4064458.2844,1701388.6847,20302913.2365,19671978.0965,3.8239,4.4360,0.4355,0.4355,4.3550,9.4260
2021-09-28,4.8500,4.9200,4.8300,4.8700,0.0300,0.6200,2290833.0700,1115307.8800,4.2300,9.6100,0.5636,1.3464,0.8300,4.5454,4.0256,0.6673,0.1265,0.1120,4194816.7844,4064458.2844,1701388.6847,20428757.7400,19793911.8450,3.8003,4.4086,0.4427,0.4427,4.4268,9.5814
2021-09-29,4.8500,4.8800,4.7900,4.8200,-0.0500,-1.0300,2071234.0200,999282.7800,4.1900,9.5100,0.5096,1.2174,0.7900,4.4987,3.9843,0.6605,0.1252,0.1109,4194816.7844,4064458.2844,1701388.6847,20219016.9008,19590688.9308,3.8397,4.4544,0.4427,0.4427,4.4268,9.5814
2021-09-30,4.8200,4.8400,4.7600,4.8000,-0.0200,-0.4100,1937660.0700,929412.0970,4.1700,9.4700,0.4767,1.1389,0.8000,4.4800,3.9677,0.6577,0.1247,0.1104,4194816.7844,4064458.2844,1701388.6847,20135120.5651,19509399.7651,3.8557,4.4729,0.4454,0.4454,4.4544,9.6411
2021-10-08,4.8700,4.9100,4.8100,4.8500,0.0500,1.0400,2055385.9100,995485.3990,4.2200,9.5700,0.5057,1.2081,0.9300,4.5267,4.0091,0.6646,0.1260,0.1116,4194816.7844,4064458.2844,1701388.6847,20344861.4043,19712622.6793,3.8160,4.4268,0.4409,0.4409,4.4086,9.5421
2021-10-11,4.8500,4.8700,4.8000,4.8300,-0.0200,-0.4100,1497834.8500,725216.5520,4.2000,9.5300,0.3685,0.8804,0.7000,4.5080,3.9925,0.6618,0.1255,0.1111,4194816.7844,4064458.2844,1701388.6847,20260965.0687,19631333.5137,3.8318,4.4451,0.4427,0.4427,4.4268,9.5814
2021-10-12,4.8200,4.8300,4.7400,4.7700,-0.0600,-1.2400,2065011.6500,987800.3710,4.1500,9.4100,0.5081,1.2137,1.0500,4.4520,3.9429,0.6536,0.1239,0.1097,4194816.7844,4064458.2844,1701388.6847,20009276.0616,19387466.0166,3.8800,4.5010,0.4454,0.4454,4.4544,9.6411
2021-10-13,4.7600,4.7800,4.7100,4.7200,-0.0500,-1.0500,1742515.9400,824080.7110,4.1000,9.3100,0.4287,1.0242,0.9100,4.4054,3.9016,0.6468,0.1226,0.1086,4194816.7844,4064458.2844,1701388.6847,19799535.2224,19184243.1024,3.9211,4.5487,0.4511,0.4511,4.5105,9.7626
2021-10-14,4.7300,4.7400,4.6800,4.7200,0.0000,0.0000,1149049.5200,541347.1420,4.1000,9.3100,0.2827,0.6754,0.6200,4.4054,3.9016,0.6468,0.1226,0.1086,4194816.7844,4064458.2844,1701388.6847,19799535.2224,19184243.1024,3.9211,4.5487,0.4539,0.4539,4.5391,9.8245
2021-10-15,4.7200,4.7300,4.6400,4.6600,-0.0600,-1.2700,2434010.5200,1136209.0490,4.0500,9.1900,0.5989,1.4306,1.4300,4.3494,3.8520,0.6385,0.1210,0.1072,4194816.7844,4064458.2844,1701388.6847,19547846.2153,18940375.6053,3.9716,4.6073,0.4549,0.4549,4.5487,9.8453
2021-10-18,4.6500,4.7300,4.6500,4.7100,0.0500,1.0700,1510064.9800,709742.5700,4.1000,9.2900,0.3715,0.8875,0.8500,4.3960,3.8933,0.6454,0.1223,0.1083,4194816.7844,4064458.2844,1701388.6847,19757587.0545,19143598.5195,3.9294,4.5584,0.4617,0.4617,4.6172,9.9935
2021-10-19,4.7000,4.7300,4.6700,4.7100,0.0000,0.0000,975485.3100,459077.1170,4.1000,9.2900,0.2400,0.5733,0.5500,4.3960,3.8933,0.6454,0.1223,0.1083,4194816.7844,4064458.2844,1701388.6847,19757587.0545,19143598.5195,3.9294,4.5584,0.4568,0.4568,4.5681,9.8872
2021-10-20,4.7200,4.7200,4.6500,4.6700,-0.0400,-0.8500,1202920.0300,562339.6210,4.0600,9.2100,0.2960,0.7070,0.7700,4.3587,3.8603,0.6399,0.1213,0.1074,4194816.7844,4064458.2844,1701388.6847,19589794.3831,18981020.1881,3.9631,4.5974,0.4549,0.4549,4.5487,9.8453
2021-10-21,4.6700,4.7500,4.6600,4.7300,0.0600,1.2800,1388474.7900,655189.0920,4.1100,9.3300,0.3416,0.8161,0.9500,4.4147,3.9099,0.6481,0.1229,0.1088,4194816.7844,4064458.2844,1701388.6847,19841483.3902,19224887.6852,3.9128,4.5391,0.4597,0.4597,4.5974,9.9507
2021-10-22,4.7400,4.7900,4.7200,4.7300,0.0000,0.0000,1598780.3100,759331.0420,4.1100,9.3300,0.3934,0.9397,1.0600,4.4147,3.9099,0.6481,0.1229,0.1088,4194816.7844,4064458.2844,1701388.6847,19841483.3902,19224887.6852,3.9128,4.5391,0.4530,0.4530,4.5295,9.8038
2021-10-25,4.6700,4.7100,4.6600,4.6900,-0.0400,-0.8500,1384163.0000,648168.9800,4.0800,9.2500,0.3406,0.8135,1.0400,4.3774,3.8768,0.6427,0.1218,0.1079,4194816.7844,4064458.2844,1701388.6847,19673690.7188,19062309.3538,3.9462,4.5778,0.4597,0.4597,4.5974,9.9507
2021-10-26,4.6800,4.7200,4.6600,4.6600,-0.0300,-0.6400,1288791.0000,603456.8050,4.0500,9.1900,0.3171,0.7575,0.9800,4.3494,3.8520,0.6385,0.1210,0.1072,4194816.7844,4064458.2844,1701388.6847,19547846.2153,18940375.6053,3.9716,4.6073,0.4588,0.4588,4.5876,9.9295
2021-10-27,4.6800,4.6900,4.6000,4.6200,-0.0400,-0.8600,1560334.3800,722343.2500,4.0200,9.1200,0.3839,0.9171,1.1400,4.3120,3.7531,0.6077,0.1200,0.1033,4194816.7844,4064458.2844,1701388.6847,19380053.5439,18777797.2739,4.0059,4.6472,0.4588,0.4588,4.5876,9.9295
2021-10-28,4.6100,4.6300,4.5800,4.6100,-0.0100,-0.2200,1132849.1200,520651.0850,4.0100,9.1000,0.2787,0.6658,0.7800,4.3027,3.7450,0.6064,0.1197,0.1031,4194816.7844,4064458.2844,1701388.6847,19338105.3761,18737152.6911,4.0146,4.6573,0.4657,0.4657,4.6573,10.0803
2021-10-29,4.6100,4.6700,4.6000,4.6600,0.0500,1.0800,1296006.7800,601284.2110,4.0500,9.1900,0.3189,0.7617,0.9300,4.3494,3.7856,0.6130,0.1210,0.1042,4194816.7844,4064458.2844,1701388.6847,19547846.2153,18940375.6053,3.9716,4.6073,0.4657,0.4657,4.6573,10.0803
2021-11-01,4.6600,4.7700,4.6500,4.7700,0.1100,2.3600,2389823.3400,1126603.6710,4.1500,9.4100,0.5880,1.4046,1.7900,4.4520,3.8749,0.6275,0.1239,0.1067,4194816.7844,4064458.2844,1701388.6847,20009276.0616,19387466.0166,3.8800,4.5010,0.4607,0.4607,4.6073,9.9721
2021-11-02,4.7500,4.7600,4.6500,4.6700,-0.1000,-2.1000,1746901.8200,819839.5400,4.0600,9.2100,0.4298,1.0268,1.1400,4.3587,3.7937,0.6143,0.1213,0.1044,4194816.7844,4064458.2844,1701388.6847,19589794.3831,18981020.1881,3.9631,4.5974,0.4520,0.4520,4.5200,9.7832
2021-11-03,4.6600,4.7200,4.6500,4.7000,0.0300,0.6400,933894.0100,438753.3170,4.0900,9.2700,0.2298,0.5489,0.5700,4.3867,3.8181,0.6183,0.1221,0.1051,4194816.7844,4064458.2844,1701388.6847,19715638.8867,19102953.9367,3.9378,4.5681,0.4607,0.4607,4.6073,9.9721
2021-11-04,4.7000,4.7200,4.6600,4.6600,-0.0400,-0.8500,1103480.1400,515653.0500,4.0500,9.1900,0.2715,0.6486,0.7400,4.3494,3.7856,0.6130,0.1210,0.1042,4194816.7844,4064458.2844,1701388.6847,19547846.2153,18940375.6053,3.9716,4.6073,0.4568,0.4568,4.5681,9.8872
2021-11-05,4.6600,4.6700,4.5900,4.6000,-0.0600,-1.2900,1599222.9800,737690.8570,4.0000,9.0800,0.3935,0.9400,1.0700,4.2934,3.7368,0.6051,0.1195,0.1029,4194816.7844,4064458.2844,1701388.6847,19296157.2082,18696508.1082,4.0234,4.6674,0.4607,0.4607,4.6073,9.9721
2021-11-08,4.6100,4.6300,4.5800,4.5800,-0.0200,-0.4300,1027770.7400,473040.1930,3.9800,9.0400,0.2529,0.6041,0.6600,4.2747,3.7206,0.6025,0.1190,0.1024,4194816.7844,4064458.2844,1701388.6847,19212260.8726,18615218.9426,4.0409,4.6878,0.4657,0.4657,4.6573,10.0803
2021-11-09,4.5900,4.6000,4.5600,4.5700,-0.0100,-0.2200,972227.5300,444640.3200,3.9700,9.0200,0.2392,0.5714,0.7600,4.2654,3.7125,0.6012,0.1187,0.1022,4194816.7844,4064458.2844,1701388.6847,19170312.7047,18574574.3597,4.0498,4.6980,0.4678,0.4678,4.6776,10.1242
2021-11-10,4.5700,4.6500,4.5200,4.6400,0.0700,1.5300,1547441.9500,708308.4070,4.0300,9.1500,0.3807,0.9095,1.3700,4.3307,3.7693,0.6104,0.1205,0.1038,4194816.7844,4064458.2844,1701388.6847,19463949.8796,18859086.4396,3.9887,4.6272,0.4698,0.4698,4.6980,10.1685
2021-11-11,4.6300,4.9000,4.6100,4.8800,0.2400,5.1700,4342117.0500,2077276.3000,4.2400,9.6300,1.0683,2.5521,3.4700,4.5547,3.9643,0.6419,0.1268,0.1091,4194816.7844,4064458.2844,1701388.6847,20470705.9079,19834556.4279,3.7925,4.3996,0.4637,0.4637,4.6371,10.0367
2021-11-12,4.8400,4.8900,4.8100,4.8100,-0.0700,-1.4300,1825632.4300,883160.8850,4.1800,9.4900,0.4492,1.0730,0.9600,4.4894,3.9074,0.6327,0.1249,0.1076,4194816.7844,4064458.2844,1701388.6847,20177068.7330,19550044.3480,3.8477,4.4636,0.4436,0.4436,4.4360,9.6012
2021-11-15,4.8000,4.8300,4.7300,4.7600,-0.0500,-1.0400,1130415.2700,538197.7800,4.1400,9.3900,0.2781,0.6644,0.5800,4.4427,3.8668,0.6262,0.1236,0.1064,4194816.7844,4064458.2844,1701388.6847,19967327.8937,19346821.4337,3.8881,4.5105,0.4473,0.4473,4.4729,9.6813
2021-11-16,4.7700,4.7900,4.6900,4.7100,-0.0500,-1.0500,1168532.8400,553219.8300,4.1000,9.2900,0.2875,0.6868,0.6000,4.3960,3.8262,0.6196,0.1223,0.1053,4194816.7844,4064458.2844,1701388.6847,19757587.0545,19143598.5195,3.9294,4.5584,0.4501,0.4501,4.5010,9.7421
2021-11-17,4.7100,4.7400,4.7000,4.7000,-0.0100,-0.2100,746122.8200,351538.6090,4.0900,9.2700,0.1836,0.4385,0.3700,4.3867,3.8181,0.6183,0.1221,0.1051,4194816.7844,4064458.2844,1701388.6847,19715638.8867,19102953.9367,3.9378,4.5681,0.4558,0.4558,4.5584,9.8662
2021-11-18,4.7100,4.7200,4.6600,4.6700,-0.0300,-0.6400,836090.3900,392021.3740,4.0600,9.2100,0.2057,0.4914,0.4500,4.3587,3.7937,0.6143,0.1213,0.1044,4194816.7844,4064458.2844,1701388.6847,19589794.3831,18981020.1881,3.9631,4.5974,0.4558,0.4558,4.5584,9.8662
2021-11-19,4.6700,4.7600,4.6500,4.7500,0.0800,1.7100,1632609.9200,766282.7760,4.1300,9.3700,0.4017,0.9596,1.4300,4.4334,3.8587,0.6248,0.1234,0.1062,4194816.7844,4064458.2844,1701388.6847,19925379.7259,19306176.8509,3.8963,4.5200,0.4597,0.4597,4.5974,9.9507
2021-11-22,4.7300,4.7400,4.6700,4.6800,-0.0700,-1.4700,1250412.7700,586344.1620,4.0700,9.2300,0.3076,0.7349,1.1300,4.3680,3.8018,0.6156,0.1216,0.1046,4194816.7844,4064458.2844,1701388.6847,19631742.5510,19021664.7710,3.9546,4.5876,0.4539,0.4539,4.5391,9.8245
2021-11-23,4.6700,4.7300,4.6600,4.6900,0.0100,0.2100,908460.7000,426673.7390,4.0800,9.2500,0.2235,0.5340,0.8100,4.3774,3.8100,0.6169,0.1218,0.1049,4194816.7844,4064458.2844,1701388.6847,19673690.7188,19062309.3538,3.9462,4.5778,0.4597,0.4597,4.5974,9.9507
2021-11-24,4.6900,4.7200,4.6700,4.7000,0.0100,0.2100,680251.5500,319337.7480,4.0900,9.2700,0.1674,0.3998,0.6300,4.3867,3.8181,0.6183,0.1221,0.1051,4194816.7844,4064458.2844,1701388.6847,19715638.8867,19102953.9367,3.9378,4.5681,0.4578,0.4578,4.5778,9.9083
2021-11-25,4.7000,4.7200,4.6900,4.7100,0.0100,0.2100,630937.3600,296901.7750,4.1000,9.2900,0.1552,0.3708,0.5900,4.3960,3.8262,0.6196,0.1223,0.1053,4194816.7844,4064458.2844,1701388.6847,19757587.0545,19143598.5195,3.9294,4.5584,0.4568,0.4568,4.5681,9.8872
2021-11-26,4.7000,4.7100,4.6700,4.6700,-0.0400,-0.8500,632669.9600,296172.8330,4.0600,9.2100,0.1557,0.3719,0.6200,4.3587,3.7937,0.6143,0.1213,0.1044,4194816.7844,4064458.2844,1701388.6847,19589794.3831,18981020.1881,3.9631,4.5974,0.4568,0.4568,4.5681,9.8872
2021-11-29,4.6500,4.6800,4.6300,4.6400,-0.0300,-0.6400,871461.3800,404976.8830,4.0300,9.1500,0.2144,0.5122,1.0600,4.3307,3.7693,0.6104,0.1205,0.1038,4194816.7844,4064458.2844,1701388.6847,19463949.8796,18859086.4396,3.9887,4.6272,0.4617,0.4617,4.6172,9.9935
2021-11-30,4.6300,4.6800,4.6300,4.6400,0.0000,0.0000,943592.8000,438435.9440,4.0300,9.1500,0.2322,0.5546,1.2700,4.3307,3.7693,0.6104,0.1205,0.1038,4194816.7844,4064458.2844,1701388.6847,19463949.8796,18859086.4396,3.9887,4.6272,0.4637,0.4637,4.6371,10.0367
2021-12-01,4.6400,4.7000,4.6300,4.6900,0.0500,1.0800,905299.1600,423250.6570,4.0800,9.2500,0.2227,0.5321,1.2000,4.3774,3.8100,0.6169,0.1218,0.1049,4194816.7844,4064458.2844,1701388.6847,19673690.7188,19062309.3538,3.9462,4.5778,0.4627,0.4627,4.6272,10.0151
2021-12-02,4.6800,4.7700,4.6600,4.7500,0.0600,1.2800,1645366.5600,778400.8510,4.1300,9.3700,0.4048,0.9671,2.0600,4.4334,3.8587,0.6248,0.1234,0.1062,4194816.7844,4064458.2844,1701388.6847,19925379.7259,19306176.8509,3.8963,4.5200,0.4588,0.4588,4.5876,9.9295
2021-12-03,4.7700,4.8000,4.7300,4.7800,0.0300,0.6300,1504206.6700,717383.4730,4.1600,9.4300,0.3701,0.8841,1.5000,4.4614,3.8831,0.6288,0.1242,0.1069,4194816.7844,4064458.2844,1701388.6847,20051224.2294,19428110.5994,3.8719,4.4916,0.4501,0.4501,4.5010,9.7421
2021-12-06,4.7900,4.8900,4.7700,4.8000,0.0200,0.4200,2052636.2300,992886.6950,4.1700,9.4700,0.5050,1.2064,1.7500,4.4800,3.8993,0.6314,0.1247,0.1073,4194816.7844,4064458.2844,1701388.6847,20135120.5651,19509399.7651,3.8557,4.4729,0.4482,0.4482,4.4823,9.7015
2021-12-07,4.8600,4.9500,4.8400,4.9000,0.1000,2.0800,3070730.1300,1505846.2560,4.2600,9.6700,0.7555,1.8048,2.1800,4.5734,3.9806,0.6446,0.1273,0.1096,4194816.7844,4064458.2844,1701388.6847,20554602.2436,19915845.5936,3.7770,4.3816,0.4418,0.4418,4.4177,9.5617
2021-12-08,4.8900,4.9000,4.8300,4.8400,-0.0600,-1.2200,2028251.8700,983747.7490,4.2100,9.5500,0.4990,1.1921,1.1000,4.5174,3.9318,0.6367,0.1257,0.1082,4194816.7844,4064458.2844,1701388.6847,20302913.2365,19671978.0965,3.8239,4.4360,0.4391,0.4391,4.3906,9.5031
2021-12-09,4.8500,4.9100,4.8300,4.8800,0.0400,0.8300,1799703.9800,878541.8010,4.2400,9.6300,0.4428,1.0578,0.8700,4.5547,3.9643,0.6419,0.1268,0.1091,4194816.7844,4064458.2844,1701388.6847,20470705.9079,19834556.4279,3.7925,4.3996,0.4427,0.4427,4.4268,9.5814
2021-12-10,4.8600,4.9100,4.8500,4.8600,-0.0200,-0.4100,1496221.8000,728972.4230,4.2300,9.5900,0.3681,0.8794,0.7200,4.5360,3.9481,0.6393,0.1262,0.1087,4194816.7844,4064458.2844,1701388.6847,20386809.5722,19753267.2622,3.8081,4.4177,0.4418,0.4418,4.4177,9.5617
2021-12-13,4.9300,5.0000,4.9000,4.9100,0.0500,1.0300,2472458.9600,1223476.5920,4.2700,9.6900,0.6083,1.4532,1.1800,4.5827,3.9887,0.6459,0.1275,0.1098,4194816.7844,4064458.2844,1701388.6847,20596550.4114,19956490.1764,3.7693,4.3727,0.4355,0.4355,4.3550,9.4260
2021-12-14,4.9000,4.9500,4.7900,4.8100,-0.1000,-2.0400,1929347.9200,935367.7800,4.1800,9.4900,0.4747,1.1340,0.8900,4.4894,3.9074,0.6327,0.1249,0.1076,4194816.7844,4064458.2844,1701388.6847,20177068.7330,19550044.3480,3.8477,4.4636,0.4382,0.4382,4.3816,9.4837
2021-12-15,4.8100,4.9500,4.7900,4.8900,0.0800,1.6600,2309618.7000,1128977.1240,4.2500,9.6500,0.5682,1.3575,1.1900,4.5640,3.9724,0.6433,0.1270,0.1093,4194816.7844,4064458.2844,1701388.6847,20512654.0757,19875201.0107,3.7848,4.3906,0.4464,0.4464,4.4636,9.6611
2021-12-16,4.9000,4.9700,4.9000,4.9500,0.0600,1.2300,1644216.7900,812373.3280,4.3000,9.7700,0.4045,0.9664,0.8200,4.6200,4.0212,0.6511,0.1286,0.1107,4194816.7844,4064458.2844,1701388.6847,20764343.0828,20119068.5078,3.7389,4.3374,0.4382,0.4382,4.3816,9.4837
2021-12-17,4.9700,5.0100,4.9300,4.9500,0.0000,0.0000,1867404.1000,928098.4870,4.3000,9.7700,0.4594,1.0976,0.9500,4.6200,4.0212,0.6511,0.1286,0.1107,4194816.7844,4064458.2844,1701388.6847,20764343.0828,20119068.5078,3.7389,4.3374,0.4320,0.4320,4.3199,9.3501
2021-12-20,4.9200,5.0100,4.9100,4.9900,0.0400,0.8100,2129659.5000,1060092.2930,4.3400,9.8500,0.5240,1.2517,1.0400,4.6574,4.0537,0.6564,0.1296,0.1116,4194816.7844,4064458.2844,1701388.6847,20932135.7542,20281646.8392,3.7089,4.3026,0.4364,0.4364,4.3638,9.4451
2021-12-21,4.9900,5.0600,4.9700,5.0200,0.0300,0.6000,1799191.3500,904638.2360,4.3600,9.9000,0.4427,1.0575,0.9100,4.6854,4.0780,0.6604,0.1304,0.1123,4194816.7844,4064458.2844,1701388.6847,21057980.2577,20403580.5877,3.6867,4.2769,0.4303,0.4303,4.3026,9.3126
2021-12-22,5.0300,5.0400,4.9300,4.9500,-0.0700,-1.3900,1527022.2100,757879.0970,4.3000,9.7700,0.3757,0.8975,0.7800,4.6200,4.0212,0.6511,0.1286,0.1107,4194816.7844,4064458.2844,1701388.6847,20764343.0828,20119068.5078,3.7389,4.3374,0.4268,0.4268,4.2684,9.2386
2021-12-23,4.9400,4.9800,4.9300,4.9600,0.0100,0.2000,1079974.3800,534494.9000,4.3100,9.7900,0.2657,0.6348,0.6000,4.6294,4.0293,0.6525,0.1288,0.1109,4194816.7844,4064458.2844,1701388.6847,20806291.2506,20159713.0906,3.7313,4.3286,0.4346,0.4346,4.3462,9.4069
2021-12-24,4.9600,4.9800,4.9200,4.9600,0.0000,0.0000,1229490.3200,608475.9610,4.3100,9.7900,0.3025,0.7226,0.7300,4.6294,4.0293,0.6525,0.1288,0.1109,4194816.7844,4064458.2844,1701388.6847,20806291.2506,20159713.0906,3.7313,4.3286,0.4329,0.4329,4.3286,9.3690
2021-12-27,4.9400,5.0200,4.9300,5.0100,0.0500,1.0100,1377560.3100,687951.1670,4.3600,9.8800,0.3389,0.8097,0.8900,4.6760,4.0699,0.6590,0.1301,0.1120,4194816.7844,4064458.2844,1701388.6847,21016032.0898,20362936.0048,3.6941,4.2854,0.4346,0.4346,4.3462,9.4069
2021-12-28,5.0200,5.0200,4.9300,4.9900,-0.0200,-0.4000,1567974.5300,779390.2670,4.3400,9.8500,0.3858,0.9216,1.1200,4.6574,4.0537,0.6564,0.1296,0.1116,4194816.7844,4064458.2844,1701388.6847,20932135.7542,20281646.8392,3.7089,4.3026,0.4277,0.4277,4.2769,9.2570
2021-12-29,4.9900,5.0100,4.9400,4.9400,-0.0500,-1.0000,1040564.2500,517199.6390,4.3000,9.7500,0.2560,0.6116,0.7700,4.6107,4.0131,0.6498,0.1283,0.1105,4194816.7844,4064458.2844,1701388.6847,20722394.9149,20078423.9249,3.7464,4.3462,0.4303,0.4303,4.3026,9.3126
2021-12-30,4.9600,4.9700,4.9300,4.9400,0.0000,0.0000,858237.5500,424752.7280,4.3000,9.7500,0.2112,0.5044,0.6800,4.6107,4.0131,0.6498,0.1283,0.1105,4194816.7844,4064458.2844,1701388.6847,20722394.9149,20078423.9249,3.7464,4.3462,0.4329,0.4329,4.3286,9.3690
2021-12-31,4.9500,5.0200,4.9100,5.0000,0.0600,1.2100,1808339.0300,901090.2220,4.3500,9.8700,0.4449,1.0629,1.4900,4.6667,4.0618,0.6577,0.1299,0.1118,4194816.7844,4064458.2844,1701388.6847,20974083.9220,20322291.4220,3.7015,4.2940,0.4337,0.4337,4.3374,9.3879
2022-01-04,4.9900,5.0500,4.9600,5.0300,0.0300,0.6000,1584004.7200,794782.4840,4.3700,9.9200,0.3897,0.9310,1.1900,4.6947,4.0862,0.6617,0.1306,0.1125,4194816.7844,4064458.2844,1701388.6847,21099928.4255,20444225.1705,4.2684,4.2684,0.5010,0.5010,5.0100,10.0741
2022-01-05,5.0300,5.0800,5.0100,5.0200,-0.0100,-0.2000,1515031.5400,763346.0960,4.3600,9.9000,0.3728,0.8905,1.1000,4.6854,4.0780,0.6604,0.1304,0.1123,4194816.7844,4064458.2844,1701388.6847,21057980.2577,20403580.5877,4.2769,4.2769,0.4970,0.4970,4.9702,9.9940
2022-01-06,5.0200,5.1500,5.0100,5.1300,0.1100,2.1900,2945542.6400,1506280.0260,4.4600,10.1200,0.7247,1.7313,2.1600,4.7880,4.1674,0.6748,0.1332,0.1147,4194816.7844,4064458.2844,1701388.6847,21519410.1040,20850670.9990,4.1852,4.1852,0.4980,0.4980,4.9801,10.0139
2022-01-07,5.1200,5.2800,5.1100,5.2400,0.1100,2.1400,4166665.1800,2180816.9230,4.5600,10.3400,1.0251,2.4490,2.3900,4.8907,4.2568,0.6893,0.1361,0.1172,4194816.7844,4064458.2844,1701388.6847,21980839.9503,21297761.4103,4.0973,4.0973,0.4883,0.4883,4.8828,9.8184
2022-01-10,5.3200,5.4000,5.2500,5.3700,0.1300,2.4800,4113448.6700,2193006.8320,4.6700,10.6000,1.0121,2.4177,1.7100,5.0120,4.3624,0.7064,0.1395,0.1201,4194816.7844,4064458.2844,1701388.6847,22526166.1322,21826140.9872,3.9981,3.9981,0.4699,0.4699,4.6992,9.4492
2022-01-11,5.3700,5.4400,5.3200,5.3800,0.0100,0.1900,4156037.6900,2243708.7280,4.6800,10.6100,1.0225,2.4427,1.4500,5.0214,4.3705,0.7077,0.1397,0.1203,4194816.7844,4064458.2844,1701388.6847,22568114.3001,21866785.5701,3.9907,3.9907,0.4655,0.4655,4.6555,9.3613
2022-01-12,5.3400,5.3500,5.1700,5.2600,-0.1200,-2.2300,3559421.4400,1865145.1680,4.5700,10.3800,0.8757,2.0921,1.0500,4.9094,4.2730,0.6919,0.1366,0.1176,4194816.7844,4064458.2844,1701388.6847,22064736.2859,21379050.5759,4.0817,4.0817,0.4682,0.4682,4.6816,9.4139
2022-01-13,5.2500,5.3700,5.1800,5.2000,-0.0600,-1.1400,2864200.9700,1510875.0280,4.5200,10.2600,0.7047,1.6834,0.7600,4.8534,4.2243,0.6840,0.1351,0.1163,4194816.7844,4064458.2844,1701388.6847,21813047.2789,21135183.0789,4.1288,4.1288,0.4762,0.4762,4.7619,9.5752
2022-01-14,5.2000,5.2200,5.0000,5.0200,-0.1800,-3.4600,3606356.1900,1827077.3790,4.3600,9.9000,0.8873,2.1197,0.9600,4.6854,4.0780,0.6604,0.1304,0.1123,4194816.7844,4064458.2844,1701388.6847,21057980.2577,20403580.5877,4.2769,4.2769,0.4808,0.4808,4.8077,9.6673
2022-01-17,5.0100,5.0400,4.9600,4.9900,-0.0300,-0.6000,1796241.4100,897209.9140,4.3400,9.8500,0.4419,1.0558,0.4900,4.6574,4.0537,0.6564,0.1296,0.1116,4194816.7844,4064458.2844,1701388.6847,20932135.7542,20281646.8392,4.3026,4.3026,0.4990,0.4990,4.9900,10.0339
2022-01-18,4.9800,5.3200,4.9800,5.2800,0.2900,5.8100,4516734.3700,2342051.0540,4.5900,10.4200,1.1113,2.6547,1.4100,4.9280,4.2893,0.6946,0.1371,0.1181,4194816.7844,4064458.2844,1701388.6847,22148632.6216,21460339.7416,4.0663,4.0663,0.5020,0.5020,5.0201,10.0944
2022-01-19,5.2700,5.4400,5.2600,5.3700,0.0900,1.7000,4533174.8700,2433153.6710,4.6700,10.6000,1.1101,2.6349,1.3900,5.0120,4.3624,0.7064,0.1395,0.1201,4194816.7844,4083536.6844,1720467.0847,22526166.1322,21928591.9952,3.9981,3.9981,0.4744,0.4744,4.7438,9.5389
2022-01-20,5.3500,5.4500,5.3400,5.4000,0.0300,0.5600,4555757.5700,2466080.1130,4.7000,10.6500,1.1156,2.6480,1.3200,5.0400,4.3867,0.7103,0.1403,0.1207,4194816.7844,4083536.6844,1720467.0847,22652010.6358,22051098.0958,3.9759,3.9759,0.4673,0.4673,4.6729,9.3963
2022-01-21,5.4000,5.4200,5.3000,5.3300,-0.0700,-1.3000,2184713.1600,1169809.4590,4.6300,10.5200,0.5350,1.2698,0.5700,4.9747,4.3299,0.7011,0.1384,0.1192,4194816.7844,4083536.6844,1720467.0847,22358373.4609,21765250.5279,4.0281,4.0281,0.4630,0.4630,4.6296,9.3093
2022-01-24,5.3500,5.5200,5.3200,5.4100,0.0800,1.5000,3820414.5000,2072803.6530,4.7000,10.6700,0.9356,2.2206,1.0900,5.0494,4.3949,0.7117,0.1405,0.1210,4194816.7844,4083536.6844,1720467.0847,22693958.8036,22091933.4626,3.9686,3.9686,0.4673,0.4673,4.6729,9.3963
2022-01-25,5.3800,5.4000,5.3000,5.3000,-0.1100,-2.0300,2315543.1100,1236976.0690,4.6100,10.4600,0.5670,1.3459,0.5900,4.9467,4.3055,0.6972,0.1377,0.1185,4194816.7844,4083536.6844,1720467.0847,22232528.9573,21642744.4273,4.0509,4.0509,0.4647,0.4647,4.6468,9.3439
2022-01-26,5.3000,5.3800,5.2600,5.3800,0.0800,1.5100,1582636.3600,844585.5410,4.6800,10.6100,0.3876,0.9199,0.4500,5.0214,4.3705,0.7077,0.1397,0.1203,4194816.7844,4083536.6844,1720467.0847,22568114.3001,21969427.3621,3.9907,3.9907,0.4717,0.4717,4.7170,9.4849
2022-01-27,5.3800,5.4400,5.3000,5.3700,-0.0100,-0.1900,2293774.8400,1233114.7160,4.6700,10.6000,0.5617,1.3332,0.7900,5.0120,4.3624,0.7064,0.1395,0.1201,4194816.7844,4083536.6844,1720467.0847,22526166.1322,21928591.9952,3.9981,3.9981,0.4647,0.4647,4.6468,9.3439
2022-01-28,5.3600,5.3800,5.2000,5.2000,-0.1700,-3.1700,2824208.5300,1488479.2640,4.5200,10.2600,0.6916,1.6415,1.1600,4.8534,4.2243,0.6840,0.1351,0.1163,4194816.7844,4083536.6844,1720467.0847,21813047.2789,21234390.7589,4.1288,4.1288,0.4664,0.4664,4.6642,9.3787
2022-02-07,5.2700,5.4900,5.2700,5.4800,0.2800,5.3800,3660556.1400,1983991.3210,4.7600,10.8100,0.8964,2.1277,1.4300,5.1147,4.4517,0.7209,0.1423,0.1225,4194816.7844,4083536.6844,1720467.0847,22987595.9785,22377781.0305,3.9179,3.9179,0.4744,0.4744,4.7438,9.5389
2022-02-08,5.5000,5.5100,5.4000,5.4900,0.0100,0.1800,3102690.3100,1694050.2530,4.7700,10.8300,0.7598,1.8034,1.2200,5.1240,4.4598,0.7222,0.1426,0.1228,4194816.7844,4083536.6844,1720467.0847,23029544.1464,22418616.3974,3.9107,3.9107,0.4545,0.4545,4.5455,9.1400
2022-02-09,5.5200,5.5300,5.3800,5.4100,-0.0800,-1.4600,3130875.8100,1705195.0290,4.7000,10.6700,0.7667,1.8198,1.1600,5.0494,4.3949,0.7117,0.1405,0.1210,4194816.7844,4083536.6844,1720467.0847,22693958.8036,22091933.4626,3.9686,3.9686,0.4529,0.4529,4.5290,9.1069
2022-02-10,5.3900,5.5100,5.3500,5.4600,0.0500,0.9200,2885482.3400,1571101.7700,4.7500,10.7700,0.7066,1.6772,0.9600,5.0960,4.4355,0.7182,0.1418,0.1221,4194816.7844,4083536.6844,1720467.0847,22903699.6428,22296110.2968,3.9322,3.9322,0.4638,0.4638,4.6382,9.3265
2022-02-11,5.4500,5.7700,5.4400,5.6000,0.1400,2.5600,5358190.2600,3036436.8990,4.8700,11.0500,1.3121,3.1144,1.7200,5.2267,4.5492,0.7367,0.1455,0.1252,4194816.7844,4083536.6844,1720467.0847,23490973.9926,22867805.4326,3.8339,3.8339,0.4587,0.4587,4.5872,9.2239
2022-02-14,5.6000,5.6300,5.3200,5.3500,-0.2500,-4.4600,4611250.0400,2506904.3440,4.6500,10.5600,1.1292,2.6802,1.2700,4.9934,4.3461,0.7038,0.1390,0.1196,4194816.7844,4083536.6844,1720467.0847,22442269.7965,21846921.2615,4.0131,4.0131,0.4464,0.4464,4.4643,8.9768
2022-02-15,5.3500,5.3800,5.2600,5.3100,-0.0400,-0.7500,2612144.2300,1386046.7430,4.6200,10.4800,0.6397,1.5183,0.6800,4.9560,4.3136,0.6985,0.1379,0.1187,4194816.7844,4083536.6844,1720467.0847,22274477.1252,21683579.7942,4.0433,4.0433,0.4673,0.4673,4.6729,9.3963
2022-02-16,5.3300,5.4600,5.3300,5.4100,0.1000,1.8800,2662759.5600,1439686.2190,4.7000,10.6700,0.6521,1.5477,0.7200,5.0494,4.3949,0.7117,0.1405,0.1210,4194816.7844,4083536.6844,1720467.0847,22693958.8036,22091933.4626,3.9686,3.9686,0.4690,0.4690,4.6904,9.4315
2022-02-17,5.4100,5.4300,5.3200,5.3600,-0.0500,-0.9200,1782053.4300,955077.8190,4.6600,10.5800,0.4364,1.0358,0.4900,5.0027,4.3542,0.7051,0.1392,0.1199,4194816.7844,4083536.6844,1720467.0847,22484217.9644,21887756.6284,4.0056,4.0056,0.4621,0.4621,4.6211,9.2921
2022-02-18,5.3200,5.5100,5.3000,5.5000,0.1400,2.6100,2732736.3400,1478760.9790,4.7800,10.8500,0.6692,1.5884,0.8000,5.1334,4.4680,0.7235,0.1429,0.1230,4194816.7844,4083536.6844,1720467.0847,23071492.3142,22459451.7642,3.9036,3.9036,0.4699,0.4699,4.6992,9.4492
2022-02-21,5.4500,5.5000,5.3600,5.4600,-0.0400,-0.7300,2611863.3900,1411259.5650,4.7500,10.7700,0.6396,1.5181,0.9100,5.0960,4.4355,0.7182,0.1418,0.1221,4194816.7844,4083536.6844,1720467.0847,22903699.6428,22296110.2968,3.9322,3.9322,0.4587,0.4587,4.5872,9.2239
2022-02-22,5.3900,5.4300,5.3400,5.3900,-0.0700,-1.2800,2437901.3900,1312407.7800,4.6900,10.6300,0.5970,1.4170,0.9800,5.0307,4.3786,0.7090,0.1400,0.1205,4194816.7844,4083536.6844,1720467.0847,22610062.4679,22010262.7289,3.9833,3.9833,0.4638,0.4638,4.6382,9.3265
2022-02-23,5.4100,5.4200,5.3000,5.3000,-0.0900,-1.6700,2577076.5900,1374218.6400,4.6100,10.4600,0.6311,1.4979,1.0500,4.9467,4.3055,0.6972,0.1377,0.1185,4194816.7844,4083536.6844,1720467.0847,22232528.9573,21642744.4273,4.0509,4.0509,0.4621,0.4621,4.6211,9.2921
2022-02-24,5.2900,5.3000,5.1000,5.1500,-0.1500,-2.8300,3260569.0900,1694612.4150,4.4800,10.1600,0.7985,1.8952,1.3400,4.8067,4.1836,0.6775,0.1338,0.1152,4194816.7844,4083536.6844,1720467.0847,21603306.4397,21030213.9247,4.1689,4.1689,0.4726,0.4726,4.7259,9.5028
2022-02-25,5.2100,5.2300,5.0400,5.0700,-0.0800,-1.5500,2984045.8100,1524880.4800,4.4100,10.0000,0.7308,1.7344,1.1000,4.7320,4.1187,0.6669,0.1317,0.1134,4194816.7844,4083536.6844,1720467.0847,21267721.0969,20703530.9899,4.2347,4.2347,0.4798,0.4798,4.7985,9.6488
2022-02-28,5.0600,5.0900,5.0300,5.0900,0.0200,0.3900,1423229.3100,720927.6800,4.4300,10.0400,0.3485,0.8272,0.5100,4.7507,4.1349,0.6696,0.1322,0.1138,4194816.7844,4083536.6844,1720467.0847,21351617.4326,20785201.7236,4.2181,4.2181,0.4941,0.4941,4.9407,9.9348
2022-03-01,5.0800,5.2000,5.0800,5.1600,0.0700,1.3800,1890759.7900,969191.1280,4.4900,10.1800,0.4630,1.0990,0.7500,4.8160,4.1918,0.6788,0.1340,0.1154,4194816.7844,4083536.6844,1720467.0847,21645254.6075,21071049.2915,4.1609,4.1609,0.4921,0.4921,4.9213,9.8957
2022-03-02,5.1400,5.2500,5.1300,5.2000,0.0400,0.7800,2028189.1800,1056331.2450,4.5200,10.2600,0.4967,1.1789,0.8400,4.8534,4.2243,0.6840,0.1351,0.1163,4194816.7844,4083536.6844,1720467.0847,21813047.2789,21234390.7589,4.1288,4.1288,0.4864,0.4864,4.8638,9.7802
2022-03-03,5.2500,5.5000,5.2200,5.4900,0.2900,5.5800,6006307.8900,3264776.6880,4.7700,10.8300,1.4709,3.4911,2.5900,5.1240,4.4598,0.7222,0.1426,0.1228,4194816.7844,4083536.6844,1720467.0847,23029544.1464,22418616.3974,3.9107,3.9107,0.4762,0.4762,4.7619,9.5752
2022-03-04,5.4600,5.4900,5.3800,5.4500,-0.0400,-0.7300,2622284.4500,1425015.1770,4.7400,10.7500,0.6422,1.5242,0.9100,5.0867,4.4274,0.7169,0.1416,0.1219,4194816.7844,4083536.6844,1720467.0847,22861751.4750,22255274.9300,3.9394,3.9394,0.4579,0.4579,4.5788,9.2070
2022-03-07,5.4400,5.5700,5.4100,5.4700,0.0200,0.3700,3704856.4700,2036918.4520,4.7600,10.7900,0.9073,2.1534,1.3300,5.1054,4.4436,0.7196,0.1421,0.1223,4194816.7844,4083536.6844,1720467.0847,22945647.8107,22336945.6637,3.9250,3.9250,0.4596,0.4596,4.5956,9.2408
2022-03-08,5.4400,5.5200,5.3300,5.3700,-0.1000,-1.8300,3330211.4500,1808744.8960,4.6700,10.6000,0.8155,1.9356,1.0200,5.0120,4.3624,0.7064,0.1395,0.1201,4194816.7844,4083536.6844,1720467.0847,22526166.1322,21928591.9952,3.9981,3.9981,0.4596,0.4596,4.5956,9.2408
2022-03-09,5.4000,5.4900,5.1300,5.3500,-0.0200,-0.3700,3421567.2600,1832921.7130,4.6500,10.5600,0.8379,1.9887,0.9700,4.9934,4.3461,0.7038,0.1390,0.1196,4194816.7844,4083536.6844,1720467.0847,22442269.7965,21846921.2615,4.0131,4.0131,0.4630,0.4630,4.6296,9.3093
2022-03-10,5.4300,5.4500,5.2700,5.2800,-0.0700,-1.3100,2534416.8700,1354363.8930,4.5900,10.4200,0.6206,1.4731,0.6600,4.9280,4.2893,0.6946,0.1371,0.1181,4194816.7844,4083536.6844,1720467.0847,22148632.6216,21561073.6936,4.0663,4.0663,0.4604,0.4604,4.6041,9.2578
2022-03-11,5.2000,5.2100,5.0400,5.1900,-0.0900,-1.7000,3278894.8800,1674822.9790,4.5100,10.2400,0.8030,1.9058,1.0500,4.8440,4.2161,0.6827,0.1348,0.1161,4194816.7844,4083536.6844,1720467.0847,21771099.1110,21193555.3920,4.1368,4.1368,0.4808,0.4808,4.8077,9.6673
2022-03-14,5.1300,5.3200,5.1000,5.1500,-0.0400,-0.7700,2200565.4500,1151055.5710,4.4800,10.1600,0.5389,1.2791,0.6800,4.8067,4.1836,0.6775,0.1338,0.1152,4194816.7844,4083536.6844,1720467.0847,21603306.4397,21030213.9247,4.1689,4.1689,0.4873,0.4873,4.8733,9.7992
2022-03-15,5.1100,5.1400,4.7500,4.7500,-0.4000,-7.7700,5042651.1000,2474659.3610,4.1300,9.3700,1.2349,2.9310,1.7100,4.4334,3.8587,0.6248,0.1234,0.1062,4194816.7844,4083536.6844,1720467.0847,19925379.7259,19396799.2509,4.5200,4.5200,0.4892,0.4892,4.8924,9.8376
2022-03-16,4.8100,4.8700,4.6700,4.8700,0.1200,2.5300,3745122.5400,1787068.0310,4.2300,9.6100,0.9171,2.1768,1.1400,4.5454,3.9562,0.6406,0.1265,0.1089,4194816.7844,4083536.6844,1720467.0847,20428757.7400,19886823.6530,4.4086,4.4086,0.5198,0.5198,5.1975,10.4511
2022-03-17,4.9300,5.0000,4.8900,4.9300,0.0600,1.2300,2794406.2700,1383547.7000,4.2900,9.7300,0.6843,1.6242,0.8300,4.6014,4.0049,0.6485,0.1281,0.1102,4194816.7844,4083536.6844,1720467.0847,20680446.7471,20131835.8541,4.3550,4.3550,0.5071,0.5071,5.0710,10.1968
2022-03-18,4.9000,5.0700,4.8900,4.9800,0.0500,1.0100,3925791.2300,1958872.3160,4.3300,9.8300,0.9614,2.2818,1.1500,4.6480,4.0455,0.6551,0.1293,0.1114,4194816.7844,4083536.6844,1720467.0847,20890187.5863,20336012.6883,4.3112,4.3112,0.5102,0.5102,5.1020,10.2592
2022-03-21,5.0300,5.0300,4.9000,4.9300,-0.0500,-1.0000,2296643.4800,1136998.7220,4.2900,9.7300,0.5624,1.3349,0.6500,4.6014,4.0049,0.6485,0.1281,0.1102,4194816.7844,4083536.6844,1720467.0847,20680446.7471,20131835.8541,4.3550,4.3550,0.4970,0.4970,4.9702,9.9940
2022-03-22,4.9400,5.0900,4.9000,5.0600,0.1300,2.6400,2840247.0100,1425185.8380,4.4000,9.9800,0.6955,1.6509,0.8000,4.7227,4.1105,0.6656,0.1314,0.1131,4194816.7844,4083536.6844,1720467.0847,21225772.9291,20662695.6231,4.2431,4.2431,0.5061,0.5061,5.0607,10.1761
2022-03-23,5.1000,5.3400,5.0600,5.2600,0.2000,3.9500,4768029.7600,2476082.9750,4.5700,10.3800,1.1676,2.7714,1.5300,4.9094,4.2730,0.6919,0.1366,0.1176,4194816.7844,4083536.6844,1720467.0847,22064736.2859,21479402.9599,4.0817,4.0817,0.4902,0.4902,4.9020,9.8569
2022-03-24,5.2100,5.3800,5.2000,5.2700,0.0100,0.1900,2656634.8500,1406959.2620,4.5800,10.4000,0.6506,1.5441,0.8000,4.9187,4.2811,0.6932,0.1369,0.1178,4194816.7844,4083536.6844,1720467.0847,22106684.4538,21520238.3268,4.0740,4.0740,0.4798,0.4798,4.7985,9.6488
2022-03-25,5.2500,5.3200,5.1600,5.2600,-0.0100,-0.1900,2853022.0700,1499110.8260,4.5700,10.3800,0.6987,1.6583,0.8700,4.9094,4.2730,0.6919,0.1366,0.1176,4194816.7844,4083536.6844,1720467.0847,22064736.2859,21479402.9599,4.0817,4.0817,0.4762,0.4762,4.7619,9.5752
2022-03-28,5.2200,5.3900,5.2000,5.3400,0.0800,1.5200,3006446.5000,1599489.1730,4.6400,10.5400,0.7362,1.7475,0.9800,4.9840,4.3380,0.7024,0.1387,0.1194,4194816.7844,4083536.6844,1720467.0847,22400321.6287,21806085.8947,4.0206,4.0206,0.4789,0.4789,4.7893,9.6303
2022-03-29,5.3400,5.3500,5.2400,5.3000,-0.0400,-0.7500,2151277.2800,1138826.9850,4.6100,10.4600,0.5268,1.2504,0.6700,4.9467,4.3055,0.6972,0.1377,0.1185,4194816.7844,4083536.6844,1720467.0847,22232528.9573,21642744.4273,4.0509,4.0509,0.4682,0.4682,4.6816,9.4139
2022-03-30,5.3200,5.4800,5.2700,5.4400,0.1400,2.6400,3609195.3600,1947123.8010,4.7300,10.7300,0.8838,2.0978,1.1700,5.0774,4.4192,0.7156,0.1413,0.1216,4194816.7844,4083536.6844,1720467.0847,22819803.3071,22214439.5631,3.9467,3.9467,0.4699,0.4699,4.6992,9.4492
2022-03-31,5.4500,5.5500,5.4200,5.4400,0.0000,0.0000,3422677.0400,1875079.0760,4.7300,10.7300,0.8382,1.9894,1.2000,5.0774,4.4192,0.7156,0.1413,0.1216,4194816.7844,4083536.6844,1720467.0847,22819803.3071,22214439.5631,3.9467,3.9467,0.4587,0.4587,4.5872,9.2239
2022-04-01,5.4000,5.5400,5.3900,5.5100,0.0700,1.2900,3390237.6100,1852440.2610,4.7900,10.8700,0.8302,1.9705,1.1300,5.1427,4.4761,0.7248,0.1431,0.1232,4194816.7844,4083536.6844,1720467.0847,23113440.4820,22500287.1310,3.8966,3.8966,0.4630,0.4630,4.6296,9.3093
2022-04-06,5.5600,6.0300,5.5400,5.9700,0.4600,8.3500,9455066.8900,5474500.5980,5.1900,11.7800,2.3154,5.4956,3.0300,5.5720,4.8498,0.7853,0.1551,0.1335,4194816.7844,4083536.6844,1720467.0847,25043056.2029,24378714.0059,3.5963,3.5963,0.4496,0.4496,4.4964,9.0414
2022-04-07,5.9600,6.0500,5.8300,5.9000,-0.0700,-1.1700,5488493.5800,3264829.1440,5.1300,11.6400,1.3441,3.1901,1.2500,5.5067,4.7929,0.7761,0.1532,0.1319,4194816.7844,4083536.6844,1720467.0847,24749419.0280,24092866.4380,3.6390,3.6390,0.4195,0.4195,4.1946,8.4346
2022-04-08,5.9800,6.2200,5.9100,6.1200,0.2200,3.7300,7327910.3100,4440785.7900,5.3200,12.0700,1.7945,4.2593,1.4400,5.7120,4.9716,0.8051,0.1590,0.1368,4194816.7844,4083536.6844,1720467.0847,25672278.7205,24991244.5085,3.5082,3.5082,0.4181,0.4181,4.1806,8.4064
2022-04-11,6.1100,6.2300,6.0000,6.0700,-0.0500,-0.8200,5555097.7700,3384438.9710,5.2800,11.9800,1.3604,3.2288,0.9500,5.6654,4.9310,0.7985,0.1577,0.1357,4194816.7844,4083536.6844,1720467.0847,25462537.8813,24787067.6743,3.5371,3.5371,0.4092,0.4092,4.0917,8.2275
2022-04-12,6.0100,6.1100,5.9100,5.9300,-0.1400,-2.3100,4370221.9800,2621162.4270,5.1600,11.7000,1.0702,2.5401,0.7000,5.5347,4.8173,0.7801,0.1540,0.1326,4194816.7844,4083536.6844,1720467.0847,24875263.5315,24215372.5385,3.6206,3.6206,0.4160,0.4160,4.1597,8.3644
2022-04-13,5.9300,6.0800,5.8400,5.9300,0.0000,0.0000,3439435.4000,2050083.7280,5.1600,11.7000,0.8423,1.9991,0.5300,5.5347,4.8173,0.7801,0.1540,0.1326,4194816.7844,4083536.6844,1720467.0847,24875263.5315,24215372.5385,3.6206,3.6206,0.4216,0.4216,4.2159,8.4772
2022-04-14,5.9500,6.1000,5.8500,6.0100,0.0800,1.3500,3241716.3500,1935550.7290,5.2300,11.8600,0.7939,1.8842,0.6200,5.6084,4.8814,0.7905,0.1561,0.1344,4194085.8844,4083536.6844,1720467.0847,25206456.1652,24542055.4732,3.5730,3.5730,0.4202,0.4202,4.2017,8.4487
2022-04-15,6.0100,6.2400,5.9800,6.0400,0.0300,0.5000,3833250.1900,2334926.7470,5.2500,11.9200,0.9387,2.2280,0.8000,5.6364,4.9058,0.7944,0.1569,0.1350,4194085.8844,4083536.6844,1720467.0847,25332278.7418,24664561.5738,3.5553,3.5553,0.4160,0.4160,4.1597,8.3644
2022-04-18,6.0500,6.2300,5.9000,5.9400,-0.1000,-1.6600,4141071.8400,2506492.4370,5.1600,11.7200,1.0141,2.4069,1.0100,4.8461,4.8461,0.7462,0.1317,0.1317,4194085.8844,4083536.6844,1720467.0847,24912870.1533,24256207.9053,3.6151,3.6151,0.4132,0.4132,4.1322,8.3091
2022-04-19,5.9300,6.1000,5.8700,6.0900,0.1500,2.5300,3338471.7900,2004471.2490,5.3000,12.0200,0.8175,1.9404,0.8800,4.9685,4.9685,0.7650,0.1350,0.1350,4194085.8844,4083536.6844,1720467.0847,25541983.0360,24868738.4080,3.5261,3.5261,0.4216,0.4216,4.2159,8.4772
2022-04-20,6.1100,6.1100,5.8000,5.8600,-0.2300,-3.7800,4158451.3400,2452502.5610,5.1000,11.5600,1.0183,2.4170,1.1600,4.7809,4.7809,0.7361,0.1299,0.1299,4194085.8844,4083536.6844,1720467.0847,24577343.2826,23929524.9706,3.6645,3.6645,0.4092,0.4092,4.0917,8.2275
2022-04-21,5.8000,5.9200,5.7400,5.7800,-0.0800,-1.3700,2545957.8100,1481344.3260,5.0300,11.4000,0.6235,1.4798,0.6800,4.7156,4.7156,0.7261,0.1282,0.1282,4194085.8844,4083536.6844,1720467.0847,24241816.4118,23602842.0358,3.7152,3.7152,0.4310,0.4310,4.3103,8.6672
2022-04-22,5.7400,5.9500,5.7200,5.8900,0.1100,1.9000,2836386.1600,1663793.1160,5.1200,11.6200,0.6946,1.6486,0.7900,4.8053,4.8053,0.7399,0.1306,0.1306,4194085.8844,4083536.6844,1720467.0847,24703165.8591,24052031.0711,3.6458,3.6458,0.4355,0.4355,4.3554,8.7578
2022-04-25,5.8000,5.9700,5.6700,5.6700,-0.2200,-3.7400,3518013.2500,2048773.5530,4.9300,11.1900,0.8615,2.0448,1.0300,4.6259,4.6259,0.7123,0.1257,0.1257,4194085.8844,4083536.6844,1720467.0847,23780466.9645,23153653.0005,3.7873,3.7873,0.4310,0.4310,4.3103,8.6672
2022-04-26,5.6500,5.9800,5.6500,5.8500,0.1800,3.1700,4147096.9000,2418255.4860,5.0900,11.5400,1.0156,2.4104,1.2600,4.7727,4.7727,0.7349,0.1297,0.1297,4194085.8844,4083536.6844,1720467.0847,24535402.4237,23888689.6037,3.6707,3.6707,0.4425,0.4425,4.4248,8.8973
2022-04-27,6.0000,6.0800,5.7400,5.9300,0.0800,1.3700,5154512.4100,3054059.3830,5.1600,11.7000,1.2623,2.9960,1.5000,4.8380,4.8380,0.7449,0.1315,0.1315,4194085.8844,4083536.6844,1720467.0847,24870929.2945,24215372.5385,3.6212,3.6212,0.4167,0.4167,4.1667,8.3783
2022-04-28,5.8800,6.1900,5.8600,6.1800,0.2500,4.2200,5148012.9500,3135787.1780,5.3700,12.1900,1.2607,2.9922,1.4100,5.0419,5.0419,0.7763,0.1370,0.1370,4194085.8844,4083536.6844,1720467.0847,25919450.7656,25236256.7096,3.4747,3.4747,0.4252,0.4252,4.2517,8.5493
2022-04-29,6.1600,6.3000,6.0200,6.2800,0.1000,1.6200,5223922.2000,3231186.4840,5.4600,12.3900,1.2793,3.0363,1.2600,5.1235,5.1235,0.7889,0.1393,0.1393,4194085.8844,4083536.6844,1720467.0847,26338859.3540,25644610.3780,3.4194,3.4194,0.4058,0.4058,4.0584,8.1607
2022-05-05,6.2900,6.4000,6.1500,6.1900,-0.0900,-1.4300,3950225.7500,2457361.1030,5.3800,12.2100,0.9674,2.2960,0.8500,5.0501,4.8693,0.7481,0.1373,0.1316,4194085.8844,4083536.6844,1720467.0847,25961391.6244,25277092.0764,3.4691,3.4691,0.3975,0.3975,3.9746,7.9921
2022-05-06,6.0500,6.0900,5.8700,5.9700,-0.2200,-3.5500,3112917.4000,1862892.1500,5.1900,11.7800,0.7623,1.8093,0.6600,4.8706,4.6963,0.7215,0.1324,0.1270,4194085.8844,4083536.6844,1720467.0847,25038692.7299,24378714.0059,3.5969,3.5969,0.4132,0.4132,4.1322,8.3091
2022-05-09,5.9600,6.0500,5.8300,5.9100,-0.0600,-1.0100,2234132.4600,1320278.8980,5.1400,11.6600,0.5471,1.2986,0.4900,4.8217,4.6491,0.7143,0.1311,0.1257,4194085.8844,4083536.6844,1720467.0847,24787047.5768,24133701.8048,3.6335,3.6335,0.4195,0.4195,4.1946,8.4346
2022-05-10,5.8600,6.0600,5.7700,6.0400,0.1300,2.2000,3405446.4000,2025449.7930,5.2500,11.9200,0.8339,1.9794,0.8700,4.9277,4.7513,0.7300,0.1339,0.1285,4194085.8844,4083536.6844,1720467.0847,25332278.7418,24664561.5738,3.5553,3.5553,0.4266,0.4266,4.2662,8.5785
2022-05-11,6.0300,6.0400,5.8300,5.8500,-0.1900,-3.1500,3964876.1400,2332869.2080,5.0900,11.5400,0.9709,2.3045,1.1100,4.7727,4.6019,0.7070,0.1297,0.1244,4194085.8844,4083536.6844,1720467.0847,24535402.4237,23888689.6037,3.6707,3.6707,0.4146,0.4146,4.1459,8.3367
2022-05-12,5.8200,5.8900,5.7000,5.7700,-0.0800,-1.3700,2599425.3300,1503598.6380,5.0200,11.3800,0.6366,1.5109,0.7800,4.7074,4.5389,0.6974,0.1280,0.1227,4194085.8844,4083536.6844,1720467.0847,24199875.5530,23562006.6690,3.7216,3.7216,0.4296,0.4296,4.2955,8.6375
2022-05-13,5.7800,5.9000,5.7400,5.8700,0.1000,1.7300,2554526.6600,1490342.3070,5.1000,11.5800,0.6256,1.4848,0.8300,4.7890,4.6176,0.7095,0.1302,0.1248,4194085.8844,4083536.6844,1720467.0847,24619284.1414,23970360.3374,3.6582,3.6582,0.4325,0.4325,4.3253,8.6972
2022-05-16,5.9500,6.0100,5.8100,5.9800,0.1100,1.8700,2775347.2200,1643694.1990,5.2000,11.8000,0.6796,1.6131,0.9400,4.8788,4.7041,0.7227,0.1326,0.1272,4194085.8844,4083536.6844,1720467.0847,25080633.5887,24419549.3727,3.5909,3.5909,0.4202,0.4202,4.2017,8.4487
2022-05-17,5.9500,5.9800,5.8400,5.8800,-0.1000,-1.6700,2110607.6800,1242802.7070,5.1100,11.6000,0.5169,1.2268,0.6900,4.7972,4.6255,0.7107,0.1304,0.1251,4194085.8844,4083536.6844,1720467.0847,24661225.0003,24011195.7043,3.6520,3.6520,0.4202,0.4202,4.2017,8.4487
2022-05-18,5.8600,5.8700,5.7300,5.8000,-0.0800,-1.3600,1914530.6700,1109946.6510,5.0400,11.4400,0.4688,1.1128,0.6800,4.7319,4.5625,0.7010,0.1286,0.1234,4194085.8844,4083536.6844,1720467.0847,24325698.1295,23684512.7695,3.7024,3.7024,0.4266,0.4266,4.2662,8.5785
2022-05-19,5.7300,5.9200,5.7100,5.8900,0.0900,1.5500,2110746.6500,1229693.5250,5.1200,11.6200,0.5169,1.2268,0.8800,4.8053,4.6333,0.7119,0.1306,0.1253,4194085.8844,4083536.6844,1720467.0847,24703165.8591,24052031.0711,3.6458,3.6458,0.4363,0.4363,4.3630,8.7731
2022-05-20,5.8800,5.9600,5.8300,5.9100,0.0200,0.3400,2319347.9500,1369686.4060,5.1400,11.6600,0.5680,1.3481,1.0100,4.8217,4.6491,0.7143,0.1311,0.1257,4194085.8844,4083536.6844,1720467.0847,24787047.5768,24133701.8048,3.6335,3.6335,0.4252,0.4252,4.2517,8.5493
2022-05-23,5.8800,5.9000,5.7100,5.7200,-0.1900,-3.2100,2887598.1100,1662400.6550,4.9700,11.2900,0.7071,1.6784,1.2900,4.6667,4.4996,0.6913,0.1268,0.1217,4194085.8844,4083536.6844,1720467.0847,23990171.2588,23357829.8348,3.7542,3.7542,0.4252,0.4252,4.2517,8.5493
2022-05-24,5.7300,5.7400,5.5700,5.6000,-0.1200,-2.1000,2585779.9600,1459092.2090,4.8700,11.0500,0.6332,1.5030,1.1400,4.5688,4.4052,0.6768,0.1242,0.1191,4194085.8844,4083536.6844,1720467.0847,23486880.9526,22867805.4326,3.8346,3.8346,0.4363,0.4363,4.3630,8.7731
2022-05-25,5.6300,5.6600,5.6000,5.6500,0.0500,0.8900,1892788.8000,1064739.4460,4.9100,11.1500,0.4635,1.1002,0.8000,4.6095,4.4445,0.6829,0.1253,0.1202,4194085.8844,4083536.6844,1720467.0847,23696585.2469,23071982.2669,3.8007,3.8007,0.4440,0.4440,4.4405,8.9290
2022-05-26,5.6700,5.7600,5.6600,5.6900,0.0400,0.7100,2167719.5800,1239290.8710,4.9500,11.2300,0.5308,1.2600,0.9200,4.6422,4.4760,0.6877,0.1262,0.1210,4194085.8844,4083536.6844,1720467.0847,23864348.6822,23235323.7342,3.7739,3.7739,0.4409,0.4409,4.4092,8.8660
2022-05-27,5.7100,5.7300,5.5900,5.6400,-0.0500,-0.8800,2597449.9100,1461518.3160,4.9000,11.1300,0.6361,1.5097,1.1000,4.6014,4.4367,0.6817,0.1251,0.1199,4194085.8844,4083536.6844,1720467.0847,23654644.3880,23031146.9000,3.8074,3.8074,0.4378,0.4378,4.3783,8.8039
2022-05-30,5.6500,5.7000,5.4800,5.5200,-0.1200,-2.1300,2830223.5400,1571872.4870,4.8000,10.8900,0.6931,1.6450,1.1700,4.5035,4.3423,0.6672,0.1224,0.1174,4194085.8844,4083536.6844,1720467.0847,23151354.0819,22541122.4979,3.8902,3.8902,0.4425,0.4425,4.4248,8.8973
2022-05-31,5.5100,5.5500,5.4500,5.5100,-0.0100,-0.1800,2723052.5500,1495064.7460,4.7900,10.8700,0.6668,1.5827,1.1300,4.4953,4.3344,0.6659,0.1222,0.1172,4194085.8844,4083536.6844,1720467.0847,23109413.2230,22500287.1310,3.8972,3.8972,0.4537,0.4537,4.5372,9.1234
2022-06-01,5.5000,5.5400,5.4500,5.5200,0.0100,0.1800,2191050.4800,1203728.9780,4.8000,10.8900,0.5366,1.2735,0.9000,4.5035,4.3423,0.6672,0.1224,0.1174,4194085.8844,4083536.6844,1720467.0847,23151354.0819,22541122.4979,3.8902,3.8902,0.4545,0.4545,4.5455,9.1400
2022-06-02,5.5200,5.5500,5.4200,5.4500,-0.0700,-1.2700,2074876.2600,1134593.4790,4.7400,10.7500,0.5081,1.2060,0.8300,4.4464,4.2872,0.6587,0.1209,0.1159,4194085.8844,4083536.6844,1720467.0847,22857768.0700,22255274.9300,3.9401,3.9401,0.4529,0.4529,4.5290,9.1069
2022-06-06,5.4500,5.4500,5.2700,5.3100,-0.1400,-2.5700,5102267.4500,2707883.2680,4.6200,10.4800,1.2495,2.9656,2.0500,4.3322,4.1771,0.6418,0.1178,0.1129,4194085.8844,4083536.6844,1720467.0847,22270596.0462,21683579.7942,4.0440,4.0440,0.4587,0.4587,4.5872,9.2239
2022-06-07,5.2800,5.4300,5.2700,5.3800,0.0700,1.3200,4293561.4600,2310154.5530,4.6800,10.6100,1.0514,2.4956,1.4400,4.3893,4.2321,0.6502,0.1193,0.1144,4194085.8844,4083536.6844,1720467.0847,22564182.0581,21969427.3621,3.9914,3.9914,0.4735,0.4735,4.7348,9.5208
2022-06-08,5.4100,5.4200,5.3100,5.3600,-0.0200,-0.3700,2286431.8000,1225766.1180,4.6600,10.5800,0.5599,1.3290,0.7000,4.3729,4.2164,0.6478,0.1189,0.1140,4194085.8844,4083536.6844,1720467.0847,22480300.3404,21887756.6284,4.0063,4.0063,0.4621,0.4621,4.6211,9.2921
2022-06-09,5.3600,5.4900,5.3400,5.4600,0.1000,1.8700,3426466.2600,1866729.7090,4.7500,10.7700,0.8391,1.9916,1.0700,4.4545,4.2951,0.6599,0.1211,0.1161,4194085.8844,4083536.6844,1720467.0847,22899708.9288,22296110.2968,3.9329,3.9329,0.4664,0.4664,4.6642,9.3787
2022-06-10,5.4300,5.4900,5.3700,5.4800,0.0200,0.3700,3065196.9200,1664445.2810,4.7600,10.8100,0.7506,1.7816,0.8900,4.4708,4.3108,0.6623,0.1215,0.1165,4194085.8844,4083536.6844,1720467.0847,22983590.6465,22377781.0305,3.9186,3.9186,0.4604,0.4604,4.6041,9.2578
2022-06-13,5.4900,5.4900,5.2700,5.3200,-0.1600,-2.9200,3323410.5400,1775134.3130,4.6300,10.5000,0.8139,1.9317,0.9100,4.3403,4.1849,0.6430,0.1180,0.1131,4194085.8844,4083536.6844,1720467.0847,22312536.9050,21724415.1610,4.0364,4.0364,0.4554,0.4554,4.5537,9.1566
2022-06-14,5.2600,5.3800,5.2500,5.3800,0.0600,1.1300,2178015.7000,1159757.7960,4.6800,10.6100,0.5334,1.2659,0.6600,4.3893,4.2321,0.6502,0.1193,0.1144,4194085.8844,4083536.6844,1720467.0847,22564182.0581,21969427.3621,3.9914,3.9914,0.4753,0.4753,4.7529,9.5570
2022-06-15,5.3700,5.6100,5.3300,5.5300,0.1500,2.7900,4528737.4000,2506430.3050,4.8100,10.9100,1.1090,2.6323,1.5900,4.5116,4.3501,0.6684,0.1226,0.1176,4194085.8844,4083536.6844,1720467.0847,23193294.9407,22581957.8647,3.8831,3.8831,0.4655,0.4655,4.6555,9.3613
2022-06-16,5.5600,5.6000,5.4400,5.4500,-0.0800,-1.4500,2291301.3000,1259939.8060,4.7400,10.7500,0.5611,1.3318,0.6900,4.4464,4.2872,0.6587,0.1209,0.1159,4194085.8844,4083536.6844,1720467.0847,22857768.0700,22255274.9300,3.9401,3.9401,0.4496,0.4496,4.4964,9.0414
2022-06-17,5.4100,5.4600,5.3800,5.4300,-0.0200,-0.3700,1702978.8800,923292.4960,4.7200,10.7100,0.4170,0.9898,0.5500,4.4301,4.2715,0.6563,0.1204,0.1155,4194085.8844,4083536.6844,1720467.0847,22773886.3523,22173604.1963,3.9546,3.9546,0.4621,0.4621,4.6211,9.2921
2022-06-20,5.4400,5.5100,5.4100,5.4800,0.0500,0.9200,2402802.1300,1312801.2440,4.7600,10.8100,0.5884,1.3966,0.8600,4.4708,4.3108,0.6623,0.1215,0.1165,4194085.8844,4083536.6844,1720467.0847,22983590.6465,22377781.0305,3.9186,3.9186,0.4596,0.4596,4.5956,9.2408
2022-06-21,5.4900,5.6300,5.4600,5.5400,0.0600,1.0900,2926514.2000,1627724.9280,4.8200,10.9300,0.7167,1.7010,1.1200,4.5198,4.3580,0.6696,0.1229,0.1178,4194085.8844,4083536.6844,1720467.0847,23235235.7996,22622793.2316,3.8761,3.8761,0.4554,0.4554,4.5537,9.1566
2022-06-22,5.5400,5.5500,5.4200,5.4300,-0.1100,-1.9900,1822766.1600,996586.1940,4.7200,10.7100,0.4464,1.0595,0.6600,4.4301,4.2715,0.6563,0.1204,0.1155,4194085.8844,4083536.6844,1720467.0847,22773886.3523,22173604.1963,3.9546,3.9546,0.4513,0.4513,4.5126,9.0740
2022-06-23,5.4500,5.5200,5.4100,5.5200,0.0900,1.6600,2074611.7000,1138463.1930,4.8000,10.8900,0.5080,1.2058,0.9300,4.5035,4.3423,0.6672,0.1224,0.1174,4194085.8844,4083536.6844,1720467.0847,23151354.0819,22541122.4979,3.8902,3.8902,0.4587,0.4587,4.5872,9.2239
2022-06-24,5.5300,5.5400,5.3800,5.4300,-0.0900,-1.6300,2433921.3700,1325020.3940,4.7200,10.7100,0.5960,1.4147,1.1100,4.4301,4.2715,0.6563,0.1204,0.1155,4194085.8844,4083536.6844,1720467.0847,22773886.3523,22173604.1963,3.9546,3.9546,0.4521,0.4521,4.5208,9.0904
2022-06-27,5.4300,5.4700,5.4000,5.4200,-0.0100,-0.1800,2333882.5800,1269316.4220,4.7100,10.6900,0.5715,1.3565,1.0000,4.4219,4.2636,0.6551,0.1202,0.1153,4194085.8844,4083536.6844,1720467.0847,22731945.4934,22132768.8294,3.9619,3.9619,0.4604,0.4604,4.6041,9.2578
2022-06-28,5.4200,5.4600,5.3700,5.4100,-0.0100,-0.1800,2617047.6100,1412411.3580,4.7000,10.6700,0.6409,1.5211,1.1300,4.4137,4.2557,0.6539,0.1200,0.1151,4194085.8844,4083536.6844,1720467.0847,22690004.6346,22091933.4626,3.9693,3.9693,0.4613,0.4613,4.6125,9.2749
2022-06-29,5.4100,5.5900,5.3900,5.5300,0.1200,2.2200,4287068.0300,2366519.0050,4.8100,10.9100,1.0498,2.4918,1.9000,4.5116,4.3501,0.6684,0.1226,0.1176,4194085.8844,4083536.6844,1720467.0847,23193294.9407,22581957.8647,3.8831,3.8831,0.4621,0.4621,4.6211,9.2921
2022-06-30,5.3000,5.3700,5.2600,5.3200,-0.2100,-3.8000,2352059.2100,1249427.9650,4.8400,10.9900,0.5760,1.3671,0.8600,4.3403,4.1849,0.6630,0.1180,0.1131,4194085.8844,4083536.6844,1720467.0847,22312536.9050,21724415.1610,4.0364,4.6992,0.4717,0.4717,4.7170,9.4849
2022-07-01,5.3600,5.5500,5.3600,5.4700,0.1500,2.8200,3031795.3900,1661288.8520,4.9800,11.3000,0.7424,1.7622,1.0800,4.4627,4.3029,0.6817,0.1213,0.1163,4194085.8844,4083536.6844,1720467.0847,22941649.7877,22336945.6637,3.9257,4.5704,0.4664,0.4664,4.6642,9.3787
2022-07-04,5.4500,5.4700,5.3700,5.4100,-0.0600,-1.1000,1894191.2200,1024294.8780,4.9300,11.1800,0.4639,1.1010,0.6500,4.4137,4.2557,0.6742,0.1200,0.1151,4194085.8844,4083536.6844,1720467.0847,22690004.6346,22091933.4626,3.9693,4.6211,0.4587,0.4587,4.5872,9.2239
2022-07-05,5.4300,5.4700,5.3800,5.4300,0.0200,0.3700,1757468.1400,953058.6950,4.9400,11.2200,0.4304,1.0215,0.6200,4.4301,4.2715,0.6767,0.1204,0.1155,4194085.8844,4083536.6844,1720467.0847,22773886.3523,22173604.1963,3.9546,4.6041,0.4604,0.4604,4.6041,9.2578
2022-07-06,5.4100,5.4100,5.2900,5.3500,-0.0800,-1.4700,2022086.9300,1078769.7740,4.8700,11.0600,0.4952,1.1753,0.7600,4.3648,4.2085,0.6668,0.1186,0.1138,4194085.8844,4083536.6844,1720467.0847,22438359.4815,21846921.2615,4.0138,4.6729,0.4621,0.4621,4.6211,9.2921
2022-07-07,5.3200,5.3500,5.3000,5.3100,-0.0400,-0.7500,1361033.7900,723897.1780,4.8400,10.9700,0.3333,0.7911,0.6200,4.3322,4.1771,0.6618,0.1178,0.1129,4194085.8844,4083536.6844,1720467.0847,22270596.0462,21683579.7942,4.0440,4.7081,0.4699,0.4699,4.6992,9.4492
2022-07-08,5.3400,5.4300,5.3100,5.3900,0.0800,1.5100,1600803.2700,861252.4920,4.9100,11.1400,0.3920,0.9304,0.8000,4.3974,4.2400,0.6717,0.1195,0.1146,4194085.8844,4083536.6844,1720467.0847,22606122.9169,22010262.7289,3.9840,4.6382,0.4682,0.4682,4.6816,9.4139
2022-07-11,5.3800,5.4900,5.3600,5.4500,0.0600,1.1100,1857469.6400,1009486.0630,4.9600,11.2600,0.4549,1.0796,1.0800,4.4464,4.2872,0.6792,0.1209,0.1159,4194085.8844,4083536.6844,1720467.0847,22857768.0700,22255274.9300,3.9401,4.5872,0.4647,0.4647,4.6468,9.3439
2022-07-12,5.4600,5.6300,5.4500,5.5700,0.1200,2.2000,2741430.0300,1529930.9970,5.0700,11.5100,0.6713,1.5934,1.5900,4.5443,4.3816,0.6942,0.1235,0.1185,4194085.8844,4083536.6844,1720467.0847,23361058.3761,22745299.3321,3.8552,4.4883,0.4579,0.4579,4.5788,9.2070
2022-07-13,5.6200,5.7500,5.5500,5.5600,-0.0100,-0.1800,3427631.2700,1932675.4230,5.0600,11.4900,0.8394,1.9923,1.7900,4.5361,4.3737,0.6929,0.1233,0.1182,4194085.8844,4083536.6844,1720467.0847,23319117.5173,22704463.9653,3.8622,4.4964,0.4448,0.4448,4.4484,8.9448
2022-07-14,5.6100,5.6100,5.3900,5.4400,-0.1200,-2.1600,2692389.5600,1468031.1270,4.9500,11.2400,0.6593,1.5649,1.2300,4.4382,4.2793,0.6780,0.1206,0.1157,4194085.8844,4083536.6844,1720467.0847,22815827.2111,22214439.5631,3.9474,4.5956,0.4456,0.4456,4.4563,8.9608
2022-07-15,5.4600,5.5000,5.2800,5.2800,-0.1600,-2.9400,3066720.1500,1646852.5120,4.8100,10.9100,0.7510,1.7825,1.2400,4.3077,4.1535,0.6580,0.1171,0.1123,4194085.8844,4083536.6844,1720467.0847,22144773.4696,21561073.6936,4.0670,4.7348,0.4579,0.4579,4.5788,9.2070
2022-07-18,5.3000,5.3800,5.2800,5.3500,0.0700,1.3300,1461793.2300,780229.6060,4.8700,11.0600,0.3580,0.8496,0.5300,4.3648,4.2085,0.6668,0.1186,0.1138,4194085.8844,4083536.6844,1720467.0847,22438359.4815,21846921.2615,4.0138,4.6729,0.4717,0.4717,4.7170,9.4849
2022-07-19,5.3600,5.3900,5.3000,5.3600,0.0100,0.1900,1292889.6800,691241.4440,4.8800,11.0800,0.3166,0.7515,0.4800,4.3729,4.2164,0.6680,0.1189,0.1140,4194085.8844,4083536.6844,1720467.0847,22480300.3404,21887756.6284,4.0063,4.6642,0.4664,0.4664,4.6642,9.3787
2022-07-20,5.3900,5.3900,5.3100,5.3300,-0.0300,-0.5600,1172062.3900,625323.0940,4.8500,11.0100,0.2870,0.6812,0.4900,4.3485,4.1928,0.6643,0.1182,0.1134,4194085.8844,4083536.6844,1720467.0847,22354477.7639,21765250.5279,4.0288,4.6904,0.4638,0.4638,4.6382,9.3265
2022-07-21,5.3200,5.3200,5.1400,5.1500,-0.1800,-3.3800,3156606.1800,1640779.3310,4.6900,10.6400,0.7730,1.8347,1.6300,4.2016,4.0512,0.6418,0.1142,0.1095,4194085.8844,4083536.6844,1720467.0847,21599542.3047,21030213.9247,4.1697,4.8544,0.4699,0.4699,4.6992,9.4492
2022-07-22,5.1600,5.1900,5.0700,5.1100,-0.0400,-0.7800,1913330.5400,981403.3610,4.6500,10.5600,0.4685,1.1121,0.9400,4.1690,4.0198,0.6368,0.1133,0.1087,4194085.8844,4083536.6844,1720467.0847,21431778.8693,20866872.4573,4.2023,4.8924,0.4845,0.4845,4.8450,9.7422
2022-07-25,5.1100,5.1800,5.0700,5.1300,0.0200,0.3900,1329952.2300,683469.0180,4.6700,10.6000,0.3257,0.7730,0.7400,4.1853,4.0355,0.6393,0.1138,0.1091,4194085.8844,4083536.6844,1720467.0847,21515660.5870,20948543.1910,4.1859,4.8733,0.4892,0.4892,4.8924,9.8376
2022-07-26,5.1300,5.2700,5.1100,5.2400,0.1100,2.1400,1762682.9100,920468.6390,4.7700,10.8300,0.4317,1.0245,0.9900,4.2750,4.1220,0.6530,0.1162,0.1114,4194085.8844,4083536.6844,1720467.0847,21977010.0343,21397732.2263,4.0980,4.7710,0.4873,0.4873,4.8733,9.7992
2022-07-27,5.2400,5.2400,5.1200,5.1400,-0.1000,-1.9100,1532953.0100,790065.6740,4.6800,10.6200,0.3754,0.8910,0.8200,4.1935,4.0434,0.6406,0.1140,0.1093,4194085.8844,4083536.6844,1720467.0847,21557601.4458,20989378.5578,4.1778,4.8638,0.4771,0.4771,4.7710,9.5935
2022-07-28,5.1600,5.1700,5.1000,5.1200,-0.0200,-0.3900,1625233.6800,833098.0510,4.6600,10.5800,0.3980,0.9446,0.8400,4.1771,4.0276,0.6381,0.1135,0.1089,4194085.8844,4083536.6844,1720467.0847,21473719.7281,20907707.8241,4.1941,4.8828,0.4845,0.4845,4.8450,9.7422
2022-07-29,5.1200,5.1400,5.0300,5.0400,-0.0800,-1.5600,1975354.2300,1002285.4230,4.5900,10.4100,0.4837,1.1481,1.2100,4.1119,3.9647,0.6281,0.1118,0.1072,4194085.8844,4083536.6844,1720467.0847,21138192.8574,20581024.8894,4.2607,4.9603,0.4883,0.4883,4.8828,9.8184
2022-08-01,5.0300,5.0400,4.9800,5.0100,-0.0300,-0.6000,1637058.4400,819316.1500,4.5600,10.3500,0.4009,0.9515,1.0000,4.0874,3.9411,0.6244,0.1111,0.1066,4194085.8844,4083536.6844,1720467.0847,21012370.2808,20458518.7888,4.2862,4.9900,0.4970,0.4970,4.9702,9.9940
2022-08-02,4.9900,5.0000,4.8500,4.9200,-0.0900,-1.8000,2302876.0900,1127949.7520,4.4800,10.1700,0.5639,1.3385,1.3500,4.0134,3.8697,0.6131,0.1091,0.1046,4193443.2844,4083536.6844,1720467.0847,20631740.9592,20091000.4872,4.3653,5.0821,0.5010,0.5010,5.0100,10.0741
2022-08-03,4.9500,4.9600,4.8400,4.8400,-0.0800,-1.6300,1438843.8100,702244.1040,4.4100,10.0000,0.3524,0.8363,0.7900,3.9481,3.8068,0.6031,0.1073,0.1029,4193443.2844,4083536.6844,1720467.0847,20296265.4965,19764317.5525,4.4374,5.1661,0.5051,0.5051,5.0505,10.1556
2022-08-04,4.8600,4.8800,4.8200,4.8600,0.0200,0.4100,1120459.1100,543614.1050,4.4300,10.0400,0.2744,0.6513,0.6200,3.9644,3.8225,0.6056,0.1078,0.1033,4193443.2844,4083536.6844,1720467.0847,20380134.3622,19845988.2862,4.4191,5.1448,0.5144,0.5144,5.1440,10.3436
2022-08-05,4.8700,4.9200,4.8300,4.9100,0.0500,1.0300,1182421.6900,575998.3280,4.4700,10.1500,0.2896,0.6873,0.7000,4.0052,3.8618,0.6119,0.1089,0.1044,4193443.2844,4083536.6844,1720467.0847,20589806.5264,20050165.1204,4.3741,5.0924,0.5133,0.5133,5.1335,10.3224
2022-08-08,4.9000,4.9600,4.8700,4.8900,-0.0200,-0.4100,1164233.8300,570757.9420,4.4500,10.1000,0.2851,0.6767,0.7600,3.9889,3.8461,0.6094,0.1084,0.1040,4193443.2844,4083536.6844,1720467.0847,20505937.6607,19968494.3867,4.3920,5.1133,0.5102,0.5102,5.1020,10.2592
2022-08-09,4.8900,4.8900,4.8400,4.8500,-0.0400,-0.8200,1116804.8300,542733.8590,4.4200,10.0200,0.2735,0.6491,0.7700,3.9563,3.8146,0.6044,0.1075,0.1031,4193443.2844,4083536.6844,1720467.0847,20338199.9293,19805152.9193,4.4283,5.1554,0.5112,0.5112,5.1125,10.2802
2022-08-10,4.8500,4.8500,4.8000,4.8200,-0.0300,-0.6200,1090392.7300,525445.4340,4.3900,9.9600,0.2670,0.6338,0.9100,3.9318,3.7910,0.6006,0.1069,0.1025,4193443.2844,4083536.6844,1720467.0847,20212396.6308,19682646.8188,4.4558,5.1875,0.5155,0.5155,5.1546,10.3649
2022-08-11,4.8300,4.9000,4.8300,4.8800,0.0600,1.2400,1312478.8800,639480.2930,4.4400,10.0800,0.3214,0.7629,1.1600,3.9807,3.8382,0.6081,0.1082,0.1038,4193443.2844,4083536.6844,1720467.0847,20464003.2279,19927659.0199,4.4010,5.1237,0.5176,0.5176,5.1760,10.4079
2022-08-12,4.8800,4.9300,4.8600,4.9200,0.0400,0.8200,1048496.5200,513863.2450,4.4800,10.1700,0.2568,0.6094,0.8900,4.0134,3.8697,0.6131,0.1091,0.1046,4193443.2844,4083536.6844,1720467.0847,20631740.9592,20091000.4872,4.3653,5.0821,0.5123,0.5123,5.1230,10.3012
2022-08-15,4.9100,4.9600,4.8700,4.8800,-0.0400,-0.8100,1348462.3700,661513.7190,4.4400,10.0800,0.3302,0.7838,1.1800,3.9807,3.8382,0.6081,0.1082,0.1038,4193443.2844,4083536.6844,1720467.0847,20464003.2279,19927659.0199,4.4010,5.1237,0.5092,0.5092,5.0916,10.2383
2022-08-16,4.8900,4.9500,4.8800,4.9200,0.0400,0.8200,1146551.7500,564573.5640,4.4800,10.1700,0.2808,0.6664,0.9700,4.0134,3.8697,0.6131,0.1091,0.1046,4193443.2844,4083536.6844,1720467.0847,20631740.9592,20091000.4872,4.3653,5.0821,0.5112,0.5112,5.1125,10.2802
2022-08-17,4.9200,4.9800,4.8900,4.9800,0.0600,1.2200,1515002.9400,750720.5620,4.5300,10.2900,0.3710,0.8806,1.2700,4.0623,3.9169,0.6206,0.1104,0.1059,4193443.2844,4083536.6844,1720467.0847,20883347.5563,20336012.6883,4.3127,5.0208,0.5081,0.5081,5.0813,10.2175
2022-08-18,4.9800,4.9800,4.9000,4.9100,-0.0700,-1.4100,1028309.1400,506126.3300,4.4700,10.1500,0.2518,0.5977,0.8100,4.0052,3.8618,0.6119,0.1089,0.1044,4193443.2844,4083536.6844,1720467.0847,20589806.5264,20050165.1204,4.3741,5.0924,0.5020,0.5020,5.0201,10.0944
2022-08-19,4.9000,4.9900,4.9000,4.9500,0.0400,0.8100,1316452.6000,653126.4930,4.5100,10.2300,0.3224,0.7652,1.0800,4.0378,3.8933,0.6168,0.1098,0.1053,4193443.2844,4083536.6844,1720467.0847,20757544.2578,20213506.5878,4.3388,5.0513,0.5102,0.5102,5.1020,10.2592
2022-08-22,4.9500,5.0300,4.9400,5.0200,0.0700,1.4100,1527103.4500,763800.2190,4.5700,10.3700,0.3740,0.8876,1.2000,4.0949,3.9483,0.6256,0.1113,0.1067,4193443.2844,4083536.6844,1720467.0847,21051085.2877,20499354.1557,4.2783,4.9808,0.5051,0.5051,5.0505,10.1556
2022-08-23,5.0000,5.0100,4.9300,4.9800,-0.0400,-0.8000,975654.5400,484465.9400,4.5300,10.2900,0.2389,0.5671,0.7500,4.0623,3.9169,0.6206,0.1104,0.1059,4193443.2844,4083536.6844,1720467.0847,20883347.5563,20336012.6883,4.3127,5.0208,0.5000,0.5000,5.0000,10.0540
2022-08-24,4.9800,5.0200,4.9100,4.9200,-0.0600,-1.2000,1279848.9500,634530.3830,4.4800,10.1700,0.3134,0.7439,1.0100,4.0134,3.8697,0.6131,0.1091,0.1046,4193443.2844,4083536.6844,1720467.0847,20631740.9592,20091000.4872,4.3653,5.0821,0.5020,0.5020,5.0201,10.0944
2022-08-25,4.9400,5.0300,4.9300,5.0200,0.1000,2.0300,1666186.9200,832353.7370,4.5700,10.3700,0.4080,0.9685,1.3600,4.0949,3.9483,0.6256,0.1113,0.1067,4193443.2844,4083536.6844,1720467.0847,21051085.2877,20499354.1557,4.2783,4.9808,0.5061,0.5061,5.0607,10.1761
2022-08-26,5.0300,5.0300,4.9600,5.0100,-0.0100,-0.2000,1138631.7500,568734.1050,4.5600,10.3500,0.2788,0.6618,0.8400,4.0868,3.9405,0.6243,0.1111,0.1065,4193443.2844,4083536.6844,1720467.0847,21009150.8548,20458518.7888,4.2868,4.9908,0.4970,0.4970,4.9702,9.9940
2022-08-29,4.9600,5.0500,4.9300,5.0400,0.0300,0.6000,1425551.4000,712212.7900,4.5900,10.4100,0.3491,0.8286,1.0800,4.1112,3.9641,0.6281,0.1117,0.1072,4193443.2844,4083536.6844,1720467.0847,21134954.1534,20581024.8894,4.2613,4.9611,0.5040,0.5040,5.0403,10.1351
2022-08-30,5.0400,5.1200,5.0200,5.0700,0.0300,0.6000,1492913.7500,756985.5230,4.6200,10.4800,0.3656,0.8677,1.1500,4.1357,3.9177,0.6318,0.1124,0.1055,4193443.2844,4083536.6844,1720467.0847,21260757.4519,20703530.9899,4.2361,4.9317,0.4960,0.4960,4.9603,9.9742
2022-08-31,5.0800,5.1500,5.0500,5.1400,0.0700,1.3800,2282827.1100,1165542.1650,4.6800,10.6200,0.5590,1.3269,1.6300,4.1928,3.9718,0.6187,0.1140,0.1069,4193443.2844,4083536.6844,1720467.0847,21554298.4818,20989378.5578,4.1784,4.8646,0.4921,0.4921,4.9213,9.8957
2022-09-01,5.1100,5.2000,5.0900,5.1500,0.0100,0.1900,1870677.8400,965310.5260,4.6900,10.6400,0.4581,1.0873,1.1700,4.2010,3.9795,0.6199,0.1142,0.1072,4193443.2844,4083536.6844,1720467.0847,21596232.9147,21030213.9247,4.1703,4.8551,0.4892,0.4892,4.8924,9.8376
2022-09-02,5.1500,5.1600,5.0600,5.1100,-0.0400,-0.7800,1621188.4400,826949.3360,4.6500,10.5600,0.3970,0.9423,0.9900,4.1683,3.9486,0.6150,0.1133,0.1063,4193443.2844,4083536.6844,1720467.0847,21428495.1833,20866872.4573,4.2029,4.8931,0.4854,0.4854,4.8544,9.7612
2022-09-05,5.1000,5.1700,5.0800,5.1700,0.0600,1.1700,1382433.9700,709567.6360,4.7100,10.6800,0.3385,0.8035,0.8000,4.2173,3.9950,0.6223,0.1146,0.1076,4193443.2844,4083536.6844,1720467.0847,21680101.7803,21111884.6583,4.1542,4.8363,0.4902,0.4902,4.9020,9.8569
2022-09-06,5.1700,5.2500,5.1600,5.2400,0.0700,1.3500,2246605.1600,1173164.7340,4.7700,10.8300,0.5502,1.3058,1.3000,4.2744,4.0491,0.6307,0.1162,0.1090,4193443.2844,4083536.6844,1720467.0847,21973642.8103,21397732.2263,4.0987,4.7717,0.4836,0.4836,4.8356,9.7234
2022-09-07,5.2200,5.2500,5.1800,5.2300,-0.0100,-0.1900,1145293.2900,597327.3590,4.7600,10.8100,0.2805,0.6657,0.6100,4.2662,4.0414,0.6295,0.1160,0.1088,4193443.2844,4083536.6844,1720467.0847,21931708.3774,21356896.8594,4.1065,4.7808,0.4789,0.4789,4.7893,9.6303
2022-09-08,5.2400,5.2600,5.1700,5.2300,0.0000,0.0000,1160523.8100,605533.8120,4.7600,10.8100,0.2842,0.6745,0.7000,4.2662,4.0414,0.6295,0.1160,0.1088,4193443.2844,4083536.6844,1720467.0847,21931708.3774,21356896.8594,4.1065,4.7808,0.4771,0.4771,4.7710,9.5935
2022-09-09,5.2400,5.3800,5.2200,5.3600,0.1300,2.4900,2605177.1600,1388384.9420,4.8800,11.0800,0.6380,1.5142,1.7200,4.3723,4.1418,0.6451,0.1188,0.1115,4193443.2844,4083536.6844,1720467.0847,22476856.0044,21887756.6284,4.0069,4.6649,0.4771,0.4771,4.7710,9.5935
2022-09-13,5.3400,5.4100,5.3000,5.3200,-0.0400,-0.7500,1836291.3700,983427.7700,4.8400,10.9900,0.4497,1.0673,1.0800,4.3396,4.1109,0.6403,0.1180,0.1107,4193443.2844,4083536.6844,1720467.0847,22309118.2730,21724415.1610,4.0370,4.7000,0.4682,0.4682,4.6816,9.4139
2022-09-14,5.2800,5.3200,5.2400,5.2600,-0.0600,-1.1300,1541315.0600,813321.7950,4.7900,10.8700,0.3774,0.8959,0.8600,4.2907,4.0645,0.6331,0.1166,0.1094,4193443.2844,4083536.6844,1720467.0847,22057511.6759,21479402.9599,4.0831,4.7536,0.4735,0.4735,4.7348,9.5208
2022-09-15,5.2800,5.4100,5.2700,5.3700,0.1100,2.0900,2846832.2400,1523381.0950,4.8900,11.1000,0.6971,1.6547,1.7200,4.3804,4.1495,0.6463,0.1191,0.1117,4193443.2844,4083536.6844,1720467.0847,22518790.4372,21928591.9952,3.9994,4.6562,0.4735,0.4735,4.7348,9.5208
2022-09-16,5.3500,5.3900,5.1500,5.1500,-0.2200,-4.1000,2542871.5500,1332099.6690,4.6900,10.6400,0.6227,1.4780,1.2700,4.2010,3.9795,0.6199,0.1142,0.1072,4193443.2844,4083536.6844,1720467.0847,21596232.9147,21030213.9247,4.1703,4.8551,0.4673,0.4673,4.6729,9.3963
2022-09-19,5.1700,5.2800,5.1200,5.2400,0.0900,1.7500,1651455.9000,861492.5770,4.7700,10.8300,0.4044,0.9599,0.7300,4.2744,4.0491,0.6307,0.1162,0.1090,4193443.2844,4083536.6844,1720467.0847,21973642.8103,21397732.2263,4.0987,4.7717,0.4836,0.4836,4.8356,9.7234
2022-09-20,5.2600,5.2600,5.0800,5.1100,-0.1300,-2.4800,2095706.8100,1078074.8710,4.6500,10.5600,0.5132,1.2181,1.0100,4.1683,3.9486,0.6150,0.1133,0.1063,4193443.2844,4083536.6844,1720467.0847,21428495.1833,20866872.4573,4.2029,4.8931,0.4753,0.4753,4.7529,9.5570
2022-09-21,5.1000,5.1800,5.0800,5.1500,0.0400,0.7800,1514372.5000,778979.0730,4.6900,10.6400,0.3708,0.8802,0.7100,4.2010,3.9795,0.6199,0.1142,0.1072,4193443.2844,4083536.6844,1720467.0847,21596232.9147,21030213.9247,4.1703,4.8551,0.4902,0.4902,4.9020,9.8569
2022-09-22,5.1300,5.1500,5.0500,5.1200,-0.0300,-0.5800,1438107.6300,732400.8680,4.6600,10.5800,0.3522,0.8359,0.6800,4.1765,3.9564,0.6162,0.1135,0.1065,4193443.2844,4083536.6844,1720467.0847,21470429.6161,20907707.8241,4.1947,4.8836,0.4873,0.4873,4.8733,9.7992
2022-09-23,5.1100,5.2900,5.1100,5.2200,0.1000,1.9500,1952298.0300,1019967.1110,4.7500,10.7900,0.4781,1.1347,1.0600,4.2581,4.0336,0.6283,0.1157,0.1086,4193443.2844,4083536.6844,1720467.0847,21889773.9446,21316061.4926,4.1144,4.7900,0.4892,0.4892,4.8924,9.8376
2022-09-26,5.2100,5.2600,5.1300,5.1500,-0.0700,-1.3400,1775002.9900,921610.6540,4.6900,10.6400,0.4347,1.0317,1.0300,4.2010,3.9795,0.6199,0.1142,0.1072,4193443.2844,4083536.6844,1720467.0847,21596232.9147,21030213.9247,4.1703,4.8551,0.4798,0.4798,4.7985,9.6488
2022-09-27,5.1200,5.1700,5.0700,5.1500,0.0000,0.0000,1306940.0300,668601.2540,4.6900,10.6400,0.3201,0.7596,0.7400,4.2010,3.9795,0.6199,0.1142,0.1072,4193443.2844,4083536.6844,1720467.0847,21596232.9147,21030213.9247,4.1703,4.8551,0.4883,0.4883,4.8828,9.8184
2022-09-28,5.1300,5.1800,5.1000,5.1000,-0.0500,-0.9700,1099459.6900,563676.6250,4.6400,10.5400,0.2692,0.6390,0.6900,4.1602,3.9409,0.6138,0.1131,0.1061,4193443.2844,4083536.6844,1720467.0847,21386560.7504,20826037.0904,4.2112,4.9027,0.4873,0.4873,4.8733,9.7992
2022-09-29,5.1300,5.1400,4.9800,5.0100,-0.0900,-1.7600,1583733.0500,798146.7680,4.5600,10.3500,0.3878,0.9205,1.0500,4.0868,3.8714,0.6030,0.1111,0.1042,4193443.2844,4083536.6844,1720467.0847,21009150.8548,20458518.7888,4.2868,4.9908,0.4873,0.4873,4.8733,9.7992
2022-09-30,5.0300,5.1900,5.0300,5.1500,0.1400,2.7900,2186913.3800,1120458.9350,4.6900,10.6400,0.5355,1.2711,1.4200,4.2010,3.9795,0.6199,0.1142,0.1072,4193443.2844,4083536.6844,1720467.0847,21596232.9147,21030213.9247,4.1703,4.8551,0.4970,0.4970,4.9702,9.9940
2022-10-10,5.1600,5.2900,5.1300,5.2200,0.0700,1.3600,2154566.9300,1127165.2050,4.7500,10.7900,0.5276,1.2523,1.3500,4.2581,4.0336,0.6283,0.1157,0.1086,4193443.2844,4083536.6844,1720467.0847,21889773.9446,21316061.4926,4.1144,4.7900,0.4845,0.4845,4.8450,9.7422
2022-10-11,5.2300,5.2600,5.1200,5.1300,-0.0900,-1.7200,1257201.7600,648167.8500,4.6700,10.6000,0.3079,0.7307,0.7500,4.1847,3.9641,0.6175,0.1137,0.1067,4193443.2844,4083536.6844,1720467.0847,21512364.0490,20948543.1910,4.1866,4.8740,0.4780,0.4780,4.7801,9.6119
2022-10-12,5.1300,5.2700,5.1100,5.2500,0.1200,2.3400,1495496.4700,776548.7490,4.7800,10.8500,0.3662,0.8692,0.9000,4.2825,4.0568,0.6319,0.1164,0.1092,4193443.2844,4083536.6844,1720467.0847,22015577.2431,21438567.5931,4.0909,4.7626,0.4873,0.4873,4.8733,9.7992
2022-10-13,5.2300,5.2600,5.1200,5.1500,-0.1000,-1.9000,1540195.3700,793671.2590,4.6900,10.6400,0.3772,0.8952,0.8900,4.2010,3.9795,0.6199,0.1142,0.1072,4193443.2844,4083536.6844,1720467.0847,21596232.9147,21030213.9247,4.1703,4.8551,0.4780,0.4780,4.7801,9.6119
2022-10-14,5.1700,5.3500,5.1700,5.2200,0.0700,1.3600,1982927.3200,1045323.3870,4.7500,10.7900,0.4856,1.1526,1.1500,4.2581,4.0336,0.6283,0.1157,0.1086,4193443.2844,4083536.6844,1720467.0847,21889773.9446,21316061.4926,4.1144,4.7900,0.4836,0.4836,4.8356,9.7234
2022-10-17,5.2200,5.2300,5.1200,5.2000,-0.0200,-0.3800,1397713.3600,724136.1310,4.7400,10.7500,0.3423,0.8124,0.8300,4.2418,4.0182,0.6259,0.1153,0.1082,4193443.2844,4083536.6844,1720467.0847,21805905.0789,21234390.7589,4.1302,4.8084,0.4789,0.4789,4.7893,9.6303
2022-10-18,5.2100,5.2500,5.1600,5.1800,-0.0200,-0.3800,1095531.8200,569592.4680,4.7200,10.7000,0.2683,0.6368,0.7100,4.2254,4.0027,0.6235,0.1149,0.1078,4193443.2844,4083536.6844,1720467.0847,21722036.2132,21152720.0252,4.1461,4.8270,0.4798,0.4798,4.7985,9.6488
2022-10-19,5.1900,5.2300,5.1200,5.1300,-0.0500,-0.9700,1320143.1300,682069.5350,4.6700,10.6000,0.3233,0.7673,0.8800,4.1847,3.9641,0.6175,0.1137,0.1067,4193443.2844,4083536.6844,1720467.0847,21512364.0490,20948543.1910,4.1866,4.8740,0.4817,0.4817,4.8170,9.6859
2022-10-20,5.1200,5.1500,5.0800,5.1000,-0.0300,-0.5800,1249389.0000,637822.5690,4.6400,10.5400,0.3060,0.7262,0.8500,4.1602,3.9409,0.6138,0.1131,0.1061,4193443.2844,4083536.6844,1720467.0847,21386560.7504,20826037.0904,4.2112,4.9027,0.4883,0.4883,4.8828,9.8184
2022-10-21,5.1200,5.2300,5.1100,5.1600,0.0600,1.1800,1860492.9000,962621.7430,4.7000,10.6600,0.4556,1.0814,1.3200,4.2091,3.9873,0.6211,0.1144,0.1074,4193443.2844,4083536.6844,1720467.0847,21638167.3475,21071049.2915,4.1622,4.8457,0.4883,0.4883,4.8828,9.8184
2022-10-24,5.1500,5.1600,4.9800,4.9900,-0.1700,-3.2900,2554372.9500,1288165.2730,4.5400,10.3100,0.6255,1.4847,1.8400,4.0705,3.8559,0.6006,0.1106,0.1038,4193443.2844,4083536.6844,1720467.0847,20925281.9892,20376848.0552,4.3040,5.0108,0.4854,0.4854,4.8544,9.7612
2022-10-25,5.0100,5.0500,4.9900,5.0000,0.0100,0.2000,1441772.3000,723160.5730,4.5500,10.3300,0.3531,0.8380,0.8900,4.0786,3.8636,0.6018,0.1109,0.1040,4193443.2844,4083536.6844,1720467.0847,20967216.4220,20417683.4220,4.2954,5.0008,0.4990,0.4990,4.9900,10.0339
2022-10-26,5.0000,5.0400,4.8300,4.8900,-0.1100,-2.2000,2759708.0600,1359030.4170,4.4500,10.1000,0.6758,1.6040,1.6400,3.9889,3.7786,0.5886,0.1084,0.1017,4193443.2844,4083536.6844,1720467.0847,20505937.6607,19968494.3867,4.3920,5.1133,0.5000,0.5000,5.0000,10.0540
2022-10-27,4.8900,4.9600,4.8800,4.9200,0.0300,0.6100,1526393.1000,751936.6450,4.4800,10.1700,0.3738,0.8872,0.7700,4.0134,3.8018,0.5922,0.1091,0.1024,4193443.2844,4083536.6844,1720467.0847,20631740.9592,20091000.4872,4.3653,5.0821,0.5112,0.5112,5.1125,10.2802
2022-10-28,4.9100,4.9700,4.8600,4.9000,-0.0200,-0.4100,1796649.3700,883790.8120,4.4600,10.1300,0.4400,1.0443,0.8900,3.9970,3.7864,0.5898,0.1086,0.1020,4193443.2844,4083536.6844,1720467.0847,20547872.0936,20009329.7536,4.3831,5.1028,0.5092,0.5092,5.0916,10.2383
2022-10-31,4.9100,4.9500,4.7200,4.7500,-0.1500,-3.0600,2753967.0800,1322979.8760,4.3300,9.8200,0.6744,1.6007,1.3700,3.8747,3.4890,0.5510,0.1053,0.0953,4193443.2844,4083536.6844,1720467.0847,19918855.6009,19396799.2509,4.5215,5.2640,0.5092,0.5092,5.0916,10.2383
2022-11-01,4.7700,4.8400,4.7300,4.8300,0.0800,1.6800,2206656.3100,1057621.0000,4.4000,9.9800,0.5404,1.2826,1.0700,3.9399,3.5477,0.5603,0.1071,0.0969,4193443.2844,4083536.6844,1720467.0847,20254331.0637,19723482.1857,4.4466,5.1768,0.5241,0.5241,5.2411,10.5388
2022-11-02,4.8100,4.8200,4.7700,4.8000,-0.0300,-0.6200,2398516.0400,1149311.3110,4.3700,9.9200,0.5874,1.3941,1.0900,3.9155,3.5257,0.5568,0.1064,0.0963,4193443.2844,4083536.6844,1720467.0847,20128527.7651,19600976.0851,4.4744,5.2091,0.5198,0.5198,5.1975,10.4511
2022-11-03,4.7800,4.7900,4.6800,4.7400,-0.0600,-1.2500,1988892.8700,941952.0710,4.3200,9.7900,0.4871,1.1560,0.9300,3.8665,3.4816,0.5498,0.1051,0.0951,4193443.2844,4083536.6844,1720467.0847,19876921.1681,19355963.8841,4.5310,5.2751,0.5230,0.5230,5.2301,10.5167
2022-11-04,4.7400,4.8400,4.7300,4.8200,0.0800,1.6900,1908736.1800,917735.7960,4.3900,9.9600,0.4674,1.1094,0.8600,3.9318,3.5404,0.5591,0.1069,0.0967,4193443.2844,4083536.6844,1720467.0847,20212396.6308,19682646.8188,4.4558,5.1875,0.5274,0.5274,5.2743,10.6055
2022-11-07,4.8000,4.9000,4.8000,4.8800,0.0600,1.2400,1558985.7900,758669.4790,4.4400,10.0800,0.3818,0.9061,0.6900,3.9807,3.5844,0.5661,0.1082,0.0979,4193443.2844,4083536.6844,1720467.0847,20464003.2279,19927659.0199,4.4010,5.1237,0.5208,0.5208,5.2083,10.4729
2022-11-08,4.8700,4.9200,4.8600,4.8900,0.0100,0.2000,1072338.5000,525022.4100,4.4500,10.1000,0.2626,0.6233,0.5300,3.9889,3.5918,0.5672,0.1084,0.0981,4193443.2844,4083536.6844,1720467.0847,20505937.6607,19968494.3867,4.3920,5.1133,0.5133,0.5133,5.1335,10.3224
2022-11-09,4.9000,4.9900,4.9000,4.9100,0.0200,0.4100,1164414.6400,575788.3800,4.4700,10.1500,0.2851,0.6768,0.6500,4.0052,3.6065,0.5695,0.1089,0.0985,4193443.2844,4083536.6844,1720467.0847,20589806.5264,20050165.1204,4.3741,5.0924,0.5102,0.5102,5.1020,10.2592
2022-11-10,4.8900,4.9600,4.8400,4.9300,0.0200,0.4100,1236885.1700,607145.0970,4.4900,10.1900,0.3029,0.7189,0.8000,4.0215,3.6212,0.5719,0.1093,0.0989,4193443.2844,4083536.6844,1720467.0847,20673675.3921,20131835.8541,4.3564,5.0718,0.5112,0.5112,5.1125,10.2802
2022-11-11,4.9900,5.2300,4.9800,5.1800,0.2500,5.0700,4084260.6400,2086459.6020,4.7200,10.7000,1.0002,2.3739,2.9400,4.2254,3.8048,0.6009,0.1149,0.1040,4193443.2844,4083536.6844,1720467.0847,21722036.2132,21152720.0252,4.1461,4.8270,0.5010,0.5010,5.0100,10.0741
2022-11-14,5.2800,5.3800,5.2500,5.2900,0.1100,2.1200,4341260.2400,2307057.5140,4.8200,10.9300,1.0631,2.5233,2.3800,4.3152,3.8856,0.6136,0.1173,0.1062,4193443.2844,4083536.6844,1720467.0847,22183314.9745,21601909.0605,4.0599,4.7266,0.4735,0.4735,4.7348,9.5208
2022-11-15,5.2900,5.3400,5.2500,5.3200,0.0300,0.5700,1940830.3500,1028360.4100,4.8400,10.9900,0.4753,1.1281,0.8200,4.3396,3.9076,0.6171,0.1180,0.1068,4193443.2844,4083536.6844,1720467.0847,22309118.2730,21724415.1610,4.0370,4.7000,0.4726,0.4726,4.7259,9.5028
2022-11-16,5.3100,5.3200,5.2200,5.2600,-0.0600,-1.1300,1577112.0500,833054.0520,4.7900,10.8700,0.3862,0.9167,0.6200,4.2907,3.8636,0.6101,0.1166,0.1056,4193443.2844,4083536.6844,1720467.0847,22057511.6759,21479402.9599,4.0831,4.7536,0.4708,0.4708,4.7081,9.4670
2022-11-17,5.2700,5.3000,5.2200,5.2700,0.0100,0.1900,1385475.7900,729162.5190,4.8000,10.8900,0.3393,0.8053,0.5300,4.2989,3.8709,0.6113,0.1168,0.1058,4193443.2844,4083536.6844,1720467.0847,22099446.1088,21520238.3268,4.0753,4.7446,0.4744,0.4744,4.7438,9.5389
2022-11-18,5.2800,5.3100,5.2000,5.2300,-0.0400,-0.7600,1437035.1700,753313.0540,4.7600,10.8100,0.3519,0.8353,0.5400,4.2662,3.8415,0.6067,0.1160,0.1050,4193443.2844,4083536.6844,1720467.0847,21931708.3774,21356896.8594,4.1065,4.7808,0.4735,0.4735,4.7348,9.5208
2022-11-21,5.1900,5.2100,5.1100,5.1700,-0.0600,-1.1500,1086047.6200,560052.2260,4.7100,10.6800,0.2660,0.6313,0.5100,4.2173,3.7975,0.5997,0.1146,0.1038,4193443.2844,4083536.6844,1720467.0847,21680101.7803,21111884.6583,4.1542,4.8363,0.4817,0.4817,4.8170,9.6859
2022-11-22,5.2000,5.5800,5.1600,5.4600,0.2900,5.6100,5322458.0400,2899698.8540,4.9700,11.2800,1.3034,3.0936,3.5800,4.4538,4.0105,0.6333,0.1211,0.1096,4193443.2844,4083536.6844,1720467.0847,22896200.3328,22296110.2968,3.9335,4.5795,0.4808,0.4808,4.8077,9.6673
2022-11-23,5.4400,5.7800,5.4000,5.5200,0.0600,1.1000,6199732.0800,3471629.5270,5.0300,11.4100,1.5182,3.6035,2.8700,4.5028,4.0545,0.6403,0.1224,0.1108,4193443.2844,4083536.6844,1720467.0847,23147806.9299,22541122.4979,3.8908,4.5297,0.4596,0.4596,4.5956,9.2408
2022-11-24,5.5300,5.5700,5.3600,5.4200,-0.1000,-1.8100,2650566.5000,1441690.0620,4.9400,11.2000,0.6491,1.5406,0.8600,4.4212,3.9811,0.6287,0.1202,0.1088,4193443.2844,4083536.6844,1720467.0847,22728462.6014,22132768.8294,3.9626,4.6133,0.4521,0.4521,4.5208,9.0904
2022-11-25,5.4300,5.7800,5.4200,5.7400,0.3200,5.9000,5699274.7100,3224686.5630,5.2300,11.8600,1.3957,3.3126,1.7100,4.6823,4.2161,0.6658,0.1273,0.1152,4193443.2844,4083536.6844,1720467.0847,24070364.4525,23439500.5685,3.7416,4.3561,0.4604,0.4604,4.6041,9.2578
2022-11-28,5.6100,5.7600,5.5800,5.6400,-0.1000,-1.7400,3795361.0500,2141986.8480,5.1400,11.6500,0.9294,2.2060,0.9100,4.6007,4.1427,0.6542,0.1250,0.1132,4193443.2844,4083536.6844,1720467.0847,23651020.1240,23031146.9000,3.8080,4.4333,0.4456,0.4456,4.4563,8.9608
2022-11-29,5.7800,5.9800,5.7500,5.8800,0.2400,4.2600,6264538.8300,3679534.8660,5.3500,12.1500,1.5341,3.6412,1.3200,4.7965,4.3190,0.6821,0.1304,0.1180,4193443.2844,4083536.6844,1720467.0847,24657446.5123,24011195.7043,3.6526,4.2524,0.4325,0.4325,4.3253,8.6972
2022-11-30,5.8500,5.9300,5.7900,5.8800,0.0000,0.0000,3097042.2200,1817421.2490,5.3500,12.1500,0.7584,1.8001,0.6300,4.7965,4.3190,0.6821,0.1304,0.1180,4193443.2844,4083536.6844,1720467.0847,24657446.5123,24011195.7043,3.6526,4.2524,0.4274,0.4274,4.2735,8.5932
2022-12-01,5.8900,5.9200,5.7000,5.7400,-0.1400,-2.3800,3961364.9200,2288238.6720,5.2300,11.8600,0.9701,2.3025,0.9200,4.6823,4.2161,0.6658,0.1273,0.1152,4193443.2844,4083536.6844,1720467.0847,24070364.4525,23439500.5685,3.7416,4.3561,0.4244,0.4244,4.2445,8.5348
2022-12-02,5.7400,5.7600,5.5300,5.6800,-0.0600,-1.0500,3190676.1200,1797252.5500,5.1700,11.7400,0.7814,1.8545,0.7000,4.6333,4.1721,0.6589,0.1259,0.1140,4193443.2844,4083536.6844,1720467.0847,23818757.8554,23194488.3674,3.7812,4.4021,0.4355,0.4355,4.3554,8.7578
2022-12-05,5.8200,6.1700,5.7300,6.1100,0.4300,7.5700,6490131.9700,3888719.1270,5.5600,12.6300,1.5893,3.7723,1.6000,4.9841,4.4879,0.7087,0.1355,0.1226,4193443.2844,4083536.6844,1720467.0847,25621938.4677,24950409.1417,3.5151,4.0923,0.4296,0.4296,4.2955,8.6375
2022-12-06,6.0200,6.1400,5.9300,5.9700,-0.1400,-2.2900,3274775.5500,1972024.1280,5.4400,12.3400,0.8019,1.9034,0.7100,4.8699,4.3851,0.6925,0.1324,0.1198,4193443.2844,4083536.6844,1720467.0847,25034856.4079,24378714.0059,3.5975,4.1882,0.4153,0.4153,4.1528,8.3505
2022-12-07,5.9400,6.0100,5.8200,5.8800,-0.0900,-1.5100,2818225.4900,1661242.3120,5.3500,12.1500,0.6901,1.6381,0.7000,4.7965,4.3190,0.6821,0.1304,0.1180,4193443.2844,4083536.6844,1720467.0847,24657446.5123,24011195.7043,3.6526,4.2524,0.4209,0.4209,4.2088,8.4630
2022-12-08,5.8700,5.9900,5.8400,5.9000,0.0200,0.3400,1857823.4800,1096034.1300,5.3700,12.1900,0.4550,1.0798,0.4700,4.8128,4.3337,0.6844,0.1308,0.1184,4193443.2844,4083536.6844,1720467.0847,24741315.3780,24092866.4380,3.6402,4.2379,0.4259,0.4259,4.2589,8.5639
2022-12-09,5.9800,5.9900,5.8100,5.9400,0.0400,0.6800,2586771.4600,1529744.2310,5.4100,12.2700,0.6335,1.5035,0.7300,4.8454,4.3630,0.6890,0.1317,0.1192,4193443.2844,4083536.6844,1720467.0847,24909053.1093,24256207.9053,3.6157,4.2094,0.4181,0.4181,4.1806,8.4064
2022-12-12,5.9000,5.9500,5.7400,5.7700,-0.1700,-2.8600,2513973.2300,1463334.8230,5.2500,11.9200,0.6156,1.4612,0.7400,4.7067,4.2382,0.6693,0.1279,0.1158,4193443.2844,4083536.6844,1720467.0847,24196167.7510,23562006.6690,3.7222,4.3334,0.4237,0.4237,4.2373,8.5203
2022-12-13,5.7500,5.8400,5.7100,5.7700,0.0000,0.0000,1650775.2500,951835.9830,5.2500,11.9200,0.4043,0.9595,0.6300,4.7067,4.2382,0.6693,0.1279,0.1158,4193443.2844,4083536.6844,1720467.0847,24196167.7510,23562006.6690,3.7222,4.3334,0.4348,0.4348,4.3478,8.7426
2022-12-14,5.7700,5.7900,5.6800,5.7100,-0.0600,-1.0400,1854851.9300,1059793.9670,5.2000,11.8000,0.4542,1.0781,0.8100,4.6578,4.1941,0.6623,0.1266,0.1146,4193443.2844,4083536.6844,1720467.0847,23944561.1539,23316994.4679,3.7613,4.3790,0.4333,0.4333,4.3328,8.7123
2022-12-15,5.7000,5.7200,5.5800,5.6100,-0.1000,-1.7500,2142668.0200,1203478.9000,5.1100,11.5900,0.5247,1.2454,1.0200,4.5762,4.1206,0.6507,0.1244,0.1126,4193443.2844,4083536.6844,1720467.0847,23525216.8255,22908640.7995,3.8283,4.4570,0.4386,0.4386,4.3860,8.8193
2022-12-16,5.6200,5.7600,5.6100,5.6900,0.0800,1.4300,1846317.2400,1048880.8350,5.1800,11.7600,0.4521,1.0731,0.8600,4.6415,4.1794,0.6600,0.1262,0.1142,4193443.2844,4083536.6844,1720467.0847,23860692.2882,23235323.7342,3.7745,4.3943,0.4448,0.4448,4.4484,8.9448
2022-12-19,5.6700,5.7400,5.5100,5.5300,-0.1600,-2.8100,1870979.1700,1041345.1620,5.0400,11.4300,0.4582,1.0875,0.9300,4.5110,4.0619,0.6415,0.1226,0.1110,4193443.2844,4083536.6844,1720467.0847,23189741.3627,22581957.8647,3.8837,4.5215,0.4409,0.4409,4.4092,8.8660
2022-12-20,5.5400,5.6000,5.4600,5.4900,-0.0400,-0.7200,1413494.1900,779550.5540,5.0000,11.3400,0.3461,0.8216,0.7500,4.4783,4.0325,0.6368,0.1217,0.1102,4193443.2844,4083536.6844,1720467.0847,23022003.6314,22418616.3974,3.9120,4.5544,0.4513,0.4513,4.5126,9.0740
2022-12-21,5.5000,5.5000,5.4300,5.4600,-0.0300,-0.5500,990880.4000,540912.0120,4.9700,11.2800,0.2427,0.5759,0.5400,4.4538,4.0105,0.6333,0.1211,0.1096,4193443.2844,4083536.6844,1720467.0847,22896200.3328,22296110.2968,3.9335,4.5795,0.4545,0.4545,4.5455,9.1400
2022-12-22,5.5000,5.5600,5.3800,5.4300,-0.0300,-0.5500,2277262.5200,1241343.2230,4.9400,11.2200,0.5577,1.3236,1.3800,4.4294,3.9884,0.6299,0.1204,0.1090,4193443.2844,4083536.6844,1720467.0847,22770397.0343,22173604.1963,3.9553,4.6048,0.4545,0.4545,4.5455,9.1400
2022-12-23,5.4200,5.4500,5.3700,5.4200,-0.0100,-0.1800,995129.2600,538414.5490,4.9400,11.2000,0.2437,0.5784,0.5900,4.4212,3.9811,0.6287,0.1202,0.1088,4193443.2844,4083536.6844,1720467.0847,22728462.6014,22132768.8294,3.9626,4.6133,0.4613,0.4613,4.6125,9.2749
2022-12-26,5.4200,5.4300,5.3000,5.3700,-0.0500,-0.9200,1754747.0500,939113.9880,4.8900,11.1000,0.4297,1.0199,1.1600,4.3804,3.9444,0.6229,0.1191,0.1078,4193443.2844,4083536.6844,1720467.0847,22518790.4372,21928591.9952,3.9994,4.6562,0.4613,0.4613,4.6125,9.2749
2022-12-27,5.4200,5.5000,5.4000,5.4100,0.0400,0.7400,1541240.2700,838678.3010,4.9300,11.1800,0.3774,0.8958,1.0400,4.4131,3.9737,0.6275,0.1199,0.1086,4193443.2844,4083536.6844,1720467.0847,22686528.1686,22091933.4626,3.9699,4.6218,0.4613,0.4613,4.6125,9.2749
2022-12-28,5.4000,5.4400,5.3600,5.3900,-0.0200,-0.3700,1214644.0400,655407.4300,4.9100,11.1400,0.2974,0.7060,0.8000,4.3967,3.9591,0.6252,0.1195,0.1082,4193443.2844,4083536.6844,1720467.0847,22602659.3029,22010262.7289,3.9846,4.6389,0.4630,0.4630,4.6296,9.3093
2022-12-29,5.4000,5.4000,5.2900,5.3200,-0.0700,-1.3000,1694703.1400,901133.8060,4.8400,10.9900,0.4150,0.9850,1.0900,4.3396,3.9076,0.6171,0.1180,0.1068,4193443.2844,4083536.6844,1720467.0847,22309118.2730,21724415.1610,4.0370,4.7000,0.4630,0.4630,4.6296,9.3093
2022-12-30,5.3400,5.4600,5.3200,5.4300,0.1100,2.0700,1782238.9200,962942.7390,4.9400,11.2200,0.4364,1.0359,1.2400,4.4294,3.9884,0.6299,0.1204,0.1090,4193443.2844,4083536.6844,1720467.0847,22770397.0343,22173604.1963,3.9553,4.6048,0.4682,0.4682,4.6816,9.4139
2023-01-03,5.4400,5.5200,5.3700,5.4900,0.0600,1.1000,1846366.8400,1008600.0750,5.0000,11.3400,0.4521,1.0732,1.1600,4.4783,4.0325,0.6368,0.1217,0.1102,4193443.2844,4083536.6844,1720467.0847,23022003.6314,22418616.3974,4.5544,4.5544,0.4645,0.4645,4.6452,9.6351
2023-01-04,5.4900,5.6500,5.4500,5.6000,0.1100,2.0000,2199353.5000,1227302.1320,5.1000,11.5700,0.5386,1.2783,1.3600,4.5681,4.1133,0.6496,0.1242,0.1124,4193443.2844,4083536.6844,1720467.0847,23483282.3926,22867805.4326,4.4650,4.4650,0.4603,0.4603,4.6029,9.5474
2023-01-05,5.6200,5.6300,5.5400,5.5900,-0.0100,-0.1800,1989020.8500,1111074.0180,5.0900,11.5500,0.4871,1.1561,1.1400,4.5599,4.1060,0.6484,0.1239,0.1122,4193443.2844,4083536.6844,1720467.0847,23441347.9598,22826970.0658,4.4730,4.4730,0.4496,0.4496,4.4964,9.3265
2023-01-06,5.5900,5.6200,5.5100,5.5200,-0.0700,-1.2500,1627160.5900,901817.4910,5.0300,11.4100,0.3985,0.9458,0.8600,4.5028,4.0545,0.6403,0.1224,0.1108,4193443.2844,4083536.6844,1720467.0847,23147806.9299,22541122.4979,4.5297,4.5297,0.4521,0.4521,4.5206,9.3766
2023-01-09,5.5400,5.5600,5.4700,5.5300,0.0100,0.1800,1499591.6500,826304.7940,5.0400,11.4300,0.3672,0.8716,0.7900,4.5110,4.0619,0.6415,0.1226,0.1110,4193443.2844,4083536.6844,1720467.0847,23189741.3627,22581957.8647,4.5215,4.5215,0.4561,0.4561,4.5614,9.4612
2023-01-10,5.5100,5.5200,5.4100,5.4300,-0.1000,-1.8100,1359212.4800,740256.2770,4.9400,11.2200,0.3329,0.7900,0.7400,4.4294,3.9884,0.6299,0.1204,0.1090,4193443.2844,4083536.6844,1720467.0847,22770397.0343,22173604.1963,4.6048,4.6048,0.4586,0.4586,4.5862,9.5127
2023-01-11,5.4300,5.5000,5.4200,5.4300,0.0000,0.0000,1741210.5200,951742.5840,4.9400,11.2200,0.4264,1.0121,1.0000,4.4294,3.9884,0.6299,0.1204,0.1090,4193443.2844,4083536.6844,1720467.0847,22770397.0343,22173604.1963,4.6048,4.6048,0.4654,0.4654,4.6538,9.6529
2023-01-12,5.4200,5.4400,5.3500,5.3900,-0.0400,-0.7400,1232463.3500,664184.4430,4.9100,11.1400,0.3018,0.7164,0.7500,4.3967,3.9591,0.6252,0.1195,0.1082,4193443.2844,4083536.6844,1720467.0847,22602659.3029,22010262.7289,4.6389,4.6389,0.4662,0.4662,4.6624,9.6707
2023-01-13,5.4000,5.4600,5.3800,5.4500,0.0600,1.1100,1397426.7900,757798.8410,4.9600,11.2600,0.3422,0.8122,0.9400,4.4457,4.0031,0.6322,0.1208,0.1094,4193443.2844,4083536.6844,1720467.0847,22854265.9000,22255274.9300,4.5879,4.5879,0.4680,0.4680,4.6796,9.7065
2023-01-16,5.4400,5.5000,5.3600,5.4600,0.0100,0.1800,2274550.1000,1238689.0870,4.9700,11.2800,0.5529,1.2994,1.5700,4.4538,4.0105,0.6333,0.1211,0.1096,4193443.2844,4113542.4444,1750472.8447,22896200.3328,22459941.7464,4.5795,4.5795,0.4645,0.4645,4.6452,9.6351
2023-01-17,5.4400,5.4600,5.3600,5.3900,-0.0700,-1.2800,1556437.5200,838579.3540,4.9100,11.1400,0.3784,0.8892,0.9700,4.3967,3.9591,0.6252,0.1195,0.1082,4193443.2844,4113542.4444,1750472.8447,22602659.3029,22171993.7753,4.6389,4.6389,0.4645,0.4645,4.6452,9.6351
2023-01-18,5.3900,5.4400,5.3600,5.3700,-0.0200,-0.3700,1192527.1000,641836.1280,4.8900,11.1000,0.2899,0.6813,0.7300,4.3804,3.9444,0.6229,0.1191,0.1078,4193443.2844,4113542.4444,1750472.8447,22518790.4372,22089722.9264,4.6562,4.6562,0.4688,0.4688,4.6883,9.7245
2023-01-19,5.3500,5.3900,5.3100,5.3900,0.0200,0.3700,1805450.5600,964995.1590,4.9100,11.1400,0.4369,1.0206,1.1800,4.3967,3.9591,0.6252,0.1195,0.1082,4193443.2844,4132039.0444,1768969.4447,22602659.3029,22271690.4493,4.6389,4.6389,0.4723,0.4723,4.7234,9.7972
2023-01-20,5.3800,5.5700,5.3600,5.5700,0.1800,3.3400,3103496.7900,1705866.3350,5.0700,11.5100,0.7511,1.7544,1.8900,4.5436,4.0913,0.6461,0.1235,0.1118,4193443.2844,4132039.0444,1768969.4447,23357479.0941,23015457.4773,4.4890,4.4890,0.4697,0.4697,4.6970,9.7426
2023-01-30,5.6000,5.6200,5.4800,5.5000,-0.0700,-1.2600,2582196.8400,1430153.0540,5.0100,11.3700,0.6249,1.4597,1.3000,4.4865,4.0398,0.6380,0.1219,0.1104,4193443.2844,4132039.0444,1768969.4447,23063938.0642,22726214.7442,4.5462,4.5462,0.4512,0.4512,4.5125,9.3598
2023-01-31,5.5100,5.5600,5.4800,5.5400,0.0400,0.7300,1718422.1900,950353.4400,5.0400,11.4500,0.4159,0.9714,0.8400,4.5191,4.0692,0.6426,0.1228,0.1112,4193443.2844,4132039.0444,1768969.4447,23231675.7956,22891496.3060,4.5133,4.5133,0.4586,0.4586,4.5862,9.5127
2023-02-01,5.5500,5.5800,5.4800,5.5700,0.0300,0.5400,2055651.7000,1137890.0070,5.0700,11.5100,0.4975,1.1621,0.9900,4.5436,4.0913,0.6461,0.1235,0.1118,4193443.2844,4132039.0444,1768969.4447,23357479.0941,23015457.4773,4.4890,4.4890,0.4553,0.4553,4.5532,9.4441
2023-02-02,5.5800,5.5800,5.4900,5.5300,-0.0400,-0.7200,1880837.9900,1039081.0540,5.0400,11.4300,0.4552,1.0632,0.8300,4.5110,4.0619,0.6415,0.1226,0.1110,4193443.2844,4132039.0444,1768969.4447,23189741.3627,22850175.9155,4.5215,4.5215,0.4529,0.4529,4.5287,9.3934
2023-02-03,5.5000,5.5100,5.3900,5.4100,-0.1200,-2.1700,1969022.5900,1069562.6580,4.9300,11.1800,0.4765,1.1131,0.8700,4.4131,3.9737,0.6275,0.1199,0.1086,4193443.2844,4132039.0444,1768969.4447,22686528.1686,22354331.2302,4.6218,4.6218,0.4595,0.4595,4.5945,9.5300
2023-02-06,5.3700,5.4400,5.3400,5.4000,-0.0100,-0.1800,1767967.9600,953174.8030,4.9200,11.1600,0.4279,0.9994,0.8700,4.4049,3.9664,0.6264,0.1197,0.1084,4193443.2844,4132039.0444,1768969.4447,22644593.7358,22313010.8398,4.6303,4.6303,0.4706,0.4706,4.7058,9.7607
2023-02-07,5.4000,5.5200,5.3800,5.5000,0.1000,1.8500,2207418.2500,1208308.1010,5.0100,11.3700,0.5342,1.2479,1.1800,4.4865,4.0398,0.6380,0.1219,0.1104,4193443.2844,4132039.0444,1768969.4447,23063938.0642,22726214.7442,4.5462,4.5462,0.4680,0.4680,4.6796,9.7065
2023-02-08,5.5100,5.5100,5.3900,5.4100,-0.0900,-1.6400,1457948.7900,792457.8780,4.9300,11.1800,0.3528,0.8242,0.7400,4.4131,3.9737,0.6275,0.1199,0.1086,4193443.2844,4132039.0444,1768969.4447,22686528.1686,22354331.2302,4.6218,4.6218,0.4586,0.4586,4.5862,9.5127
2023-02-09,5.3900,5.4600,5.3800,5.4400,0.0300,0.5500,1203366.5500,653723.8440,4.9500,11.2400,0.2912,0.6803,0.6500,4.4375,3.9958,0.6310,0.1206,0.1092,4193443.2844,4132039.0444,1768969.4447,22812331.4671,22478292.4015,4.5963,4.5963,0.4688,0.4688,4.6883,9.7245
2023-02-10,5.4300,5.4600,5.4000,5.4300,-0.0100,-0.1800,1351476.6600,733048.9060,4.9400,11.2200,0.3271,0.7640,0.7900,4.4294,3.9884,0.6299,0.1204,0.1090,4193443.2844,4132039.0444,1768969.4447,22770397.0343,22436972.0111,4.6048,4.6048,0.4654,0.4654,4.6538,9.6529
2023-02-13,5.4100,5.4900,5.3600,5.4600,0.0300,0.5500,2214204.5700,1202687.1280,4.9700,11.2800,0.5359,1.2517,1.3900,4.4538,4.0105,0.6333,0.1211,0.1096,4193443.2844,4132039.0444,1768969.4447,22896200.3328,22560933.1824,4.5795,4.5795,0.4671,0.4671,4.6710,9.6885
2023-02-14,5.4600,5.5200,5.4400,5.4900,0.0300,0.5500,1487359.0300,815048.4010,5.0000,11.3400,0.3600,0.8408,0.8800,4.4783,4.0325,0.6368,0.1217,0.1102,4193443.2844,4132039.0444,1768969.4447,23022003.6314,22684894.3538,4.5544,4.5544,0.4628,0.4628,4.6282,9.5998
2023-02-15,5.4800,5.4900,5.3800,5.3900,-0.1000,-1.8200,1747078.8300,946888.0860,4.9100,11.1400,0.4228,0.9876,1.1300,4.3967,3.9591,0.6252,0.1195,0.1082,4193443.2844,4132039.0444,1768969.4447,22602659.3029,22271690.4493,4.6389,4.6389,0.4611,0.4611,4.6113,9.5648
2023-02-16,5.4100,5.5700,5.4100,5.4400,0.0500,0.9300,3681668.8900,2026620.5840,4.9500,11.2400,0.8910,2.0813,2.3000,4.4375,3.9958,0.6310,0.1206,0.1092,4193443.2844,4132039.0444,1768969.4447,22812331.4671,22478292.4015,4.5963,4.5963,0.4671,0.4671,4.6710,9.6885
2023-02-17,5.4400,5.4600,5.3600,5.3700,-0.0700,-1.2900,2281017.8400,1234468.4710,4.8900,11.1000,0.5520,1.2895,1.0900,4.3804,3.9444,0.6229,0.1191,0.1078,4193443.2844,4132039.0444,1768969.4447,22518790.4372,22189049.6684,4.6562,4.6562,0.4645,0.4645,4.6452,9.6351
2023-02-20,5.3800,5.7200,5.3700,5.6900,0.3200,5.9600,5678196.0500,3169400.4970,5.1800,11.7600,1.3742,3.2099,2.4900,4.6415,4.1794,0.6600,0.1262,0.1142,4193443.2844,4132039.0444,1768969.4447,23860692.2882,23511302.1626,4.3943,4.3943,0.4697,0.4697,4.6970,9.7426
2023-02-21,5.6800,5.7800,5.6800,5.7700,0.0800,1.4100,3164387.9700,1814334.2590,5.2500,11.9200,0.7658,1.7888,1.0600,4.7067,4.2382,0.6693,0.1279,0.1158,4193443.2844,4132039.0444,1768969.4447,24196167.7510,23841865.2862,4.3334,4.3334,0.4449,0.4449,4.4489,9.2280
2023-02-22,5.7200,5.7900,5.7100,5.7200,-0.0500,-0.8700,1938605.7900,1112618.9820,5.2100,11.8200,0.4692,1.0959,0.5900,4.6659,4.2014,0.6635,0.1268,0.1148,4193443.2844,4132039.0444,1768969.4447,23986495.5868,23635263.3340,4.3713,4.3713,0.4418,0.4418,4.4178,9.1635
2023-02-23,5.7200,5.7400,5.6600,5.7000,-0.0200,-0.3500,1510582.6400,860440.1180,5.1900,11.7800,0.3656,0.8539,0.4500,4.6496,4.1868,0.6612,0.1264,0.1144,4193443.2844,4132039.0444,1768969.4447,23902626.7211,23552622.5531,4.3866,4.3866,0.4418,0.4418,4.4178,9.1635
2023-02-24,5.6900,5.7200,5.5800,5.6200,-0.0800,-1.4000,2138779.0400,1204500.9680,5.1200,11.6100,0.5176,1.2091,0.7300,4.5844,4.1280,0.6519,0.1246,0.1128,4193443.2844,4132039.0444,1768969.4447,23567151.2583,23222059.4295,4.4491,4.4491,0.4441,0.4441,4.4411,9.2118
2023-02-27,5.5900,5.6500,5.5700,5.6000,-0.0200,-0.3600,1322684.8300,743122.1270,5.1000,11.5700,0.3201,0.7477,0.4600,4.5681,4.1133,0.6496,0.1242,0.1124,4193443.2844,4132039.0444,1768969.4447,23483282.3926,23139418.6486,4.4650,4.4650,0.4521,0.4521,4.5206,9.3766
2023-02-28,5.6100,5.6400,5.5200,5.6200,0.0200,0.3600,2425798.8000,1354139.7900,5.1200,11.6100,0.5871,1.3713,1.2000,4.5844,4.1280,0.6519,0.1246,0.1128,4193443.2844,4132039.0444,1768969.4447,23567151.2583,23222059.4295,4.4491,4.4491,0.4504,0.4504,4.5045,9.3431
2023-03-01,5.6200,5.7800,5.5800,5.7500,0.1300,2.3100,3036146.1800,1736201.1850,5.2400,11.8800,0.7348,1.7163,1.6300,4.6904,4.2235,0.6670,0.1275,0.1154,4193443.2844,4132039.0444,1768969.4447,24112298.8853,23759224.5053,4.3485,4.3485,0.4496,0.4496,4.4964,9.3265
2023-03-02,5.7400,5.9500,5.7200,5.8900,0.1400,2.4300,4720251.0400,2768030.6350,5.3600,12.1700,1.1424,2.6684,2.2600,4.8046,4.3263,0.6832,0.1306,0.1182,4193443.2844,4132039.0444,1768969.4447,24699380.9451,24337709.9715,4.2451,4.2451,0.4402,0.4402,4.4024,9.1315
2023-03-03,5.9000,6.1600,5.8800,6.1100,0.2200,3.7400,6186804.8600,3743915.5260,5.5600,12.6300,1.4973,3.4974,2.2700,4.9841,4.4879,0.7087,0.1355,0.1226,4193443.2844,4132039.0444,1768969.4447,25621938.4677,25246758.5613,4.0923,4.0923,0.4283,0.4283,4.2831,8.8839
2023-03-06,6.2100,6.2600,6.0100,6.0400,-0.0700,-1.1500,4453511.1400,2721525.5520,5.5000,12.4800,1.0778,2.5176,1.2600,4.9270,4.4365,0.7006,0.1339,0.1212,4193443.2844,4132039.0444,1768969.4447,25328397.4378,24957515.8282,4.1397,4.1397,0.4069,0.4069,4.0692,8.4404
2023-03-07,6.0600,6.2800,6.0200,6.0300,-0.0100,-0.1700,5534509.0800,3403950.8090,5.4900,12.4600,1.3394,3.1287,1.3300,4.9188,4.4291,0.6995,0.1337,0.1210,4193443.2844,4132039.0444,1768969.4447,25286463.0049,24916195.4377,4.1466,4.1466,0.4170,0.4170,4.1700,8.6493
2023-03-08,5.9900,6.0500,5.9400,6.0100,-0.0200,-0.3300,2243431.4300,1344189.2570,5.4700,12.4200,0.5429,1.2682,0.4700,4.9025,4.4145,0.6971,0.1333,0.1206,4193443.2844,4132039.0444,1768969.4447,25202594.1392,24833554.6568,4.1604,4.1604,0.4219,0.4219,4.2187,8.7504
2023-03-09,6.0200,6.0300,5.8900,5.9200,-0.0900,-1.5000,2471978.0400,1465386.4860,5.3900,12.2300,0.5982,1.3974,0.5300,4.8291,4.3483,0.6867,0.1313,0.1188,4193443.2844,4132039.0444,1768969.4447,24825184.2436,24461671.1428,4.2236,4.2236,0.4198,0.4198,4.1977,8.7068
2023-03-10,5.8900,5.9600,5.8300,5.8400,-0.0800,-1.3500,2410888.1600,1419323.2510,5.3200,12.0700,0.5835,1.3629,0.5800,4.7638,4.2896,0.6774,0.1295,0.1172,4193443.2844,4132039.0444,1768969.4447,24489708.7809,24131108.0193,4.2815,4.2815,0.4290,0.4290,4.2903,8.8990
2023-03-13,5.9500,6.1200,5.9300,6.1100,0.2700,4.6200,4001831.2400,2416731.2790,5.5600,12.6300,0.9685,2.2622,1.1700,4.9841,4.4879,0.7087,0.1355,0.1226,4193443.2844,4132039.0444,1768969.4447,25621938.4677,25246758.5613,4.0923,4.0923,0.4247,0.4247,4.2471,8.8092
2023-03-14,6.0700,6.1600,5.9700,5.9900,-0.1200,-1.9600,3217293.3200,1944884.6190,5.4500,12.3800,0.7786,1.8187,0.9700,4.8862,4.3998,0.6948,0.1328,0.1202,4193443.2844,4132039.0444,1768969.4447,25118725.2736,24750913.8760,4.1743,4.1743,0.4163,0.4163,4.1631,8.6351
2023-03-15,6.0200,6.2500,5.9200,6.1800,0.1900,3.1700,4649021.5100,2842482.3700,5.6300,12.7700,1.1251,2.6281,1.6200,5.0412,4.5393,0.7169,0.1370,0.1240,4193443.2844,4132039.0444,1768969.4447,25915479.4976,25536001.2944,4.0459,4.0459,0.4198,0.4198,4.1977,8.7068
2023-03-16,6.1100,6.2000,6.0500,6.0800,-0.1000,-1.6200,3110323.0900,1902671.7980,5.5400,12.5600,0.7527,1.7583,0.9300,4.9596,4.4659,0.7053,0.1348,0.1220,4193443.2844,4132039.0444,1768969.4447,25496135.1692,25122797.3900,4.1125,4.1125,0.4136,0.4136,4.1358,8.5786
2023-03-17,6.1000,6.3200,6.0600,6.2300,0.1500,2.4700,5316642.0700,3309905.4630,5.6700,12.8700,1.2867,3.0055,1.5300,5.0820,4.5760,0.7227,0.1381,0.1250,4193443.2844,4132039.0444,1768969.4447,26125151.6618,25742603.2466,4.0135,4.0135,0.4143,0.4143,4.1426,8.5926
2023-03-20,6.2700,6.5400,6.1100,6.1200,-0.1100,-1.7700,6038602.0500,3816584.6970,5.5700,12.6500,1.4614,3.4136,1.4900,4.9922,4.4952,0.7099,0.1357,0.1228,4193443.2844,4132039.0444,1768969.4447,25663872.9005,25288078.9517,4.0856,4.0856,0.4030,0.4030,4.0303,8.3596
2023-03-21,6.1300,6.2000,6.0000,6.0400,-0.0800,-1.3100,3326249.7300,2022026.4750,5.5000,12.4800,0.8050,1.8803,0.7400,4.9270,4.4365,0.7006,0.1339,0.1212,4193443.2844,4132039.0444,1768969.4447,25328397.4378,24957515.8282,4.1397,4.1397,0.4122,0.4122,4.1223,8.5506
2023-03-22,6.0300,6.2200,6.0000,6.0900,0.0500,0.8300,2862066.0600,1746948.1080,5.5500,12.5800,0.6927,1.6179,0.6400,4.9678,4.4732,0.7064,0.1350,0.1222,4193443.2844,4132039.0444,1768969.4447,25538069.6020,25164117.7804,4.1057,4.1057,0.4191,0.4191,4.1907,8.6924
2023-03-23,6.0600,6.2000,6.0200,6.1800,0.0900,1.4800,2653556.2600,1626815.6290,5.6300,12.7700,0.6422,1.5001,0.6400,5.0412,4.5393,0.7169,0.1370,0.1240,4193443.2844,4132039.0444,1768969.4447,25915479.4976,25536001.2944,4.0459,4.0459,0.4170,0.4170,4.1700,8.6493
2023-03-24,6.1600,6.1600,5.9000,5.9200,-0.2600,-4.2100,5013176.3500,3001807.6820,5.3900,12.2300,1.2132,2.8340,1.2400,4.8291,4.3483,0.6867,0.1313,0.1188,4193443.2844,4132039.0444,1768969.4447,24825184.2436,24461671.1428,4.2236,4.2236,0.4102,0.4102,4.1023,8.5089
2023-03-27,5.9100,5.9600,5.8200,5.8700,-0.0500,-0.8400,2915127.3700,1712456.8720,5.3500,12.1300,0.7055,1.6479,0.7300,4.7883,4.3116,0.6809,0.1301,0.1178,4193443.2844,4132039.0444,1768969.4447,24615512.0794,24255069.1906,4.2596,4.2596,0.4276,0.4276,4.2758,8.8689
2023-03-28,5.9000,5.9700,5.8300,5.8600,-0.0100,-0.1700,2015833.7300,1185106.8150,5.3400,12.1100,0.4879,1.1396,0.6000,4.7801,4.3043,0.6797,0.1299,0.1176,4193443.2844,4132039.0444,1768969.4447,24573577.6466,24213748.8002,4.2669,4.2669,0.4283,0.4283,4.2831,8.8839
2023-03-29,5.8900,5.8900,5.7200,5.7300,-0.1300,-2.2200,2774225.0800,1600158.4900,5.2200,11.8400,0.6714,1.5683,0.9000,4.6741,4.2088,0.6647,0.1270,0.1150,4193443.2844,4132039.0444,1768969.4447,24028430.0196,23676583.7244,4.3637,4.3637,0.4290,0.4290,4.2903,8.8990
2023-03-30,5.7400,5.8600,5.7200,5.8500,0.1200,2.0900,2348631.5900,1358754.8020,5.3300,12.0900,0.5684,1.3277,0.7600,4.7720,4.2969,0.6786,0.1297,0.1174,4193443.2844,4132039.0444,1768969.4447,24531643.2137,24172428.4097,4.2742,4.2742,0.4402,0.4402,4.4024,9.1315
2023-03-31,5.8300,5.8700,5.7700,5.8000,-0.0500,-0.8500,1890894.2900,1097005.0940,5.2800,11.9900,0.4576,1.0689,0.6300,4.7312,4.2602,0.6728,0.1286,0.1164,4193443.2844,4132039.0444,1768969.4447,24321971.0495,23965826.4575,4.3110,4.3110,0.4334,0.4334,4.3345,8.9906
2023-04-03,5.7900,5.9200,5.7300,5.8500,0.0500,0.8600,2573397.2200,1507205.7190,5.3300,12.0900,0.6228,1.4547,1.0800,4.7720,4.2969,0.6786,0.1297,0.1174,4193443.2844,4132039.0444,1768969.4447,24531643.2137,24172428.4097,4.2742,4.2742,0.4364,0.4364,4.3644,9.0527
2023-04-04,5.8500,6.1800,5.8200,6.1600,0.3100,5.3000,5696699.5000,3452791.9010,5.6100,12.7300,1.3787,3.2203,2.4500,5.0249,4.5246,0.7145,0.1366,0.1236,4193443.2844,4132039.0444,1768969.4447,25831610.6319,25453360.5135,4.0591,4.0591,0.4320,0.4320,4.3197,8.9598
2023-04-06,6.1400,6.1900,6.0500,6.1100,-0.0500,-0.8100,2280979.5300,1392678.2860,5.5600,12.6300,0.5520,1.2894,0.7500,4.9841,4.4879,0.7087,0.1355,0.1226,4193443.2844,4132039.0444,1768969.4447,25621938.4677,25246758.5613,4.0923,4.0923,0.4116,0.4116,4.1156,8.5366
2023-04-07,6.1300,6.1800,6.0700,6.1200,0.0100,0.1600,1838821.2700,1126096.3190,5.5700,12.6500,0.4450,1.0395,0.6200,4.9922,4.4952,0.7099,0.1357,0.1228,4193443.2844,4132039.0444,1768969.4447,25663872.9005,25288078.9517,4.0856,4.0856,0.4122,0.4122,4.1223,8.5506
2023-04-10,6.1100,6.2400,6.0800,6.1700,0.0500,0.8200,2487801.7700,1540644.8460,5.6200,12.7500,0.6021,1.4064,0.8700,5.0330,4.5320,0.7157,0.1368,0.1238,4193443.2844,4132039.0444,1768969.4447,25873545.0647,25494680.9039,4.0525,4.0525,0.4136,0.4136,4.1358,8.5786
2023-04-11,6.1600,6.2400,6.0500,6.2200,0.0500,0.8100,3002979.1000,1851785.8420,5.6600,12.8500,0.7268,1.6976,1.0100,5.0738,4.5687,0.7215,0.1379,0.1248,4193443.2844,4132039.0444,1768969.4447,26083217.2290,25701282.8562,4.0199,4.0199,0.4102,0.4102,4.1023,8.5089
2023-04-12,6.2200,6.4200,6.1700,6.4100,0.1900,3.0500,4035784.7700,2554691.8270,5.8400,13.2500,0.9767,2.2814,1.3200,5.2288,4.7083,0.7435,0.1421,0.1286,4193443.2844,4132039.0444,1768969.4447,26879971.4530,26486370.2746,3.9008,3.9008,0.4063,0.4063,4.0627,8.4268
2023-04-13,6.3700,6.4200,6.3000,6.3900,-0.0200,-0.3100,2231032.4500,1419290.2190,5.8200,13.2000,0.5399,1.2612,0.8200,5.2125,4.6936,0.7412,0.1417,0.1282,4193443.2844,4132039.0444,1768969.4447,26796102.5873,26403729.4937,3.9130,3.9130,0.3967,0.3967,3.9670,8.2284
2023-04-14,6.3700,6.5300,6.3400,6.4900,0.1000,1.5600,3353658.5400,2168328.0650,5.9100,13.4100,0.8116,1.8958,1.2300,5.2940,4.7670,0.7528,0.1439,0.1302,4193443.2844,4132039.0444,1768969.4447,27215446.9158,26816933.3982,3.8527,3.8527,0.3967,0.3967,3.9670,8.2284
2023-04-17,6.4600,6.6500,6.3900,6.5800,0.0900,1.3900,4154902.3800,2718138.4800,5.9900,13.6000,1.0055,2.3488,1.3700,5.3675,4.8331,0.7633,0.1459,0.1321,4193443.2844,4132039.0444,1768969.4447,27592856.8114,27188816.9122,3.8000,3.8000,0.3912,0.3912,3.9118,8.1138
2023-04-18,6.4100,6.5500,6.3300,6.5000,-0.0800,-1.2200,4604236.7000,2967465.7110,5.9200,13.4300,1.1143,2.6028,1.3700,5.3498,5.3498,0.7282,0.1326,0.1326,4193443.2844,4132039.0444,1768969.4447,27257381.3486,26858253.7886,3.8467,3.8467,0.3942,0.3942,3.9423,8.1771
2023-04-19,6.4700,6.5700,6.3200,6.3400,-0.1600,-2.4600,3502687.0900,2251652.1050,5.7700,13.1000,0.8477,1.9801,0.9500,5.2181,5.2181,0.7103,0.1294,0.1294,4193443.2844,4132039.0444,1768969.4447,26586430.4231,26197127.5415,3.9438,3.9438,0.3906,0.3906,3.9057,8.1012
2023-04-20,6.3200,6.5100,6.2900,6.4700,0.1300,2.0500,3747486.2300,2401818.6000,5.8900,13.3700,0.9069,2.1185,1.0500,5.3251,5.3251,0.7248,0.1320,0.1320,4193443.2844,4132039.0444,1768969.4447,27131578.0501,26734292.6173,3.8646,3.8646,0.3998,0.3998,3.9984,8.2935
2023-04-21,6.5000,6.5800,6.3700,6.3700,-0.1000,-1.5500,3114731.7300,2013965.1660,5.8000,13.1600,0.7538,1.7608,0.8000,5.2428,5.2428,0.7136,0.1300,0.1300,4193443.2844,4132039.0444,1768969.4447,26712233.7216,26321088.7128,3.9252,3.9252,0.3888,0.3888,3.8877,8.0638
2023-04-24,6.4000,6.4600,6.2100,6.2400,-0.1300,-2.0400,4080248.4100,2582338.9800,5.6800,12.8900,0.9875,2.3066,1.0700,5.1358,5.1358,0.6991,0.1273,0.1273,4193443.2844,4132039.0444,1768969.4447,26167086.0947,25783923.6371,4.0070,4.0070,0.3948,0.3948,3.9484,8.1898
2023-04-25,6.3000,6.3800,6.2200,6.3000,0.0600,0.9600,3134842.1700,1973470.7650,5.7400,13.0200,0.7587,1.7721,0.8200,5.1852,5.1852,0.7058,0.1286,0.1286,4193443.2844,4132039.0444,1768969.4447,26418692.6917,26031845.9797,3.9689,3.9689,0.4011,0.4011,4.0111,8.3198
2023-04-26,6.2600,6.3000,6.0700,6.1300,-0.1700,-2.7000,3515136.4100,2170731.0230,5.5800,12.6700,0.8507,1.9871,1.0000,5.0453,5.0453,0.6867,0.1251,0.1251,4193443.2844,4132039.0444,1768969.4447,25705807.3334,25329399.3422,4.0789,4.0789,0.4037,0.4037,4.0367,8.3730
2023-04-27,6.1800,6.3900,6.1400,6.3000,0.1700,2.7700,3136117.6500,1972802.1720,5.7400,13.0200,0.7590,1.7729,0.8900,5.1852,5.1852,0.7058,0.1286,0.1286,4193443.2844,4132039.0444,1768969.4447,26418692.6917,26031845.9797,3.9689,3.9689,0.4089,0.4089,4.0890,8.4814
2023-04-28,6.4400,6.5800,6.3600,6.5700,0.2700,4.2900,5356341.0900,3475633.9530,5.9800,13.5800,1.2963,3.0279,1.5800,5.4074,5.2207,0.7069,0.1341,0.1315,4193443.2844,4132039.0444,1768969.4447,27550922.3785,27147496.5217,3.8058,3.8058,0.3924,0.3924,3.9239,8.1390
2023-05-04,6.5000,7.0400,6.4500,7.0000,0.4300,6.5400,8135428.4400,5552954.7900,6.3700,14.4600,1.9689,4.5990,2.1200,5.7613,5.5624,0.7531,0.1428,0.1402,4193443.2844,4132039.0444,1768969.4447,29354102.9908,28924273.3108,3.5720,3.5720,0.3888,0.3888,3.8877,8.0638
2023-05-05,7.0000,7.0500,6.9000,6.9200,-0.0800,-1.1400,4809402.6400,3347175.4450,6.3000,14.3000,1.1639,2.7188,1.0300,5.6955,5.4988,0.7445,0.1412,0.1386,4193443.2844,4132039.0444,1768969.4447,29018627.5280,28593710.1872,3.6133,3.6133,0.3610,0.3610,3.6100,7.4879
2023-05-08,6.9200,7.2200,6.8600,7.0800,0.1600,2.3100,6262713.5500,4416527.4610,6.4500,14.6300,1.5156,3.5403,1.2500,5.8272,5.6260,0.7617,0.1445,0.1418,4193443.2844,4132039.0444,1768969.4447,29689578.4536,29254836.4344,3.5316,3.5316,0.3652,0.3652,3.6517,7.5744
2023-05-09,7.1100,7.3500,6.9500,6.9700,-0.1100,-1.5500,6640188.7500,4733714.2190,6.3500,14.4000,1.6070,3.7537,1.2000,5.7366,5.5386,0.7499,0.1422,0.1396,4193443.2844,4132039.0444,1768969.4447,29228299.6923,28800312.1395,3.5874,3.5874,0.3554,0.3554,3.5541,7.3720
2023-05-10,6.9800,7.0000,6.7300,6.7700,-0.2000,-2.8700,4555908.7900,3115909.7190,6.1600,13.9900,1.1026,2.5755,0.7300,5.5720,5.3796,0.7284,0.1381,0.1355,4193443.2844,4132039.0444,1768969.4447,28389611.0354,27973904.3306,3.6933,3.6933,0.3620,0.3620,3.6203,7.5093
2023-05-11,6.7900,6.8400,6.7000,6.7300,-0.0400,-0.5900,2807212.5900,1896652.2790,6.1300,13.9100,0.6794,1.5869,0.4600,5.5391,5.3478,0.7241,0.1373,0.1347,4193443.2844,4132039.0444,1768969.4447,28221873.3040,27808622.7688,3.7153,3.7153,0.3722,0.3722,3.7216,7.7194
2023-05-12,6.7100,6.7900,6.5300,6.5300,-0.2000,-2.9700,3121882.3200,2064967.9770,5.9500,13.4900,0.7555,1.7648,0.6200,5.3745,5.1889,0.7026,0.1332,0.1307,4193443.2844,4132039.0444,1768969.4447,27383184.6471,26982214.9599,3.8291,3.8291,0.3766,0.3766,3.7660,7.8115
2023-05-15,6.5200,6.5400,6.3400,6.4900,-0.0400,-0.6100,3929270.8600,2524715.8960,5.9100,13.4100,0.9509,2.2212,0.8400,5.3416,5.1571,0.6983,0.1324,0.1299,4193443.2844,4132039.0444,1768969.4447,27215446.9158,26816933.3982,3.8527,3.8527,0.3876,0.3876,3.8758,8.0391
2023-05-16,6.4900,6.5400,6.3000,6.3300,-0.1600,-2.4700,2910453.2500,1861194.5670,5.7600,13.0800,0.7044,1.6453,0.6900,5.2099,5.0300,0.6811,0.1292,0.1267,4193443.2844,4132039.0444,1768969.4447,26544495.9903,26155807.1511,3.9501,3.9501,0.3894,0.3894,3.8937,8.0763
2023-05-17,6.3200,6.3800,6.2300,6.3300,0.0000,0.0000,2682714.1900,1692117.7500,5.7600,13.0800,0.6492,1.5165,0.7700,5.2099,5.0300,0.6811,0.1292,0.1267,4193443.2844,4132039.0444,1768969.4447,26544495.9903,26155807.1511,3.9501,3.9501,0.3998,0.3998,3.9984,8.2935
2023-05-18,6.3300,6.4000,6.2700,6.2800,-0.0500,-0.7900,3248462.8500,2056702.5540,5.7200,12.9800,0.7862,1.8364,1.0500,5.1687,4.9903,0.6757,0.1281,0.1257,4193443.2844,4132039.0444,1768969.4447,26334823.8260,25949205.1988,3.9815,3.9815,0.3992,0.3992,3.9921,8.2804
2023-05-19,6.2500,6.2500,6.1100,6.1800,-0.1000,-1.5900,3017398.0600,1863969.3900,5.6300,12.7700,0.7302,1.7057,0.9500,5.0864,4.9108,0.6649,0.1261,0.1237,4193443.2844,4132039.0444,1768969.4447,25915479.4976,25536001.2944,4.0459,4.0459,0.4043,0.4043,4.0432,8.3864
2023-05-22,6.1900,6.2400,6.1500,6.1600,-0.0200,-0.3200,2064172.7900,1275614.2040,5.6100,12.7300,0.4996,1.1669,0.6500,5.0700,4.8949,0.6628,0.1257,0.1233,4193443.2844,4132039.0444,1768969.4447,25831610.6319,25453360.5135,4.0591,4.0591,0.4082,0.4082,4.0824,8.4677
2023-05-23,6.1700,6.2200,6.0500,6.0500,-0.1100,-1.7900,2445523.9900,1496198.7190,5.5100,12.5000,0.5918,1.3825,0.8800,4.9794,4.8075,0.6509,0.1235,0.1211,4193443.2844,4132039.0444,1768969.4447,25370331.8706,24998836.2186,4.1329,4.1329,0.4096,0.4096,4.0956,8.4951
2023-05-24,6.0100,6.0300,5.8400,5.8500,-0.2000,-3.3100,3670509.2000,2169725.5590,5.3300,12.0900,0.8883,2.0749,1.3600,4.8148,4.6486,0.6294,0.1194,0.1171,4193443.2844,4132039.0444,1768969.4447,24531643.2137,24172428.4097,4.2742,4.2742,0.4205,0.4205,4.2047,8.7213
2023-05-25,5.8200,5.8400,5.7400,5.8000,-0.0500,-0.8500,2863582.0200,1656186.3340,5.2800,11.9900,0.6930,1.6188,0.9900,4.7737,4.6088,0.6240,0.1184,0.1161,4193443.2844,4132039.0444,1768969.4447,24321971.0495,23965826.4575,4.3110,4.3110,0.4342,0.4342,4.3419,9.0060
2023-05-26,5.8000,5.8200,5.6900,5.7500,-0.0500,-0.8600,2449725.6700,1407784.0830,5.2400,11.8800,0.5929,1.3848,0.8700,4.7325,4.5691,0.6187,0.1173,0.1151,4193443.2844,4132039.0444,1768969.4447,24112298.8853,23759224.5053,4.3485,4.3485,0.4357,0.4357,4.3569,9.0371
2023-05-29,5.7800,5.8500,5.7500,5.8000,0.0500,0.8700,2432099.4000,1409870.5570,5.2800,11.9900,0.5886,1.3749,0.9000,4.7737,4.6088,0.6240,0.1184,0.1161,4193443.2844,4132039.0444,1768969.4447,24321971.0495,23965826.4575,4.3110,4.3110,0.4372,0.4372,4.3720,9.0683
2023-05-30,5.8000,6.0100,5.7800,5.9600,0.1600,2.7600,4352310.6900,2573893.8570,5.4300,12.3200,1.0533,2.4604,1.5700,4.9054,4.7360,0.6412,0.1216,0.1193,4193443.2844,4132039.0444,1768969.4447,24992921.9750,24626952.7046,4.1953,4.1953,0.4357,0.4357,4.3569,9.0371
2023-05-31,5.9000,5.9800,5.8700,5.9000,-0.0600,-1.0100,2670662.8100,1580498.4870,5.3700,12.1900,0.6463,1.5097,0.8500,4.8560,4.6883,0.6348,0.1204,0.1181,4193443.2844,4132039.0444,1768969.4447,24741315.3780,24379030.3620,4.2379,4.2379,0.4283,0.4283,4.2831,8.8839
2023-06-01,5.8900,6.0600,5.8700,6.0100,0.1100,1.8600,2981381.2600,1785948.0690,5.4700,12.4200,0.7215,1.6854,1.0100,4.9465,4.7757,0.6466,0.1226,0.1203,4193443.2844,4132039.0444,1768969.4447,25202594.1392,24833554.6568,4.1604,4.1604,0.4290,0.4290,4.2903,8.8990
2023-06-02,6.0100,6.1100,5.9500,6.0800,0.0700,1.1600,2571889.8100,1551662.0840,5.5400,12.5700,0.6224,1.4539,0.8600,5.0041,4.8313,0.6542,0.1241,0.1217,4193443.2844,4132039.0444,1768969.4447,25496135.1692,25122797.3900,4.1125,4.1125,0.4205,0.4205,4.2047,8.7213
2023-06-05,6.0600,6.1000,5.9800,6.0000,-0.0800,-1.3200,2392280.6800,1442961.2910,5.4700,12.4000,0.5790,1.3524,0.8000,4.9383,4.7678,0.6455,0.1224,0.1201,4193443.2844,4132039.0444,1768969.4447,25160659.7064,24792234.2664,4.1673,4.1673,0.4170,0.4170,4.1700,8.6493
2023-06-06,6.0000,6.2100,5.9700,6.0200,0.0200,0.3300,3304865.3500,2017740.9880,5.4800,12.4400,0.7998,1.8682,1.1000,4.9547,4.7837,0.6477,0.1228,0.1205,4193443.2844,4132039.0444,1768969.4447,25244528.5721,24874875.0473,4.1535,4.1535,0.4212,0.4212,4.2117,8.7358
2023-06-07,6.0500,6.1100,5.9900,6.0200,0.0000,0.0000,1533566.8400,926719.2750,5.4800,12.4400,0.3711,0.8669,0.5500,4.9547,4.7837,0.6477,0.1228,0.1205,4193443.2844,4132039.0444,1768969.4447,25244528.5721,24874875.0473,4.1535,4.1535,0.4177,0.4177,4.1769,8.6636
2023-06-08,6.0400,6.1800,5.9600,6.1700,0.1500,2.4900,2206169.0300,1346877.7260,5.6200,12.7500,0.5339,1.2471,0.8600,5.0782,4.9029,0.6638,0.1259,0.1235,4193443.2844,4132039.0444,1768969.4447,25873545.0647,25494680.9039,4.0525,4.0525,0.4184,0.4184,4.1838,8.6780
2023-06-09,6.1400,6.2200,6.1300,6.1800,0.0100,0.1600,1650419.0200,1020855.9140,5.6300,12.7700,0.3994,0.9330,0.6900,5.0864,4.9108,0.6649,0.1261,0.1237,4193443.2844,4132039.0444,1768969.4447,25915479.4976,25536001.2944,4.0459,4.0459,0.4116,0.4116,4.1156,8.5366
2023-06-12,6.1600,6.1700,6.0500,6.0500,-0.1300,-2.1000,1977175.6400,1204115.8630,5.5100,12.5100,0.4785,1.1177,0.8900,4.9794,4.8075,0.6509,0.1235,0.1211,4193443.2844,4132039.0444,1768969.4447,25370331.8706,24998836.2186,4.1329,4.1329,0.4102,0.4102,4.1023,8.5089
2023-06-13,6.0600,6.0800,5.9500,6.0000,-0.0500,-0.8300,1819493.4600,1091326.0080,5.4700,12.4000,0.4403,1.0286,0.8500,4.9383,4.7678,0.6455,0.1224,0.1201,4193443.2844,4132039.0444,1768969.4447,25160659.7064,24792234.2664,4.1673,4.1673,0.4170,0.4170,4.1700,8.6493
2023-06-14,6.0000,6.0800,5.9300,5.9500,-0.0500,-0.8300,1579381.8300,946223.0750,5.4200,12.3000,0.3822,0.8928,0.8600,4.8971,4.7280,0.6402,0.1214,0.1191,4193443.2844,4132039.0444,1768969.4447,24950987.5422,24585632.3142,4.2023,4.2023,0.4212,0.4212,4.2117,8.7358
2023-06-15,5.9600,6.0200,5.9300,6.0100,0.0600,1.0100,1369080.7300,818843.3050,5.4700,12.4200,0.3313,0.7739,0.7400,4.9465,4.7757,0.6466,0.1226,0.1203,4193443.2844,4132039.0444,1768969.4447,25202594.1392,24833554.6568,4.1604,4.1604,0.4240,0.4240,4.2399,8.7945
2023-06-16,6.0300,6.1500,6.0200,6.1200,0.1100,1.8300,2413705.0700,1473850.6570,5.5700,12.6500,0.5841,1.3645,1.4400,5.0370,4.8631,0.6585,0.1249,0.1225,4193443.2844,4132039.0444,1768969.4447,25663872.9005,25288078.9517,4.0856,4.0856,0.4191,0.4191,4.1907,8.6924
2023-06-19,6.1100,6.1200,5.9000,5.9100,-0.2100,-3.4300,3106538.2200,1846293.8850,5.3800,12.2200,0.7518,1.7561,1.7000,4.8642,4.6963,0.6359,0.1206,0.1183,4193443.2844,4132039.0444,1768969.4447,24783249.8108,24420350.7524,4.2308,4.2308,0.4136,0.4136,4.1358,8.5786
2023-06-20,5.9000,5.9500,5.8200,5.8400,-0.0700,-1.1800,2047977.8200,1201669.8290,5.3200,12.0700,0.4956,1.1577,1.0000,4.8066,4.6406,0.6283,0.1192,0.1169,4193443.2844,4132039.0444,1768969.4447,24489708.7809,24131108.0193,4.2815,4.2815,0.4283,0.4283,4.2831,8.8839
2023-06-21,5.8300,5.9300,5.8100,5.8700,0.0300,0.5100,1760943.8600,1035918.6020,5.3500,12.1300,0.4262,0.9955,0.8400,4.8313,4.6645,0.6316,0.1198,0.1175,4193443.2844,4132039.0444,1768969.4447,24615512.0794,24255069.1906,4.2596,4.2596,0.4334,0.4334,4.3345,8.9906
2023-06-26,5.8400,5.8500,5.6600,5.6900,-0.1800,-3.0700,2006471.1100,1150974.6770,5.1800,11.7600,0.4856,1.1343,0.9400,4.6831,4.5214,0.6122,0.1161,0.1139,4193443.2844,4132039.0444,1768969.4447,23860692.2882,23511302.1626,4.3943,4.3943,0.4327,0.4327,4.3271,8.9752
2023-06-27,5.7000,5.9300,5.6900,5.9000,0.2100,3.6900,2253369.7900,1315099.5610,5.3700,12.2000,0.5453,1.2738,0.9900,4.8560,4.6883,0.6348,0.1204,0.1181,4193443.2844,4132039.0444,1768969.4447,24741315.3780,24379030.3620,4.2379,4.2379,0.4433,0.4433,4.4333,9.1956
2023-06-28,5.9200,5.9700,5.8600,5.9600,0.0600,1.0200,1671752.7600,990871.0990,5.4300,12.3200,0.4046,0.9450,0.7500,4.9054,4.7360,0.6412,0.1216,0.1193,4193443.2844,4132039.0444,1768969.4447,24992921.9750,24626952.7046,4.1953,4.1953,0.4269,0.4269,4.2686,8.8539
2023-06-29,5.9700,6.0200,5.8800,5.9800,0.0200,0.3400,1777626.7200,1061376.4600,5.4500,12.3600,0.4302,1.0049,0.9100,4.9218,4.7519,0.6434,0.1220,0.1197,4193443.2844,4132039.0444,1768969.4447,25076790.8407,24709593.4855,4.1812,4.1812,0.4233,0.4233,4.2328,8.7797
2023-06-30,5.7600,5.8400,5.7200,5.7400,-0.2400,-4.0100,1611174.6700,930601.4120,5.4600,12.3800,0.3899,0.9108,0.8500,4.7243,4.5612,0.6348,0.1171,0.1149,4193443.2844,4132039.0444,1768969.4447,24070364.4525,23717904.1149,4.3561,4.4024,0.4387,0.4387,4.3872,9.0998
2023-07-03,5.7400,5.8300,5.6800,5.7800,0.0400,0.7000,2161222.6400,1247219.5310,5.4900,12.4700,0.5230,1.2217,1.1600,4.7572,4.5930,0.6393,0.1179,0.1157,4193443.2844,4132039.0444,1768969.4447,24238102.1838,23883185.6766,4.3259,4.3720,0.4402,0.4402,4.4024,9.1315
2023-07-04,5.7600,5.8400,5.6800,5.7300,-0.0500,-0.8700,1747011.8700,1003970.3050,5.4500,12.3600,0.4228,0.9876,0.9200,4.7161,4.5532,0.6337,0.1169,0.1147,4193443.2844,4132039.0444,1768969.4447,24028430.0196,23676583.7244,4.3637,4.4101,0.4387,0.4387,4.3872,9.0998
2023-07-05,5.7100,5.8400,5.7000,5.7500,0.0200,0.3500,1356663.8000,784484.4820,5.4700,12.4000,0.3283,0.7669,0.7600,4.7325,4.5691,0.6359,0.1173,0.1151,4193443.2844,4132039.0444,1768969.4447,24112298.8853,23759224.5053,4.3485,4.3948,0.4426,0.4426,4.4256,9.1795
2023-07-06,5.7400,5.7500,5.6600,5.6900,-0.0600,-1.0400,1258472.8300,717230.6580,5.4100,12.2700,0.3046,0.7114,0.7300,4.6831,4.5214,0.6293,0.1161,0.1139,4193443.2844,4132039.0444,1768969.4447,23860692.2882,23511302.1626,4.3943,4.4411,0.4402,0.4402,4.4024,9.1315
2023-07-07,5.6700,5.7100,5.6200,5.6400,-0.0500,-0.8800,1385265.4700,783194.6230,5.3600,12.1700,0.3352,0.7831,0.8500,4.6420,4.4817,0.6238,0.1151,0.1129,4193443.2844,4132039.0444,1768969.4447,23651020.1240,23304700.2104,4.4333,4.4805,0.4457,0.4457,4.4568,9.2443
2023-07-10,5.6600,5.7400,5.6600,5.6900,0.0500,0.8900,1151692.8600,656125.6460,5.4100,12.2700,0.2787,0.6511,0.7300,4.6831,4.5214,0.6293,0.1161,0.1139,4193443.2844,4132039.0444,1768969.4447,23860692.2882,23511302.1626,4.3943,4.4411,0.4465,0.4465,4.4647,9.2606
2023-07-11,5.7400,5.7700,5.6800,5.7300,0.0400,0.7000,1031780.6300,590752.6760,5.4500,12.3600,0.2497,0.5833,0.7500,4.7161,4.5532,0.6337,0.1169,0.1147,4193443.2844,4132039.0444,1768969.4447,24028430.0196,23676583.7244,4.3637,4.4101,0.4402,0.4402,4.4024,9.1315
2023-07-12,5.7400,5.7600,5.6400,5.6400,-0.0900,-1.5700,1228511.3000,698659.0970,5.3600,12.1700,0.2973,0.6945,0.9900,4.6420,4.4817,0.6238,0.1151,0.1129,4193443.2844,4132039.0444,1768969.4447,23651020.1240,23304700.2104,4.4333,4.4805,0.4402,0.4402,4.4024,9.1315
2023-07-13,5.6700,5.7200,5.6600,5.7100,0.0700,1.2400,1263048.1800,719261.2150,5.4300,12.3200,0.3057,0.7140,1.0400,4.6996,4.5373,0.6315,0.1165,0.1143,4193443.2844,4132039.0444,1768969.4447,23944561.1539,23593942.9435,4.3790,4.4256,0.4457,0.4457,4.4568,9.2443
2023-07-14,5.7400,5.7700,5.6800,5.7100,0.0000,0.0000,1257711.7300,718773.7620,5.4300,12.3200,0.3044,0.7110,1.0400,4.6996,4.5373,0.6315,0.1165,0.1143,4193443.2844,4132039.0444,1768969.4447,23944561.1539,23593942.9435,4.3790,4.4256,0.4402,0.4402,4.4024,9.1315
2023-07-17,5.7000,5.7000,5.6300,5.6600,-0.0500,-0.8800,946836.8000,534781.2360,5.3800,12.2100,0.2291,0.5352,0.8000,4.6584,4.4976,0.6260,0.1155,0.1133,4193443.2844,4132039.0444,1768969.4447,23734888.9897,23387340.9913,4.4176,4.4647,0.4433,0.4433,4.4333,9.1956
2023-07-18,5.6700,5.6700,5.5900,5.6200,-0.0400,-0.7100,1221588.1800,686678.0690,5.3400,12.1200,0.2956,0.6906,1.0700,4.6255,4.4658,0.6216,0.1147,0.1125,4193443.2844,4132039.0444,1768969.4447,23567151.2583,23222059.4295,4.4491,4.4964,0.4457,0.4457,4.4568,9.2443
2023-07-19,5.6000,5.6600,5.5900,5.6500,0.0300,0.5300,1066115.7800,599230.3780,5.3700,12.1900,0.2580,0.6027,0.9000,4.6502,4.4897,0.6249,0.1153,0.1131,4193443.2844,4132039.0444,1768969.4447,23692954.5569,23346020.6009,4.4255,4.4726,0.4512,0.4512,4.5125,9.3598
2023-07-20,5.6500,5.6900,5.6000,5.6100,-0.0400,-0.7100,1403892.6200,793434.0770,5.3300,12.1000,0.3398,0.7936,1.2200,4.6173,4.4579,0.6205,0.1145,0.1123,4193443.2844,4132039.0444,1768969.4447,23525216.8255,23180739.0391,4.4570,4.5045,0.4473,0.4473,4.4726,9.2770
2023-07-21,5.5600,5.5600,5.4700,5.5000,-0.1100,-1.9600,2730538.8500,1504508.6090,5.2300,11.8600,0.6608,1.5436,2.3200,4.5268,4.3705,0.6083,0.1122,0.1101,4193443.2844,4132039.0444,1768969.4447,23063938.0642,22726214.7442,4.5462,4.5945,0.4545,0.4545,4.5450,9.4272
2023-07-24,5.4800,5.5800,5.4500,5.5600,0.0600,1.0900,1631425.4200,901229.4350,5.2900,11.9900,0.3948,0.9222,1.1100,4.5761,4.4181,0.6149,0.1135,0.1113,4193443.2844,4132039.0444,1768969.4447,23315544.6613,22974137.0869,4.4971,4.5450,0.4611,0.4611,4.6113,9.5648
2023-07-25,5.6300,5.8200,5.6200,5.8200,0.2600,4.6800,3580780.4500,2064466.9180,5.5300,12.5500,0.8666,2.0242,2.2200,4.7901,4.6247,0.6437,0.1188,0.1165,4193443.2844,4132039.0444,1768969.4447,24405839.9152,24048467.2384,4.2962,4.3419,0.4488,0.4488,4.4885,9.3099
2023-07-26,5.8100,5.8500,5.7800,5.8300,0.0100,0.1700,1381750.9900,803449.2100,5.5400,12.5800,0.3344,0.7811,0.6600,4.7984,4.6327,0.6448,0.1190,0.1167,4193443.2844,4132039.0444,1768969.4447,24447774.3481,24089787.6289,4.2888,4.3345,0.4349,0.4349,4.3494,9.0215
2023-07-27,5.8400,5.8700,5.8000,5.8100,-0.0200,-0.3400,1160330.5000,677040.1030,5.5200,12.5300,0.2808,0.6559,0.5400,4.7819,4.6168,0.6426,0.1186,0.1163,4193443.2844,4132039.0444,1768969.4447,24363905.4824,24007146.8480,4.3036,4.3494,0.4327,0.4327,4.3271,8.9752
2023-07-28,5.8100,6.0400,5.7800,6.0200,0.2100,3.6100,2856620.4100,1697441.0890,5.7200,12.9900,0.6913,1.6149,1.3600,4.9547,4.7837,0.6658,0.1228,0.1205,4193443.2844,4132039.0444,1768969.4447,25244528.5721,24874875.0473,4.1535,4.1977,0.4349,0.4349,4.3494,9.0215
2023-07-31,6.0500,6.2500,6.0500,6.1100,0.0900,1.5000,3020477.2300,1856098.8030,5.8100,13.1800,0.7310,1.7075,1.4200,5.0288,4.8552,0.6758,0.1247,0.1223,4193443.2844,4132039.0444,1768969.4447,25621938.4677,25246758.5613,4.0923,4.1358,0.4177,0.4177,4.1769,8.6636
2023-08-01,6.0800,6.1700,6.0600,6.1000,-0.0100,-0.1600,1484181.8600,905617.8140,5.8000,13.1600,0.3592,0.8390,0.6200,5.0188,4.8455,0.6745,0.1244,0.1221,4191951.4444,4132039.0444,1768969.4447,25570903.8108,25205438.1708,4.1004,4.1441,0.4156,0.4156,4.1562,8.6209
2023-08-02,6.0900,6.1600,6.0300,6.0700,-0.0300,-0.4900,1213072.1300,737015.1340,5.7700,13.0900,0.2936,0.6858,0.6100,4.9941,4.8217,0.6712,0.1238,0.1215,4191951.4444,4132039.0444,1768969.4447,25445145.2675,25081476.9995,4.1207,4.1646,0.4149,0.4149,4.1494,8.6067
2023-08-03,6.0600,6.1400,6.0100,6.1100,0.0400,0.6600,1171000.8400,711144.2300,5.8100,13.1800,0.2834,0.6620,0.6000,5.0270,4.8535,0.6756,0.1246,0.1223,4191951.4444,4132039.0444,1768969.4447,25612823.3253,25246758.5613,4.0937,4.1373,0.4170,0.4170,4.1700,8.6493
2023-08-04,6.1500,6.2400,6.0800,6.0900,-0.0200,-0.3300,1557327.8300,957258.4460,5.7900,13.1400,0.3769,0.8804,0.8000,5.0106,4.8376,0.6734,0.1242,0.1219,4191951.4444,4132039.0444,1768969.4447,25528984.2964,25164117.7804,4.1072,4.1509,0.4109,0.4109,4.1089,8.5228
2023-08-07,6.0800,6.1000,5.9800,6.0300,-0.0600,-0.9900,1528374.7200,920498.1150,5.7300,13.0100,0.3699,0.8640,0.9000,4.9612,4.7899,0.6668,0.1230,0.1207,4191951.4444,4132039.0444,1768969.4447,25277467.2097,24916195.4377,4.1480,4.1922,0.4156,0.4156,4.1562,8.6209
2023-08-08,6.0000,6.0600,5.9800,6.0100,-0.0200,-0.3300,1019118.1200,613444.8750,5.7100,12.9600,0.2466,0.5761,0.7300,4.9447,4.7740,0.6645,0.1226,0.1203,4191951.4444,4132039.0444,1768969.4447,25193628.1808,24833554.6568,4.1619,4.2062,0.4212,0.4212,4.2117,8.7358
2023-08-09,6.0000,6.0600,5.9800,6.0400,0.0300,0.5000,1002076.8200,604533.7280,5.7400,13.0300,0.2425,0.5665,0.7700,4.9694,4.7978,0.6679,0.1232,0.1209,4191951.4444,4132039.0444,1768969.4447,25319386.7242,24957515.8282,4.1412,4.1853,0.4212,0.4212,4.2117,8.7358
2023-08-10,6.0300,6.0700,5.9800,6.0000,-0.0400,-0.6600,1095637.7700,658675.1860,5.7000,12.9400,0.2652,0.6194,0.8700,4.9365,4.7661,0.6634,0.1224,0.1201,4191951.4444,4132039.0444,1768969.4447,25151708.6664,24792234.2664,4.1688,4.2132,0.4191,0.4191,4.1907,8.6924
2023-08-11,6.0200,6.0400,5.8600,5.8600,-0.1400,-2.3300,1868680.5300,1107236.1830,5.5700,12.6400,0.4522,1.0564,1.5100,4.8213,4.6549,0.6480,0.1195,0.1173,4191951.4444,4132039.0444,1768969.4447,24564835.4642,24213748.8002,4.2684,4.3138,0.4198,0.4198,4.1977,8.7068
2023-08-14,5.8200,5.9400,5.7700,5.9000,0.0400,0.6800,1902826.5600,1111497.2950,5.6100,12.7300,0.4605,1.0757,1.4600,4.8542,4.6866,0.6524,0.1203,0.1181,4191951.4444,4132039.0444,1768969.4447,24732513.5220,24379030.3620,4.2394,4.2846,0.4342,0.4342,4.3419,9.0060
2023-08-15,5.9000,5.9400,5.8600,5.9200,0.0200,0.3400,1213088.1700,716689.0500,5.6300,12.7700,0.2936,0.6858,0.8800,4.8707,4.7025,0.6546,0.1208,0.1185,4191951.4444,4132039.0444,1768969.4447,24816352.5508,24461671.1428,4.2251,4.2701,0.4283,0.4283,4.2831,8.8839
2023-08-16,5.9200,6.0100,5.8600,5.9400,0.0200,0.3400,1232254.1300,733050.7280,5.6500,12.8100,0.2982,0.6966,0.8700,4.8872,4.7184,0.6568,0.1212,0.1189,4191951.4444,4132039.0444,1768969.4447,24900191.5797,24544311.9237,4.2109,4.2557,0.4269,0.4269,4.2686,8.8539
2023-08-17,5.9300,5.9600,5.8700,5.9400,0.0000,0.0000,1358066.2600,803616.4740,5.6500,12.8100,0.3287,0.7677,0.9300,4.8872,4.7184,0.6568,0.1212,0.1189,4191951.4444,4132039.0444,1768969.4447,24900191.5797,24544311.9237,4.2109,4.2557,0.4261,0.4261,4.2614,8.8390
2023-08-18,5.9400,6.0300,5.8500,5.8500,-0.0900,-1.5200,1386255.1500,821506.7800,5.5600,12.6200,0.3355,0.7837,0.9200,4.8131,4.6469,0.6469,0.1193,0.1171,4191951.4444,4132039.0444,1768969.4447,24522915.9497,24172428.4097,4.2757,4.3212,0.4254,0.4254,4.2542,8.8241
2023-08-21,5.8500,5.9500,5.8200,5.8200,-0.0300,-0.5100,1424022.1000,837177.0630,5.5300,12.5500,0.3446,0.8050,1.0000,4.7884,4.6231,0.6435,0.1187,0.1165,4191951.4444,4132039.0444,1768969.4447,24397157.4064,24048467.2384,4.2977,4.3435,0.4320,0.4320,4.3197,8.9598
2023-08-22,5.8400,5.9500,5.8300,5.9300,0.1100,1.8900,1698611.7200,1002163.5280,5.6400,12.7900,0.4111,0.9602,1.2800,4.8789,4.7105,0.6557,0.1210,0.1187,4191951.4444,4132039.0444,1768969.4447,24858272.0653,24502991.5333,4.2180,4.2629,0.4327,0.4327,4.3271,8.9752
2023-08-23,5.9200,5.9600,5.8500,5.8500,-0.0800,-1.3500,1637411.7000,966387.8440,5.5600,12.6200,0.3963,0.9256,1.1500,4.8131,4.6469,0.6469,0.1193,0.1171,4191951.4444,4132039.0444,1768969.4447,24522915.9497,24172428.4097,4.2757,4.3212,0.4269,0.4269,4.2686,8.8539
2023-08-24,5.8700,5.8900,5.5800,5.5800,-0.2700,-4.6200,3449628.8600,1959704.8220,5.3000,12.0400,0.8348,1.9501,2.3000,4.5910,4.4324,0.6170,0.1138,0.1117,4191951.4444,4132039.0444,1768969.4447,23391089.0598,23056777.8678,4.4826,4.5303,0.4305,0.4305,4.3049,8.9293
2023-08-25,5.5700,5.7100,5.5600,5.6700,0.0900,1.6100,1919973.5500,1085342.6060,5.3900,12.2300,0.4647,1.0854,1.0000,4.6650,4.5039,0.6269,0.1157,0.1135,4191951.4444,4132039.0444,1768969.4447,23768364.6897,23428661.3817,4.4114,4.4584,0.4537,0.4537,4.5368,9.4102
2023-08-28,5.9500,5.9900,5.7800,5.8200,0.1500,2.6500,2811475.6700,1653342.3470,5.5300,12.5500,0.6804,1.5893,1.3900,4.7884,4.6231,0.6435,0.1187,0.1165,4191951.4444,4132039.0444,1768969.4447,24397157.4064,24048467.2384,4.2977,4.3435,0.4247,0.4247,4.2471,8.8092
2023-08-29,5.8200,5.8800,5.7100,5.7500,-0.0700,-1.2000,2453369.2800,1412535.8640,5.4700,12.4000,0.5937,1.3869,1.0700,4.7308,4.5675,0.6358,0.1173,0.1151,4191951.4444,4132039.0444,1768969.4447,24103720.8053,23759224.5053,4.3500,4.3963,0.4342,0.4342,4.3419,9.0060
2023-08-30,5.7100,5.7300,5.6100,5.6200,-0.1300,-2.2600,2315307.2800,1307472.5570,5.3400,12.1200,0.5603,1.3088,0.9400,4.6239,4.5817,0.6001,0.1146,0.1118,4191951.4444,4132039.0444,1768969.4447,23558767.1175,23222059.4295,4.4507,4.4980,0.4426,0.4426,4.4256,9.1795
2023-08-31,5.6500,5.6800,5.6000,5.6300,0.0100,0.1800,1861459.3800,1048142.7450,5.3500,12.1400,0.4505,1.0523,0.7200,4.6321,4.5898,0.6011,0.1148,0.1120,4191951.4444,4132039.0444,1768969.4447,23600686.6320,23263379.8200,4.4428,4.4901,0.4473,0.4473,4.4726,9.2770
2023-09-01,5.6600,5.7700,5.6600,5.7200,0.0900,1.6000,1924544.2100,1101264.2560,5.4400,12.3400,0.4658,1.0879,0.8500,4.7061,4.6632,0.6107,0.1167,0.1138,4191951.4444,4132039.0444,1768969.4447,23977962.2620,23635263.3340,4.3729,4.4194,0.4465,0.4465,4.4647,9.2606
2023-09-04,5.7800,5.8500,5.7600,5.8000,0.0800,1.4000,2216567.7500,1288862.8740,5.5100,12.5100,0.5364,1.2530,0.9800,4.7720,4.7284,0.6193,0.1183,0.1154,4191951.4444,4132039.0444,1768969.4447,24313318.3775,23965826.4575,4.3125,4.3584,0.4372,0.4372,4.3720,9.0683
2023-09-05,5.7800,5.7900,5.6900,5.7200,-0.0800,-1.3800,1419920.4600,812490.8210,5.4400,12.3400,0.3436,0.8027,0.6600,4.7061,4.6632,0.6107,0.1167,0.1138,4191951.4444,4132039.0444,1768969.4447,23977962.2620,23635263.3340,4.3729,4.4194,0.4372,0.4372,4.3720,9.0683
2023-09-06,5.7100,5.7600,5.6600,5.7300,0.0100,0.1700,1523182.9800,869305.2440,5.4500,12.3600,0.3686,0.8611,0.7800,4.7144,4.6714,0.6118,0.1169,0.1140,4191951.4444,4132039.0444,1768969.4447,24019881.7764,23676583.7244,4.3652,4.4117,0.4426,0.4426,4.4256,9.1795
2023-09-07,5.7200,5.7600,5.6700,5.6700,-0.0600,-1.0500,1166940.3000,665836.5410,5.3900,12.2300,0.2824,0.6597,0.6500,4.6650,4.6225,0.6054,0.1157,0.1128,4191951.4444,4132039.0444,1768969.4447,23768364.6897,23428661.3817,4.4114,4.4584,0.4418,0.4418,4.4178,9.1635
2023-09-08,5.6600,5.6800,5.6300,5.6700,0.0000,0.0000,693399.8100,392297.0220,5.3900,12.2300,0.1678,0.3920,0.4200,4.6650,4.6225,0.6054,0.1157,0.1128,4191951.4444,4132039.0444,1768969.4447,23768364.6897,23428661.3817,4.4114,4.4584,0.4465,0.4465,4.4647,9.2606
2023-09-11,5.6900,5.7100,5.6500,5.6900,0.0200,0.3500,1236236.5100,702454.0980,5.4100,12.2700,0.2992,0.6988,0.8800,4.6815,4.6388,0.6075,0.1161,0.1132,4191951.4444,4132039.0444,1768969.4447,23852203.7186,23511302.1626,4.3959,4.4427,0.4441,0.4441,4.4411,9.2118
2023-09-12,5.6900,5.7300,5.6500,5.6600,-0.0300,-0.5300,1023433.4000,581435.4220,5.3800,12.2100,0.2477,0.5785,0.8500,4.6568,4.6143,0.6043,0.1155,0.1126,4191951.4444,4132039.0444,1768969.4447,23726445.1753,23387340.9913,4.4192,4.4663,0.4441,0.4441,4.4411,9.2118
2023-09-13,5.6700,5.7300,5.6500,5.6800,0.0200,0.3500,1557614.2700,885553.0670,5.4000,12.2500,0.3770,0.8805,1.3800,4.6732,4.6306,0.6065,0.1159,0.1130,4191951.4444,4132039.0444,1768969.4447,23810284.2042,23469981.7722,4.4036,4.4505,0.4457,0.4457,4.4568,9.2443
2023-09-14,5.7000,5.7400,5.6700,5.7100,0.0300,0.5300,1183816.4100,675944.1080,5.4300,12.3200,0.2865,0.6692,1.0400,4.6979,4.6551,0.6097,0.1165,0.1136,4191951.4444,4132039.0444,1768969.4447,23936042.7475,23593942.9435,4.3805,4.4271,0.4433,0.4433,4.4333,9.1956
2023-09-15,5.7300,5.7400,5.6200,5.6300,-0.0800,-1.4000,1658419.6400,940764.7270,5.3500,12.1400,0.4014,0.9375,1.4600,4.6321,4.5898,0.6011,0.1148,0.1120,4191951.4444,4132039.0444,1768969.4447,23600686.6320,23263379.8200,4.4428,4.4901,0.4410,0.4410,4.4101,9.1475
2023-09-18,5.6400,5.6500,5.5900,5.6100,-0.0200,-0.3600,1064267.2600,597311.7590,5.3300,12.1000,0.2576,0.6016,0.8000,4.6156,4.5735,0.5990,0.1144,0.1116,4191951.4444,4132039.0444,1768969.4447,23516847.6031,23180739.0391,4.4586,4.5061,0.4480,0.4480,4.4805,9.2934
2023-09-19,5.6200,5.6500,5.5800,5.6300,0.0200,0.3600,975264.1400,547925.3110,5.3500,12.1400,0.2360,0.5513,0.7500,4.6321,4.5898,0.6011,0.1148,0.1120,4191951.4444,4132039.0444,1768969.4447,23600686.6320,23263379.8200,4.4428,4.4901,0.4496,0.4496,4.4964,9.3265
2023-09-20,5.6200,5.6700,5.5700,5.6400,0.0100,0.1800,956227.3900,538448.2210,5.3600,12.1700,0.2314,0.5406,0.7400,4.6403,4.5980,0.6022,0.1150,0.1122,4191951.4444,4132039.0444,1768969.4447,23642606.1464,23304700.2104,4.4349,4.4821,0.4496,0.4496,4.4964,9.3265
2023-09-21,5.6400,5.6700,5.5700,5.5700,-0.0700,-1.2400,1157252.2400,649478.2920,5.2900,12.0100,0.2801,0.6542,0.9900,4.5827,4.5409,0.5947,0.1136,0.1108,4191951.4444,4132039.0444,1768969.4447,23349169.5453,23015457.4773,4.4906,4.5384,0.4480,0.4480,4.4805,9.2934
2023-09-22,5.5600,5.7300,5.5500,5.7300,0.1600,2.8700,1913611.6900,1082760.4400,5.4500,12.3600,0.4631,1.0818,1.6500,4.7144,4.6714,0.6118,0.1169,0.1140,4191951.4444,4132039.0444,1768969.4447,24019881.7764,23676583.7244,4.3652,4.4117,0.4545,0.4545,4.5450,9.4272
2023-09-25,5.7200,5.7200,5.5900,5.6000,-0.1300,-2.2700,1598294.8000,900582.6980,5.3200,12.0800,0.3868,0.9035,1.3200,4.6074,4.5654,0.5979,0.1142,0.1114,4191951.4444,4132039.0444,1768969.4447,23474928.0886,23139418.6486,4.4666,4.5141,0.4418,0.4418,4.4178,9.1635
2023-09-26,5.6000,5.6100,5.5100,5.5100,-0.0900,-1.6100,1878850.8100,1042269.1260,5.2400,11.8900,0.4547,1.0621,1.4200,4.5334,4.4920,0.5883,0.1124,0.1096,4191951.4444,4132039.0444,1768969.4447,23097652.4586,22767535.1346,4.5395,4.5878,0.4512,0.4512,4.5125,9.3598
2023-09-27,5.5300,5.6000,5.5200,5.5600,0.0500,0.9100,1611623.5400,896816.1000,5.2900,11.9900,0.3900,0.9111,1.0700,4.5745,4.5328,0.5937,0.1134,0.1106,4191951.4444,4132039.0444,1768969.4447,23307250.0309,22974137.0869,4.4987,4.5466,0.4570,0.4570,4.5696,9.4783
2023-09-28,5.5800,5.5900,5.5200,5.5300,-0.0300,-0.5400,1096073.4600,607566.8540,5.2600,11.9300,0.2653,0.6196,0.6700,4.5498,4.5083,0.5905,0.1128,0.1100,4191951.4444,4132039.0444,1768969.4447,23181491.4875,22850175.9155,4.5231,4.5712,0.4529,0.4529,4.5287,9.3934
2023-10-09,5.5200,5.5200,5.4300,5.4400,-0.0900,-1.6300,1520029.4000,831856.5780,5.1700,11.7300,0.3679,0.8593,0.9400,4.4758,4.4350,0.5808,0.1110,0.1082,4191951.4444,4132039.0444,1768969.4447,22804215.8575,22478292.4015,4.5979,4.6469,0.4578,0.4578,4.5779,9.4955
2023-10-10,5.4700,5.4800,5.2000,5.2200,-0.2200,-4.0400,3553344.2000,1869818.1190,4.9600,11.2600,0.8599,2.0087,2.3100,4.2948,4.2556,0.5574,0.1065,0.1038,4191951.4444,4132039.0444,1768969.4447,21881986.5398,21569243.8118,4.7917,4.8427,0.4620,0.4620,4.6197,9.5823
2023-10-11,5.2300,5.2800,5.2100,5.2400,0.0200,0.3800,1458079.4900,764572.1190,4.9800,11.3000,0.3529,0.8243,0.7500,4.3112,4.2719,0.5595,0.1069,0.1042,4191951.4444,4132039.0444,1768969.4447,21965825.5687,21651884.5927,4.7734,4.8242,0.4832,0.4832,4.8317,10.0220
2023-10-12,5.2900,5.3800,5.2900,5.3400,0.1000,1.9100,1571537.0500,839341.1860,5.0800,11.5200,0.3803,0.8884,0.8500,4.3935,4.3534,0.5702,0.1089,0.1062,4191951.4444,4132039.0444,1768969.4447,22385020.7131,22065088.4971,4.6840,4.7339,0.4777,0.4777,4.7769,9.9083
2023-10-13,5.3100,5.3200,5.2500,5.2600,-0.0800,-1.5000,931148.2100,490630.8250,5.0000,11.3500,0.2253,0.5264,0.5100,4.3277,4.2882,0.5616,0.1073,0.1046,4191951.4444,4132039.0444,1768969.4447,22049664.5975,21734525.3735,4.7553,4.8059,0.4759,0.4759,4.7589,9.8710
2023-10-16,5.2900,5.3000,5.2300,5.2500,-0.0100,-0.1900,813020.8900,427328.7420,4.9900,11.3200,0.1968,0.4596,0.4500,4.3195,4.2801,0.5606,0.1071,0.1044,4191951.4444,4132039.0444,1768969.4447,22007745.0831,21693204.9831,4.7643,4.8150,0.4777,0.4777,4.7769,9.9083
2023-10-17,5.2700,5.3000,5.2400,5.2900,0.0400,0.7600,888104.8700,468377.6600,5.0300,11.4100,0.2149,0.5020,0.5300,4.3524,4.3127,0.5648,0.1079,0.1052,4191951.4444,4132039.0444,1768969.4447,22175423.1409,21858486.5449,4.7283,4.7786,0.4795,0.4795,4.7951,9.9459
2023-10-18,5.2700,5.2900,5.2100,5.2200,-0.0700,-1.3200,953234.1900,499671.8360,4.9600,11.2600,0.2307,0.5389,0.8400,4.2948,4.2556,0.5574,0.1065,0.1038,4191951.4444,4132039.0444,1768969.4447,21881986.5398,21569243.8118,4.7917,4.8427,0.4795,0.4795,4.7951,9.9459
2023-10-19,5.2000,5.2200,5.1100,5.1700,-0.0500,-0.9600,1865710.3500,962065.4140,4.9100,11.1500,0.4515,1.0547,1.8100,4.2536,4.2148,0.5520,0.1055,0.1028,4191951.4444,4132039.0444,1768969.4447,21672388.9675,21362641.8595,4.8381,4.8896,0.4860,0.4860,4.8596,10.0798
2023-10-20,5.1700,5.2100,5.1100,5.1400,-0.0300,-0.5800,1273939.7800,657824.9280,4.8900,11.0900,0.3083,0.7202,1.1700,4.2290,4.1904,0.5488,0.1048,0.1022,4191951.4444,4132039.0444,1768969.4447,21546630.4242,21238680.6882,4.8663,4.9181,0.4888,0.4888,4.8878,10.1383
2023-10-23,5.1400,5.1500,5.0400,5.0800,-0.0600,-1.1700,1110527.2700,564753.9760,4.8300,10.9600,0.2688,0.6278,0.9600,4.1796,4.1415,0.5424,0.1036,0.1010,4191951.4444,4132039.0444,1768969.4447,21295113.3376,20990758.3456,4.9238,4.9762,0.4916,0.4916,4.9163,10.1975
2023-10-24,5.0800,5.1100,5.0300,5.0900,0.0100,0.2000,1458484.6700,740767.2680,4.8400,10.9800,0.3530,0.8245,1.2000,4.1878,4.1496,0.5435,0.1038,0.1012,4191951.4444,4132039.0444,1768969.4447,21337032.8520,21032078.7360,4.9141,4.9664,0.4974,0.4974,4.9744,10.3179
2023-10-25,5.2000,5.2200,5.1300,5.1900,0.1000,1.9600,1949506.6700,1009528.5390,4.9300,11.1900,0.4718,1.1021,1.4600,4.2701,4.2311,0.5541,0.1059,0.1032,4191951.4444,4132039.0444,1768969.4447,21756227.9964,21445282.6404,4.8194,4.8707,0.4860,0.4860,4.8596,10.0798
2023-10-26,5.1600,5.2200,5.1400,5.2100,0.0200,0.3900,1045214.4100,541184.5120,4.9500,11.2400,0.2530,0.5909,0.6800,4.2865,4.2474,0.5563,0.1063,0.1036,4191951.4444,4132039.0444,1768969.4447,21840067.0253,21527923.4213,4.8009,4.8520,0.4897,0.4897,4.8973,10.1579
2023-10-27,5.2100,5.2500,5.1600,5.2200,0.0100,0.1900,1367918.8800,713987.5740,4.9600,11.2600,0.3311,0.7738,1.0000,4.2948,4.2831,0.5373,0.1065,0.0999,4191951.4444,4132039.0444,1767869.4447,21881986.5398,21569243.8118,4.7917,4.8427,0.4850,0.4850,4.8503,10.0605
2023-10-30,5.2100,5.2200,5.1400,5.1700,-0.0500,-0.9600,1419186.2200,733290.1970,4.9100,11.1500,0.3435,0.8028,1.0200,4.2536,4.2420,0.5321,0.1055,0.0989,4191951.4444,4132039.0444,1767869.4447,21672388.9675,21362641.8595,4.8381,4.8896,0.4850,0.4850,4.8503,10.0605
2023-10-31,5.1700,5.2000,5.1300,5.1800,0.0100,0.1900,1074749.5700,554926.3440,4.9200,11.1700,0.2601,0.6079,0.7400,4.2619,4.2502,0.5332,0.1057,0.0991,4191951.4444,4132039.0444,1767869.4447,21714308.4820,21403962.2500,4.8287,4.8801,0.4888,0.4888,4.8878,10.1383
2023-11-01,5.1900,5.1900,5.1400,5.1500,-0.0300,-0.5800,986762.7800,509309.5560,4.9000,11.1100,0.2388,0.5584,0.7200,4.2372,4.2256,0.5301,0.1051,0.0985,4191951.4444,4132039.0444,1767269.4447,21588549.9387,21280001.0787,4.8568,4.9085,0.4869,0.4869,4.8690,10.0992
2023-11-02,5.1600,5.2500,5.1500,5.1600,0.0100,0.1900,1433751.0400,745436.4050,4.9000,11.1300,0.3470,0.8113,1.2200,4.2454,4.2338,0.5311,0.1053,0.0987,4191951.4444,4132039.0444,1767269.4447,21630469.4531,21321321.4691,4.8474,4.8990,0.4897,0.4897,4.8973,10.1579
2023-11-03,5.1700,5.1900,5.1400,5.1500,-0.0100,-0.1900,1190154.8500,614140.8190,4.9000,11.1100,0.2880,0.6734,0.9500,4.2372,4.2256,0.5301,0.1051,0.0985,4191951.4444,4132039.0444,1767269.4447,21588549.9387,21280001.0787,4.8568,4.9085,0.4888,0.4888,4.8878,10.1383
2023-11-06,5.1700,5.2800,5.1400,5.2400,0.0900,1.7500,2206721.0000,1151152.6000,4.9800,11.3000,0.5341,1.2487,1.8100,4.3112,4.2995,0.5394,0.1069,0.1003,4191951.4444,4132039.0444,1767269.4447,21965825.5687,21651884.5927,4.7734,4.8242,0.4888,0.4888,4.8878,10.1383
2023-11-07,5.2300,5.2400,5.1600,5.1700,-0.0700,-1.3400,1366477.0000,708378.3080,4.9100,11.1500,0.3307,0.7732,0.9900,4.2536,4.2420,0.5321,0.1055,0.0989,4191951.4444,4132039.0444,1767269.4447,21672388.9675,21362641.8595,4.8381,4.8896,0.4832,0.4832,4.8317,10.0220
2023-11-08,5.1700,5.1800,5.1200,5.1400,-0.0300,-0.5800,1190189.1900,612694.9830,4.8900,11.0900,0.2880,0.6735,0.8300,4.2290,4.2174,0.5291,0.1048,0.0983,4191951.4444,4132039.0444,1767269.4447,21546630.4242,21238680.6882,4.8663,4.9181,0.4888,0.4888,4.8878,10.1383
2023-11-09,5.1400,5.2100,5.1300,5.1500,0.0100,0.1900,1282659.6800,662616.3790,4.9000,11.1100,0.3104,0.7258,0.8700,4.2372,4.2256,0.5301,0.1051,0.0985,4191951.4444,4132039.0444,1767269.4447,21588549.9387,21280001.0787,4.8568,4.9085,0.4916,0.4916,4.9163,10.1975
2023-11-10,5.1400,5.1500,5.0500,5.0700,-0.0800,-1.5500,1757139.2700,892037.2330,4.8200,10.9400,0.4252,0.9943,1.2100,4.1714,4.1600,0.5219,0.1034,0.0970,4191951.4444,4132039.0444,1767269.4447,21253193.8231,20949437.9551,4.9335,4.9860,0.4916,0.4916,4.9163,10.1975
2023-11-13,5.0800,5.1500,5.0600,5.1400,0.0700,1.3800,1580993.4700,807117.5000,4.8900,11.0900,0.3826,0.8946,1.0100,4.2290,4.2174,0.5291,0.1048,0.0983,4191951.4444,4132039.0444,1767269.4447,21546630.4242,21238680.6882,4.8663,4.9181,0.4974,0.4974,4.9744,10.3179
2023-11-14,5.1400,5.1800,5.1000,5.1300,-0.0100,-0.1900,969450.4200,497675.0860,4.8800,11.0700,0.2346,0.5486,0.6800,4.2207,4.2092,0.5280,0.1046,0.0981,4191951.4444,4132039.0444,1767269.4447,21504710.9098,21197360.2978,4.8758,4.9277,0.4916,0.4916,4.9163,10.1975
2023-11-15,5.1700,5.2000,5.1400,5.1700,0.0400,0.7800,1343709.3200,694364.9510,4.9100,11.1500,0.3252,0.7603,0.9900,4.2536,4.2420,0.5321,0.1055,0.0989,4191951.4444,4132039.0444,1767269.4447,21672388.9675,21362641.8595,4.8381,4.8896,0.4888,0.4888,4.8878,10.1383
2023-11-16,5.1700,5.1800,5.1100,5.1400,-0.0300,-0.5800,872967.5700,447868.3840,4.8900,11.0900,0.2113,0.4940,0.6300,4.2290,4.2174,0.5291,0.1048,0.0983,4191951.4444,4132039.0444,1767269.4447,21546630.4242,21238680.6882,4.8663,4.9181,0.4888,0.4888,4.8878,10.1383
2023-11-17,5.1300,5.1300,5.0700,5.0900,-0.0500,-0.9700,1196814.1400,608874.9130,4.8400,10.9800,0.2896,0.6772,0.9200,4.1878,4.1764,0.5239,0.1038,0.0974,4191951.4444,4132039.0444,1767269.4447,21337032.8520,21032078.7360,4.9141,4.9664,0.4926,0.4926,4.9259,10.2173
2023-11-20,5.1000,5.1100,5.0500,5.0700,-0.0200,-0.3900,1365128.6100,692947.1550,4.8200,10.9400,0.3304,0.7734,1.1400,4.1714,4.1600,0.5219,0.1034,0.0970,4191951.4444,4132039.0444,1765109.4447,21253193.8231,20949437.9551,4.9335,4.9860,0.4955,0.4955,4.9549,10.2775
2023-11-21,5.0900,5.1700,5.0900,5.1200,0.0500,0.9900,2028126.1500,1042033.3600,4.8700,11.0400,0.4908,1.1490,1.7600,4.2125,4.2010,0.5270,0.1044,0.0980,4191951.4444,4132039.0444,1765109.4447,21462791.3953,21156039.9073,4.8853,4.9373,0.4965,0.4965,4.9646,10.2976
2023-11-22,5.1000,5.1300,5.0800,5.0900,-0.0300,-0.5900,965641.2400,492496.7990,4.8400,10.9800,0.2337,0.5471,0.7100,4.1878,4.1764,0.5239,0.1038,0.0974,4191951.4444,4132039.0444,1765109.4447,21337032.8520,21032078.7360,4.9141,4.9664,0.4955,0.4955,4.9549,10.2775
2023-11-23,5.0800,5.1300,5.0600,5.1200,0.0300,0.5900,1109400.5800,565749.2390,4.8700,11.0400,0.2685,0.6285,0.8600,4.2125,4.2010,0.5270,0.1044,0.0980,4191951.4444,4132039.0444,1765109.4447,21462791.3953,21156039.9073,4.8853,4.9373,0.4974,0.4974,4.9744,10.3179
2023-11-24,5.1200,5.1600,5.0800,5.1000,-0.0200,-0.3900,963274.0900,492432.5060,4.8500,11.0000,0.2331,0.5457,0.7200,4.1960,4.1846,0.5249,0.1040,0.0976,4191951.4444,4132039.0444,1765109.4447,21378952.3664,21073399.1264,4.9045,4.9567,0.4936,0.4936,4.9355,10.2373
2023-11-27,5.1000,5.1100,4.9900,5.0200,-0.0800,-1.5700,2268358.5100,1139905.3590,4.7700,10.8300,0.5490,1.2851,1.7600,4.1302,4.1190,0.5167,0.1024,0.0960,4191951.4444,4132039.0444,1765109.4447,21043596.2509,20742836.0029,4.9826,5.0357,0.4955,0.4955,4.9549,10.2775
2023-11-28,5.0200,5.0300,5.0000,5.0100,-0.0100,-0.2000,1095966.7600,549202.1290,4.7600,10.8100,0.2652,0.6209,0.7500,4.1220,4.1108,0.5157,0.1022,0.0959,4191951.4444,4132039.0444,1765109.4447,21001676.7364,20701515.6124,4.9926,5.0457,0.5034,0.5034,5.0339,10.4412
2023-11-29,5.0200,5.0200,4.8600,4.9400,-0.0700,-1.4000,2791403.8800,1374214.7180,4.7000,10.6600,0.6756,1.5814,2.1800,4.0644,4.0533,0.5085,0.1008,0.0945,4191951.4444,4132039.0444,1765109.4447,20708240.1353,20412272.8793,5.0633,5.1172,0.5034,0.5034,5.0339,10.4412
2023-11-30,4.9300,4.9900,4.9100,4.9700,0.0300,0.6100,1397569.2200,693807.8810,4.7200,10.7200,0.3382,0.7918,0.8500,4.0891,4.0779,0.5116,0.1014,0.0951,4191951.4444,4132039.0444,1765109.4447,20833998.6787,20536234.0507,5.0327,5.0863,0.5126,0.5126,5.1258,10.6318
2023-12-01,4.9600,4.9800,4.9200,4.9500,-0.0200,-0.4000,1810101.4100,896622.6160,4.7100,10.6800,0.4381,1.0255,1.0600,4.0726,4.0615,0.5095,0.1010,0.0947,4191951.4444,4132039.0444,1765109.4447,20750159.6498,20453593.2698,5.0531,5.1069,0.5095,0.5095,5.0948,10.5675
2023-12-04,4.9500,4.9700,4.8800,4.8800,-0.0700,-1.4100,1484710.0000,728668.3740,4.6400,10.5300,0.3593,0.8411,0.7900,4.0150,4.0041,0.5023,0.0995,0.0934,4191951.4444,4132039.0444,1765109.4447,20456723.0487,20164350.5367,5.1256,5.1801,0.5105,0.5105,5.1051,10.5889
2023-12-05,4.8700,4.8800,4.8100,4.8100,-0.0700,-1.4300,1374946.5800,666038.2280,4.5700,10.3800,0.3328,0.7790,0.8000,3.9574,3.9466,0.4951,0.0981,0.0920,4191951.4444,4132039.0444,1765109.4447,20163286.4476,19875107.8036,5.2002,5.2555,0.5189,0.5189,5.1889,10.7628
2023-12-06,4.8000,4.8100,4.7500,4.7700,-0.0400,-0.8300,1567764.9700,748605.9300,4.5300,10.2900,0.3794,0.8882,0.8800,3.9245,3.9138,0.4910,0.0973,0.0913,4191951.4444,4132039.0444,1765109.4447,19995608.3898,19709826.2418,5.2438,5.2996,0.5265,0.5265,5.2646,10.9198
2023-12-07,4.7500,4.7900,4.7200,4.7600,-0.0100,-0.2100,1198347.5700,570402.4900,4.5200,10.2700,0.2900,0.6789,0.7800,3.9163,3.9056,0.4899,0.0971,0.0911,4191951.4444,4132039.0444,1765109.4447,19953688.8753,19668505.8513,5.2548,5.3107,0.5320,0.5320,5.3200,11.0347
2023-12-08,4.7700,4.8200,4.7500,4.7600,0.0000,0.0000,1236166.6000,591414.7190,4.5200,10.2700,0.2992,0.7003,0.8300,3.9163,3.9056,0.4899,0.0971,0.0911,4191951.4444,4132039.0444,1765109.4447,19953688.8753,19668505.8513,5.2548,5.3107,0.5298,0.5298,5.2977,10.9885
2023-12-11,4.7500,4.8200,4.6800,4.7900,0.0300,0.6300,2038038.8700,964647.6820,4.5500,10.3300,0.4932,1.1546,1.4900,3.9410,3.9302,0.4930,0.0977,0.0916,4191951.4444,4132039.0444,1765109.4447,20079447.4187,19792467.0227,5.2219,5.2775,0.5320,0.5320,5.3200,11.0347
2023-12-12,4.7800,4.8600,4.7700,4.8500,0.0600,1.2500,1584940.3500,764127.9750,4.6100,10.4600,0.3836,0.8979,1.0700,3.9904,3.9795,0.4992,0.0989,0.0928,4191951.4444,4132039.0444,1765109.4447,20330964.5053,20040389.3653,5.1573,5.2122,0.5287,0.5287,5.2866,10.9655
2023-12-13,4.8400,4.8500,4.7600,4.7600,-0.0900,-1.8600,1161915.0000,557145.6190,4.5200,10.2700,0.2812,0.6583,0.7600,3.9163,3.9056,0.4899,0.0971,0.0911,4191951.4444,4132039.0444,1765109.4447,19953688.8753,19668505.8513,5.2548,5.3107,0.5221,0.5221,5.2211,10.8295
2023-12-14,4.7800,4.8200,4.7500,4.7500,-0.0100,-0.2100,1017880.4000,486145.1480,4.5200,10.2500,0.2463,0.5767,0.7000,3.9081,3.8974,0.4889,0.0969,0.0909,4191951.4444,4132039.0444,1765109.4447,19911769.3609,19627185.4609,5.2658,5.3219,0.5287,0.5287,5.2866,10.9655
2023-12-15,4.7800,4.8000,4.7200,4.7300,-0.0200,-0.4200,1270440.2300,604723.8120,4.5000,10.2000,0.3075,0.7198,0.9000,3.8916,3.8810,0.4869,0.0965,0.0905,4191951.4444,4132039.0444,1765109.4447,19827930.3320,19544544.6800,5.2881,5.3444,0.5287,0.5287,5.2866,10.9655
2023-12-18,4.7200,4.7600,4.6900,4.7000,-0.0300,-0.6300,934872.3100,440971.7380,4.4700,10.1400,0.2262,0.5296,0.6600,3.8669,3.8564,0.4838,0.0959,0.0899,4191951.4444,4132039.0444,1765109.4447,19702171.7887,19420583.5087,5.3219,5.3785,0.5354,0.5354,5.3538,11.1049
2023-12-19,4.7000,4.7200,4.6500,4.6800,-0.0200,-0.4300,1277489.1400,598276.9590,4.4500,10.0900,0.3092,0.7237,1.0700,3.8505,3.8400,0.4817,0.0955,0.0895,4191951.4444,4132039.0444,1765109.4447,19618332.7598,19337942.7278,5.3446,5.4015,0.5377,0.5377,5.3766,11.1521
2023-12-20,4.6800,4.7300,4.6600,4.6700,-0.0100,-0.2100,1184581.4900,556475.5150,4.4400,10.0700,0.2867,0.6711,1.0500,3.8423,3.8318,0.4807,0.0953,0.0893,4191951.4444,4132039.0444,1765109.4447,19576413.2453,19296622.3373,5.3560,5.4131,0.5400,0.5400,5.3996,11.1998
2023-12-21,4.6500,4.7200,4.6400,4.7200,0.0500,1.0700,1173503.5500,550492.8650,4.4900,10.1800,0.2840,0.6648,1.0300,3.8834,3.8728,0.4858,0.0963,0.0903,4191951.4444,4132039.0444,1765109.4447,19786010.8176,19503224.2896,5.2993,5.3557,0.5434,0.5434,5.4344,11.2720
2023-12-22,4.7200,4.7800,4.7000,4.7600,0.0400,0.8500,1239218.4800,588086.4130,4.5200,10.2700,0.2999,0.7021,1.0600,3.9163,3.9056,0.4899,0.0971,0.0911,4191951.4444,4132039.0444,1765109.4447,19953688.8753,19668505.8513,5.2548,5.3107,0.5354,0.5354,5.3538,11.1049
2023-12-25,4.7600,4.7600,4.7000,4.7200,-0.0400,-0.8400,835240.0200,394544.4970,4.4900,10.1800,0.2021,0.4732,0.7200,3.8834,3.8728,0.4858,0.0963,0.0903,4191951.4444,4132039.0444,1765109.4447,19786010.8176,19503224.2896,5.2993,5.3557,0.5309,0.5309,5.3088,11.0116
2023-12-26,4.7200,4.7400,4.7000,4.7100,-0.0100,-0.2100,707271.8000,333824.2760,4.4800,10.1600,0.1712,0.4007,0.6200,3.8752,3.8646,0.4848,0.0961,0.0901,4191951.4444,4132039.0444,1765109.4447,19744091.3031,19461903.8991,5.3106,5.3671,0.5354,0.5354,5.3538,11.1049
2023-12-27,4.7200,4.7500,4.6800,4.7300,0.0200,0.4200,958292.9100,451505.8310,4.5000,10.2000,0.2319,0.5429,0.9300,3.8916,3.8810,0.4869,0.0965,0.0905,4191951.4444,4132039.0444,1765109.4447,19827930.3320,19544544.6800,5.2881,5.3444,0.5354,0.5354,5.3538,11.1049
2023-12-28,4.7200,4.8400,4.7100,4.8200,0.0900,1.9000,1571807.8600,753324.0280,4.5800,10.4000,0.3804,0.8905,1.6000,3.9657,3.9549,0.4961,0.0983,0.0922,4191951.4444,4132039.0444,1765109.4447,20205205.9620,19916428.1940,5.1894,5.2446,0.5354,0.5354,5.3538,11.1049
2023-12-29,4.8100,4.8600,4.7700,4.8100,-0.0100,-0.2100,1515531.0500,727976.1550,4.5700,10.3800,0.3668,0.8586,1.4300,3.9574,3.9466,0.4951,0.0981,0.0920,4191951.4444,4132039.0444,1765109.4447,20163286.4476,19875107.8036,5.2002,5.2555,0.5254,0.5254,5.2536,10.8971
2024-01-02,4.8200,4.8200,4.7400,4.7400,-0.0700,-1.4600,1630513.3300,777021.0640,4.5100,10.2200,0.3946,0.9237,1.4600,3.8998,3.8892,0.4879,0.0967,0.0907,4191951.4444,4132039.0444,1765109.4447,19869849.8465,19585865.0705,5.3331,5.3331,0.5632,0.5632,5.6317,11.2645
2024-01-03,4.7400,4.7900,4.7300,4.7800,0.0400,0.8400,1706957.2400,812764.7830,4.5400,10.3100,0.4131,0.9671,1.3400,3.9328,3.9220,0.4920,0.0975,0.0915,4191951.4444,4132039.0444,1765109.4447,20037527.9042,19751146.6322,5.2885,5.2885,0.5727,0.5727,5.7268,11.4546
2024-01-04,4.7800,4.8000,4.7100,4.7400,-0.0400,-0.8400,1307439.1400,619971.7600,4.5100,10.2200,0.3164,0.7407,0.8900,3.8998,3.8892,0.4879,0.0967,0.0907,4191951.4444,4132039.0444,1765109.4447,19869849.8465,19585865.0705,5.3331,5.3331,0.5679,0.5679,5.6789,11.3588
2024-01-05,4.7400,4.8400,4.7300,4.7700,0.0300,0.6300,2702055.6200,1295905.4540,4.5300,10.2900,0.6539,1.5308,1.7500,3.9245,3.9138,0.4910,0.0973,0.0913,4191951.4444,4132039.0444,1765109.4447,19995608.3898,19709826.2418,5.2996,5.2996,0.5727,0.5727,5.7268,11.4546
2024-01-08,4.7800,4.8000,4.7100,4.7200,-0.0500,-1.0500,1808954.3700,858449.0800,4.4900,10.1800,0.4378,1.0248,1.0200,3.8834,3.8728,0.4858,0.0963,0.0903,4191951.4444,4132039.0444,1765109.4447,19786010.8176,19503224.2896,5.3557,5.3557,0.5679,0.5679,5.6789,11.3588
2024-01-09,4.7200,4.7800,4.7100,4.7700,0.0500,1.0600,1416144.9300,672690.3520,4.5300,10.2900,0.3427,0.8023,0.7700,3.9245,3.9138,0.4910,0.0973,0.0913,4191951.4444,4132039.0444,1765109.4447,19995608.3898,19709826.2418,5.2996,5.2996,0.5751,0.5751,5.7511,11.5032
2024-01-10,4.7600,4.7800,4.7300,4.7500,-0.0200,-0.4200,885704.3000,421041.1780,4.5200,10.2500,0.2144,0.5018,0.5000,3.9081,3.8974,0.4889,0.0969,0.0909,4191951.4444,4132039.0444,1765109.4447,19911769.3609,19627185.4609,5.3219,5.3219,0.5703,0.5703,5.7027,11.4065
2024-01-11,4.7500,4.7600,4.7000,4.7400,-0.0100,-0.2100,1347801.0300,637230.7380,4.5100,10.2200,0.3262,0.7636,0.8300,3.8998,3.8892,0.4879,0.0967,0.0907,4191951.4444,4132039.0444,1765109.4447,19869849.8465,19585865.0705,5.3331,5.3331,0.5715,0.5715,5.7147,11.4305
2024-01-12,4.7300,4.7900,4.7200,4.7500,0.0100,0.2100,1339830.4400,638503.6230,4.5200,10.2500,0.3243,0.7591,0.8200,3.9081,3.8974,0.4889,0.0969,0.0909,4191951.4444,4132039.0444,1765109.4447,19911769.3609,19627185.4609,5.3219,5.3219,0.5739,0.5739,5.7389,11.4789
2024-01-15,4.7400,4.8100,4.7200,4.7900,0.0400,0.8400,1368857.2400,653617.8460,4.5500,10.3300,0.3313,0.7755,1.0100,3.9410,3.9302,0.4930,0.0977,0.0916,4191951.4444,4132039.0444,1765109.4447,20079447.4187,19792467.0227,5.2775,5.2775,0.5727,0.5727,5.7268,11.4546
2024-01-16,4.7700,4.8100,4.7500,4.8000,0.0100,0.2100,1378388.7500,659119.0590,4.5600,10.3500,0.3336,0.7809,1.0800,3.9492,3.9384,0.4941,0.0979,0.0918,4191951.4444,4132039.0444,1765109.4447,20121366.9331,19833787.4131,5.2665,5.2665,0.5691,0.5691,5.6908,11.3826
2024-01-17,4.7800,4.8000,4.7000,4.7100,-0.0900,-1.8700,1923256.8200,913386.9050,4.4800,10.1600,0.4654,1.0896,1.5200,3.8752,3.8646,0.4848,0.0961,0.0901,4191951.4444,4132039.0444,1765109.4447,19744091.3031,19461903.8991,5.3671,5.3671,0.5679,0.5679,5.6789,11.3588
2024-01-18,4.7000,4.7100,4.5400,4.6800,-0.0300,-0.6400,3409932.4700,1576760.9790,4.4500,10.0900,0.8252,1.9319,2.3200,3.8505,3.8400,0.4817,0.0955,0.0895,4191951.4444,4132039.0444,1765109.4447,19618332.7598,19337942.7278,5.4015,5.4015,0.5776,0.5776,5.7755,11.5521
2024-01-19,4.6400,4.7100,4.6100,4.6700,-0.0100,-0.2100,1942639.6600,907492.6230,4.4400,10.0700,0.4701,1.1006,1.0300,3.8423,3.8318,0.4807,0.0953,0.0893,4191951.4444,4132039.0444,1765109.4447,19576413.2453,19296622.3373,5.4131,5.4131,0.5850,0.5850,5.8502,11.7015
2024-01-22,4.6600,4.7300,4.5800,4.6100,-0.0600,-1.2800,2551686.6300,1193469.6150,4.3800,9.9400,0.6175,1.4507,1.2700,3.7929,3.7825,0.4745,0.0940,0.0882,4191951.4444,4132039.0444,1758884.8507,19324896.1587,19048699.9947,5.4835,5.4835,0.5825,0.5825,5.8251,11.6513
2024-01-23,4.6000,4.6400,4.5700,4.6100,0.0000,0.0000,1471598.7400,678820.6750,4.3800,9.9400,0.3561,0.8367,0.6600,3.7929,3.7825,0.4745,0.0940,0.0882,4191951.4444,4132039.0444,1758884.8507,19324896.1587,19048699.9947,5.4835,5.4835,0.5901,0.5901,5.9011,11.8033
2024-01-24,4.6400,4.8700,4.6300,4.8700,0.2600,5.6400,3711845.2200,1762952.8670,4.6300,10.5000,0.8983,2.1103,1.6400,4.0068,3.9959,0.5013,0.0993,0.0932,4191951.4444,4132039.0444,1758884.8507,20414803.5342,20123030.1462,5.1908,5.1908,0.5850,0.5850,5.8502,11.7015
2024-01-25,4.8600,5.1200,4.8400,5.1000,0.2300,4.7200,5179067.2100,2604948.6830,4.8500,11.0000,1.2534,2.9445,1.9800,4.1960,4.1846,0.5249,0.1040,0.0976,4191951.4444,4132039.0444,1758884.8507,21378952.3664,21073399.1264,4.9567,4.9567,0.5585,0.5585,5.5854,11.1718
2024-01-26,5.1200,5.2200,5.0600,5.1700,0.0700,1.3700,4545569.0900,2334952.1480,4.9100,11.1500,1.1001,2.5843,1.5300,4.2536,4.2420,0.5321,0.1055,0.0989,4191951.4444,4132039.0444,1758884.8507,21672388.9675,21362641.8595,4.8896,4.8896,0.5302,0.5302,5.3018,10.6045
2024-01-29,5.2500,5.4000,5.1700,5.2000,0.0300,0.5800,5472529.3300,2882294.3440,4.9400,11.2200,1.3244,3.1114,1.5700,4.2783,4.2666,0.5352,0.1061,0.0995,4191951.4444,4132039.0444,1758884.8507,21798147.5109,21486603.0309,4.8613,4.8613,0.5170,0.5170,5.1705,10.3419
2024-01-30,5.1800,5.2600,5.1600,5.1800,-0.0200,-0.3800,3266302.7100,1701265.5850,4.9200,11.1700,0.7905,1.8570,0.8000,4.2619,4.2502,0.5332,0.1057,0.0991,4191951.4444,4132039.0444,1758884.8507,21714308.4820,21403962.2500,4.8801,4.8801,0.5240,0.5240,5.2403,10.4817
2024-01-31,5.1500,5.2200,5.1000,5.1400,-0.0400,-0.7700,2629730.3200,1357738.9090,4.8900,11.0900,0.6364,1.4951,0.5900,4.2290,4.2174,0.5291,0.1048,0.0983,4191951.4444,4132039.0444,1758884.8507,21546630.4242,21238680.6882,4.9181,4.9181,0.5271,0.5271,5.2709,10.5427
2024-02-01,5.1000,5.1200,5.0100,5.0200,-0.1200,-2.3300,3005571.5800,1521820.7280,4.7700,10.8300,0.7274,1.7088,0.7100,4.1302,4.1190,0.5167,0.1024,0.0960,4191951.4444,4132039.0444,1758884.8507,21043596.2509,20742836.0029,5.0357,5.0357,0.5323,0.5323,5.3225,10.6461
2024-02-02,5.0200,5.1600,4.9700,5.0500,0.0300,0.6000,3506161.3000,1781724.2410,4.8000,10.8900,0.8485,1.9934,0.9300,4.1549,4.1436,0.5198,0.1030,0.0966,4191951.4444,4132039.0444,1758884.8507,21169354.7942,20866797.1742,5.0057,5.0057,0.5407,0.5407,5.4074,10.8157
2024-02-05,5.0400,5.1000,4.9700,5.0500,0.0000,0.0000,3546262.9200,1790223.6620,4.8000,10.8900,0.8582,2.0162,0.9900,4.1549,4.1436,0.5198,0.1030,0.0966,4191951.4444,4132039.0444,1758884.8507,21169354.7942,20866797.1742,5.0057,5.0057,0.5386,0.5386,5.3859,10.7728
2024-02-06,5.0200,5.1500,5.0000,5.1100,0.0600,1.1900,3389881.6500,1723253.8580,4.8600,11.0200,0.8204,1.9273,1.0600,4.2043,4.1928,0.5260,0.1042,0.0978,4191951.4444,4132039.0444,1758884.8507,21420871.8809,21114719.5169,4.9470,4.9470,0.5407,0.5407,5.4074,10.8157
2024-02-07,5.1100,5.1600,5.0700,5.1500,0.0400,0.7800,3292301.2400,1685122.0040,4.9000,11.1100,0.7968,1.8718,1.0200,4.2372,4.2256,0.5301,0.1051,0.0985,4191951.4444,4132039.0444,1758884.8507,21588549.9387,21280001.0787,4.9085,4.9085,0.5312,0.5312,5.3121,10.6252
2024-02-08,5.1500,5.1800,5.0800,5.1200,-0.0300,-0.5800,3336080.4800,1705821.3840,4.8700,11.0400,0.8074,1.8967,1.0000,4.2125,4.2010,0.5270,0.1044,0.0980,4191951.4444,4132039.0444,1758884.8507,21462791.3953,21156039.9073,4.9373,4.9373,0.5271,0.5271,5.2709,10.5427
2024-02-19,5.1300,5.1800,5.0900,5.1800,0.0600,1.1700,3004964.6300,1540610.3380,4.9200,11.1700,0.7272,1.7084,0.8800,4.2619,4.2502,0.5332,0.1057,0.0991,4191951.4444,4132039.0444,1758884.8507,21714308.4820,21403962.2500,4.8801,4.8801,0.5291,0.5291,5.2914,10.5838
2024-02-20,5.1600,5.2000,5.1400,5.1900,0.0100,0.1900,2073621.3400,1073019.2450,4.9300,11.1900,0.5018,1.1789,0.6300,4.2701,4.2584,0.5342,0.1059,0.0993,4191951.4444,4132039.0444,1758884.8507,21756227.9964,21445282.6404,4.8707,4.8707,0.5261,0.5261,5.2607,10.5223
2024-02-21,5.1800,5.4200,5.1600,5.3500,0.1600,3.0800,3597279.5400,1915483.6980,5.0900,11.5400,0.8706,2.0452,1.1900,4.4017,4.3897,0.5507,0.1091,0.1024,4191951.4444,4132039.0444,1758884.8507,22426940.2275,22106408.8875,4.7250,4.7250,0.5240,0.5240,5.2403,10.4817
2024-02-22,5.3300,5.3700,5.3100,5.3600,0.0100,0.1900,1796921.3400,960510.9260,5.0900,11.5600,0.4349,1.0216,0.5900,4.4100,4.3979,0.5517,0.1093,0.1025,4191951.4444,4132039.0444,1758884.8507,22468859.7420,22147729.2780,4.7162,4.7162,0.5093,0.5093,5.0929,10.1867
2024-02-23,5.3700,5.5000,5.3600,5.4900,0.1300,2.4300,2895878.0000,1579666.5330,5.2200,11.8400,0.7008,1.6464,1.0500,4.5169,4.5046,0.5651,0.1120,0.1050,4191951.4444,4132039.0444,1758884.8507,23013813.4298,22684894.3538,4.6046,4.6046,0.5055,0.5055,5.0549,10.1108
2024-02-26,5.4600,5.4700,5.3000,5.3100,-0.1800,-3.2800,2965440.7100,1592305.1170,5.0500,11.4500,0.7177,1.6860,1.1100,4.3688,4.3569,0.5466,0.1083,0.1016,4191951.4444,4132039.0444,1758884.8507,22259262.1698,21941127.3258,4.7606,4.7606,0.4972,0.4972,4.9716,9.9441
2024-02-27,5.2900,5.3400,5.2700,5.3200,0.0100,0.1900,1678039.2400,890288.7150,5.0600,11.4800,0.4061,0.9540,0.6300,4.3770,4.3651,0.5476,0.1085,0.1018,4191951.4444,4132039.0444,1758884.8507,22301181.6842,21982447.7162,4.7517,4.7517,0.5131,0.5131,5.1314,10.2637
2024-02-28,5.3100,5.3700,5.2900,5.3000,-0.0200,-0.3800,2178998.5100,1160939.0740,5.0400,11.4300,0.5273,1.2389,0.8400,4.3606,4.3487,0.5455,0.1081,0.1014,4191951.4444,4132039.0444,1758884.8507,22217342.6553,21899806.9353,4.7696,4.7696,0.5112,0.5112,5.1121,10.2250
2024-02-29,5.2800,5.3500,5.2800,5.3500,0.0500,0.9400,1730020.7600,919636.0230,5.0900,11.5400,0.4187,0.9836,0.7500,4.3703,4.3584,0.5480,0.1084,0.1016,4161995.2444,4132039.0444,1758884.8507,22266674.5575,22106408.8875,4.7591,4.7591,0.5141,0.5141,5.1411,10.2831
2024-03-01,5.3300,5.3400,5.2900,5.3200,-0.0300,-0.5600,1564725.0700,831473.3850,5.0600,11.4800,0.3787,0.8896,0.6800,4.3458,4.3339,0.5449,0.1077,0.1011,4161995.2444,4132039.0444,1758884.8507,22141814.7002,21982447.7162,4.7859,4.7859,0.5093,0.5093,5.0929,10.1867
2024-03-04,5.3000,5.3100,5.2300,5.2500,-0.0700,-1.3200,2081110.3400,1093770.4140,4.9900,11.3200,0.5037,1.1832,1.0300,4.2886,4.2769,0.5377,0.1063,0.0997,4161995.2444,4132039.0444,1758884.8507,21850475.0331,21693204.9831,4.8497,4.8497,0.5122,0.5122,5.1217,10.2443
2024-03-05,5.2400,5.3600,5.2300,5.3400,0.0900,1.7100,2169079.3200,1152572.5590,5.0800,11.5200,0.5249,1.2332,1.1700,4.3621,4.3502,0.5469,0.1081,0.1014,4161995.2444,4132039.0444,1758884.8507,22225054.6051,22065088.4971,4.7680,4.7680,0.5180,0.5180,5.1803,10.3616
2024-03-06,5.3400,5.3600,5.2900,5.2900,-0.0500,-0.9400,1489523.4100,791078.3380,5.0300,11.4100,0.3605,0.8469,0.7700,4.3213,4.3095,0.5418,0.1071,0.1005,4161995.2444,4132039.0444,1758884.8507,22016954.8429,21858486.5449,4.8130,4.8130,0.5083,0.5083,5.0833,10.1676
2024-03-07,5.3000,5.3700,5.2900,5.3000,0.0100,0.1900,1615518.5400,859694.7800,5.0400,11.4300,0.3910,0.9185,0.8900,4.3294,4.3176,0.5429,0.1073,0.1007,4161995.2444,4132039.0444,1758884.8507,22058574.7953,21899806.9353,4.8040,4.8040,0.5122,0.5122,5.1217,10.2443
2024-03-08,5.3000,5.3200,5.2600,5.3000,0.0000,0.0000,1317445.8400,697439.0560,5.0400,11.4300,0.3188,0.7490,0.7400,4.3294,4.3176,0.5429,0.1073,0.1007,4161995.2444,4132039.0444,1758884.8507,22058574.7953,21899806.9353,4.8040,4.8040,0.5122,0.5122,5.1217,10.2443
2024-03-11,5.3100,5.3500,5.2800,5.3200,0.0200,0.3800,1593205.7500,846129.5540,5.0600,11.4800,0.3856,0.9058,0.9200,4.3458,4.3339,0.5449,0.1077,0.1011,4161995.2444,4132039.0444,1758884.8507,22141814.7002,21982447.7162,4.7859,4.7859,0.5112,0.5112,5.1121,10.2250
2024-03-12,5.3200,5.3200,5.2600,5.2900,-0.0300,-0.5600,1828483.9200,966494.1430,5.0300,11.4100,0.4425,1.0396,1.1200,4.3213,4.3095,0.5418,0.1071,0.1005,4161995.2444,4132039.0444,1758884.8507,22016954.8429,21858486.5449,4.8130,4.8130,0.5102,0.5102,5.1024,10.2058
2024-03-13,5.2900,5.3000,5.1800,5.1900,-0.1000,-1.8900,2087760.2900,1087973.5250,4.9300,11.1900,0.5053,1.1870,1.3300,4.2396,4.2280,0.5316,0.1051,0.0986,4161995.2444,4132039.0444,1758884.8507,21600755.3184,21445282.6404,4.9058,4.9058,0.5131,0.5131,5.1314,10.2637
2024-03-14,5.1700,5.2800,5.1700,5.2200,0.0300,0.5800,1758811.7300,922744.6860,4.9600,11.2600,0.4257,1.0000,1.0400,4.2641,4.2525,0.5347,0.1057,0.0992,4161995.2444,4132039.0444,1758884.8507,21725615.1758,21569243.8118,4.8776,4.8776,0.5250,0.5250,5.2505,10.5019
2024-03-15,5.2100,5.2300,5.1700,5.2100,-0.0100,-0.1900,1377718.3900,715697.0980,4.9500,11.2400,0.3334,0.7833,0.8000,4.2559,4.2443,0.5336,0.1055,0.0990,4161995.2444,4132039.0444,1758884.8507,21683995.2233,21527923.4213,4.8869,4.8869,0.5210,0.5210,5.2102,10.4213
2024-03-18,5.2000,5.2900,5.2000,5.2400,0.0300,0.5800,1682285.2900,882396.4600,4.9800,11.3000,0.4071,0.9564,0.9700,4.2804,4.2687,0.5367,0.1061,0.0995,4161995.2444,4132039.0444,1758884.8507,21808855.0807,21651884.5927,4.8590,4.8590,0.5220,0.5220,5.2202,10.4413
2024-03-19,5.2300,5.2600,5.1800,5.1900,-0.0500,-0.9500,1300885.3500,678105.6630,4.9300,11.1900,0.3148,0.7396,0.7400,4.2396,4.2280,0.5316,0.1051,0.0986,4161995.2444,4132039.0444,1758884.8507,21600755.3184,21445282.6404,4.9058,4.9058,0.5190,0.5190,5.1902,10.3815
2024-03-20,5.1900,5.2300,5.1700,5.2100,0.0200,0.3900,1062311.7300,552668.1300,4.9500,11.2400,0.2571,0.6040,0.6500,4.2559,4.2443,0.5336,0.1055,0.0990,4161995.2444,4132039.0444,1758884.8507,21683995.2233,21527923.4213,4.8869,4.8869,0.5230,0.5230,5.2303,10.4615
2024-03-21,5.2200,5.2500,5.1900,5.2100,0.0000,0.0000,1163040.2300,607403.6430,4.9500,11.2400,0.2815,0.6612,0.8100,4.2559,4.2443,0.5336,0.1055,0.0990,4161995.2444,4132039.0444,1758884.8507,21683995.2233,21527923.4213,4.8869,4.8869,0.5200,0.5200,5.2002,10.4013
2024-03-22,5.2100,5.2200,5.1400,5.1700,-0.0400,-0.7700,1406954.5000,727780.0650,4.9100,11.1500,0.3405,0.7999,1.0700,4.2232,4.2117,0.5295,0.1047,0.0982,4161995.2444,4132039.0444,1758884.8507,21517515.4135,21362641.8595,4.9247,4.9247,0.5210,0.5210,5.2102,10.4213
2024-03-25,5.1700,5.2400,5.1600,5.2000,0.0300,0.5800,1480484.2100,771751.8810,4.9400,11.2200,0.3583,0.8417,1.1200,4.2477,4.2362,0.5326,0.1053,0.0988,4161995.2444,4132039.0444,1758884.8507,21642375.2709,21486603.0309,4.8963,4.8963,0.5250,0.5250,5.2505,10.5019
2024-03-26,5.1900,5.2500,5.1900,5.2400,0.0400,0.7700,1233179.1900,644405.3610,4.9800,11.3000,0.2984,0.7011,0.9600,4.2804,4.2687,0.5367,0.1061,0.0995,4161995.2444,4132039.0444,1758884.8507,21808855.0807,21651884.5927,4.8590,4.8590,0.5230,0.5230,5.2303,10.4615
2024-03-27,5.2300,5.2800,5.2300,5.2300,-0.0100,-0.1900,1246847.7200,654830.3240,4.9700,11.2800,0.3018,0.7089,0.9800,4.2722,4.2606,0.5357,0.1059,0.0993,4161995.2444,4132039.0444,1758884.8507,21767235.1282,21610564.2022,4.8682,4.8682,0.5190,0.5190,5.1902,10.3815
2024-03-28,5.2200,5.2500,5.1900,5.2200,-0.0100,-0.1900,1347884.8900,704203.9230,4.9600,11.2600,0.3262,0.7663,1.0300,4.2641,4.2525,0.5347,0.1057,0.0992,4161995.2444,4132039.0444,1758884.8507,21725615.1758,21569243.8118,4.8776,4.8776,0.5200,0.5200,5.2002,10.4013
2024-03-29,5.2300,5.2800,5.2200,5.2400,0.0200,0.3800,1490152.8100,782803.6370,4.9800,11.3000,0.3606,0.8472,1.1100,4.2804,4.2687,0.5367,0.1061,0.0995,4161995.2444,4132039.0444,1758884.8507,21808855.0807,21651884.5927,4.8590,4.8590,0.5190,0.5190,5.1902,10.3815
2024-04-01,5.2600,5.3000,5.2200,5.2700,0.0300,0.5700,1921772.9400,1012289.1220,5.0100,11.3700,0.4651,1.0926,1.4100,4.3049,4.2932,0.5398,0.1067,0.1001,4161995.2444,4132039.0444,1758884.8507,21933714.9380,21775845.7640,4.8313,4.8313,0.5161,0.5161,5.1606,10.3222
2024-04-02,5.2500,5.2800,5.2100,5.2200,-0.0500,-0.9500,1730915.4500,907229.7100,4.9600,11.2600,0.4189,0.9841,1.2000,4.2641,4.2525,0.5347,0.1057,0.0992,4161995.2444,4132039.0444,1758884.8507,21725615.1758,21569243.8118,4.8776,4.8776,0.5170,0.5170,5.1705,10.3419
2024-04-03,5.2300,5.2400,5.1900,5.2000,-0.0200,-0.3800,1211584.1900,631477.7680,4.9400,11.2200,0.2932,0.6888,0.7800,4.2477,4.2362,0.5326,0.1053,0.0988,4161995.2444,4132039.0444,1758884.8507,21642375.2709,21486603.0309,4.8963,4.8963,0.5190,0.5190,5.1902,10.3815
2024-04-08,5.1900,5.2500,5.1600,5.1900,-0.0100,-0.1900,1540484.6500,802602.7430,4.9300,11.1900,0.3728,0.8758,1.0000,4.2396,4.2280,0.5316,0.1051,0.0986,4161995.2444,4132039.0444,1758884.8507,21600755.3184,21445282.6404,4.9058,4.9058,0.5230,0.5230,5.2303,10.4615
2024-04-09,5.2000,5.2100,5.1000,5.1100,-0.0800,-1.5400,1887763.9300,969934.1860,4.8600,11.0200,0.4569,1.0733,1.2000,4.1742,4.1628,0.5234,0.1035,0.0971,4161995.2444,4132039.0444,1758884.8507,21267795.6989,21114719.5169,4.9826,4.9826,0.5220,0.5220,5.2202,10.4413
2024-04-10,5.1100,5.1400,5.0400,5.0500,-0.0600,-1.1700,1654739.7600,840957.7350,4.8000,10.8900,0.4005,0.9408,1.0000,4.1252,4.1140,0.5172,0.1023,0.0959,4161995.2444,4132039.0444,1758884.8507,21018075.9842,20866797.1742,5.0418,5.0418,0.5312,0.5312,5.3121,10.6252
2024-04-11,5.0500,5.1400,5.0100,5.0900,0.0400,0.7900,1830681.5900,931535.9870,4.8400,10.9800,0.4430,1.0408,1.1400,4.1579,4.1465,0.5213,0.1031,0.0967,4161995.2444,4132039.0444,1758884.8507,21184555.7940,21032078.7360,5.0021,5.0021,0.5375,0.5375,5.3752,10.7515
2024-04-12,5.0800,5.0900,5.0100,5.0100,-0.0800,-1.5700,1630759.4400,821449.0370,4.7600,10.8100,0.3947,0.9272,1.0000,4.0925,4.0814,0.5131,0.1015,0.0952,4161995.2444,4132039.0444,1758884.8507,20851596.1744,20701515.6124,5.0820,5.0820,0.5344,0.5344,5.3435,10.6880
2024-04-15,5.0300,5.2500,5.0300,5.2300,0.2200,4.3900,3655709.6800,1893302.7780,4.9700,11.2800,0.8847,2.0784,2.1400,4.2722,4.2606,0.5357,0.1059,0.0993,4161995.2444,4132039.0444,1758884.8507,21767235.1282,21610564.2022,4.8682,4.8682,0.5397,0.5397,5.3966,10.7942
2024-04-16,5.2200,5.2700,5.1800,5.2300,0.0000,0.0000,2807321.5300,1469118.6390,4.9700,11.2800,0.6794,1.5961,1.3200,4.2722,4.2606,0.5357,0.1059,0.0993,4161995.2444,4132039.0444,1758884.8507,21767235.1282,21610564.2022,4.8682,4.8682,0.5200,0.5200,5.2002,10.4013
2024-04-17,5.2000,5.3600,5.1600,5.3500,0.1200,2.2900,3449315.3800,1819343.7660,5.0900,11.5400,0.8348,1.9611,1.4900,4.3703,4.3584,0.5480,0.1084,0.1016,4161995.2444,4132039.0444,1758884.8507,22266674.5575,22106408.8875,4.7591,4.7591,0.5220,0.5220,5.2202,10.4413
2024-04-18,5.3400,5.4300,5.3200,5.3800,0.0300,0.5600,2438009.0700,1312388.4890,5.1100,11.6000,0.5900,1.3861,0.9100,4.3948,4.3828,0.5510,0.1090,0.1022,4161995.2444,4132039.0444,1758884.8507,22391534.4149,22230370.0589,4.7325,4.7325,0.5083,0.5083,5.0833,10.1676
2024-04-19,5.3800,5.4200,5.3400,5.3600,-0.0200,-0.3700,2496615.4200,1342398.7340,5.0900,11.5600,0.6042,1.4194,0.8900,4.1111,4.1111,0.5343,0.0985,0.0985,4161995.2444,4132039.0444,1758884.8507,22308294.5100,22147729.2780,4.7502,4.7502,0.5046,0.5046,5.0455,10.0920
2024-04-22,5.3600,5.4400,5.3200,5.3600,0.0000,0.0000,2367048.2900,1273174.6400,5.0900,11.5600,0.5729,1.3458,0.8000,4.1111,4.1111,0.5343,0.0985,0.0985,4161995.2444,4132039.0444,1758884.8507,22308294.5100,22147729.2780,4.7502,4.7502,0.5064,0.5064,5.0644,10.1297
2024-04-23,5.3600,5.3800,5.2100,5.2200,-0.1400,-2.6100,2312436.4100,1219592.1290,4.9600,11.2600,0.5596,1.3147,0.8500,4.0037,4.0037,0.5203,0.0959,0.0959,4161995.2444,4132039.0444,1758884.8507,21725615.1758,21569243.8118,4.8776,4.8776,0.5064,0.5064,5.0644,10.1297
2024-04-24,5.2300,5.2800,5.2100,5.2700,0.0500,0.9600,1410369.3300,739814.9920,5.0100,11.3700,0.3413,0.8019,0.5400,4.0420,4.0420,0.5253,0.0968,0.0968,4161995.2444,4132039.0444,1758884.8507,21933714.9380,21775845.7640,4.8313,4.8313,0.5190,0.5190,5.1902,10.3815
2024-04-25,5.2700,5.3100,5.2400,5.2900,0.0200,0.3800,1421479.9200,750143.6640,5.0300,11.4100,0.3440,0.8082,0.6400,4.0574,4.0574,0.5273,0.0972,0.0972,4161995.2444,4132039.0444,1758884.8507,22016954.8429,21858486.5449,4.8130,4.8130,0.5151,0.5151,5.1509,10.3027
2024-04-26,5.2900,5.3700,5.2700,5.3500,0.0600,1.1300,2031721.7600,1081094.1100,5.0900,11.5400,0.4917,1.1551,1.0200,4.1034,4.1034,0.5333,0.0983,0.0983,4161995.2444,4132039.0444,1758884.8507,22266674.5575,22106408.8875,4.7591,4.7591,0.5131,0.5131,5.1314,10.2637
2024-04-29,5.3400,5.4800,5.3300,5.4500,0.1000,1.8700,2825768.5700,1532969.9460,5.1800,11.7600,0.6839,1.6066,1.4800,4.1801,4.1801,0.5432,0.1001,0.1001,4161995.2444,4132039.0444,1758884.8507,22682874.0820,22519612.7920,4.6717,4.6717,0.5083,0.5083,5.0833,10.1676
2024-04-30,5.4500,5.4500,5.3500,5.3600,-0.0900,-1.6500,2497584.8900,1344375.8090,5.0900,11.5600,0.6044,1.4200,1.2500,4.1111,4.0977,0.5146,0.0985,0.0974,4161995.2444,4132039.0444,1758884.8507,22308294.5100,22147729.2780,4.7502,4.7502,0.4981,0.4981,4.9807,9.9624
2024-05-06,5.4100,5.4800,5.4000,5.4200,0.0600,1.1200,2357714.2000,1282574.9900,5.1500,11.6900,0.5706,1.3405,1.1600,4.1571,4.1436,0.5204,0.0996,0.0985,4161995.2444,4132039.0444,1758884.8507,22558014.2246,22395651.6206,4.6976,4.6976,0.5018,0.5018,5.0176,10.0360
2024-05-07,5.4100,5.4600,5.3800,5.4100,-0.0100,-0.1800,1728212.3300,935336.9750,5.1400,11.6700,0.4182,0.9826,0.7800,4.1494,4.1359,0.5194,0.0994,0.0983,4161995.2444,4132039.0444,1758884.8507,22516394.2722,22354331.2302,4.7063,4.7063,0.5018,0.5018,5.0176,10.0360
2024-05-08,5.4000,5.4100,5.3500,5.3500,-0.0600,-1.1100,1334505.5600,717375.2820,5.0900,11.5400,0.3230,0.7587,0.5800,4.1034,4.0900,0.5137,0.0983,0.0972,4161995.2444,4132039.0444,1758884.8507,22266674.5575,22106408.8875,4.7591,4.7591,0.5027,0.5027,5.0269,10.0546
2024-05-09,5.3600,5.4200,5.3600,5.4100,0.0600,1.1200,1410101.9000,761426.2160,5.1400,11.6700,0.3413,0.8017,0.6600,4.1494,4.1359,0.5194,0.0994,0.0983,4161995.2444,4132039.0444,1758884.8507,22516394.2722,22354331.2302,4.7063,4.7063,0.5064,0.5064,5.0644,10.1297
2024-05-10,5.4200,5.5000,5.4100,5.4800,0.0700,1.2900,2333464.6800,1274314.3250,5.2100,11.8200,0.5647,1.3267,1.2500,4.2031,4.1894,0.5262,0.1007,0.0996,4161995.2444,4132039.0444,1758884.8507,22807733.9393,22643573.9633,4.6462,4.6462,0.5008,0.5008,5.0083,10.0175
2024-05-13,5.4800,5.5800,5.4600,5.5500,0.0700,1.2800,2631160.1500,1453800.3140,5.2800,11.9700,0.6368,1.4959,1.4400,4.2568,4.2429,0.5329,0.1020,0.1009,4161995.2444,4132039.0444,1758884.8507,23099073.6064,22932816.6964,4.5876,4.5876,0.4953,0.4953,4.9535,9.9078
2024-05-14,5.5500,5.5600,5.5100,5.5200,-0.0300,-0.5400,1629211.6100,901115.8090,5.2500,11.9100,0.3943,0.9263,0.8600,4.2338,4.2200,0.5300,0.1014,0.1003,4161995.2444,4132039.0444,1758884.8507,22974213.7491,22808855.5251,4.6125,4.6125,0.4891,0.4891,4.8910,9.7829
2024-05-15,5.5200,5.5700,5.4800,5.5200,0.0000,0.0000,1807485.6300,999384.9380,5.2500,11.9100,0.4374,1.0276,0.9700,4.2338,4.2200,0.5300,0.1014,0.1003,4161995.2444,4132039.0444,1758884.8507,22974213.7491,22808855.5251,4.6125,4.6125,0.4918,0.4918,4.9176,9.8361
2024-05-16,5.5200,5.7000,5.5100,5.6600,0.1400,2.5400,3237235.3200,1826437.1210,5.3800,12.2100,0.7834,1.8405,1.6500,4.3412,4.3270,0.5434,0.1040,0.1029,4161995.2444,4132039.0444,1758884.8507,23556893.0833,23387340.9913,4.4984,4.4984,0.4918,0.4918,4.9176,9.8361
2024-05-17,5.7000,5.8700,5.6300,5.8600,0.2000,3.5300,4294423.7800,2466398.5740,5.5700,12.6400,1.0393,2.4416,1.8400,4.4945,4.4799,0.5626,0.1077,0.1065,4161995.2444,4132039.0444,1758884.8507,24389292.1322,24213748.8002,4.3449,4.3449,0.4762,0.4762,4.7623,9.5254
2024-05-20,5.8500,5.8600,5.7700,5.8000,-0.0600,-1.0200,3057220.1600,1777126.3570,5.5100,12.5100,0.7399,1.7382,1.1200,4.4485,4.4341,0.5569,0.1066,0.1054,4161995.2444,4132039.0444,1758884.8507,24139572.4175,23965826.4575,4.3898,4.3898,0.4640,0.4640,4.6402,9.2812
2024-05-21,5.8000,5.8800,5.7900,5.8300,0.0300,0.5200,2188422.1000,1276727.2640,5.5400,12.5800,0.5296,1.2442,0.7800,4.4715,4.4570,0.5598,0.1071,0.1060,4161995.2444,4132039.0444,1758884.8507,24264432.2749,24089787.6289,4.3672,4.3672,0.4680,0.4680,4.6802,9.3612
2024-05-22,5.8200,5.9600,5.8100,5.8900,0.0600,1.0300,2497176.3700,1471201.7600,5.6000,12.7000,0.6043,1.4197,0.8600,4.5176,4.5029,0.5655,0.1082,0.1070,4161995.2444,4132039.0444,1758884.8507,24514151.9895,24337709.9715,4.3227,4.3227,0.4664,0.4664,4.6641,9.3290
2024-05-23,5.8800,5.8900,5.7500,5.7900,-0.1000,-1.7000,2279852.8400,1322045.9090,5.5000,12.4900,0.5518,1.2962,0.7500,4.4409,4.4264,0.5559,0.1064,0.1052,4161995.2444,4132039.0444,1758884.8507,24097952.4651,23924506.0671,4.3974,4.3974,0.4616,0.4616,4.6165,9.2338
2024-05-24,5.7800,5.8200,5.6800,5.7000,-0.0900,-1.5500,1783003.7200,1024887.5000,5.4200,12.2900,0.4315,1.0137,0.6200,4.3718,4.3576,0.5473,0.1047,0.1036,4161995.2444,4132039.0444,1758884.8507,23723372.8931,23552622.5531,4.4668,4.4668,0.4696,0.4696,4.6964,9.3936
2024-05-27,5.6800,5.7600,5.6800,5.7500,0.0500,0.8800,1378021.6200,789180.4530,5.4700,12.4000,0.3335,0.7835,0.5800,4.4102,4.3958,0.5521,0.1056,0.1045,4161995.2444,4132039.0444,1758884.8507,23931472.6553,23759224.5053,4.4280,4.4280,0.4779,0.4779,4.7790,9.5590
2024-05-28,5.7500,5.7700,5.6600,5.6800,-0.0700,-1.2200,1462418.5700,834590.7610,5.4000,12.2500,0.3539,0.8314,0.7200,4.3565,4.3423,0.5454,0.1043,0.1032,4161995.2444,4132039.0444,1758884.8507,23640132.9882,23469981.7722,4.4826,4.4826,0.4721,0.4721,4.7209,9.4426
2024-05-29,5.6700,5.7600,5.6600,5.7000,0.0200,0.3500,1209030.0400,690551.0630,5.4200,12.2900,0.2926,0.6874,0.6400,4.3718,4.3576,0.5473,0.1047,0.1036,4161995.2444,4132039.0444,1758884.8507,23723372.8931,23552622.5531,4.4668,4.4668,0.4787,0.4787,4.7875,9.5758
2024-05-30,5.6900,5.7200,5.6000,5.6500,-0.0500,-0.8800,1477416.9500,834632.6530,5.3700,12.1900,0.3576,0.8400,0.9100,4.3335,4.3194,0.5425,0.1038,0.1027,4161995.2444,4132039.0444,1758884.8507,23515273.1309,23346020.6009,4.5064,4.5064,0.4771,0.4771,4.7707,9.5422
2024-05-31,5.6500,5.6800,5.6200,5.6300,-0.0200,-0.3500,1405959.1100,793890.5100,5.3500,12.1400,0.3403,0.7993,0.9600,4.3181,4.3041,0.5406,0.1034,0.1023,4161995.2444,4132039.0444,1758884.8507,23432033.2260,23263379.8200,4.5224,4.5224,0.4804,0.4804,4.8044,9.6097
2024-06-03,5.6300,5.6500,5.5500,5.5900,-0.0400,-0.7100,1510976.5500,842492.6630,5.3100,12.0600,0.3657,0.8591,1.0900,4.2875,4.2735,0.5367,0.1027,0.1016,4161995.2444,4132039.0444,1758884.8507,23265553.4162,23098098.2582,4.5547,4.5547,0.4821,0.4821,4.8215,9.6439
2024-06-04,5.5800,5.7000,5.5700,5.6700,0.0800,1.4300,1772686.6800,1001360.5690,5.3900,12.2300,0.4290,1.0078,1.2500,4.3488,4.3347,0.5444,0.1042,0.1030,4161995.2444,4132039.0444,1758884.8507,23598513.0357,23428661.3817,4.4905,4.4905,0.4865,0.4865,4.8647,9.7303
2024-06-05,5.6700,5.6800,5.5700,5.5800,-0.0900,-1.5900,1328273.1800,745428.0780,5.3000,12.0400,0.3215,0.7552,0.9000,4.2798,4.2659,0.5358,0.1025,0.1014,4161995.2444,4132039.0444,1758884.8507,23223933.4638,23056777.8678,4.5629,4.5629,0.4787,0.4787,4.7875,9.5758
2024-06-06,5.5900,5.6300,5.5500,5.5700,-0.0100,-0.1800,1392325.6100,779040.3760,5.2900,12.0100,0.3370,0.7916,0.9300,4.2721,4.2582,0.5348,0.1023,0.1012,4161995.2444,4132039.0444,1758884.8507,23182313.5113,23015457.4773,4.5711,4.5711,0.4856,0.4856,4.8560,9.7129
2024-06-07,5.5900,5.6500,5.5700,5.6100,0.0400,0.7200,1623047.1400,910797.7200,5.3300,12.1000,0.3928,0.9228,1.1000,4.3028,4.2888,0.5386,0.1031,0.1020,4161995.2444,4132039.0444,1758884.8507,23348793.3211,23180739.0391,4.5385,4.5385,0.4856,0.4856,4.8560,9.7129
2024-06-11,5.5900,5.6000,5.4800,5.5000,-0.1100,-1.9600,1746743.6800,963936.1510,5.2300,11.8600,0.4227,0.9931,1.1500,4.2184,4.2047,0.5281,0.1010,0.1000,4161995.2444,4132039.0444,1758884.8507,22890973.8442,22726214.7442,4.6293,4.6293,0.4856,0.4856,4.8560,9.7129
2024-06-12,5.4900,5.5500,5.4300,5.5200,0.0200,0.3600,1433565.4800,787627.6890,5.2500,11.9100,0.3469,0.8150,0.9100,4.2338,4.2200,0.5300,0.1014,0.1003,4161995.2444,4132039.0444,1758884.8507,22974213.7491,22808855.5251,4.6125,4.6125,0.4944,0.4944,4.9444,9.8898
2024-06-13,5.5200,5.5500,5.4600,5.4700,-0.0500,-0.9100,1127091.8500,619329.7780,5.2000,11.8000,0.2728,0.6408,0.7500,4.1954,4.1818,0.5252,0.1005,0.0994,4161995.2444,4132039.0444,1758884.8507,22766113.9869,22602253.5729,4.6547,4.6547,0.4918,0.4918,4.9176,9.8361
2024-06-14,5.4600,5.5700,5.4500,5.5600,0.0900,1.6500,1598782.8600,883746.0770,5.2900,11.9900,0.3869,0.9090,1.0900,4.2645,4.2506,0.5338,0.1021,0.1011,4161995.2444,4132039.0444,1758884.8507,23140693.5589,22974137.0869,4.5793,4.5793,0.4972,0.4972,4.9716,9.9441
2024-06-17,5.5300,5.5400,5.4200,5.4400,-0.1200,-2.1600,1699286.3100,928527.8730,5.1700,11.7300,0.4112,0.9661,1.1300,4.1724,4.1588,0.5223,0.0999,0.0989,4161995.2444,4132039.0444,1758884.8507,22641254.1295,22478292.4015,4.6803,4.6803,0.4909,0.4909,4.9087,9.8183
2024-06-18,5.4500,5.5500,5.4400,5.5200,0.0800,1.4700,1772473.8800,976116.3970,5.2500,11.9100,0.4290,1.0077,1.1700,4.2338,4.2200,0.5300,0.1014,0.1003,4161995.2444,4132039.0444,1758884.8507,22974213.7491,22808855.5251,4.6125,4.6125,0.4981,0.4981,4.9807,9.9624
2024-06-19,5.5200,5.5700,5.5100,5.5400,0.0200,0.3600,929044.2600,514525.1640,5.2700,11.9500,0.2248,0.5282,0.6100,4.2491,4.2353,0.5319,0.1018,0.1007,4161995.2444,4132039.0444,1758884.8507,23057453.6540,22891496.3060,4.5958,4.5958,0.4918,0.4918,4.9176,9.8361
2024-06-20,5.5400,5.5500,5.4500,5.4600,-0.0800,-1.4400,1206237.8300,660401.4000,5.1900,11.7800,0.2919,0.6858,0.8500,4.1878,4.1741,0.5242,0.1003,0.0992,4161995.2444,4132039.0444,1758884.8507,22724494.0344,22560933.1824,4.6632,4.6632,0.4900,0.4900,4.8998,9.8005
2024-06-21,5.4700,5.5000,5.4500,5.4800,0.0200,0.3700,1324049.2400,725203.9240,5.2100,11.8200,0.3204,0.7528,0.9200,4.2031,4.1894,0.5262,0.1007,0.0996,4161995.2444,4132039.0444,1758884.8507,22807733.9393,22643573.9633,4.6462,4.6462,0.4963,0.4963,4.9625,9.9260
2024-06-24,5.4800,5.5000,5.4200,5.4700,-0.0100,-0.1800,1498239.3000,818488.2040,5.2000,11.8000,0.3626,0.8518,1.0800,4.1954,4.1818,0.5252,0.1005,0.0994,4161995.2444,4132039.0444,1758884.8507,22766113.9869,22602253.5729,4.6547,4.6547,0.4953,0.4953,4.9535,9.9078
2024-06-25,5.4700,5.5300,5.4600,5.4800,0.0100,0.1800,1480393.4100,813847.7150,5.2100,11.8200,0.3583,0.8417,1.1000,4.2031,4.1894,0.5262,0.1007,0.0996,4161995.2444,4132039.0444,1758884.8507,22807733.9393,22643573.9633,4.6462,4.6462,0.4963,0.4963,4.9625,9.9260
2024-06-26,5.4800,5.4900,5.4300,5.4600,-0.0200,-0.3600,1488782.5300,813175.3170,5.1900,11.7800,0.3603,0.8464,1.1600,4.1878,4.1741,0.5242,0.1003,0.0992,4161995.2444,4132039.0444,1758884.8507,22724494.0344,22560933.1824,4.6632,4.6632,0.4953,0.4953,4.9535,9.9078
2024-06-27,5.2500,5.2800,5.1800,5.2500,-0.2100,-3.8500,2121440.5800,1110075.3690,5.2500,11.9100,0.5134,1.2061,1.5200,4.0267,4.0136,0.5176,0.0964,0.0954,4161995.2444,4132039.0444,1758884.8507,21850475.0331,21693204.9831,4.8497,10.0202,0.5170,0.5170,5.1705,10.3419
2024-06-28,5.2300,5.3600,5.2200,5.3100,0.0600,1.1400,1806480.9300,959962.6120,5.3100,12.0500,0.4372,1.0271,1.1400,4.0727,4.0595,0.5235,0.0975,0.0965,4161995.2444,4132039.0444,1758884.8507,22100194.7478,21941127.3258,4.7949,9.9070,0.5190,0.5190,5.1902,10.3815
2024-07-01,5.3100,5.4800,5.3100,5.4400,0.1300,2.4500,1700281.4800,921972.5030,5.4400,12.3400,0.4115,0.9667,1.0100,4.1724,4.1588,0.5363,0.0999,0.0989,4161995.2444,4132039.0444,1758884.8507,22641254.1295,22478292.4015,4.6803,4.9899,0.5112,0.5112,5.1121,10.2250
2024-07-02,5.4400,5.4800,5.4200,5.4400,0.0000,0.0000,1326469.4800,722258.8480,5.4400,12.3400,0.3210,0.7542,0.7700,4.1724,4.1588,0.5363,0.0999,0.0989,4161995.2444,4132039.0444,1758884.8507,22641254.1295,22478292.4015,4.6803,4.9899,0.4990,0.4990,4.9899,9.9807
2024-07-03,5.4300,5.5100,5.4300,5.4600,0.0200,0.3700,1250192.9700,683726.6550,5.4600,12.3900,0.3026,0.7108,0.7400,4.1878,4.1741,0.5383,0.1003,0.0992,4161995.2444,4132039.0444,1758884.8507,22724494.0344,22560933.1824,4.6632,4.9716,0.4999,0.4999,4.9991,9.9991
2024-07-04,5.4700,5.5000,5.4300,5.4300,-0.0300,-0.5500,1173812.6000,640707.9440,5.4300,12.3200,0.2841,0.6674,0.7200,4.1647,4.1512,0.5353,0.0998,0.0987,4161995.2444,4132039.0444,1758884.8507,22599634.1771,22436972.0111,4.6889,4.9991,0.4963,0.4963,4.9625,9.9260
2024-07-05,5.4300,5.4600,5.3500,5.3600,-0.0700,-1.2900,1549475.0800,834612.7510,5.3600,12.1600,0.3750,0.8809,1.0700,4.1111,4.0977,0.5284,0.0985,0.0974,4161995.2444,4132039.0444,1758884.8507,22308294.5100,22147729.2780,4.7502,5.0644,0.4999,0.4999,4.9991,9.9991
2024-07-08,5.3600,5.3900,5.2800,5.3000,-0.0600,-1.1200,1485920.9000,790453.0210,5.3000,12.0300,0.3596,0.8448,1.0600,4.0650,4.0518,0.5225,0.0974,0.0963,4161995.2444,4132039.0444,1758884.8507,22058574.7953,21899806.9353,4.8040,5.1217,0.5064,0.5064,5.0644,10.1297
2024-07-09,5.3100,5.3200,5.2000,5.2600,-0.0400,-0.7500,2013247.1400,1056420.7970,5.2600,11.9400,0.4872,1.1446,1.4800,4.0344,4.0212,0.5186,0.0966,0.0956,4161995.2444,4132039.0444,1758884.8507,21892094.9855,21734525.3735,4.8405,5.1606,0.5112,0.5112,5.1121,10.2250
2024-07-10,5.2400,5.2600,5.1900,5.2100,-0.0500,-0.9500,1455109.8100,758529.3020,5.2100,11.8200,0.3522,0.8273,0.9700,3.9960,3.9830,0.5136,0.0957,0.0947,4161995.2444,4132039.0444,1758884.8507,21683995.2233,21527923.4213,4.8869,5.2102,0.5180,0.5180,5.1803,10.3616
2024-07-11,5.2500,5.3500,5.2300,5.3500,0.1400,2.6900,1706666.3100,906942.0250,5.3500,12.1400,0.4130,0.9703,1.1100,4.1034,4.0900,0.5274,0.0983,0.0972,4161995.2444,4132039.0444,1758884.8507,22266674.5575,22106408.8875,4.7591,5.0738,0.5170,0.5170,5.1705,10.3419
2024-07-12,5.3600,5.4600,5.3600,5.4100,0.0600,1.1200,1428372.4900,774023.9000,5.4100,12.2800,0.3457,0.8121,0.8700,4.1494,4.1359,0.5333,0.0994,0.0983,4161995.2444,4132039.0444,1758884.8507,22516394.2722,22354331.2302,4.7063,5.0176,0.5064,0.5064,5.0644,10.1297
2024-07-15,5.4000,5.4600,5.3800,5.4000,-0.0100,-0.1800,1243310.8400,673002.5870,5.4000,12.2500,0.3009,0.7069,0.7700,4.1417,4.1283,0.5324,0.0992,0.0981,4161995.2444,4132039.0444,1758884.8507,22474774.3198,22313010.8398,4.7150,5.0269,0.5027,0.5027,5.0269,10.0546
2024-07-16,5.4000,5.4100,5.3300,5.3700,-0.0300,-0.5600,1395680.5600,749501.9450,5.3700,12.1900,0.3378,0.7935,0.8900,4.1187,4.1053,0.5294,0.0987,0.0976,4161995.2444,4132039.0444,1758884.8507,22349914.4624,22189049.6684,4.7413,5.0549,0.5027,0.5027,5.0269,10.0546
2024-07-17,5.3700,5.4400,5.3600,5.4200,0.0500,0.9300,1469562.0900,795460.7800,5.4200,12.3000,0.3557,0.8355,1.0200,4.1571,4.1436,0.5343,0.0996,0.0985,4161995.2444,4132039.0444,1758884.8507,22558014.2246,22395651.6206,4.6976,5.0083,0.5055,0.5055,5.0549,10.1108
2024-07-18,5.4200,5.4600,5.3500,5.4600,0.0400,0.7400,1543026.1900,836592.9730,5.4600,12.3900,0.3734,0.8773,1.0700,4.1878,4.1741,0.5383,0.1003,0.0992,4161995.2444,4132039.0444,1758884.8507,22724494.0344,22560933.1824,4.6632,4.9716,0.5008,0.5008,5.0083,10.0175
2024-07-19,5.4400,5.4600,5.3800,5.4500,-0.0100,-0.1800,1734382.4800,941073.0030,5.4500,12.3700,0.4197,0.9861,1.2200,4.1801,4.1665,0.5373,0.1001,0.0991,4161995.2444,4132039.0444,1758884.8507,22682874.0820,22519612.7920,4.6717,4.9807,0.4990,0.4990,4.9899,9.9807
2024-07-22,5.4400,5.5100,5.3900,5.4200,-0.0300,-0.5500,2079116.9800,1129873.1700,5.4200,12.3000,0.5032,1.1821,1.4100,4.1571,4.1436,0.5343,0.0996,0.0985,4161995.2444,4132039.0444,1758884.8507,22558014.2246,22395651.6206,4.6976,5.0083,0.4990,0.4990,4.9899,9.9807
2024-07-23,5.4000,5.5000,5.3800,5.4400,0.0200,0.3700,2085713.7000,1138374.6160,5.4400,12.3400,0.5048,1.1858,1.2700,4.1724,4.1588,0.5363,0.0999,0.0989,4161995.2444,4132039.0444,1758884.8507,22641254.1295,22478292.4015,4.6803,4.9899,0.5027,0.5027,5.0269,10.0546
2024-07-24,5.4300,5.6400,5.4200,5.5900,0.1500,2.7600,3750583.5200,2083164.7050,5.5900,12.6800,0.9077,2.1324,2.1000,4.2875,4.2735,0.5511,0.1027,0.1016,4161995.2444,4132039.0444,1758884.8507,23265553.4162,23098098.2582,4.5547,4.8560,0.4999,0.4999,4.9991,9.9991
2024-07-25,5.5800,5.6400,5.5100,5.5500,-0.0400,-0.7200,2466778.1400,1372455.1710,5.5500,12.5900,0.5970,1.4025,1.1000,4.2568,4.2429,0.5471,0.1020,0.1009,4161995.2444,4132039.0444,1758884.8507,23099073.6064,22932816.6964,4.5876,4.8910,0.4865,0.4865,4.8647,9.7303
2024-07-26,5.5500,5.5600,5.4400,5.4900,-0.0600,-1.0800,2019218.3500,1108424.5160,5.4900,12.4600,0.4887,1.1480,0.8300,4.2108,4.1971,0.5412,0.1009,0.0998,4161995.2444,4132039.0444,1758884.8507,22849353.8918,22684894.3538,4.6377,4.9444,0.4891,0.4891,4.8910,9.7829
2024-07-29,5.4900,5.6600,5.4800,5.6200,0.1300,2.3700,2263654.4800,1266065.4900,5.6200,12.7500,0.5478,1.2870,0.9100,4.3105,4.2964,0.5540,0.1032,0.1021,4161995.2444,4132039.0444,1758884.8507,23390413.2735,23222059.4295,4.5304,4.8301,0.4944,0.4944,4.9444,9.8898
2024-07-30,5.6200,5.6500,5.5800,5.6400,0.0200,0.3600,1885385.4800,1060826.1880,5.6400,12.8000,0.4563,1.0719,0.7500,4.3258,4.3117,0.5560,0.1036,0.1025,4161995.2444,4132039.0444,1758884.8507,23473653.1784,23304700.2104,4.5144,4.8129,0.4830,0.4830,4.8301,9.6610
2024-07-31,5.6400,5.6500,5.5400,5.5800,-0.0600,-1.0600,2445635.6400,1364703.9310,5.5800,12.6600,0.5919,1.3904,0.9900,4.2798,4.2659,0.5501,0.1025,0.1014,4161995.2444,4132039.0444,1758884.8507,23223933.4638,23056777.8678,4.5629,4.8647,0.4813,0.4813,4.8129,9.6268
2024-08-01,5.5700,5.7100,5.5500,5.6200,0.0400,0.7200,3104574.0500,1751315.5680,5.6200,12.7500,0.7513,1.7651,1.4000,4.3105,4.2964,0.5540,0.1032,0.1021,4161995.2444,4132039.0444,1758884.8507,23390413.2735,23222059.4295,4.5304,4.8301,0.4873,0.4873,4.8734,9.7478
2024-08-02,5.6000,5.6200,5.5200,5.5300,-0.0900,-1.6000,1957267.1700,1087856.7400,5.5300,12.5500,0.4737,1.1128,0.8400,4.2414,4.2276,0.5452,0.1016,0.1005,4161995.2444,4132039.0444,1758884.8507,23015833.7015,22850175.9155,4.6041,4.9087,0.4847,0.4847,4.8473,9.6955
2024-08-05,5.5000,5.5600,5.4400,5.4600,-0.0700,-1.2700,2029484.6800,1115534.8580,5.4600,12.3900,0.4912,1.1538,0.8700,4.1878,4.1741,0.5383,0.1003,0.0992,4161995.2444,4132039.0444,1758884.8507,22724494.0344,22560933.1824,4.6632,4.9716,0.4935,0.4935,4.9355,9.8718
2024-08-06,5.4900,5.5300,5.3800,5.4300,-0.0300,-0.5500,1835351.7800,996256.8610,5.4300,12.3200,0.4442,1.0435,0.8000,4.1647,4.1512,0.5353,0.0998,0.0987,4161995.2444,4132039.0444,1758884.8507,22599634.1771,22436972.0111,4.6889,4.9991,0.4944,0.4944,4.9444,9.8898
2024-08-07,5.4300,5.4700,5.4000,5.4100,-0.0200,-0.3700,1052215.7300,571379.9690,5.4100,12.2800,0.2546,0.5982,0.4600,4.1494,4.1359,0.5333,0.0994,0.0983,4161995.2444,4132039.0444,1758884.8507,22516394.2722,22354331.2302,4.7063,5.0176,0.4999,0.4999,4.9991,9.9991
2024-08-08,5.4000,5.4700,5.3800,5.4500,0.0400,0.7400,980378.6000,532903.5370,5.4500,12.3700,0.2373,0.5574,0.4900,4.1801,4.1665,0.5373,0.1001,0.0991,4161995.2444,4132039.0444,1758884.8507,22682874.0820,22519612.7920,4.6717,4.9807,0.5027,0.5027,5.0269,10.0546
2024-08-09,5.4500,5.5600,5.4400,5.5100,0.0600,1.1000,1552993.3300,856623.6520,5.5100,12.5000,0.3758,0.8829,0.9900,4.2261,4.2124,0.5432,0.1012,0.1001,4161995.2444,4132039.0444,1758884.8507,22932593.7966,22767535.1346,4.6209,4.9265,0.4981,0.4981,4.9807,9.9624
2024-08-12,5.5000,5.5400,5.4700,5.5000,-0.0100,-0.1800,1059209.5000,583383.2130,5.5000,12.4800,0.2563,0.6022,0.7100,4.2184,4.2047,0.5422,0.1010,0.1000,4161995.2444,4132039.0444,1758884.8507,22890973.8442,22726214.7442,4.6293,4.9355,0.4935,0.4935,4.9355,9.8718
2024-08-13,5.5000,5.5400,5.4800,5.5100,0.0100,0.1800,1068478.0800,588557.1100,5.5100,12.5000,0.2586,0.6075,0.8200,4.2261,4.2124,0.5432,0.1012,0.1001,4161995.2444,4132039.0444,1758884.8507,22932593.7966,22767535.1346,4.6209,4.9265,0.4935,0.4935,4.9355,9.8718
2024-08-14,5.5200,5.5600,5.4900,5.4900,-0.0200,-0.3600,956855.7600,527904.6030,5.4900,12.4600,0.2316,0.5440,0.8400,4.2108,4.1971,0.5412,0.1009,0.0998,4161995.2444,4132039.0444,1758884.8507,22849353.8918,22684894.3538,4.6377,4.9444,0.4918,0.4918,4.9176,9.8361
2024-08-15,5.4900,5.6200,5.4500,5.5900,0.1000,1.8200,2052723.3400,1141141.6400,5.5900,12.6800,0.4968,1.1671,1.8300,4.2875,4.2735,0.5511,0.1027,0.1016,4161995.2444,4132039.0444,1758884.8507,23265553.4162,23098098.2582,4.5547,4.8560,0.4944,0.4944,4.9444,9.8898
2024-08-16,5.6000,5.6400,5.5800,5.6400,0.0500,0.8900,1528081.9000,858777.8940,5.6400,12.8000,0.3698,0.8688,1.1400,4.3258,4.3117,0.5560,0.1036,0.1025,4161995.2444,4132039.0444,1758884.8507,23473653.1784,23304700.2104,4.5144,4.8129,0.4847,0.4847,4.8473,9.6955
2024-08-19,5.6400,5.6900,5.6400,5.6700,0.0300,0.5300,1373012.5600,778366.4080,5.6700,12.8700,0.3323,0.7806,1.0300,4.3478,4.3337,0.5589,0.1041,0.1030,4161032.2444,4132039.0444,1758884.8507,23593052.8257,23428661.3817,4.4915,4.7886,0.4813,0.4813,4.8129,9.6268
2024-08-20,5.6900,5.6900,5.6200,5.6600,-0.0100,-0.1800,1205476.5300,681506.6180,5.6600,12.8400,0.2917,0.6854,0.8600,4.3401,4.3260,0.5579,0.1040,0.1028,4161032.2444,4132039.0444,1758884.8507,23551442.5033,23387340.9913,4.4994,4.7970,0.4771,0.4771,4.7707,9.5422
2024-08-21,5.6500,5.6600,5.5900,5.6100,-0.0500,-0.8800,1075561.0000,604242.1830,5.6100,12.7300,0.2603,0.6115,0.7600,4.3018,4.2878,0.5530,0.1030,0.1019,4161032.2444,4132039.0444,1758884.8507,23343390.8911,23180739.0391,4.5395,4.8398,0.4804,0.4804,4.8044,9.6097
2024-08-22,5.6300,5.6800,5.6200,5.6700,0.0600,1.0700,1420279.9700,804198.8380,5.6700,12.8700,0.3437,0.8075,0.9800,4.3478,4.3337,0.5589,0.1041,0.1030,4161032.2444,4132039.0444,1758884.8507,23593052.8257,23428661.3817,4.4915,4.7886,0.4821,0.4821,4.8215,9.6439
2024-08-23,5.6700,5.6800,5.6100,5.6700,0.0000,0.0000,1109815.3000,627350.3570,5.6700,12.8700,0.2686,0.6310,0.8400,4.3478,4.3337,0.5589,0.1041,0.1030,4161032.2444,4132039.0444,1758884.8507,23593052.8257,23428661.3817,4.4915,4.7886,0.4787,0.4787,4.7875,9.5758
2024-08-26,5.6600,5.7100,5.5800,5.6300,-0.0400,-0.7100,1668886.2500,940864.6780,5.6300,12.7800,0.4039,0.9488,1.3500,4.3171,4.3031,0.5549,0.1034,0.1023,4161032.2444,4132039.0444,1758884.8507,23426611.5360,23263379.8200,4.5234,4.8226,0.4796,0.4796,4.7959,9.5928
2024-08-27,5.6400,5.6500,5.5400,5.5600,-0.0700,-1.2400,1355987.7300,756678.3360,5.5600,12.6200,0.3282,0.7709,1.0500,4.2635,4.2496,0.5480,0.1021,0.1010,4161032.2444,4132039.0444,1758884.8507,23135339.2789,22974137.0869,4.5804,4.8833,0.4813,0.4813,4.8129,9.6268
2024-08-28,5.5700,5.5800,5.4400,5.4700,-0.0900,-1.6200,1677595.1300,922473.5540,5.4700,12.4100,0.4060,0.9538,1.2700,4.1945,4.1808,0.5392,0.1005,0.0994,4161032.2444,4132039.0444,1758884.8507,22760846.3769,22602253.5729,4.6557,4.9637,0.4873,0.4873,4.8734,9.7478
2024-08-29,5.4700,5.4800,5.2400,5.2400,-0.2300,-4.2000,3116369.5600,1652962.8840,5.2400,11.8900,0.7542,1.7718,2.1500,4.0181,4.0050,0.5165,0.0962,0.0952,4161032.2444,4132039.0444,1758884.8507,21803808.9607,21651884.5927,4.8601,5.1815,0.4963,0.4963,4.9625,9.9260
2024-08-30,5.2900,5.4500,5.2800,5.3900,0.1500,2.8600,2702757.7500,1452273.7500,5.3900,12.2300,0.6541,1.5366,1.5100,4.1331,4.0971,0.5135,0.0990,0.0976,4161032.2444,4132039.0444,1758884.8507,22427963.7973,22271690.4493,4.7248,5.0373,0.5131,0.5131,5.1314,10.2637
2024-09-02,5.3800,5.3900,5.2600,5.2800,-0.1100,-2.0400,1857109.4200,985221.7650,5.2800,11.9800,0.4494,1.0558,0.8800,4.0488,4.0134,0.5030,0.0970,0.0957,4161032.2444,4132039.0444,1758884.8507,21970250.2504,21817166.1544,4.8233,5.1423,0.5046,0.5046,5.0455,10.0920
2024-09-03,5.2700,5.2800,5.0900,5.1200,-0.1600,-3.0300,2945309.1100,1516188.3830,5.1200,11.6200,0.7128,1.6745,1.3800,3.9261,3.8918,0.4878,0.0940,0.0928,4161032.2444,4132039.0444,1758884.8507,21304485.0913,21156039.9073,4.9740,5.3030,0.5151,0.5151,5.1509,10.3027
2024-09-04,5.1100,5.1600,5.0100,5.0100,-0.1100,-2.1500,2220566.6000,1123795.9510,5.0100,11.3700,0.5374,1.2625,0.9000,3.8417,3.8082,0.4773,0.0920,0.0908,4161032.2444,4132039.0444,1758884.8507,20846771.5444,20701515.6124,5.0832,5.4194,0.5312,0.5312,5.3121,10.6252
2024-09-05,5.0200,5.0800,5.0200,5.0700,0.0600,1.2000,1664824.8000,840117.4640,5.0700,11.5000,0.4029,0.9465,0.6500,3.8877,3.8538,0.4830,0.0931,0.0919,4161032.2444,4132039.0444,1758884.8507,21096433.4791,20949437.9551,5.0230,5.3553,0.5407,0.5407,5.4074,10.8157
2024-09-06,5.0800,5.1100,5.0100,5.0200,-0.0500,-0.9900,1173629.5000,593974.5390,5.0200,11.3900,0.2840,0.6673,0.5200,3.8494,3.8158,0.4783,0.0922,0.0909,4161032.2444,4132039.0444,1758884.8507,20888381.8669,20742836.0029,5.0731,5.4086,0.5344,0.5344,5.3435,10.6880
2024-09-09,4.9900,5.0000,4.8600,4.8800,-0.1400,-2.7900,2443519.2600,1199493.6670,4.8800,11.0700,0.5914,1.3892,1.2400,3.7420,3.7094,0.4649,0.0896,0.0884,4161032.2444,4132039.0444,1758884.8507,20305837.3527,20164350.5367,5.2186,5.5638,0.5440,0.5440,5.4399,10.8808
2024-09-10,4.8900,4.9300,4.8400,4.9200,0.0400,0.8200,1564686.5700,764815.9590,4.9200,11.1600,0.3787,0.8896,0.7500,3.7727,3.7398,0.4688,0.0904,0.0891,4161032.2444,4132039.0444,1758884.8507,20472278.6424,20329632.0984,5.1762,5.5186,0.5551,0.5551,5.5511,11.1033
2024-09-11,4.9000,4.9100,4.7900,4.8100,-0.1100,-2.2400,1690204.7800,815483.8120,4.8100,10.9100,0.4090,0.9610,0.9300,3.6884,3.6562,0.4583,0.0883,0.0871,4161032.2444,4132039.0444,1758884.8507,20014565.0956,19875107.8036,5.2946,5.6448,0.5540,0.5540,5.5398,11.0806
2024-09-12,4.8000,4.8400,4.7900,4.7900,-0.0200,-0.4200,1383535.3800,665512.5840,4.7900,10.8700,0.3348,0.7866,0.8100,3.6730,3.6410,0.4564,0.0880,0.0868,4161032.2444,4132039.0444,1758884.8507,19931344.4507,19792467.0227,5.3167,5.6683,0.5655,0.5655,5.6552,11.3115
2024-09-13,4.8000,4.8300,4.7700,4.7700,-0.0200,-0.4200,1189304.4300,570451.7770,4.7700,10.8200,0.2878,0.6762,0.7200,3.6577,3.6258,0.4545,0.0876,0.0864,4161032.2444,4132039.0444,1758884.8507,19848123.8058,19709826.2418,5.3390,5.6921,0.5655,0.5655,5.6552,11.3115
2024-09-18,4.7700,4.8300,4.7200,4.8000,0.0300,0.6300,1353936.0000,645664.9730,4.8000,10.8900,0.3277,0.7698,0.8200,3.6807,3.6486,0.4573,0.0882,0.0870,4161032.2444,4132039.0444,1758884.8507,19972954.7731,19833787.4131,5.3056,5.6565,0.5691,0.5691,5.6908,11.3826
2024-09-19,4.8200,4.9300,4.7700,4.8900,0.0900,1.8700,1765156.0100,858846.9940,4.8900,11.1000,0.4272,1.0036,1.2300,3.7497,3.7170,0.4659,0.0898,0.0886,4161032.2444,4132039.0444,1758884.8507,20347447.6751,20205670.9271,5.2079,5.5524,0.5632,0.5632,5.6317,11.2645
2024-09-20,4.8800,4.9300,4.8400,4.9100,0.0200,0.4100,1688327.5300,824684.0530,4.9100,11.1400,0.4086,0.9599,1.1400,3.7650,3.7322,0.4678,0.0902,0.0890,4161032.2444,4132039.0444,1758884.8507,20430668.3200,20288311.7080,5.1867,5.5298,0.5563,0.5563,5.5625,11.1260
2024-09-23,4.9100,4.9800,4.8800,4.9500,0.0400,0.8100,1191347.6900,588731.4000,4.9500,11.2300,0.2883,0.6773,0.8100,3.7957,3.7626,0.4716,0.0909,0.0897,4161032.2444,4132039.0444,1758884.8507,20597109.6098,20453593.2698,5.1448,5.4851,0.5529,0.5529,5.5285,11.0580
2024-09-24,5.0200,5.2100,5.0200,5.2100,0.2600,5.2500,3311164.4200,1694081.2690,5.2100,11.8200,0.8013,1.8825,2.3000,3.9951,3.9602,0.4964,0.0957,0.0944,4161032.2444,4132039.0444,1758884.8507,21678977.9933,21527923.4213,4.8881,5.2114,0.5407,0.5407,5.4074,10.8157
2024-09-25,5.3100,5.5700,5.3100,5.4600,0.2500,4.8000,4828030.4000,2646215.9320,5.4600,12.3900,1.1684,2.7449,2.5900,4.1868,4.1503,0.5202,0.1003,0.0989,4161032.2444,4132039.0444,1758884.8507,22719236.0544,22560933.1824,4.6643,4.9728,0.5112,0.5112,5.1121,10.2250
2024-09-26,5.4600,5.7800,5.4500,5.7800,0.3200,5.8600,4629330.8200,2595774.3770,5.7800,13.1200,1.1204,2.6320,1.8100,4.4322,4.3935,0.5507,0.1062,0.1047,4161032.2444,4132039.0444,1758884.8507,24050766.3726,23883185.6766,4.4060,4.6975,0.4972,0.4972,4.9716,9.9441
2024-09-27,5.9000,5.9600,5.6700,5.8000,0.0200,0.3500,3577635.4300,2071713.3800,5.8000,13.1600,0.8658,2.0340,1.1400,4.4475,4.4087,0.5526,0.1065,0.1051,4161032.2444,4132039.0444,1758884.8507,24133987.0175,23965826.4575,4.3908,4.6813,0.4601,0.4601,4.6008,9.2025
2024-09-30,6.0000,6.2300,5.8800,6.1800,0.3800,6.5500,7343103.7000,4470960.7220,6.1800,14.0200,1.7771,4.1749,2.0900,4.7389,4.6975,0.5888,0.1135,0.1120,4161032.2444,4132039.0444,1758884.8507,25715179.2704,25536001.2944,4.1208,4.3934,0.4524,0.4524,4.5242,9.0492
2024-10-08,6.7900,6.7900,6.2300,6.3900,0.2100,3.4000,7984181.8700,5165270.9070,6.3900,14.5000,1.9323,4.5393,1.6900,4.8999,4.8572,0.6088,0.1174,0.1158,4161032.2444,4132039.0444,1758884.8507,26588996.0417,26403729.4937,3.9854,4.2490,0.3998,0.3998,3.9978,7.9963
2024-10-09,6.3300,6.3500,5.8000,5.8000,-0.5900,-9.2300,6229395.4300,3757481.3640,5.8000,13.1600,1.5076,3.5417,1.1000,4.4475,4.4087,0.5526,0.1065,0.1051,4161032.2444,4132039.0444,1758884.8507,24133987.0175,23965826.4575,4.3908,4.6813,0.4288,0.4288,4.2883,8.5774
2024-10-10,5.8300,6.3800,5.8200,6.3000,0.5000,8.6200,8497100.5200,5283218.6280,6.3000,14.3000,2.0564,4.8310,1.4300,4.8309,4.7888,0.6002,0.1157,0.1141,4161032.2444,4132039.0444,1758884.8507,26214503.1397,26031845.9797,4.0424,4.3097,0.4656,0.4656,4.6561,9.3130
2024-10-11,6.2000,6.2800,5.9700,6.0500,-0.2500,-3.9700,6151947.3400,3766795.0080,6.0500,13.7300,1.4888,3.4976,0.9100,4.6392,4.5987,0.5764,0.1111,0.1096,4161032.2444,4132039.0444,1758884.8507,25174245.0786,24998836.2186,4.2094,4.4878,0.4378,0.4378,4.3782,8.7573
2024-10-14,6.1800,6.4700,6.1800,6.3600,0.3100,5.1200,7019360.2600,4442502.1270,6.3600,14.4300,1.6988,3.9908,0.9700,4.8769,4.8344,0.6059,0.1168,0.1152,4161032.2444,4132039.0444,1758884.8507,26464165.0744,26279768.3224,4.0042,4.2691,0.4392,0.4392,4.3924,8.7856
2024-10-15,6.3300,6.5000,6.2200,6.2300,-0.1300,-2.0400,4415793.9100,2808703.7520,6.2300,14.1400,1.0687,2.5106,0.6200,4.7772,4.7356,0.5936,0.1144,0.1129,4161032.2444,4132039.0444,1758884.8507,25923230.8826,25742603.2466,4.0878,4.3582,0.4288,0.4288,4.2883,8.5774
2024-10-16,6.2900,6.5400,6.2500,6.4600,0.2300,3.6900,6421069.3000,4124457.4970,6.4600,14.6600,1.5540,3.6506,0.9900,4.9536,4.9104,0.6155,0.1186,0.1170,4161032.2444,4132039.0444,1758884.8507,26880268.2988,26692972.2268,3.9422,4.2030,0.4316,0.4316,4.3156,8.6320
2024-10-17,6.4700,6.4700,6.1900,6.1900,-0.2700,-4.1800,5067818.8900,3197748.8400,6.1900,14.0500,1.2265,2.8813,0.7800,4.7466,4.7051,0.5897,0.1137,0.1121,4161032.2444,4132039.0444,1758884.8507,25756789.5928,25577321.6848,4.1142,4.3863,0.4196,0.4196,4.1955,8.3918
2024-10-18,6.1800,6.3500,6.0800,6.2800,0.0900,1.4500,4178463.8400,2597394.4210,6.2800,14.2500,1.0112,2.3756,0.7200,4.8156,4.7736,0.5983,0.1153,0.1138,4161032.2444,4132039.0444,1758884.8507,26131282.4948,25949205.1988,4.0552,4.3235,0.4392,0.4392,4.3924,8.7856
2024-10-21,6.3100,6.5300,6.2900,6.5000,0.2200,3.5000,5856673.2700,3757032.9020,6.5000,14.7500,1.4174,3.3298,1.0800,4.9843,4.9408,0.6193,0.1194,0.1178,4161032.2444,4132039.0444,1758884.8507,27046709.5886,26858253.7886,3.9180,4.1771,0.4302,0.4302,4.3019,8.6046
2024-10-22,6.4300,6.5000,6.3600,6.4200,-0.0800,-1.2300,3020525.3600,1935606.0600,6.4200,14.5700,0.7310,1.7173,0.5800,4.9229,4.8800,0.6117,0.1179,0.1163,4161032.2444,4132039.0444,1758884.8507,26713827.0090,26527690.6650,3.9668,4.2292,0.4222,0.4222,4.2216,8.4440
2024-10-23,6.4000,6.5500,6.3800,6.4800,0.0600,0.9300,3888635.5000,2518947.1710,6.4800,14.7000,0.9411,2.2109,0.7900,4.9689,4.9256,0.6174,0.1190,0.1174,4161032.2444,4132039.0444,1758884.8507,26963488.9437,26775613.0077,3.9301,4.1900,0.4241,0.4241,4.2414,8.4836
2024-10-24,6.4300,6.4500,6.3000,6.3300,-0.1500,-2.3100,2996035.8900,1904652.9330,6.3300,14.3600,0.7251,1.7034,0.6800,4.8539,4.8116,0.6031,0.1163,0.1147,4161032.2444,4132039.0444,1758884.8507,26339334.1071,26155807.1511,4.0232,4.2893,0.4222,0.4222,4.2216,8.4440
2024-10-25,6.3200,6.3700,6.2400,6.2900,-0.0400,-0.6300,2701990.6000,1704466.3970,6.2900,14.2700,0.6539,1.5362,0.6800,4.8232,4.7812,0.5993,0.1155,0.1140,4161032.2444,4132039.0444,1758884.8507,26172892.8173,25990525.5893,4.0488,4.3166,0.4295,0.4295,4.2951,8.5910
2024-10-28,6.0600,6.2000,5.9300,6.1400,-0.1500,-2.3800,5617396.9400,3408434.6800,6.1400,13.9300,1.3595,3.1937,1.5200,4.7082,5.0778,0.5712,0.1128,0.1150,4161032.2444,4132039.0444,1758884.8507,25548737.9806,25370719.7326,4.1477,4.4220,0.4479,0.4479,4.4794,8.9596
2024-10-29,6.1100,6.1700,6.0500,6.0700,-0.0700,-1.1400,2780777.7900,1697012.9280,6.0700,13.7700,0.6730,1.5810,0.7600,4.6545,5.0199,0.5647,0.1115,0.1137,4161032.2444,4132039.0444,1758884.8507,25257465.7235,25081476.9995,4.1955,4.4730,0.4443,0.4443,4.4427,8.8863
2024-10-30,6.0600,6.1300,6.0000,6.0100,-0.0600,-0.9900,2183174.9800,1320807.6500,6.0100,13.6400,0.5284,1.2412,0.6100,4.6085,4.9703,0.5591,0.1104,0.1126,4161032.2444,4132039.0444,1758884.8507,25007803.7888,24833554.6568,4.2374,4.5177,0.4479,0.4479,4.4794,8.9596
2024-10-31,6.0000,6.0900,5.9300,6.0200,0.0100,0.1700,2660458.0300,1601909.5540,6.0200,13.6600,0.6439,1.5126,0.8200,4.6162,4.9786,0.5600,0.1106,0.1128,4161032.2444,4132039.0444,1758884.8507,25049414.1113,24874875.0473,4.2304,4.5102,0.4524,0.4524,4.5242,9.0492
2024-11-01,6.0200,6.3300,6.0200,6.1500,0.1300,2.1600,4451366.1600,2757141.8720,6.1500,13.9600,1.0773,2.5308,1.4000,4.7159,5.0861,0.5721,0.1130,0.1152,4161032.2444,4132039.0444,1758884.8507,25590348.3031,25412040.1231,4.1409,4.4148,0.4509,0.4509,4.5091,9.0191
2024-11-04,6.1700,6.1800,6.0600,6.1500,0.0000,0.0000,2077138.2400,1268637.4740,6.1500,13.9600,0.5027,1.1809,0.5900,4.7159,5.0861,0.5721,0.1130,0.1152,4161032.2444,4132039.0444,1758884.8507,25590348.3031,25412040.1231,4.1409,4.4148,0.4400,0.4400,4.3995,8.7998
2024-11-05,6.0900,6.2500,6.0900,6.2300,0.0800,1.3000,3156358.2500,1952448.6210,6.2300,14.1400,0.7639,1.7945,1.1200,4.7772,5.1523,0.5796,0.1144,0.1167,4161032.2444,4132039.0444,1758884.8507,25923230.8826,25742603.2466,4.0878,4.3582,0.4457,0.4457,4.4573,8.9154
2024-11-06,6.2200,6.2600,6.1400,6.2200,-0.0100,-0.1600,3332562.5800,2063308.0470,6.2200,14.1100,0.8065,1.8947,1.1500,4.7696,5.1440,0.5786,0.1142,0.1165,4161032.2444,4132039.0444,1758884.8507,25881620.5602,25701282.8562,4.0943,4.3652,0.4364,0.4364,4.3641,8.7291
2024-11-07,6.1800,6.5500,6.1700,6.5400,0.3200,5.1400,6367397.4900,4079355.6460,6.5400,14.8400,1.5410,3.6201,2.0300,5.0149,5.4086,0.6084,0.1201,0.1225,4161032.2444,4132039.0444,1758884.8507,27213150.8784,27023535.3504,3.8940,4.1516,0.4392,0.4392,4.3924,8.7856
2024-11-08,6.5900,6.6300,6.2700,6.3000,-0.2400,-3.6700,5748540.3000,3661724.2810,6.3000,14.3000,1.3912,3.2683,1.4800,4.8309,5.2101,0.5861,0.1157,0.1180,4161032.2444,4132039.0444,1758884.8507,26214503.1397,26031845.9797,4.0424,4.3097,0.4119,0.4119,4.1191,8.2390
2024-11-11,6.2500,6.3300,6.1200,6.1900,-0.1100,-1.7500,3947348.6200,2438793.4610,6.1900,14.0500,0.9553,2.2442,0.9500,4.7466,5.1192,0.5758,0.1137,0.1160,4161032.2444,4132039.0444,1758884.8507,25756789.5928,25577321.6848,4.1142,4.3863,0.4343,0.4343,4.3432,8.6872
2024-11-12,6.1500,6.2300,6.0600,6.0900,-0.1000,-1.6200,3044535.1000,1869890.9380,6.0900,13.8200,0.7368,1.7309,0.6700,4.6699,5.0365,0.5665,0.1119,0.1141,4161032.2444,4132039.0444,1758884.8507,25340686.3684,25164117.7804,4.1817,4.4583,0.4414,0.4414,4.4138,8.8285
2024-11-13,6.0600,6.2000,6.0600,6.1300,0.0400,0.6600,2292457.5800,1406463.0800,6.1300,13.9100,0.5548,1.3034,0.5100,4.7005,5.0696,0.5703,0.1126,0.1149,4161032.2444,4132039.0444,1758884.8507,25507127.6582,25329399.3422,4.1545,4.4292,0.4479,0.4479,4.4794,8.9596
2024-11-14,6.1500,6.1700,6.0900,6.0900,-0.0400,-0.6500,2000445.2600,1227442.0240,6.0900,13.8200,0.4841,1.1373,0.4700,4.6699,5.0365,0.5665,0.1119,0.1141,4161032.2444,4132039.0444,1758884.8507,25340686.3684,25164117.7804,4.1817,4.4583,0.4414,0.4414,4.4138,8.8285
2024-11-15,6.0900,6.1400,6.0500,6.0500,-0.0400,-0.6600,1974963.1200,1203850.6290,6.0500,13.7300,0.4780,1.1228,0.5800,4.6392,5.0034,0.5628,0.1111,0.1134,4161032.2444,4132039.0444,1758884.8507,25174245.0786,24998836.2186,4.2094,4.4878,0.4457,0.4457,4.4573,8.9154
2024-11-18,6.1800,6.4400,6.1800,6.2800,0.2300,3.8000,6547471.2600,4141070.3480,6.2800,14.2500,1.5846,3.7225,2.4700,4.8156,5.1936,0.5842,0.1153,0.1177,4161032.2444,4132039.0444,1758884.8507,26131282.4948,25949205.1988,4.0552,4.3235,0.4392,0.4392,4.3924,8.7856
2024-11-19,6.2300,6.2400,6.0600,6.1000,-0.1800,-2.8700,4479043.4300,2743349.8740,6.1000,13.8400,1.0840,2.5465,1.4100,4.6775,5.0447,0.5675,0.1120,0.1143,4161032.2444,4132039.0444,1758884.8507,25382296.6908,25205438.1708,4.1749,4.4510,0.4357,0.4357,4.3571,8.7151
2024-11-20,6.1000,6.1200,6.0700,6.1000,0.0000,0.0000,2063652.5200,1256278.1280,6.1000,13.8400,0.4994,1.1733,0.6000,4.6775,5.0447,0.5675,0.1120,0.1143,4161032.2444,4132039.0444,1758884.8507,25382296.6908,25205438.1708,4.1749,4.4510,0.4450,0.4450,4.4500,8.9008
2024-11-21,6.0900,6.1400,6.0800,6.1100,0.0100,0.1600,1824455.4400,1114042.6200,6.1100,13.8600,0.4415,1.0373,0.5300,4.6852,5.0530,0.5684,0.1122,0.1145,4161032.2444,4132039.0444,1758884.8507,25423907.0133,25246758.5613,4.1681,4.4437,0.4457,0.4457,4.4573,8.9154
2024-11-22,6.1000,6.1100,5.9500,5.9500,-0.1600,-2.6200,2915255.0200,1757788.3800,5.9500,13.5000,0.7055,1.6574,0.8600,4.5625,4.9207,0.5535,0.1093,0.1115,4161032.2444,4132039.0444,1758884.8507,24758141.8542,24585632.3142,4.2801,4.5632,0.4450,0.4450,4.4500,8.9008
2024-11-25,5.9900,6.0000,5.8700,5.8900,-0.0600,-1.0100,2196076.9300,1302616.5780,5.8900,13.3700,0.5315,1.2486,0.6200,4.5165,4.8711,0.5479,0.1082,0.1104,4161032.2444,4132039.0444,1758884.8507,24508479.9195,24337709.9715,4.3237,4.6097,0.4532,0.4532,4.5317,9.0643
2024-11-26,5.8800,5.9400,5.8600,5.9200,0.0300,0.5100,1598331.3800,942786.8530,5.9200,13.4300,0.3868,0.9087,0.5900,4.5395,4.8959,0.5507,0.1087,0.1109,4161032.2444,4132039.0444,1758884.8507,24633310.8868,24461671.1428,4.3018,4.5864,0.4616,0.4616,4.6165,9.2338
2024-11-27,5.9200,5.9700,5.8700,5.9600,0.0400,0.6800,1538755.3100,911173.5390,5.9600,13.5200,0.3724,0.8748,0.7300,4.5702,4.9290,0.5545,0.1095,0.1117,4161032.2444,4132039.0444,1758884.8507,24799752.1766,24626952.7046,4.2730,4.5556,0.4585,0.4585,4.5853,9.1715
2024-11-28,5.9600,6.0100,5.9300,5.9700,0.0100,0.1700,1845874.0400,1101030.0150,5.9700,13.5500,0.4467,1.0495,0.9200,4.5779,4.9372,0.5554,0.1096,0.1119,4161032.2444,4132039.0444,1758884.8507,24841362.4991,24668273.0951,4.2658,4.5480,0.4555,0.4555,4.5545,9.1099
2024-11-29,5.9700,6.0300,5.9500,5.9800,0.0100,0.1700,1794178.5600,1074925.0020,5.9800,13.5700,0.4342,1.0201,0.8900,4.5855,4.9455,0.5563,0.1098,0.1120,4161032.2444,4132039.0444,1758884.8507,24882972.8215,24709593.4855,4.2587,4.5403,0.4547,0.4547,4.5469,9.0946
2024-12-02,5.9500,6.0400,5.9500,6.0300,0.0500,0.8400,1870301.4600,1121011.0650,6.0300,13.6800,0.4526,1.0633,1.0400,4.6239,4.9869,0.5610,0.1108,0.1130,4161032.2444,4132039.0444,1758884.8507,25091024.4337,24916195.4377,4.2234,4.5027,0.4562,0.4562,4.5622,9.1252
2024-12-03,6.0200,6.1000,5.9900,6.0900,0.0600,1.0000,2428812.7400,1470544.8700,6.0900,13.8200,0.5878,1.3809,1.4000,4.6699,5.0365,0.5665,0.1119,0.1141,4161032.2444,4132039.0444,1758884.8507,25340686.3684,25164117.7804,4.1817,4.4583,0.4509,0.4509,4.5091,9.0191
2024-12-04,6.0800,6.1000,6.0400,6.0600,-0.0300,-0.4900,1576013.2900,956287.2190,6.0600,13.7500,0.3814,0.8960,0.8300,4.6469,5.0117,0.5638,0.1113,0.1135,4161032.2444,4132039.0444,1758884.8507,25215855.4011,25040156.6091,4.2024,4.4804,0.4465,0.4465,4.4646,8.9301
2024-12-05,6.0500,6.0800,6.0100,6.0200,-0.0400,-0.6600,1358364.0000,819563.2220,6.0200,13.6600,0.3287,0.7723,0.7100,4.6162,4.9786,0.5600,0.1106,0.1128,4161032.2444,4132039.0444,1758884.8507,25049414.1113,24874875.0473,4.2304,4.5102,0.4487,0.4487,4.4868,8.9744
2024-12-06,6.0300,6.1100,6.0200,6.0600,0.0400,0.6600,1995810.0500,1212244.4340,6.0600,13.7500,0.4830,1.1347,1.1100,4.6469,5.0117,0.5638,0.1113,0.1135,4161032.2444,4132039.0444,1758884.8507,25215855.4011,25040156.6091,4.2024,4.4804,0.4502,0.4502,4.5017,9.0041
2024-12-09,6.0700,6.1700,6.0500,6.1000,0.0400,0.6600,2487078.5400,1520708.7650,6.1000,13.8400,0.6019,1.4140,1.3500,4.6775,5.0447,0.5675,0.1120,0.1143,4161032.2444,4132039.0444,1758884.8507,25382296.6908,25205438.1708,4.1749,4.4510,0.4472,0.4472,4.4720,8.9448
2024-12-10,6.2800,6.3200,6.1200,6.1200,0.0200,0.3300,2760017.0200,1708053.3400,6.1200,13.8900,0.6680,1.5692,1.4000,4.6929,5.0613,0.5693,0.1124,0.1147,4161032.2444,4132039.0444,1758884.8507,25465517.3357,25288078.9517,4.1612,4.4365,0.4322,0.4322,4.3225,8.6457
2024-12-11,6.1200,6.1700,6.1000,6.1100,-0.0100,-0.1600,1609639.6300,986332.1470,6.1100,13.8600,0.3896,0.9151,0.7900,4.6852,5.0530,0.5684,0.1122,0.1145,4161032.2444,4132039.0444,1758884.8507,25423907.0133,25246758.5613,4.1681,4.4437,0.4435,0.4435,4.4355,8.8717
2024-12-12,6.1100,6.1500,6.0900,6.1400,0.0300,0.4900,1588869.5100,972496.1390,6.1400,13.9300,0.3845,0.9033,0.7800,4.7082,5.0778,0.5712,0.1128,0.1150,4161032.2444,4132039.0444,1758884.8507,25548737.9806,25370719.7326,4.1477,4.4220,0.4443,0.4443,4.4427,8.8863
2024-12-13,6.1200,6.1200,5.9500,5.9500,-0.1900,-3.0900,2863961.3900,1721376.4280,5.9500,13.5000,0.6931,1.6283,1.3700,4.5625,4.9207,0.5535,0.1093,0.1115,4161032.2444,4132039.0444,1758884.8507,24758141.8542,24585632.3142,4.2801,4.5632,0.4435,0.4435,4.4355,8.8717
2024-12-16,5.9600,5.9900,5.9000,5.9100,-0.0400,-0.6700,1879218.0300,1115845.8010,5.9100,13.4100,0.4548,1.0684,0.8300,4.5318,4.8876,0.5498,0.1085,0.1107,4161032.2444,4132039.0444,1758884.8507,24591700.5644,24420350.7524,4.3091,4.5941,0.4555,0.4555,4.5545,9.1099
2024-12-17,5.9100,5.9600,5.9000,5.9100,0.0000,0.0000,1579253.1800,935723.0940,5.9100,13.4100,0.3822,0.8979,0.7400,4.5318,4.8876,0.5498,0.1085,0.1107,4161032.2444,4132039.0444,1758884.8507,24591700.5644,24420350.7524,4.3091,4.5941,0.4593,0.4593,4.5931,9.1870
2024-12-18,5.9900,6.0800,5.9500,5.9600,0.0500,0.8500,2264146.4900,1361169.8270,5.9600,13.5200,0.5479,1.2873,1.1900,4.5702,4.9290,0.5545,0.1095,0.1117,4161032.2444,4132039.0444,1758884.8507,24799752.1766,24626952.7046,4.2730,4.5556,0.4532,0.4532,4.5317,9.0643
2024-12-19,5.9300,5.9800,5.8700,5.9700,0.0100,0.1700,1639711.7700,974719.1830,5.9700,13.5500,0.3968,0.9322,0.8100,4.5779,4.9372,0.5554,0.1096,0.1119,4161032.2444,4132039.0444,1758884.8507,24841362.4991,24668273.0951,4.2658,4.5480,0.4578,0.4578,4.5776,9.1560
2024-12-20,5.9600,5.9800,5.8900,5.9100,-0.0600,-1.0100,1679166.2900,994369.0740,5.9100,13.4100,0.4064,0.9547,0.8200,4.5318,4.8876,0.5498,0.1085,0.1107,4161032.2444,4132039.0444,1758884.8507,24591700.5644,24420350.7524,4.3091,4.5941,0.4555,0.4555,4.5545,9.1099
2024-12-23,5.9200,6.0500,5.9100,6.0000,0.0900,1.5200,2584025.1300,1550933.6570,6.0000,13.6200,0.6254,1.4691,1.4300,4.6009,4.9620,0.5582,0.1102,0.1124,4161032.2444,4132039.0444,1758884.8507,24966193.4664,24792234.2664,4.2445,4.5252,0.4585,0.4585,4.5853,9.1715
2024-12-24,6.0100,6.0400,5.9900,6.0200,0.0200,0.3300,1515279.2200,911942.4750,6.0200,13.6600,0.3667,0.8615,0.7800,4.6162,4.9786,0.5600,0.1106,0.1128,4161032.2444,4132039.0444,1758884.8507,25049414.1113,24874875.0473,4.2304,4.5102,0.4517,0.4517,4.5166,9.0341
2024-12-25,6.0300,6.0900,6.0200,6.0600,0.0400,0.6600,1802799.6400,1093189.7960,6.0600,13.7500,0.4363,1.0250,0.9300,4.6469,5.0117,0.5638,0.1113,0.1135,4161032.2444,4132039.0444,1758884.8507,25215855.4011,25040156.6091,4.2024,4.4804,0.4502,0.4502,4.5017,9.0041
2024-12-26,6.0600,6.0600,6.0000,6.0200,-0.0400,-0.6600,1307256.0500,786664.6980,6.0200,13.6600,0.3164,0.7432,0.7100,4.6162,4.9786,0.5600,0.1106,0.1128,4161032.2444,4132039.0444,1758884.8507,25049414.1113,24874875.0473,4.2304,4.5102,0.4479,0.4479,4.4794,8.9596
2024-12-27,6.0200,6.0500,5.9800,6.0400,0.0200,0.3300,1604348.5800,965086.8260,6.0400,13.7100,0.3883,0.9121,0.9000,4.6315,4.9951,0.5619,0.1109,0.1132,4161032.2444,4132039.0444,1758884.8507,25132634.7562,24957515.8282,4.2164,4.4952,0.4509,0.4509,4.5091,9.0191
2024-12-30,6.0200,6.1000,6.0100,6.0800,0.0400,0.6600,1858812.0500,1126706.6320,6.0800,13.8000,0.4499,1.0568,1.0500,4.6622,5.0282,0.5656,0.1117,0.1139,4161032.2444,4132039.0444,1758884.8507,25299076.0460,25122797.3900,4.1886,4.4657,0.4509,0.4509,4.5091,9.0191
2024-12-31,6.0700,6.1000,6.0000,6.0000,-0.0800,-1.3200,2076061.0800,1256801.8640,6.0000,13.6200,0.5024,1.1803,1.2800,4.6009,4.9620,0.5582,0.1102,0.1124,4161032.2444,4132039.0444,1758884.8507,24966193.4664,24792234.2664,4.2445,4.5252,0.4472,0.4472,4.4720,8.9448
2025-01-02,6.0100,6.0300,5.7900,5.8200,-0.1800,-3.0000,3008804.5700,1772769.1880,5.8200,13.2100,0.7282,1.7106,1.7400,4.4628,4.8132,0.5414,0.1069,0.1090,4161032.2444,4132039.0444,1758884.8507,24217207.6624,24048467.2384,4.6652,4.6652,0.4517,0.4517,4.5175,4.5175
2025-01-03,5.8200,5.8800,5.7600,5.7800,-0.0400,-0.6900,1842138.0700,1070904.1320,5.7800,13.1200,0.4458,1.0473,0.9300,4.4322,4.7801,0.5377,0.1062,0.1083,4161032.2444,4132039.0444,1758884.8507,24050766.3726,23883185.6766,4.6975,4.6975,0.4665,0.4665,4.6649,4.6649
2025-01-06,5.8100,5.8200,5.6600,5.7400,-0.0400,-0.6900,1764205.7400,1011439.6070,5.7400,13.0300,0.4270,1.0030,0.8500,4.4015,4.7470,0.5340,0.1054,0.1075,4161032.2444,4132039.0444,1758884.8507,23884325.0829,23717904.1149,4.7302,4.7302,0.4673,0.4673,4.6730,4.6730
2025-01-07,5.7500,5.7600,5.6700,5.7400,0.0000,0.0000,1362045.0100,778915.9850,5.7400,13.0300,0.3296,0.7744,0.6500,4.3708,4.7139,0.5313,0.1047,0.1068,4132039.0444,4132039.0444,1758884.8507,23717904.1149,23717904.1149,4.7634,4.7634,0.4722,0.4722,4.7217,4.7217
2025-01-08,5.7300,5.7600,5.6000,5.6800,-0.0600,-1.0500,2117463.1500,1200428.9400,5.6800,12.8900,0.5124,1.2039,1.0500,4.3251,4.6647,0.5258,0.1036,0.1057,4132039.0444,4132039.0444,1758884.8507,23469981.7722,23469981.7722,4.8137,4.8137,0.4738,0.4738,4.7382,4.7382
2025-01-09,5.6700,5.6700,5.5800,5.6000,-0.0800,-1.4100,1545874.2400,867000.6070,5.6000,12.7100,0.3741,0.8789,0.7700,4.2642,4.5990,0.5184,0.1021,0.1042,4132039.0444,4132039.0444,1758884.8507,23139418.6486,23139418.6486,4.8825,4.8825,0.4788,0.4788,4.7884,4.7884
2025-01-10,5.6000,5.6300,5.5000,5.5000,-0.1000,-1.7900,1492318.5300,828128.6210,5.5000,12.4800,0.3612,0.8484,0.8600,4.1881,4.5168,0.5091,0.1003,0.1023,4132039.0444,4132039.0444,1758884.8507,22726214.7442,22726214.7442,4.9712,4.9712,0.4848,0.4848,4.8482,4.8482
2025-01-13,5.4800,5.5300,5.4200,5.4900,-0.0100,-0.1800,1466091.5800,801148.8870,5.4900,12.4600,0.3548,0.8335,0.8900,4.1805,4.5086,0.5082,0.1001,0.1021,4132039.0444,4132039.0444,1758884.8507,22684894.3538,22684894.3538,4.9803,4.9803,0.4954,0.4954,4.9544,4.9544
2025-01-14,5.4900,5.6000,5.4800,5.5700,0.0800,1.4600,1742838.4100,967087.4790,5.5700,12.6400,0.4218,0.9909,1.0900,4.2414,4.5743,0.5156,0.1016,0.1036,4132039.0444,4132039.0444,1758884.8507,23015457.4773,23015457.4773,4.9088,4.9088,0.4945,0.4945,4.9454,4.9454
2025-01-15,5.5600,5.6200,5.5600,5.6100,0.0400,0.7200,1621176.9600,907093.9710,5.6100,12.7300,0.3923,0.9217,0.9700,4.2718,4.6072,0.5193,0.1023,0.1044,4132039.0444,4132039.0444,1758884.8507,23180739.0391,23180739.0391,4.8738,4.8738,0.4883,0.4883,4.8831,4.8831
2025-01-16,5.6200,5.6900,5.5800,5.6000,-0.0100,-0.1800,1658500.5700,933164.0560,5.6000,12.7100,0.4014,0.9435,1.0500,4.2642,4.5990,0.5184,0.1021,0.1042,4132039.0444,4132039.0444,1757884.8507,23139418.6486,23139418.6486,4.8825,4.8825,0.4831,0.4831,4.8310,4.8310
2025-01-17,5.6000,5.6700,5.5500,5.6300,0.0300,0.5400,1421482.9000,799375.0420,5.6300,12.7800,0.3440,0.8086,0.8900,4.2871,4.6236,0.5211,0.1027,0.1048,4132039.0444,4132039.0444,1757884.8507,23263379.8200,23263379.8200,4.8564,4.8564,0.4848,0.4848,4.8482,4.8482
2025-01-20,5.6700,5.6900,5.6100,5.6100,-0.0200,-0.3600,1112610.0000,628072.0330,5.6100,12.7300,0.2693,0.6329,0.7000,4.2718,4.6072,0.5193,0.1023,0.1044,4132039.0444,4132039.0444,1757884.8507,23180739.0391,23180739.0391,4.8738,4.8738,0.4788,0.4788,4.7884,4.7884
2025-01-21,5.6300,5.6700,5.5700,5.5900,-0.0200,-0.3600,1619624.4500,909965.6730,5.5900,12.6800,0.3920,0.9213,1.0700,4.2566,4.5908,0.5174,0.1020,0.1040,4132039.0444,4132039.0444,1757884.8507,23098098.2582,23098098.2582,4.8912,4.8912,0.4822,0.4822,4.8224,4.8224
2025-01-22,5.5800,5.6000,5.4700,5.4900,-0.1000,-1.7900,1671070.6600,921096.5790,5.4900,12.4600,0.4044,0.9506,1.1200,4.1805,4.5086,0.5082,0.1001,0.1021,4132039.0444,4132039.0444,1757884.8507,22684894.3538,22684894.3538,4.9803,4.9803,0.4866,0.4866,4.8656,4.8656
2025-01-23,5.5300,5.6400,5.5300,5.5600,0.0700,1.2800,1816969.5100,1015957.3460,5.5600,12.6200,0.4397,1.0336,1.2100,4.2338,4.5661,0.5147,0.1014,0.1034,4132039.0444,4132039.0444,1757884.8507,22974137.0869,22974137.0869,4.9176,4.9176,0.4910,0.4910,4.9096,4.9096
2025-01-24,5.5700,5.6200,5.5500,5.5900,0.0300,0.5400,1306899.8700,730263.7510,5.5900,12.6800,0.3163,0.7435,0.8600,4.2566,4.5908,0.5174,0.1020,0.1040,4132039.0444,4132039.0444,1757884.8507,23098098.2582,23098098.2582,4.8912,4.8912,0.4874,0.4874,4.8743,4.8743
2025-01-27,5.6100,5.6600,5.5900,5.6400,0.0500,0.8900,1534079.5400,863689.1890,5.6400,12.8000,0.3713,0.8727,1.0200,4.2947,4.6318,0.5221,0.1029,0.1049,4132039.0444,4132039.0444,1757884.8507,23304700.2104,23304700.2104,4.8478,4.8478,0.4840,0.4840,4.8396,4.8396
2025-02-05,5.6600,5.6600,5.5000,5.5100,-0.1300,-2.3000,1899863.0300,1052420.3090,5.5100,12.5000,0.4598,1.0808,1.2000,4.1957,4.5251,0.5100,0.1005,0.1025,4132039.0444,4132039.0444,1757884.8507,22767535.1346,22767535.1346,4.9622,4.9622,0.4797,0.4797,4.7968,4.7968
2025-02-06,5.5100,5.5300,5.4500,5.5300,0.0200,0.3600,1722009.3700,946835.3660,5.5300,12.5500,0.4167,0.9796,1.0500,4.2109,4.5415,0.5119,0.1009,0.1029,4132039.0444,4132039.0444,1757884.8507,22850175.9155,22850175.9155,4.9443,4.9443,0.4927,0.4927,4.9274,4.9274
2025-02-07,5.5200,5.5800,5.4900,5.5400,0.0100,0.1800,2810348.1200,1554108.6920,5.5400,12.5700,0.6801,1.5987,1.7000,4.2185,4.5497,0.5128,0.1010,0.1031,4132039.0444,4132039.0444,1757884.8507,22891496.3060,22891496.3060,4.9353,4.9353,0.4918,0.4918,4.9185,4.9185
2025-02-10,5.5200,5.5700,5.5100,5.5300,-0.0100,-0.1800,1592811.0300,883853.8140,5.5300,12.5500,0.3855,0.9061,0.8600,4.2109,4.5415,0.5119,0.1009,0.1029,4132039.0444,4132039.0444,1757884.8507,22850175.9155,22850175.9155,4.9443,4.9443,0.4918,0.4918,4.9185,4.9185
2025-02-11,5.5400,5.5500,5.4800,5.4900,-0.0400,-0.7200,1730830.2500,952640.2490,5.4900,12.4600,0.4189,0.9846,0.9100,4.1805,4.5086,0.5082,0.1001,0.1021,4132039.0444,4132039.0444,1757884.8507,22684894.3538,22684894.3538,4.9803,4.9803,0.4901,0.4901,4.9007,4.9007
2025-02-12,5.5000,5.5100,5.4400,5.5100,0.0200,0.3600,1806489.7800,988876.0650,5.5100,12.5000,0.4372,1.0334,0.9300,4.1957,4.5251,0.5100,0.1005,0.1025,4132039.0444,4132039.0444,1748094.7919,22767535.1346,22767535.1346,4.9622,4.9622,0.4936,0.4936,4.9364,4.9364
2025-02-13,5.5100,5.5900,5.4900,5.5400,0.0300,0.5400,2474043.1000,1372853.0430,5.5400,12.5700,0.5987,1.4153,1.2800,4.2185,4.5497,0.5128,0.1010,0.1031,4132039.0444,4132039.0444,1748094.7919,22891496.3060,22891496.3060,4.9353,4.9353,0.4927,0.4927,4.9274,4.9274
2025-02-14,5.5400,5.5500,5.4800,5.5400,0.0000,0.0000,1594755.9600,880299.2640,5.5400,12.5700,0.3859,0.9123,0.7700,4.2185,4.5497,0.5128,0.1010,0.1031,4132039.0444,4132039.0444,1748094.7919,22891496.3060,22891496.3060,4.9353,4.9353,0.4901,0.4901,4.9007,4.9007
2025-02-17,5.5500,5.5800,5.5000,5.5400,0.0000,0.0000,1937471.1500,1072034.3240,5.5400,12.5700,0.4689,1.1083,1.0500,4.2185,4.5497,0.5128,0.1010,0.1031,4132039.0444,4132039.0444,1748094.7919,22891496.3060,22891496.3060,4.9353,4.9353,0.4892,0.4892,4.8919,4.8919
2025-02-18,5.5400,5.6000,5.5100,5.5300,-0.0100,-0.1800,2268984.0400,1260564.4880,5.5300,12.5500,0.5491,1.2980,1.1900,4.2109,4.5415,0.5119,0.1009,0.1029,4132039.0444,4132039.0444,1748094.7919,22850175.9155,22850175.9155,4.9443,4.9443,0.4901,0.4901,4.9007,4.9007
2025-02-19,5.5200,5.5800,5.5200,5.5400,0.0100,0.1800,1803145.9300,999854.7080,5.5400,12.5700,0.4364,1.0315,0.8900,4.2185,4.5497,0.5128,0.1010,0.1031,4132039.0444,4132039.0444,1748094.7919,22891496.3060,22891496.3060,4.9353,4.9353,0.4918,0.4918,4.9185,4.9185
2025-02-20,5.5300,5.5300,5.4100,5.4900,-0.0500,-0.9000,3122753.3700,1706099.5360,5.4900,12.4600,0.7557,1.7864,1.5500,4.1805,4.5086,0.5082,0.1001,0.1021,4132039.0444,4132039.0444,1748094.7919,22684894.3538,22684894.3538,4.9803,4.9803,0.4910,0.4910,4.9096,4.9096
2025-02-21,5.4800,5.4900,5.3800,5.3900,-0.1000,-1.8200,3018672.4600,1637305.9240,5.3900,12.2300,0.7306,1.7268,1.4100,4.1043,4.4265,0.4989,0.0983,0.1003,4132039.0444,4132039.0444,1748094.7919,22271690.4493,22271690.4493,5.0727,5.0727,0.4954,0.4954,4.9544,4.9544
2025-02-24,5.4000,5.5900,5.3800,5.5300,0.1400,2.6000,4243484.3100,2341754.0480,5.5300,12.5500,1.0270,2.4275,1.7500,4.2109,4.5415,0.5119,0.1009,0.1029,4132039.0444,4132039.0444,1748094.7919,22850175.9155,22850175.9155,4.9443,4.9443,0.5028,0.5028,5.0278,5.0278
2025-02-25,5.5300,5.5800,5.4500,5.4600,-0.0700,-1.2700,2820700.7400,1554637.3920,5.4600,12.3900,0.6826,1.6136,0.9800,4.1576,4.4840,0.5054,0.0996,0.1016,4132039.0444,4132039.0444,1748094.7919,22560933.1824,22560933.1824,5.0077,5.0077,0.4910,0.4910,4.9096,4.9096
2025-02-26,5.4600,5.6400,5.4600,5.5300,0.0700,1.2800,3452552.9700,1919109.4680,5.5300,12.5500,0.8356,1.9750,1.1500,4.2109,4.5415,0.5119,0.1009,0.1029,4132039.0444,4132039.0444,1748094.7919,22850175.9155,22850175.9155,4.9443,4.9443,0.4973,0.4973,4.9725,4.9725
2025-02-27,5.5300,5.5500,5.4800,5.5100,-0.0200,-0.3600,2086833.6000,1148580.6950,5.5100,12.5000,0.5050,1.1938,0.6300,4.1957,4.5251,0.5100,0.1005,0.1025,4132039.0444,4132039.0444,1748094.7919,22767535.1346,22767535.1346,4.9622,4.9622,0.4910,0.4910,4.9096,4.9096
2025-02-28,5.5000,5.5400,5.4800,5.4800,-0.0300,-0.5400,2335557.8600,1285028.5220,5.4800,12.4400,0.5652,1.3361,0.7500,4.1728,4.5004,0.5073,0.0999,0.1020,4132039.0444,4132039.0444,1748094.7919,22643573.9633,22643573.9633,4.9894,4.9894,0.4936,0.4936,4.9364,4.9364
2025-03-03,5.5000,5.5500,5.4500,5.4700,-0.0100,-0.1800,2121491.6300,1166442.2540,5.4700,12.4100,0.5134,1.2136,0.7100,4.1652,4.4922,0.5063,0.0998,0.1018,4132039.0444,4132039.0444,1748094.7919,22602253.5729,22602253.5729,4.9985,4.9985,0.4936,0.4936,4.9364,4.9364
2025-03-04,5.4500,5.4700,5.4000,5.4200,-0.0500,-0.9100,2052754.7800,1112891.7930,5.4200,12.3000,0.4968,1.1743,0.8000,4.1272,4.4511,0.5017,0.0989,0.1008,4132039.0444,4132039.0444,1748094.7919,22395651.6206,22395651.6206,5.0446,5.0446,0.4982,0.4982,4.9817,4.9817
2025-03-05,5.4200,5.4300,5.3700,5.4200,0.0000,0.0000,1944133.1000,1050072.9750,5.4200,12.3000,0.4705,1.1121,0.8100,4.1272,4.4511,0.5017,0.0989,0.1008,4132039.0444,4132039.0444,1748094.7919,22395651.6206,22395651.6206,5.0446,5.0446,0.5009,0.5009,5.0092,5.0092
2025-03-06,5.4300,5.4600,5.3900,5.4400,0.0200,0.3700,1858715.9700,1008408.8130,5.4400,12.3400,0.4498,1.0633,0.8800,4.1424,4.4676,0.5035,0.0992,0.1012,4132039.0444,4132039.0444,1748094.7919,22478292.4015,22478292.4015,5.0261,5.0261,0.5000,0.5000,5.0000,5.0000
2025-03-07,5.4300,5.4500,5.4100,5.4100,-0.0300,-0.5500,1334607.4800,723859.8610,5.4100,12.2800,0.3230,0.7635,0.6500,4.1195,4.4429,0.5008,0.0987,0.1007,4132039.0444,4132039.0444,1748094.7919,22354331.2302,22354331.2302,5.0539,5.0539,0.5000,0.5000,5.0000,5.0000
2025-03-10,5.4200,5.4300,5.3500,5.3600,-0.0500,-0.9200,1973362.0000,1060330.6650,5.3600,12.1600,0.4776,1.1289,1.0600,4.0815,4.4019,0.4961,0.0978,0.0997,4132039.0444,4132039.0444,1748094.7919,22147729.2780,22147729.2780,5.1011,5.1011,0.5009,0.5009,5.0092,5.0092
2025-03-11,5.3400,5.3500,5.3100,5.3500,-0.0100,-0.1900,1620187.6500,863257.9050,5.3500,12.1400,0.3921,0.9268,0.8800,4.0738,4.3937,0.4952,0.0976,0.0995,4132039.0444,4132039.0444,1748094.7919,22106408.8875,22106408.8875,5.1106,5.1106,0.5084,0.5084,5.0843,5.0843
2025-03-12,5.3400,5.3700,5.3200,5.3500,0.0000,0.0000,1553410.1800,830502.8540,5.3500,12.1400,0.3759,0.8887,0.8900,4.0738,4.3937,0.4952,0.0976,0.0995,4132039.0444,4132039.0444,1747894.7919,22106408.8875,22106408.8875,5.1106,5.1106,0.5084,0.5084,5.0843,5.0843
2025-03-13,5.3500,5.3800,5.3200,5.3300,-0.0200,-0.3700,1591300.4300,851660.9980,5.3300,12.0900,0.3851,0.9104,0.9500,4.0586,4.3772,0.4934,0.0972,0.0992,4132039.0444,4132039.0444,1747894.7919,22023768.1067,22023768.1067,5.1298,5.1298,0.5075,0.5075,5.0748,5.0748
2025-03-14,5.3400,5.4900,5.3300,5.4800,0.1500,2.8100,3593839.0200,1953315.9470,5.4800,12.4400,0.8697,2.0561,2.2300,4.1728,4.5004,0.5073,0.0999,0.1020,4132039.0444,4132039.0444,1747894.7919,22643573.9633,22643573.9633,4.9894,4.9894,0.5084,0.5084,5.0843,5.0843
2025-03-17,5.5000,5.5500,5.4900,5.5100,0.0300,0.5500,1941588.6100,1071141.4340,5.5100,12.5000,0.4699,1.1108,0.9400,4.1957,4.5251,0.5100,0.1005,0.1025,4132039.0444,4132039.0444,1747894.7919,22767535.1346,22767535.1346,4.9622,4.9622,0.4936,0.4936,4.9364,4.9364
2025-03-18,5.5300,5.5400,5.4800,5.4900,-0.0200,-0.3600,1289078.8200,708881.2470,5.4900,12.4600,0.3120,0.7375,0.6300,4.1805,4.5086,0.5082,0.1001,0.1021,4132039.0444,4132039.0444,1747894.7919,22684894.3538,22684894.3538,4.9803,4.9803,0.4910,0.4910,4.9096,4.9096
2025-03-19,5.4800,5.5000,5.4500,5.4700,-0.0200,-0.3600,1334835.5800,730623.1980,5.4700,12.4100,0.3230,0.7637,0.6700,4.1652,4.4922,0.5063,0.0998,0.1018,4132039.0444,4132039.0444,1747894.7919,22602253.5729,22602253.5729,4.9985,4.9985,0.4954,0.4954,4.9544,4.9544
2025-03-20,5.4800,5.4900,5.4400,5.4500,-0.0200,-0.3700,1234181.6200,674170.5460,5.4500,12.3700,0.2987,0.7061,0.6300,4.1500,4.4758,0.5045,0.0994,0.1014,4132039.0444,4132039.0444,1747894.7919,22519612.7920,22519612.7920,5.0168,5.0168,0.4954,0.4954,4.9544,4.9544
2025-03-21,5.4500,5.5100,5.4300,5.4500,0.0000,0.0000,2061461.2800,1126388.4420,5.4500,12.3700,0.4989,1.1794,1.1000,4.1500,4.4758,0.5045,0.0994,0.1014,4132039.0444,4132039.0444,1747894.7919,22519612.7920,22519612.7920,5.0168,5.0168,0.4982,0.4982,4.9817,4.9817
2025-03-24,5.4700,5.4800,5.4200,5.4400,-0.0100,-0.1800,1421286.2500,774653.6990,5.4400,12.3400,0.3440,0.8131,0.9000,4.1424,4.4676,0.5035,0.0992,0.1012,4132039.0444,4132039.0444,1747894.7919,22478292.4015,22478292.4015,5.0261,5.0261,0.4963,0.4963,4.9634,4.9634
2025-03-25,5.4500,5.5300,5.4400,5.5100,0.0700,1.2900,2073365.4200,1139797.1360,5.5100,12.5000,0.5018,1.1862,1.4100,4.1957,4.5251,0.5100,0.1005,0.1025,4132039.0444,4132039.0444,1747894.7919,22767535.1346,22767535.1346,4.9622,4.9622,0.4982,0.4982,4.9817,4.9817
2025-03-26,5.5100,5.5300,5.4500,5.4600,-0.0500,-0.9100,1799820.5700,986252.0080,5.4600,12.3900,0.4356,1.0297,1.1100,4.1576,4.4840,0.5054,0.0996,0.1016,4132039.0444,4132039.0444,1747894.7919,22560933.1824,22560933.1824,5.0077,5.0077,0.4927,0.4927,4.9274,4.9274
2025-03-27,5.4600,5.4700,5.4300,5.4400,-0.0200,-0.3700,1310823.5700,713666.2530,5.4400,12.3400,0.3172,0.7499,0.7600,4.1424,4.4676,0.5035,0.0992,0.1012,4132039.0444,4132039.0444,1747894.7919,22478292.4015,22478292.4015,5.0261,5.0261,0.4973,0.4973,4.9725,4.9725
2025-03-28,5.4400,5.4500,5.3700,5.4000,-0.0400,-0.7400,1605046.4900,866703.8420,5.4000,12.2500,0.3884,0.9183,0.9300,4.1119,4.4347,0.4998,0.0985,0.1005,4132039.0444,4132039.0444,1747894.7919,22313010.8398,22313010.8398,5.0633,5.0633,0.4991,0.4991,4.9908,4.9908
2025-03-31,5.3700,5.4100,5.2500,5.2600,-0.1400,-2.5900,2890355.7100,1535292.1930,5.2600,11.9400,0.6995,1.6536,1.7600,4.0053,4.3197,0.4869,0.0959,0.0979,4132039.0444,4132039.0444,1747894.7919,21734525.3735,21734525.3735,5.1981,5.1981,0.5056,0.5056,5.0559,5.0559
2025-04-01,5.2800,5.2900,5.2400,5.2700,0.0100,0.1900,2248655.7200,1183233.5190,5.2700,11.9600,0.5442,1.2865,1.1600,4.0129,4.3280,0.4878,0.0961,0.0981,4132039.0444,4132039.0444,1747894.7919,21775845.7640,21775845.7640,5.1882,5.1882,0.5142,0.5142,5.1420,5.1420
2025-04-02,5.2600,5.3000,5.2400,5.2800,0.0100,0.1900,1503845.2200,793135.5960,5.2800,11.9800,0.3639,0.8604,0.7600,4.0205,4.3362,0.4887,0.0963,0.0982,4132039.0444,4132039.0444,1747894.7919,21817166.1544,21817166.1544,5.1784,5.1784,0.5162,0.5162,5.1616,5.1616
2025-04-03,5.2500,5.3600,5.2500,5.3100,0.0300,0.5700,2010483.7400,1068249.7430,5.3100,12.0500,0.4866,1.1502,1.0500,4.0434,4.3608,0.4915,0.0968,0.0988,4132039.0444,4132039.0444,1747894.7919,21941127.3258,21941127.3258,5.1491,5.1491,0.5171,0.5171,5.1714,5.1714
2025-04-07,5.2000,5.2000,4.9600,5.0800,-0.2300,-4.3300,5073431.7600,2572821.5080,5.0800,11.5300,1.2278,2.9026,2.4700,3.8683,4.1719,0.4702,0.0927,0.0945,4132039.0444,4132039.0444,1747894.7919,20990758.3456,20990758.3456,5.3822,5.3822,0.5221,0.5221,5.2212,5.2212
2025-04-08,5.0900,5.3300,5.0800,5.3300,0.2500,4.9200,5046209.7100,2647831.5430,5.3300,12.0900,1.2212,2.8870,1.8400,4.0586,4.3772,0.4934,0.0972,0.0992,4132039.0444,4132039.0444,1747894.7919,22023768.1067,22023768.1067,5.1298,5.1298,0.5334,0.5334,5.3340,5.3340
2025-04-09,5.3100,5.3900,5.2200,5.3900,0.0600,1.1300,3601532.6300,1911295.2370,5.3900,12.2300,0.8716,2.0605,1.1300,4.1043,4.4265,0.4989,0.0983,0.1003,4132039.0444,4132039.0444,1747894.7919,22271690.4493,22271690.4493,5.0727,5.0727,0.5113,0.5113,5.1130,5.1130
2025-04-10,5.4200,5.4200,5.3000,5.3800,-0.0100,-0.1900,2064480.9500,1106992.8390,5.3800,12.2100,0.4996,1.1811,0.6000,4.0967,4.4183,0.4980,0.0981,0.1001,4132039.0444,4132039.0444,1747894.7919,22230370.0589,22230370.0589,5.0821,5.0821,0.5009,0.5009,5.0092,5.0092
2025-04-11,5.3700,5.3700,5.3100,5.3500,-0.0300,-0.5600,1535726.9300,819112.5060,5.3500,12.1400,0.3717,0.8786,0.4300,4.0738,4.3937,0.4952,0.0976,0.0995,4132039.0444,4132039.0444,1747894.7919,22106408.8875,22106408.8875,5.1106,5.1106,0.5056,0.5056,5.0559,5.0559
2025-04-14,5.3600,5.3600,5.3200,5.3300,-0.0200,-0.3700,1217686.7000,649930.4790,5.3300,12.0900,0.2947,0.6967,0.3500,4.0586,4.3772,0.4934,0.0972,0.0992,4132039.0444,4132039.0444,1747894.7919,22023768.1067,22023768.1067,5.1298,5.1298,0.5065,0.5065,5.0653,5.0653
2025-04-15,5.3300,5.3800,5.3100,5.3800,0.0500,0.9400,1418462.9100,758051.1380,5.3800,12.2100,0.3433,0.8115,0.5300,4.0967,4.4183,0.4980,0.0981,0.1001,4132039.0444,4132039.0444,1747894.7919,22230370.0589,22230370.0589,5.0821,5.0821,0.5094,0.5094,5.0938,5.0938
2025-04-16,5.3800,5.4800,5.3300,5.4800,0.1000,1.8600,3103097.4500,1676430.9880,5.4800,12.4400,0.7510,1.7753,1.5800,4.9026,4.9026,0.5073,0.1035,0.1035,4132039.0444,4132039.0444,1747894.7919,22643573.9633,22643573.9633,4.9894,4.9894,0.5046,0.5046,5.0465,5.0465
2025-04-17,5.4400,5.5100,5.4200,5.5100,0.0300,0.5500,1928506.8000,1056537.7000,5.5100,12.5000,0.4667,1.1033,1.0300,4.9294,4.9294,0.5034,0.1041,0.1041,4132039.0444,4132039.0444,1747894.7919,22767535.1346,22767535.1346,4.9622,4.9622,0.4991,0.4991,4.9908,4.9908
2025-04-18,5.4900,5.5200,5.4700,5.5000,-0.0100,-0.1800,1085690.3700,597430.5030,5.5000,12.4800,0.2627,0.6211,0.5900,4.9205,4.9205,0.5025,0.1039,0.1039,4132039.0444,4132039.0444,1747894.7919,22726214.7442,22726214.7442,4.9712,4.9712,0.4945,0.4945,4.9454,4.9454
2025-04-21,5.5000,5.5400,5.4600,5.4600,-0.0400,-0.7300,1485169.8000,815113.4810,5.4600,12.3900,0.3594,0.8497,0.8500,4.8847,4.8847,0.4988,0.1032,0.1032,4132039.0444,4132039.0444,1747894.7919,22560933.1824,22560933.1824,5.0077,5.0077,0.4936,0.4936,4.9364,4.9364
2025-04-22,5.4500,5.5500,5.4500,5.5300,0.0700,1.2800,1838826.8400,1015417.8300,5.5300,12.5500,0.4450,1.0520,1.0200,4.9473,4.9473,0.5052,0.1045,0.1045,4132039.0444,4132039.0444,1747894.7919,22850175.9155,22850175.9155,4.9443,4.9443,0.4982,0.4982,4.9817,4.9817
2025-04-23,5.5400,5.5600,5.4800,5.4800,-0.0500,-0.9000,1146419.4300,631517.5070,5.4800,12.4400,0.2774,0.6559,0.6100,4.9026,4.9026,0.5006,0.1035,0.1035,4132039.0444,4132039.0444,1747894.7919,22643573.9633,22643573.9633,4.9894,4.9894,0.4901,0.4901,4.9007,4.9007
2025-04-24,5.4900,5.5200,5.4700,5.5200,0.0400,0.7300,1137388.7500,626075.3240,5.5200,12.5300,0.2753,0.6507,0.7600,4.9384,4.9384,0.5043,0.1043,0.1043,4132039.0444,4132039.0444,1747894.7919,22808855.5251,22808855.5251,4.9532,4.9532,0.4945,0.4945,4.9454,4.9454
2025-04-25,5.5200,5.5600,5.5000,5.5200,0.0000,0.0000,1267135.8600,701105.2850,5.5200,12.5300,0.3067,0.7249,0.9500,4.9384,4.9384,0.5043,0.1043,0.1043,4132039.0444,4132039.0444,1747894.7919,22808855.5251,22808855.5251,4.9532,4.9532,0.4918,0.4918,4.9185,4.9185
2025-04-28,5.5200,5.5300,5.4700,5.4900,-0.0300,-0.5400,1122777.7300,617679.1180,5.4900,12.4600,0.2717,0.6424,0.8200,4.9115,4.9115,0.5015,0.1037,0.1037,4132039.0444,4132039.0444,1747894.7919,22684894.3538,22684894.3538,4.9803,4.9803,0.4918,0.4918,4.9185,4.9185
2025-04-29,5.5300,5.5900,5.4900,5.5100,0.0200,0.3600,1867134.6100,1034211.4250,5.5100,12.5000,0.4519,1.0682,1.4300,4.9294,4.9197,0.4862,0.1041,0.1038,4132039.0444,4132039.0444,1747894.7919,22767535.1346,22767535.1346,4.9622,4.9622,0.4910,0.4910,4.9096,4.9096
2025-04-30,5.5000,5.5400,5.4700,5.5100,0.0000,0.0000,1407357.0000,774914.1500,5.5100,12.5000,0.3406,0.8052,1.0800,4.9294,4.9197,0.4862,0.1041,0.1038,4132039.0444,4132039.0444,1747894.7919,22767535.1346,22767535.1346,4.9622,4.9622,0.4936,0.4936,4.9364,4.9364
2025-05-06,5.5400,5.5400,5.5000,5.5300,0.0200,0.3600,1669861.7600,922205.8730,5.5300,12.5500,0.4041,0.9554,1.2300,4.9473,4.9375,0.4880,0.1045,0.1042,4132039.0444,4132039.0444,1747894.7919,22850175.9155,22850175.9155,4.9443,4.9443,0.4901,0.4901,4.9007,4.9007
2025-05-07,5.6000,5.6200,5.5300,5.5800,0.0500,0.9000,2057347.4100,1146199.6550,5.5800,12.6600,0.4979,1.1770,1.4000,4.9920,4.9822,0.4924,0.1054,0.1051,4132039.0444,4132039.0444,1747894.7919,23056777.8678,23056777.8678,4.9000,4.9000,0.4848,0.4848,4.8482,4.8482
2025-05-08,5.5700,5.6700,5.5500,5.5900,0.0100,0.1800,2379219.3600,1337127.3280,5.5900,12.6800,0.5758,1.3612,1.4600,5.0010,4.9911,0.4933,0.1056,0.1053,4132039.0444,4132039.0444,1747894.7919,23098098.2582,23098098.2582,4.8912,4.8912,0.4874,0.4874,4.8743,4.8743
2025-05-09,5.6000,5.6100,5.5500,5.5600,-0.0300,-0.5400,1320521.2100,736552.7990,5.5600,12.6200,0.3196,0.7555,0.7000,4.9741,4.9643,0.4906,0.1050,0.1048,4132039.0444,4132039.0444,1747894.7919,22974137.0869,22974137.0869,4.9176,4.9176,0.4848,0.4848,4.8482,4.8482
2025-05-12,5.5800,5.6100,5.5400,5.6000,0.0400,0.7200,1488515.0400,830465.5990,5.6000,12.7100,0.3602,0.8516,0.8400,5.0099,5.0000,0.4942,0.1058,0.1055,4132039.0444,4132039.0444,1747894.7919,23139418.6486,23139418.6486,4.8825,4.8825,0.4866,0.4866,4.8656,4.8656
2025-05-13,5.6100,5.7300,5.5900,5.7100,0.1100,1.9600,2961499.1100,1683616.4010,5.7100,12.9600,0.7167,1.6943,1.6600,5.1083,5.0982,0.5039,0.1079,0.1076,4132039.0444,4132039.0444,1747894.7919,23593942.9435,23593942.9435,4.7884,4.7884,0.4840,0.4840,4.8396,4.8396
2025-05-14,5.7000,5.7800,5.6900,5.7700,0.0600,1.0500,1616006.2900,927133.2360,5.7700,13.0900,0.3911,0.9245,0.7900,5.1620,5.1518,0.5092,0.1090,0.1087,4132039.0444,4132039.0444,1747894.7919,23841865.2862,23841865.2862,4.7386,4.7386,0.4763,0.4763,4.7632,4.7632
2025-05-15,5.7500,5.8100,5.7500,5.7900,0.0200,0.3500,2092023.0400,1210157.8100,5.7900,13.1400,0.5063,1.1969,1.0700,5.1799,5.1697,0.5109,0.1094,0.1091,4132039.0444,4132039.0444,1747894.7919,23924506.0671,23924506.0671,4.7222,4.7222,0.4722,0.4722,4.7217,4.7217
2025-05-16,5.7900,5.8300,5.7000,5.7500,-0.0400,-0.6900,1715176.1500,986089.7150,5.7500,13.0500,0.4151,0.9813,0.9000,5.1441,5.1339,0.5074,0.1086,0.1083,4132039.0444,4132039.0444,1747894.7919,23759224.5053,23759224.5053,4.7551,4.7551,0.4689,0.4689,4.6891,4.6891
2025-05-19,5.7300,5.7500,5.6900,5.7200,-0.0300,-0.5200,1125446.8800,643238.3060,5.7200,12.9800,0.2724,0.6439,0.5700,5.1173,5.1072,0.5048,0.1081,0.1078,4132039.0444,4132039.0444,1747894.7919,23635263.3340,23635263.3340,4.7800,4.7800,0.4738,0.4738,4.7382,4.7382
2025-05-20,5.7200,5.7800,5.7000,5.7600,0.0400,0.7000,1061609.9400,609421.6570,5.7600,13.0700,0.2569,0.6074,0.5600,5.1531,5.1429,0.5083,0.1088,0.1085,4132039.0444,4132039.0444,1747894.7919,23800544.8957,23800544.8957,4.7468,4.7468,0.4747,0.4747,4.7465,4.7465
2025-05-21,5.7600,5.8200,5.7400,5.7700,0.0100,0.1700,1503351.3200,869576.3640,5.7700,13.0900,0.3638,0.8601,0.9900,5.1620,5.1518,0.5092,0.1090,0.1087,4132039.0444,4132039.0444,1747894.7919,23841865.2862,23841865.2862,4.7386,4.7386,0.4714,0.4714,4.7135,4.7135
2025-05-22,5.7700,5.8000,5.7400,5.7900,0.0200,0.3500,1192847.4300,688186.2670,5.7900,13.1400,0.2887,0.6824,0.8000,5.1799,5.1697,0.5109,0.1094,0.1091,4132039.0444,4132039.0444,1747894.7919,23924506.0671,23924506.0671,4.7222,4.7222,0.4705,0.4705,4.7054,4.7054
2025-05-23,5.7900,5.8200,5.7100,5.7100,-0.0800,-1.3800,1286905.4100,741585.2080,5.7100,12.9600,0.3114,0.7363,0.9800,5.1083,5.0982,0.5039,0.1079,0.1076,4132039.0444,4132039.0444,1747894.7919,23593942.9435,23593942.9435,4.7884,4.7884,0.4689,0.4689,4.6891,4.6891
2025-05-26,5.7000,5.7400,5.6600,5.6900,-0.0200,-0.3500,1251787.6700,713139.3340,5.6900,12.9100,0.3029,0.7162,1.0100,5.0904,5.0804,0.5021,0.1075,0.1072,4132039.0444,4132039.0444,1747894.7919,23511302.1626,23511302.1626,4.8052,4.8052,0.4763,0.4763,4.7632,4.7632
2025-05-27,5.6900,5.7000,5.6200,5.6300,-0.0600,-1.0500,1444353.6500,815784.5650,5.6300,12.7800,0.3495,0.8263,1.1500,5.0368,5.0268,0.4968,0.1064,0.1061,4132039.0444,4132039.0444,1747894.7919,23263379.8200,23263379.8200,4.8564,4.8564,0.4772,0.4772,4.7715,4.7715
2025-05-28,5.6300,5.6600,5.6000,5.6300,0.0000,0.0000,904067.7100,508907.3340,5.6300,12.7800,0.2188,0.5172,0.6800,5.0368,5.0268,0.4968,0.1064,0.1061,4132039.0444,4132039.0444,1747894.7919,23263379.8200,23263379.8200,4.8564,4.8564,0.4822,0.4822,4.8224,4.8224
2025-05-29,5.6400,5.6700,5.6300,5.6400,0.0100,0.1800,1042589.8200,588939.2100,5.6400,12.8000,0.2523,0.5965,0.8600,5.0457,5.0357,0.4977,0.1066,0.1063,4132039.0444,4132039.0444,1747894.7919,23304700.2104,23304700.2104,4.8478,4.8478,0.4814,0.4814,4.8138,4.8138
2025-05-30,5.6400,5.7200,5.6000,5.6800,0.0400,0.7100,1594826.1700,904085.2150,5.6800,12.8900,0.3860,0.9124,1.3400,5.0815,5.0714,0.5012,0.1073,0.1070,4132039.0444,4132039.0444,1747894.7919,23469981.7722,23469981.7722,4.8137,4.8137,0.4814,0.4814,4.8138,4.8138
2025-06-03,5.6700,5.7300,5.6600,5.6900,0.0100,0.1800,1197688.5000,681356.9580,5.6900,12.9100,0.2899,0.6852,0.9600,5.0904,5.0804,0.5021,0.1075,0.1072,4132039.0444,4132039.0444,1747894.7919,23511302.1626,23511302.1626,4.8052,4.8052,0.4788,0.4788,4.7884,4.7884
2025-06-04,5.7000,5.7600,5.6900,5.7000,0.0100,0.1800,1140443.7200,652148.6810,5.7000,12.9300,0.2760,0.6525,0.9200,5.0994,5.0893,0.5030,0.1077,0.1074,4132039.0444,4132039.0444,1747894.7919,23552622.5531,23552622.5531,4.7968,4.7968,0.4763,0.4763,4.7632,4.7632
2025-06-05,5.7100,5.7300,5.6500,5.6600,-0.0400,-0.7000,1188101.2500,674320.4130,5.6600,12.8400,0.2875,0.6797,1.0100,5.0636,5.0536,0.4995,0.1069,0.1066,4132039.0444,4132039.0444,1747894.7919,23387340.9913,23387340.9913,4.8307,4.8307,0.4755,0.4755,4.7548,4.7548
2025-06-06,5.6600,5.7200,5.6500,5.6900,0.0300,0.5300,1025606.0900,583715.2490,5.6900,12.9100,0.2482,0.5868,0.8300,5.0904,5.0804,0.5021,0.1075,0.1072,4132039.0444,4132039.0444,1747894.7919,23511302.1626,23511302.1626,4.8052,4.8052,0.4797,0.4797,4.7968,4.7968
2025-06-09,5.6900,5.7100,5.6200,5.6300,-0.0600,-1.0500,1924869.2200,1087885.1700,5.6300,12.7800,0.4658,1.1013,1.5700,5.0368,5.0268,0.4968,0.1064,0.1061,4132039.0444,4132039.0444,1747894.7919,23263379.8200,23263379.8200,4.8564,4.8564,0.4772,0.4772,4.7715,4.7715
2025-06-10,5.6400,5.7100,5.6300,5.6700,0.0400,0.7100,1867062.8700,1060102.7550,5.6700,12.8700,0.4519,1.0682,1.4400,5.0726,5.0625,0.5003,0.1071,0.1068,4132039.0444,4132039.0444,1747894.7919,23428661.3817,23428661.3817,4.8222,4.8222,0.4814,0.4814,4.8138,4.8138
2025-06-11,5.6700,5.7400,5.6700,5.7200,0.0500,0.8800,1420286.1100,812868.6530,5.7200,12.9800,0.3437,0.8126,0.9900,5.1173,5.1072,0.5048,0.1081,0.1078,4132039.0444,4132039.0444,1747894.7919,23635263.3340,23635263.3340,4.7800,4.7800,0.4788,0.4788,4.7884,4.7884
2025-06-12,5.7300,5.7400,5.6700,5.7100,-0.0100,-0.1700,1362994.7600,778325.6450,5.7100,12.9600,0.3299,0.7798,0.9200,5.1083,5.0982,0.5039,0.1079,0.1076,4132039.0444,4132039.0444,1747894.7919,23593942.9435,23593942.9435,4.7884,4.7884,0.4738,0.4738,4.7382,4.7382
2025-06-13,5.7100,5.7300,5.6800,5.7100,0.0000,0.0000,1652047.2400,942281.4330,5.7100,12.9600,0.3998,0.9452,1.0900,5.1083,5.0982,0.5039,0.1079,0.1076,4132039.0444,4132039.0444,1747894.7919,23593942.9435,23593942.9435,4.7884,4.7884,0.4755,0.4755,4.7548,4.7548
2025-06-16,5.7200,5.7300,5.6700,5.7300,0.0200,0.3500,1375312.1400,784256.4510,5.7300,13.0000,0.3328,0.7868,0.8400,5.1262,5.1161,0.5056,0.1083,0.1080,4132039.0444,4132039.0444,1747894.7919,23676583.7244,23676583.7244,4.7717,4.7717,0.4747,0.4747,4.7465,4.7465
2025-06-17,5.7300,5.7700,5.7000,5.7500,0.0200,0.3500,1280901.4600,735478.1600,5.7500,13.0500,0.3100,0.7328,0.8300,5.1441,5.1339,0.5074,0.1086,0.1083,4132039.0444,4132039.0444,1747894.7919,23759224.5053,23759224.5053,4.7551,4.7551,0.4738,0.4738,4.7382,4.7382
2025-06-18,5.7500,5.7800,5.7000,5.7500,0.0000,0.0000,1200748.9000,688969.5670,5.7500,13.0500,0.2906,0.6870,0.8500,5.1441,5.1339,0.5074,0.1086,0.1083,4132039.0444,4132039.0444,1747894.7919,23759224.5053,23759224.5053,4.7551,4.7551,0.4722,0.4722,4.7217,4.7217
2025-06-19,5.7400,5.7500,5.6400,5.6700,-0.0800,-1.3900,1719911.6300,976019.5280,5.6700,12.8700,0.4162,0.9840,1.2500,5.0726,5.0625,0.5003,0.1071,0.1068,4132039.0444,4132039.0444,1747894.7919,23428661.3817,23428661.3817,4.8222,4.8222,0.4730,0.4730,4.7300,4.7300
2025-06-20,5.6800,5.7200,5.6700,5.7000,0.0300,0.5300,1261846.4700,719339.9210,5.7000,12.9300,0.3054,0.7219,0.8700,5.0994,5.0893,0.5030,0.1077,0.1074,4132039.0444,4132039.0444,1747894.7919,23552622.5531,23552622.5531,4.7968,4.7968,0.4780,0.4780,4.7799,4.7799
2025-06-23,5.6800,5.7400,5.6300,5.7100,0.0100,0.1800,1449963.3700,824932.4210,5.7100,12.9600,0.3509,0.8295,1.0600,5.1083,5.0982,0.5039,0.1079,0.1076,4132039.0444,4132039.0444,1747894.7919,23593942.9435,23593942.9435,4.7884,4.7884,0.4780,0.4780,4.7799,4.7799
2025-06-24,5.7200,5.8100,5.7200,5.8000,0.0900,1.5800,1965180.2900,1135244.9480,5.8000,13.1600,0.4756,1.1243,1.4200,5.1889,5.1786,0.5118,0.1096,0.1093,4132039.0444,4132039.0444,1747894.7919,23965826.4575,23965826.4575,4.7141,4.7141,0.4747,0.4747,4.7465,4.7465
